{
  "backend": "cuda",
  "gpu_info": {
    "name": "NVIDIA RTX A6000",
    "total_vram_mb": 49140,
    "vram_source": "nvidia-smi"
  },
  "model_load": {
    "load_time_secs": 2.5217945779999997,
    "model_vram_mb": 16342
  },
  "inference": [
    {
      "batch_size": 1,
      "prompt_tokens": 512,
      "output_tokens": 128,
      "total_time_secs": 3.150206295,
      "tokens_per_sec": 40.63225960889016,
      "peak_vram_mb": 17288
    },
    {
      "batch_size": 4,
      "prompt_tokens": 512,
      "output_tokens": 512,
      "total_time_secs": 12.620706178,
      "tokens_per_sec": 40.568252899548646,
      "peak_vram_mb": 17288
    },
    {
      "batch_size": 8,
      "prompt_tokens": 512,
      "output_tokens": 1024,
      "total_time_secs": 25.229322756,
      "tokens_per_sec": 40.58769273766867,
      "peak_vram_mb": 17288
    },
    {
      "batch_size": 16,
      "prompt_tokens": 512,
      "output_tokens": 2048,
      "total_time_secs": 50.469474977,
      "tokens_per_sec": 40.57898365166899,
      "peak_vram_mb": 17288
    }
  ],
  "latency": {
    "prompt_tokens": 512,
    "prefill_time_ms": 353.707427,
    "prefill_tokens_per_sec": 1447.5240295138049,
    "time_to_first_token_ms": 353.707427,
    "mean_inter_token_ms": 25.19423223622045,
    "p50_inter_token_ms": 16.625021,
    "p99_inter_token_ms": 57.110706,
    "num_tokens_generated": 128,
    "decode_tokens_per_sec": 39.69162428225741,
    "spec_method": "mtp",
    "acceptance_rate": 0.6493506493506493,
    "prompt_subset": "all"
  },
  "training": null
}
