{
  "backend": "cuda",
  "gpu_info": {
    "name": "NVIDIA RTX A6000",
    "total_vram_mb": 49140,
    "vram_source": "nvidia-smi"
  },
  "model_load": {
    "load_time_secs": 2.617484598,
    "model_vram_mb": 16342
  },
  "inference": [
    {
      "batch_size": 1,
      "prompt_tokens": 509,
      "output_tokens": 128,
      "total_time_secs": 3.139830469,
      "tokens_per_sec": 40.76653222642512,
      "peak_vram_mb": 17288
    },
    {
      "batch_size": 4,
      "prompt_tokens": 509,
      "output_tokens": 512,
      "total_time_secs": 12.590550596,
      "tokens_per_sec": 40.665417774712864,
      "peak_vram_mb": 17288
    },
    {
      "batch_size": 8,
      "prompt_tokens": 509,
      "output_tokens": 1024,
      "total_time_secs": 25.223588195,
      "tokens_per_sec": 40.59692031457224,
      "peak_vram_mb": 17288
    },
    {
      "batch_size": 16,
      "prompt_tokens": 509,
      "output_tokens": 2048,
      "total_time_secs": 50.327245037,
      "tokens_per_sec": 40.69366400831865,
      "peak_vram_mb": 17288
    }
  ],
  "latency": {
    "prompt_tokens": 509,
    "prefill_time_ms": 347.568446,
    "prefill_tokens_per_sec": 1464.4597513319723,
    "time_to_first_token_ms": 347.568446,
    "mean_inter_token_ms": 24.549420098425205,
    "p50_inter_token_ms": 16.022053,
    "p99_inter_token_ms": 56.135759,
    "num_tokens_generated": 128,
    "decode_tokens_per_sec": 40.73415974759208,
    "spec_method": "mtp",
    "acceptance_rate": 0.6623376623376623,
    "prompt_subset": "all"
  },
  "training": null
}
