{
  "backend": "cuda",
  "gpu_info": {
    "name": "NVIDIA RTX A6000",
    "total_vram_mb": 49140,
    "vram_source": "nvidia-smi"
  },
  "model_load": {
    "load_time_secs": 2.507827803,
    "model_vram_mb": 16342
  },
  "inference": [
    {
      "batch_size": 1,
      "prompt_tokens": 507,
      "output_tokens": 128,
      "total_time_secs": 3.146380858,
      "tokens_per_sec": 40.681661177332266,
      "peak_vram_mb": 17288
    },
    {
      "batch_size": 4,
      "prompt_tokens": 507,
      "output_tokens": 512,
      "total_time_secs": 12.621465625999999,
      "tokens_per_sec": 40.56581186144412,
      "peak_vram_mb": 17288
    },
    {
      "batch_size": 8,
      "prompt_tokens": 507,
      "output_tokens": 1024,
      "total_time_secs": 25.231434619,
      "tokens_per_sec": 40.5842955607803,
      "peak_vram_mb": 17288
    },
    {
      "batch_size": 16,
      "prompt_tokens": 507,
      "output_tokens": 2048,
      "total_time_secs": 50.442599614,
      "tokens_per_sec": 40.600603768874585,
      "peak_vram_mb": 17288
    }
  ],
  "latency": {
    "prompt_tokens": 507,
    "prefill_time_ms": 350.722916,
    "prefill_tokens_per_sec": 1445.5856086689244,
    "time_to_first_token_ms": 350.722916,
    "mean_inter_token_ms": 38.3263986062992,
    "p50_inter_token_ms": 49.043541000000005,
    "p99_inter_token_ms": 57.517874,
    "num_tokens_generated": 128,
    "decode_tokens_per_sec": 26.091676660578365,
    "spec_method": "mtp",
    "acceptance_rate": 0.2828282828282828,
    "prompt_subset": "all"
  },
  "training": null
}
