{
  "backend": "cuda",
  "gpu_info": {
    "name": "NVIDIA RTX A6000",
    "total_vram_mb": 49140,
    "vram_source": "nvidia-smi"
  },
  "model_load": {
    "load_time_secs": 2.5984299699999998,
    "model_vram_mb": 16342
  },
  "inference": [
    {
      "batch_size": 1,
      "prompt_tokens": 494,
      "output_tokens": 128,
      "total_time_secs": 3.120499862,
      "tokens_per_sec": 41.01906927115256,
      "peak_vram_mb": 17288
    },
    {
      "batch_size": 4,
      "prompt_tokens": 494,
      "output_tokens": 512,
      "total_time_secs": 12.472549288,
      "tokens_per_sec": 41.05014846424394,
      "peak_vram_mb": 17288
    },
    {
      "batch_size": 8,
      "prompt_tokens": 494,
      "output_tokens": 1024,
      "total_time_secs": 24.998897632,
      "tokens_per_sec": 40.96180619937506,
      "peak_vram_mb": 17288
    },
    {
      "batch_size": 16,
      "prompt_tokens": 494,
      "output_tokens": 2048,
      "total_time_secs": 50.14675673,
      "tokens_per_sec": 40.840128725110475,
      "peak_vram_mb": 17288
    }
  ],
  "latency": {
    "prompt_tokens": 494,
    "prefill_time_ms": 354.431024,
    "prefill_tokens_per_sec": 1393.7831807861155,
    "time_to_first_token_ms": 354.431024,
    "mean_inter_token_ms": 22.420742952755898,
    "p50_inter_token_ms": 16.021043499999998,
    "p99_inter_token_ms": 56.559558,
    "num_tokens_generated": 128,
    "decode_tokens_per_sec": 44.60155500231016,
    "spec_method": "mtp",
    "acceptance_rate": 0.7397260273972602,
    "prompt_subset": "all"
  },
  "training": null
}
