{
  "backend": "cuda",
  "gpu_info": {
    "name": "NVIDIA RTX A6000",
    "total_vram_mb": 49140,
    "vram_source": "nvidia-smi"
  },
  "model_load": {
    "load_time_secs": 2.132367926,
    "model_vram_mb": 16342
  },
  "inference": [
    {
      "batch_size": 1,
      "prompt_tokens": 512,
      "output_tokens": 128,
      "total_time_secs": 3.163308904,
      "tokens_per_sec": 40.46395843230617,
      "peak_vram_mb": 17288
    },
    {
      "batch_size": 4,
      "prompt_tokens": 512,
      "output_tokens": 512,
      "total_time_secs": 12.609731344,
      "tokens_per_sec": 40.60356133151254,
      "peak_vram_mb": 17288
    },
    {
      "batch_size": 8,
      "prompt_tokens": 512,
      "output_tokens": 1024,
      "total_time_secs": 25.202562523,
      "tokens_per_sec": 40.63078899478939,
      "peak_vram_mb": 17288
    },
    {
      "batch_size": 16,
      "prompt_tokens": 512,
      "output_tokens": 2048,
      "total_time_secs": 50.56440258,
      "tokens_per_sec": 40.502802277941996,
      "peak_vram_mb": 17288
    }
  ],
  "latency": {
    "prompt_tokens": 512,
    "prefill_time_ms": 368.87201699999997,
    "prefill_tokens_per_sec": 1388.0152909511703,
    "time_to_first_token_ms": 368.87201699999997,
    "mean_inter_token_ms": 41.89310373228346,
    "p50_inter_token_ms": 51.845862,
    "p99_inter_token_ms": 60.374635000000005,
    "num_tokens_generated": 128,
    "decode_tokens_per_sec": 23.870277227260797,
    "spec_method": "mtp",
    "acceptance_rate": 0.23300970873786409,
    "prompt_subset": "all"
  },
  "training": null
}
