{
  "backend": "cuda",
  "gpu_info": {
    "name": "NVIDIA A40",
    "total_vram_mb": 46068,
    "vram_source": "nvidia-smi"
  },
  "model_load": {
    "load_time_secs": 19.653505064,
    "model_vram_mb": 17527
  },
  "inference": [
    {
      "batch_size": 1,
      "prompt_tokens": 494,
      "output_tokens": 128,
      "total_time_secs": 3.026168134,
      "tokens_per_sec": 42.297715900804604,
      "peak_vram_mb": 17831
    },
    {
      "batch_size": 4,
      "prompt_tokens": 494,
      "output_tokens": 512,
      "total_time_secs": 12.672232406,
      "tokens_per_sec": 40.403299402683004,
      "peak_vram_mb": 17831
    },
    {
      "batch_size": 8,
      "prompt_tokens": 494,
      "output_tokens": 1024,
      "total_time_secs": 24.670949247,
      "tokens_per_sec": 41.506307266410474,
      "peak_vram_mb": 17831
    },
    {
      "batch_size": 16,
      "prompt_tokens": 494,
      "output_tokens": 2048,
      "total_time_secs": 48.566207418,
      "tokens_per_sec": 42.169238836651544,
      "peak_vram_mb": 17831
    }
  ],
  "latency": {
    "prompt_tokens": 494,
    "prefill_time_ms": 384.832154,
    "prefill_tokens_per_sec": 1283.6765194001955,
    "time_to_first_token_ms": 384.832154,
    "mean_inter_token_ms": 27.146152236220477,
    "p50_inter_token_ms": 20.51191,
    "p99_inter_token_ms": 82.480259,
    "num_tokens_generated": 128,
    "decode_tokens_per_sec": 36.83763324165417,
    "spec_method": "mtp",
    "acceptance_rate": 0.7397260273972602,
    "prompt_subset": "all"
  },
  "training": null
}
