{
  "backend": "cuda",
  "gpu_info": {
    "name": "NVIDIA A100 80GB PCIe",
    "total_vram_mb": 81920,
    "vram_source": "nvidia-smi"
  },
  "model_load": {
    "load_time_secs": 15.09623595,
    "model_vram_mb": 17683
  },
  "inference": [
    {
      "batch_size": 1,
      "prompt_tokens": 508,
      "output_tokens": 128,
      "total_time_secs": 2.442199267,
      "tokens_per_sec": 52.4117756194544,
      "peak_vram_mb": 18021
    },
    {
      "batch_size": 4,
      "prompt_tokens": 508,
      "output_tokens": 512,
      "total_time_secs": 9.769954813,
      "tokens_per_sec": 52.40556479531795,
      "peak_vram_mb": 18021
    },
    {
      "batch_size": 8,
      "prompt_tokens": 508,
      "output_tokens": 1024,
      "total_time_secs": 19.543141329,
      "tokens_per_sec": 52.39689887932652,
      "peak_vram_mb": 18021
    },
    {
      "batch_size": 16,
      "prompt_tokens": 508,
      "output_tokens": 2048,
      "total_time_secs": 39.084481271,
      "tokens_per_sec": 52.39931382995174,
      "peak_vram_mb": 18021
    }
  ],
  "latency": {
    "prompt_tokens": 508,
    "prefill_time_ms": 377.243418,
    "prefill_tokens_per_sec": 1346.6106385453224,
    "time_to_first_token_ms": 377.243418,
    "mean_inter_token_ms": 32.44682068503937,
    "p50_inter_token_ms": 44.007887000000004,
    "p99_inter_token_ms": 52.528655,
    "num_tokens_generated": 128,
    "decode_tokens_per_sec": 30.819660567270358,
    "spec_method": "mtp",
    "acceptance_rate": 0.2828282828282828,
    "prompt_subset": "all"
  },
  "training": null
}
