{
  "backend": "cuda",
  "gpu_info": {
    "name": "NVIDIA A100-SXM4-80GB",
    "total_vram_mb": 81920,
    "vram_source": "nvidia-smi"
  },
  "model_load": {
    "load_time_secs": 16.645311854,
    "model_vram_mb": 17685
  },
  "inference": [
    {
      "batch_size": 1,
      "prompt_tokens": 508,
      "output_tokens": 128,
      "total_time_secs": 3.465820614,
      "tokens_per_sec": 36.93209033466727,
      "peak_vram_mb": 17767
    },
    {
      "batch_size": 4,
      "prompt_tokens": 508,
      "output_tokens": 512,
      "total_time_secs": 13.921943656,
      "tokens_per_sec": 36.776474079417866,
      "peak_vram_mb": 17767
    },
    {
      "batch_size": 8,
      "prompt_tokens": 508,
      "output_tokens": 1024,
      "total_time_secs": 27.887817888,
      "tokens_per_sec": 36.71854155504302,
      "peak_vram_mb": 17767
    },
    {
      "batch_size": 16,
      "prompt_tokens": 508,
      "output_tokens": 2048,
      "total_time_secs": 55.36502837,
      "tokens_per_sec": 36.990859759221685,
      "peak_vram_mb": 17767
    }
  ],
  "latency": {
    "prompt_tokens": 508,
    "prefill_time_ms": 395.338945,
    "prefill_tokens_per_sec": 1284.9733283929313,
    "time_to_first_token_ms": 395.338945,
    "mean_inter_token_ms": 47.16301945275593,
    "p50_inter_token_ms": 66.163738,
    "p99_inter_token_ms": 78.725928,
    "num_tokens_generated": 128,
    "decode_tokens_per_sec": 21.203052976744175,
    "spec_method": "mtp",
    "acceptance_rate": 0.29292929292929293,
    "prompt_subset": "all"
  },
  "training": null
}
