{
  "backend": "cuda",
  "gpu_info": {
    "name": "NVIDIA RTX A6000",
    "total_vram_mb": 49140,
    "vram_source": "nvidia-smi"
  },
  "model_load": {
    "load_time_secs": 23.656679494,
    "model_vram_mb": 17531
  },
  "inference": [
    {
      "batch_size": 1,
      "prompt_tokens": 494,
      "output_tokens": 128,
      "total_time_secs": 2.846680296,
      "tokens_per_sec": 44.96465591160996,
      "peak_vram_mb": 17580
    },
    {
      "batch_size": 4,
      "prompt_tokens": 494,
      "output_tokens": 512,
      "total_time_secs": 12.012066274,
      "tokens_per_sec": 42.623807455027034,
      "peak_vram_mb": 17580
    },
    {
      "batch_size": 8,
      "prompt_tokens": 494,
      "output_tokens": 1024,
      "total_time_secs": 25.587563768,
      "tokens_per_sec": 40.01944105677705,
      "peak_vram_mb": 17580
    },
    {
      "batch_size": 16,
      "prompt_tokens": 494,
      "output_tokens": 2048,
      "total_time_secs": 45.680986326,
      "tokens_per_sec": 44.83265718880397,
      "peak_vram_mb": 17580
    }
  ],
  "latency": {
    "prompt_tokens": 494,
    "prefill_time_ms": 8795.428041,
    "prefill_tokens_per_sec": 56.16554392773299,
    "time_to_first_token_ms": 8795.428041,
    "mean_inter_token_ms": 25.270144106299206,
    "p50_inter_token_ms": 17.6331765,
    "p99_inter_token_ms": 69.02562800000001,
    "num_tokens_generated": 128,
    "decode_tokens_per_sec": 39.57239008188819,
    "spec_method": "mtp",
    "acceptance_rate": 0.6842105263157895,
    "prompt_subset": "all"
  },
  "training": null
}

