{
  "backend": "cuda",
  "gpu_info": {
    "name": "NVIDIA A100-SXM4-80GB",
    "total_vram_mb": 81920,
    "vram_source": "nvidia-smi"
  },
  "model_load": {
    "load_time_secs": 20.091099931,
    "model_vram_mb": 17685
  },
  "inference": [
    {
      "batch_size": 1,
      "prompt_tokens": 494,
      "output_tokens": 128,
      "total_time_secs": 3.397491908,
      "tokens_per_sec": 37.674850585692695,
      "peak_vram_mb": 17767
    },
    {
      "batch_size": 4,
      "prompt_tokens": 494,
      "output_tokens": 512,
      "total_time_secs": 13.554893669,
      "tokens_per_sec": 37.77233613945216,
      "peak_vram_mb": 17767
    },
    {
      "batch_size": 8,
      "prompt_tokens": 494,
      "output_tokens": 1024,
      "total_time_secs": 26.991803955,
      "tokens_per_sec": 37.937442110471196,
      "peak_vram_mb": 17767
    },
    {
      "batch_size": 16,
      "prompt_tokens": 494,
      "output_tokens": 2048,
      "total_time_secs": 54.162277937,
      "tokens_per_sec": 37.81229442347633,
      "peak_vram_mb": 17767
    }
  ],
  "latency": {
    "prompt_tokens": 494,
    "prefill_time_ms": 10116.030695,
    "prefill_tokens_per_sec": 48.83338286470077,
    "time_to_first_token_ms": 10116.030695,
    "mean_inter_token_ms": 28.36613504724409,
    "p50_inter_token_ms": 20.191710500000003,
    "p99_inter_token_ms": 69.25789999999999,
    "num_tokens_generated": 128,
    "decode_tokens_per_sec": 35.25330463013342,
    "spec_method": "mtp",
    "acceptance_rate": 0.7162162162162162,
    "prompt_subset": "all"
  },
  "training": null
}
