{
  "backend": "cuda",
  "gpu_info": {
    "name": "NVIDIA A40",
    "total_vram_mb": 46068,
    "vram_source": "nvidia-smi"
  },
  "model_load": {
    "load_time_secs": 23.304661696,
    "model_vram_mb": 17527
  },
  "inference": [
    {
      "batch_size": 1,
      "prompt_tokens": 494,
      "output_tokens": 128,
      "total_time_secs": 3.284207101,
      "tokens_per_sec": 38.97439962328369,
      "peak_vram_mb": 17831
    },
    {
      "batch_size": 4,
      "prompt_tokens": 494,
      "output_tokens": 512,
      "total_time_secs": 13.410780359,
      "tokens_per_sec": 38.17824066117046,
      "peak_vram_mb": 17831
    },
    {
      "batch_size": 8,
      "prompt_tokens": 494,
      "output_tokens": 1024,
      "total_time_secs": 25.336344392,
      "tokens_per_sec": 40.416248854090014,
      "peak_vram_mb": 17831
    },
    {
      "batch_size": 16,
      "prompt_tokens": 494,
      "output_tokens": 2048,
      "total_time_secs": 51.753933499,
      "tokens_per_sec": 39.57187138325577,
      "peak_vram_mb": 17831
    }
  ],
  "latency": {
    "prompt_tokens": 494,
    "prefill_time_ms": 8900.775595000001,
    "prefill_tokens_per_sec": 55.50078133387655,
    "time_to_first_token_ms": 8900.775595000001,
    "mean_inter_token_ms": 31.1130936535433,
    "p50_inter_token_ms": 22.018741000000002,
    "p99_inter_token_ms": 75.39080700000001,
    "num_tokens_generated": 128,
    "decode_tokens_per_sec": 32.1408089833624,
    "spec_method": "mtp",
    "acceptance_rate": 0.7397260273972602,
    "prompt_subset": "all"
  },
  "training": null
}
