{
  "backend": "cuda",
  "gpu_info": {
    "name": "NVIDIA A40",
    "total_vram_mb": 46068,
    "vram_source": "nvidia-smi"
  },
  "model_load": {
    "load_time_secs": 21.783513963,
    "model_vram_mb": 17527
  },
  "inference": [
    {
      "batch_size": 1,
      "prompt_tokens": 508,
      "output_tokens": 128,
      "total_time_secs": 3.010118157,
      "tokens_per_sec": 42.52324770120311,
      "peak_vram_mb": 17831
    },
    {
      "batch_size": 4,
      "prompt_tokens": 508,
      "output_tokens": 512,
      "total_time_secs": 11.94416051,
      "tokens_per_sec": 42.866135260936815,
      "peak_vram_mb": 17831
    },
    {
      "batch_size": 8,
      "prompt_tokens": 508,
      "output_tokens": 1024,
      "total_time_secs": 24.494308761,
      "tokens_per_sec": 41.805629625703894,
      "peak_vram_mb": 17831
    },
    {
      "batch_size": 16,
      "prompt_tokens": 508,
      "output_tokens": 2048,
      "total_time_secs": 47.513584437,
      "tokens_per_sec": 43.10346239432889,
      "peak_vram_mb": 17831
    }
  ],
  "latency": {
    "prompt_tokens": 508,
    "prefill_time_ms": 479.814162,
    "prefill_tokens_per_sec": 1058.7432390126075,
    "time_to_first_token_ms": 479.814162,
    "mean_inter_token_ms": 43.77273525196851,
    "p50_inter_token_ms": 56.668748,
    "p99_inter_token_ms": 74.631038,
    "num_tokens_generated": 128,
    "decode_tokens_per_sec": 22.84527101730589,
    "spec_method": "mtp",
    "acceptance_rate": 0.2828282828282828,
    "prompt_subset": "all"
  },
  "training": null
}
