{
  "backend": "cuda",
  "gpu_info": {
    "name": "NVIDIA A100 80GB PCIe",
    "total_vram_mb": 81920,
    "vram_source": "nvidia-smi"
  },
  "model_load": {
    "load_time_secs": 16.587838174,
    "model_vram_mb": 17683
  },
  "inference": [
    {
      "batch_size": 1,
      "prompt_tokens": 494,
      "output_tokens": 128,
      "total_time_secs": 2.44474172,
      "tokens_per_sec": 52.35726905335423,
      "peak_vram_mb": 18021
    },
    {
      "batch_size": 4,
      "prompt_tokens": 494,
      "output_tokens": 512,
      "total_time_secs": 9.798856512,
      "tokens_per_sec": 52.25099473321076,
      "peak_vram_mb": 18021
    },
    {
      "batch_size": 8,
      "prompt_tokens": 494,
      "output_tokens": 1024,
      "total_time_secs": 19.523927207,
      "tokens_per_sec": 52.44846434547557,
      "peak_vram_mb": 18021
    },
    {
      "batch_size": 16,
      "prompt_tokens": 494,
      "output_tokens": 2048,
      "total_time_secs": 39.135942367,
      "tokens_per_sec": 52.33041230474889,
      "peak_vram_mb": 18021
    }
  ],
  "latency": {
    "prompt_tokens": 494,
    "prefill_time_ms": 5602.7667870000005,
    "prefill_tokens_per_sec": 88.17072328375677,
    "time_to_first_token_ms": 5602.7667870000005,
    "mean_inter_token_ms": 20.009870511811034,
    "p50_inter_token_ms": 13.594859000000001,
    "p99_inter_token_ms": 46.209988,
    "num_tokens_generated": 128,
    "decode_tokens_per_sec": 49.97533589284047,
    "spec_method": "mtp",
    "acceptance_rate": 0.7162162162162162,
    "prompt_subset": "all"
  },
  "training": null
}
