{
  "backend": "cuda",
  "gpu_info": {
    "name": "NVIDIA A40",
    "total_vram_mb": 46068,
    "vram_source": "nvidia-smi"
  },
  "model_load": {
    "load_time_secs": 19.678420395,
    "model_vram_mb": 17527
  },
  "inference": [
    {
      "batch_size": 1,
      "prompt_tokens": 508,
      "output_tokens": 128,
      "total_time_secs": 2.999353301,
      "tokens_per_sec": 42.675866146653725,
      "peak_vram_mb": 17831
    },
    {
      "batch_size": 4,
      "prompt_tokens": 508,
      "output_tokens": 512,
      "total_time_secs": 11.933673946999999,
      "tokens_per_sec": 42.90380332778502,
      "peak_vram_mb": 17831
    },
    {
      "batch_size": 8,
      "prompt_tokens": 508,
      "output_tokens": 1024,
      "total_time_secs": 23.926686473,
      "tokens_per_sec": 42.79740118446948,
      "peak_vram_mb": 17831
    },
    {
      "batch_size": 16,
      "prompt_tokens": 508,
      "output_tokens": 2048,
      "total_time_secs": 47.561013908,
      "tokens_per_sec": 43.06047814627257,
      "peak_vram_mb": 17831
    }
  ],
  "latency": {
    "prompt_tokens": 508,
    "prefill_time_ms": 393.446913,
    "prefill_tokens_per_sec": 1291.15258810024,
    "time_to_first_token_ms": 393.446913,
    "mean_inter_token_ms": 41.26472456692916,
    "p50_inter_token_ms": 55.291374999999995,
    "p99_inter_token_ms": 71.955254,
    "num_tokens_generated": 128,
    "decode_tokens_per_sec": 24.233773773966526,
    "spec_method": "mtp",
    "acceptance_rate": 0.29591836734693877,
    "prompt_subset": "all"
  },
  "training": null
}
