{
  "backend": "cuda",
  "gpu_info": {
    "name": "NVIDIA RTX A6000",
    "total_vram_mb": 49140,
    "vram_source": "nvidia-smi"
  },
  "model_load": {
    "load_time_secs": 20.686140378,
    "model_vram_mb": 17528
  },
  "inference": [
    {
      "batch_size": 1,
      "prompt_tokens": 508,
      "output_tokens": 128,
      "total_time_secs": 3.00622915,
      "tokens_per_sec": 42.57825788163887,
      "peak_vram_mb": 17834
    },
    {
      "batch_size": 4,
      "prompt_tokens": 508,
      "output_tokens": 512,
      "total_time_secs": 11.986551487,
      "tokens_per_sec": 42.71453725079219,
      "peak_vram_mb": 17834
    },
    {
      "batch_size": 8,
      "prompt_tokens": 508,
      "output_tokens": 1024,
      "total_time_secs": 25.180231789,
      "tokens_per_sec": 40.66682183788852,
      "peak_vram_mb": 17834
    },
    {
      "batch_size": 16,
      "prompt_tokens": 508,
      "output_tokens": 2048,
      "total_time_secs": 46.84218859,
      "tokens_per_sec": 43.721270539378956,
      "peak_vram_mb": 17834
    }
  ],
  "latency": {
    "prompt_tokens": 508,
    "prefill_time_ms": 413.97044999999997,
    "prefill_tokens_per_sec": 1227.1407294892667,
    "time_to_first_token_ms": 413.97044999999997,
    "mean_inter_token_ms": 46.922725503937016,
    "p50_inter_token_ms": 62.846095000000005,
    "p99_inter_token_ms": 90.92431199999999,
    "num_tokens_generated": 128,
    "decode_tokens_per_sec": 21.311635018219384,
    "spec_method": "mtp",
    "acceptance_rate": 0.29292929292929293,
    "prompt_subset": "all"
  },
  "training": null
}
