{
  "backend": "cuda",
  "gpu_info": {
    "name": "NVIDIA RTX A6000",
    "total_vram_mb": 49140,
    "vram_source": "nvidia-smi"
  },
  "model_load": {
    "load_time_secs": 1.944749495,
    "model_vram_mb": 16795
  },
  "inference": [],
  "latency": {
    "prompt_tokens": 515,
    "prefill_time_ms": 340.54553300000003,
    "prefill_tokens_per_sec": 1512.2794166852277,
    "time_to_first_token_ms": 340.54553300000003,
    "mean_inter_token_ms": 27.805247377952764,
    "p50_inter_token_ms": 19.224442,
    "p99_inter_token_ms": 67.39750799999999,
    "num_tokens_generated": 128,
    "decode_tokens_per_sec": 35.9644345690273,
    "spec_method": "mtp",
    "acceptance_rate": 0.6623376623376623,
    "prompt_subset": "humaneval"
  },
  "training": null
}
