{
  "backend": "cuda",
  "gpu_info": {
    "name": "NVIDIA A40",
    "total_vram_mb": 46068,
    "vram_source": "nvidia-smi"
  },
  "model_load": {
    "load_time_secs": 1.7359101799999999,
    "model_vram_mb": 16791
  },
  "inference": [],
  "latency": {
    "prompt_tokens": 510,
    "prefill_time_ms": 348.03964399999995,
    "prefill_tokens_per_sec": 1465.3503093457941,
    "time_to_first_token_ms": 348.03964399999995,
    "mean_inter_token_ms": 23.914465598425203,
    "p50_inter_token_ms": 17.5218415,
    "p99_inter_token_ms": 60.170687,
    "num_tokens_generated": 128,
    "decode_tokens_per_sec": 41.815695018744265,
    "spec_method": "mtp",
    "acceptance_rate": 0.7397260273972602,
    "prompt_subset": "humaneval"
  },
  "training": null
}
