{
  "backend": "cuda",
  "gpu_info": {
    "name": "NVIDIA A40",
    "total_vram_mb": 46068,
    "vram_source": "nvidia-smi"
  },
  "model_load": {
    "load_time_secs": 2.034400927,
    "model_vram_mb": 16791
  },
  "inference": [],
  "latency": {
    "prompt_tokens": 518,
    "prefill_time_ms": 362.92571699999996,
    "prefill_tokens_per_sec": 1427.2893204754625,
    "time_to_first_token_ms": 362.92571699999996,
    "mean_inter_token_ms": 28.6984589055118,
    "p50_inter_token_ms": 20.474259,
    "p99_inter_token_ms": 64.83196500000001,
    "num_tokens_generated": 128,
    "decode_tokens_per_sec": 34.84507663956621,
    "spec_method": "mtp",
    "acceptance_rate": 0.6410256410256411,
    "prompt_subset": "humaneval"
  },
  "training": null
}
