{
  "backend": "cuda",
  "gpu_info": {
    "name": "NVIDIA RTX A6000",
    "total_vram_mb": 49140,
    "vram_source": "nvidia-smi"
  },
  "model_load": {
    "load_time_secs": 1.677030333,
    "model_vram_mb": 16795
  },
  "inference": [],
  "latency": {
    "prompt_tokens": 505,
    "prefill_time_ms": 343.69264799999996,
    "prefill_tokens_per_sec": 1469.3360563243705,
    "time_to_first_token_ms": 343.69264799999996,
    "mean_inter_token_ms": 25.6616258425197,
    "p50_inter_token_ms": 18.821170000000002,
    "p99_inter_token_ms": 65.954269,
    "num_tokens_generated": 128,
    "decode_tokens_per_sec": 38.96869224642278,
    "spec_method": "mtp",
    "acceptance_rate": 0.6933333333333334,
    "prompt_subset": "humaneval"
  },
  "training": null
}
