{
  "backend": "cuda",
  "gpu_info": {
    "name": "NVIDIA RTX A6000",
    "total_vram_mb": 49140,
    "vram_source": "nvidia-smi"
  },
  "model_load": {
    "load_time_secs": 2.623995943,
    "model_vram_mb": 16342
  },
  "inference": [
    {
      "batch_size": 1,
      "prompt_tokens": 494,
      "output_tokens": 128,
      "total_time_secs": 3.123581187,
      "tokens_per_sec": 40.97860511284991,
      "peak_vram_mb": 17288
    },
    {
      "batch_size": 4,
      "prompt_tokens": 494,
      "output_tokens": 512,
      "total_time_secs": 12.456001861,
      "tokens_per_sec": 41.10468236225001,
      "peak_vram_mb": 17288
    },
    {
      "batch_size": 8,
      "prompt_tokens": 494,
      "output_tokens": 1024,
      "total_time_secs": 24.94759268,
      "tokens_per_sec": 41.04604452761171,
      "peak_vram_mb": 17288
    },
    {
      "batch_size": 16,
      "prompt_tokens": 494,
      "output_tokens": 2048,
      "total_time_secs": 50.082828153,
      "tokens_per_sec": 40.892259393648544,
      "peak_vram_mb": 17288
    }
  ],
  "latency": {
    "prompt_tokens": 494,
    "prefill_time_ms": 356.144689,
    "prefill_tokens_per_sec": 1387.076700166656,
    "time_to_first_token_ms": 356.144689,
    "mean_inter_token_ms": 23.191106259842517,
    "p50_inter_token_ms": 16.7457055,
    "p99_inter_token_ms": 56.885156,
    "num_tokens_generated": 128,
    "decode_tokens_per_sec": 43.11997835703033,
    "spec_method": "mtp",
    "acceptance_rate": 0.7397260273972602,
    "prompt_subset": "all"
  },
  "training": null
}
