
  kiln-bench v0.2.13
  GPU                    unknown (10240 MB)
  Model path             /Users/ericflo/.cache/huggingface/hub/models--Qwen--Qwen3.5-4B/snapshots/851bf6e806efd8d0a36b00ddf55e13ccb7b8cd0a
  Model loaded           12.28s (backend: metal, 0 MB VRAM)

  ▌ Latency warmup run 1/1 (not measured)

  ▌ Latency benchmark (PAGED — production path)
  Measuring latency [PAGED, block_size=16, blocks=5] (64 prompt tokens)...
kiln_profile_gdn_stage layer=0 stage=in_proj seq_len=64 start_pos=0 elapsed_ms=347.028
kiln_profile_gdn_stage layer=0 stage=qkv_conv_split_norm seq_len=64 start_pos=0 elapsed_ms=2.224
kiln_profile_gdn_stage layer=0 stage=gates seq_len=64 start_pos=0 elapsed_ms=0.293
kiln_profile_gdn_stage layer=0 stage=recurrent seq_len=64 start_pos=0 elapsed_ms=3.659
kiln_profile_gdn_stage layer=0 stage=post_transpose seq_len=64 start_pos=0 elapsed_ms=0.000
kiln_profile_gdn_stage layer=0 stage=gated_norm seq_len=64 start_pos=0 elapsed_ms=0.397
kiln_profile_gdn_stage layer=0 stage=out_proj seq_len=64 start_pos=0 elapsed_ms=33.795
kiln_profile_mlp_stage layer=0 stage=gate_proj seq_len=64 start_pos=0 elapsed_ms=321.731
kiln_profile_mlp_stage layer=0 stage=up_proj seq_len=64 start_pos=0 elapsed_ms=204.168
kiln_profile_mlp_stage layer=0 stage=gate_silu_hidden_mul seq_len=64 start_pos=0 elapsed_ms=0.670
kiln_profile_mlp_stage layer=0 stage=down_proj seq_len=64 start_pos=0 elapsed_ms=105.176
kiln_profile_gdn_stage layer=1 stage=in_proj seq_len=64 start_pos=0 elapsed_ms=242.030
kiln_profile_gdn_stage layer=1 stage=qkv_conv_split_norm seq_len=64 start_pos=0 elapsed_ms=3.031
kiln_profile_gdn_stage layer=1 stage=gates seq_len=64 start_pos=0 elapsed_ms=0.213
kiln_profile_gdn_stage layer=1 stage=recurrent seq_len=64 start_pos=0 elapsed_ms=1.673
kiln_profile_gdn_stage layer=1 stage=post_transpose seq_len=64 start_pos=0 elapsed_ms=0.000
kiln_profile_gdn_stage layer=1 stage=gated_norm seq_len=64 start_pos=0 elapsed_ms=0.295
kiln_profile_gdn_stage layer=1 stage=out_proj seq_len=64 start_pos=0 elapsed_ms=34.487
kiln_profile_mlp_stage layer=1 stage=gate_proj seq_len=64 start_pos=0 elapsed_ms=14.524
kiln_profile_mlp_stage layer=1 stage=up_proj seq_len=64 start_pos=0 elapsed_ms=18.948
kiln_profile_mlp_stage layer=1 stage=gate_silu_hidden_mul seq_len=64 start_pos=0 elapsed_ms=0.311
kiln_profile_mlp_stage layer=1 stage=down_proj seq_len=64 start_pos=0 elapsed_ms=11.307
kiln_profile_gdn_stage layer=2 stage=in_proj seq_len=64 start_pos=0 elapsed_ms=19.371
kiln_profile_gdn_stage layer=2 stage=qkv_conv_split_norm seq_len=64 start_pos=0 elapsed_ms=0.876
kiln_profile_gdn_stage layer=2 stage=gates seq_len=64 start_pos=0 elapsed_ms=0.174
kiln_profile_gdn_stage layer=2 stage=recurrent seq_len=64 start_pos=0 elapsed_ms=2.092
kiln_profile_gdn_stage layer=2 stage=post_transpose seq_len=64 start_pos=0 elapsed_ms=0.000
kiln_profile_gdn_stage layer=2 stage=gated_norm seq_len=64 start_pos=0 elapsed_ms=0.294
kiln_profile_gdn_stage layer=2 stage=out_proj seq_len=64 start_pos=0 elapsed_ms=4.633
kiln_profile_mlp_stage layer=2 stage=gate_proj seq_len=64 start_pos=0 elapsed_ms=13.352
kiln_profile_mlp_stage layer=2 stage=up_proj seq_len=64 start_pos=0 elapsed_ms=13.008
kiln_profile_mlp_stage layer=2 stage=gate_silu_hidden_mul seq_len=64 start_pos=0 elapsed_ms=0.295
kiln_profile_mlp_stage layer=2 stage=down_proj seq_len=64 start_pos=0 elapsed_ms=13.567
kiln_profile_full_attn_stage full_attn_layer=0 stage=qkv_proj seq_len=64 start_pos=0 elapsed_ms=20.650
kiln_profile_full_attn_stage full_attn_layer=0 stage=qkv_split seq_len=64 start_pos=0 elapsed_ms=2.135
kiln_profile_full_attn_stage full_attn_layer=0 stage=qk_norm seq_len=64 start_pos=0 elapsed_ms=0.375
kiln_profile_full_attn_stage full_attn_layer=0 stage=rope seq_len=64 start_pos=0 elapsed_ms=0.523
kiln_profile_full_attn_stage full_attn_layer=0 stage=q_transpose seq_len=64 start_pos=0 elapsed_ms=0.963
kiln_profile_full_attn_stage full_attn_layer=0 stage=prefill_kv_head_layout seq_len=64 start_pos=0 elapsed_ms=0.565
kiln_profile_full_attn_stage full_attn_layer=0 stage=prefill_attn_head_major seq_len=64 start_pos=0 elapsed_ms=3.683
kiln_profile_full_attn_stage full_attn_layer=0 stage=kv_write seq_len=64 start_pos=0 elapsed_ms=0.315
kiln_profile_full_attn_stage full_attn_layer=0 stage=attn_gate seq_len=64 start_pos=0 elapsed_ms=0.702
kiln_profile_full_attn_stage full_attn_layer=0 stage=o_proj seq_len=64 start_pos=0 elapsed_ms=5.600
kiln_profile_mlp_stage layer=3 stage=gate_proj seq_len=64 start_pos=0 elapsed_ms=18.571
kiln_profile_mlp_stage layer=3 stage=up_proj seq_len=64 start_pos=0 elapsed_ms=14.464
kiln_profile_mlp_stage layer=3 stage=gate_silu_hidden_mul seq_len=64 start_pos=0 elapsed_ms=0.285
kiln_profile_mlp_stage layer=3 stage=down_proj seq_len=64 start_pos=0 elapsed_ms=15.710
kiln_profile_gdn_stage layer=4 stage=in_proj seq_len=64 start_pos=0 elapsed_ms=18.194
kiln_profile_gdn_stage layer=4 stage=qkv_conv_split_norm seq_len=64 start_pos=0 elapsed_ms=1.215
kiln_profile_gdn_stage layer=4 stage=gates seq_len=64 start_pos=0 elapsed_ms=0.276
kiln_profile_gdn_stage layer=4 stage=recurrent seq_len=64 start_pos=0 elapsed_ms=3.239
kiln_profile_gdn_stage layer=4 stage=post_transpose seq_len=64 start_pos=0 elapsed_ms=0.000
kiln_profile_gdn_stage layer=4 stage=gated_norm seq_len=64 start_pos=0 elapsed_ms=0.299
kiln_profile_gdn_stage layer=4 stage=out_proj seq_len=64 start_pos=0 elapsed_ms=7.488
kiln_profile_mlp_stage layer=4 stage=gate_proj seq_len=64 start_pos=0 elapsed_ms=14.349
kiln_profile_mlp_stage layer=4 stage=up_proj seq_len=64 start_pos=0 elapsed_ms=17.305
kiln_profile_mlp_stage layer=4 stage=gate_silu_hidden_mul seq_len=64 start_pos=0 elapsed_ms=0.647
kiln_profile_mlp_stage layer=4 stage=down_proj seq_len=64 start_pos=0 elapsed_ms=13.866
kiln_profile_gdn_stage layer=5 stage=in_proj seq_len=64 start_pos=0 elapsed_ms=22.748
kiln_profile_gdn_stage layer=5 stage=qkv_conv_split_norm seq_len=64 start_pos=0 elapsed_ms=0.772
kiln_profile_gdn_stage layer=5 stage=gates seq_len=64 start_pos=0 elapsed_ms=0.218
kiln_profile_gdn_stage layer=5 stage=recurrent seq_len=64 start_pos=0 elapsed_ms=2.093
kiln_profile_gdn_stage layer=5 stage=post_transpose seq_len=64 start_pos=0 elapsed_ms=0.000
kiln_profile_gdn_stage layer=5 stage=gated_norm seq_len=64 start_pos=0 elapsed_ms=0.300
kiln_profile_gdn_stage layer=5 stage=out_proj seq_len=64 start_pos=0 elapsed_ms=6.078
kiln_profile_mlp_stage layer=5 stage=gate_proj seq_len=64 start_pos=0 elapsed_ms=15.543
kiln_profile_mlp_stage layer=5 stage=up_proj seq_len=64 start_pos=0 elapsed_ms=13.411
kiln_profile_mlp_stage layer=5 stage=gate_silu_hidden_mul seq_len=64 start_pos=0 elapsed_ms=0.343
kiln_profile_mlp_stage layer=5 stage=down_proj seq_len=64 start_pos=0 elapsed_ms=12.714
kiln_profile_gdn_stage layer=6 stage=in_proj seq_len=64 start_pos=0 elapsed_ms=19.243
kiln_profile_gdn_stage layer=6 stage=qkv_conv_split_norm seq_len=64 start_pos=0 elapsed_ms=1.058
kiln_profile_gdn_stage layer=6 stage=gates seq_len=64 start_pos=0 elapsed_ms=0.286
kiln_profile_gdn_stage layer=6 stage=recurrent seq_len=64 start_pos=0 elapsed_ms=2.837
kiln_profile_gdn_stage layer=6 stage=post_transpose seq_len=64 start_pos=0 elapsed_ms=0.000
kiln_profile_gdn_stage layer=6 stage=gated_norm seq_len=64 start_pos=0 elapsed_ms=0.369
kiln_profile_gdn_stage layer=6 stage=out_proj seq_len=64 start_pos=0 elapsed_ms=6.574
kiln_profile_mlp_stage layer=6 stage=gate_proj seq_len=64 start_pos=0 elapsed_ms=16.898
kiln_profile_mlp_stage layer=6 stage=up_proj seq_len=64 start_pos=0 elapsed_ms=13.662
kiln_profile_mlp_stage layer=6 stage=gate_silu_hidden_mul seq_len=64 start_pos=0 elapsed_ms=0.345
kiln_profile_mlp_stage layer=6 stage=down_proj seq_len=64 start_pos=0 elapsed_ms=17.975
kiln_profile_full_attn_stage full_attn_layer=1 stage=qkv_proj seq_len=64 start_pos=0 elapsed_ms=15.924
kiln_profile_full_attn_stage full_attn_layer=1 stage=qkv_split seq_len=64 start_pos=0 elapsed_ms=2.783
kiln_profile_full_attn_stage full_attn_layer=1 stage=qk_norm seq_len=64 start_pos=0 elapsed_ms=0.437
kiln_profile_full_attn_stage full_attn_layer=1 stage=rope seq_len=64 start_pos=0 elapsed_ms=0.403
kiln_profile_full_attn_stage full_attn_layer=1 stage=q_transpose seq_len=64 start_pos=0 elapsed_ms=1.136
kiln_profile_full_attn_stage full_attn_layer=1 stage=prefill_kv_head_layout seq_len=64 start_pos=0 elapsed_ms=0.619
kiln_profile_full_attn_stage full_attn_layer=1 stage=prefill_attn_head_major seq_len=64 start_pos=0 elapsed_ms=1.421
kiln_profile_full_attn_stage full_attn_layer=1 stage=kv_write seq_len=64 start_pos=0 elapsed_ms=0.289
kiln_profile_full_attn_stage full_attn_layer=1 stage=attn_gate seq_len=64 start_pos=0 elapsed_ms=0.307
kiln_profile_full_attn_stage full_attn_layer=1 stage=o_proj seq_len=64 start_pos=0 elapsed_ms=7.161
kiln_profile_mlp_stage layer=7 stage=gate_proj seq_len=64 start_pos=0 elapsed_ms=16.340
kiln_profile_mlp_stage layer=7 stage=up_proj seq_len=64 start_pos=0 elapsed_ms=20.538
kiln_profile_mlp_stage layer=7 stage=gate_silu_hidden_mul seq_len=64 start_pos=0 elapsed_ms=0.447
kiln_profile_mlp_stage layer=7 stage=down_proj seq_len=64 start_pos=0 elapsed_ms=15.373
kiln_profile_gdn_stage layer=8 stage=in_proj seq_len=64 start_pos=0 elapsed_ms=19.969
kiln_profile_gdn_stage layer=8 stage=qkv_conv_split_norm seq_len=64 start_pos=0 elapsed_ms=0.830
kiln_profile_gdn_stage layer=8 stage=gates seq_len=64 start_pos=0 elapsed_ms=0.375
kiln_profile_gdn_stage layer=8 stage=recurrent seq_len=64 start_pos=0 elapsed_ms=1.810
kiln_profile_gdn_stage layer=8 stage=post_transpose seq_len=64 start_pos=0 elapsed_ms=0.000
kiln_profile_gdn_stage layer=8 stage=gated_norm seq_len=64 start_pos=0 elapsed_ms=0.396
kiln_profile_gdn_stage layer=8 stage=out_proj seq_len=64 start_pos=0 elapsed_ms=5.651
kiln_profile_mlp_stage layer=8 stage=gate_proj seq_len=64 start_pos=0 elapsed_ms=20.101
kiln_profile_mlp_stage layer=8 stage=up_proj seq_len=64 start_pos=0 elapsed_ms=20.297
kiln_profile_mlp_stage layer=8 stage=gate_silu_hidden_mul seq_len=64 start_pos=0 elapsed_ms=0.348
kiln_profile_mlp_stage layer=8 stage=down_proj seq_len=64 start_pos=0 elapsed_ms=14.197
kiln_profile_gdn_stage layer=9 stage=in_proj seq_len=64 start_pos=0 elapsed_ms=18.691
kiln_profile_gdn_stage layer=9 stage=qkv_conv_split_norm seq_len=64 start_pos=0 elapsed_ms=0.949
kiln_profile_gdn_stage layer=9 stage=gates seq_len=64 start_pos=0 elapsed_ms=0.165
kiln_profile_gdn_stage layer=9 stage=recurrent seq_len=64 start_pos=0 elapsed_ms=3.148
kiln_profile_gdn_stage layer=9 stage=post_transpose seq_len=64 start_pos=0 elapsed_ms=0.000
kiln_profile_gdn_stage layer=9 stage=gated_norm seq_len=64 start_pos=0 elapsed_ms=1.560
kiln_profile_gdn_stage layer=9 stage=out_proj seq_len=64 start_pos=0 elapsed_ms=4.862
kiln_profile_mlp_stage layer=9 stage=gate_proj seq_len=64 start_pos=0 elapsed_ms=15.761
kiln_profile_mlp_stage layer=9 stage=up_proj seq_len=64 start_pos=0 elapsed_ms=18.745
kiln_profile_mlp_stage layer=9 stage=gate_silu_hidden_mul seq_len=64 start_pos=0 elapsed_ms=0.310
kiln_profile_mlp_stage layer=9 stage=down_proj seq_len=64 start_pos=0 elapsed_ms=12.262
kiln_profile_gdn_stage layer=10 stage=in_proj seq_len=64 start_pos=0 elapsed_ms=23.673
kiln_profile_gdn_stage layer=10 stage=qkv_conv_split_norm seq_len=64 start_pos=0 elapsed_ms=1.089
kiln_profile_gdn_stage layer=10 stage=gates seq_len=64 start_pos=0 elapsed_ms=0.222
kiln_profile_gdn_stage layer=10 stage=recurrent seq_len=64 start_pos=0 elapsed_ms=3.049
kiln_profile_gdn_stage layer=10 stage=post_transpose seq_len=64 start_pos=0 elapsed_ms=0.000
kiln_profile_gdn_stage layer=10 stage=gated_norm seq_len=64 start_pos=0 elapsed_ms=0.446
kiln_profile_gdn_stage layer=10 stage=out_proj seq_len=64 start_pos=0 elapsed_ms=5.184
kiln_profile_mlp_stage layer=10 stage=gate_proj seq_len=64 start_pos=0 elapsed_ms=20.822
kiln_profile_mlp_stage layer=10 stage=up_proj seq_len=64 start_pos=0 elapsed_ms=17.340
kiln_profile_mlp_stage layer=10 stage=gate_silu_hidden_mul seq_len=64 start_pos=0 elapsed_ms=0.341
kiln_profile_mlp_stage layer=10 stage=down_proj seq_len=64 start_pos=0 elapsed_ms=17.016
kiln_profile_full_attn_stage full_attn_layer=2 stage=qkv_proj seq_len=64 start_pos=0 elapsed_ms=17.970
kiln_profile_full_attn_stage full_attn_layer=2 stage=qkv_split seq_len=64 start_pos=0 elapsed_ms=2.679
kiln_profile_full_attn_stage full_attn_layer=2 stage=qk_norm seq_len=64 start_pos=0 elapsed_ms=0.411
kiln_profile_full_attn_stage full_attn_layer=2 stage=rope seq_len=64 start_pos=0 elapsed_ms=4.109
kiln_profile_full_attn_stage full_attn_layer=2 stage=q_transpose seq_len=64 start_pos=0 elapsed_ms=0.806
kiln_profile_full_attn_stage full_attn_layer=2 stage=prefill_kv_head_layout seq_len=64 start_pos=0 elapsed_ms=0.431
kiln_profile_full_attn_stage full_attn_layer=2 stage=prefill_attn_head_major seq_len=64 start_pos=0 elapsed_ms=1.080
kiln_profile_full_attn_stage full_attn_layer=2 stage=kv_write seq_len=64 start_pos=0 elapsed_ms=0.254
kiln_profile_full_attn_stage full_attn_layer=2 stage=attn_gate seq_len=64 start_pos=0 elapsed_ms=0.288
kiln_profile_full_attn_stage full_attn_layer=2 stage=o_proj seq_len=64 start_pos=0 elapsed_ms=5.238
kiln_profile_mlp_stage layer=11 stage=gate_proj seq_len=64 start_pos=0 elapsed_ms=18.835
kiln_profile_mlp_stage layer=11 stage=up_proj seq_len=64 start_pos=0 elapsed_ms=16.911
kiln_profile_mlp_stage layer=11 stage=gate_silu_hidden_mul seq_len=64 start_pos=0 elapsed_ms=0.346
kiln_profile_mlp_stage layer=11 stage=down_proj seq_len=64 start_pos=0 elapsed_ms=13.700
kiln_profile_gdn_stage layer=12 stage=in_proj seq_len=64 start_pos=0 elapsed_ms=23.544
kiln_profile_gdn_stage layer=12 stage=qkv_conv_split_norm seq_len=64 start_pos=0 elapsed_ms=1.148
kiln_profile_gdn_stage layer=12 stage=gates seq_len=64 start_pos=0 elapsed_ms=0.245
kiln_profile_gdn_stage layer=12 stage=recurrent seq_len=64 start_pos=0 elapsed_ms=3.567
kiln_profile_gdn_stage layer=12 stage=post_transpose seq_len=64 start_pos=0 elapsed_ms=0.000
kiln_profile_gdn_stage layer=12 stage=gated_norm seq_len=64 start_pos=0 elapsed_ms=0.436
kiln_profile_gdn_stage layer=12 stage=out_proj seq_len=64 start_pos=0 elapsed_ms=5.706
kiln_profile_mlp_stage layer=12 stage=gate_proj seq_len=64 start_pos=0 elapsed_ms=19.420
kiln_profile_mlp_stage layer=12 stage=up_proj seq_len=64 start_pos=0 elapsed_ms=16.902
kiln_profile_mlp_stage layer=12 stage=gate_silu_hidden_mul seq_len=64 start_pos=0 elapsed_ms=1.639
kiln_profile_mlp_stage layer=12 stage=down_proj seq_len=64 start_pos=0 elapsed_ms=13.807
kiln_profile_gdn_stage layer=13 stage=in_proj seq_len=64 start_pos=0 elapsed_ms=23.881
kiln_profile_gdn_stage layer=13 stage=qkv_conv_split_norm seq_len=64 start_pos=0 elapsed_ms=0.681
kiln_profile_gdn_stage layer=13 stage=gates seq_len=64 start_pos=0 elapsed_ms=0.243
kiln_profile_gdn_stage layer=13 stage=recurrent seq_len=64 start_pos=0 elapsed_ms=1.549
kiln_profile_gdn_stage layer=13 stage=post_transpose seq_len=64 start_pos=0 elapsed_ms=0.000
kiln_profile_gdn_stage layer=13 stage=gated_norm seq_len=64 start_pos=0 elapsed_ms=0.298
kiln_profile_gdn_stage layer=13 stage=out_proj seq_len=64 start_pos=0 elapsed_ms=5.124
kiln_profile_mlp_stage layer=13 stage=gate_proj seq_len=64 start_pos=0 elapsed_ms=15.549
kiln_profile_mlp_stage layer=13 stage=up_proj seq_len=64 start_pos=0 elapsed_ms=15.335
kiln_profile_mlp_stage layer=13 stage=gate_silu_hidden_mul seq_len=64 start_pos=0 elapsed_ms=0.353
kiln_profile_mlp_stage layer=13 stage=down_proj seq_len=64 start_pos=0 elapsed_ms=14.245
kiln_profile_gdn_stage layer=14 stage=in_proj seq_len=64 start_pos=0 elapsed_ms=22.055
kiln_profile_gdn_stage layer=14 stage=qkv_conv_split_norm seq_len=64 start_pos=0 elapsed_ms=1.146
kiln_profile_gdn_stage layer=14 stage=gates seq_len=64 start_pos=0 elapsed_ms=0.218
kiln_profile_gdn_stage layer=14 stage=recurrent seq_len=64 start_pos=0 elapsed_ms=2.803
kiln_profile_gdn_stage layer=14 stage=post_transpose seq_len=64 start_pos=0 elapsed_ms=0.000
kiln_profile_gdn_stage layer=14 stage=gated_norm seq_len=64 start_pos=0 elapsed_ms=0.348
kiln_profile_gdn_stage layer=14 stage=out_proj seq_len=64 start_pos=0 elapsed_ms=5.124
kiln_profile_mlp_stage layer=14 stage=gate_proj seq_len=64 start_pos=0 elapsed_ms=17.754
kiln_profile_mlp_stage layer=14 stage=up_proj seq_len=64 start_pos=0 elapsed_ms=17.316
kiln_profile_mlp_stage layer=14 stage=gate_silu_hidden_mul seq_len=64 start_pos=0 elapsed_ms=0.411
kiln_profile_mlp_stage layer=14 stage=down_proj seq_len=64 start_pos=0 elapsed_ms=14.426
kiln_profile_full_attn_stage full_attn_layer=3 stage=qkv_proj seq_len=64 start_pos=0 elapsed_ms=16.966
kiln_profile_full_attn_stage full_attn_layer=3 stage=qkv_split seq_len=64 start_pos=0 elapsed_ms=2.343
kiln_profile_full_attn_stage full_attn_layer=3 stage=qk_norm seq_len=64 start_pos=0 elapsed_ms=0.382
kiln_profile_full_attn_stage full_attn_layer=3 stage=rope seq_len=64 start_pos=0 elapsed_ms=0.341
kiln_profile_full_attn_stage full_attn_layer=3 stage=q_transpose seq_len=64 start_pos=0 elapsed_ms=1.033
kiln_profile_full_attn_stage full_attn_layer=3 stage=prefill_kv_head_layout seq_len=64 start_pos=0 elapsed_ms=0.583
kiln_profile_full_attn_stage full_attn_layer=3 stage=prefill_attn_head_major seq_len=64 start_pos=0 elapsed_ms=1.484
kiln_profile_full_attn_stage full_attn_layer=3 stage=kv_write seq_len=64 start_pos=0 elapsed_ms=0.331
kiln_profile_full_attn_stage full_attn_layer=3 stage=attn_gate seq_len=64 start_pos=0 elapsed_ms=1.712
kiln_profile_full_attn_stage full_attn_layer=3 stage=o_proj seq_len=64 start_pos=0 elapsed_ms=6.095
kiln_profile_mlp_stage layer=15 stage=gate_proj seq_len=64 start_pos=0 elapsed_ms=19.217
kiln_profile_mlp_stage layer=15 stage=up_proj seq_len=64 start_pos=0 elapsed_ms=18.960
kiln_profile_mlp_stage layer=15 stage=gate_silu_hidden_mul seq_len=64 start_pos=0 elapsed_ms=0.462
kiln_profile_mlp_stage layer=15 stage=down_proj seq_len=64 start_pos=0 elapsed_ms=15.029
kiln_profile_gdn_stage layer=16 stage=in_proj seq_len=64 start_pos=0 elapsed_ms=23.139
kiln_profile_gdn_stage layer=16 stage=qkv_conv_split_norm seq_len=64 start_pos=0 elapsed_ms=1.040
kiln_profile_gdn_stage layer=16 stage=gates seq_len=64 start_pos=0 elapsed_ms=0.268
kiln_profile_gdn_stage layer=16 stage=recurrent seq_len=64 start_pos=0 elapsed_ms=2.159
kiln_profile_gdn_stage layer=16 stage=post_transpose seq_len=64 start_pos=0 elapsed_ms=0.000
kiln_profile_gdn_stage layer=16 stage=gated_norm seq_len=64 start_pos=0 elapsed_ms=0.287
kiln_profile_gdn_stage layer=16 stage=out_proj seq_len=64 start_pos=0 elapsed_ms=4.906
kiln_profile_mlp_stage layer=16 stage=gate_proj seq_len=64 start_pos=0 elapsed_ms=18.030
kiln_profile_mlp_stage layer=16 stage=up_proj seq_len=64 start_pos=0 elapsed_ms=15.885
kiln_profile_mlp_stage layer=16 stage=gate_silu_hidden_mul seq_len=64 start_pos=0 elapsed_ms=0.325
kiln_profile_mlp_stage layer=16 stage=down_proj seq_len=64 start_pos=0 elapsed_ms=18.765
kiln_profile_gdn_stage layer=17 stage=in_proj seq_len=64 start_pos=0 elapsed_ms=26.617
kiln_profile_gdn_stage layer=17 stage=qkv_conv_split_norm seq_len=64 start_pos=0 elapsed_ms=0.809
kiln_profile_gdn_stage layer=17 stage=gates seq_len=64 start_pos=0 elapsed_ms=0.289
kiln_profile_gdn_stage layer=17 stage=recurrent seq_len=64 start_pos=0 elapsed_ms=1.793
kiln_profile_gdn_stage layer=17 stage=post_transpose seq_len=64 start_pos=0 elapsed_ms=0.000
kiln_profile_gdn_stage layer=17 stage=gated_norm seq_len=64 start_pos=0 elapsed_ms=0.320
kiln_profile_gdn_stage layer=17 stage=out_proj seq_len=64 start_pos=0 elapsed_ms=4.950
kiln_profile_mlp_stage layer=17 stage=gate_proj seq_len=64 start_pos=0 elapsed_ms=16.044
kiln_profile_mlp_stage layer=17 stage=up_proj seq_len=64 start_pos=0 elapsed_ms=16.321
kiln_profile_mlp_stage layer=17 stage=gate_silu_hidden_mul seq_len=64 start_pos=0 elapsed_ms=0.357
kiln_profile_mlp_stage layer=17 stage=down_proj seq_len=64 start_pos=0 elapsed_ms=14.800
kiln_profile_gdn_stage layer=18 stage=in_proj seq_len=64 start_pos=0 elapsed_ms=23.198
kiln_profile_gdn_stage layer=18 stage=qkv_conv_split_norm seq_len=64 start_pos=0 elapsed_ms=0.676
kiln_profile_gdn_stage layer=18 stage=gates seq_len=64 start_pos=0 elapsed_ms=0.186
kiln_profile_gdn_stage layer=18 stage=recurrent seq_len=64 start_pos=0 elapsed_ms=1.648
kiln_profile_gdn_stage layer=18 stage=post_transpose seq_len=64 start_pos=0 elapsed_ms=0.000
kiln_profile_gdn_stage layer=18 stage=gated_norm seq_len=64 start_pos=0 elapsed_ms=0.240
kiln_profile_gdn_stage layer=18 stage=out_proj seq_len=64 start_pos=0 elapsed_ms=4.755
kiln_profile_mlp_stage layer=18 stage=gate_proj seq_len=64 start_pos=0 elapsed_ms=16.104
kiln_profile_mlp_stage layer=18 stage=up_proj seq_len=64 start_pos=0 elapsed_ms=14.315
kiln_profile_mlp_stage layer=18 stage=gate_silu_hidden_mul seq_len=64 start_pos=0 elapsed_ms=0.359
kiln_profile_mlp_stage layer=18 stage=down_proj seq_len=64 start_pos=0 elapsed_ms=14.477
kiln_profile_full_attn_stage full_attn_layer=4 stage=qkv_proj seq_len=64 start_pos=0 elapsed_ms=18.405
kiln_profile_full_attn_stage full_attn_layer=4 stage=qkv_split seq_len=64 start_pos=0 elapsed_ms=2.731
kiln_profile_full_attn_stage full_attn_layer=4 stage=qk_norm seq_len=64 start_pos=0 elapsed_ms=0.372
kiln_profile_full_attn_stage full_attn_layer=4 stage=rope seq_len=64 start_pos=0 elapsed_ms=0.378
kiln_profile_full_attn_stage full_attn_layer=4 stage=q_transpose seq_len=64 start_pos=0 elapsed_ms=1.296
kiln_profile_full_attn_stage full_attn_layer=4 stage=prefill_kv_head_layout seq_len=64 start_pos=0 elapsed_ms=0.667
kiln_profile_full_attn_stage full_attn_layer=4 stage=prefill_attn_head_major seq_len=64 start_pos=0 elapsed_ms=6.229
kiln_profile_full_attn_stage full_attn_layer=4 stage=kv_write seq_len=64 start_pos=0 elapsed_ms=0.305
kiln_profile_full_attn_stage full_attn_layer=4 stage=attn_gate seq_len=64 start_pos=0 elapsed_ms=0.324
kiln_profile_full_attn_stage full_attn_layer=4 stage=o_proj seq_len=64 start_pos=0 elapsed_ms=6.267
kiln_profile_mlp_stage layer=19 stage=gate_proj seq_len=64 start_pos=0 elapsed_ms=18.537
kiln_profile_mlp_stage layer=19 stage=up_proj seq_len=64 start_pos=0 elapsed_ms=17.686
kiln_profile_mlp_stage layer=19 stage=gate_silu_hidden_mul seq_len=64 start_pos=0 elapsed_ms=0.508
kiln_profile_mlp_stage layer=19 stage=down_proj seq_len=64 start_pos=0 elapsed_ms=14.885
kiln_profile_gdn_stage layer=20 stage=in_proj seq_len=64 start_pos=0 elapsed_ms=23.653
kiln_profile_gdn_stage layer=20 stage=qkv_conv_split_norm seq_len=64 start_pos=0 elapsed_ms=1.383
kiln_profile_gdn_stage layer=20 stage=gates seq_len=64 start_pos=0 elapsed_ms=0.310
kiln_profile_gdn_stage layer=20 stage=recurrent seq_len=64 start_pos=0 elapsed_ms=2.237
kiln_profile_gdn_stage layer=20 stage=post_transpose seq_len=64 start_pos=0 elapsed_ms=0.000
kiln_profile_gdn_stage layer=20 stage=gated_norm seq_len=64 start_pos=0 elapsed_ms=0.388
kiln_profile_gdn_stage layer=20 stage=out_proj seq_len=64 start_pos=0 elapsed_ms=5.307
kiln_profile_mlp_stage layer=20 stage=gate_proj seq_len=64 start_pos=0 elapsed_ms=20.112
kiln_profile_mlp_stage layer=20 stage=up_proj seq_len=64 start_pos=0 elapsed_ms=23.271
kiln_profile_mlp_stage layer=20 stage=gate_silu_hidden_mul seq_len=64 start_pos=0 elapsed_ms=0.324
kiln_profile_mlp_stage layer=20 stage=down_proj seq_len=64 start_pos=0 elapsed_ms=14.734
kiln_profile_gdn_stage layer=21 stage=in_proj seq_len=64 start_pos=0 elapsed_ms=24.103
kiln_profile_gdn_stage layer=21 stage=qkv_conv_split_norm seq_len=64 start_pos=0 elapsed_ms=1.004
kiln_profile_gdn_stage layer=21 stage=gates seq_len=64 start_pos=0 elapsed_ms=0.252
kiln_profile_gdn_stage layer=21 stage=recurrent seq_len=64 start_pos=0 elapsed_ms=2.730
kiln_profile_gdn_stage layer=21 stage=post_transpose seq_len=64 start_pos=0 elapsed_ms=0.000
kiln_profile_gdn_stage layer=21 stage=gated_norm seq_len=64 start_pos=0 elapsed_ms=0.312
kiln_profile_gdn_stage layer=21 stage=out_proj seq_len=64 start_pos=0 elapsed_ms=5.105
kiln_profile_mlp_stage layer=21 stage=gate_proj seq_len=64 start_pos=0 elapsed_ms=18.493
kiln_profile_mlp_stage layer=21 stage=up_proj seq_len=64 start_pos=0 elapsed_ms=15.109
kiln_profile_mlp_stage layer=21 stage=gate_silu_hidden_mul seq_len=64 start_pos=0 elapsed_ms=0.333
kiln_profile_mlp_stage layer=21 stage=down_proj seq_len=64 start_pos=0 elapsed_ms=14.739
kiln_profile_gdn_stage layer=22 stage=in_proj seq_len=64 start_pos=0 elapsed_ms=23.276
kiln_profile_gdn_stage layer=22 stage=qkv_conv_split_norm seq_len=64 start_pos=0 elapsed_ms=1.127
kiln_profile_gdn_stage layer=22 stage=gates seq_len=64 start_pos=0 elapsed_ms=0.211
kiln_profile_gdn_stage layer=22 stage=recurrent seq_len=64 start_pos=0 elapsed_ms=5.452
kiln_profile_gdn_stage layer=22 stage=post_transpose seq_len=64 start_pos=0 elapsed_ms=0.000
kiln_profile_gdn_stage layer=22 stage=gated_norm seq_len=64 start_pos=0 elapsed_ms=0.317
kiln_profile_gdn_stage layer=22 stage=out_proj seq_len=64 start_pos=0 elapsed_ms=5.646
kiln_profile_mlp_stage layer=22 stage=gate_proj seq_len=64 start_pos=0 elapsed_ms=18.960
kiln_profile_mlp_stage layer=22 stage=up_proj seq_len=64 start_pos=0 elapsed_ms=20.044
kiln_profile_mlp_stage layer=22 stage=gate_silu_hidden_mul seq_len=64 start_pos=0 elapsed_ms=0.443
kiln_profile_mlp_stage layer=22 stage=down_proj seq_len=64 start_pos=0 elapsed_ms=14.830
kiln_profile_full_attn_stage full_attn_layer=5 stage=qkv_proj seq_len=64 start_pos=0 elapsed_ms=16.973
kiln_profile_full_attn_stage full_attn_layer=5 stage=qkv_split seq_len=64 start_pos=0 elapsed_ms=2.750
kiln_profile_full_attn_stage full_attn_layer=5 stage=qk_norm seq_len=64 start_pos=0 elapsed_ms=0.416
kiln_profile_full_attn_stage full_attn_layer=5 stage=rope seq_len=64 start_pos=0 elapsed_ms=0.404
kiln_profile_full_attn_stage full_attn_layer=5 stage=q_transpose seq_len=64 start_pos=0 elapsed_ms=1.354
kiln_profile_full_attn_stage full_attn_layer=5 stage=prefill_kv_head_layout seq_len=64 start_pos=0 elapsed_ms=0.685
kiln_profile_full_attn_stage full_attn_layer=5 stage=prefill_attn_head_major seq_len=64 start_pos=0 elapsed_ms=1.854
kiln_profile_full_attn_stage full_attn_layer=5 stage=kv_write seq_len=64 start_pos=0 elapsed_ms=0.309
kiln_profile_full_attn_stage full_attn_layer=5 stage=attn_gate seq_len=64 start_pos=0 elapsed_ms=0.335
kiln_profile_full_attn_stage full_attn_layer=5 stage=o_proj seq_len=64 start_pos=0 elapsed_ms=5.890
kiln_profile_mlp_stage layer=23 stage=gate_proj seq_len=64 start_pos=0 elapsed_ms=17.216
kiln_profile_mlp_stage layer=23 stage=up_proj seq_len=64 start_pos=0 elapsed_ms=15.905
kiln_profile_mlp_stage layer=23 stage=gate_silu_hidden_mul seq_len=64 start_pos=0 elapsed_ms=0.312
kiln_profile_mlp_stage layer=23 stage=down_proj seq_len=64 start_pos=0 elapsed_ms=13.943
kiln_profile_gdn_stage layer=24 stage=in_proj seq_len=64 start_pos=0 elapsed_ms=18.615
kiln_profile_gdn_stage layer=24 stage=qkv_conv_split_norm seq_len=64 start_pos=0 elapsed_ms=0.979
kiln_profile_gdn_stage layer=24 stage=gates seq_len=64 start_pos=0 elapsed_ms=0.243
kiln_profile_gdn_stage layer=24 stage=recurrent seq_len=64 start_pos=0 elapsed_ms=2.197
kiln_profile_gdn_stage layer=24 stage=post_transpose seq_len=64 start_pos=0 elapsed_ms=0.000
kiln_profile_gdn_stage layer=24 stage=gated_norm seq_len=64 start_pos=0 elapsed_ms=0.279
kiln_profile_gdn_stage layer=24 stage=out_proj seq_len=64 start_pos=0 elapsed_ms=5.357
kiln_profile_mlp_stage layer=24 stage=gate_proj seq_len=64 start_pos=0 elapsed_ms=16.089
kiln_profile_mlp_stage layer=24 stage=up_proj seq_len=64 start_pos=0 elapsed_ms=17.307
kiln_profile_mlp_stage layer=24 stage=gate_silu_hidden_mul seq_len=64 start_pos=0 elapsed_ms=1.937
kiln_profile_mlp_stage layer=24 stage=down_proj seq_len=64 start_pos=0 elapsed_ms=13.162
kiln_profile_gdn_stage layer=25 stage=in_proj seq_len=64 start_pos=0 elapsed_ms=25.350
kiln_profile_gdn_stage layer=25 stage=qkv_conv_split_norm seq_len=64 start_pos=0 elapsed_ms=1.198
kiln_profile_gdn_stage layer=25 stage=gates seq_len=64 start_pos=0 elapsed_ms=0.199
kiln_profile_gdn_stage layer=25 stage=recurrent seq_len=64 start_pos=0 elapsed_ms=2.067
kiln_profile_gdn_stage layer=25 stage=post_transpose seq_len=64 start_pos=0 elapsed_ms=0.000
kiln_profile_gdn_stage layer=25 stage=gated_norm seq_len=64 start_pos=0 elapsed_ms=0.276
kiln_profile_gdn_stage layer=25 stage=out_proj seq_len=64 start_pos=0 elapsed_ms=5.109
kiln_profile_mlp_stage layer=25 stage=gate_proj seq_len=64 start_pos=0 elapsed_ms=19.981
kiln_profile_mlp_stage layer=25 stage=up_proj seq_len=64 start_pos=0 elapsed_ms=22.688
kiln_profile_mlp_stage layer=25 stage=gate_silu_hidden_mul seq_len=64 start_pos=0 elapsed_ms=0.377
kiln_profile_mlp_stage layer=25 stage=down_proj seq_len=64 start_pos=0 elapsed_ms=12.635
kiln_profile_gdn_stage layer=26 stage=in_proj seq_len=64 start_pos=0 elapsed_ms=24.330
kiln_profile_gdn_stage layer=26 stage=qkv_conv_split_norm seq_len=64 start_pos=0 elapsed_ms=0.733
kiln_profile_gdn_stage layer=26 stage=gates seq_len=64 start_pos=0 elapsed_ms=0.228
kiln_profile_gdn_stage layer=26 stage=recurrent seq_len=64 start_pos=0 elapsed_ms=1.775
kiln_profile_gdn_stage layer=26 stage=post_transpose seq_len=64 start_pos=0 elapsed_ms=0.000
kiln_profile_gdn_stage layer=26 stage=gated_norm seq_len=64 start_pos=0 elapsed_ms=0.361
kiln_profile_gdn_stage layer=26 stage=out_proj seq_len=64 start_pos=0 elapsed_ms=4.879
kiln_profile_mlp_stage layer=26 stage=gate_proj seq_len=64 start_pos=0 elapsed_ms=16.303
kiln_profile_mlp_stage layer=26 stage=up_proj seq_len=64 start_pos=0 elapsed_ms=15.698
kiln_profile_mlp_stage layer=26 stage=gate_silu_hidden_mul seq_len=64 start_pos=0 elapsed_ms=0.430
kiln_profile_mlp_stage layer=26 stage=down_proj seq_len=64 start_pos=0 elapsed_ms=14.154
kiln_profile_full_attn_stage full_attn_layer=6 stage=qkv_proj seq_len=64 start_pos=0 elapsed_ms=17.639
kiln_profile_full_attn_stage full_attn_layer=6 stage=qkv_split seq_len=64 start_pos=0 elapsed_ms=1.376
kiln_profile_full_attn_stage full_attn_layer=6 stage=qk_norm seq_len=64 start_pos=0 elapsed_ms=0.492
kiln_profile_full_attn_stage full_attn_layer=6 stage=rope seq_len=64 start_pos=0 elapsed_ms=0.340
kiln_profile_full_attn_stage full_attn_layer=6 stage=q_transpose seq_len=64 start_pos=0 elapsed_ms=0.652
kiln_profile_full_attn_stage full_attn_layer=6 stage=prefill_kv_head_layout seq_len=64 start_pos=0 elapsed_ms=0.418
kiln_profile_full_attn_stage full_attn_layer=6 stage=prefill_attn_head_major seq_len=64 start_pos=0 elapsed_ms=0.834
kiln_profile_full_attn_stage full_attn_layer=6 stage=kv_write seq_len=64 start_pos=0 elapsed_ms=0.269
kiln_profile_full_attn_stage full_attn_layer=6 stage=attn_gate seq_len=64 start_pos=0 elapsed_ms=0.317
kiln_profile_full_attn_stage full_attn_layer=6 stage=o_proj seq_len=64 start_pos=0 elapsed_ms=5.225
kiln_profile_mlp_stage layer=27 stage=gate_proj seq_len=64 start_pos=0 elapsed_ms=20.581
kiln_profile_mlp_stage layer=27 stage=up_proj seq_len=64 start_pos=0 elapsed_ms=17.107
kiln_profile_mlp_stage layer=27 stage=gate_silu_hidden_mul seq_len=64 start_pos=0 elapsed_ms=0.443
kiln_profile_mlp_stage layer=27 stage=down_proj seq_len=64 start_pos=0 elapsed_ms=15.769
kiln_profile_gdn_stage layer=28 stage=in_proj seq_len=64 start_pos=0 elapsed_ms=22.437
kiln_profile_gdn_stage layer=28 stage=qkv_conv_split_norm seq_len=64 start_pos=0 elapsed_ms=1.147
kiln_profile_gdn_stage layer=28 stage=gates seq_len=64 start_pos=0 elapsed_ms=0.223
kiln_profile_gdn_stage layer=28 stage=recurrent seq_len=64 start_pos=0 elapsed_ms=7.251
kiln_profile_gdn_stage layer=28 stage=post_transpose seq_len=64 start_pos=0 elapsed_ms=0.000
kiln_profile_gdn_stage layer=28 stage=gated_norm seq_len=64 start_pos=0 elapsed_ms=0.402
kiln_profile_gdn_stage layer=28 stage=out_proj seq_len=64 start_pos=0 elapsed_ms=5.566
kiln_profile_mlp_stage layer=28 stage=gate_proj seq_len=64 start_pos=0 elapsed_ms=17.698
kiln_profile_mlp_stage layer=28 stage=up_proj seq_len=64 start_pos=0 elapsed_ms=20.172
kiln_profile_mlp_stage layer=28 stage=gate_silu_hidden_mul seq_len=64 start_pos=0 elapsed_ms=0.345
kiln_profile_mlp_stage layer=28 stage=down_proj seq_len=64 start_pos=0 elapsed_ms=14.029
kiln_profile_gdn_stage layer=29 stage=in_proj seq_len=64 start_pos=0 elapsed_ms=22.159
kiln_profile_gdn_stage layer=29 stage=qkv_conv_split_norm seq_len=64 start_pos=0 elapsed_ms=1.178
kiln_profile_gdn_stage layer=29 stage=gates seq_len=64 start_pos=0 elapsed_ms=0.209
kiln_profile_gdn_stage layer=29 stage=recurrent seq_len=64 start_pos=0 elapsed_ms=3.428
kiln_profile_gdn_stage layer=29 stage=post_transpose seq_len=64 start_pos=0 elapsed_ms=0.000
kiln_profile_gdn_stage layer=29 stage=gated_norm seq_len=64 start_pos=0 elapsed_ms=0.331
kiln_profile_gdn_stage layer=29 stage=out_proj seq_len=64 start_pos=0 elapsed_ms=5.038
kiln_profile_mlp_stage layer=29 stage=gate_proj seq_len=64 start_pos=0 elapsed_ms=16.213
kiln_profile_mlp_stage layer=29 stage=up_proj seq_len=64 start_pos=0 elapsed_ms=16.261
kiln_profile_mlp_stage layer=29 stage=gate_silu_hidden_mul seq_len=64 start_pos=0 elapsed_ms=0.415
kiln_profile_mlp_stage layer=29 stage=down_proj seq_len=64 start_pos=0 elapsed_ms=14.536
kiln_profile_gdn_stage layer=30 stage=in_proj seq_len=64 start_pos=0 elapsed_ms=27.050
kiln_profile_gdn_stage layer=30 stage=qkv_conv_split_norm seq_len=64 start_pos=0 elapsed_ms=0.661
kiln_profile_gdn_stage layer=30 stage=gates seq_len=64 start_pos=0 elapsed_ms=0.188
kiln_profile_gdn_stage layer=30 stage=recurrent seq_len=64 start_pos=0 elapsed_ms=1.633
kiln_profile_gdn_stage layer=30 stage=post_transpose seq_len=64 start_pos=0 elapsed_ms=0.000
kiln_profile_gdn_stage layer=30 stage=gated_norm seq_len=64 start_pos=0 elapsed_ms=0.220
kiln_profile_gdn_stage layer=30 stage=out_proj seq_len=64 start_pos=0 elapsed_ms=5.202
kiln_profile_mlp_stage layer=30 stage=gate_proj seq_len=64 start_pos=0 elapsed_ms=14.289
kiln_profile_mlp_stage layer=30 stage=up_proj seq_len=64 start_pos=0 elapsed_ms=14.447
kiln_profile_mlp_stage layer=30 stage=gate_silu_hidden_mul seq_len=64 start_pos=0 elapsed_ms=0.370
kiln_profile_mlp_stage layer=30 stage=down_proj seq_len=64 start_pos=0 elapsed_ms=13.436
kiln_profile_full_attn_stage full_attn_layer=7 stage=qkv_proj seq_len=64 start_pos=0 elapsed_ms=20.460
kiln_profile_full_attn_stage full_attn_layer=7 stage=qkv_split seq_len=64 start_pos=0 elapsed_ms=1.413
kiln_profile_full_attn_stage full_attn_layer=7 stage=qk_norm seq_len=64 start_pos=0 elapsed_ms=0.370
kiln_profile_full_attn_stage full_attn_layer=7 stage=rope seq_len=64 start_pos=0 elapsed_ms=0.379
kiln_profile_full_attn_stage full_attn_layer=7 stage=q_transpose seq_len=64 start_pos=0 elapsed_ms=0.746
kiln_profile_full_attn_stage full_attn_layer=7 stage=prefill_kv_head_layout seq_len=64 start_pos=0 elapsed_ms=0.409
kiln_profile_full_attn_stage full_attn_layer=7 stage=prefill_attn_head_major seq_len=64 start_pos=0 elapsed_ms=0.825
kiln_profile_full_attn_stage full_attn_layer=7 stage=kv_write seq_len=64 start_pos=0 elapsed_ms=0.321
kiln_profile_full_attn_stage full_attn_layer=7 stage=attn_gate seq_len=64 start_pos=0 elapsed_ms=0.384
kiln_profile_full_attn_stage full_attn_layer=7 stage=o_proj seq_len=64 start_pos=0 elapsed_ms=5.298
kiln_profile_mlp_stage layer=31 stage=gate_proj seq_len=64 start_pos=0 elapsed_ms=18.534
kiln_profile_mlp_stage layer=31 stage=up_proj seq_len=64 start_pos=0 elapsed_ms=24.268
kiln_profile_mlp_stage layer=31 stage=gate_silu_hidden_mul seq_len=64 start_pos=0 elapsed_ms=0.325
kiln_profile_mlp_stage layer=31 stage=down_proj seq_len=64 start_pos=0 elapsed_ms=14.299
    Prefill (paged): 8255.7ms (8 tok/s)
kiln_profile_gdn_stage layer=0 stage=in_proj seq_len=1 start_pos=64 elapsed_ms=2.876
kiln_profile_gdn_stage layer=0 stage=qkv_conv_norm seq_len=1 start_pos=64 elapsed_ms=0.255
kiln_profile_gdn_stage layer=0 stage=gates_recur_gated_norm seq_len=1 start_pos=64 elapsed_ms=0.374
kiln_profile_gdn_stage layer=0 stage=post_transpose seq_len=1 start_pos=64 elapsed_ms=0.000
kiln_profile_gdn_stage layer=0 stage=gated_norm seq_len=1 start_pos=64 elapsed_ms=0.001
kiln_profile_gdn_stage layer=0 stage=out_proj seq_len=1 start_pos=64 elapsed_ms=1.183
kiln_profile_mlp_stage layer=0 stage=gate_up_fused seq_len=1 start_pos=64 elapsed_ms=4.254
kiln_profile_mlp_stage layer=0 stage=down_proj seq_len=1 start_pos=64 elapsed_ms=2.237
kiln_profile_gdn_stage layer=1 stage=in_proj seq_len=1 start_pos=64 elapsed_ms=2.732
kiln_profile_gdn_stage layer=1 stage=qkv_conv_norm seq_len=1 start_pos=64 elapsed_ms=0.217
kiln_profile_gdn_stage layer=1 stage=gates_recur_gated_norm seq_len=1 start_pos=64 elapsed_ms=0.323
kiln_profile_gdn_stage layer=1 stage=post_transpose seq_len=1 start_pos=64 elapsed_ms=0.000
kiln_profile_gdn_stage layer=1 stage=gated_norm seq_len=1 start_pos=64 elapsed_ms=0.001
kiln_profile_gdn_stage layer=1 stage=out_proj seq_len=1 start_pos=64 elapsed_ms=1.116
kiln_profile_mlp_stage layer=1 stage=gate_up_fused seq_len=1 start_pos=64 elapsed_ms=3.856
kiln_profile_mlp_stage layer=1 stage=down_proj seq_len=1 start_pos=64 elapsed_ms=2.117
kiln_profile_gdn_stage layer=2 stage=in_proj seq_len=1 start_pos=64 elapsed_ms=2.873
kiln_profile_gdn_stage layer=2 stage=qkv_conv_norm seq_len=1 start_pos=64 elapsed_ms=0.237
kiln_profile_gdn_stage layer=2 stage=gates_recur_gated_norm seq_len=1 start_pos=64 elapsed_ms=0.337
kiln_profile_gdn_stage layer=2 stage=post_transpose seq_len=1 start_pos=64 elapsed_ms=0.000
kiln_profile_gdn_stage layer=2 stage=gated_norm seq_len=1 start_pos=64 elapsed_ms=0.001
kiln_profile_gdn_stage layer=2 stage=out_proj seq_len=1 start_pos=64 elapsed_ms=1.121
kiln_profile_mlp_stage layer=2 stage=gate_up_fused seq_len=1 start_pos=64 elapsed_ms=4.063
kiln_profile_mlp_stage layer=2 stage=down_proj seq_len=1 start_pos=64 elapsed_ms=2.273
kiln_profile_full_attn_stage full_attn_layer=0 stage=qkv_proj seq_len=1 start_pos=64 elapsed_ms=2.687
kiln_profile_full_attn_stage full_attn_layer=0 stage=qkv_split seq_len=1 start_pos=64 elapsed_ms=0.253
kiln_profile_full_attn_stage full_attn_layer=0 stage=qk_norm seq_len=1 start_pos=64 elapsed_ms=0.215
kiln_profile_full_attn_stage full_attn_layer=0 stage=rope seq_len=1 start_pos=64 elapsed_ms=0.200
kiln_profile_full_attn_stage full_attn_layer=0 stage=q_transpose seq_len=1 start_pos=64 elapsed_ms=0.001
kiln_profile_full_attn_stage full_attn_layer=0 stage=kv_write seq_len=1 start_pos=64 elapsed_ms=0.296
kiln_profile_full_attn_stage full_attn_layer=0 stage=decode_attn_contiguous seq_len=1 start_pos=64 elapsed_ms=0.257
kiln_profile_full_attn_stage full_attn_layer=0 stage=attn_gate seq_len=1 start_pos=64 elapsed_ms=0.755
kiln_profile_full_attn_stage full_attn_layer=0 stage=o_proj seq_len=1 start_pos=64 elapsed_ms=1.585
kiln_profile_mlp_stage layer=3 stage=gate_up_fused seq_len=1 start_pos=64 elapsed_ms=4.030
kiln_profile_mlp_stage layer=3 stage=down_proj seq_len=1 start_pos=64 elapsed_ms=2.140
kiln_profile_gdn_stage layer=4 stage=in_proj seq_len=1 start_pos=64 elapsed_ms=2.736
kiln_profile_gdn_stage layer=4 stage=qkv_conv_norm seq_len=1 start_pos=64 elapsed_ms=0.205
kiln_profile_gdn_stage layer=4 stage=gates_recur_gated_norm seq_len=1 start_pos=64 elapsed_ms=0.309
kiln_profile_gdn_stage layer=4 stage=post_transpose seq_len=1 start_pos=64 elapsed_ms=0.000
kiln_profile_gdn_stage layer=4 stage=gated_norm seq_len=1 start_pos=64 elapsed_ms=0.001
kiln_profile_gdn_stage layer=4 stage=out_proj seq_len=1 start_pos=64 elapsed_ms=1.116
kiln_profile_mlp_stage layer=4 stage=gate_up_fused seq_len=1 start_pos=64 elapsed_ms=3.794
kiln_profile_mlp_stage layer=4 stage=down_proj seq_len=1 start_pos=64 elapsed_ms=2.074
kiln_profile_gdn_stage layer=5 stage=in_proj seq_len=1 start_pos=64 elapsed_ms=2.691
kiln_profile_gdn_stage layer=5 stage=qkv_conv_norm seq_len=1 start_pos=64 elapsed_ms=0.220
kiln_profile_gdn_stage layer=5 stage=gates_recur_gated_norm seq_len=1 start_pos=64 elapsed_ms=0.297
kiln_profile_gdn_stage layer=5 stage=post_transpose seq_len=1 start_pos=64 elapsed_ms=0.000
kiln_profile_gdn_stage layer=5 stage=gated_norm seq_len=1 start_pos=64 elapsed_ms=0.001
kiln_profile_gdn_stage layer=5 stage=out_proj seq_len=1 start_pos=64 elapsed_ms=1.101
kiln_profile_mlp_stage layer=5 stage=gate_up_fused seq_len=1 start_pos=64 elapsed_ms=3.701
kiln_profile_mlp_stage layer=5 stage=down_proj seq_len=1 start_pos=64 elapsed_ms=2.333
kiln_profile_gdn_stage layer=6 stage=in_proj seq_len=1 start_pos=64 elapsed_ms=3.196
kiln_profile_gdn_stage layer=6 stage=qkv_conv_norm seq_len=1 start_pos=64 elapsed_ms=0.797
kiln_profile_gdn_stage layer=6 stage=gates_recur_gated_norm seq_len=1 start_pos=64 elapsed_ms=0.371
kiln_profile_gdn_stage layer=6 stage=post_transpose seq_len=1 start_pos=64 elapsed_ms=0.000
kiln_profile_gdn_stage layer=6 stage=gated_norm seq_len=1 start_pos=64 elapsed_ms=0.001
kiln_profile_gdn_stage layer=6 stage=out_proj seq_len=1 start_pos=64 elapsed_ms=1.236
kiln_profile_mlp_stage layer=6 stage=gate_up_fused seq_len=1 start_pos=64 elapsed_ms=4.098
kiln_profile_mlp_stage layer=6 stage=down_proj seq_len=1 start_pos=64 elapsed_ms=2.252
kiln_profile_full_attn_stage full_attn_layer=1 stage=qkv_proj seq_len=1 start_pos=64 elapsed_ms=2.503
kiln_profile_full_attn_stage full_attn_layer=1 stage=qkv_split seq_len=1 start_pos=64 elapsed_ms=0.201
kiln_profile_full_attn_stage full_attn_layer=1 stage=qk_norm seq_len=1 start_pos=64 elapsed_ms=0.233
kiln_profile_full_attn_stage full_attn_layer=1 stage=rope seq_len=1 start_pos=64 elapsed_ms=0.211
kiln_profile_full_attn_stage full_attn_layer=1 stage=q_transpose seq_len=1 start_pos=64 elapsed_ms=0.001
kiln_profile_full_attn_stage full_attn_layer=1 stage=kv_write seq_len=1 start_pos=64 elapsed_ms=0.213
kiln_profile_full_attn_stage full_attn_layer=1 stage=decode_attn_contiguous seq_len=1 start_pos=64 elapsed_ms=0.224
kiln_profile_full_attn_stage full_attn_layer=1 stage=attn_gate seq_len=1 start_pos=64 elapsed_ms=0.203
kiln_profile_full_attn_stage full_attn_layer=1 stage=o_proj seq_len=1 start_pos=64 elapsed_ms=1.165
kiln_profile_mlp_stage layer=7 stage=gate_up_fused seq_len=1 start_pos=64 elapsed_ms=4.292
kiln_profile_mlp_stage layer=7 stage=down_proj seq_len=1 start_pos=64 elapsed_ms=2.287
kiln_profile_gdn_stage layer=8 stage=in_proj seq_len=1 start_pos=64 elapsed_ms=3.005
kiln_profile_gdn_stage layer=8 stage=qkv_conv_norm seq_len=1 start_pos=64 elapsed_ms=0.205
kiln_profile_gdn_stage layer=8 stage=gates_recur_gated_norm seq_len=1 start_pos=64 elapsed_ms=0.341
kiln_profile_gdn_stage layer=8 stage=post_transpose seq_len=1 start_pos=64 elapsed_ms=0.000
kiln_profile_gdn_stage layer=8 stage=gated_norm seq_len=1 start_pos=64 elapsed_ms=0.001
kiln_profile_gdn_stage layer=8 stage=out_proj seq_len=1 start_pos=64 elapsed_ms=1.290
kiln_profile_mlp_stage layer=8 stage=gate_up_fused seq_len=1 start_pos=64 elapsed_ms=4.053
kiln_profile_mlp_stage layer=8 stage=down_proj seq_len=1 start_pos=64 elapsed_ms=2.257
kiln_profile_gdn_stage layer=9 stage=in_proj seq_len=1 start_pos=64 elapsed_ms=3.127
kiln_profile_gdn_stage layer=9 stage=qkv_conv_norm seq_len=1 start_pos=64 elapsed_ms=0.215
kiln_profile_gdn_stage layer=9 stage=gates_recur_gated_norm seq_len=1 start_pos=64 elapsed_ms=0.286
kiln_profile_gdn_stage layer=9 stage=post_transpose seq_len=1 start_pos=64 elapsed_ms=0.000
kiln_profile_gdn_stage layer=9 stage=gated_norm seq_len=1 start_pos=64 elapsed_ms=0.001
kiln_profile_gdn_stage layer=9 stage=out_proj seq_len=1 start_pos=64 elapsed_ms=1.226
kiln_profile_mlp_stage layer=9 stage=gate_up_fused seq_len=1 start_pos=64 elapsed_ms=4.319
kiln_profile_mlp_stage layer=9 stage=down_proj seq_len=1 start_pos=64 elapsed_ms=2.376
kiln_profile_gdn_stage layer=10 stage=in_proj seq_len=1 start_pos=64 elapsed_ms=3.140
kiln_profile_gdn_stage layer=10 stage=qkv_conv_norm seq_len=1 start_pos=64 elapsed_ms=0.200
kiln_profile_gdn_stage layer=10 stage=gates_recur_gated_norm seq_len=1 start_pos=64 elapsed_ms=0.283
kiln_profile_gdn_stage layer=10 stage=post_transpose seq_len=1 start_pos=64 elapsed_ms=0.000
kiln_profile_gdn_stage layer=10 stage=gated_norm seq_len=1 start_pos=64 elapsed_ms=0.001
kiln_profile_gdn_stage layer=10 stage=out_proj seq_len=1 start_pos=64 elapsed_ms=1.151
kiln_profile_mlp_stage layer=10 stage=gate_up_fused seq_len=1 start_pos=64 elapsed_ms=4.331
kiln_profile_mlp_stage layer=10 stage=down_proj seq_len=1 start_pos=64 elapsed_ms=2.356
kiln_profile_full_attn_stage full_attn_layer=2 stage=qkv_proj seq_len=1 start_pos=64 elapsed_ms=2.785
kiln_profile_full_attn_stage full_attn_layer=2 stage=qkv_split seq_len=1 start_pos=64 elapsed_ms=0.284
kiln_profile_full_attn_stage full_attn_layer=2 stage=qk_norm seq_len=1 start_pos=64 elapsed_ms=0.241
kiln_profile_full_attn_stage full_attn_layer=2 stage=rope seq_len=1 start_pos=64 elapsed_ms=0.218
kiln_profile_full_attn_stage full_attn_layer=2 stage=q_transpose seq_len=1 start_pos=64 elapsed_ms=0.001
kiln_profile_full_attn_stage full_attn_layer=2 stage=kv_write seq_len=1 start_pos=64 elapsed_ms=0.278
kiln_profile_full_attn_stage full_attn_layer=2 stage=decode_attn_contiguous seq_len=1 start_pos=64 elapsed_ms=0.342
kiln_profile_full_attn_stage full_attn_layer=2 stage=attn_gate seq_len=1 start_pos=64 elapsed_ms=0.241
kiln_profile_full_attn_stage full_attn_layer=2 stage=o_proj seq_len=1 start_pos=64 elapsed_ms=1.405
kiln_profile_mlp_stage layer=11 stage=gate_up_fused seq_len=1 start_pos=64 elapsed_ms=6.061
kiln_profile_mlp_stage layer=11 stage=down_proj seq_len=1 start_pos=64 elapsed_ms=12.799
kiln_profile_gdn_stage layer=12 stage=in_proj seq_len=1 start_pos=64 elapsed_ms=3.367
kiln_profile_gdn_stage layer=12 stage=qkv_conv_norm seq_len=1 start_pos=64 elapsed_ms=0.246
kiln_profile_gdn_stage layer=12 stage=gates_recur_gated_norm seq_len=1 start_pos=64 elapsed_ms=0.379
kiln_profile_gdn_stage layer=12 stage=post_transpose seq_len=1 start_pos=64 elapsed_ms=0.000
kiln_profile_gdn_stage layer=12 stage=gated_norm seq_len=1 start_pos=64 elapsed_ms=0.002
kiln_profile_gdn_stage layer=12 stage=out_proj seq_len=1 start_pos=64 elapsed_ms=1.266
kiln_profile_mlp_stage layer=12 stage=gate_up_fused seq_len=1 start_pos=64 elapsed_ms=5.013
kiln_profile_mlp_stage layer=12 stage=down_proj seq_len=1 start_pos=64 elapsed_ms=2.421
kiln_profile_gdn_stage layer=13 stage=in_proj seq_len=1 start_pos=64 elapsed_ms=3.708
kiln_profile_gdn_stage layer=13 stage=qkv_conv_norm seq_len=1 start_pos=64 elapsed_ms=0.518
kiln_profile_gdn_stage layer=13 stage=gates_recur_gated_norm seq_len=1 start_pos=64 elapsed_ms=0.627
kiln_profile_gdn_stage layer=13 stage=post_transpose seq_len=1 start_pos=64 elapsed_ms=0.000
kiln_profile_gdn_stage layer=13 stage=gated_norm seq_len=1 start_pos=64 elapsed_ms=0.002
kiln_profile_gdn_stage layer=13 stage=out_proj seq_len=1 start_pos=64 elapsed_ms=1.278
kiln_profile_mlp_stage layer=13 stage=gate_up_fused seq_len=1 start_pos=64 elapsed_ms=4.694
kiln_profile_mlp_stage layer=13 stage=down_proj seq_len=1 start_pos=64 elapsed_ms=2.502
kiln_profile_gdn_stage layer=14 stage=in_proj seq_len=1 start_pos=64 elapsed_ms=3.524
kiln_profile_gdn_stage layer=14 stage=qkv_conv_norm seq_len=1 start_pos=64 elapsed_ms=0.228
kiln_profile_gdn_stage layer=14 stage=gates_recur_gated_norm seq_len=1 start_pos=64 elapsed_ms=0.405
kiln_profile_gdn_stage layer=14 stage=post_transpose seq_len=1 start_pos=64 elapsed_ms=0.000
kiln_profile_gdn_stage layer=14 stage=gated_norm seq_len=1 start_pos=64 elapsed_ms=0.001
kiln_profile_gdn_stage layer=14 stage=out_proj seq_len=1 start_pos=64 elapsed_ms=1.293
kiln_profile_mlp_stage layer=14 stage=gate_up_fused seq_len=1 start_pos=64 elapsed_ms=4.922
kiln_profile_mlp_stage layer=14 stage=down_proj seq_len=1 start_pos=64 elapsed_ms=2.587
kiln_profile_full_attn_stage full_attn_layer=3 stage=qkv_proj seq_len=1 start_pos=64 elapsed_ms=3.021
kiln_profile_full_attn_stage full_attn_layer=3 stage=qkv_split seq_len=1 start_pos=64 elapsed_ms=0.262
kiln_profile_full_attn_stage full_attn_layer=3 stage=qk_norm seq_len=1 start_pos=64 elapsed_ms=0.227
kiln_profile_full_attn_stage full_attn_layer=3 stage=rope seq_len=1 start_pos=64 elapsed_ms=0.175
kiln_profile_full_attn_stage full_attn_layer=3 stage=q_transpose seq_len=1 start_pos=64 elapsed_ms=0.001
kiln_profile_full_attn_stage full_attn_layer=3 stage=kv_write seq_len=1 start_pos=64 elapsed_ms=0.233
kiln_profile_full_attn_stage full_attn_layer=3 stage=decode_attn_contiguous seq_len=1 start_pos=64 elapsed_ms=0.264
kiln_profile_full_attn_stage full_attn_layer=3 stage=attn_gate seq_len=1 start_pos=64 elapsed_ms=0.195
kiln_profile_full_attn_stage full_attn_layer=3 stage=o_proj seq_len=1 start_pos=64 elapsed_ms=1.664
kiln_profile_mlp_stage layer=15 stage=gate_up_fused seq_len=1 start_pos=64 elapsed_ms=6.615
kiln_profile_mlp_stage layer=15 stage=down_proj seq_len=1 start_pos=64 elapsed_ms=2.561
kiln_profile_gdn_stage layer=16 stage=in_proj seq_len=1 start_pos=64 elapsed_ms=4.186
kiln_profile_gdn_stage layer=16 stage=qkv_conv_norm seq_len=1 start_pos=64 elapsed_ms=0.371
kiln_profile_gdn_stage layer=16 stage=gates_recur_gated_norm seq_len=1 start_pos=64 elapsed_ms=0.529
kiln_profile_gdn_stage layer=16 stage=post_transpose seq_len=1 start_pos=64 elapsed_ms=0.000
kiln_profile_gdn_stage layer=16 stage=gated_norm seq_len=1 start_pos=64 elapsed_ms=0.002
kiln_profile_gdn_stage layer=16 stage=out_proj seq_len=1 start_pos=64 elapsed_ms=1.715
kiln_profile_mlp_stage layer=16 stage=gate_up_fused seq_len=1 start_pos=64 elapsed_ms=5.962
kiln_profile_mlp_stage layer=16 stage=down_proj seq_len=1 start_pos=64 elapsed_ms=2.506
kiln_profile_gdn_stage layer=17 stage=in_proj seq_len=1 start_pos=64 elapsed_ms=4.155
kiln_profile_gdn_stage layer=17 stage=qkv_conv_norm seq_len=1 start_pos=64 elapsed_ms=0.340
kiln_profile_gdn_stage layer=17 stage=gates_recur_gated_norm seq_len=1 start_pos=64 elapsed_ms=0.480
kiln_profile_gdn_stage layer=17 stage=post_transpose seq_len=1 start_pos=64 elapsed_ms=0.000
kiln_profile_gdn_stage layer=17 stage=gated_norm seq_len=1 start_pos=64 elapsed_ms=0.002
kiln_profile_gdn_stage layer=17 stage=out_proj seq_len=1 start_pos=64 elapsed_ms=1.408
kiln_profile_mlp_stage layer=17 stage=gate_up_fused seq_len=1 start_pos=64 elapsed_ms=9.337
kiln_profile_mlp_stage layer=17 stage=down_proj seq_len=1 start_pos=64 elapsed_ms=2.591
kiln_profile_gdn_stage layer=18 stage=in_proj seq_len=1 start_pos=64 elapsed_ms=3.908
kiln_profile_gdn_stage layer=18 stage=qkv_conv_norm seq_len=1 start_pos=64 elapsed_ms=0.287
kiln_profile_gdn_stage layer=18 stage=gates_recur_gated_norm seq_len=1 start_pos=64 elapsed_ms=0.446
kiln_profile_gdn_stage layer=18 stage=post_transpose seq_len=1 start_pos=64 elapsed_ms=0.000
kiln_profile_gdn_stage layer=18 stage=gated_norm seq_len=1 start_pos=64 elapsed_ms=0.002
kiln_profile_gdn_stage layer=18 stage=out_proj seq_len=1 start_pos=64 elapsed_ms=1.331
kiln_profile_mlp_stage layer=18 stage=gate_up_fused seq_len=1 start_pos=64 elapsed_ms=5.471
kiln_profile_mlp_stage layer=18 stage=down_proj seq_len=1 start_pos=64 elapsed_ms=2.949
kiln_profile_full_attn_stage full_attn_layer=4 stage=qkv_proj seq_len=1 start_pos=64 elapsed_ms=3.255
kiln_profile_full_attn_stage full_attn_layer=4 stage=qkv_split seq_len=1 start_pos=64 elapsed_ms=0.321
kiln_profile_full_attn_stage full_attn_layer=4 stage=qk_norm seq_len=1 start_pos=64 elapsed_ms=0.281
kiln_profile_full_attn_stage full_attn_layer=4 stage=rope seq_len=1 start_pos=64 elapsed_ms=0.242
kiln_profile_full_attn_stage full_attn_layer=4 stage=q_transpose seq_len=1 start_pos=64 elapsed_ms=0.002
kiln_profile_full_attn_stage full_attn_layer=4 stage=kv_write seq_len=1 start_pos=64 elapsed_ms=0.267
kiln_profile_full_attn_stage full_attn_layer=4 stage=decode_attn_contiguous seq_len=1 start_pos=64 elapsed_ms=0.289
kiln_profile_full_attn_stage full_attn_layer=4 stage=attn_gate seq_len=1 start_pos=64 elapsed_ms=0.227
kiln_profile_full_attn_stage full_attn_layer=4 stage=o_proj seq_len=1 start_pos=64 elapsed_ms=1.447
kiln_profile_mlp_stage layer=19 stage=gate_up_fused seq_len=1 start_pos=64 elapsed_ms=6.397
kiln_profile_mlp_stage layer=19 stage=down_proj seq_len=1 start_pos=64 elapsed_ms=2.930
kiln_profile_gdn_stage layer=20 stage=in_proj seq_len=1 start_pos=64 elapsed_ms=4.591
kiln_profile_gdn_stage layer=20 stage=qkv_conv_norm seq_len=1 start_pos=64 elapsed_ms=0.267
kiln_profile_gdn_stage layer=20 stage=gates_recur_gated_norm seq_len=1 start_pos=64 elapsed_ms=0.489
kiln_profile_gdn_stage layer=20 stage=post_transpose seq_len=1 start_pos=64 elapsed_ms=0.000
kiln_profile_gdn_stage layer=20 stage=gated_norm seq_len=1 start_pos=64 elapsed_ms=0.002
kiln_profile_gdn_stage layer=20 stage=out_proj seq_len=1 start_pos=64 elapsed_ms=1.520
kiln_profile_mlp_stage layer=20 stage=gate_up_fused seq_len=1 start_pos=64 elapsed_ms=6.208
kiln_profile_mlp_stage layer=20 stage=down_proj seq_len=1 start_pos=64 elapsed_ms=2.957
kiln_profile_gdn_stage layer=21 stage=in_proj seq_len=1 start_pos=64 elapsed_ms=4.327
kiln_profile_gdn_stage layer=21 stage=qkv_conv_norm seq_len=1 start_pos=64 elapsed_ms=0.233
kiln_profile_gdn_stage layer=21 stage=gates_recur_gated_norm seq_len=1 start_pos=64 elapsed_ms=0.426
kiln_profile_gdn_stage layer=21 stage=post_transpose seq_len=1 start_pos=64 elapsed_ms=0.000
kiln_profile_gdn_stage layer=21 stage=gated_norm seq_len=1 start_pos=64 elapsed_ms=0.002
kiln_profile_gdn_stage layer=21 stage=out_proj seq_len=1 start_pos=64 elapsed_ms=1.431
kiln_profile_mlp_stage layer=21 stage=gate_up_fused seq_len=1 start_pos=64 elapsed_ms=8.116
kiln_profile_mlp_stage layer=21 stage=down_proj seq_len=1 start_pos=64 elapsed_ms=3.039
kiln_profile_gdn_stage layer=22 stage=in_proj seq_len=1 start_pos=64 elapsed_ms=4.678
kiln_profile_gdn_stage layer=22 stage=qkv_conv_norm seq_len=1 start_pos=64 elapsed_ms=0.298
kiln_profile_gdn_stage layer=22 stage=gates_recur_gated_norm seq_len=1 start_pos=64 elapsed_ms=0.519
kiln_profile_gdn_stage layer=22 stage=post_transpose seq_len=1 start_pos=64 elapsed_ms=0.000
kiln_profile_gdn_stage layer=22 stage=gated_norm seq_len=1 start_pos=64 elapsed_ms=0.002
kiln_profile_gdn_stage layer=22 stage=out_proj seq_len=1 start_pos=64 elapsed_ms=1.630
kiln_profile_mlp_stage layer=22 stage=gate_up_fused seq_len=1 start_pos=64 elapsed_ms=4.413
kiln_profile_mlp_stage layer=22 stage=down_proj seq_len=1 start_pos=64 elapsed_ms=1.231
kiln_profile_full_attn_stage full_attn_layer=5 stage=qkv_proj seq_len=1 start_pos=64 elapsed_ms=1.392
kiln_profile_full_attn_stage full_attn_layer=5 stage=qkv_split seq_len=1 start_pos=64 elapsed_ms=0.280
kiln_profile_full_attn_stage full_attn_layer=5 stage=qk_norm seq_len=1 start_pos=64 elapsed_ms=0.260
kiln_profile_full_attn_stage full_attn_layer=5 stage=rope seq_len=1 start_pos=64 elapsed_ms=0.214
kiln_profile_full_attn_stage full_attn_layer=5 stage=q_transpose seq_len=1 start_pos=64 elapsed_ms=0.001
kiln_profile_full_attn_stage full_attn_layer=5 stage=kv_write seq_len=1 start_pos=64 elapsed_ms=0.190
kiln_profile_full_attn_stage full_attn_layer=5 stage=decode_attn_contiguous seq_len=1 start_pos=64 elapsed_ms=0.258
kiln_profile_full_attn_stage full_attn_layer=5 stage=attn_gate seq_len=1 start_pos=64 elapsed_ms=0.222
kiln_profile_full_attn_stage full_attn_layer=5 stage=o_proj seq_len=1 start_pos=64 elapsed_ms=0.698
kiln_profile_mlp_stage layer=23 stage=gate_up_fused seq_len=1 start_pos=64 elapsed_ms=2.125
kiln_profile_mlp_stage layer=23 stage=down_proj seq_len=1 start_pos=64 elapsed_ms=1.157
kiln_profile_gdn_stage layer=24 stage=in_proj seq_len=1 start_pos=64 elapsed_ms=2.112
kiln_profile_gdn_stage layer=24 stage=qkv_conv_norm seq_len=1 start_pos=64 elapsed_ms=0.226
kiln_profile_gdn_stage layer=24 stage=gates_recur_gated_norm seq_len=1 start_pos=64 elapsed_ms=0.379
kiln_profile_gdn_stage layer=24 stage=post_transpose seq_len=1 start_pos=64 elapsed_ms=0.000
kiln_profile_gdn_stage layer=24 stage=gated_norm seq_len=1 start_pos=64 elapsed_ms=0.001
kiln_profile_gdn_stage layer=24 stage=out_proj seq_len=1 start_pos=64 elapsed_ms=0.660
kiln_profile_mlp_stage layer=24 stage=gate_up_fused seq_len=1 start_pos=64 elapsed_ms=2.862
kiln_profile_mlp_stage layer=24 stage=down_proj seq_len=1 start_pos=64 elapsed_ms=1.370
kiln_profile_gdn_stage layer=25 stage=in_proj seq_len=1 start_pos=64 elapsed_ms=2.469
kiln_profile_gdn_stage layer=25 stage=qkv_conv_norm seq_len=1 start_pos=64 elapsed_ms=0.346
kiln_profile_gdn_stage layer=25 stage=gates_recur_gated_norm seq_len=1 start_pos=64 elapsed_ms=0.486
kiln_profile_gdn_stage layer=25 stage=post_transpose seq_len=1 start_pos=64 elapsed_ms=0.000
kiln_profile_gdn_stage layer=25 stage=gated_norm seq_len=1 start_pos=64 elapsed_ms=0.001
kiln_profile_gdn_stage layer=25 stage=out_proj seq_len=1 start_pos=64 elapsed_ms=0.802
kiln_profile_mlp_stage layer=25 stage=gate_up_fused seq_len=1 start_pos=64 elapsed_ms=2.459
kiln_profile_mlp_stage layer=25 stage=down_proj seq_len=1 start_pos=64 elapsed_ms=1.359
kiln_profile_gdn_stage layer=26 stage=in_proj seq_len=1 start_pos=64 elapsed_ms=1.975
kiln_profile_gdn_stage layer=26 stage=qkv_conv_norm seq_len=1 start_pos=64 elapsed_ms=0.364
kiln_profile_gdn_stage layer=26 stage=gates_recur_gated_norm seq_len=1 start_pos=64 elapsed_ms=0.517
kiln_profile_gdn_stage layer=26 stage=post_transpose seq_len=1 start_pos=64 elapsed_ms=0.000
kiln_profile_gdn_stage layer=26 stage=gated_norm seq_len=1 start_pos=64 elapsed_ms=0.001
kiln_profile_gdn_stage layer=26 stage=out_proj seq_len=1 start_pos=64 elapsed_ms=0.814
kiln_profile_mlp_stage layer=26 stage=gate_up_fused seq_len=1 start_pos=64 elapsed_ms=2.479
kiln_profile_mlp_stage layer=26 stage=down_proj seq_len=1 start_pos=64 elapsed_ms=1.327
kiln_profile_full_attn_stage full_attn_layer=6 stage=qkv_proj seq_len=1 start_pos=64 elapsed_ms=1.494
kiln_profile_full_attn_stage full_attn_layer=6 stage=qkv_split seq_len=1 start_pos=64 elapsed_ms=0.416
kiln_profile_full_attn_stage full_attn_layer=6 stage=qk_norm seq_len=1 start_pos=64 elapsed_ms=0.393
kiln_profile_full_attn_stage full_attn_layer=6 stage=rope seq_len=1 start_pos=64 elapsed_ms=0.317
kiln_profile_full_attn_stage full_attn_layer=6 stage=q_transpose seq_len=1 start_pos=64 elapsed_ms=0.001
kiln_profile_full_attn_stage full_attn_layer=6 stage=kv_write seq_len=1 start_pos=64 elapsed_ms=0.322
kiln_profile_full_attn_stage full_attn_layer=6 stage=decode_attn_contiguous seq_len=1 start_pos=64 elapsed_ms=0.398
kiln_profile_full_attn_stage full_attn_layer=6 stage=attn_gate seq_len=1 start_pos=64 elapsed_ms=0.290
kiln_profile_full_attn_stage full_attn_layer=6 stage=o_proj seq_len=1 start_pos=64 elapsed_ms=0.863
kiln_profile_mlp_stage layer=27 stage=gate_up_fused seq_len=1 start_pos=64 elapsed_ms=2.460
kiln_profile_mlp_stage layer=27 stage=down_proj seq_len=1 start_pos=64 elapsed_ms=1.193
kiln_profile_gdn_stage layer=28 stage=in_proj seq_len=1 start_pos=64 elapsed_ms=1.827
kiln_profile_gdn_stage layer=28 stage=qkv_conv_norm seq_len=1 start_pos=64 elapsed_ms=1.469
kiln_profile_gdn_stage layer=28 stage=gates_recur_gated_norm seq_len=1 start_pos=64 elapsed_ms=0.436
kiln_profile_gdn_stage layer=28 stage=post_transpose seq_len=1 start_pos=64 elapsed_ms=0.000
kiln_profile_gdn_stage layer=28 stage=gated_norm seq_len=1 start_pos=64 elapsed_ms=0.001
kiln_profile_gdn_stage layer=28 stage=out_proj seq_len=1 start_pos=64 elapsed_ms=1.017
kiln_profile_mlp_stage layer=28 stage=gate_up_fused seq_len=1 start_pos=64 elapsed_ms=1.834
kiln_profile_mlp_stage layer=28 stage=down_proj seq_len=1 start_pos=64 elapsed_ms=1.159
kiln_profile_gdn_stage layer=29 stage=in_proj seq_len=1 start_pos=64 elapsed_ms=1.588
kiln_profile_gdn_stage layer=29 stage=qkv_conv_norm seq_len=1 start_pos=64 elapsed_ms=0.183
kiln_profile_gdn_stage layer=29 stage=gates_recur_gated_norm seq_len=1 start_pos=64 elapsed_ms=0.305
kiln_profile_gdn_stage layer=29 stage=post_transpose seq_len=1 start_pos=64 elapsed_ms=0.000
kiln_profile_gdn_stage layer=29 stage=gated_norm seq_len=1 start_pos=64 elapsed_ms=0.001
kiln_profile_gdn_stage layer=29 stage=out_proj seq_len=1 start_pos=64 elapsed_ms=0.688
kiln_profile_mlp_stage layer=29 stage=gate_up_fused seq_len=1 start_pos=64 elapsed_ms=2.042
kiln_profile_mlp_stage layer=29 stage=down_proj seq_len=1 start_pos=64 elapsed_ms=1.133
kiln_profile_gdn_stage layer=30 stage=in_proj seq_len=1 start_pos=64 elapsed_ms=1.619
kiln_profile_gdn_stage layer=30 stage=qkv_conv_norm seq_len=1 start_pos=64 elapsed_ms=0.205
kiln_profile_gdn_stage layer=30 stage=gates_recur_gated_norm seq_len=1 start_pos=64 elapsed_ms=0.301
kiln_profile_gdn_stage layer=30 stage=post_transpose seq_len=1 start_pos=64 elapsed_ms=0.000
kiln_profile_gdn_stage layer=30 stage=gated_norm seq_len=1 start_pos=64 elapsed_ms=0.001
kiln_profile_gdn_stage layer=30 stage=out_proj seq_len=1 start_pos=64 elapsed_ms=0.662
kiln_profile_mlp_stage layer=30 stage=gate_up_fused seq_len=1 start_pos=64 elapsed_ms=1.899
kiln_profile_mlp_stage layer=30 stage=down_proj seq_len=1 start_pos=64 elapsed_ms=1.123
kiln_profile_full_attn_stage full_attn_layer=7 stage=qkv_proj seq_len=1 start_pos=64 elapsed_ms=1.310
kiln_profile_full_attn_stage full_attn_layer=7 stage=qkv_split seq_len=1 start_pos=64 elapsed_ms=0.236
kiln_profile_full_attn_stage full_attn_layer=7 stage=qk_norm seq_len=1 start_pos=64 elapsed_ms=0.204
kiln_profile_full_attn_stage full_attn_layer=7 stage=rope seq_len=1 start_pos=64 elapsed_ms=0.179
kiln_profile_full_attn_stage full_attn_layer=7 stage=q_transpose seq_len=1 start_pos=64 elapsed_ms=0.002
kiln_profile_full_attn_stage full_attn_layer=7 stage=kv_write seq_len=1 start_pos=64 elapsed_ms=0.186
kiln_profile_full_attn_stage full_attn_layer=7 stage=decode_attn_contiguous seq_len=1 start_pos=64 elapsed_ms=0.214
kiln_profile_full_attn_stage full_attn_layer=7 stage=attn_gate seq_len=1 start_pos=64 elapsed_ms=0.256
kiln_profile_full_attn_stage full_attn_layer=7 stage=o_proj seq_len=1 start_pos=64 elapsed_ms=0.694
kiln_profile_mlp_stage layer=31 stage=gate_up_fused seq_len=1 start_pos=64 elapsed_ms=1.970
kiln_profile_mlp_stage layer=31 stage=down_proj seq_len=1 start_pos=64 elapsed_ms=1.114
kiln_profile_gdn_stage layer=0 stage=in_proj seq_len=1 start_pos=65 elapsed_ms=1.347
kiln_profile_gdn_stage layer=0 stage=qkv_conv_norm seq_len=1 start_pos=65 elapsed_ms=0.201
kiln_profile_gdn_stage layer=0 stage=gates_recur_gated_norm seq_len=1 start_pos=65 elapsed_ms=0.315
kiln_profile_gdn_stage layer=0 stage=post_transpose seq_len=1 start_pos=65 elapsed_ms=0.000
kiln_profile_gdn_stage layer=0 stage=gated_norm seq_len=1 start_pos=65 elapsed_ms=0.002
kiln_profile_gdn_stage layer=0 stage=out_proj seq_len=1 start_pos=65 elapsed_ms=0.681
kiln_profile_mlp_stage layer=0 stage=gate_up_fused seq_len=1 start_pos=65 elapsed_ms=1.810
kiln_profile_mlp_stage layer=0 stage=down_proj seq_len=1 start_pos=65 elapsed_ms=1.129
kiln_profile_gdn_stage layer=1 stage=in_proj seq_len=1 start_pos=65 elapsed_ms=1.318
kiln_profile_gdn_stage layer=1 stage=qkv_conv_norm seq_len=1 start_pos=65 elapsed_ms=0.254
kiln_profile_gdn_stage layer=1 stage=gates_recur_gated_norm seq_len=1 start_pos=65 elapsed_ms=0.339
kiln_profile_gdn_stage layer=1 stage=post_transpose seq_len=1 start_pos=65 elapsed_ms=0.000
kiln_profile_gdn_stage layer=1 stage=gated_norm seq_len=1 start_pos=65 elapsed_ms=0.002
kiln_profile_gdn_stage layer=1 stage=out_proj seq_len=1 start_pos=65 elapsed_ms=0.727
kiln_profile_mlp_stage layer=1 stage=gate_up_fused seq_len=1 start_pos=65 elapsed_ms=1.728
kiln_profile_mlp_stage layer=1 stage=down_proj seq_len=1 start_pos=65 elapsed_ms=1.120
kiln_profile_gdn_stage layer=2 stage=in_proj seq_len=1 start_pos=65 elapsed_ms=2.607
kiln_profile_gdn_stage layer=2 stage=qkv_conv_norm seq_len=1 start_pos=65 elapsed_ms=0.355
kiln_profile_gdn_stage layer=2 stage=gates_recur_gated_norm seq_len=1 start_pos=65 elapsed_ms=0.376
kiln_profile_gdn_stage layer=2 stage=post_transpose seq_len=1 start_pos=65 elapsed_ms=0.000
kiln_profile_gdn_stage layer=2 stage=gated_norm seq_len=1 start_pos=65 elapsed_ms=0.003
kiln_profile_gdn_stage layer=2 stage=out_proj seq_len=1 start_pos=65 elapsed_ms=0.750
kiln_profile_mlp_stage layer=2 stage=gate_up_fused seq_len=1 start_pos=65 elapsed_ms=2.004
kiln_profile_mlp_stage layer=2 stage=down_proj seq_len=1 start_pos=65 elapsed_ms=1.094
kiln_profile_full_attn_stage full_attn_layer=0 stage=qkv_proj seq_len=1 start_pos=65 elapsed_ms=1.308
kiln_profile_full_attn_stage full_attn_layer=0 stage=qkv_split seq_len=1 start_pos=65 elapsed_ms=0.272
kiln_profile_full_attn_stage full_attn_layer=0 stage=qk_norm seq_len=1 start_pos=65 elapsed_ms=0.237
kiln_profile_full_attn_stage full_attn_layer=0 stage=rope seq_len=1 start_pos=65 elapsed_ms=0.238
kiln_profile_full_attn_stage full_attn_layer=0 stage=q_transpose seq_len=1 start_pos=65 elapsed_ms=0.002
kiln_profile_full_attn_stage full_attn_layer=0 stage=kv_write seq_len=1 start_pos=65 elapsed_ms=0.211
kiln_profile_full_attn_stage full_attn_layer=0 stage=decode_attn_contiguous seq_len=1 start_pos=65 elapsed_ms=0.262
kiln_profile_full_attn_stage full_attn_layer=0 stage=attn_gate seq_len=1 start_pos=65 elapsed_ms=0.221
kiln_profile_full_attn_stage full_attn_layer=0 stage=o_proj seq_len=1 start_pos=65 elapsed_ms=0.675
kiln_profile_mlp_stage layer=3 stage=gate_up_fused seq_len=1 start_pos=65 elapsed_ms=1.924
kiln_profile_mlp_stage layer=3 stage=down_proj seq_len=1 start_pos=65 elapsed_ms=1.080
kiln_profile_gdn_stage layer=4 stage=in_proj seq_len=1 start_pos=65 elapsed_ms=1.344
kiln_profile_gdn_stage layer=4 stage=qkv_conv_norm seq_len=1 start_pos=65 elapsed_ms=0.210
kiln_profile_gdn_stage layer=4 stage=gates_recur_gated_norm seq_len=1 start_pos=65 elapsed_ms=0.290
kiln_profile_gdn_stage layer=4 stage=post_transpose seq_len=1 start_pos=65 elapsed_ms=0.000
kiln_profile_gdn_stage layer=4 stage=gated_norm seq_len=1 start_pos=65 elapsed_ms=0.002
kiln_profile_gdn_stage layer=4 stage=out_proj seq_len=1 start_pos=65 elapsed_ms=0.624
kiln_profile_mlp_stage layer=4 stage=gate_up_fused seq_len=1 start_pos=65 elapsed_ms=1.791
kiln_profile_mlp_stage layer=4 stage=down_proj seq_len=1 start_pos=65 elapsed_ms=1.088
kiln_profile_gdn_stage layer=5 stage=in_proj seq_len=1 start_pos=65 elapsed_ms=1.272
kiln_profile_gdn_stage layer=5 stage=qkv_conv_norm seq_len=1 start_pos=65 elapsed_ms=0.205
kiln_profile_gdn_stage layer=5 stage=gates_recur_gated_norm seq_len=1 start_pos=65 elapsed_ms=0.289
kiln_profile_gdn_stage layer=5 stage=post_transpose seq_len=1 start_pos=65 elapsed_ms=0.000
kiln_profile_gdn_stage layer=5 stage=gated_norm seq_len=1 start_pos=65 elapsed_ms=0.001
kiln_profile_gdn_stage layer=5 stage=out_proj seq_len=1 start_pos=65 elapsed_ms=0.670
kiln_profile_mlp_stage layer=5 stage=gate_up_fused seq_len=1 start_pos=65 elapsed_ms=1.764
kiln_profile_mlp_stage layer=5 stage=down_proj seq_len=1 start_pos=65 elapsed_ms=1.068
kiln_profile_gdn_stage layer=6 stage=in_proj seq_len=1 start_pos=65 elapsed_ms=1.302
kiln_profile_gdn_stage layer=6 stage=qkv_conv_norm seq_len=1 start_pos=65 elapsed_ms=0.217
kiln_profile_gdn_stage layer=6 stage=gates_recur_gated_norm seq_len=1 start_pos=65 elapsed_ms=0.287
kiln_profile_gdn_stage layer=6 stage=post_transpose seq_len=1 start_pos=65 elapsed_ms=0.000
kiln_profile_gdn_stage layer=6 stage=gated_norm seq_len=1 start_pos=65 elapsed_ms=0.001
kiln_profile_gdn_stage layer=6 stage=out_proj seq_len=1 start_pos=65 elapsed_ms=0.655
kiln_profile_mlp_stage layer=6 stage=gate_up_fused seq_len=1 start_pos=65 elapsed_ms=1.752
kiln_profile_mlp_stage layer=6 stage=down_proj seq_len=1 start_pos=65 elapsed_ms=1.111
kiln_profile_full_attn_stage full_attn_layer=1 stage=qkv_proj seq_len=1 start_pos=65 elapsed_ms=2.862
kiln_profile_full_attn_stage full_attn_layer=1 stage=qkv_split seq_len=1 start_pos=65 elapsed_ms=0.327
kiln_profile_full_attn_stage full_attn_layer=1 stage=qk_norm seq_len=1 start_pos=65 elapsed_ms=0.274
kiln_profile_full_attn_stage full_attn_layer=1 stage=rope seq_len=1 start_pos=65 elapsed_ms=0.284
kiln_profile_full_attn_stage full_attn_layer=1 stage=q_transpose seq_len=1 start_pos=65 elapsed_ms=0.002
kiln_profile_full_attn_stage full_attn_layer=1 stage=kv_write seq_len=1 start_pos=65 elapsed_ms=0.245
kiln_profile_full_attn_stage full_attn_layer=1 stage=decode_attn_contiguous seq_len=1 start_pos=65 elapsed_ms=0.313
kiln_profile_full_attn_stage full_attn_layer=1 stage=attn_gate seq_len=1 start_pos=65 elapsed_ms=0.266
kiln_profile_full_attn_stage full_attn_layer=1 stage=o_proj seq_len=1 start_pos=65 elapsed_ms=0.661
kiln_profile_mlp_stage layer=7 stage=gate_up_fused seq_len=1 start_pos=65 elapsed_ms=1.800
kiln_profile_mlp_stage layer=7 stage=down_proj seq_len=1 start_pos=65 elapsed_ms=1.124
kiln_profile_gdn_stage layer=8 stage=in_proj seq_len=1 start_pos=65 elapsed_ms=1.341
kiln_profile_gdn_stage layer=8 stage=qkv_conv_norm seq_len=1 start_pos=65 elapsed_ms=0.247
kiln_profile_gdn_stage layer=8 stage=gates_recur_gated_norm seq_len=1 start_pos=65 elapsed_ms=0.329
kiln_profile_gdn_stage layer=8 stage=post_transpose seq_len=1 start_pos=65 elapsed_ms=0.000
kiln_profile_gdn_stage layer=8 stage=gated_norm seq_len=1 start_pos=65 elapsed_ms=0.002
kiln_profile_gdn_stage layer=8 stage=out_proj seq_len=1 start_pos=65 elapsed_ms=0.711
kiln_profile_mlp_stage layer=8 stage=gate_up_fused seq_len=1 start_pos=65 elapsed_ms=1.832
kiln_profile_mlp_stage layer=8 stage=down_proj seq_len=1 start_pos=65 elapsed_ms=1.112
kiln_profile_gdn_stage layer=9 stage=in_proj seq_len=1 start_pos=65 elapsed_ms=1.392
kiln_profile_gdn_stage layer=9 stage=qkv_conv_norm seq_len=1 start_pos=65 elapsed_ms=0.232
kiln_profile_gdn_stage layer=9 stage=gates_recur_gated_norm seq_len=1 start_pos=65 elapsed_ms=0.310
kiln_profile_gdn_stage layer=9 stage=post_transpose seq_len=1 start_pos=65 elapsed_ms=0.000
kiln_profile_gdn_stage layer=9 stage=gated_norm seq_len=1 start_pos=65 elapsed_ms=0.001
kiln_profile_gdn_stage layer=9 stage=out_proj seq_len=1 start_pos=65 elapsed_ms=0.689
kiln_profile_mlp_stage layer=9 stage=gate_up_fused seq_len=1 start_pos=65 elapsed_ms=1.858
kiln_profile_mlp_stage layer=9 stage=down_proj seq_len=1 start_pos=65 elapsed_ms=1.132
kiln_profile_gdn_stage layer=10 stage=in_proj seq_len=1 start_pos=65 elapsed_ms=1.421
kiln_profile_gdn_stage layer=10 stage=qkv_conv_norm seq_len=1 start_pos=65 elapsed_ms=0.243
kiln_profile_gdn_stage layer=10 stage=gates_recur_gated_norm seq_len=1 start_pos=65 elapsed_ms=0.330
kiln_profile_gdn_stage layer=10 stage=post_transpose seq_len=1 start_pos=65 elapsed_ms=0.000
kiln_profile_gdn_stage layer=10 stage=gated_norm seq_len=1 start_pos=65 elapsed_ms=0.002
kiln_profile_gdn_stage layer=10 stage=out_proj seq_len=1 start_pos=65 elapsed_ms=0.680
kiln_profile_mlp_stage layer=10 stage=gate_up_fused seq_len=1 start_pos=65 elapsed_ms=1.862
kiln_profile_mlp_stage layer=10 stage=down_proj seq_len=1 start_pos=65 elapsed_ms=1.219
kiln_profile_full_attn_stage full_attn_layer=2 stage=qkv_proj seq_len=1 start_pos=65 elapsed_ms=1.350
kiln_profile_full_attn_stage full_attn_layer=2 stage=qkv_split seq_len=1 start_pos=65 elapsed_ms=0.246
kiln_profile_full_attn_stage full_attn_layer=2 stage=qk_norm seq_len=1 start_pos=65 elapsed_ms=0.237
kiln_profile_full_attn_stage full_attn_layer=2 stage=rope seq_len=1 start_pos=65 elapsed_ms=0.213
kiln_profile_full_attn_stage full_attn_layer=2 stage=q_transpose seq_len=1 start_pos=65 elapsed_ms=0.002
kiln_profile_full_attn_stage full_attn_layer=2 stage=kv_write seq_len=1 start_pos=65 elapsed_ms=0.218
kiln_profile_full_attn_stage full_attn_layer=2 stage=decode_attn_contiguous seq_len=1 start_pos=65 elapsed_ms=0.262
kiln_profile_full_attn_stage full_attn_layer=2 stage=attn_gate seq_len=1 start_pos=65 elapsed_ms=0.199
kiln_profile_full_attn_stage full_attn_layer=2 stage=o_proj seq_len=1 start_pos=65 elapsed_ms=0.660
kiln_profile_mlp_stage layer=11 stage=gate_up_fused seq_len=1 start_pos=65 elapsed_ms=1.902
kiln_profile_mlp_stage layer=11 stage=down_proj seq_len=1 start_pos=65 elapsed_ms=1.869
kiln_profile_gdn_stage layer=12 stage=in_proj seq_len=1 start_pos=65 elapsed_ms=1.427
kiln_profile_gdn_stage layer=12 stage=qkv_conv_norm seq_len=1 start_pos=65 elapsed_ms=0.234
kiln_profile_gdn_stage layer=12 stage=gates_recur_gated_norm seq_len=1 start_pos=65 elapsed_ms=0.305
kiln_profile_gdn_stage layer=12 stage=post_transpose seq_len=1 start_pos=65 elapsed_ms=0.000
kiln_profile_gdn_stage layer=12 stage=gated_norm seq_len=1 start_pos=65 elapsed_ms=0.003
kiln_profile_gdn_stage layer=12 stage=out_proj seq_len=1 start_pos=65 elapsed_ms=0.692
kiln_profile_mlp_stage layer=12 stage=gate_up_fused seq_len=1 start_pos=65 elapsed_ms=1.780
kiln_profile_mlp_stage layer=12 stage=down_proj seq_len=1 start_pos=65 elapsed_ms=1.116
kiln_profile_gdn_stage layer=13 stage=in_proj seq_len=1 start_pos=65 elapsed_ms=1.322
kiln_profile_gdn_stage layer=13 stage=qkv_conv_norm seq_len=1 start_pos=65 elapsed_ms=0.250
kiln_profile_gdn_stage layer=13 stage=gates_recur_gated_norm seq_len=1 start_pos=65 elapsed_ms=0.365
kiln_profile_gdn_stage layer=13 stage=post_transpose seq_len=1 start_pos=65 elapsed_ms=0.000
kiln_profile_gdn_stage layer=13 stage=gated_norm seq_len=1 start_pos=65 elapsed_ms=0.002
kiln_profile_gdn_stage layer=13 stage=out_proj seq_len=1 start_pos=65 elapsed_ms=0.682
kiln_profile_mlp_stage layer=13 stage=gate_up_fused seq_len=1 start_pos=65 elapsed_ms=1.755
kiln_profile_mlp_stage layer=13 stage=down_proj seq_len=1 start_pos=65 elapsed_ms=1.105
kiln_profile_gdn_stage layer=14 stage=in_proj seq_len=1 start_pos=65 elapsed_ms=1.335
kiln_profile_gdn_stage layer=14 stage=qkv_conv_norm seq_len=1 start_pos=65 elapsed_ms=0.257
kiln_profile_gdn_stage layer=14 stage=gates_recur_gated_norm seq_len=1 start_pos=65 elapsed_ms=0.304
kiln_profile_gdn_stage layer=14 stage=post_transpose seq_len=1 start_pos=65 elapsed_ms=0.000
kiln_profile_gdn_stage layer=14 stage=gated_norm seq_len=1 start_pos=65 elapsed_ms=0.002
kiln_profile_gdn_stage layer=14 stage=out_proj seq_len=1 start_pos=65 elapsed_ms=0.630
kiln_profile_mlp_stage layer=14 stage=gate_up_fused seq_len=1 start_pos=65 elapsed_ms=1.818
kiln_profile_mlp_stage layer=14 stage=down_proj seq_len=1 start_pos=65 elapsed_ms=1.114
kiln_profile_full_attn_stage full_attn_layer=3 stage=qkv_proj seq_len=1 start_pos=65 elapsed_ms=1.313
kiln_profile_full_attn_stage full_attn_layer=3 stage=qkv_split seq_len=1 start_pos=65 elapsed_ms=0.299
kiln_profile_full_attn_stage full_attn_layer=3 stage=qk_norm seq_len=1 start_pos=65 elapsed_ms=0.306
kiln_profile_full_attn_stage full_attn_layer=3 stage=rope seq_len=1 start_pos=65 elapsed_ms=0.263
kiln_profile_full_attn_stage full_attn_layer=3 stage=q_transpose seq_len=1 start_pos=65 elapsed_ms=0.002
kiln_profile_full_attn_stage full_attn_layer=3 stage=kv_write seq_len=1 start_pos=65 elapsed_ms=0.259
kiln_profile_full_attn_stage full_attn_layer=3 stage=decode_attn_contiguous seq_len=1 start_pos=65 elapsed_ms=0.267
kiln_profile_full_attn_stage full_attn_layer=3 stage=attn_gate seq_len=1 start_pos=65 elapsed_ms=0.270
kiln_profile_full_attn_stage full_attn_layer=3 stage=o_proj seq_len=1 start_pos=65 elapsed_ms=0.691
kiln_profile_mlp_stage layer=15 stage=gate_up_fused seq_len=1 start_pos=65 elapsed_ms=1.938
kiln_profile_mlp_stage layer=15 stage=down_proj seq_len=1 start_pos=65 elapsed_ms=1.204
kiln_profile_gdn_stage layer=16 stage=in_proj seq_len=1 start_pos=65 elapsed_ms=1.311
kiln_profile_gdn_stage layer=16 stage=qkv_conv_norm seq_len=1 start_pos=65 elapsed_ms=0.220
kiln_profile_gdn_stage layer=16 stage=gates_recur_gated_norm seq_len=1 start_pos=65 elapsed_ms=0.299
kiln_profile_gdn_stage layer=16 stage=post_transpose seq_len=1 start_pos=65 elapsed_ms=0.000
kiln_profile_gdn_stage layer=16 stage=gated_norm seq_len=1 start_pos=65 elapsed_ms=0.002
kiln_profile_gdn_stage layer=16 stage=out_proj seq_len=1 start_pos=65 elapsed_ms=0.622
kiln_profile_mlp_stage layer=16 stage=gate_up_fused seq_len=1 start_pos=65 elapsed_ms=1.865
kiln_profile_mlp_stage layer=16 stage=down_proj seq_len=1 start_pos=65 elapsed_ms=1.681
kiln_profile_gdn_stage layer=17 stage=in_proj seq_len=1 start_pos=65 elapsed_ms=1.320
kiln_profile_gdn_stage layer=17 stage=qkv_conv_norm seq_len=1 start_pos=65 elapsed_ms=0.213
kiln_profile_gdn_stage layer=17 stage=gates_recur_gated_norm seq_len=1 start_pos=65 elapsed_ms=0.284
kiln_profile_gdn_stage layer=17 stage=post_transpose seq_len=1 start_pos=65 elapsed_ms=0.000
kiln_profile_gdn_stage layer=17 stage=gated_norm seq_len=1 start_pos=65 elapsed_ms=0.001
kiln_profile_gdn_stage layer=17 stage=out_proj seq_len=1 start_pos=65 elapsed_ms=0.688
kiln_profile_mlp_stage layer=17 stage=gate_up_fused seq_len=1 start_pos=65 elapsed_ms=1.752
kiln_profile_mlp_stage layer=17 stage=down_proj seq_len=1 start_pos=65 elapsed_ms=1.095
kiln_profile_gdn_stage layer=18 stage=in_proj seq_len=1 start_pos=65 elapsed_ms=1.294
kiln_profile_gdn_stage layer=18 stage=qkv_conv_norm seq_len=1 start_pos=65 elapsed_ms=0.218
kiln_profile_gdn_stage layer=18 stage=gates_recur_gated_norm seq_len=1 start_pos=65 elapsed_ms=0.284
kiln_profile_gdn_stage layer=18 stage=post_transpose seq_len=1 start_pos=65 elapsed_ms=0.000
kiln_profile_gdn_stage layer=18 stage=gated_norm seq_len=1 start_pos=65 elapsed_ms=0.001
kiln_profile_gdn_stage layer=18 stage=out_proj seq_len=1 start_pos=65 elapsed_ms=0.635
kiln_profile_mlp_stage layer=18 stage=gate_up_fused seq_len=1 start_pos=65 elapsed_ms=1.753
kiln_profile_mlp_stage layer=18 stage=down_proj seq_len=1 start_pos=65 elapsed_ms=1.087
kiln_profile_full_attn_stage full_attn_layer=4 stage=qkv_proj seq_len=1 start_pos=65 elapsed_ms=1.260
kiln_profile_full_attn_stage full_attn_layer=4 stage=qkv_split seq_len=1 start_pos=65 elapsed_ms=0.222
kiln_profile_full_attn_stage full_attn_layer=4 stage=qk_norm seq_len=1 start_pos=65 elapsed_ms=0.204
kiln_profile_full_attn_stage full_attn_layer=4 stage=rope seq_len=1 start_pos=65 elapsed_ms=0.183
kiln_profile_full_attn_stage full_attn_layer=4 stage=q_transpose seq_len=1 start_pos=65 elapsed_ms=0.001
kiln_profile_full_attn_stage full_attn_layer=4 stage=kv_write seq_len=1 start_pos=65 elapsed_ms=0.198
kiln_profile_full_attn_stage full_attn_layer=4 stage=decode_attn_contiguous seq_len=1 start_pos=65 elapsed_ms=0.211
kiln_profile_full_attn_stage full_attn_layer=4 stage=attn_gate seq_len=1 start_pos=65 elapsed_ms=0.221
kiln_profile_full_attn_stage full_attn_layer=4 stage=o_proj seq_len=1 start_pos=65 elapsed_ms=0.633
kiln_profile_mlp_stage layer=19 stage=gate_up_fused seq_len=1 start_pos=65 elapsed_ms=1.763
kiln_profile_mlp_stage layer=19 stage=down_proj seq_len=1 start_pos=65 elapsed_ms=1.072
kiln_profile_gdn_stage layer=20 stage=in_proj seq_len=1 start_pos=65 elapsed_ms=1.356
kiln_profile_gdn_stage layer=20 stage=qkv_conv_norm seq_len=1 start_pos=65 elapsed_ms=0.290
kiln_profile_gdn_stage layer=20 stage=gates_recur_gated_norm seq_len=1 start_pos=65 elapsed_ms=0.397
kiln_profile_gdn_stage layer=20 stage=post_transpose seq_len=1 start_pos=65 elapsed_ms=0.000
kiln_profile_gdn_stage layer=20 stage=gated_norm seq_len=1 start_pos=65 elapsed_ms=0.002
kiln_profile_gdn_stage layer=20 stage=out_proj seq_len=1 start_pos=65 elapsed_ms=0.697
kiln_profile_mlp_stage layer=20 stage=gate_up_fused seq_len=1 start_pos=65 elapsed_ms=1.852
kiln_profile_mlp_stage layer=20 stage=down_proj seq_len=1 start_pos=65 elapsed_ms=1.145
kiln_profile_gdn_stage layer=21 stage=in_proj seq_len=1 start_pos=65 elapsed_ms=1.345
kiln_profile_gdn_stage layer=21 stage=qkv_conv_norm seq_len=1 start_pos=65 elapsed_ms=0.276
kiln_profile_gdn_stage layer=21 stage=gates_recur_gated_norm seq_len=1 start_pos=65 elapsed_ms=0.347
kiln_profile_gdn_stage layer=21 stage=post_transpose seq_len=1 start_pos=65 elapsed_ms=0.000
kiln_profile_gdn_stage layer=21 stage=gated_norm seq_len=1 start_pos=65 elapsed_ms=0.002
kiln_profile_gdn_stage layer=21 stage=out_proj seq_len=1 start_pos=65 elapsed_ms=0.707
kiln_profile_mlp_stage layer=21 stage=gate_up_fused seq_len=1 start_pos=65 elapsed_ms=1.813
kiln_profile_mlp_stage layer=21 stage=down_proj seq_len=1 start_pos=65 elapsed_ms=1.165
kiln_profile_gdn_stage layer=22 stage=in_proj seq_len=1 start_pos=65 elapsed_ms=2.648
kiln_profile_gdn_stage layer=22 stage=qkv_conv_norm seq_len=1 start_pos=65 elapsed_ms=0.232
kiln_profile_gdn_stage layer=22 stage=gates_recur_gated_norm seq_len=1 start_pos=65 elapsed_ms=0.313
kiln_profile_gdn_stage layer=22 stage=post_transpose seq_len=1 start_pos=65 elapsed_ms=0.000
kiln_profile_gdn_stage layer=22 stage=gated_norm seq_len=1 start_pos=65 elapsed_ms=0.002
kiln_profile_gdn_stage layer=22 stage=out_proj seq_len=1 start_pos=65 elapsed_ms=0.680
kiln_profile_mlp_stage layer=22 stage=gate_up_fused seq_len=1 start_pos=65 elapsed_ms=1.786
kiln_profile_mlp_stage layer=22 stage=down_proj seq_len=1 start_pos=65 elapsed_ms=1.132
kiln_profile_full_attn_stage full_attn_layer=5 stage=qkv_proj seq_len=1 start_pos=65 elapsed_ms=1.281
kiln_profile_full_attn_stage full_attn_layer=5 stage=qkv_split seq_len=1 start_pos=65 elapsed_ms=0.272
kiln_profile_full_attn_stage full_attn_layer=5 stage=qk_norm seq_len=1 start_pos=65 elapsed_ms=0.221
kiln_profile_full_attn_stage full_attn_layer=5 stage=rope seq_len=1 start_pos=65 elapsed_ms=0.222
kiln_profile_full_attn_stage full_attn_layer=5 stage=q_transpose seq_len=1 start_pos=65 elapsed_ms=0.002
kiln_profile_full_attn_stage full_attn_layer=5 stage=kv_write seq_len=1 start_pos=65 elapsed_ms=0.205
kiln_profile_full_attn_stage full_attn_layer=5 stage=decode_attn_contiguous seq_len=1 start_pos=65 elapsed_ms=0.252
kiln_profile_full_attn_stage full_attn_layer=5 stage=attn_gate seq_len=1 start_pos=65 elapsed_ms=0.219
kiln_profile_full_attn_stage full_attn_layer=5 stage=o_proj seq_len=1 start_pos=65 elapsed_ms=0.664
kiln_profile_mlp_stage layer=23 stage=gate_up_fused seq_len=1 start_pos=65 elapsed_ms=1.931
kiln_profile_mlp_stage layer=23 stage=down_proj seq_len=1 start_pos=65 elapsed_ms=1.154
kiln_profile_gdn_stage layer=24 stage=in_proj seq_len=1 start_pos=65 elapsed_ms=1.408
kiln_profile_gdn_stage layer=24 stage=qkv_conv_norm seq_len=1 start_pos=65 elapsed_ms=0.316
kiln_profile_gdn_stage layer=24 stage=gates_recur_gated_norm seq_len=1 start_pos=65 elapsed_ms=0.337
kiln_profile_gdn_stage layer=24 stage=post_transpose seq_len=1 start_pos=65 elapsed_ms=0.000
kiln_profile_gdn_stage layer=24 stage=gated_norm seq_len=1 start_pos=65 elapsed_ms=0.002
kiln_profile_gdn_stage layer=24 stage=out_proj seq_len=1 start_pos=65 elapsed_ms=0.670
kiln_profile_mlp_stage layer=24 stage=gate_up_fused seq_len=1 start_pos=65 elapsed_ms=1.813
kiln_profile_mlp_stage layer=24 stage=down_proj seq_len=1 start_pos=65 elapsed_ms=1.134
kiln_profile_gdn_stage layer=25 stage=in_proj seq_len=1 start_pos=65 elapsed_ms=1.310
kiln_profile_gdn_stage layer=25 stage=qkv_conv_norm seq_len=1 start_pos=65 elapsed_ms=0.267
kiln_profile_gdn_stage layer=25 stage=gates_recur_gated_norm seq_len=1 start_pos=65 elapsed_ms=0.366
kiln_profile_gdn_stage layer=25 stage=post_transpose seq_len=1 start_pos=65 elapsed_ms=0.003
kiln_profile_gdn_stage layer=25 stage=gated_norm seq_len=1 start_pos=65 elapsed_ms=0.005
kiln_profile_gdn_stage layer=25 stage=out_proj seq_len=1 start_pos=65 elapsed_ms=0.706
kiln_profile_mlp_stage layer=25 stage=gate_up_fused seq_len=1 start_pos=65 elapsed_ms=1.843
kiln_profile_mlp_stage layer=25 stage=down_proj seq_len=1 start_pos=65 elapsed_ms=1.187
kiln_profile_gdn_stage layer=26 stage=in_proj seq_len=1 start_pos=65 elapsed_ms=1.327
kiln_profile_gdn_stage layer=26 stage=qkv_conv_norm seq_len=1 start_pos=65 elapsed_ms=0.222
kiln_profile_gdn_stage layer=26 stage=gates_recur_gated_norm seq_len=1 start_pos=65 elapsed_ms=0.304
kiln_profile_gdn_stage layer=26 stage=post_transpose seq_len=1 start_pos=65 elapsed_ms=0.002
kiln_profile_gdn_stage layer=26 stage=gated_norm seq_len=1 start_pos=65 elapsed_ms=0.005
kiln_profile_gdn_stage layer=26 stage=out_proj seq_len=1 start_pos=65 elapsed_ms=0.697
kiln_profile_mlp_stage layer=26 stage=gate_up_fused seq_len=1 start_pos=65 elapsed_ms=1.857
kiln_profile_mlp_stage layer=26 stage=down_proj seq_len=1 start_pos=65 elapsed_ms=1.372
kiln_profile_full_attn_stage full_attn_layer=6 stage=qkv_proj seq_len=1 start_pos=65 elapsed_ms=1.658
kiln_profile_full_attn_stage full_attn_layer=6 stage=qkv_split seq_len=1 start_pos=65 elapsed_ms=0.300
kiln_profile_full_attn_stage full_attn_layer=6 stage=qk_norm seq_len=1 start_pos=65 elapsed_ms=0.286
kiln_profile_full_attn_stage full_attn_layer=6 stage=rope seq_len=1 start_pos=65 elapsed_ms=0.247
kiln_profile_full_attn_stage full_attn_layer=6 stage=q_transpose seq_len=1 start_pos=65 elapsed_ms=0.002
kiln_profile_full_attn_stage full_attn_layer=6 stage=kv_write seq_len=1 start_pos=65 elapsed_ms=0.263
kiln_profile_full_attn_stage full_attn_layer=6 stage=decode_attn_contiguous seq_len=1 start_pos=65 elapsed_ms=0.282
kiln_profile_full_attn_stage full_attn_layer=6 stage=attn_gate seq_len=1 start_pos=65 elapsed_ms=0.241
kiln_profile_full_attn_stage full_attn_layer=6 stage=o_proj seq_len=1 start_pos=65 elapsed_ms=0.678
kiln_profile_mlp_stage layer=27 stage=gate_up_fused seq_len=1 start_pos=65 elapsed_ms=1.832
kiln_profile_mlp_stage layer=27 stage=down_proj seq_len=1 start_pos=65 elapsed_ms=1.147
kiln_profile_gdn_stage layer=28 stage=in_proj seq_len=1 start_pos=65 elapsed_ms=1.354
kiln_profile_gdn_stage layer=28 stage=qkv_conv_norm seq_len=1 start_pos=65 elapsed_ms=0.322
kiln_profile_gdn_stage layer=28 stage=gates_recur_gated_norm seq_len=1 start_pos=65 elapsed_ms=0.409
kiln_profile_gdn_stage layer=28 stage=post_transpose seq_len=1 start_pos=65 elapsed_ms=0.001
kiln_profile_gdn_stage layer=28 stage=gated_norm seq_len=1 start_pos=65 elapsed_ms=0.003
kiln_profile_gdn_stage layer=28 stage=out_proj seq_len=1 start_pos=65 elapsed_ms=0.754
kiln_profile_mlp_stage layer=28 stage=gate_up_fused seq_len=1 start_pos=65 elapsed_ms=1.815
kiln_profile_mlp_stage layer=28 stage=down_proj seq_len=1 start_pos=65 elapsed_ms=1.136
kiln_profile_gdn_stage layer=29 stage=in_proj seq_len=1 start_pos=65 elapsed_ms=1.391
kiln_profile_gdn_stage layer=29 stage=qkv_conv_norm seq_len=1 start_pos=65 elapsed_ms=0.270
kiln_profile_gdn_stage layer=29 stage=gates_recur_gated_norm seq_len=1 start_pos=65 elapsed_ms=0.345
kiln_profile_gdn_stage layer=29 stage=post_transpose seq_len=1 start_pos=65 elapsed_ms=0.000
kiln_profile_gdn_stage layer=29 stage=gated_norm seq_len=1 start_pos=65 elapsed_ms=0.002
kiln_profile_gdn_stage layer=29 stage=out_proj seq_len=1 start_pos=65 elapsed_ms=0.678
kiln_profile_mlp_stage layer=29 stage=gate_up_fused seq_len=1 start_pos=65 elapsed_ms=1.910
kiln_profile_mlp_stage layer=29 stage=down_proj seq_len=1 start_pos=65 elapsed_ms=1.113
kiln_profile_gdn_stage layer=30 stage=in_proj seq_len=1 start_pos=65 elapsed_ms=1.418
kiln_profile_gdn_stage layer=30 stage=qkv_conv_norm seq_len=1 start_pos=65 elapsed_ms=0.201
kiln_profile_gdn_stage layer=30 stage=gates_recur_gated_norm seq_len=1 start_pos=65 elapsed_ms=0.284
kiln_profile_gdn_stage layer=30 stage=post_transpose seq_len=1 start_pos=65 elapsed_ms=0.000
kiln_profile_gdn_stage layer=30 stage=gated_norm seq_len=1 start_pos=65 elapsed_ms=0.001
kiln_profile_gdn_stage layer=30 stage=out_proj seq_len=1 start_pos=65 elapsed_ms=0.659
kiln_profile_mlp_stage layer=30 stage=gate_up_fused seq_len=1 start_pos=65 elapsed_ms=1.784
kiln_profile_mlp_stage layer=30 stage=down_proj seq_len=1 start_pos=65 elapsed_ms=1.118
kiln_profile_full_attn_stage full_attn_layer=7 stage=qkv_proj seq_len=1 start_pos=65 elapsed_ms=1.272
kiln_profile_full_attn_stage full_attn_layer=7 stage=qkv_split seq_len=1 start_pos=65 elapsed_ms=0.222
kiln_profile_full_attn_stage full_attn_layer=7 stage=qk_norm seq_len=1 start_pos=65 elapsed_ms=0.196
kiln_profile_full_attn_stage full_attn_layer=7 stage=rope seq_len=1 start_pos=65 elapsed_ms=0.180
kiln_profile_full_attn_stage full_attn_layer=7 stage=q_transpose seq_len=1 start_pos=65 elapsed_ms=0.001
kiln_profile_full_attn_stage full_attn_layer=7 stage=kv_write seq_len=1 start_pos=65 elapsed_ms=0.168
kiln_profile_full_attn_stage full_attn_layer=7 stage=decode_attn_contiguous seq_len=1 start_pos=65 elapsed_ms=0.207
kiln_profile_full_attn_stage full_attn_layer=7 stage=attn_gate seq_len=1 start_pos=65 elapsed_ms=0.169
kiln_profile_full_attn_stage full_attn_layer=7 stage=o_proj seq_len=1 start_pos=65 elapsed_ms=0.647
kiln_profile_mlp_stage layer=31 stage=gate_up_fused seq_len=1 start_pos=65 elapsed_ms=1.859
kiln_profile_mlp_stage layer=31 stage=down_proj seq_len=1 start_pos=65 elapsed_ms=1.248
kiln_profile_gdn_stage layer=0 stage=in_proj seq_len=1 start_pos=66 elapsed_ms=1.331
kiln_profile_gdn_stage layer=0 stage=qkv_conv_norm seq_len=1 start_pos=66 elapsed_ms=0.261
kiln_profile_gdn_stage layer=0 stage=gates_recur_gated_norm seq_len=1 start_pos=66 elapsed_ms=0.361
kiln_profile_gdn_stage layer=0 stage=post_transpose seq_len=1 start_pos=66 elapsed_ms=0.001
kiln_profile_gdn_stage layer=0 stage=gated_norm seq_len=1 start_pos=66 elapsed_ms=0.003
kiln_profile_gdn_stage layer=0 stage=out_proj seq_len=1 start_pos=66 elapsed_ms=0.767
kiln_profile_mlp_stage layer=0 stage=gate_up_fused seq_len=1 start_pos=66 elapsed_ms=3.145
kiln_profile_mlp_stage layer=0 stage=down_proj seq_len=1 start_pos=66 elapsed_ms=1.147
kiln_profile_gdn_stage layer=1 stage=in_proj seq_len=1 start_pos=66 elapsed_ms=1.324
kiln_profile_gdn_stage layer=1 stage=qkv_conv_norm seq_len=1 start_pos=66 elapsed_ms=0.249
kiln_profile_gdn_stage layer=1 stage=gates_recur_gated_norm seq_len=1 start_pos=66 elapsed_ms=0.349
kiln_profile_gdn_stage layer=1 stage=post_transpose seq_len=1 start_pos=66 elapsed_ms=0.001
kiln_profile_gdn_stage layer=1 stage=gated_norm seq_len=1 start_pos=66 elapsed_ms=0.003
kiln_profile_gdn_stage layer=1 stage=out_proj seq_len=1 start_pos=66 elapsed_ms=0.748
kiln_profile_mlp_stage layer=1 stage=gate_up_fused seq_len=1 start_pos=66 elapsed_ms=1.835
kiln_profile_mlp_stage layer=1 stage=down_proj seq_len=1 start_pos=66 elapsed_ms=1.141
kiln_profile_gdn_stage layer=2 stage=in_proj seq_len=1 start_pos=66 elapsed_ms=1.400
kiln_profile_gdn_stage layer=2 stage=qkv_conv_norm seq_len=1 start_pos=66 elapsed_ms=0.379
kiln_profile_gdn_stage layer=2 stage=gates_recur_gated_norm seq_len=1 start_pos=66 elapsed_ms=0.444
kiln_profile_gdn_stage layer=2 stage=post_transpose seq_len=1 start_pos=66 elapsed_ms=0.001
kiln_profile_gdn_stage layer=2 stage=gated_norm seq_len=1 start_pos=66 elapsed_ms=0.004
kiln_profile_gdn_stage layer=2 stage=out_proj seq_len=1 start_pos=66 elapsed_ms=0.745
kiln_profile_mlp_stage layer=2 stage=gate_up_fused seq_len=1 start_pos=66 elapsed_ms=1.963
kiln_profile_mlp_stage layer=2 stage=down_proj seq_len=1 start_pos=66 elapsed_ms=1.291
kiln_profile_full_attn_stage full_attn_layer=0 stage=qkv_proj seq_len=1 start_pos=66 elapsed_ms=1.391
kiln_profile_full_attn_stage full_attn_layer=0 stage=qkv_split seq_len=1 start_pos=66 elapsed_ms=0.360
kiln_profile_full_attn_stage full_attn_layer=0 stage=qk_norm seq_len=1 start_pos=66 elapsed_ms=0.339
kiln_profile_full_attn_stage full_attn_layer=0 stage=rope seq_len=1 start_pos=66 elapsed_ms=0.315
kiln_profile_full_attn_stage full_attn_layer=0 stage=q_transpose seq_len=1 start_pos=66 elapsed_ms=0.003
kiln_profile_full_attn_stage full_attn_layer=0 stage=kv_write seq_len=1 start_pos=66 elapsed_ms=0.322
kiln_profile_full_attn_stage full_attn_layer=0 stage=decode_attn_contiguous seq_len=1 start_pos=66 elapsed_ms=0.354
kiln_profile_full_attn_stage full_attn_layer=0 stage=attn_gate seq_len=1 start_pos=66 elapsed_ms=0.304
kiln_profile_full_attn_stage full_attn_layer=0 stage=o_proj seq_len=1 start_pos=66 elapsed_ms=0.724
kiln_profile_mlp_stage layer=3 stage=gate_up_fused seq_len=1 start_pos=66 elapsed_ms=1.935
kiln_profile_mlp_stage layer=3 stage=down_proj seq_len=1 start_pos=66 elapsed_ms=1.267
kiln_profile_gdn_stage layer=4 stage=in_proj seq_len=1 start_pos=66 elapsed_ms=1.407
kiln_profile_gdn_stage layer=4 stage=qkv_conv_norm seq_len=1 start_pos=66 elapsed_ms=0.298
kiln_profile_gdn_stage layer=4 stage=gates_recur_gated_norm seq_len=1 start_pos=66 elapsed_ms=0.352
kiln_profile_gdn_stage layer=4 stage=post_transpose seq_len=1 start_pos=66 elapsed_ms=0.000
kiln_profile_gdn_stage layer=4 stage=gated_norm seq_len=1 start_pos=66 elapsed_ms=0.006
kiln_profile_gdn_stage layer=4 stage=out_proj seq_len=1 start_pos=66 elapsed_ms=0.686
kiln_profile_mlp_stage layer=4 stage=gate_up_fused seq_len=1 start_pos=66 elapsed_ms=1.948
kiln_profile_mlp_stage layer=4 stage=down_proj seq_len=1 start_pos=66 elapsed_ms=1.215
kiln_profile_gdn_stage layer=5 stage=in_proj seq_len=1 start_pos=66 elapsed_ms=1.911
kiln_profile_gdn_stage layer=5 stage=qkv_conv_norm seq_len=1 start_pos=66 elapsed_ms=0.341
kiln_profile_gdn_stage layer=5 stage=gates_recur_gated_norm seq_len=1 start_pos=66 elapsed_ms=0.352
kiln_profile_gdn_stage layer=5 stage=post_transpose seq_len=1 start_pos=66 elapsed_ms=0.002
kiln_profile_gdn_stage layer=5 stage=gated_norm seq_len=1 start_pos=66 elapsed_ms=0.002
kiln_profile_gdn_stage layer=5 stage=out_proj seq_len=1 start_pos=66 elapsed_ms=0.721
kiln_profile_mlp_stage layer=5 stage=gate_up_fused seq_len=1 start_pos=66 elapsed_ms=1.920
kiln_profile_mlp_stage layer=5 stage=down_proj seq_len=1 start_pos=66 elapsed_ms=1.135
kiln_profile_gdn_stage layer=6 stage=in_proj seq_len=1 start_pos=66 elapsed_ms=1.363
kiln_profile_gdn_stage layer=6 stage=qkv_conv_norm seq_len=1 start_pos=66 elapsed_ms=0.262
kiln_profile_gdn_stage layer=6 stage=gates_recur_gated_norm seq_len=1 start_pos=66 elapsed_ms=0.371
kiln_profile_gdn_stage layer=6 stage=post_transpose seq_len=1 start_pos=66 elapsed_ms=0.001
kiln_profile_gdn_stage layer=6 stage=gated_norm seq_len=1 start_pos=66 elapsed_ms=0.003
kiln_profile_gdn_stage layer=6 stage=out_proj seq_len=1 start_pos=66 elapsed_ms=0.753
kiln_profile_mlp_stage layer=6 stage=gate_up_fused seq_len=1 start_pos=66 elapsed_ms=1.796
kiln_profile_mlp_stage layer=6 stage=down_proj seq_len=1 start_pos=66 elapsed_ms=1.111
kiln_profile_full_attn_stage full_attn_layer=1 stage=qkv_proj seq_len=1 start_pos=66 elapsed_ms=1.328
kiln_profile_full_attn_stage full_attn_layer=1 stage=qkv_split seq_len=1 start_pos=66 elapsed_ms=0.350
kiln_profile_full_attn_stage full_attn_layer=1 stage=qk_norm seq_len=1 start_pos=66 elapsed_ms=0.296
kiln_profile_full_attn_stage full_attn_layer=1 stage=rope seq_len=1 start_pos=66 elapsed_ms=0.279
kiln_profile_full_attn_stage full_attn_layer=1 stage=q_transpose seq_len=1 start_pos=66 elapsed_ms=0.003
kiln_profile_full_attn_stage full_attn_layer=1 stage=kv_write seq_len=1 start_pos=66 elapsed_ms=0.253
kiln_profile_full_attn_stage full_attn_layer=1 stage=decode_attn_contiguous seq_len=1 start_pos=66 elapsed_ms=0.314
kiln_profile_full_attn_stage full_attn_layer=1 stage=attn_gate seq_len=1 start_pos=66 elapsed_ms=0.307
kiln_profile_full_attn_stage full_attn_layer=1 stage=o_proj seq_len=1 start_pos=66 elapsed_ms=0.755
kiln_profile_mlp_stage layer=7 stage=gate_up_fused seq_len=1 start_pos=66 elapsed_ms=1.865
kiln_profile_mlp_stage layer=7 stage=down_proj seq_len=1 start_pos=66 elapsed_ms=1.175
kiln_profile_gdn_stage layer=8 stage=in_proj seq_len=1 start_pos=66 elapsed_ms=1.405
kiln_profile_gdn_stage layer=8 stage=qkv_conv_norm seq_len=1 start_pos=66 elapsed_ms=0.338
kiln_profile_gdn_stage layer=8 stage=gates_recur_gated_norm seq_len=1 start_pos=66 elapsed_ms=0.404
kiln_profile_gdn_stage layer=8 stage=post_transpose seq_len=1 start_pos=66 elapsed_ms=0.001
kiln_profile_gdn_stage layer=8 stage=gated_norm seq_len=1 start_pos=66 elapsed_ms=0.003
kiln_profile_gdn_stage layer=8 stage=out_proj seq_len=1 start_pos=66 elapsed_ms=0.731
kiln_profile_mlp_stage layer=8 stage=gate_up_fused seq_len=1 start_pos=66 elapsed_ms=1.858
kiln_profile_mlp_stage layer=8 stage=down_proj seq_len=1 start_pos=66 elapsed_ms=1.210
kiln_profile_gdn_stage layer=9 stage=in_proj seq_len=1 start_pos=66 elapsed_ms=1.403
kiln_profile_gdn_stage layer=9 stage=qkv_conv_norm seq_len=1 start_pos=66 elapsed_ms=0.324
kiln_profile_gdn_stage layer=9 stage=gates_recur_gated_norm seq_len=1 start_pos=66 elapsed_ms=0.431
kiln_profile_gdn_stage layer=9 stage=post_transpose seq_len=1 start_pos=66 elapsed_ms=0.001
kiln_profile_gdn_stage layer=9 stage=gated_norm seq_len=1 start_pos=66 elapsed_ms=0.003
kiln_profile_gdn_stage layer=9 stage=out_proj seq_len=1 start_pos=66 elapsed_ms=1.091
kiln_profile_mlp_stage layer=9 stage=gate_up_fused seq_len=1 start_pos=66 elapsed_ms=3.218
kiln_profile_mlp_stage layer=9 stage=down_proj seq_len=1 start_pos=66 elapsed_ms=1.211
kiln_profile_gdn_stage layer=10 stage=in_proj seq_len=1 start_pos=66 elapsed_ms=1.318
kiln_profile_gdn_stage layer=10 stage=qkv_conv_norm seq_len=1 start_pos=66 elapsed_ms=0.278
kiln_profile_gdn_stage layer=10 stage=gates_recur_gated_norm seq_len=1 start_pos=66 elapsed_ms=0.355
kiln_profile_gdn_stage layer=10 stage=post_transpose seq_len=1 start_pos=66 elapsed_ms=0.000
kiln_profile_gdn_stage layer=10 stage=gated_norm seq_len=1 start_pos=66 elapsed_ms=0.002
kiln_profile_gdn_stage layer=10 stage=out_proj seq_len=1 start_pos=66 elapsed_ms=0.679
kiln_profile_mlp_stage layer=10 stage=gate_up_fused seq_len=1 start_pos=66 elapsed_ms=1.780
kiln_profile_mlp_stage layer=10 stage=down_proj seq_len=1 start_pos=66 elapsed_ms=1.177
kiln_profile_full_attn_stage full_attn_layer=2 stage=qkv_proj seq_len=1 start_pos=66 elapsed_ms=1.309
kiln_profile_full_attn_stage full_attn_layer=2 stage=qkv_split seq_len=1 start_pos=66 elapsed_ms=0.247
kiln_profile_full_attn_stage full_attn_layer=2 stage=qk_norm seq_len=1 start_pos=66 elapsed_ms=0.199
kiln_profile_full_attn_stage full_attn_layer=2 stage=rope seq_len=1 start_pos=66 elapsed_ms=0.180
kiln_profile_full_attn_stage full_attn_layer=2 stage=q_transpose seq_len=1 start_pos=66 elapsed_ms=0.001
kiln_profile_full_attn_stage full_attn_layer=2 stage=kv_write seq_len=1 start_pos=66 elapsed_ms=0.195
kiln_profile_full_attn_stage full_attn_layer=2 stage=decode_attn_contiguous seq_len=1 start_pos=66 elapsed_ms=0.213
kiln_profile_full_attn_stage full_attn_layer=2 stage=attn_gate seq_len=1 start_pos=66 elapsed_ms=0.181
kiln_profile_full_attn_stage full_attn_layer=2 stage=o_proj seq_len=1 start_pos=66 elapsed_ms=0.658
kiln_profile_mlp_stage layer=11 stage=gate_up_fused seq_len=1 start_pos=66 elapsed_ms=1.879
kiln_profile_mlp_stage layer=11 stage=down_proj seq_len=1 start_pos=66 elapsed_ms=1.121
kiln_profile_gdn_stage layer=12 stage=in_proj seq_len=1 start_pos=66 elapsed_ms=1.369
kiln_profile_gdn_stage layer=12 stage=qkv_conv_norm seq_len=1 start_pos=66 elapsed_ms=0.307
kiln_profile_gdn_stage layer=12 stage=gates_recur_gated_norm seq_len=1 start_pos=66 elapsed_ms=0.335
kiln_profile_gdn_stage layer=12 stage=post_transpose seq_len=1 start_pos=66 elapsed_ms=0.000
kiln_profile_gdn_stage layer=12 stage=gated_norm seq_len=1 start_pos=66 elapsed_ms=0.002
kiln_profile_gdn_stage layer=12 stage=out_proj seq_len=1 start_pos=66 elapsed_ms=0.705
kiln_profile_mlp_stage layer=12 stage=gate_up_fused seq_len=1 start_pos=66 elapsed_ms=1.793
kiln_profile_mlp_stage layer=12 stage=down_proj seq_len=1 start_pos=66 elapsed_ms=1.150
kiln_profile_gdn_stage layer=13 stage=in_proj seq_len=1 start_pos=66 elapsed_ms=1.659
kiln_profile_gdn_stage layer=13 stage=qkv_conv_norm seq_len=1 start_pos=66 elapsed_ms=0.239
kiln_profile_gdn_stage layer=13 stage=gates_recur_gated_norm seq_len=1 start_pos=66 elapsed_ms=0.346
kiln_profile_gdn_stage layer=13 stage=post_transpose seq_len=1 start_pos=66 elapsed_ms=0.000
kiln_profile_gdn_stage layer=13 stage=gated_norm seq_len=1 start_pos=66 elapsed_ms=0.003
kiln_profile_gdn_stage layer=13 stage=out_proj seq_len=1 start_pos=66 elapsed_ms=0.774
kiln_profile_mlp_stage layer=13 stage=gate_up_fused seq_len=1 start_pos=66 elapsed_ms=1.937
kiln_profile_mlp_stage layer=13 stage=down_proj seq_len=1 start_pos=66 elapsed_ms=1.199
kiln_profile_gdn_stage layer=14 stage=in_proj seq_len=1 start_pos=66 elapsed_ms=1.646
kiln_profile_gdn_stage layer=14 stage=qkv_conv_norm seq_len=1 start_pos=66 elapsed_ms=0.324
kiln_profile_gdn_stage layer=14 stage=gates_recur_gated_norm seq_len=1 start_pos=66 elapsed_ms=0.889
kiln_profile_gdn_stage layer=14 stage=post_transpose seq_len=1 start_pos=66 elapsed_ms=0.000
kiln_profile_gdn_stage layer=14 stage=gated_norm seq_len=1 start_pos=66 elapsed_ms=0.004
kiln_profile_gdn_stage layer=14 stage=out_proj seq_len=1 start_pos=66 elapsed_ms=0.905
kiln_profile_mlp_stage layer=14 stage=gate_up_fused seq_len=1 start_pos=66 elapsed_ms=3.187
kiln_profile_mlp_stage layer=14 stage=down_proj seq_len=1 start_pos=66 elapsed_ms=1.344
kiln_profile_full_attn_stage full_attn_layer=3 stage=qkv_proj seq_len=1 start_pos=66 elapsed_ms=1.472
kiln_profile_full_attn_stage full_attn_layer=3 stage=qkv_split seq_len=1 start_pos=66 elapsed_ms=0.236
kiln_profile_full_attn_stage full_attn_layer=3 stage=qk_norm seq_len=1 start_pos=66 elapsed_ms=0.222
kiln_profile_full_attn_stage full_attn_layer=3 stage=rope seq_len=1 start_pos=66 elapsed_ms=0.178
kiln_profile_full_attn_stage full_attn_layer=3 stage=q_transpose seq_len=1 start_pos=66 elapsed_ms=0.001
kiln_profile_full_attn_stage full_attn_layer=3 stage=kv_write seq_len=1 start_pos=66 elapsed_ms=0.174
kiln_profile_full_attn_stage full_attn_layer=3 stage=decode_attn_contiguous seq_len=1 start_pos=66 elapsed_ms=0.203
kiln_profile_full_attn_stage full_attn_layer=3 stage=attn_gate seq_len=1 start_pos=66 elapsed_ms=0.164
kiln_profile_full_attn_stage full_attn_layer=3 stage=o_proj seq_len=1 start_pos=66 elapsed_ms=0.707
kiln_profile_mlp_stage layer=15 stage=gate_up_fused seq_len=1 start_pos=66 elapsed_ms=2.190
kiln_profile_mlp_stage layer=15 stage=down_proj seq_len=1 start_pos=66 elapsed_ms=1.331
kiln_profile_gdn_stage layer=16 stage=in_proj seq_len=1 start_pos=66 elapsed_ms=1.543
kiln_profile_gdn_stage layer=16 stage=qkv_conv_norm seq_len=1 start_pos=66 elapsed_ms=0.228
kiln_profile_gdn_stage layer=16 stage=gates_recur_gated_norm seq_len=1 start_pos=66 elapsed_ms=0.318
kiln_profile_gdn_stage layer=16 stage=post_transpose seq_len=1 start_pos=66 elapsed_ms=0.000
kiln_profile_gdn_stage layer=16 stage=gated_norm seq_len=1 start_pos=66 elapsed_ms=0.002
kiln_profile_gdn_stage layer=16 stage=out_proj seq_len=1 start_pos=66 elapsed_ms=0.729
kiln_profile_mlp_stage layer=16 stage=gate_up_fused seq_len=1 start_pos=66 elapsed_ms=1.951
kiln_profile_mlp_stage layer=16 stage=down_proj seq_len=1 start_pos=66 elapsed_ms=1.264
kiln_profile_gdn_stage layer=17 stage=in_proj seq_len=1 start_pos=66 elapsed_ms=1.459
kiln_profile_gdn_stage layer=17 stage=qkv_conv_norm seq_len=1 start_pos=66 elapsed_ms=0.284
kiln_profile_gdn_stage layer=17 stage=gates_recur_gated_norm seq_len=1 start_pos=66 elapsed_ms=0.328
kiln_profile_gdn_stage layer=17 stage=post_transpose seq_len=1 start_pos=66 elapsed_ms=0.000
kiln_profile_gdn_stage layer=17 stage=gated_norm seq_len=1 start_pos=66 elapsed_ms=0.002
kiln_profile_gdn_stage layer=17 stage=out_proj seq_len=1 start_pos=66 elapsed_ms=0.795
kiln_profile_mlp_stage layer=17 stage=gate_up_fused seq_len=1 start_pos=66 elapsed_ms=2.090
kiln_profile_mlp_stage layer=17 stage=down_proj seq_len=1 start_pos=66 elapsed_ms=1.317
kiln_profile_gdn_stage layer=18 stage=in_proj seq_len=1 start_pos=66 elapsed_ms=1.434
kiln_profile_gdn_stage layer=18 stage=qkv_conv_norm seq_len=1 start_pos=66 elapsed_ms=0.203
kiln_profile_gdn_stage layer=18 stage=gates_recur_gated_norm seq_len=1 start_pos=66 elapsed_ms=0.262
kiln_profile_gdn_stage layer=18 stage=post_transpose seq_len=1 start_pos=66 elapsed_ms=0.000
kiln_profile_gdn_stage layer=18 stage=gated_norm seq_len=1 start_pos=66 elapsed_ms=0.002
kiln_profile_gdn_stage layer=18 stage=out_proj seq_len=1 start_pos=66 elapsed_ms=0.648
kiln_profile_mlp_stage layer=18 stage=gate_up_fused seq_len=1 start_pos=66 elapsed_ms=2.010
kiln_profile_mlp_stage layer=18 stage=down_proj seq_len=1 start_pos=66 elapsed_ms=2.981
kiln_profile_full_attn_stage full_attn_layer=4 stage=qkv_proj seq_len=1 start_pos=66 elapsed_ms=1.335
kiln_profile_full_attn_stage full_attn_layer=4 stage=qkv_split seq_len=1 start_pos=66 elapsed_ms=0.260
kiln_profile_full_attn_stage full_attn_layer=4 stage=qk_norm seq_len=1 start_pos=66 elapsed_ms=0.218
kiln_profile_full_attn_stage full_attn_layer=4 stage=rope seq_len=1 start_pos=66 elapsed_ms=0.215
kiln_profile_full_attn_stage full_attn_layer=4 stage=q_transpose seq_len=1 start_pos=66 elapsed_ms=0.002
kiln_profile_full_attn_stage full_attn_layer=4 stage=kv_write seq_len=1 start_pos=66 elapsed_ms=0.190
kiln_profile_full_attn_stage full_attn_layer=4 stage=decode_attn_contiguous seq_len=1 start_pos=66 elapsed_ms=0.252
kiln_profile_full_attn_stage full_attn_layer=4 stage=attn_gate seq_len=1 start_pos=66 elapsed_ms=0.208
kiln_profile_full_attn_stage full_attn_layer=4 stage=o_proj seq_len=1 start_pos=66 elapsed_ms=0.703
kiln_profile_mlp_stage layer=19 stage=gate_up_fused seq_len=1 start_pos=66 elapsed_ms=1.932
kiln_profile_mlp_stage layer=19 stage=down_proj seq_len=1 start_pos=66 elapsed_ms=1.154
kiln_profile_gdn_stage layer=20 stage=in_proj seq_len=1 start_pos=66 elapsed_ms=1.438
kiln_profile_gdn_stage layer=20 stage=qkv_conv_norm seq_len=1 start_pos=66 elapsed_ms=0.207
kiln_profile_gdn_stage layer=20 stage=gates_recur_gated_norm seq_len=1 start_pos=66 elapsed_ms=0.287
kiln_profile_gdn_stage layer=20 stage=post_transpose seq_len=1 start_pos=66 elapsed_ms=0.000
kiln_profile_gdn_stage layer=20 stage=gated_norm seq_len=1 start_pos=66 elapsed_ms=0.002
kiln_profile_gdn_stage layer=20 stage=out_proj seq_len=1 start_pos=66 elapsed_ms=0.665
kiln_profile_mlp_stage layer=20 stage=gate_up_fused seq_len=1 start_pos=66 elapsed_ms=1.904
kiln_profile_mlp_stage layer=20 stage=down_proj seq_len=1 start_pos=66 elapsed_ms=1.147
kiln_profile_gdn_stage layer=21 stage=in_proj seq_len=1 start_pos=66 elapsed_ms=1.324
kiln_profile_gdn_stage layer=21 stage=qkv_conv_norm seq_len=1 start_pos=66 elapsed_ms=0.249
kiln_profile_gdn_stage layer=21 stage=gates_recur_gated_norm seq_len=1 start_pos=66 elapsed_ms=0.332
kiln_profile_gdn_stage layer=21 stage=post_transpose seq_len=1 start_pos=66 elapsed_ms=0.001
kiln_profile_gdn_stage layer=21 stage=gated_norm seq_len=1 start_pos=66 elapsed_ms=0.002
kiln_profile_gdn_stage layer=21 stage=out_proj seq_len=1 start_pos=66 elapsed_ms=0.719
kiln_profile_mlp_stage layer=21 stage=gate_up_fused seq_len=1 start_pos=66 elapsed_ms=1.874
kiln_profile_mlp_stage layer=21 stage=down_proj seq_len=1 start_pos=66 elapsed_ms=1.162
kiln_profile_gdn_stage layer=22 stage=in_proj seq_len=1 start_pos=66 elapsed_ms=1.492
kiln_profile_gdn_stage layer=22 stage=qkv_conv_norm seq_len=1 start_pos=66 elapsed_ms=0.240
kiln_profile_gdn_stage layer=22 stage=gates_recur_gated_norm seq_len=1 start_pos=66 elapsed_ms=0.313
kiln_profile_gdn_stage layer=22 stage=post_transpose seq_len=1 start_pos=66 elapsed_ms=0.000
kiln_profile_gdn_stage layer=22 stage=gated_norm seq_len=1 start_pos=66 elapsed_ms=0.005
kiln_profile_gdn_stage layer=22 stage=out_proj seq_len=1 start_pos=66 elapsed_ms=0.696
kiln_profile_mlp_stage layer=22 stage=gate_up_fused seq_len=1 start_pos=66 elapsed_ms=1.964
kiln_profile_mlp_stage layer=22 stage=down_proj seq_len=1 start_pos=66 elapsed_ms=1.198
kiln_profile_full_attn_stage full_attn_layer=5 stage=qkv_proj seq_len=1 start_pos=66 elapsed_ms=1.361
kiln_profile_full_attn_stage full_attn_layer=5 stage=qkv_split seq_len=1 start_pos=66 elapsed_ms=0.264
kiln_profile_full_attn_stage full_attn_layer=5 stage=qk_norm seq_len=1 start_pos=66 elapsed_ms=0.216
kiln_profile_full_attn_stage full_attn_layer=5 stage=rope seq_len=1 start_pos=66 elapsed_ms=0.199
kiln_profile_full_attn_stage full_attn_layer=5 stage=q_transpose seq_len=1 start_pos=66 elapsed_ms=0.002
kiln_profile_full_attn_stage full_attn_layer=5 stage=kv_write seq_len=1 start_pos=66 elapsed_ms=0.183
kiln_profile_full_attn_stage full_attn_layer=5 stage=decode_attn_contiguous seq_len=1 start_pos=66 elapsed_ms=0.284
kiln_profile_full_attn_stage full_attn_layer=5 stage=attn_gate seq_len=1 start_pos=66 elapsed_ms=0.291
kiln_profile_full_attn_stage full_attn_layer=5 stage=o_proj seq_len=1 start_pos=66 elapsed_ms=0.813
kiln_profile_mlp_stage layer=23 stage=gate_up_fused seq_len=1 start_pos=66 elapsed_ms=2.357
kiln_profile_mlp_stage layer=23 stage=down_proj seq_len=1 start_pos=66 elapsed_ms=1.145
kiln_profile_gdn_stage layer=24 stage=in_proj seq_len=1 start_pos=66 elapsed_ms=1.377
kiln_profile_gdn_stage layer=24 stage=qkv_conv_norm seq_len=1 start_pos=66 elapsed_ms=0.207
kiln_profile_gdn_stage layer=24 stage=gates_recur_gated_norm seq_len=1 start_pos=66 elapsed_ms=0.294
kiln_profile_gdn_stage layer=24 stage=post_transpose seq_len=1 start_pos=66 elapsed_ms=0.000
kiln_profile_gdn_stage layer=24 stage=gated_norm seq_len=1 start_pos=66 elapsed_ms=0.002
kiln_profile_gdn_stage layer=24 stage=out_proj seq_len=1 start_pos=66 elapsed_ms=0.703
kiln_profile_mlp_stage layer=24 stage=gate_up_fused seq_len=1 start_pos=66 elapsed_ms=1.776
kiln_profile_mlp_stage layer=24 stage=down_proj seq_len=1 start_pos=66 elapsed_ms=1.117
kiln_profile_gdn_stage layer=25 stage=in_proj seq_len=1 start_pos=66 elapsed_ms=1.289
kiln_profile_gdn_stage layer=25 stage=qkv_conv_norm seq_len=1 start_pos=66 elapsed_ms=0.201
kiln_profile_gdn_stage layer=25 stage=gates_recur_gated_norm seq_len=1 start_pos=66 elapsed_ms=0.288
kiln_profile_gdn_stage layer=25 stage=post_transpose seq_len=1 start_pos=66 elapsed_ms=0.000
kiln_profile_gdn_stage layer=25 stage=gated_norm seq_len=1 start_pos=66 elapsed_ms=0.002
kiln_profile_gdn_stage layer=25 stage=out_proj seq_len=1 start_pos=66 elapsed_ms=0.712
kiln_profile_mlp_stage layer=25 stage=gate_up_fused seq_len=1 start_pos=66 elapsed_ms=1.828
kiln_profile_mlp_stage layer=25 stage=down_proj seq_len=1 start_pos=66 elapsed_ms=1.133
kiln_profile_gdn_stage layer=26 stage=in_proj seq_len=1 start_pos=66 elapsed_ms=1.305
kiln_profile_gdn_stage layer=26 stage=qkv_conv_norm seq_len=1 start_pos=66 elapsed_ms=0.209
kiln_profile_gdn_stage layer=26 stage=gates_recur_gated_norm seq_len=1 start_pos=66 elapsed_ms=0.307
kiln_profile_gdn_stage layer=26 stage=post_transpose seq_len=1 start_pos=66 elapsed_ms=0.000
kiln_profile_gdn_stage layer=26 stage=gated_norm seq_len=1 start_pos=66 elapsed_ms=0.002
kiln_profile_gdn_stage layer=26 stage=out_proj seq_len=1 start_pos=66 elapsed_ms=0.680
kiln_profile_mlp_stage layer=26 stage=gate_up_fused seq_len=1 start_pos=66 elapsed_ms=1.815
kiln_profile_mlp_stage layer=26 stage=down_proj seq_len=1 start_pos=66 elapsed_ms=1.137
kiln_profile_full_attn_stage full_attn_layer=6 stage=qkv_proj seq_len=1 start_pos=66 elapsed_ms=1.326
kiln_profile_full_attn_stage full_attn_layer=6 stage=qkv_split seq_len=1 start_pos=66 elapsed_ms=0.263
kiln_profile_full_attn_stage full_attn_layer=6 stage=qk_norm seq_len=1 start_pos=66 elapsed_ms=0.238
kiln_profile_full_attn_stage full_attn_layer=6 stage=rope seq_len=1 start_pos=66 elapsed_ms=0.209
kiln_profile_full_attn_stage full_attn_layer=6 stage=q_transpose seq_len=1 start_pos=66 elapsed_ms=0.002
kiln_profile_full_attn_stage full_attn_layer=6 stage=kv_write seq_len=1 start_pos=66 elapsed_ms=0.200
kiln_profile_full_attn_stage full_attn_layer=6 stage=decode_attn_contiguous seq_len=1 start_pos=66 elapsed_ms=0.250
kiln_profile_full_attn_stage full_attn_layer=6 stage=attn_gate seq_len=1 start_pos=66 elapsed_ms=0.206
kiln_profile_full_attn_stage full_attn_layer=6 stage=o_proj seq_len=1 start_pos=66 elapsed_ms=0.623
kiln_profile_mlp_stage layer=27 stage=gate_up_fused seq_len=1 start_pos=66 elapsed_ms=1.810
kiln_profile_mlp_stage layer=27 stage=down_proj seq_len=1 start_pos=66 elapsed_ms=1.100
kiln_profile_gdn_stage layer=28 stage=in_proj seq_len=1 start_pos=66 elapsed_ms=1.327
kiln_profile_gdn_stage layer=28 stage=qkv_conv_norm seq_len=1 start_pos=66 elapsed_ms=0.260
kiln_profile_gdn_stage layer=28 stage=gates_recur_gated_norm seq_len=1 start_pos=66 elapsed_ms=0.437
kiln_profile_gdn_stage layer=28 stage=post_transpose seq_len=1 start_pos=66 elapsed_ms=0.000
kiln_profile_gdn_stage layer=28 stage=gated_norm seq_len=1 start_pos=66 elapsed_ms=0.002
kiln_profile_gdn_stage layer=28 stage=out_proj seq_len=1 start_pos=66 elapsed_ms=0.690
kiln_profile_mlp_stage layer=28 stage=gate_up_fused seq_len=1 start_pos=66 elapsed_ms=2.482
kiln_profile_mlp_stage layer=28 stage=down_proj seq_len=1 start_pos=66 elapsed_ms=1.328
kiln_profile_gdn_stage layer=29 stage=in_proj seq_len=1 start_pos=66 elapsed_ms=1.397
kiln_profile_gdn_stage layer=29 stage=qkv_conv_norm seq_len=1 start_pos=66 elapsed_ms=0.295
kiln_profile_gdn_stage layer=29 stage=gates_recur_gated_norm seq_len=1 start_pos=66 elapsed_ms=0.413
kiln_profile_gdn_stage layer=29 stage=post_transpose seq_len=1 start_pos=66 elapsed_ms=0.000
kiln_profile_gdn_stage layer=29 stage=gated_norm seq_len=1 start_pos=66 elapsed_ms=0.002
kiln_profile_gdn_stage layer=29 stage=out_proj seq_len=1 start_pos=66 elapsed_ms=0.718
kiln_profile_mlp_stage layer=29 stage=gate_up_fused seq_len=1 start_pos=66 elapsed_ms=1.844
kiln_profile_mlp_stage layer=29 stage=down_proj seq_len=1 start_pos=66 elapsed_ms=1.137
kiln_profile_gdn_stage layer=30 stage=in_proj seq_len=1 start_pos=66 elapsed_ms=1.371
kiln_profile_gdn_stage layer=30 stage=qkv_conv_norm seq_len=1 start_pos=66 elapsed_ms=0.316
kiln_profile_gdn_stage layer=30 stage=gates_recur_gated_norm seq_len=1 start_pos=66 elapsed_ms=0.356
kiln_profile_gdn_stage layer=30 stage=post_transpose seq_len=1 start_pos=66 elapsed_ms=0.000
kiln_profile_gdn_stage layer=30 stage=gated_norm seq_len=1 start_pos=66 elapsed_ms=0.002
kiln_profile_gdn_stage layer=30 stage=out_proj seq_len=1 start_pos=66 elapsed_ms=0.698
kiln_profile_mlp_stage layer=30 stage=gate_up_fused seq_len=1 start_pos=66 elapsed_ms=1.840
kiln_profile_mlp_stage layer=30 stage=down_proj seq_len=1 start_pos=66 elapsed_ms=1.218
kiln_profile_full_attn_stage full_attn_layer=7 stage=qkv_proj seq_len=1 start_pos=66 elapsed_ms=1.310
kiln_profile_full_attn_stage full_attn_layer=7 stage=qkv_split seq_len=1 start_pos=66 elapsed_ms=0.269
kiln_profile_full_attn_stage full_attn_layer=7 stage=qk_norm seq_len=1 start_pos=66 elapsed_ms=0.235
kiln_profile_full_attn_stage full_attn_layer=7 stage=rope seq_len=1 start_pos=66 elapsed_ms=0.221
kiln_profile_full_attn_stage full_attn_layer=7 stage=q_transpose seq_len=1 start_pos=66 elapsed_ms=0.002
kiln_profile_full_attn_stage full_attn_layer=7 stage=kv_write seq_len=1 start_pos=66 elapsed_ms=0.204
kiln_profile_full_attn_stage full_attn_layer=7 stage=decode_attn_contiguous seq_len=1 start_pos=66 elapsed_ms=0.244
kiln_profile_full_attn_stage full_attn_layer=7 stage=attn_gate seq_len=1 start_pos=66 elapsed_ms=0.208
kiln_profile_full_attn_stage full_attn_layer=7 stage=o_proj seq_len=1 start_pos=66 elapsed_ms=0.813
kiln_profile_mlp_stage layer=31 stage=gate_up_fused seq_len=1 start_pos=66 elapsed_ms=1.891
kiln_profile_mlp_stage layer=31 stage=down_proj seq_len=1 start_pos=66 elapsed_ms=1.216
kiln_profile_gdn_stage layer=0 stage=in_proj seq_len=1 start_pos=67 elapsed_ms=1.508
kiln_profile_gdn_stage layer=0 stage=qkv_conv_norm seq_len=1 start_pos=67 elapsed_ms=0.277
kiln_profile_gdn_stage layer=0 stage=gates_recur_gated_norm seq_len=1 start_pos=67 elapsed_ms=0.308
kiln_profile_gdn_stage layer=0 stage=post_transpose seq_len=1 start_pos=67 elapsed_ms=0.000
kiln_profile_gdn_stage layer=0 stage=gated_norm seq_len=1 start_pos=67 elapsed_ms=0.002
kiln_profile_gdn_stage layer=0 stage=out_proj seq_len=1 start_pos=67 elapsed_ms=0.671
kiln_profile_mlp_stage layer=0 stage=gate_up_fused seq_len=1 start_pos=67 elapsed_ms=1.834
kiln_profile_mlp_stage layer=0 stage=down_proj seq_len=1 start_pos=67 elapsed_ms=1.334
kiln_profile_gdn_stage layer=1 stage=in_proj seq_len=1 start_pos=67 elapsed_ms=1.455
kiln_profile_gdn_stage layer=1 stage=qkv_conv_norm seq_len=1 start_pos=67 elapsed_ms=0.216
kiln_profile_gdn_stage layer=1 stage=gates_recur_gated_norm seq_len=1 start_pos=67 elapsed_ms=0.292
kiln_profile_gdn_stage layer=1 stage=post_transpose seq_len=1 start_pos=67 elapsed_ms=0.000
kiln_profile_gdn_stage layer=1 stage=gated_norm seq_len=1 start_pos=67 elapsed_ms=0.002
kiln_profile_gdn_stage layer=1 stage=out_proj seq_len=1 start_pos=67 elapsed_ms=0.672
kiln_profile_mlp_stage layer=1 stage=gate_up_fused seq_len=1 start_pos=67 elapsed_ms=1.782
kiln_profile_mlp_stage layer=1 stage=down_proj seq_len=1 start_pos=67 elapsed_ms=1.102
kiln_profile_gdn_stage layer=2 stage=in_proj seq_len=1 start_pos=67 elapsed_ms=1.697
kiln_profile_gdn_stage layer=2 stage=qkv_conv_norm seq_len=1 start_pos=67 elapsed_ms=0.773
kiln_profile_gdn_stage layer=2 stage=gates_recur_gated_norm seq_len=1 start_pos=67 elapsed_ms=0.324
kiln_profile_gdn_stage layer=2 stage=post_transpose seq_len=1 start_pos=67 elapsed_ms=0.000
kiln_profile_gdn_stage layer=2 stage=gated_norm seq_len=1 start_pos=67 elapsed_ms=0.002
kiln_profile_gdn_stage layer=2 stage=out_proj seq_len=1 start_pos=67 elapsed_ms=0.722
kiln_profile_mlp_stage layer=2 stage=gate_up_fused seq_len=1 start_pos=67 elapsed_ms=1.776
kiln_profile_mlp_stage layer=2 stage=down_proj seq_len=1 start_pos=67 elapsed_ms=1.158
kiln_profile_full_attn_stage full_attn_layer=0 stage=qkv_proj seq_len=1 start_pos=67 elapsed_ms=1.311
kiln_profile_full_attn_stage full_attn_layer=0 stage=qkv_split seq_len=1 start_pos=67 elapsed_ms=0.264
kiln_profile_full_attn_stage full_attn_layer=0 stage=qk_norm seq_len=1 start_pos=67 elapsed_ms=0.220
kiln_profile_full_attn_stage full_attn_layer=0 stage=rope seq_len=1 start_pos=67 elapsed_ms=0.218
kiln_profile_full_attn_stage full_attn_layer=0 stage=q_transpose seq_len=1 start_pos=67 elapsed_ms=0.002
kiln_profile_full_attn_stage full_attn_layer=0 stage=kv_write seq_len=1 start_pos=67 elapsed_ms=0.225
kiln_profile_full_attn_stage full_attn_layer=0 stage=decode_attn_contiguous seq_len=1 start_pos=67 elapsed_ms=0.245
kiln_profile_full_attn_stage full_attn_layer=0 stage=attn_gate seq_len=1 start_pos=67 elapsed_ms=0.197
kiln_profile_full_attn_stage full_attn_layer=0 stage=o_proj seq_len=1 start_pos=67 elapsed_ms=0.672
kiln_profile_mlp_stage layer=3 stage=gate_up_fused seq_len=1 start_pos=67 elapsed_ms=1.811
kiln_profile_mlp_stage layer=3 stage=down_proj seq_len=1 start_pos=67 elapsed_ms=1.109
kiln_profile_gdn_stage layer=4 stage=in_proj seq_len=1 start_pos=67 elapsed_ms=1.314
kiln_profile_gdn_stage layer=4 stage=qkv_conv_norm seq_len=1 start_pos=67 elapsed_ms=0.228
kiln_profile_gdn_stage layer=4 stage=gates_recur_gated_norm seq_len=1 start_pos=67 elapsed_ms=0.302
kiln_profile_gdn_stage layer=4 stage=post_transpose seq_len=1 start_pos=67 elapsed_ms=0.000
kiln_profile_gdn_stage layer=4 stage=gated_norm seq_len=1 start_pos=67 elapsed_ms=0.002
kiln_profile_gdn_stage layer=4 stage=out_proj seq_len=1 start_pos=67 elapsed_ms=0.687
kiln_profile_mlp_stage layer=4 stage=gate_up_fused seq_len=1 start_pos=67 elapsed_ms=1.808
kiln_profile_mlp_stage layer=4 stage=down_proj seq_len=1 start_pos=67 elapsed_ms=1.124
kiln_profile_gdn_stage layer=5 stage=in_proj seq_len=1 start_pos=67 elapsed_ms=1.343
kiln_profile_gdn_stage layer=5 stage=qkv_conv_norm seq_len=1 start_pos=67 elapsed_ms=0.238
kiln_profile_gdn_stage layer=5 stage=gates_recur_gated_norm seq_len=1 start_pos=67 elapsed_ms=0.342
kiln_profile_gdn_stage layer=5 stage=post_transpose seq_len=1 start_pos=67 elapsed_ms=0.000
kiln_profile_gdn_stage layer=5 stage=gated_norm seq_len=1 start_pos=67 elapsed_ms=0.002
kiln_profile_gdn_stage layer=5 stage=out_proj seq_len=1 start_pos=67 elapsed_ms=0.676
kiln_profile_mlp_stage layer=5 stage=gate_up_fused seq_len=1 start_pos=67 elapsed_ms=1.766
kiln_profile_mlp_stage layer=5 stage=down_proj seq_len=1 start_pos=67 elapsed_ms=1.173
kiln_profile_gdn_stage layer=6 stage=in_proj seq_len=1 start_pos=67 elapsed_ms=1.326
kiln_profile_gdn_stage layer=6 stage=qkv_conv_norm seq_len=1 start_pos=67 elapsed_ms=0.238
kiln_profile_gdn_stage layer=6 stage=gates_recur_gated_norm seq_len=1 start_pos=67 elapsed_ms=0.351
kiln_profile_gdn_stage layer=6 stage=post_transpose seq_len=1 start_pos=67 elapsed_ms=0.000
kiln_profile_gdn_stage layer=6 stage=gated_norm seq_len=1 start_pos=67 elapsed_ms=0.002
kiln_profile_gdn_stage layer=6 stage=out_proj seq_len=1 start_pos=67 elapsed_ms=0.700
kiln_profile_mlp_stage layer=6 stage=gate_up_fused seq_len=1 start_pos=67 elapsed_ms=1.825
kiln_profile_mlp_stage layer=6 stage=down_proj seq_len=1 start_pos=67 elapsed_ms=1.139
kiln_profile_full_attn_stage full_attn_layer=1 stage=qkv_proj seq_len=1 start_pos=67 elapsed_ms=1.357
kiln_profile_full_attn_stage full_attn_layer=1 stage=qkv_split seq_len=1 start_pos=67 elapsed_ms=0.296
kiln_profile_full_attn_stage full_attn_layer=1 stage=qk_norm seq_len=1 start_pos=67 elapsed_ms=0.849
kiln_profile_full_attn_stage full_attn_layer=1 stage=rope seq_len=1 start_pos=67 elapsed_ms=0.512
kiln_profile_full_attn_stage full_attn_layer=1 stage=q_transpose seq_len=1 start_pos=67 elapsed_ms=0.002
kiln_profile_full_attn_stage full_attn_layer=1 stage=kv_write seq_len=1 start_pos=67 elapsed_ms=0.569
kiln_profile_full_attn_stage full_attn_layer=1 stage=decode_attn_contiguous seq_len=1 start_pos=67 elapsed_ms=0.389
kiln_profile_full_attn_stage full_attn_layer=1 stage=attn_gate seq_len=1 start_pos=67 elapsed_ms=0.239
kiln_profile_full_attn_stage full_attn_layer=1 stage=o_proj seq_len=1 start_pos=67 elapsed_ms=0.741
kiln_profile_mlp_stage layer=7 stage=gate_up_fused seq_len=1 start_pos=67 elapsed_ms=1.958
kiln_profile_mlp_stage layer=7 stage=down_proj seq_len=1 start_pos=67 elapsed_ms=1.148
kiln_profile_gdn_stage layer=8 stage=in_proj seq_len=1 start_pos=67 elapsed_ms=1.328
kiln_profile_gdn_stage layer=8 stage=qkv_conv_norm seq_len=1 start_pos=67 elapsed_ms=0.237
kiln_profile_gdn_stage layer=8 stage=gates_recur_gated_norm seq_len=1 start_pos=67 elapsed_ms=0.309
kiln_profile_gdn_stage layer=8 stage=post_transpose seq_len=1 start_pos=67 elapsed_ms=0.000
kiln_profile_gdn_stage layer=8 stage=gated_norm seq_len=1 start_pos=67 elapsed_ms=0.002
kiln_profile_gdn_stage layer=8 stage=out_proj seq_len=1 start_pos=67 elapsed_ms=0.699
kiln_profile_mlp_stage layer=8 stage=gate_up_fused seq_len=1 start_pos=67 elapsed_ms=1.935
kiln_profile_mlp_stage layer=8 stage=down_proj seq_len=1 start_pos=67 elapsed_ms=1.206
kiln_profile_gdn_stage layer=9 stage=in_proj seq_len=1 start_pos=67 elapsed_ms=1.464
kiln_profile_gdn_stage layer=9 stage=qkv_conv_norm seq_len=1 start_pos=67 elapsed_ms=0.299
kiln_profile_gdn_stage layer=9 stage=gates_recur_gated_norm seq_len=1 start_pos=67 elapsed_ms=0.345
kiln_profile_gdn_stage layer=9 stage=post_transpose seq_len=1 start_pos=67 elapsed_ms=0.000
kiln_profile_gdn_stage layer=9 stage=gated_norm seq_len=1 start_pos=67 elapsed_ms=0.003
kiln_profile_gdn_stage layer=9 stage=out_proj seq_len=1 start_pos=67 elapsed_ms=0.695
kiln_profile_mlp_stage layer=9 stage=gate_up_fused seq_len=1 start_pos=67 elapsed_ms=1.831
kiln_profile_mlp_stage layer=9 stage=down_proj seq_len=1 start_pos=67 elapsed_ms=1.163
kiln_profile_gdn_stage layer=10 stage=in_proj seq_len=1 start_pos=67 elapsed_ms=1.333
kiln_profile_gdn_stage layer=10 stage=qkv_conv_norm seq_len=1 start_pos=67 elapsed_ms=0.293
kiln_profile_gdn_stage layer=10 stage=gates_recur_gated_norm seq_len=1 start_pos=67 elapsed_ms=0.307
kiln_profile_gdn_stage layer=10 stage=post_transpose seq_len=1 start_pos=67 elapsed_ms=0.000
kiln_profile_gdn_stage layer=10 stage=gated_norm seq_len=1 start_pos=67 elapsed_ms=0.006
kiln_profile_gdn_stage layer=10 stage=out_proj seq_len=1 start_pos=67 elapsed_ms=0.703
kiln_profile_mlp_stage layer=10 stage=gate_up_fused seq_len=1 start_pos=67 elapsed_ms=1.949
kiln_profile_mlp_stage layer=10 stage=down_proj seq_len=1 start_pos=67 elapsed_ms=1.113
kiln_profile_full_attn_stage full_attn_layer=2 stage=qkv_proj seq_len=1 start_pos=67 elapsed_ms=1.288
kiln_profile_full_attn_stage full_attn_layer=2 stage=qkv_split seq_len=1 start_pos=67 elapsed_ms=0.260
kiln_profile_full_attn_stage full_attn_layer=2 stage=qk_norm seq_len=1 start_pos=67 elapsed_ms=0.217
kiln_profile_full_attn_stage full_attn_layer=2 stage=rope seq_len=1 start_pos=67 elapsed_ms=0.185
kiln_profile_full_attn_stage full_attn_layer=2 stage=q_transpose seq_len=1 start_pos=67 elapsed_ms=0.001
kiln_profile_full_attn_stage full_attn_layer=2 stage=kv_write seq_len=1 start_pos=67 elapsed_ms=0.175
kiln_profile_full_attn_stage full_attn_layer=2 stage=decode_attn_contiguous seq_len=1 start_pos=67 elapsed_ms=0.209
kiln_profile_full_attn_stage full_attn_layer=2 stage=attn_gate seq_len=1 start_pos=67 elapsed_ms=0.182
kiln_profile_full_attn_stage full_attn_layer=2 stage=o_proj seq_len=1 start_pos=67 elapsed_ms=0.637
kiln_profile_mlp_stage layer=11 stage=gate_up_fused seq_len=1 start_pos=67 elapsed_ms=1.802
kiln_profile_mlp_stage layer=11 stage=down_proj seq_len=1 start_pos=67 elapsed_ms=1.119
kiln_profile_gdn_stage layer=12 stage=in_proj seq_len=1 start_pos=67 elapsed_ms=2.402
kiln_profile_gdn_stage layer=12 stage=qkv_conv_norm seq_len=1 start_pos=67 elapsed_ms=0.227
kiln_profile_gdn_stage layer=12 stage=gates_recur_gated_norm seq_len=1 start_pos=67 elapsed_ms=0.294
kiln_profile_gdn_stage layer=12 stage=post_transpose seq_len=1 start_pos=67 elapsed_ms=0.000
kiln_profile_gdn_stage layer=12 stage=gated_norm seq_len=1 start_pos=67 elapsed_ms=0.002
kiln_profile_gdn_stage layer=12 stage=out_proj seq_len=1 start_pos=67 elapsed_ms=0.622
kiln_profile_mlp_stage layer=12 stage=gate_up_fused seq_len=1 start_pos=67 elapsed_ms=1.751
kiln_profile_mlp_stage layer=12 stage=down_proj seq_len=1 start_pos=67 elapsed_ms=1.083
kiln_profile_gdn_stage layer=13 stage=in_proj seq_len=1 start_pos=67 elapsed_ms=1.303
kiln_profile_gdn_stage layer=13 stage=qkv_conv_norm seq_len=1 start_pos=67 elapsed_ms=0.207
kiln_profile_gdn_stage layer=13 stage=gates_recur_gated_norm seq_len=1 start_pos=67 elapsed_ms=0.281
kiln_profile_gdn_stage layer=13 stage=post_transpose seq_len=1 start_pos=67 elapsed_ms=0.000
kiln_profile_gdn_stage layer=13 stage=gated_norm seq_len=1 start_pos=67 elapsed_ms=0.001
kiln_profile_gdn_stage layer=13 stage=out_proj seq_len=1 start_pos=67 elapsed_ms=0.622
kiln_profile_mlp_stage layer=13 stage=gate_up_fused seq_len=1 start_pos=67 elapsed_ms=1.760
kiln_profile_mlp_stage layer=13 stage=down_proj seq_len=1 start_pos=67 elapsed_ms=1.106
kiln_profile_gdn_stage layer=14 stage=in_proj seq_len=1 start_pos=67 elapsed_ms=1.289
kiln_profile_gdn_stage layer=14 stage=qkv_conv_norm seq_len=1 start_pos=67 elapsed_ms=0.264
kiln_profile_gdn_stage layer=14 stage=gates_recur_gated_norm seq_len=1 start_pos=67 elapsed_ms=0.309
kiln_profile_gdn_stage layer=14 stage=post_transpose seq_len=1 start_pos=67 elapsed_ms=0.000
kiln_profile_gdn_stage layer=14 stage=gated_norm seq_len=1 start_pos=67 elapsed_ms=0.001
kiln_profile_gdn_stage layer=14 stage=out_proj seq_len=1 start_pos=67 elapsed_ms=0.653
kiln_profile_mlp_stage layer=14 stage=gate_up_fused seq_len=1 start_pos=67 elapsed_ms=1.796
kiln_profile_mlp_stage layer=14 stage=down_proj seq_len=1 start_pos=67 elapsed_ms=1.046
kiln_profile_full_attn_stage full_attn_layer=3 stage=qkv_proj seq_len=1 start_pos=67 elapsed_ms=1.208
kiln_profile_full_attn_stage full_attn_layer=3 stage=qkv_split seq_len=1 start_pos=67 elapsed_ms=0.217
kiln_profile_full_attn_stage full_attn_layer=3 stage=qk_norm seq_len=1 start_pos=67 elapsed_ms=0.187
kiln_profile_full_attn_stage full_attn_layer=3 stage=rope seq_len=1 start_pos=67 elapsed_ms=0.177
kiln_profile_full_attn_stage full_attn_layer=3 stage=q_transpose seq_len=1 start_pos=67 elapsed_ms=0.001
kiln_profile_full_attn_stage full_attn_layer=3 stage=kv_write seq_len=1 start_pos=67 elapsed_ms=0.192
kiln_profile_full_attn_stage full_attn_layer=3 stage=decode_attn_contiguous seq_len=1 start_pos=67 elapsed_ms=0.204
kiln_profile_full_attn_stage full_attn_layer=3 stage=attn_gate seq_len=1 start_pos=67 elapsed_ms=0.172
kiln_profile_full_attn_stage full_attn_layer=3 stage=o_proj seq_len=1 start_pos=67 elapsed_ms=0.607
kiln_profile_mlp_stage layer=15 stage=gate_up_fused seq_len=1 start_pos=67 elapsed_ms=1.865
kiln_profile_mlp_stage layer=15 stage=down_proj seq_len=1 start_pos=67 elapsed_ms=1.122
kiln_profile_gdn_stage layer=16 stage=in_proj seq_len=1 start_pos=67 elapsed_ms=1.440
kiln_profile_gdn_stage layer=16 stage=qkv_conv_norm seq_len=1 start_pos=67 elapsed_ms=0.189
kiln_profile_gdn_stage layer=16 stage=gates_recur_gated_norm seq_len=1 start_pos=67 elapsed_ms=0.269
kiln_profile_gdn_stage layer=16 stage=post_transpose seq_len=1 start_pos=67 elapsed_ms=0.000
kiln_profile_gdn_stage layer=16 stage=gated_norm seq_len=1 start_pos=67 elapsed_ms=0.001
kiln_profile_gdn_stage layer=16 stage=out_proj seq_len=1 start_pos=67 elapsed_ms=0.628
kiln_profile_mlp_stage layer=16 stage=gate_up_fused seq_len=1 start_pos=67 elapsed_ms=1.822
kiln_profile_mlp_stage layer=16 stage=down_proj seq_len=1 start_pos=67 elapsed_ms=1.087
kiln_profile_gdn_stage layer=17 stage=in_proj seq_len=1 start_pos=67 elapsed_ms=1.338
kiln_profile_gdn_stage layer=17 stage=qkv_conv_norm seq_len=1 start_pos=67 elapsed_ms=0.172
kiln_profile_gdn_stage layer=17 stage=gates_recur_gated_norm seq_len=1 start_pos=67 elapsed_ms=0.259
kiln_profile_gdn_stage layer=17 stage=post_transpose seq_len=1 start_pos=67 elapsed_ms=0.000
kiln_profile_gdn_stage layer=17 stage=gated_norm seq_len=1 start_pos=67 elapsed_ms=0.001
kiln_profile_gdn_stage layer=17 stage=out_proj seq_len=1 start_pos=67 elapsed_ms=1.288
kiln_profile_mlp_stage layer=17 stage=gate_up_fused seq_len=1 start_pos=67 elapsed_ms=2.218
kiln_profile_mlp_stage layer=17 stage=down_proj seq_len=1 start_pos=67 elapsed_ms=1.058
kiln_profile_gdn_stage layer=18 stage=in_proj seq_len=1 start_pos=67 elapsed_ms=1.297
kiln_profile_gdn_stage layer=18 stage=qkv_conv_norm seq_len=1 start_pos=67 elapsed_ms=0.186
kiln_profile_gdn_stage layer=18 stage=gates_recur_gated_norm seq_len=1 start_pos=67 elapsed_ms=0.264
kiln_profile_gdn_stage layer=18 stage=post_transpose seq_len=1 start_pos=67 elapsed_ms=0.000
kiln_profile_gdn_stage layer=18 stage=gated_norm seq_len=1 start_pos=67 elapsed_ms=0.001
kiln_profile_gdn_stage layer=18 stage=out_proj seq_len=1 start_pos=67 elapsed_ms=0.624
kiln_profile_mlp_stage layer=18 stage=gate_up_fused seq_len=1 start_pos=67 elapsed_ms=1.817
kiln_profile_mlp_stage layer=18 stage=down_proj seq_len=1 start_pos=67 elapsed_ms=1.047
kiln_profile_full_attn_stage full_attn_layer=4 stage=qkv_proj seq_len=1 start_pos=67 elapsed_ms=1.212
kiln_profile_full_attn_stage full_attn_layer=4 stage=qkv_split seq_len=1 start_pos=67 elapsed_ms=0.217
kiln_profile_full_attn_stage full_attn_layer=4 stage=qk_norm seq_len=1 start_pos=67 elapsed_ms=0.169
kiln_profile_full_attn_stage full_attn_layer=4 stage=rope seq_len=1 start_pos=67 elapsed_ms=0.158
kiln_profile_full_attn_stage full_attn_layer=4 stage=q_transpose seq_len=1 start_pos=67 elapsed_ms=0.001
kiln_profile_full_attn_stage full_attn_layer=4 stage=kv_write seq_len=1 start_pos=67 elapsed_ms=0.175
kiln_profile_full_attn_stage full_attn_layer=4 stage=decode_attn_contiguous seq_len=1 start_pos=67 elapsed_ms=0.184
kiln_profile_full_attn_stage full_attn_layer=4 stage=attn_gate seq_len=1 start_pos=67 elapsed_ms=0.149
kiln_profile_full_attn_stage full_attn_layer=4 stage=o_proj seq_len=1 start_pos=67 elapsed_ms=0.591
kiln_profile_mlp_stage layer=19 stage=gate_up_fused seq_len=1 start_pos=67 elapsed_ms=1.794
kiln_profile_mlp_stage layer=19 stage=down_proj seq_len=1 start_pos=67 elapsed_ms=1.037
kiln_profile_gdn_stage layer=20 stage=in_proj seq_len=1 start_pos=67 elapsed_ms=1.251
kiln_profile_gdn_stage layer=20 stage=qkv_conv_norm seq_len=1 start_pos=67 elapsed_ms=0.209
kiln_profile_gdn_stage layer=20 stage=gates_recur_gated_norm seq_len=1 start_pos=67 elapsed_ms=0.275
kiln_profile_gdn_stage layer=20 stage=post_transpose seq_len=1 start_pos=67 elapsed_ms=0.000
kiln_profile_gdn_stage layer=20 stage=gated_norm seq_len=1 start_pos=67 elapsed_ms=0.001
kiln_profile_gdn_stage layer=20 stage=out_proj seq_len=1 start_pos=67 elapsed_ms=0.600
kiln_profile_mlp_stage layer=20 stage=gate_up_fused seq_len=1 start_pos=67 elapsed_ms=1.871
kiln_profile_mlp_stage layer=20 stage=down_proj seq_len=1 start_pos=67 elapsed_ms=1.057
kiln_profile_gdn_stage layer=21 stage=in_proj seq_len=1 start_pos=67 elapsed_ms=1.273
kiln_profile_gdn_stage layer=21 stage=qkv_conv_norm seq_len=1 start_pos=67 elapsed_ms=0.204
kiln_profile_gdn_stage layer=21 stage=gates_recur_gated_norm seq_len=1 start_pos=67 elapsed_ms=0.287
kiln_profile_gdn_stage layer=21 stage=post_transpose seq_len=1 start_pos=67 elapsed_ms=0.000
kiln_profile_gdn_stage layer=21 stage=gated_norm seq_len=1 start_pos=67 elapsed_ms=0.001
kiln_profile_gdn_stage layer=21 stage=out_proj seq_len=1 start_pos=67 elapsed_ms=0.611
kiln_profile_mlp_stage layer=21 stage=gate_up_fused seq_len=1 start_pos=67 elapsed_ms=1.781
kiln_profile_mlp_stage layer=21 stage=down_proj seq_len=1 start_pos=67 elapsed_ms=1.082
kiln_profile_gdn_stage layer=22 stage=in_proj seq_len=1 start_pos=67 elapsed_ms=1.296
kiln_profile_gdn_stage layer=22 stage=qkv_conv_norm seq_len=1 start_pos=67 elapsed_ms=0.198
kiln_profile_gdn_stage layer=22 stage=gates_recur_gated_norm seq_len=1 start_pos=67 elapsed_ms=0.281
kiln_profile_gdn_stage layer=22 stage=post_transpose seq_len=1 start_pos=67 elapsed_ms=0.000
kiln_profile_gdn_stage layer=22 stage=gated_norm seq_len=1 start_pos=67 elapsed_ms=0.001
kiln_profile_gdn_stage layer=22 stage=out_proj seq_len=1 start_pos=67 elapsed_ms=0.623
kiln_profile_mlp_stage layer=22 stage=gate_up_fused seq_len=1 start_pos=67 elapsed_ms=1.810
kiln_profile_mlp_stage layer=22 stage=down_proj seq_len=1 start_pos=67 elapsed_ms=1.144
kiln_profile_full_attn_stage full_attn_layer=5 stage=qkv_proj seq_len=1 start_pos=67 elapsed_ms=1.958
kiln_profile_full_attn_stage full_attn_layer=5 stage=qkv_split seq_len=1 start_pos=67 elapsed_ms=0.212
kiln_profile_full_attn_stage full_attn_layer=5 stage=qk_norm seq_len=1 start_pos=67 elapsed_ms=0.179
kiln_profile_full_attn_stage full_attn_layer=5 stage=rope seq_len=1 start_pos=67 elapsed_ms=0.159
kiln_profile_full_attn_stage full_attn_layer=5 stage=q_transpose seq_len=1 start_pos=67 elapsed_ms=0.001
kiln_profile_full_attn_stage full_attn_layer=5 stage=kv_write seq_len=1 start_pos=67 elapsed_ms=0.151
kiln_profile_full_attn_stage full_attn_layer=5 stage=decode_attn_contiguous seq_len=1 start_pos=67 elapsed_ms=0.252
kiln_profile_full_attn_stage full_attn_layer=5 stage=attn_gate seq_len=1 start_pos=67 elapsed_ms=0.159
kiln_profile_full_attn_stage full_attn_layer=5 stage=o_proj seq_len=1 start_pos=67 elapsed_ms=0.615
kiln_profile_mlp_stage layer=23 stage=gate_up_fused seq_len=1 start_pos=67 elapsed_ms=1.794
kiln_profile_mlp_stage layer=23 stage=down_proj seq_len=1 start_pos=67 elapsed_ms=1.026
kiln_profile_gdn_stage layer=24 stage=in_proj seq_len=1 start_pos=67 elapsed_ms=1.313
kiln_profile_gdn_stage layer=24 stage=qkv_conv_norm seq_len=1 start_pos=67 elapsed_ms=0.177
kiln_profile_gdn_stage layer=24 stage=gates_recur_gated_norm seq_len=1 start_pos=67 elapsed_ms=0.261
kiln_profile_gdn_stage layer=24 stage=post_transpose seq_len=1 start_pos=67 elapsed_ms=0.000
kiln_profile_gdn_stage layer=24 stage=gated_norm seq_len=1 start_pos=67 elapsed_ms=0.001
kiln_profile_gdn_stage layer=24 stage=out_proj seq_len=1 start_pos=67 elapsed_ms=0.643
kiln_profile_mlp_stage layer=24 stage=gate_up_fused seq_len=1 start_pos=67 elapsed_ms=1.773
kiln_profile_mlp_stage layer=24 stage=down_proj seq_len=1 start_pos=67 elapsed_ms=1.089
kiln_profile_gdn_stage layer=25 stage=in_proj seq_len=1 start_pos=67 elapsed_ms=1.332
kiln_profile_gdn_stage layer=25 stage=qkv_conv_norm seq_len=1 start_pos=67 elapsed_ms=0.181
kiln_profile_gdn_stage layer=25 stage=gates_recur_gated_norm seq_len=1 start_pos=67 elapsed_ms=0.282
kiln_profile_gdn_stage layer=25 stage=post_transpose seq_len=1 start_pos=67 elapsed_ms=0.000
kiln_profile_gdn_stage layer=25 stage=gated_norm seq_len=1 start_pos=67 elapsed_ms=0.001
kiln_profile_gdn_stage layer=25 stage=out_proj seq_len=1 start_pos=67 elapsed_ms=0.636
kiln_profile_mlp_stage layer=25 stage=gate_up_fused seq_len=1 start_pos=67 elapsed_ms=1.771
kiln_profile_mlp_stage layer=25 stage=down_proj seq_len=1 start_pos=67 elapsed_ms=1.058
kiln_profile_gdn_stage layer=26 stage=in_proj seq_len=1 start_pos=67 elapsed_ms=1.286
kiln_profile_gdn_stage layer=26 stage=qkv_conv_norm seq_len=1 start_pos=67 elapsed_ms=0.183
kiln_profile_gdn_stage layer=26 stage=gates_recur_gated_norm seq_len=1 start_pos=67 elapsed_ms=0.265
kiln_profile_gdn_stage layer=26 stage=post_transpose seq_len=1 start_pos=67 elapsed_ms=0.000
kiln_profile_gdn_stage layer=26 stage=gated_norm seq_len=1 start_pos=67 elapsed_ms=0.001
kiln_profile_gdn_stage layer=26 stage=out_proj seq_len=1 start_pos=67 elapsed_ms=0.637
kiln_profile_mlp_stage layer=26 stage=gate_up_fused seq_len=1 start_pos=67 elapsed_ms=1.774
kiln_profile_mlp_stage layer=26 stage=down_proj seq_len=1 start_pos=67 elapsed_ms=1.066
kiln_profile_full_attn_stage full_attn_layer=6 stage=qkv_proj seq_len=1 start_pos=67 elapsed_ms=1.283
kiln_profile_full_attn_stage full_attn_layer=6 stage=qkv_split seq_len=1 start_pos=67 elapsed_ms=0.200
kiln_profile_full_attn_stage full_attn_layer=6 stage=qk_norm seq_len=1 start_pos=67 elapsed_ms=0.162
kiln_profile_full_attn_stage full_attn_layer=6 stage=rope seq_len=1 start_pos=67 elapsed_ms=0.152
kiln_profile_full_attn_stage full_attn_layer=6 stage=q_transpose seq_len=1 start_pos=67 elapsed_ms=0.001
kiln_profile_full_attn_stage full_attn_layer=6 stage=kv_write seq_len=1 start_pos=67 elapsed_ms=0.149
kiln_profile_full_attn_stage full_attn_layer=6 stage=decode_attn_contiguous seq_len=1 start_pos=67 elapsed_ms=0.179
kiln_profile_full_attn_stage full_attn_layer=6 stage=attn_gate seq_len=1 start_pos=67 elapsed_ms=0.147
kiln_profile_full_attn_stage full_attn_layer=6 stage=o_proj seq_len=1 start_pos=67 elapsed_ms=0.586
kiln_profile_mlp_stage layer=27 stage=gate_up_fused seq_len=1 start_pos=67 elapsed_ms=1.786
kiln_profile_mlp_stage layer=27 stage=down_proj seq_len=1 start_pos=67 elapsed_ms=1.117
kiln_profile_gdn_stage layer=28 stage=in_proj seq_len=1 start_pos=67 elapsed_ms=1.352
kiln_profile_gdn_stage layer=28 stage=qkv_conv_norm seq_len=1 start_pos=67 elapsed_ms=0.745
kiln_profile_gdn_stage layer=28 stage=gates_recur_gated_norm seq_len=1 start_pos=67 elapsed_ms=0.597
kiln_profile_gdn_stage layer=28 stage=post_transpose seq_len=1 start_pos=67 elapsed_ms=0.000
kiln_profile_gdn_stage layer=28 stage=gated_norm seq_len=1 start_pos=67 elapsed_ms=0.001
kiln_profile_gdn_stage layer=28 stage=out_proj seq_len=1 start_pos=67 elapsed_ms=0.935
kiln_profile_mlp_stage layer=28 stage=gate_up_fused seq_len=1 start_pos=67 elapsed_ms=1.784
kiln_profile_mlp_stage layer=28 stage=down_proj seq_len=1 start_pos=67 elapsed_ms=1.068
kiln_profile_gdn_stage layer=29 stage=in_proj seq_len=1 start_pos=67 elapsed_ms=1.331
kiln_profile_gdn_stage layer=29 stage=qkv_conv_norm seq_len=1 start_pos=67 elapsed_ms=0.197
kiln_profile_gdn_stage layer=29 stage=gates_recur_gated_norm seq_len=1 start_pos=67 elapsed_ms=0.280
kiln_profile_gdn_stage layer=29 stage=post_transpose seq_len=1 start_pos=67 elapsed_ms=0.000
kiln_profile_gdn_stage layer=29 stage=gated_norm seq_len=1 start_pos=67 elapsed_ms=0.001
kiln_profile_gdn_stage layer=29 stage=out_proj seq_len=1 start_pos=67 elapsed_ms=0.638
kiln_profile_mlp_stage layer=29 stage=gate_up_fused seq_len=1 start_pos=67 elapsed_ms=1.908
kiln_profile_mlp_stage layer=29 stage=down_proj seq_len=1 start_pos=67 elapsed_ms=1.145
kiln_profile_gdn_stage layer=30 stage=in_proj seq_len=1 start_pos=67 elapsed_ms=1.274
kiln_profile_gdn_stage layer=30 stage=qkv_conv_norm seq_len=1 start_pos=67 elapsed_ms=0.179
kiln_profile_gdn_stage layer=30 stage=gates_recur_gated_norm seq_len=1 start_pos=67 elapsed_ms=0.257
kiln_profile_gdn_stage layer=30 stage=post_transpose seq_len=1 start_pos=67 elapsed_ms=0.000
kiln_profile_gdn_stage layer=30 stage=gated_norm seq_len=1 start_pos=67 elapsed_ms=0.001
kiln_profile_gdn_stage layer=30 stage=out_proj seq_len=1 start_pos=67 elapsed_ms=0.589
kiln_profile_mlp_stage layer=30 stage=gate_up_fused seq_len=1 start_pos=67 elapsed_ms=1.829
kiln_profile_mlp_stage layer=30 stage=down_proj seq_len=1 start_pos=67 elapsed_ms=1.071
kiln_profile_full_attn_stage full_attn_layer=7 stage=qkv_proj seq_len=1 start_pos=67 elapsed_ms=1.238
kiln_profile_full_attn_stage full_attn_layer=7 stage=qkv_split seq_len=1 start_pos=67 elapsed_ms=0.236
kiln_profile_full_attn_stage full_attn_layer=7 stage=qk_norm seq_len=1 start_pos=67 elapsed_ms=0.194
kiln_profile_full_attn_stage full_attn_layer=7 stage=rope seq_len=1 start_pos=67 elapsed_ms=0.155
kiln_profile_full_attn_stage full_attn_layer=7 stage=q_transpose seq_len=1 start_pos=67 elapsed_ms=0.001
kiln_profile_full_attn_stage full_attn_layer=7 stage=kv_write seq_len=1 start_pos=67 elapsed_ms=0.210
kiln_profile_full_attn_stage full_attn_layer=7 stage=decode_attn_contiguous seq_len=1 start_pos=67 elapsed_ms=0.187
kiln_profile_full_attn_stage full_attn_layer=7 stage=attn_gate seq_len=1 start_pos=67 elapsed_ms=0.164
kiln_profile_full_attn_stage full_attn_layer=7 stage=o_proj seq_len=1 start_pos=67 elapsed_ms=0.615
kiln_profile_mlp_stage layer=31 stage=gate_up_fused seq_len=1 start_pos=67 elapsed_ms=1.760
kiln_profile_mlp_stage layer=31 stage=down_proj seq_len=1 start_pos=67 elapsed_ms=1.112
kiln_profile_gdn_stage layer=0 stage=in_proj seq_len=1 start_pos=68 elapsed_ms=1.308
kiln_profile_gdn_stage layer=0 stage=qkv_conv_norm seq_len=1 start_pos=68 elapsed_ms=0.229
kiln_profile_gdn_stage layer=0 stage=gates_recur_gated_norm seq_len=1 start_pos=68 elapsed_ms=0.314
kiln_profile_gdn_stage layer=0 stage=post_transpose seq_len=1 start_pos=68 elapsed_ms=0.000
kiln_profile_gdn_stage layer=0 stage=gated_norm seq_len=1 start_pos=68 elapsed_ms=0.001
kiln_profile_gdn_stage layer=0 stage=out_proj seq_len=1 start_pos=68 elapsed_ms=0.680
kiln_profile_mlp_stage layer=0 stage=gate_up_fused seq_len=1 start_pos=68 elapsed_ms=1.842
kiln_profile_mlp_stage layer=0 stage=down_proj seq_len=1 start_pos=68 elapsed_ms=1.145
kiln_profile_gdn_stage layer=1 stage=in_proj seq_len=1 start_pos=68 elapsed_ms=1.376
kiln_profile_gdn_stage layer=1 stage=qkv_conv_norm seq_len=1 start_pos=68 elapsed_ms=0.215
kiln_profile_gdn_stage layer=1 stage=gates_recur_gated_norm seq_len=1 start_pos=68 elapsed_ms=0.297
kiln_profile_gdn_stage layer=1 stage=post_transpose seq_len=1 start_pos=68 elapsed_ms=0.000
kiln_profile_gdn_stage layer=1 stage=gated_norm seq_len=1 start_pos=68 elapsed_ms=0.001
kiln_profile_gdn_stage layer=1 stage=out_proj seq_len=1 start_pos=68 elapsed_ms=0.708
kiln_profile_mlp_stage layer=1 stage=gate_up_fused seq_len=1 start_pos=68 elapsed_ms=1.766
kiln_profile_mlp_stage layer=1 stage=down_proj seq_len=1 start_pos=68 elapsed_ms=1.094
kiln_profile_gdn_stage layer=2 stage=in_proj seq_len=1 start_pos=68 elapsed_ms=1.332
kiln_profile_gdn_stage layer=2 stage=qkv_conv_norm seq_len=1 start_pos=68 elapsed_ms=0.202
kiln_profile_gdn_stage layer=2 stage=gates_recur_gated_norm seq_len=1 start_pos=68 elapsed_ms=0.283
kiln_profile_gdn_stage layer=2 stage=post_transpose seq_len=1 start_pos=68 elapsed_ms=0.000
kiln_profile_gdn_stage layer=2 stage=gated_norm seq_len=1 start_pos=68 elapsed_ms=0.001
kiln_profile_gdn_stage layer=2 stage=out_proj seq_len=1 start_pos=68 elapsed_ms=0.634
kiln_profile_mlp_stage layer=2 stage=gate_up_fused seq_len=1 start_pos=68 elapsed_ms=1.955
kiln_profile_mlp_stage layer=2 stage=down_proj seq_len=1 start_pos=68 elapsed_ms=2.038
kiln_profile_full_attn_stage full_attn_layer=0 stage=qkv_proj seq_len=1 start_pos=68 elapsed_ms=1.284
kiln_profile_full_attn_stage full_attn_layer=0 stage=qkv_split seq_len=1 start_pos=68 elapsed_ms=0.262
kiln_profile_full_attn_stage full_attn_layer=0 stage=qk_norm seq_len=1 start_pos=68 elapsed_ms=0.238
kiln_profile_full_attn_stage full_attn_layer=0 stage=rope seq_len=1 start_pos=68 elapsed_ms=0.200
kiln_profile_full_attn_stage full_attn_layer=0 stage=q_transpose seq_len=1 start_pos=68 elapsed_ms=0.001
kiln_profile_full_attn_stage full_attn_layer=0 stage=kv_write seq_len=1 start_pos=68 elapsed_ms=0.232
kiln_profile_full_attn_stage full_attn_layer=0 stage=decode_attn_contiguous seq_len=1 start_pos=68 elapsed_ms=0.265
kiln_profile_full_attn_stage full_attn_layer=0 stage=attn_gate seq_len=1 start_pos=68 elapsed_ms=0.221
kiln_profile_full_attn_stage full_attn_layer=0 stage=o_proj seq_len=1 start_pos=68 elapsed_ms=0.624
kiln_profile_mlp_stage layer=3 stage=gate_up_fused seq_len=1 start_pos=68 elapsed_ms=1.890
kiln_profile_mlp_stage layer=3 stage=down_proj seq_len=1 start_pos=68 elapsed_ms=1.087
kiln_profile_gdn_stage layer=4 stage=in_proj seq_len=1 start_pos=68 elapsed_ms=1.275
kiln_profile_gdn_stage layer=4 stage=qkv_conv_norm seq_len=1 start_pos=68 elapsed_ms=0.205
kiln_profile_gdn_stage layer=4 stage=gates_recur_gated_norm seq_len=1 start_pos=68 elapsed_ms=0.330
kiln_profile_gdn_stage layer=4 stage=post_transpose seq_len=1 start_pos=68 elapsed_ms=0.000
kiln_profile_gdn_stage layer=4 stage=gated_norm seq_len=1 start_pos=68 elapsed_ms=0.002
kiln_profile_gdn_stage layer=4 stage=out_proj seq_len=1 start_pos=68 elapsed_ms=0.616
kiln_profile_mlp_stage layer=4 stage=gate_up_fused seq_len=1 start_pos=68 elapsed_ms=1.955
kiln_profile_mlp_stage layer=4 stage=down_proj seq_len=1 start_pos=68 elapsed_ms=1.222
kiln_profile_gdn_stage layer=5 stage=in_proj seq_len=1 start_pos=68 elapsed_ms=1.328
kiln_profile_gdn_stage layer=5 stage=qkv_conv_norm seq_len=1 start_pos=68 elapsed_ms=0.177
kiln_profile_gdn_stage layer=5 stage=gates_recur_gated_norm seq_len=1 start_pos=68 elapsed_ms=0.288
kiln_profile_gdn_stage layer=5 stage=post_transpose seq_len=1 start_pos=68 elapsed_ms=0.000
kiln_profile_gdn_stage layer=5 stage=gated_norm seq_len=1 start_pos=68 elapsed_ms=0.001
kiln_profile_gdn_stage layer=5 stage=out_proj seq_len=1 start_pos=68 elapsed_ms=0.670
kiln_profile_mlp_stage layer=5 stage=gate_up_fused seq_len=1 start_pos=68 elapsed_ms=1.830
kiln_profile_mlp_stage layer=5 stage=down_proj seq_len=1 start_pos=68 elapsed_ms=1.112
kiln_profile_gdn_stage layer=6 stage=in_proj seq_len=1 start_pos=68 elapsed_ms=1.328
kiln_profile_gdn_stage layer=6 stage=qkv_conv_norm seq_len=1 start_pos=68 elapsed_ms=0.177
kiln_profile_gdn_stage layer=6 stage=gates_recur_gated_norm seq_len=1 start_pos=68 elapsed_ms=0.255
kiln_profile_gdn_stage layer=6 stage=post_transpose seq_len=1 start_pos=68 elapsed_ms=0.000
kiln_profile_gdn_stage layer=6 stage=gated_norm seq_len=1 start_pos=68 elapsed_ms=0.001
kiln_profile_gdn_stage layer=6 stage=out_proj seq_len=1 start_pos=68 elapsed_ms=0.660
kiln_profile_mlp_stage layer=6 stage=gate_up_fused seq_len=1 start_pos=68 elapsed_ms=1.762
kiln_profile_mlp_stage layer=6 stage=down_proj seq_len=1 start_pos=68 elapsed_ms=1.056
kiln_profile_full_attn_stage full_attn_layer=1 stage=qkv_proj seq_len=1 start_pos=68 elapsed_ms=1.220
kiln_profile_full_attn_stage full_attn_layer=1 stage=qkv_split seq_len=1 start_pos=68 elapsed_ms=0.201
kiln_profile_full_attn_stage full_attn_layer=1 stage=qk_norm seq_len=1 start_pos=68 elapsed_ms=0.173
kiln_profile_full_attn_stage full_attn_layer=1 stage=rope seq_len=1 start_pos=68 elapsed_ms=0.183
kiln_profile_full_attn_stage full_attn_layer=1 stage=q_transpose seq_len=1 start_pos=68 elapsed_ms=0.001
kiln_profile_full_attn_stage full_attn_layer=1 stage=kv_write seq_len=1 start_pos=68 elapsed_ms=0.160
kiln_profile_full_attn_stage full_attn_layer=1 stage=decode_attn_contiguous seq_len=1 start_pos=68 elapsed_ms=0.196
kiln_profile_full_attn_stage full_attn_layer=1 stage=attn_gate seq_len=1 start_pos=68 elapsed_ms=0.161
kiln_profile_full_attn_stage full_attn_layer=1 stage=o_proj seq_len=1 start_pos=68 elapsed_ms=0.612
kiln_profile_mlp_stage layer=7 stage=gate_up_fused seq_len=1 start_pos=68 elapsed_ms=1.848
kiln_profile_mlp_stage layer=7 stage=down_proj seq_len=1 start_pos=68 elapsed_ms=1.192
kiln_profile_gdn_stage layer=8 stage=in_proj seq_len=1 start_pos=68 elapsed_ms=1.685
kiln_profile_gdn_stage layer=8 stage=qkv_conv_norm seq_len=1 start_pos=68 elapsed_ms=0.201
kiln_profile_gdn_stage layer=8 stage=gates_recur_gated_norm seq_len=1 start_pos=68 elapsed_ms=0.274
kiln_profile_gdn_stage layer=8 stage=post_transpose seq_len=1 start_pos=68 elapsed_ms=0.000
kiln_profile_gdn_stage layer=8 stage=gated_norm seq_len=1 start_pos=68 elapsed_ms=0.001
kiln_profile_gdn_stage layer=8 stage=out_proj seq_len=1 start_pos=68 elapsed_ms=0.641
kiln_profile_mlp_stage layer=8 stage=gate_up_fused seq_len=1 start_pos=68 elapsed_ms=1.769
kiln_profile_mlp_stage layer=8 stage=down_proj seq_len=1 start_pos=68 elapsed_ms=1.097
kiln_profile_gdn_stage layer=9 stage=in_proj seq_len=1 start_pos=68 elapsed_ms=1.287
kiln_profile_gdn_stage layer=9 stage=qkv_conv_norm seq_len=1 start_pos=68 elapsed_ms=0.261
kiln_profile_gdn_stage layer=9 stage=gates_recur_gated_norm seq_len=1 start_pos=68 elapsed_ms=0.337
kiln_profile_gdn_stage layer=9 stage=post_transpose seq_len=1 start_pos=68 elapsed_ms=0.000
kiln_profile_gdn_stage layer=9 stage=gated_norm seq_len=1 start_pos=68 elapsed_ms=0.001
kiln_profile_gdn_stage layer=9 stage=out_proj seq_len=1 start_pos=68 elapsed_ms=0.647
kiln_profile_mlp_stage layer=9 stage=gate_up_fused seq_len=1 start_pos=68 elapsed_ms=1.786
kiln_profile_mlp_stage layer=9 stage=down_proj seq_len=1 start_pos=68 elapsed_ms=1.130
kiln_profile_gdn_stage layer=10 stage=in_proj seq_len=1 start_pos=68 elapsed_ms=1.281
kiln_profile_gdn_stage layer=10 stage=qkv_conv_norm seq_len=1 start_pos=68 elapsed_ms=0.200
kiln_profile_gdn_stage layer=10 stage=gates_recur_gated_norm seq_len=1 start_pos=68 elapsed_ms=0.320
kiln_profile_gdn_stage layer=10 stage=post_transpose seq_len=1 start_pos=68 elapsed_ms=0.000
kiln_profile_gdn_stage layer=10 stage=gated_norm seq_len=1 start_pos=68 elapsed_ms=0.001
kiln_profile_gdn_stage layer=10 stage=out_proj seq_len=1 start_pos=68 elapsed_ms=0.627
kiln_profile_mlp_stage layer=10 stage=gate_up_fused seq_len=1 start_pos=68 elapsed_ms=1.805
kiln_profile_mlp_stage layer=10 stage=down_proj seq_len=1 start_pos=68 elapsed_ms=1.115
kiln_profile_full_attn_stage full_attn_layer=2 stage=qkv_proj seq_len=1 start_pos=68 elapsed_ms=1.274
kiln_profile_full_attn_stage full_attn_layer=2 stage=qkv_split seq_len=1 start_pos=68 elapsed_ms=0.286
kiln_profile_full_attn_stage full_attn_layer=2 stage=qk_norm seq_len=1 start_pos=68 elapsed_ms=0.259
kiln_profile_full_attn_stage full_attn_layer=2 stage=rope seq_len=1 start_pos=68 elapsed_ms=0.239
kiln_profile_full_attn_stage full_attn_layer=2 stage=q_transpose seq_len=1 start_pos=68 elapsed_ms=0.001
kiln_profile_full_attn_stage full_attn_layer=2 stage=kv_write seq_len=1 start_pos=68 elapsed_ms=0.180
kiln_profile_full_attn_stage full_attn_layer=2 stage=decode_attn_contiguous seq_len=1 start_pos=68 elapsed_ms=0.224
kiln_profile_full_attn_stage full_attn_layer=2 stage=attn_gate seq_len=1 start_pos=68 elapsed_ms=0.176
kiln_profile_full_attn_stage full_attn_layer=2 stage=o_proj seq_len=1 start_pos=68 elapsed_ms=0.613
kiln_profile_mlp_stage layer=11 stage=gate_up_fused seq_len=1 start_pos=68 elapsed_ms=1.780
kiln_profile_mlp_stage layer=11 stage=down_proj seq_len=1 start_pos=68 elapsed_ms=1.116
kiln_profile_gdn_stage layer=12 stage=in_proj seq_len=1 start_pos=68 elapsed_ms=1.367
kiln_profile_gdn_stage layer=12 stage=qkv_conv_norm seq_len=1 start_pos=68 elapsed_ms=0.192
kiln_profile_gdn_stage layer=12 stage=gates_recur_gated_norm seq_len=1 start_pos=68 elapsed_ms=0.270
kiln_profile_gdn_stage layer=12 stage=post_transpose seq_len=1 start_pos=68 elapsed_ms=0.000
kiln_profile_gdn_stage layer=12 stage=gated_norm seq_len=1 start_pos=68 elapsed_ms=0.001
kiln_profile_gdn_stage layer=12 stage=out_proj seq_len=1 start_pos=68 elapsed_ms=0.637
kiln_profile_mlp_stage layer=12 stage=gate_up_fused seq_len=1 start_pos=68 elapsed_ms=1.920
kiln_profile_mlp_stage layer=12 stage=down_proj seq_len=1 start_pos=68 elapsed_ms=1.124
kiln_profile_gdn_stage layer=13 stage=in_proj seq_len=1 start_pos=68 elapsed_ms=1.345
kiln_profile_gdn_stage layer=13 stage=qkv_conv_norm seq_len=1 start_pos=68 elapsed_ms=0.187
kiln_profile_gdn_stage layer=13 stage=gates_recur_gated_norm seq_len=1 start_pos=68 elapsed_ms=0.796
kiln_profile_gdn_stage layer=13 stage=post_transpose seq_len=1 start_pos=68 elapsed_ms=0.000
kiln_profile_gdn_stage layer=13 stage=gated_norm seq_len=1 start_pos=68 elapsed_ms=0.001
kiln_profile_gdn_stage layer=13 stage=out_proj seq_len=1 start_pos=68 elapsed_ms=0.908
kiln_profile_mlp_stage layer=13 stage=gate_up_fused seq_len=1 start_pos=68 elapsed_ms=1.830
kiln_profile_mlp_stage layer=13 stage=down_proj seq_len=1 start_pos=68 elapsed_ms=1.133
kiln_profile_gdn_stage layer=14 stage=in_proj seq_len=1 start_pos=68 elapsed_ms=1.411
kiln_profile_gdn_stage layer=14 stage=qkv_conv_norm seq_len=1 start_pos=68 elapsed_ms=0.208
kiln_profile_gdn_stage layer=14 stage=gates_recur_gated_norm seq_len=1 start_pos=68 elapsed_ms=0.289
kiln_profile_gdn_stage layer=14 stage=post_transpose seq_len=1 start_pos=68 elapsed_ms=0.000
kiln_profile_gdn_stage layer=14 stage=gated_norm seq_len=1 start_pos=68 elapsed_ms=0.001
kiln_profile_gdn_stage layer=14 stage=out_proj seq_len=1 start_pos=68 elapsed_ms=0.627
kiln_profile_mlp_stage layer=14 stage=gate_up_fused seq_len=1 start_pos=68 elapsed_ms=1.799
kiln_profile_mlp_stage layer=14 stage=down_proj seq_len=1 start_pos=68 elapsed_ms=1.124
kiln_profile_full_attn_stage full_attn_layer=3 stage=qkv_proj seq_len=1 start_pos=68 elapsed_ms=1.301
kiln_profile_full_attn_stage full_attn_layer=3 stage=qkv_split seq_len=1 start_pos=68 elapsed_ms=0.263
kiln_profile_full_attn_stage full_attn_layer=3 stage=qk_norm seq_len=1 start_pos=68 elapsed_ms=0.202
kiln_profile_full_attn_stage full_attn_layer=3 stage=rope seq_len=1 start_pos=68 elapsed_ms=0.246
kiln_profile_full_attn_stage full_attn_layer=3 stage=q_transpose seq_len=1 start_pos=68 elapsed_ms=0.001
kiln_profile_full_attn_stage full_attn_layer=3 stage=kv_write seq_len=1 start_pos=68 elapsed_ms=0.169
kiln_profile_full_attn_stage full_attn_layer=3 stage=decode_attn_contiguous seq_len=1 start_pos=68 elapsed_ms=0.206
kiln_profile_full_attn_stage full_attn_layer=3 stage=attn_gate seq_len=1 start_pos=68 elapsed_ms=0.172
kiln_profile_full_attn_stage full_attn_layer=3 stage=o_proj seq_len=1 start_pos=68 elapsed_ms=0.617
kiln_profile_mlp_stage layer=15 stage=gate_up_fused seq_len=1 start_pos=68 elapsed_ms=1.853
kiln_profile_mlp_stage layer=15 stage=down_proj seq_len=1 start_pos=68 elapsed_ms=1.115
kiln_profile_gdn_stage layer=16 stage=in_proj seq_len=1 start_pos=68 elapsed_ms=1.301
kiln_profile_gdn_stage layer=16 stage=qkv_conv_norm seq_len=1 start_pos=68 elapsed_ms=0.233
kiln_profile_gdn_stage layer=16 stage=gates_recur_gated_norm seq_len=1 start_pos=68 elapsed_ms=0.314
kiln_profile_gdn_stage layer=16 stage=post_transpose seq_len=1 start_pos=68 elapsed_ms=0.000
kiln_profile_gdn_stage layer=16 stage=gated_norm seq_len=1 start_pos=68 elapsed_ms=0.001
kiln_profile_gdn_stage layer=16 stage=out_proj seq_len=1 start_pos=68 elapsed_ms=0.641
kiln_profile_mlp_stage layer=16 stage=gate_up_fused seq_len=1 start_pos=68 elapsed_ms=1.850
kiln_profile_mlp_stage layer=16 stage=down_proj seq_len=1 start_pos=68 elapsed_ms=1.119
kiln_profile_gdn_stage layer=17 stage=in_proj seq_len=1 start_pos=68 elapsed_ms=1.297
kiln_profile_gdn_stage layer=17 stage=qkv_conv_norm seq_len=1 start_pos=68 elapsed_ms=0.208
kiln_profile_gdn_stage layer=17 stage=gates_recur_gated_norm seq_len=1 start_pos=68 elapsed_ms=0.283
kiln_profile_gdn_stage layer=17 stage=post_transpose seq_len=1 start_pos=68 elapsed_ms=0.000
kiln_profile_gdn_stage layer=17 stage=gated_norm seq_len=1 start_pos=68 elapsed_ms=0.001
kiln_profile_gdn_stage layer=17 stage=out_proj seq_len=1 start_pos=68 elapsed_ms=0.627
kiln_profile_mlp_stage layer=17 stage=gate_up_fused seq_len=1 start_pos=68 elapsed_ms=1.805
kiln_profile_mlp_stage layer=17 stage=down_proj seq_len=1 start_pos=68 elapsed_ms=1.107
kiln_profile_gdn_stage layer=18 stage=in_proj seq_len=1 start_pos=68 elapsed_ms=1.278
kiln_profile_gdn_stage layer=18 stage=qkv_conv_norm seq_len=1 start_pos=68 elapsed_ms=0.192
kiln_profile_gdn_stage layer=18 stage=gates_recur_gated_norm seq_len=1 start_pos=68 elapsed_ms=0.277
kiln_profile_gdn_stage layer=18 stage=post_transpose seq_len=1 start_pos=68 elapsed_ms=0.000
kiln_profile_gdn_stage layer=18 stage=gated_norm seq_len=1 start_pos=68 elapsed_ms=0.001
kiln_profile_gdn_stage layer=18 stage=out_proj seq_len=1 start_pos=68 elapsed_ms=0.628
kiln_profile_mlp_stage layer=18 stage=gate_up_fused seq_len=1 start_pos=68 elapsed_ms=2.741
kiln_profile_mlp_stage layer=18 stage=down_proj seq_len=1 start_pos=68 elapsed_ms=1.131
kiln_profile_full_attn_stage full_attn_layer=4 stage=qkv_proj seq_len=1 start_pos=68 elapsed_ms=1.291
kiln_profile_full_attn_stage full_attn_layer=4 stage=qkv_split seq_len=1 start_pos=68 elapsed_ms=0.250
kiln_profile_full_attn_stage full_attn_layer=4 stage=qk_norm seq_len=1 start_pos=68 elapsed_ms=0.198
kiln_profile_full_attn_stage full_attn_layer=4 stage=rope seq_len=1 start_pos=68 elapsed_ms=0.192
kiln_profile_full_attn_stage full_attn_layer=4 stage=q_transpose seq_len=1 start_pos=68 elapsed_ms=0.002
kiln_profile_full_attn_stage full_attn_layer=4 stage=kv_write seq_len=1 start_pos=68 elapsed_ms=0.178
kiln_profile_full_attn_stage full_attn_layer=4 stage=decode_attn_contiguous seq_len=1 start_pos=68 elapsed_ms=0.224
kiln_profile_full_attn_stage full_attn_layer=4 stage=attn_gate seq_len=1 start_pos=68 elapsed_ms=0.185
kiln_profile_full_attn_stage full_attn_layer=4 stage=o_proj seq_len=1 start_pos=68 elapsed_ms=0.649
kiln_profile_mlp_stage layer=19 stage=gate_up_fused seq_len=1 start_pos=68 elapsed_ms=1.777
kiln_profile_mlp_stage layer=19 stage=down_proj seq_len=1 start_pos=68 elapsed_ms=1.094
kiln_profile_gdn_stage layer=20 stage=in_proj seq_len=1 start_pos=68 elapsed_ms=1.286
kiln_profile_gdn_stage layer=20 stage=qkv_conv_norm seq_len=1 start_pos=68 elapsed_ms=0.218
kiln_profile_gdn_stage layer=20 stage=gates_recur_gated_norm seq_len=1 start_pos=68 elapsed_ms=0.287
kiln_profile_gdn_stage layer=20 stage=post_transpose seq_len=1 start_pos=68 elapsed_ms=0.000
kiln_profile_gdn_stage layer=20 stage=gated_norm seq_len=1 start_pos=68 elapsed_ms=0.001
kiln_profile_gdn_stage layer=20 stage=out_proj seq_len=1 start_pos=68 elapsed_ms=0.649
kiln_profile_mlp_stage layer=20 stage=gate_up_fused seq_len=1 start_pos=68 elapsed_ms=1.798
kiln_profile_mlp_stage layer=20 stage=down_proj seq_len=1 start_pos=68 elapsed_ms=1.125
kiln_profile_gdn_stage layer=21 stage=in_proj seq_len=1 start_pos=68 elapsed_ms=1.295
kiln_profile_gdn_stage layer=21 stage=qkv_conv_norm seq_len=1 start_pos=68 elapsed_ms=0.183
kiln_profile_gdn_stage layer=21 stage=gates_recur_gated_norm seq_len=1 start_pos=68 elapsed_ms=0.265
kiln_profile_gdn_stage layer=21 stage=post_transpose seq_len=1 start_pos=68 elapsed_ms=0.000
kiln_profile_gdn_stage layer=21 stage=gated_norm seq_len=1 start_pos=68 elapsed_ms=0.001
kiln_profile_gdn_stage layer=21 stage=out_proj seq_len=1 start_pos=68 elapsed_ms=0.628
kiln_profile_mlp_stage layer=21 stage=gate_up_fused seq_len=1 start_pos=68 elapsed_ms=1.820
kiln_profile_mlp_stage layer=21 stage=down_proj seq_len=1 start_pos=68 elapsed_ms=1.080
kiln_profile_gdn_stage layer=22 stage=in_proj seq_len=1 start_pos=68 elapsed_ms=1.363
kiln_profile_gdn_stage layer=22 stage=qkv_conv_norm seq_len=1 start_pos=68 elapsed_ms=0.194
kiln_profile_gdn_stage layer=22 stage=gates_recur_gated_norm seq_len=1 start_pos=68 elapsed_ms=0.271
kiln_profile_gdn_stage layer=22 stage=post_transpose seq_len=1 start_pos=68 elapsed_ms=0.000
kiln_profile_gdn_stage layer=22 stage=gated_norm seq_len=1 start_pos=68 elapsed_ms=0.001
kiln_profile_gdn_stage layer=22 stage=out_proj seq_len=1 start_pos=68 elapsed_ms=0.657
kiln_profile_mlp_stage layer=22 stage=gate_up_fused seq_len=1 start_pos=68 elapsed_ms=1.885
kiln_profile_mlp_stage layer=22 stage=down_proj seq_len=1 start_pos=68 elapsed_ms=1.159
kiln_profile_full_attn_stage full_attn_layer=5 stage=qkv_proj seq_len=1 start_pos=68 elapsed_ms=1.339
kiln_profile_full_attn_stage full_attn_layer=5 stage=qkv_split seq_len=1 start_pos=68 elapsed_ms=0.216
kiln_profile_full_attn_stage full_attn_layer=5 stage=qk_norm seq_len=1 start_pos=68 elapsed_ms=0.183
kiln_profile_full_attn_stage full_attn_layer=5 stage=rope seq_len=1 start_pos=68 elapsed_ms=0.170
kiln_profile_full_attn_stage full_attn_layer=5 stage=q_transpose seq_len=1 start_pos=68 elapsed_ms=0.001
kiln_profile_full_attn_stage full_attn_layer=5 stage=kv_write seq_len=1 start_pos=68 elapsed_ms=0.160
kiln_profile_full_attn_stage full_attn_layer=5 stage=decode_attn_contiguous seq_len=1 start_pos=68 elapsed_ms=0.198
kiln_profile_full_attn_stage full_attn_layer=5 stage=attn_gate seq_len=1 start_pos=68 elapsed_ms=0.161
kiln_profile_full_attn_stage full_attn_layer=5 stage=o_proj seq_len=1 start_pos=68 elapsed_ms=0.600
kiln_profile_mlp_stage layer=23 stage=gate_up_fused seq_len=1 start_pos=68 elapsed_ms=2.029
kiln_profile_mlp_stage layer=23 stage=down_proj seq_len=1 start_pos=68 elapsed_ms=1.924
kiln_profile_gdn_stage layer=24 stage=in_proj seq_len=1 start_pos=68 elapsed_ms=1.398
kiln_profile_gdn_stage layer=24 stage=qkv_conv_norm seq_len=1 start_pos=68 elapsed_ms=0.190
kiln_profile_gdn_stage layer=24 stage=gates_recur_gated_norm seq_len=1 start_pos=68 elapsed_ms=0.291
kiln_profile_gdn_stage layer=24 stage=post_transpose seq_len=1 start_pos=68 elapsed_ms=0.000
kiln_profile_gdn_stage layer=24 stage=gated_norm seq_len=1 start_pos=68 elapsed_ms=0.001
kiln_profile_gdn_stage layer=24 stage=out_proj seq_len=1 start_pos=68 elapsed_ms=0.657
kiln_profile_mlp_stage layer=24 stage=gate_up_fused seq_len=1 start_pos=68 elapsed_ms=1.823
kiln_profile_mlp_stage layer=24 stage=down_proj seq_len=1 start_pos=68 elapsed_ms=1.122
kiln_profile_gdn_stage layer=25 stage=in_proj seq_len=1 start_pos=68 elapsed_ms=1.357
kiln_profile_gdn_stage layer=25 stage=qkv_conv_norm seq_len=1 start_pos=68 elapsed_ms=0.227
kiln_profile_gdn_stage layer=25 stage=gates_recur_gated_norm seq_len=1 start_pos=68 elapsed_ms=0.293
kiln_profile_gdn_stage layer=25 stage=post_transpose seq_len=1 start_pos=68 elapsed_ms=0.000
kiln_profile_gdn_stage layer=25 stage=gated_norm seq_len=1 start_pos=68 elapsed_ms=0.001
kiln_profile_gdn_stage layer=25 stage=out_proj seq_len=1 start_pos=68 elapsed_ms=0.713
kiln_profile_mlp_stage layer=25 stage=gate_up_fused seq_len=1 start_pos=68 elapsed_ms=1.920
kiln_profile_mlp_stage layer=25 stage=down_proj seq_len=1 start_pos=68 elapsed_ms=1.098
kiln_profile_gdn_stage layer=26 stage=in_proj seq_len=1 start_pos=68 elapsed_ms=1.334
kiln_profile_gdn_stage layer=26 stage=qkv_conv_norm seq_len=1 start_pos=68 elapsed_ms=0.231
kiln_profile_gdn_stage layer=26 stage=gates_recur_gated_norm seq_len=1 start_pos=68 elapsed_ms=0.321
kiln_profile_gdn_stage layer=26 stage=post_transpose seq_len=1 start_pos=68 elapsed_ms=0.000
kiln_profile_gdn_stage layer=26 stage=gated_norm seq_len=1 start_pos=68 elapsed_ms=0.001
kiln_profile_gdn_stage layer=26 stage=out_proj seq_len=1 start_pos=68 elapsed_ms=0.652
kiln_profile_mlp_stage layer=26 stage=gate_up_fused seq_len=1 start_pos=68 elapsed_ms=1.803
kiln_profile_mlp_stage layer=26 stage=down_proj seq_len=1 start_pos=68 elapsed_ms=1.128
kiln_profile_full_attn_stage full_attn_layer=6 stage=qkv_proj seq_len=1 start_pos=68 elapsed_ms=1.293
kiln_profile_full_attn_stage full_attn_layer=6 stage=qkv_split seq_len=1 start_pos=68 elapsed_ms=0.256
kiln_profile_full_attn_stage full_attn_layer=6 stage=qk_norm seq_len=1 start_pos=68 elapsed_ms=0.216
kiln_profile_full_attn_stage full_attn_layer=6 stage=rope seq_len=1 start_pos=68 elapsed_ms=0.191
kiln_profile_full_attn_stage full_attn_layer=6 stage=q_transpose seq_len=1 start_pos=68 elapsed_ms=0.001
kiln_profile_full_attn_stage full_attn_layer=6 stage=kv_write seq_len=1 start_pos=68 elapsed_ms=0.189
kiln_profile_full_attn_stage full_attn_layer=6 stage=decode_attn_contiguous seq_len=1 start_pos=68 elapsed_ms=0.233
kiln_profile_full_attn_stage full_attn_layer=6 stage=attn_gate seq_len=1 start_pos=68 elapsed_ms=0.205
kiln_profile_full_attn_stage full_attn_layer=6 stage=o_proj seq_len=1 start_pos=68 elapsed_ms=0.616
kiln_profile_mlp_stage layer=27 stage=gate_up_fused seq_len=1 start_pos=68 elapsed_ms=1.758
kiln_profile_mlp_stage layer=27 stage=down_proj seq_len=1 start_pos=68 elapsed_ms=1.115
kiln_profile_gdn_stage layer=28 stage=in_proj seq_len=1 start_pos=68 elapsed_ms=1.315
kiln_profile_gdn_stage layer=28 stage=qkv_conv_norm seq_len=1 start_pos=68 elapsed_ms=0.233
kiln_profile_gdn_stage layer=28 stage=gates_recur_gated_norm seq_len=1 start_pos=68 elapsed_ms=0.316
kiln_profile_gdn_stage layer=28 stage=post_transpose seq_len=1 start_pos=68 elapsed_ms=0.000
kiln_profile_gdn_stage layer=28 stage=gated_norm seq_len=1 start_pos=68 elapsed_ms=0.001
kiln_profile_gdn_stage layer=28 stage=out_proj seq_len=1 start_pos=68 elapsed_ms=0.642
kiln_profile_mlp_stage layer=28 stage=gate_up_fused seq_len=1 start_pos=68 elapsed_ms=1.822
kiln_profile_mlp_stage layer=28 stage=down_proj seq_len=1 start_pos=68 elapsed_ms=1.127
kiln_profile_gdn_stage layer=29 stage=in_proj seq_len=1 start_pos=68 elapsed_ms=1.864
kiln_profile_gdn_stage layer=29 stage=qkv_conv_norm seq_len=1 start_pos=68 elapsed_ms=0.238
kiln_profile_gdn_stage layer=29 stage=gates_recur_gated_norm seq_len=1 start_pos=68 elapsed_ms=0.311
kiln_profile_gdn_stage layer=29 stage=post_transpose seq_len=1 start_pos=68 elapsed_ms=0.000
kiln_profile_gdn_stage layer=29 stage=gated_norm seq_len=1 start_pos=68 elapsed_ms=0.001
kiln_profile_gdn_stage layer=29 stage=out_proj seq_len=1 start_pos=68 elapsed_ms=0.635
kiln_profile_mlp_stage layer=29 stage=gate_up_fused seq_len=1 start_pos=68 elapsed_ms=1.775
kiln_profile_mlp_stage layer=29 stage=down_proj seq_len=1 start_pos=68 elapsed_ms=1.120
kiln_profile_gdn_stage layer=30 stage=in_proj seq_len=1 start_pos=68 elapsed_ms=1.337
kiln_profile_gdn_stage layer=30 stage=qkv_conv_norm seq_len=1 start_pos=68 elapsed_ms=0.207
kiln_profile_gdn_stage layer=30 stage=gates_recur_gated_norm seq_len=1 start_pos=68 elapsed_ms=0.286
kiln_profile_gdn_stage layer=30 stage=post_transpose seq_len=1 start_pos=68 elapsed_ms=0.000
kiln_profile_gdn_stage layer=30 stage=gated_norm seq_len=1 start_pos=68 elapsed_ms=0.001
kiln_profile_gdn_stage layer=30 stage=out_proj seq_len=1 start_pos=68 elapsed_ms=0.701
kiln_profile_mlp_stage layer=30 stage=gate_up_fused seq_len=1 start_pos=68 elapsed_ms=1.778
kiln_profile_mlp_stage layer=30 stage=down_proj seq_len=1 start_pos=68 elapsed_ms=1.111
kiln_profile_full_attn_stage full_attn_layer=7 stage=qkv_proj seq_len=1 start_pos=68 elapsed_ms=1.232
kiln_profile_full_attn_stage full_attn_layer=7 stage=qkv_split seq_len=1 start_pos=68 elapsed_ms=0.258
kiln_profile_full_attn_stage full_attn_layer=7 stage=qk_norm seq_len=1 start_pos=68 elapsed_ms=0.195
kiln_profile_full_attn_stage full_attn_layer=7 stage=rope seq_len=1 start_pos=68 elapsed_ms=0.180
kiln_profile_full_attn_stage full_attn_layer=7 stage=q_transpose seq_len=1 start_pos=68 elapsed_ms=0.001
kiln_profile_full_attn_stage full_attn_layer=7 stage=kv_write seq_len=1 start_pos=68 elapsed_ms=0.168
kiln_profile_full_attn_stage full_attn_layer=7 stage=decode_attn_contiguous seq_len=1 start_pos=68 elapsed_ms=0.201
kiln_profile_full_attn_stage full_attn_layer=7 stage=attn_gate seq_len=1 start_pos=68 elapsed_ms=0.184
kiln_profile_full_attn_stage full_attn_layer=7 stage=o_proj seq_len=1 start_pos=68 elapsed_ms=0.626
kiln_profile_mlp_stage layer=31 stage=gate_up_fused seq_len=1 start_pos=68 elapsed_ms=1.758
kiln_profile_mlp_stage layer=31 stage=down_proj seq_len=1 start_pos=68 elapsed_ms=1.092
kiln_profile_gdn_stage layer=0 stage=in_proj seq_len=1 start_pos=69 elapsed_ms=1.410
kiln_profile_gdn_stage layer=0 stage=qkv_conv_norm seq_len=1 start_pos=69 elapsed_ms=0.272
kiln_profile_gdn_stage layer=0 stage=gates_recur_gated_norm seq_len=1 start_pos=69 elapsed_ms=0.337
kiln_profile_gdn_stage layer=0 stage=post_transpose seq_len=1 start_pos=69 elapsed_ms=0.000
kiln_profile_gdn_stage layer=0 stage=gated_norm seq_len=1 start_pos=69 elapsed_ms=0.003
kiln_profile_gdn_stage layer=0 stage=out_proj seq_len=1 start_pos=69 elapsed_ms=0.739
kiln_profile_mlp_stage layer=0 stage=gate_up_fused seq_len=1 start_pos=69 elapsed_ms=1.835
kiln_profile_mlp_stage layer=0 stage=down_proj seq_len=1 start_pos=69 elapsed_ms=1.118
kiln_profile_gdn_stage layer=1 stage=in_proj seq_len=1 start_pos=69 elapsed_ms=1.437
kiln_profile_gdn_stage layer=1 stage=qkv_conv_norm seq_len=1 start_pos=69 elapsed_ms=0.255
kiln_profile_gdn_stage layer=1 stage=gates_recur_gated_norm seq_len=1 start_pos=69 elapsed_ms=0.320
kiln_profile_gdn_stage layer=1 stage=post_transpose seq_len=1 start_pos=69 elapsed_ms=0.000
kiln_profile_gdn_stage layer=1 stage=gated_norm seq_len=1 start_pos=69 elapsed_ms=0.005
kiln_profile_gdn_stage layer=1 stage=out_proj seq_len=1 start_pos=69 elapsed_ms=0.719
kiln_profile_mlp_stage layer=1 stage=gate_up_fused seq_len=1 start_pos=69 elapsed_ms=1.909
kiln_profile_mlp_stage layer=1 stage=down_proj seq_len=1 start_pos=69 elapsed_ms=1.214
kiln_profile_gdn_stage layer=2 stage=in_proj seq_len=1 start_pos=69 elapsed_ms=1.313
kiln_profile_gdn_stage layer=2 stage=qkv_conv_norm seq_len=1 start_pos=69 elapsed_ms=0.259
kiln_profile_gdn_stage layer=2 stage=gates_recur_gated_norm seq_len=1 start_pos=69 elapsed_ms=0.305
kiln_profile_gdn_stage layer=2 stage=post_transpose seq_len=1 start_pos=69 elapsed_ms=0.000
kiln_profile_gdn_stage layer=2 stage=gated_norm seq_len=1 start_pos=69 elapsed_ms=0.002
kiln_profile_gdn_stage layer=2 stage=out_proj seq_len=1 start_pos=69 elapsed_ms=0.703
kiln_profile_mlp_stage layer=2 stage=gate_up_fused seq_len=1 start_pos=69 elapsed_ms=1.753
kiln_profile_mlp_stage layer=2 stage=down_proj seq_len=1 start_pos=69 elapsed_ms=1.164
kiln_profile_full_attn_stage full_attn_layer=0 stage=qkv_proj seq_len=1 start_pos=69 elapsed_ms=2.142
kiln_profile_full_attn_stage full_attn_layer=0 stage=qkv_split seq_len=1 start_pos=69 elapsed_ms=0.292
kiln_profile_full_attn_stage full_attn_layer=0 stage=qk_norm seq_len=1 start_pos=69 elapsed_ms=0.223
kiln_profile_full_attn_stage full_attn_layer=0 stage=rope seq_len=1 start_pos=69 elapsed_ms=0.210
kiln_profile_full_attn_stage full_attn_layer=0 stage=q_transpose seq_len=1 start_pos=69 elapsed_ms=0.002
kiln_profile_full_attn_stage full_attn_layer=0 stage=kv_write seq_len=1 start_pos=69 elapsed_ms=0.190
kiln_profile_full_attn_stage full_attn_layer=0 stage=decode_attn_contiguous seq_len=1 start_pos=69 elapsed_ms=0.211
kiln_profile_full_attn_stage full_attn_layer=0 stage=attn_gate seq_len=1 start_pos=69 elapsed_ms=0.192
kiln_profile_full_attn_stage full_attn_layer=0 stage=o_proj seq_len=1 start_pos=69 elapsed_ms=0.645
kiln_profile_mlp_stage layer=3 stage=gate_up_fused seq_len=1 start_pos=69 elapsed_ms=1.779
kiln_profile_mlp_stage layer=3 stage=down_proj seq_len=1 start_pos=69 elapsed_ms=1.121
kiln_profile_gdn_stage layer=4 stage=in_proj seq_len=1 start_pos=69 elapsed_ms=1.309
kiln_profile_gdn_stage layer=4 stage=qkv_conv_norm seq_len=1 start_pos=69 elapsed_ms=0.255
kiln_profile_gdn_stage layer=4 stage=gates_recur_gated_norm seq_len=1 start_pos=69 elapsed_ms=0.354
kiln_profile_gdn_stage layer=4 stage=post_transpose seq_len=1 start_pos=69 elapsed_ms=0.001
kiln_profile_gdn_stage layer=4 stage=gated_norm seq_len=1 start_pos=69 elapsed_ms=0.006
kiln_profile_gdn_stage layer=4 stage=out_proj seq_len=1 start_pos=69 elapsed_ms=0.662
kiln_profile_mlp_stage layer=4 stage=gate_up_fused seq_len=1 start_pos=69 elapsed_ms=1.769
kiln_profile_mlp_stage layer=4 stage=down_proj seq_len=1 start_pos=69 elapsed_ms=1.085
kiln_profile_gdn_stage layer=5 stage=in_proj seq_len=1 start_pos=69 elapsed_ms=1.347
kiln_profile_gdn_stage layer=5 stage=qkv_conv_norm seq_len=1 start_pos=69 elapsed_ms=0.277
kiln_profile_gdn_stage layer=5 stage=gates_recur_gated_norm seq_len=1 start_pos=69 elapsed_ms=0.308
kiln_profile_gdn_stage layer=5 stage=post_transpose seq_len=1 start_pos=69 elapsed_ms=0.002
kiln_profile_gdn_stage layer=5 stage=gated_norm seq_len=1 start_pos=69 elapsed_ms=0.002
kiln_profile_gdn_stage layer=5 stage=out_proj seq_len=1 start_pos=69 elapsed_ms=0.637
kiln_profile_mlp_stage layer=5 stage=gate_up_fused seq_len=1 start_pos=69 elapsed_ms=1.793
kiln_profile_mlp_stage layer=5 stage=down_proj seq_len=1 start_pos=69 elapsed_ms=1.124
kiln_profile_gdn_stage layer=6 stage=in_proj seq_len=1 start_pos=69 elapsed_ms=1.300
kiln_profile_gdn_stage layer=6 stage=qkv_conv_norm seq_len=1 start_pos=69 elapsed_ms=0.243
kiln_profile_gdn_stage layer=6 stage=gates_recur_gated_norm seq_len=1 start_pos=69 elapsed_ms=0.331
kiln_profile_gdn_stage layer=6 stage=post_transpose seq_len=1 start_pos=69 elapsed_ms=0.000
kiln_profile_gdn_stage layer=6 stage=gated_norm seq_len=1 start_pos=69 elapsed_ms=0.002
kiln_profile_gdn_stage layer=6 stage=out_proj seq_len=1 start_pos=69 elapsed_ms=0.685
kiln_profile_mlp_stage layer=6 stage=gate_up_fused seq_len=1 start_pos=69 elapsed_ms=1.783
kiln_profile_mlp_stage layer=6 stage=down_proj seq_len=1 start_pos=69 elapsed_ms=1.140
kiln_profile_full_attn_stage full_attn_layer=1 stage=qkv_proj seq_len=1 start_pos=69 elapsed_ms=1.294
kiln_profile_full_attn_stage full_attn_layer=1 stage=qkv_split seq_len=1 start_pos=69 elapsed_ms=0.323
kiln_profile_full_attn_stage full_attn_layer=1 stage=qk_norm seq_len=1 start_pos=69 elapsed_ms=0.277
kiln_profile_full_attn_stage full_attn_layer=1 stage=rope seq_len=1 start_pos=69 elapsed_ms=0.247
kiln_profile_full_attn_stage full_attn_layer=1 stage=q_transpose seq_len=1 start_pos=69 elapsed_ms=0.002
kiln_profile_full_attn_stage full_attn_layer=1 stage=kv_write seq_len=1 start_pos=69 elapsed_ms=0.233
kiln_profile_full_attn_stage full_attn_layer=1 stage=decode_attn_contiguous seq_len=1 start_pos=69 elapsed_ms=0.278
kiln_profile_full_attn_stage full_attn_layer=1 stage=attn_gate seq_len=1 start_pos=69 elapsed_ms=0.249
kiln_profile_full_attn_stage full_attn_layer=1 stage=o_proj seq_len=1 start_pos=69 elapsed_ms=0.655
kiln_profile_mlp_stage layer=7 stage=gate_up_fused seq_len=1 start_pos=69 elapsed_ms=1.918
kiln_profile_mlp_stage layer=7 stage=down_proj seq_len=1 start_pos=69 elapsed_ms=1.545
kiln_profile_gdn_stage layer=8 stage=in_proj seq_len=1 start_pos=69 elapsed_ms=1.506
kiln_profile_gdn_stage layer=8 stage=qkv_conv_norm seq_len=1 start_pos=69 elapsed_ms=0.309
kiln_profile_gdn_stage layer=8 stage=gates_recur_gated_norm seq_len=1 start_pos=69 elapsed_ms=0.396
kiln_profile_gdn_stage layer=8 stage=post_transpose seq_len=1 start_pos=69 elapsed_ms=0.001
kiln_profile_gdn_stage layer=8 stage=gated_norm seq_len=1 start_pos=69 elapsed_ms=0.007
kiln_profile_gdn_stage layer=8 stage=out_proj seq_len=1 start_pos=69 elapsed_ms=0.768
kiln_profile_mlp_stage layer=8 stage=gate_up_fused seq_len=1 start_pos=69 elapsed_ms=1.961
kiln_profile_mlp_stage layer=8 stage=down_proj seq_len=1 start_pos=69 elapsed_ms=1.264
kiln_profile_gdn_stage layer=9 stage=in_proj seq_len=1 start_pos=69 elapsed_ms=1.490
kiln_profile_gdn_stage layer=9 stage=qkv_conv_norm seq_len=1 start_pos=69 elapsed_ms=0.338
kiln_profile_gdn_stage layer=9 stage=gates_recur_gated_norm seq_len=1 start_pos=69 elapsed_ms=0.469
kiln_profile_gdn_stage layer=9 stage=post_transpose seq_len=1 start_pos=69 elapsed_ms=0.003
kiln_profile_gdn_stage layer=9 stage=gated_norm seq_len=1 start_pos=69 elapsed_ms=0.003
kiln_profile_gdn_stage layer=9 stage=out_proj seq_len=1 start_pos=69 elapsed_ms=1.018
kiln_profile_mlp_stage layer=9 stage=gate_up_fused seq_len=1 start_pos=69 elapsed_ms=2.030
kiln_profile_mlp_stage layer=9 stage=down_proj seq_len=1 start_pos=69 elapsed_ms=1.336
kiln_profile_gdn_stage layer=10 stage=in_proj seq_len=1 start_pos=69 elapsed_ms=1.424
kiln_profile_gdn_stage layer=10 stage=qkv_conv_norm seq_len=1 start_pos=69 elapsed_ms=0.260
kiln_profile_gdn_stage layer=10 stage=gates_recur_gated_norm seq_len=1 start_pos=69 elapsed_ms=0.338
kiln_profile_gdn_stage layer=10 stage=post_transpose seq_len=1 start_pos=69 elapsed_ms=0.000
kiln_profile_gdn_stage layer=10 stage=gated_norm seq_len=1 start_pos=69 elapsed_ms=0.002
kiln_profile_gdn_stage layer=10 stage=out_proj seq_len=1 start_pos=69 elapsed_ms=0.665
kiln_profile_mlp_stage layer=10 stage=gate_up_fused seq_len=1 start_pos=69 elapsed_ms=1.773
kiln_profile_mlp_stage layer=10 stage=down_proj seq_len=1 start_pos=69 elapsed_ms=1.123
kiln_profile_full_attn_stage full_attn_layer=2 stage=qkv_proj seq_len=1 start_pos=69 elapsed_ms=1.325
kiln_profile_full_attn_stage full_attn_layer=2 stage=qkv_split seq_len=1 start_pos=69 elapsed_ms=0.275
kiln_profile_full_attn_stage full_attn_layer=2 stage=qk_norm seq_len=1 start_pos=69 elapsed_ms=0.236
kiln_profile_full_attn_stage full_attn_layer=2 stage=rope seq_len=1 start_pos=69 elapsed_ms=0.218
kiln_profile_full_attn_stage full_attn_layer=2 stage=q_transpose seq_len=1 start_pos=69 elapsed_ms=0.002
kiln_profile_full_attn_stage full_attn_layer=2 stage=kv_write seq_len=1 start_pos=69 elapsed_ms=0.214
kiln_profile_full_attn_stage full_attn_layer=2 stage=decode_attn_contiguous seq_len=1 start_pos=69 elapsed_ms=0.240
kiln_profile_full_attn_stage full_attn_layer=2 stage=attn_gate seq_len=1 start_pos=69 elapsed_ms=0.204
kiln_profile_full_attn_stage full_attn_layer=2 stage=o_proj seq_len=1 start_pos=69 elapsed_ms=0.645
kiln_profile_mlp_stage layer=11 stage=gate_up_fused seq_len=1 start_pos=69 elapsed_ms=1.815
kiln_profile_mlp_stage layer=11 stage=down_proj seq_len=1 start_pos=69 elapsed_ms=1.121
kiln_profile_gdn_stage layer=12 stage=in_proj seq_len=1 start_pos=69 elapsed_ms=1.341
kiln_profile_gdn_stage layer=12 stage=qkv_conv_norm seq_len=1 start_pos=69 elapsed_ms=0.207
kiln_profile_gdn_stage layer=12 stage=gates_recur_gated_norm seq_len=1 start_pos=69 elapsed_ms=0.302
kiln_profile_gdn_stage layer=12 stage=post_transpose seq_len=1 start_pos=69 elapsed_ms=0.000
kiln_profile_gdn_stage layer=12 stage=gated_norm seq_len=1 start_pos=69 elapsed_ms=0.002
kiln_profile_gdn_stage layer=12 stage=out_proj seq_len=1 start_pos=69 elapsed_ms=1.280
kiln_profile_mlp_stage layer=12 stage=gate_up_fused seq_len=1 start_pos=69 elapsed_ms=1.848
kiln_profile_mlp_stage layer=12 stage=down_proj seq_len=1 start_pos=69 elapsed_ms=1.096
kiln_profile_gdn_stage layer=13 stage=in_proj seq_len=1 start_pos=69 elapsed_ms=1.366
kiln_profile_gdn_stage layer=13 stage=qkv_conv_norm seq_len=1 start_pos=69 elapsed_ms=0.214
kiln_profile_gdn_stage layer=13 stage=gates_recur_gated_norm seq_len=1 start_pos=69 elapsed_ms=0.317
kiln_profile_gdn_stage layer=13 stage=post_transpose seq_len=1 start_pos=69 elapsed_ms=0.001
kiln_profile_gdn_stage layer=13 stage=gated_norm seq_len=1 start_pos=69 elapsed_ms=0.001
kiln_profile_gdn_stage layer=13 stage=out_proj seq_len=1 start_pos=69 elapsed_ms=0.760
kiln_profile_mlp_stage layer=13 stage=gate_up_fused seq_len=1 start_pos=69 elapsed_ms=1.900
kiln_profile_mlp_stage layer=13 stage=down_proj seq_len=1 start_pos=69 elapsed_ms=1.251
kiln_profile_gdn_stage layer=14 stage=in_proj seq_len=1 start_pos=69 elapsed_ms=1.373
kiln_profile_gdn_stage layer=14 stage=qkv_conv_norm seq_len=1 start_pos=69 elapsed_ms=0.233
kiln_profile_gdn_stage layer=14 stage=gates_recur_gated_norm seq_len=1 start_pos=69 elapsed_ms=0.315
kiln_profile_gdn_stage layer=14 stage=post_transpose seq_len=1 start_pos=69 elapsed_ms=0.000
kiln_profile_gdn_stage layer=14 stage=gated_norm seq_len=1 start_pos=69 elapsed_ms=0.001
kiln_profile_gdn_stage layer=14 stage=out_proj seq_len=1 start_pos=69 elapsed_ms=0.718
kiln_profile_mlp_stage layer=14 stage=gate_up_fused seq_len=1 start_pos=69 elapsed_ms=1.929
kiln_profile_mlp_stage layer=14 stage=down_proj seq_len=1 start_pos=69 elapsed_ms=1.199
kiln_profile_full_attn_stage full_attn_layer=3 stage=qkv_proj seq_len=1 start_pos=69 elapsed_ms=1.485
kiln_profile_full_attn_stage full_attn_layer=3 stage=qkv_split seq_len=1 start_pos=69 elapsed_ms=0.231
kiln_profile_full_attn_stage full_attn_layer=3 stage=qk_norm seq_len=1 start_pos=69 elapsed_ms=0.190
kiln_profile_full_attn_stage full_attn_layer=3 stage=rope seq_len=1 start_pos=69 elapsed_ms=0.172
kiln_profile_full_attn_stage full_attn_layer=3 stage=q_transpose seq_len=1 start_pos=69 elapsed_ms=0.001
kiln_profile_full_attn_stage full_attn_layer=3 stage=kv_write seq_len=1 start_pos=69 elapsed_ms=0.220
kiln_profile_full_attn_stage full_attn_layer=3 stage=decode_attn_contiguous seq_len=1 start_pos=69 elapsed_ms=0.209
kiln_profile_full_attn_stage full_attn_layer=3 stage=attn_gate seq_len=1 start_pos=69 elapsed_ms=0.168
kiln_profile_full_attn_stage full_attn_layer=3 stage=o_proj seq_len=1 start_pos=69 elapsed_ms=0.680
kiln_profile_mlp_stage layer=15 stage=gate_up_fused seq_len=1 start_pos=69 elapsed_ms=2.059
kiln_profile_mlp_stage layer=15 stage=down_proj seq_len=1 start_pos=69 elapsed_ms=1.306
kiln_profile_gdn_stage layer=16 stage=in_proj seq_len=1 start_pos=69 elapsed_ms=1.436
kiln_profile_gdn_stage layer=16 stage=qkv_conv_norm seq_len=1 start_pos=69 elapsed_ms=0.195
kiln_profile_gdn_stage layer=16 stage=gates_recur_gated_norm seq_len=1 start_pos=69 elapsed_ms=0.257
kiln_profile_gdn_stage layer=16 stage=post_transpose seq_len=1 start_pos=69 elapsed_ms=0.000
kiln_profile_gdn_stage layer=16 stage=gated_norm seq_len=1 start_pos=69 elapsed_ms=0.001
kiln_profile_gdn_stage layer=16 stage=out_proj seq_len=1 start_pos=69 elapsed_ms=0.706
kiln_profile_mlp_stage layer=16 stage=gate_up_fused seq_len=1 start_pos=69 elapsed_ms=2.001
kiln_profile_mlp_stage layer=16 stage=down_proj seq_len=1 start_pos=69 elapsed_ms=1.307
kiln_profile_gdn_stage layer=17 stage=in_proj seq_len=1 start_pos=69 elapsed_ms=1.608
kiln_profile_gdn_stage layer=17 stage=qkv_conv_norm seq_len=1 start_pos=69 elapsed_ms=0.513
kiln_profile_gdn_stage layer=17 stage=gates_recur_gated_norm seq_len=1 start_pos=69 elapsed_ms=0.906
kiln_profile_gdn_stage layer=17 stage=post_transpose seq_len=1 start_pos=69 elapsed_ms=0.000
kiln_profile_gdn_stage layer=17 stage=gated_norm seq_len=1 start_pos=69 elapsed_ms=0.004
kiln_profile_gdn_stage layer=17 stage=out_proj seq_len=1 start_pos=69 elapsed_ms=0.842
kiln_profile_mlp_stage layer=17 stage=gate_up_fused seq_len=1 start_pos=69 elapsed_ms=1.957
kiln_profile_mlp_stage layer=17 stage=down_proj seq_len=1 start_pos=69 elapsed_ms=1.190
kiln_profile_gdn_stage layer=18 stage=in_proj seq_len=1 start_pos=69 elapsed_ms=1.348
kiln_profile_gdn_stage layer=18 stage=qkv_conv_norm seq_len=1 start_pos=69 elapsed_ms=0.271
kiln_profile_gdn_stage layer=18 stage=gates_recur_gated_norm seq_len=1 start_pos=69 elapsed_ms=0.307
kiln_profile_gdn_stage layer=18 stage=post_transpose seq_len=1 start_pos=69 elapsed_ms=0.000
kiln_profile_gdn_stage layer=18 stage=gated_norm seq_len=1 start_pos=69 elapsed_ms=0.002
kiln_profile_gdn_stage layer=18 stage=out_proj seq_len=1 start_pos=69 elapsed_ms=0.683
kiln_profile_mlp_stage layer=18 stage=gate_up_fused seq_len=1 start_pos=69 elapsed_ms=1.872
kiln_profile_mlp_stage layer=18 stage=down_proj seq_len=1 start_pos=69 elapsed_ms=1.239
kiln_profile_full_attn_stage full_attn_layer=4 stage=qkv_proj seq_len=1 start_pos=69 elapsed_ms=1.445
kiln_profile_full_attn_stage full_attn_layer=4 stage=qkv_split seq_len=1 start_pos=69 elapsed_ms=0.241
kiln_profile_full_attn_stage full_attn_layer=4 stage=qk_norm seq_len=1 start_pos=69 elapsed_ms=0.215
kiln_profile_full_attn_stage full_attn_layer=4 stage=rope seq_len=1 start_pos=69 elapsed_ms=0.215
kiln_profile_full_attn_stage full_attn_layer=4 stage=q_transpose seq_len=1 start_pos=69 elapsed_ms=0.002
kiln_profile_full_attn_stage full_attn_layer=4 stage=kv_write seq_len=1 start_pos=69 elapsed_ms=0.184
kiln_profile_full_attn_stage full_attn_layer=4 stage=decode_attn_contiguous seq_len=1 start_pos=69 elapsed_ms=0.237
kiln_profile_full_attn_stage full_attn_layer=4 stage=attn_gate seq_len=1 start_pos=69 elapsed_ms=0.201
kiln_profile_full_attn_stage full_attn_layer=4 stage=o_proj seq_len=1 start_pos=69 elapsed_ms=0.730
kiln_profile_mlp_stage layer=19 stage=gate_up_fused seq_len=1 start_pos=69 elapsed_ms=1.886
kiln_profile_mlp_stage layer=19 stage=down_proj seq_len=1 start_pos=69 elapsed_ms=1.237
kiln_profile_gdn_stage layer=20 stage=in_proj seq_len=1 start_pos=69 elapsed_ms=1.301
kiln_profile_gdn_stage layer=20 stage=qkv_conv_norm seq_len=1 start_pos=69 elapsed_ms=0.224
kiln_profile_gdn_stage layer=20 stage=gates_recur_gated_norm seq_len=1 start_pos=69 elapsed_ms=0.311
kiln_profile_gdn_stage layer=20 stage=post_transpose seq_len=1 start_pos=69 elapsed_ms=0.000
kiln_profile_gdn_stage layer=20 stage=gated_norm seq_len=1 start_pos=69 elapsed_ms=0.002
kiln_profile_gdn_stage layer=20 stage=out_proj seq_len=1 start_pos=69 elapsed_ms=0.722
kiln_profile_mlp_stage layer=20 stage=gate_up_fused seq_len=1 start_pos=69 elapsed_ms=1.893
kiln_profile_mlp_stage layer=20 stage=down_proj seq_len=1 start_pos=69 elapsed_ms=1.232
kiln_profile_gdn_stage layer=21 stage=in_proj seq_len=1 start_pos=69 elapsed_ms=1.347
kiln_profile_gdn_stage layer=21 stage=qkv_conv_norm seq_len=1 start_pos=69 elapsed_ms=0.236
kiln_profile_gdn_stage layer=21 stage=gates_recur_gated_norm seq_len=1 start_pos=69 elapsed_ms=0.309
kiln_profile_gdn_stage layer=21 stage=post_transpose seq_len=1 start_pos=69 elapsed_ms=0.000
kiln_profile_gdn_stage layer=21 stage=gated_norm seq_len=1 start_pos=69 elapsed_ms=0.003
kiln_profile_gdn_stage layer=21 stage=out_proj seq_len=1 start_pos=69 elapsed_ms=0.724
kiln_profile_mlp_stage layer=21 stage=gate_up_fused seq_len=1 start_pos=69 elapsed_ms=1.853
kiln_profile_mlp_stage layer=21 stage=down_proj seq_len=1 start_pos=69 elapsed_ms=1.245
kiln_profile_gdn_stage layer=22 stage=in_proj seq_len=1 start_pos=69 elapsed_ms=1.796
kiln_profile_gdn_stage layer=22 stage=qkv_conv_norm seq_len=1 start_pos=69 elapsed_ms=0.905
kiln_profile_gdn_stage layer=22 stage=gates_recur_gated_norm seq_len=1 start_pos=69 elapsed_ms=0.391
kiln_profile_gdn_stage layer=22 stage=post_transpose seq_len=1 start_pos=69 elapsed_ms=0.000
kiln_profile_gdn_stage layer=22 stage=gated_norm seq_len=1 start_pos=69 elapsed_ms=0.003
kiln_profile_gdn_stage layer=22 stage=out_proj seq_len=1 start_pos=69 elapsed_ms=0.771
kiln_profile_mlp_stage layer=22 stage=gate_up_fused seq_len=1 start_pos=69 elapsed_ms=1.905
kiln_profile_mlp_stage layer=22 stage=down_proj seq_len=1 start_pos=69 elapsed_ms=1.254
kiln_profile_full_attn_stage full_attn_layer=5 stage=qkv_proj seq_len=1 start_pos=69 elapsed_ms=1.504
kiln_profile_full_attn_stage full_attn_layer=5 stage=qkv_split seq_len=1 start_pos=69 elapsed_ms=0.275
kiln_profile_full_attn_stage full_attn_layer=5 stage=qk_norm seq_len=1 start_pos=69 elapsed_ms=0.261
kiln_profile_full_attn_stage full_attn_layer=5 stage=rope seq_len=1 start_pos=69 elapsed_ms=0.229
kiln_profile_full_attn_stage full_attn_layer=5 stage=q_transpose seq_len=1 start_pos=69 elapsed_ms=0.003
kiln_profile_full_attn_stage full_attn_layer=5 stage=kv_write seq_len=1 start_pos=69 elapsed_ms=0.217
kiln_profile_full_attn_stage full_attn_layer=5 stage=decode_attn_contiguous seq_len=1 start_pos=69 elapsed_ms=0.233
kiln_profile_full_attn_stage full_attn_layer=5 stage=attn_gate seq_len=1 start_pos=69 elapsed_ms=0.174
kiln_profile_full_attn_stage full_attn_layer=5 stage=o_proj seq_len=1 start_pos=69 elapsed_ms=0.670
kiln_profile_mlp_stage layer=23 stage=gate_up_fused seq_len=1 start_pos=69 elapsed_ms=1.854
kiln_profile_mlp_stage layer=23 stage=down_proj seq_len=1 start_pos=69 elapsed_ms=1.248
kiln_profile_gdn_stage layer=24 stage=in_proj seq_len=1 start_pos=69 elapsed_ms=1.414
kiln_profile_gdn_stage layer=24 stage=qkv_conv_norm seq_len=1 start_pos=69 elapsed_ms=0.211
kiln_profile_gdn_stage layer=24 stage=gates_recur_gated_norm seq_len=1 start_pos=69 elapsed_ms=0.305
kiln_profile_gdn_stage layer=24 stage=post_transpose seq_len=1 start_pos=69 elapsed_ms=0.000
kiln_profile_gdn_stage layer=24 stage=gated_norm seq_len=1 start_pos=69 elapsed_ms=0.001
kiln_profile_gdn_stage layer=24 stage=out_proj seq_len=1 start_pos=69 elapsed_ms=0.731
kiln_profile_mlp_stage layer=24 stage=gate_up_fused seq_len=1 start_pos=69 elapsed_ms=1.980
kiln_profile_mlp_stage layer=24 stage=down_proj seq_len=1 start_pos=69 elapsed_ms=1.234
kiln_profile_gdn_stage layer=25 stage=in_proj seq_len=1 start_pos=69 elapsed_ms=1.331
kiln_profile_gdn_stage layer=25 stage=qkv_conv_norm seq_len=1 start_pos=69 elapsed_ms=0.200
kiln_profile_gdn_stage layer=25 stage=gates_recur_gated_norm seq_len=1 start_pos=69 elapsed_ms=0.439
kiln_profile_gdn_stage layer=25 stage=post_transpose seq_len=1 start_pos=69 elapsed_ms=0.000
kiln_profile_gdn_stage layer=25 stage=gated_norm seq_len=1 start_pos=69 elapsed_ms=0.001
kiln_profile_gdn_stage layer=25 stage=out_proj seq_len=1 start_pos=69 elapsed_ms=0.768
kiln_profile_mlp_stage layer=25 stage=gate_up_fused seq_len=1 start_pos=69 elapsed_ms=1.934
kiln_profile_mlp_stage layer=25 stage=down_proj seq_len=1 start_pos=69 elapsed_ms=1.208
kiln_profile_gdn_stage layer=26 stage=in_proj seq_len=1 start_pos=69 elapsed_ms=1.474
kiln_profile_gdn_stage layer=26 stage=qkv_conv_norm seq_len=1 start_pos=69 elapsed_ms=0.282
kiln_profile_gdn_stage layer=26 stage=gates_recur_gated_norm seq_len=1 start_pos=69 elapsed_ms=0.381
kiln_profile_gdn_stage layer=26 stage=post_transpose seq_len=1 start_pos=69 elapsed_ms=0.000
kiln_profile_gdn_stage layer=26 stage=gated_norm seq_len=1 start_pos=69 elapsed_ms=0.002
kiln_profile_gdn_stage layer=26 stage=out_proj seq_len=1 start_pos=69 elapsed_ms=0.734
kiln_profile_mlp_stage layer=26 stage=gate_up_fused seq_len=1 start_pos=69 elapsed_ms=1.970
kiln_profile_mlp_stage layer=26 stage=down_proj seq_len=1 start_pos=69 elapsed_ms=1.705
kiln_profile_full_attn_stage full_attn_layer=6 stage=qkv_proj seq_len=1 start_pos=69 elapsed_ms=1.691
kiln_profile_full_attn_stage full_attn_layer=6 stage=qkv_split seq_len=1 start_pos=69 elapsed_ms=0.331
kiln_profile_full_attn_stage full_attn_layer=6 stage=qk_norm seq_len=1 start_pos=69 elapsed_ms=0.293
kiln_profile_full_attn_stage full_attn_layer=6 stage=rope seq_len=1 start_pos=69 elapsed_ms=0.268
kiln_profile_full_attn_stage full_attn_layer=6 stage=q_transpose seq_len=1 start_pos=69 elapsed_ms=0.002
kiln_profile_full_attn_stage full_attn_layer=6 stage=kv_write seq_len=1 start_pos=69 elapsed_ms=0.242
kiln_profile_full_attn_stage full_attn_layer=6 stage=decode_attn_contiguous seq_len=1 start_pos=69 elapsed_ms=0.292
kiln_profile_full_attn_stage full_attn_layer=6 stage=attn_gate seq_len=1 start_pos=69 elapsed_ms=0.227
kiln_profile_full_attn_stage full_attn_layer=6 stage=o_proj seq_len=1 start_pos=69 elapsed_ms=0.672
kiln_profile_mlp_stage layer=27 stage=gate_up_fused seq_len=1 start_pos=69 elapsed_ms=1.851
kiln_profile_mlp_stage layer=27 stage=down_proj seq_len=1 start_pos=69 elapsed_ms=1.206
kiln_profile_gdn_stage layer=28 stage=in_proj seq_len=1 start_pos=69 elapsed_ms=1.301
kiln_profile_gdn_stage layer=28 stage=qkv_conv_norm seq_len=1 start_pos=69 elapsed_ms=0.273
kiln_profile_gdn_stage layer=28 stage=gates_recur_gated_norm seq_len=1 start_pos=69 elapsed_ms=0.347
kiln_profile_gdn_stage layer=28 stage=post_transpose seq_len=1 start_pos=69 elapsed_ms=0.000
kiln_profile_gdn_stage layer=28 stage=gated_norm seq_len=1 start_pos=69 elapsed_ms=0.002
kiln_profile_gdn_stage layer=28 stage=out_proj seq_len=1 start_pos=69 elapsed_ms=0.644
kiln_profile_mlp_stage layer=28 stage=gate_up_fused seq_len=1 start_pos=69 elapsed_ms=1.751
kiln_profile_mlp_stage layer=28 stage=down_proj seq_len=1 start_pos=69 elapsed_ms=1.079
kiln_profile_gdn_stage layer=29 stage=in_proj seq_len=1 start_pos=69 elapsed_ms=1.315
kiln_profile_gdn_stage layer=29 stage=qkv_conv_norm seq_len=1 start_pos=69 elapsed_ms=0.332
kiln_profile_gdn_stage layer=29 stage=gates_recur_gated_norm seq_len=1 start_pos=69 elapsed_ms=0.379
kiln_profile_gdn_stage layer=29 stage=post_transpose seq_len=1 start_pos=69 elapsed_ms=0.000
kiln_profile_gdn_stage layer=29 stage=gated_norm seq_len=1 start_pos=69 elapsed_ms=0.002
kiln_profile_gdn_stage layer=29 stage=out_proj seq_len=1 start_pos=69 elapsed_ms=0.678
kiln_profile_mlp_stage layer=29 stage=gate_up_fused seq_len=1 start_pos=69 elapsed_ms=1.820
kiln_profile_mlp_stage layer=29 stage=down_proj seq_len=1 start_pos=69 elapsed_ms=1.176
kiln_profile_gdn_stage layer=30 stage=in_proj seq_len=1 start_pos=69 elapsed_ms=1.369
kiln_profile_gdn_stage layer=30 stage=qkv_conv_norm seq_len=1 start_pos=69 elapsed_ms=0.305
kiln_profile_gdn_stage layer=30 stage=gates_recur_gated_norm seq_len=1 start_pos=69 elapsed_ms=0.321
kiln_profile_gdn_stage layer=30 stage=post_transpose seq_len=1 start_pos=69 elapsed_ms=0.000
kiln_profile_gdn_stage layer=30 stage=gated_norm seq_len=1 start_pos=69 elapsed_ms=0.002
kiln_profile_gdn_stage layer=30 stage=out_proj seq_len=1 start_pos=69 elapsed_ms=0.673
kiln_profile_mlp_stage layer=30 stage=gate_up_fused seq_len=1 start_pos=69 elapsed_ms=1.877
kiln_profile_mlp_stage layer=30 stage=down_proj seq_len=1 start_pos=69 elapsed_ms=1.166
kiln_profile_full_attn_stage full_attn_layer=7 stage=qkv_proj seq_len=1 start_pos=69 elapsed_ms=1.341
kiln_profile_full_attn_stage full_attn_layer=7 stage=qkv_split seq_len=1 start_pos=69 elapsed_ms=0.281
kiln_profile_full_attn_stage full_attn_layer=7 stage=qk_norm seq_len=1 start_pos=69 elapsed_ms=0.217
kiln_profile_full_attn_stage full_attn_layer=7 stage=rope seq_len=1 start_pos=69 elapsed_ms=0.202
kiln_profile_full_attn_stage full_attn_layer=7 stage=q_transpose seq_len=1 start_pos=69 elapsed_ms=0.002
kiln_profile_full_attn_stage full_attn_layer=7 stage=kv_write seq_len=1 start_pos=69 elapsed_ms=0.194
kiln_profile_full_attn_stage full_attn_layer=7 stage=decode_attn_contiguous seq_len=1 start_pos=69 elapsed_ms=0.232
kiln_profile_full_attn_stage full_attn_layer=7 stage=attn_gate seq_len=1 start_pos=69 elapsed_ms=0.214
kiln_profile_full_attn_stage full_attn_layer=7 stage=o_proj seq_len=1 start_pos=69 elapsed_ms=0.672
kiln_profile_mlp_stage layer=31 stage=gate_up_fused seq_len=1 start_pos=69 elapsed_ms=2.641
kiln_profile_mlp_stage layer=31 stage=down_proj seq_len=1 start_pos=69 elapsed_ms=1.293
kiln_profile_gdn_stage layer=0 stage=in_proj seq_len=1 start_pos=70 elapsed_ms=1.486
kiln_profile_gdn_stage layer=0 stage=qkv_conv_norm seq_len=1 start_pos=70 elapsed_ms=0.360
kiln_profile_gdn_stage layer=0 stage=gates_recur_gated_norm seq_len=1 start_pos=70 elapsed_ms=0.425
kiln_profile_gdn_stage layer=0 stage=post_transpose seq_len=1 start_pos=70 elapsed_ms=0.001
kiln_profile_gdn_stage layer=0 stage=gated_norm seq_len=1 start_pos=70 elapsed_ms=0.004
kiln_profile_gdn_stage layer=0 stage=out_proj seq_len=1 start_pos=70 elapsed_ms=1.810
kiln_profile_mlp_stage layer=0 stage=gate_up_fused seq_len=1 start_pos=70 elapsed_ms=1.951
kiln_profile_mlp_stage layer=0 stage=down_proj seq_len=1 start_pos=70 elapsed_ms=1.193
kiln_profile_gdn_stage layer=1 stage=in_proj seq_len=1 start_pos=70 elapsed_ms=1.420
kiln_profile_gdn_stage layer=1 stage=qkv_conv_norm seq_len=1 start_pos=70 elapsed_ms=0.265
kiln_profile_gdn_stage layer=1 stage=gates_recur_gated_norm seq_len=1 start_pos=70 elapsed_ms=0.377
kiln_profile_gdn_stage layer=1 stage=post_transpose seq_len=1 start_pos=70 elapsed_ms=0.000
kiln_profile_gdn_stage layer=1 stage=gated_norm seq_len=1 start_pos=70 elapsed_ms=0.003
kiln_profile_gdn_stage layer=1 stage=out_proj seq_len=1 start_pos=70 elapsed_ms=0.741
kiln_profile_mlp_stage layer=1 stage=gate_up_fused seq_len=1 start_pos=70 elapsed_ms=1.964
kiln_profile_mlp_stage layer=1 stage=down_proj seq_len=1 start_pos=70 elapsed_ms=1.165
kiln_profile_gdn_stage layer=2 stage=in_proj seq_len=1 start_pos=70 elapsed_ms=1.376
kiln_profile_gdn_stage layer=2 stage=qkv_conv_norm seq_len=1 start_pos=70 elapsed_ms=0.275
kiln_profile_gdn_stage layer=2 stage=gates_recur_gated_norm seq_len=1 start_pos=70 elapsed_ms=0.321
kiln_profile_gdn_stage layer=2 stage=post_transpose seq_len=1 start_pos=70 elapsed_ms=0.000
kiln_profile_gdn_stage layer=2 stage=gated_norm seq_len=1 start_pos=70 elapsed_ms=0.006
kiln_profile_gdn_stage layer=2 stage=out_proj seq_len=1 start_pos=70 elapsed_ms=0.728
kiln_profile_mlp_stage layer=2 stage=gate_up_fused seq_len=1 start_pos=70 elapsed_ms=1.813
kiln_profile_mlp_stage layer=2 stage=down_proj seq_len=1 start_pos=70 elapsed_ms=1.148
kiln_profile_full_attn_stage full_attn_layer=0 stage=qkv_proj seq_len=1 start_pos=70 elapsed_ms=1.333
kiln_profile_full_attn_stage full_attn_layer=0 stage=qkv_split seq_len=1 start_pos=70 elapsed_ms=0.366
kiln_profile_full_attn_stage full_attn_layer=0 stage=qk_norm seq_len=1 start_pos=70 elapsed_ms=0.315
kiln_profile_full_attn_stage full_attn_layer=0 stage=rope seq_len=1 start_pos=70 elapsed_ms=0.306
kiln_profile_full_attn_stage full_attn_layer=0 stage=q_transpose seq_len=1 start_pos=70 elapsed_ms=0.007
kiln_profile_full_attn_stage full_attn_layer=0 stage=kv_write seq_len=1 start_pos=70 elapsed_ms=0.463
kiln_profile_full_attn_stage full_attn_layer=0 stage=decode_attn_contiguous seq_len=1 start_pos=70 elapsed_ms=0.339
kiln_profile_full_attn_stage full_attn_layer=0 stage=attn_gate seq_len=1 start_pos=70 elapsed_ms=0.236
kiln_profile_full_attn_stage full_attn_layer=0 stage=o_proj seq_len=1 start_pos=70 elapsed_ms=0.685
kiln_profile_mlp_stage layer=3 stage=gate_up_fused seq_len=1 start_pos=70 elapsed_ms=1.838
kiln_profile_mlp_stage layer=3 stage=down_proj seq_len=1 start_pos=70 elapsed_ms=1.149
kiln_profile_gdn_stage layer=4 stage=in_proj seq_len=1 start_pos=70 elapsed_ms=1.344
kiln_profile_gdn_stage layer=4 stage=qkv_conv_norm seq_len=1 start_pos=70 elapsed_ms=0.265
kiln_profile_gdn_stage layer=4 stage=gates_recur_gated_norm seq_len=1 start_pos=70 elapsed_ms=0.314
kiln_profile_gdn_stage layer=4 stage=post_transpose seq_len=1 start_pos=70 elapsed_ms=0.000
kiln_profile_gdn_stage layer=4 stage=gated_norm seq_len=1 start_pos=70 elapsed_ms=0.002
kiln_profile_gdn_stage layer=4 stage=out_proj seq_len=1 start_pos=70 elapsed_ms=0.725
kiln_profile_mlp_stage layer=4 stage=gate_up_fused seq_len=1 start_pos=70 elapsed_ms=1.828
kiln_profile_mlp_stage layer=4 stage=down_proj seq_len=1 start_pos=70 elapsed_ms=1.391
kiln_profile_gdn_stage layer=5 stage=in_proj seq_len=1 start_pos=70 elapsed_ms=1.660
kiln_profile_gdn_stage layer=5 stage=qkv_conv_norm seq_len=1 start_pos=70 elapsed_ms=0.216
kiln_profile_gdn_stage layer=5 stage=gates_recur_gated_norm seq_len=1 start_pos=70 elapsed_ms=0.314
kiln_profile_gdn_stage layer=5 stage=post_transpose seq_len=1 start_pos=70 elapsed_ms=0.000
kiln_profile_gdn_stage layer=5 stage=gated_norm seq_len=1 start_pos=70 elapsed_ms=0.002
kiln_profile_gdn_stage layer=5 stage=out_proj seq_len=1 start_pos=70 elapsed_ms=0.671
kiln_profile_mlp_stage layer=5 stage=gate_up_fused seq_len=1 start_pos=70 elapsed_ms=1.817
kiln_profile_mlp_stage layer=5 stage=down_proj seq_len=1 start_pos=70 elapsed_ms=1.092
kiln_profile_gdn_stage layer=6 stage=in_proj seq_len=1 start_pos=70 elapsed_ms=1.290
kiln_profile_gdn_stage layer=6 stage=qkv_conv_norm seq_len=1 start_pos=70 elapsed_ms=0.208
kiln_profile_gdn_stage layer=6 stage=gates_recur_gated_norm seq_len=1 start_pos=70 elapsed_ms=0.291
kiln_profile_gdn_stage layer=6 stage=post_transpose seq_len=1 start_pos=70 elapsed_ms=0.000
kiln_profile_gdn_stage layer=6 stage=gated_norm seq_len=1 start_pos=70 elapsed_ms=0.001
kiln_profile_gdn_stage layer=6 stage=out_proj seq_len=1 start_pos=70 elapsed_ms=0.668
kiln_profile_mlp_stage layer=6 stage=gate_up_fused seq_len=1 start_pos=70 elapsed_ms=1.780
kiln_profile_mlp_stage layer=6 stage=down_proj seq_len=1 start_pos=70 elapsed_ms=1.113
kiln_profile_full_attn_stage full_attn_layer=1 stage=qkv_proj seq_len=1 start_pos=70 elapsed_ms=1.268
kiln_profile_full_attn_stage full_attn_layer=1 stage=qkv_split seq_len=1 start_pos=70 elapsed_ms=0.240
kiln_profile_full_attn_stage full_attn_layer=1 stage=qk_norm seq_len=1 start_pos=70 elapsed_ms=0.227
kiln_profile_full_attn_stage full_attn_layer=1 stage=rope seq_len=1 start_pos=70 elapsed_ms=0.206
kiln_profile_full_attn_stage full_attn_layer=1 stage=q_transpose seq_len=1 start_pos=70 elapsed_ms=0.002
kiln_profile_full_attn_stage full_attn_layer=1 stage=kv_write seq_len=1 start_pos=70 elapsed_ms=0.203
kiln_profile_full_attn_stage full_attn_layer=1 stage=decode_attn_contiguous seq_len=1 start_pos=70 elapsed_ms=0.274
kiln_profile_full_attn_stage full_attn_layer=1 stage=attn_gate seq_len=1 start_pos=70 elapsed_ms=0.188
kiln_profile_full_attn_stage full_attn_layer=1 stage=o_proj seq_len=1 start_pos=70 elapsed_ms=0.665
kiln_profile_mlp_stage layer=7 stage=gate_up_fused seq_len=1 start_pos=70 elapsed_ms=1.831
kiln_profile_mlp_stage layer=7 stage=down_proj seq_len=1 start_pos=70 elapsed_ms=1.162
kiln_profile_gdn_stage layer=8 stage=in_proj seq_len=1 start_pos=70 elapsed_ms=1.519
kiln_profile_gdn_stage layer=8 stage=qkv_conv_norm seq_len=1 start_pos=70 elapsed_ms=0.219
kiln_profile_gdn_stage layer=8 stage=gates_recur_gated_norm seq_len=1 start_pos=70 elapsed_ms=0.310
kiln_profile_gdn_stage layer=8 stage=post_transpose seq_len=1 start_pos=70 elapsed_ms=0.000
kiln_profile_gdn_stage layer=8 stage=gated_norm seq_len=1 start_pos=70 elapsed_ms=0.002
kiln_profile_gdn_stage layer=8 stage=out_proj seq_len=1 start_pos=70 elapsed_ms=0.718
kiln_profile_mlp_stage layer=8 stage=gate_up_fused seq_len=1 start_pos=70 elapsed_ms=1.890
kiln_profile_mlp_stage layer=8 stage=down_proj seq_len=1 start_pos=70 elapsed_ms=1.127
kiln_profile_gdn_stage layer=9 stage=in_proj seq_len=1 start_pos=70 elapsed_ms=1.440
kiln_profile_gdn_stage layer=9 stage=qkv_conv_norm seq_len=1 start_pos=70 elapsed_ms=0.220
kiln_profile_gdn_stage layer=9 stage=gates_recur_gated_norm seq_len=1 start_pos=70 elapsed_ms=0.322
kiln_profile_gdn_stage layer=9 stage=post_transpose seq_len=1 start_pos=70 elapsed_ms=0.000
kiln_profile_gdn_stage layer=9 stage=gated_norm seq_len=1 start_pos=70 elapsed_ms=0.002
kiln_profile_gdn_stage layer=9 stage=out_proj seq_len=1 start_pos=70 elapsed_ms=0.728
kiln_profile_mlp_stage layer=9 stage=gate_up_fused seq_len=1 start_pos=70 elapsed_ms=1.850
kiln_profile_mlp_stage layer=9 stage=down_proj seq_len=1 start_pos=70 elapsed_ms=1.147
kiln_profile_gdn_stage layer=10 stage=in_proj seq_len=1 start_pos=70 elapsed_ms=2.788
kiln_profile_gdn_stage layer=10 stage=qkv_conv_norm seq_len=1 start_pos=70 elapsed_ms=0.326
kiln_profile_gdn_stage layer=10 stage=gates_recur_gated_norm seq_len=1 start_pos=70 elapsed_ms=0.528
kiln_profile_gdn_stage layer=10 stage=post_transpose seq_len=1 start_pos=70 elapsed_ms=0.000
kiln_profile_gdn_stage layer=10 stage=gated_norm seq_len=1 start_pos=70 elapsed_ms=0.003
kiln_profile_gdn_stage layer=10 stage=out_proj seq_len=1 start_pos=70 elapsed_ms=1.875
kiln_profile_mlp_stage layer=10 stage=gate_up_fused seq_len=1 start_pos=70 elapsed_ms=3.211
kiln_profile_mlp_stage layer=10 stage=down_proj seq_len=1 start_pos=70 elapsed_ms=1.332
kiln_profile_full_attn_stage full_attn_layer=2 stage=qkv_proj seq_len=1 start_pos=70 elapsed_ms=1.527
kiln_profile_full_attn_stage full_attn_layer=2 stage=qkv_split seq_len=1 start_pos=70 elapsed_ms=0.279
kiln_profile_full_attn_stage full_attn_layer=2 stage=qk_norm seq_len=1 start_pos=70 elapsed_ms=0.256
kiln_profile_full_attn_stage full_attn_layer=2 stage=rope seq_len=1 start_pos=70 elapsed_ms=0.245
kiln_profile_full_attn_stage full_attn_layer=2 stage=q_transpose seq_len=1 start_pos=70 elapsed_ms=0.002
kiln_profile_full_attn_stage full_attn_layer=2 stage=kv_write seq_len=1 start_pos=70 elapsed_ms=0.192
kiln_profile_full_attn_stage full_attn_layer=2 stage=decode_attn_contiguous seq_len=1 start_pos=70 elapsed_ms=0.236
kiln_profile_full_attn_stage full_attn_layer=2 stage=attn_gate seq_len=1 start_pos=70 elapsed_ms=0.197
kiln_profile_full_attn_stage full_attn_layer=2 stage=o_proj seq_len=1 start_pos=70 elapsed_ms=0.692
kiln_profile_mlp_stage layer=11 stage=gate_up_fused seq_len=1 start_pos=70 elapsed_ms=2.048
kiln_profile_mlp_stage layer=11 stage=down_proj seq_len=1 start_pos=70 elapsed_ms=1.144
kiln_profile_gdn_stage layer=12 stage=in_proj seq_len=1 start_pos=70 elapsed_ms=1.389
kiln_profile_gdn_stage layer=12 stage=qkv_conv_norm seq_len=1 start_pos=70 elapsed_ms=0.294
kiln_profile_gdn_stage layer=12 stage=gates_recur_gated_norm seq_len=1 start_pos=70 elapsed_ms=0.370
kiln_profile_gdn_stage layer=12 stage=post_transpose seq_len=1 start_pos=70 elapsed_ms=0.000
kiln_profile_gdn_stage layer=12 stage=gated_norm seq_len=1 start_pos=70 elapsed_ms=0.002
kiln_profile_gdn_stage layer=12 stage=out_proj seq_len=1 start_pos=70 elapsed_ms=0.654
kiln_profile_mlp_stage layer=12 stage=gate_up_fused seq_len=1 start_pos=70 elapsed_ms=1.805
kiln_profile_mlp_stage layer=12 stage=down_proj seq_len=1 start_pos=70 elapsed_ms=1.072
kiln_profile_gdn_stage layer=13 stage=in_proj seq_len=1 start_pos=70 elapsed_ms=1.248
kiln_profile_gdn_stage layer=13 stage=qkv_conv_norm seq_len=1 start_pos=70 elapsed_ms=0.224
kiln_profile_gdn_stage layer=13 stage=gates_recur_gated_norm seq_len=1 start_pos=70 elapsed_ms=0.295
kiln_profile_gdn_stage layer=13 stage=post_transpose seq_len=1 start_pos=70 elapsed_ms=0.000
kiln_profile_gdn_stage layer=13 stage=gated_norm seq_len=1 start_pos=70 elapsed_ms=0.006
kiln_profile_gdn_stage layer=13 stage=out_proj seq_len=1 start_pos=70 elapsed_ms=0.624
kiln_profile_mlp_stage layer=13 stage=gate_up_fused seq_len=1 start_pos=70 elapsed_ms=1.795
kiln_profile_mlp_stage layer=13 stage=down_proj seq_len=1 start_pos=70 elapsed_ms=1.204
kiln_profile_gdn_stage layer=14 stage=in_proj seq_len=1 start_pos=70 elapsed_ms=1.430
kiln_profile_gdn_stage layer=14 stage=qkv_conv_norm seq_len=1 start_pos=70 elapsed_ms=0.288
kiln_profile_gdn_stage layer=14 stage=gates_recur_gated_norm seq_len=1 start_pos=70 elapsed_ms=0.315
kiln_profile_gdn_stage layer=14 stage=post_transpose seq_len=1 start_pos=70 elapsed_ms=0.000
kiln_profile_gdn_stage layer=14 stage=gated_norm seq_len=1 start_pos=70 elapsed_ms=0.002
kiln_profile_gdn_stage layer=14 stage=out_proj seq_len=1 start_pos=70 elapsed_ms=1.757
kiln_profile_mlp_stage layer=14 stage=gate_up_fused seq_len=1 start_pos=70 elapsed_ms=1.823
kiln_profile_mlp_stage layer=14 stage=down_proj seq_len=1 start_pos=70 elapsed_ms=1.112
kiln_profile_full_attn_stage full_attn_layer=3 stage=qkv_proj seq_len=1 start_pos=70 elapsed_ms=1.286
kiln_profile_full_attn_stage full_attn_layer=3 stage=qkv_split seq_len=1 start_pos=70 elapsed_ms=0.274
kiln_profile_full_attn_stage full_attn_layer=3 stage=qk_norm seq_len=1 start_pos=70 elapsed_ms=0.263
kiln_profile_full_attn_stage full_attn_layer=3 stage=rope seq_len=1 start_pos=70 elapsed_ms=0.231
kiln_profile_full_attn_stage full_attn_layer=3 stage=q_transpose seq_len=1 start_pos=70 elapsed_ms=0.005
kiln_profile_full_attn_stage full_attn_layer=3 stage=kv_write seq_len=1 start_pos=70 elapsed_ms=0.219
kiln_profile_full_attn_stage full_attn_layer=3 stage=decode_attn_contiguous seq_len=1 start_pos=70 elapsed_ms=0.261
kiln_profile_full_attn_stage full_attn_layer=3 stage=attn_gate seq_len=1 start_pos=70 elapsed_ms=0.217
kiln_profile_full_attn_stage full_attn_layer=3 stage=o_proj seq_len=1 start_pos=70 elapsed_ms=0.647
kiln_profile_mlp_stage layer=15 stage=gate_up_fused seq_len=1 start_pos=70 elapsed_ms=1.825
kiln_profile_mlp_stage layer=15 stage=down_proj seq_len=1 start_pos=70 elapsed_ms=1.119
kiln_profile_gdn_stage layer=16 stage=in_proj seq_len=1 start_pos=70 elapsed_ms=1.311
kiln_profile_gdn_stage layer=16 stage=qkv_conv_norm seq_len=1 start_pos=70 elapsed_ms=0.286
kiln_profile_gdn_stage layer=16 stage=gates_recur_gated_norm seq_len=1 start_pos=70 elapsed_ms=0.365
kiln_profile_gdn_stage layer=16 stage=post_transpose seq_len=1 start_pos=70 elapsed_ms=0.000
kiln_profile_gdn_stage layer=16 stage=gated_norm seq_len=1 start_pos=70 elapsed_ms=0.005
kiln_profile_gdn_stage layer=16 stage=out_proj seq_len=1 start_pos=70 elapsed_ms=0.674
kiln_profile_mlp_stage layer=16 stage=gate_up_fused seq_len=1 start_pos=70 elapsed_ms=1.844
kiln_profile_mlp_stage layer=16 stage=down_proj seq_len=1 start_pos=70 elapsed_ms=1.161
kiln_profile_gdn_stage layer=17 stage=in_proj seq_len=1 start_pos=70 elapsed_ms=1.295
kiln_profile_gdn_stage layer=17 stage=qkv_conv_norm seq_len=1 start_pos=70 elapsed_ms=0.248
kiln_profile_gdn_stage layer=17 stage=gates_recur_gated_norm seq_len=1 start_pos=70 elapsed_ms=0.332
kiln_profile_gdn_stage layer=17 stage=post_transpose seq_len=1 start_pos=70 elapsed_ms=0.000
kiln_profile_gdn_stage layer=17 stage=gated_norm seq_len=1 start_pos=70 elapsed_ms=0.006
kiln_profile_gdn_stage layer=17 stage=out_proj seq_len=1 start_pos=70 elapsed_ms=0.673
kiln_profile_mlp_stage layer=17 stage=gate_up_fused seq_len=1 start_pos=70 elapsed_ms=1.914
kiln_profile_mlp_stage layer=17 stage=down_proj seq_len=1 start_pos=70 elapsed_ms=1.199
kiln_profile_gdn_stage layer=18 stage=in_proj seq_len=1 start_pos=70 elapsed_ms=1.572
kiln_profile_gdn_stage layer=18 stage=qkv_conv_norm seq_len=1 start_pos=70 elapsed_ms=0.555
kiln_profile_gdn_stage layer=18 stage=gates_recur_gated_norm seq_len=1 start_pos=70 elapsed_ms=0.453
kiln_profile_gdn_stage layer=18 stage=post_transpose seq_len=1 start_pos=70 elapsed_ms=0.000
kiln_profile_gdn_stage layer=18 stage=gated_norm seq_len=1 start_pos=70 elapsed_ms=0.003
kiln_profile_gdn_stage layer=18 stage=out_proj seq_len=1 start_pos=70 elapsed_ms=0.756
kiln_profile_mlp_stage layer=18 stage=gate_up_fused seq_len=1 start_pos=70 elapsed_ms=1.942
kiln_profile_mlp_stage layer=18 stage=down_proj seq_len=1 start_pos=70 elapsed_ms=1.180
kiln_profile_full_attn_stage full_attn_layer=4 stage=qkv_proj seq_len=1 start_pos=70 elapsed_ms=3.086
kiln_profile_full_attn_stage full_attn_layer=4 stage=qkv_split seq_len=1 start_pos=70 elapsed_ms=0.243
kiln_profile_full_attn_stage full_attn_layer=4 stage=qk_norm seq_len=1 start_pos=70 elapsed_ms=0.232
kiln_profile_full_attn_stage full_attn_layer=4 stage=rope seq_len=1 start_pos=70 elapsed_ms=0.197
kiln_profile_full_attn_stage full_attn_layer=4 stage=q_transpose seq_len=1 start_pos=70 elapsed_ms=0.002
kiln_profile_full_attn_stage full_attn_layer=4 stage=kv_write seq_len=1 start_pos=70 elapsed_ms=0.192
kiln_profile_full_attn_stage full_attn_layer=4 stage=decode_attn_contiguous seq_len=1 start_pos=70 elapsed_ms=0.298
kiln_profile_full_attn_stage full_attn_layer=4 stage=attn_gate seq_len=1 start_pos=70 elapsed_ms=0.227
kiln_profile_full_attn_stage full_attn_layer=4 stage=o_proj seq_len=1 start_pos=70 elapsed_ms=0.676
kiln_profile_mlp_stage layer=19 stage=gate_up_fused seq_len=1 start_pos=70 elapsed_ms=1.793
kiln_profile_mlp_stage layer=19 stage=down_proj seq_len=1 start_pos=70 elapsed_ms=1.081
kiln_profile_gdn_stage layer=20 stage=in_proj seq_len=1 start_pos=70 elapsed_ms=1.310
kiln_profile_gdn_stage layer=20 stage=qkv_conv_norm seq_len=1 start_pos=70 elapsed_ms=0.253
kiln_profile_gdn_stage layer=20 stage=gates_recur_gated_norm seq_len=1 start_pos=70 elapsed_ms=0.298
kiln_profile_gdn_stage layer=20 stage=post_transpose seq_len=1 start_pos=70 elapsed_ms=0.000
kiln_profile_gdn_stage layer=20 stage=gated_norm seq_len=1 start_pos=70 elapsed_ms=0.002
kiln_profile_gdn_stage layer=20 stage=out_proj seq_len=1 start_pos=70 elapsed_ms=0.634
kiln_profile_mlp_stage layer=20 stage=gate_up_fused seq_len=1 start_pos=70 elapsed_ms=1.772
kiln_profile_mlp_stage layer=20 stage=down_proj seq_len=1 start_pos=70 elapsed_ms=1.082
kiln_profile_gdn_stage layer=21 stage=in_proj seq_len=1 start_pos=70 elapsed_ms=1.337
kiln_profile_gdn_stage layer=21 stage=qkv_conv_norm seq_len=1 start_pos=70 elapsed_ms=0.196
kiln_profile_gdn_stage layer=21 stage=gates_recur_gated_norm seq_len=1 start_pos=70 elapsed_ms=0.282
kiln_profile_gdn_stage layer=21 stage=post_transpose seq_len=1 start_pos=70 elapsed_ms=0.000
kiln_profile_gdn_stage layer=21 stage=gated_norm seq_len=1 start_pos=70 elapsed_ms=0.001
kiln_profile_gdn_stage layer=21 stage=out_proj seq_len=1 start_pos=70 elapsed_ms=0.647
kiln_profile_mlp_stage layer=21 stage=gate_up_fused seq_len=1 start_pos=70 elapsed_ms=1.762
kiln_profile_mlp_stage layer=21 stage=down_proj seq_len=1 start_pos=70 elapsed_ms=1.146
kiln_profile_gdn_stage layer=22 stage=in_proj seq_len=1 start_pos=70 elapsed_ms=1.587
kiln_profile_gdn_stage layer=22 stage=qkv_conv_norm seq_len=1 start_pos=70 elapsed_ms=0.208
kiln_profile_gdn_stage layer=22 stage=gates_recur_gated_norm seq_len=1 start_pos=70 elapsed_ms=0.281
kiln_profile_gdn_stage layer=22 stage=post_transpose seq_len=1 start_pos=70 elapsed_ms=0.000
kiln_profile_gdn_stage layer=22 stage=gated_norm seq_len=1 start_pos=70 elapsed_ms=0.001
kiln_profile_gdn_stage layer=22 stage=out_proj seq_len=1 start_pos=70 elapsed_ms=0.677
kiln_profile_mlp_stage layer=22 stage=gate_up_fused seq_len=1 start_pos=70 elapsed_ms=1.831
kiln_profile_mlp_stage layer=22 stage=down_proj seq_len=1 start_pos=70 elapsed_ms=1.131
kiln_profile_full_attn_stage full_attn_layer=5 stage=qkv_proj seq_len=1 start_pos=70 elapsed_ms=1.294
kiln_profile_full_attn_stage full_attn_layer=5 stage=qkv_split seq_len=1 start_pos=70 elapsed_ms=0.269
kiln_profile_full_attn_stage full_attn_layer=5 stage=qk_norm seq_len=1 start_pos=70 elapsed_ms=0.240
kiln_profile_full_attn_stage full_attn_layer=5 stage=rope seq_len=1 start_pos=70 elapsed_ms=0.231
kiln_profile_full_attn_stage full_attn_layer=5 stage=q_transpose seq_len=1 start_pos=70 elapsed_ms=0.002
kiln_profile_full_attn_stage full_attn_layer=5 stage=kv_write seq_len=1 start_pos=70 elapsed_ms=0.229
kiln_profile_full_attn_stage full_attn_layer=5 stage=decode_attn_contiguous seq_len=1 start_pos=70 elapsed_ms=0.268
kiln_profile_full_attn_stage full_attn_layer=5 stage=attn_gate seq_len=1 start_pos=70 elapsed_ms=0.221
kiln_profile_full_attn_stage full_attn_layer=5 stage=o_proj seq_len=1 start_pos=70 elapsed_ms=0.669
kiln_profile_mlp_stage layer=23 stage=gate_up_fused seq_len=1 start_pos=70 elapsed_ms=1.923
kiln_profile_mlp_stage layer=23 stage=down_proj seq_len=1 start_pos=70 elapsed_ms=1.232
kiln_profile_gdn_stage layer=24 stage=in_proj seq_len=1 start_pos=70 elapsed_ms=2.313
kiln_profile_gdn_stage layer=24 stage=qkv_conv_norm seq_len=1 start_pos=70 elapsed_ms=0.232
kiln_profile_gdn_stage layer=24 stage=gates_recur_gated_norm seq_len=1 start_pos=70 elapsed_ms=0.295
kiln_profile_gdn_stage layer=24 stage=post_transpose seq_len=1 start_pos=70 elapsed_ms=0.000
kiln_profile_gdn_stage layer=24 stage=gated_norm seq_len=1 start_pos=70 elapsed_ms=0.002
kiln_profile_gdn_stage layer=24 stage=out_proj seq_len=1 start_pos=70 elapsed_ms=0.648
kiln_profile_mlp_stage layer=24 stage=gate_up_fused seq_len=1 start_pos=70 elapsed_ms=1.757
kiln_profile_mlp_stage layer=24 stage=down_proj seq_len=1 start_pos=70 elapsed_ms=1.133
kiln_profile_gdn_stage layer=25 stage=in_proj seq_len=1 start_pos=70 elapsed_ms=1.308
kiln_profile_gdn_stage layer=25 stage=qkv_conv_norm seq_len=1 start_pos=70 elapsed_ms=0.231
kiln_profile_gdn_stage layer=25 stage=gates_recur_gated_norm seq_len=1 start_pos=70 elapsed_ms=0.276
kiln_profile_gdn_stage layer=25 stage=post_transpose seq_len=1 start_pos=70 elapsed_ms=0.000
kiln_profile_gdn_stage layer=25 stage=gated_norm seq_len=1 start_pos=70 elapsed_ms=0.002
kiln_profile_gdn_stage layer=25 stage=out_proj seq_len=1 start_pos=70 elapsed_ms=0.655
kiln_profile_mlp_stage layer=25 stage=gate_up_fused seq_len=1 start_pos=70 elapsed_ms=1.737
kiln_profile_mlp_stage layer=25 stage=down_proj seq_len=1 start_pos=70 elapsed_ms=1.064
kiln_profile_gdn_stage layer=26 stage=in_proj seq_len=1 start_pos=70 elapsed_ms=1.262
kiln_profile_gdn_stage layer=26 stage=qkv_conv_norm seq_len=1 start_pos=70 elapsed_ms=0.183
kiln_profile_gdn_stage layer=26 stage=gates_recur_gated_norm seq_len=1 start_pos=70 elapsed_ms=0.286
kiln_profile_gdn_stage layer=26 stage=post_transpose seq_len=1 start_pos=70 elapsed_ms=0.000
kiln_profile_gdn_stage layer=26 stage=gated_norm seq_len=1 start_pos=70 elapsed_ms=0.002
kiln_profile_gdn_stage layer=26 stage=out_proj seq_len=1 start_pos=70 elapsed_ms=0.656
kiln_profile_mlp_stage layer=26 stage=gate_up_fused seq_len=1 start_pos=70 elapsed_ms=1.845
kiln_profile_mlp_stage layer=26 stage=down_proj seq_len=1 start_pos=70 elapsed_ms=1.122
kiln_profile_full_attn_stage full_attn_layer=6 stage=qkv_proj seq_len=1 start_pos=70 elapsed_ms=1.269
kiln_profile_full_attn_stage full_attn_layer=6 stage=qkv_split seq_len=1 start_pos=70 elapsed_ms=0.250
kiln_profile_full_attn_stage full_attn_layer=6 stage=qk_norm seq_len=1 start_pos=70 elapsed_ms=0.219
kiln_profile_full_attn_stage full_attn_layer=6 stage=rope seq_len=1 start_pos=70 elapsed_ms=0.203
kiln_profile_full_attn_stage full_attn_layer=6 stage=q_transpose seq_len=1 start_pos=70 elapsed_ms=0.002
kiln_profile_full_attn_stage full_attn_layer=6 stage=kv_write seq_len=1 start_pos=70 elapsed_ms=0.192
kiln_profile_full_attn_stage full_attn_layer=6 stage=decode_attn_contiguous seq_len=1 start_pos=70 elapsed_ms=0.226
kiln_profile_full_attn_stage full_attn_layer=6 stage=attn_gate seq_len=1 start_pos=70 elapsed_ms=0.188
kiln_profile_full_attn_stage full_attn_layer=6 stage=o_proj seq_len=1 start_pos=70 elapsed_ms=0.639
kiln_profile_mlp_stage layer=27 stage=gate_up_fused seq_len=1 start_pos=70 elapsed_ms=1.819
kiln_profile_mlp_stage layer=27 stage=down_proj seq_len=1 start_pos=70 elapsed_ms=1.116
kiln_profile_gdn_stage layer=28 stage=in_proj seq_len=1 start_pos=70 elapsed_ms=1.441
kiln_profile_gdn_stage layer=28 stage=qkv_conv_norm seq_len=1 start_pos=70 elapsed_ms=0.289
kiln_profile_gdn_stage layer=28 stage=gates_recur_gated_norm seq_len=1 start_pos=70 elapsed_ms=0.313
kiln_profile_gdn_stage layer=28 stage=post_transpose seq_len=1 start_pos=70 elapsed_ms=0.000
kiln_profile_gdn_stage layer=28 stage=gated_norm seq_len=1 start_pos=70 elapsed_ms=0.006
kiln_profile_gdn_stage layer=28 stage=out_proj seq_len=1 start_pos=70 elapsed_ms=0.670
kiln_profile_mlp_stage layer=28 stage=gate_up_fused seq_len=1 start_pos=70 elapsed_ms=2.186
kiln_profile_mlp_stage layer=28 stage=down_proj seq_len=1 start_pos=70 elapsed_ms=1.343
kiln_profile_gdn_stage layer=29 stage=in_proj seq_len=1 start_pos=70 elapsed_ms=1.947
kiln_profile_gdn_stage layer=29 stage=qkv_conv_norm seq_len=1 start_pos=70 elapsed_ms=0.305
kiln_profile_gdn_stage layer=29 stage=gates_recur_gated_norm seq_len=1 start_pos=70 elapsed_ms=0.300
kiln_profile_gdn_stage layer=29 stage=post_transpose seq_len=1 start_pos=70 elapsed_ms=0.000
kiln_profile_gdn_stage layer=29 stage=gated_norm seq_len=1 start_pos=70 elapsed_ms=0.002
kiln_profile_gdn_stage layer=29 stage=out_proj seq_len=1 start_pos=70 elapsed_ms=0.654
kiln_profile_mlp_stage layer=29 stage=gate_up_fused seq_len=1 start_pos=70 elapsed_ms=1.951
kiln_profile_mlp_stage layer=29 stage=down_proj seq_len=1 start_pos=70 elapsed_ms=1.242
kiln_profile_gdn_stage layer=30 stage=in_proj seq_len=1 start_pos=70 elapsed_ms=1.464
kiln_profile_gdn_stage layer=30 stage=qkv_conv_norm seq_len=1 start_pos=70 elapsed_ms=0.256
kiln_profile_gdn_stage layer=30 stage=gates_recur_gated_norm seq_len=1 start_pos=70 elapsed_ms=0.352
kiln_profile_gdn_stage layer=30 stage=post_transpose seq_len=1 start_pos=70 elapsed_ms=0.000
kiln_profile_gdn_stage layer=30 stage=gated_norm seq_len=1 start_pos=70 elapsed_ms=0.002
kiln_profile_gdn_stage layer=30 stage=out_proj seq_len=1 start_pos=70 elapsed_ms=0.701
kiln_profile_mlp_stage layer=30 stage=gate_up_fused seq_len=1 start_pos=70 elapsed_ms=1.757
kiln_profile_mlp_stage layer=30 stage=down_proj seq_len=1 start_pos=70 elapsed_ms=1.064
kiln_profile_full_attn_stage full_attn_layer=7 stage=qkv_proj seq_len=1 start_pos=70 elapsed_ms=1.311
kiln_profile_full_attn_stage full_attn_layer=7 stage=qkv_split seq_len=1 start_pos=70 elapsed_ms=0.226
kiln_profile_full_attn_stage full_attn_layer=7 stage=qk_norm seq_len=1 start_pos=70 elapsed_ms=0.194
kiln_profile_full_attn_stage full_attn_layer=7 stage=rope seq_len=1 start_pos=70 elapsed_ms=0.175
kiln_profile_full_attn_stage full_attn_layer=7 stage=q_transpose seq_len=1 start_pos=70 elapsed_ms=0.002
kiln_profile_full_attn_stage full_attn_layer=7 stage=kv_write seq_len=1 start_pos=70 elapsed_ms=0.175
kiln_profile_full_attn_stage full_attn_layer=7 stage=decode_attn_contiguous seq_len=1 start_pos=70 elapsed_ms=0.221
kiln_profile_full_attn_stage full_attn_layer=7 stage=attn_gate seq_len=1 start_pos=70 elapsed_ms=0.167
kiln_profile_full_attn_stage full_attn_layer=7 stage=o_proj seq_len=1 start_pos=70 elapsed_ms=0.662
kiln_profile_mlp_stage layer=31 stage=gate_up_fused seq_len=1 start_pos=70 elapsed_ms=1.812
kiln_profile_mlp_stage layer=31 stage=down_proj seq_len=1 start_pos=70 elapsed_ms=1.098
kiln_profile_gdn_stage layer=0 stage=in_proj seq_len=1 start_pos=71 elapsed_ms=1.383
kiln_profile_gdn_stage layer=0 stage=qkv_conv_norm seq_len=1 start_pos=71 elapsed_ms=0.268
kiln_profile_gdn_stage layer=0 stage=gates_recur_gated_norm seq_len=1 start_pos=71 elapsed_ms=0.339
kiln_profile_gdn_stage layer=0 stage=post_transpose seq_len=1 start_pos=71 elapsed_ms=0.000
kiln_profile_gdn_stage layer=0 stage=gated_norm seq_len=1 start_pos=71 elapsed_ms=0.002
kiln_profile_gdn_stage layer=0 stage=out_proj seq_len=1 start_pos=71 elapsed_ms=0.683
kiln_profile_mlp_stage layer=0 stage=gate_up_fused seq_len=1 start_pos=71 elapsed_ms=1.778
kiln_profile_mlp_stage layer=0 stage=down_proj seq_len=1 start_pos=71 elapsed_ms=1.146
kiln_profile_gdn_stage layer=1 stage=in_proj seq_len=1 start_pos=71 elapsed_ms=1.455
kiln_profile_gdn_stage layer=1 stage=qkv_conv_norm seq_len=1 start_pos=71 elapsed_ms=0.340
kiln_profile_gdn_stage layer=1 stage=gates_recur_gated_norm seq_len=1 start_pos=71 elapsed_ms=0.367
kiln_profile_gdn_stage layer=1 stage=post_transpose seq_len=1 start_pos=71 elapsed_ms=0.000
kiln_profile_gdn_stage layer=1 stage=gated_norm seq_len=1 start_pos=71 elapsed_ms=0.002
kiln_profile_gdn_stage layer=1 stage=out_proj seq_len=1 start_pos=71 elapsed_ms=0.700
kiln_profile_mlp_stage layer=1 stage=gate_up_fused seq_len=1 start_pos=71 elapsed_ms=1.946
kiln_profile_mlp_stage layer=1 stage=down_proj seq_len=1 start_pos=71 elapsed_ms=1.240
kiln_profile_gdn_stage layer=2 stage=in_proj seq_len=1 start_pos=71 elapsed_ms=1.392
kiln_profile_gdn_stage layer=2 stage=qkv_conv_norm seq_len=1 start_pos=71 elapsed_ms=0.257
kiln_profile_gdn_stage layer=2 stage=gates_recur_gated_norm seq_len=1 start_pos=71 elapsed_ms=0.359
kiln_profile_gdn_stage layer=2 stage=post_transpose seq_len=1 start_pos=71 elapsed_ms=0.000
kiln_profile_gdn_stage layer=2 stage=gated_norm seq_len=1 start_pos=71 elapsed_ms=0.006
kiln_profile_gdn_stage layer=2 stage=out_proj seq_len=1 start_pos=71 elapsed_ms=0.708
kiln_profile_mlp_stage layer=2 stage=gate_up_fused seq_len=1 start_pos=71 elapsed_ms=1.946
kiln_profile_mlp_stage layer=2 stage=down_proj seq_len=1 start_pos=71 elapsed_ms=1.409
kiln_profile_full_attn_stage full_attn_layer=0 stage=qkv_proj seq_len=1 start_pos=71 elapsed_ms=1.685
kiln_profile_full_attn_stage full_attn_layer=0 stage=qkv_split seq_len=1 start_pos=71 elapsed_ms=0.357
kiln_profile_full_attn_stage full_attn_layer=0 stage=qk_norm seq_len=1 start_pos=71 elapsed_ms=0.259
kiln_profile_full_attn_stage full_attn_layer=0 stage=rope seq_len=1 start_pos=71 elapsed_ms=0.225
kiln_profile_full_attn_stage full_attn_layer=0 stage=q_transpose seq_len=1 start_pos=71 elapsed_ms=0.002
kiln_profile_full_attn_stage full_attn_layer=0 stage=kv_write seq_len=1 start_pos=71 elapsed_ms=0.335
kiln_profile_full_attn_stage full_attn_layer=0 stage=decode_attn_contiguous seq_len=1 start_pos=71 elapsed_ms=0.291
kiln_profile_full_attn_stage full_attn_layer=0 stage=attn_gate seq_len=1 start_pos=71 elapsed_ms=0.236
kiln_profile_full_attn_stage full_attn_layer=0 stage=o_proj seq_len=1 start_pos=71 elapsed_ms=0.720
kiln_profile_mlp_stage layer=3 stage=gate_up_fused seq_len=1 start_pos=71 elapsed_ms=1.956
kiln_profile_mlp_stage layer=3 stage=down_proj seq_len=1 start_pos=71 elapsed_ms=1.115
kiln_profile_gdn_stage layer=4 stage=in_proj seq_len=1 start_pos=71 elapsed_ms=1.338
kiln_profile_gdn_stage layer=4 stage=qkv_conv_norm seq_len=1 start_pos=71 elapsed_ms=0.184
kiln_profile_gdn_stage layer=4 stage=gates_recur_gated_norm seq_len=1 start_pos=71 elapsed_ms=0.286
kiln_profile_gdn_stage layer=4 stage=post_transpose seq_len=1 start_pos=71 elapsed_ms=0.000
kiln_profile_gdn_stage layer=4 stage=gated_norm seq_len=1 start_pos=71 elapsed_ms=0.002
kiln_profile_gdn_stage layer=4 stage=out_proj seq_len=1 start_pos=71 elapsed_ms=0.628
kiln_profile_mlp_stage layer=4 stage=gate_up_fused seq_len=1 start_pos=71 elapsed_ms=1.900
kiln_profile_mlp_stage layer=4 stage=down_proj seq_len=1 start_pos=71 elapsed_ms=1.125
kiln_profile_gdn_stage layer=5 stage=in_proj seq_len=1 start_pos=71 elapsed_ms=1.295
kiln_profile_gdn_stage layer=5 stage=qkv_conv_norm seq_len=1 start_pos=71 elapsed_ms=0.207
kiln_profile_gdn_stage layer=5 stage=gates_recur_gated_norm seq_len=1 start_pos=71 elapsed_ms=0.281
kiln_profile_gdn_stage layer=5 stage=post_transpose seq_len=1 start_pos=71 elapsed_ms=0.000
kiln_profile_gdn_stage layer=5 stage=gated_norm seq_len=1 start_pos=71 elapsed_ms=0.004
kiln_profile_gdn_stage layer=5 stage=out_proj seq_len=1 start_pos=71 elapsed_ms=0.691
kiln_profile_mlp_stage layer=5 stage=gate_up_fused seq_len=1 start_pos=71 elapsed_ms=1.808
kiln_profile_mlp_stage layer=5 stage=down_proj seq_len=1 start_pos=71 elapsed_ms=1.139
kiln_profile_gdn_stage layer=6 stage=in_proj seq_len=1 start_pos=71 elapsed_ms=1.345
kiln_profile_gdn_stage layer=6 stage=qkv_conv_norm seq_len=1 start_pos=71 elapsed_ms=0.301
kiln_profile_gdn_stage layer=6 stage=gates_recur_gated_norm seq_len=1 start_pos=71 elapsed_ms=0.359
kiln_profile_gdn_stage layer=6 stage=post_transpose seq_len=1 start_pos=71 elapsed_ms=0.001
kiln_profile_gdn_stage layer=6 stage=gated_norm seq_len=1 start_pos=71 elapsed_ms=0.002
kiln_profile_gdn_stage layer=6 stage=out_proj seq_len=1 start_pos=71 elapsed_ms=0.678
kiln_profile_mlp_stage layer=6 stage=gate_up_fused seq_len=1 start_pos=71 elapsed_ms=1.815
kiln_profile_mlp_stage layer=6 stage=down_proj seq_len=1 start_pos=71 elapsed_ms=1.111
kiln_profile_full_attn_stage full_attn_layer=1 stage=qkv_proj seq_len=1 start_pos=71 elapsed_ms=1.332
kiln_profile_full_attn_stage full_attn_layer=1 stage=qkv_split seq_len=1 start_pos=71 elapsed_ms=0.284
kiln_profile_full_attn_stage full_attn_layer=1 stage=qk_norm seq_len=1 start_pos=71 elapsed_ms=0.252
kiln_profile_full_attn_stage full_attn_layer=1 stage=rope seq_len=1 start_pos=71 elapsed_ms=0.220
kiln_profile_full_attn_stage full_attn_layer=1 stage=q_transpose seq_len=1 start_pos=71 elapsed_ms=0.002
kiln_profile_full_attn_stage full_attn_layer=1 stage=kv_write seq_len=1 start_pos=71 elapsed_ms=0.225
kiln_profile_full_attn_stage full_attn_layer=1 stage=decode_attn_contiguous seq_len=1 start_pos=71 elapsed_ms=0.265
kiln_profile_full_attn_stage full_attn_layer=1 stage=attn_gate seq_len=1 start_pos=71 elapsed_ms=0.201
kiln_profile_full_attn_stage full_attn_layer=1 stage=o_proj seq_len=1 start_pos=71 elapsed_ms=0.654
kiln_profile_mlp_stage layer=7 stage=gate_up_fused seq_len=1 start_pos=71 elapsed_ms=1.952
kiln_profile_mlp_stage layer=7 stage=down_proj seq_len=1 start_pos=71 elapsed_ms=1.783
kiln_profile_gdn_stage layer=8 stage=in_proj seq_len=1 start_pos=71 elapsed_ms=1.421
kiln_profile_gdn_stage layer=8 stage=qkv_conv_norm seq_len=1 start_pos=71 elapsed_ms=0.273
kiln_profile_gdn_stage layer=8 stage=gates_recur_gated_norm seq_len=1 start_pos=71 elapsed_ms=0.327
kiln_profile_gdn_stage layer=8 stage=post_transpose seq_len=1 start_pos=71 elapsed_ms=0.000
kiln_profile_gdn_stage layer=8 stage=gated_norm seq_len=1 start_pos=71 elapsed_ms=0.002
kiln_profile_gdn_stage layer=8 stage=out_proj seq_len=1 start_pos=71 elapsed_ms=1.031
kiln_profile_mlp_stage layer=8 stage=gate_up_fused seq_len=1 start_pos=71 elapsed_ms=1.848
kiln_profile_mlp_stage layer=8 stage=down_proj seq_len=1 start_pos=71 elapsed_ms=1.169
kiln_profile_gdn_stage layer=9 stage=in_proj seq_len=1 start_pos=71 elapsed_ms=1.339
kiln_profile_gdn_stage layer=9 stage=qkv_conv_norm seq_len=1 start_pos=71 elapsed_ms=0.294
kiln_profile_gdn_stage layer=9 stage=gates_recur_gated_norm seq_len=1 start_pos=71 elapsed_ms=0.354
kiln_profile_gdn_stage layer=9 stage=post_transpose seq_len=1 start_pos=71 elapsed_ms=0.001
kiln_profile_gdn_stage layer=9 stage=gated_norm seq_len=1 start_pos=71 elapsed_ms=0.003
kiln_profile_gdn_stage layer=9 stage=out_proj seq_len=1 start_pos=71 elapsed_ms=0.724
kiln_profile_mlp_stage layer=9 stage=gate_up_fused seq_len=1 start_pos=71 elapsed_ms=1.833
kiln_profile_mlp_stage layer=9 stage=down_proj seq_len=1 start_pos=71 elapsed_ms=1.220
kiln_profile_gdn_stage layer=10 stage=in_proj seq_len=1 start_pos=71 elapsed_ms=1.391
kiln_profile_gdn_stage layer=10 stage=qkv_conv_norm seq_len=1 start_pos=71 elapsed_ms=0.283
kiln_profile_gdn_stage layer=10 stage=gates_recur_gated_norm seq_len=1 start_pos=71 elapsed_ms=0.351
kiln_profile_gdn_stage layer=10 stage=post_transpose seq_len=1 start_pos=71 elapsed_ms=0.000
kiln_profile_gdn_stage layer=10 stage=gated_norm seq_len=1 start_pos=71 elapsed_ms=0.003
kiln_profile_gdn_stage layer=10 stage=out_proj seq_len=1 start_pos=71 elapsed_ms=0.681
kiln_profile_mlp_stage layer=10 stage=gate_up_fused seq_len=1 start_pos=71 elapsed_ms=1.815
kiln_profile_mlp_stage layer=10 stage=down_proj seq_len=1 start_pos=71 elapsed_ms=1.116
kiln_profile_full_attn_stage full_attn_layer=2 stage=qkv_proj seq_len=1 start_pos=71 elapsed_ms=1.340
kiln_profile_full_attn_stage full_attn_layer=2 stage=qkv_split seq_len=1 start_pos=71 elapsed_ms=0.233
kiln_profile_full_attn_stage full_attn_layer=2 stage=qk_norm seq_len=1 start_pos=71 elapsed_ms=0.203
kiln_profile_full_attn_stage full_attn_layer=2 stage=rope seq_len=1 start_pos=71 elapsed_ms=0.172
kiln_profile_full_attn_stage full_attn_layer=2 stage=q_transpose seq_len=1 start_pos=71 elapsed_ms=0.001
kiln_profile_full_attn_stage full_attn_layer=2 stage=kv_write seq_len=1 start_pos=71 elapsed_ms=0.194
kiln_profile_full_attn_stage full_attn_layer=2 stage=decode_attn_contiguous seq_len=1 start_pos=71 elapsed_ms=0.204
kiln_profile_full_attn_stage full_attn_layer=2 stage=attn_gate seq_len=1 start_pos=71 elapsed_ms=0.166
kiln_profile_full_attn_stage full_attn_layer=2 stage=o_proj seq_len=1 start_pos=71 elapsed_ms=0.679
kiln_profile_mlp_stage layer=11 stage=gate_up_fused seq_len=1 start_pos=71 elapsed_ms=1.794
kiln_profile_mlp_stage layer=11 stage=down_proj seq_len=1 start_pos=71 elapsed_ms=1.089
kiln_profile_gdn_stage layer=12 stage=in_proj seq_len=1 start_pos=71 elapsed_ms=1.344
kiln_profile_gdn_stage layer=12 stage=qkv_conv_norm seq_len=1 start_pos=71 elapsed_ms=0.201
kiln_profile_gdn_stage layer=12 stage=gates_recur_gated_norm seq_len=1 start_pos=71 elapsed_ms=0.283
kiln_profile_gdn_stage layer=12 stage=post_transpose seq_len=1 start_pos=71 elapsed_ms=0.000
kiln_profile_gdn_stage layer=12 stage=gated_norm seq_len=1 start_pos=71 elapsed_ms=0.002
kiln_profile_gdn_stage layer=12 stage=out_proj seq_len=1 start_pos=71 elapsed_ms=0.684
kiln_profile_mlp_stage layer=12 stage=gate_up_fused seq_len=1 start_pos=71 elapsed_ms=2.485
kiln_profile_mlp_stage layer=12 stage=down_proj seq_len=1 start_pos=71 elapsed_ms=1.316
kiln_profile_gdn_stage layer=13 stage=in_proj seq_len=1 start_pos=71 elapsed_ms=1.315
kiln_profile_gdn_stage layer=13 stage=qkv_conv_norm seq_len=1 start_pos=71 elapsed_ms=0.278
kiln_profile_gdn_stage layer=13 stage=gates_recur_gated_norm seq_len=1 start_pos=71 elapsed_ms=0.332
kiln_profile_gdn_stage layer=13 stage=post_transpose seq_len=1 start_pos=71 elapsed_ms=0.000
kiln_profile_gdn_stage layer=13 stage=gated_norm seq_len=1 start_pos=71 elapsed_ms=0.002
kiln_profile_gdn_stage layer=13 stage=out_proj seq_len=1 start_pos=71 elapsed_ms=0.715
kiln_profile_mlp_stage layer=13 stage=gate_up_fused seq_len=1 start_pos=71 elapsed_ms=1.817
kiln_profile_mlp_stage layer=13 stage=down_proj seq_len=1 start_pos=71 elapsed_ms=1.135
kiln_profile_gdn_stage layer=14 stage=in_proj seq_len=1 start_pos=71 elapsed_ms=1.336
kiln_profile_gdn_stage layer=14 stage=qkv_conv_norm seq_len=1 start_pos=71 elapsed_ms=0.259
kiln_profile_gdn_stage layer=14 stage=gates_recur_gated_norm seq_len=1 start_pos=71 elapsed_ms=0.328
kiln_profile_gdn_stage layer=14 stage=post_transpose seq_len=1 start_pos=71 elapsed_ms=0.000
kiln_profile_gdn_stage layer=14 stage=gated_norm seq_len=1 start_pos=71 elapsed_ms=0.002
kiln_profile_gdn_stage layer=14 stage=out_proj seq_len=1 start_pos=71 elapsed_ms=0.721
kiln_profile_mlp_stage layer=14 stage=gate_up_fused seq_len=1 start_pos=71 elapsed_ms=1.881
kiln_profile_mlp_stage layer=14 stage=down_proj seq_len=1 start_pos=71 elapsed_ms=1.177
kiln_profile_full_attn_stage full_attn_layer=3 stage=qkv_proj seq_len=1 start_pos=71 elapsed_ms=1.305
kiln_profile_full_attn_stage full_attn_layer=3 stage=qkv_split seq_len=1 start_pos=71 elapsed_ms=0.247
kiln_profile_full_attn_stage full_attn_layer=3 stage=qk_norm seq_len=1 start_pos=71 elapsed_ms=0.227
kiln_profile_full_attn_stage full_attn_layer=3 stage=rope seq_len=1 start_pos=71 elapsed_ms=0.216
kiln_profile_full_attn_stage full_attn_layer=3 stage=q_transpose seq_len=1 start_pos=71 elapsed_ms=0.001
kiln_profile_full_attn_stage full_attn_layer=3 stage=kv_write seq_len=1 start_pos=71 elapsed_ms=0.214
kiln_profile_full_attn_stage full_attn_layer=3 stage=decode_attn_contiguous seq_len=1 start_pos=71 elapsed_ms=0.217
kiln_profile_full_attn_stage full_attn_layer=3 stage=attn_gate seq_len=1 start_pos=71 elapsed_ms=0.191
kiln_profile_full_attn_stage full_attn_layer=3 stage=o_proj seq_len=1 start_pos=71 elapsed_ms=0.645
kiln_profile_mlp_stage layer=15 stage=gate_up_fused seq_len=1 start_pos=71 elapsed_ms=1.842
kiln_profile_mlp_stage layer=15 stage=down_proj seq_len=1 start_pos=71 elapsed_ms=1.160
kiln_profile_gdn_stage layer=16 stage=in_proj seq_len=1 start_pos=71 elapsed_ms=1.309
kiln_profile_gdn_stage layer=16 stage=qkv_conv_norm seq_len=1 start_pos=71 elapsed_ms=0.234
kiln_profile_gdn_stage layer=16 stage=gates_recur_gated_norm seq_len=1 start_pos=71 elapsed_ms=0.285
kiln_profile_gdn_stage layer=16 stage=post_transpose seq_len=1 start_pos=71 elapsed_ms=0.000
kiln_profile_gdn_stage layer=16 stage=gated_norm seq_len=1 start_pos=71 elapsed_ms=0.002
kiln_profile_gdn_stage layer=16 stage=out_proj seq_len=1 start_pos=71 elapsed_ms=0.635
kiln_profile_mlp_stage layer=16 stage=gate_up_fused seq_len=1 start_pos=71 elapsed_ms=1.811
kiln_profile_mlp_stage layer=16 stage=down_proj seq_len=1 start_pos=71 elapsed_ms=1.164
kiln_profile_gdn_stage layer=17 stage=in_proj seq_len=1 start_pos=71 elapsed_ms=1.337
kiln_profile_gdn_stage layer=17 stage=qkv_conv_norm seq_len=1 start_pos=71 elapsed_ms=0.269
kiln_profile_gdn_stage layer=17 stage=gates_recur_gated_norm seq_len=1 start_pos=71 elapsed_ms=0.330
kiln_profile_gdn_stage layer=17 stage=post_transpose seq_len=1 start_pos=71 elapsed_ms=0.000
kiln_profile_gdn_stage layer=17 stage=gated_norm seq_len=1 start_pos=71 elapsed_ms=0.002
kiln_profile_gdn_stage layer=17 stage=out_proj seq_len=1 start_pos=71 elapsed_ms=0.686
kiln_profile_mlp_stage layer=17 stage=gate_up_fused seq_len=1 start_pos=71 elapsed_ms=2.076
kiln_profile_mlp_stage layer=17 stage=down_proj seq_len=1 start_pos=71 elapsed_ms=1.741
kiln_profile_gdn_stage layer=18 stage=in_proj seq_len=1 start_pos=71 elapsed_ms=1.409
kiln_profile_gdn_stage layer=18 stage=qkv_conv_norm seq_len=1 start_pos=71 elapsed_ms=0.255
kiln_profile_gdn_stage layer=18 stage=gates_recur_gated_norm seq_len=1 start_pos=71 elapsed_ms=0.338
kiln_profile_gdn_stage layer=18 stage=post_transpose seq_len=1 start_pos=71 elapsed_ms=0.000
kiln_profile_gdn_stage layer=18 stage=gated_norm seq_len=1 start_pos=71 elapsed_ms=0.002
kiln_profile_gdn_stage layer=18 stage=out_proj seq_len=1 start_pos=71 elapsed_ms=0.685
kiln_profile_mlp_stage layer=18 stage=gate_up_fused seq_len=1 start_pos=71 elapsed_ms=1.777
kiln_profile_mlp_stage layer=18 stage=down_proj seq_len=1 start_pos=71 elapsed_ms=1.108
kiln_profile_full_attn_stage full_attn_layer=4 stage=qkv_proj seq_len=1 start_pos=71 elapsed_ms=1.292
kiln_profile_full_attn_stage full_attn_layer=4 stage=qkv_split seq_len=1 start_pos=71 elapsed_ms=0.264
kiln_profile_full_attn_stage full_attn_layer=4 stage=qk_norm seq_len=1 start_pos=71 elapsed_ms=0.259
kiln_profile_full_attn_stage full_attn_layer=4 stage=rope seq_len=1 start_pos=71 elapsed_ms=0.216
kiln_profile_full_attn_stage full_attn_layer=4 stage=q_transpose seq_len=1 start_pos=71 elapsed_ms=0.002
kiln_profile_full_attn_stage full_attn_layer=4 stage=kv_write seq_len=1 start_pos=71 elapsed_ms=0.219
kiln_profile_full_attn_stage full_attn_layer=4 stage=decode_attn_contiguous seq_len=1 start_pos=71 elapsed_ms=0.266
kiln_profile_full_attn_stage full_attn_layer=4 stage=attn_gate seq_len=1 start_pos=71 elapsed_ms=0.226
kiln_profile_full_attn_stage full_attn_layer=4 stage=o_proj seq_len=1 start_pos=71 elapsed_ms=0.663
kiln_profile_mlp_stage layer=19 stage=gate_up_fused seq_len=1 start_pos=71 elapsed_ms=1.771
kiln_profile_mlp_stage layer=19 stage=down_proj seq_len=1 start_pos=71 elapsed_ms=1.221
kiln_profile_gdn_stage layer=20 stage=in_proj seq_len=1 start_pos=71 elapsed_ms=1.287
kiln_profile_gdn_stage layer=20 stage=qkv_conv_norm seq_len=1 start_pos=71 elapsed_ms=0.227
kiln_profile_gdn_stage layer=20 stage=gates_recur_gated_norm seq_len=1 start_pos=71 elapsed_ms=0.339
kiln_profile_gdn_stage layer=20 stage=post_transpose seq_len=1 start_pos=71 elapsed_ms=0.000
kiln_profile_gdn_stage layer=20 stage=gated_norm seq_len=1 start_pos=71 elapsed_ms=0.002
kiln_profile_gdn_stage layer=20 stage=out_proj seq_len=1 start_pos=71 elapsed_ms=0.672
kiln_profile_mlp_stage layer=20 stage=gate_up_fused seq_len=1 start_pos=71 elapsed_ms=1.802
kiln_profile_mlp_stage layer=20 stage=down_proj seq_len=1 start_pos=71 elapsed_ms=1.108
kiln_profile_gdn_stage layer=21 stage=in_proj seq_len=1 start_pos=71 elapsed_ms=1.323
kiln_profile_gdn_stage layer=21 stage=qkv_conv_norm seq_len=1 start_pos=71 elapsed_ms=0.257
kiln_profile_gdn_stage layer=21 stage=gates_recur_gated_norm seq_len=1 start_pos=71 elapsed_ms=0.329
kiln_profile_gdn_stage layer=21 stage=post_transpose seq_len=1 start_pos=71 elapsed_ms=0.000
kiln_profile_gdn_stage layer=21 stage=gated_norm seq_len=1 start_pos=71 elapsed_ms=0.002
kiln_profile_gdn_stage layer=21 stage=out_proj seq_len=1 start_pos=71 elapsed_ms=0.700
kiln_profile_mlp_stage layer=21 stage=gate_up_fused seq_len=1 start_pos=71 elapsed_ms=1.772
kiln_profile_mlp_stage layer=21 stage=down_proj seq_len=1 start_pos=71 elapsed_ms=1.137
kiln_profile_gdn_stage layer=22 stage=in_proj seq_len=1 start_pos=71 elapsed_ms=1.369
kiln_profile_gdn_stage layer=22 stage=qkv_conv_norm seq_len=1 start_pos=71 elapsed_ms=0.259
kiln_profile_gdn_stage layer=22 stage=gates_recur_gated_norm seq_len=1 start_pos=71 elapsed_ms=0.327
kiln_profile_gdn_stage layer=22 stage=post_transpose seq_len=1 start_pos=71 elapsed_ms=0.000
kiln_profile_gdn_stage layer=22 stage=gated_norm seq_len=1 start_pos=71 elapsed_ms=0.005
kiln_profile_gdn_stage layer=22 stage=out_proj seq_len=1 start_pos=71 elapsed_ms=0.696
kiln_profile_mlp_stage layer=22 stage=gate_up_fused seq_len=1 start_pos=71 elapsed_ms=2.526
kiln_profile_mlp_stage layer=22 stage=down_proj seq_len=1 start_pos=71 elapsed_ms=1.689
kiln_profile_full_attn_stage full_attn_layer=5 stage=qkv_proj seq_len=1 start_pos=71 elapsed_ms=1.304
kiln_profile_full_attn_stage full_attn_layer=5 stage=qkv_split seq_len=1 start_pos=71 elapsed_ms=0.229
kiln_profile_full_attn_stage full_attn_layer=5 stage=qk_norm seq_len=1 start_pos=71 elapsed_ms=0.192
kiln_profile_full_attn_stage full_attn_layer=5 stage=rope seq_len=1 start_pos=71 elapsed_ms=0.182
kiln_profile_full_attn_stage full_attn_layer=5 stage=q_transpose seq_len=1 start_pos=71 elapsed_ms=0.001
kiln_profile_full_attn_stage full_attn_layer=5 stage=kv_write seq_len=1 start_pos=71 elapsed_ms=0.182
kiln_profile_full_attn_stage full_attn_layer=5 stage=decode_attn_contiguous seq_len=1 start_pos=71 elapsed_ms=0.202
kiln_profile_full_attn_stage full_attn_layer=5 stage=attn_gate seq_len=1 start_pos=71 elapsed_ms=0.163
kiln_profile_full_attn_stage full_attn_layer=5 stage=o_proj seq_len=1 start_pos=71 elapsed_ms=0.648
kiln_profile_mlp_stage layer=23 stage=gate_up_fused seq_len=1 start_pos=71 elapsed_ms=1.936
kiln_profile_mlp_stage layer=23 stage=down_proj seq_len=1 start_pos=71 elapsed_ms=1.088
kiln_profile_gdn_stage layer=24 stage=in_proj seq_len=1 start_pos=71 elapsed_ms=1.304
kiln_profile_gdn_stage layer=24 stage=qkv_conv_norm seq_len=1 start_pos=71 elapsed_ms=0.213
kiln_profile_gdn_stage layer=24 stage=gates_recur_gated_norm seq_len=1 start_pos=71 elapsed_ms=0.295
kiln_profile_gdn_stage layer=24 stage=post_transpose seq_len=1 start_pos=71 elapsed_ms=0.000
kiln_profile_gdn_stage layer=24 stage=gated_norm seq_len=1 start_pos=71 elapsed_ms=0.001
kiln_profile_gdn_stage layer=24 stage=out_proj seq_len=1 start_pos=71 elapsed_ms=0.622
kiln_profile_mlp_stage layer=24 stage=gate_up_fused seq_len=1 start_pos=71 elapsed_ms=1.772
kiln_profile_mlp_stage layer=24 stage=down_proj seq_len=1 start_pos=71 elapsed_ms=1.141
kiln_profile_gdn_stage layer=25 stage=in_proj seq_len=1 start_pos=71 elapsed_ms=1.339
kiln_profile_gdn_stage layer=25 stage=qkv_conv_norm seq_len=1 start_pos=71 elapsed_ms=0.239
kiln_profile_gdn_stage layer=25 stage=gates_recur_gated_norm seq_len=1 start_pos=71 elapsed_ms=0.307
kiln_profile_gdn_stage layer=25 stage=post_transpose seq_len=1 start_pos=71 elapsed_ms=0.000
kiln_profile_gdn_stage layer=25 stage=gated_norm seq_len=1 start_pos=71 elapsed_ms=0.001
kiln_profile_gdn_stage layer=25 stage=out_proj seq_len=1 start_pos=71 elapsed_ms=0.637
kiln_profile_mlp_stage layer=25 stage=gate_up_fused seq_len=1 start_pos=71 elapsed_ms=1.803
kiln_profile_mlp_stage layer=25 stage=down_proj seq_len=1 start_pos=71 elapsed_ms=1.109
kiln_profile_gdn_stage layer=26 stage=in_proj seq_len=1 start_pos=71 elapsed_ms=1.339
kiln_profile_gdn_stage layer=26 stage=qkv_conv_norm seq_len=1 start_pos=71 elapsed_ms=0.296
kiln_profile_gdn_stage layer=26 stage=gates_recur_gated_norm seq_len=1 start_pos=71 elapsed_ms=0.357
kiln_profile_gdn_stage layer=26 stage=post_transpose seq_len=1 start_pos=71 elapsed_ms=0.000
kiln_profile_gdn_stage layer=26 stage=gated_norm seq_len=1 start_pos=71 elapsed_ms=0.002
kiln_profile_gdn_stage layer=26 stage=out_proj seq_len=1 start_pos=71 elapsed_ms=0.683
kiln_profile_mlp_stage layer=26 stage=gate_up_fused seq_len=1 start_pos=71 elapsed_ms=1.792
kiln_profile_mlp_stage layer=26 stage=down_proj seq_len=1 start_pos=71 elapsed_ms=1.108
kiln_profile_full_attn_stage full_attn_layer=6 stage=qkv_proj seq_len=1 start_pos=71 elapsed_ms=1.304
kiln_profile_full_attn_stage full_attn_layer=6 stage=qkv_split seq_len=1 start_pos=71 elapsed_ms=0.266
kiln_profile_full_attn_stage full_attn_layer=6 stage=qk_norm seq_len=1 start_pos=71 elapsed_ms=0.271
kiln_profile_full_attn_stage full_attn_layer=6 stage=rope seq_len=1 start_pos=71 elapsed_ms=0.230
kiln_profile_full_attn_stage full_attn_layer=6 stage=q_transpose seq_len=1 start_pos=71 elapsed_ms=0.002
kiln_profile_full_attn_stage full_attn_layer=6 stage=kv_write seq_len=1 start_pos=71 elapsed_ms=0.253
kiln_profile_full_attn_stage full_attn_layer=6 stage=decode_attn_contiguous seq_len=1 start_pos=71 elapsed_ms=0.291
kiln_profile_full_attn_stage full_attn_layer=6 stage=attn_gate seq_len=1 start_pos=71 elapsed_ms=0.227
kiln_profile_full_attn_stage full_attn_layer=6 stage=o_proj seq_len=1 start_pos=71 elapsed_ms=0.811
kiln_profile_mlp_stage layer=27 stage=gate_up_fused seq_len=1 start_pos=71 elapsed_ms=1.827
kiln_profile_mlp_stage layer=27 stage=down_proj seq_len=1 start_pos=71 elapsed_ms=2.167
kiln_profile_gdn_stage layer=28 stage=in_proj seq_len=1 start_pos=71 elapsed_ms=1.339
kiln_profile_gdn_stage layer=28 stage=qkv_conv_norm seq_len=1 start_pos=71 elapsed_ms=0.299
kiln_profile_gdn_stage layer=28 stage=gates_recur_gated_norm seq_len=1 start_pos=71 elapsed_ms=0.385
kiln_profile_gdn_stage layer=28 stage=post_transpose seq_len=1 start_pos=71 elapsed_ms=0.000
kiln_profile_gdn_stage layer=28 stage=gated_norm seq_len=1 start_pos=71 elapsed_ms=0.002
kiln_profile_gdn_stage layer=28 stage=out_proj seq_len=1 start_pos=71 elapsed_ms=0.776
kiln_profile_mlp_stage layer=28 stage=gate_up_fused seq_len=1 start_pos=71 elapsed_ms=1.850
kiln_profile_mlp_stage layer=28 stage=down_proj seq_len=1 start_pos=71 elapsed_ms=1.150
kiln_profile_gdn_stage layer=29 stage=in_proj seq_len=1 start_pos=71 elapsed_ms=1.366
kiln_profile_gdn_stage layer=29 stage=qkv_conv_norm seq_len=1 start_pos=71 elapsed_ms=0.247
kiln_profile_gdn_stage layer=29 stage=gates_recur_gated_norm seq_len=1 start_pos=71 elapsed_ms=0.327
kiln_profile_gdn_stage layer=29 stage=post_transpose seq_len=1 start_pos=71 elapsed_ms=0.000
kiln_profile_gdn_stage layer=29 stage=gated_norm seq_len=1 start_pos=71 elapsed_ms=0.002
kiln_profile_gdn_stage layer=29 stage=out_proj seq_len=1 start_pos=71 elapsed_ms=0.655
kiln_profile_mlp_stage layer=29 stage=gate_up_fused seq_len=1 start_pos=71 elapsed_ms=1.738
kiln_profile_mlp_stage layer=29 stage=down_proj seq_len=1 start_pos=71 elapsed_ms=1.129
kiln_profile_gdn_stage layer=30 stage=in_proj seq_len=1 start_pos=71 elapsed_ms=1.358
kiln_profile_gdn_stage layer=30 stage=qkv_conv_norm seq_len=1 start_pos=71 elapsed_ms=0.264
kiln_profile_gdn_stage layer=30 stage=gates_recur_gated_norm seq_len=1 start_pos=71 elapsed_ms=0.339
kiln_profile_gdn_stage layer=30 stage=post_transpose seq_len=1 start_pos=71 elapsed_ms=0.000
kiln_profile_gdn_stage layer=30 stage=gated_norm seq_len=1 start_pos=71 elapsed_ms=0.002
kiln_profile_gdn_stage layer=30 stage=out_proj seq_len=1 start_pos=71 elapsed_ms=0.667
kiln_profile_mlp_stage layer=30 stage=gate_up_fused seq_len=1 start_pos=71 elapsed_ms=1.769
kiln_profile_mlp_stage layer=30 stage=down_proj seq_len=1 start_pos=71 elapsed_ms=1.143
kiln_profile_full_attn_stage full_attn_layer=7 stage=qkv_proj seq_len=1 start_pos=71 elapsed_ms=1.353
kiln_profile_full_attn_stage full_attn_layer=7 stage=qkv_split seq_len=1 start_pos=71 elapsed_ms=0.311
kiln_profile_full_attn_stage full_attn_layer=7 stage=qk_norm seq_len=1 start_pos=71 elapsed_ms=0.259
kiln_profile_full_attn_stage full_attn_layer=7 stage=rope seq_len=1 start_pos=71 elapsed_ms=0.246
kiln_profile_full_attn_stage full_attn_layer=7 stage=q_transpose seq_len=1 start_pos=71 elapsed_ms=0.002
kiln_profile_full_attn_stage full_attn_layer=7 stage=kv_write seq_len=1 start_pos=71 elapsed_ms=0.231
kiln_profile_full_attn_stage full_attn_layer=7 stage=decode_attn_contiguous seq_len=1 start_pos=71 elapsed_ms=0.266
kiln_profile_full_attn_stage full_attn_layer=7 stage=attn_gate seq_len=1 start_pos=71 elapsed_ms=0.239
kiln_profile_full_attn_stage full_attn_layer=7 stage=o_proj seq_len=1 start_pos=71 elapsed_ms=0.780
kiln_profile_mlp_stage layer=31 stage=gate_up_fused seq_len=1 start_pos=71 elapsed_ms=1.825
kiln_profile_mlp_stage layer=31 stage=down_proj seq_len=1 start_pos=71 elapsed_ms=1.138
    Decode (paged): 9 tokens, mean ITL 266.3ms (3.8 tok/s)

  ▌ Latency benchmark (PAGED — production path)
  Measuring latency [PAGED, block_size=16, blocks=5] (64 prompt tokens)...
kiln_profile_gdn_stage layer=0 stage=in_proj seq_len=64 start_pos=0 elapsed_ms=3.168
kiln_profile_gdn_stage layer=0 stage=qkv_conv_split_norm seq_len=64 start_pos=0 elapsed_ms=0.542
kiln_profile_gdn_stage layer=0 stage=gates seq_len=64 start_pos=0 elapsed_ms=0.223
kiln_profile_gdn_stage layer=0 stage=recurrent seq_len=64 start_pos=0 elapsed_ms=1.274
kiln_profile_gdn_stage layer=0 stage=post_transpose seq_len=64 start_pos=0 elapsed_ms=0.000
kiln_profile_gdn_stage layer=0 stage=gated_norm seq_len=64 start_pos=0 elapsed_ms=0.312
kiln_profile_gdn_stage layer=0 stage=out_proj seq_len=64 start_pos=0 elapsed_ms=1.214
kiln_profile_mlp_stage layer=0 stage=gate_proj seq_len=64 start_pos=0 elapsed_ms=2.036
kiln_profile_mlp_stage layer=0 stage=up_proj seq_len=64 start_pos=0 elapsed_ms=2.079
kiln_profile_mlp_stage layer=0 stage=gate_silu_hidden_mul seq_len=64 start_pos=0 elapsed_ms=0.478
kiln_profile_mlp_stage layer=0 stage=down_proj seq_len=64 start_pos=0 elapsed_ms=2.173
kiln_profile_gdn_stage layer=1 stage=in_proj seq_len=64 start_pos=0 elapsed_ms=3.073
kiln_profile_gdn_stage layer=1 stage=qkv_conv_split_norm seq_len=64 start_pos=0 elapsed_ms=0.552
kiln_profile_gdn_stage layer=1 stage=gates seq_len=64 start_pos=0 elapsed_ms=0.255
kiln_profile_gdn_stage layer=1 stage=recurrent seq_len=64 start_pos=0 elapsed_ms=1.296
kiln_profile_gdn_stage layer=1 stage=post_transpose seq_len=64 start_pos=0 elapsed_ms=0.000
kiln_profile_gdn_stage layer=1 stage=gated_norm seq_len=64 start_pos=0 elapsed_ms=0.285
kiln_profile_gdn_stage layer=1 stage=out_proj seq_len=64 start_pos=0 elapsed_ms=1.120
kiln_profile_mlp_stage layer=1 stage=gate_proj seq_len=64 start_pos=0 elapsed_ms=1.936
kiln_profile_mlp_stage layer=1 stage=up_proj seq_len=64 start_pos=0 elapsed_ms=1.971
kiln_profile_mlp_stage layer=1 stage=gate_silu_hidden_mul seq_len=64 start_pos=0 elapsed_ms=0.330
kiln_profile_mlp_stage layer=1 stage=down_proj seq_len=64 start_pos=0 elapsed_ms=2.383
kiln_profile_gdn_stage layer=2 stage=in_proj seq_len=64 start_pos=0 elapsed_ms=3.325
kiln_profile_gdn_stage layer=2 stage=qkv_conv_split_norm seq_len=64 start_pos=0 elapsed_ms=0.545
kiln_profile_gdn_stage layer=2 stage=gates seq_len=64 start_pos=0 elapsed_ms=0.226
kiln_profile_gdn_stage layer=2 stage=recurrent seq_len=64 start_pos=0 elapsed_ms=1.311
kiln_profile_gdn_stage layer=2 stage=post_transpose seq_len=64 start_pos=0 elapsed_ms=0.000
kiln_profile_gdn_stage layer=2 stage=gated_norm seq_len=64 start_pos=0 elapsed_ms=0.299
kiln_profile_gdn_stage layer=2 stage=out_proj seq_len=64 start_pos=0 elapsed_ms=1.207
kiln_profile_mlp_stage layer=2 stage=gate_proj seq_len=64 start_pos=0 elapsed_ms=1.990
kiln_profile_mlp_stage layer=2 stage=up_proj seq_len=64 start_pos=0 elapsed_ms=1.918
kiln_profile_mlp_stage layer=2 stage=gate_silu_hidden_mul seq_len=64 start_pos=0 elapsed_ms=0.281
kiln_profile_mlp_stage layer=2 stage=down_proj seq_len=64 start_pos=0 elapsed_ms=2.187
kiln_profile_full_attn_stage full_attn_layer=0 stage=qkv_proj seq_len=64 start_pos=0 elapsed_ms=2.452
kiln_profile_full_attn_stage full_attn_layer=0 stage=qkv_split seq_len=64 start_pos=0 elapsed_ms=1.035
kiln_profile_full_attn_stage full_attn_layer=0 stage=qk_norm seq_len=64 start_pos=0 elapsed_ms=0.293
kiln_profile_full_attn_stage full_attn_layer=0 stage=rope seq_len=64 start_pos=0 elapsed_ms=0.293
kiln_profile_full_attn_stage full_attn_layer=0 stage=q_transpose seq_len=64 start_pos=0 elapsed_ms=0.625
kiln_profile_full_attn_stage full_attn_layer=0 stage=prefill_kv_head_layout seq_len=64 start_pos=0 elapsed_ms=0.425
kiln_profile_full_attn_stage full_attn_layer=0 stage=prefill_attn_head_major seq_len=64 start_pos=0 elapsed_ms=0.780
kiln_profile_full_attn_stage full_attn_layer=0 stage=kv_write seq_len=64 start_pos=0 elapsed_ms=0.256
kiln_profile_full_attn_stage full_attn_layer=0 stage=attn_gate seq_len=64 start_pos=0 elapsed_ms=0.328
kiln_profile_full_attn_stage full_attn_layer=0 stage=o_proj seq_len=64 start_pos=0 elapsed_ms=1.123
kiln_profile_mlp_stage layer=3 stage=gate_proj seq_len=64 start_pos=0 elapsed_ms=1.928
kiln_profile_mlp_stage layer=3 stage=up_proj seq_len=64 start_pos=0 elapsed_ms=1.937
kiln_profile_mlp_stage layer=3 stage=gate_silu_hidden_mul seq_len=64 start_pos=0 elapsed_ms=0.299
kiln_profile_mlp_stage layer=3 stage=down_proj seq_len=64 start_pos=0 elapsed_ms=2.183
kiln_profile_gdn_stage layer=4 stage=in_proj seq_len=64 start_pos=0 elapsed_ms=3.092
kiln_profile_gdn_stage layer=4 stage=qkv_conv_split_norm seq_len=64 start_pos=0 elapsed_ms=1.744
kiln_profile_gdn_stage layer=4 stage=gates seq_len=64 start_pos=0 elapsed_ms=0.279
kiln_profile_gdn_stage layer=4 stage=recurrent seq_len=64 start_pos=0 elapsed_ms=1.279
kiln_profile_gdn_stage layer=4 stage=post_transpose seq_len=64 start_pos=0 elapsed_ms=0.000
kiln_profile_gdn_stage layer=4 stage=gated_norm seq_len=64 start_pos=0 elapsed_ms=0.261
kiln_profile_gdn_stage layer=4 stage=out_proj seq_len=64 start_pos=0 elapsed_ms=1.117
kiln_profile_mlp_stage layer=4 stage=gate_proj seq_len=64 start_pos=0 elapsed_ms=1.953
kiln_profile_mlp_stage layer=4 stage=up_proj seq_len=64 start_pos=0 elapsed_ms=1.970
kiln_profile_mlp_stage layer=4 stage=gate_silu_hidden_mul seq_len=64 start_pos=0 elapsed_ms=0.351
kiln_profile_mlp_stage layer=4 stage=down_proj seq_len=64 start_pos=0 elapsed_ms=2.200
kiln_profile_gdn_stage layer=5 stage=in_proj seq_len=64 start_pos=0 elapsed_ms=3.052
kiln_profile_gdn_stage layer=5 stage=qkv_conv_split_norm seq_len=64 start_pos=0 elapsed_ms=0.499
kiln_profile_gdn_stage layer=5 stage=gates seq_len=64 start_pos=0 elapsed_ms=0.202
kiln_profile_gdn_stage layer=5 stage=recurrent seq_len=64 start_pos=0 elapsed_ms=1.268
kiln_profile_gdn_stage layer=5 stage=post_transpose seq_len=64 start_pos=0 elapsed_ms=0.000
kiln_profile_gdn_stage layer=5 stage=gated_norm seq_len=64 start_pos=0 elapsed_ms=0.279
kiln_profile_gdn_stage layer=5 stage=out_proj seq_len=64 start_pos=0 elapsed_ms=1.129
kiln_profile_mlp_stage layer=5 stage=gate_proj seq_len=64 start_pos=0 elapsed_ms=1.968
kiln_profile_mlp_stage layer=5 stage=up_proj seq_len=64 start_pos=0 elapsed_ms=1.972
kiln_profile_mlp_stage layer=5 stage=gate_silu_hidden_mul seq_len=64 start_pos=0 elapsed_ms=0.332
kiln_profile_mlp_stage layer=5 stage=down_proj seq_len=64 start_pos=0 elapsed_ms=2.208
kiln_profile_gdn_stage layer=6 stage=in_proj seq_len=64 start_pos=0 elapsed_ms=3.105
kiln_profile_gdn_stage layer=6 stage=qkv_conv_split_norm seq_len=64 start_pos=0 elapsed_ms=0.553
kiln_profile_gdn_stage layer=6 stage=gates seq_len=64 start_pos=0 elapsed_ms=0.249
kiln_profile_gdn_stage layer=6 stage=recurrent seq_len=64 start_pos=0 elapsed_ms=1.282
kiln_profile_gdn_stage layer=6 stage=post_transpose seq_len=64 start_pos=0 elapsed_ms=0.000
kiln_profile_gdn_stage layer=6 stage=gated_norm seq_len=64 start_pos=0 elapsed_ms=0.303
kiln_profile_gdn_stage layer=6 stage=out_proj seq_len=64 start_pos=0 elapsed_ms=1.119
kiln_profile_mlp_stage layer=6 stage=gate_proj seq_len=64 start_pos=0 elapsed_ms=2.855
kiln_profile_mlp_stage layer=6 stage=up_proj seq_len=64 start_pos=0 elapsed_ms=2.200
kiln_profile_mlp_stage layer=6 stage=gate_silu_hidden_mul seq_len=64 start_pos=0 elapsed_ms=0.340
kiln_profile_mlp_stage layer=6 stage=down_proj seq_len=64 start_pos=0 elapsed_ms=2.201
kiln_profile_full_attn_stage full_attn_layer=1 stage=qkv_proj seq_len=64 start_pos=0 elapsed_ms=2.481
kiln_profile_full_attn_stage full_attn_layer=1 stage=qkv_split seq_len=64 start_pos=0 elapsed_ms=1.038
kiln_profile_full_attn_stage full_attn_layer=1 stage=qk_norm seq_len=64 start_pos=0 elapsed_ms=0.320
kiln_profile_full_attn_stage full_attn_layer=1 stage=rope seq_len=64 start_pos=0 elapsed_ms=0.302
kiln_profile_full_attn_stage full_attn_layer=1 stage=q_transpose seq_len=64 start_pos=0 elapsed_ms=0.592
kiln_profile_full_attn_stage full_attn_layer=1 stage=prefill_kv_head_layout seq_len=64 start_pos=0 elapsed_ms=0.396
kiln_profile_full_attn_stage full_attn_layer=1 stage=prefill_attn_head_major seq_len=64 start_pos=0 elapsed_ms=0.782
kiln_profile_full_attn_stage full_attn_layer=1 stage=kv_write seq_len=64 start_pos=0 elapsed_ms=0.249
kiln_profile_full_attn_stage full_attn_layer=1 stage=attn_gate seq_len=64 start_pos=0 elapsed_ms=0.366
kiln_profile_full_attn_stage full_attn_layer=1 stage=o_proj seq_len=64 start_pos=0 elapsed_ms=1.117
kiln_profile_mlp_stage layer=7 stage=gate_proj seq_len=64 start_pos=0 elapsed_ms=1.990
kiln_profile_mlp_stage layer=7 stage=up_proj seq_len=64 start_pos=0 elapsed_ms=1.963
kiln_profile_mlp_stage layer=7 stage=gate_silu_hidden_mul seq_len=64 start_pos=0 elapsed_ms=0.299
kiln_profile_mlp_stage layer=7 stage=down_proj seq_len=64 start_pos=0 elapsed_ms=2.156
kiln_profile_gdn_stage layer=8 stage=in_proj seq_len=64 start_pos=0 elapsed_ms=3.121
kiln_profile_gdn_stage layer=8 stage=qkv_conv_split_norm seq_len=64 start_pos=0 elapsed_ms=0.610
kiln_profile_gdn_stage layer=8 stage=gates seq_len=64 start_pos=0 elapsed_ms=0.269
kiln_profile_gdn_stage layer=8 stage=recurrent seq_len=64 start_pos=0 elapsed_ms=1.304
kiln_profile_gdn_stage layer=8 stage=post_transpose seq_len=64 start_pos=0 elapsed_ms=0.003
kiln_profile_gdn_stage layer=8 stage=gated_norm seq_len=64 start_pos=0 elapsed_ms=0.299
kiln_profile_gdn_stage layer=8 stage=out_proj seq_len=64 start_pos=0 elapsed_ms=1.162
kiln_profile_mlp_stage layer=8 stage=gate_proj seq_len=64 start_pos=0 elapsed_ms=1.941
kiln_profile_mlp_stage layer=8 stage=up_proj seq_len=64 start_pos=0 elapsed_ms=2.056
kiln_profile_mlp_stage layer=8 stage=gate_silu_hidden_mul seq_len=64 start_pos=0 elapsed_ms=0.861
kiln_profile_mlp_stage layer=8 stage=down_proj seq_len=64 start_pos=0 elapsed_ms=2.481
kiln_profile_gdn_stage layer=9 stage=in_proj seq_len=64 start_pos=0 elapsed_ms=3.190
kiln_profile_gdn_stage layer=9 stage=qkv_conv_split_norm seq_len=64 start_pos=0 elapsed_ms=0.620
kiln_profile_gdn_stage layer=9 stage=gates seq_len=64 start_pos=0 elapsed_ms=0.210
kiln_profile_gdn_stage layer=9 stage=recurrent seq_len=64 start_pos=0 elapsed_ms=1.226
kiln_profile_gdn_stage layer=9 stage=post_transpose seq_len=64 start_pos=0 elapsed_ms=0.000
kiln_profile_gdn_stage layer=9 stage=gated_norm seq_len=64 start_pos=0 elapsed_ms=0.320
kiln_profile_gdn_stage layer=9 stage=out_proj seq_len=64 start_pos=0 elapsed_ms=1.161
kiln_profile_mlp_stage layer=9 stage=gate_proj seq_len=64 start_pos=0 elapsed_ms=1.955
kiln_profile_mlp_stage layer=9 stage=up_proj seq_len=64 start_pos=0 elapsed_ms=1.952
kiln_profile_mlp_stage layer=9 stage=gate_silu_hidden_mul seq_len=64 start_pos=0 elapsed_ms=0.302
kiln_profile_mlp_stage layer=9 stage=down_proj seq_len=64 start_pos=0 elapsed_ms=2.232
kiln_profile_gdn_stage layer=10 stage=in_proj seq_len=64 start_pos=0 elapsed_ms=3.103
kiln_profile_gdn_stage layer=10 stage=qkv_conv_split_norm seq_len=64 start_pos=0 elapsed_ms=0.535
kiln_profile_gdn_stage layer=10 stage=gates seq_len=64 start_pos=0 elapsed_ms=0.216
kiln_profile_gdn_stage layer=10 stage=recurrent seq_len=64 start_pos=0 elapsed_ms=1.302
kiln_profile_gdn_stage layer=10 stage=post_transpose seq_len=64 start_pos=0 elapsed_ms=0.000
kiln_profile_gdn_stage layer=10 stage=gated_norm seq_len=64 start_pos=0 elapsed_ms=0.274
kiln_profile_gdn_stage layer=10 stage=out_proj seq_len=64 start_pos=0 elapsed_ms=1.110
kiln_profile_mlp_stage layer=10 stage=gate_proj seq_len=64 start_pos=0 elapsed_ms=1.961
kiln_profile_mlp_stage layer=10 stage=up_proj seq_len=64 start_pos=0 elapsed_ms=1.966
kiln_profile_mlp_stage layer=10 stage=gate_silu_hidden_mul seq_len=64 start_pos=0 elapsed_ms=0.313
kiln_profile_mlp_stage layer=10 stage=down_proj seq_len=64 start_pos=0 elapsed_ms=2.201
kiln_profile_full_attn_stage full_attn_layer=2 stage=qkv_proj seq_len=64 start_pos=0 elapsed_ms=4.099
kiln_profile_full_attn_stage full_attn_layer=2 stage=qkv_split seq_len=64 start_pos=0 elapsed_ms=1.086
kiln_profile_full_attn_stage full_attn_layer=2 stage=qk_norm seq_len=64 start_pos=0 elapsed_ms=0.319
kiln_profile_full_attn_stage full_attn_layer=2 stage=rope seq_len=64 start_pos=0 elapsed_ms=0.282
kiln_profile_full_attn_stage full_attn_layer=2 stage=q_transpose seq_len=64 start_pos=0 elapsed_ms=0.582
kiln_profile_full_attn_stage full_attn_layer=2 stage=prefill_kv_head_layout seq_len=64 start_pos=0 elapsed_ms=0.388
kiln_profile_full_attn_stage full_attn_layer=2 stage=prefill_attn_head_major seq_len=64 start_pos=0 elapsed_ms=0.793
kiln_profile_full_attn_stage full_attn_layer=2 stage=kv_write seq_len=64 start_pos=0 elapsed_ms=0.259
kiln_profile_full_attn_stage full_attn_layer=2 stage=attn_gate seq_len=64 start_pos=0 elapsed_ms=0.331
kiln_profile_full_attn_stage full_attn_layer=2 stage=o_proj seq_len=64 start_pos=0 elapsed_ms=1.102
kiln_profile_mlp_stage layer=11 stage=gate_proj seq_len=64 start_pos=0 elapsed_ms=1.917
kiln_profile_mlp_stage layer=11 stage=up_proj seq_len=64 start_pos=0 elapsed_ms=1.975
kiln_profile_mlp_stage layer=11 stage=gate_silu_hidden_mul seq_len=64 start_pos=0 elapsed_ms=0.369
kiln_profile_mlp_stage layer=11 stage=down_proj seq_len=64 start_pos=0 elapsed_ms=2.162
kiln_profile_gdn_stage layer=12 stage=in_proj seq_len=64 start_pos=0 elapsed_ms=3.111
kiln_profile_gdn_stage layer=12 stage=qkv_conv_split_norm seq_len=64 start_pos=0 elapsed_ms=0.574
kiln_profile_gdn_stage layer=12 stage=gates seq_len=64 start_pos=0 elapsed_ms=0.232
kiln_profile_gdn_stage layer=12 stage=recurrent seq_len=64 start_pos=0 elapsed_ms=1.267
kiln_profile_gdn_stage layer=12 stage=post_transpose seq_len=64 start_pos=0 elapsed_ms=0.000
kiln_profile_gdn_stage layer=12 stage=gated_norm seq_len=64 start_pos=0 elapsed_ms=0.277
kiln_profile_gdn_stage layer=12 stage=out_proj seq_len=64 start_pos=0 elapsed_ms=1.173
kiln_profile_mlp_stage layer=12 stage=gate_proj seq_len=64 start_pos=0 elapsed_ms=1.918
kiln_profile_mlp_stage layer=12 stage=up_proj seq_len=64 start_pos=0 elapsed_ms=1.954
kiln_profile_mlp_stage layer=12 stage=gate_silu_hidden_mul seq_len=64 start_pos=0 elapsed_ms=0.297
kiln_profile_mlp_stage layer=12 stage=down_proj seq_len=64 start_pos=0 elapsed_ms=2.144
kiln_profile_gdn_stage layer=13 stage=in_proj seq_len=64 start_pos=0 elapsed_ms=3.026
kiln_profile_gdn_stage layer=13 stage=qkv_conv_split_norm seq_len=64 start_pos=0 elapsed_ms=0.555
kiln_profile_gdn_stage layer=13 stage=gates seq_len=64 start_pos=0 elapsed_ms=0.248
kiln_profile_gdn_stage layer=13 stage=recurrent seq_len=64 start_pos=0 elapsed_ms=2.775
kiln_profile_gdn_stage layer=13 stage=post_transpose seq_len=64 start_pos=0 elapsed_ms=0.000
kiln_profile_gdn_stage layer=13 stage=gated_norm seq_len=64 start_pos=0 elapsed_ms=0.318
kiln_profile_gdn_stage layer=13 stage=out_proj seq_len=64 start_pos=0 elapsed_ms=1.141
kiln_profile_mlp_stage layer=13 stage=gate_proj seq_len=64 start_pos=0 elapsed_ms=1.904
kiln_profile_mlp_stage layer=13 stage=up_proj seq_len=64 start_pos=0 elapsed_ms=1.941
kiln_profile_mlp_stage layer=13 stage=gate_silu_hidden_mul seq_len=64 start_pos=0 elapsed_ms=0.300
kiln_profile_mlp_stage layer=13 stage=down_proj seq_len=64 start_pos=0 elapsed_ms=2.171
kiln_profile_gdn_stage layer=14 stage=in_proj seq_len=64 start_pos=0 elapsed_ms=3.124
kiln_profile_gdn_stage layer=14 stage=qkv_conv_split_norm seq_len=64 start_pos=0 elapsed_ms=0.544
kiln_profile_gdn_stage layer=14 stage=gates seq_len=64 start_pos=0 elapsed_ms=0.265
kiln_profile_gdn_stage layer=14 stage=recurrent seq_len=64 start_pos=0 elapsed_ms=1.291
kiln_profile_gdn_stage layer=14 stage=post_transpose seq_len=64 start_pos=0 elapsed_ms=0.000
kiln_profile_gdn_stage layer=14 stage=gated_norm seq_len=64 start_pos=0 elapsed_ms=0.361
kiln_profile_gdn_stage layer=14 stage=out_proj seq_len=64 start_pos=0 elapsed_ms=1.229
kiln_profile_mlp_stage layer=14 stage=gate_proj seq_len=64 start_pos=0 elapsed_ms=1.961
kiln_profile_mlp_stage layer=14 stage=up_proj seq_len=64 start_pos=0 elapsed_ms=1.965
kiln_profile_mlp_stage layer=14 stage=gate_silu_hidden_mul seq_len=64 start_pos=0 elapsed_ms=0.384
kiln_profile_mlp_stage layer=14 stage=down_proj seq_len=64 start_pos=0 elapsed_ms=2.369
kiln_profile_full_attn_stage full_attn_layer=3 stage=qkv_proj seq_len=64 start_pos=0 elapsed_ms=2.518
kiln_profile_full_attn_stage full_attn_layer=3 stage=qkv_split seq_len=64 start_pos=0 elapsed_ms=1.160
kiln_profile_full_attn_stage full_attn_layer=3 stage=qk_norm seq_len=64 start_pos=0 elapsed_ms=0.374
kiln_profile_full_attn_stage full_attn_layer=3 stage=rope seq_len=64 start_pos=0 elapsed_ms=0.332
kiln_profile_full_attn_stage full_attn_layer=3 stage=q_transpose seq_len=64 start_pos=0 elapsed_ms=0.621
kiln_profile_full_attn_stage full_attn_layer=3 stage=prefill_kv_head_layout seq_len=64 start_pos=0 elapsed_ms=0.419
kiln_profile_full_attn_stage full_attn_layer=3 stage=prefill_attn_head_major seq_len=64 start_pos=0 elapsed_ms=0.890
kiln_profile_full_attn_stage full_attn_layer=3 stage=kv_write seq_len=64 start_pos=0 elapsed_ms=0.653
kiln_profile_full_attn_stage full_attn_layer=3 stage=attn_gate seq_len=64 start_pos=0 elapsed_ms=0.549
kiln_profile_full_attn_stage full_attn_layer=3 stage=o_proj seq_len=64 start_pos=0 elapsed_ms=2.020
kiln_profile_mlp_stage layer=15 stage=gate_proj seq_len=64 start_pos=0 elapsed_ms=2.030
kiln_profile_mlp_stage layer=15 stage=up_proj seq_len=64 start_pos=0 elapsed_ms=2.149
kiln_profile_mlp_stage layer=15 stage=gate_silu_hidden_mul seq_len=64 start_pos=0 elapsed_ms=0.523
kiln_profile_mlp_stage layer=15 stage=down_proj seq_len=64 start_pos=0 elapsed_ms=2.361
kiln_profile_gdn_stage layer=16 stage=in_proj seq_len=64 start_pos=0 elapsed_ms=3.176
kiln_profile_gdn_stage layer=16 stage=qkv_conv_split_norm seq_len=64 start_pos=0 elapsed_ms=0.559
kiln_profile_gdn_stage layer=16 stage=gates seq_len=64 start_pos=0 elapsed_ms=0.258
kiln_profile_gdn_stage layer=16 stage=recurrent seq_len=64 start_pos=0 elapsed_ms=1.287
kiln_profile_gdn_stage layer=16 stage=post_transpose seq_len=64 start_pos=0 elapsed_ms=0.000
kiln_profile_gdn_stage layer=16 stage=gated_norm seq_len=64 start_pos=0 elapsed_ms=0.378
kiln_profile_gdn_stage layer=16 stage=out_proj seq_len=64 start_pos=0 elapsed_ms=1.285
kiln_profile_mlp_stage layer=16 stage=gate_proj seq_len=64 start_pos=0 elapsed_ms=1.993
kiln_profile_mlp_stage layer=16 stage=up_proj seq_len=64 start_pos=0 elapsed_ms=2.014
kiln_profile_mlp_stage layer=16 stage=gate_silu_hidden_mul seq_len=64 start_pos=0 elapsed_ms=0.340
kiln_profile_mlp_stage layer=16 stage=down_proj seq_len=64 start_pos=0 elapsed_ms=2.226
kiln_profile_gdn_stage layer=17 stage=in_proj seq_len=64 start_pos=0 elapsed_ms=3.125
kiln_profile_gdn_stage layer=17 stage=qkv_conv_split_norm seq_len=64 start_pos=0 elapsed_ms=0.611
kiln_profile_gdn_stage layer=17 stage=gates seq_len=64 start_pos=0 elapsed_ms=0.247
kiln_profile_gdn_stage layer=17 stage=recurrent seq_len=64 start_pos=0 elapsed_ms=1.295
kiln_profile_gdn_stage layer=17 stage=post_transpose seq_len=64 start_pos=0 elapsed_ms=0.000
kiln_profile_gdn_stage layer=17 stage=gated_norm seq_len=64 start_pos=0 elapsed_ms=0.367
kiln_profile_gdn_stage layer=17 stage=out_proj seq_len=64 start_pos=0 elapsed_ms=1.154
kiln_profile_mlp_stage layer=17 stage=gate_proj seq_len=64 start_pos=0 elapsed_ms=2.008
kiln_profile_mlp_stage layer=17 stage=up_proj seq_len=64 start_pos=0 elapsed_ms=2.926
kiln_profile_mlp_stage layer=17 stage=gate_silu_hidden_mul seq_len=64 start_pos=0 elapsed_ms=0.684
kiln_profile_mlp_stage layer=17 stage=down_proj seq_len=64 start_pos=0 elapsed_ms=2.325
kiln_profile_gdn_stage layer=18 stage=in_proj seq_len=64 start_pos=0 elapsed_ms=3.282
kiln_profile_gdn_stage layer=18 stage=qkv_conv_split_norm seq_len=64 start_pos=0 elapsed_ms=0.692
kiln_profile_gdn_stage layer=18 stage=gates seq_len=64 start_pos=0 elapsed_ms=0.295
kiln_profile_gdn_stage layer=18 stage=recurrent seq_len=64 start_pos=0 elapsed_ms=1.328
kiln_profile_gdn_stage layer=18 stage=post_transpose seq_len=64 start_pos=0 elapsed_ms=0.000
kiln_profile_gdn_stage layer=18 stage=gated_norm seq_len=64 start_pos=0 elapsed_ms=0.339
kiln_profile_gdn_stage layer=18 stage=out_proj seq_len=64 start_pos=0 elapsed_ms=1.144
kiln_profile_mlp_stage layer=18 stage=gate_proj seq_len=64 start_pos=0 elapsed_ms=1.935
kiln_profile_mlp_stage layer=18 stage=up_proj seq_len=64 start_pos=0 elapsed_ms=2.022
kiln_profile_mlp_stage layer=18 stage=gate_silu_hidden_mul seq_len=64 start_pos=0 elapsed_ms=0.318
kiln_profile_mlp_stage layer=18 stage=down_proj seq_len=64 start_pos=0 elapsed_ms=2.209
kiln_profile_full_attn_stage full_attn_layer=4 stage=qkv_proj seq_len=64 start_pos=0 elapsed_ms=2.378
kiln_profile_full_attn_stage full_attn_layer=4 stage=qkv_split seq_len=64 start_pos=0 elapsed_ms=1.004
kiln_profile_full_attn_stage full_attn_layer=4 stage=qk_norm seq_len=64 start_pos=0 elapsed_ms=0.262
kiln_profile_full_attn_stage full_attn_layer=4 stage=rope seq_len=64 start_pos=0 elapsed_ms=0.261
kiln_profile_full_attn_stage full_attn_layer=4 stage=q_transpose seq_len=64 start_pos=0 elapsed_ms=0.585
kiln_profile_full_attn_stage full_attn_layer=4 stage=prefill_kv_head_layout seq_len=64 start_pos=0 elapsed_ms=0.348
kiln_profile_full_attn_stage full_attn_layer=4 stage=prefill_attn_head_major seq_len=64 start_pos=0 elapsed_ms=0.749
kiln_profile_full_attn_stage full_attn_layer=4 stage=kv_write seq_len=64 start_pos=0 elapsed_ms=0.214
kiln_profile_full_attn_stage full_attn_layer=4 stage=attn_gate seq_len=64 start_pos=0 elapsed_ms=0.307
kiln_profile_full_attn_stage full_attn_layer=4 stage=o_proj seq_len=64 start_pos=0 elapsed_ms=1.097
kiln_profile_mlp_stage layer=19 stage=gate_proj seq_len=64 start_pos=0 elapsed_ms=1.909
kiln_profile_mlp_stage layer=19 stage=up_proj seq_len=64 start_pos=0 elapsed_ms=2.282
kiln_profile_mlp_stage layer=19 stage=gate_silu_hidden_mul seq_len=64 start_pos=0 elapsed_ms=1.131
kiln_profile_mlp_stage layer=19 stage=down_proj seq_len=64 start_pos=0 elapsed_ms=2.172
kiln_profile_gdn_stage layer=20 stage=in_proj seq_len=64 start_pos=0 elapsed_ms=3.098
kiln_profile_gdn_stage layer=20 stage=qkv_conv_split_norm seq_len=64 start_pos=0 elapsed_ms=0.578
kiln_profile_gdn_stage layer=20 stage=gates seq_len=64 start_pos=0 elapsed_ms=0.237
kiln_profile_gdn_stage layer=20 stage=recurrent seq_len=64 start_pos=0 elapsed_ms=1.272
kiln_profile_gdn_stage layer=20 stage=post_transpose seq_len=64 start_pos=0 elapsed_ms=0.000
kiln_profile_gdn_stage layer=20 stage=gated_norm seq_len=64 start_pos=0 elapsed_ms=0.290
kiln_profile_gdn_stage layer=20 stage=out_proj seq_len=64 start_pos=0 elapsed_ms=1.142
kiln_profile_mlp_stage layer=20 stage=gate_proj seq_len=64 start_pos=0 elapsed_ms=1.963
kiln_profile_mlp_stage layer=20 stage=up_proj seq_len=64 start_pos=0 elapsed_ms=2.018
kiln_profile_mlp_stage layer=20 stage=gate_silu_hidden_mul seq_len=64 start_pos=0 elapsed_ms=0.372
kiln_profile_mlp_stage layer=20 stage=down_proj seq_len=64 start_pos=0 elapsed_ms=2.292
kiln_profile_gdn_stage layer=21 stage=in_proj seq_len=64 start_pos=0 elapsed_ms=3.095
kiln_profile_gdn_stage layer=21 stage=qkv_conv_split_norm seq_len=64 start_pos=0 elapsed_ms=0.516
kiln_profile_gdn_stage layer=21 stage=gates seq_len=64 start_pos=0 elapsed_ms=0.201
kiln_profile_gdn_stage layer=21 stage=recurrent seq_len=64 start_pos=0 elapsed_ms=1.253
kiln_profile_gdn_stage layer=21 stage=post_transpose seq_len=64 start_pos=0 elapsed_ms=0.000
kiln_profile_gdn_stage layer=21 stage=gated_norm seq_len=64 start_pos=0 elapsed_ms=0.317
kiln_profile_gdn_stage layer=21 stage=out_proj seq_len=64 start_pos=0 elapsed_ms=1.148
kiln_profile_mlp_stage layer=21 stage=gate_proj seq_len=64 start_pos=0 elapsed_ms=1.933
kiln_profile_mlp_stage layer=21 stage=up_proj seq_len=64 start_pos=0 elapsed_ms=2.078
kiln_profile_mlp_stage layer=21 stage=gate_silu_hidden_mul seq_len=64 start_pos=0 elapsed_ms=0.379
kiln_profile_mlp_stage layer=21 stage=down_proj seq_len=64 start_pos=0 elapsed_ms=2.245
kiln_profile_gdn_stage layer=22 stage=in_proj seq_len=64 start_pos=0 elapsed_ms=4.156
kiln_profile_gdn_stage layer=22 stage=qkv_conv_split_norm seq_len=64 start_pos=0 elapsed_ms=0.586
kiln_profile_gdn_stage layer=22 stage=gates seq_len=64 start_pos=0 elapsed_ms=0.226
kiln_profile_gdn_stage layer=22 stage=recurrent seq_len=64 start_pos=0 elapsed_ms=1.270
kiln_profile_gdn_stage layer=22 stage=post_transpose seq_len=64 start_pos=0 elapsed_ms=0.001
kiln_profile_gdn_stage layer=22 stage=gated_norm seq_len=64 start_pos=0 elapsed_ms=0.324
kiln_profile_gdn_stage layer=22 stage=out_proj seq_len=64 start_pos=0 elapsed_ms=1.189
kiln_profile_mlp_stage layer=22 stage=gate_proj seq_len=64 start_pos=0 elapsed_ms=1.979
kiln_profile_mlp_stage layer=22 stage=up_proj seq_len=64 start_pos=0 elapsed_ms=1.979
kiln_profile_mlp_stage layer=22 stage=gate_silu_hidden_mul seq_len=64 start_pos=0 elapsed_ms=0.323
kiln_profile_mlp_stage layer=22 stage=down_proj seq_len=64 start_pos=0 elapsed_ms=2.230
kiln_profile_full_attn_stage full_attn_layer=5 stage=qkv_proj seq_len=64 start_pos=0 elapsed_ms=2.509
kiln_profile_full_attn_stage full_attn_layer=5 stage=qkv_split seq_len=64 start_pos=0 elapsed_ms=1.175
kiln_profile_full_attn_stage full_attn_layer=5 stage=qk_norm seq_len=64 start_pos=0 elapsed_ms=0.396
kiln_profile_full_attn_stage full_attn_layer=5 stage=rope seq_len=64 start_pos=0 elapsed_ms=0.388
kiln_profile_full_attn_stage full_attn_layer=5 stage=q_transpose seq_len=64 start_pos=0 elapsed_ms=0.689
kiln_profile_full_attn_stage full_attn_layer=5 stage=prefill_kv_head_layout seq_len=64 start_pos=0 elapsed_ms=0.437
kiln_profile_full_attn_stage full_attn_layer=5 stage=prefill_attn_head_major seq_len=64 start_pos=0 elapsed_ms=0.870
kiln_profile_full_attn_stage full_attn_layer=5 stage=kv_write seq_len=64 start_pos=0 elapsed_ms=0.299
kiln_profile_full_attn_stage full_attn_layer=5 stage=attn_gate seq_len=64 start_pos=0 elapsed_ms=0.418
kiln_profile_full_attn_stage full_attn_layer=5 stage=o_proj seq_len=64 start_pos=0 elapsed_ms=1.241
kiln_profile_mlp_stage layer=23 stage=gate_proj seq_len=64 start_pos=0 elapsed_ms=2.009
kiln_profile_mlp_stage layer=23 stage=up_proj seq_len=64 start_pos=0 elapsed_ms=2.029
kiln_profile_mlp_stage layer=23 stage=gate_silu_hidden_mul seq_len=64 start_pos=0 elapsed_ms=0.372
kiln_profile_mlp_stage layer=23 stage=down_proj seq_len=64 start_pos=0 elapsed_ms=2.199
kiln_profile_gdn_stage layer=24 stage=in_proj seq_len=64 start_pos=0 elapsed_ms=3.861
kiln_profile_gdn_stage layer=24 stage=qkv_conv_split_norm seq_len=64 start_pos=0 elapsed_ms=0.747
kiln_profile_gdn_stage layer=24 stage=gates seq_len=64 start_pos=0 elapsed_ms=0.371
kiln_profile_gdn_stage layer=24 stage=recurrent seq_len=64 start_pos=0 elapsed_ms=1.282
kiln_profile_gdn_stage layer=24 stage=post_transpose seq_len=64 start_pos=0 elapsed_ms=0.000
kiln_profile_gdn_stage layer=24 stage=gated_norm seq_len=64 start_pos=0 elapsed_ms=0.305
kiln_profile_gdn_stage layer=24 stage=out_proj seq_len=64 start_pos=0 elapsed_ms=1.265
kiln_profile_mlp_stage layer=24 stage=gate_proj seq_len=64 start_pos=0 elapsed_ms=2.127
kiln_profile_mlp_stage layer=24 stage=up_proj seq_len=64 start_pos=0 elapsed_ms=2.102
kiln_profile_mlp_stage layer=24 stage=gate_silu_hidden_mul seq_len=64 start_pos=0 elapsed_ms=0.421
kiln_profile_mlp_stage layer=24 stage=down_proj seq_len=64 start_pos=0 elapsed_ms=2.423
kiln_profile_gdn_stage layer=25 stage=in_proj seq_len=64 start_pos=0 elapsed_ms=3.466
kiln_profile_gdn_stage layer=25 stage=qkv_conv_split_norm seq_len=64 start_pos=0 elapsed_ms=0.654
kiln_profile_gdn_stage layer=25 stage=gates seq_len=64 start_pos=0 elapsed_ms=0.291
kiln_profile_gdn_stage layer=25 stage=recurrent seq_len=64 start_pos=0 elapsed_ms=1.309
kiln_profile_gdn_stage layer=25 stage=post_transpose seq_len=64 start_pos=0 elapsed_ms=0.000
kiln_profile_gdn_stage layer=25 stage=gated_norm seq_len=64 start_pos=0 elapsed_ms=0.311
kiln_profile_gdn_stage layer=25 stage=out_proj seq_len=64 start_pos=0 elapsed_ms=1.168
kiln_profile_mlp_stage layer=25 stage=gate_proj seq_len=64 start_pos=0 elapsed_ms=2.210
kiln_profile_mlp_stage layer=25 stage=up_proj seq_len=64 start_pos=0 elapsed_ms=2.153
kiln_profile_mlp_stage layer=25 stage=gate_silu_hidden_mul seq_len=64 start_pos=0 elapsed_ms=0.365
kiln_profile_mlp_stage layer=25 stage=down_proj seq_len=64 start_pos=0 elapsed_ms=2.229
kiln_profile_gdn_stage layer=26 stage=in_proj seq_len=64 start_pos=0 elapsed_ms=3.520
kiln_profile_gdn_stage layer=26 stage=qkv_conv_split_norm seq_len=64 start_pos=0 elapsed_ms=2.231
kiln_profile_gdn_stage layer=26 stage=gates seq_len=64 start_pos=0 elapsed_ms=0.278
kiln_profile_gdn_stage layer=26 stage=recurrent seq_len=64 start_pos=0 elapsed_ms=1.237
kiln_profile_gdn_stage layer=26 stage=post_transpose seq_len=64 start_pos=0 elapsed_ms=0.000
kiln_profile_gdn_stage layer=26 stage=gated_norm seq_len=64 start_pos=0 elapsed_ms=0.271
kiln_profile_gdn_stage layer=26 stage=out_proj seq_len=64 start_pos=0 elapsed_ms=1.212
kiln_profile_mlp_stage layer=26 stage=gate_proj seq_len=64 start_pos=0 elapsed_ms=2.151
kiln_profile_mlp_stage layer=26 stage=up_proj seq_len=64 start_pos=0 elapsed_ms=2.240
kiln_profile_mlp_stage layer=26 stage=gate_silu_hidden_mul seq_len=64 start_pos=0 elapsed_ms=0.382
kiln_profile_mlp_stage layer=26 stage=down_proj seq_len=64 start_pos=0 elapsed_ms=2.561
kiln_profile_full_attn_stage full_attn_layer=6 stage=qkv_proj seq_len=64 start_pos=0 elapsed_ms=2.958
kiln_profile_full_attn_stage full_attn_layer=6 stage=qkv_split seq_len=64 start_pos=0 elapsed_ms=1.209
kiln_profile_full_attn_stage full_attn_layer=6 stage=qk_norm seq_len=64 start_pos=0 elapsed_ms=0.488
kiln_profile_full_attn_stage full_attn_layer=6 stage=rope seq_len=64 start_pos=0 elapsed_ms=0.687
kiln_profile_full_attn_stage full_attn_layer=6 stage=q_transpose seq_len=64 start_pos=0 elapsed_ms=0.845
kiln_profile_full_attn_stage full_attn_layer=6 stage=prefill_kv_head_layout seq_len=64 start_pos=0 elapsed_ms=0.498
kiln_profile_full_attn_stage full_attn_layer=6 stage=prefill_attn_head_major seq_len=64 start_pos=0 elapsed_ms=1.034
kiln_profile_full_attn_stage full_attn_layer=6 stage=kv_write seq_len=64 start_pos=0 elapsed_ms=0.380
kiln_profile_full_attn_stage full_attn_layer=6 stage=attn_gate seq_len=64 start_pos=0 elapsed_ms=0.480
kiln_profile_full_attn_stage full_attn_layer=6 stage=o_proj seq_len=64 start_pos=0 elapsed_ms=1.321
kiln_profile_mlp_stage layer=27 stage=gate_proj seq_len=64 start_pos=0 elapsed_ms=2.230
kiln_profile_mlp_stage layer=27 stage=up_proj seq_len=64 start_pos=0 elapsed_ms=2.356
kiln_profile_mlp_stage layer=27 stage=gate_silu_hidden_mul seq_len=64 start_pos=0 elapsed_ms=0.469
kiln_profile_mlp_stage layer=27 stage=down_proj seq_len=64 start_pos=0 elapsed_ms=2.636
kiln_profile_gdn_stage layer=28 stage=in_proj seq_len=64 start_pos=0 elapsed_ms=4.684
kiln_profile_gdn_stage layer=28 stage=qkv_conv_split_norm seq_len=64 start_pos=0 elapsed_ms=0.660
kiln_profile_gdn_stage layer=28 stage=gates seq_len=64 start_pos=0 elapsed_ms=0.204
kiln_profile_gdn_stage layer=28 stage=recurrent seq_len=64 start_pos=0 elapsed_ms=1.687
kiln_profile_gdn_stage layer=28 stage=post_transpose seq_len=64 start_pos=0 elapsed_ms=0.000
kiln_profile_gdn_stage layer=28 stage=gated_norm seq_len=64 start_pos=0 elapsed_ms=0.363
kiln_profile_gdn_stage layer=28 stage=out_proj seq_len=64 start_pos=0 elapsed_ms=1.525
kiln_profile_mlp_stage layer=28 stage=gate_proj seq_len=64 start_pos=0 elapsed_ms=2.310
kiln_profile_mlp_stage layer=28 stage=up_proj seq_len=64 start_pos=0 elapsed_ms=2.542
kiln_profile_mlp_stage layer=28 stage=gate_silu_hidden_mul seq_len=64 start_pos=0 elapsed_ms=0.343
kiln_profile_mlp_stage layer=28 stage=down_proj seq_len=64 start_pos=0 elapsed_ms=2.867
kiln_profile_gdn_stage layer=29 stage=in_proj seq_len=64 start_pos=0 elapsed_ms=3.622
kiln_profile_gdn_stage layer=29 stage=qkv_conv_split_norm seq_len=64 start_pos=0 elapsed_ms=0.667
kiln_profile_gdn_stage layer=29 stage=gates seq_len=64 start_pos=0 elapsed_ms=0.214
kiln_profile_gdn_stage layer=29 stage=recurrent seq_len=64 start_pos=0 elapsed_ms=1.638
kiln_profile_gdn_stage layer=29 stage=post_transpose seq_len=64 start_pos=0 elapsed_ms=0.000
kiln_profile_gdn_stage layer=29 stage=gated_norm seq_len=64 start_pos=0 elapsed_ms=0.329
kiln_profile_gdn_stage layer=29 stage=out_proj seq_len=64 start_pos=0 elapsed_ms=1.269
kiln_profile_mlp_stage layer=29 stage=gate_proj seq_len=64 start_pos=0 elapsed_ms=2.234
kiln_profile_mlp_stage layer=29 stage=up_proj seq_len=64 start_pos=0 elapsed_ms=2.551
kiln_profile_mlp_stage layer=29 stage=gate_silu_hidden_mul seq_len=64 start_pos=0 elapsed_ms=0.340
kiln_profile_mlp_stage layer=29 stage=down_proj seq_len=64 start_pos=0 elapsed_ms=2.569
kiln_profile_gdn_stage layer=30 stage=in_proj seq_len=64 start_pos=0 elapsed_ms=5.827
kiln_profile_gdn_stage layer=30 stage=qkv_conv_split_norm seq_len=64 start_pos=0 elapsed_ms=0.757
kiln_profile_gdn_stage layer=30 stage=gates seq_len=64 start_pos=0 elapsed_ms=0.277
kiln_profile_gdn_stage layer=30 stage=recurrent seq_len=64 start_pos=0 elapsed_ms=1.789
kiln_profile_gdn_stage layer=30 stage=post_transpose seq_len=64 start_pos=0 elapsed_ms=0.000
kiln_profile_gdn_stage layer=30 stage=gated_norm seq_len=64 start_pos=0 elapsed_ms=0.327
kiln_profile_gdn_stage layer=30 stage=out_proj seq_len=64 start_pos=0 elapsed_ms=1.372
kiln_profile_mlp_stage layer=30 stage=gate_proj seq_len=64 start_pos=0 elapsed_ms=2.580
kiln_profile_mlp_stage layer=30 stage=up_proj seq_len=64 start_pos=0 elapsed_ms=2.400
kiln_profile_mlp_stage layer=30 stage=gate_silu_hidden_mul seq_len=64 start_pos=0 elapsed_ms=0.407
kiln_profile_mlp_stage layer=30 stage=down_proj seq_len=64 start_pos=0 elapsed_ms=2.709
kiln_profile_full_attn_stage full_attn_layer=7 stage=qkv_proj seq_len=64 start_pos=0 elapsed_ms=3.397
kiln_profile_full_attn_stage full_attn_layer=7 stage=qkv_split seq_len=64 start_pos=0 elapsed_ms=1.242
kiln_profile_full_attn_stage full_attn_layer=7 stage=qk_norm seq_len=64 start_pos=0 elapsed_ms=0.398
kiln_profile_full_attn_stage full_attn_layer=7 stage=rope seq_len=64 start_pos=0 elapsed_ms=0.425
kiln_profile_full_attn_stage full_attn_layer=7 stage=q_transpose seq_len=64 start_pos=0 elapsed_ms=0.977
kiln_profile_full_attn_stage full_attn_layer=7 stage=prefill_kv_head_layout seq_len=64 start_pos=0 elapsed_ms=0.641
kiln_profile_full_attn_stage full_attn_layer=7 stage=prefill_attn_head_major seq_len=64 start_pos=0 elapsed_ms=1.119
kiln_profile_full_attn_stage full_attn_layer=7 stage=kv_write seq_len=64 start_pos=0 elapsed_ms=0.307
kiln_profile_full_attn_stage full_attn_layer=7 stage=attn_gate seq_len=64 start_pos=0 elapsed_ms=0.443
kiln_profile_full_attn_stage full_attn_layer=7 stage=o_proj seq_len=64 start_pos=0 elapsed_ms=1.498
kiln_profile_mlp_stage layer=31 stage=gate_proj seq_len=64 start_pos=0 elapsed_ms=2.347
kiln_profile_mlp_stage layer=31 stage=up_proj seq_len=64 start_pos=0 elapsed_ms=3.264
kiln_profile_mlp_stage layer=31 stage=gate_silu_hidden_mul seq_len=64 start_pos=0 elapsed_ms=1.087
kiln_profile_mlp_stage layer=31 stage=down_proj seq_len=64 start_pos=0 elapsed_ms=2.969
    Prefill (paged): 541.2ms (118 tok/s)
kiln_profile_gdn_stage layer=0 stage=in_proj seq_len=1 start_pos=64 elapsed_ms=1.463
kiln_profile_gdn_stage layer=0 stage=qkv_conv_norm seq_len=1 start_pos=64 elapsed_ms=0.390
kiln_profile_gdn_stage layer=0 stage=gates_recur_gated_norm seq_len=1 start_pos=64 elapsed_ms=0.405
kiln_profile_gdn_stage layer=0 stage=post_transpose seq_len=1 start_pos=64 elapsed_ms=0.001
kiln_profile_gdn_stage layer=0 stage=gated_norm seq_len=1 start_pos=64 elapsed_ms=0.004
kiln_profile_gdn_stage layer=0 stage=out_proj seq_len=1 start_pos=64 elapsed_ms=0.790
kiln_profile_mlp_stage layer=0 stage=gate_up_fused seq_len=1 start_pos=64 elapsed_ms=1.977
kiln_profile_mlp_stage layer=0 stage=down_proj seq_len=1 start_pos=64 elapsed_ms=1.464
kiln_profile_gdn_stage layer=1 stage=in_proj seq_len=1 start_pos=64 elapsed_ms=1.495
kiln_profile_gdn_stage layer=1 stage=qkv_conv_norm seq_len=1 start_pos=64 elapsed_ms=0.420
kiln_profile_gdn_stage layer=1 stage=gates_recur_gated_norm seq_len=1 start_pos=64 elapsed_ms=0.425
kiln_profile_gdn_stage layer=1 stage=post_transpose seq_len=1 start_pos=64 elapsed_ms=0.001
kiln_profile_gdn_stage layer=1 stage=gated_norm seq_len=1 start_pos=64 elapsed_ms=0.007
kiln_profile_gdn_stage layer=1 stage=out_proj seq_len=1 start_pos=64 elapsed_ms=0.784
kiln_profile_mlp_stage layer=1 stage=gate_up_fused seq_len=1 start_pos=64 elapsed_ms=2.025
kiln_profile_mlp_stage layer=1 stage=down_proj seq_len=1 start_pos=64 elapsed_ms=1.218
kiln_profile_gdn_stage layer=2 stage=in_proj seq_len=1 start_pos=64 elapsed_ms=1.329
kiln_profile_gdn_stage layer=2 stage=qkv_conv_norm seq_len=1 start_pos=64 elapsed_ms=0.224
kiln_profile_gdn_stage layer=2 stage=gates_recur_gated_norm seq_len=1 start_pos=64 elapsed_ms=0.281
kiln_profile_gdn_stage layer=2 stage=post_transpose seq_len=1 start_pos=64 elapsed_ms=0.000
kiln_profile_gdn_stage layer=2 stage=gated_norm seq_len=1 start_pos=64 elapsed_ms=0.002
kiln_profile_gdn_stage layer=2 stage=out_proj seq_len=1 start_pos=64 elapsed_ms=0.625
kiln_profile_mlp_stage layer=2 stage=gate_up_fused seq_len=1 start_pos=64 elapsed_ms=1.736
kiln_profile_mlp_stage layer=2 stage=down_proj seq_len=1 start_pos=64 elapsed_ms=1.124
kiln_profile_full_attn_stage full_attn_layer=0 stage=qkv_proj seq_len=1 start_pos=64 elapsed_ms=1.276
kiln_profile_full_attn_stage full_attn_layer=0 stage=qkv_split seq_len=1 start_pos=64 elapsed_ms=0.247
kiln_profile_full_attn_stage full_attn_layer=0 stage=qk_norm seq_len=1 start_pos=64 elapsed_ms=0.313
kiln_profile_full_attn_stage full_attn_layer=0 stage=rope seq_len=1 start_pos=64 elapsed_ms=0.307
kiln_profile_full_attn_stage full_attn_layer=0 stage=q_transpose seq_len=1 start_pos=64 elapsed_ms=0.003
kiln_profile_full_attn_stage full_attn_layer=0 stage=kv_write seq_len=1 start_pos=64 elapsed_ms=0.280
kiln_profile_full_attn_stage full_attn_layer=0 stage=decode_attn_contiguous seq_len=1 start_pos=64 elapsed_ms=0.328
kiln_profile_full_attn_stage full_attn_layer=0 stage=attn_gate seq_len=1 start_pos=64 elapsed_ms=0.284
kiln_profile_full_attn_stage full_attn_layer=0 stage=o_proj seq_len=1 start_pos=64 elapsed_ms=0.695
kiln_profile_mlp_stage layer=3 stage=gate_up_fused seq_len=1 start_pos=64 elapsed_ms=1.814
kiln_profile_mlp_stage layer=3 stage=down_proj seq_len=1 start_pos=64 elapsed_ms=1.122
kiln_profile_gdn_stage layer=4 stage=in_proj seq_len=1 start_pos=64 elapsed_ms=1.399
kiln_profile_gdn_stage layer=4 stage=qkv_conv_norm seq_len=1 start_pos=64 elapsed_ms=0.860
kiln_profile_gdn_stage layer=4 stage=gates_recur_gated_norm seq_len=1 start_pos=64 elapsed_ms=0.597
kiln_profile_gdn_stage layer=4 stage=post_transpose seq_len=1 start_pos=64 elapsed_ms=0.001
kiln_profile_gdn_stage layer=4 stage=gated_norm seq_len=1 start_pos=64 elapsed_ms=0.006
kiln_profile_gdn_stage layer=4 stage=out_proj seq_len=1 start_pos=64 elapsed_ms=0.800
kiln_profile_mlp_stage layer=4 stage=gate_up_fused seq_len=1 start_pos=64 elapsed_ms=1.908
kiln_profile_mlp_stage layer=4 stage=down_proj seq_len=1 start_pos=64 elapsed_ms=1.275
kiln_profile_gdn_stage layer=5 stage=in_proj seq_len=1 start_pos=64 elapsed_ms=1.433
kiln_profile_gdn_stage layer=5 stage=qkv_conv_norm seq_len=1 start_pos=64 elapsed_ms=0.392
kiln_profile_gdn_stage layer=5 stage=gates_recur_gated_norm seq_len=1 start_pos=64 elapsed_ms=0.462
kiln_profile_gdn_stage layer=5 stage=post_transpose seq_len=1 start_pos=64 elapsed_ms=0.001
kiln_profile_gdn_stage layer=5 stage=gated_norm seq_len=1 start_pos=64 elapsed_ms=0.004
kiln_profile_gdn_stage layer=5 stage=out_proj seq_len=1 start_pos=64 elapsed_ms=0.759
kiln_profile_mlp_stage layer=5 stage=gate_up_fused seq_len=1 start_pos=64 elapsed_ms=1.855
kiln_profile_mlp_stage layer=5 stage=down_proj seq_len=1 start_pos=64 elapsed_ms=1.208
kiln_profile_gdn_stage layer=6 stage=in_proj seq_len=1 start_pos=64 elapsed_ms=1.452
kiln_profile_gdn_stage layer=6 stage=qkv_conv_norm seq_len=1 start_pos=64 elapsed_ms=0.317
kiln_profile_gdn_stage layer=6 stage=gates_recur_gated_norm seq_len=1 start_pos=64 elapsed_ms=0.371
kiln_profile_gdn_stage layer=6 stage=post_transpose seq_len=1 start_pos=64 elapsed_ms=0.000
kiln_profile_gdn_stage layer=6 stage=gated_norm seq_len=1 start_pos=64 elapsed_ms=0.007
kiln_profile_gdn_stage layer=6 stage=out_proj seq_len=1 start_pos=64 elapsed_ms=0.777
kiln_profile_mlp_stage layer=6 stage=gate_up_fused seq_len=1 start_pos=64 elapsed_ms=1.870
kiln_profile_mlp_stage layer=6 stage=down_proj seq_len=1 start_pos=64 elapsed_ms=1.144
kiln_profile_full_attn_stage full_attn_layer=1 stage=qkv_proj seq_len=1 start_pos=64 elapsed_ms=1.288
kiln_profile_full_attn_stage full_attn_layer=1 stage=qkv_split seq_len=1 start_pos=64 elapsed_ms=0.265
kiln_profile_full_attn_stage full_attn_layer=1 stage=qk_norm seq_len=1 start_pos=64 elapsed_ms=0.231
kiln_profile_full_attn_stage full_attn_layer=1 stage=rope seq_len=1 start_pos=64 elapsed_ms=0.226
kiln_profile_full_attn_stage full_attn_layer=1 stage=q_transpose seq_len=1 start_pos=64 elapsed_ms=0.003
kiln_profile_full_attn_stage full_attn_layer=1 stage=kv_write seq_len=1 start_pos=64 elapsed_ms=0.191
kiln_profile_full_attn_stage full_attn_layer=1 stage=decode_attn_contiguous seq_len=1 start_pos=64 elapsed_ms=0.255
kiln_profile_full_attn_stage full_attn_layer=1 stage=attn_gate seq_len=1 start_pos=64 elapsed_ms=0.204
kiln_profile_full_attn_stage full_attn_layer=1 stage=o_proj seq_len=1 start_pos=64 elapsed_ms=0.626
kiln_profile_mlp_stage layer=7 stage=gate_up_fused seq_len=1 start_pos=64 elapsed_ms=1.768
kiln_profile_mlp_stage layer=7 stage=down_proj seq_len=1 start_pos=64 elapsed_ms=1.083
kiln_profile_gdn_stage layer=8 stage=in_proj seq_len=1 start_pos=64 elapsed_ms=1.373
kiln_profile_gdn_stage layer=8 stage=qkv_conv_norm seq_len=1 start_pos=64 elapsed_ms=0.255
kiln_profile_gdn_stage layer=8 stage=gates_recur_gated_norm seq_len=1 start_pos=64 elapsed_ms=0.310
kiln_profile_gdn_stage layer=8 stage=post_transpose seq_len=1 start_pos=64 elapsed_ms=0.000
kiln_profile_gdn_stage layer=8 stage=gated_norm seq_len=1 start_pos=64 elapsed_ms=0.002
kiln_profile_gdn_stage layer=8 stage=out_proj seq_len=1 start_pos=64 elapsed_ms=0.641
kiln_profile_mlp_stage layer=8 stage=gate_up_fused seq_len=1 start_pos=64 elapsed_ms=1.766
kiln_profile_mlp_stage layer=8 stage=down_proj seq_len=1 start_pos=64 elapsed_ms=1.108
kiln_profile_gdn_stage layer=9 stage=in_proj seq_len=1 start_pos=64 elapsed_ms=1.507
kiln_profile_gdn_stage layer=9 stage=qkv_conv_norm seq_len=1 start_pos=64 elapsed_ms=0.362
kiln_profile_gdn_stage layer=9 stage=gates_recur_gated_norm seq_len=1 start_pos=64 elapsed_ms=0.629
kiln_profile_gdn_stage layer=9 stage=post_transpose seq_len=1 start_pos=64 elapsed_ms=0.000
kiln_profile_gdn_stage layer=9 stage=gated_norm seq_len=1 start_pos=64 elapsed_ms=0.002
kiln_profile_gdn_stage layer=9 stage=out_proj seq_len=1 start_pos=64 elapsed_ms=0.706
kiln_profile_mlp_stage layer=9 stage=gate_up_fused seq_len=1 start_pos=64 elapsed_ms=1.807
kiln_profile_mlp_stage layer=9 stage=down_proj seq_len=1 start_pos=64 elapsed_ms=1.134
kiln_profile_gdn_stage layer=10 stage=in_proj seq_len=1 start_pos=64 elapsed_ms=1.339
kiln_profile_gdn_stage layer=10 stage=qkv_conv_norm seq_len=1 start_pos=64 elapsed_ms=0.263
kiln_profile_gdn_stage layer=10 stage=gates_recur_gated_norm seq_len=1 start_pos=64 elapsed_ms=0.343
kiln_profile_gdn_stage layer=10 stage=post_transpose seq_len=1 start_pos=64 elapsed_ms=0.000
kiln_profile_gdn_stage layer=10 stage=gated_norm seq_len=1 start_pos=64 elapsed_ms=0.002
kiln_profile_gdn_stage layer=10 stage=out_proj seq_len=1 start_pos=64 elapsed_ms=0.684
kiln_profile_mlp_stage layer=10 stage=gate_up_fused seq_len=1 start_pos=64 elapsed_ms=1.788
kiln_profile_mlp_stage layer=10 stage=down_proj seq_len=1 start_pos=64 elapsed_ms=1.218
kiln_profile_full_attn_stage full_attn_layer=2 stage=qkv_proj seq_len=1 start_pos=64 elapsed_ms=1.339
kiln_profile_full_attn_stage full_attn_layer=2 stage=qkv_split seq_len=1 start_pos=64 elapsed_ms=0.278
kiln_profile_full_attn_stage full_attn_layer=2 stage=qk_norm seq_len=1 start_pos=64 elapsed_ms=0.244
kiln_profile_full_attn_stage full_attn_layer=2 stage=rope seq_len=1 start_pos=64 elapsed_ms=0.215
kiln_profile_full_attn_stage full_attn_layer=2 stage=q_transpose seq_len=1 start_pos=64 elapsed_ms=0.002
kiln_profile_full_attn_stage full_attn_layer=2 stage=kv_write seq_len=1 start_pos=64 elapsed_ms=0.207
kiln_profile_full_attn_stage full_attn_layer=2 stage=decode_attn_contiguous seq_len=1 start_pos=64 elapsed_ms=0.246
kiln_profile_full_attn_stage full_attn_layer=2 stage=attn_gate seq_len=1 start_pos=64 elapsed_ms=0.224
kiln_profile_full_attn_stage full_attn_layer=2 stage=o_proj seq_len=1 start_pos=64 elapsed_ms=0.693
kiln_profile_mlp_stage layer=11 stage=gate_up_fused seq_len=1 start_pos=64 elapsed_ms=1.819
kiln_profile_mlp_stage layer=11 stage=down_proj seq_len=1 start_pos=64 elapsed_ms=1.148
kiln_profile_gdn_stage layer=12 stage=in_proj seq_len=1 start_pos=64 elapsed_ms=1.363
kiln_profile_gdn_stage layer=12 stage=qkv_conv_norm seq_len=1 start_pos=64 elapsed_ms=0.273
kiln_profile_gdn_stage layer=12 stage=gates_recur_gated_norm seq_len=1 start_pos=64 elapsed_ms=0.330
kiln_profile_gdn_stage layer=12 stage=post_transpose seq_len=1 start_pos=64 elapsed_ms=0.000
kiln_profile_gdn_stage layer=12 stage=gated_norm seq_len=1 start_pos=64 elapsed_ms=0.002
kiln_profile_gdn_stage layer=12 stage=out_proj seq_len=1 start_pos=64 elapsed_ms=0.685
kiln_profile_mlp_stage layer=12 stage=gate_up_fused seq_len=1 start_pos=64 elapsed_ms=1.866
kiln_profile_mlp_stage layer=12 stage=down_proj seq_len=1 start_pos=64 elapsed_ms=1.134
kiln_profile_gdn_stage layer=13 stage=in_proj seq_len=1 start_pos=64 elapsed_ms=1.484
kiln_profile_gdn_stage layer=13 stage=qkv_conv_norm seq_len=1 start_pos=64 elapsed_ms=0.316
kiln_profile_gdn_stage layer=13 stage=gates_recur_gated_norm seq_len=1 start_pos=64 elapsed_ms=0.349
kiln_profile_gdn_stage layer=13 stage=post_transpose seq_len=1 start_pos=64 elapsed_ms=0.000
kiln_profile_gdn_stage layer=13 stage=gated_norm seq_len=1 start_pos=64 elapsed_ms=0.002
kiln_profile_gdn_stage layer=13 stage=out_proj seq_len=1 start_pos=64 elapsed_ms=0.719
kiln_profile_mlp_stage layer=13 stage=gate_up_fused seq_len=1 start_pos=64 elapsed_ms=1.837
kiln_profile_mlp_stage layer=13 stage=down_proj seq_len=1 start_pos=64 elapsed_ms=1.274
kiln_profile_gdn_stage layer=14 stage=in_proj seq_len=1 start_pos=64 elapsed_ms=2.028
kiln_profile_gdn_stage layer=14 stage=qkv_conv_norm seq_len=1 start_pos=64 elapsed_ms=0.310
kiln_profile_gdn_stage layer=14 stage=gates_recur_gated_norm seq_len=1 start_pos=64 elapsed_ms=0.328
kiln_profile_gdn_stage layer=14 stage=post_transpose seq_len=1 start_pos=64 elapsed_ms=0.000
kiln_profile_gdn_stage layer=14 stage=gated_norm seq_len=1 start_pos=64 elapsed_ms=0.002
kiln_profile_gdn_stage layer=14 stage=out_proj seq_len=1 start_pos=64 elapsed_ms=0.673
kiln_profile_mlp_stage layer=14 stage=gate_up_fused seq_len=1 start_pos=64 elapsed_ms=2.092
kiln_profile_mlp_stage layer=14 stage=down_proj seq_len=1 start_pos=64 elapsed_ms=1.227
kiln_profile_full_attn_stage full_attn_layer=3 stage=qkv_proj seq_len=1 start_pos=64 elapsed_ms=1.302
kiln_profile_full_attn_stage full_attn_layer=3 stage=qkv_split seq_len=1 start_pos=64 elapsed_ms=0.255
kiln_profile_full_attn_stage full_attn_layer=3 stage=qk_norm seq_len=1 start_pos=64 elapsed_ms=0.233
kiln_profile_full_attn_stage full_attn_layer=3 stage=rope seq_len=1 start_pos=64 elapsed_ms=0.246
kiln_profile_full_attn_stage full_attn_layer=3 stage=q_transpose seq_len=1 start_pos=64 elapsed_ms=0.002
kiln_profile_full_attn_stage full_attn_layer=3 stage=kv_write seq_len=1 start_pos=64 elapsed_ms=0.246
kiln_profile_full_attn_stage full_attn_layer=3 stage=decode_attn_contiguous seq_len=1 start_pos=64 elapsed_ms=0.259
kiln_profile_full_attn_stage full_attn_layer=3 stage=attn_gate seq_len=1 start_pos=64 elapsed_ms=0.211
kiln_profile_full_attn_stage full_attn_layer=3 stage=o_proj seq_len=1 start_pos=64 elapsed_ms=0.664
kiln_profile_mlp_stage layer=15 stage=gate_up_fused seq_len=1 start_pos=64 elapsed_ms=1.854
kiln_profile_mlp_stage layer=15 stage=down_proj seq_len=1 start_pos=64 elapsed_ms=1.181
kiln_profile_gdn_stage layer=16 stage=in_proj seq_len=1 start_pos=64 elapsed_ms=5.839
kiln_profile_gdn_stage layer=16 stage=qkv_conv_norm seq_len=1 start_pos=64 elapsed_ms=0.939
kiln_profile_gdn_stage layer=16 stage=gates_recur_gated_norm seq_len=1 start_pos=64 elapsed_ms=0.490
kiln_profile_gdn_stage layer=16 stage=post_transpose seq_len=1 start_pos=64 elapsed_ms=0.000
kiln_profile_gdn_stage layer=16 stage=gated_norm seq_len=1 start_pos=64 elapsed_ms=0.003
kiln_profile_gdn_stage layer=16 stage=out_proj seq_len=1 start_pos=64 elapsed_ms=6.812
kiln_profile_mlp_stage layer=16 stage=gate_up_fused seq_len=1 start_pos=64 elapsed_ms=2.252
kiln_profile_mlp_stage layer=16 stage=down_proj seq_len=1 start_pos=64 elapsed_ms=2.248
kiln_profile_gdn_stage layer=17 stage=in_proj seq_len=1 start_pos=64 elapsed_ms=1.557
kiln_profile_gdn_stage layer=17 stage=qkv_conv_norm seq_len=1 start_pos=64 elapsed_ms=0.217
kiln_profile_gdn_stage layer=17 stage=gates_recur_gated_norm seq_len=1 start_pos=64 elapsed_ms=0.280
kiln_profile_gdn_stage layer=17 stage=post_transpose seq_len=1 start_pos=64 elapsed_ms=0.000
kiln_profile_gdn_stage layer=17 stage=gated_norm seq_len=1 start_pos=64 elapsed_ms=0.002
kiln_profile_gdn_stage layer=17 stage=out_proj seq_len=1 start_pos=64 elapsed_ms=0.670
kiln_profile_mlp_stage layer=17 stage=gate_up_fused seq_len=1 start_pos=64 elapsed_ms=1.990
kiln_profile_mlp_stage layer=17 stage=down_proj seq_len=1 start_pos=64 elapsed_ms=1.218
kiln_profile_gdn_stage layer=18 stage=in_proj seq_len=1 start_pos=64 elapsed_ms=1.456
kiln_profile_gdn_stage layer=18 stage=qkv_conv_norm seq_len=1 start_pos=64 elapsed_ms=0.270
kiln_profile_gdn_stage layer=18 stage=gates_recur_gated_norm seq_len=1 start_pos=64 elapsed_ms=0.294
kiln_profile_gdn_stage layer=18 stage=post_transpose seq_len=1 start_pos=64 elapsed_ms=0.000
kiln_profile_gdn_stage layer=18 stage=gated_norm seq_len=1 start_pos=64 elapsed_ms=0.002
kiln_profile_gdn_stage layer=18 stage=out_proj seq_len=1 start_pos=64 elapsed_ms=0.705
kiln_profile_mlp_stage layer=18 stage=gate_up_fused seq_len=1 start_pos=64 elapsed_ms=2.091
kiln_profile_mlp_stage layer=18 stage=down_proj seq_len=1 start_pos=64 elapsed_ms=1.411
kiln_profile_full_attn_stage full_attn_layer=4 stage=qkv_proj seq_len=1 start_pos=64 elapsed_ms=1.303
kiln_profile_full_attn_stage full_attn_layer=4 stage=qkv_split seq_len=1 start_pos=64 elapsed_ms=0.334
kiln_profile_full_attn_stage full_attn_layer=4 stage=qk_norm seq_len=1 start_pos=64 elapsed_ms=0.239
kiln_profile_full_attn_stage full_attn_layer=4 stage=rope seq_len=1 start_pos=64 elapsed_ms=0.223
kiln_profile_full_attn_stage full_attn_layer=4 stage=q_transpose seq_len=1 start_pos=64 elapsed_ms=0.002
kiln_profile_full_attn_stage full_attn_layer=4 stage=kv_write seq_len=1 start_pos=64 elapsed_ms=0.271
kiln_profile_full_attn_stage full_attn_layer=4 stage=decode_attn_contiguous seq_len=1 start_pos=64 elapsed_ms=0.401
kiln_profile_full_attn_stage full_attn_layer=4 stage=attn_gate seq_len=1 start_pos=64 elapsed_ms=0.365
kiln_profile_full_attn_stage full_attn_layer=4 stage=o_proj seq_len=1 start_pos=64 elapsed_ms=0.896
kiln_profile_mlp_stage layer=19 stage=gate_up_fused seq_len=1 start_pos=64 elapsed_ms=1.995
kiln_profile_mlp_stage layer=19 stage=down_proj seq_len=1 start_pos=64 elapsed_ms=1.116
kiln_profile_gdn_stage layer=20 stage=in_proj seq_len=1 start_pos=64 elapsed_ms=1.291
kiln_profile_gdn_stage layer=20 stage=qkv_conv_norm seq_len=1 start_pos=64 elapsed_ms=0.210
kiln_profile_gdn_stage layer=20 stage=gates_recur_gated_norm seq_len=1 start_pos=64 elapsed_ms=0.311
kiln_profile_gdn_stage layer=20 stage=post_transpose seq_len=1 start_pos=64 elapsed_ms=0.000
kiln_profile_gdn_stage layer=20 stage=gated_norm seq_len=1 start_pos=64 elapsed_ms=0.002
kiln_profile_gdn_stage layer=20 stage=out_proj seq_len=1 start_pos=64 elapsed_ms=0.652
kiln_profile_mlp_stage layer=20 stage=gate_up_fused seq_len=1 start_pos=64 elapsed_ms=1.778
kiln_profile_mlp_stage layer=20 stage=down_proj seq_len=1 start_pos=64 elapsed_ms=1.081
kiln_profile_gdn_stage layer=21 stage=in_proj seq_len=1 start_pos=64 elapsed_ms=1.406
kiln_profile_gdn_stage layer=21 stage=qkv_conv_norm seq_len=1 start_pos=64 elapsed_ms=0.188
kiln_profile_gdn_stage layer=21 stage=gates_recur_gated_norm seq_len=1 start_pos=64 elapsed_ms=0.288
kiln_profile_gdn_stage layer=21 stage=post_transpose seq_len=1 start_pos=64 elapsed_ms=0.000
kiln_profile_gdn_stage layer=21 stage=gated_norm seq_len=1 start_pos=64 elapsed_ms=0.001
kiln_profile_gdn_stage layer=21 stage=out_proj seq_len=1 start_pos=64 elapsed_ms=1.709
kiln_profile_mlp_stage layer=21 stage=gate_up_fused seq_len=1 start_pos=64 elapsed_ms=1.962
kiln_profile_mlp_stage layer=21 stage=down_proj seq_len=1 start_pos=64 elapsed_ms=1.121
kiln_profile_gdn_stage layer=22 stage=in_proj seq_len=1 start_pos=64 elapsed_ms=1.385
kiln_profile_gdn_stage layer=22 stage=qkv_conv_norm seq_len=1 start_pos=64 elapsed_ms=0.262
kiln_profile_gdn_stage layer=22 stage=gates_recur_gated_norm seq_len=1 start_pos=64 elapsed_ms=0.315
kiln_profile_gdn_stage layer=22 stage=post_transpose seq_len=1 start_pos=64 elapsed_ms=0.000
kiln_profile_gdn_stage layer=22 stage=gated_norm seq_len=1 start_pos=64 elapsed_ms=0.001
kiln_profile_gdn_stage layer=22 stage=out_proj seq_len=1 start_pos=64 elapsed_ms=0.642
kiln_profile_mlp_stage layer=22 stage=gate_up_fused seq_len=1 start_pos=64 elapsed_ms=1.914
kiln_profile_mlp_stage layer=22 stage=down_proj seq_len=1 start_pos=64 elapsed_ms=1.147
kiln_profile_full_attn_stage full_attn_layer=5 stage=qkv_proj seq_len=1 start_pos=64 elapsed_ms=1.329
kiln_profile_full_attn_stage full_attn_layer=5 stage=qkv_split seq_len=1 start_pos=64 elapsed_ms=0.275
kiln_profile_full_attn_stage full_attn_layer=5 stage=qk_norm seq_len=1 start_pos=64 elapsed_ms=0.241
kiln_profile_full_attn_stage full_attn_layer=5 stage=rope seq_len=1 start_pos=64 elapsed_ms=0.205
kiln_profile_full_attn_stage full_attn_layer=5 stage=q_transpose seq_len=1 start_pos=64 elapsed_ms=0.002
kiln_profile_full_attn_stage full_attn_layer=5 stage=kv_write seq_len=1 start_pos=64 elapsed_ms=0.224
kiln_profile_full_attn_stage full_attn_layer=5 stage=decode_attn_contiguous seq_len=1 start_pos=64 elapsed_ms=0.272
kiln_profile_full_attn_stage full_attn_layer=5 stage=attn_gate seq_len=1 start_pos=64 elapsed_ms=0.258
kiln_profile_full_attn_stage full_attn_layer=5 stage=o_proj seq_len=1 start_pos=64 elapsed_ms=0.611
kiln_profile_mlp_stage layer=23 stage=gate_up_fused seq_len=1 start_pos=64 elapsed_ms=1.799
kiln_profile_mlp_stage layer=23 stage=down_proj seq_len=1 start_pos=64 elapsed_ms=1.100
kiln_profile_gdn_stage layer=24 stage=in_proj seq_len=1 start_pos=64 elapsed_ms=1.308
kiln_profile_gdn_stage layer=24 stage=qkv_conv_norm seq_len=1 start_pos=64 elapsed_ms=0.248
kiln_profile_gdn_stage layer=24 stage=gates_recur_gated_norm seq_len=1 start_pos=64 elapsed_ms=0.322
kiln_profile_gdn_stage layer=24 stage=post_transpose seq_len=1 start_pos=64 elapsed_ms=0.000
kiln_profile_gdn_stage layer=24 stage=gated_norm seq_len=1 start_pos=64 elapsed_ms=0.002
kiln_profile_gdn_stage layer=24 stage=out_proj seq_len=1 start_pos=64 elapsed_ms=0.640
kiln_profile_mlp_stage layer=24 stage=gate_up_fused seq_len=1 start_pos=64 elapsed_ms=1.787
kiln_profile_mlp_stage layer=24 stage=down_proj seq_len=1 start_pos=64 elapsed_ms=1.132
kiln_profile_gdn_stage layer=25 stage=in_proj seq_len=1 start_pos=64 elapsed_ms=1.474
kiln_profile_gdn_stage layer=25 stage=qkv_conv_norm seq_len=1 start_pos=64 elapsed_ms=0.261
kiln_profile_gdn_stage layer=25 stage=gates_recur_gated_norm seq_len=1 start_pos=64 elapsed_ms=0.355
kiln_profile_gdn_stage layer=25 stage=post_transpose seq_len=1 start_pos=64 elapsed_ms=0.000
kiln_profile_gdn_stage layer=25 stage=gated_norm seq_len=1 start_pos=64 elapsed_ms=0.003
kiln_profile_gdn_stage layer=25 stage=out_proj seq_len=1 start_pos=64 elapsed_ms=0.688
kiln_profile_mlp_stage layer=25 stage=gate_up_fused seq_len=1 start_pos=64 elapsed_ms=1.829
kiln_profile_mlp_stage layer=25 stage=down_proj seq_len=1 start_pos=64 elapsed_ms=1.174
kiln_profile_gdn_stage layer=26 stage=in_proj seq_len=1 start_pos=64 elapsed_ms=1.412
kiln_profile_gdn_stage layer=26 stage=qkv_conv_norm seq_len=1 start_pos=64 elapsed_ms=0.285
kiln_profile_gdn_stage layer=26 stage=gates_recur_gated_norm seq_len=1 start_pos=64 elapsed_ms=0.300
kiln_profile_gdn_stage layer=26 stage=post_transpose seq_len=1 start_pos=64 elapsed_ms=0.000
kiln_profile_gdn_stage layer=26 stage=gated_norm seq_len=1 start_pos=64 elapsed_ms=0.001
kiln_profile_gdn_stage layer=26 stage=out_proj seq_len=1 start_pos=64 elapsed_ms=0.708
kiln_profile_mlp_stage layer=26 stage=gate_up_fused seq_len=1 start_pos=64 elapsed_ms=2.670
kiln_profile_mlp_stage layer=26 stage=down_proj seq_len=1 start_pos=64 elapsed_ms=1.177
kiln_profile_full_attn_stage full_attn_layer=6 stage=qkv_proj seq_len=1 start_pos=64 elapsed_ms=1.325
kiln_profile_full_attn_stage full_attn_layer=6 stage=qkv_split seq_len=1 start_pos=64 elapsed_ms=0.302
kiln_profile_full_attn_stage full_attn_layer=6 stage=qk_norm seq_len=1 start_pos=64 elapsed_ms=0.271
kiln_profile_full_attn_stage full_attn_layer=6 stage=rope seq_len=1 start_pos=64 elapsed_ms=0.285
kiln_profile_full_attn_stage full_attn_layer=6 stage=q_transpose seq_len=1 start_pos=64 elapsed_ms=0.002
kiln_profile_full_attn_stage full_attn_layer=6 stage=kv_write seq_len=1 start_pos=64 elapsed_ms=0.204
kiln_profile_full_attn_stage full_attn_layer=6 stage=decode_attn_contiguous seq_len=1 start_pos=64 elapsed_ms=0.240
kiln_profile_full_attn_stage full_attn_layer=6 stage=attn_gate seq_len=1 start_pos=64 elapsed_ms=0.224
kiln_profile_full_attn_stage full_attn_layer=6 stage=o_proj seq_len=1 start_pos=64 elapsed_ms=0.777
kiln_profile_mlp_stage layer=27 stage=gate_up_fused seq_len=1 start_pos=64 elapsed_ms=1.802
kiln_profile_mlp_stage layer=27 stage=down_proj seq_len=1 start_pos=64 elapsed_ms=1.149
kiln_profile_gdn_stage layer=28 stage=in_proj seq_len=1 start_pos=64 elapsed_ms=1.377
kiln_profile_gdn_stage layer=28 stage=qkv_conv_norm seq_len=1 start_pos=64 elapsed_ms=0.252
kiln_profile_gdn_stage layer=28 stage=gates_recur_gated_norm seq_len=1 start_pos=64 elapsed_ms=0.312
kiln_profile_gdn_stage layer=28 stage=post_transpose seq_len=1 start_pos=64 elapsed_ms=0.000
kiln_profile_gdn_stage layer=28 stage=gated_norm seq_len=1 start_pos=64 elapsed_ms=0.005
kiln_profile_gdn_stage layer=28 stage=out_proj seq_len=1 start_pos=64 elapsed_ms=0.669
kiln_profile_mlp_stage layer=28 stage=gate_up_fused seq_len=1 start_pos=64 elapsed_ms=1.827
kiln_profile_mlp_stage layer=28 stage=down_proj seq_len=1 start_pos=64 elapsed_ms=1.436
kiln_profile_gdn_stage layer=29 stage=in_proj seq_len=1 start_pos=64 elapsed_ms=1.457
kiln_profile_gdn_stage layer=29 stage=qkv_conv_norm seq_len=1 start_pos=64 elapsed_ms=0.275
kiln_profile_gdn_stage layer=29 stage=gates_recur_gated_norm seq_len=1 start_pos=64 elapsed_ms=0.329
kiln_profile_gdn_stage layer=29 stage=post_transpose seq_len=1 start_pos=64 elapsed_ms=0.000
kiln_profile_gdn_stage layer=29 stage=gated_norm seq_len=1 start_pos=64 elapsed_ms=0.002
kiln_profile_gdn_stage layer=29 stage=out_proj seq_len=1 start_pos=64 elapsed_ms=0.670
kiln_profile_mlp_stage layer=29 stage=gate_up_fused seq_len=1 start_pos=64 elapsed_ms=1.933
kiln_profile_mlp_stage layer=29 stage=down_proj seq_len=1 start_pos=64 elapsed_ms=1.171
kiln_profile_gdn_stage layer=30 stage=in_proj seq_len=1 start_pos=64 elapsed_ms=1.383
kiln_profile_gdn_stage layer=30 stage=qkv_conv_norm seq_len=1 start_pos=64 elapsed_ms=0.261
kiln_profile_gdn_stage layer=30 stage=gates_recur_gated_norm seq_len=1 start_pos=64 elapsed_ms=0.326
kiln_profile_gdn_stage layer=30 stage=post_transpose seq_len=1 start_pos=64 elapsed_ms=0.000
kiln_profile_gdn_stage layer=30 stage=gated_norm seq_len=1 start_pos=64 elapsed_ms=0.002
kiln_profile_gdn_stage layer=30 stage=out_proj seq_len=1 start_pos=64 elapsed_ms=0.689
kiln_profile_mlp_stage layer=30 stage=gate_up_fused seq_len=1 start_pos=64 elapsed_ms=1.850
kiln_profile_mlp_stage layer=30 stage=down_proj seq_len=1 start_pos=64 elapsed_ms=1.159
kiln_profile_full_attn_stage full_attn_layer=7 stage=qkv_proj seq_len=1 start_pos=64 elapsed_ms=2.306
kiln_profile_full_attn_stage full_attn_layer=7 stage=qkv_split seq_len=1 start_pos=64 elapsed_ms=1.012
kiln_profile_full_attn_stage full_attn_layer=7 stage=qk_norm seq_len=1 start_pos=64 elapsed_ms=0.290
kiln_profile_full_attn_stage full_attn_layer=7 stage=rope seq_len=1 start_pos=64 elapsed_ms=0.222
kiln_profile_full_attn_stage full_attn_layer=7 stage=q_transpose seq_len=1 start_pos=64 elapsed_ms=0.002
kiln_profile_full_attn_stage full_attn_layer=7 stage=kv_write seq_len=1 start_pos=64 elapsed_ms=0.248
kiln_profile_full_attn_stage full_attn_layer=7 stage=decode_attn_contiguous seq_len=1 start_pos=64 elapsed_ms=0.274
kiln_profile_full_attn_stage full_attn_layer=7 stage=attn_gate seq_len=1 start_pos=64 elapsed_ms=0.251
kiln_profile_full_attn_stage full_attn_layer=7 stage=o_proj seq_len=1 start_pos=64 elapsed_ms=0.809
kiln_profile_mlp_stage layer=31 stage=gate_up_fused seq_len=1 start_pos=64 elapsed_ms=1.820
kiln_profile_mlp_stage layer=31 stage=down_proj seq_len=1 start_pos=64 elapsed_ms=1.119
kiln_profile_gdn_stage layer=0 stage=in_proj seq_len=1 start_pos=65 elapsed_ms=1.330
kiln_profile_gdn_stage layer=0 stage=qkv_conv_norm seq_len=1 start_pos=65 elapsed_ms=0.188
kiln_profile_gdn_stage layer=0 stage=gates_recur_gated_norm seq_len=1 start_pos=65 elapsed_ms=0.280
kiln_profile_gdn_stage layer=0 stage=post_transpose seq_len=1 start_pos=65 elapsed_ms=0.000
kiln_profile_gdn_stage layer=0 stage=gated_norm seq_len=1 start_pos=65 elapsed_ms=0.001
kiln_profile_gdn_stage layer=0 stage=out_proj seq_len=1 start_pos=65 elapsed_ms=0.637
kiln_profile_mlp_stage layer=0 stage=gate_up_fused seq_len=1 start_pos=65 elapsed_ms=1.775
kiln_profile_mlp_stage layer=0 stage=down_proj seq_len=1 start_pos=65 elapsed_ms=1.106
kiln_profile_gdn_stage layer=1 stage=in_proj seq_len=1 start_pos=65 elapsed_ms=1.382
kiln_profile_gdn_stage layer=1 stage=qkv_conv_norm seq_len=1 start_pos=65 elapsed_ms=0.216
kiln_profile_gdn_stage layer=1 stage=gates_recur_gated_norm seq_len=1 start_pos=65 elapsed_ms=0.292
kiln_profile_gdn_stage layer=1 stage=post_transpose seq_len=1 start_pos=65 elapsed_ms=0.000
kiln_profile_gdn_stage layer=1 stage=gated_norm seq_len=1 start_pos=65 elapsed_ms=0.001
kiln_profile_gdn_stage layer=1 stage=out_proj seq_len=1 start_pos=65 elapsed_ms=0.631
kiln_profile_mlp_stage layer=1 stage=gate_up_fused seq_len=1 start_pos=65 elapsed_ms=1.842
kiln_profile_mlp_stage layer=1 stage=down_proj seq_len=1 start_pos=65 elapsed_ms=1.089
kiln_profile_gdn_stage layer=2 stage=in_proj seq_len=1 start_pos=65 elapsed_ms=1.284
kiln_profile_gdn_stage layer=2 stage=qkv_conv_norm seq_len=1 start_pos=65 elapsed_ms=0.210
kiln_profile_gdn_stage layer=2 stage=gates_recur_gated_norm seq_len=1 start_pos=65 elapsed_ms=0.301
kiln_profile_gdn_stage layer=2 stage=post_transpose seq_len=1 start_pos=65 elapsed_ms=0.000
kiln_profile_gdn_stage layer=2 stage=gated_norm seq_len=1 start_pos=65 elapsed_ms=0.001
kiln_profile_gdn_stage layer=2 stage=out_proj seq_len=1 start_pos=65 elapsed_ms=0.617
kiln_profile_mlp_stage layer=2 stage=gate_up_fused seq_len=1 start_pos=65 elapsed_ms=1.794
kiln_profile_mlp_stage layer=2 stage=down_proj seq_len=1 start_pos=65 elapsed_ms=1.101
kiln_profile_full_attn_stage full_attn_layer=0 stage=qkv_proj seq_len=1 start_pos=65 elapsed_ms=1.277
kiln_profile_full_attn_stage full_attn_layer=0 stage=qkv_split seq_len=1 start_pos=65 elapsed_ms=0.230
kiln_profile_full_attn_stage full_attn_layer=0 stage=qk_norm seq_len=1 start_pos=65 elapsed_ms=0.201
kiln_profile_full_attn_stage full_attn_layer=0 stage=rope seq_len=1 start_pos=65 elapsed_ms=0.170
kiln_profile_full_attn_stage full_attn_layer=0 stage=q_transpose seq_len=1 start_pos=65 elapsed_ms=0.001
kiln_profile_full_attn_stage full_attn_layer=0 stage=kv_write seq_len=1 start_pos=65 elapsed_ms=0.169
kiln_profile_full_attn_stage full_attn_layer=0 stage=decode_attn_contiguous seq_len=1 start_pos=65 elapsed_ms=0.197
kiln_profile_full_attn_stage full_attn_layer=0 stage=attn_gate seq_len=1 start_pos=65 elapsed_ms=0.165
kiln_profile_full_attn_stage full_attn_layer=0 stage=o_proj seq_len=1 start_pos=65 elapsed_ms=0.623
kiln_profile_mlp_stage layer=3 stage=gate_up_fused seq_len=1 start_pos=65 elapsed_ms=1.808
kiln_profile_mlp_stage layer=3 stage=down_proj seq_len=1 start_pos=65 elapsed_ms=1.114
kiln_profile_gdn_stage layer=4 stage=in_proj seq_len=1 start_pos=65 elapsed_ms=1.368
kiln_profile_gdn_stage layer=4 stage=qkv_conv_norm seq_len=1 start_pos=65 elapsed_ms=0.185
kiln_profile_gdn_stage layer=4 stage=gates_recur_gated_norm seq_len=1 start_pos=65 elapsed_ms=0.269
kiln_profile_gdn_stage layer=4 stage=post_transpose seq_len=1 start_pos=65 elapsed_ms=0.000
kiln_profile_gdn_stage layer=4 stage=gated_norm seq_len=1 start_pos=65 elapsed_ms=0.001
kiln_profile_gdn_stage layer=4 stage=out_proj seq_len=1 start_pos=65 elapsed_ms=0.629
kiln_profile_mlp_stage layer=4 stage=gate_up_fused seq_len=1 start_pos=65 elapsed_ms=2.767
kiln_profile_mlp_stage layer=4 stage=down_proj seq_len=1 start_pos=65 elapsed_ms=1.139
kiln_profile_gdn_stage layer=5 stage=in_proj seq_len=1 start_pos=65 elapsed_ms=1.371
kiln_profile_gdn_stage layer=5 stage=qkv_conv_norm seq_len=1 start_pos=65 elapsed_ms=0.206
kiln_profile_gdn_stage layer=5 stage=gates_recur_gated_norm seq_len=1 start_pos=65 elapsed_ms=0.272
kiln_profile_gdn_stage layer=5 stage=post_transpose seq_len=1 start_pos=65 elapsed_ms=0.000
kiln_profile_gdn_stage layer=5 stage=gated_norm seq_len=1 start_pos=65 elapsed_ms=0.001
kiln_profile_gdn_stage layer=5 stage=out_proj seq_len=1 start_pos=65 elapsed_ms=0.634
kiln_profile_mlp_stage layer=5 stage=gate_up_fused seq_len=1 start_pos=65 elapsed_ms=1.797
kiln_profile_mlp_stage layer=5 stage=down_proj seq_len=1 start_pos=65 elapsed_ms=1.081
kiln_profile_gdn_stage layer=6 stage=in_proj seq_len=1 start_pos=65 elapsed_ms=1.311
kiln_profile_gdn_stage layer=6 stage=qkv_conv_norm seq_len=1 start_pos=65 elapsed_ms=0.212
kiln_profile_gdn_stage layer=6 stage=gates_recur_gated_norm seq_len=1 start_pos=65 elapsed_ms=0.296
kiln_profile_gdn_stage layer=6 stage=post_transpose seq_len=1 start_pos=65 elapsed_ms=0.000
kiln_profile_gdn_stage layer=6 stage=gated_norm seq_len=1 start_pos=65 elapsed_ms=0.001
kiln_profile_gdn_stage layer=6 stage=out_proj seq_len=1 start_pos=65 elapsed_ms=0.639
kiln_profile_mlp_stage layer=6 stage=gate_up_fused seq_len=1 start_pos=65 elapsed_ms=1.810
kiln_profile_mlp_stage layer=6 stage=down_proj seq_len=1 start_pos=65 elapsed_ms=1.075
kiln_profile_full_attn_stage full_attn_layer=1 stage=qkv_proj seq_len=1 start_pos=65 elapsed_ms=1.258
kiln_profile_full_attn_stage full_attn_layer=1 stage=qkv_split seq_len=1 start_pos=65 elapsed_ms=0.238
kiln_profile_full_attn_stage full_attn_layer=1 stage=qk_norm seq_len=1 start_pos=65 elapsed_ms=0.225
kiln_profile_full_attn_stage full_attn_layer=1 stage=rope seq_len=1 start_pos=65 elapsed_ms=0.195
kiln_profile_full_attn_stage full_attn_layer=1 stage=q_transpose seq_len=1 start_pos=65 elapsed_ms=0.002
kiln_profile_full_attn_stage full_attn_layer=1 stage=kv_write seq_len=1 start_pos=65 elapsed_ms=0.438
kiln_profile_full_attn_stage full_attn_layer=1 stage=decode_attn_contiguous seq_len=1 start_pos=65 elapsed_ms=0.251
kiln_profile_full_attn_stage full_attn_layer=1 stage=attn_gate seq_len=1 start_pos=65 elapsed_ms=0.225
kiln_profile_full_attn_stage full_attn_layer=1 stage=o_proj seq_len=1 start_pos=65 elapsed_ms=0.711
kiln_profile_mlp_stage layer=7 stage=gate_up_fused seq_len=1 start_pos=65 elapsed_ms=1.790
kiln_profile_mlp_stage layer=7 stage=down_proj seq_len=1 start_pos=65 elapsed_ms=1.098
kiln_profile_gdn_stage layer=8 stage=in_proj seq_len=1 start_pos=65 elapsed_ms=1.320
kiln_profile_gdn_stage layer=8 stage=qkv_conv_norm seq_len=1 start_pos=65 elapsed_ms=0.260
kiln_profile_gdn_stage layer=8 stage=gates_recur_gated_norm seq_len=1 start_pos=65 elapsed_ms=0.334
kiln_profile_gdn_stage layer=8 stage=post_transpose seq_len=1 start_pos=65 elapsed_ms=0.000
kiln_profile_gdn_stage layer=8 stage=gated_norm seq_len=1 start_pos=65 elapsed_ms=0.001
kiln_profile_gdn_stage layer=8 stage=out_proj seq_len=1 start_pos=65 elapsed_ms=0.673
kiln_profile_mlp_stage layer=8 stage=gate_up_fused seq_len=1 start_pos=65 elapsed_ms=1.786
kiln_profile_mlp_stage layer=8 stage=down_proj seq_len=1 start_pos=65 elapsed_ms=1.068
kiln_profile_gdn_stage layer=9 stage=in_proj seq_len=1 start_pos=65 elapsed_ms=1.315
kiln_profile_gdn_stage layer=9 stage=qkv_conv_norm seq_len=1 start_pos=65 elapsed_ms=0.198
kiln_profile_gdn_stage layer=9 stage=gates_recur_gated_norm seq_len=1 start_pos=65 elapsed_ms=0.275
kiln_profile_gdn_stage layer=9 stage=post_transpose seq_len=1 start_pos=65 elapsed_ms=0.000
kiln_profile_gdn_stage layer=9 stage=gated_norm seq_len=1 start_pos=65 elapsed_ms=0.001
kiln_profile_gdn_stage layer=9 stage=out_proj seq_len=1 start_pos=65 elapsed_ms=0.631
kiln_profile_mlp_stage layer=9 stage=gate_up_fused seq_len=1 start_pos=65 elapsed_ms=1.873
kiln_profile_mlp_stage layer=9 stage=down_proj seq_len=1 start_pos=65 elapsed_ms=1.881
kiln_profile_gdn_stage layer=10 stage=in_proj seq_len=1 start_pos=65 elapsed_ms=1.370
kiln_profile_gdn_stage layer=10 stage=qkv_conv_norm seq_len=1 start_pos=65 elapsed_ms=0.185
kiln_profile_gdn_stage layer=10 stage=gates_recur_gated_norm seq_len=1 start_pos=65 elapsed_ms=0.261
kiln_profile_gdn_stage layer=10 stage=post_transpose seq_len=1 start_pos=65 elapsed_ms=0.000
kiln_profile_gdn_stage layer=10 stage=gated_norm seq_len=1 start_pos=65 elapsed_ms=0.001
kiln_profile_gdn_stage layer=10 stage=out_proj seq_len=1 start_pos=65 elapsed_ms=0.643
kiln_profile_mlp_stage layer=10 stage=gate_up_fused seq_len=1 start_pos=65 elapsed_ms=1.772
kiln_profile_mlp_stage layer=10 stage=down_proj seq_len=1 start_pos=65 elapsed_ms=1.103
kiln_profile_full_attn_stage full_attn_layer=2 stage=qkv_proj seq_len=1 start_pos=65 elapsed_ms=1.303
kiln_profile_full_attn_stage full_attn_layer=2 stage=qkv_split seq_len=1 start_pos=65 elapsed_ms=0.250
kiln_profile_full_attn_stage full_attn_layer=2 stage=qk_norm seq_len=1 start_pos=65 elapsed_ms=0.201
kiln_profile_full_attn_stage full_attn_layer=2 stage=rope seq_len=1 start_pos=65 elapsed_ms=0.193
kiln_profile_full_attn_stage full_attn_layer=2 stage=q_transpose seq_len=1 start_pos=65 elapsed_ms=0.001
kiln_profile_full_attn_stage full_attn_layer=2 stage=kv_write seq_len=1 start_pos=65 elapsed_ms=0.254
kiln_profile_full_attn_stage full_attn_layer=2 stage=decode_attn_contiguous seq_len=1 start_pos=65 elapsed_ms=0.218
kiln_profile_full_attn_stage full_attn_layer=2 stage=attn_gate seq_len=1 start_pos=65 elapsed_ms=0.176
kiln_profile_full_attn_stage full_attn_layer=2 stage=o_proj seq_len=1 start_pos=65 elapsed_ms=0.622
kiln_profile_mlp_stage layer=11 stage=gate_up_fused seq_len=1 start_pos=65 elapsed_ms=1.744
kiln_profile_mlp_stage layer=11 stage=down_proj seq_len=1 start_pos=65 elapsed_ms=1.066
kiln_profile_gdn_stage layer=12 stage=in_proj seq_len=1 start_pos=65 elapsed_ms=1.306
kiln_profile_gdn_stage layer=12 stage=qkv_conv_norm seq_len=1 start_pos=65 elapsed_ms=0.203
kiln_profile_gdn_stage layer=12 stage=gates_recur_gated_norm seq_len=1 start_pos=65 elapsed_ms=0.296
kiln_profile_gdn_stage layer=12 stage=post_transpose seq_len=1 start_pos=65 elapsed_ms=0.000
kiln_profile_gdn_stage layer=12 stage=gated_norm seq_len=1 start_pos=65 elapsed_ms=0.001
kiln_profile_gdn_stage layer=12 stage=out_proj seq_len=1 start_pos=65 elapsed_ms=0.667
kiln_profile_mlp_stage layer=12 stage=gate_up_fused seq_len=1 start_pos=65 elapsed_ms=1.831
kiln_profile_mlp_stage layer=12 stage=down_proj seq_len=1 start_pos=65 elapsed_ms=1.091
kiln_profile_gdn_stage layer=13 stage=in_proj seq_len=1 start_pos=65 elapsed_ms=1.285
kiln_profile_gdn_stage layer=13 stage=qkv_conv_norm seq_len=1 start_pos=65 elapsed_ms=0.225
kiln_profile_gdn_stage layer=13 stage=gates_recur_gated_norm seq_len=1 start_pos=65 elapsed_ms=0.276
kiln_profile_gdn_stage layer=13 stage=post_transpose seq_len=1 start_pos=65 elapsed_ms=0.000
kiln_profile_gdn_stage layer=13 stage=gated_norm seq_len=1 start_pos=65 elapsed_ms=0.001
kiln_profile_gdn_stage layer=13 stage=out_proj seq_len=1 start_pos=65 elapsed_ms=0.629
kiln_profile_mlp_stage layer=13 stage=gate_up_fused seq_len=1 start_pos=65 elapsed_ms=1.830
kiln_profile_mlp_stage layer=13 stage=down_proj seq_len=1 start_pos=65 elapsed_ms=1.183
kiln_profile_gdn_stage layer=14 stage=in_proj seq_len=1 start_pos=65 elapsed_ms=1.328
kiln_profile_gdn_stage layer=14 stage=qkv_conv_norm seq_len=1 start_pos=65 elapsed_ms=0.227
kiln_profile_gdn_stage layer=14 stage=gates_recur_gated_norm seq_len=1 start_pos=65 elapsed_ms=0.295
kiln_profile_gdn_stage layer=14 stage=post_transpose seq_len=1 start_pos=65 elapsed_ms=0.000
kiln_profile_gdn_stage layer=14 stage=gated_norm seq_len=1 start_pos=65 elapsed_ms=0.001
kiln_profile_gdn_stage layer=14 stage=out_proj seq_len=1 start_pos=65 elapsed_ms=0.660
kiln_profile_mlp_stage layer=14 stage=gate_up_fused seq_len=1 start_pos=65 elapsed_ms=1.855
kiln_profile_mlp_stage layer=14 stage=down_proj seq_len=1 start_pos=65 elapsed_ms=1.107
kiln_profile_full_attn_stage full_attn_layer=3 stage=qkv_proj seq_len=1 start_pos=65 elapsed_ms=1.999
kiln_profile_full_attn_stage full_attn_layer=3 stage=qkv_split seq_len=1 start_pos=65 elapsed_ms=0.230
kiln_profile_full_attn_stage full_attn_layer=3 stage=qk_norm seq_len=1 start_pos=65 elapsed_ms=0.659
kiln_profile_full_attn_stage full_attn_layer=3 stage=rope seq_len=1 start_pos=65 elapsed_ms=0.198
kiln_profile_full_attn_stage full_attn_layer=3 stage=q_transpose seq_len=1 start_pos=65 elapsed_ms=0.002
kiln_profile_full_attn_stage full_attn_layer=3 stage=kv_write seq_len=1 start_pos=65 elapsed_ms=0.181
kiln_profile_full_attn_stage full_attn_layer=3 stage=decode_attn_contiguous seq_len=1 start_pos=65 elapsed_ms=0.235
kiln_profile_full_attn_stage full_attn_layer=3 stage=attn_gate seq_len=1 start_pos=65 elapsed_ms=0.182
kiln_profile_full_attn_stage full_attn_layer=3 stage=o_proj seq_len=1 start_pos=65 elapsed_ms=0.662
kiln_profile_mlp_stage layer=15 stage=gate_up_fused seq_len=1 start_pos=65 elapsed_ms=1.787
kiln_profile_mlp_stage layer=15 stage=down_proj seq_len=1 start_pos=65 elapsed_ms=1.169
kiln_profile_gdn_stage layer=16 stage=in_proj seq_len=1 start_pos=65 elapsed_ms=1.397
kiln_profile_gdn_stage layer=16 stage=qkv_conv_norm seq_len=1 start_pos=65 elapsed_ms=0.230
kiln_profile_gdn_stage layer=16 stage=gates_recur_gated_norm seq_len=1 start_pos=65 elapsed_ms=0.289
kiln_profile_gdn_stage layer=16 stage=post_transpose seq_len=1 start_pos=65 elapsed_ms=0.000
kiln_profile_gdn_stage layer=16 stage=gated_norm seq_len=1 start_pos=65 elapsed_ms=0.001
kiln_profile_gdn_stage layer=16 stage=out_proj seq_len=1 start_pos=65 elapsed_ms=0.647
kiln_profile_mlp_stage layer=16 stage=gate_up_fused seq_len=1 start_pos=65 elapsed_ms=1.913
kiln_profile_mlp_stage layer=16 stage=down_proj seq_len=1 start_pos=65 elapsed_ms=1.088
kiln_profile_gdn_stage layer=17 stage=in_proj seq_len=1 start_pos=65 elapsed_ms=1.277
kiln_profile_gdn_stage layer=17 stage=qkv_conv_norm seq_len=1 start_pos=65 elapsed_ms=0.214
kiln_profile_gdn_stage layer=17 stage=gates_recur_gated_norm seq_len=1 start_pos=65 elapsed_ms=0.320
kiln_profile_gdn_stage layer=17 stage=post_transpose seq_len=1 start_pos=65 elapsed_ms=0.000
kiln_profile_gdn_stage layer=17 stage=gated_norm seq_len=1 start_pos=65 elapsed_ms=0.002
kiln_profile_gdn_stage layer=17 stage=out_proj seq_len=1 start_pos=65 elapsed_ms=0.657
kiln_profile_mlp_stage layer=17 stage=gate_up_fused seq_len=1 start_pos=65 elapsed_ms=1.786
kiln_profile_mlp_stage layer=17 stage=down_proj seq_len=1 start_pos=65 elapsed_ms=1.113
kiln_profile_gdn_stage layer=18 stage=in_proj seq_len=1 start_pos=65 elapsed_ms=1.326
kiln_profile_gdn_stage layer=18 stage=qkv_conv_norm seq_len=1 start_pos=65 elapsed_ms=0.238
kiln_profile_gdn_stage layer=18 stage=gates_recur_gated_norm seq_len=1 start_pos=65 elapsed_ms=0.326
kiln_profile_gdn_stage layer=18 stage=post_transpose seq_len=1 start_pos=65 elapsed_ms=0.000
kiln_profile_gdn_stage layer=18 stage=gated_norm seq_len=1 start_pos=65 elapsed_ms=0.002
kiln_profile_gdn_stage layer=18 stage=out_proj seq_len=1 start_pos=65 elapsed_ms=0.700
kiln_profile_mlp_stage layer=18 stage=gate_up_fused seq_len=1 start_pos=65 elapsed_ms=1.795
kiln_profile_mlp_stage layer=18 stage=down_proj seq_len=1 start_pos=65 elapsed_ms=1.158
kiln_profile_full_attn_stage full_attn_layer=4 stage=qkv_proj seq_len=1 start_pos=65 elapsed_ms=1.317
kiln_profile_full_attn_stage full_attn_layer=4 stage=qkv_split seq_len=1 start_pos=65 elapsed_ms=0.285
kiln_profile_full_attn_stage full_attn_layer=4 stage=qk_norm seq_len=1 start_pos=65 elapsed_ms=0.270
kiln_profile_full_attn_stage full_attn_layer=4 stage=rope seq_len=1 start_pos=65 elapsed_ms=0.265
kiln_profile_full_attn_stage full_attn_layer=4 stage=q_transpose seq_len=1 start_pos=65 elapsed_ms=0.001
kiln_profile_full_attn_stage full_attn_layer=4 stage=kv_write seq_len=1 start_pos=65 elapsed_ms=0.196
kiln_profile_full_attn_stage full_attn_layer=4 stage=decode_attn_contiguous seq_len=1 start_pos=65 elapsed_ms=0.247
kiln_profile_full_attn_stage full_attn_layer=4 stage=attn_gate seq_len=1 start_pos=65 elapsed_ms=0.206
kiln_profile_full_attn_stage full_attn_layer=4 stage=o_proj seq_len=1 start_pos=65 elapsed_ms=0.666
kiln_profile_mlp_stage layer=19 stage=gate_up_fused seq_len=1 start_pos=65 elapsed_ms=1.813
kiln_profile_mlp_stage layer=19 stage=down_proj seq_len=1 start_pos=65 elapsed_ms=1.116
kiln_profile_gdn_stage layer=20 stage=in_proj seq_len=1 start_pos=65 elapsed_ms=1.810
kiln_profile_gdn_stage layer=20 stage=qkv_conv_norm seq_len=1 start_pos=65 elapsed_ms=0.227
kiln_profile_gdn_stage layer=20 stage=gates_recur_gated_norm seq_len=1 start_pos=65 elapsed_ms=0.614
kiln_profile_gdn_stage layer=20 stage=post_transpose seq_len=1 start_pos=65 elapsed_ms=0.000
kiln_profile_gdn_stage layer=20 stage=gated_norm seq_len=1 start_pos=65 elapsed_ms=0.002
kiln_profile_gdn_stage layer=20 stage=out_proj seq_len=1 start_pos=65 elapsed_ms=0.678
kiln_profile_mlp_stage layer=20 stage=gate_up_fused seq_len=1 start_pos=65 elapsed_ms=1.800
kiln_profile_mlp_stage layer=20 stage=down_proj seq_len=1 start_pos=65 elapsed_ms=1.107
kiln_profile_gdn_stage layer=21 stage=in_proj seq_len=1 start_pos=65 elapsed_ms=1.304
kiln_profile_gdn_stage layer=21 stage=qkv_conv_norm seq_len=1 start_pos=65 elapsed_ms=0.273
kiln_profile_gdn_stage layer=21 stage=gates_recur_gated_norm seq_len=1 start_pos=65 elapsed_ms=0.331
kiln_profile_gdn_stage layer=21 stage=post_transpose seq_len=1 start_pos=65 elapsed_ms=0.000
kiln_profile_gdn_stage layer=21 stage=gated_norm seq_len=1 start_pos=65 elapsed_ms=0.002
kiln_profile_gdn_stage layer=21 stage=out_proj seq_len=1 start_pos=65 elapsed_ms=0.654
kiln_profile_mlp_stage layer=21 stage=gate_up_fused seq_len=1 start_pos=65 elapsed_ms=1.830
kiln_profile_mlp_stage layer=21 stage=down_proj seq_len=1 start_pos=65 elapsed_ms=1.104
kiln_profile_gdn_stage layer=22 stage=in_proj seq_len=1 start_pos=65 elapsed_ms=1.316
kiln_profile_gdn_stage layer=22 stage=qkv_conv_norm seq_len=1 start_pos=65 elapsed_ms=0.228
kiln_profile_gdn_stage layer=22 stage=gates_recur_gated_norm seq_len=1 start_pos=65 elapsed_ms=0.315
kiln_profile_gdn_stage layer=22 stage=post_transpose seq_len=1 start_pos=65 elapsed_ms=0.000
kiln_profile_gdn_stage layer=22 stage=gated_norm seq_len=1 start_pos=65 elapsed_ms=0.002
kiln_profile_gdn_stage layer=22 stage=out_proj seq_len=1 start_pos=65 elapsed_ms=0.694
kiln_profile_mlp_stage layer=22 stage=gate_up_fused seq_len=1 start_pos=65 elapsed_ms=1.817
kiln_profile_mlp_stage layer=22 stage=down_proj seq_len=1 start_pos=65 elapsed_ms=1.111
kiln_profile_full_attn_stage full_attn_layer=5 stage=qkv_proj seq_len=1 start_pos=65 elapsed_ms=1.312
kiln_profile_full_attn_stage full_attn_layer=5 stage=qkv_split seq_len=1 start_pos=65 elapsed_ms=0.253
kiln_profile_full_attn_stage full_attn_layer=5 stage=qk_norm seq_len=1 start_pos=65 elapsed_ms=0.221
kiln_profile_full_attn_stage full_attn_layer=5 stage=rope seq_len=1 start_pos=65 elapsed_ms=0.204
kiln_profile_full_attn_stage full_attn_layer=5 stage=q_transpose seq_len=1 start_pos=65 elapsed_ms=0.001
kiln_profile_full_attn_stage full_attn_layer=5 stage=kv_write seq_len=1 start_pos=65 elapsed_ms=0.179
kiln_profile_full_attn_stage full_attn_layer=5 stage=decode_attn_contiguous seq_len=1 start_pos=65 elapsed_ms=0.223
kiln_profile_full_attn_stage full_attn_layer=5 stage=attn_gate seq_len=1 start_pos=65 elapsed_ms=0.188
kiln_profile_full_attn_stage full_attn_layer=5 stage=o_proj seq_len=1 start_pos=65 elapsed_ms=0.652
kiln_profile_mlp_stage layer=23 stage=gate_up_fused seq_len=1 start_pos=65 elapsed_ms=1.947
kiln_profile_mlp_stage layer=23 stage=down_proj seq_len=1 start_pos=65 elapsed_ms=1.120
kiln_profile_gdn_stage layer=24 stage=in_proj seq_len=1 start_pos=65 elapsed_ms=1.328
kiln_profile_gdn_stage layer=24 stage=qkv_conv_norm seq_len=1 start_pos=65 elapsed_ms=0.248
kiln_profile_gdn_stage layer=24 stage=gates_recur_gated_norm seq_len=1 start_pos=65 elapsed_ms=0.347
kiln_profile_gdn_stage layer=24 stage=post_transpose seq_len=1 start_pos=65 elapsed_ms=0.000
kiln_profile_gdn_stage layer=24 stage=gated_norm seq_len=1 start_pos=65 elapsed_ms=0.002
kiln_profile_gdn_stage layer=24 stage=out_proj seq_len=1 start_pos=65 elapsed_ms=0.707
kiln_profile_mlp_stage layer=24 stage=gate_up_fused seq_len=1 start_pos=65 elapsed_ms=1.897
kiln_profile_mlp_stage layer=24 stage=down_proj seq_len=1 start_pos=65 elapsed_ms=1.181
kiln_profile_gdn_stage layer=25 stage=in_proj seq_len=1 start_pos=65 elapsed_ms=2.042
kiln_profile_gdn_stage layer=25 stage=qkv_conv_norm seq_len=1 start_pos=65 elapsed_ms=0.917
kiln_profile_gdn_stage layer=25 stage=gates_recur_gated_norm seq_len=1 start_pos=65 elapsed_ms=0.382
kiln_profile_gdn_stage layer=25 stage=post_transpose seq_len=1 start_pos=65 elapsed_ms=0.000
kiln_profile_gdn_stage layer=25 stage=gated_norm seq_len=1 start_pos=65 elapsed_ms=0.002
kiln_profile_gdn_stage layer=25 stage=out_proj seq_len=1 start_pos=65 elapsed_ms=0.719
kiln_profile_mlp_stage layer=25 stage=gate_up_fused seq_len=1 start_pos=65 elapsed_ms=1.797
kiln_profile_mlp_stage layer=25 stage=down_proj seq_len=1 start_pos=65 elapsed_ms=1.120
kiln_profile_gdn_stage layer=26 stage=in_proj seq_len=1 start_pos=65 elapsed_ms=1.394
kiln_profile_gdn_stage layer=26 stage=qkv_conv_norm seq_len=1 start_pos=65 elapsed_ms=0.256
kiln_profile_gdn_stage layer=26 stage=gates_recur_gated_norm seq_len=1 start_pos=65 elapsed_ms=0.311
kiln_profile_gdn_stage layer=26 stage=post_transpose seq_len=1 start_pos=65 elapsed_ms=0.000
kiln_profile_gdn_stage layer=26 stage=gated_norm seq_len=1 start_pos=65 elapsed_ms=0.002
kiln_profile_gdn_stage layer=26 stage=out_proj seq_len=1 start_pos=65 elapsed_ms=0.664
kiln_profile_mlp_stage layer=26 stage=gate_up_fused seq_len=1 start_pos=65 elapsed_ms=1.794
kiln_profile_mlp_stage layer=26 stage=down_proj seq_len=1 start_pos=65 elapsed_ms=1.125
kiln_profile_full_attn_stage full_attn_layer=6 stage=qkv_proj seq_len=1 start_pos=65 elapsed_ms=1.292
kiln_profile_full_attn_stage full_attn_layer=6 stage=qkv_split seq_len=1 start_pos=65 elapsed_ms=0.269
kiln_profile_full_attn_stage full_attn_layer=6 stage=qk_norm seq_len=1 start_pos=65 elapsed_ms=0.263
kiln_profile_full_attn_stage full_attn_layer=6 stage=rope seq_len=1 start_pos=65 elapsed_ms=0.197
kiln_profile_full_attn_stage full_attn_layer=6 stage=q_transpose seq_len=1 start_pos=65 elapsed_ms=0.001
kiln_profile_full_attn_stage full_attn_layer=6 stage=kv_write seq_len=1 start_pos=65 elapsed_ms=0.198
kiln_profile_full_attn_stage full_attn_layer=6 stage=decode_attn_contiguous seq_len=1 start_pos=65 elapsed_ms=0.240
kiln_profile_full_attn_stage full_attn_layer=6 stage=attn_gate seq_len=1 start_pos=65 elapsed_ms=0.191
kiln_profile_full_attn_stage full_attn_layer=6 stage=o_proj seq_len=1 start_pos=65 elapsed_ms=0.645
kiln_profile_mlp_stage layer=27 stage=gate_up_fused seq_len=1 start_pos=65 elapsed_ms=1.836
kiln_profile_mlp_stage layer=27 stage=down_proj seq_len=1 start_pos=65 elapsed_ms=1.105
kiln_profile_gdn_stage layer=28 stage=in_proj seq_len=1 start_pos=65 elapsed_ms=1.282
kiln_profile_gdn_stage layer=28 stage=qkv_conv_norm seq_len=1 start_pos=65 elapsed_ms=0.220
kiln_profile_gdn_stage layer=28 stage=gates_recur_gated_norm seq_len=1 start_pos=65 elapsed_ms=0.334
kiln_profile_gdn_stage layer=28 stage=post_transpose seq_len=1 start_pos=65 elapsed_ms=0.000
kiln_profile_gdn_stage layer=28 stage=gated_norm seq_len=1 start_pos=65 elapsed_ms=0.009
kiln_profile_gdn_stage layer=28 stage=out_proj seq_len=1 start_pos=65 elapsed_ms=0.718
kiln_profile_mlp_stage layer=28 stage=gate_up_fused seq_len=1 start_pos=65 elapsed_ms=1.777
kiln_profile_mlp_stage layer=28 stage=down_proj seq_len=1 start_pos=65 elapsed_ms=1.124
kiln_profile_gdn_stage layer=29 stage=in_proj seq_len=1 start_pos=65 elapsed_ms=1.328
kiln_profile_gdn_stage layer=29 stage=qkv_conv_norm seq_len=1 start_pos=65 elapsed_ms=0.251
kiln_profile_gdn_stage layer=29 stage=gates_recur_gated_norm seq_len=1 start_pos=65 elapsed_ms=0.319
kiln_profile_gdn_stage layer=29 stage=post_transpose seq_len=1 start_pos=65 elapsed_ms=0.000
kiln_profile_gdn_stage layer=29 stage=gated_norm seq_len=1 start_pos=65 elapsed_ms=0.002
kiln_profile_gdn_stage layer=29 stage=out_proj seq_len=1 start_pos=65 elapsed_ms=0.669
kiln_profile_mlp_stage layer=29 stage=gate_up_fused seq_len=1 start_pos=65 elapsed_ms=1.809
kiln_profile_mlp_stage layer=29 stage=down_proj seq_len=1 start_pos=65 elapsed_ms=1.099
kiln_profile_gdn_stage layer=30 stage=in_proj seq_len=1 start_pos=65 elapsed_ms=1.300
kiln_profile_gdn_stage layer=30 stage=qkv_conv_norm seq_len=1 start_pos=65 elapsed_ms=0.229
kiln_profile_gdn_stage layer=30 stage=gates_recur_gated_norm seq_len=1 start_pos=65 elapsed_ms=0.385
kiln_profile_gdn_stage layer=30 stage=post_transpose seq_len=1 start_pos=65 elapsed_ms=0.000
kiln_profile_gdn_stage layer=30 stage=gated_norm seq_len=1 start_pos=65 elapsed_ms=0.002
kiln_profile_gdn_stage layer=30 stage=out_proj seq_len=1 start_pos=65 elapsed_ms=1.358
kiln_profile_mlp_stage layer=30 stage=gate_up_fused seq_len=1 start_pos=65 elapsed_ms=1.827
kiln_profile_mlp_stage layer=30 stage=down_proj seq_len=1 start_pos=65 elapsed_ms=1.123
kiln_profile_full_attn_stage full_attn_layer=7 stage=qkv_proj seq_len=1 start_pos=65 elapsed_ms=1.319
kiln_profile_full_attn_stage full_attn_layer=7 stage=qkv_split seq_len=1 start_pos=65 elapsed_ms=0.284
kiln_profile_full_attn_stage full_attn_layer=7 stage=qk_norm seq_len=1 start_pos=65 elapsed_ms=0.270
kiln_profile_full_attn_stage full_attn_layer=7 stage=rope seq_len=1 start_pos=65 elapsed_ms=0.233
kiln_profile_full_attn_stage full_attn_layer=7 stage=q_transpose seq_len=1 start_pos=65 elapsed_ms=0.001
kiln_profile_full_attn_stage full_attn_layer=7 stage=kv_write seq_len=1 start_pos=65 elapsed_ms=0.229
kiln_profile_full_attn_stage full_attn_layer=7 stage=decode_attn_contiguous seq_len=1 start_pos=65 elapsed_ms=0.253
kiln_profile_full_attn_stage full_attn_layer=7 stage=attn_gate seq_len=1 start_pos=65 elapsed_ms=0.261
kiln_profile_full_attn_stage full_attn_layer=7 stage=o_proj seq_len=1 start_pos=65 elapsed_ms=0.668
kiln_profile_mlp_stage layer=31 stage=gate_up_fused seq_len=1 start_pos=65 elapsed_ms=1.809
kiln_profile_mlp_stage layer=31 stage=down_proj seq_len=1 start_pos=65 elapsed_ms=1.140
kiln_profile_gdn_stage layer=0 stage=in_proj seq_len=1 start_pos=66 elapsed_ms=1.424
kiln_profile_gdn_stage layer=0 stage=qkv_conv_norm seq_len=1 start_pos=66 elapsed_ms=0.290
kiln_profile_gdn_stage layer=0 stage=gates_recur_gated_norm seq_len=1 start_pos=66 elapsed_ms=0.350
kiln_profile_gdn_stage layer=0 stage=post_transpose seq_len=1 start_pos=66 elapsed_ms=0.000
kiln_profile_gdn_stage layer=0 stage=gated_norm seq_len=1 start_pos=66 elapsed_ms=0.002
kiln_profile_gdn_stage layer=0 stage=out_proj seq_len=1 start_pos=66 elapsed_ms=0.675
kiln_profile_mlp_stage layer=0 stage=gate_up_fused seq_len=1 start_pos=66 elapsed_ms=1.892
kiln_profile_mlp_stage layer=0 stage=down_proj seq_len=1 start_pos=66 elapsed_ms=1.215
kiln_profile_gdn_stage layer=1 stage=in_proj seq_len=1 start_pos=66 elapsed_ms=1.523
kiln_profile_gdn_stage layer=1 stage=qkv_conv_norm seq_len=1 start_pos=66 elapsed_ms=0.356
kiln_profile_gdn_stage layer=1 stage=gates_recur_gated_norm seq_len=1 start_pos=66 elapsed_ms=0.379
kiln_profile_gdn_stage layer=1 stage=post_transpose seq_len=1 start_pos=66 elapsed_ms=0.001
kiln_profile_gdn_stage layer=1 stage=gated_norm seq_len=1 start_pos=66 elapsed_ms=0.003
kiln_profile_gdn_stage layer=1 stage=out_proj seq_len=1 start_pos=66 elapsed_ms=0.756
kiln_profile_mlp_stage layer=1 stage=gate_up_fused seq_len=1 start_pos=66 elapsed_ms=1.843
kiln_profile_mlp_stage layer=1 stage=down_proj seq_len=1 start_pos=66 elapsed_ms=1.143
kiln_profile_gdn_stage layer=2 stage=in_proj seq_len=1 start_pos=66 elapsed_ms=1.320
kiln_profile_gdn_stage layer=2 stage=qkv_conv_norm seq_len=1 start_pos=66 elapsed_ms=0.282
kiln_profile_gdn_stage layer=2 stage=gates_recur_gated_norm seq_len=1 start_pos=66 elapsed_ms=0.338
kiln_profile_gdn_stage layer=2 stage=post_transpose seq_len=1 start_pos=66 elapsed_ms=0.000
kiln_profile_gdn_stage layer=2 stage=gated_norm seq_len=1 start_pos=66 elapsed_ms=0.002
kiln_profile_gdn_stage layer=2 stage=out_proj seq_len=1 start_pos=66 elapsed_ms=0.693
kiln_profile_mlp_stage layer=2 stage=gate_up_fused seq_len=1 start_pos=66 elapsed_ms=1.808
kiln_profile_mlp_stage layer=2 stage=down_proj seq_len=1 start_pos=66 elapsed_ms=1.189
kiln_profile_full_attn_stage full_attn_layer=0 stage=qkv_proj seq_len=1 start_pos=66 elapsed_ms=1.392
kiln_profile_full_attn_stage full_attn_layer=0 stage=qkv_split seq_len=1 start_pos=66 elapsed_ms=0.354
kiln_profile_full_attn_stage full_attn_layer=0 stage=qk_norm seq_len=1 start_pos=66 elapsed_ms=0.329
kiln_profile_full_attn_stage full_attn_layer=0 stage=rope seq_len=1 start_pos=66 elapsed_ms=0.298
kiln_profile_full_attn_stage full_attn_layer=0 stage=q_transpose seq_len=1 start_pos=66 elapsed_ms=0.003
kiln_profile_full_attn_stage full_attn_layer=0 stage=kv_write seq_len=1 start_pos=66 elapsed_ms=0.308
kiln_profile_full_attn_stage full_attn_layer=0 stage=decode_attn_contiguous seq_len=1 start_pos=66 elapsed_ms=0.330
kiln_profile_full_attn_stage full_attn_layer=0 stage=attn_gate seq_len=1 start_pos=66 elapsed_ms=0.300
kiln_profile_full_attn_stage full_attn_layer=0 stage=o_proj seq_len=1 start_pos=66 elapsed_ms=0.692
kiln_profile_mlp_stage layer=3 stage=gate_up_fused seq_len=1 start_pos=66 elapsed_ms=2.676
kiln_profile_mlp_stage layer=3 stage=down_proj seq_len=1 start_pos=66 elapsed_ms=1.292
kiln_profile_gdn_stage layer=4 stage=in_proj seq_len=1 start_pos=66 elapsed_ms=1.353
kiln_profile_gdn_stage layer=4 stage=qkv_conv_norm seq_len=1 start_pos=66 elapsed_ms=0.315
kiln_profile_gdn_stage layer=4 stage=gates_recur_gated_norm seq_len=1 start_pos=66 elapsed_ms=0.360
kiln_profile_gdn_stage layer=4 stage=post_transpose seq_len=1 start_pos=66 elapsed_ms=0.000
kiln_profile_gdn_stage layer=4 stage=gated_norm seq_len=1 start_pos=66 elapsed_ms=0.003
kiln_profile_gdn_stage layer=4 stage=out_proj seq_len=1 start_pos=66 elapsed_ms=0.676
kiln_profile_mlp_stage layer=4 stage=gate_up_fused seq_len=1 start_pos=66 elapsed_ms=1.824
kiln_profile_mlp_stage layer=4 stage=down_proj seq_len=1 start_pos=66 elapsed_ms=1.108
kiln_profile_gdn_stage layer=5 stage=in_proj seq_len=1 start_pos=66 elapsed_ms=1.403
kiln_profile_gdn_stage layer=5 stage=qkv_conv_norm seq_len=1 start_pos=66 elapsed_ms=0.299
kiln_profile_gdn_stage layer=5 stage=gates_recur_gated_norm seq_len=1 start_pos=66 elapsed_ms=0.364
kiln_profile_gdn_stage layer=5 stage=post_transpose seq_len=1 start_pos=66 elapsed_ms=0.001
kiln_profile_gdn_stage layer=5 stage=gated_norm seq_len=1 start_pos=66 elapsed_ms=0.003
kiln_profile_gdn_stage layer=5 stage=out_proj seq_len=1 start_pos=66 elapsed_ms=0.740
kiln_profile_mlp_stage layer=5 stage=gate_up_fused seq_len=1 start_pos=66 elapsed_ms=1.847
kiln_profile_mlp_stage layer=5 stage=down_proj seq_len=1 start_pos=66 elapsed_ms=1.276
kiln_profile_gdn_stage layer=6 stage=in_proj seq_len=1 start_pos=66 elapsed_ms=1.386
kiln_profile_gdn_stage layer=6 stage=qkv_conv_norm seq_len=1 start_pos=66 elapsed_ms=0.327
kiln_profile_gdn_stage layer=6 stage=gates_recur_gated_norm seq_len=1 start_pos=66 elapsed_ms=0.406
kiln_profile_gdn_stage layer=6 stage=post_transpose seq_len=1 start_pos=66 elapsed_ms=0.001
kiln_profile_gdn_stage layer=6 stage=gated_norm seq_len=1 start_pos=66 elapsed_ms=0.004
kiln_profile_gdn_stage layer=6 stage=out_proj seq_len=1 start_pos=66 elapsed_ms=0.732
kiln_profile_mlp_stage layer=6 stage=gate_up_fused seq_len=1 start_pos=66 elapsed_ms=1.834
kiln_profile_mlp_stage layer=6 stage=down_proj seq_len=1 start_pos=66 elapsed_ms=1.215
kiln_profile_full_attn_stage full_attn_layer=1 stage=qkv_proj seq_len=1 start_pos=66 elapsed_ms=1.373
kiln_profile_full_attn_stage full_attn_layer=1 stage=qkv_split seq_len=1 start_pos=66 elapsed_ms=0.335
kiln_profile_full_attn_stage full_attn_layer=1 stage=qk_norm seq_len=1 start_pos=66 elapsed_ms=0.309
kiln_profile_full_attn_stage full_attn_layer=1 stage=rope seq_len=1 start_pos=66 elapsed_ms=0.302
kiln_profile_full_attn_stage full_attn_layer=1 stage=q_transpose seq_len=1 start_pos=66 elapsed_ms=0.003
kiln_profile_full_attn_stage full_attn_layer=1 stage=kv_write seq_len=1 start_pos=66 elapsed_ms=0.278
kiln_profile_full_attn_stage full_attn_layer=1 stage=decode_attn_contiguous seq_len=1 start_pos=66 elapsed_ms=0.347
kiln_profile_full_attn_stage full_attn_layer=1 stage=attn_gate seq_len=1 start_pos=66 elapsed_ms=0.379
kiln_profile_full_attn_stage full_attn_layer=1 stage=o_proj seq_len=1 start_pos=66 elapsed_ms=0.684
kiln_profile_mlp_stage layer=7 stage=gate_up_fused seq_len=1 start_pos=66 elapsed_ms=1.959
kiln_profile_mlp_stage layer=7 stage=down_proj seq_len=1 start_pos=66 elapsed_ms=1.207
kiln_profile_gdn_stage layer=8 stage=in_proj seq_len=1 start_pos=66 elapsed_ms=1.948
kiln_profile_gdn_stage layer=8 stage=qkv_conv_norm seq_len=1 start_pos=66 elapsed_ms=0.274
kiln_profile_gdn_stage layer=8 stage=gates_recur_gated_norm seq_len=1 start_pos=66 elapsed_ms=0.592
kiln_profile_gdn_stage layer=8 stage=post_transpose seq_len=1 start_pos=66 elapsed_ms=0.000
kiln_profile_gdn_stage layer=8 stage=gated_norm seq_len=1 start_pos=66 elapsed_ms=0.002
kiln_profile_gdn_stage layer=8 stage=out_proj seq_len=1 start_pos=66 elapsed_ms=0.650
kiln_profile_mlp_stage layer=8 stage=gate_up_fused seq_len=1 start_pos=66 elapsed_ms=1.835
kiln_profile_mlp_stage layer=8 stage=down_proj seq_len=1 start_pos=66 elapsed_ms=1.114
kiln_profile_gdn_stage layer=9 stage=in_proj seq_len=1 start_pos=66 elapsed_ms=1.380
kiln_profile_gdn_stage layer=9 stage=qkv_conv_norm seq_len=1 start_pos=66 elapsed_ms=0.191
kiln_profile_gdn_stage layer=9 stage=gates_recur_gated_norm seq_len=1 start_pos=66 elapsed_ms=0.276
kiln_profile_gdn_stage layer=9 stage=post_transpose seq_len=1 start_pos=66 elapsed_ms=0.000
kiln_profile_gdn_stage layer=9 stage=gated_norm seq_len=1 start_pos=66 elapsed_ms=0.001
kiln_profile_gdn_stage layer=9 stage=out_proj seq_len=1 start_pos=66 elapsed_ms=0.654
kiln_profile_mlp_stage layer=9 stage=gate_up_fused seq_len=1 start_pos=66 elapsed_ms=1.834
kiln_profile_mlp_stage layer=9 stage=down_proj seq_len=1 start_pos=66 elapsed_ms=1.079
kiln_profile_gdn_stage layer=10 stage=in_proj seq_len=1 start_pos=66 elapsed_ms=1.289
kiln_profile_gdn_stage layer=10 stage=qkv_conv_norm seq_len=1 start_pos=66 elapsed_ms=0.203
kiln_profile_gdn_stage layer=10 stage=gates_recur_gated_norm seq_len=1 start_pos=66 elapsed_ms=0.359
kiln_profile_gdn_stage layer=10 stage=post_transpose seq_len=1 start_pos=66 elapsed_ms=0.000
kiln_profile_gdn_stage layer=10 stage=gated_norm seq_len=1 start_pos=66 elapsed_ms=0.002
kiln_profile_gdn_stage layer=10 stage=out_proj seq_len=1 start_pos=66 elapsed_ms=0.656
kiln_profile_mlp_stage layer=10 stage=gate_up_fused seq_len=1 start_pos=66 elapsed_ms=1.842
kiln_profile_mlp_stage layer=10 stage=down_proj seq_len=1 start_pos=66 elapsed_ms=1.111
kiln_profile_full_attn_stage full_attn_layer=2 stage=qkv_proj seq_len=1 start_pos=66 elapsed_ms=1.296
kiln_profile_full_attn_stage full_attn_layer=2 stage=qkv_split seq_len=1 start_pos=66 elapsed_ms=0.253
kiln_profile_full_attn_stage full_attn_layer=2 stage=qk_norm seq_len=1 start_pos=66 elapsed_ms=0.224
kiln_profile_full_attn_stage full_attn_layer=2 stage=rope seq_len=1 start_pos=66 elapsed_ms=0.212
kiln_profile_full_attn_stage full_attn_layer=2 stage=q_transpose seq_len=1 start_pos=66 elapsed_ms=0.002
kiln_profile_full_attn_stage full_attn_layer=2 stage=kv_write seq_len=1 start_pos=66 elapsed_ms=0.212
kiln_profile_full_attn_stage full_attn_layer=2 stage=decode_attn_contiguous seq_len=1 start_pos=66 elapsed_ms=0.229
kiln_profile_full_attn_stage full_attn_layer=2 stage=attn_gate seq_len=1 start_pos=66 elapsed_ms=0.199
kiln_profile_full_attn_stage full_attn_layer=2 stage=o_proj seq_len=1 start_pos=66 elapsed_ms=0.666
kiln_profile_mlp_stage layer=11 stage=gate_up_fused seq_len=1 start_pos=66 elapsed_ms=1.793
kiln_profile_mlp_stage layer=11 stage=down_proj seq_len=1 start_pos=66 elapsed_ms=1.103
kiln_profile_gdn_stage layer=12 stage=in_proj seq_len=1 start_pos=66 elapsed_ms=1.322
kiln_profile_gdn_stage layer=12 stage=qkv_conv_norm seq_len=1 start_pos=66 elapsed_ms=0.224
kiln_profile_gdn_stage layer=12 stage=gates_recur_gated_norm seq_len=1 start_pos=66 elapsed_ms=0.320
kiln_profile_gdn_stage layer=12 stage=post_transpose seq_len=1 start_pos=66 elapsed_ms=0.000
kiln_profile_gdn_stage layer=12 stage=gated_norm seq_len=1 start_pos=66 elapsed_ms=0.003
kiln_profile_gdn_stage layer=12 stage=out_proj seq_len=1 start_pos=66 elapsed_ms=0.724
kiln_profile_mlp_stage layer=12 stage=gate_up_fused seq_len=1 start_pos=66 elapsed_ms=1.803
kiln_profile_mlp_stage layer=12 stage=down_proj seq_len=1 start_pos=66 elapsed_ms=1.135
kiln_profile_gdn_stage layer=13 stage=in_proj seq_len=1 start_pos=66 elapsed_ms=1.399
kiln_profile_gdn_stage layer=13 stage=qkv_conv_norm seq_len=1 start_pos=66 elapsed_ms=0.749
kiln_profile_gdn_stage layer=13 stage=gates_recur_gated_norm seq_len=1 start_pos=66 elapsed_ms=0.566
kiln_profile_gdn_stage layer=13 stage=post_transpose seq_len=1 start_pos=66 elapsed_ms=0.000
kiln_profile_gdn_stage layer=13 stage=gated_norm seq_len=1 start_pos=66 elapsed_ms=0.002
kiln_profile_gdn_stage layer=13 stage=out_proj seq_len=1 start_pos=66 elapsed_ms=0.919
kiln_profile_mlp_stage layer=13 stage=gate_up_fused seq_len=1 start_pos=66 elapsed_ms=1.831
kiln_profile_mlp_stage layer=13 stage=down_proj seq_len=1 start_pos=66 elapsed_ms=1.170
kiln_profile_gdn_stage layer=14 stage=in_proj seq_len=1 start_pos=66 elapsed_ms=1.353
kiln_profile_gdn_stage layer=14 stage=qkv_conv_norm seq_len=1 start_pos=66 elapsed_ms=0.291
kiln_profile_gdn_stage layer=14 stage=gates_recur_gated_norm seq_len=1 start_pos=66 elapsed_ms=0.318
kiln_profile_gdn_stage layer=14 stage=post_transpose seq_len=1 start_pos=66 elapsed_ms=0.000
kiln_profile_gdn_stage layer=14 stage=gated_norm seq_len=1 start_pos=66 elapsed_ms=0.002
kiln_profile_gdn_stage layer=14 stage=out_proj seq_len=1 start_pos=66 elapsed_ms=0.668
kiln_profile_mlp_stage layer=14 stage=gate_up_fused seq_len=1 start_pos=66 elapsed_ms=1.836
kiln_profile_mlp_stage layer=14 stage=down_proj seq_len=1 start_pos=66 elapsed_ms=1.237
kiln_profile_full_attn_stage full_attn_layer=3 stage=qkv_proj seq_len=1 start_pos=66 elapsed_ms=1.295
kiln_profile_full_attn_stage full_attn_layer=3 stage=qkv_split seq_len=1 start_pos=66 elapsed_ms=0.265
kiln_profile_full_attn_stage full_attn_layer=3 stage=qk_norm seq_len=1 start_pos=66 elapsed_ms=0.246
kiln_profile_full_attn_stage full_attn_layer=3 stage=rope seq_len=1 start_pos=66 elapsed_ms=0.215
kiln_profile_full_attn_stage full_attn_layer=3 stage=q_transpose seq_len=1 start_pos=66 elapsed_ms=0.002
kiln_profile_full_attn_stage full_attn_layer=3 stage=kv_write seq_len=1 start_pos=66 elapsed_ms=0.216
kiln_profile_full_attn_stage full_attn_layer=3 stage=decode_attn_contiguous seq_len=1 start_pos=66 elapsed_ms=0.243
kiln_profile_full_attn_stage full_attn_layer=3 stage=attn_gate seq_len=1 start_pos=66 elapsed_ms=0.225
kiln_profile_full_attn_stage full_attn_layer=3 stage=o_proj seq_len=1 start_pos=66 elapsed_ms=0.707
kiln_profile_mlp_stage layer=15 stage=gate_up_fused seq_len=1 start_pos=66 elapsed_ms=1.901
kiln_profile_mlp_stage layer=15 stage=down_proj seq_len=1 start_pos=66 elapsed_ms=1.195
kiln_profile_gdn_stage layer=16 stage=in_proj seq_len=1 start_pos=66 elapsed_ms=1.329
kiln_profile_gdn_stage layer=16 stage=qkv_conv_norm seq_len=1 start_pos=66 elapsed_ms=0.262
kiln_profile_gdn_stage layer=16 stage=gates_recur_gated_norm seq_len=1 start_pos=66 elapsed_ms=0.311
kiln_profile_gdn_stage layer=16 stage=post_transpose seq_len=1 start_pos=66 elapsed_ms=0.000
kiln_profile_gdn_stage layer=16 stage=gated_norm seq_len=1 start_pos=66 elapsed_ms=0.002
kiln_profile_gdn_stage layer=16 stage=out_proj seq_len=1 start_pos=66 elapsed_ms=0.670
kiln_profile_mlp_stage layer=16 stage=gate_up_fused seq_len=1 start_pos=66 elapsed_ms=1.893
kiln_profile_mlp_stage layer=16 stage=down_proj seq_len=1 start_pos=66 elapsed_ms=1.161
kiln_profile_gdn_stage layer=17 stage=in_proj seq_len=1 start_pos=66 elapsed_ms=1.382
kiln_profile_gdn_stage layer=17 stage=qkv_conv_norm seq_len=1 start_pos=66 elapsed_ms=0.286
kiln_profile_gdn_stage layer=17 stage=gates_recur_gated_norm seq_len=1 start_pos=66 elapsed_ms=0.340
kiln_profile_gdn_stage layer=17 stage=post_transpose seq_len=1 start_pos=66 elapsed_ms=0.000
kiln_profile_gdn_stage layer=17 stage=gated_norm seq_len=1 start_pos=66 elapsed_ms=0.002
kiln_profile_gdn_stage layer=17 stage=out_proj seq_len=1 start_pos=66 elapsed_ms=0.682
kiln_profile_mlp_stage layer=17 stage=gate_up_fused seq_len=1 start_pos=66 elapsed_ms=1.908
kiln_profile_mlp_stage layer=17 stage=down_proj seq_len=1 start_pos=66 elapsed_ms=1.162
kiln_profile_gdn_stage layer=18 stage=in_proj seq_len=1 start_pos=66 elapsed_ms=1.445
kiln_profile_gdn_stage layer=18 stage=qkv_conv_norm seq_len=1 start_pos=66 elapsed_ms=0.409
kiln_profile_gdn_stage layer=18 stage=gates_recur_gated_norm seq_len=1 start_pos=66 elapsed_ms=0.571
kiln_profile_gdn_stage layer=18 stage=post_transpose seq_len=1 start_pos=66 elapsed_ms=0.000
kiln_profile_gdn_stage layer=18 stage=gated_norm seq_len=1 start_pos=66 elapsed_ms=0.005
kiln_profile_gdn_stage layer=18 stage=out_proj seq_len=1 start_pos=66 elapsed_ms=0.880
kiln_profile_mlp_stage layer=18 stage=gate_up_fused seq_len=1 start_pos=66 elapsed_ms=1.814
kiln_profile_mlp_stage layer=18 stage=down_proj seq_len=1 start_pos=66 elapsed_ms=1.114
kiln_profile_full_attn_stage full_attn_layer=4 stage=qkv_proj seq_len=1 start_pos=66 elapsed_ms=1.358
kiln_profile_full_attn_stage full_attn_layer=4 stage=qkv_split seq_len=1 start_pos=66 elapsed_ms=0.282
kiln_profile_full_attn_stage full_attn_layer=4 stage=qk_norm seq_len=1 start_pos=66 elapsed_ms=0.253
kiln_profile_full_attn_stage full_attn_layer=4 stage=rope seq_len=1 start_pos=66 elapsed_ms=0.246
kiln_profile_full_attn_stage full_attn_layer=4 stage=q_transpose seq_len=1 start_pos=66 elapsed_ms=0.002
kiln_profile_full_attn_stage full_attn_layer=4 stage=kv_write seq_len=1 start_pos=66 elapsed_ms=0.206
kiln_profile_full_attn_stage full_attn_layer=4 stage=decode_attn_contiguous seq_len=1 start_pos=66 elapsed_ms=0.277
kiln_profile_full_attn_stage full_attn_layer=4 stage=attn_gate seq_len=1 start_pos=66 elapsed_ms=0.216
kiln_profile_full_attn_stage full_attn_layer=4 stage=o_proj seq_len=1 start_pos=66 elapsed_ms=0.657
kiln_profile_mlp_stage layer=19 stage=gate_up_fused seq_len=1 start_pos=66 elapsed_ms=1.786
kiln_profile_mlp_stage layer=19 stage=down_proj seq_len=1 start_pos=66 elapsed_ms=1.108
kiln_profile_gdn_stage layer=20 stage=in_proj seq_len=1 start_pos=66 elapsed_ms=1.368
kiln_profile_gdn_stage layer=20 stage=qkv_conv_norm seq_len=1 start_pos=66 elapsed_ms=0.291
kiln_profile_gdn_stage layer=20 stage=gates_recur_gated_norm seq_len=1 start_pos=66 elapsed_ms=0.330
kiln_profile_gdn_stage layer=20 stage=post_transpose seq_len=1 start_pos=66 elapsed_ms=0.001
kiln_profile_gdn_stage layer=20 stage=gated_norm seq_len=1 start_pos=66 elapsed_ms=0.003
kiln_profile_gdn_stage layer=20 stage=out_proj seq_len=1 start_pos=66 elapsed_ms=0.763
kiln_profile_mlp_stage layer=20 stage=gate_up_fused seq_len=1 start_pos=66 elapsed_ms=1.855
kiln_profile_mlp_stage layer=20 stage=down_proj seq_len=1 start_pos=66 elapsed_ms=1.165
kiln_profile_gdn_stage layer=21 stage=in_proj seq_len=1 start_pos=66 elapsed_ms=1.413
kiln_profile_gdn_stage layer=21 stage=qkv_conv_norm seq_len=1 start_pos=66 elapsed_ms=0.258
kiln_profile_gdn_stage layer=21 stage=gates_recur_gated_norm seq_len=1 start_pos=66 elapsed_ms=0.287
kiln_profile_gdn_stage layer=21 stage=post_transpose seq_len=1 start_pos=66 elapsed_ms=0.000
kiln_profile_gdn_stage layer=21 stage=gated_norm seq_len=1 start_pos=66 elapsed_ms=0.006
kiln_profile_gdn_stage layer=21 stage=out_proj seq_len=1 start_pos=66 elapsed_ms=0.655
kiln_profile_mlp_stage layer=21 stage=gate_up_fused seq_len=1 start_pos=66 elapsed_ms=1.825
kiln_profile_mlp_stage layer=21 stage=down_proj seq_len=1 start_pos=66 elapsed_ms=1.118
kiln_profile_gdn_stage layer=22 stage=in_proj seq_len=1 start_pos=66 elapsed_ms=1.269
kiln_profile_gdn_stage layer=22 stage=qkv_conv_norm seq_len=1 start_pos=66 elapsed_ms=0.199
kiln_profile_gdn_stage layer=22 stage=gates_recur_gated_norm seq_len=1 start_pos=66 elapsed_ms=0.276
kiln_profile_gdn_stage layer=22 stage=post_transpose seq_len=1 start_pos=66 elapsed_ms=0.000
kiln_profile_gdn_stage layer=22 stage=gated_norm seq_len=1 start_pos=66 elapsed_ms=0.001
kiln_profile_gdn_stage layer=22 stage=out_proj seq_len=1 start_pos=66 elapsed_ms=0.623
kiln_profile_mlp_stage layer=22 stage=gate_up_fused seq_len=1 start_pos=66 elapsed_ms=1.793
kiln_profile_mlp_stage layer=22 stage=down_proj seq_len=1 start_pos=66 elapsed_ms=1.079
kiln_profile_full_attn_stage full_attn_layer=5 stage=qkv_proj seq_len=1 start_pos=66 elapsed_ms=1.282
kiln_profile_full_attn_stage full_attn_layer=5 stage=qkv_split seq_len=1 start_pos=66 elapsed_ms=0.220
kiln_profile_full_attn_stage full_attn_layer=5 stage=qk_norm seq_len=1 start_pos=66 elapsed_ms=0.703
kiln_profile_full_attn_stage full_attn_layer=5 stage=rope seq_len=1 start_pos=66 elapsed_ms=0.502
kiln_profile_full_attn_stage full_attn_layer=5 stage=q_transpose seq_len=1 start_pos=66 elapsed_ms=0.001
kiln_profile_full_attn_stage full_attn_layer=5 stage=kv_write seq_len=1 start_pos=66 elapsed_ms=0.593
kiln_profile_full_attn_stage full_attn_layer=5 stage=decode_attn_contiguous seq_len=1 start_pos=66 elapsed_ms=0.226
kiln_profile_full_attn_stage full_attn_layer=5 stage=attn_gate seq_len=1 start_pos=66 elapsed_ms=0.178
kiln_profile_full_attn_stage full_attn_layer=5 stage=o_proj seq_len=1 start_pos=66 elapsed_ms=0.637
kiln_profile_mlp_stage layer=23 stage=gate_up_fused seq_len=1 start_pos=66 elapsed_ms=1.777
kiln_profile_mlp_stage layer=23 stage=down_proj seq_len=1 start_pos=66 elapsed_ms=1.102
kiln_profile_gdn_stage layer=24 stage=in_proj seq_len=1 start_pos=66 elapsed_ms=1.325
kiln_profile_gdn_stage layer=24 stage=qkv_conv_norm seq_len=1 start_pos=66 elapsed_ms=0.269
kiln_profile_gdn_stage layer=24 stage=gates_recur_gated_norm seq_len=1 start_pos=66 elapsed_ms=0.341
kiln_profile_gdn_stage layer=24 stage=post_transpose seq_len=1 start_pos=66 elapsed_ms=0.000
kiln_profile_gdn_stage layer=24 stage=gated_norm seq_len=1 start_pos=66 elapsed_ms=0.002
kiln_profile_gdn_stage layer=24 stage=out_proj seq_len=1 start_pos=66 elapsed_ms=0.661
kiln_profile_mlp_stage layer=24 stage=gate_up_fused seq_len=1 start_pos=66 elapsed_ms=1.810
kiln_profile_mlp_stage layer=24 stage=down_proj seq_len=1 start_pos=66 elapsed_ms=1.111
kiln_profile_gdn_stage layer=25 stage=in_proj seq_len=1 start_pos=66 elapsed_ms=1.317
kiln_profile_gdn_stage layer=25 stage=qkv_conv_norm seq_len=1 start_pos=66 elapsed_ms=0.283
kiln_profile_gdn_stage layer=25 stage=gates_recur_gated_norm seq_len=1 start_pos=66 elapsed_ms=0.330
kiln_profile_gdn_stage layer=25 stage=post_transpose seq_len=1 start_pos=66 elapsed_ms=0.000
kiln_profile_gdn_stage layer=25 stage=gated_norm seq_len=1 start_pos=66 elapsed_ms=0.001
kiln_profile_gdn_stage layer=25 stage=out_proj seq_len=1 start_pos=66 elapsed_ms=0.658
kiln_profile_mlp_stage layer=25 stage=gate_up_fused seq_len=1 start_pos=66 elapsed_ms=1.809
kiln_profile_mlp_stage layer=25 stage=down_proj seq_len=1 start_pos=66 elapsed_ms=1.127
kiln_profile_gdn_stage layer=26 stage=in_proj seq_len=1 start_pos=66 elapsed_ms=1.359
kiln_profile_gdn_stage layer=26 stage=qkv_conv_norm seq_len=1 start_pos=66 elapsed_ms=0.272
kiln_profile_gdn_stage layer=26 stage=gates_recur_gated_norm seq_len=1 start_pos=66 elapsed_ms=0.316
kiln_profile_gdn_stage layer=26 stage=post_transpose seq_len=1 start_pos=66 elapsed_ms=0.000
kiln_profile_gdn_stage layer=26 stage=gated_norm seq_len=1 start_pos=66 elapsed_ms=0.002
kiln_profile_gdn_stage layer=26 stage=out_proj seq_len=1 start_pos=66 elapsed_ms=0.715
kiln_profile_mlp_stage layer=26 stage=gate_up_fused seq_len=1 start_pos=66 elapsed_ms=1.834
kiln_profile_mlp_stage layer=26 stage=down_proj seq_len=1 start_pos=66 elapsed_ms=1.155
kiln_profile_full_attn_stage full_attn_layer=6 stage=qkv_proj seq_len=1 start_pos=66 elapsed_ms=1.363
kiln_profile_full_attn_stage full_attn_layer=6 stage=qkv_split seq_len=1 start_pos=66 elapsed_ms=0.255
kiln_profile_full_attn_stage full_attn_layer=6 stage=qk_norm seq_len=1 start_pos=66 elapsed_ms=0.259
kiln_profile_full_attn_stage full_attn_layer=6 stage=rope seq_len=1 start_pos=66 elapsed_ms=0.207
kiln_profile_full_attn_stage full_attn_layer=6 stage=q_transpose seq_len=1 start_pos=66 elapsed_ms=0.001
kiln_profile_full_attn_stage full_attn_layer=6 stage=kv_write seq_len=1 start_pos=66 elapsed_ms=0.168
kiln_profile_full_attn_stage full_attn_layer=6 stage=decode_attn_contiguous seq_len=1 start_pos=66 elapsed_ms=0.193
kiln_profile_full_attn_stage full_attn_layer=6 stage=attn_gate seq_len=1 start_pos=66 elapsed_ms=0.163
kiln_profile_full_attn_stage full_attn_layer=6 stage=o_proj seq_len=1 start_pos=66 elapsed_ms=0.651
kiln_profile_mlp_stage layer=27 stage=gate_up_fused seq_len=1 start_pos=66 elapsed_ms=1.852
kiln_profile_mlp_stage layer=27 stage=down_proj seq_len=1 start_pos=66 elapsed_ms=1.078
kiln_profile_gdn_stage layer=28 stage=in_proj seq_len=1 start_pos=66 elapsed_ms=1.493
kiln_profile_gdn_stage layer=28 stage=qkv_conv_norm seq_len=1 start_pos=66 elapsed_ms=0.649
kiln_profile_gdn_stage layer=28 stage=gates_recur_gated_norm seq_len=1 start_pos=66 elapsed_ms=0.569
kiln_profile_gdn_stage layer=28 stage=post_transpose seq_len=1 start_pos=66 elapsed_ms=0.000
kiln_profile_gdn_stage layer=28 stage=gated_norm seq_len=1 start_pos=66 elapsed_ms=0.003
kiln_profile_gdn_stage layer=28 stage=out_proj seq_len=1 start_pos=66 elapsed_ms=0.910
kiln_profile_mlp_stage layer=28 stage=gate_up_fused seq_len=1 start_pos=66 elapsed_ms=2.096
kiln_profile_mlp_stage layer=28 stage=down_proj seq_len=1 start_pos=66 elapsed_ms=1.201
kiln_profile_gdn_stage layer=29 stage=in_proj seq_len=1 start_pos=66 elapsed_ms=1.369
kiln_profile_gdn_stage layer=29 stage=qkv_conv_norm seq_len=1 start_pos=66 elapsed_ms=0.289
kiln_profile_gdn_stage layer=29 stage=gates_recur_gated_norm seq_len=1 start_pos=66 elapsed_ms=0.330
kiln_profile_gdn_stage layer=29 stage=post_transpose seq_len=1 start_pos=66 elapsed_ms=0.000
kiln_profile_gdn_stage layer=29 stage=gated_norm seq_len=1 start_pos=66 elapsed_ms=0.007
kiln_profile_gdn_stage layer=29 stage=out_proj seq_len=1 start_pos=66 elapsed_ms=0.671
kiln_profile_mlp_stage layer=29 stage=gate_up_fused seq_len=1 start_pos=66 elapsed_ms=1.837
kiln_profile_mlp_stage layer=29 stage=down_proj seq_len=1 start_pos=66 elapsed_ms=1.292
kiln_profile_gdn_stage layer=30 stage=in_proj seq_len=1 start_pos=66 elapsed_ms=1.367
kiln_profile_gdn_stage layer=30 stage=qkv_conv_norm seq_len=1 start_pos=66 elapsed_ms=0.251
kiln_profile_gdn_stage layer=30 stage=gates_recur_gated_norm seq_len=1 start_pos=66 elapsed_ms=0.411
kiln_profile_gdn_stage layer=30 stage=post_transpose seq_len=1 start_pos=66 elapsed_ms=0.000
kiln_profile_gdn_stage layer=30 stage=gated_norm seq_len=1 start_pos=66 elapsed_ms=0.003
kiln_profile_gdn_stage layer=30 stage=out_proj seq_len=1 start_pos=66 elapsed_ms=0.822
kiln_profile_mlp_stage layer=30 stage=gate_up_fused seq_len=1 start_pos=66 elapsed_ms=1.927
kiln_profile_mlp_stage layer=30 stage=down_proj seq_len=1 start_pos=66 elapsed_ms=1.217
kiln_profile_full_attn_stage full_attn_layer=7 stage=qkv_proj seq_len=1 start_pos=66 elapsed_ms=1.285
kiln_profile_full_attn_stage full_attn_layer=7 stage=qkv_split seq_len=1 start_pos=66 elapsed_ms=0.241
kiln_profile_full_attn_stage full_attn_layer=7 stage=qk_norm seq_len=1 start_pos=66 elapsed_ms=0.230
kiln_profile_full_attn_stage full_attn_layer=7 stage=rope seq_len=1 start_pos=66 elapsed_ms=0.202
kiln_profile_full_attn_stage full_attn_layer=7 stage=q_transpose seq_len=1 start_pos=66 elapsed_ms=0.002
kiln_profile_full_attn_stage full_attn_layer=7 stage=kv_write seq_len=1 start_pos=66 elapsed_ms=0.196
kiln_profile_full_attn_stage full_attn_layer=7 stage=decode_attn_contiguous seq_len=1 start_pos=66 elapsed_ms=0.242
kiln_profile_full_attn_stage full_attn_layer=7 stage=attn_gate seq_len=1 start_pos=66 elapsed_ms=0.204
kiln_profile_full_attn_stage full_attn_layer=7 stage=o_proj seq_len=1 start_pos=66 elapsed_ms=0.655
kiln_profile_mlp_stage layer=31 stage=gate_up_fused seq_len=1 start_pos=66 elapsed_ms=1.768
kiln_profile_mlp_stage layer=31 stage=down_proj seq_len=1 start_pos=66 elapsed_ms=1.121
kiln_profile_gdn_stage layer=0 stage=in_proj seq_len=1 start_pos=67 elapsed_ms=1.411
kiln_profile_gdn_stage layer=0 stage=qkv_conv_norm seq_len=1 start_pos=67 elapsed_ms=0.321
kiln_profile_gdn_stage layer=0 stage=gates_recur_gated_norm seq_len=1 start_pos=67 elapsed_ms=0.443
kiln_profile_gdn_stage layer=0 stage=post_transpose seq_len=1 start_pos=67 elapsed_ms=0.001
kiln_profile_gdn_stage layer=0 stage=gated_norm seq_len=1 start_pos=67 elapsed_ms=0.003
kiln_profile_gdn_stage layer=0 stage=out_proj seq_len=1 start_pos=67 elapsed_ms=0.776
kiln_profile_mlp_stage layer=0 stage=gate_up_fused seq_len=1 start_pos=67 elapsed_ms=1.863
kiln_profile_mlp_stage layer=0 stage=down_proj seq_len=1 start_pos=67 elapsed_ms=1.178
kiln_profile_gdn_stage layer=1 stage=in_proj seq_len=1 start_pos=67 elapsed_ms=1.389
kiln_profile_gdn_stage layer=1 stage=qkv_conv_norm seq_len=1 start_pos=67 elapsed_ms=0.458
kiln_profile_gdn_stage layer=1 stage=gates_recur_gated_norm seq_len=1 start_pos=67 elapsed_ms=0.442
kiln_profile_gdn_stage layer=1 stage=post_transpose seq_len=1 start_pos=67 elapsed_ms=0.001
kiln_profile_gdn_stage layer=1 stage=gated_norm seq_len=1 start_pos=67 elapsed_ms=0.004
kiln_profile_gdn_stage layer=1 stage=out_proj seq_len=1 start_pos=67 elapsed_ms=0.889
kiln_profile_mlp_stage layer=1 stage=gate_up_fused seq_len=1 start_pos=67 elapsed_ms=2.019
kiln_profile_mlp_stage layer=1 stage=down_proj seq_len=1 start_pos=67 elapsed_ms=1.942
kiln_profile_gdn_stage layer=2 stage=in_proj seq_len=1 start_pos=67 elapsed_ms=1.370
kiln_profile_gdn_stage layer=2 stage=qkv_conv_norm seq_len=1 start_pos=67 elapsed_ms=0.233
kiln_profile_gdn_stage layer=2 stage=gates_recur_gated_norm seq_len=1 start_pos=67 elapsed_ms=0.310
kiln_profile_gdn_stage layer=2 stage=post_transpose seq_len=1 start_pos=67 elapsed_ms=0.000
kiln_profile_gdn_stage layer=2 stage=gated_norm seq_len=1 start_pos=67 elapsed_ms=0.002
kiln_profile_gdn_stage layer=2 stage=out_proj seq_len=1 start_pos=67 elapsed_ms=0.692
kiln_profile_mlp_stage layer=2 stage=gate_up_fused seq_len=1 start_pos=67 elapsed_ms=1.873
kiln_profile_mlp_stage layer=2 stage=down_proj seq_len=1 start_pos=67 elapsed_ms=1.146
kiln_profile_full_attn_stage full_attn_layer=0 stage=qkv_proj seq_len=1 start_pos=67 elapsed_ms=1.387
kiln_profile_full_attn_stage full_attn_layer=0 stage=qkv_split seq_len=1 start_pos=67 elapsed_ms=0.245
kiln_profile_full_attn_stage full_attn_layer=0 stage=qk_norm seq_len=1 start_pos=67 elapsed_ms=0.199
kiln_profile_full_attn_stage full_attn_layer=0 stage=rope seq_len=1 start_pos=67 elapsed_ms=0.174
kiln_profile_full_attn_stage full_attn_layer=0 stage=q_transpose seq_len=1 start_pos=67 elapsed_ms=0.001
kiln_profile_full_attn_stage full_attn_layer=0 stage=kv_write seq_len=1 start_pos=67 elapsed_ms=0.175
kiln_profile_full_attn_stage full_attn_layer=0 stage=decode_attn_contiguous seq_len=1 start_pos=67 elapsed_ms=0.208
kiln_profile_full_attn_stage full_attn_layer=0 stage=attn_gate seq_len=1 start_pos=67 elapsed_ms=0.168
kiln_profile_full_attn_stage full_attn_layer=0 stage=o_proj seq_len=1 start_pos=67 elapsed_ms=0.626
kiln_profile_mlp_stage layer=3 stage=gate_up_fused seq_len=1 start_pos=67 elapsed_ms=1.783
kiln_profile_mlp_stage layer=3 stage=down_proj seq_len=1 start_pos=67 elapsed_ms=1.117
kiln_profile_gdn_stage layer=4 stage=in_proj seq_len=1 start_pos=67 elapsed_ms=1.325
kiln_profile_gdn_stage layer=4 stage=qkv_conv_norm seq_len=1 start_pos=67 elapsed_ms=0.237
kiln_profile_gdn_stage layer=4 stage=gates_recur_gated_norm seq_len=1 start_pos=67 elapsed_ms=0.295
kiln_profile_gdn_stage layer=4 stage=post_transpose seq_len=1 start_pos=67 elapsed_ms=0.000
kiln_profile_gdn_stage layer=4 stage=gated_norm seq_len=1 start_pos=67 elapsed_ms=0.001
kiln_profile_gdn_stage layer=4 stage=out_proj seq_len=1 start_pos=67 elapsed_ms=0.674
kiln_profile_mlp_stage layer=4 stage=gate_up_fused seq_len=1 start_pos=67 elapsed_ms=1.850
kiln_profile_mlp_stage layer=4 stage=down_proj seq_len=1 start_pos=67 elapsed_ms=1.147
kiln_profile_gdn_stage layer=5 stage=in_proj seq_len=1 start_pos=67 elapsed_ms=1.365
kiln_profile_gdn_stage layer=5 stage=qkv_conv_norm seq_len=1 start_pos=67 elapsed_ms=0.260
kiln_profile_gdn_stage layer=5 stage=gates_recur_gated_norm seq_len=1 start_pos=67 elapsed_ms=0.332
kiln_profile_gdn_stage layer=5 stage=post_transpose seq_len=1 start_pos=67 elapsed_ms=0.000
kiln_profile_gdn_stage layer=5 stage=gated_norm seq_len=1 start_pos=67 elapsed_ms=0.002
kiln_profile_gdn_stage layer=5 stage=out_proj seq_len=1 start_pos=67 elapsed_ms=0.714
kiln_profile_mlp_stage layer=5 stage=gate_up_fused seq_len=1 start_pos=67 elapsed_ms=1.834
kiln_profile_mlp_stage layer=5 stage=down_proj seq_len=1 start_pos=67 elapsed_ms=1.163
kiln_profile_gdn_stage layer=6 stage=in_proj seq_len=1 start_pos=67 elapsed_ms=1.349
kiln_profile_gdn_stage layer=6 stage=qkv_conv_norm seq_len=1 start_pos=67 elapsed_ms=0.266
kiln_profile_gdn_stage layer=6 stage=gates_recur_gated_norm seq_len=1 start_pos=67 elapsed_ms=0.360
kiln_profile_gdn_stage layer=6 stage=post_transpose seq_len=1 start_pos=67 elapsed_ms=0.000
kiln_profile_gdn_stage layer=6 stage=gated_norm seq_len=1 start_pos=67 elapsed_ms=0.002
kiln_profile_gdn_stage layer=6 stage=out_proj seq_len=1 start_pos=67 elapsed_ms=0.665
kiln_profile_mlp_stage layer=6 stage=gate_up_fused seq_len=1 start_pos=67 elapsed_ms=2.690
kiln_profile_mlp_stage layer=6 stage=down_proj seq_len=1 start_pos=67 elapsed_ms=1.217
kiln_profile_full_attn_stage full_attn_layer=1 stage=qkv_proj seq_len=1 start_pos=67 elapsed_ms=1.282
kiln_profile_full_attn_stage full_attn_layer=1 stage=qkv_split seq_len=1 start_pos=67 elapsed_ms=0.264
kiln_profile_full_attn_stage full_attn_layer=1 stage=qk_norm seq_len=1 start_pos=67 elapsed_ms=0.226
kiln_profile_full_attn_stage full_attn_layer=1 stage=rope seq_len=1 start_pos=67 elapsed_ms=0.225
kiln_profile_full_attn_stage full_attn_layer=1 stage=q_transpose seq_len=1 start_pos=67 elapsed_ms=0.001
kiln_profile_full_attn_stage full_attn_layer=1 stage=kv_write seq_len=1 start_pos=67 elapsed_ms=0.192
kiln_profile_full_attn_stage full_attn_layer=1 stage=decode_attn_contiguous seq_len=1 start_pos=67 elapsed_ms=0.239
kiln_profile_full_attn_stage full_attn_layer=1 stage=attn_gate seq_len=1 start_pos=67 elapsed_ms=0.202
kiln_profile_full_attn_stage full_attn_layer=1 stage=o_proj seq_len=1 start_pos=67 elapsed_ms=0.704
kiln_profile_mlp_stage layer=7 stage=gate_up_fused seq_len=1 start_pos=67 elapsed_ms=1.828
kiln_profile_mlp_stage layer=7 stage=down_proj seq_len=1 start_pos=67 elapsed_ms=1.147
kiln_profile_gdn_stage layer=8 stage=in_proj seq_len=1 start_pos=67 elapsed_ms=1.398
kiln_profile_gdn_stage layer=8 stage=qkv_conv_norm seq_len=1 start_pos=67 elapsed_ms=0.280
kiln_profile_gdn_stage layer=8 stage=gates_recur_gated_norm seq_len=1 start_pos=67 elapsed_ms=0.292
kiln_profile_gdn_stage layer=8 stage=post_transpose seq_len=1 start_pos=67 elapsed_ms=0.000
kiln_profile_gdn_stage layer=8 stage=gated_norm seq_len=1 start_pos=67 elapsed_ms=0.002
kiln_profile_gdn_stage layer=8 stage=out_proj seq_len=1 start_pos=67 elapsed_ms=0.654
kiln_profile_mlp_stage layer=8 stage=gate_up_fused seq_len=1 start_pos=67 elapsed_ms=1.917
kiln_profile_mlp_stage layer=8 stage=down_proj seq_len=1 start_pos=67 elapsed_ms=1.251
kiln_profile_gdn_stage layer=9 stage=in_proj seq_len=1 start_pos=67 elapsed_ms=1.485
kiln_profile_gdn_stage layer=9 stage=qkv_conv_norm seq_len=1 start_pos=67 elapsed_ms=0.308
kiln_profile_gdn_stage layer=9 stage=gates_recur_gated_norm seq_len=1 start_pos=67 elapsed_ms=0.362
kiln_profile_gdn_stage layer=9 stage=post_transpose seq_len=1 start_pos=67 elapsed_ms=0.023
kiln_profile_gdn_stage layer=9 stage=gated_norm seq_len=1 start_pos=67 elapsed_ms=0.003
kiln_profile_gdn_stage layer=9 stage=out_proj seq_len=1 start_pos=67 elapsed_ms=0.834
kiln_profile_mlp_stage layer=9 stage=gate_up_fused seq_len=1 start_pos=67 elapsed_ms=2.037
kiln_profile_mlp_stage layer=9 stage=down_proj seq_len=1 start_pos=67 elapsed_ms=1.150
kiln_profile_gdn_stage layer=10 stage=in_proj seq_len=1 start_pos=67 elapsed_ms=1.348
kiln_profile_gdn_stage layer=10 stage=qkv_conv_norm seq_len=1 start_pos=67 elapsed_ms=0.285
kiln_profile_gdn_stage layer=10 stage=gates_recur_gated_norm seq_len=1 start_pos=67 elapsed_ms=0.279
kiln_profile_gdn_stage layer=10 stage=post_transpose seq_len=1 start_pos=67 elapsed_ms=0.000
kiln_profile_gdn_stage layer=10 stage=gated_norm seq_len=1 start_pos=67 elapsed_ms=0.002
kiln_profile_gdn_stage layer=10 stage=out_proj seq_len=1 start_pos=67 elapsed_ms=0.638
kiln_profile_mlp_stage layer=10 stage=gate_up_fused seq_len=1 start_pos=67 elapsed_ms=1.924
kiln_profile_mlp_stage layer=10 stage=down_proj seq_len=1 start_pos=67 elapsed_ms=1.166
kiln_profile_full_attn_stage full_attn_layer=2 stage=qkv_proj seq_len=1 start_pos=67 elapsed_ms=1.337
kiln_profile_full_attn_stage full_attn_layer=2 stage=qkv_split seq_len=1 start_pos=67 elapsed_ms=0.240
kiln_profile_full_attn_stage full_attn_layer=2 stage=qk_norm seq_len=1 start_pos=67 elapsed_ms=0.244
kiln_profile_full_attn_stage full_attn_layer=2 stage=rope seq_len=1 start_pos=67 elapsed_ms=0.267
kiln_profile_full_attn_stage full_attn_layer=2 stage=q_transpose seq_len=1 start_pos=67 elapsed_ms=0.002
kiln_profile_full_attn_stage full_attn_layer=2 stage=kv_write seq_len=1 start_pos=67 elapsed_ms=0.207
kiln_profile_full_attn_stage full_attn_layer=2 stage=decode_attn_contiguous seq_len=1 start_pos=67 elapsed_ms=0.299
kiln_profile_full_attn_stage full_attn_layer=2 stage=attn_gate seq_len=1 start_pos=67 elapsed_ms=0.510
kiln_profile_full_attn_stage full_attn_layer=2 stage=o_proj seq_len=1 start_pos=67 elapsed_ms=0.999
kiln_profile_mlp_stage layer=11 stage=gate_up_fused seq_len=1 start_pos=67 elapsed_ms=1.831
kiln_profile_mlp_stage layer=11 stage=down_proj seq_len=1 start_pos=67 elapsed_ms=1.113
kiln_profile_gdn_stage layer=12 stage=in_proj seq_len=1 start_pos=67 elapsed_ms=1.342
kiln_profile_gdn_stage layer=12 stage=qkv_conv_norm seq_len=1 start_pos=67 elapsed_ms=0.274
kiln_profile_gdn_stage layer=12 stage=gates_recur_gated_norm seq_len=1 start_pos=67 elapsed_ms=0.329
kiln_profile_gdn_stage layer=12 stage=post_transpose seq_len=1 start_pos=67 elapsed_ms=0.001
kiln_profile_gdn_stage layer=12 stage=gated_norm seq_len=1 start_pos=67 elapsed_ms=0.002
kiln_profile_gdn_stage layer=12 stage=out_proj seq_len=1 start_pos=67 elapsed_ms=0.675
kiln_profile_mlp_stage layer=12 stage=gate_up_fused seq_len=1 start_pos=67 elapsed_ms=1.776
kiln_profile_mlp_stage layer=12 stage=down_proj seq_len=1 start_pos=67 elapsed_ms=1.119
kiln_profile_gdn_stage layer=13 stage=in_proj seq_len=1 start_pos=67 elapsed_ms=1.350
kiln_profile_gdn_stage layer=13 stage=qkv_conv_norm seq_len=1 start_pos=67 elapsed_ms=0.275
kiln_profile_gdn_stage layer=13 stage=gates_recur_gated_norm seq_len=1 start_pos=67 elapsed_ms=0.348
kiln_profile_gdn_stage layer=13 stage=post_transpose seq_len=1 start_pos=67 elapsed_ms=0.000
kiln_profile_gdn_stage layer=13 stage=gated_norm seq_len=1 start_pos=67 elapsed_ms=0.002
kiln_profile_gdn_stage layer=13 stage=out_proj seq_len=1 start_pos=67 elapsed_ms=0.698
kiln_profile_mlp_stage layer=13 stage=gate_up_fused seq_len=1 start_pos=67 elapsed_ms=2.031
kiln_profile_mlp_stage layer=13 stage=down_proj seq_len=1 start_pos=67 elapsed_ms=1.246
kiln_profile_gdn_stage layer=14 stage=in_proj seq_len=1 start_pos=67 elapsed_ms=1.366
kiln_profile_gdn_stage layer=14 stage=qkv_conv_norm seq_len=1 start_pos=67 elapsed_ms=0.288
kiln_profile_gdn_stage layer=14 stage=gates_recur_gated_norm seq_len=1 start_pos=67 elapsed_ms=0.309
kiln_profile_gdn_stage layer=14 stage=post_transpose seq_len=1 start_pos=67 elapsed_ms=0.003
kiln_profile_gdn_stage layer=14 stage=gated_norm seq_len=1 start_pos=67 elapsed_ms=0.004
kiln_profile_gdn_stage layer=14 stage=out_proj seq_len=1 start_pos=67 elapsed_ms=0.686
kiln_profile_mlp_stage layer=14 stage=gate_up_fused seq_len=1 start_pos=67 elapsed_ms=1.794
kiln_profile_mlp_stage layer=14 stage=down_proj seq_len=1 start_pos=67 elapsed_ms=1.148
kiln_profile_full_attn_stage full_attn_layer=3 stage=qkv_proj seq_len=1 start_pos=67 elapsed_ms=1.257
kiln_profile_full_attn_stage full_attn_layer=3 stage=qkv_split seq_len=1 start_pos=67 elapsed_ms=0.240
kiln_profile_full_attn_stage full_attn_layer=3 stage=qk_norm seq_len=1 start_pos=67 elapsed_ms=0.200
kiln_profile_full_attn_stage full_attn_layer=3 stage=rope seq_len=1 start_pos=67 elapsed_ms=0.173
kiln_profile_full_attn_stage full_attn_layer=3 stage=q_transpose seq_len=1 start_pos=67 elapsed_ms=0.001
kiln_profile_full_attn_stage full_attn_layer=3 stage=kv_write seq_len=1 start_pos=67 elapsed_ms=0.178
kiln_profile_full_attn_stage full_attn_layer=3 stage=decode_attn_contiguous seq_len=1 start_pos=67 elapsed_ms=0.206
kiln_profile_full_attn_stage full_attn_layer=3 stage=attn_gate seq_len=1 start_pos=67 elapsed_ms=0.171
kiln_profile_full_attn_stage full_attn_layer=3 stage=o_proj seq_len=1 start_pos=67 elapsed_ms=0.604
kiln_profile_mlp_stage layer=15 stage=gate_up_fused seq_len=1 start_pos=67 elapsed_ms=1.761
kiln_profile_mlp_stage layer=15 stage=down_proj seq_len=1 start_pos=67 elapsed_ms=1.092
kiln_profile_gdn_stage layer=16 stage=in_proj seq_len=1 start_pos=67 elapsed_ms=1.309
kiln_profile_gdn_stage layer=16 stage=qkv_conv_norm seq_len=1 start_pos=67 elapsed_ms=0.226
kiln_profile_gdn_stage layer=16 stage=gates_recur_gated_norm seq_len=1 start_pos=67 elapsed_ms=0.301
kiln_profile_gdn_stage layer=16 stage=post_transpose seq_len=1 start_pos=67 elapsed_ms=0.000
kiln_profile_gdn_stage layer=16 stage=gated_norm seq_len=1 start_pos=67 elapsed_ms=0.001
kiln_profile_gdn_stage layer=16 stage=out_proj seq_len=1 start_pos=67 elapsed_ms=0.656
kiln_profile_mlp_stage layer=16 stage=gate_up_fused seq_len=1 start_pos=67 elapsed_ms=2.480
kiln_profile_mlp_stage layer=16 stage=down_proj seq_len=1 start_pos=67 elapsed_ms=1.148
kiln_profile_gdn_stage layer=17 stage=in_proj seq_len=1 start_pos=67 elapsed_ms=1.328
kiln_profile_gdn_stage layer=17 stage=qkv_conv_norm seq_len=1 start_pos=67 elapsed_ms=0.250
kiln_profile_gdn_stage layer=17 stage=gates_recur_gated_norm seq_len=1 start_pos=67 elapsed_ms=0.316
kiln_profile_gdn_stage layer=17 stage=post_transpose seq_len=1 start_pos=67 elapsed_ms=0.000
kiln_profile_gdn_stage layer=17 stage=gated_norm seq_len=1 start_pos=67 elapsed_ms=0.002
kiln_profile_gdn_stage layer=17 stage=out_proj seq_len=1 start_pos=67 elapsed_ms=0.712
kiln_profile_mlp_stage layer=17 stage=gate_up_fused seq_len=1 start_pos=67 elapsed_ms=1.831
kiln_profile_mlp_stage layer=17 stage=down_proj seq_len=1 start_pos=67 elapsed_ms=1.145
kiln_profile_gdn_stage layer=18 stage=in_proj seq_len=1 start_pos=67 elapsed_ms=1.345
kiln_profile_gdn_stage layer=18 stage=qkv_conv_norm seq_len=1 start_pos=67 elapsed_ms=0.297
kiln_profile_gdn_stage layer=18 stage=gates_recur_gated_norm seq_len=1 start_pos=67 elapsed_ms=0.390
kiln_profile_gdn_stage layer=18 stage=post_transpose seq_len=1 start_pos=67 elapsed_ms=0.000
kiln_profile_gdn_stage layer=18 stage=gated_norm seq_len=1 start_pos=67 elapsed_ms=0.002
kiln_profile_gdn_stage layer=18 stage=out_proj seq_len=1 start_pos=67 elapsed_ms=0.688
kiln_profile_mlp_stage layer=18 stage=gate_up_fused seq_len=1 start_pos=67 elapsed_ms=1.891
kiln_profile_mlp_stage layer=18 stage=down_proj seq_len=1 start_pos=67 elapsed_ms=1.156
kiln_profile_full_attn_stage full_attn_layer=4 stage=qkv_proj seq_len=1 start_pos=67 elapsed_ms=1.291
kiln_profile_full_attn_stage full_attn_layer=4 stage=qkv_split seq_len=1 start_pos=67 elapsed_ms=0.263
kiln_profile_full_attn_stage full_attn_layer=4 stage=qk_norm seq_len=1 start_pos=67 elapsed_ms=0.249
kiln_profile_full_attn_stage full_attn_layer=4 stage=rope seq_len=1 start_pos=67 elapsed_ms=0.204
kiln_profile_full_attn_stage full_attn_layer=4 stage=q_transpose seq_len=1 start_pos=67 elapsed_ms=0.001
kiln_profile_full_attn_stage full_attn_layer=4 stage=kv_write seq_len=1 start_pos=67 elapsed_ms=0.251
kiln_profile_full_attn_stage full_attn_layer=4 stage=decode_attn_contiguous seq_len=1 start_pos=67 elapsed_ms=0.220
kiln_profile_full_attn_stage full_attn_layer=4 stage=attn_gate seq_len=1 start_pos=67 elapsed_ms=0.209
kiln_profile_full_attn_stage full_attn_layer=4 stage=o_proj seq_len=1 start_pos=67 elapsed_ms=0.628
kiln_profile_mlp_stage layer=19 stage=gate_up_fused seq_len=1 start_pos=67 elapsed_ms=1.867
kiln_profile_mlp_stage layer=19 stage=down_proj seq_len=1 start_pos=67 elapsed_ms=1.263
kiln_profile_gdn_stage layer=20 stage=in_proj seq_len=1 start_pos=67 elapsed_ms=1.363
kiln_profile_gdn_stage layer=20 stage=qkv_conv_norm seq_len=1 start_pos=67 elapsed_ms=0.256
kiln_profile_gdn_stage layer=20 stage=gates_recur_gated_norm seq_len=1 start_pos=67 elapsed_ms=0.328
kiln_profile_gdn_stage layer=20 stage=post_transpose seq_len=1 start_pos=67 elapsed_ms=0.000
kiln_profile_gdn_stage layer=20 stage=gated_norm seq_len=1 start_pos=67 elapsed_ms=0.002
kiln_profile_gdn_stage layer=20 stage=out_proj seq_len=1 start_pos=67 elapsed_ms=0.710
kiln_profile_mlp_stage layer=20 stage=gate_up_fused seq_len=1 start_pos=67 elapsed_ms=1.859
kiln_profile_mlp_stage layer=20 stage=down_proj seq_len=1 start_pos=67 elapsed_ms=1.098
kiln_profile_gdn_stage layer=21 stage=in_proj seq_len=1 start_pos=67 elapsed_ms=1.409
kiln_profile_gdn_stage layer=21 stage=qkv_conv_norm seq_len=1 start_pos=67 elapsed_ms=0.286
kiln_profile_gdn_stage layer=21 stage=gates_recur_gated_norm seq_len=1 start_pos=67 elapsed_ms=0.818
kiln_profile_gdn_stage layer=21 stage=post_transpose seq_len=1 start_pos=67 elapsed_ms=0.000
kiln_profile_gdn_stage layer=21 stage=gated_norm seq_len=1 start_pos=67 elapsed_ms=0.003
kiln_profile_gdn_stage layer=21 stage=out_proj seq_len=1 start_pos=67 elapsed_ms=0.885
kiln_profile_mlp_stage layer=21 stage=gate_up_fused seq_len=1 start_pos=67 elapsed_ms=2.006
kiln_profile_mlp_stage layer=21 stage=down_proj seq_len=1 start_pos=67 elapsed_ms=1.290
kiln_profile_gdn_stage layer=22 stage=in_proj seq_len=1 start_pos=67 elapsed_ms=1.454
kiln_profile_gdn_stage layer=22 stage=qkv_conv_norm seq_len=1 start_pos=67 elapsed_ms=0.333
kiln_profile_gdn_stage layer=22 stage=gates_recur_gated_norm seq_len=1 start_pos=67 elapsed_ms=0.385
kiln_profile_gdn_stage layer=22 stage=post_transpose seq_len=1 start_pos=67 elapsed_ms=0.000
kiln_profile_gdn_stage layer=22 stage=gated_norm seq_len=1 start_pos=67 elapsed_ms=0.003
kiln_profile_gdn_stage layer=22 stage=out_proj seq_len=1 start_pos=67 elapsed_ms=0.785
kiln_profile_mlp_stage layer=22 stage=gate_up_fused seq_len=1 start_pos=67 elapsed_ms=2.012
kiln_profile_mlp_stage layer=22 stage=down_proj seq_len=1 start_pos=67 elapsed_ms=1.434
kiln_profile_full_attn_stage full_attn_layer=5 stage=qkv_proj seq_len=1 start_pos=67 elapsed_ms=1.444
kiln_profile_full_attn_stage full_attn_layer=5 stage=qkv_split seq_len=1 start_pos=67 elapsed_ms=0.726
kiln_profile_full_attn_stage full_attn_layer=5 stage=qk_norm seq_len=1 start_pos=67 elapsed_ms=0.399
kiln_profile_full_attn_stage full_attn_layer=5 stage=rope seq_len=1 start_pos=67 elapsed_ms=0.305
kiln_profile_full_attn_stage full_attn_layer=5 stage=q_transpose seq_len=1 start_pos=67 elapsed_ms=0.003
kiln_profile_full_attn_stage full_attn_layer=5 stage=kv_write seq_len=1 start_pos=67 elapsed_ms=0.273
kiln_profile_full_attn_stage full_attn_layer=5 stage=decode_attn_contiguous seq_len=1 start_pos=67 elapsed_ms=0.296
kiln_profile_full_attn_stage full_attn_layer=5 stage=attn_gate seq_len=1 start_pos=67 elapsed_ms=0.239
kiln_profile_full_attn_stage full_attn_layer=5 stage=o_proj seq_len=1 start_pos=67 elapsed_ms=0.740
kiln_profile_mlp_stage layer=23 stage=gate_up_fused seq_len=1 start_pos=67 elapsed_ms=1.904
kiln_profile_mlp_stage layer=23 stage=down_proj seq_len=1 start_pos=67 elapsed_ms=1.283
kiln_profile_gdn_stage layer=24 stage=in_proj seq_len=1 start_pos=67 elapsed_ms=1.438
kiln_profile_gdn_stage layer=24 stage=qkv_conv_norm seq_len=1 start_pos=67 elapsed_ms=0.389
kiln_profile_gdn_stage layer=24 stage=gates_recur_gated_norm seq_len=1 start_pos=67 elapsed_ms=0.406
kiln_profile_gdn_stage layer=24 stage=post_transpose seq_len=1 start_pos=67 elapsed_ms=0.000
kiln_profile_gdn_stage layer=24 stage=gated_norm seq_len=1 start_pos=67 elapsed_ms=0.006
kiln_profile_gdn_stage layer=24 stage=out_proj seq_len=1 start_pos=67 elapsed_ms=0.762
kiln_profile_mlp_stage layer=24 stage=gate_up_fused seq_len=1 start_pos=67 elapsed_ms=2.136
kiln_profile_mlp_stage layer=24 stage=down_proj seq_len=1 start_pos=67 elapsed_ms=1.267
kiln_profile_gdn_stage layer=25 stage=in_proj seq_len=1 start_pos=67 elapsed_ms=1.421
kiln_profile_gdn_stage layer=25 stage=qkv_conv_norm seq_len=1 start_pos=67 elapsed_ms=0.286
kiln_profile_gdn_stage layer=25 stage=gates_recur_gated_norm seq_len=1 start_pos=67 elapsed_ms=0.382
kiln_profile_gdn_stage layer=25 stage=post_transpose seq_len=1 start_pos=67 elapsed_ms=0.000
kiln_profile_gdn_stage layer=25 stage=gated_norm seq_len=1 start_pos=67 elapsed_ms=0.002
kiln_profile_gdn_stage layer=25 stage=out_proj seq_len=1 start_pos=67 elapsed_ms=0.806
kiln_profile_mlp_stage layer=25 stage=gate_up_fused seq_len=1 start_pos=67 elapsed_ms=2.479
kiln_profile_mlp_stage layer=25 stage=down_proj seq_len=1 start_pos=67 elapsed_ms=1.210
kiln_profile_gdn_stage layer=26 stage=in_proj seq_len=1 start_pos=67 elapsed_ms=1.371
kiln_profile_gdn_stage layer=26 stage=qkv_conv_norm seq_len=1 start_pos=67 elapsed_ms=0.237
kiln_profile_gdn_stage layer=26 stage=gates_recur_gated_norm seq_len=1 start_pos=67 elapsed_ms=0.292
kiln_profile_gdn_stage layer=26 stage=post_transpose seq_len=1 start_pos=67 elapsed_ms=0.000
kiln_profile_gdn_stage layer=26 stage=gated_norm seq_len=1 start_pos=67 elapsed_ms=0.002
kiln_profile_gdn_stage layer=26 stage=out_proj seq_len=1 start_pos=67 elapsed_ms=0.735
kiln_profile_mlp_stage layer=26 stage=gate_up_fused seq_len=1 start_pos=67 elapsed_ms=1.918
kiln_profile_mlp_stage layer=26 stage=down_proj seq_len=1 start_pos=67 elapsed_ms=1.196
kiln_profile_full_attn_stage full_attn_layer=6 stage=qkv_proj seq_len=1 start_pos=67 elapsed_ms=1.468
kiln_profile_full_attn_stage full_attn_layer=6 stage=qkv_split seq_len=1 start_pos=67 elapsed_ms=0.376
kiln_profile_full_attn_stage full_attn_layer=6 stage=qk_norm seq_len=1 start_pos=67 elapsed_ms=0.327
kiln_profile_full_attn_stage full_attn_layer=6 stage=rope seq_len=1 start_pos=67 elapsed_ms=0.314
kiln_profile_full_attn_stage full_attn_layer=6 stage=q_transpose seq_len=1 start_pos=67 elapsed_ms=0.003
kiln_profile_full_attn_stage full_attn_layer=6 stage=kv_write seq_len=1 start_pos=67 elapsed_ms=0.306
kiln_profile_full_attn_stage full_attn_layer=6 stage=decode_attn_contiguous seq_len=1 start_pos=67 elapsed_ms=0.377
kiln_profile_full_attn_stage full_attn_layer=6 stage=attn_gate seq_len=1 start_pos=67 elapsed_ms=0.309
kiln_profile_full_attn_stage full_attn_layer=6 stage=o_proj seq_len=1 start_pos=67 elapsed_ms=0.909
kiln_profile_mlp_stage layer=27 stage=gate_up_fused seq_len=1 start_pos=67 elapsed_ms=1.928
kiln_profile_mlp_stage layer=27 stage=down_proj seq_len=1 start_pos=67 elapsed_ms=1.176
kiln_profile_gdn_stage layer=28 stage=in_proj seq_len=1 start_pos=67 elapsed_ms=1.350
kiln_profile_gdn_stage layer=28 stage=qkv_conv_norm seq_len=1 start_pos=67 elapsed_ms=0.251
kiln_profile_gdn_stage layer=28 stage=gates_recur_gated_norm seq_len=1 start_pos=67 elapsed_ms=0.296
kiln_profile_gdn_stage layer=28 stage=post_transpose seq_len=1 start_pos=67 elapsed_ms=0.000
kiln_profile_gdn_stage layer=28 stage=gated_norm seq_len=1 start_pos=67 elapsed_ms=0.002
kiln_profile_gdn_stage layer=28 stage=out_proj seq_len=1 start_pos=67 elapsed_ms=0.632
kiln_profile_mlp_stage layer=28 stage=gate_up_fused seq_len=1 start_pos=67 elapsed_ms=1.814
kiln_profile_mlp_stage layer=28 stage=down_proj seq_len=1 start_pos=67 elapsed_ms=1.061
kiln_profile_gdn_stage layer=29 stage=in_proj seq_len=1 start_pos=67 elapsed_ms=1.334
kiln_profile_gdn_stage layer=29 stage=qkv_conv_norm seq_len=1 start_pos=67 elapsed_ms=0.189
kiln_profile_gdn_stage layer=29 stage=gates_recur_gated_norm seq_len=1 start_pos=67 elapsed_ms=0.273
kiln_profile_gdn_stage layer=29 stage=post_transpose seq_len=1 start_pos=67 elapsed_ms=0.000
kiln_profile_gdn_stage layer=29 stage=gated_norm seq_len=1 start_pos=67 elapsed_ms=0.002
kiln_profile_gdn_stage layer=29 stage=out_proj seq_len=1 start_pos=67 elapsed_ms=0.687
kiln_profile_mlp_stage layer=29 stage=gate_up_fused seq_len=1 start_pos=67 elapsed_ms=1.877
kiln_profile_mlp_stage layer=29 stage=down_proj seq_len=1 start_pos=67 elapsed_ms=1.165
kiln_profile_gdn_stage layer=30 stage=in_proj seq_len=1 start_pos=67 elapsed_ms=1.388
kiln_profile_gdn_stage layer=30 stage=qkv_conv_norm seq_len=1 start_pos=67 elapsed_ms=0.232
kiln_profile_gdn_stage layer=30 stage=gates_recur_gated_norm seq_len=1 start_pos=67 elapsed_ms=0.314
kiln_profile_gdn_stage layer=30 stage=post_transpose seq_len=1 start_pos=67 elapsed_ms=0.000
kiln_profile_gdn_stage layer=30 stage=gated_norm seq_len=1 start_pos=67 elapsed_ms=0.002
kiln_profile_gdn_stage layer=30 stage=out_proj seq_len=1 start_pos=67 elapsed_ms=0.714
kiln_profile_mlp_stage layer=30 stage=gate_up_fused seq_len=1 start_pos=67 elapsed_ms=2.636
kiln_profile_mlp_stage layer=30 stage=down_proj seq_len=1 start_pos=67 elapsed_ms=1.173
kiln_profile_full_attn_stage full_attn_layer=7 stage=qkv_proj seq_len=1 start_pos=67 elapsed_ms=1.419
kiln_profile_full_attn_stage full_attn_layer=7 stage=qkv_split seq_len=1 start_pos=67 elapsed_ms=0.390
kiln_profile_full_attn_stage full_attn_layer=7 stage=qk_norm seq_len=1 start_pos=67 elapsed_ms=0.301
kiln_profile_full_attn_stage full_attn_layer=7 stage=rope seq_len=1 start_pos=67 elapsed_ms=0.320
kiln_profile_full_attn_stage full_attn_layer=7 stage=q_transpose seq_len=1 start_pos=67 elapsed_ms=0.002
kiln_profile_full_attn_stage full_attn_layer=7 stage=kv_write seq_len=1 start_pos=67 elapsed_ms=0.274
kiln_profile_full_attn_stage full_attn_layer=7 stage=decode_attn_contiguous seq_len=1 start_pos=67 elapsed_ms=0.325
kiln_profile_full_attn_stage full_attn_layer=7 stage=attn_gate seq_len=1 start_pos=67 elapsed_ms=0.261
kiln_profile_full_attn_stage full_attn_layer=7 stage=o_proj seq_len=1 start_pos=67 elapsed_ms=0.801
kiln_profile_mlp_stage layer=31 stage=gate_up_fused seq_len=1 start_pos=67 elapsed_ms=2.103
kiln_profile_mlp_stage layer=31 stage=down_proj seq_len=1 start_pos=67 elapsed_ms=1.167
kiln_profile_gdn_stage layer=0 stage=in_proj seq_len=1 start_pos=68 elapsed_ms=1.407
kiln_profile_gdn_stage layer=0 stage=qkv_conv_norm seq_len=1 start_pos=68 elapsed_ms=0.328
kiln_profile_gdn_stage layer=0 stage=gates_recur_gated_norm seq_len=1 start_pos=68 elapsed_ms=0.362
kiln_profile_gdn_stage layer=0 stage=post_transpose seq_len=1 start_pos=68 elapsed_ms=0.002
kiln_profile_gdn_stage layer=0 stage=gated_norm seq_len=1 start_pos=68 elapsed_ms=0.003
kiln_profile_gdn_stage layer=0 stage=out_proj seq_len=1 start_pos=68 elapsed_ms=0.709
kiln_profile_mlp_stage layer=0 stage=gate_up_fused seq_len=1 start_pos=68 elapsed_ms=1.850
kiln_profile_mlp_stage layer=0 stage=down_proj seq_len=1 start_pos=68 elapsed_ms=1.168
kiln_profile_gdn_stage layer=1 stage=in_proj seq_len=1 start_pos=68 elapsed_ms=1.432
kiln_profile_gdn_stage layer=1 stage=qkv_conv_norm seq_len=1 start_pos=68 elapsed_ms=0.404
kiln_profile_gdn_stage layer=1 stage=gates_recur_gated_norm seq_len=1 start_pos=68 elapsed_ms=0.440
kiln_profile_gdn_stage layer=1 stage=post_transpose seq_len=1 start_pos=68 elapsed_ms=0.001
kiln_profile_gdn_stage layer=1 stage=gated_norm seq_len=1 start_pos=68 elapsed_ms=0.004
kiln_profile_gdn_stage layer=1 stage=out_proj seq_len=1 start_pos=68 elapsed_ms=0.809
kiln_profile_mlp_stage layer=1 stage=gate_up_fused seq_len=1 start_pos=68 elapsed_ms=2.016
kiln_profile_mlp_stage layer=1 stage=down_proj seq_len=1 start_pos=68 elapsed_ms=1.287
kiln_profile_gdn_stage layer=2 stage=in_proj seq_len=1 start_pos=68 elapsed_ms=1.404
kiln_profile_gdn_stage layer=2 stage=qkv_conv_norm seq_len=1 start_pos=68 elapsed_ms=0.289
kiln_profile_gdn_stage layer=2 stage=gates_recur_gated_norm seq_len=1 start_pos=68 elapsed_ms=0.363
kiln_profile_gdn_stage layer=2 stage=post_transpose seq_len=1 start_pos=68 elapsed_ms=0.000
kiln_profile_gdn_stage layer=2 stage=gated_norm seq_len=1 start_pos=68 elapsed_ms=0.003
kiln_profile_gdn_stage layer=2 stage=out_proj seq_len=1 start_pos=68 elapsed_ms=0.719
kiln_profile_mlp_stage layer=2 stage=gate_up_fused seq_len=1 start_pos=68 elapsed_ms=1.904
kiln_profile_mlp_stage layer=2 stage=down_proj seq_len=1 start_pos=68 elapsed_ms=1.180
kiln_profile_full_attn_stage full_attn_layer=0 stage=qkv_proj seq_len=1 start_pos=68 elapsed_ms=1.284
kiln_profile_full_attn_stage full_attn_layer=0 stage=qkv_split seq_len=1 start_pos=68 elapsed_ms=0.287
kiln_profile_full_attn_stage full_attn_layer=0 stage=qk_norm seq_len=1 start_pos=68 elapsed_ms=0.229
kiln_profile_full_attn_stage full_attn_layer=0 stage=rope seq_len=1 start_pos=68 elapsed_ms=0.218
kiln_profile_full_attn_stage full_attn_layer=0 stage=q_transpose seq_len=1 start_pos=68 elapsed_ms=0.002
kiln_profile_full_attn_stage full_attn_layer=0 stage=kv_write seq_len=1 start_pos=68 elapsed_ms=0.217
kiln_profile_full_attn_stage full_attn_layer=0 stage=decode_attn_contiguous seq_len=1 start_pos=68 elapsed_ms=0.258
kiln_profile_full_attn_stage full_attn_layer=0 stage=attn_gate seq_len=1 start_pos=68 elapsed_ms=0.210
kiln_profile_full_attn_stage full_attn_layer=0 stage=o_proj seq_len=1 start_pos=68 elapsed_ms=0.681
kiln_profile_mlp_stage layer=3 stage=gate_up_fused seq_len=1 start_pos=68 elapsed_ms=2.022
kiln_profile_mlp_stage layer=3 stage=down_proj seq_len=1 start_pos=68 elapsed_ms=2.134
kiln_profile_gdn_stage layer=4 stage=in_proj seq_len=1 start_pos=68 elapsed_ms=1.443
kiln_profile_gdn_stage layer=4 stage=qkv_conv_norm seq_len=1 start_pos=68 elapsed_ms=0.349
kiln_profile_gdn_stage layer=4 stage=gates_recur_gated_norm seq_len=1 start_pos=68 elapsed_ms=0.398
kiln_profile_gdn_stage layer=4 stage=post_transpose seq_len=1 start_pos=68 elapsed_ms=0.001
kiln_profile_gdn_stage layer=4 stage=gated_norm seq_len=1 start_pos=68 elapsed_ms=0.004
kiln_profile_gdn_stage layer=4 stage=out_proj seq_len=1 start_pos=68 elapsed_ms=0.816
kiln_profile_mlp_stage layer=4 stage=gate_up_fused seq_len=1 start_pos=68 elapsed_ms=1.881
kiln_profile_mlp_stage layer=4 stage=down_proj seq_len=1 start_pos=68 elapsed_ms=1.210
kiln_profile_gdn_stage layer=5 stage=in_proj seq_len=1 start_pos=68 elapsed_ms=1.534
kiln_profile_gdn_stage layer=5 stage=qkv_conv_norm seq_len=1 start_pos=68 elapsed_ms=0.407
kiln_profile_gdn_stage layer=5 stage=gates_recur_gated_norm seq_len=1 start_pos=68 elapsed_ms=0.444
kiln_profile_gdn_stage layer=5 stage=post_transpose seq_len=1 start_pos=68 elapsed_ms=0.001
kiln_profile_gdn_stage layer=5 stage=gated_norm seq_len=1 start_pos=68 elapsed_ms=0.004
kiln_profile_gdn_stage layer=5 stage=out_proj seq_len=1 start_pos=68 elapsed_ms=0.873
kiln_profile_mlp_stage layer=5 stage=gate_up_fused seq_len=1 start_pos=68 elapsed_ms=2.039
kiln_profile_mlp_stage layer=5 stage=down_proj seq_len=1 start_pos=68 elapsed_ms=1.467
kiln_profile_gdn_stage layer=6 stage=in_proj seq_len=1 start_pos=68 elapsed_ms=1.330
kiln_profile_gdn_stage layer=6 stage=qkv_conv_norm seq_len=1 start_pos=68 elapsed_ms=0.199
kiln_profile_gdn_stage layer=6 stage=gates_recur_gated_norm seq_len=1 start_pos=68 elapsed_ms=0.294
kiln_profile_gdn_stage layer=6 stage=post_transpose seq_len=1 start_pos=68 elapsed_ms=0.000
kiln_profile_gdn_stage layer=6 stage=gated_norm seq_len=1 start_pos=68 elapsed_ms=0.002
kiln_profile_gdn_stage layer=6 stage=out_proj seq_len=1 start_pos=68 elapsed_ms=0.646
kiln_profile_mlp_stage layer=6 stage=gate_up_fused seq_len=1 start_pos=68 elapsed_ms=1.792
kiln_profile_mlp_stage layer=6 stage=down_proj seq_len=1 start_pos=68 elapsed_ms=1.080
kiln_profile_full_attn_stage full_attn_layer=1 stage=qkv_proj seq_len=1 start_pos=68 elapsed_ms=1.266
kiln_profile_full_attn_stage full_attn_layer=1 stage=qkv_split seq_len=1 start_pos=68 elapsed_ms=0.213
kiln_profile_full_attn_stage full_attn_layer=1 stage=qk_norm seq_len=1 start_pos=68 elapsed_ms=0.204
kiln_profile_full_attn_stage full_attn_layer=1 stage=rope seq_len=1 start_pos=68 elapsed_ms=0.179
kiln_profile_full_attn_stage full_attn_layer=1 stage=q_transpose seq_len=1 start_pos=68 elapsed_ms=0.002
kiln_profile_full_attn_stage full_attn_layer=1 stage=kv_write seq_len=1 start_pos=68 elapsed_ms=0.166
kiln_profile_full_attn_stage full_attn_layer=1 stage=decode_attn_contiguous seq_len=1 start_pos=68 elapsed_ms=0.202
kiln_profile_full_attn_stage full_attn_layer=1 stage=attn_gate seq_len=1 start_pos=68 elapsed_ms=0.178
kiln_profile_full_attn_stage full_attn_layer=1 stage=o_proj seq_len=1 start_pos=68 elapsed_ms=0.612
kiln_profile_mlp_stage layer=7 stage=gate_up_fused seq_len=1 start_pos=68 elapsed_ms=1.953
kiln_profile_mlp_stage layer=7 stage=down_proj seq_len=1 start_pos=68 elapsed_ms=1.375
kiln_profile_gdn_stage layer=8 stage=in_proj seq_len=1 start_pos=68 elapsed_ms=4.159
kiln_profile_gdn_stage layer=8 stage=qkv_conv_norm seq_len=1 start_pos=68 elapsed_ms=1.097
kiln_profile_gdn_stage layer=8 stage=gates_recur_gated_norm seq_len=1 start_pos=68 elapsed_ms=0.579
kiln_profile_gdn_stage layer=8 stage=post_transpose seq_len=1 start_pos=68 elapsed_ms=0.000
kiln_profile_gdn_stage layer=8 stage=gated_norm seq_len=1 start_pos=68 elapsed_ms=0.003
kiln_profile_gdn_stage layer=8 stage=out_proj seq_len=1 start_pos=68 elapsed_ms=0.809
kiln_profile_mlp_stage layer=8 stage=gate_up_fused seq_len=1 start_pos=68 elapsed_ms=2.036
kiln_profile_mlp_stage layer=8 stage=down_proj seq_len=1 start_pos=68 elapsed_ms=1.409
kiln_profile_gdn_stage layer=9 stage=in_proj seq_len=1 start_pos=68 elapsed_ms=1.553
kiln_profile_gdn_stage layer=9 stage=qkv_conv_norm seq_len=1 start_pos=68 elapsed_ms=0.266
kiln_profile_gdn_stage layer=9 stage=gates_recur_gated_norm seq_len=1 start_pos=68 elapsed_ms=0.302
kiln_profile_gdn_stage layer=9 stage=post_transpose seq_len=1 start_pos=68 elapsed_ms=0.000
kiln_profile_gdn_stage layer=9 stage=gated_norm seq_len=1 start_pos=68 elapsed_ms=0.002
kiln_profile_gdn_stage layer=9 stage=out_proj seq_len=1 start_pos=68 elapsed_ms=0.743
kiln_profile_mlp_stage layer=9 stage=gate_up_fused seq_len=1 start_pos=68 elapsed_ms=2.245
kiln_profile_mlp_stage layer=9 stage=down_proj seq_len=1 start_pos=68 elapsed_ms=1.450
kiln_profile_gdn_stage layer=10 stage=in_proj seq_len=1 start_pos=68 elapsed_ms=1.731
kiln_profile_gdn_stage layer=10 stage=qkv_conv_norm seq_len=1 start_pos=68 elapsed_ms=0.378
kiln_profile_gdn_stage layer=10 stage=gates_recur_gated_norm seq_len=1 start_pos=68 elapsed_ms=0.327
kiln_profile_gdn_stage layer=10 stage=post_transpose seq_len=1 start_pos=68 elapsed_ms=0.000
kiln_profile_gdn_stage layer=10 stage=gated_norm seq_len=1 start_pos=68 elapsed_ms=0.002
kiln_profile_gdn_stage layer=10 stage=out_proj seq_len=1 start_pos=68 elapsed_ms=0.695
kiln_profile_mlp_stage layer=10 stage=gate_up_fused seq_len=1 start_pos=68 elapsed_ms=2.058
kiln_profile_mlp_stage layer=10 stage=down_proj seq_len=1 start_pos=68 elapsed_ms=1.158
kiln_profile_full_attn_stage full_attn_layer=2 stage=qkv_proj seq_len=1 start_pos=68 elapsed_ms=1.340
kiln_profile_full_attn_stage full_attn_layer=2 stage=qkv_split seq_len=1 start_pos=68 elapsed_ms=0.222
kiln_profile_full_attn_stage full_attn_layer=2 stage=qk_norm seq_len=1 start_pos=68 elapsed_ms=0.295
kiln_profile_full_attn_stage full_attn_layer=2 stage=rope seq_len=1 start_pos=68 elapsed_ms=0.188
kiln_profile_full_attn_stage full_attn_layer=2 stage=q_transpose seq_len=1 start_pos=68 elapsed_ms=0.002
kiln_profile_full_attn_stage full_attn_layer=2 stage=kv_write seq_len=1 start_pos=68 elapsed_ms=0.202
kiln_profile_full_attn_stage full_attn_layer=2 stage=decode_attn_contiguous seq_len=1 start_pos=68 elapsed_ms=0.224
kiln_profile_full_attn_stage full_attn_layer=2 stage=attn_gate seq_len=1 start_pos=68 elapsed_ms=0.164
kiln_profile_full_attn_stage full_attn_layer=2 stage=o_proj seq_len=1 start_pos=68 elapsed_ms=0.647
kiln_profile_mlp_stage layer=11 stage=gate_up_fused seq_len=1 start_pos=68 elapsed_ms=1.940
kiln_profile_mlp_stage layer=11 stage=down_proj seq_len=1 start_pos=68 elapsed_ms=1.159
kiln_profile_gdn_stage layer=12 stage=in_proj seq_len=1 start_pos=68 elapsed_ms=1.493
kiln_profile_gdn_stage layer=12 stage=qkv_conv_norm seq_len=1 start_pos=68 elapsed_ms=0.182
kiln_profile_gdn_stage layer=12 stage=gates_recur_gated_norm seq_len=1 start_pos=68 elapsed_ms=0.268
kiln_profile_gdn_stage layer=12 stage=post_transpose seq_len=1 start_pos=68 elapsed_ms=0.000
kiln_profile_gdn_stage layer=12 stage=gated_norm seq_len=1 start_pos=68 elapsed_ms=0.001
kiln_profile_gdn_stage layer=12 stage=out_proj seq_len=1 start_pos=68 elapsed_ms=0.695
kiln_profile_mlp_stage layer=12 stage=gate_up_fused seq_len=1 start_pos=68 elapsed_ms=2.488
kiln_profile_mlp_stage layer=12 stage=down_proj seq_len=1 start_pos=68 elapsed_ms=1.324
kiln_profile_gdn_stage layer=13 stage=in_proj seq_len=1 start_pos=68 elapsed_ms=1.349
kiln_profile_gdn_stage layer=13 stage=qkv_conv_norm seq_len=1 start_pos=68 elapsed_ms=0.201
kiln_profile_gdn_stage layer=13 stage=gates_recur_gated_norm seq_len=1 start_pos=68 elapsed_ms=0.362
kiln_profile_gdn_stage layer=13 stage=post_transpose seq_len=1 start_pos=68 elapsed_ms=0.000
kiln_profile_gdn_stage layer=13 stage=gated_norm seq_len=1 start_pos=68 elapsed_ms=0.004
kiln_profile_gdn_stage layer=13 stage=out_proj seq_len=1 start_pos=68 elapsed_ms=0.730
kiln_profile_mlp_stage layer=13 stage=gate_up_fused seq_len=1 start_pos=68 elapsed_ms=1.806
kiln_profile_mlp_stage layer=13 stage=down_proj seq_len=1 start_pos=68 elapsed_ms=1.137
kiln_profile_gdn_stage layer=14 stage=in_proj seq_len=1 start_pos=68 elapsed_ms=1.340
kiln_profile_gdn_stage layer=14 stage=qkv_conv_norm seq_len=1 start_pos=68 elapsed_ms=0.235
kiln_profile_gdn_stage layer=14 stage=gates_recur_gated_norm seq_len=1 start_pos=68 elapsed_ms=0.289
kiln_profile_gdn_stage layer=14 stage=post_transpose seq_len=1 start_pos=68 elapsed_ms=0.000
kiln_profile_gdn_stage layer=14 stage=gated_norm seq_len=1 start_pos=68 elapsed_ms=0.002
kiln_profile_gdn_stage layer=14 stage=out_proj seq_len=1 start_pos=68 elapsed_ms=0.660
kiln_profile_mlp_stage layer=14 stage=gate_up_fused seq_len=1 start_pos=68 elapsed_ms=1.886
kiln_profile_mlp_stage layer=14 stage=down_proj seq_len=1 start_pos=68 elapsed_ms=1.325
kiln_profile_full_attn_stage full_attn_layer=3 stage=qkv_proj seq_len=1 start_pos=68 elapsed_ms=1.385
kiln_profile_full_attn_stage full_attn_layer=3 stage=qkv_split seq_len=1 start_pos=68 elapsed_ms=0.352
kiln_profile_full_attn_stage full_attn_layer=3 stage=qk_norm seq_len=1 start_pos=68 elapsed_ms=0.244
kiln_profile_full_attn_stage full_attn_layer=3 stage=rope seq_len=1 start_pos=68 elapsed_ms=0.264
kiln_profile_full_attn_stage full_attn_layer=3 stage=q_transpose seq_len=1 start_pos=68 elapsed_ms=0.002
kiln_profile_full_attn_stage full_attn_layer=3 stage=kv_write seq_len=1 start_pos=68 elapsed_ms=0.206
kiln_profile_full_attn_stage full_attn_layer=3 stage=decode_attn_contiguous seq_len=1 start_pos=68 elapsed_ms=0.234
kiln_profile_full_attn_stage full_attn_layer=3 stage=attn_gate seq_len=1 start_pos=68 elapsed_ms=0.245
kiln_profile_full_attn_stage full_attn_layer=3 stage=o_proj seq_len=1 start_pos=68 elapsed_ms=0.677
kiln_profile_mlp_stage layer=15 stage=gate_up_fused seq_len=1 start_pos=68 elapsed_ms=2.027
kiln_profile_mlp_stage layer=15 stage=down_proj seq_len=1 start_pos=68 elapsed_ms=1.238
kiln_profile_gdn_stage layer=16 stage=in_proj seq_len=1 start_pos=68 elapsed_ms=1.343
kiln_profile_gdn_stage layer=16 stage=qkv_conv_norm seq_len=1 start_pos=68 elapsed_ms=0.228
kiln_profile_gdn_stage layer=16 stage=gates_recur_gated_norm seq_len=1 start_pos=68 elapsed_ms=0.294
kiln_profile_gdn_stage layer=16 stage=post_transpose seq_len=1 start_pos=68 elapsed_ms=0.000
kiln_profile_gdn_stage layer=16 stage=gated_norm seq_len=1 start_pos=68 elapsed_ms=0.002
kiln_profile_gdn_stage layer=16 stage=out_proj seq_len=1 start_pos=68 elapsed_ms=0.671
kiln_profile_mlp_stage layer=16 stage=gate_up_fused seq_len=1 start_pos=68 elapsed_ms=1.838
kiln_profile_mlp_stage layer=16 stage=down_proj seq_len=1 start_pos=68 elapsed_ms=1.101
kiln_profile_gdn_stage layer=17 stage=in_proj seq_len=1 start_pos=68 elapsed_ms=1.305
kiln_profile_gdn_stage layer=17 stage=qkv_conv_norm seq_len=1 start_pos=68 elapsed_ms=0.251
kiln_profile_gdn_stage layer=17 stage=gates_recur_gated_norm seq_len=1 start_pos=68 elapsed_ms=0.331
kiln_profile_gdn_stage layer=17 stage=post_transpose seq_len=1 start_pos=68 elapsed_ms=0.000
kiln_profile_gdn_stage layer=17 stage=gated_norm seq_len=1 start_pos=68 elapsed_ms=0.003
kiln_profile_gdn_stage layer=17 stage=out_proj seq_len=1 start_pos=68 elapsed_ms=0.767
kiln_profile_mlp_stage layer=17 stage=gate_up_fused seq_len=1 start_pos=68 elapsed_ms=2.462
kiln_profile_mlp_stage layer=17 stage=down_proj seq_len=1 start_pos=68 elapsed_ms=1.121
kiln_profile_gdn_stage layer=18 stage=in_proj seq_len=1 start_pos=68 elapsed_ms=1.301
kiln_profile_gdn_stage layer=18 stage=qkv_conv_norm seq_len=1 start_pos=68 elapsed_ms=0.238
kiln_profile_gdn_stage layer=18 stage=gates_recur_gated_norm seq_len=1 start_pos=68 elapsed_ms=0.312
kiln_profile_gdn_stage layer=18 stage=post_transpose seq_len=1 start_pos=68 elapsed_ms=0.002
kiln_profile_gdn_stage layer=18 stage=gated_norm seq_len=1 start_pos=68 elapsed_ms=0.002
kiln_profile_gdn_stage layer=18 stage=out_proj seq_len=1 start_pos=68 elapsed_ms=0.687
kiln_profile_mlp_stage layer=18 stage=gate_up_fused seq_len=1 start_pos=68 elapsed_ms=1.806
kiln_profile_mlp_stage layer=18 stage=down_proj seq_len=1 start_pos=68 elapsed_ms=1.104
kiln_profile_full_attn_stage full_attn_layer=4 stage=qkv_proj seq_len=1 start_pos=68 elapsed_ms=1.313
kiln_profile_full_attn_stage full_attn_layer=4 stage=qkv_split seq_len=1 start_pos=68 elapsed_ms=0.244
kiln_profile_full_attn_stage full_attn_layer=4 stage=qk_norm seq_len=1 start_pos=68 elapsed_ms=0.213
kiln_profile_full_attn_stage full_attn_layer=4 stage=rope seq_len=1 start_pos=68 elapsed_ms=0.203
kiln_profile_full_attn_stage full_attn_layer=4 stage=q_transpose seq_len=1 start_pos=68 elapsed_ms=0.004
kiln_profile_full_attn_stage full_attn_layer=4 stage=kv_write seq_len=1 start_pos=68 elapsed_ms=0.188
kiln_profile_full_attn_stage full_attn_layer=4 stage=decode_attn_contiguous seq_len=1 start_pos=68 elapsed_ms=0.235
kiln_profile_full_attn_stage full_attn_layer=4 stage=attn_gate seq_len=1 start_pos=68 elapsed_ms=0.178
kiln_profile_full_attn_stage full_attn_layer=4 stage=o_proj seq_len=1 start_pos=68 elapsed_ms=0.642
kiln_profile_mlp_stage layer=19 stage=gate_up_fused seq_len=1 start_pos=68 elapsed_ms=1.886
kiln_profile_mlp_stage layer=19 stage=down_proj seq_len=1 start_pos=68 elapsed_ms=1.185
kiln_profile_gdn_stage layer=20 stage=in_proj seq_len=1 start_pos=68 elapsed_ms=1.329
kiln_profile_gdn_stage layer=20 stage=qkv_conv_norm seq_len=1 start_pos=68 elapsed_ms=0.263
kiln_profile_gdn_stage layer=20 stage=gates_recur_gated_norm seq_len=1 start_pos=68 elapsed_ms=0.451
kiln_profile_gdn_stage layer=20 stage=post_transpose seq_len=1 start_pos=68 elapsed_ms=0.000
kiln_profile_gdn_stage layer=20 stage=gated_norm seq_len=1 start_pos=68 elapsed_ms=0.003
kiln_profile_gdn_stage layer=20 stage=out_proj seq_len=1 start_pos=68 elapsed_ms=0.822
kiln_profile_mlp_stage layer=20 stage=gate_up_fused seq_len=1 start_pos=68 elapsed_ms=2.164
kiln_profile_mlp_stage layer=20 stage=down_proj seq_len=1 start_pos=68 elapsed_ms=1.263
kiln_profile_gdn_stage layer=21 stage=in_proj seq_len=1 start_pos=68 elapsed_ms=1.403
kiln_profile_gdn_stage layer=21 stage=qkv_conv_norm seq_len=1 start_pos=68 elapsed_ms=0.273
kiln_profile_gdn_stage layer=21 stage=gates_recur_gated_norm seq_len=1 start_pos=68 elapsed_ms=0.331
kiln_profile_gdn_stage layer=21 stage=post_transpose seq_len=1 start_pos=68 elapsed_ms=0.000
kiln_profile_gdn_stage layer=21 stage=gated_norm seq_len=1 start_pos=68 elapsed_ms=0.003
kiln_profile_gdn_stage layer=21 stage=out_proj seq_len=1 start_pos=68 elapsed_ms=0.696
kiln_profile_mlp_stage layer=21 stage=gate_up_fused seq_len=1 start_pos=68 elapsed_ms=1.874
kiln_profile_mlp_stage layer=21 stage=down_proj seq_len=1 start_pos=68 elapsed_ms=1.186
kiln_profile_gdn_stage layer=22 stage=in_proj seq_len=1 start_pos=68 elapsed_ms=1.509
kiln_profile_gdn_stage layer=22 stage=qkv_conv_norm seq_len=1 start_pos=68 elapsed_ms=0.279
kiln_profile_gdn_stage layer=22 stage=gates_recur_gated_norm seq_len=1 start_pos=68 elapsed_ms=0.645
kiln_profile_gdn_stage layer=22 stage=post_transpose seq_len=1 start_pos=68 elapsed_ms=0.000
kiln_profile_gdn_stage layer=22 stage=gated_norm seq_len=1 start_pos=68 elapsed_ms=0.002
kiln_profile_gdn_stage layer=22 stage=out_proj seq_len=1 start_pos=68 elapsed_ms=0.882
kiln_profile_mlp_stage layer=22 stage=gate_up_fused seq_len=1 start_pos=68 elapsed_ms=1.819
kiln_profile_mlp_stage layer=22 stage=down_proj seq_len=1 start_pos=68 elapsed_ms=1.112
kiln_profile_full_attn_stage full_attn_layer=5 stage=qkv_proj seq_len=1 start_pos=68 elapsed_ms=1.272
kiln_profile_full_attn_stage full_attn_layer=5 stage=qkv_split seq_len=1 start_pos=68 elapsed_ms=0.237
kiln_profile_full_attn_stage full_attn_layer=5 stage=qk_norm seq_len=1 start_pos=68 elapsed_ms=0.199
kiln_profile_full_attn_stage full_attn_layer=5 stage=rope seq_len=1 start_pos=68 elapsed_ms=0.176
kiln_profile_full_attn_stage full_attn_layer=5 stage=q_transpose seq_len=1 start_pos=68 elapsed_ms=0.002
kiln_profile_full_attn_stage full_attn_layer=5 stage=kv_write seq_len=1 start_pos=68 elapsed_ms=0.205
kiln_profile_full_attn_stage full_attn_layer=5 stage=decode_attn_contiguous seq_len=1 start_pos=68 elapsed_ms=0.226
kiln_profile_full_attn_stage full_attn_layer=5 stage=attn_gate seq_len=1 start_pos=68 elapsed_ms=0.202
kiln_profile_full_attn_stage full_attn_layer=5 stage=o_proj seq_len=1 start_pos=68 elapsed_ms=0.609
kiln_profile_mlp_stage layer=23 stage=gate_up_fused seq_len=1 start_pos=68 elapsed_ms=1.906
kiln_profile_mlp_stage layer=23 stage=down_proj seq_len=1 start_pos=68 elapsed_ms=1.121
kiln_profile_gdn_stage layer=24 stage=in_proj seq_len=1 start_pos=68 elapsed_ms=1.303
kiln_profile_gdn_stage layer=24 stage=qkv_conv_norm seq_len=1 start_pos=68 elapsed_ms=0.205
kiln_profile_gdn_stage layer=24 stage=gates_recur_gated_norm seq_len=1 start_pos=68 elapsed_ms=0.303
kiln_profile_gdn_stage layer=24 stage=post_transpose seq_len=1 start_pos=68 elapsed_ms=0.000
kiln_profile_gdn_stage layer=24 stage=gated_norm seq_len=1 start_pos=68 elapsed_ms=0.002
kiln_profile_gdn_stage layer=24 stage=out_proj seq_len=1 start_pos=68 elapsed_ms=0.654
kiln_profile_mlp_stage layer=24 stage=gate_up_fused seq_len=1 start_pos=68 elapsed_ms=1.846
kiln_profile_mlp_stage layer=24 stage=down_proj seq_len=1 start_pos=68 elapsed_ms=1.092
kiln_profile_gdn_stage layer=25 stage=in_proj seq_len=1 start_pos=68 elapsed_ms=1.327
kiln_profile_gdn_stage layer=25 stage=qkv_conv_norm seq_len=1 start_pos=68 elapsed_ms=0.200
kiln_profile_gdn_stage layer=25 stage=gates_recur_gated_norm seq_len=1 start_pos=68 elapsed_ms=0.294
kiln_profile_gdn_stage layer=25 stage=post_transpose seq_len=1 start_pos=68 elapsed_ms=0.000
kiln_profile_gdn_stage layer=25 stage=gated_norm seq_len=1 start_pos=68 elapsed_ms=0.002
kiln_profile_gdn_stage layer=25 stage=out_proj seq_len=1 start_pos=68 elapsed_ms=0.678
kiln_profile_mlp_stage layer=25 stage=gate_up_fused seq_len=1 start_pos=68 elapsed_ms=1.822
kiln_profile_mlp_stage layer=25 stage=down_proj seq_len=1 start_pos=68 elapsed_ms=1.138
kiln_profile_gdn_stage layer=26 stage=in_proj seq_len=1 start_pos=68 elapsed_ms=1.351
kiln_profile_gdn_stage layer=26 stage=qkv_conv_norm seq_len=1 start_pos=68 elapsed_ms=0.270
kiln_profile_gdn_stage layer=26 stage=gates_recur_gated_norm seq_len=1 start_pos=68 elapsed_ms=0.341
kiln_profile_gdn_stage layer=26 stage=post_transpose seq_len=1 start_pos=68 elapsed_ms=0.000
kiln_profile_gdn_stage layer=26 stage=gated_norm seq_len=1 start_pos=68 elapsed_ms=0.002
kiln_profile_gdn_stage layer=26 stage=out_proj seq_len=1 start_pos=68 elapsed_ms=0.713
kiln_profile_mlp_stage layer=26 stage=gate_up_fused seq_len=1 start_pos=68 elapsed_ms=1.816
kiln_profile_mlp_stage layer=26 stage=down_proj seq_len=1 start_pos=68 elapsed_ms=1.156
kiln_profile_full_attn_stage full_attn_layer=6 stage=qkv_proj seq_len=1 start_pos=68 elapsed_ms=1.360
kiln_profile_full_attn_stage full_attn_layer=6 stage=qkv_split seq_len=1 start_pos=68 elapsed_ms=0.342
kiln_profile_full_attn_stage full_attn_layer=6 stage=qk_norm seq_len=1 start_pos=68 elapsed_ms=0.293
kiln_profile_full_attn_stage full_attn_layer=6 stage=rope seq_len=1 start_pos=68 elapsed_ms=0.244
kiln_profile_full_attn_stage full_attn_layer=6 stage=q_transpose seq_len=1 start_pos=68 elapsed_ms=0.002
kiln_profile_full_attn_stage full_attn_layer=6 stage=kv_write seq_len=1 start_pos=68 elapsed_ms=0.243
kiln_profile_full_attn_stage full_attn_layer=6 stage=decode_attn_contiguous seq_len=1 start_pos=68 elapsed_ms=0.778
kiln_profile_full_attn_stage full_attn_layer=6 stage=attn_gate seq_len=1 start_pos=68 elapsed_ms=0.504
kiln_profile_full_attn_stage full_attn_layer=6 stage=o_proj seq_len=1 start_pos=68 elapsed_ms=1.025
kiln_profile_mlp_stage layer=27 stage=gate_up_fused seq_len=1 start_pos=68 elapsed_ms=1.773
kiln_profile_mlp_stage layer=27 stage=down_proj seq_len=1 start_pos=68 elapsed_ms=1.082
kiln_profile_gdn_stage layer=28 stage=in_proj seq_len=1 start_pos=68 elapsed_ms=1.302
kiln_profile_gdn_stage layer=28 stage=qkv_conv_norm seq_len=1 start_pos=68 elapsed_ms=0.235
kiln_profile_gdn_stage layer=28 stage=gates_recur_gated_norm seq_len=1 start_pos=68 elapsed_ms=0.326
kiln_profile_gdn_stage layer=28 stage=post_transpose seq_len=1 start_pos=68 elapsed_ms=0.000
kiln_profile_gdn_stage layer=28 stage=gated_norm seq_len=1 start_pos=68 elapsed_ms=0.002
kiln_profile_gdn_stage layer=28 stage=out_proj seq_len=1 start_pos=68 elapsed_ms=0.672
kiln_profile_mlp_stage layer=28 stage=gate_up_fused seq_len=1 start_pos=68 elapsed_ms=1.875
kiln_profile_mlp_stage layer=28 stage=down_proj seq_len=1 start_pos=68 elapsed_ms=1.187
kiln_profile_gdn_stage layer=29 stage=in_proj seq_len=1 start_pos=68 elapsed_ms=1.378
kiln_profile_gdn_stage layer=29 stage=qkv_conv_norm seq_len=1 start_pos=68 elapsed_ms=0.266
kiln_profile_gdn_stage layer=29 stage=gates_recur_gated_norm seq_len=1 start_pos=68 elapsed_ms=0.345
kiln_profile_gdn_stage layer=29 stage=post_transpose seq_len=1 start_pos=68 elapsed_ms=0.000
kiln_profile_gdn_stage layer=29 stage=gated_norm seq_len=1 start_pos=68 elapsed_ms=0.003
kiln_profile_gdn_stage layer=29 stage=out_proj seq_len=1 start_pos=68 elapsed_ms=0.693
kiln_profile_mlp_stage layer=29 stage=gate_up_fused seq_len=1 start_pos=68 elapsed_ms=2.093
kiln_profile_mlp_stage layer=29 stage=down_proj seq_len=1 start_pos=68 elapsed_ms=1.327
kiln_profile_gdn_stage layer=30 stage=in_proj seq_len=1 start_pos=68 elapsed_ms=1.520
kiln_profile_gdn_stage layer=30 stage=qkv_conv_norm seq_len=1 start_pos=68 elapsed_ms=0.319
kiln_profile_gdn_stage layer=30 stage=gates_recur_gated_norm seq_len=1 start_pos=68 elapsed_ms=0.346
kiln_profile_gdn_stage layer=30 stage=post_transpose seq_len=1 start_pos=68 elapsed_ms=0.000
kiln_profile_gdn_stage layer=30 stage=gated_norm seq_len=1 start_pos=68 elapsed_ms=0.003
kiln_profile_gdn_stage layer=30 stage=out_proj seq_len=1 start_pos=68 elapsed_ms=0.755
kiln_profile_mlp_stage layer=30 stage=gate_up_fused seq_len=1 start_pos=68 elapsed_ms=2.162
kiln_profile_mlp_stage layer=30 stage=down_proj seq_len=1 start_pos=68 elapsed_ms=1.415
kiln_profile_full_attn_stage full_attn_layer=7 stage=qkv_proj seq_len=1 start_pos=68 elapsed_ms=1.329
kiln_profile_full_attn_stage full_attn_layer=7 stage=qkv_split seq_len=1 start_pos=68 elapsed_ms=0.279
kiln_profile_full_attn_stage full_attn_layer=7 stage=qk_norm seq_len=1 start_pos=68 elapsed_ms=0.241
kiln_profile_full_attn_stage full_attn_layer=7 stage=rope seq_len=1 start_pos=68 elapsed_ms=0.210
kiln_profile_full_attn_stage full_attn_layer=7 stage=q_transpose seq_len=1 start_pos=68 elapsed_ms=0.002
kiln_profile_full_attn_stage full_attn_layer=7 stage=kv_write seq_len=1 start_pos=68 elapsed_ms=0.207
kiln_profile_full_attn_stage full_attn_layer=7 stage=decode_attn_contiguous seq_len=1 start_pos=68 elapsed_ms=0.262
kiln_profile_full_attn_stage full_attn_layer=7 stage=attn_gate seq_len=1 start_pos=68 elapsed_ms=0.210
kiln_profile_full_attn_stage full_attn_layer=7 stage=o_proj seq_len=1 start_pos=68 elapsed_ms=0.793
kiln_profile_mlp_stage layer=31 stage=gate_up_fused seq_len=1 start_pos=68 elapsed_ms=2.022
kiln_profile_mlp_stage layer=31 stage=down_proj seq_len=1 start_pos=68 elapsed_ms=1.580
kiln_profile_gdn_stage layer=0 stage=in_proj seq_len=1 start_pos=69 elapsed_ms=1.471
kiln_profile_gdn_stage layer=0 stage=qkv_conv_norm seq_len=1 start_pos=69 elapsed_ms=0.384
kiln_profile_gdn_stage layer=0 stage=gates_recur_gated_norm seq_len=1 start_pos=69 elapsed_ms=0.646
kiln_profile_gdn_stage layer=0 stage=post_transpose seq_len=1 start_pos=69 elapsed_ms=0.001
kiln_profile_gdn_stage layer=0 stage=gated_norm seq_len=1 start_pos=69 elapsed_ms=0.004
kiln_profile_gdn_stage layer=0 stage=out_proj seq_len=1 start_pos=69 elapsed_ms=2.019
kiln_profile_mlp_stage layer=0 stage=gate_up_fused seq_len=1 start_pos=69 elapsed_ms=1.930
kiln_profile_mlp_stage layer=0 stage=down_proj seq_len=1 start_pos=69 elapsed_ms=1.138
kiln_profile_gdn_stage layer=1 stage=in_proj seq_len=1 start_pos=69 elapsed_ms=1.422
kiln_profile_gdn_stage layer=1 stage=qkv_conv_norm seq_len=1 start_pos=69 elapsed_ms=0.307
kiln_profile_gdn_stage layer=1 stage=gates_recur_gated_norm seq_len=1 start_pos=69 elapsed_ms=0.368
kiln_profile_gdn_stage layer=1 stage=post_transpose seq_len=1 start_pos=69 elapsed_ms=0.001
kiln_profile_gdn_stage layer=1 stage=gated_norm seq_len=1 start_pos=69 elapsed_ms=0.003
kiln_profile_gdn_stage layer=1 stage=out_proj seq_len=1 start_pos=69 elapsed_ms=0.705
kiln_profile_mlp_stage layer=1 stage=gate_up_fused seq_len=1 start_pos=69 elapsed_ms=1.841
kiln_profile_mlp_stage layer=1 stage=down_proj seq_len=1 start_pos=69 elapsed_ms=1.128
kiln_profile_gdn_stage layer=2 stage=in_proj seq_len=1 start_pos=69 elapsed_ms=1.340
kiln_profile_gdn_stage layer=2 stage=qkv_conv_norm seq_len=1 start_pos=69 elapsed_ms=0.316
kiln_profile_gdn_stage layer=2 stage=gates_recur_gated_norm seq_len=1 start_pos=69 elapsed_ms=0.418
kiln_profile_gdn_stage layer=2 stage=post_transpose seq_len=1 start_pos=69 elapsed_ms=0.000
kiln_profile_gdn_stage layer=2 stage=gated_norm seq_len=1 start_pos=69 elapsed_ms=0.003
kiln_profile_gdn_stage layer=2 stage=out_proj seq_len=1 start_pos=69 elapsed_ms=0.811
kiln_profile_mlp_stage layer=2 stage=gate_up_fused seq_len=1 start_pos=69 elapsed_ms=2.017
kiln_profile_mlp_stage layer=2 stage=down_proj seq_len=1 start_pos=69 elapsed_ms=1.221
kiln_profile_full_attn_stage full_attn_layer=0 stage=qkv_proj seq_len=1 start_pos=69 elapsed_ms=1.359
kiln_profile_full_attn_stage full_attn_layer=0 stage=qkv_split seq_len=1 start_pos=69 elapsed_ms=0.338
kiln_profile_full_attn_stage full_attn_layer=0 stage=qk_norm seq_len=1 start_pos=69 elapsed_ms=0.248
kiln_profile_full_attn_stage full_attn_layer=0 stage=rope seq_len=1 start_pos=69 elapsed_ms=0.326
kiln_profile_full_attn_stage full_attn_layer=0 stage=q_transpose seq_len=1 start_pos=69 elapsed_ms=0.003
kiln_profile_full_attn_stage full_attn_layer=0 stage=kv_write seq_len=1 start_pos=69 elapsed_ms=0.242
kiln_profile_full_attn_stage full_attn_layer=0 stage=decode_attn_contiguous seq_len=1 start_pos=69 elapsed_ms=0.262
kiln_profile_full_attn_stage full_attn_layer=0 stage=attn_gate seq_len=1 start_pos=69 elapsed_ms=0.234
kiln_profile_full_attn_stage full_attn_layer=0 stage=o_proj seq_len=1 start_pos=69 elapsed_ms=0.657
kiln_profile_mlp_stage layer=3 stage=gate_up_fused seq_len=1 start_pos=69 elapsed_ms=2.114
kiln_profile_mlp_stage layer=3 stage=down_proj seq_len=1 start_pos=69 elapsed_ms=1.217
kiln_profile_gdn_stage layer=4 stage=in_proj seq_len=1 start_pos=69 elapsed_ms=1.370
kiln_profile_gdn_stage layer=4 stage=qkv_conv_norm seq_len=1 start_pos=69 elapsed_ms=0.240
kiln_profile_gdn_stage layer=4 stage=gates_recur_gated_norm seq_len=1 start_pos=69 elapsed_ms=0.295
kiln_profile_gdn_stage layer=4 stage=post_transpose seq_len=1 start_pos=69 elapsed_ms=0.000
kiln_profile_gdn_stage layer=4 stage=gated_norm seq_len=1 start_pos=69 elapsed_ms=0.002
kiln_profile_gdn_stage layer=4 stage=out_proj seq_len=1 start_pos=69 elapsed_ms=0.738
kiln_profile_mlp_stage layer=4 stage=gate_up_fused seq_len=1 start_pos=69 elapsed_ms=2.079
kiln_profile_mlp_stage layer=4 stage=down_proj seq_len=1 start_pos=69 elapsed_ms=1.532
kiln_profile_gdn_stage layer=5 stage=in_proj seq_len=1 start_pos=69 elapsed_ms=1.499
kiln_profile_gdn_stage layer=5 stage=qkv_conv_norm seq_len=1 start_pos=69 elapsed_ms=0.207
kiln_profile_gdn_stage layer=5 stage=gates_recur_gated_norm seq_len=1 start_pos=69 elapsed_ms=0.294
kiln_profile_gdn_stage layer=5 stage=post_transpose seq_len=1 start_pos=69 elapsed_ms=0.000
kiln_profile_gdn_stage layer=5 stage=gated_norm seq_len=1 start_pos=69 elapsed_ms=0.002
kiln_profile_gdn_stage layer=5 stage=out_proj seq_len=1 start_pos=69 elapsed_ms=0.652
kiln_profile_mlp_stage layer=5 stage=gate_up_fused seq_len=1 start_pos=69 elapsed_ms=1.906
kiln_profile_mlp_stage layer=5 stage=down_proj seq_len=1 start_pos=69 elapsed_ms=1.136
kiln_profile_gdn_stage layer=6 stage=in_proj seq_len=1 start_pos=69 elapsed_ms=1.403
kiln_profile_gdn_stage layer=6 stage=qkv_conv_norm seq_len=1 start_pos=69 elapsed_ms=0.213
kiln_profile_gdn_stage layer=6 stage=gates_recur_gated_norm seq_len=1 start_pos=69 elapsed_ms=0.316
kiln_profile_gdn_stage layer=6 stage=post_transpose seq_len=1 start_pos=69 elapsed_ms=0.000
kiln_profile_gdn_stage layer=6 stage=gated_norm seq_len=1 start_pos=69 elapsed_ms=0.001
kiln_profile_gdn_stage layer=6 stage=out_proj seq_len=1 start_pos=69 elapsed_ms=0.723
kiln_profile_mlp_stage layer=6 stage=gate_up_fused seq_len=1 start_pos=69 elapsed_ms=2.101
kiln_profile_mlp_stage layer=6 stage=down_proj seq_len=1 start_pos=69 elapsed_ms=1.130
kiln_profile_full_attn_stage full_attn_layer=1 stage=qkv_proj seq_len=1 start_pos=69 elapsed_ms=1.431
kiln_profile_full_attn_stage full_attn_layer=1 stage=qkv_split seq_len=1 start_pos=69 elapsed_ms=0.220
kiln_profile_full_attn_stage full_attn_layer=1 stage=qk_norm seq_len=1 start_pos=69 elapsed_ms=0.189
kiln_profile_full_attn_stage full_attn_layer=1 stage=rope seq_len=1 start_pos=69 elapsed_ms=0.178
kiln_profile_full_attn_stage full_attn_layer=1 stage=q_transpose seq_len=1 start_pos=69 elapsed_ms=0.002
kiln_profile_full_attn_stage full_attn_layer=1 stage=kv_write seq_len=1 start_pos=69 elapsed_ms=0.168
kiln_profile_full_attn_stage full_attn_layer=1 stage=decode_attn_contiguous seq_len=1 start_pos=69 elapsed_ms=0.206
kiln_profile_full_attn_stage full_attn_layer=1 stage=attn_gate seq_len=1 start_pos=69 elapsed_ms=0.156
kiln_profile_full_attn_stage full_attn_layer=1 stage=o_proj seq_len=1 start_pos=69 elapsed_ms=0.660
kiln_profile_mlp_stage layer=7 stage=gate_up_fused seq_len=1 start_pos=69 elapsed_ms=1.959
kiln_profile_mlp_stage layer=7 stage=down_proj seq_len=1 start_pos=69 elapsed_ms=1.076
kiln_profile_gdn_stage layer=8 stage=in_proj seq_len=1 start_pos=69 elapsed_ms=1.588
kiln_profile_gdn_stage layer=8 stage=qkv_conv_norm seq_len=1 start_pos=69 elapsed_ms=0.180
kiln_profile_gdn_stage layer=8 stage=gates_recur_gated_norm seq_len=1 start_pos=69 elapsed_ms=0.286
kiln_profile_gdn_stage layer=8 stage=post_transpose seq_len=1 start_pos=69 elapsed_ms=0.000
kiln_profile_gdn_stage layer=8 stage=gated_norm seq_len=1 start_pos=69 elapsed_ms=0.001
kiln_profile_gdn_stage layer=8 stage=out_proj seq_len=1 start_pos=69 elapsed_ms=0.642
kiln_profile_mlp_stage layer=8 stage=gate_up_fused seq_len=1 start_pos=69 elapsed_ms=1.839
kiln_profile_mlp_stage layer=8 stage=down_proj seq_len=1 start_pos=69 elapsed_ms=1.093
kiln_profile_gdn_stage layer=9 stage=in_proj seq_len=1 start_pos=69 elapsed_ms=1.357
kiln_profile_gdn_stage layer=9 stage=qkv_conv_norm seq_len=1 start_pos=69 elapsed_ms=0.304
kiln_profile_gdn_stage layer=9 stage=gates_recur_gated_norm seq_len=1 start_pos=69 elapsed_ms=0.275
kiln_profile_gdn_stage layer=9 stage=post_transpose seq_len=1 start_pos=69 elapsed_ms=0.000
kiln_profile_gdn_stage layer=9 stage=gated_norm seq_len=1 start_pos=69 elapsed_ms=0.001
kiln_profile_gdn_stage layer=9 stage=out_proj seq_len=1 start_pos=69 elapsed_ms=0.671
kiln_profile_mlp_stage layer=9 stage=gate_up_fused seq_len=1 start_pos=69 elapsed_ms=2.017
kiln_profile_mlp_stage layer=9 stage=down_proj seq_len=1 start_pos=69 elapsed_ms=1.606
kiln_profile_gdn_stage layer=10 stage=in_proj seq_len=1 start_pos=69 elapsed_ms=1.329
kiln_profile_gdn_stage layer=10 stage=qkv_conv_norm seq_len=1 start_pos=69 elapsed_ms=0.220
kiln_profile_gdn_stage layer=10 stage=gates_recur_gated_norm seq_len=1 start_pos=69 elapsed_ms=0.312
kiln_profile_gdn_stage layer=10 stage=post_transpose seq_len=1 start_pos=69 elapsed_ms=0.001
kiln_profile_gdn_stage layer=10 stage=gated_norm seq_len=1 start_pos=69 elapsed_ms=0.002
kiln_profile_gdn_stage layer=10 stage=out_proj seq_len=1 start_pos=69 elapsed_ms=0.654
kiln_profile_mlp_stage layer=10 stage=gate_up_fused seq_len=1 start_pos=69 elapsed_ms=1.771
kiln_profile_mlp_stage layer=10 stage=down_proj seq_len=1 start_pos=69 elapsed_ms=1.079
kiln_profile_full_attn_stage full_attn_layer=2 stage=qkv_proj seq_len=1 start_pos=69 elapsed_ms=1.286
kiln_profile_full_attn_stage full_attn_layer=2 stage=qkv_split seq_len=1 start_pos=69 elapsed_ms=0.228
kiln_profile_full_attn_stage full_attn_layer=2 stage=qk_norm seq_len=1 start_pos=69 elapsed_ms=0.229
kiln_profile_full_attn_stage full_attn_layer=2 stage=rope seq_len=1 start_pos=69 elapsed_ms=0.200
kiln_profile_full_attn_stage full_attn_layer=2 stage=q_transpose seq_len=1 start_pos=69 elapsed_ms=0.002
kiln_profile_full_attn_stage full_attn_layer=2 stage=kv_write seq_len=1 start_pos=69 elapsed_ms=0.203
kiln_profile_full_attn_stage full_attn_layer=2 stage=decode_attn_contiguous seq_len=1 start_pos=69 elapsed_ms=0.228
kiln_profile_full_attn_stage full_attn_layer=2 stage=attn_gate seq_len=1 start_pos=69 elapsed_ms=0.195
kiln_profile_full_attn_stage full_attn_layer=2 stage=o_proj seq_len=1 start_pos=69 elapsed_ms=0.634
kiln_profile_mlp_stage layer=11 stage=gate_up_fused seq_len=1 start_pos=69 elapsed_ms=1.809
kiln_profile_mlp_stage layer=11 stage=down_proj seq_len=1 start_pos=69 elapsed_ms=1.051
kiln_profile_gdn_stage layer=12 stage=in_proj seq_len=1 start_pos=69 elapsed_ms=1.411
kiln_profile_gdn_stage layer=12 stage=qkv_conv_norm seq_len=1 start_pos=69 elapsed_ms=0.304
kiln_profile_gdn_stage layer=12 stage=gates_recur_gated_norm seq_len=1 start_pos=69 elapsed_ms=0.362
kiln_profile_gdn_stage layer=12 stage=post_transpose seq_len=1 start_pos=69 elapsed_ms=0.000
kiln_profile_gdn_stage layer=12 stage=gated_norm seq_len=1 start_pos=69 elapsed_ms=0.002
kiln_profile_gdn_stage layer=12 stage=out_proj seq_len=1 start_pos=69 elapsed_ms=0.736
kiln_profile_mlp_stage layer=12 stage=gate_up_fused seq_len=1 start_pos=69 elapsed_ms=1.796
kiln_profile_mlp_stage layer=12 stage=down_proj seq_len=1 start_pos=69 elapsed_ms=1.109
kiln_profile_gdn_stage layer=13 stage=in_proj seq_len=1 start_pos=69 elapsed_ms=1.389
kiln_profile_gdn_stage layer=13 stage=qkv_conv_norm seq_len=1 start_pos=69 elapsed_ms=0.296
kiln_profile_gdn_stage layer=13 stage=gates_recur_gated_norm seq_len=1 start_pos=69 elapsed_ms=0.337
kiln_profile_gdn_stage layer=13 stage=post_transpose seq_len=1 start_pos=69 elapsed_ms=0.000
kiln_profile_gdn_stage layer=13 stage=gated_norm seq_len=1 start_pos=69 elapsed_ms=0.003
kiln_profile_gdn_stage layer=13 stage=out_proj seq_len=1 start_pos=69 elapsed_ms=0.712
kiln_profile_mlp_stage layer=13 stage=gate_up_fused seq_len=1 start_pos=69 elapsed_ms=1.923
kiln_profile_mlp_stage layer=13 stage=down_proj seq_len=1 start_pos=69 elapsed_ms=1.189
kiln_profile_gdn_stage layer=14 stage=in_proj seq_len=1 start_pos=69 elapsed_ms=1.325
kiln_profile_gdn_stage layer=14 stage=qkv_conv_norm seq_len=1 start_pos=69 elapsed_ms=0.245
kiln_profile_gdn_stage layer=14 stage=gates_recur_gated_norm seq_len=1 start_pos=69 elapsed_ms=0.275
kiln_profile_gdn_stage layer=14 stage=post_transpose seq_len=1 start_pos=69 elapsed_ms=0.000
kiln_profile_gdn_stage layer=14 stage=gated_norm seq_len=1 start_pos=69 elapsed_ms=0.002
kiln_profile_gdn_stage layer=14 stage=out_proj seq_len=1 start_pos=69 elapsed_ms=0.649
kiln_profile_mlp_stage layer=14 stage=gate_up_fused seq_len=1 start_pos=69 elapsed_ms=1.916
kiln_profile_mlp_stage layer=14 stage=down_proj seq_len=1 start_pos=69 elapsed_ms=1.619
kiln_profile_full_attn_stage full_attn_layer=3 stage=qkv_proj seq_len=1 start_pos=69 elapsed_ms=1.426
kiln_profile_full_attn_stage full_attn_layer=3 stage=qkv_split seq_len=1 start_pos=69 elapsed_ms=0.264
kiln_profile_full_attn_stage full_attn_layer=3 stage=qk_norm seq_len=1 start_pos=69 elapsed_ms=0.220
kiln_profile_full_attn_stage full_attn_layer=3 stage=rope seq_len=1 start_pos=69 elapsed_ms=0.204
kiln_profile_full_attn_stage full_attn_layer=3 stage=q_transpose seq_len=1 start_pos=69 elapsed_ms=0.001
kiln_profile_full_attn_stage full_attn_layer=3 stage=kv_write seq_len=1 start_pos=69 elapsed_ms=0.214
kiln_profile_full_attn_stage full_attn_layer=3 stage=decode_attn_contiguous seq_len=1 start_pos=69 elapsed_ms=0.233
kiln_profile_full_attn_stage full_attn_layer=3 stage=attn_gate seq_len=1 start_pos=69 elapsed_ms=0.201
kiln_profile_full_attn_stage full_attn_layer=3 stage=o_proj seq_len=1 start_pos=69 elapsed_ms=0.727
kiln_profile_mlp_stage layer=15 stage=gate_up_fused seq_len=1 start_pos=69 elapsed_ms=1.809
kiln_profile_mlp_stage layer=15 stage=down_proj seq_len=1 start_pos=69 elapsed_ms=1.130
kiln_profile_gdn_stage layer=16 stage=in_proj seq_len=1 start_pos=69 elapsed_ms=1.349
kiln_profile_gdn_stage layer=16 stage=qkv_conv_norm seq_len=1 start_pos=69 elapsed_ms=0.242
kiln_profile_gdn_stage layer=16 stage=gates_recur_gated_norm seq_len=1 start_pos=69 elapsed_ms=0.305
kiln_profile_gdn_stage layer=16 stage=post_transpose seq_len=1 start_pos=69 elapsed_ms=0.000
kiln_profile_gdn_stage layer=16 stage=gated_norm seq_len=1 start_pos=69 elapsed_ms=0.002
kiln_profile_gdn_stage layer=16 stage=out_proj seq_len=1 start_pos=69 elapsed_ms=0.657
kiln_profile_mlp_stage layer=16 stage=gate_up_fused seq_len=1 start_pos=69 elapsed_ms=1.776
kiln_profile_mlp_stage layer=16 stage=down_proj seq_len=1 start_pos=69 elapsed_ms=1.353
kiln_profile_gdn_stage layer=17 stage=in_proj seq_len=1 start_pos=69 elapsed_ms=1.380
kiln_profile_gdn_stage layer=17 stage=qkv_conv_norm seq_len=1 start_pos=69 elapsed_ms=0.193
kiln_profile_gdn_stage layer=17 stage=gates_recur_gated_norm seq_len=1 start_pos=69 elapsed_ms=0.282
kiln_profile_gdn_stage layer=17 stage=post_transpose seq_len=1 start_pos=69 elapsed_ms=0.000
kiln_profile_gdn_stage layer=17 stage=gated_norm seq_len=1 start_pos=69 elapsed_ms=0.001
kiln_profile_gdn_stage layer=17 stage=out_proj seq_len=1 start_pos=69 elapsed_ms=0.645
kiln_profile_mlp_stage layer=17 stage=gate_up_fused seq_len=1 start_pos=69 elapsed_ms=1.759
kiln_profile_mlp_stage layer=17 stage=down_proj seq_len=1 start_pos=69 elapsed_ms=1.114
kiln_profile_gdn_stage layer=18 stage=in_proj seq_len=1 start_pos=69 elapsed_ms=1.318
kiln_profile_gdn_stage layer=18 stage=qkv_conv_norm seq_len=1 start_pos=69 elapsed_ms=0.285
kiln_profile_gdn_stage layer=18 stage=gates_recur_gated_norm seq_len=1 start_pos=69 elapsed_ms=0.389
kiln_profile_gdn_stage layer=18 stage=post_transpose seq_len=1 start_pos=69 elapsed_ms=0.000
kiln_profile_gdn_stage layer=18 stage=gated_norm seq_len=1 start_pos=69 elapsed_ms=0.002
kiln_profile_gdn_stage layer=18 stage=out_proj seq_len=1 start_pos=69 elapsed_ms=0.684
kiln_profile_mlp_stage layer=18 stage=gate_up_fused seq_len=1 start_pos=69 elapsed_ms=1.776
kiln_profile_mlp_stage layer=18 stage=down_proj seq_len=1 start_pos=69 elapsed_ms=1.133
kiln_profile_full_attn_stage full_attn_layer=4 stage=qkv_proj seq_len=1 start_pos=69 elapsed_ms=1.321
kiln_profile_full_attn_stage full_attn_layer=4 stage=qkv_split seq_len=1 start_pos=69 elapsed_ms=0.285
kiln_profile_full_attn_stage full_attn_layer=4 stage=qk_norm seq_len=1 start_pos=69 elapsed_ms=0.255
kiln_profile_full_attn_stage full_attn_layer=4 stage=rope seq_len=1 start_pos=69 elapsed_ms=0.247
kiln_profile_full_attn_stage full_attn_layer=4 stage=q_transpose seq_len=1 start_pos=69 elapsed_ms=0.002
kiln_profile_full_attn_stage full_attn_layer=4 stage=kv_write seq_len=1 start_pos=69 elapsed_ms=0.255
kiln_profile_full_attn_stage full_attn_layer=4 stage=decode_attn_contiguous seq_len=1 start_pos=69 elapsed_ms=0.259
kiln_profile_full_attn_stage full_attn_layer=4 stage=attn_gate seq_len=1 start_pos=69 elapsed_ms=0.231
kiln_profile_full_attn_stage full_attn_layer=4 stage=o_proj seq_len=1 start_pos=69 elapsed_ms=0.673
kiln_profile_mlp_stage layer=19 stage=gate_up_fused seq_len=1 start_pos=69 elapsed_ms=1.895
kiln_profile_mlp_stage layer=19 stage=down_proj seq_len=1 start_pos=69 elapsed_ms=1.407
kiln_profile_gdn_stage layer=20 stage=in_proj seq_len=1 start_pos=69 elapsed_ms=1.737
kiln_profile_gdn_stage layer=20 stage=qkv_conv_norm seq_len=1 start_pos=69 elapsed_ms=0.268
kiln_profile_gdn_stage layer=20 stage=gates_recur_gated_norm seq_len=1 start_pos=69 elapsed_ms=0.328
kiln_profile_gdn_stage layer=20 stage=post_transpose seq_len=1 start_pos=69 elapsed_ms=0.000
kiln_profile_gdn_stage layer=20 stage=gated_norm seq_len=1 start_pos=69 elapsed_ms=0.002
kiln_profile_gdn_stage layer=20 stage=out_proj seq_len=1 start_pos=69 elapsed_ms=0.714
kiln_profile_mlp_stage layer=20 stage=gate_up_fused seq_len=1 start_pos=69 elapsed_ms=1.821
kiln_profile_mlp_stage layer=20 stage=down_proj seq_len=1 start_pos=69 elapsed_ms=1.144
kiln_profile_gdn_stage layer=21 stage=in_proj seq_len=1 start_pos=69 elapsed_ms=1.319
kiln_profile_gdn_stage layer=21 stage=qkv_conv_norm seq_len=1 start_pos=69 elapsed_ms=0.245
kiln_profile_gdn_stage layer=21 stage=gates_recur_gated_norm seq_len=1 start_pos=69 elapsed_ms=0.328
kiln_profile_gdn_stage layer=21 stage=post_transpose seq_len=1 start_pos=69 elapsed_ms=0.000
kiln_profile_gdn_stage layer=21 stage=gated_norm seq_len=1 start_pos=69 elapsed_ms=0.002
kiln_profile_gdn_stage layer=21 stage=out_proj seq_len=1 start_pos=69 elapsed_ms=0.663
kiln_profile_mlp_stage layer=21 stage=gate_up_fused seq_len=1 start_pos=69 elapsed_ms=1.824
kiln_profile_mlp_stage layer=21 stage=down_proj seq_len=1 start_pos=69 elapsed_ms=1.122
kiln_profile_gdn_stage layer=22 stage=in_proj seq_len=1 start_pos=69 elapsed_ms=1.467
kiln_profile_gdn_stage layer=22 stage=qkv_conv_norm seq_len=1 start_pos=69 elapsed_ms=0.308
kiln_profile_gdn_stage layer=22 stage=gates_recur_gated_norm seq_len=1 start_pos=69 elapsed_ms=0.366
kiln_profile_gdn_stage layer=22 stage=post_transpose seq_len=1 start_pos=69 elapsed_ms=0.000
kiln_profile_gdn_stage layer=22 stage=gated_norm seq_len=1 start_pos=69 elapsed_ms=0.003
kiln_profile_gdn_stage layer=22 stage=out_proj seq_len=1 start_pos=69 elapsed_ms=0.699
kiln_profile_mlp_stage layer=22 stage=gate_up_fused seq_len=1 start_pos=69 elapsed_ms=1.970
kiln_profile_mlp_stage layer=22 stage=down_proj seq_len=1 start_pos=69 elapsed_ms=1.278
kiln_profile_full_attn_stage full_attn_layer=5 stage=qkv_proj seq_len=1 start_pos=69 elapsed_ms=1.354
kiln_profile_full_attn_stage full_attn_layer=5 stage=qkv_split seq_len=1 start_pos=69 elapsed_ms=0.306
kiln_profile_full_attn_stage full_attn_layer=5 stage=qk_norm seq_len=1 start_pos=69 elapsed_ms=0.243
kiln_profile_full_attn_stage full_attn_layer=5 stage=rope seq_len=1 start_pos=69 elapsed_ms=0.233
kiln_profile_full_attn_stage full_attn_layer=5 stage=q_transpose seq_len=1 start_pos=69 elapsed_ms=0.002
kiln_profile_full_attn_stage full_attn_layer=5 stage=kv_write seq_len=1 start_pos=69 elapsed_ms=0.220
kiln_profile_full_attn_stage full_attn_layer=5 stage=decode_attn_contiguous seq_len=1 start_pos=69 elapsed_ms=0.249
kiln_profile_full_attn_stage full_attn_layer=5 stage=attn_gate seq_len=1 start_pos=69 elapsed_ms=0.218
kiln_profile_full_attn_stage full_attn_layer=5 stage=o_proj seq_len=1 start_pos=69 elapsed_ms=0.762
kiln_profile_mlp_stage layer=23 stage=gate_up_fused seq_len=1 start_pos=69 elapsed_ms=1.910
kiln_profile_mlp_stage layer=23 stage=down_proj seq_len=1 start_pos=69 elapsed_ms=1.112
kiln_profile_gdn_stage layer=24 stage=in_proj seq_len=1 start_pos=69 elapsed_ms=1.415
kiln_profile_gdn_stage layer=24 stage=qkv_conv_norm seq_len=1 start_pos=69 elapsed_ms=0.222
kiln_profile_gdn_stage layer=24 stage=gates_recur_gated_norm seq_len=1 start_pos=69 elapsed_ms=0.304
kiln_profile_gdn_stage layer=24 stage=post_transpose seq_len=1 start_pos=69 elapsed_ms=0.000
kiln_profile_gdn_stage layer=24 stage=gated_norm seq_len=1 start_pos=69 elapsed_ms=0.002
kiln_profile_gdn_stage layer=24 stage=out_proj seq_len=1 start_pos=69 elapsed_ms=0.738
kiln_profile_mlp_stage layer=24 stage=gate_up_fused seq_len=1 start_pos=69 elapsed_ms=3.714
kiln_profile_mlp_stage layer=24 stage=down_proj seq_len=1 start_pos=69 elapsed_ms=1.188
kiln_profile_gdn_stage layer=25 stage=in_proj seq_len=1 start_pos=69 elapsed_ms=1.410
kiln_profile_gdn_stage layer=25 stage=qkv_conv_norm seq_len=1 start_pos=69 elapsed_ms=0.244
kiln_profile_gdn_stage layer=25 stage=gates_recur_gated_norm seq_len=1 start_pos=69 elapsed_ms=0.339
kiln_profile_gdn_stage layer=25 stage=post_transpose seq_len=1 start_pos=69 elapsed_ms=0.000
kiln_profile_gdn_stage layer=25 stage=gated_norm seq_len=1 start_pos=69 elapsed_ms=0.002
kiln_profile_gdn_stage layer=25 stage=out_proj seq_len=1 start_pos=69 elapsed_ms=0.661
kiln_profile_mlp_stage layer=25 stage=gate_up_fused seq_len=1 start_pos=69 elapsed_ms=1.798
kiln_profile_mlp_stage layer=25 stage=down_proj seq_len=1 start_pos=69 elapsed_ms=1.133
kiln_profile_gdn_stage layer=26 stage=in_proj seq_len=1 start_pos=69 elapsed_ms=1.303
kiln_profile_gdn_stage layer=26 stage=qkv_conv_norm seq_len=1 start_pos=69 elapsed_ms=0.270
kiln_profile_gdn_stage layer=26 stage=gates_recur_gated_norm seq_len=1 start_pos=69 elapsed_ms=0.369
kiln_profile_gdn_stage layer=26 stage=post_transpose seq_len=1 start_pos=69 elapsed_ms=0.000
kiln_profile_gdn_stage layer=26 stage=gated_norm seq_len=1 start_pos=69 elapsed_ms=0.003
kiln_profile_gdn_stage layer=26 stage=out_proj seq_len=1 start_pos=69 elapsed_ms=0.667
kiln_profile_mlp_stage layer=26 stage=gate_up_fused seq_len=1 start_pos=69 elapsed_ms=1.904
kiln_profile_mlp_stage layer=26 stage=down_proj seq_len=1 start_pos=69 elapsed_ms=1.371
kiln_profile_full_attn_stage full_attn_layer=6 stage=qkv_proj seq_len=1 start_pos=69 elapsed_ms=1.380
kiln_profile_full_attn_stage full_attn_layer=6 stage=qkv_split seq_len=1 start_pos=69 elapsed_ms=0.340
kiln_profile_full_attn_stage full_attn_layer=6 stage=qk_norm seq_len=1 start_pos=69 elapsed_ms=0.266
kiln_profile_full_attn_stage full_attn_layer=6 stage=rope seq_len=1 start_pos=69 elapsed_ms=0.451
kiln_profile_full_attn_stage full_attn_layer=6 stage=q_transpose seq_len=1 start_pos=69 elapsed_ms=0.002
kiln_profile_full_attn_stage full_attn_layer=6 stage=kv_write seq_len=1 start_pos=69 elapsed_ms=0.250
kiln_profile_full_attn_stage full_attn_layer=6 stage=decode_attn_contiguous seq_len=1 start_pos=69 elapsed_ms=0.261
kiln_profile_full_attn_stage full_attn_layer=6 stage=attn_gate seq_len=1 start_pos=69 elapsed_ms=0.208
kiln_profile_full_attn_stage full_attn_layer=6 stage=o_proj seq_len=1 start_pos=69 elapsed_ms=0.711
kiln_profile_mlp_stage layer=27 stage=gate_up_fused seq_len=1 start_pos=69 elapsed_ms=1.793
kiln_profile_mlp_stage layer=27 stage=down_proj seq_len=1 start_pos=69 elapsed_ms=1.178
kiln_profile_gdn_stage layer=28 stage=in_proj seq_len=1 start_pos=69 elapsed_ms=1.382
kiln_profile_gdn_stage layer=28 stage=qkv_conv_norm seq_len=1 start_pos=69 elapsed_ms=0.261
kiln_profile_gdn_stage layer=28 stage=gates_recur_gated_norm seq_len=1 start_pos=69 elapsed_ms=0.360
kiln_profile_gdn_stage layer=28 stage=post_transpose seq_len=1 start_pos=69 elapsed_ms=0.000
kiln_profile_gdn_stage layer=28 stage=gated_norm seq_len=1 start_pos=69 elapsed_ms=0.002
kiln_profile_gdn_stage layer=28 stage=out_proj seq_len=1 start_pos=69 elapsed_ms=0.719
kiln_profile_mlp_stage layer=28 stage=gate_up_fused seq_len=1 start_pos=69 elapsed_ms=1.773
kiln_profile_mlp_stage layer=28 stage=down_proj seq_len=1 start_pos=69 elapsed_ms=1.161
kiln_profile_gdn_stage layer=29 stage=in_proj seq_len=1 start_pos=69 elapsed_ms=2.702
kiln_profile_gdn_stage layer=29 stage=qkv_conv_norm seq_len=1 start_pos=69 elapsed_ms=0.936
kiln_profile_gdn_stage layer=29 stage=gates_recur_gated_norm seq_len=1 start_pos=69 elapsed_ms=0.400
kiln_profile_gdn_stage layer=29 stage=post_transpose seq_len=1 start_pos=69 elapsed_ms=0.000
kiln_profile_gdn_stage layer=29 stage=gated_norm seq_len=1 start_pos=69 elapsed_ms=0.002
kiln_profile_gdn_stage layer=29 stage=out_proj seq_len=1 start_pos=69 elapsed_ms=0.743
kiln_profile_mlp_stage layer=29 stage=gate_up_fused seq_len=1 start_pos=69 elapsed_ms=1.755
kiln_profile_mlp_stage layer=29 stage=down_proj seq_len=1 start_pos=69 elapsed_ms=1.136
kiln_profile_gdn_stage layer=30 stage=in_proj seq_len=1 start_pos=69 elapsed_ms=1.337
kiln_profile_gdn_stage layer=30 stage=qkv_conv_norm seq_len=1 start_pos=69 elapsed_ms=0.261
kiln_profile_gdn_stage layer=30 stage=gates_recur_gated_norm seq_len=1 start_pos=69 elapsed_ms=0.286
kiln_profile_gdn_stage layer=30 stage=post_transpose seq_len=1 start_pos=69 elapsed_ms=0.000
kiln_profile_gdn_stage layer=30 stage=gated_norm seq_len=1 start_pos=69 elapsed_ms=0.002
kiln_profile_gdn_stage layer=30 stage=out_proj seq_len=1 start_pos=69 elapsed_ms=0.700
kiln_profile_mlp_stage layer=30 stage=gate_up_fused seq_len=1 start_pos=69 elapsed_ms=1.806
kiln_profile_mlp_stage layer=30 stage=down_proj seq_len=1 start_pos=69 elapsed_ms=1.084
kiln_profile_full_attn_stage full_attn_layer=7 stage=qkv_proj seq_len=1 start_pos=69 elapsed_ms=1.262
kiln_profile_full_attn_stage full_attn_layer=7 stage=qkv_split seq_len=1 start_pos=69 elapsed_ms=0.274
kiln_profile_full_attn_stage full_attn_layer=7 stage=qk_norm seq_len=1 start_pos=69 elapsed_ms=0.215
kiln_profile_full_attn_stage full_attn_layer=7 stage=rope seq_len=1 start_pos=69 elapsed_ms=0.206
kiln_profile_full_attn_stage full_attn_layer=7 stage=q_transpose seq_len=1 start_pos=69 elapsed_ms=0.001
kiln_profile_full_attn_stage full_attn_layer=7 stage=kv_write seq_len=1 start_pos=69 elapsed_ms=0.206
kiln_profile_full_attn_stage full_attn_layer=7 stage=decode_attn_contiguous seq_len=1 start_pos=69 elapsed_ms=0.246
kiln_profile_full_attn_stage full_attn_layer=7 stage=attn_gate seq_len=1 start_pos=69 elapsed_ms=0.204
kiln_profile_full_attn_stage full_attn_layer=7 stage=o_proj seq_len=1 start_pos=69 elapsed_ms=0.793
kiln_profile_mlp_stage layer=31 stage=gate_up_fused seq_len=1 start_pos=69 elapsed_ms=1.818
kiln_profile_mlp_stage layer=31 stage=down_proj seq_len=1 start_pos=69 elapsed_ms=1.136
kiln_profile_gdn_stage layer=0 stage=in_proj seq_len=1 start_pos=70 elapsed_ms=1.387
kiln_profile_gdn_stage layer=0 stage=qkv_conv_norm seq_len=1 start_pos=70 elapsed_ms=0.292
kiln_profile_gdn_stage layer=0 stage=gates_recur_gated_norm seq_len=1 start_pos=70 elapsed_ms=0.332
kiln_profile_gdn_stage layer=0 stage=post_transpose seq_len=1 start_pos=70 elapsed_ms=0.000
kiln_profile_gdn_stage layer=0 stage=gated_norm seq_len=1 start_pos=70 elapsed_ms=0.003
kiln_profile_gdn_stage layer=0 stage=out_proj seq_len=1 start_pos=70 elapsed_ms=0.699
kiln_profile_mlp_stage layer=0 stage=gate_up_fused seq_len=1 start_pos=70 elapsed_ms=1.879
kiln_profile_mlp_stage layer=0 stage=down_proj seq_len=1 start_pos=70 elapsed_ms=1.247
kiln_profile_gdn_stage layer=1 stage=in_proj seq_len=1 start_pos=70 elapsed_ms=1.337
kiln_profile_gdn_stage layer=1 stage=qkv_conv_norm seq_len=1 start_pos=70 elapsed_ms=0.244
kiln_profile_gdn_stage layer=1 stage=gates_recur_gated_norm seq_len=1 start_pos=70 elapsed_ms=0.332
kiln_profile_gdn_stage layer=1 stage=post_transpose seq_len=1 start_pos=70 elapsed_ms=0.000
kiln_profile_gdn_stage layer=1 stage=gated_norm seq_len=1 start_pos=70 elapsed_ms=0.005
kiln_profile_gdn_stage layer=1 stage=out_proj seq_len=1 start_pos=70 elapsed_ms=0.677
kiln_profile_mlp_stage layer=1 stage=gate_up_fused seq_len=1 start_pos=70 elapsed_ms=1.798
kiln_profile_mlp_stage layer=1 stage=down_proj seq_len=1 start_pos=70 elapsed_ms=1.157
kiln_profile_gdn_stage layer=2 stage=in_proj seq_len=1 start_pos=70 elapsed_ms=1.319
kiln_profile_gdn_stage layer=2 stage=qkv_conv_norm seq_len=1 start_pos=70 elapsed_ms=0.213
kiln_profile_gdn_stage layer=2 stage=gates_recur_gated_norm seq_len=1 start_pos=70 elapsed_ms=0.315
kiln_profile_gdn_stage layer=2 stage=post_transpose seq_len=1 start_pos=70 elapsed_ms=0.000
kiln_profile_gdn_stage layer=2 stage=gated_norm seq_len=1 start_pos=70 elapsed_ms=0.005
kiln_profile_gdn_stage layer=2 stage=out_proj seq_len=1 start_pos=70 elapsed_ms=0.722
kiln_profile_mlp_stage layer=2 stage=gate_up_fused seq_len=1 start_pos=70 elapsed_ms=2.618
kiln_profile_mlp_stage layer=2 stage=down_proj seq_len=1 start_pos=70 elapsed_ms=1.470
kiln_profile_full_attn_stage full_attn_layer=0 stage=qkv_proj seq_len=1 start_pos=70 elapsed_ms=1.358
kiln_profile_full_attn_stage full_attn_layer=0 stage=qkv_split seq_len=1 start_pos=70 elapsed_ms=0.284
kiln_profile_full_attn_stage full_attn_layer=0 stage=qk_norm seq_len=1 start_pos=70 elapsed_ms=0.241
kiln_profile_full_attn_stage full_attn_layer=0 stage=rope seq_len=1 start_pos=70 elapsed_ms=0.221
kiln_profile_full_attn_stage full_attn_layer=0 stage=q_transpose seq_len=1 start_pos=70 elapsed_ms=0.002
kiln_profile_full_attn_stage full_attn_layer=0 stage=kv_write seq_len=1 start_pos=70 elapsed_ms=0.250
kiln_profile_full_attn_stage full_attn_layer=0 stage=decode_attn_contiguous seq_len=1 start_pos=70 elapsed_ms=0.295
kiln_profile_full_attn_stage full_attn_layer=0 stage=attn_gate seq_len=1 start_pos=70 elapsed_ms=0.243
kiln_profile_full_attn_stage full_attn_layer=0 stage=o_proj seq_len=1 start_pos=70 elapsed_ms=0.679
kiln_profile_mlp_stage layer=3 stage=gate_up_fused seq_len=1 start_pos=70 elapsed_ms=1.816
kiln_profile_mlp_stage layer=3 stage=down_proj seq_len=1 start_pos=70 elapsed_ms=1.176
kiln_profile_gdn_stage layer=4 stage=in_proj seq_len=1 start_pos=70 elapsed_ms=1.396
kiln_profile_gdn_stage layer=4 stage=qkv_conv_norm seq_len=1 start_pos=70 elapsed_ms=0.341
kiln_profile_gdn_stage layer=4 stage=gates_recur_gated_norm seq_len=1 start_pos=70 elapsed_ms=0.428
kiln_profile_gdn_stage layer=4 stage=post_transpose seq_len=1 start_pos=70 elapsed_ms=0.001
kiln_profile_gdn_stage layer=4 stage=gated_norm seq_len=1 start_pos=70 elapsed_ms=0.003
kiln_profile_gdn_stage layer=4 stage=out_proj seq_len=1 start_pos=70 elapsed_ms=0.720
kiln_profile_mlp_stage layer=4 stage=gate_up_fused seq_len=1 start_pos=70 elapsed_ms=1.937
kiln_profile_mlp_stage layer=4 stage=down_proj seq_len=1 start_pos=70 elapsed_ms=1.521
kiln_profile_gdn_stage layer=5 stage=in_proj seq_len=1 start_pos=70 elapsed_ms=1.663
kiln_profile_gdn_stage layer=5 stage=qkv_conv_norm seq_len=1 start_pos=70 elapsed_ms=0.300
kiln_profile_gdn_stage layer=5 stage=gates_recur_gated_norm seq_len=1 start_pos=70 elapsed_ms=0.362
kiln_profile_gdn_stage layer=5 stage=post_transpose seq_len=1 start_pos=70 elapsed_ms=0.000
kiln_profile_gdn_stage layer=5 stage=gated_norm seq_len=1 start_pos=70 elapsed_ms=0.003
kiln_profile_gdn_stage layer=5 stage=out_proj seq_len=1 start_pos=70 elapsed_ms=0.712
kiln_profile_mlp_stage layer=5 stage=gate_up_fused seq_len=1 start_pos=70 elapsed_ms=1.972
kiln_profile_mlp_stage layer=5 stage=down_proj seq_len=1 start_pos=70 elapsed_ms=1.148
kiln_profile_gdn_stage layer=6 stage=in_proj seq_len=1 start_pos=70 elapsed_ms=1.351
kiln_profile_gdn_stage layer=6 stage=qkv_conv_norm seq_len=1 start_pos=70 elapsed_ms=0.340
kiln_profile_gdn_stage layer=6 stage=gates_recur_gated_norm seq_len=1 start_pos=70 elapsed_ms=0.404
kiln_profile_gdn_stage layer=6 stage=post_transpose seq_len=1 start_pos=70 elapsed_ms=0.000
kiln_profile_gdn_stage layer=6 stage=gated_norm seq_len=1 start_pos=70 elapsed_ms=0.007
kiln_profile_gdn_stage layer=6 stage=out_proj seq_len=1 start_pos=70 elapsed_ms=0.780
kiln_profile_mlp_stage layer=6 stage=gate_up_fused seq_len=1 start_pos=70 elapsed_ms=2.011
kiln_profile_mlp_stage layer=6 stage=down_proj seq_len=1 start_pos=70 elapsed_ms=1.294
kiln_profile_full_attn_stage full_attn_layer=1 stage=qkv_proj seq_len=1 start_pos=70 elapsed_ms=2.396
kiln_profile_full_attn_stage full_attn_layer=1 stage=qkv_split seq_len=1 start_pos=70 elapsed_ms=0.556
kiln_profile_full_attn_stage full_attn_layer=1 stage=qk_norm seq_len=1 start_pos=70 elapsed_ms=0.322
kiln_profile_full_attn_stage full_attn_layer=1 stage=rope seq_len=1 start_pos=70 elapsed_ms=0.215
kiln_profile_full_attn_stage full_attn_layer=1 stage=q_transpose seq_len=1 start_pos=70 elapsed_ms=0.002
kiln_profile_full_attn_stage full_attn_layer=1 stage=kv_write seq_len=1 start_pos=70 elapsed_ms=0.210
kiln_profile_full_attn_stage full_attn_layer=1 stage=decode_attn_contiguous seq_len=1 start_pos=70 elapsed_ms=0.255
kiln_profile_full_attn_stage full_attn_layer=1 stage=attn_gate seq_len=1 start_pos=70 elapsed_ms=0.228
kiln_profile_full_attn_stage full_attn_layer=1 stage=o_proj seq_len=1 start_pos=70 elapsed_ms=0.674
kiln_profile_mlp_stage layer=7 stage=gate_up_fused seq_len=1 start_pos=70 elapsed_ms=1.779
kiln_profile_mlp_stage layer=7 stage=down_proj seq_len=1 start_pos=70 elapsed_ms=1.115
kiln_profile_gdn_stage layer=8 stage=in_proj seq_len=1 start_pos=70 elapsed_ms=1.346
kiln_profile_gdn_stage layer=8 stage=qkv_conv_norm seq_len=1 start_pos=70 elapsed_ms=0.304
kiln_profile_gdn_stage layer=8 stage=gates_recur_gated_norm seq_len=1 start_pos=70 elapsed_ms=0.352
kiln_profile_gdn_stage layer=8 stage=post_transpose seq_len=1 start_pos=70 elapsed_ms=0.000
kiln_profile_gdn_stage layer=8 stage=gated_norm seq_len=1 start_pos=70 elapsed_ms=0.003
kiln_profile_gdn_stage layer=8 stage=out_proj seq_len=1 start_pos=70 elapsed_ms=0.686
kiln_profile_mlp_stage layer=8 stage=gate_up_fused seq_len=1 start_pos=70 elapsed_ms=1.830
kiln_profile_mlp_stage layer=8 stage=down_proj seq_len=1 start_pos=70 elapsed_ms=1.197
kiln_profile_gdn_stage layer=9 stage=in_proj seq_len=1 start_pos=70 elapsed_ms=1.514
kiln_profile_gdn_stage layer=9 stage=qkv_conv_norm seq_len=1 start_pos=70 elapsed_ms=0.344
kiln_profile_gdn_stage layer=9 stage=gates_recur_gated_norm seq_len=1 start_pos=70 elapsed_ms=0.429
kiln_profile_gdn_stage layer=9 stage=post_transpose seq_len=1 start_pos=70 elapsed_ms=0.000
kiln_profile_gdn_stage layer=9 stage=gated_norm seq_len=1 start_pos=70 elapsed_ms=0.004
kiln_profile_gdn_stage layer=9 stage=out_proj seq_len=1 start_pos=70 elapsed_ms=0.736
kiln_profile_mlp_stage layer=9 stage=gate_up_fused seq_len=1 start_pos=70 elapsed_ms=1.837
kiln_profile_mlp_stage layer=9 stage=down_proj seq_len=1 start_pos=70 elapsed_ms=1.111
kiln_profile_gdn_stage layer=10 stage=in_proj seq_len=1 start_pos=70 elapsed_ms=1.350
kiln_profile_gdn_stage layer=10 stage=qkv_conv_norm seq_len=1 start_pos=70 elapsed_ms=0.246
kiln_profile_gdn_stage layer=10 stage=gates_recur_gated_norm seq_len=1 start_pos=70 elapsed_ms=0.328
kiln_profile_gdn_stage layer=10 stage=post_transpose seq_len=1 start_pos=70 elapsed_ms=0.000
kiln_profile_gdn_stage layer=10 stage=gated_norm seq_len=1 start_pos=70 elapsed_ms=0.002
kiln_profile_gdn_stage layer=10 stage=out_proj seq_len=1 start_pos=70 elapsed_ms=0.675
kiln_profile_mlp_stage layer=10 stage=gate_up_fused seq_len=1 start_pos=70 elapsed_ms=1.765
kiln_profile_mlp_stage layer=10 stage=down_proj seq_len=1 start_pos=70 elapsed_ms=1.166
kiln_profile_full_attn_stage full_attn_layer=2 stage=qkv_proj seq_len=1 start_pos=70 elapsed_ms=1.289
kiln_profile_full_attn_stage full_attn_layer=2 stage=qkv_split seq_len=1 start_pos=70 elapsed_ms=0.259
kiln_profile_full_attn_stage full_attn_layer=2 stage=qk_norm seq_len=1 start_pos=70 elapsed_ms=0.222
kiln_profile_full_attn_stage full_attn_layer=2 stage=rope seq_len=1 start_pos=70 elapsed_ms=0.196
kiln_profile_full_attn_stage full_attn_layer=2 stage=q_transpose seq_len=1 start_pos=70 elapsed_ms=0.002
kiln_profile_full_attn_stage full_attn_layer=2 stage=kv_write seq_len=1 start_pos=70 elapsed_ms=0.216
kiln_profile_full_attn_stage full_attn_layer=2 stage=decode_attn_contiguous seq_len=1 start_pos=70 elapsed_ms=0.212
kiln_profile_full_attn_stage full_attn_layer=2 stage=attn_gate seq_len=1 start_pos=70 elapsed_ms=0.209
kiln_profile_full_attn_stage full_attn_layer=2 stage=o_proj seq_len=1 start_pos=70 elapsed_ms=0.675
kiln_profile_mlp_stage layer=11 stage=gate_up_fused seq_len=1 start_pos=70 elapsed_ms=1.962
kiln_profile_mlp_stage layer=11 stage=down_proj seq_len=1 start_pos=70 elapsed_ms=1.816
kiln_profile_gdn_stage layer=12 stage=in_proj seq_len=1 start_pos=70 elapsed_ms=1.338
kiln_profile_gdn_stage layer=12 stage=qkv_conv_norm seq_len=1 start_pos=70 elapsed_ms=0.259
kiln_profile_gdn_stage layer=12 stage=gates_recur_gated_norm seq_len=1 start_pos=70 elapsed_ms=0.310
kiln_profile_gdn_stage layer=12 stage=post_transpose seq_len=1 start_pos=70 elapsed_ms=0.000
kiln_profile_gdn_stage layer=12 stage=gated_norm seq_len=1 start_pos=70 elapsed_ms=0.002
kiln_profile_gdn_stage layer=12 stage=out_proj seq_len=1 start_pos=70 elapsed_ms=0.627
kiln_profile_mlp_stage layer=12 stage=gate_up_fused seq_len=1 start_pos=70 elapsed_ms=1.776
kiln_profile_mlp_stage layer=12 stage=down_proj seq_len=1 start_pos=70 elapsed_ms=1.088
kiln_profile_gdn_stage layer=13 stage=in_proj seq_len=1 start_pos=70 elapsed_ms=1.340
kiln_profile_gdn_stage layer=13 stage=qkv_conv_norm seq_len=1 start_pos=70 elapsed_ms=0.219
kiln_profile_gdn_stage layer=13 stage=gates_recur_gated_norm seq_len=1 start_pos=70 elapsed_ms=0.311
kiln_profile_gdn_stage layer=13 stage=post_transpose seq_len=1 start_pos=70 elapsed_ms=0.000
kiln_profile_gdn_stage layer=13 stage=gated_norm seq_len=1 start_pos=70 elapsed_ms=0.002
kiln_profile_gdn_stage layer=13 stage=out_proj seq_len=1 start_pos=70 elapsed_ms=0.650
kiln_profile_mlp_stage layer=13 stage=gate_up_fused seq_len=1 start_pos=70 elapsed_ms=1.787
kiln_profile_mlp_stage layer=13 stage=down_proj seq_len=1 start_pos=70 elapsed_ms=1.095
kiln_profile_gdn_stage layer=14 stage=in_proj seq_len=1 start_pos=70 elapsed_ms=1.399
kiln_profile_gdn_stage layer=14 stage=qkv_conv_norm seq_len=1 start_pos=70 elapsed_ms=0.216
kiln_profile_gdn_stage layer=14 stage=gates_recur_gated_norm seq_len=1 start_pos=70 elapsed_ms=0.337
kiln_profile_gdn_stage layer=14 stage=post_transpose seq_len=1 start_pos=70 elapsed_ms=0.000
kiln_profile_gdn_stage layer=14 stage=gated_norm seq_len=1 start_pos=70 elapsed_ms=0.003
kiln_profile_gdn_stage layer=14 stage=out_proj seq_len=1 start_pos=70 elapsed_ms=0.664
kiln_profile_mlp_stage layer=14 stage=gate_up_fused seq_len=1 start_pos=70 elapsed_ms=1.787
kiln_profile_mlp_stage layer=14 stage=down_proj seq_len=1 start_pos=70 elapsed_ms=1.084
kiln_profile_full_attn_stage full_attn_layer=3 stage=qkv_proj seq_len=1 start_pos=70 elapsed_ms=1.307
kiln_profile_full_attn_stage full_attn_layer=3 stage=qkv_split seq_len=1 start_pos=70 elapsed_ms=0.230
kiln_profile_full_attn_stage full_attn_layer=3 stage=qk_norm seq_len=1 start_pos=70 elapsed_ms=0.224
kiln_profile_full_attn_stage full_attn_layer=3 stage=rope seq_len=1 start_pos=70 elapsed_ms=0.191
kiln_profile_full_attn_stage full_attn_layer=3 stage=q_transpose seq_len=1 start_pos=70 elapsed_ms=0.002
kiln_profile_full_attn_stage full_attn_layer=3 stage=kv_write seq_len=1 start_pos=70 elapsed_ms=0.176
kiln_profile_full_attn_stage full_attn_layer=3 stage=decode_attn_contiguous seq_len=1 start_pos=70 elapsed_ms=0.211
kiln_profile_full_attn_stage full_attn_layer=3 stage=attn_gate seq_len=1 start_pos=70 elapsed_ms=0.177
kiln_profile_full_attn_stage full_attn_layer=3 stage=o_proj seq_len=1 start_pos=70 elapsed_ms=0.645
kiln_profile_mlp_stage layer=15 stage=gate_up_fused seq_len=1 start_pos=70 elapsed_ms=1.812
kiln_profile_mlp_stage layer=15 stage=down_proj seq_len=1 start_pos=70 elapsed_ms=1.096
kiln_profile_gdn_stage layer=16 stage=in_proj seq_len=1 start_pos=70 elapsed_ms=1.403
kiln_profile_gdn_stage layer=16 stage=qkv_conv_norm seq_len=1 start_pos=70 elapsed_ms=0.225
kiln_profile_gdn_stage layer=16 stage=gates_recur_gated_norm seq_len=1 start_pos=70 elapsed_ms=0.326
kiln_profile_gdn_stage layer=16 stage=post_transpose seq_len=1 start_pos=70 elapsed_ms=0.000
kiln_profile_gdn_stage layer=16 stage=gated_norm seq_len=1 start_pos=70 elapsed_ms=0.001
kiln_profile_gdn_stage layer=16 stage=out_proj seq_len=1 start_pos=70 elapsed_ms=0.693
kiln_profile_mlp_stage layer=16 stage=gate_up_fused seq_len=1 start_pos=70 elapsed_ms=2.026
kiln_profile_mlp_stage layer=16 stage=down_proj seq_len=1 start_pos=70 elapsed_ms=1.337
kiln_profile_gdn_stage layer=17 stage=in_proj seq_len=1 start_pos=70 elapsed_ms=1.688
kiln_profile_gdn_stage layer=17 stage=qkv_conv_norm seq_len=1 start_pos=70 elapsed_ms=0.210
kiln_profile_gdn_stage layer=17 stage=gates_recur_gated_norm seq_len=1 start_pos=70 elapsed_ms=0.522
kiln_profile_gdn_stage layer=17 stage=post_transpose seq_len=1 start_pos=70 elapsed_ms=0.000
kiln_profile_gdn_stage layer=17 stage=gated_norm seq_len=1 start_pos=70 elapsed_ms=0.002
kiln_profile_gdn_stage layer=17 stage=out_proj seq_len=1 start_pos=70 elapsed_ms=0.711
kiln_profile_mlp_stage layer=17 stage=gate_up_fused seq_len=1 start_pos=70 elapsed_ms=1.900
kiln_profile_mlp_stage layer=17 stage=down_proj seq_len=1 start_pos=70 elapsed_ms=1.194
kiln_profile_gdn_stage layer=18 stage=in_proj seq_len=1 start_pos=70 elapsed_ms=1.356
kiln_profile_gdn_stage layer=18 stage=qkv_conv_norm seq_len=1 start_pos=70 elapsed_ms=0.217
kiln_profile_gdn_stage layer=18 stage=gates_recur_gated_norm seq_len=1 start_pos=70 elapsed_ms=0.302
kiln_profile_gdn_stage layer=18 stage=post_transpose seq_len=1 start_pos=70 elapsed_ms=0.000
kiln_profile_gdn_stage layer=18 stage=gated_norm seq_len=1 start_pos=70 elapsed_ms=0.001
kiln_profile_gdn_stage layer=18 stage=out_proj seq_len=1 start_pos=70 elapsed_ms=0.674
kiln_profile_mlp_stage layer=18 stage=gate_up_fused seq_len=1 start_pos=70 elapsed_ms=1.786
kiln_profile_mlp_stage layer=18 stage=down_proj seq_len=1 start_pos=70 elapsed_ms=1.121
kiln_profile_full_attn_stage full_attn_layer=4 stage=qkv_proj seq_len=1 start_pos=70 elapsed_ms=1.331
kiln_profile_full_attn_stage full_attn_layer=4 stage=qkv_split seq_len=1 start_pos=70 elapsed_ms=0.255
kiln_profile_full_attn_stage full_attn_layer=4 stage=qk_norm seq_len=1 start_pos=70 elapsed_ms=0.221
kiln_profile_full_attn_stage full_attn_layer=4 stage=rope seq_len=1 start_pos=70 elapsed_ms=0.185
kiln_profile_full_attn_stage full_attn_layer=4 stage=q_transpose seq_len=1 start_pos=70 elapsed_ms=0.001
kiln_profile_full_attn_stage full_attn_layer=4 stage=kv_write seq_len=1 start_pos=70 elapsed_ms=0.230
kiln_profile_full_attn_stage full_attn_layer=4 stage=decode_attn_contiguous seq_len=1 start_pos=70 elapsed_ms=0.210
kiln_profile_full_attn_stage full_attn_layer=4 stage=attn_gate seq_len=1 start_pos=70 elapsed_ms=0.176
kiln_profile_full_attn_stage full_attn_layer=4 stage=o_proj seq_len=1 start_pos=70 elapsed_ms=0.674
kiln_profile_mlp_stage layer=19 stage=gate_up_fused seq_len=1 start_pos=70 elapsed_ms=1.782
kiln_profile_mlp_stage layer=19 stage=down_proj seq_len=1 start_pos=70 elapsed_ms=1.129
kiln_profile_gdn_stage layer=20 stage=in_proj seq_len=1 start_pos=70 elapsed_ms=1.327
kiln_profile_gdn_stage layer=20 stage=qkv_conv_norm seq_len=1 start_pos=70 elapsed_ms=0.241
kiln_profile_gdn_stage layer=20 stage=gates_recur_gated_norm seq_len=1 start_pos=70 elapsed_ms=0.345
kiln_profile_gdn_stage layer=20 stage=post_transpose seq_len=1 start_pos=70 elapsed_ms=0.001
kiln_profile_gdn_stage layer=20 stage=gated_norm seq_len=1 start_pos=70 elapsed_ms=0.002
kiln_profile_gdn_stage layer=20 stage=out_proj seq_len=1 start_pos=70 elapsed_ms=0.750
kiln_profile_mlp_stage layer=20 stage=gate_up_fused seq_len=1 start_pos=70 elapsed_ms=1.938
kiln_profile_mlp_stage layer=20 stage=down_proj seq_len=1 start_pos=70 elapsed_ms=1.173
kiln_profile_gdn_stage layer=21 stage=in_proj seq_len=1 start_pos=70 elapsed_ms=1.614
kiln_profile_gdn_stage layer=21 stage=qkv_conv_norm seq_len=1 start_pos=70 elapsed_ms=0.257
kiln_profile_gdn_stage layer=21 stage=gates_recur_gated_norm seq_len=1 start_pos=70 elapsed_ms=0.326
kiln_profile_gdn_stage layer=21 stage=post_transpose seq_len=1 start_pos=70 elapsed_ms=0.000
kiln_profile_gdn_stage layer=21 stage=gated_norm seq_len=1 start_pos=70 elapsed_ms=0.002
kiln_profile_gdn_stage layer=21 stage=out_proj seq_len=1 start_pos=70 elapsed_ms=0.667
kiln_profile_mlp_stage layer=21 stage=gate_up_fused seq_len=1 start_pos=70 elapsed_ms=1.866
kiln_profile_mlp_stage layer=21 stage=down_proj seq_len=1 start_pos=70 elapsed_ms=1.438
kiln_profile_gdn_stage layer=22 stage=in_proj seq_len=1 start_pos=70 elapsed_ms=1.730
kiln_profile_gdn_stage layer=22 stage=qkv_conv_norm seq_len=1 start_pos=70 elapsed_ms=0.283
kiln_profile_gdn_stage layer=22 stage=gates_recur_gated_norm seq_len=1 start_pos=70 elapsed_ms=0.344
kiln_profile_gdn_stage layer=22 stage=post_transpose seq_len=1 start_pos=70 elapsed_ms=0.000
kiln_profile_gdn_stage layer=22 stage=gated_norm seq_len=1 start_pos=70 elapsed_ms=0.002
kiln_profile_gdn_stage layer=22 stage=out_proj seq_len=1 start_pos=70 elapsed_ms=0.724
kiln_profile_mlp_stage layer=22 stage=gate_up_fused seq_len=1 start_pos=70 elapsed_ms=1.799
kiln_profile_mlp_stage layer=22 stage=down_proj seq_len=1 start_pos=70 elapsed_ms=1.190
kiln_profile_full_attn_stage full_attn_layer=5 stage=qkv_proj seq_len=1 start_pos=70 elapsed_ms=1.335
kiln_profile_full_attn_stage full_attn_layer=5 stage=qkv_split seq_len=1 start_pos=70 elapsed_ms=0.317
kiln_profile_full_attn_stage full_attn_layer=5 stage=qk_norm seq_len=1 start_pos=70 elapsed_ms=0.297
kiln_profile_full_attn_stage full_attn_layer=5 stage=rope seq_len=1 start_pos=70 elapsed_ms=0.267
kiln_profile_full_attn_stage full_attn_layer=5 stage=q_transpose seq_len=1 start_pos=70 elapsed_ms=0.002
kiln_profile_full_attn_stage full_attn_layer=5 stage=kv_write seq_len=1 start_pos=70 elapsed_ms=0.275
kiln_profile_full_attn_stage full_attn_layer=5 stage=decode_attn_contiguous seq_len=1 start_pos=70 elapsed_ms=0.305
kiln_profile_full_attn_stage full_attn_layer=5 stage=attn_gate seq_len=1 start_pos=70 elapsed_ms=0.275
kiln_profile_full_attn_stage full_attn_layer=5 stage=o_proj seq_len=1 start_pos=70 elapsed_ms=0.659
kiln_profile_mlp_stage layer=23 stage=gate_up_fused seq_len=1 start_pos=70 elapsed_ms=1.823
kiln_profile_mlp_stage layer=23 stage=down_proj seq_len=1 start_pos=70 elapsed_ms=1.199
kiln_profile_gdn_stage layer=24 stage=in_proj seq_len=1 start_pos=70 elapsed_ms=1.412
kiln_profile_gdn_stage layer=24 stage=qkv_conv_norm seq_len=1 start_pos=70 elapsed_ms=0.269
kiln_profile_gdn_stage layer=24 stage=gates_recur_gated_norm seq_len=1 start_pos=70 elapsed_ms=0.402
kiln_profile_gdn_stage layer=24 stage=post_transpose seq_len=1 start_pos=70 elapsed_ms=0.000
kiln_profile_gdn_stage layer=24 stage=gated_norm seq_len=1 start_pos=70 elapsed_ms=0.004
kiln_profile_gdn_stage layer=24 stage=out_proj seq_len=1 start_pos=70 elapsed_ms=0.716
kiln_profile_mlp_stage layer=24 stage=gate_up_fused seq_len=1 start_pos=70 elapsed_ms=1.781
kiln_profile_mlp_stage layer=24 stage=down_proj seq_len=1 start_pos=70 elapsed_ms=1.056
kiln_profile_gdn_stage layer=25 stage=in_proj seq_len=1 start_pos=70 elapsed_ms=1.325
kiln_profile_gdn_stage layer=25 stage=qkv_conv_norm seq_len=1 start_pos=70 elapsed_ms=0.319
kiln_profile_gdn_stage layer=25 stage=gates_recur_gated_norm seq_len=1 start_pos=70 elapsed_ms=0.387
kiln_profile_gdn_stage layer=25 stage=post_transpose seq_len=1 start_pos=70 elapsed_ms=0.000
kiln_profile_gdn_stage layer=25 stage=gated_norm seq_len=1 start_pos=70 elapsed_ms=0.008
kiln_profile_gdn_stage layer=25 stage=out_proj seq_len=1 start_pos=70 elapsed_ms=0.794
kiln_profile_mlp_stage layer=25 stage=gate_up_fused seq_len=1 start_pos=70 elapsed_ms=1.828
kiln_profile_mlp_stage layer=25 stage=down_proj seq_len=1 start_pos=70 elapsed_ms=1.093
kiln_profile_gdn_stage layer=26 stage=in_proj seq_len=1 start_pos=70 elapsed_ms=1.291
kiln_profile_gdn_stage layer=26 stage=qkv_conv_norm seq_len=1 start_pos=70 elapsed_ms=0.232
kiln_profile_gdn_stage layer=26 stage=gates_recur_gated_norm seq_len=1 start_pos=70 elapsed_ms=0.327
kiln_profile_gdn_stage layer=26 stage=post_transpose seq_len=1 start_pos=70 elapsed_ms=0.000
kiln_profile_gdn_stage layer=26 stage=gated_norm seq_len=1 start_pos=70 elapsed_ms=0.002
kiln_profile_gdn_stage layer=26 stage=out_proj seq_len=1 start_pos=70 elapsed_ms=0.630
kiln_profile_mlp_stage layer=26 stage=gate_up_fused seq_len=1 start_pos=70 elapsed_ms=1.975
kiln_profile_mlp_stage layer=26 stage=down_proj seq_len=1 start_pos=70 elapsed_ms=2.332
kiln_profile_full_attn_stage full_attn_layer=6 stage=qkv_proj seq_len=1 start_pos=70 elapsed_ms=1.342
kiln_profile_full_attn_stage full_attn_layer=6 stage=qkv_split seq_len=1 start_pos=70 elapsed_ms=0.224
kiln_profile_full_attn_stage full_attn_layer=6 stage=qk_norm seq_len=1 start_pos=70 elapsed_ms=0.200
kiln_profile_full_attn_stage full_attn_layer=6 stage=rope seq_len=1 start_pos=70 elapsed_ms=0.174
kiln_profile_full_attn_stage full_attn_layer=6 stage=q_transpose seq_len=1 start_pos=70 elapsed_ms=0.001
kiln_profile_full_attn_stage full_attn_layer=6 stage=kv_write seq_len=1 start_pos=70 elapsed_ms=0.176
kiln_profile_full_attn_stage full_attn_layer=6 stage=decode_attn_contiguous seq_len=1 start_pos=70 elapsed_ms=0.207
kiln_profile_full_attn_stage full_attn_layer=6 stage=attn_gate seq_len=1 start_pos=70 elapsed_ms=0.168
kiln_profile_full_attn_stage full_attn_layer=6 stage=o_proj seq_len=1 start_pos=70 elapsed_ms=0.648
kiln_profile_mlp_stage layer=27 stage=gate_up_fused seq_len=1 start_pos=70 elapsed_ms=1.858
kiln_profile_mlp_stage layer=27 stage=down_proj seq_len=1 start_pos=70 elapsed_ms=1.141
kiln_profile_gdn_stage layer=28 stage=in_proj seq_len=1 start_pos=70 elapsed_ms=1.341
kiln_profile_gdn_stage layer=28 stage=qkv_conv_norm seq_len=1 start_pos=70 elapsed_ms=0.200
kiln_profile_gdn_stage layer=28 stage=gates_recur_gated_norm seq_len=1 start_pos=70 elapsed_ms=0.281
kiln_profile_gdn_stage layer=28 stage=post_transpose seq_len=1 start_pos=70 elapsed_ms=0.000
kiln_profile_gdn_stage layer=28 stage=gated_norm seq_len=1 start_pos=70 elapsed_ms=0.001
kiln_profile_gdn_stage layer=28 stage=out_proj seq_len=1 start_pos=70 elapsed_ms=0.660
kiln_profile_mlp_stage layer=28 stage=gate_up_fused seq_len=1 start_pos=70 elapsed_ms=1.993
kiln_profile_mlp_stage layer=28 stage=down_proj seq_len=1 start_pos=70 elapsed_ms=1.166
kiln_profile_gdn_stage layer=29 stage=in_proj seq_len=1 start_pos=70 elapsed_ms=1.389
kiln_profile_gdn_stage layer=29 stage=qkv_conv_norm seq_len=1 start_pos=70 elapsed_ms=0.234
kiln_profile_gdn_stage layer=29 stage=gates_recur_gated_norm seq_len=1 start_pos=70 elapsed_ms=0.323
kiln_profile_gdn_stage layer=29 stage=post_transpose seq_len=1 start_pos=70 elapsed_ms=0.000
kiln_profile_gdn_stage layer=29 stage=gated_norm seq_len=1 start_pos=70 elapsed_ms=0.002
kiln_profile_gdn_stage layer=29 stage=out_proj seq_len=1 start_pos=70 elapsed_ms=0.661
kiln_profile_mlp_stage layer=29 stage=gate_up_fused seq_len=1 start_pos=70 elapsed_ms=1.789
kiln_profile_mlp_stage layer=29 stage=down_proj seq_len=1 start_pos=70 elapsed_ms=1.115
kiln_profile_gdn_stage layer=30 stage=in_proj seq_len=1 start_pos=70 elapsed_ms=1.391
kiln_profile_gdn_stage layer=30 stage=qkv_conv_norm seq_len=1 start_pos=70 elapsed_ms=0.237
kiln_profile_gdn_stage layer=30 stage=gates_recur_gated_norm seq_len=1 start_pos=70 elapsed_ms=0.316
kiln_profile_gdn_stage layer=30 stage=post_transpose seq_len=1 start_pos=70 elapsed_ms=0.000
kiln_profile_gdn_stage layer=30 stage=gated_norm seq_len=1 start_pos=70 elapsed_ms=0.002
kiln_profile_gdn_stage layer=30 stage=out_proj seq_len=1 start_pos=70 elapsed_ms=0.712
kiln_profile_mlp_stage layer=30 stage=gate_up_fused seq_len=1 start_pos=70 elapsed_ms=1.786
kiln_profile_mlp_stage layer=30 stage=down_proj seq_len=1 start_pos=70 elapsed_ms=1.103
kiln_profile_full_attn_stage full_attn_layer=7 stage=qkv_proj seq_len=1 start_pos=70 elapsed_ms=1.285
kiln_profile_full_attn_stage full_attn_layer=7 stage=qkv_split seq_len=1 start_pos=70 elapsed_ms=0.245
kiln_profile_full_attn_stage full_attn_layer=7 stage=qk_norm seq_len=1 start_pos=70 elapsed_ms=0.195
kiln_profile_full_attn_stage full_attn_layer=7 stage=rope seq_len=1 start_pos=70 elapsed_ms=0.182
kiln_profile_full_attn_stage full_attn_layer=7 stage=q_transpose seq_len=1 start_pos=70 elapsed_ms=0.001
kiln_profile_full_attn_stage full_attn_layer=7 stage=kv_write seq_len=1 start_pos=70 elapsed_ms=0.257
kiln_profile_full_attn_stage full_attn_layer=7 stage=decode_attn_contiguous seq_len=1 start_pos=70 elapsed_ms=0.258
kiln_profile_full_attn_stage full_attn_layer=7 stage=attn_gate seq_len=1 start_pos=70 elapsed_ms=0.198
kiln_profile_full_attn_stage full_attn_layer=7 stage=o_proj seq_len=1 start_pos=70 elapsed_ms=0.762
kiln_profile_mlp_stage layer=31 stage=gate_up_fused seq_len=1 start_pos=70 elapsed_ms=1.889
kiln_profile_mlp_stage layer=31 stage=down_proj seq_len=1 start_pos=70 elapsed_ms=2.598
kiln_profile_gdn_stage layer=0 stage=in_proj seq_len=1 start_pos=71 elapsed_ms=1.524
kiln_profile_gdn_stage layer=0 stage=qkv_conv_norm seq_len=1 start_pos=71 elapsed_ms=0.347
kiln_profile_gdn_stage layer=0 stage=gates_recur_gated_norm seq_len=1 start_pos=71 elapsed_ms=0.439
kiln_profile_gdn_stage layer=0 stage=post_transpose seq_len=1 start_pos=71 elapsed_ms=0.000
kiln_profile_gdn_stage layer=0 stage=gated_norm seq_len=1 start_pos=71 elapsed_ms=0.003
kiln_profile_gdn_stage layer=0 stage=out_proj seq_len=1 start_pos=71 elapsed_ms=0.974
kiln_profile_mlp_stage layer=0 stage=gate_up_fused seq_len=1 start_pos=71 elapsed_ms=2.559
kiln_profile_mlp_stage layer=0 stage=down_proj seq_len=1 start_pos=71 elapsed_ms=1.300
kiln_profile_gdn_stage layer=1 stage=in_proj seq_len=1 start_pos=71 elapsed_ms=1.318
kiln_profile_gdn_stage layer=1 stage=qkv_conv_norm seq_len=1 start_pos=71 elapsed_ms=0.265
kiln_profile_gdn_stage layer=1 stage=gates_recur_gated_norm seq_len=1 start_pos=71 elapsed_ms=0.360
kiln_profile_gdn_stage layer=1 stage=post_transpose seq_len=1 start_pos=71 elapsed_ms=0.001
kiln_profile_gdn_stage layer=1 stage=gated_norm seq_len=1 start_pos=71 elapsed_ms=0.003
kiln_profile_gdn_stage layer=1 stage=out_proj seq_len=1 start_pos=71 elapsed_ms=0.703
kiln_profile_mlp_stage layer=1 stage=gate_up_fused seq_len=1 start_pos=71 elapsed_ms=1.836
kiln_profile_mlp_stage layer=1 stage=down_proj seq_len=1 start_pos=71 elapsed_ms=1.152
kiln_profile_gdn_stage layer=2 stage=in_proj seq_len=1 start_pos=71 elapsed_ms=1.366
kiln_profile_gdn_stage layer=2 stage=qkv_conv_norm seq_len=1 start_pos=71 elapsed_ms=0.290
kiln_profile_gdn_stage layer=2 stage=gates_recur_gated_norm seq_len=1 start_pos=71 elapsed_ms=0.369
kiln_profile_gdn_stage layer=2 stage=post_transpose seq_len=1 start_pos=71 elapsed_ms=0.004
kiln_profile_gdn_stage layer=2 stage=gated_norm seq_len=1 start_pos=71 elapsed_ms=0.003
kiln_profile_gdn_stage layer=2 stage=out_proj seq_len=1 start_pos=71 elapsed_ms=0.772
kiln_profile_mlp_stage layer=2 stage=gate_up_fused seq_len=1 start_pos=71 elapsed_ms=1.905
kiln_profile_mlp_stage layer=2 stage=down_proj seq_len=1 start_pos=71 elapsed_ms=1.215
kiln_profile_full_attn_stage full_attn_layer=0 stage=qkv_proj seq_len=1 start_pos=71 elapsed_ms=1.324
kiln_profile_full_attn_stage full_attn_layer=0 stage=qkv_split seq_len=1 start_pos=71 elapsed_ms=0.295
kiln_profile_full_attn_stage full_attn_layer=0 stage=qk_norm seq_len=1 start_pos=71 elapsed_ms=0.256
kiln_profile_full_attn_stage full_attn_layer=0 stage=rope seq_len=1 start_pos=71 elapsed_ms=0.235
kiln_profile_full_attn_stage full_attn_layer=0 stage=q_transpose seq_len=1 start_pos=71 elapsed_ms=0.002
kiln_profile_full_attn_stage full_attn_layer=0 stage=kv_write seq_len=1 start_pos=71 elapsed_ms=0.226
kiln_profile_full_attn_stage full_attn_layer=0 stage=decode_attn_contiguous seq_len=1 start_pos=71 elapsed_ms=0.259
kiln_profile_full_attn_stage full_attn_layer=0 stage=attn_gate seq_len=1 start_pos=71 elapsed_ms=0.231
kiln_profile_full_attn_stage full_attn_layer=0 stage=o_proj seq_len=1 start_pos=71 elapsed_ms=0.696
kiln_profile_mlp_stage layer=3 stage=gate_up_fused seq_len=1 start_pos=71 elapsed_ms=2.061
kiln_profile_mlp_stage layer=3 stage=down_proj seq_len=1 start_pos=71 elapsed_ms=1.216
kiln_profile_gdn_stage layer=4 stage=in_proj seq_len=1 start_pos=71 elapsed_ms=1.358
kiln_profile_gdn_stage layer=4 stage=qkv_conv_norm seq_len=1 start_pos=71 elapsed_ms=0.282
kiln_profile_gdn_stage layer=4 stage=gates_recur_gated_norm seq_len=1 start_pos=71 elapsed_ms=0.349
kiln_profile_gdn_stage layer=4 stage=post_transpose seq_len=1 start_pos=71 elapsed_ms=0.001
kiln_profile_gdn_stage layer=4 stage=gated_norm seq_len=1 start_pos=71 elapsed_ms=0.003
kiln_profile_gdn_stage layer=4 stage=out_proj seq_len=1 start_pos=71 elapsed_ms=0.711
kiln_profile_mlp_stage layer=4 stage=gate_up_fused seq_len=1 start_pos=71 elapsed_ms=1.950
kiln_profile_mlp_stage layer=4 stage=down_proj seq_len=1 start_pos=71 elapsed_ms=1.515
kiln_profile_gdn_stage layer=5 stage=in_proj seq_len=1 start_pos=71 elapsed_ms=2.528
kiln_profile_gdn_stage layer=5 stage=qkv_conv_norm seq_len=1 start_pos=71 elapsed_ms=0.259
kiln_profile_gdn_stage layer=5 stage=gates_recur_gated_norm seq_len=1 start_pos=71 elapsed_ms=0.316
kiln_profile_gdn_stage layer=5 stage=post_transpose seq_len=1 start_pos=71 elapsed_ms=0.000
kiln_profile_gdn_stage layer=5 stage=gated_norm seq_len=1 start_pos=71 elapsed_ms=0.002
kiln_profile_gdn_stage layer=5 stage=out_proj seq_len=1 start_pos=71 elapsed_ms=0.657
kiln_profile_mlp_stage layer=5 stage=gate_up_fused seq_len=1 start_pos=71 elapsed_ms=1.767
kiln_profile_mlp_stage layer=5 stage=down_proj seq_len=1 start_pos=71 elapsed_ms=1.139
kiln_profile_gdn_stage layer=6 stage=in_proj seq_len=1 start_pos=71 elapsed_ms=1.401
kiln_profile_gdn_stage layer=6 stage=qkv_conv_norm seq_len=1 start_pos=71 elapsed_ms=0.198
kiln_profile_gdn_stage layer=6 stage=gates_recur_gated_norm seq_len=1 start_pos=71 elapsed_ms=0.305
kiln_profile_gdn_stage layer=6 stage=post_transpose seq_len=1 start_pos=71 elapsed_ms=0.000
kiln_profile_gdn_stage layer=6 stage=gated_norm seq_len=1 start_pos=71 elapsed_ms=0.001
kiln_profile_gdn_stage layer=6 stage=out_proj seq_len=1 start_pos=71 elapsed_ms=0.654
kiln_profile_mlp_stage layer=6 stage=gate_up_fused seq_len=1 start_pos=71 elapsed_ms=1.777
kiln_profile_mlp_stage layer=6 stage=down_proj seq_len=1 start_pos=71 elapsed_ms=1.101
kiln_profile_full_attn_stage full_attn_layer=1 stage=qkv_proj seq_len=1 start_pos=71 elapsed_ms=1.317
kiln_profile_full_attn_stage full_attn_layer=1 stage=qkv_split seq_len=1 start_pos=71 elapsed_ms=0.247
kiln_profile_full_attn_stage full_attn_layer=1 stage=qk_norm seq_len=1 start_pos=71 elapsed_ms=0.215
kiln_profile_full_attn_stage full_attn_layer=1 stage=rope seq_len=1 start_pos=71 elapsed_ms=0.208
kiln_profile_full_attn_stage full_attn_layer=1 stage=q_transpose seq_len=1 start_pos=71 elapsed_ms=0.001
kiln_profile_full_attn_stage full_attn_layer=1 stage=kv_write seq_len=1 start_pos=71 elapsed_ms=0.247
kiln_profile_full_attn_stage full_attn_layer=1 stage=decode_attn_contiguous seq_len=1 start_pos=71 elapsed_ms=0.209
kiln_profile_full_attn_stage full_attn_layer=1 stage=attn_gate seq_len=1 start_pos=71 elapsed_ms=0.166
kiln_profile_full_attn_stage full_attn_layer=1 stage=o_proj seq_len=1 start_pos=71 elapsed_ms=0.644
kiln_profile_mlp_stage layer=7 stage=gate_up_fused seq_len=1 start_pos=71 elapsed_ms=1.830
kiln_profile_mlp_stage layer=7 stage=down_proj seq_len=1 start_pos=71 elapsed_ms=1.075
kiln_profile_gdn_stage layer=8 stage=in_proj seq_len=1 start_pos=71 elapsed_ms=1.289
kiln_profile_gdn_stage layer=8 stage=qkv_conv_norm seq_len=1 start_pos=71 elapsed_ms=0.179
kiln_profile_gdn_stage layer=8 stage=gates_recur_gated_norm seq_len=1 start_pos=71 elapsed_ms=0.264
kiln_profile_gdn_stage layer=8 stage=post_transpose seq_len=1 start_pos=71 elapsed_ms=0.000
kiln_profile_gdn_stage layer=8 stage=gated_norm seq_len=1 start_pos=71 elapsed_ms=0.001
kiln_profile_gdn_stage layer=8 stage=out_proj seq_len=1 start_pos=71 elapsed_ms=0.646
kiln_profile_mlp_stage layer=8 stage=gate_up_fused seq_len=1 start_pos=71 elapsed_ms=1.830
kiln_profile_mlp_stage layer=8 stage=down_proj seq_len=1 start_pos=71 elapsed_ms=1.081
kiln_profile_gdn_stage layer=9 stage=in_proj seq_len=1 start_pos=71 elapsed_ms=1.298
kiln_profile_gdn_stage layer=9 stage=qkv_conv_norm seq_len=1 start_pos=71 elapsed_ms=0.185
kiln_profile_gdn_stage layer=9 stage=gates_recur_gated_norm seq_len=1 start_pos=71 elapsed_ms=0.264
kiln_profile_gdn_stage layer=9 stage=post_transpose seq_len=1 start_pos=71 elapsed_ms=0.000
kiln_profile_gdn_stage layer=9 stage=gated_norm seq_len=1 start_pos=71 elapsed_ms=0.001
kiln_profile_gdn_stage layer=9 stage=out_proj seq_len=1 start_pos=71 elapsed_ms=0.647
kiln_profile_mlp_stage layer=9 stage=gate_up_fused seq_len=1 start_pos=71 elapsed_ms=1.822
kiln_profile_mlp_stage layer=9 stage=down_proj seq_len=1 start_pos=71 elapsed_ms=1.161
kiln_profile_gdn_stage layer=10 stage=in_proj seq_len=1 start_pos=71 elapsed_ms=1.801
kiln_profile_gdn_stage layer=10 stage=qkv_conv_norm seq_len=1 start_pos=71 elapsed_ms=0.587
kiln_profile_gdn_stage layer=10 stage=gates_recur_gated_norm seq_len=1 start_pos=71 elapsed_ms=0.350
kiln_profile_gdn_stage layer=10 stage=post_transpose seq_len=1 start_pos=71 elapsed_ms=0.000
kiln_profile_gdn_stage layer=10 stage=gated_norm seq_len=1 start_pos=71 elapsed_ms=0.002
kiln_profile_gdn_stage layer=10 stage=out_proj seq_len=1 start_pos=71 elapsed_ms=0.679
kiln_profile_mlp_stage layer=10 stage=gate_up_fused seq_len=1 start_pos=71 elapsed_ms=1.769
kiln_profile_mlp_stage layer=10 stage=down_proj seq_len=1 start_pos=71 elapsed_ms=1.134
kiln_profile_full_attn_stage full_attn_layer=2 stage=qkv_proj seq_len=1 start_pos=71 elapsed_ms=1.295
kiln_profile_full_attn_stage full_attn_layer=2 stage=qkv_split seq_len=1 start_pos=71 elapsed_ms=0.242
kiln_profile_full_attn_stage full_attn_layer=2 stage=qk_norm seq_len=1 start_pos=71 elapsed_ms=0.231
kiln_profile_full_attn_stage full_attn_layer=2 stage=rope seq_len=1 start_pos=71 elapsed_ms=0.214
kiln_profile_full_attn_stage full_attn_layer=2 stage=q_transpose seq_len=1 start_pos=71 elapsed_ms=0.001
kiln_profile_full_attn_stage full_attn_layer=2 stage=kv_write seq_len=1 start_pos=71 elapsed_ms=0.197
kiln_profile_full_attn_stage full_attn_layer=2 stage=decode_attn_contiguous seq_len=1 start_pos=71 elapsed_ms=0.264
kiln_profile_full_attn_stage full_attn_layer=2 stage=attn_gate seq_len=1 start_pos=71 elapsed_ms=0.179
kiln_profile_full_attn_stage full_attn_layer=2 stage=o_proj seq_len=1 start_pos=71 elapsed_ms=0.660
kiln_profile_mlp_stage layer=11 stage=gate_up_fused seq_len=1 start_pos=71 elapsed_ms=1.863
kiln_profile_mlp_stage layer=11 stage=down_proj seq_len=1 start_pos=71 elapsed_ms=1.078
kiln_profile_gdn_stage layer=12 stage=in_proj seq_len=1 start_pos=71 elapsed_ms=1.296
kiln_profile_gdn_stage layer=12 stage=qkv_conv_norm seq_len=1 start_pos=71 elapsed_ms=0.215
kiln_profile_gdn_stage layer=12 stage=gates_recur_gated_norm seq_len=1 start_pos=71 elapsed_ms=0.302
kiln_profile_gdn_stage layer=12 stage=post_transpose seq_len=1 start_pos=71 elapsed_ms=0.000
kiln_profile_gdn_stage layer=12 stage=gated_norm seq_len=1 start_pos=71 elapsed_ms=0.001
kiln_profile_gdn_stage layer=12 stage=out_proj seq_len=1 start_pos=71 elapsed_ms=0.680
kiln_profile_mlp_stage layer=12 stage=gate_up_fused seq_len=1 start_pos=71 elapsed_ms=1.834
kiln_profile_mlp_stage layer=12 stage=down_proj seq_len=1 start_pos=71 elapsed_ms=1.102
kiln_profile_gdn_stage layer=13 stage=in_proj seq_len=1 start_pos=71 elapsed_ms=1.319
kiln_profile_gdn_stage layer=13 stage=qkv_conv_norm seq_len=1 start_pos=71 elapsed_ms=0.266
kiln_profile_gdn_stage layer=13 stage=gates_recur_gated_norm seq_len=1 start_pos=71 elapsed_ms=0.358
kiln_profile_gdn_stage layer=13 stage=post_transpose seq_len=1 start_pos=71 elapsed_ms=0.000
kiln_profile_gdn_stage layer=13 stage=gated_norm seq_len=1 start_pos=71 elapsed_ms=0.002
kiln_profile_gdn_stage layer=13 stage=out_proj seq_len=1 start_pos=71 elapsed_ms=0.692
kiln_profile_mlp_stage layer=13 stage=gate_up_fused seq_len=1 start_pos=71 elapsed_ms=1.800
kiln_profile_mlp_stage layer=13 stage=down_proj seq_len=1 start_pos=71 elapsed_ms=1.126
kiln_profile_gdn_stage layer=14 stage=in_proj seq_len=1 start_pos=71 elapsed_ms=1.323
kiln_profile_gdn_stage layer=14 stage=qkv_conv_norm seq_len=1 start_pos=71 elapsed_ms=0.219
kiln_profile_gdn_stage layer=14 stage=gates_recur_gated_norm seq_len=1 start_pos=71 elapsed_ms=0.322
kiln_profile_gdn_stage layer=14 stage=post_transpose seq_len=1 start_pos=71 elapsed_ms=0.000
kiln_profile_gdn_stage layer=14 stage=gated_norm seq_len=1 start_pos=71 elapsed_ms=0.001
kiln_profile_gdn_stage layer=14 stage=out_proj seq_len=1 start_pos=71 elapsed_ms=0.716
kiln_profile_mlp_stage layer=14 stage=gate_up_fused seq_len=1 start_pos=71 elapsed_ms=1.832
kiln_profile_mlp_stage layer=14 stage=down_proj seq_len=1 start_pos=71 elapsed_ms=1.091
kiln_profile_full_attn_stage full_attn_layer=3 stage=qkv_proj seq_len=1 start_pos=71 elapsed_ms=1.319
kiln_profile_full_attn_stage full_attn_layer=3 stage=qkv_split seq_len=1 start_pos=71 elapsed_ms=0.238
kiln_profile_full_attn_stage full_attn_layer=3 stage=qk_norm seq_len=1 start_pos=71 elapsed_ms=0.221
kiln_profile_full_attn_stage full_attn_layer=3 stage=rope seq_len=1 start_pos=71 elapsed_ms=0.206
kiln_profile_full_attn_stage full_attn_layer=3 stage=q_transpose seq_len=1 start_pos=71 elapsed_ms=0.001
kiln_profile_full_attn_stage full_attn_layer=3 stage=kv_write seq_len=1 start_pos=71 elapsed_ms=0.715
kiln_profile_full_attn_stage full_attn_layer=3 stage=decode_attn_contiguous seq_len=1 start_pos=71 elapsed_ms=0.511
kiln_profile_full_attn_stage full_attn_layer=3 stage=attn_gate seq_len=1 start_pos=71 elapsed_ms=0.613
kiln_profile_full_attn_stage full_attn_layer=3 stage=o_proj seq_len=1 start_pos=71 elapsed_ms=0.692
kiln_profile_mlp_stage layer=15 stage=gate_up_fused seq_len=1 start_pos=71 elapsed_ms=1.811
kiln_profile_mlp_stage layer=15 stage=down_proj seq_len=1 start_pos=71 elapsed_ms=1.129
kiln_profile_gdn_stage layer=16 stage=in_proj seq_len=1 start_pos=71 elapsed_ms=1.329
kiln_profile_gdn_stage layer=16 stage=qkv_conv_norm seq_len=1 start_pos=71 elapsed_ms=0.224
kiln_profile_gdn_stage layer=16 stage=gates_recur_gated_norm seq_len=1 start_pos=71 elapsed_ms=0.316
kiln_profile_gdn_stage layer=16 stage=post_transpose seq_len=1 start_pos=71 elapsed_ms=0.000
kiln_profile_gdn_stage layer=16 stage=gated_norm seq_len=1 start_pos=71 elapsed_ms=0.004
kiln_profile_gdn_stage layer=16 stage=out_proj seq_len=1 start_pos=71 elapsed_ms=0.658
kiln_profile_mlp_stage layer=16 stage=gate_up_fused seq_len=1 start_pos=71 elapsed_ms=1.801
kiln_profile_mlp_stage layer=16 stage=down_proj seq_len=1 start_pos=71 elapsed_ms=1.140
kiln_profile_gdn_stage layer=17 stage=in_proj seq_len=1 start_pos=71 elapsed_ms=1.347
kiln_profile_gdn_stage layer=17 stage=qkv_conv_norm seq_len=1 start_pos=71 elapsed_ms=0.236
kiln_profile_gdn_stage layer=17 stage=gates_recur_gated_norm seq_len=1 start_pos=71 elapsed_ms=0.312
kiln_profile_gdn_stage layer=17 stage=post_transpose seq_len=1 start_pos=71 elapsed_ms=0.000
kiln_profile_gdn_stage layer=17 stage=gated_norm seq_len=1 start_pos=71 elapsed_ms=0.002
kiln_profile_gdn_stage layer=17 stage=out_proj seq_len=1 start_pos=71 elapsed_ms=0.707
kiln_profile_mlp_stage layer=17 stage=gate_up_fused seq_len=1 start_pos=71 elapsed_ms=1.899
kiln_profile_mlp_stage layer=17 stage=down_proj seq_len=1 start_pos=71 elapsed_ms=1.135
kiln_profile_gdn_stage layer=18 stage=in_proj seq_len=1 start_pos=71 elapsed_ms=1.385
kiln_profile_gdn_stage layer=18 stage=qkv_conv_norm seq_len=1 start_pos=71 elapsed_ms=0.216
kiln_profile_gdn_stage layer=18 stage=gates_recur_gated_norm seq_len=1 start_pos=71 elapsed_ms=0.281
kiln_profile_gdn_stage layer=18 stage=post_transpose seq_len=1 start_pos=71 elapsed_ms=0.000
kiln_profile_gdn_stage layer=18 stage=gated_norm seq_len=1 start_pos=71 elapsed_ms=0.002
kiln_profile_gdn_stage layer=18 stage=out_proj seq_len=1 start_pos=71 elapsed_ms=0.660
kiln_profile_mlp_stage layer=18 stage=gate_up_fused seq_len=1 start_pos=71 elapsed_ms=1.916
kiln_profile_mlp_stage layer=18 stage=down_proj seq_len=1 start_pos=71 elapsed_ms=1.180
kiln_profile_full_attn_stage full_attn_layer=4 stage=qkv_proj seq_len=1 start_pos=71 elapsed_ms=1.278
kiln_profile_full_attn_stage full_attn_layer=4 stage=qkv_split seq_len=1 start_pos=71 elapsed_ms=0.246
kiln_profile_full_attn_stage full_attn_layer=4 stage=qk_norm seq_len=1 start_pos=71 elapsed_ms=0.235
kiln_profile_full_attn_stage full_attn_layer=4 stage=rope seq_len=1 start_pos=71 elapsed_ms=0.201
kiln_profile_full_attn_stage full_attn_layer=4 stage=q_transpose seq_len=1 start_pos=71 elapsed_ms=0.001
kiln_profile_full_attn_stage full_attn_layer=4 stage=kv_write seq_len=1 start_pos=71 elapsed_ms=0.195
kiln_profile_full_attn_stage full_attn_layer=4 stage=decode_attn_contiguous seq_len=1 start_pos=71 elapsed_ms=0.232
kiln_profile_full_attn_stage full_attn_layer=4 stage=attn_gate seq_len=1 start_pos=71 elapsed_ms=0.219
kiln_profile_full_attn_stage full_attn_layer=4 stage=o_proj seq_len=1 start_pos=71 elapsed_ms=0.656
kiln_profile_mlp_stage layer=19 stage=gate_up_fused seq_len=1 start_pos=71 elapsed_ms=1.910
kiln_profile_mlp_stage layer=19 stage=down_proj seq_len=1 start_pos=71 elapsed_ms=1.102
kiln_profile_gdn_stage layer=20 stage=in_proj seq_len=1 start_pos=71 elapsed_ms=1.774
kiln_profile_gdn_stage layer=20 stage=qkv_conv_norm seq_len=1 start_pos=71 elapsed_ms=0.321
kiln_profile_gdn_stage layer=20 stage=gates_recur_gated_norm seq_len=1 start_pos=71 elapsed_ms=0.642
kiln_profile_gdn_stage layer=20 stage=post_transpose seq_len=1 start_pos=71 elapsed_ms=0.000
kiln_profile_gdn_stage layer=20 stage=gated_norm seq_len=1 start_pos=71 elapsed_ms=0.003
kiln_profile_gdn_stage layer=20 stage=out_proj seq_len=1 start_pos=71 elapsed_ms=0.687
kiln_profile_mlp_stage layer=20 stage=gate_up_fused seq_len=1 start_pos=71 elapsed_ms=1.802
kiln_profile_mlp_stage layer=20 stage=down_proj seq_len=1 start_pos=71 elapsed_ms=1.133
kiln_profile_gdn_stage layer=21 stage=in_proj seq_len=1 start_pos=71 elapsed_ms=1.329
kiln_profile_gdn_stage layer=21 stage=qkv_conv_norm seq_len=1 start_pos=71 elapsed_ms=0.234
kiln_profile_gdn_stage layer=21 stage=gates_recur_gated_norm seq_len=1 start_pos=71 elapsed_ms=0.308
kiln_profile_gdn_stage layer=21 stage=post_transpose seq_len=1 start_pos=71 elapsed_ms=0.000
kiln_profile_gdn_stage layer=21 stage=gated_norm seq_len=1 start_pos=71 elapsed_ms=0.002
kiln_profile_gdn_stage layer=21 stage=out_proj seq_len=1 start_pos=71 elapsed_ms=0.668
kiln_profile_mlp_stage layer=21 stage=gate_up_fused seq_len=1 start_pos=71 elapsed_ms=1.813
kiln_profile_mlp_stage layer=21 stage=down_proj seq_len=1 start_pos=71 elapsed_ms=1.127
kiln_profile_gdn_stage layer=22 stage=in_proj seq_len=1 start_pos=71 elapsed_ms=1.336
kiln_profile_gdn_stage layer=22 stage=qkv_conv_norm seq_len=1 start_pos=71 elapsed_ms=0.279
kiln_profile_gdn_stage layer=22 stage=gates_recur_gated_norm seq_len=1 start_pos=71 elapsed_ms=0.335
kiln_profile_gdn_stage layer=22 stage=post_transpose seq_len=1 start_pos=71 elapsed_ms=0.000
kiln_profile_gdn_stage layer=22 stage=gated_norm seq_len=1 start_pos=71 elapsed_ms=0.002
kiln_profile_gdn_stage layer=22 stage=out_proj seq_len=1 start_pos=71 elapsed_ms=0.660
kiln_profile_mlp_stage layer=22 stage=gate_up_fused seq_len=1 start_pos=71 elapsed_ms=1.835
kiln_profile_mlp_stage layer=22 stage=down_proj seq_len=1 start_pos=71 elapsed_ms=1.124
kiln_profile_full_attn_stage full_attn_layer=5 stage=qkv_proj seq_len=1 start_pos=71 elapsed_ms=1.246
kiln_profile_full_attn_stage full_attn_layer=5 stage=qkv_split seq_len=1 start_pos=71 elapsed_ms=0.261
kiln_profile_full_attn_stage full_attn_layer=5 stage=qk_norm seq_len=1 start_pos=71 elapsed_ms=0.216
kiln_profile_full_attn_stage full_attn_layer=5 stage=rope seq_len=1 start_pos=71 elapsed_ms=0.199
kiln_profile_full_attn_stage full_attn_layer=5 stage=q_transpose seq_len=1 start_pos=71 elapsed_ms=0.002
kiln_profile_full_attn_stage full_attn_layer=5 stage=kv_write seq_len=1 start_pos=71 elapsed_ms=0.193
kiln_profile_full_attn_stage full_attn_layer=5 stage=decode_attn_contiguous seq_len=1 start_pos=71 elapsed_ms=0.251
kiln_profile_full_attn_stage full_attn_layer=5 stage=attn_gate seq_len=1 start_pos=71 elapsed_ms=0.201
kiln_profile_full_attn_stage full_attn_layer=5 stage=o_proj seq_len=1 start_pos=71 elapsed_ms=0.629
kiln_profile_mlp_stage layer=23 stage=gate_up_fused seq_len=1 start_pos=71 elapsed_ms=1.820
kiln_profile_mlp_stage layer=23 stage=down_proj seq_len=1 start_pos=71 elapsed_ms=1.113
kiln_profile_gdn_stage layer=24 stage=in_proj seq_len=1 start_pos=71 elapsed_ms=1.380
kiln_profile_gdn_stage layer=24 stage=qkv_conv_norm seq_len=1 start_pos=71 elapsed_ms=0.247
kiln_profile_gdn_stage layer=24 stage=gates_recur_gated_norm seq_len=1 start_pos=71 elapsed_ms=0.310
kiln_profile_gdn_stage layer=24 stage=post_transpose seq_len=1 start_pos=71 elapsed_ms=0.000
kiln_profile_gdn_stage layer=24 stage=gated_norm seq_len=1 start_pos=71 elapsed_ms=0.002
kiln_profile_gdn_stage layer=24 stage=out_proj seq_len=1 start_pos=71 elapsed_ms=0.687
kiln_profile_mlp_stage layer=24 stage=gate_up_fused seq_len=1 start_pos=71 elapsed_ms=1.851
kiln_profile_mlp_stage layer=24 stage=down_proj seq_len=1 start_pos=71 elapsed_ms=1.118
kiln_profile_gdn_stage layer=25 stage=in_proj seq_len=1 start_pos=71 elapsed_ms=1.434
kiln_profile_gdn_stage layer=25 stage=qkv_conv_norm seq_len=1 start_pos=71 elapsed_ms=0.219
kiln_profile_gdn_stage layer=25 stage=gates_recur_gated_norm seq_len=1 start_pos=71 elapsed_ms=0.883
kiln_profile_gdn_stage layer=25 stage=post_transpose seq_len=1 start_pos=71 elapsed_ms=0.000
kiln_profile_gdn_stage layer=25 stage=gated_norm seq_len=1 start_pos=71 elapsed_ms=0.002
kiln_profile_gdn_stage layer=25 stage=out_proj seq_len=1 start_pos=71 elapsed_ms=0.846
kiln_profile_mlp_stage layer=25 stage=gate_up_fused seq_len=1 start_pos=71 elapsed_ms=1.896
kiln_profile_mlp_stage layer=25 stage=down_proj seq_len=1 start_pos=71 elapsed_ms=1.110
kiln_profile_gdn_stage layer=26 stage=in_proj seq_len=1 start_pos=71 elapsed_ms=1.358
kiln_profile_gdn_stage layer=26 stage=qkv_conv_norm seq_len=1 start_pos=71 elapsed_ms=0.298
kiln_profile_gdn_stage layer=26 stage=gates_recur_gated_norm seq_len=1 start_pos=71 elapsed_ms=0.379
kiln_profile_gdn_stage layer=26 stage=post_transpose seq_len=1 start_pos=71 elapsed_ms=0.000
kiln_profile_gdn_stage layer=26 stage=gated_norm seq_len=1 start_pos=71 elapsed_ms=0.003
kiln_profile_gdn_stage layer=26 stage=out_proj seq_len=1 start_pos=71 elapsed_ms=0.743
kiln_profile_mlp_stage layer=26 stage=gate_up_fused seq_len=1 start_pos=71 elapsed_ms=1.788
kiln_profile_mlp_stage layer=26 stage=down_proj seq_len=1 start_pos=71 elapsed_ms=1.124
kiln_profile_full_attn_stage full_attn_layer=6 stage=qkv_proj seq_len=1 start_pos=71 elapsed_ms=1.347
kiln_profile_full_attn_stage full_attn_layer=6 stage=qkv_split seq_len=1 start_pos=71 elapsed_ms=0.263
kiln_profile_full_attn_stage full_attn_layer=6 stage=qk_norm seq_len=1 start_pos=71 elapsed_ms=0.237
kiln_profile_full_attn_stage full_attn_layer=6 stage=rope seq_len=1 start_pos=71 elapsed_ms=0.207
kiln_profile_full_attn_stage full_attn_layer=6 stage=q_transpose seq_len=1 start_pos=71 elapsed_ms=0.005
kiln_profile_full_attn_stage full_attn_layer=6 stage=kv_write seq_len=1 start_pos=71 elapsed_ms=0.196
kiln_profile_full_attn_stage full_attn_layer=6 stage=decode_attn_contiguous seq_len=1 start_pos=71 elapsed_ms=0.247
kiln_profile_full_attn_stage full_attn_layer=6 stage=attn_gate seq_len=1 start_pos=71 elapsed_ms=0.208
kiln_profile_full_attn_stage full_attn_layer=6 stage=o_proj seq_len=1 start_pos=71 elapsed_ms=0.676
kiln_profile_mlp_stage layer=27 stage=gate_up_fused seq_len=1 start_pos=71 elapsed_ms=1.874
kiln_profile_mlp_stage layer=27 stage=down_proj seq_len=1 start_pos=71 elapsed_ms=1.124
kiln_profile_gdn_stage layer=28 stage=in_proj seq_len=1 start_pos=71 elapsed_ms=1.266
kiln_profile_gdn_stage layer=28 stage=qkv_conv_norm seq_len=1 start_pos=71 elapsed_ms=0.227
kiln_profile_gdn_stage layer=28 stage=gates_recur_gated_norm seq_len=1 start_pos=71 elapsed_ms=0.308
kiln_profile_gdn_stage layer=28 stage=post_transpose seq_len=1 start_pos=71 elapsed_ms=0.000
kiln_profile_gdn_stage layer=28 stage=gated_norm seq_len=1 start_pos=71 elapsed_ms=0.002
kiln_profile_gdn_stage layer=28 stage=out_proj seq_len=1 start_pos=71 elapsed_ms=0.656
kiln_profile_mlp_stage layer=28 stage=gate_up_fused seq_len=1 start_pos=71 elapsed_ms=1.777
kiln_profile_mlp_stage layer=28 stage=down_proj seq_len=1 start_pos=71 elapsed_ms=1.138
kiln_profile_gdn_stage layer=29 stage=in_proj seq_len=1 start_pos=71 elapsed_ms=1.320
kiln_profile_gdn_stage layer=29 stage=qkv_conv_norm seq_len=1 start_pos=71 elapsed_ms=0.214
kiln_profile_gdn_stage layer=29 stage=gates_recur_gated_norm seq_len=1 start_pos=71 elapsed_ms=0.323
kiln_profile_gdn_stage layer=29 stage=post_transpose seq_len=1 start_pos=71 elapsed_ms=0.000
kiln_profile_gdn_stage layer=29 stage=gated_norm seq_len=1 start_pos=71 elapsed_ms=0.002
kiln_profile_gdn_stage layer=29 stage=out_proj seq_len=1 start_pos=71 elapsed_ms=0.677
kiln_profile_mlp_stage layer=29 stage=gate_up_fused seq_len=1 start_pos=71 elapsed_ms=1.865
kiln_profile_mlp_stage layer=29 stage=down_proj seq_len=1 start_pos=71 elapsed_ms=1.089
kiln_profile_gdn_stage layer=30 stage=in_proj seq_len=1 start_pos=71 elapsed_ms=1.679
kiln_profile_gdn_stage layer=30 stage=qkv_conv_norm seq_len=1 start_pos=71 elapsed_ms=0.339
kiln_profile_gdn_stage layer=30 stage=gates_recur_gated_norm seq_len=1 start_pos=71 elapsed_ms=0.731
kiln_profile_gdn_stage layer=30 stage=post_transpose seq_len=1 start_pos=71 elapsed_ms=0.000
kiln_profile_gdn_stage layer=30 stage=gated_norm seq_len=1 start_pos=71 elapsed_ms=0.004
kiln_profile_gdn_stage layer=30 stage=out_proj seq_len=1 start_pos=71 elapsed_ms=0.906
kiln_profile_mlp_stage layer=30 stage=gate_up_fused seq_len=1 start_pos=71 elapsed_ms=2.338
kiln_profile_mlp_stage layer=30 stage=down_proj seq_len=1 start_pos=71 elapsed_ms=1.222
kiln_profile_full_attn_stage full_attn_layer=7 stage=qkv_proj seq_len=1 start_pos=71 elapsed_ms=1.332
kiln_profile_full_attn_stage full_attn_layer=7 stage=qkv_split seq_len=1 start_pos=71 elapsed_ms=0.252
kiln_profile_full_attn_stage full_attn_layer=7 stage=qk_norm seq_len=1 start_pos=71 elapsed_ms=0.230
kiln_profile_full_attn_stage full_attn_layer=7 stage=rope seq_len=1 start_pos=71 elapsed_ms=0.211
kiln_profile_full_attn_stage full_attn_layer=7 stage=q_transpose seq_len=1 start_pos=71 elapsed_ms=0.001
kiln_profile_full_attn_stage full_attn_layer=7 stage=kv_write seq_len=1 start_pos=71 elapsed_ms=0.204
kiln_profile_full_attn_stage full_attn_layer=7 stage=decode_attn_contiguous seq_len=1 start_pos=71 elapsed_ms=0.240
kiln_profile_full_attn_stage full_attn_layer=7 stage=attn_gate seq_len=1 start_pos=71 elapsed_ms=0.189
kiln_profile_full_attn_stage full_attn_layer=7 stage=o_proj seq_len=1 start_pos=71 elapsed_ms=0.646
kiln_profile_mlp_stage layer=31 stage=gate_up_fused seq_len=1 start_pos=71 elapsed_ms=1.851
kiln_profile_mlp_stage layer=31 stage=down_proj seq_len=1 start_pos=71 elapsed_ms=1.246
    Decode (paged): 9 tokens, mean ITL 250.7ms (4.0 tok/s)

  ▌ Benchmark results
  GPU                    unknown (10240 MB VRAM, source: apple-silicon-unified)
  Model load             12.28s (0 MB VRAM)

  ▌ Inference throughput
  Runs         Prompt     Output        tok/s    VRAM MB

  ▌ Latency (single request)
  Prompt tokens          64
  Prefill                541.2 ms (118 tok/s)
  Time to first token    541.2 ms
  Mean inter-token       250.7 ms (4.0 tok/s)
  P50 inter-token        252.2 ms
  P99 inter-token        269.5 ms
  Tokens generated       9
  Spec method            off

{
  "backend": "metal",
  "gpu_info": {
    "name": "unknown",
    "total_vram_mb": 10240,
    "vram_source": "apple-silicon-unified"
  },
  "model_load": {
    "load_time_secs": 12.277356833,
    "model_vram_mb": 0
  },
  "inference": [],
  "latency": {
    "prompt_tokens": 64,
    "prefill_time_ms": 541.153458,
    "prefill_tokens_per_sec": 118.26589861687624,
    "time_to_first_token_ms": 541.153458,
    "mean_inter_token_ms": 250.68999487499997,
    "p50_inter_token_ms": 252.18470799999997,
    "p99_inter_token_ms": 269.52641700000004,
    "num_tokens_generated": 9,
    "decode_tokens_per_sec": 3.9889904680823975,
    "spec_method": "off"
  },
  "training": null
}
