
  ┌─────────────────────────────────────┐
  │           🔥 K I L N 🔥             │
  │   inference · training · adapters   │
  └─────────────────────────────────────┘

  Version: 0.2.13
  Mode: GPU inference
  Model: Qwen3.5-4B
  CUDA: not available
  Listen: http://127.0.0.1:8532

  Endpoints: /ui, /v1/chat/completions, /v1/train/sft, /health, /metrics

{"timestamp":"2026-05-09T12:33:04.572903Z","level":"INFO","fields":{"message":"Vulkan available — using Vulkan GPU (AMD/Intel)"},"target":"kiln_server::device"}
{"timestamp":"2026-05-09T12:33:04.573478Z","level":"INFO","fields":{"message":"Loading model from Qwen3.5-4B (2 shards)"},"target":"kiln_model::loader"}
{"timestamp":"2026-05-09T12:33:04.574639Z","level":"INFO","fields":{"message":"Using weight name prefix: \"model.language_model.\""},"target":"kiln_model::loader"}
{"timestamp":"2026-05-09T12:33:04.574740Z","level":"INFO","fields":{"message":"Native MTP head detected; deferring CPU load until first use","mtp_prefix":"mtp."},"target":"kiln_model::loader"}
{"timestamp":"2026-05-09T12:33:04.574747Z","level":"INFO","fields":{"message":"Loaded 4206M parameters (8022 MB) across 32 layers"},"target":"kiln_model::loader"}
{"timestamp":"2026-05-09T12:33:17.706967Z","level":"INFO","fields":{"message":"selected first Vulkan device","device":"AMD Radeon 8060S Graphics (RADV STRIX_HALO)"},"target":"kiln_vulkan_kernel::device"}
{"timestamp":"2026-05-09T12:33:17.723182Z","level":"INFO","fields":{"message":"Vulkan compute pipelines prewarmed","elapsed_ms":15},"target":"kiln_model::backend::vulkan"}
{"timestamp":"2026-05-09T12:33:17.723204Z","level":"INFO","fields":{"message":"Vulkan device initialized","vendor":"AMD","device":"AMD Radeon 8060S Graphics (RADV STRIX_HALO)"},"target":"kiln_model::backend::vulkan"}
{"timestamp":"2026-05-09T12:33:17.724180Z","level":"WARN","fields":{"message":"post-load CUDA residency unavailable; falling back to static model memory estimate for KV sizing","estimated_model_gb":9.15668992},"target":"kiln_server::state"}
{"timestamp":"2026-05-09T12:33:17.724187Z","level":"INFO","fields":{"message":"memory-aware KV cache sizing","total_vram_gb":103.079215104,"model_gb":9.15668992,"post_load_used_vram_gb":0.0,"sizing_residency_gb":9.15668992,"inference_fraction":0.7},"target":"kiln_server::state"}
{"timestamp":"2026-05-09T12:33:17.724191Z","level":"INFO","fields":{"message":"allocating paged KV cache","num_blocks":125400,"block_size":16,"kv_dtype":"BF16","fp8_enabled":false},"target":"kiln_server::state"}
{"timestamp":"2026-05-09T12:33:17.724235Z","level":"INFO","fields":{"message":"KV cache auto-sizer succeeded on first attempt","inference_fraction":0.7,"num_blocks":125400},"target":"kiln_server::state"}
{"timestamp":"2026-05-09T12:33:17.724292Z","level":"INFO","fields":{"message":"GPU memory budget","total_vram_gb":103.079215104,"model_gb":9.15668992,"estimated_model_gb":9.15668992,"post_load_used_vram_gb":0.0,"kv_cache_gb":65.7457152,"training_budget_gb":28.176809984,"inference_fraction":0.7},"target":"kiln_server::state"}
{"timestamp":"2026-05-09T12:33:17.724295Z","level":"INFO","fields":{"message":"prefix cache budget","max_blocks":31350,"max_entries":20,"state_bytes_per_entry":52690944,"max_state_bytes":1053818880,"min_register_tokens":64},"target":"kiln_server::state"}
{"timestamp":"2026-05-09T12:33:17.724303Z","level":"INFO","fields":{"message":"live greedy decode batcher enabled","backend":"vulkan","max_batch":8,"wait_us":5000,"mixed_seq_lens":true},"target":"kiln_server::state"}
  ✓ Ready on http://127.0.0.1:8532

{"timestamp":"2026-05-09T12:33:17.794846Z","level":"INFO","fields":{"message":"starting background inference prewarm"},"target":"kiln"}
{"timestamp":"2026-05-09T12:33:17.795272Z","level":"INFO","fields":{"message":"tokenizer warmup complete","elapsed_ms":0,"tokens":8},"target":"kiln"}
{"timestamp":"2026-05-09T12:33:17.797017Z","level":"INFO","fields":{"message":"selected first Vulkan device","device":"AMD Radeon 8060S Graphics (RADV STRIX_HALO)"},"target":"kiln_vulkan_kernel::device"}
{"timestamp":"2026-05-09T12:33:17.798413Z","level":"INFO","fields":{"message":"Vulkan shader and pipeline verification complete"},"target":"kiln_model::backend::vulkan"}
{"timestamp":"2026-05-09T12:33:17.798631Z","level":"INFO","fields":{"message":"Vulkan custom kernels precompiled during background prewarm","elapsed_ms":3},"target":"kiln"}
{"timestamp":"2026-05-09T12:33:18.283367Z","level":"INFO","fields":{"message":"response","status":200,"duration_ms":0.258083},"target":"kiln_server::api","span":{"duration_ms":0.258083,"method":"GET","path":"/health","status":200,"name":"http_request"},"spans":[{"duration_ms":0.258083,"method":"GET","path":"/health","status":200,"name":"http_request"}]}
{"timestamp":"2026-05-09T12:33:19.284664Z","level":"INFO","fields":{"message":"response","status":200,"duration_ms":0.129977},"target":"kiln_server::api","span":{"duration_ms":0.129977,"method":"GET","path":"/health","status":200,"name":"http_request"},"spans":[{"duration_ms":0.129977,"method":"GET","path":"/health","status":200,"name":"http_request"}]}
{"timestamp":"2026-05-09T12:33:20.285926Z","level":"INFO","fields":{"message":"response","status":200,"duration_ms":0.131077},"target":"kiln_server::api","span":{"duration_ms":0.131077,"method":"GET","path":"/health","status":200,"name":"http_request"},"spans":[{"duration_ms":0.131077,"method":"GET","path":"/health","status":200,"name":"http_request"}]}
{"timestamp":"2026-05-09T12:33:21.287121Z","level":"INFO","fields":{"message":"response","status":200,"duration_ms":0.108267},"target":"kiln_server::api","span":{"duration_ms":0.108267,"method":"GET","path":"/health","status":200,"name":"http_request"},"spans":[{"duration_ms":0.108267,"method":"GET","path":"/health","status":200,"name":"http_request"}]}
{"timestamp":"2026-05-09T12:33:22.288362Z","level":"INFO","fields":{"message":"response","status":200,"duration_ms":0.12637600000000002},"target":"kiln_server::api","span":{"duration_ms":0.12637600000000002,"method":"GET","path":"/health","status":200,"name":"http_request"},"spans":[{"duration_ms":0.12637600000000002,"method":"GET","path":"/health","status":200,"name":"http_request"}]}
{"timestamp":"2026-05-09T12:33:23.289608Z","level":"INFO","fields":{"message":"response","status":200,"duration_ms":0.125007},"target":"kiln_server::api","span":{"duration_ms":0.125007,"method":"GET","path":"/health","status":200,"name":"http_request"},"spans":[{"duration_ms":0.125007,"method":"GET","path":"/health","status":200,"name":"http_request"}]}
{"timestamp":"2026-05-09T12:33:24.290650Z","level":"INFO","fields":{"message":"response","status":200,"duration_ms":0.10353699999999999},"target":"kiln_server::api","span":{"duration_ms":0.103537,"method":"GET","path":"/health","status":200,"name":"http_request"},"spans":[{"duration_ms":0.103537,"method":"GET","path":"/health","status":200,"name":"http_request"}]}
{"timestamp":"2026-05-09T12:33:25.291806Z","level":"INFO","fields":{"message":"response","status":200,"duration_ms":0.12046599999999999},"target":"kiln_server::api","span":{"duration_ms":0.120466,"method":"GET","path":"/health","status":200,"name":"http_request"},"spans":[{"duration_ms":0.120466,"method":"GET","path":"/health","status":200,"name":"http_request"}]}
{"timestamp":"2026-05-09T12:33:26.292995Z","level":"INFO","fields":{"message":"response","status":200,"duration_ms":0.113817},"target":"kiln_server::api","span":{"duration_ms":0.113817,"method":"GET","path":"/health","status":200,"name":"http_request"},"spans":[{"duration_ms":0.113817,"method":"GET","path":"/health","status":200,"name":"http_request"}]}
{"timestamp":"2026-05-09T12:33:27.294145Z","level":"INFO","fields":{"message":"response","status":200,"duration_ms":0.127837},"target":"kiln_server::api","span":{"duration_ms":0.127837,"method":"GET","path":"/health","status":200,"name":"http_request"},"spans":[{"duration_ms":0.127837,"method":"GET","path":"/health","status":200,"name":"http_request"}]}
{"timestamp":"2026-05-09T12:33:28.295800Z","level":"INFO","fields":{"message":"response","status":200,"duration_ms":0.137606},"target":"kiln_server::api","span":{"duration_ms":0.137606,"method":"GET","path":"/health","status":200,"name":"http_request"},"spans":[{"duration_ms":0.137606,"method":"GET","path":"/health","status":200,"name":"http_request"}]}
{"timestamp":"2026-05-09T12:33:29.297182Z","level":"INFO","fields":{"message":"response","status":200,"duration_ms":0.113387},"target":"kiln_server::api","span":{"duration_ms":0.113387,"method":"GET","path":"/health","status":200,"name":"http_request"},"spans":[{"duration_ms":0.113387,"method":"GET","path":"/health","status":200,"name":"http_request"}]}
{"timestamp":"2026-05-09T12:33:30.298373Z","level":"INFO","fields":{"message":"response","status":200,"duration_ms":0.117557},"target":"kiln_server::api","span":{"duration_ms":0.117557,"method":"GET","path":"/health","status":200,"name":"http_request"},"spans":[{"duration_ms":0.117557,"method":"GET","path":"/health","status":200,"name":"http_request"}]}
{"timestamp":"2026-05-09T12:33:30.554807Z","level":"INFO","fields":{"message":"Vulkan decode weight cache prewarmed","weights":96,"f32_cache_mb":8640,"bf16_packed_weights":249,"bf16_packed_cache_mb":8020,"elapsed_ms":12756},"target":"kiln_model::backend::vulkan"}
kiln_profile_gdn_stage layer=0 stage=in_proj seq_len=64 start_pos=0 elapsed_ms=13.806
kiln_profile_gdn_stage layer=0 stage=conv seq_len=64 start_pos=0 elapsed_ms=13.490
kiln_profile_gdn_stage layer=0 stage=qkv_split seq_len=64 start_pos=0 elapsed_ms=0.386
kiln_profile_gdn_stage layer=0 stage=qk_norm seq_len=64 start_pos=0 elapsed_ms=1.099
kiln_profile_gdn_stage layer=0 stage=gates seq_len=64 start_pos=0 elapsed_ms=1.818
kiln_profile_gdn_stage layer=0 stage=recurrent seq_len=64 start_pos=0 elapsed_ms=18.768
kiln_profile_gdn_stage layer=0 stage=post_transpose seq_len=64 start_pos=0 elapsed_ms=0.000
kiln_profile_gdn_stage layer=0 stage=gated_norm seq_len=64 start_pos=0 elapsed_ms=6.036
kiln_profile_gdn_stage layer=0 stage=out_proj seq_len=64 start_pos=0 elapsed_ms=3.304
kiln_profile_mlp_stage layer=0 stage=fused seq_len=64 start_pos=0 elapsed_ms=27.165
kiln_profile_paged_layer layer=0 kind=linear seq_len=64 start_pos=0 elapsed_ms=87.998
kiln_profile_gdn_stage layer=1 stage=in_proj seq_len=64 start_pos=0 elapsed_ms=20.310
kiln_profile_gdn_stage layer=1 stage=conv seq_len=64 start_pos=0 elapsed_ms=9.031
kiln_profile_gdn_stage layer=1 stage=qkv_split seq_len=64 start_pos=0 elapsed_ms=0.360
kiln_profile_gdn_stage layer=1 stage=qk_norm seq_len=64 start_pos=0 elapsed_ms=0.606
kiln_profile_gdn_stage layer=1 stage=gates seq_len=64 start_pos=0 elapsed_ms=0.508
kiln_profile_gdn_stage layer=1 stage=recurrent seq_len=64 start_pos=0 elapsed_ms=9.123
kiln_profile_gdn_stage layer=1 stage=post_transpose seq_len=64 start_pos=0 elapsed_ms=0.000
kiln_profile_gdn_stage layer=1 stage=gated_norm seq_len=64 start_pos=0 elapsed_ms=5.085
kiln_profile_gdn_stage layer=1 stage=out_proj seq_len=64 start_pos=0 elapsed_ms=5.771
kiln_profile_mlp_stage layer=1 stage=fused seq_len=64 start_pos=0 elapsed_ms=27.779
kiln_profile_paged_layer layer=1 kind=linear seq_len=64 start_pos=0 elapsed_ms=79.344
kiln_profile_gdn_stage layer=2 stage=in_proj seq_len=64 start_pos=0 elapsed_ms=21.644
kiln_profile_gdn_stage layer=2 stage=conv seq_len=64 start_pos=0 elapsed_ms=8.512
kiln_profile_gdn_stage layer=2 stage=qkv_split seq_len=64 start_pos=0 elapsed_ms=0.355
kiln_profile_gdn_stage layer=2 stage=qk_norm seq_len=64 start_pos=0 elapsed_ms=0.554
kiln_profile_gdn_stage layer=2 stage=gates seq_len=64 start_pos=0 elapsed_ms=1.139
kiln_profile_gdn_stage layer=2 stage=recurrent seq_len=64 start_pos=0 elapsed_ms=9.255
kiln_profile_gdn_stage layer=2 stage=post_transpose seq_len=64 start_pos=0 elapsed_ms=0.000
kiln_profile_gdn_stage layer=2 stage=gated_norm seq_len=64 start_pos=0 elapsed_ms=5.750
kiln_profile_gdn_stage layer=2 stage=out_proj seq_len=64 start_pos=0 elapsed_ms=5.013
kiln_profile_mlp_stage layer=2 stage=fused seq_len=64 start_pos=0 elapsed_ms=25.708
kiln_profile_paged_layer layer=2 kind=linear seq_len=64 start_pos=0 elapsed_ms=78.865
kiln_profile_full_attn_stage full_attn_layer=0 stage=qkv_proj seq_len=64 start_pos=0 elapsed_ms=23.267
kiln_profile_full_attn_stage full_attn_layer=0 stage=qkv_split seq_len=64 start_pos=0 elapsed_ms=0.071
kiln_profile_full_attn_stage full_attn_layer=0 stage=qk_norm seq_len=64 start_pos=0 elapsed_ms=0.768
kiln_profile_full_attn_stage full_attn_layer=0 stage=rope seq_len=64 start_pos=0 elapsed_ms=1.101
kiln_profile_full_attn_stage full_attn_layer=0 stage=q_transpose seq_len=64 start_pos=0 elapsed_ms=0.494
kiln_profile_full_attn_stage full_attn_layer=0 stage=kv_write seq_len=64 start_pos=0 elapsed_ms=0.241
kiln_profile_full_attn_stage full_attn_layer=0 stage=kv_read seq_len=64 start_pos=0 elapsed_ms=0.019
kiln_profile_mlp_stage layer=3 stage=fused seq_len=64 start_pos=0 elapsed_ms=26.083
kiln_profile_paged_layer layer=3 kind=full seq_len=64 start_pos=0 elapsed_ms=59.822
kiln_profile_gdn_stage layer=4 stage=in_proj seq_len=64 start_pos=0 elapsed_ms=14.042
kiln_profile_gdn_stage layer=4 stage=conv seq_len=64 start_pos=0 elapsed_ms=9.249
kiln_profile_gdn_stage layer=4 stage=qkv_split seq_len=64 start_pos=0 elapsed_ms=0.345
kiln_profile_gdn_stage layer=4 stage=qk_norm seq_len=64 start_pos=0 elapsed_ms=0.523
kiln_profile_gdn_stage layer=4 stage=gates seq_len=64 start_pos=0 elapsed_ms=0.797
kiln_profile_gdn_stage layer=4 stage=recurrent seq_len=64 start_pos=0 elapsed_ms=10.178
kiln_profile_gdn_stage layer=4 stage=post_transpose seq_len=64 start_pos=0 elapsed_ms=0.000
kiln_profile_gdn_stage layer=4 stage=gated_norm seq_len=64 start_pos=0 elapsed_ms=5.444
kiln_profile_gdn_stage layer=4 stage=out_proj seq_len=64 start_pos=0 elapsed_ms=4.772
kiln_profile_mlp_stage layer=4 stage=fused seq_len=64 start_pos=0 elapsed_ms=28.899
kiln_profile_paged_layer layer=4 kind=linear seq_len=64 start_pos=0 elapsed_ms=75.053
kiln_profile_gdn_stage layer=5 stage=in_proj seq_len=64 start_pos=0 elapsed_ms=12.035
kiln_profile_gdn_stage layer=5 stage=conv seq_len=64 start_pos=0 elapsed_ms=8.657
kiln_profile_gdn_stage layer=5 stage=qkv_split seq_len=64 start_pos=0 elapsed_ms=0.378
kiln_profile_gdn_stage layer=5 stage=qk_norm seq_len=64 start_pos=0 elapsed_ms=0.573
kiln_profile_gdn_stage layer=5 stage=gates seq_len=64 start_pos=0 elapsed_ms=1.288
kiln_profile_gdn_stage layer=5 stage=recurrent seq_len=64 start_pos=0 elapsed_ms=10.265
kiln_profile_gdn_stage layer=5 stage=post_transpose seq_len=64 start_pos=0 elapsed_ms=0.000
kiln_profile_gdn_stage layer=5 stage=gated_norm seq_len=64 start_pos=0 elapsed_ms=5.283
kiln_profile_gdn_stage layer=5 stage=out_proj seq_len=64 start_pos=0 elapsed_ms=3.562
kiln_profile_mlp_stage layer=5 stage=fused seq_len=64 start_pos=0 elapsed_ms=28.155
kiln_profile_paged_layer layer=5 kind=linear seq_len=64 start_pos=0 elapsed_ms=70.922
kiln_profile_gdn_stage layer=6 stage=in_proj seq_len=64 start_pos=0 elapsed_ms=20.332
kiln_profile_gdn_stage layer=6 stage=conv seq_len=64 start_pos=0 elapsed_ms=6.405
kiln_profile_gdn_stage layer=6 stage=qkv_split seq_len=64 start_pos=0 elapsed_ms=0.351
kiln_profile_gdn_stage layer=6 stage=qk_norm seq_len=64 start_pos=0 elapsed_ms=0.559
kiln_profile_gdn_stage layer=6 stage=gates seq_len=64 start_pos=0 elapsed_ms=0.568
kiln_profile_gdn_stage layer=6 stage=recurrent seq_len=64 start_pos=0 elapsed_ms=9.392
kiln_profile_gdn_stage layer=6 stage=post_transpose seq_len=64 start_pos=0 elapsed_ms=0.000
kiln_profile_gdn_stage layer=6 stage=gated_norm seq_len=64 start_pos=0 elapsed_ms=5.003
kiln_profile_gdn_stage layer=6 stage=out_proj seq_len=64 start_pos=0 elapsed_ms=5.430
kiln_profile_mlp_stage layer=6 stage=fused seq_len=64 start_pos=0 elapsed_ms=26.260
kiln_profile_paged_layer layer=6 kind=linear seq_len=64 start_pos=0 elapsed_ms=75.125
kiln_profile_full_attn_stage full_attn_layer=1 stage=qkv_proj seq_len=64 start_pos=0 elapsed_ms=22.744
kiln_profile_full_attn_stage full_attn_layer=1 stage=qkv_split seq_len=64 start_pos=0 elapsed_ms=0.173
kiln_profile_full_attn_stage full_attn_layer=1 stage=qk_norm seq_len=64 start_pos=0 elapsed_ms=0.649
kiln_profile_full_attn_stage full_attn_layer=1 stage=rope seq_len=64 start_pos=0 elapsed_ms=0.797
kiln_profile_full_attn_stage full_attn_layer=1 stage=q_transpose seq_len=64 start_pos=0 elapsed_ms=0.590
kiln_profile_full_attn_stage full_attn_layer=1 stage=kv_write seq_len=64 start_pos=0 elapsed_ms=0.151
kiln_profile_full_attn_stage full_attn_layer=1 stage=kv_read seq_len=64 start_pos=0 elapsed_ms=0.019
kiln_profile_mlp_stage layer=7 stage=fused seq_len=64 start_pos=0 elapsed_ms=24.786
kiln_profile_paged_layer layer=7 kind=full seq_len=64 start_pos=0 elapsed_ms=59.493
kiln_profile_gdn_stage layer=8 stage=in_proj seq_len=64 start_pos=0 elapsed_ms=11.644
kiln_profile_gdn_stage layer=8 stage=conv seq_len=64 start_pos=0 elapsed_ms=9.085
kiln_profile_gdn_stage layer=8 stage=qkv_split seq_len=64 start_pos=0 elapsed_ms=0.348
kiln_profile_gdn_stage layer=8 stage=qk_norm seq_len=64 start_pos=0 elapsed_ms=0.563
kiln_profile_gdn_stage layer=8 stage=gates seq_len=64 start_pos=0 elapsed_ms=0.945
kiln_profile_gdn_stage layer=8 stage=recurrent seq_len=64 start_pos=0 elapsed_ms=8.997
kiln_profile_gdn_stage layer=8 stage=post_transpose seq_len=64 start_pos=0 elapsed_ms=0.001
kiln_profile_gdn_stage layer=8 stage=gated_norm seq_len=64 start_pos=0 elapsed_ms=5.514
kiln_profile_gdn_stage layer=8 stage=out_proj seq_len=64 start_pos=0 elapsed_ms=5.269
kiln_profile_mlp_stage layer=8 stage=fused seq_len=64 start_pos=0 elapsed_ms=23.415
kiln_profile_paged_layer layer=8 kind=linear seq_len=64 start_pos=0 elapsed_ms=66.785
kiln_profile_gdn_stage layer=9 stage=in_proj seq_len=64 start_pos=0 elapsed_ms=20.402
kiln_profile_gdn_stage layer=9 stage=conv seq_len=64 start_pos=0 elapsed_ms=9.607
kiln_profile_gdn_stage layer=9 stage=qkv_split seq_len=64 start_pos=0 elapsed_ms=0.369
kiln_profile_gdn_stage layer=9 stage=qk_norm seq_len=64 start_pos=0 elapsed_ms=0.614
kiln_profile_gdn_stage layer=9 stage=gates seq_len=64 start_pos=0 elapsed_ms=0.833
kiln_profile_gdn_stage layer=9 stage=recurrent seq_len=64 start_pos=0 elapsed_ms=9.423
kiln_profile_gdn_stage layer=9 stage=post_transpose seq_len=64 start_pos=0 elapsed_ms=0.001
kiln_profile_gdn_stage layer=9 stage=gated_norm seq_len=64 start_pos=0 elapsed_ms=5.550
kiln_profile_gdn_stage layer=9 stage=out_proj seq_len=64 start_pos=0 elapsed_ms=5.606
kiln_profile_mlp_stage layer=9 stage=fused seq_len=64 start_pos=0 elapsed_ms=22.098
kiln_profile_paged_layer layer=9 kind=linear seq_len=64 start_pos=0 elapsed_ms=75.443
{"timestamp":"2026-05-09T12:33:31.299510Z","level":"INFO","fields":{"message":"response","status":200,"duration_ms":0.10819699999999999},"target":"kiln_server::api","span":{"duration_ms":0.108197,"method":"GET","path":"/health","status":200,"name":"http_request"},"spans":[{"duration_ms":0.108197,"method":"GET","path":"/health","status":200,"name":"http_request"}]}
kiln_profile_gdn_stage layer=10 stage=in_proj seq_len=64 start_pos=0 elapsed_ms=21.518
kiln_profile_gdn_stage layer=10 stage=conv seq_len=64 start_pos=0 elapsed_ms=9.932
kiln_profile_gdn_stage layer=10 stage=qkv_split seq_len=64 start_pos=0 elapsed_ms=0.410
kiln_profile_gdn_stage layer=10 stage=qk_norm seq_len=64 start_pos=0 elapsed_ms=0.645
kiln_profile_gdn_stage layer=10 stage=gates seq_len=64 start_pos=0 elapsed_ms=1.023
kiln_profile_gdn_stage layer=10 stage=recurrent seq_len=64 start_pos=0 elapsed_ms=10.472
kiln_profile_gdn_stage layer=10 stage=post_transpose seq_len=64 start_pos=0 elapsed_ms=0.001
kiln_profile_gdn_stage layer=10 stage=gated_norm seq_len=64 start_pos=0 elapsed_ms=2.667
kiln_profile_gdn_stage layer=10 stage=out_proj seq_len=64 start_pos=0 elapsed_ms=5.190
kiln_profile_mlp_stage layer=10 stage=fused seq_len=64 start_pos=0 elapsed_ms=29.274
kiln_profile_paged_layer layer=10 kind=linear seq_len=64 start_pos=0 elapsed_ms=82.094
kiln_profile_full_attn_stage full_attn_layer=2 stage=qkv_proj seq_len=64 start_pos=0 elapsed_ms=18.422
kiln_profile_full_attn_stage full_attn_layer=2 stage=qkv_split seq_len=64 start_pos=0 elapsed_ms=0.141
kiln_profile_full_attn_stage full_attn_layer=2 stage=qk_norm seq_len=64 start_pos=0 elapsed_ms=0.714
kiln_profile_full_attn_stage full_attn_layer=2 stage=rope seq_len=64 start_pos=0 elapsed_ms=0.799
kiln_profile_full_attn_stage full_attn_layer=2 stage=q_transpose seq_len=64 start_pos=0 elapsed_ms=0.581
kiln_profile_full_attn_stage full_attn_layer=2 stage=kv_write seq_len=64 start_pos=0 elapsed_ms=0.163
kiln_profile_full_attn_stage full_attn_layer=2 stage=kv_read seq_len=64 start_pos=0 elapsed_ms=0.020
kiln_profile_mlp_stage layer=11 stage=fused seq_len=64 start_pos=0 elapsed_ms=28.517
kiln_profile_paged_layer layer=11 kind=full seq_len=64 start_pos=0 elapsed_ms=58.184
kiln_profile_gdn_stage layer=12 stage=in_proj seq_len=64 start_pos=0 elapsed_ms=20.952
kiln_profile_gdn_stage layer=12 stage=conv seq_len=64 start_pos=0 elapsed_ms=6.829
kiln_profile_gdn_stage layer=12 stage=qkv_split seq_len=64 start_pos=0 elapsed_ms=0.372
kiln_profile_gdn_stage layer=12 stage=qk_norm seq_len=64 start_pos=0 elapsed_ms=0.593
kiln_profile_gdn_stage layer=12 stage=gates seq_len=64 start_pos=0 elapsed_ms=0.964
kiln_profile_gdn_stage layer=12 stage=recurrent seq_len=64 start_pos=0 elapsed_ms=10.820
kiln_profile_gdn_stage layer=12 stage=post_transpose seq_len=64 start_pos=0 elapsed_ms=0.001
kiln_profile_gdn_stage layer=12 stage=gated_norm seq_len=64 start_pos=0 elapsed_ms=2.790
kiln_profile_gdn_stage layer=12 stage=out_proj seq_len=64 start_pos=0 elapsed_ms=5.075
kiln_profile_mlp_stage layer=12 stage=fused seq_len=64 start_pos=0 elapsed_ms=28.424
kiln_profile_paged_layer layer=12 kind=linear seq_len=64 start_pos=0 elapsed_ms=77.654
kiln_profile_gdn_stage layer=13 stage=in_proj seq_len=64 start_pos=0 elapsed_ms=12.052
kiln_profile_gdn_stage layer=13 stage=conv seq_len=64 start_pos=0 elapsed_ms=6.510
kiln_profile_gdn_stage layer=13 stage=qkv_split seq_len=64 start_pos=0 elapsed_ms=0.357
kiln_profile_gdn_stage layer=13 stage=qk_norm seq_len=64 start_pos=0 elapsed_ms=0.562
kiln_profile_gdn_stage layer=13 stage=gates seq_len=64 start_pos=0 elapsed_ms=0.845
kiln_profile_gdn_stage layer=13 stage=recurrent seq_len=64 start_pos=0 elapsed_ms=10.188
kiln_profile_gdn_stage layer=13 stage=post_transpose seq_len=64 start_pos=0 elapsed_ms=0.000
kiln_profile_gdn_stage layer=13 stage=gated_norm seq_len=64 start_pos=0 elapsed_ms=4.930
kiln_profile_gdn_stage layer=13 stage=out_proj seq_len=64 start_pos=0 elapsed_ms=5.611
kiln_profile_mlp_stage layer=13 stage=fused seq_len=64 start_pos=0 elapsed_ms=28.800
kiln_profile_paged_layer layer=13 kind=linear seq_len=64 start_pos=0 elapsed_ms=70.629
kiln_profile_gdn_stage layer=14 stage=in_proj seq_len=64 start_pos=0 elapsed_ms=20.572
kiln_profile_gdn_stage layer=14 stage=conv seq_len=64 start_pos=0 elapsed_ms=6.134
kiln_profile_gdn_stage layer=14 stage=qkv_split seq_len=64 start_pos=0 elapsed_ms=0.345
kiln_profile_gdn_stage layer=14 stage=qk_norm seq_len=64 start_pos=0 elapsed_ms=0.547
kiln_profile_gdn_stage layer=14 stage=gates seq_len=64 start_pos=0 elapsed_ms=0.818
kiln_profile_gdn_stage layer=14 stage=recurrent seq_len=64 start_pos=0 elapsed_ms=8.898
kiln_profile_gdn_stage layer=14 stage=post_transpose seq_len=64 start_pos=0 elapsed_ms=0.000
kiln_profile_gdn_stage layer=14 stage=gated_norm seq_len=64 start_pos=0 elapsed_ms=5.034
kiln_profile_gdn_stage layer=14 stage=out_proj seq_len=64 start_pos=0 elapsed_ms=5.147
kiln_profile_mlp_stage layer=14 stage=fused seq_len=64 start_pos=0 elapsed_ms=26.674
kiln_profile_paged_layer layer=14 kind=linear seq_len=64 start_pos=0 elapsed_ms=74.861
kiln_profile_full_attn_stage full_attn_layer=3 stage=qkv_proj seq_len=64 start_pos=0 elapsed_ms=23.487
kiln_profile_full_attn_stage full_attn_layer=3 stage=qkv_split seq_len=64 start_pos=0 elapsed_ms=0.094
kiln_profile_full_attn_stage full_attn_layer=3 stage=qk_norm seq_len=64 start_pos=0 elapsed_ms=0.591
kiln_profile_full_attn_stage full_attn_layer=3 stage=rope seq_len=64 start_pos=0 elapsed_ms=0.761
kiln_profile_full_attn_stage full_attn_layer=3 stage=q_transpose seq_len=64 start_pos=0 elapsed_ms=0.561
kiln_profile_full_attn_stage full_attn_layer=3 stage=kv_write seq_len=64 start_pos=0 elapsed_ms=0.119
kiln_profile_full_attn_stage full_attn_layer=3 stage=kv_read seq_len=64 start_pos=0 elapsed_ms=0.011
kiln_profile_mlp_stage layer=15 stage=fused seq_len=64 start_pos=0 elapsed_ms=22.353
kiln_profile_paged_layer layer=15 kind=full seq_len=64 start_pos=0 elapsed_ms=56.942
kiln_profile_gdn_stage layer=16 stage=in_proj seq_len=64 start_pos=0 elapsed_ms=21.062
kiln_profile_gdn_stage layer=16 stage=conv seq_len=64 start_pos=0 elapsed_ms=6.430
kiln_profile_gdn_stage layer=16 stage=qkv_split seq_len=64 start_pos=0 elapsed_ms=0.366
kiln_profile_gdn_stage layer=16 stage=qk_norm seq_len=64 start_pos=0 elapsed_ms=0.576
kiln_profile_gdn_stage layer=16 stage=gates seq_len=64 start_pos=0 elapsed_ms=0.950
kiln_profile_gdn_stage layer=16 stage=recurrent seq_len=64 start_pos=0 elapsed_ms=9.445
kiln_profile_gdn_stage layer=16 stage=post_transpose seq_len=64 start_pos=0 elapsed_ms=0.001
kiln_profile_gdn_stage layer=16 stage=gated_norm seq_len=64 start_pos=0 elapsed_ms=5.041
kiln_profile_gdn_stage layer=16 stage=out_proj seq_len=64 start_pos=0 elapsed_ms=5.238
kiln_profile_mlp_stage layer=16 stage=fused seq_len=64 start_pos=0 elapsed_ms=28.169
kiln_profile_paged_layer layer=16 kind=linear seq_len=64 start_pos=0 elapsed_ms=78.049
kiln_profile_gdn_stage layer=17 stage=in_proj seq_len=64 start_pos=0 elapsed_ms=20.698
kiln_profile_gdn_stage layer=17 stage=conv seq_len=64 start_pos=0 elapsed_ms=6.251
kiln_profile_gdn_stage layer=17 stage=qkv_split seq_len=64 start_pos=0 elapsed_ms=0.353
kiln_profile_gdn_stage layer=17 stage=qk_norm seq_len=64 start_pos=0 elapsed_ms=0.593
kiln_profile_gdn_stage layer=17 stage=gates seq_len=64 start_pos=0 elapsed_ms=0.796
kiln_profile_gdn_stage layer=17 stage=recurrent seq_len=64 start_pos=0 elapsed_ms=10.412
kiln_profile_gdn_stage layer=17 stage=post_transpose seq_len=64 start_pos=0 elapsed_ms=0.000
kiln_profile_gdn_stage layer=17 stage=gated_norm seq_len=64 start_pos=0 elapsed_ms=5.009
kiln_profile_gdn_stage layer=17 stage=out_proj seq_len=64 start_pos=0 elapsed_ms=5.471
kiln_profile_mlp_stage layer=17 stage=fused seq_len=64 start_pos=0 elapsed_ms=28.896
kiln_profile_paged_layer layer=17 kind=linear seq_len=64 start_pos=0 elapsed_ms=79.324
kiln_profile_gdn_stage layer=18 stage=in_proj seq_len=64 start_pos=0 elapsed_ms=22.342
kiln_profile_gdn_stage layer=18 stage=conv seq_len=64 start_pos=0 elapsed_ms=8.872
kiln_profile_gdn_stage layer=18 stage=qkv_split seq_len=64 start_pos=0 elapsed_ms=0.381
kiln_profile_gdn_stage layer=18 stage=qk_norm seq_len=64 start_pos=0 elapsed_ms=0.585
kiln_profile_gdn_stage layer=18 stage=gates seq_len=64 start_pos=0 elapsed_ms=1.225
kiln_profile_gdn_stage layer=18 stage=recurrent seq_len=64 start_pos=0 elapsed_ms=10.241
kiln_profile_gdn_stage layer=18 stage=post_transpose seq_len=64 start_pos=0 elapsed_ms=0.001
kiln_profile_gdn_stage layer=18 stage=gated_norm seq_len=64 start_pos=0 elapsed_ms=2.149
kiln_profile_gdn_stage layer=18 stage=out_proj seq_len=64 start_pos=0 elapsed_ms=4.985
kiln_profile_mlp_stage layer=18 stage=fused seq_len=64 start_pos=0 elapsed_ms=28.471
kiln_profile_paged_layer layer=18 kind=linear seq_len=64 start_pos=0 elapsed_ms=80.070
kiln_profile_full_attn_stage full_attn_layer=4 stage=qkv_proj seq_len=64 start_pos=0 elapsed_ms=23.830
kiln_profile_full_attn_stage full_attn_layer=4 stage=qkv_split seq_len=64 start_pos=0 elapsed_ms=0.084
kiln_profile_full_attn_stage full_attn_layer=4 stage=qk_norm seq_len=64 start_pos=0 elapsed_ms=1.009
kiln_profile_full_attn_stage full_attn_layer=4 stage=rope seq_len=64 start_pos=0 elapsed_ms=0.802
kiln_profile_full_attn_stage full_attn_layer=4 stage=q_transpose seq_len=64 start_pos=0 elapsed_ms=0.567
kiln_profile_full_attn_stage full_attn_layer=4 stage=kv_write seq_len=64 start_pos=0 elapsed_ms=0.136
kiln_profile_full_attn_stage full_attn_layer=4 stage=kv_read seq_len=64 start_pos=0 elapsed_ms=0.014
kiln_profile_mlp_stage layer=19 stage=fused seq_len=64 start_pos=0 elapsed_ms=29.335
kiln_profile_paged_layer layer=19 kind=full seq_len=64 start_pos=0 elapsed_ms=64.757
kiln_profile_gdn_stage layer=20 stage=in_proj seq_len=64 start_pos=0 elapsed_ms=19.509
kiln_profile_gdn_stage layer=20 stage=conv seq_len=64 start_pos=0 elapsed_ms=6.894
kiln_profile_gdn_stage layer=20 stage=qkv_split seq_len=64 start_pos=0 elapsed_ms=0.384
kiln_profile_gdn_stage layer=20 stage=qk_norm seq_len=64 start_pos=0 elapsed_ms=0.635
kiln_profile_gdn_stage layer=20 stage=gates seq_len=64 start_pos=0 elapsed_ms=0.412
kiln_profile_gdn_stage layer=20 stage=recurrent seq_len=64 start_pos=0 elapsed_ms=10.231
kiln_profile_gdn_stage layer=20 stage=post_transpose seq_len=64 start_pos=0 elapsed_ms=0.001
kiln_profile_gdn_stage layer=20 stage=gated_norm seq_len=64 start_pos=0 elapsed_ms=4.922
kiln_profile_gdn_stage layer=20 stage=out_proj seq_len=64 start_pos=0 elapsed_ms=5.409
kiln_profile_mlp_stage layer=20 stage=fused seq_len=64 start_pos=0 elapsed_ms=25.532
kiln_profile_paged_layer layer=20 kind=linear seq_len=64 start_pos=0 elapsed_ms=74.696
kiln_profile_gdn_stage layer=21 stage=in_proj seq_len=64 start_pos=0 elapsed_ms=20.350
kiln_profile_gdn_stage layer=21 stage=conv seq_len=64 start_pos=0 elapsed_ms=8.823
kiln_profile_gdn_stage layer=21 stage=qkv_split seq_len=64 start_pos=0 elapsed_ms=0.378
kiln_profile_gdn_stage layer=21 stage=qk_norm seq_len=64 start_pos=0 elapsed_ms=0.579
kiln_profile_gdn_stage layer=21 stage=gates seq_len=64 start_pos=0 elapsed_ms=1.530
kiln_profile_gdn_stage layer=21 stage=recurrent seq_len=64 start_pos=0 elapsed_ms=9.960
kiln_profile_gdn_stage layer=21 stage=post_transpose seq_len=64 start_pos=0 elapsed_ms=0.000
kiln_profile_gdn_stage layer=21 stage=gated_norm seq_len=64 start_pos=0 elapsed_ms=5.256
kiln_profile_gdn_stage layer=21 stage=out_proj seq_len=64 start_pos=0 elapsed_ms=5.826
kiln_profile_mlp_stage layer=21 stage=fused seq_len=64 start_pos=0 elapsed_ms=27.233
kiln_profile_paged_layer layer=21 kind=linear seq_len=64 start_pos=0 elapsed_ms=80.753
kiln_profile_gdn_stage layer=22 stage=in_proj seq_len=64 start_pos=0 elapsed_ms=21.412
kiln_profile_gdn_stage layer=22 stage=conv seq_len=64 start_pos=0 elapsed_ms=6.113
kiln_profile_gdn_stage layer=22 stage=qkv_split seq_len=64 start_pos=0 elapsed_ms=0.362
kiln_profile_gdn_stage layer=22 stage=qk_norm seq_len=64 start_pos=0 elapsed_ms=0.563
kiln_profile_gdn_stage layer=22 stage=gates seq_len=64 start_pos=0 elapsed_ms=0.754
kiln_profile_gdn_stage layer=22 stage=recurrent seq_len=64 start_pos=0 elapsed_ms=10.564
kiln_profile_gdn_stage layer=22 stage=post_transpose seq_len=64 start_pos=0 elapsed_ms=0.000
kiln_profile_gdn_stage layer=22 stage=gated_norm seq_len=64 start_pos=0 elapsed_ms=6.146
kiln_profile_gdn_stage layer=22 stage=out_proj seq_len=64 start_pos=0 elapsed_ms=4.834
kiln_profile_mlp_stage layer=22 stage=fused seq_len=64 start_pos=0 elapsed_ms=29.704
kiln_profile_paged_layer layer=22 kind=linear seq_len=64 start_pos=0 elapsed_ms=81.180
kiln_profile_full_attn_stage full_attn_layer=5 stage=qkv_proj seq_len=64 start_pos=0 elapsed_ms=17.562
kiln_profile_full_attn_stage full_attn_layer=5 stage=qkv_split seq_len=64 start_pos=0 elapsed_ms=0.076
kiln_profile_full_attn_stage full_attn_layer=5 stage=qk_norm seq_len=64 start_pos=0 elapsed_ms=0.564
kiln_profile_full_attn_stage full_attn_layer=5 stage=rope seq_len=64 start_pos=0 elapsed_ms=0.749
kiln_profile_full_attn_stage full_attn_layer=5 stage=q_transpose seq_len=64 start_pos=0 elapsed_ms=0.534
kiln_profile_full_attn_stage full_attn_layer=5 stage=kv_write seq_len=64 start_pos=0 elapsed_ms=0.162
kiln_profile_full_attn_stage full_attn_layer=5 stage=kv_read seq_len=64 start_pos=0 elapsed_ms=0.011
{"timestamp":"2026-05-09T12:33:32.300740Z","level":"INFO","fields":{"message":"response","status":200,"duration_ms":0.106847},"target":"kiln_server::api","span":{"duration_ms":0.106847,"method":"GET","path":"/health","status":200,"name":"http_request"},"spans":[{"duration_ms":0.106847,"method":"GET","path":"/health","status":200,"name":"http_request"}]}
kiln_profile_mlp_stage layer=23 stage=fused seq_len=64 start_pos=0 elapsed_ms=28.322
kiln_profile_paged_layer layer=23 kind=full seq_len=64 start_pos=0 elapsed_ms=57.497
kiln_profile_gdn_stage layer=24 stage=in_proj seq_len=64 start_pos=0 elapsed_ms=20.593
kiln_profile_gdn_stage layer=24 stage=conv seq_len=64 start_pos=0 elapsed_ms=9.130
kiln_profile_gdn_stage layer=24 stage=qkv_split seq_len=64 start_pos=0 elapsed_ms=0.411
kiln_profile_gdn_stage layer=24 stage=qk_norm seq_len=64 start_pos=0 elapsed_ms=0.606
kiln_profile_gdn_stage layer=24 stage=gates seq_len=64 start_pos=0 elapsed_ms=0.684
kiln_profile_gdn_stage layer=24 stage=recurrent seq_len=64 start_pos=0 elapsed_ms=9.524
kiln_profile_gdn_stage layer=24 stage=post_transpose seq_len=64 start_pos=0 elapsed_ms=0.000
kiln_profile_gdn_stage layer=24 stage=gated_norm seq_len=64 start_pos=0 elapsed_ms=5.189
kiln_profile_gdn_stage layer=24 stage=out_proj seq_len=64 start_pos=0 elapsed_ms=5.338
kiln_profile_mlp_stage layer=24 stage=fused seq_len=64 start_pos=0 elapsed_ms=28.383
kiln_profile_paged_layer layer=24 kind=linear seq_len=64 start_pos=0 elapsed_ms=80.673
kiln_profile_gdn_stage layer=25 stage=in_proj seq_len=64 start_pos=0 elapsed_ms=19.493
kiln_profile_gdn_stage layer=25 stage=conv seq_len=64 start_pos=0 elapsed_ms=8.316
kiln_profile_gdn_stage layer=25 stage=qkv_split seq_len=64 start_pos=0 elapsed_ms=0.349
kiln_profile_gdn_stage layer=25 stage=qk_norm seq_len=64 start_pos=0 elapsed_ms=0.542
kiln_profile_gdn_stage layer=25 stage=gates seq_len=64 start_pos=0 elapsed_ms=0.437
kiln_profile_gdn_stage layer=25 stage=recurrent seq_len=64 start_pos=0 elapsed_ms=9.348
kiln_profile_gdn_stage layer=25 stage=post_transpose seq_len=64 start_pos=0 elapsed_ms=0.000
kiln_profile_gdn_stage layer=25 stage=gated_norm seq_len=64 start_pos=0 elapsed_ms=5.158
kiln_profile_gdn_stage layer=25 stage=out_proj seq_len=64 start_pos=0 elapsed_ms=5.882
kiln_profile_mlp_stage layer=25 stage=fused seq_len=64 start_pos=0 elapsed_ms=19.445
kiln_profile_paged_layer layer=25 kind=linear seq_len=64 start_pos=0 elapsed_ms=69.733
kiln_profile_gdn_stage layer=26 stage=in_proj seq_len=64 start_pos=0 elapsed_ms=19.913
kiln_profile_gdn_stage layer=26 stage=conv seq_len=64 start_pos=0 elapsed_ms=8.769
kiln_profile_gdn_stage layer=26 stage=qkv_split seq_len=64 start_pos=0 elapsed_ms=0.427
kiln_profile_gdn_stage layer=26 stage=qk_norm seq_len=64 start_pos=0 elapsed_ms=0.614
kiln_profile_gdn_stage layer=26 stage=gates seq_len=64 start_pos=0 elapsed_ms=0.773
kiln_profile_gdn_stage layer=26 stage=recurrent seq_len=64 start_pos=0 elapsed_ms=10.220
kiln_profile_gdn_stage layer=26 stage=post_transpose seq_len=64 start_pos=0 elapsed_ms=0.000
kiln_profile_gdn_stage layer=26 stage=gated_norm seq_len=64 start_pos=0 elapsed_ms=2.137
kiln_profile_gdn_stage layer=26 stage=out_proj seq_len=64 start_pos=0 elapsed_ms=5.775
kiln_profile_mlp_stage layer=26 stage=fused seq_len=64 start_pos=0 elapsed_ms=28.711
kiln_profile_paged_layer layer=26 kind=linear seq_len=64 start_pos=0 elapsed_ms=78.118
kiln_profile_full_attn_stage full_attn_layer=6 stage=qkv_proj seq_len=64 start_pos=0 elapsed_ms=18.508
kiln_profile_full_attn_stage full_attn_layer=6 stage=qkv_split seq_len=64 start_pos=0 elapsed_ms=0.086
kiln_profile_full_attn_stage full_attn_layer=6 stage=qk_norm seq_len=64 start_pos=0 elapsed_ms=0.610
kiln_profile_full_attn_stage full_attn_layer=6 stage=rope seq_len=64 start_pos=0 elapsed_ms=0.758
kiln_profile_full_attn_stage full_attn_layer=6 stage=q_transpose seq_len=64 start_pos=0 elapsed_ms=0.547
kiln_profile_full_attn_stage full_attn_layer=6 stage=kv_write seq_len=64 start_pos=0 elapsed_ms=0.165
kiln_profile_full_attn_stage full_attn_layer=6 stage=kv_read seq_len=64 start_pos=0 elapsed_ms=0.012
kiln_profile_mlp_stage layer=27 stage=fused seq_len=64 start_pos=0 elapsed_ms=28.690
kiln_profile_paged_layer layer=27 kind=full seq_len=64 start_pos=0 elapsed_ms=58.976
kiln_profile_gdn_stage layer=28 stage=in_proj seq_len=64 start_pos=0 elapsed_ms=21.202
kiln_profile_gdn_stage layer=28 stage=conv seq_len=64 start_pos=0 elapsed_ms=6.556
kiln_profile_gdn_stage layer=28 stage=qkv_split seq_len=64 start_pos=0 elapsed_ms=0.369
kiln_profile_gdn_stage layer=28 stage=qk_norm seq_len=64 start_pos=0 elapsed_ms=0.601
kiln_profile_gdn_stage layer=28 stage=gates seq_len=64 start_pos=0 elapsed_ms=0.785
kiln_profile_gdn_stage layer=28 stage=recurrent seq_len=64 start_pos=0 elapsed_ms=10.271
kiln_profile_gdn_stage layer=28 stage=post_transpose seq_len=64 start_pos=0 elapsed_ms=0.000
kiln_profile_gdn_stage layer=28 stage=gated_norm seq_len=64 start_pos=0 elapsed_ms=4.833
kiln_profile_gdn_stage layer=28 stage=out_proj seq_len=64 start_pos=0 elapsed_ms=5.365
kiln_profile_mlp_stage layer=28 stage=fused seq_len=64 start_pos=0 elapsed_ms=26.743
kiln_profile_paged_layer layer=28 kind=linear seq_len=64 start_pos=0 elapsed_ms=77.458
kiln_profile_gdn_stage layer=29 stage=in_proj seq_len=64 start_pos=0 elapsed_ms=20.179
kiln_profile_gdn_stage layer=29 stage=conv seq_len=64 start_pos=0 elapsed_ms=6.633
kiln_profile_gdn_stage layer=29 stage=qkv_split seq_len=64 start_pos=0 elapsed_ms=0.364
kiln_profile_gdn_stage layer=29 stage=qk_norm seq_len=64 start_pos=0 elapsed_ms=0.566
kiln_profile_gdn_stage layer=29 stage=gates seq_len=64 start_pos=0 elapsed_ms=0.836
kiln_profile_gdn_stage layer=29 stage=recurrent seq_len=64 start_pos=0 elapsed_ms=10.209
kiln_profile_gdn_stage layer=29 stage=post_transpose seq_len=64 start_pos=0 elapsed_ms=0.000
kiln_profile_gdn_stage layer=29 stage=gated_norm seq_len=64 start_pos=0 elapsed_ms=5.422
kiln_profile_gdn_stage layer=29 stage=out_proj seq_len=64 start_pos=0 elapsed_ms=5.401
kiln_profile_mlp_stage layer=29 stage=fused seq_len=64 start_pos=0 elapsed_ms=26.512
kiln_profile_paged_layer layer=29 kind=linear seq_len=64 start_pos=0 elapsed_ms=76.949
kiln_profile_gdn_stage layer=30 stage=in_proj seq_len=64 start_pos=0 elapsed_ms=20.255
kiln_profile_gdn_stage layer=30 stage=conv seq_len=64 start_pos=0 elapsed_ms=6.090
kiln_profile_gdn_stage layer=30 stage=qkv_split seq_len=64 start_pos=0 elapsed_ms=0.341
kiln_profile_gdn_stage layer=30 stage=qk_norm seq_len=64 start_pos=0 elapsed_ms=0.549
kiln_profile_gdn_stage layer=30 stage=gates seq_len=64 start_pos=0 elapsed_ms=0.891
kiln_profile_gdn_stage layer=30 stage=recurrent seq_len=64 start_pos=0 elapsed_ms=10.482
kiln_profile_gdn_stage layer=30 stage=post_transpose seq_len=64 start_pos=0 elapsed_ms=0.001
kiln_profile_gdn_stage layer=30 stage=gated_norm seq_len=64 start_pos=0 elapsed_ms=5.763
kiln_profile_gdn_stage layer=30 stage=out_proj seq_len=64 start_pos=0 elapsed_ms=5.990
kiln_profile_mlp_stage layer=30 stage=fused seq_len=64 start_pos=0 elapsed_ms=26.827
kiln_profile_paged_layer layer=30 kind=linear seq_len=64 start_pos=0 elapsed_ms=77.957
kiln_profile_full_attn_stage full_attn_layer=7 stage=qkv_proj seq_len=64 start_pos=0 elapsed_ms=18.119
kiln_profile_full_attn_stage full_attn_layer=7 stage=qkv_split seq_len=64 start_pos=0 elapsed_ms=0.088
kiln_profile_full_attn_stage full_attn_layer=7 stage=qk_norm seq_len=64 start_pos=0 elapsed_ms=0.637
kiln_profile_full_attn_stage full_attn_layer=7 stage=rope seq_len=64 start_pos=0 elapsed_ms=0.750
kiln_profile_full_attn_stage full_attn_layer=7 stage=q_transpose seq_len=64 start_pos=0 elapsed_ms=0.575
kiln_profile_full_attn_stage full_attn_layer=7 stage=kv_write seq_len=64 start_pos=0 elapsed_ms=0.163
kiln_profile_full_attn_stage full_attn_layer=7 stage=kv_read seq_len=64 start_pos=0 elapsed_ms=0.018
kiln_profile_mlp_stage layer=31 stage=fused seq_len=64 start_pos=0 elapsed_ms=28.123
kiln_profile_paged_layer layer=31 kind=full seq_len=64 start_pos=0 elapsed_ms=55.691
kiln_profile_gdn_stage layer=0 stage=in_proj seq_len=1 start_pos=64 elapsed_ms=1.297
kiln_profile_gdn_stage layer=0 stage=conv seq_len=1 start_pos=64 elapsed_ms=0.088
kiln_profile_gdn_stage layer=0 stage=qkv_split seq_len=1 start_pos=64 elapsed_ms=0.001
kiln_profile_gdn_stage layer=0 stage=qk_norm seq_len=1 start_pos=64 elapsed_ms=0.017
kiln_profile_gdn_stage layer=0 stage=gates seq_len=1 start_pos=64 elapsed_ms=0.184
kiln_profile_gdn_stage layer=0 stage=recurrent seq_len=1 start_pos=64 elapsed_ms=0.609
kiln_profile_gdn_stage layer=0 stage=post_transpose seq_len=1 start_pos=64 elapsed_ms=0.000
kiln_profile_gdn_stage layer=0 stage=gated_norm seq_len=1 start_pos=64 elapsed_ms=0.497
kiln_profile_gdn_stage layer=0 stage=out_proj seq_len=1 start_pos=64 elapsed_ms=0.289
kiln_profile_mlp_stage layer=0 stage=fused seq_len=1 start_pos=64 elapsed_ms=0.944
kiln_profile_paged_layer layer=0 kind=linear seq_len=1 start_pos=64 elapsed_ms=3.995
kiln_profile_gdn_stage layer=1 stage=in_proj seq_len=1 start_pos=64 elapsed_ms=0.705
kiln_profile_gdn_stage layer=1 stage=conv seq_len=1 start_pos=64 elapsed_ms=0.080
kiln_profile_gdn_stage layer=1 stage=qkv_split seq_len=1 start_pos=64 elapsed_ms=0.001
kiln_profile_gdn_stage layer=1 stage=qk_norm seq_len=1 start_pos=64 elapsed_ms=0.012
kiln_profile_gdn_stage layer=1 stage=gates seq_len=1 start_pos=64 elapsed_ms=0.267
kiln_profile_gdn_stage layer=1 stage=recurrent seq_len=1 start_pos=64 elapsed_ms=0.501
kiln_profile_gdn_stage layer=1 stage=post_transpose seq_len=1 start_pos=64 elapsed_ms=0.000
kiln_profile_gdn_stage layer=1 stage=gated_norm seq_len=1 start_pos=64 elapsed_ms=0.277
kiln_profile_gdn_stage layer=1 stage=out_proj seq_len=1 start_pos=64 elapsed_ms=0.325
kiln_profile_mlp_stage layer=1 stage=fused seq_len=1 start_pos=64 elapsed_ms=0.977
kiln_profile_paged_layer layer=1 kind=linear seq_len=1 start_pos=64 elapsed_ms=3.190
kiln_profile_gdn_stage layer=2 stage=in_proj seq_len=1 start_pos=64 elapsed_ms=0.718
kiln_profile_gdn_stage layer=2 stage=conv seq_len=1 start_pos=64 elapsed_ms=0.074
kiln_profile_gdn_stage layer=2 stage=qkv_split seq_len=1 start_pos=64 elapsed_ms=0.000
kiln_profile_gdn_stage layer=2 stage=qk_norm seq_len=1 start_pos=64 elapsed_ms=0.011
kiln_profile_gdn_stage layer=2 stage=gates seq_len=1 start_pos=64 elapsed_ms=0.161
kiln_profile_gdn_stage layer=2 stage=recurrent seq_len=1 start_pos=64 elapsed_ms=0.631
kiln_profile_gdn_stage layer=2 stage=post_transpose seq_len=1 start_pos=64 elapsed_ms=0.000
kiln_profile_gdn_stage layer=2 stage=gated_norm seq_len=1 start_pos=64 elapsed_ms=0.236
kiln_profile_gdn_stage layer=2 stage=out_proj seq_len=1 start_pos=64 elapsed_ms=0.312
kiln_profile_mlp_stage layer=2 stage=fused seq_len=1 start_pos=64 elapsed_ms=0.930
kiln_profile_paged_layer layer=2 kind=linear seq_len=1 start_pos=64 elapsed_ms=3.115
kiln_profile_full_attn_stage full_attn_layer=0 stage=qkv_proj seq_len=1 start_pos=64 elapsed_ms=0.594
kiln_profile_full_attn_stage full_attn_layer=0 stage=qkv_split seq_len=1 start_pos=64 elapsed_ms=0.003
kiln_profile_full_attn_stage full_attn_layer=0 stage=qk_norm seq_len=1 start_pos=64 elapsed_ms=0.015
kiln_profile_full_attn_stage full_attn_layer=0 stage=rope seq_len=1 start_pos=64 elapsed_ms=0.024
kiln_profile_full_attn_stage full_attn_layer=0 stage=q_transpose seq_len=1 start_pos=64 elapsed_ms=0.003
kiln_profile_full_attn_stage full_attn_layer=0 stage=kv_write seq_len=1 start_pos=64 elapsed_ms=0.009
kiln_profile_full_attn_stage full_attn_layer=0 stage=kv_read seq_len=1 start_pos=64 elapsed_ms=0.047
kiln_profile_full_attn_stage full_attn_layer=0 stage=decode_group_layout seq_len=1 start_pos=64 elapsed_ms=0.001
kiln_profile_full_attn_stage full_attn_layer=0 stage=decode_scores seq_len=1 start_pos=64 elapsed_ms=0.102
kiln_profile_full_attn_stage full_attn_layer=0 stage=decode_softmax seq_len=1 start_pos=64 elapsed_ms=0.007
kiln_profile_full_attn_stage full_attn_layer=0 stage=decode_weighted_sum seq_len=1 start_pos=64 elapsed_ms=0.025
kiln_profile_full_attn_stage full_attn_layer=0 stage=attn_gate seq_len=1 start_pos=64 elapsed_ms=0.007
kiln_profile_full_attn_stage full_attn_layer=0 stage=o_proj seq_len=1 start_pos=64 elapsed_ms=0.289
kiln_profile_mlp_stage layer=3 stage=fused seq_len=1 start_pos=64 elapsed_ms=0.925
kiln_profile_paged_layer layer=3 kind=full seq_len=1 start_pos=64 elapsed_ms=2.108
kiln_profile_gdn_stage layer=4 stage=in_proj seq_len=1 start_pos=64 elapsed_ms=0.706
kiln_profile_gdn_stage layer=4 stage=conv seq_len=1 start_pos=64 elapsed_ms=0.075
kiln_profile_gdn_stage layer=4 stage=qkv_split seq_len=1 start_pos=64 elapsed_ms=0.000
kiln_profile_gdn_stage layer=4 stage=qk_norm seq_len=1 start_pos=64 elapsed_ms=0.015
kiln_profile_gdn_stage layer=4 stage=gates seq_len=1 start_pos=64 elapsed_ms=0.150
kiln_profile_gdn_stage layer=4 stage=recurrent seq_len=1 start_pos=64 elapsed_ms=0.524
kiln_profile_gdn_stage layer=4 stage=post_transpose seq_len=1 start_pos=64 elapsed_ms=0.000
kiln_profile_gdn_stage layer=4 stage=gated_norm seq_len=1 start_pos=64 elapsed_ms=0.228
kiln_profile_gdn_stage layer=4 stage=out_proj seq_len=1 start_pos=64 elapsed_ms=0.320
kiln_profile_mlp_stage layer=4 stage=fused seq_len=1 start_pos=64 elapsed_ms=0.924
kiln_profile_paged_layer layer=4 kind=linear seq_len=1 start_pos=64 elapsed_ms=2.991
kiln_profile_gdn_stage layer=5 stage=in_proj seq_len=1 start_pos=64 elapsed_ms=0.721
kiln_profile_gdn_stage layer=5 stage=conv seq_len=1 start_pos=64 elapsed_ms=0.076
kiln_profile_gdn_stage layer=5 stage=qkv_split seq_len=1 start_pos=64 elapsed_ms=0.000
kiln_profile_gdn_stage layer=5 stage=qk_norm seq_len=1 start_pos=64 elapsed_ms=0.014
kiln_profile_gdn_stage layer=5 stage=gates seq_len=1 start_pos=64 elapsed_ms=0.145
kiln_profile_gdn_stage layer=5 stage=recurrent seq_len=1 start_pos=64 elapsed_ms=0.526
kiln_profile_gdn_stage layer=5 stage=post_transpose seq_len=1 start_pos=64 elapsed_ms=0.000
kiln_profile_gdn_stage layer=5 stage=gated_norm seq_len=1 start_pos=64 elapsed_ms=0.343
kiln_profile_gdn_stage layer=5 stage=out_proj seq_len=1 start_pos=64 elapsed_ms=0.308
kiln_profile_mlp_stage layer=5 stage=fused seq_len=1 start_pos=64 elapsed_ms=0.928
kiln_profile_paged_layer layer=5 kind=linear seq_len=1 start_pos=64 elapsed_ms=3.102
kiln_profile_gdn_stage layer=6 stage=in_proj seq_len=1 start_pos=64 elapsed_ms=0.727
kiln_profile_gdn_stage layer=6 stage=conv seq_len=1 start_pos=64 elapsed_ms=0.074
kiln_profile_gdn_stage layer=6 stage=qkv_split seq_len=1 start_pos=64 elapsed_ms=0.000
kiln_profile_gdn_stage layer=6 stage=qk_norm seq_len=1 start_pos=64 elapsed_ms=0.011
kiln_profile_gdn_stage layer=6 stage=gates seq_len=1 start_pos=64 elapsed_ms=0.158
kiln_profile_gdn_stage layer=6 stage=recurrent seq_len=1 start_pos=64 elapsed_ms=0.524
kiln_profile_gdn_stage layer=6 stage=post_transpose seq_len=1 start_pos=64 elapsed_ms=0.000
kiln_profile_gdn_stage layer=6 stage=gated_norm seq_len=1 start_pos=64 elapsed_ms=0.229
kiln_profile_gdn_stage layer=6 stage=out_proj seq_len=1 start_pos=64 elapsed_ms=0.330
kiln_profile_mlp_stage layer=6 stage=fused seq_len=1 start_pos=64 elapsed_ms=0.943
kiln_profile_paged_layer layer=6 kind=linear seq_len=1 start_pos=64 elapsed_ms=3.036
kiln_profile_full_attn_stage full_attn_layer=1 stage=qkv_proj seq_len=1 start_pos=64 elapsed_ms=0.597
kiln_profile_full_attn_stage full_attn_layer=1 stage=qkv_split seq_len=1 start_pos=64 elapsed_ms=0.002
kiln_profile_full_attn_stage full_attn_layer=1 stage=qk_norm seq_len=1 start_pos=64 elapsed_ms=0.014
kiln_profile_full_attn_stage full_attn_layer=1 stage=rope seq_len=1 start_pos=64 elapsed_ms=0.022
kiln_profile_full_attn_stage full_attn_layer=1 stage=q_transpose seq_len=1 start_pos=64 elapsed_ms=0.003
kiln_profile_full_attn_stage full_attn_layer=1 stage=kv_write seq_len=1 start_pos=64 elapsed_ms=0.011
kiln_profile_full_attn_stage full_attn_layer=1 stage=kv_read seq_len=1 start_pos=64 elapsed_ms=0.043
kiln_profile_full_attn_stage full_attn_layer=1 stage=decode_group_layout seq_len=1 start_pos=64 elapsed_ms=0.001
kiln_profile_full_attn_stage full_attn_layer=1 stage=decode_scores seq_len=1 start_pos=64 elapsed_ms=0.098
kiln_profile_full_attn_stage full_attn_layer=1 stage=decode_softmax seq_len=1 start_pos=64 elapsed_ms=0.006
kiln_profile_full_attn_stage full_attn_layer=1 stage=decode_weighted_sum seq_len=1 start_pos=64 elapsed_ms=0.025
kiln_profile_full_attn_stage full_attn_layer=1 stage=attn_gate seq_len=1 start_pos=64 elapsed_ms=0.007
kiln_profile_full_attn_stage full_attn_layer=1 stage=o_proj seq_len=1 start_pos=64 elapsed_ms=0.285
kiln_profile_mlp_stage layer=7 stage=fused seq_len=1 start_pos=64 elapsed_ms=0.930
kiln_profile_paged_layer layer=7 kind=full seq_len=1 start_pos=64 elapsed_ms=2.097
kiln_profile_gdn_stage layer=8 stage=in_proj seq_len=1 start_pos=64 elapsed_ms=0.734
kiln_profile_gdn_stage layer=8 stage=conv seq_len=1 start_pos=64 elapsed_ms=0.073
kiln_profile_gdn_stage layer=8 stage=qkv_split seq_len=1 start_pos=64 elapsed_ms=0.000
kiln_profile_gdn_stage layer=8 stage=qk_norm seq_len=1 start_pos=64 elapsed_ms=0.011
kiln_profile_gdn_stage layer=8 stage=gates seq_len=1 start_pos=64 elapsed_ms=0.154
kiln_profile_gdn_stage layer=8 stage=recurrent seq_len=1 start_pos=64 elapsed_ms=0.529
kiln_profile_gdn_stage layer=8 stage=post_transpose seq_len=1 start_pos=64 elapsed_ms=0.000
kiln_profile_gdn_stage layer=8 stage=gated_norm seq_len=1 start_pos=64 elapsed_ms=0.234
kiln_profile_gdn_stage layer=8 stage=out_proj seq_len=1 start_pos=64 elapsed_ms=0.292
kiln_profile_mlp_stage layer=8 stage=fused seq_len=1 start_pos=64 elapsed_ms=0.914
kiln_profile_paged_layer layer=8 kind=linear seq_len=1 start_pos=64 elapsed_ms=2.986
kiln_profile_gdn_stage layer=9 stage=in_proj seq_len=1 start_pos=64 elapsed_ms=0.735
kiln_profile_gdn_stage layer=9 stage=conv seq_len=1 start_pos=64 elapsed_ms=0.091
kiln_profile_gdn_stage layer=9 stage=qkv_split seq_len=1 start_pos=64 elapsed_ms=0.001
kiln_profile_gdn_stage layer=9 stage=qk_norm seq_len=1 start_pos=64 elapsed_ms=0.011
kiln_profile_gdn_stage layer=9 stage=gates seq_len=1 start_pos=64 elapsed_ms=0.226
kiln_profile_gdn_stage layer=9 stage=recurrent seq_len=1 start_pos=64 elapsed_ms=0.555
kiln_profile_gdn_stage layer=9 stage=post_transpose seq_len=1 start_pos=64 elapsed_ms=0.000
kiln_profile_gdn_stage layer=9 stage=gated_norm seq_len=1 start_pos=64 elapsed_ms=0.225
kiln_profile_gdn_stage layer=9 stage=out_proj seq_len=1 start_pos=64 elapsed_ms=0.292
kiln_profile_mlp_stage layer=9 stage=fused seq_len=1 start_pos=64 elapsed_ms=0.913
kiln_profile_paged_layer layer=9 kind=linear seq_len=1 start_pos=64 elapsed_ms=3.090
kiln_profile_gdn_stage layer=10 stage=in_proj seq_len=1 start_pos=64 elapsed_ms=0.724
kiln_profile_gdn_stage layer=10 stage=conv seq_len=1 start_pos=64 elapsed_ms=0.080
kiln_profile_gdn_stage layer=10 stage=qkv_split seq_len=1 start_pos=64 elapsed_ms=0.000
kiln_profile_gdn_stage layer=10 stage=qk_norm seq_len=1 start_pos=64 elapsed_ms=0.011
kiln_profile_gdn_stage layer=10 stage=gates seq_len=1 start_pos=64 elapsed_ms=0.147
kiln_profile_gdn_stage layer=10 stage=recurrent seq_len=1 start_pos=64 elapsed_ms=0.535
kiln_profile_gdn_stage layer=10 stage=post_transpose seq_len=1 start_pos=64 elapsed_ms=0.000
kiln_profile_gdn_stage layer=10 stage=gated_norm seq_len=1 start_pos=64 elapsed_ms=0.230
kiln_profile_gdn_stage layer=10 stage=out_proj seq_len=1 start_pos=64 elapsed_ms=0.305
kiln_profile_mlp_stage layer=10 stage=fused seq_len=1 start_pos=64 elapsed_ms=0.911
kiln_profile_paged_layer layer=10 kind=linear seq_len=1 start_pos=64 elapsed_ms=2.983
kiln_profile_full_attn_stage full_attn_layer=2 stage=qkv_proj seq_len=1 start_pos=64 elapsed_ms=0.618
kiln_profile_full_attn_stage full_attn_layer=2 stage=qkv_split seq_len=1 start_pos=64 elapsed_ms=0.002
kiln_profile_full_attn_stage full_attn_layer=2 stage=qk_norm seq_len=1 start_pos=64 elapsed_ms=0.014
kiln_profile_full_attn_stage full_attn_layer=2 stage=rope seq_len=1 start_pos=64 elapsed_ms=0.021
kiln_profile_full_attn_stage full_attn_layer=2 stage=q_transpose seq_len=1 start_pos=64 elapsed_ms=0.003
kiln_profile_full_attn_stage full_attn_layer=2 stage=kv_write seq_len=1 start_pos=64 elapsed_ms=0.006
kiln_profile_full_attn_stage full_attn_layer=2 stage=kv_read seq_len=1 start_pos=64 elapsed_ms=0.040
kiln_profile_full_attn_stage full_attn_layer=2 stage=decode_group_layout seq_len=1 start_pos=64 elapsed_ms=0.001
kiln_profile_full_attn_stage full_attn_layer=2 stage=decode_scores seq_len=1 start_pos=64 elapsed_ms=0.107
kiln_profile_full_attn_stage full_attn_layer=2 stage=decode_softmax seq_len=1 start_pos=64 elapsed_ms=0.005
kiln_profile_full_attn_stage full_attn_layer=2 stage=decode_weighted_sum seq_len=1 start_pos=64 elapsed_ms=0.025
kiln_profile_full_attn_stage full_attn_layer=2 stage=attn_gate seq_len=1 start_pos=64 elapsed_ms=0.007
kiln_profile_full_attn_stage full_attn_layer=2 stage=o_proj seq_len=1 start_pos=64 elapsed_ms=0.294
kiln_profile_mlp_stage layer=11 stage=fused seq_len=1 start_pos=64 elapsed_ms=0.909
kiln_profile_paged_layer layer=11 kind=full seq_len=1 start_pos=64 elapsed_ms=2.102
kiln_profile_gdn_stage layer=12 stage=in_proj seq_len=1 start_pos=64 elapsed_ms=0.691
kiln_profile_gdn_stage layer=12 stage=conv seq_len=1 start_pos=64 elapsed_ms=0.077
kiln_profile_gdn_stage layer=12 stage=qkv_split seq_len=1 start_pos=64 elapsed_ms=0.000
kiln_profile_gdn_stage layer=12 stage=qk_norm seq_len=1 start_pos=64 elapsed_ms=0.011
kiln_profile_gdn_stage layer=12 stage=gates seq_len=1 start_pos=64 elapsed_ms=0.154
kiln_profile_gdn_stage layer=12 stage=recurrent seq_len=1 start_pos=64 elapsed_ms=0.621
kiln_profile_gdn_stage layer=12 stage=post_transpose seq_len=1 start_pos=64 elapsed_ms=0.000
kiln_profile_gdn_stage layer=12 stage=gated_norm seq_len=1 start_pos=64 elapsed_ms=0.250
kiln_profile_gdn_stage layer=12 stage=out_proj seq_len=1 start_pos=64 elapsed_ms=0.318
kiln_profile_mlp_stage layer=12 stage=fused seq_len=1 start_pos=64 elapsed_ms=0.934
kiln_profile_paged_layer layer=12 kind=linear seq_len=1 start_pos=64 elapsed_ms=3.096
kiln_profile_gdn_stage layer=13 stage=in_proj seq_len=1 start_pos=64 elapsed_ms=0.696
kiln_profile_gdn_stage layer=13 stage=conv seq_len=1 start_pos=64 elapsed_ms=0.075
kiln_profile_gdn_stage layer=13 stage=qkv_split seq_len=1 start_pos=64 elapsed_ms=0.000
kiln_profile_gdn_stage layer=13 stage=qk_norm seq_len=1 start_pos=64 elapsed_ms=0.011
kiln_profile_gdn_stage layer=13 stage=gates seq_len=1 start_pos=64 elapsed_ms=0.166
kiln_profile_gdn_stage layer=13 stage=recurrent seq_len=1 start_pos=64 elapsed_ms=0.529
kiln_profile_gdn_stage layer=13 stage=post_transpose seq_len=1 start_pos=64 elapsed_ms=0.000
kiln_profile_gdn_stage layer=13 stage=gated_norm seq_len=1 start_pos=64 elapsed_ms=0.236
kiln_profile_gdn_stage layer=13 stage=out_proj seq_len=1 start_pos=64 elapsed_ms=0.379
kiln_profile_mlp_stage layer=13 stage=fused seq_len=1 start_pos=64 elapsed_ms=1.032
kiln_profile_paged_layer layer=13 kind=linear seq_len=1 start_pos=64 elapsed_ms=3.167
kiln_profile_gdn_stage layer=14 stage=in_proj seq_len=1 start_pos=64 elapsed_ms=0.695
kiln_profile_gdn_stage layer=14 stage=conv seq_len=1 start_pos=64 elapsed_ms=0.074
kiln_profile_gdn_stage layer=14 stage=qkv_split seq_len=1 start_pos=64 elapsed_ms=0.000
kiln_profile_gdn_stage layer=14 stage=qk_norm seq_len=1 start_pos=64 elapsed_ms=0.011
kiln_profile_gdn_stage layer=14 stage=gates seq_len=1 start_pos=64 elapsed_ms=0.178
kiln_profile_gdn_stage layer=14 stage=recurrent seq_len=1 start_pos=64 elapsed_ms=0.559
kiln_profile_gdn_stage layer=14 stage=post_transpose seq_len=1 start_pos=64 elapsed_ms=0.000
kiln_profile_gdn_stage layer=14 stage=gated_norm seq_len=1 start_pos=64 elapsed_ms=0.257
kiln_profile_gdn_stage layer=14 stage=out_proj seq_len=1 start_pos=64 elapsed_ms=0.323
kiln_profile_mlp_stage layer=14 stage=fused seq_len=1 start_pos=64 elapsed_ms=0.901
kiln_profile_paged_layer layer=14 kind=linear seq_len=1 start_pos=64 elapsed_ms=3.040
kiln_profile_full_attn_stage full_attn_layer=3 stage=qkv_proj seq_len=1 start_pos=64 elapsed_ms=0.579
kiln_profile_full_attn_stage full_attn_layer=3 stage=qkv_split seq_len=1 start_pos=64 elapsed_ms=0.002
kiln_profile_full_attn_stage full_attn_layer=3 stage=qk_norm seq_len=1 start_pos=64 elapsed_ms=0.014
kiln_profile_full_attn_stage full_attn_layer=3 stage=rope seq_len=1 start_pos=64 elapsed_ms=0.021
kiln_profile_full_attn_stage full_attn_layer=3 stage=q_transpose seq_len=1 start_pos=64 elapsed_ms=0.003
kiln_profile_full_attn_stage full_attn_layer=3 stage=kv_write seq_len=1 start_pos=64 elapsed_ms=0.007
kiln_profile_full_attn_stage full_attn_layer=3 stage=kv_read seq_len=1 start_pos=64 elapsed_ms=0.040
kiln_profile_full_attn_stage full_attn_layer=3 stage=decode_group_layout seq_len=1 start_pos=64 elapsed_ms=0.001
kiln_profile_full_attn_stage full_attn_layer=3 stage=decode_scores seq_len=1 start_pos=64 elapsed_ms=0.103
kiln_profile_full_attn_stage full_attn_layer=3 stage=decode_softmax seq_len=1 start_pos=64 elapsed_ms=0.005
kiln_profile_full_attn_stage full_attn_layer=3 stage=decode_weighted_sum seq_len=1 start_pos=64 elapsed_ms=0.025
kiln_profile_full_attn_stage full_attn_layer=3 stage=attn_gate seq_len=1 start_pos=64 elapsed_ms=0.007
kiln_profile_full_attn_stage full_attn_layer=3 stage=o_proj seq_len=1 start_pos=64 elapsed_ms=0.301
kiln_profile_mlp_stage layer=15 stage=fused seq_len=1 start_pos=64 elapsed_ms=0.943
kiln_profile_paged_layer layer=15 kind=full seq_len=1 start_pos=64 elapsed_ms=2.106
kiln_profile_gdn_stage layer=16 stage=in_proj seq_len=1 start_pos=64 elapsed_ms=0.700
kiln_profile_gdn_stage layer=16 stage=conv seq_len=1 start_pos=64 elapsed_ms=0.073
kiln_profile_gdn_stage layer=16 stage=qkv_split seq_len=1 start_pos=64 elapsed_ms=0.000
kiln_profile_gdn_stage layer=16 stage=qk_norm seq_len=1 start_pos=64 elapsed_ms=0.011
kiln_profile_gdn_stage layer=16 stage=gates seq_len=1 start_pos=64 elapsed_ms=0.165
kiln_profile_gdn_stage layer=16 stage=recurrent seq_len=1 start_pos=64 elapsed_ms=0.485
kiln_profile_gdn_stage layer=16 stage=post_transpose seq_len=1 start_pos=64 elapsed_ms=0.000
kiln_profile_gdn_stage layer=16 stage=gated_norm seq_len=1 start_pos=64 elapsed_ms=0.247
kiln_profile_gdn_stage layer=16 stage=out_proj seq_len=1 start_pos=64 elapsed_ms=0.380
kiln_profile_mlp_stage layer=16 stage=fused seq_len=1 start_pos=64 elapsed_ms=0.939
kiln_profile_paged_layer layer=16 kind=linear seq_len=1 start_pos=64 elapsed_ms=3.041
kiln_profile_gdn_stage layer=17 stage=in_proj seq_len=1 start_pos=64 elapsed_ms=0.705
kiln_profile_gdn_stage layer=17 stage=conv seq_len=1 start_pos=64 elapsed_ms=0.074
kiln_profile_gdn_stage layer=17 stage=qkv_split seq_len=1 start_pos=64 elapsed_ms=0.000
kiln_profile_gdn_stage layer=17 stage=qk_norm seq_len=1 start_pos=64 elapsed_ms=0.011
kiln_profile_gdn_stage layer=17 stage=gates seq_len=1 start_pos=64 elapsed_ms=0.533
kiln_profile_gdn_stage layer=17 stage=recurrent seq_len=1 start_pos=64 elapsed_ms=0.500
kiln_profile_gdn_stage layer=17 stage=post_transpose seq_len=1 start_pos=64 elapsed_ms=0.000
kiln_profile_gdn_stage layer=17 stage=gated_norm seq_len=1 start_pos=64 elapsed_ms=0.234
kiln_profile_gdn_stage layer=17 stage=out_proj seq_len=1 start_pos=64 elapsed_ms=0.303
kiln_profile_mlp_stage layer=17 stage=fused seq_len=1 start_pos=64 elapsed_ms=0.947
kiln_profile_paged_layer layer=17 kind=linear seq_len=1 start_pos=64 elapsed_ms=3.347
kiln_profile_gdn_stage layer=18 stage=in_proj seq_len=1 start_pos=64 elapsed_ms=0.725
kiln_profile_gdn_stage layer=18 stage=conv seq_len=1 start_pos=64 elapsed_ms=0.075
kiln_profile_gdn_stage layer=18 stage=qkv_split seq_len=1 start_pos=64 elapsed_ms=0.000
kiln_profile_gdn_stage layer=18 stage=qk_norm seq_len=1 start_pos=64 elapsed_ms=0.011
kiln_profile_gdn_stage layer=18 stage=gates seq_len=1 start_pos=64 elapsed_ms=0.155
kiln_profile_gdn_stage layer=18 stage=recurrent seq_len=1 start_pos=64 elapsed_ms=0.532
kiln_profile_gdn_stage layer=18 stage=post_transpose seq_len=1 start_pos=64 elapsed_ms=0.000
kiln_profile_gdn_stage layer=18 stage=gated_norm seq_len=1 start_pos=64 elapsed_ms=0.236
kiln_profile_gdn_stage layer=18 stage=out_proj seq_len=1 start_pos=64 elapsed_ms=0.300
kiln_profile_mlp_stage layer=18 stage=fused seq_len=1 start_pos=64 elapsed_ms=0.976
kiln_profile_paged_layer layer=18 kind=linear seq_len=1 start_pos=64 elapsed_ms=3.052
kiln_profile_full_attn_stage full_attn_layer=4 stage=qkv_proj seq_len=1 start_pos=64 elapsed_ms=0.595
kiln_profile_full_attn_stage full_attn_layer=4 stage=qkv_split seq_len=1 start_pos=64 elapsed_ms=0.002
kiln_profile_full_attn_stage full_attn_layer=4 stage=qk_norm seq_len=1 start_pos=64 elapsed_ms=0.014
kiln_profile_full_attn_stage full_attn_layer=4 stage=rope seq_len=1 start_pos=64 elapsed_ms=0.021
kiln_profile_full_attn_stage full_attn_layer=4 stage=q_transpose seq_len=1 start_pos=64 elapsed_ms=0.003
kiln_profile_full_attn_stage full_attn_layer=4 stage=kv_write seq_len=1 start_pos=64 elapsed_ms=0.007
kiln_profile_full_attn_stage full_attn_layer=4 stage=kv_read seq_len=1 start_pos=64 elapsed_ms=0.042
kiln_profile_full_attn_stage full_attn_layer=4 stage=decode_group_layout seq_len=1 start_pos=64 elapsed_ms=0.001
kiln_profile_full_attn_stage full_attn_layer=4 stage=decode_scores seq_len=1 start_pos=64 elapsed_ms=0.123
kiln_profile_full_attn_stage full_attn_layer=4 stage=decode_softmax seq_len=1 start_pos=64 elapsed_ms=0.005
kiln_profile_full_attn_stage full_attn_layer=4 stage=decode_weighted_sum seq_len=1 start_pos=64 elapsed_ms=0.027
kiln_profile_full_attn_stage full_attn_layer=4 stage=attn_gate seq_len=1 start_pos=64 elapsed_ms=0.007
kiln_profile_full_attn_stage full_attn_layer=4 stage=o_proj seq_len=1 start_pos=64 elapsed_ms=0.290
kiln_profile_mlp_stage layer=19 stage=fused seq_len=1 start_pos=64 elapsed_ms=0.940
kiln_profile_paged_layer layer=19 kind=full seq_len=1 start_pos=64 elapsed_ms=2.132
kiln_profile_gdn_stage layer=20 stage=in_proj seq_len=1 start_pos=64 elapsed_ms=0.698
kiln_profile_gdn_stage layer=20 stage=conv seq_len=1 start_pos=64 elapsed_ms=0.077
kiln_profile_gdn_stage layer=20 stage=qkv_split seq_len=1 start_pos=64 elapsed_ms=0.000
kiln_profile_gdn_stage layer=20 stage=qk_norm seq_len=1 start_pos=64 elapsed_ms=0.011
kiln_profile_gdn_stage layer=20 stage=gates seq_len=1 start_pos=64 elapsed_ms=0.183
kiln_profile_gdn_stage layer=20 stage=recurrent seq_len=1 start_pos=64 elapsed_ms=0.534
kiln_profile_gdn_stage layer=20 stage=post_transpose seq_len=1 start_pos=64 elapsed_ms=0.000
kiln_profile_gdn_stage layer=20 stage=gated_norm seq_len=1 start_pos=64 elapsed_ms=0.239
kiln_profile_gdn_stage layer=20 stage=out_proj seq_len=1 start_pos=64 elapsed_ms=0.319
kiln_profile_mlp_stage layer=20 stage=fused seq_len=1 start_pos=64 elapsed_ms=0.914
kiln_profile_paged_layer layer=20 kind=linear seq_len=1 start_pos=64 elapsed_ms=3.017
kiln_profile_gdn_stage layer=21 stage=in_proj seq_len=1 start_pos=64 elapsed_ms=0.812
kiln_profile_gdn_stage layer=21 stage=conv seq_len=1 start_pos=64 elapsed_ms=0.076
kiln_profile_gdn_stage layer=21 stage=qkv_split seq_len=1 start_pos=64 elapsed_ms=0.000
kiln_profile_gdn_stage layer=21 stage=qk_norm seq_len=1 start_pos=64 elapsed_ms=0.011
kiln_profile_gdn_stage layer=21 stage=gates seq_len=1 start_pos=64 elapsed_ms=0.158
kiln_profile_gdn_stage layer=21 stage=recurrent seq_len=1 start_pos=64 elapsed_ms=0.487
kiln_profile_gdn_stage layer=21 stage=post_transpose seq_len=1 start_pos=64 elapsed_ms=0.000
kiln_profile_gdn_stage layer=21 stage=gated_norm seq_len=1 start_pos=64 elapsed_ms=0.229
kiln_profile_gdn_stage layer=21 stage=out_proj seq_len=1 start_pos=64 elapsed_ms=0.318
kiln_profile_mlp_stage layer=21 stage=fused seq_len=1 start_pos=64 elapsed_ms=0.907
kiln_profile_paged_layer layer=21 kind=linear seq_len=1 start_pos=64 elapsed_ms=3.040
kiln_profile_gdn_stage layer=22 stage=in_proj seq_len=1 start_pos=64 elapsed_ms=0.692
kiln_profile_gdn_stage layer=22 stage=conv seq_len=1 start_pos=64 elapsed_ms=0.077
kiln_profile_gdn_stage layer=22 stage=qkv_split seq_len=1 start_pos=64 elapsed_ms=0.000
kiln_profile_gdn_stage layer=22 stage=qk_norm seq_len=1 start_pos=64 elapsed_ms=0.010
kiln_profile_gdn_stage layer=22 stage=gates seq_len=1 start_pos=64 elapsed_ms=0.168
kiln_profile_gdn_stage layer=22 stage=recurrent seq_len=1 start_pos=64 elapsed_ms=0.488
kiln_profile_gdn_stage layer=22 stage=post_transpose seq_len=1 start_pos=64 elapsed_ms=0.000
kiln_profile_gdn_stage layer=22 stage=gated_norm seq_len=1 start_pos=64 elapsed_ms=0.229
kiln_profile_gdn_stage layer=22 stage=out_proj seq_len=1 start_pos=64 elapsed_ms=0.322
kiln_profile_mlp_stage layer=22 stage=fused seq_len=1 start_pos=64 elapsed_ms=0.959
kiln_profile_paged_layer layer=22 kind=linear seq_len=1 start_pos=64 elapsed_ms=2.984
kiln_profile_full_attn_stage full_attn_layer=5 stage=qkv_proj seq_len=1 start_pos=64 elapsed_ms=0.562
kiln_profile_full_attn_stage full_attn_layer=5 stage=qkv_split seq_len=1 start_pos=64 elapsed_ms=0.002
kiln_profile_full_attn_stage full_attn_layer=5 stage=qk_norm seq_len=1 start_pos=64 elapsed_ms=0.014
kiln_profile_full_attn_stage full_attn_layer=5 stage=rope seq_len=1 start_pos=64 elapsed_ms=0.020
kiln_profile_full_attn_stage full_attn_layer=5 stage=q_transpose seq_len=1 start_pos=64 elapsed_ms=0.003
kiln_profile_full_attn_stage full_attn_layer=5 stage=kv_write seq_len=1 start_pos=64 elapsed_ms=0.006
kiln_profile_full_attn_stage full_attn_layer=5 stage=kv_read seq_len=1 start_pos=64 elapsed_ms=0.041
kiln_profile_full_attn_stage full_attn_layer=5 stage=decode_group_layout seq_len=1 start_pos=64 elapsed_ms=0.001
kiln_profile_full_attn_stage full_attn_layer=5 stage=decode_scores seq_len=1 start_pos=64 elapsed_ms=0.106
kiln_profile_full_attn_stage full_attn_layer=5 stage=decode_softmax seq_len=1 start_pos=64 elapsed_ms=0.004
kiln_profile_full_attn_stage full_attn_layer=5 stage=decode_weighted_sum seq_len=1 start_pos=64 elapsed_ms=0.027
kiln_profile_full_attn_stage full_attn_layer=5 stage=attn_gate seq_len=1 start_pos=64 elapsed_ms=0.007
kiln_profile_full_attn_stage full_attn_layer=5 stage=o_proj seq_len=1 start_pos=64 elapsed_ms=0.327
kiln_profile_mlp_stage layer=23 stage=fused seq_len=1 start_pos=64 elapsed_ms=0.940
kiln_profile_paged_layer layer=23 kind=full seq_len=1 start_pos=64 elapsed_ms=2.114
kiln_profile_gdn_stage layer=24 stage=in_proj seq_len=1 start_pos=64 elapsed_ms=0.701
kiln_profile_gdn_stage layer=24 stage=conv seq_len=1 start_pos=64 elapsed_ms=0.075
kiln_profile_gdn_stage layer=24 stage=qkv_split seq_len=1 start_pos=64 elapsed_ms=0.000
kiln_profile_gdn_stage layer=24 stage=qk_norm seq_len=1 start_pos=64 elapsed_ms=0.011
kiln_profile_gdn_stage layer=24 stage=gates seq_len=1 start_pos=64 elapsed_ms=0.170
kiln_profile_gdn_stage layer=24 stage=recurrent seq_len=1 start_pos=64 elapsed_ms=0.500
kiln_profile_gdn_stage layer=24 stage=post_transpose seq_len=1 start_pos=64 elapsed_ms=0.000
kiln_profile_gdn_stage layer=24 stage=gated_norm seq_len=1 start_pos=64 elapsed_ms=0.239
kiln_profile_gdn_stage layer=24 stage=out_proj seq_len=1 start_pos=64 elapsed_ms=0.299
kiln_profile_mlp_stage layer=24 stage=fused seq_len=1 start_pos=64 elapsed_ms=0.932
kiln_profile_paged_layer layer=24 kind=linear seq_len=1 start_pos=64 elapsed_ms=2.969
kiln_profile_gdn_stage layer=25 stage=in_proj seq_len=1 start_pos=64 elapsed_ms=0.718
kiln_profile_gdn_stage layer=25 stage=conv seq_len=1 start_pos=64 elapsed_ms=0.075
kiln_profile_gdn_stage layer=25 stage=qkv_split seq_len=1 start_pos=64 elapsed_ms=0.000
kiln_profile_gdn_stage layer=25 stage=qk_norm seq_len=1 start_pos=64 elapsed_ms=0.011
kiln_profile_gdn_stage layer=25 stage=gates seq_len=1 start_pos=64 elapsed_ms=0.265
kiln_profile_gdn_stage layer=25 stage=recurrent seq_len=1 start_pos=64 elapsed_ms=0.576
kiln_profile_gdn_stage layer=25 stage=post_transpose seq_len=1 start_pos=64 elapsed_ms=0.000
kiln_profile_gdn_stage layer=25 stage=gated_norm seq_len=1 start_pos=64 elapsed_ms=0.261
kiln_profile_gdn_stage layer=25 stage=out_proj seq_len=1 start_pos=64 elapsed_ms=0.321
kiln_profile_mlp_stage layer=25 stage=fused seq_len=1 start_pos=64 elapsed_ms=0.964
kiln_profile_paged_layer layer=25 kind=linear seq_len=1 start_pos=64 elapsed_ms=3.235
kiln_profile_gdn_stage layer=26 stage=in_proj seq_len=1 start_pos=64 elapsed_ms=0.780
kiln_profile_gdn_stage layer=26 stage=conv seq_len=1 start_pos=64 elapsed_ms=0.075
kiln_profile_gdn_stage layer=26 stage=qkv_split seq_len=1 start_pos=64 elapsed_ms=0.000
kiln_profile_gdn_stage layer=26 stage=qk_norm seq_len=1 start_pos=64 elapsed_ms=0.011
kiln_profile_gdn_stage layer=26 stage=gates seq_len=1 start_pos=64 elapsed_ms=0.241
kiln_profile_gdn_stage layer=26 stage=recurrent seq_len=1 start_pos=64 elapsed_ms=0.495
kiln_profile_gdn_stage layer=26 stage=post_transpose seq_len=1 start_pos=64 elapsed_ms=0.000
kiln_profile_gdn_stage layer=26 stage=gated_norm seq_len=1 start_pos=64 elapsed_ms=0.233
kiln_profile_gdn_stage layer=26 stage=out_proj seq_len=1 start_pos=64 elapsed_ms=0.303
kiln_profile_mlp_stage layer=26 stage=fused seq_len=1 start_pos=64 elapsed_ms=0.948
kiln_profile_paged_layer layer=26 kind=linear seq_len=1 start_pos=64 elapsed_ms=3.131
kiln_profile_full_attn_stage full_attn_layer=6 stage=qkv_proj seq_len=1 start_pos=64 elapsed_ms=0.600
kiln_profile_full_attn_stage full_attn_layer=6 stage=qkv_split seq_len=1 start_pos=64 elapsed_ms=0.002
kiln_profile_full_attn_stage full_attn_layer=6 stage=qk_norm seq_len=1 start_pos=64 elapsed_ms=0.014
kiln_profile_full_attn_stage full_attn_layer=6 stage=rope seq_len=1 start_pos=64 elapsed_ms=0.022
kiln_profile_full_attn_stage full_attn_layer=6 stage=q_transpose seq_len=1 start_pos=64 elapsed_ms=0.003
kiln_profile_full_attn_stage full_attn_layer=6 stage=kv_write seq_len=1 start_pos=64 elapsed_ms=0.006
kiln_profile_full_attn_stage full_attn_layer=6 stage=kv_read seq_len=1 start_pos=64 elapsed_ms=0.041
kiln_profile_full_attn_stage full_attn_layer=6 stage=decode_group_layout seq_len=1 start_pos=64 elapsed_ms=0.001
kiln_profile_full_attn_stage full_attn_layer=6 stage=decode_scores seq_len=1 start_pos=64 elapsed_ms=0.115
kiln_profile_full_attn_stage full_attn_layer=6 stage=decode_softmax seq_len=1 start_pos=64 elapsed_ms=0.006
kiln_profile_full_attn_stage full_attn_layer=6 stage=decode_weighted_sum seq_len=1 start_pos=64 elapsed_ms=0.028
kiln_profile_full_attn_stage full_attn_layer=6 stage=attn_gate seq_len=1 start_pos=64 elapsed_ms=0.010
kiln_profile_full_attn_stage full_attn_layer=6 stage=o_proj seq_len=1 start_pos=64 elapsed_ms=0.280
kiln_profile_mlp_stage layer=27 stage=fused seq_len=1 start_pos=64 elapsed_ms=0.915
kiln_profile_paged_layer layer=27 kind=full seq_len=1 start_pos=64 elapsed_ms=2.106
kiln_profile_gdn_stage layer=28 stage=in_proj seq_len=1 start_pos=64 elapsed_ms=0.692
kiln_profile_gdn_stage layer=28 stage=conv seq_len=1 start_pos=64 elapsed_ms=0.078
kiln_profile_gdn_stage layer=28 stage=qkv_split seq_len=1 start_pos=64 elapsed_ms=0.000
kiln_profile_gdn_stage layer=28 stage=qk_norm seq_len=1 start_pos=64 elapsed_ms=0.012
kiln_profile_gdn_stage layer=28 stage=gates seq_len=1 start_pos=64 elapsed_ms=0.159
kiln_profile_gdn_stage layer=28 stage=recurrent seq_len=1 start_pos=64 elapsed_ms=0.500
kiln_profile_gdn_stage layer=28 stage=post_transpose seq_len=1 start_pos=64 elapsed_ms=0.000
kiln_profile_gdn_stage layer=28 stage=gated_norm seq_len=1 start_pos=64 elapsed_ms=0.341
kiln_profile_gdn_stage layer=28 stage=out_proj seq_len=1 start_pos=64 elapsed_ms=0.303
kiln_profile_mlp_stage layer=28 stage=fused seq_len=1 start_pos=64 elapsed_ms=0.918
kiln_profile_paged_layer layer=28 kind=linear seq_len=1 start_pos=64 elapsed_ms=3.044
kiln_profile_gdn_stage layer=29 stage=in_proj seq_len=1 start_pos=64 elapsed_ms=0.701
kiln_profile_gdn_stage layer=29 stage=conv seq_len=1 start_pos=64 elapsed_ms=0.079
kiln_profile_gdn_stage layer=29 stage=qkv_split seq_len=1 start_pos=64 elapsed_ms=0.000
kiln_profile_gdn_stage layer=29 stage=qk_norm seq_len=1 start_pos=64 elapsed_ms=0.011
kiln_profile_gdn_stage layer=29 stage=gates seq_len=1 start_pos=64 elapsed_ms=0.155
kiln_profile_gdn_stage layer=29 stage=recurrent seq_len=1 start_pos=64 elapsed_ms=0.498
kiln_profile_gdn_stage layer=29 stage=post_transpose seq_len=1 start_pos=64 elapsed_ms=0.000
kiln_profile_gdn_stage layer=29 stage=gated_norm seq_len=1 start_pos=64 elapsed_ms=0.234
kiln_profile_gdn_stage layer=29 stage=out_proj seq_len=1 start_pos=64 elapsed_ms=0.322
kiln_profile_mlp_stage layer=29 stage=fused seq_len=1 start_pos=64 elapsed_ms=0.911
kiln_profile_paged_layer layer=29 kind=linear seq_len=1 start_pos=64 elapsed_ms=2.952
kiln_profile_gdn_stage layer=30 stage=in_proj seq_len=1 start_pos=64 elapsed_ms=0.691
kiln_profile_gdn_stage layer=30 stage=conv seq_len=1 start_pos=64 elapsed_ms=0.076
kiln_profile_gdn_stage layer=30 stage=qkv_split seq_len=1 start_pos=64 elapsed_ms=0.000
kiln_profile_gdn_stage layer=30 stage=qk_norm seq_len=1 start_pos=64 elapsed_ms=0.011
kiln_profile_gdn_stage layer=30 stage=gates seq_len=1 start_pos=64 elapsed_ms=0.151
kiln_profile_gdn_stage layer=30 stage=recurrent seq_len=1 start_pos=64 elapsed_ms=0.491
kiln_profile_gdn_stage layer=30 stage=post_transpose seq_len=1 start_pos=64 elapsed_ms=0.000
kiln_profile_gdn_stage layer=30 stage=gated_norm seq_len=1 start_pos=64 elapsed_ms=0.188
kiln_profile_gdn_stage layer=30 stage=out_proj seq_len=1 start_pos=64 elapsed_ms=0.277
kiln_profile_mlp_stage layer=30 stage=fused seq_len=1 start_pos=64 elapsed_ms=0.916
kiln_profile_paged_layer layer=30 kind=linear seq_len=1 start_pos=64 elapsed_ms=2.843
kiln_profile_full_attn_stage full_attn_layer=7 stage=qkv_proj seq_len=1 start_pos=64 elapsed_ms=0.575
kiln_profile_full_attn_stage full_attn_layer=7 stage=qkv_split seq_len=1 start_pos=64 elapsed_ms=0.002
kiln_profile_full_attn_stage full_attn_layer=7 stage=qk_norm seq_len=1 start_pos=64 elapsed_ms=0.014
kiln_profile_full_attn_stage full_attn_layer=7 stage=rope seq_len=1 start_pos=64 elapsed_ms=0.020
kiln_profile_full_attn_stage full_attn_layer=7 stage=q_transpose seq_len=1 start_pos=64 elapsed_ms=0.003
kiln_profile_full_attn_stage full_attn_layer=7 stage=kv_write seq_len=1 start_pos=64 elapsed_ms=0.006
kiln_profile_full_attn_stage full_attn_layer=7 stage=kv_read seq_len=1 start_pos=64 elapsed_ms=0.041
kiln_profile_full_attn_stage full_attn_layer=7 stage=decode_group_layout seq_len=1 start_pos=64 elapsed_ms=0.001
kiln_profile_full_attn_stage full_attn_layer=7 stage=decode_scores seq_len=1 start_pos=64 elapsed_ms=0.111
kiln_profile_full_attn_stage full_attn_layer=7 stage=decode_softmax seq_len=1 start_pos=64 elapsed_ms=0.005
kiln_profile_full_attn_stage full_attn_layer=7 stage=decode_weighted_sum seq_len=1 start_pos=64 elapsed_ms=0.027
kiln_profile_full_attn_stage full_attn_layer=7 stage=attn_gate seq_len=1 start_pos=64 elapsed_ms=0.007
kiln_profile_full_attn_stage full_attn_layer=7 stage=o_proj seq_len=1 start_pos=64 elapsed_ms=0.296
kiln_profile_mlp_stage layer=31 stage=fused seq_len=1 start_pos=64 elapsed_ms=0.919
kiln_profile_paged_layer layer=31 kind=full seq_len=1 start_pos=64 elapsed_ms=2.082
{"timestamp":"2026-05-09T12:33:32.994733Z","level":"INFO","fields":{"message":"background inference prewarm complete","elapsed_ms":15199},"target":"kiln"}
{"timestamp":"2026-05-09T12:33:33.301947Z","level":"INFO","fields":{"message":"response","status":200,"duration_ms":0.14038599999999998},"target":"kiln_server::api","span":{"duration_ms":0.14038599999999998,"method":"GET","path":"/health","status":200,"name":"http_request"},"spans":[{"duration_ms":0.14038599999999998,"method":"GET","path":"/health","status":200,"name":"http_request"}]}
{"timestamp":"2026-05-09T12:33:33.306774Z","level":"INFO","fields":{"message":"response","status":200,"duration_ms":0.262363},"target":"kiln_server::api","span":{"duration_ms":0.262363,"method":"GET","path":"/metrics","status":200,"name":"http_request"},"spans":[{"duration_ms":0.262363,"method":"GET","path":"/metrics","status":200,"name":"http_request"}]}
{"timestamp":"2026-05-09T12:33:33.326101Z","level":"INFO","fields":{"message":"response","status":200,"duration_ms":7.470924999999999},"target":"kiln_server::api","span":{"duration_ms":7.470924999999999,"method":"POST","path":"/v1/chat/completions","status":200,"name":"http_request"},"spans":[{"duration_ms":7.470924999999999,"method":"POST","path":"/v1/chat/completions","status":200,"name":"http_request"}]}
{"timestamp":"2026-05-09T12:33:33.326102Z","level":"INFO","fields":{"message":"response","status":200,"duration_ms":7.493215},"target":"kiln_server::api","span":{"duration_ms":7.493215,"method":"POST","path":"/v1/chat/completions","status":200,"name":"http_request"},"spans":[{"duration_ms":7.493215,"method":"POST","path":"/v1/chat/completions","status":200,"name":"http_request"}]}
{"timestamp":"2026-05-09T12:33:33.326106Z","level":"INFO","fields":{"message":"response","status":200,"duration_ms":7.247232},"target":"kiln_server::api","span":{"duration_ms":7.247232,"method":"POST","path":"/v1/chat/completions","status":200,"name":"http_request"},"spans":[{"duration_ms":7.247232,"method":"POST","path":"/v1/chat/completions","status":200,"name":"http_request"}]}
{"timestamp":"2026-05-09T12:33:33.327015Z","level":"INFO","fields":{"message":"response","status":200,"duration_ms":0.73025},"target":"kiln_server::api","span":{"duration_ms":0.73025,"method":"POST","path":"/v1/chat/completions","status":200,"name":"http_request"},"spans":[{"duration_ms":0.73025,"method":"POST","path":"/v1/chat/completions","status":200,"name":"http_request"}]}
{"timestamp":"2026-05-09T12:33:33.327078Z","level":"INFO","fields":{"message":"response","status":200,"duration_ms":0.770199},"target":"kiln_server::api","span":{"duration_ms":0.770199,"method":"POST","path":"/v1/chat/completions","status":200,"name":"http_request"},"spans":[{"duration_ms":0.770199,"method":"POST","path":"/v1/chat/completions","status":200,"name":"http_request"}]}
{"timestamp":"2026-05-09T12:33:33.327086Z","level":"INFO","fields":{"message":"response","status":200,"duration_ms":0.5745140000000001},"target":"kiln_server::api","span":{"duration_ms":0.5745140000000001,"method":"POST","path":"/v1/chat/completions","status":200,"name":"http_request"},"spans":[{"duration_ms":0.5745140000000001,"method":"POST","path":"/v1/chat/completions","status":200,"name":"http_request"}]}
{"timestamp":"2026-05-09T12:33:33.327285Z","level":"INFO","fields":{"message":"response","status":200,"duration_ms":0.8002079999999999},"target":"kiln_server::api","span":{"duration_ms":0.8002079999999999,"method":"POST","path":"/v1/chat/completions","status":200,"name":"http_request"},"spans":[{"duration_ms":0.8002079999999999,"method":"POST","path":"/v1/chat/completions","status":200,"name":"http_request"}]}
{"timestamp":"2026-05-09T12:33:33.327319Z","level":"INFO","fields":{"message":"response","status":200,"duration_ms":0.9128050000000001},"target":"kiln_server::api","span":{"duration_ms":0.912805,"method":"POST","path":"/v1/chat/completions","status":200,"name":"http_request"},"spans":[{"duration_ms":0.912805,"method":"POST","path":"/v1/chat/completions","status":200,"name":"http_request"}]}
kiln_profile_gdn_stage layer=0 stage=in_proj seq_len=23 start_pos=0 elapsed_ms=8.983
kiln_profile_gdn_stage layer=0 stage=conv seq_len=23 start_pos=0 elapsed_ms=2.748
kiln_profile_gdn_stage layer=0 stage=qkv_split seq_len=23 start_pos=0 elapsed_ms=0.104
kiln_profile_gdn_stage layer=0 stage=qk_norm seq_len=23 start_pos=0 elapsed_ms=0.185
kiln_profile_gdn_stage layer=0 stage=in_proj seq_len=23 start_pos=0 elapsed_ms=16.865
kiln_profile_gdn_stage layer=0 stage=conv seq_len=23 start_pos=0 elapsed_ms=2.717
kiln_profile_gdn_stage layer=0 stage=qkv_split seq_len=23 start_pos=0 elapsed_ms=0.104
kiln_profile_gdn_stage layer=0 stage=qk_norm seq_len=23 start_pos=0 elapsed_ms=0.187
kiln_profile_gdn_stage layer=0 stage=in_proj seq_len=23 start_pos=0 elapsed_ms=21.521
kiln_profile_gdn_stage layer=0 stage=conv seq_len=23 start_pos=0 elapsed_ms=2.494
kiln_profile_gdn_stage layer=0 stage=qkv_split seq_len=23 start_pos=0 elapsed_ms=0.104
kiln_profile_gdn_stage layer=0 stage=qk_norm seq_len=23 start_pos=0 elapsed_ms=0.185
kiln_profile_gdn_stage layer=0 stage=in_proj seq_len=23 start_pos=0 elapsed_ms=26.628
kiln_profile_gdn_stage layer=0 stage=gates seq_len=23 start_pos=0 elapsed_ms=2.532
kiln_profile_gdn_stage layer=0 stage=conv seq_len=23 start_pos=0 elapsed_ms=2.613
kiln_profile_gdn_stage layer=0 stage=qkv_split seq_len=23 start_pos=0 elapsed_ms=0.105
kiln_profile_gdn_stage layer=0 stage=qk_norm seq_len=23 start_pos=0 elapsed_ms=0.203
kiln_profile_gdn_stage layer=0 stage=recurrent seq_len=23 start_pos=0 elapsed_ms=3.720
kiln_profile_gdn_stage layer=0 stage=post_transpose seq_len=23 start_pos=0 elapsed_ms=0.000
kiln_profile_gdn_stage layer=0 stage=in_proj seq_len=23 start_pos=0 elapsed_ms=34.769
kiln_profile_gdn_stage layer=0 stage=conv seq_len=23 start_pos=0 elapsed_ms=3.305
kiln_profile_gdn_stage layer=0 stage=qkv_split seq_len=23 start_pos=0 elapsed_ms=0.131
kiln_profile_gdn_stage layer=0 stage=qk_norm seq_len=23 start_pos=0 elapsed_ms=0.238
kiln_profile_gdn_stage layer=0 stage=in_proj seq_len=23 start_pos=0 elapsed_ms=42.677
kiln_profile_gdn_stage layer=0 stage=conv seq_len=23 start_pos=0 elapsed_ms=1.967
kiln_profile_gdn_stage layer=0 stage=qkv_split seq_len=23 start_pos=0 elapsed_ms=0.113
kiln_profile_gdn_stage layer=0 stage=qk_norm seq_len=23 start_pos=0 elapsed_ms=0.191
kiln_profile_gdn_stage layer=0 stage=in_proj seq_len=23 start_pos=0 elapsed_ms=51.527
kiln_profile_gdn_stage layer=0 stage=conv seq_len=23 start_pos=0 elapsed_ms=3.236
kiln_profile_gdn_stage layer=0 stage=qkv_split seq_len=23 start_pos=0 elapsed_ms=0.130
kiln_profile_gdn_stage layer=0 stage=qk_norm seq_len=23 start_pos=0 elapsed_ms=0.237
kiln_profile_gdn_stage layer=0 stage=in_proj seq_len=23 start_pos=0 elapsed_ms=59.673
kiln_profile_gdn_stage layer=0 stage=gates seq_len=23 start_pos=0 elapsed_ms=49.309
kiln_profile_gdn_stage layer=0 stage=gates seq_len=23 start_pos=0 elapsed_ms=41.523
kiln_profile_gdn_stage layer=0 stage=gates seq_len=23 start_pos=0 elapsed_ms=31.622
kiln_profile_gdn_stage layer=0 stage=gated_norm seq_len=23 start_pos=0 elapsed_ms=32.300
kiln_profile_gdn_stage layer=0 stage=conv seq_len=23 start_pos=0 elapsed_ms=3.520
kiln_profile_gdn_stage layer=0 stage=qkv_split seq_len=23 start_pos=0 elapsed_ms=0.163
kiln_profile_gdn_stage layer=0 stage=qk_norm seq_len=23 start_pos=0 elapsed_ms=0.230
kiln_profile_gdn_stage layer=0 stage=gates seq_len=23 start_pos=0 elapsed_ms=25.259
kiln_profile_gdn_stage layer=0 stage=gates seq_len=23 start_pos=0 elapsed_ms=18.782
kiln_profile_gdn_stage layer=0 stage=gates seq_len=23 start_pos=0 elapsed_ms=9.307
kiln_profile_gdn_stage layer=0 stage=recurrent seq_len=23 start_pos=0 elapsed_ms=4.547
kiln_profile_gdn_stage layer=0 stage=post_transpose seq_len=23 start_pos=0 elapsed_ms=0.000
kiln_profile_gdn_stage layer=0 stage=recurrent seq_len=23 start_pos=0 elapsed_ms=4.197
kiln_profile_gdn_stage layer=0 stage=post_transpose seq_len=23 start_pos=0 elapsed_ms=0.000
kiln_profile_gdn_stage layer=0 stage=recurrent seq_len=23 start_pos=0 elapsed_ms=4.482
kiln_profile_gdn_stage layer=0 stage=post_transpose seq_len=23 start_pos=0 elapsed_ms=0.000
kiln_profile_gdn_stage layer=0 stage=recurrent seq_len=23 start_pos=0 elapsed_ms=2.545
kiln_profile_gdn_stage layer=0 stage=post_transpose seq_len=23 start_pos=0 elapsed_ms=0.000
kiln_profile_gdn_stage layer=0 stage=out_proj seq_len=23 start_pos=0 elapsed_ms=4.013
kiln_profile_gdn_stage layer=0 stage=gates seq_len=23 start_pos=0 elapsed_ms=4.017
kiln_profile_gdn_stage layer=0 stage=gated_norm seq_len=23 start_pos=0 elapsed_ms=3.191
kiln_profile_gdn_stage layer=0 stage=recurrent seq_len=23 start_pos=0 elapsed_ms=4.627
kiln_profile_gdn_stage layer=0 stage=post_transpose seq_len=23 start_pos=0 elapsed_ms=0.000
kiln_profile_gdn_stage layer=0 stage=recurrent seq_len=23 start_pos=0 elapsed_ms=4.749
kiln_profile_gdn_stage layer=0 stage=post_transpose seq_len=23 start_pos=0 elapsed_ms=0.000
kiln_profile_gdn_stage layer=0 stage=gated_norm seq_len=23 start_pos=0 elapsed_ms=4.978
kiln_profile_gdn_stage layer=0 stage=gated_norm seq_len=23 start_pos=0 elapsed_ms=6.708
kiln_profile_gdn_stage layer=0 stage=recurrent seq_len=23 start_pos=0 elapsed_ms=4.434
kiln_profile_gdn_stage layer=0 stage=post_transpose seq_len=23 start_pos=0 elapsed_ms=0.000
kiln_profile_gdn_stage layer=0 stage=gated_norm seq_len=23 start_pos=0 elapsed_ms=7.460
kiln_profile_gdn_stage layer=0 stage=out_proj seq_len=23 start_pos=0 elapsed_ms=11.685
kiln_profile_gdn_stage layer=0 stage=out_proj seq_len=23 start_pos=0 elapsed_ms=11.487
kiln_profile_gdn_stage layer=0 stage=out_proj seq_len=23 start_pos=0 elapsed_ms=11.270
kiln_profile_gdn_stage layer=0 stage=gated_norm seq_len=23 start_pos=0 elapsed_ms=15.551
kiln_profile_gdn_stage layer=0 stage=gated_norm seq_len=23 start_pos=0 elapsed_ms=17.185
kiln_profile_gdn_stage layer=0 stage=out_proj seq_len=23 start_pos=0 elapsed_ms=13.299
kiln_profile_mlp_stage layer=0 stage=fused seq_len=23 start_pos=0 elapsed_ms=22.969
kiln_profile_paged_layer layer=0 kind=linear seq_len=23 start_pos=0 elapsed_ms=90.342
kiln_profile_gdn_stage layer=0 stage=gated_norm seq_len=23 start_pos=0 elapsed_ms=18.527
kiln_profile_mlp_stage layer=0 stage=fused seq_len=23 start_pos=0 elapsed_ms=19.479
kiln_profile_paged_layer layer=0 kind=linear seq_len=23 start_pos=0 elapsed_ms=100.770
kiln_profile_gdn_stage layer=0 stage=out_proj seq_len=23 start_pos=0 elapsed_ms=16.318
kiln_profile_gdn_stage layer=0 stage=out_proj seq_len=23 start_pos=0 elapsed_ms=16.705
kiln_profile_mlp_stage layer=0 stage=fused seq_len=23 start_pos=0 elapsed_ms=27.458
kiln_profile_paged_layer layer=0 kind=linear seq_len=23 start_pos=0 elapsed_ms=111.998
kiln_profile_gdn_stage layer=1 stage=in_proj seq_len=23 start_pos=0 elapsed_ms=24.847
kiln_profile_gdn_stage layer=1 stage=conv seq_len=23 start_pos=0 elapsed_ms=2.006
kiln_profile_gdn_stage layer=1 stage=qkv_split seq_len=23 start_pos=0 elapsed_ms=0.260
kiln_profile_gdn_stage layer=1 stage=qk_norm seq_len=23 start_pos=0 elapsed_ms=0.188
kiln_profile_gdn_stage layer=0 stage=out_proj seq_len=23 start_pos=0 elapsed_ms=26.971
kiln_profile_mlp_stage layer=0 stage=fused seq_len=23 start_pos=0 elapsed_ms=43.228
kiln_profile_paged_layer layer=0 kind=linear seq_len=23 start_pos=0 elapsed_ms=125.640
kiln_profile_mlp_stage layer=0 stage=fused seq_len=23 start_pos=0 elapsed_ms=32.145
kiln_profile_paged_layer layer=0 kind=linear seq_len=23 start_pos=0 elapsed_ms=133.997
kiln_profile_mlp_stage layer=0 stage=fused seq_len=23 start_pos=0 elapsed_ms=40.040
kiln_profile_paged_layer layer=0 kind=linear seq_len=23 start_pos=0 elapsed_ms=142.853
kiln_profile_gdn_stage layer=1 stage=gates seq_len=23 start_pos=0 elapsed_ms=25.481
kiln_profile_gdn_stage layer=1 stage=recurrent seq_len=23 start_pos=0 elapsed_ms=3.137
kiln_profile_gdn_stage layer=1 stage=post_transpose seq_len=23 start_pos=0 elapsed_ms=0.000
kiln_profile_gdn_stage layer=1 stage=in_proj seq_len=23 start_pos=0 elapsed_ms=47.073
kiln_profile_gdn_stage layer=1 stage=conv seq_len=23 start_pos=0 elapsed_ms=2.158
kiln_profile_gdn_stage layer=1 stage=qkv_split seq_len=23 start_pos=0 elapsed_ms=0.130
kiln_profile_gdn_stage layer=1 stage=qk_norm seq_len=23 start_pos=0 elapsed_ms=0.187
kiln_profile_gdn_stage layer=1 stage=in_proj seq_len=23 start_pos=0 elapsed_ms=32.279
kiln_profile_gdn_stage layer=1 stage=conv seq_len=23 start_pos=0 elapsed_ms=2.051
kiln_profile_gdn_stage layer=1 stage=qkv_split seq_len=23 start_pos=0 elapsed_ms=0.192
kiln_profile_gdn_stage layer=1 stage=qk_norm seq_len=23 start_pos=0 elapsed_ms=0.187
kiln_profile_mlp_stage layer=0 stage=fused seq_len=23 start_pos=0 elapsed_ms=78.573
kiln_profile_paged_layer layer=0 kind=linear seq_len=23 start_pos=0 elapsed_ms=165.966
kiln_profile_gdn_stage layer=1 stage=in_proj seq_len=23 start_pos=0 elapsed_ms=62.384
kiln_profile_gdn_stage layer=1 stage=conv seq_len=23 start_pos=0 elapsed_ms=2.028
kiln_profile_gdn_stage layer=1 stage=qkv_split seq_len=23 start_pos=0 elapsed_ms=0.115
kiln_profile_gdn_stage layer=1 stage=qk_norm seq_len=23 start_pos=0 elapsed_ms=0.185
kiln_profile_gdn_stage layer=1 stage=in_proj seq_len=23 start_pos=0 elapsed_ms=38.979
kiln_profile_gdn_stage layer=1 stage=conv seq_len=23 start_pos=0 elapsed_ms=2.013
kiln_profile_gdn_stage layer=1 stage=qkv_split seq_len=23 start_pos=0 elapsed_ms=0.187
kiln_profile_gdn_stage layer=1 stage=qk_norm seq_len=23 start_pos=0 elapsed_ms=0.187
kiln_profile_gdn_stage layer=1 stage=gated_norm seq_len=23 start_pos=0 elapsed_ms=38.247
kiln_profile_mlp_stage layer=0 stage=fused seq_len=23 start_pos=0 elapsed_ms=71.192
kiln_profile_paged_layer layer=0 kind=linear seq_len=23 start_pos=0 elapsed_ms=189.534
kiln_profile_gdn_stage layer=1 stage=gates seq_len=23 start_pos=0 elapsed_ms=40.016
kiln_profile_gdn_stage layer=1 stage=gates seq_len=23 start_pos=0 elapsed_ms=5.459
kiln_profile_gdn_stage layer=1 stage=gates seq_len=23 start_pos=0 elapsed_ms=29.770
kiln_profile_gdn_stage layer=1 stage=recurrent seq_len=23 start_pos=0 elapsed_ms=2.962
kiln_profile_gdn_stage layer=1 stage=post_transpose seq_len=23 start_pos=0 elapsed_ms=0.000
kiln_profile_gdn_stage layer=1 stage=recurrent seq_len=23 start_pos=0 elapsed_ms=2.841
kiln_profile_gdn_stage layer=1 stage=post_transpose seq_len=23 start_pos=0 elapsed_ms=0.000
kiln_profile_gdn_stage layer=1 stage=recurrent seq_len=23 start_pos=0 elapsed_ms=2.990
kiln_profile_gdn_stage layer=1 stage=post_transpose seq_len=23 start_pos=0 elapsed_ms=0.000
kiln_profile_gdn_stage layer=1 stage=in_proj seq_len=23 start_pos=0 elapsed_ms=31.082
kiln_profile_gdn_stage layer=1 stage=gates seq_len=23 start_pos=0 elapsed_ms=22.797
kiln_profile_gdn_stage layer=1 stage=conv seq_len=23 start_pos=0 elapsed_ms=2.095
kiln_profile_gdn_stage layer=1 stage=qkv_split seq_len=23 start_pos=0 elapsed_ms=0.132
kiln_profile_gdn_stage layer=1 stage=qk_norm seq_len=23 start_pos=0 elapsed_ms=0.196
kiln_profile_gdn_stage layer=1 stage=out_proj seq_len=23 start_pos=0 elapsed_ms=15.430
kiln_profile_gdn_stage layer=1 stage=recurrent seq_len=23 start_pos=0 elapsed_ms=3.053
kiln_profile_gdn_stage layer=1 stage=post_transpose seq_len=23 start_pos=0 elapsed_ms=0.000
kiln_profile_gdn_stage layer=1 stage=in_proj seq_len=23 start_pos=0 elapsed_ms=73.609
kiln_profile_gdn_stage layer=1 stage=conv seq_len=23 start_pos=0 elapsed_ms=2.222
kiln_profile_gdn_stage layer=1 stage=qkv_split seq_len=23 start_pos=0 elapsed_ms=0.123
kiln_profile_gdn_stage layer=1 stage=qk_norm seq_len=23 start_pos=0 elapsed_ms=0.192
kiln_profile_gdn_stage layer=1 stage=in_proj seq_len=23 start_pos=0 elapsed_ms=26.408
kiln_profile_gdn_stage layer=1 stage=conv seq_len=23 start_pos=0 elapsed_ms=2.077
kiln_profile_gdn_stage layer=1 stage=qkv_split seq_len=23 start_pos=0 elapsed_ms=0.115
kiln_profile_gdn_stage layer=1 stage=gated_norm seq_len=23 start_pos=0 elapsed_ms=25.784
kiln_profile_gdn_stage layer=1 stage=qk_norm seq_len=23 start_pos=0 elapsed_ms=0.191
kiln_profile_gdn_stage layer=1 stage=gated_norm seq_len=23 start_pos=0 elapsed_ms=26.304
kiln_profile_gdn_stage layer=1 stage=gated_norm seq_len=23 start_pos=0 elapsed_ms=27.973
kiln_profile_gdn_stage layer=1 stage=gates seq_len=23 start_pos=0 elapsed_ms=21.182
kiln_profile_gdn_stage layer=1 stage=recurrent seq_len=23 start_pos=0 elapsed_ms=3.013
kiln_profile_gdn_stage layer=1 stage=post_transpose seq_len=23 start_pos=0 elapsed_ms=0.000
kiln_profile_gdn_stage layer=1 stage=gated_norm seq_len=23 start_pos=0 elapsed_ms=26.086
kiln_profile_gdn_stage layer=1 stage=gates seq_len=23 start_pos=0 elapsed_ms=17.966
kiln_profile_gdn_stage layer=1 stage=out_proj seq_len=23 start_pos=0 elapsed_ms=11.563
kiln_profile_gdn_stage layer=1 stage=out_proj seq_len=23 start_pos=0 elapsed_ms=12.532
kiln_profile_gdn_stage layer=1 stage=recurrent seq_len=23 start_pos=0 elapsed_ms=3.743
kiln_profile_gdn_stage layer=1 stage=post_transpose seq_len=23 start_pos=0 elapsed_ms=0.000
kiln_profile_gdn_stage layer=1 stage=out_proj seq_len=23 start_pos=0 elapsed_ms=12.857
kiln_profile_gdn_stage layer=1 stage=gates seq_len=23 start_pos=0 elapsed_ms=15.513
kiln_profile_mlp_stage layer=1 stage=fused seq_len=23 start_pos=0 elapsed_ms=36.751
kiln_profile_paged_layer layer=1 kind=linear seq_len=23 start_pos=0 elapsed_ms=146.716
kiln_profile_gdn_stage layer=1 stage=recurrent seq_len=23 start_pos=0 elapsed_ms=3.126
kiln_profile_gdn_stage layer=1 stage=post_transpose seq_len=23 start_pos=0 elapsed_ms=0.000
kiln_profile_gdn_stage layer=1 stage=gated_norm seq_len=23 start_pos=0 elapsed_ms=14.483
kiln_profile_gdn_stage layer=1 stage=out_proj seq_len=23 start_pos=0 elapsed_ms=12.537
kiln_profile_mlp_stage layer=1 stage=fused seq_len=23 start_pos=0 elapsed_ms=18.960
kiln_profile_paged_layer layer=1 kind=linear seq_len=23 start_pos=0 elapsed_ms=149.185
kiln_profile_mlp_stage layer=1 stage=fused seq_len=23 start_pos=0 elapsed_ms=29.127
kiln_profile_paged_layer layer=1 kind=linear seq_len=23 start_pos=0 elapsed_ms=120.131
kiln_profile_gdn_stage layer=1 stage=out_proj seq_len=23 start_pos=0 elapsed_ms=26.085
kiln_profile_gdn_stage layer=1 stage=gated_norm seq_len=23 start_pos=0 elapsed_ms=28.246
kiln_profile_gdn_stage layer=1 stage=gated_norm seq_len=23 start_pos=0 elapsed_ms=35.054
kiln_profile_mlp_stage layer=1 stage=fused seq_len=23 start_pos=0 elapsed_ms=34.320
kiln_profile_paged_layer layer=1 kind=linear seq_len=23 start_pos=0 elapsed_ms=163.823
kiln_profile_mlp_stage layer=1 stage=fused seq_len=23 start_pos=0 elapsed_ms=45.833
kiln_profile_paged_layer layer=1 kind=linear seq_len=23 start_pos=0 elapsed_ms=152.602
kiln_profile_gdn_stage layer=2 stage=in_proj seq_len=23 start_pos=0 elapsed_ms=44.755
kiln_profile_gdn_stage layer=2 stage=conv seq_len=23 start_pos=0 elapsed_ms=2.313
kiln_profile_gdn_stage layer=2 stage=qkv_split seq_len=23 start_pos=0 elapsed_ms=0.111
kiln_profile_gdn_stage layer=2 stage=qk_norm seq_len=23 start_pos=0 elapsed_ms=0.186
kiln_profile_gdn_stage layer=2 stage=in_proj seq_len=23 start_pos=0 elapsed_ms=22.872
kiln_profile_gdn_stage layer=1 stage=out_proj seq_len=23 start_pos=0 elapsed_ms=22.082
kiln_profile_gdn_stage layer=2 stage=conv seq_len=23 start_pos=0 elapsed_ms=2.266
kiln_profile_gdn_stage layer=2 stage=qkv_split seq_len=23 start_pos=0 elapsed_ms=0.110
kiln_profile_gdn_stage layer=2 stage=qk_norm seq_len=23 start_pos=0 elapsed_ms=0.187
kiln_profile_gdn_stage layer=1 stage=out_proj seq_len=23 start_pos=0 elapsed_ms=21.946
kiln_profile_gdn_stage layer=2 stage=in_proj seq_len=23 start_pos=0 elapsed_ms=46.798
kiln_profile_gdn_stage layer=2 stage=conv seq_len=23 start_pos=0 elapsed_ms=2.063
kiln_profile_gdn_stage layer=2 stage=qkv_split seq_len=23 start_pos=0 elapsed_ms=0.111
kiln_profile_gdn_stage layer=2 stage=qk_norm seq_len=23 start_pos=0 elapsed_ms=0.184
kiln_profile_gdn_stage layer=2 stage=in_proj seq_len=23 start_pos=0 elapsed_ms=29.957
kiln_profile_gdn_stage layer=2 stage=conv seq_len=23 start_pos=0 elapsed_ms=2.193
kiln_profile_gdn_stage layer=2 stage=qkv_split seq_len=23 start_pos=0 elapsed_ms=0.116
kiln_profile_gdn_stage layer=2 stage=qk_norm seq_len=23 start_pos=0 elapsed_ms=0.188
kiln_profile_gdn_stage layer=2 stage=in_proj seq_len=23 start_pos=0 elapsed_ms=31.977
kiln_profile_gdn_stage layer=2 stage=conv seq_len=23 start_pos=0 elapsed_ms=2.101
kiln_profile_gdn_stage layer=2 stage=qkv_split seq_len=23 start_pos=0 elapsed_ms=0.166
kiln_profile_gdn_stage layer=2 stage=qk_norm seq_len=23 start_pos=0 elapsed_ms=0.188
kiln_profile_gdn_stage layer=2 stage=gates seq_len=23 start_pos=0 elapsed_ms=30.661
kiln_profile_gdn_stage layer=2 stage=gates seq_len=23 start_pos=0 elapsed_ms=26.643
kiln_profile_gdn_stage layer=2 stage=recurrent seq_len=23 start_pos=0 elapsed_ms=3.003
kiln_profile_gdn_stage layer=2 stage=post_transpose seq_len=23 start_pos=0 elapsed_ms=0.000
kiln_profile_gdn_stage layer=2 stage=recurrent seq_len=23 start_pos=0 elapsed_ms=3.082
kiln_profile_gdn_stage layer=2 stage=post_transpose seq_len=23 start_pos=0 elapsed_ms=0.000
kiln_profile_mlp_stage layer=1 stage=fused seq_len=23 start_pos=0 elapsed_ms=39.990
kiln_profile_paged_layer layer=1 kind=linear seq_len=23 start_pos=0 elapsed_ms=195.196
kiln_profile_gdn_stage layer=2 stage=gates seq_len=23 start_pos=0 elapsed_ms=21.889
kiln_profile_gdn_stage layer=2 stage=recurrent seq_len=23 start_pos=0 elapsed_ms=2.927
kiln_profile_gdn_stage layer=2 stage=post_transpose seq_len=23 start_pos=0 elapsed_ms=0.000
kiln_profile_mlp_stage layer=1 stage=fused seq_len=23 start_pos=0 elapsed_ms=67.839
kiln_profile_paged_layer layer=1 kind=linear seq_len=23 start_pos=0 elapsed_ms=166.453
kiln_profile_gdn_stage layer=2 stage=gates seq_len=23 start_pos=0 elapsed_ms=20.500
kiln_profile_gdn_stage layer=2 stage=recurrent seq_len=23 start_pos=0 elapsed_ms=2.619
kiln_profile_gdn_stage layer=2 stage=post_transpose seq_len=23 start_pos=0 elapsed_ms=0.000
kiln_profile_mlp_stage layer=1 stage=fused seq_len=23 start_pos=0 elapsed_ms=49.747
kiln_profile_paged_layer layer=1 kind=linear seq_len=23 start_pos=0 elapsed_ms=147.909
kiln_profile_gdn_stage layer=2 stage=gated_norm seq_len=23 start_pos=0 elapsed_ms=20.211
kiln_profile_gdn_stage layer=2 stage=gated_norm seq_len=23 start_pos=0 elapsed_ms=21.775
kiln_profile_gdn_stage layer=2 stage=gates seq_len=23 start_pos=0 elapsed_ms=41.663
kiln_profile_gdn_stage layer=2 stage=recurrent seq_len=23 start_pos=0 elapsed_ms=2.559
kiln_profile_gdn_stage layer=2 stage=post_transpose seq_len=23 start_pos=0 elapsed_ms=0.000
kiln_profile_gdn_stage layer=2 stage=in_proj seq_len=23 start_pos=0 elapsed_ms=14.981
kiln_profile_gdn_stage layer=2 stage=conv seq_len=23 start_pos=0 elapsed_ms=2.203
kiln_profile_gdn_stage layer=2 stage=qkv_split seq_len=23 start_pos=0 elapsed_ms=0.121
kiln_profile_gdn_stage layer=2 stage=qk_norm seq_len=23 start_pos=0 elapsed_ms=0.267
kiln_profile_gdn_stage layer=2 stage=in_proj seq_len=23 start_pos=0 elapsed_ms=15.897
kiln_profile_gdn_stage layer=2 stage=conv seq_len=23 start_pos=0 elapsed_ms=2.142
kiln_profile_gdn_stage layer=2 stage=qkv_split seq_len=23 start_pos=0 elapsed_ms=0.105
kiln_profile_gdn_stage layer=2 stage=qk_norm seq_len=23 start_pos=0 elapsed_ms=0.198
kiln_profile_gdn_stage layer=2 stage=gated_norm seq_len=23 start_pos=0 elapsed_ms=18.850
kiln_profile_gdn_stage layer=2 stage=gated_norm seq_len=23 start_pos=0 elapsed_ms=16.377
kiln_profile_gdn_stage layer=2 stage=in_proj seq_len=23 start_pos=0 elapsed_ms=22.039
kiln_profile_gdn_stage layer=2 stage=conv seq_len=23 start_pos=0 elapsed_ms=2.136
kiln_profile_gdn_stage layer=2 stage=qkv_split seq_len=23 start_pos=0 elapsed_ms=0.124
kiln_profile_gdn_stage layer=2 stage=qk_norm seq_len=23 start_pos=0 elapsed_ms=0.185
kiln_profile_gdn_stage layer=2 stage=out_proj seq_len=23 start_pos=0 elapsed_ms=23.878
kiln_profile_gdn_stage layer=2 stage=out_proj seq_len=23 start_pos=0 elapsed_ms=23.820
kiln_profile_gdn_stage layer=2 stage=gated_norm seq_len=23 start_pos=0 elapsed_ms=22.631
kiln_profile_gdn_stage layer=2 stage=gates seq_len=23 start_pos=0 elapsed_ms=18.904
kiln_profile_gdn_stage layer=2 stage=out_proj seq_len=23 start_pos=0 elapsed_ms=16.274
kiln_profile_gdn_stage layer=2 stage=gates seq_len=23 start_pos=0 elapsed_ms=16.840
kiln_profile_gdn_stage layer=2 stage=recurrent seq_len=23 start_pos=0 elapsed_ms=2.563
kiln_profile_gdn_stage layer=2 stage=post_transpose seq_len=23 start_pos=0 elapsed_ms=0.000
kiln_profile_gdn_stage layer=2 stage=out_proj seq_len=23 start_pos=0 elapsed_ms=17.866
kiln_profile_gdn_stage layer=2 stage=recurrent seq_len=23 start_pos=0 elapsed_ms=2.513
kiln_profile_gdn_stage layer=2 stage=post_transpose seq_len=23 start_pos=0 elapsed_ms=0.000
kiln_profile_gdn_stage layer=2 stage=out_proj seq_len=23 start_pos=0 elapsed_ms=6.325
kiln_profile_gdn_stage layer=2 stage=gates seq_len=23 start_pos=0 elapsed_ms=10.087
kiln_profile_gdn_stage layer=2 stage=recurrent seq_len=23 start_pos=0 elapsed_ms=2.813
kiln_profile_gdn_stage layer=2 stage=post_transpose seq_len=23 start_pos=0 elapsed_ms=0.000
kiln_profile_mlp_stage layer=2 stage=fused seq_len=23 start_pos=0 elapsed_ms=16.274
kiln_profile_paged_layer layer=2 kind=linear seq_len=23 start_pos=0 elapsed_ms=117.368
kiln_profile_gdn_stage layer=2 stage=gated_norm seq_len=23 start_pos=0 elapsed_ms=17.887
kiln_profile_mlp_stage layer=2 stage=fused seq_len=23 start_pos=0 elapsed_ms=24.203
kiln_profile_paged_layer layer=2 kind=linear seq_len=23 start_pos=0 elapsed_ms=116.354
kiln_profile_mlp_stage layer=2 stage=fused seq_len=23 start_pos=0 elapsed_ms=31.128
kiln_profile_paged_layer layer=2 kind=linear seq_len=23 start_pos=0 elapsed_ms=153.994
kiln_profile_gdn_stage layer=2 stage=gated_norm seq_len=23 start_pos=0 elapsed_ms=30.233
kiln_profile_mlp_stage layer=2 stage=fused seq_len=23 start_pos=0 elapsed_ms=47.097
kiln_profile_paged_layer layer=2 kind=linear seq_len=23 start_pos=0 elapsed_ms=139.810
kiln_profile_gdn_stage layer=2 stage=out_proj seq_len=23 start_pos=0 elapsed_ms=30.200
kiln_profile_gdn_stage layer=2 stage=gated_norm seq_len=23 start_pos=0 elapsed_ms=46.563
kiln_profile_gdn_stage layer=2 stage=out_proj seq_len=23 start_pos=0 elapsed_ms=33.645
kiln_profile_gdn_stage layer=2 stage=out_proj seq_len=23 start_pos=0 elapsed_ms=32.061
kiln_profile_mlp_stage layer=2 stage=fused seq_len=23 start_pos=0 elapsed_ms=41.417
kiln_profile_paged_layer layer=2 kind=linear seq_len=23 start_pos=0 elapsed_ms=128.881
kiln_profile_full_attn_stage full_attn_layer=0 stage=qkv_proj seq_len=23 start_pos=0 elapsed_ms=78.928
kiln_profile_full_attn_stage full_attn_layer=0 stage=qkv_split seq_len=23 start_pos=0 elapsed_ms=0.073
kiln_profile_full_attn_stage full_attn_layer=0 stage=qk_norm seq_len=23 start_pos=0 elapsed_ms=0.479
kiln_profile_full_attn_stage full_attn_layer=0 stage=rope seq_len=23 start_pos=0 elapsed_ms=0.298
kiln_profile_full_attn_stage full_attn_layer=0 stage=q_transpose seq_len=23 start_pos=0 elapsed_ms=0.183
kiln_profile_full_attn_stage full_attn_layer=0 stage=kv_write seq_len=23 start_pos=0 elapsed_ms=0.284
kiln_profile_full_attn_stage full_attn_layer=0 stage=kv_read seq_len=23 start_pos=0 elapsed_ms=0.011
kiln_profile_mlp_stage layer=2 stage=fused seq_len=23 start_pos=0 elapsed_ms=28.410
kiln_profile_paged_layer layer=2 kind=linear seq_len=23 start_pos=0 elapsed_ms=130.072
kiln_profile_full_attn_stage full_attn_layer=0 stage=qkv_proj seq_len=23 start_pos=0 elapsed_ms=73.852
kiln_profile_full_attn_stage full_attn_layer=0 stage=qkv_split seq_len=23 start_pos=0 elapsed_ms=0.208
kiln_profile_full_attn_stage full_attn_layer=0 stage=qk_norm seq_len=23 start_pos=0 elapsed_ms=0.279
kiln_profile_full_attn_stage full_attn_layer=0 stage=rope seq_len=23 start_pos=0 elapsed_ms=0.290
kiln_profile_full_attn_stage full_attn_layer=0 stage=q_transpose seq_len=23 start_pos=0 elapsed_ms=0.075
kiln_profile_full_attn_stage full_attn_layer=0 stage=kv_write seq_len=23 start_pos=0 elapsed_ms=0.062
kiln_profile_full_attn_stage full_attn_layer=0 stage=kv_read seq_len=23 start_pos=0 elapsed_ms=0.027
kiln_profile_mlp_stage layer=2 stage=fused seq_len=23 start_pos=0 elapsed_ms=109.273
kiln_profile_paged_layer layer=2 kind=linear seq_len=23 start_pos=0 elapsed_ms=234.726
kiln_profile_mlp_stage layer=2 stage=fused seq_len=23 start_pos=0 elapsed_ms=30.901
kiln_profile_paged_layer layer=2 kind=linear seq_len=23 start_pos=0 elapsed_ms=147.647
kiln_profile_full_attn_stage full_attn_layer=0 stage=qkv_proj seq_len=23 start_pos=0 elapsed_ms=78.134
kiln_profile_full_attn_stage full_attn_layer=0 stage=qkv_split seq_len=23 start_pos=0 elapsed_ms=0.198
kiln_profile_full_attn_stage full_attn_layer=0 stage=qk_norm seq_len=23 start_pos=0 elapsed_ms=0.388
kiln_profile_full_attn_stage full_attn_layer=0 stage=rope seq_len=23 start_pos=0 elapsed_ms=0.289
kiln_profile_full_attn_stage full_attn_layer=0 stage=q_transpose seq_len=23 start_pos=0 elapsed_ms=0.068
kiln_profile_full_attn_stage full_attn_layer=0 stage=kv_write seq_len=23 start_pos=0 elapsed_ms=0.038
kiln_profile_full_attn_stage full_attn_layer=0 stage=kv_read seq_len=23 start_pos=0 elapsed_ms=0.042
kiln_profile_mlp_stage layer=3 stage=fused seq_len=23 start_pos=0 elapsed_ms=33.568
kiln_profile_paged_layer layer=3 kind=full seq_len=23 start_pos=0 elapsed_ms=136.580
kiln_profile_full_attn_stage full_attn_layer=0 stage=qkv_proj seq_len=23 start_pos=0 elapsed_ms=110.863
kiln_profile_full_attn_stage full_attn_layer=0 stage=qkv_split seq_len=23 start_pos=0 elapsed_ms=0.075
kiln_profile_full_attn_stage full_attn_layer=0 stage=qk_norm seq_len=23 start_pos=0 elapsed_ms=0.226
kiln_profile_full_attn_stage full_attn_layer=0 stage=rope seq_len=23 start_pos=0 elapsed_ms=0.281
kiln_profile_full_attn_stage full_attn_layer=0 stage=q_transpose seq_len=23 start_pos=0 elapsed_ms=0.076
kiln_profile_full_attn_stage full_attn_layer=0 stage=kv_write seq_len=23 start_pos=0 elapsed_ms=0.051
kiln_profile_full_attn_stage full_attn_layer=0 stage=kv_read seq_len=23 start_pos=0 elapsed_ms=0.009
kiln_profile_gdn_stage layer=4 stage=in_proj seq_len=23 start_pos=0 elapsed_ms=15.492
kiln_profile_full_attn_stage full_attn_layer=0 stage=qkv_proj seq_len=23 start_pos=0 elapsed_ms=66.221
kiln_profile_full_attn_stage full_attn_layer=0 stage=qkv_split seq_len=23 start_pos=0 elapsed_ms=0.062
kiln_profile_full_attn_stage full_attn_layer=0 stage=qk_norm seq_len=23 start_pos=0 elapsed_ms=0.429
kiln_profile_gdn_stage layer=4 stage=conv seq_len=23 start_pos=0 elapsed_ms=2.031
kiln_profile_full_attn_stage full_attn_layer=0 stage=qkv_proj seq_len=23 start_pos=0 elapsed_ms=62.872
kiln_profile_gdn_stage layer=4 stage=qkv_split seq_len=23 start_pos=0 elapsed_ms=0.131
kiln_profile_full_attn_stage full_attn_layer=0 stage=qkv_split seq_len=23 start_pos=0 elapsed_ms=0.112
kiln_profile_full_attn_stage full_attn_layer=0 stage=rope seq_len=23 start_pos=0 elapsed_ms=0.378
kiln_profile_gdn_stage layer=4 stage=qk_norm seq_len=23 start_pos=0 elapsed_ms=0.221
kiln_profile_full_attn_stage full_attn_layer=0 stage=q_transpose seq_len=23 start_pos=0 elapsed_ms=0.305
kiln_profile_full_attn_stage full_attn_layer=0 stage=qk_norm seq_len=23 start_pos=0 elapsed_ms=0.328
kiln_profile_full_attn_stage full_attn_layer=0 stage=kv_write seq_len=23 start_pos=0 elapsed_ms=0.028
kiln_profile_full_attn_stage full_attn_layer=0 stage=kv_read seq_len=23 start_pos=0 elapsed_ms=0.008
kiln_profile_full_attn_stage full_attn_layer=0 stage=rope seq_len=23 start_pos=0 elapsed_ms=0.348
kiln_profile_full_attn_stage full_attn_layer=0 stage=q_transpose seq_len=23 start_pos=0 elapsed_ms=0.077
kiln_profile_full_attn_stage full_attn_layer=0 stage=kv_write seq_len=23 start_pos=0 elapsed_ms=0.045
kiln_profile_full_attn_stage full_attn_layer=0 stage=kv_read seq_len=23 start_pos=0 elapsed_ms=0.012
kiln_profile_mlp_stage layer=3 stage=fused seq_len=23 start_pos=0 elapsed_ms=43.980
kiln_profile_paged_layer layer=3 kind=full seq_len=23 start_pos=0 elapsed_ms=143.206
kiln_profile_full_attn_stage full_attn_layer=0 stage=qkv_proj seq_len=23 start_pos=0 elapsed_ms=80.042
kiln_profile_full_attn_stage full_attn_layer=0 stage=qkv_split seq_len=23 start_pos=0 elapsed_ms=0.059
kiln_profile_full_attn_stage full_attn_layer=0 stage=qk_norm seq_len=23 start_pos=0 elapsed_ms=0.581
kiln_profile_full_attn_stage full_attn_layer=0 stage=qkv_proj seq_len=23 start_pos=0 elapsed_ms=58.448
kiln_profile_full_attn_stage full_attn_layer=0 stage=qkv_split seq_len=23 start_pos=0 elapsed_ms=0.152
kiln_profile_full_attn_stage full_attn_layer=0 stage=rope seq_len=23 start_pos=0 elapsed_ms=0.483
kiln_profile_full_attn_stage full_attn_layer=0 stage=qk_norm seq_len=23 start_pos=0 elapsed_ms=0.367
kiln_profile_full_attn_stage full_attn_layer=0 stage=q_transpose seq_len=23 start_pos=0 elapsed_ms=0.302
kiln_profile_full_attn_stage full_attn_layer=0 stage=kv_write seq_len=23 start_pos=0 elapsed_ms=0.055
kiln_profile_full_attn_stage full_attn_layer=0 stage=kv_read seq_len=23 start_pos=0 elapsed_ms=0.016
kiln_profile_full_attn_stage full_attn_layer=0 stage=rope seq_len=23 start_pos=0 elapsed_ms=0.526
kiln_profile_full_attn_stage full_attn_layer=0 stage=q_transpose seq_len=23 start_pos=0 elapsed_ms=0.194
kiln_profile_full_attn_stage full_attn_layer=0 stage=kv_write seq_len=23 start_pos=0 elapsed_ms=0.077
kiln_profile_full_attn_stage full_attn_layer=0 stage=kv_read seq_len=23 start_pos=0 elapsed_ms=0.012
kiln_profile_mlp_stage layer=3 stage=fused seq_len=23 start_pos=0 elapsed_ms=37.916
kiln_profile_paged_layer layer=3 kind=full seq_len=23 start_pos=0 elapsed_ms=143.326
kiln_profile_gdn_stage layer=4 stage=gates seq_len=23 start_pos=0 elapsed_ms=14.509
kiln_profile_gdn_stage layer=4 stage=recurrent seq_len=23 start_pos=0 elapsed_ms=2.528
kiln_profile_gdn_stage layer=4 stage=post_transpose seq_len=23 start_pos=0 elapsed_ms=0.001
kiln_profile_gdn_stage layer=4 stage=in_proj seq_len=23 start_pos=0 elapsed_ms=15.526
kiln_profile_gdn_stage layer=4 stage=conv seq_len=23 start_pos=0 elapsed_ms=2.038
kiln_profile_gdn_stage layer=4 stage=qkv_split seq_len=23 start_pos=0 elapsed_ms=0.139
kiln_profile_gdn_stage layer=4 stage=qk_norm seq_len=23 start_pos=0 elapsed_ms=0.190
kiln_profile_gdn_stage layer=4 stage=in_proj seq_len=23 start_pos=0 elapsed_ms=18.677
kiln_profile_gdn_stage layer=4 stage=conv seq_len=23 start_pos=0 elapsed_ms=2.105
kiln_profile_gdn_stage layer=4 stage=qkv_split seq_len=23 start_pos=0 elapsed_ms=0.134
kiln_profile_gdn_stage layer=4 stage=qk_norm seq_len=23 start_pos=0 elapsed_ms=0.206
kiln_profile_mlp_stage layer=3 stage=fused seq_len=23 start_pos=0 elapsed_ms=29.109
kiln_profile_paged_layer layer=3 kind=full seq_len=23 start_pos=0 elapsed_ms=106.830
kiln_profile_mlp_stage layer=3 stage=fused seq_len=23 start_pos=0 elapsed_ms=31.972
kiln_profile_paged_layer layer=3 kind=full seq_len=23 start_pos=0 elapsed_ms=128.573
kiln_profile_mlp_stage layer=3 stage=fused seq_len=23 start_pos=0 elapsed_ms=39.136
kiln_profile_paged_layer layer=3 kind=full seq_len=23 start_pos=0 elapsed_ms=115.144
kiln_profile_mlp_stage layer=3 stage=fused seq_len=23 start_pos=0 elapsed_ms=49.959
kiln_profile_paged_layer layer=3 kind=full seq_len=23 start_pos=0 elapsed_ms=130.817
kiln_profile_gdn_stage layer=4 stage=gates seq_len=23 start_pos=0 elapsed_ms=30.755
kiln_profile_gdn_stage layer=4 stage=gated_norm seq_len=23 start_pos=0 elapsed_ms=48.143
kiln_profile_gdn_stage layer=4 stage=recurrent seq_len=23 start_pos=0 elapsed_ms=2.604
kiln_profile_gdn_stage layer=4 stage=post_transpose seq_len=23 start_pos=0 elapsed_ms=0.000
kiln_profile_gdn_stage layer=4 stage=in_proj seq_len=23 start_pos=0 elapsed_ms=28.885
kiln_profile_gdn_stage layer=4 stage=gates seq_len=23 start_pos=0 elapsed_ms=52.806
kiln_profile_gdn_stage layer=4 stage=conv seq_len=23 start_pos=0 elapsed_ms=1.981
kiln_profile_gdn_stage layer=4 stage=qkv_split seq_len=23 start_pos=0 elapsed_ms=0.123
kiln_profile_gdn_stage layer=4 stage=qk_norm seq_len=23 start_pos=0 elapsed_ms=0.205
kiln_profile_gdn_stage layer=4 stage=recurrent seq_len=23 start_pos=0 elapsed_ms=2.502
kiln_profile_gdn_stage layer=4 stage=post_transpose seq_len=23 start_pos=0 elapsed_ms=0.000
kiln_profile_gdn_stage layer=4 stage=in_proj seq_len=23 start_pos=0 elapsed_ms=25.769
kiln_profile_gdn_stage layer=4 stage=conv seq_len=23 start_pos=0 elapsed_ms=2.044
kiln_profile_gdn_stage layer=4 stage=qkv_split seq_len=23 start_pos=0 elapsed_ms=0.143
kiln_profile_gdn_stage layer=4 stage=qk_norm seq_len=23 start_pos=0 elapsed_ms=0.205
kiln_profile_gdn_stage layer=4 stage=in_proj seq_len=23 start_pos=0 elapsed_ms=26.803
kiln_profile_gdn_stage layer=4 stage=conv seq_len=23 start_pos=0 elapsed_ms=2.164
kiln_profile_gdn_stage layer=4 stage=qkv_split seq_len=23 start_pos=0 elapsed_ms=0.114
kiln_profile_gdn_stage layer=4 stage=qk_norm seq_len=23 start_pos=0 elapsed_ms=0.193
kiln_profile_gdn_stage layer=4 stage=in_proj seq_len=23 start_pos=0 elapsed_ms=31.525
kiln_profile_gdn_stage layer=4 stage=conv seq_len=23 start_pos=0 elapsed_ms=2.009
kiln_profile_gdn_stage layer=4 stage=qkv_split seq_len=23 start_pos=0 elapsed_ms=0.115
kiln_profile_gdn_stage layer=4 stage=qk_norm seq_len=23 start_pos=0 elapsed_ms=0.193
kiln_profile_gdn_stage layer=4 stage=out_proj seq_len=23 start_pos=0 elapsed_ms=32.331
kiln_profile_gdn_stage layer=4 stage=gated_norm seq_len=23 start_pos=0 elapsed_ms=33.809
kiln_profile_gdn_stage layer=4 stage=gates seq_len=23 start_pos=0 elapsed_ms=25.476
kiln_profile_gdn_stage layer=4 stage=gated_norm seq_len=23 start_pos=0 elapsed_ms=26.231
kiln_profile_gdn_stage layer=4 stage=recurrent seq_len=23 start_pos=0 elapsed_ms=2.648
kiln_profile_gdn_stage layer=4 stage=post_transpose seq_len=23 start_pos=0 elapsed_ms=0.000
kiln_profile_mlp_stage layer=3 stage=fused seq_len=23 start_pos=0 elapsed_ms=81.454
kiln_profile_paged_layer layer=3 kind=full seq_len=23 start_pos=0 elapsed_ms=224.902
kiln_profile_gdn_stage layer=4 stage=gates seq_len=23 start_pos=0 elapsed_ms=25.075
kiln_profile_gdn_stage layer=4 stage=gates seq_len=23 start_pos=0 elapsed_ms=15.195
kiln_profile_gdn_stage layer=4 stage=gates seq_len=23 start_pos=0 elapsed_ms=7.945
kiln_profile_gdn_stage layer=4 stage=out_proj seq_len=23 start_pos=0 elapsed_ms=6.509
kiln_profile_gdn_stage layer=4 stage=recurrent seq_len=23 start_pos=0 elapsed_ms=2.961
kiln_profile_gdn_stage layer=4 stage=post_transpose seq_len=23 start_pos=0 elapsed_ms=0.000
kiln_profile_gdn_stage layer=4 stage=recurrent seq_len=23 start_pos=0 elapsed_ms=4.280
kiln_profile_gdn_stage layer=4 stage=post_transpose seq_len=23 start_pos=0 elapsed_ms=0.000
kiln_profile_gdn_stage layer=4 stage=recurrent seq_len=23 start_pos=0 elapsed_ms=4.298
kiln_profile_gdn_stage layer=4 stage=post_transpose seq_len=23 start_pos=0 elapsed_ms=0.000
kiln_profile_gdn_stage layer=4 stage=out_proj seq_len=23 start_pos=0 elapsed_ms=12.873
kiln_profile_gdn_stage layer=4 stage=gated_norm seq_len=23 start_pos=0 elapsed_ms=13.578
kiln_profile_gdn_stage layer=4 stage=in_proj seq_len=23 start_pos=0 elapsed_ms=18.611
kiln_profile_gdn_stage layer=4 stage=conv seq_len=23 start_pos=0 elapsed_ms=2.128
kiln_profile_gdn_stage layer=4 stage=qkv_split seq_len=23 start_pos=0 elapsed_ms=0.114
kiln_profile_gdn_stage layer=4 stage=qk_norm seq_len=23 start_pos=0 elapsed_ms=0.197
kiln_profile_mlp_stage layer=4 stage=fused seq_len=23 start_pos=0 elapsed_ms=30.089
kiln_profile_paged_layer layer=4 kind=linear seq_len=23 start_pos=0 elapsed_ms=145.837
kiln_profile_mlp_stage layer=4 stage=fused seq_len=23 start_pos=0 elapsed_ms=29.017
kiln_profile_paged_layer layer=4 kind=linear seq_len=23 start_pos=0 elapsed_ms=124.180
kiln_profile_gdn_stage layer=4 stage=gated_norm seq_len=23 start_pos=0 elapsed_ms=27.819
kiln_profile_gdn_stage layer=4 stage=gated_norm seq_len=23 start_pos=0 elapsed_ms=29.323
kiln_profile_gdn_stage layer=4 stage=out_proj seq_len=23 start_pos=0 elapsed_ms=24.239
kiln_profile_gdn_stage layer=5 stage=in_proj seq_len=23 start_pos=0 elapsed_ms=24.831
kiln_profile_gdn_stage layer=4 stage=gated_norm seq_len=23 start_pos=0 elapsed_ms=46.709
kiln_profile_gdn_stage layer=5 stage=conv seq_len=23 start_pos=0 elapsed_ms=1.996
kiln_profile_gdn_stage layer=5 stage=qkv_split seq_len=23 start_pos=0 elapsed_ms=0.116
kiln_profile_gdn_stage layer=4 stage=gates seq_len=23 start_pos=0 elapsed_ms=28.981
kiln_profile_gdn_stage layer=5 stage=qk_norm seq_len=23 start_pos=0 elapsed_ms=0.197
kiln_profile_gdn_stage layer=4 stage=recurrent seq_len=23 start_pos=0 elapsed_ms=2.755
kiln_profile_gdn_stage layer=4 stage=post_transpose seq_len=23 start_pos=0 elapsed_ms=0.000
kiln_profile_gdn_stage layer=5 stage=in_proj seq_len=23 start_pos=0 elapsed_ms=26.011
kiln_profile_gdn_stage layer=5 stage=conv seq_len=23 start_pos=0 elapsed_ms=2.105
kiln_profile_gdn_stage layer=5 stage=qkv_split seq_len=23 start_pos=0 elapsed_ms=0.125
kiln_profile_gdn_stage layer=5 stage=qk_norm seq_len=23 start_pos=0 elapsed_ms=0.189
kiln_profile_gdn_stage layer=4 stage=out_proj seq_len=23 start_pos=0 elapsed_ms=27.365
kiln_profile_gdn_stage layer=4 stage=out_proj seq_len=23 start_pos=0 elapsed_ms=27.622
kiln_profile_mlp_stage layer=4 stage=fused seq_len=23 start_pos=0 elapsed_ms=54.210
kiln_profile_paged_layer layer=4 kind=linear seq_len=23 start_pos=0 elapsed_ms=166.874
kiln_profile_mlp_stage layer=4 stage=fused seq_len=23 start_pos=0 elapsed_ms=36.117
kiln_profile_paged_layer layer=4 kind=linear seq_len=23 start_pos=0 elapsed_ms=133.608
kiln_profile_gdn_stage layer=5 stage=gates seq_len=23 start_pos=0 elapsed_ms=22.247
kiln_profile_gdn_stage layer=4 stage=gated_norm seq_len=23 start_pos=0 elapsed_ms=20.163
kiln_profile_gdn_stage layer=5 stage=gates seq_len=23 start_pos=0 elapsed_ms=13.824
kiln_profile_gdn_stage layer=5 stage=recurrent seq_len=23 start_pos=0 elapsed_ms=3.440
kiln_profile_gdn_stage layer=5 stage=post_transpose seq_len=23 start_pos=0 elapsed_ms=0.001
kiln_profile_gdn_stage layer=5 stage=recurrent seq_len=23 start_pos=0 elapsed_ms=3.485
kiln_profile_gdn_stage layer=5 stage=post_transpose seq_len=23 start_pos=0 elapsed_ms=0.000
kiln_profile_mlp_stage layer=4 stage=fused seq_len=23 start_pos=0 elapsed_ms=21.944
kiln_profile_paged_layer layer=4 kind=linear seq_len=23 start_pos=0 elapsed_ms=126.297
kiln_profile_gdn_stage layer=5 stage=in_proj seq_len=23 start_pos=0 elapsed_ms=24.301
kiln_profile_gdn_stage layer=4 stage=out_proj seq_len=23 start_pos=0 elapsed_ms=40.771
kiln_profile_gdn_stage layer=5 stage=conv seq_len=23 start_pos=0 elapsed_ms=2.506
kiln_profile_gdn_stage layer=5 stage=qkv_split seq_len=23 start_pos=0 elapsed_ms=0.120
kiln_profile_gdn_stage layer=5 stage=qk_norm seq_len=23 start_pos=0 elapsed_ms=0.258
kiln_profile_gdn_stage layer=5 stage=in_proj seq_len=23 start_pos=0 elapsed_ms=25.472
kiln_profile_gdn_stage layer=5 stage=conv seq_len=23 start_pos=0 elapsed_ms=2.016
kiln_profile_gdn_stage layer=5 stage=qkv_split seq_len=23 start_pos=0 elapsed_ms=0.114
kiln_profile_gdn_stage layer=5 stage=qk_norm seq_len=23 start_pos=0 elapsed_ms=0.193
kiln_profile_gdn_stage layer=4 stage=out_proj seq_len=23 start_pos=0 elapsed_ms=27.704
kiln_profile_gdn_stage layer=5 stage=gated_norm seq_len=23 start_pos=0 elapsed_ms=31.685
kiln_profile_gdn_stage layer=5 stage=gated_norm seq_len=23 start_pos=0 elapsed_ms=31.546
kiln_profile_gdn_stage layer=5 stage=in_proj seq_len=23 start_pos=0 elapsed_ms=30.560
kiln_profile_gdn_stage layer=5 stage=conv seq_len=23 start_pos=0 elapsed_ms=2.034
kiln_profile_gdn_stage layer=5 stage=qkv_split seq_len=23 start_pos=0 elapsed_ms=0.119
kiln_profile_gdn_stage layer=5 stage=qk_norm seq_len=23 start_pos=0 elapsed_ms=0.258
kiln_profile_gdn_stage layer=5 stage=gates seq_len=23 start_pos=0 elapsed_ms=26.712
kiln_profile_gdn_stage layer=5 stage=gates seq_len=23 start_pos=0 elapsed_ms=18.541
kiln_profile_mlp_stage layer=4 stage=fused seq_len=23 start_pos=0 elapsed_ms=59.343
kiln_profile_gdn_stage layer=5 stage=recurrent seq_len=23 start_pos=0 elapsed_ms=2.751
kiln_profile_gdn_stage layer=5 stage=post_transpose seq_len=23 start_pos=0 elapsed_ms=0.000
kiln_profile_paged_layer layer=4 kind=linear seq_len=23 start_pos=0 elapsed_ms=162.856
kiln_profile_gdn_stage layer=5 stage=recurrent seq_len=23 start_pos=0 elapsed_ms=3.716
kiln_profile_gdn_stage layer=5 stage=post_transpose seq_len=23 start_pos=0 elapsed_ms=0.000
kiln_profile_mlp_stage layer=4 stage=fused seq_len=23 start_pos=0 elapsed_ms=28.922
kiln_profile_paged_layer layer=4 kind=linear seq_len=23 start_pos=0 elapsed_ms=129.900
kiln_profile_gdn_stage layer=5 stage=out_proj seq_len=23 start_pos=0 elapsed_ms=23.622
kiln_profile_mlp_stage layer=4 stage=fused seq_len=23 start_pos=0 elapsed_ms=44.386
kiln_profile_paged_layer layer=4 kind=linear seq_len=23 start_pos=0 elapsed_ms=188.398
kiln_profile_gdn_stage layer=5 stage=gates seq_len=23 start_pos=0 elapsed_ms=20.376
kiln_profile_gdn_stage layer=5 stage=recurrent seq_len=23 start_pos=0 elapsed_ms=2.551
kiln_profile_gdn_stage layer=5 stage=post_transpose seq_len=23 start_pos=0 elapsed_ms=0.000
kiln_profile_gdn_stage layer=5 stage=in_proj seq_len=23 start_pos=0 elapsed_ms=20.848
kiln_profile_gdn_stage layer=5 stage=conv seq_len=23 start_pos=0 elapsed_ms=2.094
kiln_profile_gdn_stage layer=5 stage=qkv_split seq_len=23 start_pos=0 elapsed_ms=0.125
kiln_profile_gdn_stage layer=5 stage=qk_norm seq_len=23 start_pos=0 elapsed_ms=0.189
kiln_profile_gdn_stage layer=5 stage=out_proj seq_len=23 start_pos=0 elapsed_ms=37.836
kiln_profile_gdn_stage layer=5 stage=gated_norm seq_len=23 start_pos=0 elapsed_ms=24.919
kiln_profile_gdn_stage layer=5 stage=gated_norm seq_len=23 start_pos=0 elapsed_ms=25.621
kiln_profile_gdn_stage layer=5 stage=in_proj seq_len=23 start_pos=0 elapsed_ms=21.990
kiln_profile_gdn_stage layer=5 stage=conv seq_len=23 start_pos=0 elapsed_ms=2.043
kiln_profile_gdn_stage layer=5 stage=qkv_split seq_len=23 start_pos=0 elapsed_ms=0.139
kiln_profile_gdn_stage layer=5 stage=qk_norm seq_len=23 start_pos=0 elapsed_ms=0.190
kiln_profile_gdn_stage layer=5 stage=in_proj seq_len=23 start_pos=0 elapsed_ms=23.935
kiln_profile_gdn_stage layer=5 stage=conv seq_len=23 start_pos=0 elapsed_ms=2.195
kiln_profile_gdn_stage layer=5 stage=qkv_split seq_len=23 start_pos=0 elapsed_ms=0.238
kiln_profile_gdn_stage layer=5 stage=qk_norm seq_len=23 start_pos=0 elapsed_ms=0.218
kiln_profile_mlp_stage layer=5 stage=fused seq_len=23 start_pos=0 elapsed_ms=37.286
kiln_profile_paged_layer layer=5 kind=linear seq_len=23 start_pos=0 elapsed_ms=138.562
kiln_profile_gdn_stage layer=5 stage=gates seq_len=23 start_pos=0 elapsed_ms=24.803
kiln_profile_gdn_stage layer=5 stage=out_proj seq_len=23 start_pos=0 elapsed_ms=25.086
kiln_profile_gdn_stage layer=5 stage=recurrent seq_len=23 start_pos=0 elapsed_ms=3.316
kiln_profile_gdn_stage layer=5 stage=post_transpose seq_len=23 start_pos=0 elapsed_ms=0.000
kiln_profile_mlp_stage layer=5 stage=fused seq_len=23 start_pos=0 elapsed_ms=34.965
kiln_profile_paged_layer layer=5 kind=linear seq_len=23 start_pos=0 elapsed_ms=157.755
kiln_profile_gdn_stage layer=5 stage=gates seq_len=23 start_pos=0 elapsed_ms=26.648
kiln_profile_gdn_stage layer=5 stage=gated_norm seq_len=23 start_pos=0 elapsed_ms=44.508
kiln_profile_gdn_stage layer=5 stage=gates seq_len=23 start_pos=0 elapsed_ms=20.839
kiln_profile_gdn_stage layer=5 stage=recurrent seq_len=23 start_pos=0 elapsed_ms=3.680
kiln_profile_gdn_stage layer=5 stage=post_transpose seq_len=23 start_pos=0 elapsed_ms=0.000
kiln_profile_gdn_stage layer=5 stage=recurrent seq_len=23 start_pos=0 elapsed_ms=2.834
kiln_profile_gdn_stage layer=5 stage=post_transpose seq_len=23 start_pos=0 elapsed_ms=0.000
kiln_profile_gdn_stage layer=6 stage=in_proj seq_len=23 start_pos=0 elapsed_ms=20.957
kiln_profile_gdn_stage layer=6 stage=conv seq_len=23 start_pos=0 elapsed_ms=2.038
kiln_profile_gdn_stage layer=6 stage=qkv_split seq_len=23 start_pos=0 elapsed_ms=0.126
kiln_profile_gdn_stage layer=6 stage=qk_norm seq_len=23 start_pos=0 elapsed_ms=0.193
kiln_profile_gdn_stage layer=5 stage=out_proj seq_len=23 start_pos=0 elapsed_ms=45.413
kiln_profile_mlp_stage layer=5 stage=fused seq_len=23 start_pos=0 elapsed_ms=30.264
kiln_profile_paged_layer layer=5 kind=linear seq_len=23 start_pos=0 elapsed_ms=137.317
kiln_profile_gdn_stage layer=6 stage=in_proj seq_len=23 start_pos=0 elapsed_ms=27.957
kiln_profile_gdn_stage layer=5 stage=out_proj seq_len=23 start_pos=0 elapsed_ms=28.760
kiln_profile_gdn_stage layer=6 stage=conv seq_len=23 start_pos=0 elapsed_ms=2.626
kiln_profile_gdn_stage layer=6 stage=qkv_split seq_len=23 start_pos=0 elapsed_ms=0.135
kiln_profile_gdn_stage layer=6 stage=qk_norm seq_len=23 start_pos=0 elapsed_ms=0.217
kiln_profile_gdn_stage layer=5 stage=gated_norm seq_len=23 start_pos=0 elapsed_ms=27.245
kiln_profile_gdn_stage layer=5 stage=gated_norm seq_len=23 start_pos=0 elapsed_ms=26.831
kiln_profile_gdn_stage layer=6 stage=gates seq_len=23 start_pos=0 elapsed_ms=20.014
kiln_profile_gdn_stage layer=5 stage=gated_norm seq_len=23 start_pos=0 elapsed_ms=41.575
kiln_profile_gdn_stage layer=6 stage=recurrent seq_len=23 start_pos=0 elapsed_ms=3.387
kiln_profile_gdn_stage layer=6 stage=post_transpose seq_len=23 start_pos=0 elapsed_ms=0.000
kiln_profile_mlp_stage layer=5 stage=fused seq_len=23 start_pos=0 elapsed_ms=28.958
kiln_profile_paged_layer layer=5 kind=linear seq_len=23 start_pos=0 elapsed_ms=150.421
kiln_profile_gdn_stage layer=5 stage=out_proj seq_len=23 start_pos=0 elapsed_ms=12.448
kiln_profile_gdn_stage layer=5 stage=out_proj seq_len=23 start_pos=0 elapsed_ms=12.853
kiln_profile_gdn_stage layer=6 stage=gates seq_len=23 start_pos=0 elapsed_ms=13.846
kiln_profile_gdn_stage layer=6 stage=recurrent seq_len=23 start_pos=0 elapsed_ms=3.120
kiln_profile_gdn_stage layer=6 stage=post_transpose seq_len=23 start_pos=0 elapsed_ms=0.000
kiln_profile_gdn_stage layer=5 stage=out_proj seq_len=23 start_pos=0 elapsed_ms=19.082
kiln_profile_gdn_stage layer=6 stage=in_proj seq_len=23 start_pos=0 elapsed_ms=36.180
kiln_profile_gdn_stage layer=6 stage=gated_norm seq_len=23 start_pos=0 elapsed_ms=22.530
kiln_profile_gdn_stage layer=6 stage=conv seq_len=23 start_pos=0 elapsed_ms=2.029
kiln_profile_gdn_stage layer=6 stage=qkv_split seq_len=23 start_pos=0 elapsed_ms=0.138
kiln_profile_gdn_stage layer=6 stage=qk_norm seq_len=23 start_pos=0 elapsed_ms=0.188
kiln_profile_gdn_stage layer=6 stage=in_proj seq_len=23 start_pos=0 elapsed_ms=23.199
kiln_profile_gdn_stage layer=6 stage=conv seq_len=23 start_pos=0 elapsed_ms=2.056
kiln_profile_gdn_stage layer=6 stage=qkv_split seq_len=23 start_pos=0 elapsed_ms=0.151
kiln_profile_gdn_stage layer=6 stage=qk_norm seq_len=23 start_pos=0 elapsed_ms=0.201
kiln_profile_mlp_stage layer=5 stage=fused seq_len=23 start_pos=0 elapsed_ms=29.384
kiln_profile_paged_layer layer=5 kind=linear seq_len=23 start_pos=0 elapsed_ms=124.106
kiln_profile_gdn_stage layer=6 stage=gated_norm seq_len=23 start_pos=0 elapsed_ms=31.198
kiln_profile_mlp_stage layer=5 stage=fused seq_len=23 start_pos=0 elapsed_ms=35.081
kiln_profile_paged_layer layer=5 kind=linear seq_len=23 start_pos=0 elapsed_ms=147.539
kiln_profile_gdn_stage layer=6 stage=gates seq_len=23 start_pos=0 elapsed_ms=28.648
kiln_profile_gdn_stage layer=6 stage=recurrent seq_len=23 start_pos=0 elapsed_ms=2.623
kiln_profile_gdn_stage layer=6 stage=post_transpose seq_len=23 start_pos=0 elapsed_ms=0.000
kiln_profile_mlp_stage layer=5 stage=fused seq_len=23 start_pos=0 elapsed_ms=61.340
kiln_profile_paged_layer layer=5 kind=linear seq_len=23 start_pos=0 elapsed_ms=190.842
kiln_profile_gdn_stage layer=6 stage=gates seq_len=23 start_pos=0 elapsed_ms=24.751
kiln_profile_gdn_stage layer=6 stage=recurrent seq_len=23 start_pos=0 elapsed_ms=3.005
kiln_profile_gdn_stage layer=6 stage=post_transpose seq_len=23 start_pos=0 elapsed_ms=0.000
kiln_profile_gdn_stage layer=6 stage=in_proj seq_len=23 start_pos=0 elapsed_ms=23.257
kiln_profile_gdn_stage layer=6 stage=conv seq_len=23 start_pos=0 elapsed_ms=2.521
kiln_profile_gdn_stage layer=6 stage=qkv_split seq_len=23 start_pos=0 elapsed_ms=0.136
kiln_profile_gdn_stage layer=6 stage=qk_norm seq_len=23 start_pos=0 elapsed_ms=0.199
kiln_profile_mlp_stage layer=5 stage=fused seq_len=23 start_pos=0 elapsed_ms=55.391
kiln_profile_paged_layer layer=5 kind=linear seq_len=23 start_pos=0 elapsed_ms=145.699
kiln_profile_gdn_stage layer=6 stage=out_proj seq_len=23 start_pos=0 elapsed_ms=22.130
kiln_profile_gdn_stage layer=6 stage=out_proj seq_len=23 start_pos=0 elapsed_ms=45.050
kiln_profile_gdn_stage layer=6 stage=in_proj seq_len=23 start_pos=0 elapsed_ms=21.771
kiln_profile_gdn_stage layer=6 stage=conv seq_len=23 start_pos=0 elapsed_ms=2.645
kiln_profile_gdn_stage layer=6 stage=qkv_split seq_len=23 start_pos=0 elapsed_ms=0.140
kiln_profile_gdn_stage layer=6 stage=qk_norm seq_len=23 start_pos=0 elapsed_ms=0.210
kiln_profile_gdn_stage layer=6 stage=in_proj seq_len=23 start_pos=0 elapsed_ms=23.642
kiln_profile_gdn_stage layer=6 stage=gated_norm seq_len=23 start_pos=0 elapsed_ms=26.710
kiln_profile_gdn_stage layer=6 stage=conv seq_len=23 start_pos=0 elapsed_ms=2.032
kiln_profile_gdn_stage layer=6 stage=qkv_split seq_len=23 start_pos=0 elapsed_ms=0.173
kiln_profile_gdn_stage layer=6 stage=qk_norm seq_len=23 start_pos=0 elapsed_ms=0.236
kiln_profile_gdn_stage layer=6 stage=gated_norm seq_len=23 start_pos=0 elapsed_ms=24.091
kiln_profile_gdn_stage layer=6 stage=in_proj seq_len=23 start_pos=0 elapsed_ms=26.350
kiln_profile_gdn_stage layer=6 stage=gates seq_len=23 start_pos=0 elapsed_ms=27.841
kiln_profile_gdn_stage layer=6 stage=conv seq_len=23 start_pos=0 elapsed_ms=2.849
kiln_profile_gdn_stage layer=6 stage=qkv_split seq_len=23 start_pos=0 elapsed_ms=0.198
kiln_profile_gdn_stage layer=6 stage=qk_norm seq_len=23 start_pos=0 elapsed_ms=0.404
kiln_profile_gdn_stage layer=6 stage=recurrent seq_len=23 start_pos=0 elapsed_ms=3.067
kiln_profile_gdn_stage layer=6 stage=post_transpose seq_len=23 start_pos=0 elapsed_ms=0.000
kiln_profile_mlp_stage layer=6 stage=fused seq_len=23 start_pos=0 elapsed_ms=34.777
kiln_profile_paged_layer layer=6 kind=linear seq_len=23 start_pos=0 elapsed_ms=136.401
kiln_profile_gdn_stage layer=6 stage=gates seq_len=23 start_pos=0 elapsed_ms=23.477
kiln_profile_gdn_stage layer=6 stage=out_proj seq_len=23 start_pos=0 elapsed_ms=20.585
kiln_profile_gdn_stage layer=6 stage=recurrent seq_len=23 start_pos=0 elapsed_ms=2.575
kiln_profile_gdn_stage layer=6 stage=post_transpose seq_len=23 start_pos=0 elapsed_ms=0.000
kiln_profile_gdn_stage layer=6 stage=out_proj seq_len=23 start_pos=0 elapsed_ms=20.497
kiln_profile_gdn_stage layer=6 stage=gates seq_len=23 start_pos=0 elapsed_ms=22.076
kiln_profile_gdn_stage layer=6 stage=recurrent seq_len=23 start_pos=0 elapsed_ms=2.895
kiln_profile_gdn_stage layer=6 stage=post_transpose seq_len=23 start_pos=0 elapsed_ms=0.000
kiln_profile_gdn_stage layer=6 stage=gates seq_len=23 start_pos=0 elapsed_ms=15.789
kiln_profile_gdn_stage layer=6 stage=gated_norm seq_len=23 start_pos=0 elapsed_ms=16.210
kiln_profile_gdn_stage layer=6 stage=recurrent seq_len=23 start_pos=0 elapsed_ms=2.919
kiln_profile_gdn_stage layer=6 stage=post_transpose seq_len=23 start_pos=0 elapsed_ms=0.000
kiln_profile_mlp_stage layer=6 stage=fused seq_len=23 start_pos=0 elapsed_ms=22.850
kiln_profile_paged_layer layer=6 kind=linear seq_len=23 start_pos=0 elapsed_ms=140.302
kiln_profile_mlp_stage layer=6 stage=fused seq_len=23 start_pos=0 elapsed_ms=29.085
kiln_profile_paged_layer layer=6 kind=linear seq_len=23 start_pos=0 elapsed_ms=127.352
kiln_profile_gdn_stage layer=6 stage=gated_norm seq_len=23 start_pos=0 elapsed_ms=27.601
kiln_profile_gdn_stage layer=6 stage=out_proj seq_len=23 start_pos=0 elapsed_ms=26.148
kiln_profile_gdn_stage layer=6 stage=gated_norm seq_len=23 start_pos=0 elapsed_ms=26.224
kiln_profile_gdn_stage layer=6 stage=gated_norm seq_len=23 start_pos=0 elapsed_ms=37.638
kiln_profile_mlp_stage layer=6 stage=fused seq_len=23 start_pos=0 elapsed_ms=81.208
kiln_profile_paged_layer layer=6 kind=linear seq_len=23 start_pos=0 elapsed_ms=195.860
kiln_profile_gdn_stage layer=6 stage=out_proj seq_len=23 start_pos=0 elapsed_ms=22.517
kiln_profile_full_attn_stage full_attn_layer=1 stage=qkv_proj seq_len=23 start_pos=0 elapsed_ms=57.504
kiln_profile_full_attn_stage full_attn_layer=1 stage=qkv_split seq_len=23 start_pos=0 elapsed_ms=0.057
kiln_profile_full_attn_stage full_attn_layer=1 stage=qk_norm seq_len=23 start_pos=0 elapsed_ms=0.247
kiln_profile_full_attn_stage full_attn_layer=1 stage=rope seq_len=23 start_pos=0 elapsed_ms=0.294
kiln_profile_full_attn_stage full_attn_layer=1 stage=q_transpose seq_len=23 start_pos=0 elapsed_ms=0.104
kiln_profile_full_attn_stage full_attn_layer=1 stage=kv_write seq_len=23 start_pos=0 elapsed_ms=0.087
kiln_profile_full_attn_stage full_attn_layer=1 stage=kv_read seq_len=23 start_pos=0 elapsed_ms=0.011
kiln_profile_gdn_stage layer=6 stage=out_proj seq_len=23 start_pos=0 elapsed_ms=25.873
kiln_profile_gdn_stage layer=6 stage=out_proj seq_len=23 start_pos=0 elapsed_ms=25.999
kiln_profile_mlp_stage layer=6 stage=fused seq_len=23 start_pos=0 elapsed_ms=46.100
kiln_profile_paged_layer layer=6 kind=linear seq_len=23 start_pos=0 elapsed_ms=145.838
kiln_profile_mlp_stage layer=6 stage=fused seq_len=23 start_pos=0 elapsed_ms=25.698
kiln_profile_paged_layer layer=6 kind=linear seq_len=23 start_pos=0 elapsed_ms=126.623
kiln_profile_full_attn_stage full_attn_layer=1 stage=qkv_proj seq_len=23 start_pos=0 elapsed_ms=64.092
kiln_profile_full_attn_stage full_attn_layer=1 stage=qkv_split seq_len=23 start_pos=0 elapsed_ms=0.071
kiln_profile_full_attn_stage full_attn_layer=1 stage=qk_norm seq_len=23 start_pos=0 elapsed_ms=0.228
kiln_profile_full_attn_stage full_attn_layer=1 stage=rope seq_len=23 start_pos=0 elapsed_ms=0.285
kiln_profile_full_attn_stage full_attn_layer=1 stage=q_transpose seq_len=23 start_pos=0 elapsed_ms=0.078
kiln_profile_full_attn_stage full_attn_layer=1 stage=kv_write seq_len=23 start_pos=0 elapsed_ms=0.067
kiln_profile_full_attn_stage full_attn_layer=1 stage=kv_read seq_len=23 start_pos=0 elapsed_ms=0.006
kiln_profile_mlp_stage layer=6 stage=fused seq_len=23 start_pos=0 elapsed_ms=43.263
kiln_profile_paged_layer layer=6 kind=linear seq_len=23 start_pos=0 elapsed_ms=144.785
kiln_profile_mlp_stage layer=7 stage=fused seq_len=23 start_pos=0 elapsed_ms=28.535
kiln_profile_paged_layer layer=7 kind=full seq_len=23 start_pos=0 elapsed_ms=108.458
kiln_profile_full_attn_stage full_attn_layer=1 stage=qkv_proj seq_len=23 start_pos=0 elapsed_ms=83.987
kiln_profile_full_attn_stage full_attn_layer=1 stage=qkv_split seq_len=23 start_pos=0 elapsed_ms=0.136
kiln_profile_full_attn_stage full_attn_layer=1 stage=qk_norm seq_len=23 start_pos=0 elapsed_ms=0.260
kiln_profile_full_attn_stage full_attn_layer=1 stage=rope seq_len=23 start_pos=0 elapsed_ms=0.297
kiln_profile_full_attn_stage full_attn_layer=1 stage=q_transpose seq_len=23 start_pos=0 elapsed_ms=0.103
kiln_profile_full_attn_stage full_attn_layer=1 stage=kv_write seq_len=23 start_pos=0 elapsed_ms=0.073
kiln_profile_full_attn_stage full_attn_layer=1 stage=kv_read seq_len=23 start_pos=0 elapsed_ms=0.010
kiln_profile_mlp_stage layer=6 stage=fused seq_len=23 start_pos=0 elapsed_ms=51.821
kiln_profile_paged_layer layer=6 kind=linear seq_len=23 start_pos=0 elapsed_ms=166.667
kiln_profile_full_attn_stage full_attn_layer=1 stage=qkv_proj seq_len=23 start_pos=0 elapsed_ms=70.557
kiln_profile_full_attn_stage full_attn_layer=1 stage=qkv_split seq_len=23 start_pos=0 elapsed_ms=0.067
kiln_profile_full_attn_stage full_attn_layer=1 stage=qk_norm seq_len=23 start_pos=0 elapsed_ms=0.222
kiln_profile_full_attn_stage full_attn_layer=1 stage=rope seq_len=23 start_pos=0 elapsed_ms=0.286
kiln_profile_full_attn_stage full_attn_layer=1 stage=q_transpose seq_len=23 start_pos=0 elapsed_ms=0.069
kiln_profile_full_attn_stage full_attn_layer=1 stage=kv_write seq_len=23 start_pos=0 elapsed_ms=0.049
kiln_profile_full_attn_stage full_attn_layer=1 stage=kv_read seq_len=23 start_pos=0 elapsed_ms=0.008
kiln_profile_gdn_stage layer=8 stage=in_proj seq_len=23 start_pos=0 elapsed_ms=31.536
kiln_profile_gdn_stage layer=8 stage=conv seq_len=23 start_pos=0 elapsed_ms=2.015
kiln_profile_gdn_stage layer=8 stage=qkv_split seq_len=23 start_pos=0 elapsed_ms=0.128
kiln_profile_gdn_stage layer=8 stage=qk_norm seq_len=23 start_pos=0 elapsed_ms=0.201
kiln_profile_mlp_stage layer=7 stage=fused seq_len=23 start_pos=0 elapsed_ms=40.927
kiln_profile_paged_layer layer=7 kind=full seq_len=23 start_pos=0 elapsed_ms=128.898
kiln_profile_full_attn_stage full_attn_layer=1 stage=qkv_proj seq_len=23 start_pos=0 elapsed_ms=71.834
kiln_profile_full_attn_stage full_attn_layer=1 stage=qkv_split seq_len=23 start_pos=0 elapsed_ms=0.056
kiln_profile_gdn_stage layer=8 stage=gates seq_len=23 start_pos=0 elapsed_ms=20.137
kiln_profile_full_attn_stage full_attn_layer=1 stage=qk_norm seq_len=23 start_pos=0 elapsed_ms=0.233
kiln_profile_full_attn_stage full_attn_layer=1 stage=rope seq_len=23 start_pos=0 elapsed_ms=0.307
kiln_profile_full_attn_stage full_attn_layer=1 stage=q_transpose seq_len=23 start_pos=0 elapsed_ms=0.104
kiln_profile_full_attn_stage full_attn_layer=1 stage=kv_write seq_len=23 start_pos=0 elapsed_ms=0.084
kiln_profile_full_attn_stage full_attn_layer=1 stage=kv_read seq_len=23 start_pos=0 elapsed_ms=0.012
kiln_profile_gdn_stage layer=8 stage=recurrent seq_len=23 start_pos=0 elapsed_ms=3.199
kiln_profile_gdn_stage layer=8 stage=post_transpose seq_len=23 start_pos=0 elapsed_ms=0.000
kiln_profile_full_attn_stage full_attn_layer=1 stage=qkv_proj seq_len=23 start_pos=0 elapsed_ms=73.773
kiln_profile_full_attn_stage full_attn_layer=1 stage=qkv_split seq_len=23 start_pos=0 elapsed_ms=0.061
kiln_profile_full_attn_stage full_attn_layer=1 stage=qk_norm seq_len=23 start_pos=0 elapsed_ms=0.237
kiln_profile_full_attn_stage full_attn_layer=1 stage=rope seq_len=23 start_pos=0 elapsed_ms=0.337
kiln_profile_full_attn_stage full_attn_layer=1 stage=q_transpose seq_len=23 start_pos=0 elapsed_ms=0.075
kiln_profile_full_attn_stage full_attn_layer=1 stage=kv_write seq_len=23 start_pos=0 elapsed_ms=0.087
kiln_profile_full_attn_stage full_attn_layer=1 stage=kv_read seq_len=23 start_pos=0 elapsed_ms=0.011
kiln_profile_gdn_stage layer=8 stage=in_proj seq_len=23 start_pos=0 elapsed_ms=20.489
kiln_profile_gdn_stage layer=8 stage=conv seq_len=23 start_pos=0 elapsed_ms=2.174
kiln_profile_gdn_stage layer=8 stage=qkv_split seq_len=23 start_pos=0 elapsed_ms=0.143
kiln_profile_gdn_stage layer=8 stage=qk_norm seq_len=23 start_pos=0 elapsed_ms=0.202
kiln_profile_mlp_stage layer=7 stage=fused seq_len=23 start_pos=0 elapsed_ms=46.049
kiln_profile_paged_layer layer=7 kind=full seq_len=23 start_pos=0 elapsed_ms=163.570
kiln_profile_gdn_stage layer=8 stage=gated_norm seq_len=23 start_pos=0 elapsed_ms=24.412
kiln_profile_full_attn_stage full_attn_layer=1 stage=qkv_proj seq_len=23 start_pos=0 elapsed_ms=72.333
kiln_profile_full_attn_stage full_attn_layer=1 stage=qkv_split seq_len=23 start_pos=0 elapsed_ms=0.063
kiln_profile_full_attn_stage full_attn_layer=1 stage=qk_norm seq_len=23 start_pos=0 elapsed_ms=0.230
kiln_profile_full_attn_stage full_attn_layer=1 stage=rope seq_len=23 start_pos=0 elapsed_ms=0.294
kiln_profile_full_attn_stage full_attn_layer=1 stage=q_transpose seq_len=23 start_pos=0 elapsed_ms=0.074
kiln_profile_full_attn_stage full_attn_layer=1 stage=kv_write seq_len=23 start_pos=0 elapsed_ms=0.055
kiln_profile_full_attn_stage full_attn_layer=1 stage=kv_read seq_len=23 start_pos=0 elapsed_ms=0.008
kiln_profile_mlp_stage layer=7 stage=fused seq_len=23 start_pos=0 elapsed_ms=42.501
kiln_profile_paged_layer layer=7 kind=full seq_len=23 start_pos=0 elapsed_ms=146.709
kiln_profile_full_attn_stage full_attn_layer=1 stage=qkv_proj seq_len=23 start_pos=0 elapsed_ms=112.730
kiln_profile_full_attn_stage full_attn_layer=1 stage=qkv_split seq_len=23 start_pos=0 elapsed_ms=0.066
kiln_profile_full_attn_stage full_attn_layer=1 stage=qk_norm seq_len=23 start_pos=0 elapsed_ms=0.229
kiln_profile_full_attn_stage full_attn_layer=1 stage=rope seq_len=23 start_pos=0 elapsed_ms=0.303
kiln_profile_full_attn_stage full_attn_layer=1 stage=q_transpose seq_len=23 start_pos=0 elapsed_ms=0.071
kiln_profile_full_attn_stage full_attn_layer=1 stage=kv_write seq_len=23 start_pos=0 elapsed_ms=0.052
kiln_profile_full_attn_stage full_attn_layer=1 stage=kv_read seq_len=23 start_pos=0 elapsed_ms=0.008
kiln_profile_gdn_stage layer=8 stage=gates seq_len=23 start_pos=0 elapsed_ms=12.577
kiln_profile_gdn_stage layer=8 stage=recurrent seq_len=23 start_pos=0 elapsed_ms=3.417
kiln_profile_gdn_stage layer=8 stage=post_transpose seq_len=23 start_pos=0 elapsed_ms=0.000
kiln_profile_mlp_stage layer=7 stage=fused seq_len=23 start_pos=0 elapsed_ms=21.027
kiln_profile_paged_layer layer=7 kind=full seq_len=23 start_pos=0 elapsed_ms=115.939
kiln_profile_gdn_stage layer=8 stage=out_proj seq_len=23 start_pos=0 elapsed_ms=17.951
kiln_profile_gdn_stage layer=8 stage=in_proj seq_len=23 start_pos=0 elapsed_ms=22.128
kiln_profile_gdn_stage layer=8 stage=conv seq_len=23 start_pos=0 elapsed_ms=2.230
kiln_profile_gdn_stage layer=8 stage=qkv_split seq_len=23 start_pos=0 elapsed_ms=0.121
kiln_profile_gdn_stage layer=8 stage=qk_norm seq_len=23 start_pos=0 elapsed_ms=0.212
kiln_profile_gdn_stage layer=8 stage=in_proj seq_len=23 start_pos=0 elapsed_ms=35.814
kiln_profile_gdn_stage layer=8 stage=conv seq_len=23 start_pos=0 elapsed_ms=2.066
kiln_profile_gdn_stage layer=8 stage=qkv_split seq_len=23 start_pos=0 elapsed_ms=0.135
kiln_profile_gdn_stage layer=8 stage=qk_norm seq_len=23 start_pos=0 elapsed_ms=0.202
kiln_profile_mlp_stage layer=7 stage=fused seq_len=23 start_pos=0 elapsed_ms=35.242
kiln_profile_paged_layer layer=7 kind=full seq_len=23 start_pos=0 elapsed_ms=132.246
kiln_profile_gdn_stage layer=8 stage=in_proj seq_len=23 start_pos=0 elapsed_ms=33.196
kiln_profile_gdn_stage layer=8 stage=conv seq_len=23 start_pos=0 elapsed_ms=2.069
kiln_profile_gdn_stage layer=8 stage=qkv_split seq_len=23 start_pos=0 elapsed_ms=0.192
kiln_profile_gdn_stage layer=8 stage=qk_norm seq_len=23 start_pos=0 elapsed_ms=0.209
kiln_profile_mlp_stage layer=8 stage=fused seq_len=23 start_pos=0 elapsed_ms=40.361
kiln_profile_paged_layer layer=8 kind=linear seq_len=23 start_pos=0 elapsed_ms=140.288
kiln_profile_gdn_stage layer=8 stage=gates seq_len=23 start_pos=0 elapsed_ms=29.358
kiln_profile_gdn_stage layer=8 stage=recurrent seq_len=23 start_pos=0 elapsed_ms=3.361
kiln_profile_gdn_stage layer=8 stage=post_transpose seq_len=23 start_pos=0 elapsed_ms=0.000
kiln_profile_mlp_stage layer=7 stage=fused seq_len=23 start_pos=0 elapsed_ms=36.938
kiln_profile_paged_layer layer=7 kind=full seq_len=23 start_pos=0 elapsed_ms=174.788
kiln_profile_gdn_stage layer=8 stage=gates seq_len=23 start_pos=0 elapsed_ms=30.741
kiln_profile_gdn_stage layer=8 stage=recurrent seq_len=23 start_pos=0 elapsed_ms=3.458
kiln_profile_gdn_stage layer=8 stage=post_transpose seq_len=23 start_pos=0 elapsed_ms=0.000
kiln_profile_gdn_stage layer=8 stage=in_proj seq_len=23 start_pos=0 elapsed_ms=32.854
kiln_profile_gdn_stage layer=8 stage=conv seq_len=23 start_pos=0 elapsed_ms=2.190
kiln_profile_gdn_stage layer=8 stage=qkv_split seq_len=23 start_pos=0 elapsed_ms=0.143
kiln_profile_gdn_stage layer=8 stage=qk_norm seq_len=23 start_pos=0 elapsed_ms=0.206
kiln_profile_gdn_stage layer=8 stage=gates seq_len=23 start_pos=0 elapsed_ms=29.605
kiln_profile_gdn_stage layer=8 stage=recurrent seq_len=23 start_pos=0 elapsed_ms=3.410
kiln_profile_gdn_stage layer=8 stage=post_transpose seq_len=23 start_pos=0 elapsed_ms=0.000
kiln_profile_gdn_stage layer=9 stage=in_proj seq_len=23 start_pos=0 elapsed_ms=30.195
kiln_profile_gdn_stage layer=8 stage=gated_norm seq_len=23 start_pos=0 elapsed_ms=80.482
kiln_profile_gdn_stage layer=9 stage=conv seq_len=23 start_pos=0 elapsed_ms=2.553
kiln_profile_gdn_stage layer=9 stage=qkv_split seq_len=23 start_pos=0 elapsed_ms=0.128
kiln_profile_gdn_stage layer=9 stage=qk_norm seq_len=23 start_pos=0 elapsed_ms=0.225
kiln_profile_gdn_stage layer=8 stage=gated_norm seq_len=23 start_pos=0 elapsed_ms=30.666
kiln_profile_gdn_stage layer=8 stage=in_proj seq_len=23 start_pos=0 elapsed_ms=29.348
kiln_profile_gdn_stage layer=8 stage=gated_norm seq_len=23 start_pos=0 elapsed_ms=27.652
kiln_profile_gdn_stage layer=8 stage=conv seq_len=23 start_pos=0 elapsed_ms=2.040
kiln_profile_gdn_stage layer=8 stage=qkv_split seq_len=23 start_pos=0 elapsed_ms=0.153
kiln_profile_gdn_stage layer=8 stage=qk_norm seq_len=23 start_pos=0 elapsed_ms=0.194
kiln_profile_mlp_stage layer=7 stage=fused seq_len=23 start_pos=0 elapsed_ms=81.467
kiln_profile_paged_layer layer=7 kind=full seq_len=23 start_pos=0 elapsed_ms=173.146
kiln_profile_gdn_stage layer=8 stage=gates seq_len=23 start_pos=0 elapsed_ms=23.634
kiln_profile_gdn_stage layer=8 stage=gated_norm seq_len=23 start_pos=0 elapsed_ms=18.303
kiln_profile_gdn_stage layer=8 stage=recurrent seq_len=23 start_pos=0 elapsed_ms=2.449
kiln_profile_gdn_stage layer=8 stage=post_transpose seq_len=23 start_pos=0 elapsed_ms=0.000
kiln_profile_gdn_stage layer=8 stage=out_proj seq_len=23 start_pos=0 elapsed_ms=13.798
kiln_profile_gdn_stage layer=8 stage=out_proj seq_len=23 start_pos=0 elapsed_ms=14.120
kiln_profile_gdn_stage layer=9 stage=gates seq_len=23 start_pos=0 elapsed_ms=15.526
kiln_profile_gdn_stage layer=8 stage=out_proj seq_len=23 start_pos=0 elapsed_ms=10.618
kiln_profile_gdn_stage layer=8 stage=gates seq_len=23 start_pos=0 elapsed_ms=10.364
kiln_profile_gdn_stage layer=9 stage=recurrent seq_len=23 start_pos=0 elapsed_ms=3.469
kiln_profile_gdn_stage layer=9 stage=post_transpose seq_len=23 start_pos=0 elapsed_ms=0.000
kiln_profile_gdn_stage layer=8 stage=recurrent seq_len=23 start_pos=0 elapsed_ms=3.433
kiln_profile_gdn_stage layer=8 stage=post_transpose seq_len=23 start_pos=0 elapsed_ms=0.000
kiln_profile_gdn_stage layer=8 stage=in_proj seq_len=23 start_pos=0 elapsed_ms=15.342
kiln_profile_gdn_stage layer=8 stage=out_proj seq_len=23 start_pos=0 elapsed_ms=15.553
kiln_profile_gdn_stage layer=8 stage=conv seq_len=23 start_pos=0 elapsed_ms=2.202
kiln_profile_gdn_stage layer=8 stage=qkv_split seq_len=23 start_pos=0 elapsed_ms=0.130
kiln_profile_gdn_stage layer=8 stage=qk_norm seq_len=23 start_pos=0 elapsed_ms=0.213
kiln_profile_gdn_stage layer=8 stage=gated_norm seq_len=23 start_pos=0 elapsed_ms=15.328
kiln_profile_mlp_stage layer=8 stage=fused seq_len=23 start_pos=0 elapsed_ms=23.774
kiln_profile_paged_layer layer=8 kind=linear seq_len=23 start_pos=0 elapsed_ms=157.431
kiln_profile_gdn_stage layer=9 stage=gated_norm seq_len=23 start_pos=0 elapsed_ms=25.081
kiln_profile_gdn_stage layer=8 stage=gated_norm seq_len=23 start_pos=0 elapsed_ms=24.598
kiln_profile_gdn_stage layer=8 stage=out_proj seq_len=23 start_pos=0 elapsed_ms=19.915
kiln_profile_mlp_stage layer=8 stage=fused seq_len=23 start_pos=0 elapsed_ms=41.058
kiln_profile_paged_layer layer=8 kind=linear seq_len=23 start_pos=0 elapsed_ms=143.598
kiln_profile_gdn_stage layer=8 stage=gates seq_len=23 start_pos=0 elapsed_ms=29.064
kiln_profile_gdn_stage layer=8 stage=recurrent seq_len=23 start_pos=0 elapsed_ms=2.637
kiln_profile_gdn_stage layer=8 stage=post_transpose seq_len=23 start_pos=0 elapsed_ms=0.000
kiln_profile_gdn_stage layer=9 stage=in_proj seq_len=23 start_pos=0 elapsed_ms=23.201
kiln_profile_gdn_stage layer=9 stage=conv seq_len=23 start_pos=0 elapsed_ms=2.112
kiln_profile_gdn_stage layer=9 stage=qkv_split seq_len=23 start_pos=0 elapsed_ms=0.122
kiln_profile_gdn_stage layer=9 stage=qk_norm seq_len=23 start_pos=0 elapsed_ms=0.209
kiln_profile_mlp_stage layer=8 stage=fused seq_len=23 start_pos=0 elapsed_ms=46.098
kiln_profile_paged_layer layer=8 kind=linear seq_len=23 start_pos=0 elapsed_ms=157.172
kiln_profile_gdn_stage layer=9 stage=out_proj seq_len=23 start_pos=0 elapsed_ms=20.930
kiln_profile_gdn_stage layer=8 stage=out_proj seq_len=23 start_pos=0 elapsed_ms=21.078
kiln_profile_mlp_stage layer=8 stage=fused seq_len=23 start_pos=0 elapsed_ms=48.267
kiln_profile_paged_layer layer=8 kind=linear seq_len=23 start_pos=0 elapsed_ms=151.160
kiln_profile_gdn_stage layer=9 stage=in_proj seq_len=23 start_pos=0 elapsed_ms=26.574
kiln_profile_gdn_stage layer=9 stage=conv seq_len=23 start_pos=0 elapsed_ms=2.000
kiln_profile_gdn_stage layer=9 stage=qkv_split seq_len=23 start_pos=0 elapsed_ms=0.119
kiln_profile_gdn_stage layer=9 stage=qk_norm seq_len=23 start_pos=0 elapsed_ms=0.214
kiln_profile_gdn_stage layer=8 stage=gated_norm seq_len=23 start_pos=0 elapsed_ms=26.147
kiln_profile_gdn_stage layer=9 stage=in_proj seq_len=23 start_pos=0 elapsed_ms=29.872
kiln_profile_gdn_stage layer=9 stage=gates seq_len=23 start_pos=0 elapsed_ms=31.725
kiln_profile_gdn_stage layer=9 stage=conv seq_len=23 start_pos=0 elapsed_ms=2.020
kiln_profile_gdn_stage layer=9 stage=qkv_split seq_len=23 start_pos=0 elapsed_ms=0.168
kiln_profile_gdn_stage layer=9 stage=qk_norm seq_len=23 start_pos=0 elapsed_ms=0.204
kiln_profile_gdn_stage layer=9 stage=recurrent seq_len=23 start_pos=0 elapsed_ms=3.625
kiln_profile_gdn_stage layer=9 stage=post_transpose seq_len=23 start_pos=0 elapsed_ms=0.000
kiln_profile_mlp_stage layer=9 stage=fused seq_len=23 start_pos=0 elapsed_ms=38.056
kiln_profile_paged_layer layer=9 kind=linear seq_len=23 start_pos=0 elapsed_ms=136.522
kiln_profile_mlp_stage layer=8 stage=fused seq_len=23 start_pos=0 elapsed_ms=44.763
kiln_profile_paged_layer layer=8 kind=linear seq_len=23 start_pos=0 elapsed_ms=136.313
kiln_profile_gdn_stage layer=8 stage=out_proj seq_len=23 start_pos=0 elapsed_ms=27.943
kiln_profile_gdn_stage layer=9 stage=gates seq_len=23 start_pos=0 elapsed_ms=28.183
kiln_profile_gdn_stage layer=9 stage=recurrent seq_len=23 start_pos=0 elapsed_ms=3.429
kiln_profile_gdn_stage layer=9 stage=post_transpose seq_len=23 start_pos=0 elapsed_ms=0.000
kiln_profile_gdn_stage layer=9 stage=gates seq_len=23 start_pos=0 elapsed_ms=23.712
kiln_profile_gdn_stage layer=9 stage=gated_norm seq_len=23 start_pos=0 elapsed_ms=23.213
kiln_profile_gdn_stage layer=9 stage=recurrent seq_len=23 start_pos=0 elapsed_ms=3.257
kiln_profile_gdn_stage layer=9 stage=post_transpose seq_len=23 start_pos=0 elapsed_ms=0.000
kiln_profile_gdn_stage layer=10 stage=in_proj seq_len=23 start_pos=0 elapsed_ms=26.285
kiln_profile_gdn_stage layer=10 stage=conv seq_len=23 start_pos=0 elapsed_ms=2.046
kiln_profile_gdn_stage layer=10 stage=qkv_split seq_len=23 start_pos=0 elapsed_ms=0.136
kiln_profile_gdn_stage layer=10 stage=qk_norm seq_len=23 start_pos=0 elapsed_ms=0.204
kiln_profile_gdn_stage layer=9 stage=in_proj seq_len=23 start_pos=0 elapsed_ms=62.248
kiln_profile_gdn_stage layer=9 stage=conv seq_len=23 start_pos=0 elapsed_ms=2.090
kiln_profile_gdn_stage layer=9 stage=qkv_split seq_len=23 start_pos=0 elapsed_ms=0.138
kiln_profile_gdn_stage layer=9 stage=qk_norm seq_len=23 start_pos=0 elapsed_ms=0.197
kiln_profile_gdn_stage layer=9 stage=in_proj seq_len=23 start_pos=0 elapsed_ms=30.521
kiln_profile_gdn_stage layer=9 stage=conv seq_len=23 start_pos=0 elapsed_ms=2.016
kiln_profile_gdn_stage layer=9 stage=qkv_split seq_len=23 start_pos=0 elapsed_ms=0.126
kiln_profile_gdn_stage layer=9 stage=qk_norm seq_len=23 start_pos=0 elapsed_ms=0.189
kiln_profile_mlp_stage layer=8 stage=fused seq_len=23 start_pos=0 elapsed_ms=97.226
kiln_profile_paged_layer layer=8 kind=linear seq_len=23 start_pos=0 elapsed_ms=194.405
kiln_profile_gdn_stage layer=9 stage=gated_norm seq_len=23 start_pos=0 elapsed_ms=35.271
kiln_profile_gdn_stage layer=9 stage=out_proj seq_len=23 start_pos=0 elapsed_ms=33.442
kiln_profile_gdn_stage layer=9 stage=gated_norm seq_len=23 start_pos=0 elapsed_ms=32.543
kiln_profile_gdn_stage layer=10 stage=gates seq_len=23 start_pos=0 elapsed_ms=23.855
kiln_profile_gdn_stage layer=9 stage=gates seq_len=23 start_pos=0 elapsed_ms=15.680
kiln_profile_gdn_stage layer=10 stage=recurrent seq_len=23 start_pos=0 elapsed_ms=3.859
kiln_profile_gdn_stage layer=10 stage=post_transpose seq_len=23 start_pos=0 elapsed_ms=0.001
kiln_profile_gdn_stage layer=9 stage=recurrent seq_len=23 start_pos=0 elapsed_ms=3.906
kiln_profile_gdn_stage layer=9 stage=post_transpose seq_len=23 start_pos=0 elapsed_ms=0.000
kiln_profile_gdn_stage layer=9 stage=in_proj seq_len=23 start_pos=0 elapsed_ms=18.040
kiln_profile_gdn_stage layer=9 stage=conv seq_len=23 start_pos=0 elapsed_ms=2.147
kiln_profile_gdn_stage layer=9 stage=qkv_split seq_len=23 start_pos=0 elapsed_ms=0.127
kiln_profile_gdn_stage layer=9 stage=qk_norm seq_len=23 start_pos=0 elapsed_ms=0.205
kiln_profile_mlp_stage layer=8 stage=fused seq_len=23 start_pos=0 elapsed_ms=53.938
kiln_profile_paged_layer layer=8 kind=linear seq_len=23 start_pos=0 elapsed_ms=157.939
kiln_profile_gdn_stage layer=9 stage=gates seq_len=23 start_pos=0 elapsed_ms=23.538
kiln_profile_gdn_stage layer=9 stage=out_proj seq_len=23 start_pos=0 elapsed_ms=17.641
kiln_profile_gdn_stage layer=9 stage=out_proj seq_len=23 start_pos=0 elapsed_ms=15.377
kiln_profile_gdn_stage layer=9 stage=recurrent seq_len=23 start_pos=0 elapsed_ms=3.022
kiln_profile_gdn_stage layer=9 stage=post_transpose seq_len=23 start_pos=0 elapsed_ms=0.000
kiln_profile_gdn_stage layer=9 stage=gated_norm seq_len=23 start_pos=0 elapsed_ms=12.739
kiln_profile_gdn_stage layer=9 stage=in_proj seq_len=23 start_pos=0 elapsed_ms=12.317
kiln_profile_gdn_stage layer=9 stage=conv seq_len=23 start_pos=0 elapsed_ms=2.022
kiln_profile_gdn_stage layer=9 stage=qkv_split seq_len=23 start_pos=0 elapsed_ms=0.193
kiln_profile_gdn_stage layer=9 stage=qk_norm seq_len=23 start_pos=0 elapsed_ms=0.197
kiln_profile_mlp_stage layer=9 stage=fused seq_len=23 start_pos=0 elapsed_ms=34.058
kiln_profile_paged_layer layer=9 kind=linear seq_len=23 start_pos=0 elapsed_ms=152.041
kiln_profile_gdn_stage layer=10 stage=gated_norm seq_len=23 start_pos=0 elapsed_ms=30.988
kiln_profile_mlp_stage layer=9 stage=fused seq_len=23 start_pos=0 elapsed_ms=28.931
kiln_profile_paged_layer layer=9 kind=linear seq_len=23 start_pos=0 elapsed_ms=142.702
kiln_profile_mlp_stage layer=9 stage=fused seq_len=23 start_pos=0 elapsed_ms=36.562
kiln_profile_paged_layer layer=9 kind=linear seq_len=23 start_pos=0 elapsed_ms=144.038
kiln_profile_gdn_stage layer=9 stage=gates seq_len=23 start_pos=0 elapsed_ms=42.241
kiln_profile_gdn_stage layer=9 stage=gates seq_len=23 start_pos=0 elapsed_ms=25.792
kiln_profile_gdn_stage layer=9 stage=recurrent seq_len=23 start_pos=0 elapsed_ms=3.275
kiln_profile_gdn_stage layer=9 stage=post_transpose seq_len=23 start_pos=0 elapsed_ms=0.000
kiln_profile_gdn_stage layer=9 stage=recurrent seq_len=23 start_pos=0 elapsed_ms=3.610
kiln_profile_gdn_stage layer=9 stage=post_transpose seq_len=23 start_pos=0 elapsed_ms=0.000
kiln_profile_gdn_stage layer=10 stage=in_proj seq_len=23 start_pos=0 elapsed_ms=23.213
kiln_profile_gdn_stage layer=10 stage=conv seq_len=23 start_pos=0 elapsed_ms=2.129
kiln_profile_gdn_stage layer=10 stage=qkv_split seq_len=23 start_pos=0 elapsed_ms=0.118
kiln_profile_gdn_stage layer=10 stage=out_proj seq_len=23 start_pos=0 elapsed_ms=24.046
kiln_profile_gdn_stage layer=10 stage=qk_norm seq_len=23 start_pos=0 elapsed_ms=0.231
kiln_profile_gdn_stage layer=9 stage=out_proj seq_len=23 start_pos=0 elapsed_ms=43.416
kiln_profile_gdn_stage layer=10 stage=in_proj seq_len=23 start_pos=0 elapsed_ms=24.074
kiln_profile_gdn_stage layer=10 stage=conv seq_len=23 start_pos=0 elapsed_ms=2.109
kiln_profile_gdn_stage layer=10 stage=qkv_split seq_len=23 start_pos=0 elapsed_ms=0.128
kiln_profile_gdn_stage layer=9 stage=gated_norm seq_len=23 start_pos=0 elapsed_ms=54.305
kiln_profile_gdn_stage layer=10 stage=qk_norm seq_len=23 start_pos=0 elapsed_ms=0.231
kiln_profile_gdn_stage layer=10 stage=in_proj seq_len=23 start_pos=0 elapsed_ms=24.668
kiln_profile_gdn_stage layer=10 stage=conv seq_len=23 start_pos=0 elapsed_ms=2.055
kiln_profile_gdn_stage layer=10 stage=qkv_split seq_len=23 start_pos=0 elapsed_ms=0.118
kiln_profile_gdn_stage layer=9 stage=gated_norm seq_len=23 start_pos=0 elapsed_ms=23.599
kiln_profile_gdn_stage layer=10 stage=qk_norm seq_len=23 start_pos=0 elapsed_ms=0.208
kiln_profile_gdn_stage layer=9 stage=gated_norm seq_len=23 start_pos=0 elapsed_ms=23.887
kiln_profile_mlp_stage layer=10 stage=fused seq_len=23 start_pos=0 elapsed_ms=29.363
kiln_profile_paged_layer layer=10 kind=linear seq_len=23 start_pos=0 elapsed_ms=141.188
kiln_profile_mlp_stage layer=9 stage=fused seq_len=23 start_pos=0 elapsed_ms=36.699
kiln_profile_paged_layer layer=9 kind=linear seq_len=23 start_pos=0 elapsed_ms=177.566
kiln_profile_gdn_stage layer=10 stage=gates seq_len=23 start_pos=0 elapsed_ms=27.518
kiln_profile_gdn_stage layer=9 stage=out_proj seq_len=23 start_pos=0 elapsed_ms=20.158
kiln_profile_gdn_stage layer=10 stage=gates seq_len=23 start_pos=0 elapsed_ms=20.371
kiln_profile_gdn_stage layer=9 stage=out_proj seq_len=23 start_pos=0 elapsed_ms=20.609
kiln_profile_gdn_stage layer=10 stage=recurrent seq_len=23 start_pos=0 elapsed_ms=3.218
kiln_profile_gdn_stage layer=10 stage=post_transpose seq_len=23 start_pos=0 elapsed_ms=0.000
kiln_profile_gdn_stage layer=10 stage=gates seq_len=23 start_pos=0 elapsed_ms=41.536
kiln_profile_gdn_stage layer=10 stage=recurrent seq_len=23 start_pos=0 elapsed_ms=4.008
kiln_profile_gdn_stage layer=10 stage=post_transpose seq_len=23 start_pos=0 elapsed_ms=0.000
kiln_profile_gdn_stage layer=10 stage=recurrent seq_len=23 start_pos=0 elapsed_ms=3.846
kiln_profile_gdn_stage layer=10 stage=post_transpose seq_len=23 start_pos=0 elapsed_ms=0.000
kiln_profile_gdn_stage layer=9 stage=out_proj seq_len=23 start_pos=0 elapsed_ms=40.334
kiln_profile_gdn_stage layer=10 stage=in_proj seq_len=23 start_pos=0 elapsed_ms=19.703
kiln_profile_gdn_stage layer=10 stage=conv seq_len=23 start_pos=0 elapsed_ms=2.135
kiln_profile_gdn_stage layer=10 stage=qkv_split seq_len=23 start_pos=0 elapsed_ms=0.169
kiln_profile_gdn_stage layer=10 stage=qk_norm seq_len=23 start_pos=0 elapsed_ms=0.206
kiln_profile_mlp_stage layer=9 stage=fused seq_len=23 start_pos=0 elapsed_ms=28.564
kiln_profile_paged_layer layer=9 kind=linear seq_len=23 start_pos=0 elapsed_ms=117.557
kiln_profile_gdn_stage layer=10 stage=gated_norm seq_len=23 start_pos=0 elapsed_ms=26.406
kiln_profile_gdn_stage layer=10 stage=gated_norm seq_len=23 start_pos=0 elapsed_ms=27.037
kiln_profile_mlp_stage layer=9 stage=fused seq_len=23 start_pos=0 elapsed_ms=29.208
kiln_profile_paged_layer layer=9 kind=linear seq_len=23 start_pos=0 elapsed_ms=183.594
kiln_profile_gdn_stage layer=10 stage=gates seq_len=23 start_pos=0 elapsed_ms=20.116
kiln_profile_full_attn_stage full_attn_layer=2 stage=qkv_proj seq_len=23 start_pos=0 elapsed_ms=51.723
kiln_profile_full_attn_stage full_attn_layer=2 stage=qkv_split seq_len=23 start_pos=0 elapsed_ms=0.060
kiln_profile_full_attn_stage full_attn_layer=2 stage=qk_norm seq_len=23 start_pos=0 elapsed_ms=0.227
kiln_profile_full_attn_stage full_attn_layer=2 stage=rope seq_len=23 start_pos=0 elapsed_ms=0.291
kiln_profile_full_attn_stage full_attn_layer=2 stage=q_transpose seq_len=23 start_pos=0 elapsed_ms=0.093
kiln_profile_full_attn_stage full_attn_layer=2 stage=kv_write seq_len=23 start_pos=0 elapsed_ms=0.189
kiln_profile_full_attn_stage full_attn_layer=2 stage=kv_read seq_len=23 start_pos=0 elapsed_ms=0.009
kiln_profile_gdn_stage layer=10 stage=gated_norm seq_len=23 start_pos=0 elapsed_ms=41.734
kiln_profile_gdn_stage layer=10 stage=recurrent seq_len=23 start_pos=0 elapsed_ms=3.383
kiln_profile_gdn_stage layer=10 stage=post_transpose seq_len=23 start_pos=0 elapsed_ms=0.000
kiln_profile_gdn_stage layer=10 stage=in_proj seq_len=23 start_pos=0 elapsed_ms=19.911
kiln_profile_gdn_stage layer=10 stage=conv seq_len=23 start_pos=0 elapsed_ms=2.070
kiln_profile_gdn_stage layer=10 stage=qkv_split seq_len=23 start_pos=0 elapsed_ms=0.128
kiln_profile_gdn_stage layer=10 stage=out_proj seq_len=23 start_pos=0 elapsed_ms=21.692
kiln_profile_gdn_stage layer=10 stage=qk_norm seq_len=23 start_pos=0 elapsed_ms=0.195
kiln_profile_gdn_stage layer=10 stage=out_proj seq_len=23 start_pos=0 elapsed_ms=21.558
kiln_profile_mlp_stage layer=9 stage=fused seq_len=23 start_pos=0 elapsed_ms=57.191
kiln_profile_paged_layer layer=9 kind=linear seq_len=23 start_pos=0 elapsed_ms=167.339
kiln_profile_gdn_stage layer=10 stage=in_proj seq_len=23 start_pos=0 elapsed_ms=20.861
kiln_profile_gdn_stage layer=10 stage=conv seq_len=23 start_pos=0 elapsed_ms=1.986
kiln_profile_gdn_stage layer=10 stage=qkv_split seq_len=23 start_pos=0 elapsed_ms=0.134
kiln_profile_gdn_stage layer=10 stage=qk_norm seq_len=23 start_pos=0 elapsed_ms=0.193
kiln_profile_gdn_stage layer=10 stage=out_proj seq_len=23 start_pos=0 elapsed_ms=21.638
kiln_profile_gdn_stage layer=10 stage=gated_norm seq_len=23 start_pos=0 elapsed_ms=22.765
kiln_profile_gdn_stage layer=10 stage=gates seq_len=23 start_pos=0 elapsed_ms=14.531
kiln_profile_gdn_stage layer=10 stage=recurrent seq_len=23 start_pos=0 elapsed_ms=3.219
kiln_profile_gdn_stage layer=10 stage=post_transpose seq_len=23 start_pos=0 elapsed_ms=0.000
kiln_profile_mlp_stage layer=10 stage=fused seq_len=23 start_pos=0 elapsed_ms=22.828
kiln_profile_paged_layer layer=10 kind=linear seq_len=23 start_pos=0 elapsed_ms=122.695
kiln_profile_gdn_stage layer=10 stage=in_proj seq_len=23 start_pos=0 elapsed_ms=25.417
kiln_profile_gdn_stage layer=10 stage=out_proj seq_len=23 start_pos=0 elapsed_ms=17.889
kiln_profile_gdn_stage layer=10 stage=conv seq_len=23 start_pos=0 elapsed_ms=1.999
kiln_profile_gdn_stage layer=10 stage=qkv_split seq_len=23 start_pos=0 elapsed_ms=0.121
kiln_profile_gdn_stage layer=10 stage=qk_norm seq_len=23 start_pos=0 elapsed_ms=0.210
kiln_profile_gdn_stage layer=10 stage=gates seq_len=23 start_pos=0 elapsed_ms=26.764
kiln_profile_gdn_stage layer=10 stage=recurrent seq_len=23 start_pos=0 elapsed_ms=3.249
kiln_profile_gdn_stage layer=10 stage=post_transpose seq_len=23 start_pos=0 elapsed_ms=0.000
kiln_profile_mlp_stage layer=10 stage=fused seq_len=23 start_pos=0 elapsed_ms=33.398
kiln_profile_paged_layer layer=10 kind=linear seq_len=23 start_pos=0 elapsed_ms=154.406
kiln_profile_gdn_stage layer=10 stage=gated_norm seq_len=23 start_pos=0 elapsed_ms=29.998
kiln_profile_mlp_stage layer=11 stage=fused seq_len=23 start_pos=0 elapsed_ms=46.023
kiln_profile_paged_layer layer=11 kind=full seq_len=23 start_pos=0 elapsed_ms=120.024
kiln_profile_gdn_stage layer=10 stage=gates seq_len=23 start_pos=0 elapsed_ms=29.013
kiln_profile_gdn_stage layer=10 stage=recurrent seq_len=23 start_pos=0 elapsed_ms=2.916
kiln_profile_gdn_stage layer=10 stage=post_transpose seq_len=23 start_pos=0 elapsed_ms=0.000
kiln_profile_gdn_stage layer=10 stage=gated_norm seq_len=23 start_pos=0 elapsed_ms=26.895
kiln_profile_gdn_stage layer=10 stage=out_proj seq_len=23 start_pos=0 elapsed_ms=29.040
kiln_profile_gdn_stage layer=12 stage=in_proj seq_len=23 start_pos=0 elapsed_ms=27.488
kiln_profile_gdn_stage layer=12 stage=conv seq_len=23 start_pos=0 elapsed_ms=2.007
kiln_profile_gdn_stage layer=12 stage=qkv_split seq_len=23 start_pos=0 elapsed_ms=0.137
kiln_profile_gdn_stage layer=12 stage=qk_norm seq_len=23 start_pos=0 elapsed_ms=0.224
kiln_profile_mlp_stage layer=10 stage=fused seq_len=23 start_pos=0 elapsed_ms=56.264
kiln_profile_paged_layer layer=10 kind=linear seq_len=23 start_pos=0 elapsed_ms=142.955
kiln_profile_mlp_stage layer=10 stage=fused seq_len=23 start_pos=0 elapsed_ms=89.580
kiln_profile_paged_layer layer=10 kind=linear seq_len=23 start_pos=0 elapsed_ms=209.602
kiln_profile_gdn_stage layer=10 stage=gated_norm seq_len=23 start_pos=0 elapsed_ms=28.241
kiln_profile_gdn_stage layer=10 stage=out_proj seq_len=23 start_pos=0 elapsed_ms=26.743
kiln_profile_mlp_stage layer=10 stage=fused seq_len=23 start_pos=0 elapsed_ms=25.834
kiln_profile_paged_layer layer=10 kind=linear seq_len=23 start_pos=0 elapsed_ms=125.270
kiln_profile_gdn_stage layer=12 stage=gates seq_len=23 start_pos=0 elapsed_ms=16.154
kiln_profile_gdn_stage layer=12 stage=recurrent seq_len=23 start_pos=0 elapsed_ms=3.182
kiln_profile_gdn_stage layer=12 stage=post_transpose seq_len=23 start_pos=0 elapsed_ms=0.000
kiln_profile_gdn_stage layer=10 stage=out_proj seq_len=23 start_pos=0 elapsed_ms=26.484
kiln_profile_full_attn_stage full_attn_layer=2 stage=qkv_proj seq_len=23 start_pos=0 elapsed_ms=78.751
kiln_profile_full_attn_stage full_attn_layer=2 stage=qkv_split seq_len=23 start_pos=0 elapsed_ms=0.061
kiln_profile_full_attn_stage full_attn_layer=2 stage=qk_norm seq_len=23 start_pos=0 elapsed_ms=0.228
kiln_profile_full_attn_stage full_attn_layer=2 stage=qkv_proj seq_len=23 start_pos=0 elapsed_ms=102.305
kiln_profile_full_attn_stage full_attn_layer=2 stage=rope seq_len=23 start_pos=0 elapsed_ms=0.301
kiln_profile_full_attn_stage full_attn_layer=2 stage=qkv_split seq_len=23 start_pos=0 elapsed_ms=0.152
kiln_profile_full_attn_stage full_attn_layer=2 stage=q_transpose seq_len=23 start_pos=0 elapsed_ms=0.128
kiln_profile_full_attn_stage full_attn_layer=2 stage=kv_write seq_len=23 start_pos=0 elapsed_ms=0.070
kiln_profile_full_attn_stage full_attn_layer=2 stage=kv_read seq_len=23 start_pos=0 elapsed_ms=0.017
kiln_profile_full_attn_stage full_attn_layer=2 stage=qk_norm seq_len=23 start_pos=0 elapsed_ms=0.403
kiln_profile_full_attn_stage full_attn_layer=2 stage=rope seq_len=23 start_pos=0 elapsed_ms=0.350
kiln_profile_full_attn_stage full_attn_layer=2 stage=q_transpose seq_len=23 start_pos=0 elapsed_ms=0.133
kiln_profile_full_attn_stage full_attn_layer=2 stage=kv_write seq_len=23 start_pos=0 elapsed_ms=0.056
kiln_profile_full_attn_stage full_attn_layer=2 stage=kv_read seq_len=23 start_pos=0 elapsed_ms=0.011
kiln_profile_gdn_stage layer=12 stage=gated_norm seq_len=23 start_pos=0 elapsed_ms=28.531
kiln_profile_mlp_stage layer=10 stage=fused seq_len=23 start_pos=0 elapsed_ms=44.087
kiln_profile_paged_layer layer=10 kind=linear seq_len=23 start_pos=0 elapsed_ms=151.243
kiln_profile_mlp_stage layer=10 stage=fused seq_len=23 start_pos=0 elapsed_ms=27.109
kiln_profile_paged_layer layer=10 kind=linear seq_len=23 start_pos=0 elapsed_ms=141.902
kiln_profile_full_attn_stage full_attn_layer=2 stage=qkv_proj seq_len=23 start_pos=0 elapsed_ms=60.866
kiln_profile_full_attn_stage full_attn_layer=2 stage=qkv_split seq_len=23 start_pos=0 elapsed_ms=0.065
kiln_profile_full_attn_stage full_attn_layer=2 stage=qk_norm seq_len=23 start_pos=0 elapsed_ms=0.225
kiln_profile_full_attn_stage full_attn_layer=2 stage=rope seq_len=23 start_pos=0 elapsed_ms=0.284
kiln_profile_full_attn_stage full_attn_layer=2 stage=q_transpose seq_len=23 start_pos=0 elapsed_ms=0.070
kiln_profile_full_attn_stage full_attn_layer=2 stage=kv_write seq_len=23 start_pos=0 elapsed_ms=0.026
kiln_profile_full_attn_stage full_attn_layer=2 stage=kv_read seq_len=23 start_pos=0 elapsed_ms=0.007
kiln_profile_gdn_stage layer=12 stage=out_proj seq_len=23 start_pos=0 elapsed_ms=16.451
kiln_profile_full_attn_stage full_attn_layer=2 stage=qkv_proj seq_len=23 start_pos=0 elapsed_ms=60.270
kiln_profile_full_attn_stage full_attn_layer=2 stage=qkv_split seq_len=23 start_pos=0 elapsed_ms=0.064
kiln_profile_full_attn_stage full_attn_layer=2 stage=qk_norm seq_len=23 start_pos=0 elapsed_ms=0.378
kiln_profile_full_attn_stage full_attn_layer=2 stage=rope seq_len=23 start_pos=0 elapsed_ms=0.455
kiln_profile_full_attn_stage full_attn_layer=2 stage=q_transpose seq_len=23 start_pos=0 elapsed_ms=0.097
kiln_profile_full_attn_stage full_attn_layer=2 stage=kv_write seq_len=23 start_pos=0 elapsed_ms=0.067
kiln_profile_full_attn_stage full_attn_layer=2 stage=kv_read seq_len=23 start_pos=0 elapsed_ms=0.009
kiln_profile_full_attn_stage full_attn_layer=2 stage=qkv_proj seq_len=23 start_pos=0 elapsed_ms=62.348
kiln_profile_full_attn_stage full_attn_layer=2 stage=qkv_split seq_len=23 start_pos=0 elapsed_ms=0.104
kiln_profile_full_attn_stage full_attn_layer=2 stage=qk_norm seq_len=23 start_pos=0 elapsed_ms=0.253
kiln_profile_full_attn_stage full_attn_layer=2 stage=rope seq_len=23 start_pos=0 elapsed_ms=0.293
kiln_profile_full_attn_stage full_attn_layer=2 stage=q_transpose seq_len=23 start_pos=0 elapsed_ms=0.100
kiln_profile_full_attn_stage full_attn_layer=2 stage=kv_write seq_len=23 start_pos=0 elapsed_ms=0.050
kiln_profile_full_attn_stage full_attn_layer=2 stage=kv_read seq_len=23 start_pos=0 elapsed_ms=0.017
kiln_profile_mlp_stage layer=12 stage=fused seq_len=23 start_pos=0 elapsed_ms=29.605
kiln_profile_paged_layer layer=12 kind=linear seq_len=23 start_pos=0 elapsed_ms=124.110
kiln_profile_mlp_stage layer=11 stage=fused seq_len=23 start_pos=0 elapsed_ms=43.808
kiln_profile_paged_layer layer=11 kind=full seq_len=23 start_pos=0 elapsed_ms=168.925
kiln_profile_mlp_stage layer=11 stage=fused seq_len=23 start_pos=0 elapsed_ms=29.717
kiln_profile_paged_layer layer=11 kind=full seq_len=23 start_pos=0 elapsed_ms=113.916
kiln_profile_full_attn_stage full_attn_layer=2 stage=qkv_proj seq_len=23 start_pos=0 elapsed_ms=63.889
kiln_profile_full_attn_stage full_attn_layer=2 stage=qkv_split seq_len=23 start_pos=0 elapsed_ms=0.058
kiln_profile_full_attn_stage full_attn_layer=2 stage=qk_norm seq_len=23 start_pos=0 elapsed_ms=0.226
kiln_profile_full_attn_stage full_attn_layer=2 stage=rope seq_len=23 start_pos=0 elapsed_ms=0.289
kiln_profile_full_attn_stage full_attn_layer=2 stage=qkv_proj seq_len=23 start_pos=0 elapsed_ms=56.721
kiln_profile_full_attn_stage full_attn_layer=2 stage=q_transpose seq_len=23 start_pos=0 elapsed_ms=0.084
kiln_profile_full_attn_stage full_attn_layer=2 stage=qkv_split seq_len=23 start_pos=0 elapsed_ms=0.083
kiln_profile_full_attn_stage full_attn_layer=2 stage=kv_write seq_len=23 start_pos=0 elapsed_ms=0.052
kiln_profile_full_attn_stage full_attn_layer=2 stage=kv_read seq_len=23 start_pos=0 elapsed_ms=0.009
kiln_profile_full_attn_stage full_attn_layer=2 stage=qk_norm seq_len=23 start_pos=0 elapsed_ms=0.224
kiln_profile_full_attn_stage full_attn_layer=2 stage=rope seq_len=23 start_pos=0 elapsed_ms=0.304
kiln_profile_full_attn_stage full_attn_layer=2 stage=q_transpose seq_len=23 start_pos=0 elapsed_ms=0.072
kiln_profile_full_attn_stage full_attn_layer=2 stage=kv_write seq_len=23 start_pos=0 elapsed_ms=0.056
kiln_profile_full_attn_stage full_attn_layer=2 stage=kv_read seq_len=23 start_pos=0 elapsed_ms=0.010
kiln_profile_mlp_stage layer=11 stage=fused seq_len=23 start_pos=0 elapsed_ms=48.506
kiln_profile_paged_layer layer=11 kind=full seq_len=23 start_pos=0 elapsed_ms=160.461
kiln_profile_mlp_stage layer=11 stage=fused seq_len=23 start_pos=0 elapsed_ms=25.231
kiln_profile_paged_layer layer=11 kind=full seq_len=23 start_pos=0 elapsed_ms=111.620
kiln_profile_gdn_stage layer=13 stage=in_proj seq_len=23 start_pos=0 elapsed_ms=39.925
kiln_profile_gdn_stage layer=13 stage=conv seq_len=23 start_pos=0 elapsed_ms=2.068
kiln_profile_gdn_stage layer=13 stage=qkv_split seq_len=23 start_pos=0 elapsed_ms=0.159
kiln_profile_gdn_stage layer=13 stage=qk_norm seq_len=23 start_pos=0 elapsed_ms=0.240
kiln_profile_mlp_stage layer=11 stage=fused seq_len=23 start_pos=0 elapsed_ms=35.253
kiln_profile_paged_layer layer=11 kind=full seq_len=23 start_pos=0 elapsed_ms=138.016
kiln_profile_gdn_stage layer=12 stage=in_proj seq_len=23 start_pos=0 elapsed_ms=33.075
kiln_profile_gdn_stage layer=12 stage=conv seq_len=23 start_pos=0 elapsed_ms=2.010
kiln_profile_gdn_stage layer=12 stage=qkv_split seq_len=23 start_pos=0 elapsed_ms=0.121
kiln_profile_gdn_stage layer=12 stage=qk_norm seq_len=23 start_pos=0 elapsed_ms=0.222
kiln_profile_gdn_stage layer=12 stage=in_proj seq_len=23 start_pos=0 elapsed_ms=55.998
kiln_profile_gdn_stage layer=12 stage=conv seq_len=23 start_pos=0 elapsed_ms=2.000
kiln_profile_gdn_stage layer=12 stage=qkv_split seq_len=23 start_pos=0 elapsed_ms=0.122
kiln_profile_gdn_stage layer=12 stage=qk_norm seq_len=23 start_pos=0 elapsed_ms=0.196
kiln_profile_gdn_stage layer=12 stage=in_proj seq_len=23 start_pos=0 elapsed_ms=41.662
kiln_profile_gdn_stage layer=12 stage=conv seq_len=23 start_pos=0 elapsed_ms=2.073
kiln_profile_gdn_stage layer=12 stage=qkv_split seq_len=23 start_pos=0 elapsed_ms=0.127
kiln_profile_gdn_stage layer=12 stage=qk_norm seq_len=23 start_pos=0 elapsed_ms=0.204
kiln_profile_gdn_stage layer=12 stage=in_proj seq_len=23 start_pos=0 elapsed_ms=61.481
kiln_profile_gdn_stage layer=13 stage=gates seq_len=23 start_pos=0 elapsed_ms=41.380
kiln_profile_gdn_stage layer=12 stage=conv seq_len=23 start_pos=0 elapsed_ms=2.024
kiln_profile_gdn_stage layer=12 stage=qkv_split seq_len=23 start_pos=0 elapsed_ms=0.129
kiln_profile_gdn_stage layer=12 stage=qk_norm seq_len=23 start_pos=0 elapsed_ms=0.205
kiln_profile_gdn_stage layer=13 stage=recurrent seq_len=23 start_pos=0 elapsed_ms=3.687
kiln_profile_gdn_stage layer=13 stage=post_transpose seq_len=23 start_pos=0 elapsed_ms=0.000
kiln_profile_gdn_stage layer=12 stage=in_proj seq_len=23 start_pos=0 elapsed_ms=39.558
kiln_profile_gdn_stage layer=12 stage=conv seq_len=23 start_pos=0 elapsed_ms=2.070
kiln_profile_gdn_stage layer=12 stage=qkv_split seq_len=23 start_pos=0 elapsed_ms=0.139
kiln_profile_gdn_stage layer=12 stage=qk_norm seq_len=23 start_pos=0 elapsed_ms=0.226
kiln_profile_mlp_stage layer=11 stage=fused seq_len=23 start_pos=0 elapsed_ms=45.561
kiln_profile_paged_layer layer=11 kind=full seq_len=23 start_pos=0 elapsed_ms=137.737
kiln_profile_gdn_stage layer=12 stage=gates seq_len=23 start_pos=0 elapsed_ms=34.996
kiln_profile_gdn_stage layer=12 stage=gates seq_len=23 start_pos=0 elapsed_ms=26.876
kiln_profile_gdn_stage layer=12 stage=gates seq_len=23 start_pos=0 elapsed_ms=18.691
kiln_profile_gdn_stage layer=12 stage=gates seq_len=23 start_pos=0 elapsed_ms=11.076
kiln_profile_gdn_stage layer=13 stage=gated_norm seq_len=23 start_pos=0 elapsed_ms=10.488
kiln_profile_gdn_stage layer=12 stage=recurrent seq_len=23 start_pos=0 elapsed_ms=4.552
kiln_profile_gdn_stage layer=12 stage=post_transpose seq_len=23 start_pos=0 elapsed_ms=0.002
kiln_profile_gdn_stage layer=12 stage=recurrent seq_len=23 start_pos=0 elapsed_ms=4.478
kiln_profile_gdn_stage layer=12 stage=post_transpose seq_len=23 start_pos=0 elapsed_ms=0.000
kiln_profile_gdn_stage layer=12 stage=recurrent seq_len=23 start_pos=0 elapsed_ms=4.624
kiln_profile_gdn_stage layer=12 stage=recurrent seq_len=23 start_pos=0 elapsed_ms=4.793
kiln_profile_gdn_stage layer=12 stage=post_transpose seq_len=23 start_pos=0 elapsed_ms=0.000
kiln_profile_gdn_stage layer=12 stage=post_transpose seq_len=23 start_pos=0 elapsed_ms=0.001
kiln_profile_mlp_stage layer=11 stage=fused seq_len=23 start_pos=0 elapsed_ms=54.693
kiln_profile_paged_layer layer=11 kind=full seq_len=23 start_pos=0 elapsed_ms=140.725
kiln_profile_gdn_stage layer=12 stage=in_proj seq_len=23 start_pos=0 elapsed_ms=17.538
kiln_profile_gdn_stage layer=13 stage=out_proj seq_len=23 start_pos=0 elapsed_ms=17.193
kiln_profile_gdn_stage layer=12 stage=gates seq_len=23 start_pos=0 elapsed_ms=25.069
kiln_profile_gdn_stage layer=12 stage=conv seq_len=23 start_pos=0 elapsed_ms=2.445
kiln_profile_gdn_stage layer=12 stage=qkv_split seq_len=23 start_pos=0 elapsed_ms=0.130
kiln_profile_gdn_stage layer=12 stage=qk_norm seq_len=23 start_pos=0 elapsed_ms=0.206
kiln_profile_gdn_stage layer=12 stage=gated_norm seq_len=23 start_pos=0 elapsed_ms=16.499
kiln_profile_gdn_stage layer=12 stage=gated_norm seq_len=23 start_pos=0 elapsed_ms=16.795
kiln_profile_gdn_stage layer=12 stage=recurrent seq_len=23 start_pos=0 elapsed_ms=3.304
kiln_profile_gdn_stage layer=12 stage=post_transpose seq_len=23 start_pos=0 elapsed_ms=0.000
kiln_profile_gdn_stage layer=12 stage=gated_norm seq_len=23 start_pos=0 elapsed_ms=17.845
kiln_profile_gdn_stage layer=12 stage=gated_norm seq_len=23 start_pos=0 elapsed_ms=18.568
kiln_profile_gdn_stage layer=12 stage=in_proj seq_len=23 start_pos=0 elapsed_ms=16.850
kiln_profile_gdn_stage layer=12 stage=conv seq_len=23 start_pos=0 elapsed_ms=2.001
kiln_profile_gdn_stage layer=12 stage=qkv_split seq_len=23 start_pos=0 elapsed_ms=0.115
kiln_profile_gdn_stage layer=12 stage=qk_norm seq_len=23 start_pos=0 elapsed_ms=0.198
kiln_profile_gdn_stage layer=12 stage=out_proj seq_len=23 start_pos=0 elapsed_ms=9.213
kiln_profile_gdn_stage layer=12 stage=out_proj seq_len=23 start_pos=0 elapsed_ms=10.296
kiln_profile_gdn_stage layer=12 stage=gates seq_len=23 start_pos=0 elapsed_ms=12.361
kiln_profile_gdn_stage layer=12 stage=recurrent seq_len=23 start_pos=0 elapsed_ms=3.708
kiln_profile_gdn_stage layer=12 stage=post_transpose seq_len=23 start_pos=0 elapsed_ms=0.000
kiln_profile_mlp_stage layer=13 stage=fused seq_len=23 start_pos=0 elapsed_ms=21.545
kiln_profile_paged_layer layer=13 kind=linear seq_len=23 start_pos=0 elapsed_ms=137.074
kiln_profile_gdn_stage layer=12 stage=out_proj seq_len=23 start_pos=0 elapsed_ms=19.375
kiln_profile_gdn_stage layer=12 stage=gated_norm seq_len=23 start_pos=0 elapsed_ms=21.866
kiln_profile_gdn_stage layer=12 stage=gates seq_len=23 start_pos=0 elapsed_ms=15.063
kiln_profile_gdn_stage layer=12 stage=recurrent seq_len=23 start_pos=0 elapsed_ms=2.795
kiln_profile_gdn_stage layer=12 stage=post_transpose seq_len=23 start_pos=0 elapsed_ms=0.000
kiln_profile_mlp_stage layer=12 stage=fused seq_len=23 start_pos=0 elapsed_ms=26.507
kiln_profile_paged_layer layer=12 kind=linear seq_len=23 start_pos=0 elapsed_ms=133.320
kiln_profile_gdn_stage layer=12 stage=gated_norm seq_len=23 start_pos=0 elapsed_ms=24.110
kiln_profile_gdn_stage layer=14 stage=in_proj seq_len=23 start_pos=0 elapsed_ms=26.138
kiln_profile_gdn_stage layer=14 stage=conv seq_len=23 start_pos=0 elapsed_ms=2.030
kiln_profile_gdn_stage layer=14 stage=qkv_split seq_len=23 start_pos=0 elapsed_ms=0.133
kiln_profile_gdn_stage layer=14 stage=qk_norm seq_len=23 start_pos=0 elapsed_ms=0.212
kiln_profile_gdn_stage layer=12 stage=out_proj seq_len=23 start_pos=0 elapsed_ms=25.217
kiln_profile_mlp_stage layer=12 stage=fused seq_len=23 start_pos=0 elapsed_ms=34.143
kiln_profile_paged_layer layer=12 kind=linear seq_len=23 start_pos=0 elapsed_ms=162.402
kiln_profile_gdn_stage layer=12 stage=gated_norm seq_len=23 start_pos=0 elapsed_ms=31.076
kiln_profile_gdn_stage layer=12 stage=out_proj seq_len=23 start_pos=0 elapsed_ms=57.119
kiln_profile_gdn_stage layer=13 stage=in_proj seq_len=23 start_pos=0 elapsed_ms=28.504
kiln_profile_gdn_stage layer=12 stage=out_proj seq_len=23 start_pos=0 elapsed_ms=28.575
kiln_profile_gdn_stage layer=14 stage=gates seq_len=23 start_pos=0 elapsed_ms=19.394
kiln_profile_gdn_stage layer=13 stage=conv seq_len=23 start_pos=0 elapsed_ms=2.054
kiln_profile_gdn_stage layer=13 stage=qkv_split seq_len=23 start_pos=0 elapsed_ms=0.136
kiln_profile_gdn_stage layer=13 stage=qk_norm seq_len=23 start_pos=0 elapsed_ms=0.205
kiln_profile_mlp_stage layer=12 stage=fused seq_len=23 start_pos=0 elapsed_ms=61.443
kiln_profile_paged_layer layer=12 kind=linear seq_len=23 start_pos=0 elapsed_ms=162.481
kiln_profile_gdn_stage layer=14 stage=recurrent seq_len=23 start_pos=0 elapsed_ms=3.289
kiln_profile_gdn_stage layer=14 stage=post_transpose seq_len=23 start_pos=0 elapsed_ms=0.001
kiln_profile_gdn_stage layer=13 stage=in_proj seq_len=23 start_pos=0 elapsed_ms=26.725
kiln_profile_gdn_stage layer=13 stage=conv seq_len=23 start_pos=0 elapsed_ms=2.061
kiln_profile_gdn_stage layer=13 stage=qkv_split seq_len=23 start_pos=0 elapsed_ms=0.130
kiln_profile_gdn_stage layer=13 stage=qk_norm seq_len=23 start_pos=0 elapsed_ms=0.196
kiln_profile_gdn_stage layer=12 stage=out_proj seq_len=23 start_pos=0 elapsed_ms=27.782
kiln_profile_gdn_stage layer=13 stage=gates seq_len=23 start_pos=0 elapsed_ms=22.376
kiln_profile_gdn_stage layer=13 stage=recurrent seq_len=23 start_pos=0 elapsed_ms=2.995
kiln_profile_gdn_stage layer=13 stage=post_transpose seq_len=23 start_pos=0 elapsed_ms=0.000
kiln_profile_gdn_stage layer=13 stage=in_proj seq_len=23 start_pos=0 elapsed_ms=26.854
kiln_profile_gdn_stage layer=13 stage=conv seq_len=23 start_pos=0 elapsed_ms=2.080
kiln_profile_gdn_stage layer=13 stage=qkv_split seq_len=23 start_pos=0 elapsed_ms=0.127
kiln_profile_gdn_stage layer=13 stage=qk_norm seq_len=23 start_pos=0 elapsed_ms=0.215
kiln_profile_mlp_stage layer=12 stage=fused seq_len=23 start_pos=0 elapsed_ms=53.074
kiln_profile_paged_layer layer=12 kind=linear seq_len=23 start_pos=0 elapsed_ms=170.832
kiln_profile_mlp_stage layer=12 stage=fused seq_len=23 start_pos=0 elapsed_ms=52.099
kiln_profile_paged_layer layer=12 kind=linear seq_len=23 start_pos=0 elapsed_ms=194.874
kiln_profile_gdn_stage layer=13 stage=gates seq_len=23 start_pos=0 elapsed_ms=26.096
kiln_profile_gdn_stage layer=13 stage=recurrent seq_len=23 start_pos=0 elapsed_ms=3.204
kiln_profile_gdn_stage layer=13 stage=post_transpose seq_len=23 start_pos=0 elapsed_ms=0.000
kiln_profile_mlp_stage layer=12 stage=fused seq_len=23 start_pos=0 elapsed_ms=46.859
kiln_profile_paged_layer layer=12 kind=linear seq_len=23 start_pos=0 elapsed_ms=136.274
kiln_profile_mlp_stage layer=12 stage=fused seq_len=23 start_pos=0 elapsed_ms=37.743
kiln_profile_paged_layer layer=12 kind=linear seq_len=23 start_pos=0 elapsed_ms=133.971
kiln_profile_gdn_stage layer=13 stage=gates seq_len=23 start_pos=0 elapsed_ms=23.324
kiln_profile_gdn_stage layer=13 stage=recurrent seq_len=23 start_pos=0 elapsed_ms=3.297
kiln_profile_gdn_stage layer=13 stage=post_transpose seq_len=23 start_pos=0 elapsed_ms=0.000
kiln_profile_gdn_stage layer=13 stage=in_proj seq_len=23 start_pos=0 elapsed_ms=25.962
kiln_profile_gdn_stage layer=14 stage=gated_norm seq_len=23 start_pos=0 elapsed_ms=58.511
kiln_profile_gdn_stage layer=13 stage=conv seq_len=23 start_pos=0 elapsed_ms=1.993
kiln_profile_gdn_stage layer=13 stage=qkv_split seq_len=23 start_pos=0 elapsed_ms=0.122
kiln_profile_gdn_stage layer=13 stage=qk_norm seq_len=23 start_pos=0 elapsed_ms=0.204
kiln_profile_gdn_stage layer=13 stage=in_proj seq_len=23 start_pos=0 elapsed_ms=26.155
kiln_profile_gdn_stage layer=13 stage=conv seq_len=23 start_pos=0 elapsed_ms=2.065
kiln_profile_gdn_stage layer=13 stage=qkv_split seq_len=23 start_pos=0 elapsed_ms=0.133
kiln_profile_gdn_stage layer=13 stage=qk_norm seq_len=23 start_pos=0 elapsed_ms=0.185
kiln_profile_gdn_stage layer=13 stage=in_proj seq_len=23 start_pos=0 elapsed_ms=27.275
kiln_profile_gdn_stage layer=13 stage=gated_norm seq_len=23 start_pos=0 elapsed_ms=50.117
kiln_profile_gdn_stage layer=13 stage=gated_norm seq_len=23 start_pos=0 elapsed_ms=30.175
kiln_profile_gdn_stage layer=13 stage=conv seq_len=23 start_pos=0 elapsed_ms=2.541
kiln_profile_gdn_stage layer=13 stage=qkv_split seq_len=23 start_pos=0 elapsed_ms=0.138
kiln_profile_gdn_stage layer=13 stage=qk_norm seq_len=23 start_pos=0 elapsed_ms=0.208
kiln_profile_gdn_stage layer=13 stage=in_proj seq_len=23 start_pos=0 elapsed_ms=28.315
kiln_profile_gdn_stage layer=13 stage=gated_norm seq_len=23 start_pos=0 elapsed_ms=26.860
kiln_profile_gdn_stage layer=13 stage=conv seq_len=23 start_pos=0 elapsed_ms=2.000
kiln_profile_gdn_stage layer=13 stage=qkv_split seq_len=23 start_pos=0 elapsed_ms=0.110
kiln_profile_gdn_stage layer=13 stage=qk_norm seq_len=23 start_pos=0 elapsed_ms=0.197
kiln_profile_gdn_stage layer=14 stage=out_proj seq_len=23 start_pos=0 elapsed_ms=26.437
kiln_profile_gdn_stage layer=13 stage=gates seq_len=23 start_pos=0 elapsed_ms=26.905
kiln_profile_gdn_stage layer=13 stage=gates seq_len=23 start_pos=0 elapsed_ms=17.693
kiln_profile_gdn_stage layer=13 stage=out_proj seq_len=23 start_pos=0 elapsed_ms=15.372
kiln_profile_gdn_stage layer=13 stage=recurrent seq_len=23 start_pos=0 elapsed_ms=3.638
kiln_profile_gdn_stage layer=13 stage=post_transpose seq_len=23 start_pos=0 elapsed_ms=0.000
kiln_profile_gdn_stage layer=13 stage=recurrent seq_len=23 start_pos=0 elapsed_ms=3.630
kiln_profile_gdn_stage layer=13 stage=post_transpose seq_len=23 start_pos=0 elapsed_ms=0.000
kiln_profile_gdn_stage layer=13 stage=out_proj seq_len=23 start_pos=0 elapsed_ms=16.439
kiln_profile_gdn_stage layer=13 stage=gates seq_len=23 start_pos=0 elapsed_ms=16.499
kiln_profile_gdn_stage layer=13 stage=out_proj seq_len=23 start_pos=0 elapsed_ms=9.945
kiln_profile_gdn_stage layer=13 stage=gates seq_len=23 start_pos=0 elapsed_ms=9.659
kiln_profile_gdn_stage layer=13 stage=recurrent seq_len=23 start_pos=0 elapsed_ms=2.729
kiln_profile_gdn_stage layer=13 stage=post_transpose seq_len=23 start_pos=0 elapsed_ms=0.000
kiln_profile_gdn_stage layer=13 stage=recurrent seq_len=23 start_pos=0 elapsed_ms=2.925
kiln_profile_gdn_stage layer=13 stage=post_transpose seq_len=23 start_pos=0 elapsed_ms=0.000
kiln_profile_mlp_stage layer=13 stage=fused seq_len=23 start_pos=0 elapsed_ms=18.550
kiln_profile_paged_layer layer=13 kind=linear seq_len=23 start_pos=0 elapsed_ms=140.655
kiln_profile_gdn_stage layer=13 stage=gated_norm seq_len=23 start_pos=0 elapsed_ms=23.941
kiln_profile_mlp_stage layer=14 stage=fused seq_len=23 start_pos=0 elapsed_ms=31.165
kiln_profile_paged_layer layer=14 kind=linear seq_len=23 start_pos=0 elapsed_ms=167.738
kiln_profile_mlp_stage layer=13 stage=fused seq_len=23 start_pos=0 elapsed_ms=32.016
kiln_profile_paged_layer layer=13 kind=linear seq_len=23 start_pos=0 elapsed_ms=125.058
kiln_profile_gdn_stage layer=13 stage=gated_norm seq_len=23 start_pos=0 elapsed_ms=30.753
kiln_profile_gdn_stage layer=13 stage=gated_norm seq_len=23 start_pos=0 elapsed_ms=38.345
kiln_profile_gdn_stage layer=14 stage=in_proj seq_len=23 start_pos=0 elapsed_ms=28.873
kiln_profile_gdn_stage layer=14 stage=conv seq_len=23 start_pos=0 elapsed_ms=2.011
kiln_profile_gdn_stage layer=14 stage=qkv_split seq_len=23 start_pos=0 elapsed_ms=0.128
kiln_profile_gdn_stage layer=14 stage=qk_norm seq_len=23 start_pos=0 elapsed_ms=0.196
kiln_profile_mlp_stage layer=13 stage=fused seq_len=23 start_pos=0 elapsed_ms=48.969
kiln_profile_paged_layer layer=13 kind=linear seq_len=23 start_pos=0 elapsed_ms=154.384
kiln_profile_gdn_stage layer=13 stage=out_proj seq_len=23 start_pos=0 elapsed_ms=26.582
kiln_profile_gdn_stage layer=13 stage=gated_norm seq_len=23 start_pos=0 elapsed_ms=55.397
kiln_profile_gdn_stage layer=14 stage=in_proj seq_len=23 start_pos=0 elapsed_ms=30.913
kiln_profile_gdn_stage layer=14 stage=conv seq_len=23 start_pos=0 elapsed_ms=1.993
kiln_profile_gdn_stage layer=14 stage=qkv_split seq_len=23 start_pos=0 elapsed_ms=0.125
kiln_profile_gdn_stage layer=14 stage=qk_norm seq_len=23 start_pos=0 elapsed_ms=0.219
kiln_profile_gdn_stage layer=13 stage=out_proj seq_len=23 start_pos=0 elapsed_ms=31.834
kiln_profile_gdn_stage layer=13 stage=out_proj seq_len=23 start_pos=0 elapsed_ms=31.823
kiln_profile_gdn_stage layer=14 stage=gates seq_len=23 start_pos=0 elapsed_ms=21.843
kiln_profile_gdn_stage layer=14 stage=recurrent seq_len=23 start_pos=0 elapsed_ms=3.057
kiln_profile_gdn_stage layer=14 stage=post_transpose seq_len=23 start_pos=0 elapsed_ms=0.000
kiln_profile_gdn_stage layer=14 stage=in_proj seq_len=23 start_pos=0 elapsed_ms=27.529
kiln_profile_gdn_stage layer=14 stage=conv seq_len=23 start_pos=0 elapsed_ms=2.026
kiln_profile_gdn_stage layer=14 stage=qkv_split seq_len=23 start_pos=0 elapsed_ms=0.157
kiln_profile_gdn_stage layer=14 stage=qk_norm seq_len=23 start_pos=0 elapsed_ms=0.217
kiln_profile_mlp_stage layer=13 stage=fused seq_len=23 start_pos=0 elapsed_ms=36.932
kiln_profile_paged_layer layer=13 kind=linear seq_len=23 start_pos=0 elapsed_ms=137.656
kiln_profile_gdn_stage layer=14 stage=gates seq_len=23 start_pos=0 elapsed_ms=19.971
kiln_profile_gdn_stage layer=14 stage=recurrent seq_len=23 start_pos=0 elapsed_ms=3.279
kiln_profile_gdn_stage layer=14 stage=post_transpose seq_len=23 start_pos=0 elapsed_ms=0.000
kiln_profile_mlp_stage layer=13 stage=fused seq_len=23 start_pos=0 elapsed_ms=30.884
kiln_profile_paged_layer layer=13 kind=linear seq_len=23 start_pos=0 elapsed_ms=160.260
kiln_profile_full_attn_stage full_attn_layer=3 stage=qkv_proj seq_len=23 start_pos=0 elapsed_ms=75.076
kiln_profile_full_attn_stage full_attn_layer=3 stage=qkv_split seq_len=23 start_pos=0 elapsed_ms=0.077
kiln_profile_full_attn_stage full_attn_layer=3 stage=qk_norm seq_len=23 start_pos=0 elapsed_ms=0.234
kiln_profile_full_attn_stage full_attn_layer=3 stage=rope seq_len=23 start_pos=0 elapsed_ms=0.281
kiln_profile_full_attn_stage full_attn_layer=3 stage=q_transpose seq_len=23 start_pos=0 elapsed_ms=0.072
kiln_profile_full_attn_stage full_attn_layer=3 stage=kv_write seq_len=23 start_pos=0 elapsed_ms=0.051
kiln_profile_full_attn_stage full_attn_layer=3 stage=kv_read seq_len=23 start_pos=0 elapsed_ms=0.007
kiln_profile_gdn_stage layer=13 stage=out_proj seq_len=23 start_pos=0 elapsed_ms=44.784
kiln_profile_gdn_stage layer=14 stage=gates seq_len=23 start_pos=0 elapsed_ms=24.250
kiln_profile_gdn_stage layer=14 stage=recurrent seq_len=23 start_pos=0 elapsed_ms=3.145
kiln_profile_gdn_stage layer=14 stage=post_transpose seq_len=23 start_pos=0 elapsed_ms=0.000
kiln_profile_gdn_stage layer=14 stage=in_proj seq_len=23 start_pos=0 elapsed_ms=23.034
kiln_profile_gdn_stage layer=14 stage=conv seq_len=23 start_pos=0 elapsed_ms=2.033
kiln_profile_gdn_stage layer=14 stage=qkv_split seq_len=23 start_pos=0 elapsed_ms=0.139
kiln_profile_gdn_stage layer=14 stage=qk_norm seq_len=23 start_pos=0 elapsed_ms=0.189
kiln_profile_mlp_stage layer=13 stage=fused seq_len=23 start_pos=0 elapsed_ms=46.633
kiln_profile_paged_layer layer=13 kind=linear seq_len=23 start_pos=0 elapsed_ms=152.830
kiln_profile_gdn_stage layer=14 stage=gated_norm seq_len=23 start_pos=0 elapsed_ms=25.502
kiln_profile_gdn_stage layer=14 stage=gated_norm seq_len=23 start_pos=0 elapsed_ms=45.273
kiln_profile_gdn_stage layer=14 stage=in_proj seq_len=23 start_pos=0 elapsed_ms=22.602
kiln_profile_gdn_stage layer=14 stage=conv seq_len=23 start_pos=0 elapsed_ms=2.009
kiln_profile_gdn_stage layer=14 stage=qkv_split seq_len=23 start_pos=0 elapsed_ms=0.148
kiln_profile_gdn_stage layer=14 stage=qk_norm seq_len=23 start_pos=0 elapsed_ms=0.225
kiln_profile_gdn_stage layer=14 stage=gated_norm seq_len=23 start_pos=0 elapsed_ms=26.125
kiln_profile_gdn_stage layer=14 stage=gates seq_len=23 start_pos=0 elapsed_ms=20.102
kiln_profile_gdn_stage layer=14 stage=recurrent seq_len=23 start_pos=0 elapsed_ms=3.311
kiln_profile_gdn_stage layer=14 stage=post_transpose seq_len=23 start_pos=0 elapsed_ms=0.000
kiln_profile_gdn_stage layer=14 stage=in_proj seq_len=23 start_pos=0 elapsed_ms=25.084
kiln_profile_gdn_stage layer=14 stage=conv seq_len=23 start_pos=0 elapsed_ms=2.004
kiln_profile_gdn_stage layer=14 stage=qkv_split seq_len=23 start_pos=0 elapsed_ms=0.111
kiln_profile_gdn_stage layer=14 stage=qk_norm seq_len=23 start_pos=0 elapsed_ms=0.199
kiln_profile_gdn_stage layer=14 stage=out_proj seq_len=23 start_pos=0 elapsed_ms=25.903
kiln_profile_gdn_stage layer=14 stage=out_proj seq_len=23 start_pos=0 elapsed_ms=25.136
kiln_profile_mlp_stage layer=13 stage=fused seq_len=23 start_pos=0 elapsed_ms=42.740
kiln_profile_paged_layer layer=13 kind=linear seq_len=23 start_pos=0 elapsed_ms=192.679
kiln_profile_gdn_stage layer=14 stage=gates seq_len=23 start_pos=0 elapsed_ms=25.737
kiln_profile_gdn_stage layer=14 stage=out_proj seq_len=23 start_pos=0 elapsed_ms=20.630
kiln_profile_gdn_stage layer=14 stage=recurrent seq_len=23 start_pos=0 elapsed_ms=3.288
kiln_profile_gdn_stage layer=14 stage=post_transpose seq_len=23 start_pos=0 elapsed_ms=0.000
kiln_profile_gdn_stage layer=14 stage=gated_norm seq_len=23 start_pos=0 elapsed_ms=18.958
kiln_profile_gdn_stage layer=14 stage=gates seq_len=23 start_pos=0 elapsed_ms=13.287
kiln_profile_gdn_stage layer=14 stage=recurrent seq_len=23 start_pos=0 elapsed_ms=2.808
kiln_profile_gdn_stage layer=14 stage=post_transpose seq_len=23 start_pos=0 elapsed_ms=0.000
kiln_profile_mlp_stage layer=14 stage=fused seq_len=23 start_pos=0 elapsed_ms=20.830
kiln_profile_paged_layer layer=14 kind=linear seq_len=23 start_pos=0 elapsed_ms=129.053
kiln_profile_gdn_stage layer=14 stage=in_proj seq_len=23 start_pos=0 elapsed_ms=21.573
kiln_profile_gdn_stage layer=14 stage=conv seq_len=23 start_pos=0 elapsed_ms=2.022
kiln_profile_gdn_stage layer=14 stage=qkv_split seq_len=23 start_pos=0 elapsed_ms=0.123
kiln_profile_gdn_stage layer=14 stage=qk_norm seq_len=23 start_pos=0 elapsed_ms=0.200
kiln_profile_mlp_stage layer=15 stage=fused seq_len=23 start_pos=0 elapsed_ms=45.553
kiln_profile_paged_layer layer=15 kind=full seq_len=23 start_pos=0 elapsed_ms=144.881
kiln_profile_gdn_stage layer=14 stage=out_proj seq_len=23 start_pos=0 elapsed_ms=16.864
kiln_profile_gdn_stage layer=14 stage=gated_norm seq_len=23 start_pos=0 elapsed_ms=18.970
kiln_profile_mlp_stage layer=14 stage=fused seq_len=23 start_pos=0 elapsed_ms=27.963
kiln_profile_paged_layer layer=14 kind=linear seq_len=23 start_pos=0 elapsed_ms=132.440
kiln_profile_gdn_stage layer=14 stage=gated_norm seq_len=23 start_pos=0 elapsed_ms=23.806
kiln_profile_gdn_stage layer=16 stage=in_proj seq_len=23 start_pos=0 elapsed_ms=24.085
kiln_profile_gdn_stage layer=14 stage=gates seq_len=23 start_pos=0 elapsed_ms=25.844
kiln_profile_gdn_stage layer=16 stage=conv seq_len=23 start_pos=0 elapsed_ms=2.001
kiln_profile_gdn_stage layer=16 stage=qkv_split seq_len=23 start_pos=0 elapsed_ms=0.125
kiln_profile_gdn_stage layer=16 stage=qk_norm seq_len=23 start_pos=0 elapsed_ms=0.214
kiln_profile_gdn_stage layer=14 stage=out_proj seq_len=23 start_pos=0 elapsed_ms=24.253
kiln_profile_gdn_stage layer=14 stage=recurrent seq_len=23 start_pos=0 elapsed_ms=3.041
kiln_profile_gdn_stage layer=14 stage=post_transpose seq_len=23 start_pos=0 elapsed_ms=0.000
kiln_profile_mlp_stage layer=14 stage=fused seq_len=23 start_pos=0 elapsed_ms=63.457
kiln_profile_paged_layer layer=14 kind=linear seq_len=23 start_pos=0 elapsed_ms=190.341
kiln_profile_gdn_stage layer=14 stage=out_proj seq_len=23 start_pos=0 elapsed_ms=33.646
kiln_profile_gdn_stage layer=16 stage=gates seq_len=23 start_pos=0 elapsed_ms=19.163
kiln_profile_full_attn_stage full_attn_layer=3 stage=qkv_proj seq_len=23 start_pos=0 elapsed_ms=53.963
kiln_profile_full_attn_stage full_attn_layer=3 stage=qkv_split seq_len=23 start_pos=0 elapsed_ms=0.085
kiln_profile_full_attn_stage full_attn_layer=3 stage=qk_norm seq_len=23 start_pos=0 elapsed_ms=0.263
kiln_profile_full_attn_stage full_attn_layer=3 stage=rope seq_len=23 start_pos=0 elapsed_ms=0.307
kiln_profile_full_attn_stage full_attn_layer=3 stage=q_transpose seq_len=23 start_pos=0 elapsed_ms=0.100
kiln_profile_full_attn_stage full_attn_layer=3 stage=kv_write seq_len=23 start_pos=0 elapsed_ms=0.094
kiln_profile_full_attn_stage full_attn_layer=3 stage=kv_read seq_len=23 start_pos=0 elapsed_ms=0.012
kiln_profile_gdn_stage layer=16 stage=recurrent seq_len=23 start_pos=0 elapsed_ms=3.211
kiln_profile_gdn_stage layer=16 stage=post_transpose seq_len=23 start_pos=0 elapsed_ms=0.000
kiln_profile_mlp_stage layer=14 stage=fused seq_len=23 start_pos=0 elapsed_ms=28.539
kiln_profile_paged_layer layer=14 kind=linear seq_len=23 start_pos=0 elapsed_ms=126.126
kiln_profile_mlp_stage layer=14 stage=fused seq_len=23 start_pos=0 elapsed_ms=26.813
kiln_profile_paged_layer layer=14 kind=linear seq_len=23 start_pos=0 elapsed_ms=128.095
kiln_profile_gdn_stage layer=14 stage=gated_norm seq_len=23 start_pos=0 elapsed_ms=47.107
kiln_profile_gdn_stage layer=16 stage=gated_norm seq_len=23 start_pos=0 elapsed_ms=27.809
kiln_profile_full_attn_stage full_attn_layer=3 stage=qkv_proj seq_len=23 start_pos=0 elapsed_ms=74.074
kiln_profile_full_attn_stage full_attn_layer=3 stage=qkv_split seq_len=23 start_pos=0 elapsed_ms=0.118
kiln_profile_full_attn_stage full_attn_layer=3 stage=qk_norm seq_len=23 start_pos=0 elapsed_ms=0.267
kiln_profile_full_attn_stage full_attn_layer=3 stage=rope seq_len=23 start_pos=0 elapsed_ms=0.295
kiln_profile_full_attn_stage full_attn_layer=3 stage=q_transpose seq_len=23 start_pos=0 elapsed_ms=0.098
kiln_profile_full_attn_stage full_attn_layer=3 stage=kv_write seq_len=23 start_pos=0 elapsed_ms=0.069
kiln_profile_full_attn_stage full_attn_layer=3 stage=kv_read seq_len=23 start_pos=0 elapsed_ms=0.010
kiln_profile_gdn_stage layer=14 stage=out_proj seq_len=23 start_pos=0 elapsed_ms=23.967
kiln_profile_gdn_stage layer=16 stage=out_proj seq_len=23 start_pos=0 elapsed_ms=24.073
kiln_profile_mlp_stage layer=15 stage=fused seq_len=23 start_pos=0 elapsed_ms=35.457
kiln_profile_paged_layer layer=15 kind=full seq_len=23 start_pos=0 elapsed_ms=116.752
kiln_profile_full_attn_stage full_attn_layer=3 stage=qkv_proj seq_len=23 start_pos=0 elapsed_ms=73.307
kiln_profile_full_attn_stage full_attn_layer=3 stage=qkv_split seq_len=23 start_pos=0 elapsed_ms=0.061
kiln_profile_full_attn_stage full_attn_layer=3 stage=qk_norm seq_len=23 start_pos=0 elapsed_ms=0.242
kiln_profile_full_attn_stage full_attn_layer=3 stage=rope seq_len=23 start_pos=0 elapsed_ms=0.300
kiln_profile_full_attn_stage full_attn_layer=3 stage=q_transpose seq_len=23 start_pos=0 elapsed_ms=0.071
kiln_profile_full_attn_stage full_attn_layer=3 stage=kv_write seq_len=23 start_pos=0 elapsed_ms=0.054
kiln_profile_full_attn_stage full_attn_layer=3 stage=kv_read seq_len=23 start_pos=0 elapsed_ms=0.007
kiln_profile_mlp_stage layer=14 stage=fused seq_len=23 start_pos=0 elapsed_ms=113.394
kiln_profile_paged_layer layer=14 kind=linear seq_len=23 start_pos=0 elapsed_ms=198.356
kiln_profile_mlp_stage layer=14 stage=fused seq_len=23 start_pos=0 elapsed_ms=23.551
kiln_profile_paged_layer layer=14 kind=linear seq_len=23 start_pos=0 elapsed_ms=147.762
kiln_profile_mlp_stage layer=16 stage=fused seq_len=23 start_pos=0 elapsed_ms=30.340
kiln_profile_paged_layer layer=16 kind=linear seq_len=23 start_pos=0 elapsed_ms=131.351
kiln_profile_mlp_stage layer=15 stage=fused seq_len=23 start_pos=0 elapsed_ms=36.351
kiln_profile_paged_layer layer=15 kind=full seq_len=23 start_pos=0 elapsed_ms=137.378
kiln_profile_gdn_stage layer=16 stage=in_proj seq_len=23 start_pos=0 elapsed_ms=53.577
kiln_profile_gdn_stage layer=16 stage=conv seq_len=23 start_pos=0 elapsed_ms=2.067
kiln_profile_gdn_stage layer=16 stage=qkv_split seq_len=23 start_pos=0 elapsed_ms=0.128
kiln_profile_gdn_stage layer=16 stage=qk_norm seq_len=23 start_pos=0 elapsed_ms=0.207
kiln_profile_gdn_stage layer=17 stage=in_proj seq_len=23 start_pos=0 elapsed_ms=38.849
kiln_profile_gdn_stage layer=17 stage=conv seq_len=23 start_pos=0 elapsed_ms=2.001
kiln_profile_gdn_stage layer=17 stage=qkv_split seq_len=23 start_pos=0 elapsed_ms=0.174
kiln_profile_gdn_stage layer=17 stage=qk_norm seq_len=23 start_pos=0 elapsed_ms=0.254
kiln_profile_mlp_stage layer=15 stage=fused seq_len=23 start_pos=0 elapsed_ms=48.065
kiln_profile_paged_layer layer=15 kind=full seq_len=23 start_pos=0 elapsed_ms=144.722
kiln_profile_gdn_stage layer=16 stage=in_proj seq_len=23 start_pos=0 elapsed_ms=40.682
kiln_profile_full_attn_stage full_attn_layer=3 stage=qkv_proj seq_len=23 start_pos=0 elapsed_ms=133.983
kiln_profile_full_attn_stage full_attn_layer=3 stage=qkv_split seq_len=23 start_pos=0 elapsed_ms=0.071
kiln_profile_full_attn_stage full_attn_layer=3 stage=qk_norm seq_len=23 start_pos=0 elapsed_ms=0.365
kiln_profile_full_attn_stage full_attn_layer=3 stage=rope seq_len=23 start_pos=0 elapsed_ms=0.294
kiln_profile_full_attn_stage full_attn_layer=3 stage=q_transpose seq_len=23 start_pos=0 elapsed_ms=0.076
kiln_profile_gdn_stage layer=16 stage=conv seq_len=23 start_pos=0 elapsed_ms=2.236
kiln_profile_full_attn_stage full_attn_layer=3 stage=kv_write seq_len=23 start_pos=0 elapsed_ms=0.060
kiln_profile_full_attn_stage full_attn_layer=3 stage=kv_read seq_len=23 start_pos=0 elapsed_ms=0.008
kiln_profile_gdn_stage layer=16 stage=gates seq_len=23 start_pos=0 elapsed_ms=25.634
kiln_profile_gdn_stage layer=16 stage=qkv_split seq_len=23 start_pos=0 elapsed_ms=0.120
kiln_profile_gdn_stage layer=16 stage=qk_norm seq_len=23 start_pos=0 elapsed_ms=0.198
kiln_profile_full_attn_stage full_attn_layer=3 stage=qkv_proj seq_len=23 start_pos=0 elapsed_ms=76.756
kiln_profile_full_attn_stage full_attn_layer=3 stage=qkv_split seq_len=23 start_pos=0 elapsed_ms=0.058
kiln_profile_full_attn_stage full_attn_layer=3 stage=qk_norm seq_len=23 start_pos=0 elapsed_ms=0.242
kiln_profile_full_attn_stage full_attn_layer=3 stage=rope seq_len=23 start_pos=0 elapsed_ms=0.295
kiln_profile_full_attn_stage full_attn_layer=3 stage=q_transpose seq_len=23 start_pos=0 elapsed_ms=0.075
kiln_profile_full_attn_stage full_attn_layer=3 stage=kv_write seq_len=23 start_pos=0 elapsed_ms=0.066
kiln_profile_full_attn_stage full_attn_layer=3 stage=qkv_proj seq_len=23 start_pos=0 elapsed_ms=120.391
kiln_profile_full_attn_stage full_attn_layer=3 stage=kv_read seq_len=23 start_pos=0 elapsed_ms=0.008
kiln_profile_full_attn_stage full_attn_layer=3 stage=qkv_split seq_len=23 start_pos=0 elapsed_ms=0.070
kiln_profile_gdn_stage layer=17 stage=gates seq_len=23 start_pos=0 elapsed_ms=19.712
kiln_profile_full_attn_stage full_attn_layer=3 stage=qk_norm seq_len=23 start_pos=0 elapsed_ms=0.242
kiln_profile_full_attn_stage full_attn_layer=3 stage=rope seq_len=23 start_pos=0 elapsed_ms=0.316
kiln_profile_full_attn_stage full_attn_layer=3 stage=q_transpose seq_len=23 start_pos=0 elapsed_ms=0.079
kiln_profile_full_attn_stage full_attn_layer=3 stage=kv_write seq_len=23 start_pos=0 elapsed_ms=0.069
kiln_profile_full_attn_stage full_attn_layer=3 stage=kv_read seq_len=23 start_pos=0 elapsed_ms=0.010
kiln_profile_gdn_stage layer=16 stage=recurrent seq_len=23 start_pos=0 elapsed_ms=3.454
kiln_profile_gdn_stage layer=16 stage=post_transpose seq_len=23 start_pos=0 elapsed_ms=0.000
kiln_profile_gdn_stage layer=17 stage=recurrent seq_len=23 start_pos=0 elapsed_ms=3.636
kiln_profile_gdn_stage layer=17 stage=post_transpose seq_len=23 start_pos=0 elapsed_ms=0.000
kiln_profile_gdn_stage layer=16 stage=in_proj seq_len=23 start_pos=0 elapsed_ms=18.949
kiln_profile_gdn_stage layer=16 stage=conv seq_len=23 start_pos=0 elapsed_ms=2.200
kiln_profile_gdn_stage layer=16 stage=qkv_split seq_len=23 start_pos=0 elapsed_ms=0.133
kiln_profile_full_attn_stage full_attn_layer=3 stage=qkv_proj seq_len=23 start_pos=0 elapsed_ms=79.242
kiln_profile_full_attn_stage full_attn_layer=3 stage=qkv_split seq_len=23 start_pos=0 elapsed_ms=0.074
kiln_profile_gdn_stage layer=16 stage=qk_norm seq_len=23 start_pos=0 elapsed_ms=0.209
kiln_profile_full_attn_stage full_attn_layer=3 stage=qk_norm seq_len=23 start_pos=0 elapsed_ms=0.232
kiln_profile_full_attn_stage full_attn_layer=3 stage=rope seq_len=23 start_pos=0 elapsed_ms=0.293
kiln_profile_full_attn_stage full_attn_layer=3 stage=q_transpose seq_len=23 start_pos=0 elapsed_ms=0.074
kiln_profile_full_attn_stage full_attn_layer=3 stage=kv_write seq_len=23 start_pos=0 elapsed_ms=0.057
kiln_profile_full_attn_stage full_attn_layer=3 stage=kv_read seq_len=23 start_pos=0 elapsed_ms=0.009
kiln_profile_gdn_stage layer=16 stage=gates seq_len=23 start_pos=0 elapsed_ms=13.156
kiln_profile_gdn_stage layer=16 stage=recurrent seq_len=23 start_pos=0 elapsed_ms=3.266
kiln_profile_gdn_stage layer=16 stage=post_transpose seq_len=23 start_pos=0 elapsed_ms=0.000
kiln_profile_gdn_stage layer=16 stage=gated_norm seq_len=23 start_pos=0 elapsed_ms=14.634
kiln_profile_mlp_stage layer=15 stage=fused seq_len=23 start_pos=0 elapsed_ms=11.731
kiln_profile_paged_layer layer=15 kind=full seq_len=23 start_pos=0 elapsed_ms=102.519
kiln_profile_gdn_stage layer=16 stage=gates seq_len=23 start_pos=0 elapsed_ms=15.026
kiln_profile_gdn_stage layer=16 stage=recurrent seq_len=23 start_pos=0 elapsed_ms=3.259
kiln_profile_gdn_stage layer=16 stage=post_transpose seq_len=23 start_pos=0 elapsed_ms=0.000
kiln_profile_mlp_stage layer=15 stage=fused seq_len=23 start_pos=0 elapsed_ms=20.652
kiln_profile_paged_layer layer=15 kind=full seq_len=23 start_pos=0 elapsed_ms=168.988
kiln_profile_gdn_stage layer=16 stage=out_proj seq_len=23 start_pos=0 elapsed_ms=17.557
kiln_profile_mlp_stage layer=15 stage=fused seq_len=23 start_pos=0 elapsed_ms=28.567
kiln_profile_paged_layer layer=15 kind=full seq_len=23 start_pos=0 elapsed_ms=164.214
kiln_profile_gdn_stage layer=16 stage=in_proj seq_len=23 start_pos=0 elapsed_ms=25.577
kiln_profile_gdn_stage layer=17 stage=gated_norm seq_len=23 start_pos=0 elapsed_ms=48.757
kiln_profile_gdn_stage layer=16 stage=conv seq_len=23 start_pos=0 elapsed_ms=2.026
kiln_profile_gdn_stage layer=16 stage=qkv_split seq_len=23 start_pos=0 elapsed_ms=0.119
kiln_profile_gdn_stage layer=16 stage=qk_norm seq_len=23 start_pos=0 elapsed_ms=0.203
kiln_profile_gdn_stage layer=16 stage=gated_norm seq_len=23 start_pos=0 elapsed_ms=25.936
kiln_profile_gdn_stage layer=16 stage=in_proj seq_len=23 start_pos=0 elapsed_ms=26.201
kiln_profile_gdn_stage layer=16 stage=conv seq_len=23 start_pos=0 elapsed_ms=2.172
kiln_profile_gdn_stage layer=16 stage=qkv_split seq_len=23 start_pos=0 elapsed_ms=0.134
kiln_profile_gdn_stage layer=16 stage=qk_norm seq_len=23 start_pos=0 elapsed_ms=0.234
kiln_profile_mlp_stage layer=16 stage=fused seq_len=23 start_pos=0 elapsed_ms=31.852
kiln_profile_paged_layer layer=16 kind=linear seq_len=23 start_pos=0 elapsed_ms=149.464
kiln_profile_mlp_stage layer=15 stage=fused seq_len=23 start_pos=0 elapsed_ms=38.511
kiln_profile_paged_layer layer=15 kind=full seq_len=23 start_pos=0 elapsed_ms=144.180
kiln_profile_gdn_stage layer=17 stage=out_proj seq_len=23 start_pos=0 elapsed_ms=23.796
kiln_profile_gdn_stage layer=16 stage=out_proj seq_len=23 start_pos=0 elapsed_ms=23.165
kiln_profile_gdn_stage layer=16 stage=gates seq_len=23 start_pos=0 elapsed_ms=24.826
kiln_profile_gdn_stage layer=16 stage=gated_norm seq_len=23 start_pos=0 elapsed_ms=63.147
kiln_profile_gdn_stage layer=16 stage=gates seq_len=23 start_pos=0 elapsed_ms=17.335
kiln_profile_gdn_stage layer=16 stage=recurrent seq_len=23 start_pos=0 elapsed_ms=3.248
kiln_profile_gdn_stage layer=16 stage=post_transpose seq_len=23 start_pos=0 elapsed_ms=0.000
kiln_profile_gdn_stage layer=16 stage=recurrent seq_len=23 start_pos=0 elapsed_ms=3.547
kiln_profile_gdn_stage layer=16 stage=post_transpose seq_len=23 start_pos=0 elapsed_ms=0.000
kiln_profile_gdn_stage layer=17 stage=in_proj seq_len=23 start_pos=0 elapsed_ms=19.355
kiln_profile_gdn_stage layer=17 stage=conv seq_len=23 start_pos=0 elapsed_ms=2.019
kiln_profile_gdn_stage layer=17 stage=qkv_split seq_len=23 start_pos=0 elapsed_ms=0.127
kiln_profile_gdn_stage layer=17 stage=qk_norm seq_len=23 start_pos=0 elapsed_ms=0.216
kiln_profile_gdn_stage layer=16 stage=in_proj seq_len=23 start_pos=0 elapsed_ms=50.414
kiln_profile_gdn_stage layer=16 stage=conv seq_len=23 start_pos=0 elapsed_ms=2.162
kiln_profile_gdn_stage layer=16 stage=qkv_split seq_len=23 start_pos=0 elapsed_ms=0.126
kiln_profile_gdn_stage layer=16 stage=qk_norm seq_len=23 start_pos=0 elapsed_ms=0.198
kiln_profile_gdn_stage layer=16 stage=in_proj seq_len=23 start_pos=0 elapsed_ms=27.359
kiln_profile_gdn_stage layer=16 stage=conv seq_len=23 start_pos=0 elapsed_ms=2.016
kiln_profile_gdn_stage layer=16 stage=qkv_split seq_len=23 start_pos=0 elapsed_ms=0.145
kiln_profile_gdn_stage layer=16 stage=qk_norm seq_len=23 start_pos=0 elapsed_ms=0.208
kiln_profile_mlp_stage layer=16 stage=fused seq_len=23 start_pos=0 elapsed_ms=38.822
kiln_profile_paged_layer layer=16 kind=linear seq_len=23 start_pos=0 elapsed_ms=128.067
kiln_profile_gdn_stage layer=16 stage=gated_norm seq_len=23 start_pos=0 elapsed_ms=36.076
kiln_profile_gdn_stage layer=16 stage=gated_norm seq_len=23 start_pos=0 elapsed_ms=35.447
kiln_profile_gdn_stage layer=17 stage=gates seq_len=23 start_pos=0 elapsed_ms=29.856
kiln_profile_gdn_stage layer=16 stage=gates seq_len=23 start_pos=0 elapsed_ms=21.524
kiln_profile_gdn_stage layer=16 stage=recurrent seq_len=23 start_pos=0 elapsed_ms=2.911
kiln_profile_gdn_stage layer=16 stage=post_transpose seq_len=23 start_pos=0 elapsed_ms=0.000
kiln_profile_gdn_stage layer=17 stage=recurrent seq_len=23 start_pos=0 elapsed_ms=3.494
kiln_profile_gdn_stage layer=17 stage=post_transpose seq_len=23 start_pos=0 elapsed_ms=0.000
kiln_profile_mlp_stage layer=17 stage=fused seq_len=23 start_pos=0 elapsed_ms=45.065
kiln_profile_paged_layer layer=17 kind=linear seq_len=23 start_pos=0 elapsed_ms=182.571
kiln_profile_gdn_stage layer=16 stage=gates seq_len=23 start_pos=0 elapsed_ms=17.341
kiln_profile_gdn_stage layer=16 stage=out_proj seq_len=23 start_pos=0 elapsed_ms=44.755
kiln_profile_gdn_stage layer=16 stage=recurrent seq_len=23 start_pos=0 elapsed_ms=3.761
kiln_profile_gdn_stage layer=16 stage=post_transpose seq_len=23 start_pos=0 elapsed_ms=0.000
kiln_profile_gdn_stage layer=17 stage=in_proj seq_len=23 start_pos=0 elapsed_ms=13.927
kiln_profile_gdn_stage layer=17 stage=conv seq_len=23 start_pos=0 elapsed_ms=2.055
kiln_profile_gdn_stage layer=17 stage=qkv_split seq_len=23 start_pos=0 elapsed_ms=0.130
kiln_profile_gdn_stage layer=16 stage=out_proj seq_len=23 start_pos=0 elapsed_ms=15.841
kiln_profile_gdn_stage layer=17 stage=qk_norm seq_len=23 start_pos=0 elapsed_ms=0.203
kiln_profile_gdn_stage layer=16 stage=out_proj seq_len=23 start_pos=0 elapsed_ms=16.883
kiln_profile_gdn_stage layer=18 stage=in_proj seq_len=23 start_pos=0 elapsed_ms=19.782
kiln_profile_gdn_stage layer=18 stage=conv seq_len=23 start_pos=0 elapsed_ms=2.006
kiln_profile_gdn_stage layer=18 stage=qkv_split seq_len=23 start_pos=0 elapsed_ms=0.126
kiln_profile_gdn_stage layer=16 stage=gated_norm seq_len=23 start_pos=0 elapsed_ms=22.643
kiln_profile_gdn_stage layer=18 stage=qk_norm seq_len=23 start_pos=0 elapsed_ms=0.220
kiln_profile_gdn_stage layer=17 stage=gated_norm seq_len=23 start_pos=0 elapsed_ms=23.946
kiln_profile_gdn_stage layer=16 stage=gated_norm seq_len=23 start_pos=0 elapsed_ms=26.601
kiln_profile_gdn_stage layer=17 stage=gates seq_len=23 start_pos=0 elapsed_ms=19.522
kiln_profile_gdn_stage layer=17 stage=recurrent seq_len=23 start_pos=0 elapsed_ms=3.546
kiln_profile_gdn_stage layer=17 stage=post_transpose seq_len=23 start_pos=0 elapsed_ms=0.000
kiln_profile_mlp_stage layer=16 stage=fused seq_len=23 start_pos=0 elapsed_ms=30.119
kiln_profile_paged_layer layer=16 kind=linear seq_len=23 start_pos=0 elapsed_ms=132.402
kiln_profile_gdn_stage layer=17 stage=out_proj seq_len=23 start_pos=0 elapsed_ms=21.168
kiln_profile_mlp_stage layer=16 stage=fused seq_len=23 start_pos=0 elapsed_ms=46.529
kiln_profile_paged_layer layer=16 kind=linear seq_len=23 start_pos=0 elapsed_ms=214.480
kiln_profile_gdn_stage layer=18 stage=gates seq_len=23 start_pos=0 elapsed_ms=26.348
kiln_profile_gdn_stage layer=16 stage=out_proj seq_len=23 start_pos=0 elapsed_ms=19.027
kiln_profile_gdn_stage layer=18 stage=recurrent seq_len=23 start_pos=0 elapsed_ms=3.025
kiln_profile_gdn_stage layer=18 stage=post_transpose seq_len=23 start_pos=0 elapsed_ms=0.000
kiln_profile_mlp_stage layer=16 stage=fused seq_len=23 start_pos=0 elapsed_ms=41.786
kiln_profile_paged_layer layer=16 kind=linear seq_len=23 start_pos=0 elapsed_ms=150.079
kiln_profile_gdn_stage layer=17 stage=gated_norm seq_len=23 start_pos=0 elapsed_ms=20.744
kiln_profile_gdn_stage layer=16 stage=out_proj seq_len=23 start_pos=0 elapsed_ms=35.549
kiln_profile_gdn_stage layer=17 stage=in_proj seq_len=23 start_pos=0 elapsed_ms=17.965
kiln_profile_gdn_stage layer=17 stage=conv seq_len=23 start_pos=0 elapsed_ms=2.053
kiln_profile_gdn_stage layer=17 stage=qkv_split seq_len=23 start_pos=0 elapsed_ms=0.146
kiln_profile_gdn_stage layer=17 stage=qk_norm seq_len=23 start_pos=0 elapsed_ms=0.246
kiln_profile_gdn_stage layer=17 stage=in_proj seq_len=23 start_pos=0 elapsed_ms=26.013
kiln_profile_gdn_stage layer=17 stage=conv seq_len=23 start_pos=0 elapsed_ms=1.993
kiln_profile_gdn_stage layer=17 stage=qkv_split seq_len=23 start_pos=0 elapsed_ms=0.118
kiln_profile_gdn_stage layer=18 stage=gated_norm seq_len=23 start_pos=0 elapsed_ms=24.932
kiln_profile_gdn_stage layer=17 stage=qk_norm seq_len=23 start_pos=0 elapsed_ms=0.203
kiln_profile_gdn_stage layer=17 stage=in_proj seq_len=23 start_pos=0 elapsed_ms=30.243
kiln_profile_gdn_stage layer=17 stage=conv seq_len=23 start_pos=0 elapsed_ms=2.048
kiln_profile_gdn_stage layer=17 stage=qkv_split seq_len=23 start_pos=0 elapsed_ms=0.146
kiln_profile_gdn_stage layer=17 stage=qk_norm seq_len=23 start_pos=0 elapsed_ms=0.231
kiln_profile_gdn_stage layer=17 stage=out_proj seq_len=23 start_pos=0 elapsed_ms=35.181
kiln_profile_mlp_stage layer=16 stage=fused seq_len=23 start_pos=0 elapsed_ms=40.577
kiln_profile_paged_layer layer=16 kind=linear seq_len=23 start_pos=0 elapsed_ms=176.443
kiln_profile_gdn_stage layer=17 stage=gates seq_len=23 start_pos=0 elapsed_ms=34.908
kiln_profile_gdn_stage layer=18 stage=out_proj seq_len=23 start_pos=0 elapsed_ms=23.974
kiln_profile_gdn_stage layer=17 stage=gates seq_len=23 start_pos=0 elapsed_ms=23.923
kiln_profile_gdn_stage layer=17 stage=recurrent seq_len=23 start_pos=0 elapsed_ms=3.316
kiln_profile_gdn_stage layer=17 stage=post_transpose seq_len=23 start_pos=0 elapsed_ms=0.000
kiln_profile_gdn_stage layer=17 stage=recurrent seq_len=23 start_pos=0 elapsed_ms=3.520
kiln_profile_gdn_stage layer=17 stage=post_transpose seq_len=23 start_pos=0 elapsed_ms=0.000
kiln_profile_mlp_stage layer=16 stage=fused seq_len=23 start_pos=0 elapsed_ms=54.476
kiln_profile_paged_layer layer=16 kind=linear seq_len=23 start_pos=0 elapsed_ms=151.271
kiln_profile_gdn_stage layer=17 stage=gates seq_len=23 start_pos=0 elapsed_ms=18.706
kiln_profile_gdn_stage layer=17 stage=recurrent seq_len=23 start_pos=0 elapsed_ms=3.140
kiln_profile_gdn_stage layer=17 stage=post_transpose seq_len=23 start_pos=0 elapsed_ms=0.000
kiln_profile_mlp_stage layer=17 stage=fused seq_len=23 start_pos=0 elapsed_ms=63.130
kiln_profile_paged_layer layer=17 kind=linear seq_len=23 start_pos=0 elapsed_ms=163.679
kiln_profile_mlp_stage layer=17 stage=fused seq_len=23 start_pos=0 elapsed_ms=26.201
kiln_profile_paged_layer layer=17 kind=linear seq_len=23 start_pos=0 elapsed_ms=121.884
kiln_profile_gdn_stage layer=17 stage=gated_norm seq_len=23 start_pos=0 elapsed_ms=15.299
kiln_profile_gdn_stage layer=17 stage=in_proj seq_len=23 start_pos=0 elapsed_ms=16.521
kiln_profile_gdn_stage layer=17 stage=conv seq_len=23 start_pos=0 elapsed_ms=2.077
kiln_profile_gdn_stage layer=17 stage=qkv_split seq_len=23 start_pos=0 elapsed_ms=0.129
kiln_profile_gdn_stage layer=17 stage=qk_norm seq_len=23 start_pos=0 elapsed_ms=0.250
kiln_profile_gdn_stage layer=17 stage=gated_norm seq_len=23 start_pos=0 elapsed_ms=23.127
kiln_profile_gdn_stage layer=18 stage=in_proj seq_len=23 start_pos=0 elapsed_ms=25.748
kiln_profile_gdn_stage layer=18 stage=conv seq_len=23 start_pos=0 elapsed_ms=2.092
kiln_profile_gdn_stage layer=18 stage=qkv_split seq_len=23 start_pos=0 elapsed_ms=0.129
kiln_profile_gdn_stage layer=18 stage=qk_norm seq_len=23 start_pos=0 elapsed_ms=0.214
kiln_profile_gdn_stage layer=17 stage=in_proj seq_len=23 start_pos=0 elapsed_ms=42.934
kiln_profile_gdn_stage layer=17 stage=gated_norm seq_len=23 start_pos=0 elapsed_ms=34.821
kiln_profile_gdn_stage layer=17 stage=conv seq_len=23 start_pos=0 elapsed_ms=2.033
kiln_profile_gdn_stage layer=17 stage=qkv_split seq_len=23 start_pos=0 elapsed_ms=0.120
kiln_profile_gdn_stage layer=17 stage=qk_norm seq_len=23 start_pos=0 elapsed_ms=0.196
kiln_profile_gdn_stage layer=18 stage=in_proj seq_len=23 start_pos=0 elapsed_ms=32.924
kiln_profile_gdn_stage layer=18 stage=conv seq_len=23 start_pos=0 elapsed_ms=2.072
kiln_profile_gdn_stage layer=18 stage=qkv_split seq_len=23 start_pos=0 elapsed_ms=0.132
kiln_profile_gdn_stage layer=18 stage=qk_norm seq_len=23 start_pos=0 elapsed_ms=0.196
kiln_profile_gdn_stage layer=17 stage=out_proj seq_len=23 start_pos=0 elapsed_ms=34.917
kiln_profile_mlp_stage layer=18 stage=fused seq_len=23 start_pos=0 elapsed_ms=54.798
kiln_profile_paged_layer layer=18 kind=linear seq_len=23 start_pos=0 elapsed_ms=155.569
kiln_profile_gdn_stage layer=17 stage=gates seq_len=23 start_pos=0 elapsed_ms=32.568
kiln_profile_gdn_stage layer=17 stage=out_proj seq_len=23 start_pos=0 elapsed_ms=29.742
kiln_profile_gdn_stage layer=18 stage=gates seq_len=23 start_pos=0 elapsed_ms=20.645
kiln_profile_gdn_stage layer=17 stage=out_proj seq_len=23 start_pos=0 elapsed_ms=15.499
kiln_profile_gdn_stage layer=17 stage=gates seq_len=23 start_pos=0 elapsed_ms=14.810
kiln_profile_gdn_stage layer=17 stage=recurrent seq_len=23 start_pos=0 elapsed_ms=2.753
kiln_profile_gdn_stage layer=17 stage=post_transpose seq_len=23 start_pos=0 elapsed_ms=0.000
kiln_profile_gdn_stage layer=18 stage=recurrent seq_len=23 start_pos=0 elapsed_ms=3.667
kiln_profile_gdn_stage layer=18 stage=post_transpose seq_len=23 start_pos=0 elapsed_ms=0.000
kiln_profile_gdn_stage layer=17 stage=recurrent seq_len=23 start_pos=0 elapsed_ms=3.244
kiln_profile_gdn_stage layer=17 stage=post_transpose seq_len=23 start_pos=0 elapsed_ms=0.000
kiln_profile_mlp_stage layer=17 stage=fused seq_len=23 start_pos=0 elapsed_ms=14.247
kiln_profile_paged_layer layer=17 kind=linear seq_len=23 start_pos=0 elapsed_ms=123.413
kiln_profile_gdn_stage layer=18 stage=gates seq_len=23 start_pos=0 elapsed_ms=15.573
kiln_profile_gdn_stage layer=18 stage=recurrent seq_len=23 start_pos=0 elapsed_ms=3.393
kiln_profile_gdn_stage layer=18 stage=post_transpose seq_len=23 start_pos=0 elapsed_ms=0.000
kiln_profile_mlp_stage layer=17 stage=fused seq_len=23 start_pos=0 elapsed_ms=18.214
kiln_profile_paged_layer layer=17 kind=linear seq_len=23 start_pos=0 elapsed_ms=127.160
kiln_profile_gdn_stage layer=18 stage=in_proj seq_len=23 start_pos=0 elapsed_ms=12.234
kiln_profile_gdn_stage layer=18 stage=gated_norm seq_len=23 start_pos=0 elapsed_ms=19.778
kiln_profile_gdn_stage layer=18 stage=conv seq_len=23 start_pos=0 elapsed_ms=2.046
kiln_profile_gdn_stage layer=18 stage=qkv_split seq_len=23 start_pos=0 elapsed_ms=0.118
kiln_profile_gdn_stage layer=17 stage=gated_norm seq_len=23 start_pos=0 elapsed_ms=19.368
kiln_profile_gdn_stage layer=18 stage=qk_norm seq_len=23 start_pos=0 elapsed_ms=0.232
kiln_profile_gdn_stage layer=17 stage=gated_norm seq_len=23 start_pos=0 elapsed_ms=28.757
kiln_profile_gdn_stage layer=18 stage=gated_norm seq_len=23 start_pos=0 elapsed_ms=22.453
kiln_profile_gdn_stage layer=18 stage=in_proj seq_len=23 start_pos=0 elapsed_ms=25.153
kiln_profile_gdn_stage layer=18 stage=out_proj seq_len=23 start_pos=0 elapsed_ms=21.847
kiln_profile_gdn_stage layer=18 stage=conv seq_len=23 start_pos=0 elapsed_ms=2.002
kiln_profile_gdn_stage layer=18 stage=qkv_split seq_len=23 start_pos=0 elapsed_ms=0.125
kiln_profile_gdn_stage layer=18 stage=qk_norm seq_len=23 start_pos=0 elapsed_ms=0.191
kiln_profile_gdn_stage layer=17 stage=out_proj seq_len=23 start_pos=0 elapsed_ms=23.086
kiln_profile_mlp_stage layer=17 stage=fused seq_len=23 start_pos=0 elapsed_ms=49.360
kiln_profile_paged_layer layer=17 kind=linear seq_len=23 start_pos=0 elapsed_ms=154.577
kiln_profile_gdn_stage layer=17 stage=out_proj seq_len=23 start_pos=0 elapsed_ms=22.235
kiln_profile_gdn_stage layer=18 stage=gates seq_len=23 start_pos=0 elapsed_ms=28.528
kiln_profile_gdn_stage layer=18 stage=out_proj seq_len=23 start_pos=0 elapsed_ms=18.082
kiln_profile_gdn_stage layer=18 stage=recurrent seq_len=23 start_pos=0 elapsed_ms=3.178
kiln_profile_gdn_stage layer=18 stage=post_transpose seq_len=23 start_pos=0 elapsed_ms=0.001
kiln_profile_gdn_stage layer=18 stage=gates seq_len=23 start_pos=0 elapsed_ms=14.260
kiln_profile_gdn_stage layer=18 stage=recurrent seq_len=23 start_pos=0 elapsed_ms=3.201
kiln_profile_gdn_stage layer=18 stage=post_transpose seq_len=23 start_pos=0 elapsed_ms=0.000
kiln_profile_mlp_stage layer=17 stage=fused seq_len=23 start_pos=0 elapsed_ms=21.219
kiln_profile_paged_layer layer=17 kind=linear seq_len=23 start_pos=0 elapsed_ms=127.326
kiln_profile_full_attn_stage full_attn_layer=4 stage=qkv_proj seq_len=23 start_pos=0 elapsed_ms=70.507
kiln_profile_full_attn_stage full_attn_layer=4 stage=qkv_split seq_len=23 start_pos=0 elapsed_ms=0.080
kiln_profile_full_attn_stage full_attn_layer=4 stage=qk_norm seq_len=23 start_pos=0 elapsed_ms=0.253
kiln_profile_full_attn_stage full_attn_layer=4 stage=rope seq_len=23 start_pos=0 elapsed_ms=0.294
kiln_profile_full_attn_stage full_attn_layer=4 stage=q_transpose seq_len=23 start_pos=0 elapsed_ms=0.098
kiln_profile_full_attn_stage full_attn_layer=4 stage=kv_write seq_len=23 start_pos=0 elapsed_ms=0.302
kiln_profile_full_attn_stage full_attn_layer=4 stage=kv_read seq_len=23 start_pos=0 elapsed_ms=0.017
kiln_profile_mlp_stage layer=17 stage=fused seq_len=23 start_pos=0 elapsed_ms=24.615
kiln_profile_paged_layer layer=17 kind=linear seq_len=23 start_pos=0 elapsed_ms=130.252
kiln_profile_mlp_stage layer=18 stage=fused seq_len=23 start_pos=0 elapsed_ms=31.177
kiln_profile_paged_layer layer=18 kind=linear seq_len=23 start_pos=0 elapsed_ms=126.332
kiln_profile_gdn_stage layer=18 stage=in_proj seq_len=23 start_pos=0 elapsed_ms=42.005
kiln_profile_gdn_stage layer=18 stage=gated_norm seq_len=23 start_pos=0 elapsed_ms=30.494
kiln_profile_gdn_stage layer=18 stage=conv seq_len=23 start_pos=0 elapsed_ms=2.002
kiln_profile_gdn_stage layer=18 stage=qkv_split seq_len=23 start_pos=0 elapsed_ms=0.127
kiln_profile_gdn_stage layer=18 stage=qk_norm seq_len=23 start_pos=0 elapsed_ms=0.208
kiln_profile_gdn_stage layer=18 stage=in_proj seq_len=23 start_pos=0 elapsed_ms=32.550
kiln_profile_gdn_stage layer=18 stage=conv seq_len=23 start_pos=0 elapsed_ms=2.055
kiln_profile_gdn_stage layer=18 stage=qkv_split seq_len=23 start_pos=0 elapsed_ms=0.112
kiln_profile_gdn_stage layer=18 stage=qk_norm seq_len=23 start_pos=0 elapsed_ms=0.198
kiln_profile_mlp_stage layer=18 stage=fused seq_len=23 start_pos=0 elapsed_ms=61.366
kiln_profile_paged_layer layer=18 kind=linear seq_len=23 start_pos=0 elapsed_ms=155.863
kiln_profile_gdn_stage layer=18 stage=in_proj seq_len=23 start_pos=0 elapsed_ms=36.907
kiln_profile_gdn_stage layer=18 stage=gated_norm seq_len=23 start_pos=0 elapsed_ms=59.107
kiln_profile_gdn_stage layer=18 stage=conv seq_len=23 start_pos=0 elapsed_ms=2.079
kiln_profile_gdn_stage layer=18 stage=qkv_split seq_len=23 start_pos=0 elapsed_ms=0.185
kiln_profile_gdn_stage layer=18 stage=qk_norm seq_len=23 start_pos=0 elapsed_ms=0.191
kiln_profile_gdn_stage layer=18 stage=out_proj seq_len=23 start_pos=0 elapsed_ms=29.504
kiln_profile_gdn_stage layer=18 stage=gates seq_len=23 start_pos=0 elapsed_ms=28.405
kiln_profile_gdn_stage layer=18 stage=gates seq_len=23 start_pos=0 elapsed_ms=20.046
kiln_profile_gdn_stage layer=18 stage=recurrent seq_len=23 start_pos=0 elapsed_ms=3.233
kiln_profile_gdn_stage layer=18 stage=post_transpose seq_len=23 start_pos=0 elapsed_ms=0.000
kiln_profile_gdn_stage layer=18 stage=recurrent seq_len=23 start_pos=0 elapsed_ms=3.952
kiln_profile_gdn_stage layer=18 stage=post_transpose seq_len=23 start_pos=0 elapsed_ms=0.000
kiln_profile_mlp_stage layer=19 stage=fused seq_len=23 start_pos=0 elapsed_ms=28.431
kiln_profile_paged_layer layer=19 kind=full seq_len=23 start_pos=0 elapsed_ms=134.018
kiln_profile_gdn_stage layer=18 stage=out_proj seq_len=23 start_pos=0 elapsed_ms=18.993
kiln_profile_gdn_stage layer=18 stage=gates seq_len=23 start_pos=0 elapsed_ms=18.174
kiln_profile_gdn_stage layer=18 stage=recurrent seq_len=23 start_pos=0 elapsed_ms=3.615
kiln_profile_gdn_stage layer=18 stage=post_transpose seq_len=23 start_pos=0 elapsed_ms=0.000
kiln_profile_mlp_stage layer=18 stage=fused seq_len=23 start_pos=0 elapsed_ms=20.760
kiln_profile_paged_layer layer=18 kind=linear seq_len=23 start_pos=0 elapsed_ms=126.026
kiln_profile_gdn_stage layer=18 stage=gated_norm seq_len=23 start_pos=0 elapsed_ms=17.901
kiln_profile_gdn_stage layer=18 stage=gated_norm seq_len=23 start_pos=0 elapsed_ms=18.146
kiln_profile_gdn_stage layer=20 stage=in_proj seq_len=23 start_pos=0 elapsed_ms=19.871
kiln_profile_gdn_stage layer=20 stage=conv seq_len=23 start_pos=0 elapsed_ms=2.047
kiln_profile_gdn_stage layer=20 stage=qkv_split seq_len=23 start_pos=0 elapsed_ms=0.153
kiln_profile_gdn_stage layer=20 stage=qk_norm seq_len=23 start_pos=0 elapsed_ms=0.234
kiln_profile_mlp_stage layer=18 stage=fused seq_len=23 start_pos=0 elapsed_ms=26.115
kiln_profile_paged_layer layer=18 kind=linear seq_len=23 start_pos=0 elapsed_ms=150.891
kiln_profile_gdn_stage layer=18 stage=gated_norm seq_len=23 start_pos=0 elapsed_ms=29.155
kiln_profile_gdn_stage layer=18 stage=out_proj seq_len=23 start_pos=0 elapsed_ms=31.971
kiln_profile_gdn_stage layer=18 stage=out_proj seq_len=23 start_pos=0 elapsed_ms=32.265
kiln_profile_full_attn_stage full_attn_layer=4 stage=qkv_proj seq_len=23 start_pos=0 elapsed_ms=92.806
kiln_profile_full_attn_stage full_attn_layer=4 stage=qkv_split seq_len=23 start_pos=0 elapsed_ms=0.064
kiln_profile_gdn_stage layer=20 stage=gates seq_len=23 start_pos=0 elapsed_ms=24.233
kiln_profile_full_attn_stage full_attn_layer=4 stage=qk_norm seq_len=23 start_pos=0 elapsed_ms=0.252
kiln_profile_full_attn_stage full_attn_layer=4 stage=rope seq_len=23 start_pos=0 elapsed_ms=0.310
kiln_profile_full_attn_stage full_attn_layer=4 stage=q_transpose seq_len=23 start_pos=0 elapsed_ms=0.108
kiln_profile_full_attn_stage full_attn_layer=4 stage=kv_write seq_len=23 start_pos=0 elapsed_ms=0.049
kiln_profile_full_attn_stage full_attn_layer=4 stage=kv_read seq_len=23 start_pos=0 elapsed_ms=0.016
kiln_profile_gdn_stage layer=20 stage=recurrent seq_len=23 start_pos=0 elapsed_ms=3.453
kiln_profile_gdn_stage layer=20 stage=post_transpose seq_len=23 start_pos=0 elapsed_ms=0.000
kiln_profile_gdn_stage layer=18 stage=out_proj seq_len=23 start_pos=0 elapsed_ms=20.227
kiln_profile_mlp_stage layer=18 stage=fused seq_len=23 start_pos=0 elapsed_ms=19.566
kiln_profile_paged_layer layer=18 kind=linear seq_len=23 start_pos=0 elapsed_ms=127.965
kiln_profile_gdn_stage layer=20 stage=gated_norm seq_len=23 start_pos=0 elapsed_ms=18.233
kiln_profile_full_attn_stage full_attn_layer=4 stage=qkv_proj seq_len=23 start_pos=0 elapsed_ms=94.083
kiln_profile_full_attn_stage full_attn_layer=4 stage=qkv_split seq_len=23 start_pos=0 elapsed_ms=0.076
kiln_profile_full_attn_stage full_attn_layer=4 stage=qk_norm seq_len=23 start_pos=0 elapsed_ms=0.237
kiln_profile_full_attn_stage full_attn_layer=4 stage=rope seq_len=23 start_pos=0 elapsed_ms=0.292
kiln_profile_full_attn_stage full_attn_layer=4 stage=q_transpose seq_len=23 start_pos=0 elapsed_ms=0.090
kiln_profile_full_attn_stage full_attn_layer=4 stage=kv_write seq_len=23 start_pos=0 elapsed_ms=0.058
kiln_profile_full_attn_stage full_attn_layer=4 stage=kv_read seq_len=23 start_pos=0 elapsed_ms=0.010
kiln_profile_mlp_stage layer=18 stage=fused seq_len=23 start_pos=0 elapsed_ms=20.385
kiln_profile_paged_layer layer=18 kind=linear seq_len=23 start_pos=0 elapsed_ms=131.338
kiln_profile_mlp_stage layer=18 stage=fused seq_len=23 start_pos=0 elapsed_ms=38.824
kiln_profile_paged_layer layer=18 kind=linear seq_len=23 start_pos=0 elapsed_ms=166.277
kiln_profile_full_attn_stage full_attn_layer=4 stage=qkv_proj seq_len=23 start_pos=0 elapsed_ms=57.058
kiln_profile_full_attn_stage full_attn_layer=4 stage=qkv_split seq_len=23 start_pos=0 elapsed_ms=0.110
kiln_profile_full_attn_stage full_attn_layer=4 stage=qk_norm seq_len=23 start_pos=0 elapsed_ms=0.268
kiln_profile_full_attn_stage full_attn_layer=4 stage=rope seq_len=23 start_pos=0 elapsed_ms=0.291
kiln_profile_full_attn_stage full_attn_layer=4 stage=q_transpose seq_len=23 start_pos=0 elapsed_ms=0.126
kiln_profile_full_attn_stage full_attn_layer=4 stage=kv_write seq_len=23 start_pos=0 elapsed_ms=0.087
kiln_profile_full_attn_stage full_attn_layer=4 stage=kv_read seq_len=23 start_pos=0 elapsed_ms=0.013
kiln_profile_mlp_stage layer=19 stage=fused seq_len=23 start_pos=0 elapsed_ms=28.577
kiln_profile_paged_layer layer=19 kind=full seq_len=23 start_pos=0 elapsed_ms=141.093
kiln_profile_full_attn_stage full_attn_layer=4 stage=qkv_proj seq_len=23 start_pos=0 elapsed_ms=84.334
kiln_profile_full_attn_stage full_attn_layer=4 stage=qkv_split seq_len=23 start_pos=0 elapsed_ms=0.072
kiln_profile_full_attn_stage full_attn_layer=4 stage=qk_norm seq_len=23 start_pos=0 elapsed_ms=0.242
kiln_profile_full_attn_stage full_attn_layer=4 stage=rope seq_len=23 start_pos=0 elapsed_ms=0.285
kiln_profile_full_attn_stage full_attn_layer=4 stage=q_transpose seq_len=23 start_pos=0 elapsed_ms=0.104
kiln_profile_full_attn_stage full_attn_layer=4 stage=kv_write seq_len=23 start_pos=0 elapsed_ms=0.059
kiln_profile_full_attn_stage full_attn_layer=4 stage=kv_read seq_len=23 start_pos=0 elapsed_ms=0.010
kiln_profile_gdn_stage layer=20 stage=out_proj seq_len=23 start_pos=0 elapsed_ms=52.781
kiln_profile_gdn_stage layer=20 stage=in_proj seq_len=23 start_pos=0 elapsed_ms=33.607
kiln_profile_gdn_stage layer=20 stage=conv seq_len=23 start_pos=0 elapsed_ms=1.998
kiln_profile_gdn_stage layer=20 stage=qkv_split seq_len=23 start_pos=0 elapsed_ms=0.168
kiln_profile_gdn_stage layer=20 stage=qk_norm seq_len=23 start_pos=0 elapsed_ms=0.203
kiln_profile_mlp_stage layer=19 stage=fused seq_len=23 start_pos=0 elapsed_ms=40.698
kiln_profile_paged_layer layer=19 kind=full seq_len=23 start_pos=0 elapsed_ms=161.944
kiln_profile_mlp_stage layer=19 stage=fused seq_len=23 start_pos=0 elapsed_ms=27.631
kiln_profile_paged_layer layer=19 kind=full seq_len=23 start_pos=0 elapsed_ms=119.107
kiln_profile_gdn_stage layer=20 stage=in_proj seq_len=23 start_pos=0 elapsed_ms=18.516
kiln_profile_full_attn_stage full_attn_layer=4 stage=qkv_proj seq_len=23 start_pos=0 elapsed_ms=80.177
kiln_profile_full_attn_stage full_attn_layer=4 stage=qkv_split seq_len=23 start_pos=0 elapsed_ms=0.056
kiln_profile_full_attn_stage full_attn_layer=4 stage=qk_norm seq_len=23 start_pos=0 elapsed_ms=0.219
kiln_profile_full_attn_stage full_attn_layer=4 stage=rope seq_len=23 start_pos=0 elapsed_ms=0.296
kiln_profile_full_attn_stage full_attn_layer=4 stage=qkv_proj seq_len=23 start_pos=0 elapsed_ms=92.975
kiln_profile_full_attn_stage full_attn_layer=4 stage=q_transpose seq_len=23 start_pos=0 elapsed_ms=0.082
kiln_profile_gdn_stage layer=20 stage=conv seq_len=23 start_pos=0 elapsed_ms=2.117
kiln_profile_full_attn_stage full_attn_layer=4 stage=qkv_split seq_len=23 start_pos=0 elapsed_ms=0.056
kiln_profile_full_attn_stage full_attn_layer=4 stage=kv_write seq_len=23 start_pos=0 elapsed_ms=0.047
kiln_profile_full_attn_stage full_attn_layer=4 stage=kv_read seq_len=23 start_pos=0 elapsed_ms=0.005
kiln_profile_gdn_stage layer=20 stage=qkv_split seq_len=23 start_pos=0 elapsed_ms=0.124
kiln_profile_full_attn_stage full_attn_layer=4 stage=qk_norm seq_len=23 start_pos=0 elapsed_ms=0.221
kiln_profile_gdn_stage layer=20 stage=qk_norm seq_len=23 start_pos=0 elapsed_ms=0.207
kiln_profile_full_attn_stage full_attn_layer=4 stage=rope seq_len=23 start_pos=0 elapsed_ms=0.290
kiln_profile_full_attn_stage full_attn_layer=4 stage=q_transpose seq_len=23 start_pos=0 elapsed_ms=0.076
kiln_profile_full_attn_stage full_attn_layer=4 stage=qkv_proj seq_len=23 start_pos=0 elapsed_ms=73.200
kiln_profile_full_attn_stage full_attn_layer=4 stage=kv_write seq_len=23 start_pos=0 elapsed_ms=0.054
kiln_profile_full_attn_stage full_attn_layer=4 stage=kv_read seq_len=23 start_pos=0 elapsed_ms=0.010
kiln_profile_full_attn_stage full_attn_layer=4 stage=qkv_split seq_len=23 start_pos=0 elapsed_ms=0.060
kiln_profile_gdn_stage layer=20 stage=gates seq_len=23 start_pos=0 elapsed_ms=27.424
kiln_profile_full_attn_stage full_attn_layer=4 stage=qk_norm seq_len=23 start_pos=0 elapsed_ms=0.234
kiln_profile_full_attn_stage full_attn_layer=4 stage=rope seq_len=23 start_pos=0 elapsed_ms=0.294
kiln_profile_full_attn_stage full_attn_layer=4 stage=q_transpose seq_len=23 start_pos=0 elapsed_ms=0.073
kiln_profile_full_attn_stage full_attn_layer=4 stage=kv_write seq_len=23 start_pos=0 elapsed_ms=0.026
kiln_profile_full_attn_stage full_attn_layer=4 stage=kv_read seq_len=23 start_pos=0 elapsed_ms=0.007
kiln_profile_gdn_stage layer=20 stage=recurrent seq_len=23 start_pos=0 elapsed_ms=2.944
kiln_profile_gdn_stage layer=20 stage=post_transpose seq_len=23 start_pos=0 elapsed_ms=0.000
kiln_profile_gdn_stage layer=20 stage=in_proj seq_len=23 start_pos=0 elapsed_ms=16.595
kiln_profile_gdn_stage layer=20 stage=conv seq_len=23 start_pos=0 elapsed_ms=2.100
kiln_profile_gdn_stage layer=20 stage=qkv_split seq_len=23 start_pos=0 elapsed_ms=0.168
kiln_profile_gdn_stage layer=20 stage=qk_norm seq_len=23 start_pos=0 elapsed_ms=0.266
kiln_profile_mlp_stage layer=19 stage=fused seq_len=23 start_pos=0 elapsed_ms=23.886
kiln_profile_paged_layer layer=19 kind=full seq_len=23 start_pos=0 elapsed_ms=160.377
kiln_profile_gdn_stage layer=20 stage=gates seq_len=23 start_pos=0 elapsed_ms=18.302
kiln_profile_gdn_stage layer=20 stage=recurrent seq_len=23 start_pos=0 elapsed_ms=3.286
kiln_profile_gdn_stage layer=20 stage=post_transpose seq_len=23 start_pos=0 elapsed_ms=0.000
kiln_profile_gdn_stage layer=20 stage=gated_norm seq_len=23 start_pos=0 elapsed_ms=20.977
kiln_profile_mlp_stage layer=20 stage=fused seq_len=23 start_pos=0 elapsed_ms=68.341
kiln_profile_paged_layer layer=20 kind=linear seq_len=23 start_pos=0 elapsed_ms=189.683
kiln_profile_gdn_stage layer=20 stage=in_proj seq_len=23 start_pos=0 elapsed_ms=24.283
kiln_profile_gdn_stage layer=20 stage=conv seq_len=23 start_pos=0 elapsed_ms=2.123
kiln_profile_gdn_stage layer=20 stage=qkv_split seq_len=23 start_pos=0 elapsed_ms=0.155
kiln_profile_gdn_stage layer=20 stage=qk_norm seq_len=23 start_pos=0 elapsed_ms=0.209
kiln_profile_mlp_stage layer=19 stage=fused seq_len=23 start_pos=0 elapsed_ms=31.123
kiln_profile_paged_layer layer=19 kind=full seq_len=23 start_pos=0 elapsed_ms=141.073
kiln_profile_gdn_stage layer=20 stage=gated_norm seq_len=23 start_pos=0 elapsed_ms=32.677
kiln_profile_gdn_stage layer=20 stage=out_proj seq_len=23 start_pos=0 elapsed_ms=31.597
kiln_profile_gdn_stage layer=20 stage=gates seq_len=23 start_pos=0 elapsed_ms=47.562
kiln_profile_gdn_stage layer=20 stage=recurrent seq_len=23 start_pos=0 elapsed_ms=3.053
kiln_profile_gdn_stage layer=20 stage=post_transpose seq_len=23 start_pos=0 elapsed_ms=0.000
kiln_profile_gdn_stage layer=21 stage=in_proj seq_len=23 start_pos=0 elapsed_ms=31.274
kiln_profile_gdn_stage layer=21 stage=conv seq_len=23 start_pos=0 elapsed_ms=2.010
kiln_profile_gdn_stage layer=21 stage=qkv_split seq_len=23 start_pos=0 elapsed_ms=0.132
kiln_profile_gdn_stage layer=21 stage=qk_norm seq_len=23 start_pos=0 elapsed_ms=0.211
kiln_profile_mlp_stage layer=19 stage=fused seq_len=23 start_pos=0 elapsed_ms=64.404
kiln_profile_paged_layer layer=19 kind=full seq_len=23 start_pos=0 elapsed_ms=148.200
kiln_profile_gdn_stage layer=20 stage=gates seq_len=23 start_pos=0 elapsed_ms=25.623
kiln_profile_gdn_stage layer=20 stage=recurrent seq_len=23 start_pos=0 elapsed_ms=3.265
kiln_profile_gdn_stage layer=20 stage=post_transpose seq_len=23 start_pos=0 elapsed_ms=0.000
kiln_profile_gdn_stage layer=20 stage=in_proj seq_len=23 start_pos=0 elapsed_ms=26.428
kiln_profile_gdn_stage layer=20 stage=conv seq_len=23 start_pos=0 elapsed_ms=2.010
kiln_profile_gdn_stage layer=20 stage=qkv_split seq_len=23 start_pos=0 elapsed_ms=0.114
kiln_profile_gdn_stage layer=20 stage=qk_norm seq_len=23 start_pos=0 elapsed_ms=0.217
kiln_profile_mlp_stage layer=19 stage=fused seq_len=23 start_pos=0 elapsed_ms=59.315
kiln_profile_paged_layer layer=19 kind=full seq_len=23 start_pos=0 elapsed_ms=150.643
kiln_profile_gdn_stage layer=20 stage=out_proj seq_len=23 start_pos=0 elapsed_ms=25.268
kiln_profile_gdn_stage layer=20 stage=gated_norm seq_len=23 start_pos=0 elapsed_ms=27.621
kiln_profile_gdn_stage layer=21 stage=gates seq_len=23 start_pos=0 elapsed_ms=21.404
kiln_profile_gdn_stage layer=21 stage=recurrent seq_len=23 start_pos=0 elapsed_ms=3.110
kiln_profile_gdn_stage layer=21 stage=post_transpose seq_len=23 start_pos=0 elapsed_ms=0.000
kiln_profile_gdn_stage layer=20 stage=in_proj seq_len=23 start_pos=0 elapsed_ms=27.481
kiln_profile_gdn_stage layer=20 stage=gated_norm seq_len=23 start_pos=0 elapsed_ms=25.416
kiln_profile_gdn_stage layer=20 stage=gates seq_len=23 start_pos=0 elapsed_ms=19.564
kiln_profile_gdn_stage layer=20 stage=conv seq_len=23 start_pos=0 elapsed_ms=2.297
kiln_profile_gdn_stage layer=20 stage=qkv_split seq_len=23 start_pos=0 elapsed_ms=0.117
kiln_profile_gdn_stage layer=20 stage=qk_norm seq_len=23 start_pos=0 elapsed_ms=0.232
kiln_profile_gdn_stage layer=20 stage=recurrent seq_len=23 start_pos=0 elapsed_ms=2.538
kiln_profile_gdn_stage layer=20 stage=post_transpose seq_len=23 start_pos=0 elapsed_ms=0.000
kiln_profile_gdn_stage layer=20 stage=in_proj seq_len=23 start_pos=0 elapsed_ms=25.060
kiln_profile_gdn_stage layer=20 stage=conv seq_len=23 start_pos=0 elapsed_ms=2.015
kiln_profile_gdn_stage layer=20 stage=qkv_split seq_len=23 start_pos=0 elapsed_ms=0.134
kiln_profile_gdn_stage layer=20 stage=qk_norm seq_len=23 start_pos=0 elapsed_ms=0.232
kiln_profile_mlp_stage layer=20 stage=fused seq_len=23 start_pos=0 elapsed_ms=50.270
kiln_profile_paged_layer layer=20 kind=linear seq_len=23 start_pos=0 elapsed_ms=169.525
kiln_profile_mlp_stage layer=20 stage=fused seq_len=23 start_pos=0 elapsed_ms=34.896
kiln_profile_paged_layer layer=20 kind=linear seq_len=23 start_pos=0 elapsed_ms=135.747
kiln_profile_gdn_stage layer=21 stage=gated_norm seq_len=23 start_pos=0 elapsed_ms=25.915
kiln_profile_gdn_stage layer=20 stage=out_proj seq_len=23 start_pos=0 elapsed_ms=22.213
kiln_profile_gdn_stage layer=20 stage=gates seq_len=23 start_pos=0 elapsed_ms=21.203
kiln_profile_gdn_stage layer=20 stage=gated_norm seq_len=23 start_pos=0 elapsed_ms=20.245
kiln_profile_gdn_stage layer=20 stage=gates seq_len=23 start_pos=0 elapsed_ms=14.025
kiln_profile_gdn_stage layer=20 stage=recurrent seq_len=23 start_pos=0 elapsed_ms=3.501
kiln_profile_gdn_stage layer=20 stage=post_transpose seq_len=23 start_pos=0 elapsed_ms=0.000
kiln_profile_gdn_stage layer=20 stage=recurrent seq_len=23 start_pos=0 elapsed_ms=3.356
kiln_profile_gdn_stage layer=20 stage=post_transpose seq_len=23 start_pos=0 elapsed_ms=0.000
kiln_profile_gdn_stage layer=21 stage=in_proj seq_len=23 start_pos=0 elapsed_ms=20.373
kiln_profile_gdn_stage layer=21 stage=conv seq_len=23 start_pos=0 elapsed_ms=2.032
kiln_profile_gdn_stage layer=21 stage=qkv_split seq_len=23 start_pos=0 elapsed_ms=0.135
kiln_profile_gdn_stage layer=21 stage=qk_norm seq_len=23 start_pos=0 elapsed_ms=0.204
kiln_profile_gdn_stage layer=20 stage=out_proj seq_len=23 start_pos=0 elapsed_ms=43.157
kiln_profile_gdn_stage layer=21 stage=in_proj seq_len=23 start_pos=0 elapsed_ms=22.361
kiln_profile_gdn_stage layer=21 stage=conv seq_len=23 start_pos=0 elapsed_ms=2.199
kiln_profile_gdn_stage layer=21 stage=qkv_split seq_len=23 start_pos=0 elapsed_ms=0.181
kiln_profile_gdn_stage layer=21 stage=out_proj seq_len=23 start_pos=0 elapsed_ms=23.480
kiln_profile_gdn_stage layer=21 stage=qk_norm seq_len=23 start_pos=0 elapsed_ms=0.261
kiln_profile_gdn_stage layer=20 stage=out_proj seq_len=23 start_pos=0 elapsed_ms=21.952
kiln_profile_gdn_stage layer=20 stage=gated_norm seq_len=23 start_pos=0 elapsed_ms=25.813
kiln_profile_gdn_stage layer=20 stage=gated_norm seq_len=23 start_pos=0 elapsed_ms=26.748
kiln_profile_gdn_stage layer=21 stage=gates seq_len=23 start_pos=0 elapsed_ms=20.175
kiln_profile_gdn_stage layer=21 stage=recurrent seq_len=23 start_pos=0 elapsed_ms=3.303
kiln_profile_gdn_stage layer=21 stage=post_transpose seq_len=23 start_pos=0 elapsed_ms=0.000
kiln_profile_gdn_stage layer=21 stage=gates seq_len=23 start_pos=0 elapsed_ms=16.056
kiln_profile_gdn_stage layer=21 stage=recurrent seq_len=23 start_pos=0 elapsed_ms=3.187
kiln_profile_gdn_stage layer=21 stage=post_transpose seq_len=23 start_pos=0 elapsed_ms=0.000
kiln_profile_mlp_stage layer=21 stage=fused seq_len=23 start_pos=0 elapsed_ms=23.635
kiln_profile_paged_layer layer=21 kind=linear seq_len=23 start_pos=0 elapsed_ms=131.519
kiln_profile_mlp_stage layer=20 stage=fused seq_len=23 start_pos=0 elapsed_ms=30.650
kiln_profile_paged_layer layer=20 kind=linear seq_len=23 start_pos=0 elapsed_ms=124.044
kiln_profile_gdn_stage layer=20 stage=out_proj seq_len=23 start_pos=0 elapsed_ms=24.060
kiln_profile_mlp_stage layer=20 stage=fused seq_len=23 start_pos=0 elapsed_ms=46.372
kiln_profile_paged_layer layer=20 kind=linear seq_len=23 start_pos=0 elapsed_ms=187.229
kiln_profile_gdn_stage layer=21 stage=gated_norm seq_len=23 start_pos=0 elapsed_ms=25.451
kiln_profile_mlp_stage layer=20 stage=fused seq_len=23 start_pos=0 elapsed_ms=63.081
kiln_profile_paged_layer layer=20 kind=linear seq_len=23 start_pos=0 elapsed_ms=166.700
kiln_profile_gdn_stage layer=21 stage=gated_norm seq_len=23 start_pos=0 elapsed_ms=23.959
kiln_profile_gdn_stage layer=22 stage=in_proj seq_len=23 start_pos=0 elapsed_ms=26.832
kiln_profile_gdn_stage layer=22 stage=conv seq_len=23 start_pos=0 elapsed_ms=2.010
kiln_profile_gdn_stage layer=22 stage=qkv_split seq_len=23 start_pos=0 elapsed_ms=0.122
kiln_profile_gdn_stage layer=20 stage=out_proj seq_len=23 start_pos=0 elapsed_ms=45.138
kiln_profile_gdn_stage layer=22 stage=qk_norm seq_len=23 start_pos=0 elapsed_ms=0.210
kiln_profile_gdn_stage layer=21 stage=in_proj seq_len=23 start_pos=0 elapsed_ms=27.888
kiln_profile_gdn_stage layer=21 stage=conv seq_len=23 start_pos=0 elapsed_ms=2.031
kiln_profile_gdn_stage layer=21 stage=qkv_split seq_len=23 start_pos=0 elapsed_ms=0.115
kiln_profile_gdn_stage layer=21 stage=qk_norm seq_len=23 start_pos=0 elapsed_ms=0.197
kiln_profile_gdn_stage layer=21 stage=in_proj seq_len=23 start_pos=0 elapsed_ms=27.811
kiln_profile_gdn_stage layer=21 stage=conv seq_len=23 start_pos=0 elapsed_ms=2.070
kiln_profile_gdn_stage layer=21 stage=qkv_split seq_len=23 start_pos=0 elapsed_ms=0.117
kiln_profile_gdn_stage layer=21 stage=qk_norm seq_len=23 start_pos=0 elapsed_ms=0.216
kiln_profile_gdn_stage layer=21 stage=out_proj seq_len=23 start_pos=0 elapsed_ms=29.112
kiln_profile_mlp_stage layer=20 stage=fused seq_len=23 start_pos=0 elapsed_ms=41.962
kiln_profile_paged_layer layer=20 kind=linear seq_len=23 start_pos=0 elapsed_ms=137.939
kiln_profile_gdn_stage layer=21 stage=out_proj seq_len=23 start_pos=0 elapsed_ms=34.220
kiln_profile_gdn_stage layer=22 stage=gates seq_len=23 start_pos=0 elapsed_ms=24.836
kiln_profile_gdn_stage layer=22 stage=recurrent seq_len=23 start_pos=0 elapsed_ms=3.445
kiln_profile_gdn_stage layer=22 stage=post_transpose seq_len=23 start_pos=0 elapsed_ms=0.000
kiln_profile_gdn_stage layer=21 stage=gates seq_len=23 start_pos=0 elapsed_ms=21.690
kiln_profile_gdn_stage layer=21 stage=gates seq_len=23 start_pos=0 elapsed_ms=16.825
kiln_profile_gdn_stage layer=21 stage=recurrent seq_len=23 start_pos=0 elapsed_ms=2.569
kiln_profile_gdn_stage layer=21 stage=post_transpose seq_len=23 start_pos=0 elapsed_ms=0.000
kiln_profile_gdn_stage layer=21 stage=recurrent seq_len=23 start_pos=0 elapsed_ms=3.378
kiln_profile_gdn_stage layer=21 stage=post_transpose seq_len=23 start_pos=0 elapsed_ms=0.000
kiln_profile_gdn_stage layer=21 stage=in_proj seq_len=23 start_pos=0 elapsed_ms=49.867
kiln_profile_gdn_stage layer=21 stage=conv seq_len=23 start_pos=0 elapsed_ms=2.066
kiln_profile_gdn_stage layer=21 stage=qkv_split seq_len=23 start_pos=0 elapsed_ms=0.143
kiln_profile_gdn_stage layer=21 stage=qk_norm seq_len=23 start_pos=0 elapsed_ms=0.232
kiln_profile_mlp_stage layer=21 stage=fused seq_len=23 start_pos=0 elapsed_ms=32.989
kiln_profile_paged_layer layer=21 kind=linear seq_len=23 start_pos=0 elapsed_ms=134.111
kiln_profile_mlp_stage layer=20 stage=fused seq_len=23 start_pos=0 elapsed_ms=50.291
kiln_profile_paged_layer layer=20 kind=linear seq_len=23 start_pos=0 elapsed_ms=176.454
kiln_profile_mlp_stage layer=21 stage=fused seq_len=23 start_pos=0 elapsed_ms=34.062
kiln_profile_paged_layer layer=21 kind=linear seq_len=23 start_pos=0 elapsed_ms=136.800
kiln_profile_gdn_stage layer=21 stage=gated_norm seq_len=23 start_pos=0 elapsed_ms=26.754
kiln_profile_gdn_stage layer=21 stage=gated_norm seq_len=23 start_pos=0 elapsed_ms=27.562
kiln_profile_gdn_stage layer=21 stage=in_proj seq_len=23 start_pos=0 elapsed_ms=46.514
kiln_profile_gdn_stage layer=21 stage=gates seq_len=23 start_pos=0 elapsed_ms=28.951
kiln_profile_gdn_stage layer=21 stage=conv seq_len=23 start_pos=0 elapsed_ms=2.005
kiln_profile_gdn_stage layer=21 stage=qkv_split seq_len=23 start_pos=0 elapsed_ms=0.120
kiln_profile_gdn_stage layer=21 stage=qk_norm seq_len=23 start_pos=0 elapsed_ms=0.208
kiln_profile_gdn_stage layer=21 stage=recurrent seq_len=23 start_pos=0 elapsed_ms=2.957
kiln_profile_gdn_stage layer=21 stage=post_transpose seq_len=23 start_pos=0 elapsed_ms=0.000
kiln_profile_gdn_stage layer=22 stage=in_proj seq_len=23 start_pos=0 elapsed_ms=29.494
kiln_profile_gdn_stage layer=22 stage=conv seq_len=23 start_pos=0 elapsed_ms=2.003
kiln_profile_gdn_stage layer=22 stage=qkv_split seq_len=23 start_pos=0 elapsed_ms=0.142
kiln_profile_gdn_stage layer=22 stage=qk_norm seq_len=23 start_pos=0 elapsed_ms=0.197
kiln_profile_gdn_stage layer=21 stage=in_proj seq_len=23 start_pos=0 elapsed_ms=34.428
kiln_profile_gdn_stage layer=21 stage=conv seq_len=23 start_pos=0 elapsed_ms=2.026
kiln_profile_gdn_stage layer=21 stage=qkv_split seq_len=23 start_pos=0 elapsed_ms=0.126
kiln_profile_gdn_stage layer=21 stage=qk_norm seq_len=23 start_pos=0 elapsed_ms=0.193
kiln_profile_gdn_stage layer=22 stage=gated_norm seq_len=23 start_pos=0 elapsed_ms=59.081
kiln_profile_gdn_stage layer=22 stage=in_proj seq_len=23 start_pos=0 elapsed_ms=35.739
kiln_profile_gdn_stage layer=22 stage=conv seq_len=23 start_pos=0 elapsed_ms=2.041
kiln_profile_gdn_stage layer=22 stage=qkv_split seq_len=23 start_pos=0 elapsed_ms=0.131
kiln_profile_gdn_stage layer=22 stage=qk_norm seq_len=23 start_pos=0 elapsed_ms=0.210
kiln_profile_gdn_stage layer=21 stage=out_proj seq_len=23 start_pos=0 elapsed_ms=37.000
kiln_profile_gdn_stage layer=21 stage=out_proj seq_len=23 start_pos=0 elapsed_ms=36.981
kiln_profile_gdn_stage layer=21 stage=gates seq_len=23 start_pos=0 elapsed_ms=27.546
kiln_profile_gdn_stage layer=21 stage=gated_norm seq_len=23 start_pos=0 elapsed_ms=26.864
kiln_profile_gdn_stage layer=22 stage=gates seq_len=23 start_pos=0 elapsed_ms=20.384
kiln_profile_gdn_stage layer=21 stage=recurrent seq_len=23 start_pos=0 elapsed_ms=3.599
kiln_profile_gdn_stage layer=21 stage=post_transpose seq_len=23 start_pos=0 elapsed_ms=0.000
kiln_profile_gdn_stage layer=22 stage=recurrent seq_len=23 start_pos=0 elapsed_ms=3.762
kiln_profile_gdn_stage layer=22 stage=post_transpose seq_len=23 start_pos=0 elapsed_ms=0.000
kiln_profile_mlp_stage layer=21 stage=fused seq_len=23 start_pos=0 elapsed_ms=9.934
kiln_profile_paged_layer layer=21 kind=linear seq_len=23 start_pos=0 elapsed_ms=125.207
kiln_profile_gdn_stage layer=22 stage=gates seq_len=23 start_pos=0 elapsed_ms=12.444
kiln_profile_gdn_stage layer=22 stage=recurrent seq_len=23 start_pos=0 elapsed_ms=3.156
kiln_profile_gdn_stage layer=22 stage=post_transpose seq_len=23 start_pos=0 elapsed_ms=0.000
kiln_profile_mlp_stage layer=21 stage=fused seq_len=23 start_pos=0 elapsed_ms=20.550
kiln_profile_paged_layer layer=21 kind=linear seq_len=23 start_pos=0 elapsed_ms=139.190
kiln_profile_gdn_stage layer=22 stage=out_proj seq_len=23 start_pos=0 elapsed_ms=32.290
kiln_profile_gdn_stage layer=21 stage=gates seq_len=23 start_pos=0 elapsed_ms=32.524
kiln_profile_gdn_stage layer=21 stage=gated_norm seq_len=23 start_pos=0 elapsed_ms=18.685
kiln_profile_gdn_stage layer=22 stage=gated_norm seq_len=23 start_pos=0 elapsed_ms=19.586
kiln_profile_gdn_stage layer=21 stage=recurrent seq_len=23 start_pos=0 elapsed_ms=4.131
kiln_profile_gdn_stage layer=21 stage=post_transpose seq_len=23 start_pos=0 elapsed_ms=0.000
kiln_profile_gdn_stage layer=22 stage=in_proj seq_len=23 start_pos=0 elapsed_ms=18.756
kiln_profile_gdn_stage layer=22 stage=conv seq_len=23 start_pos=0 elapsed_ms=2.126
kiln_profile_gdn_stage layer=21 stage=out_proj seq_len=23 start_pos=0 elapsed_ms=30.252
kiln_profile_gdn_stage layer=22 stage=qkv_split seq_len=23 start_pos=0 elapsed_ms=0.130
kiln_profile_gdn_stage layer=22 stage=qk_norm seq_len=23 start_pos=0 elapsed_ms=0.226
kiln_profile_gdn_stage layer=22 stage=gated_norm seq_len=23 start_pos=0 elapsed_ms=19.287
kiln_profile_gdn_stage layer=22 stage=in_proj seq_len=23 start_pos=0 elapsed_ms=21.252
kiln_profile_gdn_stage layer=22 stage=conv seq_len=23 start_pos=0 elapsed_ms=2.030
kiln_profile_gdn_stage layer=22 stage=qkv_split seq_len=23 start_pos=0 elapsed_ms=0.114
kiln_profile_gdn_stage layer=22 stage=qk_norm seq_len=23 start_pos=0 elapsed_ms=0.203
kiln_profile_gdn_stage layer=21 stage=out_proj seq_len=23 start_pos=0 elapsed_ms=20.688
kiln_profile_mlp_stage layer=22 stage=fused seq_len=23 start_pos=0 elapsed_ms=29.604
kiln_profile_paged_layer layer=22 kind=linear seq_len=23 start_pos=0 elapsed_ms=178.763
kiln_profile_gdn_stage layer=21 stage=gated_norm seq_len=23 start_pos=0 elapsed_ms=25.993
kiln_profile_gdn_stage layer=22 stage=out_proj seq_len=23 start_pos=0 elapsed_ms=20.047
kiln_profile_mlp_stage layer=21 stage=fused seq_len=23 start_pos=0 elapsed_ms=29.358
kiln_profile_paged_layer layer=21 kind=linear seq_len=23 start_pos=0 elapsed_ms=171.124
kiln_profile_gdn_stage layer=22 stage=gates seq_len=23 start_pos=0 elapsed_ms=18.111
kiln_profile_gdn_stage layer=22 stage=out_proj seq_len=23 start_pos=0 elapsed_ms=37.481
kiln_profile_gdn_stage layer=22 stage=recurrent seq_len=23 start_pos=0 elapsed_ms=2.527
kiln_profile_gdn_stage layer=22 stage=post_transpose seq_len=23 start_pos=0 elapsed_ms=0.000
kiln_profile_mlp_stage layer=21 stage=fused seq_len=23 start_pos=0 elapsed_ms=26.057
kiln_profile_paged_layer layer=21 kind=linear seq_len=23 start_pos=0 elapsed_ms=145.752
kiln_profile_gdn_stage layer=21 stage=out_proj seq_len=23 start_pos=0 elapsed_ms=20.114
kiln_profile_gdn_stage layer=22 stage=gates seq_len=23 start_pos=0 elapsed_ms=39.998
kiln_profile_gdn_stage layer=22 stage=recurrent seq_len=23 start_pos=0 elapsed_ms=3.509
kiln_profile_gdn_stage layer=22 stage=post_transpose seq_len=23 start_pos=0 elapsed_ms=0.000
kiln_profile_mlp_stage layer=22 stage=fused seq_len=23 start_pos=0 elapsed_ms=26.479
kiln_profile_paged_layer layer=22 kind=linear seq_len=23 start_pos=0 elapsed_ms=119.893
kiln_profile_mlp_stage layer=22 stage=fused seq_len=23 start_pos=0 elapsed_ms=30.638
kiln_profile_paged_layer layer=22 kind=linear seq_len=23 start_pos=0 elapsed_ms=144.068
kiln_profile_gdn_stage layer=22 stage=in_proj seq_len=23 start_pos=0 elapsed_ms=29.923
kiln_profile_gdn_stage layer=22 stage=conv seq_len=23 start_pos=0 elapsed_ms=1.986
kiln_profile_gdn_stage layer=22 stage=qkv_split seq_len=23 start_pos=0 elapsed_ms=0.123
kiln_profile_gdn_stage layer=22 stage=qk_norm seq_len=23 start_pos=0 elapsed_ms=0.205
kiln_profile_gdn_stage layer=22 stage=in_proj seq_len=23 start_pos=0 elapsed_ms=46.433
kiln_profile_gdn_stage layer=22 stage=conv seq_len=23 start_pos=0 elapsed_ms=2.038
kiln_profile_gdn_stage layer=22 stage=qkv_split seq_len=23 start_pos=0 elapsed_ms=0.132
kiln_profile_gdn_stage layer=22 stage=qk_norm seq_len=23 start_pos=0 elapsed_ms=0.200
kiln_profile_mlp_stage layer=21 stage=fused seq_len=23 start_pos=0 elapsed_ms=43.284
kiln_profile_paged_layer layer=21 kind=linear seq_len=23 start_pos=0 elapsed_ms=163.170
kiln_profile_gdn_stage layer=22 stage=gated_norm seq_len=23 start_pos=0 elapsed_ms=59.789
kiln_profile_gdn_stage layer=22 stage=gated_norm seq_len=23 start_pos=0 elapsed_ms=56.725
kiln_profile_gdn_stage layer=22 stage=in_proj seq_len=23 start_pos=0 elapsed_ms=23.834
kiln_profile_gdn_stage layer=22 stage=gates seq_len=23 start_pos=0 elapsed_ms=37.499
kiln_profile_gdn_stage layer=22 stage=gates seq_len=23 start_pos=0 elapsed_ms=30.116
kiln_profile_gdn_stage layer=22 stage=conv seq_len=23 start_pos=0 elapsed_ms=2.040
kiln_profile_gdn_stage layer=22 stage=qkv_split seq_len=23 start_pos=0 elapsed_ms=0.132
kiln_profile_full_attn_stage full_attn_layer=5 stage=qkv_proj seq_len=23 start_pos=0 elapsed_ms=90.315
kiln_profile_gdn_stage layer=22 stage=qk_norm seq_len=23 start_pos=0 elapsed_ms=0.199
kiln_profile_full_attn_stage full_attn_layer=5 stage=qkv_split seq_len=23 start_pos=0 elapsed_ms=0.087
kiln_profile_full_attn_stage full_attn_layer=5 stage=qk_norm seq_len=23 start_pos=0 elapsed_ms=0.372
kiln_profile_full_attn_stage full_attn_layer=5 stage=rope seq_len=23 start_pos=0 elapsed_ms=0.328
kiln_profile_full_attn_stage full_attn_layer=5 stage=q_transpose seq_len=23 start_pos=0 elapsed_ms=0.116
kiln_profile_full_attn_stage full_attn_layer=5 stage=kv_write seq_len=23 start_pos=0 elapsed_ms=0.078
kiln_profile_full_attn_stage full_attn_layer=5 stage=kv_read seq_len=23 start_pos=0 elapsed_ms=0.011
kiln_profile_gdn_stage layer=22 stage=recurrent seq_len=23 start_pos=0 elapsed_ms=3.624
kiln_profile_gdn_stage layer=22 stage=post_transpose seq_len=23 start_pos=0 elapsed_ms=0.001
kiln_profile_gdn_stage layer=22 stage=out_proj seq_len=23 start_pos=0 elapsed_ms=19.846
kiln_profile_gdn_stage layer=22 stage=recurrent seq_len=23 start_pos=0 elapsed_ms=3.930
kiln_profile_gdn_stage layer=22 stage=post_transpose seq_len=23 start_pos=0 elapsed_ms=0.000
kiln_profile_gdn_stage layer=22 stage=out_proj seq_len=23 start_pos=0 elapsed_ms=14.230
kiln_profile_full_attn_stage full_attn_layer=5 stage=qkv_proj seq_len=23 start_pos=0 elapsed_ms=66.974
kiln_profile_full_attn_stage full_attn_layer=5 stage=qkv_split seq_len=23 start_pos=0 elapsed_ms=0.061
kiln_profile_full_attn_stage full_attn_layer=5 stage=qk_norm seq_len=23 start_pos=0 elapsed_ms=0.234
kiln_profile_full_attn_stage full_attn_layer=5 stage=rope seq_len=23 start_pos=0 elapsed_ms=0.292
kiln_profile_full_attn_stage full_attn_layer=5 stage=q_transpose seq_len=23 start_pos=0 elapsed_ms=0.072
kiln_profile_full_attn_stage full_attn_layer=5 stage=kv_write seq_len=23 start_pos=0 elapsed_ms=0.056
kiln_profile_full_attn_stage full_attn_layer=5 stage=kv_read seq_len=23 start_pos=0 elapsed_ms=0.023
kiln_profile_gdn_stage layer=22 stage=gates seq_len=23 start_pos=0 elapsed_ms=7.698
kiln_profile_full_attn_stage full_attn_layer=5 stage=qkv_proj seq_len=23 start_pos=0 elapsed_ms=56.396
kiln_profile_full_attn_stage full_attn_layer=5 stage=qkv_split seq_len=23 start_pos=0 elapsed_ms=0.077
kiln_profile_full_attn_stage full_attn_layer=5 stage=qk_norm seq_len=23 start_pos=0 elapsed_ms=0.229
kiln_profile_full_attn_stage full_attn_layer=5 stage=rope seq_len=23 start_pos=0 elapsed_ms=0.298
kiln_profile_full_attn_stage full_attn_layer=5 stage=q_transpose seq_len=23 start_pos=0 elapsed_ms=0.075
kiln_profile_full_attn_stage full_attn_layer=5 stage=kv_write seq_len=23 start_pos=0 elapsed_ms=0.056
kiln_profile_full_attn_stage full_attn_layer=5 stage=kv_read seq_len=23 start_pos=0 elapsed_ms=0.007
kiln_profile_gdn_stage layer=22 stage=gated_norm seq_len=23 start_pos=0 elapsed_ms=8.172
kiln_profile_gdn_stage layer=22 stage=recurrent seq_len=23 start_pos=0 elapsed_ms=3.505
kiln_profile_gdn_stage layer=22 stage=post_transpose seq_len=23 start_pos=0 elapsed_ms=0.000
kiln_profile_mlp_stage layer=22 stage=fused seq_len=23 start_pos=0 elapsed_ms=16.575
kiln_profile_paged_layer layer=22 kind=linear seq_len=23 start_pos=0 elapsed_ms=140.840
kiln_profile_mlp_stage layer=22 stage=fused seq_len=23 start_pos=0 elapsed_ms=22.364
kiln_profile_paged_layer layer=22 kind=linear seq_len=23 start_pos=0 elapsed_ms=158.398
kiln_profile_gdn_stage layer=22 stage=out_proj seq_len=23 start_pos=0 elapsed_ms=25.902
kiln_profile_gdn_stage layer=22 stage=gated_norm seq_len=23 start_pos=0 elapsed_ms=35.152
kiln_profile_gdn_stage layer=22 stage=gated_norm seq_len=23 start_pos=0 elapsed_ms=27.168
kiln_profile_mlp_stage layer=23 stage=fused seq_len=23 start_pos=0 elapsed_ms=51.058
kiln_profile_paged_layer layer=23 kind=full seq_len=23 start_pos=0 elapsed_ms=149.242
kiln_profile_mlp_stage layer=23 stage=fused seq_len=23 start_pos=0 elapsed_ms=32.777
kiln_profile_paged_layer layer=23 kind=full seq_len=23 start_pos=0 elapsed_ms=115.250
kiln_profile_mlp_stage layer=22 stage=fused seq_len=23 start_pos=0 elapsed_ms=39.122
kiln_profile_paged_layer layer=22 kind=linear seq_len=23 start_pos=0 elapsed_ms=146.895
kiln_profile_mlp_stage layer=23 stage=fused seq_len=23 start_pos=0 elapsed_ms=37.520
kiln_profile_paged_layer layer=23 kind=full seq_len=23 start_pos=0 elapsed_ms=147.024
kiln_profile_gdn_stage layer=22 stage=out_proj seq_len=23 start_pos=0 elapsed_ms=50.167
kiln_profile_gdn_stage layer=24 stage=in_proj seq_len=23 start_pos=0 elapsed_ms=27.364
kiln_profile_gdn_stage layer=22 stage=out_proj seq_len=23 start_pos=0 elapsed_ms=58.215
kiln_profile_gdn_stage layer=24 stage=conv seq_len=23 start_pos=0 elapsed_ms=2.002
kiln_profile_gdn_stage layer=24 stage=qkv_split seq_len=23 start_pos=0 elapsed_ms=0.220
kiln_profile_gdn_stage layer=24 stage=qk_norm seq_len=23 start_pos=0 elapsed_ms=0.207
kiln_profile_full_attn_stage full_attn_layer=5 stage=qkv_proj seq_len=23 start_pos=0 elapsed_ms=85.655
kiln_profile_full_attn_stage full_attn_layer=5 stage=qkv_split seq_len=23 start_pos=0 elapsed_ms=0.053
kiln_profile_full_attn_stage full_attn_layer=5 stage=qk_norm seq_len=23 start_pos=0 elapsed_ms=0.226
kiln_profile_full_attn_stage full_attn_layer=5 stage=rope seq_len=23 start_pos=0 elapsed_ms=0.297
kiln_profile_full_attn_stage full_attn_layer=5 stage=qkv_proj seq_len=23 start_pos=0 elapsed_ms=77.683
kiln_profile_full_attn_stage full_attn_layer=5 stage=q_transpose seq_len=23 start_pos=0 elapsed_ms=0.074
kiln_profile_full_attn_stage full_attn_layer=5 stage=qkv_split seq_len=23 start_pos=0 elapsed_ms=0.062
kiln_profile_full_attn_stage full_attn_layer=5 stage=kv_write seq_len=23 start_pos=0 elapsed_ms=0.068
kiln_profile_full_attn_stage full_attn_layer=5 stage=kv_read seq_len=23 start_pos=0 elapsed_ms=0.012
kiln_profile_full_attn_stage full_attn_layer=5 stage=qk_norm seq_len=23 start_pos=0 elapsed_ms=0.235
kiln_profile_full_attn_stage full_attn_layer=5 stage=rope seq_len=23 start_pos=0 elapsed_ms=0.285
kiln_profile_full_attn_stage full_attn_layer=5 stage=q_transpose seq_len=23 start_pos=0 elapsed_ms=0.077
kiln_profile_full_attn_stage full_attn_layer=5 stage=kv_write seq_len=23 start_pos=0 elapsed_ms=0.056
kiln_profile_full_attn_stage full_attn_layer=5 stage=kv_read seq_len=23 start_pos=0 elapsed_ms=0.008
kiln_profile_gdn_stage layer=24 stage=in_proj seq_len=23 start_pos=0 elapsed_ms=53.503
kiln_profile_gdn_stage layer=24 stage=conv seq_len=23 start_pos=0 elapsed_ms=2.038
kiln_profile_gdn_stage layer=24 stage=qkv_split seq_len=23 start_pos=0 elapsed_ms=0.139
kiln_profile_gdn_stage layer=24 stage=qk_norm seq_len=23 start_pos=0 elapsed_ms=0.209
kiln_profile_gdn_stage layer=24 stage=in_proj seq_len=23 start_pos=0 elapsed_ms=33.816
kiln_profile_gdn_stage layer=24 stage=conv seq_len=23 start_pos=0 elapsed_ms=2.041
kiln_profile_gdn_stage layer=24 stage=qkv_split seq_len=23 start_pos=0 elapsed_ms=0.164
kiln_profile_gdn_stage layer=24 stage=qk_norm seq_len=23 start_pos=0 elapsed_ms=0.235
kiln_profile_mlp_stage layer=22 stage=fused seq_len=23 start_pos=0 elapsed_ms=37.052
kiln_profile_paged_layer layer=22 kind=linear seq_len=23 start_pos=0 elapsed_ms=160.243
kiln_profile_gdn_stage layer=24 stage=gates seq_len=23 start_pos=0 elapsed_ms=22.856
kiln_profile_mlp_stage layer=22 stage=fused seq_len=23 start_pos=0 elapsed_ms=52.203
kiln_profile_paged_layer layer=22 kind=linear seq_len=23 start_pos=0 elapsed_ms=220.722
kiln_profile_gdn_stage layer=24 stage=gates seq_len=23 start_pos=0 elapsed_ms=18.710
kiln_profile_gdn_stage layer=24 stage=recurrent seq_len=23 start_pos=0 elapsed_ms=3.271
kiln_profile_gdn_stage layer=24 stage=post_transpose seq_len=23 start_pos=0 elapsed_ms=0.000
kiln_profile_full_attn_stage full_attn_layer=5 stage=qkv_proj seq_len=23 start_pos=0 elapsed_ms=65.676
kiln_profile_full_attn_stage full_attn_layer=5 stage=qkv_split seq_len=23 start_pos=0 elapsed_ms=0.065
kiln_profile_gdn_stage layer=24 stage=gates seq_len=23 start_pos=0 elapsed_ms=44.411
kiln_profile_full_attn_stage full_attn_layer=5 stage=qk_norm seq_len=23 start_pos=0 elapsed_ms=0.303
kiln_profile_full_attn_stage full_attn_layer=5 stage=rope seq_len=23 start_pos=0 elapsed_ms=0.338
kiln_profile_full_attn_stage full_attn_layer=5 stage=q_transpose seq_len=23 start_pos=0 elapsed_ms=0.105
kiln_profile_full_attn_stage full_attn_layer=5 stage=kv_write seq_len=23 start_pos=0 elapsed_ms=0.079
kiln_profile_full_attn_stage full_attn_layer=5 stage=kv_read seq_len=23 start_pos=0 elapsed_ms=0.014
kiln_profile_gdn_stage layer=24 stage=recurrent seq_len=23 start_pos=0 elapsed_ms=3.871
kiln_profile_gdn_stage layer=24 stage=post_transpose seq_len=23 start_pos=0 elapsed_ms=0.000
kiln_profile_gdn_stage layer=24 stage=recurrent seq_len=23 start_pos=0 elapsed_ms=3.977
kiln_profile_gdn_stage layer=24 stage=post_transpose seq_len=23 start_pos=0 elapsed_ms=0.000
kiln_profile_mlp_stage layer=23 stage=fused seq_len=23 start_pos=0 elapsed_ms=28.362
kiln_profile_paged_layer layer=23 kind=full seq_len=23 start_pos=0 elapsed_ms=138.446
kiln_profile_gdn_stage layer=24 stage=gated_norm seq_len=23 start_pos=0 elapsed_ms=25.775
kiln_profile_gdn_stage layer=24 stage=gated_norm seq_len=23 start_pos=0 elapsed_ms=26.610
kiln_profile_mlp_stage layer=23 stage=fused seq_len=23 start_pos=0 elapsed_ms=40.384
kiln_profile_paged_layer layer=23 kind=full seq_len=23 start_pos=0 elapsed_ms=157.314
kiln_profile_gdn_stage layer=24 stage=gated_norm seq_len=23 start_pos=0 elapsed_ms=37.595
kiln_profile_gdn_stage layer=24 stage=in_proj seq_len=23 start_pos=0 elapsed_ms=16.818
kiln_profile_full_attn_stage full_attn_layer=5 stage=qkv_proj seq_len=23 start_pos=0 elapsed_ms=49.538
kiln_profile_full_attn_stage full_attn_layer=5 stage=qkv_split seq_len=23 start_pos=0 elapsed_ms=0.054
kiln_profile_full_attn_stage full_attn_layer=5 stage=qk_norm seq_len=23 start_pos=0 elapsed_ms=0.241
kiln_profile_full_attn_stage full_attn_layer=5 stage=rope seq_len=23 start_pos=0 elapsed_ms=0.313
kiln_profile_full_attn_stage full_attn_layer=5 stage=q_transpose seq_len=23 start_pos=0 elapsed_ms=0.091
kiln_profile_full_attn_stage full_attn_layer=5 stage=kv_write seq_len=23 start_pos=0 elapsed_ms=0.068
kiln_profile_full_attn_stage full_attn_layer=5 stage=kv_read seq_len=23 start_pos=0 elapsed_ms=0.012
kiln_profile_gdn_stage layer=24 stage=conv seq_len=23 start_pos=0 elapsed_ms=2.009
kiln_profile_gdn_stage layer=24 stage=qkv_split seq_len=23 start_pos=0 elapsed_ms=0.157
kiln_profile_gdn_stage layer=24 stage=qk_norm seq_len=23 start_pos=0 elapsed_ms=0.259
kiln_profile_mlp_stage layer=23 stage=fused seq_len=23 start_pos=0 elapsed_ms=24.373
kiln_profile_paged_layer layer=23 kind=full seq_len=23 start_pos=0 elapsed_ms=116.883
kiln_profile_gdn_stage layer=24 stage=out_proj seq_len=23 start_pos=0 elapsed_ms=21.175
kiln_profile_gdn_stage layer=24 stage=in_proj seq_len=23 start_pos=0 elapsed_ms=24.542
kiln_profile_full_attn_stage full_attn_layer=5 stage=qkv_proj seq_len=23 start_pos=0 elapsed_ms=62.235
kiln_profile_gdn_stage layer=24 stage=conv seq_len=23 start_pos=0 elapsed_ms=2.018
kiln_profile_full_attn_stage full_attn_layer=5 stage=qkv_split seq_len=23 start_pos=0 elapsed_ms=0.059
kiln_profile_gdn_stage layer=24 stage=qkv_split seq_len=23 start_pos=0 elapsed_ms=0.127
kiln_profile_full_attn_stage full_attn_layer=5 stage=qk_norm seq_len=23 start_pos=0 elapsed_ms=0.241
kiln_profile_gdn_stage layer=24 stage=qk_norm seq_len=23 start_pos=0 elapsed_ms=0.206
kiln_profile_full_attn_stage full_attn_layer=5 stage=rope seq_len=23 start_pos=0 elapsed_ms=0.295
kiln_profile_full_attn_stage full_attn_layer=5 stage=q_transpose seq_len=23 start_pos=0 elapsed_ms=0.073
kiln_profile_full_attn_stage full_attn_layer=5 stage=kv_write seq_len=23 start_pos=0 elapsed_ms=0.068
kiln_profile_full_attn_stage full_attn_layer=5 stage=kv_read seq_len=23 start_pos=0 elapsed_ms=0.007
kiln_profile_gdn_stage layer=24 stage=out_proj seq_len=23 start_pos=0 elapsed_ms=26.166
kiln_profile_gdn_stage layer=24 stage=out_proj seq_len=23 start_pos=0 elapsed_ms=38.416
kiln_profile_gdn_stage layer=24 stage=gates seq_len=23 start_pos=0 elapsed_ms=23.686
kiln_profile_gdn_stage layer=24 stage=recurrent seq_len=23 start_pos=0 elapsed_ms=3.232
kiln_profile_gdn_stage layer=24 stage=post_transpose seq_len=23 start_pos=0 elapsed_ms=0.000
kiln_profile_gdn_stage layer=24 stage=in_proj seq_len=23 start_pos=0 elapsed_ms=24.257
kiln_profile_gdn_stage layer=24 stage=conv seq_len=23 start_pos=0 elapsed_ms=2.013
kiln_profile_gdn_stage layer=24 stage=qkv_split seq_len=23 start_pos=0 elapsed_ms=0.153
kiln_profile_gdn_stage layer=24 stage=qk_norm seq_len=23 start_pos=0 elapsed_ms=0.225
kiln_profile_mlp_stage layer=24 stage=fused seq_len=23 start_pos=0 elapsed_ms=32.894
kiln_profile_paged_layer layer=24 kind=linear seq_len=23 start_pos=0 elapsed_ms=159.202
kiln_profile_gdn_stage layer=24 stage=gates seq_len=23 start_pos=0 elapsed_ms=23.372
kiln_profile_gdn_stage layer=24 stage=recurrent seq_len=23 start_pos=0 elapsed_ms=2.845
kiln_profile_gdn_stage layer=24 stage=post_transpose seq_len=23 start_pos=0 elapsed_ms=0.000
kiln_profile_mlp_stage layer=24 stage=fused seq_len=23 start_pos=0 elapsed_ms=30.019
kiln_profile_paged_layer layer=24 kind=linear seq_len=23 start_pos=0 elapsed_ms=176.157
kiln_profile_mlp_stage layer=24 stage=fused seq_len=23 start_pos=0 elapsed_ms=35.860
kiln_profile_paged_layer layer=24 kind=linear seq_len=23 start_pos=0 elapsed_ms=159.255
kiln_profile_gdn_stage layer=24 stage=gates seq_len=23 start_pos=0 elapsed_ms=27.840
kiln_profile_gdn_stage layer=24 stage=recurrent seq_len=23 start_pos=0 elapsed_ms=3.227
kiln_profile_gdn_stage layer=24 stage=post_transpose seq_len=23 start_pos=0 elapsed_ms=0.000
kiln_profile_gdn_stage layer=25 stage=in_proj seq_len=23 start_pos=0 elapsed_ms=27.651
kiln_profile_gdn_stage layer=25 stage=conv seq_len=23 start_pos=0 elapsed_ms=2.165
kiln_profile_gdn_stage layer=25 stage=qkv_split seq_len=23 start_pos=0 elapsed_ms=0.204
kiln_profile_gdn_stage layer=25 stage=qk_norm seq_len=23 start_pos=0 elapsed_ms=0.217
kiln_profile_gdn_stage layer=24 stage=gated_norm seq_len=23 start_pos=0 elapsed_ms=31.092
kiln_profile_gdn_stage layer=25 stage=in_proj seq_len=23 start_pos=0 elapsed_ms=32.486
kiln_profile_gdn_stage layer=24 stage=gated_norm seq_len=23 start_pos=0 elapsed_ms=56.345
kiln_profile_gdn_stage layer=25 stage=conv seq_len=23 start_pos=0 elapsed_ms=1.998
kiln_profile_gdn_stage layer=25 stage=qkv_split seq_len=23 start_pos=0 elapsed_ms=0.132
kiln_profile_gdn_stage layer=25 stage=qk_norm seq_len=23 start_pos=0 elapsed_ms=0.211
kiln_profile_gdn_stage layer=25 stage=in_proj seq_len=23 start_pos=0 elapsed_ms=30.739
kiln_profile_gdn_stage layer=25 stage=conv seq_len=23 start_pos=0 elapsed_ms=2.217
kiln_profile_gdn_stage layer=25 stage=qkv_split seq_len=23 start_pos=0 elapsed_ms=0.194
kiln_profile_gdn_stage layer=25 stage=qk_norm seq_len=23 start_pos=0 elapsed_ms=0.236
kiln_profile_gdn_stage layer=24 stage=gated_norm seq_len=23 start_pos=0 elapsed_ms=33.449
kiln_profile_mlp_stage layer=23 stage=fused seq_len=23 start_pos=0 elapsed_ms=79.921
kiln_profile_paged_layer layer=23 kind=full seq_len=23 start_pos=0 elapsed_ms=152.858
kiln_profile_gdn_stage layer=25 stage=gates seq_len=23 start_pos=0 elapsed_ms=30.304
kiln_profile_gdn_stage layer=24 stage=out_proj seq_len=23 start_pos=0 elapsed_ms=27.748
kiln_profile_gdn_stage layer=24 stage=out_proj seq_len=23 start_pos=0 elapsed_ms=21.791
kiln_profile_gdn_stage layer=25 stage=recurrent seq_len=23 start_pos=0 elapsed_ms=3.494
kiln_profile_gdn_stage layer=25 stage=post_transpose seq_len=23 start_pos=0 elapsed_ms=0.000
kiln_profile_gdn_stage layer=25 stage=gates seq_len=23 start_pos=0 elapsed_ms=20.758
kiln_profile_gdn_stage layer=25 stage=recurrent seq_len=23 start_pos=0 elapsed_ms=3.158
kiln_profile_gdn_stage layer=25 stage=post_transpose seq_len=23 start_pos=0 elapsed_ms=0.000
kiln_profile_mlp_stage layer=23 stage=fused seq_len=23 start_pos=0 elapsed_ms=47.233
kiln_profile_paged_layer layer=23 kind=full seq_len=23 start_pos=0 elapsed_ms=153.711
kiln_profile_gdn_stage layer=25 stage=gates seq_len=23 start_pos=0 elapsed_ms=16.091
kiln_profile_gdn_stage layer=24 stage=out_proj seq_len=23 start_pos=0 elapsed_ms=12.917
kiln_profile_gdn_stage layer=25 stage=recurrent seq_len=23 start_pos=0 elapsed_ms=3.020
kiln_profile_gdn_stage layer=25 stage=post_transpose seq_len=23 start_pos=0 elapsed_ms=0.000
kiln_profile_gdn_stage layer=24 stage=in_proj seq_len=23 start_pos=0 elapsed_ms=16.596
kiln_profile_gdn_stage layer=24 stage=conv seq_len=23 start_pos=0 elapsed_ms=2.160
kiln_profile_gdn_stage layer=24 stage=qkv_split seq_len=23 start_pos=0 elapsed_ms=0.177
kiln_profile_gdn_stage layer=24 stage=qk_norm seq_len=23 start_pos=0 elapsed_ms=0.203
kiln_profile_mlp_stage layer=24 stage=fused seq_len=23 start_pos=0 elapsed_ms=25.942
kiln_profile_paged_layer layer=24 kind=linear seq_len=23 start_pos=0 elapsed_ms=150.681
kiln_profile_gdn_stage layer=24 stage=in_proj seq_len=23 start_pos=0 elapsed_ms=29.276
kiln_profile_gdn_stage layer=25 stage=gated_norm seq_len=23 start_pos=0 elapsed_ms=31.586
kiln_profile_gdn_stage layer=24 stage=conv seq_len=23 start_pos=0 elapsed_ms=2.015
kiln_profile_gdn_stage layer=24 stage=qkv_split seq_len=23 start_pos=0 elapsed_ms=0.166
kiln_profile_gdn_stage layer=24 stage=qk_norm seq_len=23 start_pos=0 elapsed_ms=0.203
kiln_profile_mlp_stage layer=24 stage=fused seq_len=23 start_pos=0 elapsed_ms=37.426
kiln_profile_paged_layer layer=24 kind=linear seq_len=23 start_pos=0 elapsed_ms=141.893
kiln_profile_mlp_stage layer=24 stage=fused seq_len=23 start_pos=0 elapsed_ms=48.936
kiln_profile_paged_layer layer=24 kind=linear seq_len=23 start_pos=0 elapsed_ms=161.210
kiln_profile_gdn_stage layer=24 stage=gates seq_len=23 start_pos=0 elapsed_ms=31.619
kiln_profile_gdn_stage layer=25 stage=gated_norm seq_len=23 start_pos=0 elapsed_ms=48.808
kiln_profile_gdn_stage layer=24 stage=recurrent seq_len=23 start_pos=0 elapsed_ms=2.960
kiln_profile_gdn_stage layer=24 stage=post_transpose seq_len=23 start_pos=0 elapsed_ms=0.000
kiln_profile_gdn_stage layer=25 stage=in_proj seq_len=23 start_pos=0 elapsed_ms=26.343
kiln_profile_gdn_stage layer=25 stage=out_proj seq_len=23 start_pos=0 elapsed_ms=19.818
kiln_profile_gdn_stage layer=25 stage=conv seq_len=23 start_pos=0 elapsed_ms=2.246
kiln_profile_gdn_stage layer=25 stage=qkv_split seq_len=23 start_pos=0 elapsed_ms=0.120
kiln_profile_gdn_stage layer=25 stage=qk_norm seq_len=23 start_pos=0 elapsed_ms=0.329
kiln_profile_gdn_stage layer=25 stage=gated_norm seq_len=23 start_pos=0 elapsed_ms=49.403
kiln_profile_gdn_stage layer=25 stage=in_proj seq_len=23 start_pos=0 elapsed_ms=19.878
kiln_profile_gdn_stage layer=24 stage=gates seq_len=23 start_pos=0 elapsed_ms=28.850
kiln_profile_gdn_stage layer=25 stage=conv seq_len=23 start_pos=0 elapsed_ms=2.054
kiln_profile_gdn_stage layer=25 stage=qkv_split seq_len=23 start_pos=0 elapsed_ms=0.122
kiln_profile_gdn_stage layer=25 stage=qk_norm seq_len=23 start_pos=0 elapsed_ms=0.209
kiln_profile_gdn_stage layer=24 stage=recurrent seq_len=23 start_pos=0 elapsed_ms=3.050
kiln_profile_gdn_stage layer=24 stage=post_transpose seq_len=23 start_pos=0 elapsed_ms=0.000
kiln_profile_gdn_stage layer=25 stage=in_proj seq_len=23 start_pos=0 elapsed_ms=25.457
kiln_profile_gdn_stage layer=25 stage=conv seq_len=23 start_pos=0 elapsed_ms=2.016
kiln_profile_gdn_stage layer=25 stage=qkv_split seq_len=23 start_pos=0 elapsed_ms=0.160
kiln_profile_gdn_stage layer=25 stage=qk_norm seq_len=23 start_pos=0 elapsed_ms=0.200
kiln_profile_gdn_stage layer=25 stage=out_proj seq_len=23 start_pos=0 elapsed_ms=26.985
kiln_profile_gdn_stage layer=24 stage=gated_norm seq_len=23 start_pos=0 elapsed_ms=27.462
kiln_profile_gdn_stage layer=25 stage=out_proj seq_len=23 start_pos=0 elapsed_ms=23.953
kiln_profile_gdn_stage layer=25 stage=gates seq_len=23 start_pos=0 elapsed_ms=30.923
kiln_profile_gdn_stage layer=25 stage=gates seq_len=23 start_pos=0 elapsed_ms=20.261
kiln_profile_gdn_stage layer=24 stage=gated_norm seq_len=23 start_pos=0 elapsed_ms=20.681
kiln_profile_gdn_stage layer=25 stage=gates seq_len=23 start_pos=0 elapsed_ms=13.344
kiln_profile_gdn_stage layer=25 stage=recurrent seq_len=23 start_pos=0 elapsed_ms=3.737
kiln_profile_gdn_stage layer=25 stage=post_transpose seq_len=23 start_pos=0 elapsed_ms=0.000
kiln_profile_gdn_stage layer=25 stage=recurrent seq_len=23 start_pos=0 elapsed_ms=3.881
kiln_profile_gdn_stage layer=25 stage=post_transpose seq_len=23 start_pos=0 elapsed_ms=0.000
kiln_profile_gdn_stage layer=24 stage=out_proj seq_len=23 start_pos=0 elapsed_ms=12.679
kiln_profile_gdn_stage layer=25 stage=recurrent seq_len=23 start_pos=0 elapsed_ms=3.470
kiln_profile_gdn_stage layer=25 stage=post_transpose seq_len=23 start_pos=0 elapsed_ms=0.000
kiln_profile_mlp_stage layer=25 stage=fused seq_len=23 start_pos=0 elapsed_ms=23.232
kiln_profile_paged_layer layer=25 kind=linear seq_len=23 start_pos=0 elapsed_ms=163.419
kiln_profile_gdn_stage layer=24 stage=out_proj seq_len=23 start_pos=0 elapsed_ms=17.125
kiln_profile_gdn_stage layer=25 stage=gated_norm seq_len=23 start_pos=0 elapsed_ms=16.805
kiln_profile_gdn_stage layer=25 stage=gated_norm seq_len=23 start_pos=0 elapsed_ms=17.373
kiln_profile_mlp_stage layer=25 stage=fused seq_len=23 start_pos=0 elapsed_ms=55.992
kiln_profile_paged_layer layer=25 kind=linear seq_len=23 start_pos=0 elapsed_ms=166.467
kiln_profile_mlp_stage layer=24 stage=fused seq_len=23 start_pos=0 elapsed_ms=29.150
kiln_profile_paged_layer layer=24 kind=linear seq_len=23 start_pos=0 elapsed_ms=123.422
kiln_profile_gdn_stage layer=26 stage=in_proj seq_len=23 start_pos=0 elapsed_ms=27.369
kiln_profile_gdn_stage layer=26 stage=conv seq_len=23 start_pos=0 elapsed_ms=1.986
kiln_profile_gdn_stage layer=26 stage=qkv_split seq_len=23 start_pos=0 elapsed_ms=0.129
kiln_profile_gdn_stage layer=26 stage=qk_norm seq_len=23 start_pos=0 elapsed_ms=0.200
kiln_profile_mlp_stage layer=25 stage=fused seq_len=23 start_pos=0 elapsed_ms=50.254
kiln_profile_paged_layer layer=25 kind=linear seq_len=23 start_pos=0 elapsed_ms=176.495
kiln_profile_gdn_stage layer=25 stage=out_proj seq_len=23 start_pos=0 elapsed_ms=25.313
kiln_profile_gdn_stage layer=25 stage=out_proj seq_len=23 start_pos=0 elapsed_ms=26.511
kiln_profile_mlp_stage layer=24 stage=fused seq_len=23 start_pos=0 elapsed_ms=37.048
kiln_profile_paged_layer layer=24 kind=linear seq_len=23 start_pos=0 elapsed_ms=138.746
kiln_profile_gdn_stage layer=25 stage=gated_norm seq_len=23 start_pos=0 elapsed_ms=51.348
kiln_profile_gdn_stage layer=25 stage=in_proj seq_len=23 start_pos=0 elapsed_ms=30.077
kiln_profile_gdn_stage layer=26 stage=gates seq_len=23 start_pos=0 elapsed_ms=21.412
kiln_profile_gdn_stage layer=25 stage=conv seq_len=23 start_pos=0 elapsed_ms=2.030
kiln_profile_gdn_stage layer=25 stage=qkv_split seq_len=23 start_pos=0 elapsed_ms=0.129
kiln_profile_gdn_stage layer=25 stage=qk_norm seq_len=23 start_pos=0 elapsed_ms=0.196
kiln_profile_gdn_stage layer=26 stage=recurrent seq_len=23 start_pos=0 elapsed_ms=2.936
kiln_profile_gdn_stage layer=26 stage=post_transpose seq_len=23 start_pos=0 elapsed_ms=0.000
kiln_profile_gdn_stage layer=26 stage=in_proj seq_len=23 start_pos=0 elapsed_ms=26.974
kiln_profile_gdn_stage layer=26 stage=conv seq_len=23 start_pos=0 elapsed_ms=2.268
kiln_profile_gdn_stage layer=26 stage=qkv_split seq_len=23 start_pos=0 elapsed_ms=0.167
kiln_profile_gdn_stage layer=26 stage=qk_norm seq_len=23 start_pos=0 elapsed_ms=0.236
kiln_profile_mlp_stage layer=25 stage=fused seq_len=23 start_pos=0 elapsed_ms=35.721
kiln_profile_paged_layer layer=25 kind=linear seq_len=23 start_pos=0 elapsed_ms=124.476
kiln_profile_mlp_stage layer=25 stage=fused seq_len=23 start_pos=0 elapsed_ms=41.868
kiln_profile_paged_layer layer=25 kind=linear seq_len=23 start_pos=0 elapsed_ms=149.933
kiln_profile_gdn_stage layer=25 stage=out_proj seq_len=23 start_pos=0 elapsed_ms=34.759
kiln_profile_gdn_stage layer=25 stage=gates seq_len=23 start_pos=0 elapsed_ms=25.781
kiln_profile_gdn_stage layer=26 stage=gated_norm seq_len=23 start_pos=0 elapsed_ms=26.254
kiln_profile_gdn_stage layer=25 stage=recurrent seq_len=23 start_pos=0 elapsed_ms=3.560
kiln_profile_gdn_stage layer=25 stage=post_transpose seq_len=23 start_pos=0 elapsed_ms=0.000
kiln_profile_gdn_stage layer=26 stage=in_proj seq_len=23 start_pos=0 elapsed_ms=76.176
kiln_profile_gdn_stage layer=26 stage=gates seq_len=23 start_pos=0 elapsed_ms=27.371
kiln_profile_gdn_stage layer=26 stage=conv seq_len=23 start_pos=0 elapsed_ms=2.106
kiln_profile_gdn_stage layer=26 stage=qkv_split seq_len=23 start_pos=0 elapsed_ms=0.135
kiln_profile_gdn_stage layer=26 stage=qk_norm seq_len=23 start_pos=0 elapsed_ms=0.218
kiln_profile_gdn_stage layer=26 stage=recurrent seq_len=23 start_pos=0 elapsed_ms=3.022
kiln_profile_gdn_stage layer=26 stage=post_transpose seq_len=23 start_pos=0 elapsed_ms=0.000
kiln_profile_gdn_stage layer=26 stage=in_proj seq_len=23 start_pos=0 elapsed_ms=26.808
kiln_profile_gdn_stage layer=26 stage=conv seq_len=23 start_pos=0 elapsed_ms=2.060
kiln_profile_gdn_stage layer=26 stage=qkv_split seq_len=23 start_pos=0 elapsed_ms=0.122
kiln_profile_gdn_stage layer=26 stage=qk_norm seq_len=23 start_pos=0 elapsed_ms=0.209
kiln_profile_gdn_stage layer=25 stage=in_proj seq_len=23 start_pos=0 elapsed_ms=60.201
kiln_profile_gdn_stage layer=25 stage=conv seq_len=23 start_pos=0 elapsed_ms=2.046
kiln_profile_gdn_stage layer=25 stage=qkv_split seq_len=23 start_pos=0 elapsed_ms=0.120
kiln_profile_gdn_stage layer=25 stage=qk_norm seq_len=23 start_pos=0 elapsed_ms=0.192
kiln_profile_gdn_stage layer=26 stage=in_proj seq_len=23 start_pos=0 elapsed_ms=31.173
kiln_profile_gdn_stage layer=26 stage=conv seq_len=23 start_pos=0 elapsed_ms=2.001
kiln_profile_gdn_stage layer=26 stage=qkv_split seq_len=23 start_pos=0 elapsed_ms=0.122
kiln_profile_gdn_stage layer=26 stage=out_proj seq_len=23 start_pos=0 elapsed_ms=29.707
kiln_profile_gdn_stage layer=26 stage=qk_norm seq_len=23 start_pos=0 elapsed_ms=0.257
kiln_profile_mlp_stage layer=25 stage=fused seq_len=23 start_pos=0 elapsed_ms=40.321
kiln_profile_paged_layer layer=25 kind=linear seq_len=23 start_pos=0 elapsed_ms=171.406
kiln_profile_gdn_stage layer=26 stage=gates seq_len=23 start_pos=0 elapsed_ms=28.886
kiln_profile_gdn_stage layer=26 stage=gated_norm seq_len=23 start_pos=0 elapsed_ms=29.227
kiln_profile_gdn_stage layer=26 stage=gates seq_len=23 start_pos=0 elapsed_ms=23.027
kiln_profile_gdn_stage layer=25 stage=gates seq_len=23 start_pos=0 elapsed_ms=15.643
kiln_profile_gdn_stage layer=26 stage=recurrent seq_len=23 start_pos=0 elapsed_ms=3.519
kiln_profile_gdn_stage layer=26 stage=post_transpose seq_len=23 start_pos=0 elapsed_ms=0.000
kiln_profile_gdn_stage layer=25 stage=gated_norm seq_len=23 start_pos=0 elapsed_ms=40.774
kiln_profile_gdn_stage layer=26 stage=gates seq_len=23 start_pos=0 elapsed_ms=12.942
kiln_profile_gdn_stage layer=25 stage=recurrent seq_len=23 start_pos=0 elapsed_ms=6.424
kiln_profile_gdn_stage layer=25 stage=post_transpose seq_len=23 start_pos=0 elapsed_ms=0.000
kiln_profile_gdn_stage layer=26 stage=recurrent seq_len=23 start_pos=0 elapsed_ms=6.627
kiln_profile_gdn_stage layer=26 stage=post_transpose seq_len=23 start_pos=0 elapsed_ms=0.000
kiln_profile_gdn_stage layer=26 stage=recurrent seq_len=23 start_pos=0 elapsed_ms=4.582
kiln_profile_gdn_stage layer=26 stage=post_transpose seq_len=23 start_pos=0 elapsed_ms=0.000
kiln_profile_mlp_stage layer=26 stage=fused seq_len=23 start_pos=0 elapsed_ms=22.531
kiln_profile_paged_layer layer=26 kind=linear seq_len=23 start_pos=0 elapsed_ms=133.038
kiln_profile_gdn_stage layer=26 stage=out_proj seq_len=23 start_pos=0 elapsed_ms=13.838
kiln_profile_gdn_stage layer=25 stage=out_proj seq_len=23 start_pos=0 elapsed_ms=13.462
kiln_profile_gdn_stage layer=26 stage=gated_norm seq_len=23 start_pos=0 elapsed_ms=15.598
kiln_profile_gdn_stage layer=26 stage=in_proj seq_len=23 start_pos=0 elapsed_ms=26.871
kiln_profile_gdn_stage layer=26 stage=conv seq_len=23 start_pos=0 elapsed_ms=2.032
kiln_profile_gdn_stage layer=26 stage=qkv_split seq_len=23 start_pos=0 elapsed_ms=0.112
kiln_profile_gdn_stage layer=26 stage=gated_norm seq_len=23 start_pos=0 elapsed_ms=20.440
kiln_profile_gdn_stage layer=26 stage=qk_norm seq_len=23 start_pos=0 elapsed_ms=0.200
kiln_profile_gdn_stage layer=25 stage=gated_norm seq_len=23 start_pos=0 elapsed_ms=22.161
kiln_profile_gdn_stage layer=26 stage=gated_norm seq_len=23 start_pos=0 elapsed_ms=22.969
kiln_profile_mlp_stage layer=26 stage=fused seq_len=23 start_pos=0 elapsed_ms=30.865
kiln_profile_paged_layer layer=26 kind=linear seq_len=23 start_pos=0 elapsed_ms=134.357
kiln_profile_mlp_stage layer=25 stage=fused seq_len=23 start_pos=0 elapsed_ms=37.683
kiln_profile_paged_layer layer=25 kind=linear seq_len=23 start_pos=0 elapsed_ms=154.055
kiln_profile_gdn_stage layer=25 stage=out_proj seq_len=23 start_pos=0 elapsed_ms=25.515
kiln_profile_gdn_stage layer=26 stage=gates seq_len=23 start_pos=0 elapsed_ms=27.376
kiln_profile_gdn_stage layer=26 stage=out_proj seq_len=23 start_pos=0 elapsed_ms=26.556
kiln_profile_gdn_stage layer=26 stage=recurrent seq_len=23 start_pos=0 elapsed_ms=2.416
kiln_profile_gdn_stage layer=26 stage=post_transpose seq_len=23 start_pos=0 elapsed_ms=0.000
kiln_profile_gdn_stage layer=26 stage=out_proj seq_len=23 start_pos=0 elapsed_ms=41.845
kiln_profile_gdn_stage layer=26 stage=out_proj seq_len=23 start_pos=0 elapsed_ms=40.322
kiln_profile_gdn_stage layer=26 stage=in_proj seq_len=23 start_pos=0 elapsed_ms=18.501
kiln_profile_gdn_stage layer=26 stage=conv seq_len=23 start_pos=0 elapsed_ms=2.064
kiln_profile_gdn_stage layer=26 stage=qkv_split seq_len=23 start_pos=0 elapsed_ms=0.116
kiln_profile_gdn_stage layer=26 stage=qk_norm seq_len=23 start_pos=0 elapsed_ms=0.226
kiln_profile_full_attn_stage full_attn_layer=6 stage=qkv_proj seq_len=23 start_pos=0 elapsed_ms=65.569
kiln_profile_full_attn_stage full_attn_layer=6 stage=qkv_split seq_len=23 start_pos=0 elapsed_ms=0.108
kiln_profile_full_attn_stage full_attn_layer=6 stage=qk_norm seq_len=23 start_pos=0 elapsed_ms=0.248
kiln_profile_full_attn_stage full_attn_layer=6 stage=rope seq_len=23 start_pos=0 elapsed_ms=0.301
kiln_profile_full_attn_stage full_attn_layer=6 stage=q_transpose seq_len=23 start_pos=0 elapsed_ms=0.098
kiln_profile_full_attn_stage full_attn_layer=6 stage=kv_write seq_len=23 start_pos=0 elapsed_ms=0.296
kiln_profile_full_attn_stage full_attn_layer=6 stage=kv_read seq_len=23 start_pos=0 elapsed_ms=0.014
kiln_profile_mlp_stage layer=26 stage=fused seq_len=23 start_pos=0 elapsed_ms=28.942
kiln_profile_paged_layer layer=26 kind=linear seq_len=23 start_pos=0 elapsed_ms=129.934
kiln_profile_mlp_stage layer=26 stage=fused seq_len=23 start_pos=0 elapsed_ms=31.663
kiln_profile_paged_layer layer=26 kind=linear seq_len=23 start_pos=0 elapsed_ms=151.623
kiln_profile_gdn_stage layer=26 stage=gates seq_len=23 start_pos=0 elapsed_ms=25.177
kiln_profile_gdn_stage layer=26 stage=recurrent seq_len=23 start_pos=0 elapsed_ms=2.612
kiln_profile_gdn_stage layer=26 stage=post_transpose seq_len=23 start_pos=0 elapsed_ms=0.000
kiln_profile_gdn_stage layer=26 stage=gated_norm seq_len=23 start_pos=0 elapsed_ms=45.937
kiln_profile_full_attn_stage full_attn_layer=6 stage=qkv_proj seq_len=23 start_pos=0 elapsed_ms=65.977
kiln_profile_full_attn_stage full_attn_layer=6 stage=qkv_split seq_len=23 start_pos=0 elapsed_ms=0.069
kiln_profile_full_attn_stage full_attn_layer=6 stage=qk_norm seq_len=23 start_pos=0 elapsed_ms=0.370
kiln_profile_full_attn_stage full_attn_layer=6 stage=rope seq_len=23 start_pos=0 elapsed_ms=0.342
kiln_profile_full_attn_stage full_attn_layer=6 stage=q_transpose seq_len=23 start_pos=0 elapsed_ms=0.074
kiln_profile_full_attn_stage full_attn_layer=6 stage=kv_write seq_len=23 start_pos=0 elapsed_ms=0.043
kiln_profile_full_attn_stage full_attn_layer=6 stage=kv_read seq_len=23 start_pos=0 elapsed_ms=0.008
kiln_profile_mlp_stage layer=26 stage=fused seq_len=23 start_pos=0 elapsed_ms=54.815
kiln_profile_paged_layer layer=26 kind=linear seq_len=23 start_pos=0 elapsed_ms=223.694
kiln_profile_mlp_stage layer=25 stage=fused seq_len=23 start_pos=0 elapsed_ms=63.055
kiln_profile_paged_layer layer=25 kind=linear seq_len=23 start_pos=0 elapsed_ms=195.747
kiln_profile_gdn_stage layer=26 stage=out_proj seq_len=23 start_pos=0 elapsed_ms=23.846
kiln_profile_gdn_stage layer=26 stage=gated_norm seq_len=23 start_pos=0 elapsed_ms=31.343
kiln_profile_gdn_stage layer=26 stage=in_proj seq_len=23 start_pos=0 elapsed_ms=29.446
kiln_profile_gdn_stage layer=26 stage=conv seq_len=23 start_pos=0 elapsed_ms=2.080
kiln_profile_gdn_stage layer=26 stage=qkv_split seq_len=23 start_pos=0 elapsed_ms=0.139
kiln_profile_gdn_stage layer=26 stage=qk_norm seq_len=23 start_pos=0 elapsed_ms=0.209
kiln_profile_full_attn_stage full_attn_layer=6 stage=qkv_proj seq_len=23 start_pos=0 elapsed_ms=68.721
kiln_profile_full_attn_stage full_attn_layer=6 stage=qkv_split seq_len=23 start_pos=0 elapsed_ms=0.066
kiln_profile_full_attn_stage full_attn_layer=6 stage=qk_norm seq_len=23 start_pos=0 elapsed_ms=0.246
kiln_profile_full_attn_stage full_attn_layer=6 stage=rope seq_len=23 start_pos=0 elapsed_ms=0.285
kiln_profile_full_attn_stage full_attn_layer=6 stage=q_transpose seq_len=23 start_pos=0 elapsed_ms=0.076
kiln_profile_full_attn_stage full_attn_layer=6 stage=kv_write seq_len=23 start_pos=0 elapsed_ms=0.047
kiln_profile_full_attn_stage full_attn_layer=6 stage=kv_read seq_len=23 start_pos=0 elapsed_ms=0.008
kiln_profile_mlp_stage layer=27 stage=fused seq_len=23 start_pos=0 elapsed_ms=56.213
kiln_profile_paged_layer layer=27 kind=full seq_len=23 start_pos=0 elapsed_ms=145.818
kiln_profile_gdn_stage layer=26 stage=out_proj seq_len=23 start_pos=0 elapsed_ms=25.226
kiln_profile_full_attn_stage full_attn_layer=6 stage=qkv_proj seq_len=23 start_pos=0 elapsed_ms=65.557
kiln_profile_full_attn_stage full_attn_layer=6 stage=qkv_split seq_len=23 start_pos=0 elapsed_ms=0.061
kiln_profile_full_attn_stage full_attn_layer=6 stage=qk_norm seq_len=23 start_pos=0 elapsed_ms=0.225
kiln_profile_full_attn_stage full_attn_layer=6 stage=rope seq_len=23 start_pos=0 elapsed_ms=0.289
kiln_profile_full_attn_stage full_attn_layer=6 stage=q_transpose seq_len=23 start_pos=0 elapsed_ms=0.079
kiln_profile_full_attn_stage full_attn_layer=6 stage=kv_write seq_len=23 start_pos=0 elapsed_ms=0.047
kiln_profile_full_attn_stage full_attn_layer=6 stage=kv_read seq_len=23 start_pos=0 elapsed_ms=0.009
kiln_profile_mlp_stage layer=26 stage=fused seq_len=23 start_pos=0 elapsed_ms=41.325
kiln_profile_paged_layer layer=26 kind=linear seq_len=23 start_pos=0 elapsed_ms=170.430
kiln_profile_gdn_stage layer=26 stage=gates seq_len=23 start_pos=0 elapsed_ms=18.856
kiln_profile_gdn_stage layer=26 stage=recurrent seq_len=23 start_pos=0 elapsed_ms=2.870
kiln_profile_gdn_stage layer=26 stage=post_transpose seq_len=23 start_pos=0 elapsed_ms=0.000
kiln_profile_gdn_stage layer=28 stage=in_proj seq_len=23 start_pos=0 elapsed_ms=19.462
kiln_profile_full_attn_stage full_attn_layer=6 stage=qkv_proj seq_len=23 start_pos=0 elapsed_ms=64.824
kiln_profile_full_attn_stage full_attn_layer=6 stage=qkv_split seq_len=23 start_pos=0 elapsed_ms=0.155
kiln_profile_full_attn_stage full_attn_layer=6 stage=qk_norm seq_len=23 start_pos=0 elapsed_ms=0.331
kiln_profile_gdn_stage layer=28 stage=conv seq_len=23 start_pos=0 elapsed_ms=2.433
kiln_profile_gdn_stage layer=28 stage=qkv_split seq_len=23 start_pos=0 elapsed_ms=0.265
kiln_profile_full_attn_stage full_attn_layer=6 stage=rope seq_len=23 start_pos=0 elapsed_ms=0.460
kiln_profile_full_attn_stage full_attn_layer=6 stage=q_transpose seq_len=23 start_pos=0 elapsed_ms=0.164
kiln_profile_full_attn_stage full_attn_layer=6 stage=kv_write seq_len=23 start_pos=0 elapsed_ms=0.059
kiln_profile_full_attn_stage full_attn_layer=6 stage=kv_read seq_len=23 start_pos=0 elapsed_ms=0.017
kiln_profile_gdn_stage layer=28 stage=qk_norm seq_len=23 start_pos=0 elapsed_ms=0.339
kiln_profile_mlp_stage layer=26 stage=fused seq_len=23 start_pos=0 elapsed_ms=28.816
kiln_profile_paged_layer layer=26 kind=linear seq_len=23 start_pos=0 elapsed_ms=134.423
kiln_profile_mlp_stage layer=27 stage=fused seq_len=23 start_pos=0 elapsed_ms=33.542
kiln_profile_paged_layer layer=27 kind=full seq_len=23 start_pos=0 elapsed_ms=118.441
kiln_profile_mlp_stage layer=27 stage=fused seq_len=23 start_pos=0 elapsed_ms=73.052
kiln_profile_paged_layer layer=27 kind=full seq_len=23 start_pos=0 elapsed_ms=163.809
kiln_profile_gdn_stage layer=28 stage=gates seq_len=23 start_pos=0 elapsed_ms=28.481
kiln_profile_gdn_stage layer=28 stage=recurrent seq_len=23 start_pos=0 elapsed_ms=3.218
kiln_profile_gdn_stage layer=28 stage=post_transpose seq_len=23 start_pos=0 elapsed_ms=0.000
kiln_profile_mlp_stage layer=27 stage=fused seq_len=23 start_pos=0 elapsed_ms=31.621
kiln_profile_paged_layer layer=27 kind=full seq_len=23 start_pos=0 elapsed_ms=122.003
kiln_profile_gdn_stage layer=28 stage=in_proj seq_len=23 start_pos=0 elapsed_ms=21.048
kiln_profile_gdn_stage layer=28 stage=conv seq_len=23 start_pos=0 elapsed_ms=2.092
kiln_profile_gdn_stage layer=28 stage=qkv_split seq_len=23 start_pos=0 elapsed_ms=0.147
kiln_profile_gdn_stage layer=28 stage=qk_norm seq_len=23 start_pos=0 elapsed_ms=0.241
kiln_profile_mlp_stage layer=27 stage=fused seq_len=23 start_pos=0 elapsed_ms=27.223
kiln_profile_paged_layer layer=27 kind=full seq_len=23 start_pos=0 elapsed_ms=119.021
kiln_profile_gdn_stage layer=28 stage=gated_norm seq_len=23 start_pos=0 elapsed_ms=22.400
kiln_profile_full_attn_stage full_attn_layer=6 stage=qkv_proj seq_len=23 start_pos=0 elapsed_ms=66.753
kiln_profile_full_attn_stage full_attn_layer=6 stage=qkv_split seq_len=23 start_pos=0 elapsed_ms=0.075
kiln_profile_full_attn_stage full_attn_layer=6 stage=qk_norm seq_len=23 start_pos=0 elapsed_ms=0.230
kiln_profile_full_attn_stage full_attn_layer=6 stage=rope seq_len=23 start_pos=0 elapsed_ms=0.307
kiln_profile_full_attn_stage full_attn_layer=6 stage=q_transpose seq_len=23 start_pos=0 elapsed_ms=0.073
kiln_profile_full_attn_stage full_attn_layer=6 stage=kv_write seq_len=23 start_pos=0 elapsed_ms=0.061
kiln_profile_full_attn_stage full_attn_layer=6 stage=kv_read seq_len=23 start_pos=0 elapsed_ms=0.011
kiln_profile_gdn_stage layer=26 stage=gated_norm seq_len=23 start_pos=0 elapsed_ms=65.391
kiln_profile_gdn_stage layer=28 stage=in_proj seq_len=23 start_pos=0 elapsed_ms=22.105
kiln_profile_gdn_stage layer=28 stage=conv seq_len=23 start_pos=0 elapsed_ms=1.992
kiln_profile_gdn_stage layer=28 stage=qkv_split seq_len=23 start_pos=0 elapsed_ms=0.130
kiln_profile_gdn_stage layer=28 stage=qk_norm seq_len=23 start_pos=0 elapsed_ms=0.207
kiln_profile_gdn_stage layer=28 stage=in_proj seq_len=23 start_pos=0 elapsed_ms=42.678
kiln_profile_gdn_stage layer=28 stage=gates seq_len=23 start_pos=0 elapsed_ms=24.506
kiln_profile_gdn_stage layer=28 stage=conv seq_len=23 start_pos=0 elapsed_ms=3.281
kiln_profile_gdn_stage layer=28 stage=qkv_split seq_len=23 start_pos=0 elapsed_ms=0.276
kiln_profile_gdn_stage layer=28 stage=qk_norm seq_len=23 start_pos=0 elapsed_ms=0.340
kiln_profile_gdn_stage layer=28 stage=recurrent seq_len=23 start_pos=0 elapsed_ms=3.757
kiln_profile_gdn_stage layer=28 stage=post_transpose seq_len=23 start_pos=0 elapsed_ms=0.000
kiln_profile_gdn_stage layer=28 stage=in_proj seq_len=23 start_pos=0 elapsed_ms=25.973
kiln_profile_full_attn_stage full_attn_layer=6 stage=qkv_proj seq_len=23 start_pos=0 elapsed_ms=73.300
kiln_profile_full_attn_stage full_attn_layer=6 stage=qkv_split seq_len=23 start_pos=0 elapsed_ms=0.106
kiln_profile_full_attn_stage full_attn_layer=6 stage=qk_norm seq_len=23 start_pos=0 elapsed_ms=0.349
kiln_profile_gdn_stage layer=28 stage=conv seq_len=23 start_pos=0 elapsed_ms=2.732
kiln_profile_full_attn_stage full_attn_layer=6 stage=rope seq_len=23 start_pos=0 elapsed_ms=0.465
kiln_profile_gdn_stage layer=28 stage=qkv_split seq_len=23 start_pos=0 elapsed_ms=0.237
kiln_profile_full_attn_stage full_attn_layer=6 stage=q_transpose seq_len=23 start_pos=0 elapsed_ms=0.135
kiln_profile_full_attn_stage full_attn_layer=6 stage=kv_write seq_len=23 start_pos=0 elapsed_ms=0.068
kiln_profile_full_attn_stage full_attn_layer=6 stage=kv_read seq_len=23 start_pos=0 elapsed_ms=0.012
kiln_profile_gdn_stage layer=28 stage=qk_norm seq_len=23 start_pos=0 elapsed_ms=0.326
kiln_profile_gdn_stage layer=28 stage=out_proj seq_len=23 start_pos=0 elapsed_ms=28.488
kiln_profile_gdn_stage layer=26 stage=out_proj seq_len=23 start_pos=0 elapsed_ms=29.327
kiln_profile_gdn_stage layer=28 stage=gates seq_len=23 start_pos=0 elapsed_ms=20.511
kiln_profile_gdn_stage layer=28 stage=gates seq_len=23 start_pos=0 elapsed_ms=11.256
kiln_profile_gdn_stage layer=28 stage=gated_norm seq_len=23 start_pos=0 elapsed_ms=11.220
kiln_profile_gdn_stage layer=28 stage=gates seq_len=23 start_pos=0 elapsed_ms=4.808
kiln_profile_gdn_stage layer=28 stage=recurrent seq_len=23 start_pos=0 elapsed_ms=4.039
kiln_profile_gdn_stage layer=28 stage=post_transpose seq_len=23 start_pos=0 elapsed_ms=0.000
kiln_profile_gdn_stage layer=28 stage=recurrent seq_len=23 start_pos=0 elapsed_ms=4.802
kiln_profile_gdn_stage layer=28 stage=post_transpose seq_len=23 start_pos=0 elapsed_ms=0.000
kiln_profile_gdn_stage layer=28 stage=recurrent seq_len=23 start_pos=0 elapsed_ms=4.844
kiln_profile_gdn_stage layer=28 stage=post_transpose seq_len=23 start_pos=0 elapsed_ms=0.000
kiln_profile_mlp_stage layer=28 stage=fused seq_len=23 start_pos=0 elapsed_ms=14.857
kiln_profile_paged_layer layer=28 kind=linear seq_len=23 start_pos=0 elapsed_ms=120.312
kiln_profile_mlp_stage layer=26 stage=fused seq_len=23 start_pos=0 elapsed_ms=19.934
kiln_profile_paged_layer layer=26 kind=linear seq_len=23 start_pos=0 elapsed_ms=168.639
kiln_profile_mlp_stage layer=27 stage=fused seq_len=23 start_pos=0 elapsed_ms=30.651
kiln_profile_paged_layer layer=27 kind=full seq_len=23 start_pos=0 elapsed_ms=112.296
kiln_profile_gdn_stage layer=28 stage=gated_norm seq_len=23 start_pos=0 elapsed_ms=30.561
kiln_profile_gdn_stage layer=28 stage=gated_norm seq_len=23 start_pos=0 elapsed_ms=31.258
kiln_profile_gdn_stage layer=29 stage=in_proj seq_len=23 start_pos=0 elapsed_ms=32.698
kiln_profile_gdn_stage layer=29 stage=conv seq_len=23 start_pos=0 elapsed_ms=2.013
kiln_profile_gdn_stage layer=29 stage=qkv_split seq_len=23 start_pos=0 elapsed_ms=0.123
kiln_profile_gdn_stage layer=29 stage=qk_norm seq_len=23 start_pos=0 elapsed_ms=0.198
kiln_profile_gdn_stage layer=28 stage=out_proj seq_len=23 start_pos=0 elapsed_ms=46.065
kiln_profile_mlp_stage layer=27 stage=fused seq_len=23 start_pos=0 elapsed_ms=58.348
kiln_profile_paged_layer layer=27 kind=full seq_len=23 start_pos=0 elapsed_ms=155.099
kiln_profile_gdn_stage layer=28 stage=gated_norm seq_len=23 start_pos=0 elapsed_ms=54.627
kiln_profile_gdn_stage layer=28 stage=in_proj seq_len=23 start_pos=0 elapsed_ms=32.878
kiln_profile_gdn_stage layer=28 stage=conv seq_len=23 start_pos=0 elapsed_ms=2.009
kiln_profile_gdn_stage layer=28 stage=qkv_split seq_len=23 start_pos=0 elapsed_ms=0.117
kiln_profile_gdn_stage layer=28 stage=qk_norm seq_len=23 start_pos=0 elapsed_ms=0.196
kiln_profile_gdn_stage layer=28 stage=out_proj seq_len=23 start_pos=0 elapsed_ms=34.055
kiln_profile_gdn_stage layer=28 stage=out_proj seq_len=23 start_pos=0 elapsed_ms=34.258
kiln_profile_gdn_stage layer=29 stage=gates seq_len=23 start_pos=0 elapsed_ms=25.367
kiln_profile_gdn_stage layer=29 stage=recurrent seq_len=23 start_pos=0 elapsed_ms=2.923
kiln_profile_gdn_stage layer=29 stage=post_transpose seq_len=23 start_pos=0 elapsed_ms=0.000
kiln_profile_gdn_stage layer=28 stage=in_proj seq_len=23 start_pos=0 elapsed_ms=22.304
kiln_profile_gdn_stage layer=28 stage=conv seq_len=23 start_pos=0 elapsed_ms=2.192
kiln_profile_gdn_stage layer=28 stage=qkv_split seq_len=23 start_pos=0 elapsed_ms=0.169
kiln_profile_gdn_stage layer=28 stage=qk_norm seq_len=23 start_pos=0 elapsed_ms=0.237
kiln_profile_gdn_stage layer=28 stage=out_proj seq_len=23 start_pos=0 elapsed_ms=23.479
kiln_profile_mlp_stage layer=28 stage=fused seq_len=23 start_pos=0 elapsed_ms=43.609
kiln_profile_paged_layer layer=28 kind=linear seq_len=23 start_pos=0 elapsed_ms=153.049
kiln_profile_full_attn_stage full_attn_layer=6 stage=qkv_proj seq_len=23 start_pos=0 elapsed_ms=76.084
kiln_profile_full_attn_stage full_attn_layer=6 stage=qkv_split seq_len=23 start_pos=0 elapsed_ms=0.132
kiln_profile_full_attn_stage full_attn_layer=6 stage=qk_norm seq_len=23 start_pos=0 elapsed_ms=0.255
kiln_profile_full_attn_stage full_attn_layer=6 stage=rope seq_len=23 start_pos=0 elapsed_ms=0.316
kiln_profile_full_attn_stage full_attn_layer=6 stage=q_transpose seq_len=23 start_pos=0 elapsed_ms=0.098
kiln_profile_full_attn_stage full_attn_layer=6 stage=kv_write seq_len=23 start_pos=0 elapsed_ms=0.064
kiln_profile_full_attn_stage full_attn_layer=6 stage=kv_read seq_len=23 start_pos=0 elapsed_ms=0.011
kiln_profile_gdn_stage layer=29 stage=gated_norm seq_len=23 start_pos=0 elapsed_ms=27.491
kiln_profile_gdn_stage layer=28 stage=gates seq_len=23 start_pos=0 elapsed_ms=20.756
kiln_profile_gdn_stage layer=28 stage=gates seq_len=23 start_pos=0 elapsed_ms=34.013
kiln_profile_gdn_stage layer=28 stage=recurrent seq_len=23 start_pos=0 elapsed_ms=2.696
kiln_profile_gdn_stage layer=28 stage=post_transpose seq_len=23 start_pos=0 elapsed_ms=0.000
kiln_profile_gdn_stage layer=28 stage=recurrent seq_len=23 start_pos=0 elapsed_ms=3.303
kiln_profile_gdn_stage layer=28 stage=post_transpose seq_len=23 start_pos=0 elapsed_ms=0.000
kiln_profile_mlp_stage layer=28 stage=fused seq_len=23 start_pos=0 elapsed_ms=28.359
kiln_profile_paged_layer layer=28 kind=linear seq_len=23 start_pos=0 elapsed_ms=168.702
kiln_profile_mlp_stage layer=28 stage=fused seq_len=23 start_pos=0 elapsed_ms=44.042
kiln_profile_paged_layer layer=28 kind=linear seq_len=23 start_pos=0 elapsed_ms=158.754
kiln_profile_mlp_stage layer=28 stage=fused seq_len=23 start_pos=0 elapsed_ms=46.510
kiln_profile_paged_layer layer=28 kind=linear seq_len=23 start_pos=0 elapsed_ms=151.307
kiln_profile_gdn_stage layer=29 stage=out_proj seq_len=23 start_pos=0 elapsed_ms=17.379
kiln_profile_gdn_stage layer=29 stage=in_proj seq_len=23 start_pos=0 elapsed_ms=32.912
kiln_profile_gdn_stage layer=28 stage=gated_norm seq_len=23 start_pos=0 elapsed_ms=18.955
kiln_profile_gdn_stage layer=29 stage=conv seq_len=23 start_pos=0 elapsed_ms=2.040
kiln_profile_gdn_stage layer=29 stage=qkv_split seq_len=23 start_pos=0 elapsed_ms=0.118
kiln_profile_gdn_stage layer=29 stage=qk_norm seq_len=23 start_pos=0 elapsed_ms=0.215
kiln_profile_gdn_stage layer=28 stage=gated_norm seq_len=23 start_pos=0 elapsed_ms=19.836
kiln_profile_gdn_stage layer=29 stage=in_proj seq_len=23 start_pos=0 elapsed_ms=22.349
kiln_profile_gdn_stage layer=29 stage=conv seq_len=23 start_pos=0 elapsed_ms=2.064
kiln_profile_gdn_stage layer=29 stage=qkv_split seq_len=23 start_pos=0 elapsed_ms=0.129
kiln_profile_gdn_stage layer=29 stage=qk_norm seq_len=23 start_pos=0 elapsed_ms=0.209
kiln_profile_gdn_stage layer=29 stage=in_proj seq_len=23 start_pos=0 elapsed_ms=27.086
kiln_profile_gdn_stage layer=29 stage=conv seq_len=23 start_pos=0 elapsed_ms=2.022
kiln_profile_gdn_stage layer=29 stage=qkv_split seq_len=23 start_pos=0 elapsed_ms=0.150
kiln_profile_gdn_stage layer=29 stage=qk_norm seq_len=23 start_pos=0 elapsed_ms=0.221
kiln_profile_mlp_stage layer=27 stage=fused seq_len=23 start_pos=0 elapsed_ms=34.274
kiln_profile_paged_layer layer=27 kind=full seq_len=23 start_pos=0 elapsed_ms=129.322
kiln_profile_mlp_stage layer=29 stage=fused seq_len=23 start_pos=0 elapsed_ms=37.767
kiln_profile_paged_layer layer=29 kind=linear seq_len=23 start_pos=0 elapsed_ms=146.322
kiln_profile_gdn_stage layer=28 stage=out_proj seq_len=23 start_pos=0 elapsed_ms=32.895
kiln_profile_gdn_stage layer=29 stage=gates seq_len=23 start_pos=0 elapsed_ms=33.278
kiln_profile_gdn_stage layer=29 stage=gates seq_len=23 start_pos=0 elapsed_ms=23.731
kiln_profile_gdn_stage layer=29 stage=recurrent seq_len=23 start_pos=0 elapsed_ms=3.692
kiln_profile_gdn_stage layer=29 stage=post_transpose seq_len=23 start_pos=0 elapsed_ms=0.001
kiln_profile_gdn_stage layer=29 stage=recurrent seq_len=23 start_pos=0 elapsed_ms=4.048
kiln_profile_gdn_stage layer=29 stage=post_transpose seq_len=23 start_pos=0 elapsed_ms=0.000
kiln_profile_gdn_stage layer=29 stage=in_proj seq_len=23 start_pos=0 elapsed_ms=48.564
kiln_profile_gdn_stage layer=29 stage=gates seq_len=23 start_pos=0 elapsed_ms=25.205
kiln_profile_gdn_stage layer=29 stage=conv seq_len=23 start_pos=0 elapsed_ms=2.427
kiln_profile_gdn_stage layer=29 stage=qkv_split seq_len=23 start_pos=0 elapsed_ms=0.237
kiln_profile_gdn_stage layer=29 stage=qk_norm seq_len=23 start_pos=0 elapsed_ms=0.310
kiln_profile_gdn_stage layer=29 stage=recurrent seq_len=23 start_pos=0 elapsed_ms=3.586
kiln_profile_gdn_stage layer=29 stage=post_transpose seq_len=23 start_pos=0 elapsed_ms=0.000
kiln_profile_gdn_stage layer=28 stage=in_proj seq_len=23 start_pos=0 elapsed_ms=26.145
kiln_profile_gdn_stage layer=28 stage=conv seq_len=23 start_pos=0 elapsed_ms=2.022
kiln_profile_gdn_stage layer=28 stage=qkv_split seq_len=23 start_pos=0 elapsed_ms=0.117
kiln_profile_gdn_stage layer=28 stage=qk_norm seq_len=23 start_pos=0 elapsed_ms=0.195
kiln_profile_gdn_stage layer=28 stage=out_proj seq_len=23 start_pos=0 elapsed_ms=53.459
kiln_profile_gdn_stage layer=30 stage=in_proj seq_len=23 start_pos=0 elapsed_ms=27.372
kiln_profile_gdn_stage layer=30 stage=conv seq_len=23 start_pos=0 elapsed_ms=2.042
kiln_profile_gdn_stage layer=30 stage=qkv_split seq_len=23 start_pos=0 elapsed_ms=0.162
kiln_profile_gdn_stage layer=30 stage=qk_norm seq_len=23 start_pos=0 elapsed_ms=0.203
kiln_profile_mlp_stage layer=28 stage=fused seq_len=23 start_pos=0 elapsed_ms=34.662
kiln_profile_paged_layer layer=28 kind=linear seq_len=23 start_pos=0 elapsed_ms=160.227
kiln_profile_gdn_stage layer=29 stage=gated_norm seq_len=23 start_pos=0 elapsed_ms=32.249
kiln_profile_gdn_stage layer=29 stage=gates seq_len=23 start_pos=0 elapsed_ms=26.142
kiln_profile_gdn_stage layer=29 stage=gated_norm seq_len=23 start_pos=0 elapsed_ms=25.434
kiln_profile_gdn_stage layer=28 stage=gates seq_len=23 start_pos=0 elapsed_ms=19.905
kiln_profile_gdn_stage layer=29 stage=recurrent seq_len=23 start_pos=0 elapsed_ms=3.681
kiln_profile_gdn_stage layer=29 stage=post_transpose seq_len=23 start_pos=0 elapsed_ms=0.000
kiln_profile_gdn_stage layer=28 stage=recurrent seq_len=23 start_pos=0 elapsed_ms=3.336
kiln_profile_gdn_stage layer=28 stage=post_transpose seq_len=23 start_pos=0 elapsed_ms=0.000
kiln_profile_mlp_stage layer=28 stage=fused seq_len=23 start_pos=0 elapsed_ms=27.882
kiln_profile_paged_layer layer=28 kind=linear seq_len=23 start_pos=0 elapsed_ms=149.106
kiln_profile_gdn_stage layer=30 stage=gates seq_len=23 start_pos=0 elapsed_ms=18.509
kiln_profile_gdn_stage layer=30 stage=recurrent seq_len=23 start_pos=0 elapsed_ms=3.212
kiln_profile_gdn_stage layer=30 stage=post_transpose seq_len=23 start_pos=0 elapsed_ms=0.000
kiln_profile_gdn_stage layer=29 stage=in_proj seq_len=23 start_pos=0 elapsed_ms=17.146
kiln_profile_gdn_stage layer=29 stage=conv seq_len=23 start_pos=0 elapsed_ms=2.017
kiln_profile_gdn_stage layer=29 stage=qkv_split seq_len=23 start_pos=0 elapsed_ms=0.131
kiln_profile_gdn_stage layer=29 stage=qk_norm seq_len=23 start_pos=0 elapsed_ms=0.215
kiln_profile_gdn_stage layer=29 stage=out_proj seq_len=23 start_pos=0 elapsed_ms=18.114
kiln_profile_gdn_stage layer=29 stage=out_proj seq_len=23 start_pos=0 elapsed_ms=17.352
kiln_profile_gdn_stage layer=29 stage=gated_norm seq_len=23 start_pos=0 elapsed_ms=53.471
kiln_profile_gdn_stage layer=29 stage=gated_norm seq_len=23 start_pos=0 elapsed_ms=18.796
kiln_profile_gdn_stage layer=28 stage=gated_norm seq_len=23 start_pos=0 elapsed_ms=19.006
kiln_profile_gdn_stage layer=29 stage=in_proj seq_len=23 start_pos=0 elapsed_ms=20.689
kiln_profile_gdn_stage layer=30 stage=gated_norm seq_len=23 start_pos=0 elapsed_ms=19.333
kiln_profile_gdn_stage layer=29 stage=conv seq_len=23 start_pos=0 elapsed_ms=2.025
kiln_profile_gdn_stage layer=29 stage=qkv_split seq_len=23 start_pos=0 elapsed_ms=0.113
kiln_profile_gdn_stage layer=29 stage=gates seq_len=23 start_pos=0 elapsed_ms=15.641
kiln_profile_gdn_stage layer=29 stage=qk_norm seq_len=23 start_pos=0 elapsed_ms=0.205
kiln_profile_gdn_stage layer=29 stage=recurrent seq_len=23 start_pos=0 elapsed_ms=3.207
kiln_profile_gdn_stage layer=29 stage=post_transpose seq_len=23 start_pos=0 elapsed_ms=0.000
kiln_profile_mlp_stage layer=29 stage=fused seq_len=23 start_pos=0 elapsed_ms=24.069
kiln_profile_paged_layer layer=29 kind=linear seq_len=23 start_pos=0 elapsed_ms=147.433
kiln_profile_gdn_stage layer=29 stage=out_proj seq_len=23 start_pos=0 elapsed_ms=26.575
kiln_profile_gdn_stage layer=28 stage=out_proj seq_len=23 start_pos=0 elapsed_ms=26.727
kiln_profile_gdn_stage layer=30 stage=out_proj seq_len=23 start_pos=0 elapsed_ms=19.378
kiln_profile_gdn_stage layer=29 stage=out_proj seq_len=23 start_pos=0 elapsed_ms=33.561
kiln_profile_gdn_stage layer=29 stage=gates seq_len=23 start_pos=0 elapsed_ms=21.204
kiln_profile_gdn_stage layer=29 stage=gated_norm seq_len=23 start_pos=0 elapsed_ms=19.857
kiln_profile_gdn_stage layer=29 stage=recurrent seq_len=23 start_pos=0 elapsed_ms=2.428
kiln_profile_gdn_stage layer=29 stage=post_transpose seq_len=23 start_pos=0 elapsed_ms=0.000
kiln_profile_gdn_stage layer=30 stage=in_proj seq_len=23 start_pos=0 elapsed_ms=17.809
kiln_profile_gdn_stage layer=30 stage=conv seq_len=23 start_pos=0 elapsed_ms=2.129
kiln_profile_gdn_stage layer=30 stage=qkv_split seq_len=23 start_pos=0 elapsed_ms=0.121
kiln_profile_gdn_stage layer=30 stage=qk_norm seq_len=23 start_pos=0 elapsed_ms=0.215
kiln_profile_mlp_stage layer=29 stage=fused seq_len=23 start_pos=0 elapsed_ms=43.776
kiln_profile_paged_layer layer=29 kind=linear seq_len=23 start_pos=0 elapsed_ms=145.160
kiln_profile_mlp_stage layer=29 stage=fused seq_len=23 start_pos=0 elapsed_ms=21.410
kiln_profile_paged_layer layer=29 kind=linear seq_len=23 start_pos=0 elapsed_ms=148.520
kiln_profile_mlp_stage layer=30 stage=fused seq_len=23 start_pos=0 elapsed_ms=26.560
kiln_profile_paged_layer layer=30 kind=linear seq_len=23 start_pos=0 elapsed_ms=117.096
kiln_profile_gdn_stage layer=29 stage=out_proj seq_len=23 start_pos=0 elapsed_ms=24.502
kiln_profile_gdn_stage layer=29 stage=gated_norm seq_len=23 start_pos=0 elapsed_ms=24.449
kiln_profile_gdn_stage layer=30 stage=in_proj seq_len=23 start_pos=0 elapsed_ms=25.162
kiln_profile_gdn_stage layer=30 stage=conv seq_len=23 start_pos=0 elapsed_ms=2.000
kiln_profile_gdn_stage layer=30 stage=qkv_split seq_len=23 start_pos=0 elapsed_ms=0.137
kiln_profile_gdn_stage layer=30 stage=qk_norm seq_len=23 start_pos=0 elapsed_ms=0.221
kiln_profile_mlp_stage layer=28 stage=fused seq_len=23 start_pos=0 elapsed_ms=45.304
kiln_profile_paged_layer layer=28 kind=linear seq_len=23 start_pos=0 elapsed_ms=143.083
kiln_profile_gdn_stage layer=30 stage=in_proj seq_len=23 start_pos=0 elapsed_ms=32.507
kiln_profile_gdn_stage layer=30 stage=conv seq_len=23 start_pos=0 elapsed_ms=2.035
kiln_profile_gdn_stage layer=30 stage=qkv_split seq_len=23 start_pos=0 elapsed_ms=0.172
kiln_profile_gdn_stage layer=30 stage=qk_norm seq_len=23 start_pos=0 elapsed_ms=0.231
kiln_profile_gdn_stage layer=29 stage=out_proj seq_len=23 start_pos=0 elapsed_ms=35.163
kiln_profile_mlp_stage layer=29 stage=fused seq_len=23 start_pos=0 elapsed_ms=44.264
kiln_profile_paged_layer layer=29 kind=linear seq_len=23 start_pos=0 elapsed_ms=127.295
kiln_profile_gdn_stage layer=30 stage=gates seq_len=23 start_pos=0 elapsed_ms=34.920
kiln_profile_gdn_stage layer=30 stage=recurrent seq_len=23 start_pos=0 elapsed_ms=2.970
kiln_profile_gdn_stage layer=30 stage=post_transpose seq_len=23 start_pos=0 elapsed_ms=0.000
kiln_profile_gdn_stage layer=29 stage=in_proj seq_len=23 start_pos=0 elapsed_ms=35.959
kiln_profile_gdn_stage layer=29 stage=conv seq_len=23 start_pos=0 elapsed_ms=2.028
kiln_profile_gdn_stage layer=29 stage=qkv_split seq_len=23 start_pos=0 elapsed_ms=0.122
kiln_profile_gdn_stage layer=29 stage=qk_norm seq_len=23 start_pos=0 elapsed_ms=0.200
kiln_profile_mlp_stage layer=29 stage=fused seq_len=23 start_pos=0 elapsed_ms=81.454
kiln_profile_paged_layer layer=29 kind=linear seq_len=23 start_pos=0 elapsed_ms=221.003
kiln_profile_gdn_stage layer=30 stage=gates seq_len=23 start_pos=0 elapsed_ms=30.494
kiln_profile_gdn_stage layer=30 stage=gates seq_len=23 start_pos=0 elapsed_ms=74.490
kiln_profile_gdn_stage layer=30 stage=recurrent seq_len=23 start_pos=0 elapsed_ms=3.998
kiln_profile_gdn_stage layer=30 stage=post_transpose seq_len=23 start_pos=0 elapsed_ms=0.000
kiln_profile_gdn_stage layer=30 stage=recurrent seq_len=23 start_pos=0 elapsed_ms=4.308
kiln_profile_gdn_stage layer=30 stage=post_transpose seq_len=23 start_pos=0 elapsed_ms=0.000
kiln_profile_mlp_stage layer=29 stage=fused seq_len=23 start_pos=0 elapsed_ms=29.976
kiln_profile_paged_layer layer=29 kind=linear seq_len=23 start_pos=0 elapsed_ms=136.605
kiln_profile_gdn_stage layer=30 stage=gated_norm seq_len=23 start_pos=0 elapsed_ms=19.924
kiln_profile_gdn_stage layer=29 stage=gates seq_len=23 start_pos=0 elapsed_ms=13.833
kiln_profile_gdn_stage layer=29 stage=recurrent seq_len=23 start_pos=0 elapsed_ms=3.081
kiln_profile_gdn_stage layer=29 stage=post_transpose seq_len=23 start_pos=0 elapsed_ms=0.000
kiln_profile_gdn_stage layer=30 stage=in_proj seq_len=23 start_pos=0 elapsed_ms=19.357
kiln_profile_full_attn_stage full_attn_layer=7 stage=qkv_proj seq_len=23 start_pos=0 elapsed_ms=77.351
kiln_profile_full_attn_stage full_attn_layer=7 stage=qkv_split seq_len=23 start_pos=0 elapsed_ms=0.073
kiln_profile_full_attn_stage full_attn_layer=7 stage=qk_norm seq_len=23 start_pos=0 elapsed_ms=0.239
kiln_profile_full_attn_stage full_attn_layer=7 stage=rope seq_len=23 start_pos=0 elapsed_ms=0.295
kiln_profile_full_attn_stage full_attn_layer=7 stage=q_transpose seq_len=23 start_pos=0 elapsed_ms=0.077
kiln_profile_full_attn_stage full_attn_layer=7 stage=kv_write seq_len=23 start_pos=0 elapsed_ms=0.060
kiln_profile_full_attn_stage full_attn_layer=7 stage=kv_read seq_len=23 start_pos=0 elapsed_ms=0.009
kiln_profile_gdn_stage layer=30 stage=conv seq_len=23 start_pos=0 elapsed_ms=2.022
kiln_profile_gdn_stage layer=30 stage=qkv_split seq_len=23 start_pos=0 elapsed_ms=0.132
kiln_profile_gdn_stage layer=30 stage=qk_norm seq_len=23 start_pos=0 elapsed_ms=0.216
kiln_profile_gdn_stage layer=30 stage=in_proj seq_len=23 start_pos=0 elapsed_ms=35.223
kiln_profile_gdn_stage layer=30 stage=gated_norm seq_len=23 start_pos=0 elapsed_ms=22.062
kiln_profile_gdn_stage layer=30 stage=conv seq_len=23 start_pos=0 elapsed_ms=2.001
kiln_profile_gdn_stage layer=30 stage=qkv_split seq_len=23 start_pos=0 elapsed_ms=0.117
kiln_profile_gdn_stage layer=30 stage=qk_norm seq_len=23 start_pos=0 elapsed_ms=0.202
kiln_profile_gdn_stage layer=30 stage=gated_norm seq_len=23 start_pos=0 elapsed_ms=22.617
kiln_profile_gdn_stage layer=30 stage=in_proj seq_len=23 start_pos=0 elapsed_ms=23.909
kiln_profile_gdn_stage layer=30 stage=conv seq_len=23 start_pos=0 elapsed_ms=2.004
kiln_profile_gdn_stage layer=30 stage=qkv_split seq_len=23 start_pos=0 elapsed_ms=0.114
kiln_profile_gdn_stage layer=30 stage=qk_norm seq_len=23 start_pos=0 elapsed_ms=0.195
kiln_profile_gdn_stage layer=30 stage=out_proj seq_len=23 start_pos=0 elapsed_ms=25.273
kiln_profile_gdn_stage layer=29 stage=gated_norm seq_len=23 start_pos=0 elapsed_ms=23.829
kiln_profile_gdn_stage layer=30 stage=gates seq_len=23 start_pos=0 elapsed_ms=19.122
kiln_profile_gdn_stage layer=30 stage=out_proj seq_len=23 start_pos=0 elapsed_ms=16.488
kiln_profile_gdn_stage layer=30 stage=recurrent seq_len=23 start_pos=0 elapsed_ms=3.138
kiln_profile_gdn_stage layer=30 stage=post_transpose seq_len=23 start_pos=0 elapsed_ms=0.000
kiln_profile_gdn_stage layer=30 stage=out_proj seq_len=23 start_pos=0 elapsed_ms=16.583
kiln_profile_gdn_stage layer=30 stage=gates seq_len=23 start_pos=0 elapsed_ms=18.078
kiln_profile_gdn_stage layer=30 stage=gates seq_len=23 start_pos=0 elapsed_ms=8.131
kiln_profile_gdn_stage layer=29 stage=out_proj seq_len=23 start_pos=0 elapsed_ms=7.485
kiln_profile_gdn_stage layer=30 stage=recurrent seq_len=23 start_pos=0 elapsed_ms=2.815
kiln_profile_gdn_stage layer=30 stage=post_transpose seq_len=23 start_pos=0 elapsed_ms=0.001
kiln_profile_gdn_stage layer=30 stage=recurrent seq_len=23 start_pos=0 elapsed_ms=3.774
kiln_profile_gdn_stage layer=30 stage=post_transpose seq_len=23 start_pos=0 elapsed_ms=0.000
kiln_profile_mlp_stage layer=30 stage=fused seq_len=23 start_pos=0 elapsed_ms=17.138
kiln_profile_paged_layer layer=30 kind=linear seq_len=23 start_pos=0 elapsed_ms=128.115
kiln_profile_mlp_stage layer=30 stage=fused seq_len=23 start_pos=0 elapsed_ms=20.364
kiln_profile_paged_layer layer=30 kind=linear seq_len=23 start_pos=0 elapsed_ms=128.695
kiln_profile_mlp_stage layer=30 stage=fused seq_len=23 start_pos=0 elapsed_ms=26.343
kiln_profile_paged_layer layer=30 kind=linear seq_len=23 start_pos=0 elapsed_ms=165.002
kiln_profile_mlp_stage layer=29 stage=fused seq_len=23 start_pos=0 elapsed_ms=32.267
kiln_profile_paged_layer layer=29 kind=linear seq_len=23 start_pos=0 elapsed_ms=119.146
kiln_profile_gdn_stage layer=30 stage=gated_norm seq_len=23 start_pos=0 elapsed_ms=32.528
kiln_profile_gdn_stage layer=30 stage=gated_norm seq_len=23 start_pos=0 elapsed_ms=45.584
kiln_profile_gdn_stage layer=30 stage=gated_norm seq_len=23 start_pos=0 elapsed_ms=58.966
kiln_profile_gdn_stage layer=30 stage=in_proj seq_len=23 start_pos=0 elapsed_ms=34.210
kiln_profile_gdn_stage layer=30 stage=conv seq_len=23 start_pos=0 elapsed_ms=2.517
kiln_profile_gdn_stage layer=30 stage=qkv_split seq_len=23 start_pos=0 elapsed_ms=0.112
kiln_profile_gdn_stage layer=30 stage=out_proj seq_len=23 start_pos=0 elapsed_ms=35.302
kiln_profile_gdn_stage layer=30 stage=qk_norm seq_len=23 start_pos=0 elapsed_ms=0.196
kiln_profile_gdn_stage layer=30 stage=out_proj seq_len=23 start_pos=0 elapsed_ms=29.284
kiln_profile_mlp_stage layer=31 stage=fused seq_len=23 start_pos=0 elapsed_ms=83.283
kiln_profile_paged_layer layer=31 kind=full seq_len=23 start_pos=0 elapsed_ms=181.032
kiln_profile_gdn_stage layer=30 stage=out_proj seq_len=23 start_pos=0 elapsed_ms=19.505
kiln_profile_full_attn_stage full_attn_layer=7 stage=qkv_proj seq_len=23 start_pos=0 elapsed_ms=72.123
kiln_profile_full_attn_stage full_attn_layer=7 stage=qkv_split seq_len=23 start_pos=0 elapsed_ms=0.063
kiln_profile_full_attn_stage full_attn_layer=7 stage=qk_norm seq_len=23 start_pos=0 elapsed_ms=0.247
kiln_profile_full_attn_stage full_attn_layer=7 stage=rope seq_len=23 start_pos=0 elapsed_ms=0.306
kiln_profile_full_attn_stage full_attn_layer=7 stage=q_transpose seq_len=23 start_pos=0 elapsed_ms=0.098
kiln_profile_full_attn_stage full_attn_layer=7 stage=kv_write seq_len=23 start_pos=0 elapsed_ms=0.075
kiln_profile_full_attn_stage full_attn_layer=7 stage=kv_read seq_len=23 start_pos=0 elapsed_ms=0.013
kiln_profile_mlp_stage layer=30 stage=fused seq_len=23 start_pos=0 elapsed_ms=18.430
kiln_profile_paged_layer layer=30 kind=linear seq_len=23 start_pos=0 elapsed_ms=146.015
kiln_profile_full_attn_stage full_attn_layer=7 stage=qkv_proj seq_len=23 start_pos=0 elapsed_ms=72.461
kiln_profile_full_attn_stage full_attn_layer=7 stage=qkv_split seq_len=23 start_pos=0 elapsed_ms=0.161
kiln_profile_full_attn_stage full_attn_layer=7 stage=qk_norm seq_len=23 start_pos=0 elapsed_ms=0.328
kiln_profile_full_attn_stage full_attn_layer=7 stage=rope seq_len=23 start_pos=0 elapsed_ms=0.437
kiln_profile_full_attn_stage full_attn_layer=7 stage=q_transpose seq_len=23 start_pos=0 elapsed_ms=0.157
kiln_profile_full_attn_stage full_attn_layer=7 stage=kv_write seq_len=23 start_pos=0 elapsed_ms=0.099
kiln_profile_full_attn_stage full_attn_layer=7 stage=kv_read seq_len=23 start_pos=0 elapsed_ms=0.014
kiln_profile_mlp_stage layer=30 stage=fused seq_len=23 start_pos=0 elapsed_ms=24.270
kiln_profile_paged_layer layer=30 kind=linear seq_len=23 start_pos=0 elapsed_ms=143.574
kiln_profile_full_attn_stage full_attn_layer=7 stage=qkv_proj seq_len=23 start_pos=0 elapsed_ms=72.839
kiln_profile_full_attn_stage full_attn_layer=7 stage=qkv_split seq_len=23 start_pos=0 elapsed_ms=0.075
kiln_profile_full_attn_stage full_attn_layer=7 stage=qk_norm seq_len=23 start_pos=0 elapsed_ms=0.263
kiln_profile_full_attn_stage full_attn_layer=7 stage=rope seq_len=23 start_pos=0 elapsed_ms=0.290
kiln_profile_full_attn_stage full_attn_layer=7 stage=q_transpose seq_len=23 start_pos=0 elapsed_ms=0.102
kiln_profile_full_attn_stage full_attn_layer=7 stage=kv_write seq_len=23 start_pos=0 elapsed_ms=0.073
kiln_profile_full_attn_stage full_attn_layer=7 stage=kv_read seq_len=23 start_pos=0 elapsed_ms=0.019
kiln_profile_mlp_stage layer=30 stage=fused seq_len=23 start_pos=0 elapsed_ms=25.894
kiln_profile_paged_layer layer=30 kind=linear seq_len=23 start_pos=0 elapsed_ms=141.868
kiln_profile_gdn_stage layer=30 stage=gates seq_len=23 start_pos=0 elapsed_ms=36.257
kiln_profile_gdn_stage layer=30 stage=recurrent seq_len=23 start_pos=0 elapsed_ms=3.560
kiln_profile_gdn_stage layer=30 stage=post_transpose seq_len=23 start_pos=0 elapsed_ms=0.000
kiln_profile_gdn_stage layer=30 stage=gated_norm seq_len=23 start_pos=0 elapsed_ms=33.899
kiln_profile_mlp_stage layer=31 stage=fused seq_len=23 start_pos=0 elapsed_ms=38.491
kiln_profile_paged_layer layer=31 kind=full seq_len=23 start_pos=0 elapsed_ms=134.891
kiln_profile_full_attn_stage full_attn_layer=7 stage=qkv_proj seq_len=23 start_pos=0 elapsed_ms=74.888
kiln_profile_full_attn_stage full_attn_layer=7 stage=qkv_split seq_len=23 start_pos=0 elapsed_ms=0.085
kiln_profile_full_attn_stage full_attn_layer=7 stage=qk_norm seq_len=23 start_pos=0 elapsed_ms=0.227
kiln_profile_full_attn_stage full_attn_layer=7 stage=rope seq_len=23 start_pos=0 elapsed_ms=0.296
kiln_profile_full_attn_stage full_attn_layer=7 stage=q_transpose seq_len=23 start_pos=0 elapsed_ms=0.074
kiln_profile_full_attn_stage full_attn_layer=7 stage=kv_write seq_len=23 start_pos=0 elapsed_ms=0.056
kiln_profile_full_attn_stage full_attn_layer=7 stage=kv_read seq_len=23 start_pos=0 elapsed_ms=0.009
kiln_profile_gdn_stage layer=30 stage=out_proj seq_len=23 start_pos=0 elapsed_ms=21.590
kiln_profile_mlp_stage layer=30 stage=fused seq_len=23 start_pos=0 elapsed_ms=7.141
kiln_profile_paged_layer layer=30 kind=linear seq_len=23 start_pos=0 elapsed_ms=139.821
kiln_profile_full_attn_stage full_attn_layer=7 stage=qkv_proj seq_len=23 start_pos=0 elapsed_ms=76.369
kiln_profile_full_attn_stage full_attn_layer=7 stage=qkv_split seq_len=23 start_pos=0 elapsed_ms=0.062
kiln_profile_full_attn_stage full_attn_layer=7 stage=qk_norm seq_len=23 start_pos=0 elapsed_ms=0.222
kiln_profile_full_attn_stage full_attn_layer=7 stage=rope seq_len=23 start_pos=0 elapsed_ms=0.293
kiln_profile_full_attn_stage full_attn_layer=7 stage=q_transpose seq_len=23 start_pos=0 elapsed_ms=0.077
kiln_profile_full_attn_stage full_attn_layer=7 stage=kv_write seq_len=23 start_pos=0 elapsed_ms=0.054
kiln_profile_full_attn_stage full_attn_layer=7 stage=kv_read seq_len=23 start_pos=0 elapsed_ms=0.008
kiln_profile_mlp_stage layer=31 stage=fused seq_len=23 start_pos=0 elapsed_ms=44.118
kiln_profile_paged_layer layer=31 kind=full seq_len=23 start_pos=0 elapsed_ms=151.564
kiln_profile_full_attn_stage full_attn_layer=7 stage=qkv_proj seq_len=23 start_pos=0 elapsed_ms=70.347
kiln_profile_full_attn_stage full_attn_layer=7 stage=qkv_split seq_len=23 start_pos=0 elapsed_ms=0.060
kiln_profile_full_attn_stage full_attn_layer=7 stage=qk_norm seq_len=23 start_pos=0 elapsed_ms=0.245
kiln_profile_full_attn_stage full_attn_layer=7 stage=rope seq_len=23 start_pos=0 elapsed_ms=0.291
kiln_profile_full_attn_stage full_attn_layer=7 stage=q_transpose seq_len=23 start_pos=0 elapsed_ms=0.071
kiln_profile_full_attn_stage full_attn_layer=7 stage=kv_write seq_len=23 start_pos=0 elapsed_ms=0.052
kiln_profile_full_attn_stage full_attn_layer=7 stage=kv_read seq_len=23 start_pos=0 elapsed_ms=0.011
kiln_profile_mlp_stage layer=31 stage=fused seq_len=23 start_pos=0 elapsed_ms=46.049
kiln_profile_paged_layer layer=31 kind=full seq_len=23 start_pos=0 elapsed_ms=171.416
kiln_profile_mlp_stage layer=31 stage=fused seq_len=23 start_pos=0 elapsed_ms=8.504
kiln_profile_paged_layer layer=31 kind=full seq_len=23 start_pos=0 elapsed_ms=101.596
kiln_profile_gdn_stage layer=0 stage=in_proj seq_len=1 start_pos=23 elapsed_ms=93.078
kiln_profile_gdn_stage layer=0 stage=conv seq_len=1 start_pos=23 elapsed_ms=0.312
kiln_profile_gdn_stage layer=0 stage=qkv_split seq_len=1 start_pos=23 elapsed_ms=0.002
kiln_profile_gdn_stage layer=0 stage=qk_norm seq_len=1 start_pos=23 elapsed_ms=0.033
kiln_profile_full_attn_stage full_attn_layer=7 stage=qkv_proj seq_len=23 start_pos=0 elapsed_ms=78.876
kiln_profile_full_attn_stage full_attn_layer=7 stage=qkv_split seq_len=23 start_pos=0 elapsed_ms=0.070
kiln_profile_full_attn_stage full_attn_layer=7 stage=qk_norm seq_len=23 start_pos=0 elapsed_ms=0.232
kiln_profile_full_attn_stage full_attn_layer=7 stage=rope seq_len=23 start_pos=0 elapsed_ms=0.294
kiln_profile_full_attn_stage full_attn_layer=7 stage=q_transpose seq_len=23 start_pos=0 elapsed_ms=0.077
kiln_profile_full_attn_stage full_attn_layer=7 stage=kv_write seq_len=23 start_pos=0 elapsed_ms=0.054
kiln_profile_full_attn_stage full_attn_layer=7 stage=kv_read seq_len=23 start_pos=0 elapsed_ms=0.010
kiln_profile_mlp_stage layer=31 stage=fused seq_len=23 start_pos=0 elapsed_ms=55.723
kiln_profile_paged_layer layer=31 kind=full seq_len=23 start_pos=0 elapsed_ms=158.164
kiln_profile_mlp_stage layer=31 stage=fused seq_len=23 start_pos=0 elapsed_ms=46.964
kiln_profile_paged_layer layer=31 kind=full seq_len=23 start_pos=0 elapsed_ms=152.482
kiln_profile_gdn_stage layer=0 stage=gates seq_len=1 start_pos=23 elapsed_ms=62.803
kiln_profile_gdn_stage layer=0 stage=recurrent seq_len=1 start_pos=23 elapsed_ms=1.665
kiln_profile_gdn_stage layer=0 stage=post_transpose seq_len=1 start_pos=23 elapsed_ms=0.000
kiln_profile_mlp_stage layer=31 stage=fused seq_len=23 start_pos=0 elapsed_ms=29.128
kiln_profile_paged_layer layer=31 kind=full seq_len=23 start_pos=0 elapsed_ms=116.271
kiln_profile_gdn_stage layer=0 stage=gated_norm seq_len=1 start_pos=23 elapsed_ms=11.860
kiln_profile_gdn_stage layer=0 stage=out_proj seq_len=1 start_pos=23 elapsed_ms=0.524
kiln_profile_mlp_stage layer=0 stage=fused seq_len=1 start_pos=23 elapsed_ms=1.031
kiln_profile_paged_layer layer=0 kind=linear seq_len=1 start_pos=23 elapsed_ms=171.479
kiln_profile_gdn_stage layer=1 stage=in_proj seq_len=1 start_pos=23 elapsed_ms=0.662
kiln_profile_gdn_stage layer=1 stage=conv seq_len=1 start_pos=23 elapsed_ms=0.083
kiln_profile_gdn_stage layer=1 stage=qkv_split seq_len=1 start_pos=23 elapsed_ms=0.001
kiln_profile_gdn_stage layer=1 stage=qk_norm seq_len=1 start_pos=23 elapsed_ms=0.016
kiln_profile_gdn_stage layer=1 stage=gates seq_len=1 start_pos=23 elapsed_ms=0.211
kiln_profile_gdn_stage layer=1 stage=recurrent seq_len=1 start_pos=23 elapsed_ms=1.200
kiln_profile_gdn_stage layer=1 stage=post_transpose seq_len=1 start_pos=23 elapsed_ms=0.000
kiln_profile_gdn_stage layer=1 stage=gated_norm seq_len=1 start_pos=23 elapsed_ms=0.200
kiln_profile_gdn_stage layer=1 stage=out_proj seq_len=1 start_pos=23 elapsed_ms=0.250
kiln_profile_mlp_stage layer=1 stage=fused seq_len=1 start_pos=23 elapsed_ms=0.942
kiln_profile_paged_layer layer=1 kind=linear seq_len=1 start_pos=23 elapsed_ms=3.622
kiln_profile_gdn_stage layer=2 stage=in_proj seq_len=1 start_pos=23 elapsed_ms=0.703
kiln_profile_gdn_stage layer=2 stage=conv seq_len=1 start_pos=23 elapsed_ms=0.081
kiln_profile_gdn_stage layer=2 stage=qkv_split seq_len=1 start_pos=23 elapsed_ms=0.001
kiln_profile_gdn_stage layer=2 stage=qk_norm seq_len=1 start_pos=23 elapsed_ms=0.013
kiln_profile_gdn_stage layer=2 stage=gates seq_len=1 start_pos=23 elapsed_ms=0.158
kiln_profile_gdn_stage layer=2 stage=recurrent seq_len=1 start_pos=23 elapsed_ms=0.771
kiln_profile_gdn_stage layer=2 stage=post_transpose seq_len=1 start_pos=23 elapsed_ms=0.000
kiln_profile_gdn_stage layer=2 stage=gated_norm seq_len=1 start_pos=23 elapsed_ms=0.237
kiln_profile_gdn_stage layer=2 stage=out_proj seq_len=1 start_pos=23 elapsed_ms=0.326
kiln_profile_mlp_stage layer=2 stage=fused seq_len=1 start_pos=23 elapsed_ms=0.910
kiln_profile_paged_layer layer=2 kind=linear seq_len=1 start_pos=23 elapsed_ms=3.245
kiln_profile_full_attn_stage full_attn_layer=0 stage=qkv_proj seq_len=1 start_pos=23 elapsed_ms=0.744
kiln_profile_full_attn_stage full_attn_layer=0 stage=qkv_split seq_len=1 start_pos=23 elapsed_ms=0.003
kiln_profile_full_attn_stage full_attn_layer=0 stage=qk_norm seq_len=1 start_pos=23 elapsed_ms=0.015
kiln_profile_full_attn_stage full_attn_layer=0 stage=rope seq_len=1 start_pos=23 elapsed_ms=0.024
kiln_profile_full_attn_stage full_attn_layer=0 stage=q_transpose seq_len=1 start_pos=23 elapsed_ms=0.003
kiln_profile_full_attn_stage full_attn_layer=0 stage=kv_write seq_len=1 start_pos=23 elapsed_ms=0.004
kiln_profile_full_attn_stage full_attn_layer=0 stage=kv_read seq_len=1 start_pos=23 elapsed_ms=0.012
kiln_profile_full_attn_stage full_attn_layer=0 stage=decode_group_layout seq_len=1 start_pos=23 elapsed_ms=0.001
kiln_profile_full_attn_stage full_attn_layer=0 stage=decode_scores seq_len=1 start_pos=23 elapsed_ms=0.044
kiln_profile_full_attn_stage full_attn_layer=0 stage=decode_softmax seq_len=1 start_pos=23 elapsed_ms=0.004
kiln_profile_full_attn_stage full_attn_layer=0 stage=decode_weighted_sum seq_len=1 start_pos=23 elapsed_ms=0.009
kiln_profile_full_attn_stage full_attn_layer=0 stage=attn_gate seq_len=1 start_pos=23 elapsed_ms=0.007
kiln_profile_full_attn_stage full_attn_layer=0 stage=o_proj seq_len=1 start_pos=23 elapsed_ms=0.297
kiln_profile_mlp_stage layer=3 stage=fused seq_len=1 start_pos=23 elapsed_ms=0.898
kiln_profile_paged_layer layer=3 kind=full seq_len=1 start_pos=23 elapsed_ms=2.127
kiln_profile_gdn_stage layer=4 stage=in_proj seq_len=1 start_pos=23 elapsed_ms=0.656
kiln_profile_gdn_stage layer=4 stage=conv seq_len=1 start_pos=23 elapsed_ms=0.073
kiln_profile_gdn_stage layer=4 stage=qkv_split seq_len=1 start_pos=23 elapsed_ms=0.000
kiln_profile_gdn_stage layer=4 stage=qk_norm seq_len=1 start_pos=23 elapsed_ms=0.011
kiln_profile_gdn_stage layer=4 stage=gates seq_len=1 start_pos=23 elapsed_ms=0.212
kiln_profile_gdn_stage layer=4 stage=recurrent seq_len=1 start_pos=23 elapsed_ms=0.839
kiln_profile_gdn_stage layer=4 stage=post_transpose seq_len=1 start_pos=23 elapsed_ms=0.000
kiln_profile_gdn_stage layer=4 stage=gated_norm seq_len=1 start_pos=23 elapsed_ms=0.237
kiln_profile_gdn_stage layer=4 stage=out_proj seq_len=1 start_pos=23 elapsed_ms=0.319
kiln_profile_mlp_stage layer=4 stage=fused seq_len=1 start_pos=23 elapsed_ms=0.898
kiln_profile_paged_layer layer=4 kind=linear seq_len=1 start_pos=23 elapsed_ms=3.288
kiln_profile_gdn_stage layer=5 stage=in_proj seq_len=1 start_pos=23 elapsed_ms=0.701
kiln_profile_gdn_stage layer=5 stage=conv seq_len=1 start_pos=23 elapsed_ms=0.074
kiln_profile_gdn_stage layer=5 stage=qkv_split seq_len=1 start_pos=23 elapsed_ms=0.000
kiln_profile_gdn_stage layer=5 stage=qk_norm seq_len=1 start_pos=23 elapsed_ms=0.011
kiln_profile_gdn_stage layer=5 stage=gates seq_len=1 start_pos=23 elapsed_ms=0.155
kiln_profile_gdn_stage layer=5 stage=recurrent seq_len=1 start_pos=23 elapsed_ms=0.770
kiln_profile_gdn_stage layer=5 stage=post_transpose seq_len=1 start_pos=23 elapsed_ms=0.000
kiln_profile_gdn_stage layer=5 stage=gated_norm seq_len=1 start_pos=23 elapsed_ms=0.240
kiln_profile_gdn_stage layer=5 stage=out_proj seq_len=1 start_pos=23 elapsed_ms=0.320
kiln_profile_mlp_stage layer=5 stage=fused seq_len=1 start_pos=23 elapsed_ms=0.951
kiln_profile_paged_layer layer=5 kind=linear seq_len=1 start_pos=23 elapsed_ms=3.270
kiln_profile_gdn_stage layer=6 stage=in_proj seq_len=1 start_pos=23 elapsed_ms=0.698
kiln_profile_gdn_stage layer=6 stage=conv seq_len=1 start_pos=23 elapsed_ms=0.075
kiln_profile_gdn_stage layer=6 stage=qkv_split seq_len=1 start_pos=23 elapsed_ms=0.001
kiln_profile_gdn_stage layer=6 stage=qk_norm seq_len=1 start_pos=23 elapsed_ms=0.012
kiln_profile_gdn_stage layer=6 stage=gates seq_len=1 start_pos=23 elapsed_ms=0.167
kiln_profile_gdn_stage layer=6 stage=recurrent seq_len=1 start_pos=23 elapsed_ms=0.851
kiln_profile_gdn_stage layer=6 stage=post_transpose seq_len=1 start_pos=23 elapsed_ms=0.000
kiln_profile_gdn_stage layer=6 stage=gated_norm seq_len=1 start_pos=23 elapsed_ms=0.272
kiln_profile_gdn_stage layer=6 stage=out_proj seq_len=1 start_pos=23 elapsed_ms=0.322
kiln_profile_mlp_stage layer=6 stage=fused seq_len=1 start_pos=23 elapsed_ms=0.929
kiln_profile_paged_layer layer=6 kind=linear seq_len=1 start_pos=23 elapsed_ms=3.382
kiln_profile_full_attn_stage full_attn_layer=1 stage=qkv_proj seq_len=1 start_pos=23 elapsed_ms=0.570
kiln_profile_full_attn_stage full_attn_layer=1 stage=qkv_split seq_len=1 start_pos=23 elapsed_ms=0.003
kiln_profile_full_attn_stage full_attn_layer=1 stage=qk_norm seq_len=1 start_pos=23 elapsed_ms=0.014
kiln_profile_full_attn_stage full_attn_layer=1 stage=rope seq_len=1 start_pos=23 elapsed_ms=0.026
kiln_profile_full_attn_stage full_attn_layer=1 stage=q_transpose seq_len=1 start_pos=23 elapsed_ms=0.003
kiln_profile_full_attn_stage full_attn_layer=1 stage=kv_write seq_len=1 start_pos=23 elapsed_ms=0.007
kiln_profile_full_attn_stage full_attn_layer=1 stage=kv_read seq_len=1 start_pos=23 elapsed_ms=0.014
kiln_profile_full_attn_stage full_attn_layer=1 stage=decode_group_layout seq_len=1 start_pos=23 elapsed_ms=0.001
kiln_profile_full_attn_stage full_attn_layer=1 stage=decode_scores seq_len=1 start_pos=23 elapsed_ms=0.046
kiln_profile_full_attn_stage full_attn_layer=1 stage=decode_softmax seq_len=1 start_pos=23 elapsed_ms=0.005
kiln_profile_full_attn_stage full_attn_layer=1 stage=decode_weighted_sum seq_len=1 start_pos=23 elapsed_ms=0.010
kiln_profile_full_attn_stage full_attn_layer=1 stage=attn_gate seq_len=1 start_pos=23 elapsed_ms=0.007
kiln_profile_full_attn_stage full_attn_layer=1 stage=o_proj seq_len=1 start_pos=23 elapsed_ms=0.290
kiln_profile_mlp_stage layer=7 stage=fused seq_len=1 start_pos=23 elapsed_ms=0.955
kiln_profile_paged_layer layer=7 kind=full seq_len=1 start_pos=23 elapsed_ms=2.016
kiln_profile_gdn_stage layer=8 stage=in_proj seq_len=1 start_pos=23 elapsed_ms=0.694
kiln_profile_gdn_stage layer=8 stage=conv seq_len=1 start_pos=23 elapsed_ms=0.079
kiln_profile_gdn_stage layer=8 stage=qkv_split seq_len=1 start_pos=23 elapsed_ms=0.001
kiln_profile_gdn_stage layer=8 stage=qk_norm seq_len=1 start_pos=23 elapsed_ms=0.013
kiln_profile_gdn_stage layer=8 stage=gates seq_len=1 start_pos=23 elapsed_ms=0.309
kiln_profile_gdn_stage layer=8 stage=recurrent seq_len=1 start_pos=23 elapsed_ms=0.876
kiln_profile_gdn_stage layer=8 stage=post_transpose seq_len=1 start_pos=23 elapsed_ms=0.000
kiln_profile_gdn_stage layer=8 stage=gated_norm seq_len=1 start_pos=23 elapsed_ms=0.251
kiln_profile_gdn_stage layer=8 stage=out_proj seq_len=1 start_pos=23 elapsed_ms=0.323
kiln_profile_mlp_stage layer=8 stage=fused seq_len=1 start_pos=23 elapsed_ms=1.021
kiln_profile_paged_layer layer=8 kind=linear seq_len=1 start_pos=23 elapsed_ms=3.616
kiln_profile_gdn_stage layer=9 stage=in_proj seq_len=1 start_pos=23 elapsed_ms=0.740
kiln_profile_gdn_stage layer=9 stage=conv seq_len=1 start_pos=23 elapsed_ms=0.076
kiln_profile_gdn_stage layer=9 stage=qkv_split seq_len=1 start_pos=23 elapsed_ms=0.001
kiln_profile_gdn_stage layer=9 stage=qk_norm seq_len=1 start_pos=23 elapsed_ms=0.014
kiln_profile_gdn_stage layer=9 stage=gates seq_len=1 start_pos=23 elapsed_ms=0.726
kiln_profile_gdn_stage layer=9 stage=recurrent seq_len=1 start_pos=23 elapsed_ms=1.104
kiln_profile_gdn_stage layer=9 stage=post_transpose seq_len=1 start_pos=23 elapsed_ms=0.000
kiln_profile_gdn_stage layer=9 stage=gated_norm seq_len=1 start_pos=23 elapsed_ms=0.319
kiln_profile_gdn_stage layer=9 stage=out_proj seq_len=1 start_pos=23 elapsed_ms=0.312
kiln_profile_mlp_stage layer=9 stage=fused seq_len=1 start_pos=23 elapsed_ms=0.928
kiln_profile_paged_layer layer=9 kind=linear seq_len=1 start_pos=23 elapsed_ms=4.291
kiln_profile_gdn_stage layer=10 stage=in_proj seq_len=1 start_pos=23 elapsed_ms=0.692
kiln_profile_gdn_stage layer=10 stage=conv seq_len=1 start_pos=23 elapsed_ms=0.075
kiln_profile_gdn_stage layer=10 stage=qkv_split seq_len=1 start_pos=23 elapsed_ms=0.001
kiln_profile_gdn_stage layer=10 stage=qk_norm seq_len=1 start_pos=23 elapsed_ms=0.014
kiln_profile_gdn_stage layer=10 stage=gates seq_len=1 start_pos=23 elapsed_ms=0.170
kiln_profile_gdn_stage layer=10 stage=recurrent seq_len=1 start_pos=23 elapsed_ms=0.792
kiln_profile_gdn_stage layer=10 stage=post_transpose seq_len=1 start_pos=23 elapsed_ms=0.000
kiln_profile_gdn_stage layer=10 stage=gated_norm seq_len=1 start_pos=23 elapsed_ms=0.195
kiln_profile_gdn_stage layer=10 stage=out_proj seq_len=1 start_pos=23 elapsed_ms=0.264
kiln_profile_mlp_stage layer=10 stage=fused seq_len=1 start_pos=23 elapsed_ms=0.959
kiln_profile_paged_layer layer=10 kind=linear seq_len=1 start_pos=23 elapsed_ms=3.207
kiln_profile_full_attn_stage full_attn_layer=2 stage=qkv_proj seq_len=1 start_pos=23 elapsed_ms=0.484
kiln_profile_full_attn_stage full_attn_layer=2 stage=qkv_split seq_len=1 start_pos=23 elapsed_ms=0.003
kiln_profile_full_attn_stage full_attn_layer=2 stage=qk_norm seq_len=1 start_pos=23 elapsed_ms=0.014
kiln_profile_full_attn_stage full_attn_layer=2 stage=rope seq_len=1 start_pos=23 elapsed_ms=0.023
kiln_profile_full_attn_stage full_attn_layer=2 stage=q_transpose seq_len=1 start_pos=23 elapsed_ms=0.003
kiln_profile_full_attn_stage full_attn_layer=2 stage=kv_write seq_len=1 start_pos=23 elapsed_ms=0.004
kiln_profile_full_attn_stage full_attn_layer=2 stage=kv_read seq_len=1 start_pos=23 elapsed_ms=0.014
kiln_profile_full_attn_stage full_attn_layer=2 stage=decode_group_layout seq_len=1 start_pos=23 elapsed_ms=0.001
kiln_profile_full_attn_stage full_attn_layer=2 stage=decode_scores seq_len=1 start_pos=23 elapsed_ms=0.050
kiln_profile_full_attn_stage full_attn_layer=2 stage=decode_softmax seq_len=1 start_pos=23 elapsed_ms=0.005
kiln_profile_full_attn_stage full_attn_layer=2 stage=decode_weighted_sum seq_len=1 start_pos=23 elapsed_ms=0.009
kiln_profile_full_attn_stage full_attn_layer=2 stage=attn_gate seq_len=1 start_pos=23 elapsed_ms=0.007
kiln_profile_full_attn_stage full_attn_layer=2 stage=o_proj seq_len=1 start_pos=23 elapsed_ms=0.283
kiln_profile_mlp_stage layer=11 stage=fused seq_len=1 start_pos=23 elapsed_ms=0.937
kiln_profile_paged_layer layer=11 kind=full seq_len=1 start_pos=23 elapsed_ms=1.898
kiln_profile_gdn_stage layer=12 stage=in_proj seq_len=1 start_pos=23 elapsed_ms=0.688
kiln_profile_gdn_stage layer=12 stage=conv seq_len=1 start_pos=23 elapsed_ms=0.077
kiln_profile_gdn_stage layer=12 stage=qkv_split seq_len=1 start_pos=23 elapsed_ms=0.001
kiln_profile_gdn_stage layer=12 stage=qk_norm seq_len=1 start_pos=23 elapsed_ms=0.014
kiln_profile_gdn_stage layer=12 stage=gates seq_len=1 start_pos=23 elapsed_ms=0.203
kiln_profile_gdn_stage layer=12 stage=recurrent seq_len=1 start_pos=23 elapsed_ms=0.822
kiln_profile_gdn_stage layer=12 stage=post_transpose seq_len=1 start_pos=23 elapsed_ms=0.000
kiln_profile_gdn_stage layer=12 stage=gated_norm seq_len=1 start_pos=23 elapsed_ms=0.191
kiln_profile_gdn_stage layer=12 stage=out_proj seq_len=1 start_pos=23 elapsed_ms=0.238
kiln_profile_mlp_stage layer=12 stage=fused seq_len=1 start_pos=23 elapsed_ms=0.901
kiln_profile_paged_layer layer=12 kind=linear seq_len=1 start_pos=23 elapsed_ms=3.179
kiln_profile_gdn_stage layer=13 stage=in_proj seq_len=1 start_pos=23 elapsed_ms=0.714
kiln_profile_gdn_stage layer=13 stage=conv seq_len=1 start_pos=23 elapsed_ms=0.075
kiln_profile_gdn_stage layer=13 stage=qkv_split seq_len=1 start_pos=23 elapsed_ms=0.000
kiln_profile_gdn_stage layer=13 stage=qk_norm seq_len=1 start_pos=23 elapsed_ms=0.011
kiln_profile_gdn_stage layer=13 stage=gates seq_len=1 start_pos=23 elapsed_ms=0.163
kiln_profile_gdn_stage layer=13 stage=recurrent seq_len=1 start_pos=23 elapsed_ms=0.817
kiln_profile_gdn_stage layer=13 stage=post_transpose seq_len=1 start_pos=23 elapsed_ms=0.000
kiln_profile_gdn_stage layer=13 stage=gated_norm seq_len=1 start_pos=23 elapsed_ms=0.235
kiln_profile_gdn_stage layer=13 stage=out_proj seq_len=1 start_pos=23 elapsed_ms=0.293
kiln_profile_mlp_stage layer=13 stage=fused seq_len=1 start_pos=23 elapsed_ms=0.896
kiln_profile_paged_layer layer=13 kind=linear seq_len=1 start_pos=23 elapsed_ms=3.246
kiln_profile_gdn_stage layer=14 stage=in_proj seq_len=1 start_pos=23 elapsed_ms=0.715
kiln_profile_gdn_stage layer=14 stage=conv seq_len=1 start_pos=23 elapsed_ms=0.074
kiln_profile_gdn_stage layer=14 stage=qkv_split seq_len=1 start_pos=23 elapsed_ms=0.001
kiln_profile_gdn_stage layer=14 stage=qk_norm seq_len=1 start_pos=23 elapsed_ms=0.011
kiln_profile_gdn_stage layer=14 stage=gates seq_len=1 start_pos=23 elapsed_ms=0.151
kiln_profile_gdn_stage layer=14 stage=recurrent seq_len=1 start_pos=23 elapsed_ms=0.851
kiln_profile_gdn_stage layer=14 stage=post_transpose seq_len=1 start_pos=23 elapsed_ms=0.000
kiln_profile_gdn_stage layer=14 stage=gated_norm seq_len=1 start_pos=23 elapsed_ms=0.187
kiln_profile_gdn_stage layer=14 stage=out_proj seq_len=1 start_pos=23 elapsed_ms=0.235
kiln_profile_mlp_stage layer=14 stage=fused seq_len=1 start_pos=23 elapsed_ms=0.934
kiln_profile_paged_layer layer=14 kind=linear seq_len=1 start_pos=23 elapsed_ms=3.201
kiln_profile_full_attn_stage full_attn_layer=3 stage=qkv_proj seq_len=1 start_pos=23 elapsed_ms=0.588
kiln_profile_full_attn_stage full_attn_layer=3 stage=qkv_split seq_len=1 start_pos=23 elapsed_ms=0.002
kiln_profile_full_attn_stage full_attn_layer=3 stage=qk_norm seq_len=1 start_pos=23 elapsed_ms=0.014
kiln_profile_full_attn_stage full_attn_layer=3 stage=rope seq_len=1 start_pos=23 elapsed_ms=0.022
kiln_profile_full_attn_stage full_attn_layer=3 stage=q_transpose seq_len=1 start_pos=23 elapsed_ms=0.003
kiln_profile_full_attn_stage full_attn_layer=3 stage=kv_write seq_len=1 start_pos=23 elapsed_ms=0.006
kiln_profile_full_attn_stage full_attn_layer=3 stage=kv_read seq_len=1 start_pos=23 elapsed_ms=0.013
kiln_profile_full_attn_stage full_attn_layer=3 stage=decode_group_layout seq_len=1 start_pos=23 elapsed_ms=0.001
kiln_profile_full_attn_stage full_attn_layer=3 stage=decode_scores seq_len=1 start_pos=23 elapsed_ms=0.051
kiln_profile_full_attn_stage full_attn_layer=3 stage=decode_softmax seq_len=1 start_pos=23 elapsed_ms=0.004
kiln_profile_full_attn_stage full_attn_layer=3 stage=decode_weighted_sum seq_len=1 start_pos=23 elapsed_ms=0.009
kiln_profile_full_attn_stage full_attn_layer=3 stage=attn_gate seq_len=1 start_pos=23 elapsed_ms=0.007
kiln_profile_full_attn_stage full_attn_layer=3 stage=o_proj seq_len=1 start_pos=23 elapsed_ms=0.275
kiln_profile_mlp_stage layer=15 stage=fused seq_len=1 start_pos=23 elapsed_ms=0.947
kiln_profile_paged_layer layer=15 kind=full seq_len=1 start_pos=23 elapsed_ms=1.996
kiln_profile_gdn_stage layer=16 stage=in_proj seq_len=1 start_pos=23 elapsed_ms=0.704
kiln_profile_gdn_stage layer=16 stage=conv seq_len=1 start_pos=23 elapsed_ms=0.072
kiln_profile_gdn_stage layer=16 stage=qkv_split seq_len=1 start_pos=23 elapsed_ms=0.000
kiln_profile_gdn_stage layer=16 stage=qk_norm seq_len=1 start_pos=23 elapsed_ms=0.011
kiln_profile_gdn_stage layer=16 stage=gates seq_len=1 start_pos=23 elapsed_ms=0.155
kiln_profile_gdn_stage layer=16 stage=recurrent seq_len=1 start_pos=23 elapsed_ms=0.773
kiln_profile_gdn_stage layer=16 stage=post_transpose seq_len=1 start_pos=23 elapsed_ms=0.000
kiln_profile_gdn_stage layer=16 stage=gated_norm seq_len=1 start_pos=23 elapsed_ms=0.224
kiln_profile_gdn_stage layer=16 stage=out_proj seq_len=1 start_pos=23 elapsed_ms=0.266
kiln_profile_mlp_stage layer=16 stage=fused seq_len=1 start_pos=23 elapsed_ms=0.967
kiln_profile_paged_layer layer=16 kind=linear seq_len=1 start_pos=23 elapsed_ms=3.215
kiln_profile_gdn_stage layer=17 stage=in_proj seq_len=1 start_pos=23 elapsed_ms=0.718
kiln_profile_gdn_stage layer=17 stage=conv seq_len=1 start_pos=23 elapsed_ms=0.078
kiln_profile_gdn_stage layer=17 stage=qkv_split seq_len=1 start_pos=23 elapsed_ms=0.000
kiln_profile_gdn_stage layer=17 stage=qk_norm seq_len=1 start_pos=23 elapsed_ms=0.011
kiln_profile_gdn_stage layer=17 stage=gates seq_len=1 start_pos=23 elapsed_ms=0.198
kiln_profile_gdn_stage layer=17 stage=recurrent seq_len=1 start_pos=23 elapsed_ms=0.944
kiln_profile_gdn_stage layer=17 stage=post_transpose seq_len=1 start_pos=23 elapsed_ms=0.000
kiln_profile_gdn_stage layer=17 stage=gated_norm seq_len=1 start_pos=23 elapsed_ms=0.242
kiln_profile_gdn_stage layer=17 stage=out_proj seq_len=1 start_pos=23 elapsed_ms=0.322
kiln_profile_mlp_stage layer=17 stage=fused seq_len=1 start_pos=23 elapsed_ms=0.936
kiln_profile_paged_layer layer=17 kind=linear seq_len=1 start_pos=23 elapsed_ms=3.492
kiln_profile_gdn_stage layer=18 stage=in_proj seq_len=1 start_pos=23 elapsed_ms=0.728
kiln_profile_gdn_stage layer=18 stage=conv seq_len=1 start_pos=23 elapsed_ms=0.073
kiln_profile_gdn_stage layer=18 stage=qkv_split seq_len=1 start_pos=23 elapsed_ms=0.001
kiln_profile_gdn_stage layer=18 stage=qk_norm seq_len=1 start_pos=23 elapsed_ms=0.011
kiln_profile_gdn_stage layer=18 stage=gates seq_len=1 start_pos=23 elapsed_ms=0.159
kiln_profile_gdn_stage layer=18 stage=recurrent seq_len=1 start_pos=23 elapsed_ms=0.791
kiln_profile_gdn_stage layer=18 stage=post_transpose seq_len=1 start_pos=23 elapsed_ms=0.000
kiln_profile_gdn_stage layer=18 stage=gated_norm seq_len=1 start_pos=23 elapsed_ms=0.198
kiln_profile_gdn_stage layer=18 stage=out_proj seq_len=1 start_pos=23 elapsed_ms=0.279
kiln_profile_mlp_stage layer=18 stage=fused seq_len=1 start_pos=23 elapsed_ms=1.271
kiln_profile_paged_layer layer=18 kind=linear seq_len=1 start_pos=23 elapsed_ms=3.554
kiln_profile_full_attn_stage full_attn_layer=4 stage=qkv_proj seq_len=1 start_pos=23 elapsed_ms=0.594
kiln_profile_full_attn_stage full_attn_layer=4 stage=qkv_split seq_len=1 start_pos=23 elapsed_ms=0.002
kiln_profile_full_attn_stage full_attn_layer=4 stage=qk_norm seq_len=1 start_pos=23 elapsed_ms=0.014
kiln_profile_full_attn_stage full_attn_layer=4 stage=rope seq_len=1 start_pos=23 elapsed_ms=0.022
kiln_profile_full_attn_stage full_attn_layer=4 stage=q_transpose seq_len=1 start_pos=23 elapsed_ms=0.003
kiln_profile_full_attn_stage full_attn_layer=4 stage=kv_write seq_len=1 start_pos=23 elapsed_ms=0.004
kiln_profile_full_attn_stage full_attn_layer=4 stage=kv_read seq_len=1 start_pos=23 elapsed_ms=0.015
kiln_profile_full_attn_stage full_attn_layer=4 stage=decode_group_layout seq_len=1 start_pos=23 elapsed_ms=0.001
kiln_profile_full_attn_stage full_attn_layer=4 stage=decode_scores seq_len=1 start_pos=23 elapsed_ms=0.052
kiln_profile_full_attn_stage full_attn_layer=4 stage=decode_softmax seq_len=1 start_pos=23 elapsed_ms=0.004
kiln_profile_full_attn_stage full_attn_layer=4 stage=decode_weighted_sum seq_len=1 start_pos=23 elapsed_ms=0.009
kiln_profile_full_attn_stage full_attn_layer=4 stage=attn_gate seq_len=1 start_pos=23 elapsed_ms=0.007
kiln_profile_full_attn_stage full_attn_layer=4 stage=o_proj seq_len=1 start_pos=23 elapsed_ms=0.448
kiln_profile_mlp_stage layer=19 stage=fused seq_len=1 start_pos=23 elapsed_ms=0.972
kiln_profile_paged_layer layer=19 kind=full seq_len=1 start_pos=23 elapsed_ms=2.204
kiln_profile_gdn_stage layer=20 stage=in_proj seq_len=1 start_pos=23 elapsed_ms=0.691
kiln_profile_gdn_stage layer=20 stage=conv seq_len=1 start_pos=23 elapsed_ms=0.077
kiln_profile_gdn_stage layer=20 stage=qkv_split seq_len=1 start_pos=23 elapsed_ms=0.000
kiln_profile_gdn_stage layer=20 stage=qk_norm seq_len=1 start_pos=23 elapsed_ms=0.011
kiln_profile_gdn_stage layer=20 stage=gates seq_len=1 start_pos=23 elapsed_ms=0.156
kiln_profile_gdn_stage layer=20 stage=recurrent seq_len=1 start_pos=23 elapsed_ms=0.809
kiln_profile_gdn_stage layer=20 stage=post_transpose seq_len=1 start_pos=23 elapsed_ms=0.000
kiln_profile_gdn_stage layer=20 stage=gated_norm seq_len=1 start_pos=23 elapsed_ms=0.190
kiln_profile_gdn_stage layer=20 stage=out_proj seq_len=1 start_pos=23 elapsed_ms=0.273
kiln_profile_mlp_stage layer=20 stage=fused seq_len=1 start_pos=23 elapsed_ms=0.940
kiln_profile_paged_layer layer=20 kind=linear seq_len=1 start_pos=23 elapsed_ms=3.190
kiln_profile_gdn_stage layer=21 stage=in_proj seq_len=1 start_pos=23 elapsed_ms=0.711
kiln_profile_gdn_stage layer=21 stage=conv seq_len=1 start_pos=23 elapsed_ms=0.078
kiln_profile_gdn_stage layer=21 stage=qkv_split seq_len=1 start_pos=23 elapsed_ms=0.000
kiln_profile_gdn_stage layer=21 stage=qk_norm seq_len=1 start_pos=23 elapsed_ms=0.011
kiln_profile_gdn_stage layer=21 stage=gates seq_len=1 start_pos=23 elapsed_ms=0.157
kiln_profile_gdn_stage layer=21 stage=recurrent seq_len=1 start_pos=23 elapsed_ms=0.823
kiln_profile_gdn_stage layer=21 stage=post_transpose seq_len=1 start_pos=23 elapsed_ms=0.000
kiln_profile_gdn_stage layer=21 stage=gated_norm seq_len=1 start_pos=23 elapsed_ms=0.234
kiln_profile_gdn_stage layer=21 stage=out_proj seq_len=1 start_pos=23 elapsed_ms=0.313
kiln_profile_mlp_stage layer=21 stage=fused seq_len=1 start_pos=23 elapsed_ms=0.921
kiln_profile_paged_layer layer=21 kind=linear seq_len=1 start_pos=23 elapsed_ms=3.292
kiln_profile_gdn_stage layer=22 stage=in_proj seq_len=1 start_pos=23 elapsed_ms=0.731
kiln_profile_gdn_stage layer=22 stage=conv seq_len=1 start_pos=23 elapsed_ms=0.076
kiln_profile_gdn_stage layer=22 stage=qkv_split seq_len=1 start_pos=23 elapsed_ms=0.000
kiln_profile_gdn_stage layer=22 stage=qk_norm seq_len=1 start_pos=23 elapsed_ms=0.011
kiln_profile_gdn_stage layer=22 stage=gates seq_len=1 start_pos=23 elapsed_ms=0.151
kiln_profile_gdn_stage layer=22 stage=recurrent seq_len=1 start_pos=23 elapsed_ms=1.122
kiln_profile_gdn_stage layer=22 stage=post_transpose seq_len=1 start_pos=23 elapsed_ms=0.000
kiln_profile_gdn_stage layer=22 stage=gated_norm seq_len=1 start_pos=23 elapsed_ms=0.263
kiln_profile_gdn_stage layer=22 stage=out_proj seq_len=1 start_pos=23 elapsed_ms=0.279
kiln_profile_mlp_stage layer=22 stage=fused seq_len=1 start_pos=23 elapsed_ms=0.934
kiln_profile_paged_layer layer=22 kind=linear seq_len=1 start_pos=23 elapsed_ms=3.615
kiln_profile_full_attn_stage full_attn_layer=5 stage=qkv_proj seq_len=1 start_pos=23 elapsed_ms=0.619
kiln_profile_full_attn_stage full_attn_layer=5 stage=qkv_split seq_len=1 start_pos=23 elapsed_ms=0.002
kiln_profile_full_attn_stage full_attn_layer=5 stage=qk_norm seq_len=1 start_pos=23 elapsed_ms=0.017
kiln_profile_full_attn_stage full_attn_layer=5 stage=rope seq_len=1 start_pos=23 elapsed_ms=0.020
kiln_profile_full_attn_stage full_attn_layer=5 stage=q_transpose seq_len=1 start_pos=23 elapsed_ms=0.003
kiln_profile_full_attn_stage full_attn_layer=5 stage=kv_write seq_len=1 start_pos=23 elapsed_ms=0.006
kiln_profile_full_attn_stage full_attn_layer=5 stage=kv_read seq_len=1 start_pos=23 elapsed_ms=0.015
kiln_profile_full_attn_stage full_attn_layer=5 stage=decode_group_layout seq_len=1 start_pos=23 elapsed_ms=0.001
kiln_profile_full_attn_stage full_attn_layer=5 stage=decode_scores seq_len=1 start_pos=23 elapsed_ms=0.049
kiln_profile_full_attn_stage full_attn_layer=5 stage=decode_softmax seq_len=1 start_pos=23 elapsed_ms=0.004
kiln_profile_full_attn_stage full_attn_layer=5 stage=decode_weighted_sum seq_len=1 start_pos=23 elapsed_ms=0.009
kiln_profile_full_attn_stage full_attn_layer=5 stage=attn_gate seq_len=1 start_pos=23 elapsed_ms=0.007
kiln_profile_full_attn_stage full_attn_layer=5 stage=o_proj seq_len=1 start_pos=23 elapsed_ms=0.304
kiln_profile_mlp_stage layer=23 stage=fused seq_len=1 start_pos=23 elapsed_ms=1.109
kiln_profile_paged_layer layer=23 kind=full seq_len=1 start_pos=23 elapsed_ms=2.216
kiln_profile_gdn_stage layer=24 stage=in_proj seq_len=1 start_pos=23 elapsed_ms=0.705
kiln_profile_gdn_stage layer=24 stage=conv seq_len=1 start_pos=23 elapsed_ms=0.075
kiln_profile_gdn_stage layer=24 stage=qkv_split seq_len=1 start_pos=23 elapsed_ms=0.000
kiln_profile_gdn_stage layer=24 stage=qk_norm seq_len=1 start_pos=23 elapsed_ms=0.011
kiln_profile_gdn_stage layer=24 stage=gates seq_len=1 start_pos=23 elapsed_ms=0.168
kiln_profile_gdn_stage layer=24 stage=recurrent seq_len=1 start_pos=23 elapsed_ms=0.790
kiln_profile_gdn_stage layer=24 stage=post_transpose seq_len=1 start_pos=23 elapsed_ms=0.000
kiln_profile_gdn_stage layer=24 stage=gated_norm seq_len=1 start_pos=23 elapsed_ms=0.196
kiln_profile_gdn_stage layer=24 stage=out_proj seq_len=1 start_pos=23 elapsed_ms=0.261
kiln_profile_mlp_stage layer=24 stage=fused seq_len=1 start_pos=23 elapsed_ms=0.926
kiln_profile_paged_layer layer=24 kind=linear seq_len=1 start_pos=23 elapsed_ms=3.174
kiln_profile_gdn_stage layer=25 stage=in_proj seq_len=1 start_pos=23 elapsed_ms=0.694
kiln_profile_gdn_stage layer=25 stage=conv seq_len=1 start_pos=23 elapsed_ms=0.076
kiln_profile_gdn_stage layer=25 stage=qkv_split seq_len=1 start_pos=23 elapsed_ms=0.000
kiln_profile_gdn_stage layer=25 stage=qk_norm seq_len=1 start_pos=23 elapsed_ms=0.011
kiln_profile_gdn_stage layer=25 stage=gates seq_len=1 start_pos=23 elapsed_ms=0.160
kiln_profile_gdn_stage layer=25 stage=recurrent seq_len=1 start_pos=23 elapsed_ms=0.806
kiln_profile_gdn_stage layer=25 stage=post_transpose seq_len=1 start_pos=23 elapsed_ms=0.000
kiln_profile_gdn_stage layer=25 stage=gated_norm seq_len=1 start_pos=23 elapsed_ms=0.267
kiln_profile_gdn_stage layer=25 stage=out_proj seq_len=1 start_pos=23 elapsed_ms=0.419
kiln_profile_mlp_stage layer=25 stage=fused seq_len=1 start_pos=23 elapsed_ms=0.911
kiln_profile_paged_layer layer=25 kind=linear seq_len=1 start_pos=23 elapsed_ms=3.385
kiln_profile_gdn_stage layer=26 stage=in_proj seq_len=1 start_pos=23 elapsed_ms=0.688
kiln_profile_gdn_stage layer=26 stage=conv seq_len=1 start_pos=23 elapsed_ms=0.072
kiln_profile_gdn_stage layer=26 stage=qkv_split seq_len=1 start_pos=23 elapsed_ms=0.000
kiln_profile_gdn_stage layer=26 stage=qk_norm seq_len=1 start_pos=23 elapsed_ms=0.011
kiln_profile_gdn_stage layer=26 stage=gates seq_len=1 start_pos=23 elapsed_ms=0.157
kiln_profile_gdn_stage layer=26 stage=recurrent seq_len=1 start_pos=23 elapsed_ms=0.799
kiln_profile_gdn_stage layer=26 stage=post_transpose seq_len=1 start_pos=23 elapsed_ms=0.000
kiln_profile_gdn_stage layer=26 stage=gated_norm seq_len=1 start_pos=23 elapsed_ms=0.249
kiln_profile_gdn_stage layer=26 stage=out_proj seq_len=1 start_pos=23 elapsed_ms=0.301
kiln_profile_mlp_stage layer=26 stage=fused seq_len=1 start_pos=23 elapsed_ms=0.906
kiln_profile_paged_layer layer=26 kind=linear seq_len=1 start_pos=23 elapsed_ms=3.228
kiln_profile_full_attn_stage full_attn_layer=6 stage=qkv_proj seq_len=1 start_pos=23 elapsed_ms=0.576
kiln_profile_full_attn_stage full_attn_layer=6 stage=qkv_split seq_len=1 start_pos=23 elapsed_ms=0.002
kiln_profile_full_attn_stage full_attn_layer=6 stage=qk_norm seq_len=1 start_pos=23 elapsed_ms=0.013
kiln_profile_full_attn_stage full_attn_layer=6 stage=rope seq_len=1 start_pos=23 elapsed_ms=0.021
kiln_profile_full_attn_stage full_attn_layer=6 stage=q_transpose seq_len=1 start_pos=23 elapsed_ms=0.003
kiln_profile_full_attn_stage full_attn_layer=6 stage=kv_write seq_len=1 start_pos=23 elapsed_ms=0.003
kiln_profile_full_attn_stage full_attn_layer=6 stage=kv_read seq_len=1 start_pos=23 elapsed_ms=0.014
kiln_profile_full_attn_stage full_attn_layer=6 stage=decode_group_layout seq_len=1 start_pos=23 elapsed_ms=0.001
kiln_profile_full_attn_stage full_attn_layer=6 stage=decode_scores seq_len=1 start_pos=23 elapsed_ms=0.049
kiln_profile_full_attn_stage full_attn_layer=6 stage=decode_softmax seq_len=1 start_pos=23 elapsed_ms=0.004
kiln_profile_full_attn_stage full_attn_layer=6 stage=decode_weighted_sum seq_len=1 start_pos=23 elapsed_ms=0.009
kiln_profile_full_attn_stage full_attn_layer=6 stage=attn_gate seq_len=1 start_pos=23 elapsed_ms=0.007
kiln_profile_full_attn_stage full_attn_layer=6 stage=o_proj seq_len=1 start_pos=23 elapsed_ms=0.266
kiln_profile_mlp_stage layer=27 stage=fused seq_len=1 start_pos=23 elapsed_ms=0.918
kiln_profile_paged_layer layer=27 kind=full seq_len=1 start_pos=23 elapsed_ms=1.939
kiln_profile_gdn_stage layer=28 stage=in_proj seq_len=1 start_pos=23 elapsed_ms=0.707
kiln_profile_gdn_stage layer=28 stage=conv seq_len=1 start_pos=23 elapsed_ms=0.075
kiln_profile_gdn_stage layer=28 stage=qkv_split seq_len=1 start_pos=23 elapsed_ms=0.000
kiln_profile_gdn_stage layer=28 stage=qk_norm seq_len=1 start_pos=23 elapsed_ms=0.011
kiln_profile_gdn_stage layer=28 stage=gates seq_len=1 start_pos=23 elapsed_ms=0.150
kiln_profile_gdn_stage layer=28 stage=recurrent seq_len=1 start_pos=23 elapsed_ms=0.952
kiln_profile_gdn_stage layer=28 stage=post_transpose seq_len=1 start_pos=23 elapsed_ms=0.000
kiln_profile_gdn_stage layer=28 stage=gated_norm seq_len=1 start_pos=23 elapsed_ms=0.236
kiln_profile_gdn_stage layer=28 stage=out_proj seq_len=1 start_pos=23 elapsed_ms=0.323
kiln_profile_mlp_stage layer=28 stage=fused seq_len=1 start_pos=23 elapsed_ms=0.916
kiln_profile_paged_layer layer=28 kind=linear seq_len=1 start_pos=23 elapsed_ms=3.410
kiln_profile_gdn_stage layer=29 stage=in_proj seq_len=1 start_pos=23 elapsed_ms=1.066
kiln_profile_gdn_stage layer=29 stage=conv seq_len=1 start_pos=23 elapsed_ms=0.071
kiln_profile_gdn_stage layer=29 stage=qkv_split seq_len=1 start_pos=23 elapsed_ms=0.000
kiln_profile_gdn_stage layer=29 stage=qk_norm seq_len=1 start_pos=23 elapsed_ms=0.011
kiln_profile_gdn_stage layer=29 stage=gates seq_len=1 start_pos=23 elapsed_ms=0.163
kiln_profile_gdn_stage layer=29 stage=recurrent seq_len=1 start_pos=23 elapsed_ms=0.791
kiln_profile_gdn_stage layer=29 stage=post_transpose seq_len=1 start_pos=23 elapsed_ms=0.000
kiln_profile_gdn_stage layer=29 stage=gated_norm seq_len=1 start_pos=23 elapsed_ms=0.375
kiln_profile_gdn_stage layer=29 stage=out_proj seq_len=1 start_pos=23 elapsed_ms=0.307
kiln_profile_mlp_stage layer=29 stage=fused seq_len=1 start_pos=23 elapsed_ms=0.988
kiln_profile_paged_layer layer=29 kind=linear seq_len=1 start_pos=23 elapsed_ms=3.819
kiln_profile_gdn_stage layer=30 stage=in_proj seq_len=1 start_pos=23 elapsed_ms=0.723
kiln_profile_gdn_stage layer=30 stage=conv seq_len=1 start_pos=23 elapsed_ms=0.075
kiln_profile_gdn_stage layer=30 stage=qkv_split seq_len=1 start_pos=23 elapsed_ms=0.000
kiln_profile_gdn_stage layer=30 stage=qk_norm seq_len=1 start_pos=23 elapsed_ms=0.011
kiln_profile_gdn_stage layer=30 stage=gates seq_len=1 start_pos=23 elapsed_ms=0.348
kiln_profile_gdn_stage layer=30 stage=recurrent seq_len=1 start_pos=23 elapsed_ms=0.813
kiln_profile_gdn_stage layer=30 stage=post_transpose seq_len=1 start_pos=23 elapsed_ms=0.000
kiln_profile_gdn_stage layer=30 stage=gated_norm seq_len=1 start_pos=23 elapsed_ms=0.245
kiln_profile_gdn_stage layer=30 stage=out_proj seq_len=1 start_pos=23 elapsed_ms=0.413
kiln_profile_mlp_stage layer=30 stage=fused seq_len=1 start_pos=23 elapsed_ms=0.882
kiln_profile_paged_layer layer=30 kind=linear seq_len=1 start_pos=23 elapsed_ms=3.555
kiln_profile_full_attn_stage full_attn_layer=7 stage=qkv_proj seq_len=1 start_pos=23 elapsed_ms=0.566
kiln_profile_full_attn_stage full_attn_layer=7 stage=qkv_split seq_len=1 start_pos=23 elapsed_ms=0.002
kiln_profile_full_attn_stage full_attn_layer=7 stage=qk_norm seq_len=1 start_pos=23 elapsed_ms=0.014
kiln_profile_full_attn_stage full_attn_layer=7 stage=rope seq_len=1 start_pos=23 elapsed_ms=0.021
kiln_profile_full_attn_stage full_attn_layer=7 stage=q_transpose seq_len=1 start_pos=23 elapsed_ms=0.003
kiln_profile_full_attn_stage full_attn_layer=7 stage=kv_write seq_len=1 start_pos=23 elapsed_ms=0.006
kiln_profile_full_attn_stage full_attn_layer=7 stage=kv_read seq_len=1 start_pos=23 elapsed_ms=0.015
kiln_profile_full_attn_stage full_attn_layer=7 stage=decode_group_layout seq_len=1 start_pos=23 elapsed_ms=0.001
kiln_profile_full_attn_stage full_attn_layer=7 stage=decode_scores seq_len=1 start_pos=23 elapsed_ms=0.048
kiln_profile_full_attn_stage full_attn_layer=7 stage=decode_softmax seq_len=1 start_pos=23 elapsed_ms=0.004
kiln_profile_full_attn_stage full_attn_layer=7 stage=decode_weighted_sum seq_len=1 start_pos=23 elapsed_ms=0.009
kiln_profile_full_attn_stage full_attn_layer=7 stage=attn_gate seq_len=1 start_pos=23 elapsed_ms=0.007
kiln_profile_full_attn_stage full_attn_layer=7 stage=o_proj seq_len=1 start_pos=23 elapsed_ms=0.274
kiln_profile_mlp_stage layer=31 stage=fused seq_len=1 start_pos=23 elapsed_ms=0.947
kiln_profile_paged_layer layer=31 kind=full seq_len=1 start_pos=23 elapsed_ms=1.968
kiln_profile_gdn_stage layer=0 stage=in_proj seq_len=1 start_pos=24 elapsed_ms=3.974
kiln_profile_gdn_stage layer=0 stage=conv seq_len=1 start_pos=24 elapsed_ms=1.021
kiln_profile_gdn_stage layer=0 stage=qkv_split seq_len=1 start_pos=24 elapsed_ms=0.006
kiln_profile_gdn_stage layer=0 stage=qk_norm seq_len=1 start_pos=24 elapsed_ms=0.075
kiln_profile_gdn_stage layer=0 stage=gates seq_len=1 start_pos=24 elapsed_ms=0.276
kiln_profile_gdn_stage layer=0 stage=recurrent seq_len=1 start_pos=24 elapsed_ms=7.400
kiln_profile_gdn_stage layer=0 stage=post_transpose seq_len=1 start_pos=24 elapsed_ms=0.001
kiln_profile_gdn_stage layer=0 stage=gated_norm seq_len=1 start_pos=24 elapsed_ms=0.776
kiln_profile_gdn_stage layer=0 stage=out_proj seq_len=1 start_pos=24 elapsed_ms=0.976
kiln_profile_mlp_stage layer=0 stage=fused seq_len=1 start_pos=24 elapsed_ms=2.563
kiln_profile_gdn_stage layer=1 stage=in_proj seq_len=1 start_pos=24 elapsed_ms=2.545
kiln_profile_gdn_stage layer=1 stage=conv seq_len=1 start_pos=24 elapsed_ms=0.717
kiln_profile_gdn_stage layer=1 stage=qkv_split seq_len=1 start_pos=24 elapsed_ms=0.005
kiln_profile_gdn_stage layer=1 stage=qk_norm seq_len=1 start_pos=24 elapsed_ms=0.070
kiln_profile_gdn_stage layer=1 stage=gates seq_len=1 start_pos=24 elapsed_ms=0.331
kiln_profile_gdn_stage layer=1 stage=recurrent seq_len=1 start_pos=24 elapsed_ms=5.901
kiln_profile_gdn_stage layer=1 stage=post_transpose seq_len=1 start_pos=24 elapsed_ms=0.001
kiln_profile_gdn_stage layer=1 stage=gated_norm seq_len=1 start_pos=24 elapsed_ms=1.008
kiln_profile_gdn_stage layer=1 stage=out_proj seq_len=1 start_pos=24 elapsed_ms=0.903
kiln_profile_mlp_stage layer=1 stage=fused seq_len=1 start_pos=24 elapsed_ms=2.517
kiln_profile_gdn_stage layer=2 stage=in_proj seq_len=1 start_pos=24 elapsed_ms=2.516
kiln_profile_gdn_stage layer=2 stage=conv seq_len=1 start_pos=24 elapsed_ms=0.726
kiln_profile_gdn_stage layer=2 stage=qkv_split seq_len=1 start_pos=24 elapsed_ms=0.005
kiln_profile_gdn_stage layer=2 stage=qk_norm seq_len=1 start_pos=24 elapsed_ms=0.070
kiln_profile_gdn_stage layer=2 stage=gates seq_len=1 start_pos=24 elapsed_ms=0.207
kiln_profile_gdn_stage layer=2 stage=recurrent seq_len=1 start_pos=24 elapsed_ms=5.312
kiln_profile_gdn_stage layer=2 stage=post_transpose seq_len=1 start_pos=24 elapsed_ms=0.001
kiln_profile_gdn_stage layer=2 stage=gated_norm seq_len=1 start_pos=24 elapsed_ms=1.055
kiln_profile_gdn_stage layer=2 stage=out_proj seq_len=1 start_pos=24 elapsed_ms=1.025
kiln_profile_mlp_stage layer=2 stage=fused seq_len=1 start_pos=24 elapsed_ms=2.537
kiln_profile_full_attn_stage full_attn_layer=0 stage=qkv_proj_batch seq_len=1 start_pos=24 elapsed_ms=3.041
kiln_profile_full_attn_stage full_attn_layer=0 stage=qkv_split_batch seq_len=1 start_pos=24 elapsed_ms=0.011
kiln_profile_full_attn_stage full_attn_layer=0 stage=qk_norm_batch seq_len=1 start_pos=24 elapsed_ms=0.080
kiln_profile_full_attn_stage full_attn_layer=0 stage=rope_batch seq_len=1 start_pos=24 elapsed_ms=0.147
kiln_profile_full_attn_stage full_attn_layer=0 stage=kv_write_batch seq_len=1 start_pos=24 elapsed_ms=0.021
kiln_profile_full_attn_stage full_attn_layer=0 stage=decode_attn_contiguous_batch seq_len=1 start_pos=24 elapsed_ms=0.907
kiln_profile_full_attn_stage full_attn_layer=0 stage=attn_gate_batch seq_len=1 start_pos=24 elapsed_ms=0.050
kiln_profile_full_attn_stage full_attn_layer=0 stage=o_proj_batch seq_len=1 start_pos=24 elapsed_ms=0.909
kiln_profile_mlp_stage layer=3 stage=fused seq_len=1 start_pos=24 elapsed_ms=2.393
kiln_profile_gdn_stage layer=4 stage=in_proj seq_len=1 start_pos=24 elapsed_ms=2.557
kiln_profile_gdn_stage layer=4 stage=conv seq_len=1 start_pos=24 elapsed_ms=0.707
kiln_profile_gdn_stage layer=4 stage=qkv_split seq_len=1 start_pos=24 elapsed_ms=0.005
kiln_profile_gdn_stage layer=4 stage=qk_norm seq_len=1 start_pos=24 elapsed_ms=0.070
kiln_profile_gdn_stage layer=4 stage=gates seq_len=1 start_pos=24 elapsed_ms=0.717
kiln_profile_gdn_stage layer=4 stage=recurrent seq_len=1 start_pos=24 elapsed_ms=5.255
kiln_profile_gdn_stage layer=4 stage=post_transpose seq_len=1 start_pos=24 elapsed_ms=0.001
kiln_profile_gdn_stage layer=4 stage=gated_norm seq_len=1 start_pos=24 elapsed_ms=1.048
kiln_profile_gdn_stage layer=4 stage=out_proj seq_len=1 start_pos=24 elapsed_ms=1.308
kiln_profile_mlp_stage layer=4 stage=fused seq_len=1 start_pos=24 elapsed_ms=2.513
kiln_profile_gdn_stage layer=5 stage=in_proj seq_len=1 start_pos=24 elapsed_ms=2.542
kiln_profile_gdn_stage layer=5 stage=conv seq_len=1 start_pos=24 elapsed_ms=0.707
kiln_profile_gdn_stage layer=5 stage=qkv_split seq_len=1 start_pos=24 elapsed_ms=0.005
kiln_profile_gdn_stage layer=5 stage=qk_norm seq_len=1 start_pos=24 elapsed_ms=0.070
kiln_profile_gdn_stage layer=5 stage=gates seq_len=1 start_pos=24 elapsed_ms=0.235
kiln_profile_gdn_stage layer=5 stage=recurrent seq_len=1 start_pos=24 elapsed_ms=5.153
kiln_profile_gdn_stage layer=5 stage=post_transpose seq_len=1 start_pos=24 elapsed_ms=0.001
kiln_profile_gdn_stage layer=5 stage=gated_norm seq_len=1 start_pos=24 elapsed_ms=1.209
kiln_profile_gdn_stage layer=5 stage=out_proj seq_len=1 start_pos=24 elapsed_ms=0.871
kiln_profile_mlp_stage layer=5 stage=fused seq_len=1 start_pos=24 elapsed_ms=2.507
kiln_profile_gdn_stage layer=6 stage=in_proj seq_len=1 start_pos=24 elapsed_ms=2.576
kiln_profile_gdn_stage layer=6 stage=conv seq_len=1 start_pos=24 elapsed_ms=0.714
kiln_profile_gdn_stage layer=6 stage=qkv_split seq_len=1 start_pos=24 elapsed_ms=0.006
kiln_profile_gdn_stage layer=6 stage=qk_norm seq_len=1 start_pos=24 elapsed_ms=0.071
kiln_profile_gdn_stage layer=6 stage=gates seq_len=1 start_pos=24 elapsed_ms=0.220
kiln_profile_gdn_stage layer=6 stage=recurrent seq_len=1 start_pos=24 elapsed_ms=5.171
kiln_profile_gdn_stage layer=6 stage=post_transpose seq_len=1 start_pos=24 elapsed_ms=0.001
kiln_profile_gdn_stage layer=6 stage=gated_norm seq_len=1 start_pos=24 elapsed_ms=1.031
kiln_profile_gdn_stage layer=6 stage=out_proj seq_len=1 start_pos=24 elapsed_ms=1.058
kiln_profile_mlp_stage layer=6 stage=fused seq_len=1 start_pos=24 elapsed_ms=2.560
kiln_profile_full_attn_stage full_attn_layer=1 stage=qkv_proj_batch seq_len=1 start_pos=24 elapsed_ms=3.027
kiln_profile_full_attn_stage full_attn_layer=1 stage=qkv_split_batch seq_len=1 start_pos=24 elapsed_ms=0.010
kiln_profile_full_attn_stage full_attn_layer=1 stage=qk_norm_batch seq_len=1 start_pos=24 elapsed_ms=0.093
kiln_profile_full_attn_stage full_attn_layer=1 stage=rope_batch seq_len=1 start_pos=24 elapsed_ms=0.146
kiln_profile_full_attn_stage full_attn_layer=1 stage=kv_write_batch seq_len=1 start_pos=24 elapsed_ms=0.031
kiln_profile_full_attn_stage full_attn_layer=1 stage=decode_attn_contiguous_batch seq_len=1 start_pos=24 elapsed_ms=0.994
kiln_profile_full_attn_stage full_attn_layer=1 stage=attn_gate_batch seq_len=1 start_pos=24 elapsed_ms=0.050
kiln_profile_full_attn_stage full_attn_layer=1 stage=o_proj_batch seq_len=1 start_pos=24 elapsed_ms=0.743
kiln_profile_mlp_stage layer=7 stage=fused seq_len=1 start_pos=24 elapsed_ms=2.284
kiln_profile_gdn_stage layer=8 stage=in_proj seq_len=1 start_pos=24 elapsed_ms=2.553
kiln_profile_gdn_stage layer=8 stage=conv seq_len=1 start_pos=24 elapsed_ms=0.685
kiln_profile_gdn_stage layer=8 stage=qkv_split seq_len=1 start_pos=24 elapsed_ms=0.005
kiln_profile_gdn_stage layer=8 stage=qk_norm seq_len=1 start_pos=24 elapsed_ms=0.070
kiln_profile_gdn_stage layer=8 stage=gates seq_len=1 start_pos=24 elapsed_ms=0.339
kiln_profile_gdn_stage layer=8 stage=recurrent seq_len=1 start_pos=24 elapsed_ms=5.182
kiln_profile_gdn_stage layer=8 stage=post_transpose seq_len=1 start_pos=24 elapsed_ms=0.001
kiln_profile_gdn_stage layer=8 stage=gated_norm seq_len=1 start_pos=24 elapsed_ms=1.026
kiln_profile_gdn_stage layer=8 stage=out_proj seq_len=1 start_pos=24 elapsed_ms=0.915
kiln_profile_mlp_stage layer=8 stage=fused seq_len=1 start_pos=24 elapsed_ms=2.527
kiln_profile_gdn_stage layer=9 stage=in_proj seq_len=1 start_pos=24 elapsed_ms=2.595
kiln_profile_gdn_stage layer=9 stage=conv seq_len=1 start_pos=24 elapsed_ms=0.755
kiln_profile_gdn_stage layer=9 stage=qkv_split seq_len=1 start_pos=24 elapsed_ms=0.006
kiln_profile_gdn_stage layer=9 stage=qk_norm seq_len=1 start_pos=24 elapsed_ms=0.070
kiln_profile_gdn_stage layer=9 stage=gates seq_len=1 start_pos=24 elapsed_ms=0.225
kiln_profile_gdn_stage layer=9 stage=recurrent seq_len=1 start_pos=24 elapsed_ms=5.196
kiln_profile_gdn_stage layer=9 stage=post_transpose seq_len=1 start_pos=24 elapsed_ms=0.001
kiln_profile_gdn_stage layer=9 stage=gated_norm seq_len=1 start_pos=24 elapsed_ms=1.025
kiln_profile_gdn_stage layer=9 stage=out_proj seq_len=1 start_pos=24 elapsed_ms=1.303
kiln_profile_mlp_stage layer=9 stage=fused seq_len=1 start_pos=24 elapsed_ms=2.568
kiln_profile_gdn_stage layer=10 stage=in_proj seq_len=1 start_pos=24 elapsed_ms=2.476
kiln_profile_gdn_stage layer=10 stage=conv seq_len=1 start_pos=24 elapsed_ms=0.712
kiln_profile_gdn_stage layer=10 stage=qkv_split seq_len=1 start_pos=24 elapsed_ms=0.005
kiln_profile_gdn_stage layer=10 stage=qk_norm seq_len=1 start_pos=24 elapsed_ms=0.069
kiln_profile_gdn_stage layer=10 stage=gates seq_len=1 start_pos=24 elapsed_ms=0.246
kiln_profile_gdn_stage layer=10 stage=recurrent seq_len=1 start_pos=24 elapsed_ms=5.204
kiln_profile_gdn_stage layer=10 stage=post_transpose seq_len=1 start_pos=24 elapsed_ms=0.001
kiln_profile_gdn_stage layer=10 stage=gated_norm seq_len=1 start_pos=24 elapsed_ms=1.015
kiln_profile_gdn_stage layer=10 stage=out_proj seq_len=1 start_pos=24 elapsed_ms=0.870
kiln_profile_mlp_stage layer=10 stage=fused seq_len=1 start_pos=24 elapsed_ms=2.524
kiln_profile_full_attn_stage full_attn_layer=2 stage=qkv_proj_batch seq_len=1 start_pos=24 elapsed_ms=3.021
kiln_profile_full_attn_stage full_attn_layer=2 stage=qkv_split_batch seq_len=1 start_pos=24 elapsed_ms=0.009
kiln_profile_full_attn_stage full_attn_layer=2 stage=qk_norm_batch seq_len=1 start_pos=24 elapsed_ms=0.079
kiln_profile_full_attn_stage full_attn_layer=2 stage=rope_batch seq_len=1 start_pos=24 elapsed_ms=0.150
kiln_profile_full_attn_stage full_attn_layer=2 stage=kv_write_batch seq_len=1 start_pos=24 elapsed_ms=0.019
kiln_profile_full_attn_stage full_attn_layer=2 stage=decode_attn_contiguous_batch seq_len=1 start_pos=24 elapsed_ms=0.886
kiln_profile_full_attn_stage full_attn_layer=2 stage=attn_gate_batch seq_len=1 start_pos=24 elapsed_ms=0.050
kiln_profile_full_attn_stage full_attn_layer=2 stage=o_proj_batch seq_len=1 start_pos=24 elapsed_ms=0.798
kiln_profile_mlp_stage layer=11 stage=fused seq_len=1 start_pos=24 elapsed_ms=2.323
kiln_profile_gdn_stage layer=12 stage=in_proj seq_len=1 start_pos=24 elapsed_ms=2.555
kiln_profile_gdn_stage layer=12 stage=conv seq_len=1 start_pos=24 elapsed_ms=0.764
kiln_profile_gdn_stage layer=12 stage=qkv_split seq_len=1 start_pos=24 elapsed_ms=0.005
kiln_profile_gdn_stage layer=12 stage=qk_norm seq_len=1 start_pos=24 elapsed_ms=0.070
kiln_profile_gdn_stage layer=12 stage=gates seq_len=1 start_pos=24 elapsed_ms=0.684
kiln_profile_gdn_stage layer=12 stage=recurrent seq_len=1 start_pos=24 elapsed_ms=5.251
kiln_profile_gdn_stage layer=12 stage=post_transpose seq_len=1 start_pos=24 elapsed_ms=0.001
kiln_profile_gdn_stage layer=12 stage=gated_norm seq_len=1 start_pos=24 elapsed_ms=0.715
kiln_profile_gdn_stage layer=12 stage=out_proj seq_len=1 start_pos=24 elapsed_ms=1.335
kiln_profile_mlp_stage layer=12 stage=fused seq_len=1 start_pos=24 elapsed_ms=2.532
kiln_profile_gdn_stage layer=13 stage=in_proj seq_len=1 start_pos=24 elapsed_ms=2.620
kiln_profile_gdn_stage layer=13 stage=conv seq_len=1 start_pos=24 elapsed_ms=0.703
kiln_profile_gdn_stage layer=13 stage=qkv_split seq_len=1 start_pos=24 elapsed_ms=0.006
kiln_profile_gdn_stage layer=13 stage=qk_norm seq_len=1 start_pos=24 elapsed_ms=0.070
kiln_profile_gdn_stage layer=13 stage=gates seq_len=1 start_pos=24 elapsed_ms=0.544
kiln_profile_gdn_stage layer=13 stage=recurrent seq_len=1 start_pos=24 elapsed_ms=5.111
kiln_profile_gdn_stage layer=13 stage=post_transpose seq_len=1 start_pos=24 elapsed_ms=0.001
kiln_profile_gdn_stage layer=13 stage=gated_norm seq_len=1 start_pos=24 elapsed_ms=1.099
kiln_profile_gdn_stage layer=13 stage=out_proj seq_len=1 start_pos=24 elapsed_ms=1.851
kiln_profile_mlp_stage layer=13 stage=fused seq_len=1 start_pos=24 elapsed_ms=2.510
kiln_profile_gdn_stage layer=14 stage=in_proj seq_len=1 start_pos=24 elapsed_ms=2.548
kiln_profile_gdn_stage layer=14 stage=conv seq_len=1 start_pos=24 elapsed_ms=0.692
kiln_profile_gdn_stage layer=14 stage=qkv_split seq_len=1 start_pos=24 elapsed_ms=0.006
kiln_profile_gdn_stage layer=14 stage=qk_norm seq_len=1 start_pos=24 elapsed_ms=0.071
kiln_profile_gdn_stage layer=14 stage=gates seq_len=1 start_pos=24 elapsed_ms=0.487
kiln_profile_gdn_stage layer=14 stage=recurrent seq_len=1 start_pos=24 elapsed_ms=5.233
kiln_profile_gdn_stage layer=14 stage=post_transpose seq_len=1 start_pos=24 elapsed_ms=0.001
kiln_profile_gdn_stage layer=14 stage=gated_norm seq_len=1 start_pos=24 elapsed_ms=0.830
kiln_profile_gdn_stage layer=14 stage=out_proj seq_len=1 start_pos=24 elapsed_ms=0.829
kiln_profile_mlp_stage layer=14 stage=fused seq_len=1 start_pos=24 elapsed_ms=2.629
kiln_profile_full_attn_stage full_attn_layer=3 stage=qkv_proj_batch seq_len=1 start_pos=24 elapsed_ms=3.666
kiln_profile_full_attn_stage full_attn_layer=3 stage=qkv_split_batch seq_len=1 start_pos=24 elapsed_ms=0.009
kiln_profile_full_attn_stage full_attn_layer=3 stage=qk_norm_batch seq_len=1 start_pos=24 elapsed_ms=0.081
kiln_profile_full_attn_stage full_attn_layer=3 stage=rope_batch seq_len=1 start_pos=24 elapsed_ms=0.146
kiln_profile_full_attn_stage full_attn_layer=3 stage=kv_write_batch seq_len=1 start_pos=24 elapsed_ms=0.032
kiln_profile_full_attn_stage full_attn_layer=3 stage=decode_attn_contiguous_batch seq_len=1 start_pos=24 elapsed_ms=0.866
kiln_profile_full_attn_stage full_attn_layer=3 stage=attn_gate_batch seq_len=1 start_pos=24 elapsed_ms=0.050
kiln_profile_full_attn_stage full_attn_layer=3 stage=o_proj_batch seq_len=1 start_pos=24 elapsed_ms=0.750
kiln_profile_mlp_stage layer=15 stage=fused seq_len=1 start_pos=24 elapsed_ms=2.236
kiln_profile_gdn_stage layer=16 stage=in_proj seq_len=1 start_pos=24 elapsed_ms=2.551
kiln_profile_gdn_stage layer=16 stage=conv seq_len=1 start_pos=24 elapsed_ms=0.729
kiln_profile_gdn_stage layer=16 stage=qkv_split seq_len=1 start_pos=24 elapsed_ms=0.005
kiln_profile_gdn_stage layer=16 stage=qk_norm seq_len=1 start_pos=24 elapsed_ms=0.069
kiln_profile_gdn_stage layer=16 stage=gates seq_len=1 start_pos=24 elapsed_ms=0.205
kiln_profile_gdn_stage layer=16 stage=recurrent seq_len=1 start_pos=24 elapsed_ms=5.125
kiln_profile_gdn_stage layer=16 stage=post_transpose seq_len=1 start_pos=24 elapsed_ms=0.001
kiln_profile_gdn_stage layer=16 stage=gated_norm seq_len=1 start_pos=24 elapsed_ms=1.042
kiln_profile_gdn_stage layer=16 stage=out_proj seq_len=1 start_pos=24 elapsed_ms=0.831
kiln_profile_mlp_stage layer=16 stage=fused seq_len=1 start_pos=24 elapsed_ms=2.490
kiln_profile_gdn_stage layer=17 stage=in_proj seq_len=1 start_pos=24 elapsed_ms=2.632
kiln_profile_gdn_stage layer=17 stage=conv seq_len=1 start_pos=24 elapsed_ms=0.733
kiln_profile_gdn_stage layer=17 stage=qkv_split seq_len=1 start_pos=24 elapsed_ms=0.007
kiln_profile_gdn_stage layer=17 stage=qk_norm seq_len=1 start_pos=24 elapsed_ms=0.071
kiln_profile_gdn_stage layer=17 stage=gates seq_len=1 start_pos=24 elapsed_ms=0.232
kiln_profile_gdn_stage layer=17 stage=recurrent seq_len=1 start_pos=24 elapsed_ms=5.133
kiln_profile_gdn_stage layer=17 stage=post_transpose seq_len=1 start_pos=24 elapsed_ms=0.001
kiln_profile_gdn_stage layer=17 stage=gated_norm seq_len=1 start_pos=24 elapsed_ms=1.033
kiln_profile_gdn_stage layer=17 stage=out_proj seq_len=1 start_pos=24 elapsed_ms=1.224
kiln_profile_mlp_stage layer=17 stage=fused seq_len=1 start_pos=24 elapsed_ms=2.613
kiln_profile_gdn_stage layer=18 stage=in_proj seq_len=1 start_pos=24 elapsed_ms=2.465
kiln_profile_gdn_stage layer=18 stage=conv seq_len=1 start_pos=24 elapsed_ms=0.733
kiln_profile_gdn_stage layer=18 stage=qkv_split seq_len=1 start_pos=24 elapsed_ms=0.006
kiln_profile_gdn_stage layer=18 stage=qk_norm seq_len=1 start_pos=24 elapsed_ms=0.069
kiln_profile_gdn_stage layer=18 stage=gates seq_len=1 start_pos=24 elapsed_ms=0.215
kiln_profile_gdn_stage layer=18 stage=recurrent seq_len=1 start_pos=24 elapsed_ms=5.109
kiln_profile_gdn_stage layer=18 stage=post_transpose seq_len=1 start_pos=24 elapsed_ms=0.001
kiln_profile_gdn_stage layer=18 stage=gated_norm seq_len=1 start_pos=24 elapsed_ms=0.991
kiln_profile_gdn_stage layer=18 stage=out_proj seq_len=1 start_pos=24 elapsed_ms=0.914
kiln_profile_mlp_stage layer=18 stage=fused seq_len=1 start_pos=24 elapsed_ms=2.483
kiln_profile_full_attn_stage full_attn_layer=4 stage=qkv_proj_batch seq_len=1 start_pos=24 elapsed_ms=3.020
kiln_profile_full_attn_stage full_attn_layer=4 stage=qkv_split_batch seq_len=1 start_pos=24 elapsed_ms=0.009
kiln_profile_full_attn_stage full_attn_layer=4 stage=qk_norm_batch seq_len=1 start_pos=24 elapsed_ms=0.078
kiln_profile_full_attn_stage full_attn_layer=4 stage=rope_batch seq_len=1 start_pos=24 elapsed_ms=0.147
kiln_profile_full_attn_stage full_attn_layer=4 stage=kv_write_batch seq_len=1 start_pos=24 elapsed_ms=0.021
kiln_profile_full_attn_stage full_attn_layer=4 stage=decode_attn_contiguous_batch seq_len=1 start_pos=24 elapsed_ms=0.876
kiln_profile_full_attn_stage full_attn_layer=4 stage=attn_gate_batch seq_len=1 start_pos=24 elapsed_ms=0.050
kiln_profile_full_attn_stage full_attn_layer=4 stage=o_proj_batch seq_len=1 start_pos=24 elapsed_ms=0.786
kiln_profile_mlp_stage layer=19 stage=fused seq_len=1 start_pos=24 elapsed_ms=2.312
kiln_profile_gdn_stage layer=20 stage=in_proj seq_len=1 start_pos=24 elapsed_ms=2.635
kiln_profile_gdn_stage layer=20 stage=conv seq_len=1 start_pos=24 elapsed_ms=0.749
kiln_profile_gdn_stage layer=20 stage=qkv_split seq_len=1 start_pos=24 elapsed_ms=0.005
kiln_profile_gdn_stage layer=20 stage=qk_norm seq_len=1 start_pos=24 elapsed_ms=0.069
kiln_profile_gdn_stage layer=20 stage=gates seq_len=1 start_pos=24 elapsed_ms=0.218
kiln_profile_gdn_stage layer=20 stage=recurrent seq_len=1 start_pos=24 elapsed_ms=5.146
kiln_profile_gdn_stage layer=20 stage=post_transpose seq_len=1 start_pos=24 elapsed_ms=0.001
kiln_profile_gdn_stage layer=20 stage=gated_norm seq_len=1 start_pos=24 elapsed_ms=1.118
kiln_profile_gdn_stage layer=20 stage=out_proj seq_len=1 start_pos=24 elapsed_ms=1.014
kiln_profile_mlp_stage layer=20 stage=fused seq_len=1 start_pos=24 elapsed_ms=2.518
kiln_profile_gdn_stage layer=21 stage=in_proj seq_len=1 start_pos=24 elapsed_ms=2.547
kiln_profile_gdn_stage layer=21 stage=conv seq_len=1 start_pos=24 elapsed_ms=0.730
kiln_profile_gdn_stage layer=21 stage=qkv_split seq_len=1 start_pos=24 elapsed_ms=0.006
kiln_profile_gdn_stage layer=21 stage=qk_norm seq_len=1 start_pos=24 elapsed_ms=0.069
kiln_profile_gdn_stage layer=21 stage=gates seq_len=1 start_pos=24 elapsed_ms=0.379
kiln_profile_gdn_stage layer=21 stage=recurrent seq_len=1 start_pos=24 elapsed_ms=5.135
kiln_profile_gdn_stage layer=21 stage=post_transpose seq_len=1 start_pos=24 elapsed_ms=0.001
kiln_profile_gdn_stage layer=21 stage=gated_norm seq_len=1 start_pos=24 elapsed_ms=1.072
kiln_profile_gdn_stage layer=21 stage=out_proj seq_len=1 start_pos=24 elapsed_ms=1.094
kiln_profile_mlp_stage layer=21 stage=fused seq_len=1 start_pos=24 elapsed_ms=2.520
kiln_profile_gdn_stage layer=22 stage=in_proj seq_len=1 start_pos=24 elapsed_ms=2.489
kiln_profile_gdn_stage layer=22 stage=conv seq_len=1 start_pos=24 elapsed_ms=0.734
kiln_profile_gdn_stage layer=22 stage=qkv_split seq_len=1 start_pos=24 elapsed_ms=0.006
kiln_profile_gdn_stage layer=22 stage=qk_norm seq_len=1 start_pos=24 elapsed_ms=0.069
kiln_profile_gdn_stage layer=22 stage=gates seq_len=1 start_pos=24 elapsed_ms=0.241
kiln_profile_gdn_stage layer=22 stage=recurrent seq_len=1 start_pos=24 elapsed_ms=5.310
kiln_profile_gdn_stage layer=22 stage=post_transpose seq_len=1 start_pos=24 elapsed_ms=0.001
kiln_profile_gdn_stage layer=22 stage=gated_norm seq_len=1 start_pos=24 elapsed_ms=0.826
kiln_profile_gdn_stage layer=22 stage=out_proj seq_len=1 start_pos=24 elapsed_ms=0.824
kiln_profile_mlp_stage layer=22 stage=fused seq_len=1 start_pos=24 elapsed_ms=2.759
kiln_profile_full_attn_stage full_attn_layer=5 stage=qkv_proj_batch seq_len=1 start_pos=24 elapsed_ms=3.086
kiln_profile_full_attn_stage full_attn_layer=5 stage=qkv_split_batch seq_len=1 start_pos=24 elapsed_ms=0.010
kiln_profile_full_attn_stage full_attn_layer=5 stage=qk_norm_batch seq_len=1 start_pos=24 elapsed_ms=0.083
kiln_profile_full_attn_stage full_attn_layer=5 stage=rope_batch seq_len=1 start_pos=24 elapsed_ms=0.152
kiln_profile_full_attn_stage full_attn_layer=5 stage=kv_write_batch seq_len=1 start_pos=24 elapsed_ms=0.031
kiln_profile_full_attn_stage full_attn_layer=5 stage=decode_attn_contiguous_batch seq_len=1 start_pos=24 elapsed_ms=1.040
kiln_profile_full_attn_stage full_attn_layer=5 stage=attn_gate_batch seq_len=1 start_pos=24 elapsed_ms=0.051
kiln_profile_full_attn_stage full_attn_layer=5 stage=o_proj_batch seq_len=1 start_pos=24 elapsed_ms=0.782
kiln_profile_mlp_stage layer=23 stage=fused seq_len=1 start_pos=24 elapsed_ms=2.268
kiln_profile_gdn_stage layer=24 stage=in_proj seq_len=1 start_pos=24 elapsed_ms=2.545
kiln_profile_gdn_stage layer=24 stage=conv seq_len=1 start_pos=24 elapsed_ms=0.692
kiln_profile_gdn_stage layer=24 stage=qkv_split seq_len=1 start_pos=24 elapsed_ms=0.005
kiln_profile_gdn_stage layer=24 stage=qk_norm seq_len=1 start_pos=24 elapsed_ms=0.069
kiln_profile_gdn_stage layer=24 stage=gates seq_len=1 start_pos=24 elapsed_ms=0.383
kiln_profile_gdn_stage layer=24 stage=recurrent seq_len=1 start_pos=24 elapsed_ms=5.172
kiln_profile_gdn_stage layer=24 stage=post_transpose seq_len=1 start_pos=24 elapsed_ms=0.001
kiln_profile_gdn_stage layer=24 stage=gated_norm seq_len=1 start_pos=24 elapsed_ms=1.073
kiln_profile_gdn_stage layer=24 stage=out_proj seq_len=1 start_pos=24 elapsed_ms=1.211
kiln_profile_mlp_stage layer=24 stage=fused seq_len=1 start_pos=24 elapsed_ms=2.500
kiln_profile_gdn_stage layer=25 stage=in_proj seq_len=1 start_pos=24 elapsed_ms=2.560
kiln_profile_gdn_stage layer=25 stage=conv seq_len=1 start_pos=24 elapsed_ms=0.711
kiln_profile_gdn_stage layer=25 stage=qkv_split seq_len=1 start_pos=24 elapsed_ms=0.005
kiln_profile_gdn_stage layer=25 stage=qk_norm seq_len=1 start_pos=24 elapsed_ms=0.070
kiln_profile_gdn_stage layer=25 stage=gates seq_len=1 start_pos=24 elapsed_ms=0.476
kiln_profile_gdn_stage layer=25 stage=recurrent seq_len=1 start_pos=24 elapsed_ms=5.202
kiln_profile_gdn_stage layer=25 stage=post_transpose seq_len=1 start_pos=24 elapsed_ms=0.001
kiln_profile_gdn_stage layer=25 stage=gated_norm seq_len=1 start_pos=24 elapsed_ms=0.861
kiln_profile_gdn_stage layer=25 stage=out_proj seq_len=1 start_pos=24 elapsed_ms=0.798
kiln_profile_mlp_stage layer=25 stage=fused seq_len=1 start_pos=24 elapsed_ms=2.520
kiln_profile_gdn_stage layer=26 stage=in_proj seq_len=1 start_pos=24 elapsed_ms=2.516
kiln_profile_gdn_stage layer=26 stage=conv seq_len=1 start_pos=24 elapsed_ms=0.734
kiln_profile_gdn_stage layer=26 stage=qkv_split seq_len=1 start_pos=24 elapsed_ms=0.005
kiln_profile_gdn_stage layer=26 stage=qk_norm seq_len=1 start_pos=24 elapsed_ms=0.072
kiln_profile_gdn_stage layer=26 stage=gates seq_len=1 start_pos=24 elapsed_ms=0.337
kiln_profile_gdn_stage layer=26 stage=recurrent seq_len=1 start_pos=24 elapsed_ms=5.144
kiln_profile_gdn_stage layer=26 stage=post_transpose seq_len=1 start_pos=24 elapsed_ms=0.001
kiln_profile_gdn_stage layer=26 stage=gated_norm seq_len=1 start_pos=24 elapsed_ms=1.023
kiln_profile_gdn_stage layer=26 stage=out_proj seq_len=1 start_pos=24 elapsed_ms=1.185
kiln_profile_mlp_stage layer=26 stage=fused seq_len=1 start_pos=24 elapsed_ms=2.561
kiln_profile_full_attn_stage full_attn_layer=6 stage=qkv_proj_batch seq_len=1 start_pos=24 elapsed_ms=3.089
kiln_profile_full_attn_stage full_attn_layer=6 stage=qkv_split_batch seq_len=1 start_pos=24 elapsed_ms=0.010
kiln_profile_full_attn_stage full_attn_layer=6 stage=qk_norm_batch seq_len=1 start_pos=24 elapsed_ms=0.079
kiln_profile_full_attn_stage full_attn_layer=6 stage=rope_batch seq_len=1 start_pos=24 elapsed_ms=0.154
kiln_profile_full_attn_stage full_attn_layer=6 stage=kv_write_batch seq_len=1 start_pos=24 elapsed_ms=0.025
kiln_profile_full_attn_stage full_attn_layer=6 stage=decode_attn_contiguous_batch seq_len=1 start_pos=24 elapsed_ms=0.897
kiln_profile_full_attn_stage full_attn_layer=6 stage=attn_gate_batch seq_len=1 start_pos=24 elapsed_ms=0.051
kiln_profile_full_attn_stage full_attn_layer=6 stage=o_proj_batch seq_len=1 start_pos=24 elapsed_ms=0.757
kiln_profile_mlp_stage layer=27 stage=fused seq_len=1 start_pos=24 elapsed_ms=2.297
kiln_profile_gdn_stage layer=28 stage=in_proj seq_len=1 start_pos=24 elapsed_ms=2.655
kiln_profile_gdn_stage layer=28 stage=conv seq_len=1 start_pos=24 elapsed_ms=0.722
kiln_profile_gdn_stage layer=28 stage=qkv_split seq_len=1 start_pos=24 elapsed_ms=0.005
kiln_profile_gdn_stage layer=28 stage=qk_norm seq_len=1 start_pos=24 elapsed_ms=0.069
kiln_profile_gdn_stage layer=28 stage=gates seq_len=1 start_pos=24 elapsed_ms=0.485
kiln_profile_gdn_stage layer=28 stage=recurrent seq_len=1 start_pos=24 elapsed_ms=5.227
kiln_profile_gdn_stage layer=28 stage=post_transpose seq_len=1 start_pos=24 elapsed_ms=0.001
kiln_profile_gdn_stage layer=28 stage=gated_norm seq_len=1 start_pos=24 elapsed_ms=1.033
kiln_profile_gdn_stage layer=28 stage=out_proj seq_len=1 start_pos=24 elapsed_ms=1.136
kiln_profile_mlp_stage layer=28 stage=fused seq_len=1 start_pos=24 elapsed_ms=2.502
kiln_profile_gdn_stage layer=29 stage=in_proj seq_len=1 start_pos=24 elapsed_ms=2.601
kiln_profile_gdn_stage layer=29 stage=conv seq_len=1 start_pos=24 elapsed_ms=0.740
kiln_profile_gdn_stage layer=29 stage=qkv_split seq_len=1 start_pos=24 elapsed_ms=0.006
kiln_profile_gdn_stage layer=29 stage=qk_norm seq_len=1 start_pos=24 elapsed_ms=0.070
kiln_profile_gdn_stage layer=29 stage=gates seq_len=1 start_pos=24 elapsed_ms=0.505
kiln_profile_gdn_stage layer=29 stage=recurrent seq_len=1 start_pos=24 elapsed_ms=5.160
kiln_profile_gdn_stage layer=29 stage=post_transpose seq_len=1 start_pos=24 elapsed_ms=0.001
kiln_profile_gdn_stage layer=29 stage=gated_norm seq_len=1 start_pos=24 elapsed_ms=1.043
kiln_profile_gdn_stage layer=29 stage=out_proj seq_len=1 start_pos=24 elapsed_ms=0.838
kiln_profile_mlp_stage layer=29 stage=fused seq_len=1 start_pos=24 elapsed_ms=3.083
kiln_profile_gdn_stage layer=30 stage=in_proj seq_len=1 start_pos=24 elapsed_ms=2.486
kiln_profile_gdn_stage layer=30 stage=conv seq_len=1 start_pos=24 elapsed_ms=0.733
kiln_profile_gdn_stage layer=30 stage=qkv_split seq_len=1 start_pos=24 elapsed_ms=0.005
kiln_profile_gdn_stage layer=30 stage=qk_norm seq_len=1 start_pos=24 elapsed_ms=0.071
kiln_profile_gdn_stage layer=30 stage=gates seq_len=1 start_pos=24 elapsed_ms=0.461
kiln_profile_gdn_stage layer=30 stage=recurrent seq_len=1 start_pos=24 elapsed_ms=5.184
kiln_profile_gdn_stage layer=30 stage=post_transpose seq_len=1 start_pos=24 elapsed_ms=0.001
kiln_profile_gdn_stage layer=30 stage=gated_norm seq_len=1 start_pos=24 elapsed_ms=1.709
kiln_profile_gdn_stage layer=30 stage=out_proj seq_len=1 start_pos=24 elapsed_ms=1.282
kiln_profile_mlp_stage layer=30 stage=fused seq_len=1 start_pos=24 elapsed_ms=2.653
kiln_profile_full_attn_stage full_attn_layer=7 stage=qkv_proj_batch seq_len=1 start_pos=24 elapsed_ms=3.086
kiln_profile_full_attn_stage full_attn_layer=7 stage=qkv_split_batch seq_len=1 start_pos=24 elapsed_ms=0.010
kiln_profile_full_attn_stage full_attn_layer=7 stage=qk_norm_batch seq_len=1 start_pos=24 elapsed_ms=0.078
kiln_profile_full_attn_stage full_attn_layer=7 stage=rope_batch seq_len=1 start_pos=24 elapsed_ms=0.147
kiln_profile_full_attn_stage full_attn_layer=7 stage=kv_write_batch seq_len=1 start_pos=24 elapsed_ms=0.031
kiln_profile_full_attn_stage full_attn_layer=7 stage=decode_attn_contiguous_batch seq_len=1 start_pos=24 elapsed_ms=0.878
kiln_profile_full_attn_stage full_attn_layer=7 stage=attn_gate_batch seq_len=1 start_pos=24 elapsed_ms=0.050
kiln_profile_full_attn_stage full_attn_layer=7 stage=o_proj_batch seq_len=1 start_pos=24 elapsed_ms=0.791
kiln_profile_mlp_stage layer=31 stage=fused seq_len=1 start_pos=24 elapsed_ms=2.292
kiln_profile_gdn_stage layer=0 stage=in_proj seq_len=1 start_pos=24 elapsed_ms=2.710
kiln_profile_gdn_stage layer=0 stage=conv seq_len=1 start_pos=24 elapsed_ms=0.626
kiln_profile_gdn_stage layer=0 stage=qkv_split seq_len=1 start_pos=24 elapsed_ms=0.006
kiln_profile_gdn_stage layer=0 stage=qk_norm seq_len=1 start_pos=24 elapsed_ms=0.069
kiln_profile_gdn_stage layer=0 stage=gates seq_len=1 start_pos=24 elapsed_ms=0.536
kiln_profile_gdn_stage layer=0 stage=recurrent seq_len=1 start_pos=24 elapsed_ms=9.793
kiln_profile_gdn_stage layer=0 stage=post_transpose seq_len=1 start_pos=24 elapsed_ms=0.001
kiln_profile_gdn_stage layer=0 stage=gated_norm seq_len=1 start_pos=24 elapsed_ms=0.714
kiln_profile_gdn_stage layer=0 stage=out_proj seq_len=1 start_pos=24 elapsed_ms=0.814
kiln_profile_mlp_stage layer=0 stage=fused seq_len=1 start_pos=24 elapsed_ms=2.381
kiln_profile_gdn_stage layer=1 stage=in_proj seq_len=1 start_pos=24 elapsed_ms=2.474
kiln_profile_gdn_stage layer=1 stage=conv seq_len=1 start_pos=24 elapsed_ms=0.661
kiln_profile_gdn_stage layer=1 stage=qkv_split seq_len=1 start_pos=24 elapsed_ms=0.007
kiln_profile_gdn_stage layer=1 stage=qk_norm seq_len=1 start_pos=24 elapsed_ms=0.065
kiln_profile_gdn_stage layer=1 stage=gates seq_len=1 start_pos=24 elapsed_ms=0.225
kiln_profile_gdn_stage layer=1 stage=recurrent seq_len=1 start_pos=24 elapsed_ms=4.544
kiln_profile_gdn_stage layer=1 stage=post_transpose seq_len=1 start_pos=24 elapsed_ms=0.001
kiln_profile_gdn_stage layer=1 stage=gated_norm seq_len=1 start_pos=24 elapsed_ms=1.025
kiln_profile_gdn_stage layer=1 stage=out_proj seq_len=1 start_pos=24 elapsed_ms=1.191
kiln_profile_mlp_stage layer=1 stage=fused seq_len=1 start_pos=24 elapsed_ms=2.576
kiln_profile_gdn_stage layer=2 stage=in_proj seq_len=1 start_pos=24 elapsed_ms=1.442
kiln_profile_gdn_stage layer=2 stage=conv seq_len=1 start_pos=24 elapsed_ms=0.631
kiln_profile_gdn_stage layer=2 stage=qkv_split seq_len=1 start_pos=24 elapsed_ms=0.008
kiln_profile_gdn_stage layer=2 stage=qk_norm seq_len=1 start_pos=24 elapsed_ms=0.064
kiln_profile_gdn_stage layer=2 stage=gates seq_len=1 start_pos=24 elapsed_ms=0.244
kiln_profile_gdn_stage layer=2 stage=recurrent seq_len=1 start_pos=24 elapsed_ms=4.537
kiln_profile_gdn_stage layer=2 stage=post_transpose seq_len=1 start_pos=24 elapsed_ms=0.001
kiln_profile_gdn_stage layer=2 stage=gated_norm seq_len=1 start_pos=24 elapsed_ms=1.005
kiln_profile_gdn_stage layer=2 stage=out_proj seq_len=1 start_pos=24 elapsed_ms=0.942
kiln_profile_mlp_stage layer=2 stage=fused seq_len=1 start_pos=24 elapsed_ms=2.572
kiln_profile_full_attn_stage full_attn_layer=0 stage=qkv_proj_batch seq_len=1 start_pos=24 elapsed_ms=2.925
kiln_profile_full_attn_stage full_attn_layer=0 stage=qkv_split_batch seq_len=1 start_pos=24 elapsed_ms=0.011
kiln_profile_full_attn_stage full_attn_layer=0 stage=qk_norm_batch seq_len=1 start_pos=24 elapsed_ms=0.070
kiln_profile_full_attn_stage full_attn_layer=0 stage=rope_batch seq_len=1 start_pos=24 elapsed_ms=0.137
kiln_profile_full_attn_stage full_attn_layer=0 stage=kv_write_batch seq_len=1 start_pos=24 elapsed_ms=0.018
kiln_profile_full_attn_stage full_attn_layer=0 stage=q_transpose_batch seq_len=1 start_pos=24 elapsed_ms=0.000
kiln_profile_full_attn_stage full_attn_layer=0 stage=decode_attn_contiguous_batch seq_len=1 start_pos=24 elapsed_ms=1.186
kiln_profile_full_attn_stage full_attn_layer=0 stage=attn_gate_batch seq_len=1 start_pos=24 elapsed_ms=0.047
kiln_profile_full_attn_stage full_attn_layer=0 stage=o_proj_batch seq_len=1 start_pos=24 elapsed_ms=0.882
kiln_profile_mlp_stage layer=3 stage=fused seq_len=1 start_pos=24 elapsed_ms=2.422
kiln_profile_gdn_stage layer=4 stage=in_proj seq_len=1 start_pos=24 elapsed_ms=1.434
kiln_profile_gdn_stage layer=4 stage=conv seq_len=1 start_pos=24 elapsed_ms=0.604
kiln_profile_gdn_stage layer=4 stage=qkv_split seq_len=1 start_pos=24 elapsed_ms=0.006
kiln_profile_gdn_stage layer=4 stage=qk_norm seq_len=1 start_pos=24 elapsed_ms=0.065
kiln_profile_gdn_stage layer=4 stage=gates seq_len=1 start_pos=24 elapsed_ms=0.230
kiln_profile_gdn_stage layer=4 stage=recurrent seq_len=1 start_pos=24 elapsed_ms=4.580
kiln_profile_gdn_stage layer=4 stage=post_transpose seq_len=1 start_pos=24 elapsed_ms=0.001
kiln_profile_gdn_stage layer=4 stage=gated_norm seq_len=1 start_pos=24 elapsed_ms=0.769
kiln_profile_gdn_stage layer=4 stage=out_proj seq_len=1 start_pos=24 elapsed_ms=0.797
kiln_profile_mlp_stage layer=4 stage=fused seq_len=1 start_pos=24 elapsed_ms=2.565
kiln_profile_gdn_stage layer=5 stage=in_proj seq_len=1 start_pos=24 elapsed_ms=1.531
kiln_profile_gdn_stage layer=5 stage=conv seq_len=1 start_pos=24 elapsed_ms=0.635
kiln_profile_gdn_stage layer=5 stage=qkv_split seq_len=1 start_pos=24 elapsed_ms=0.006
kiln_profile_gdn_stage layer=5 stage=qk_norm seq_len=1 start_pos=24 elapsed_ms=0.065
kiln_profile_gdn_stage layer=5 stage=gates seq_len=1 start_pos=24 elapsed_ms=0.221
kiln_profile_gdn_stage layer=5 stage=recurrent seq_len=1 start_pos=24 elapsed_ms=4.487
kiln_profile_gdn_stage layer=5 stage=post_transpose seq_len=1 start_pos=24 elapsed_ms=0.001
kiln_profile_gdn_stage layer=5 stage=gated_norm seq_len=1 start_pos=24 elapsed_ms=0.966
kiln_profile_gdn_stage layer=5 stage=out_proj seq_len=1 start_pos=24 elapsed_ms=0.619
kiln_profile_mlp_stage layer=5 stage=fused seq_len=1 start_pos=24 elapsed_ms=2.443
kiln_profile_gdn_stage layer=6 stage=in_proj seq_len=1 start_pos=24 elapsed_ms=1.449
kiln_profile_gdn_stage layer=6 stage=conv seq_len=1 start_pos=24 elapsed_ms=0.667
kiln_profile_gdn_stage layer=6 stage=qkv_split seq_len=1 start_pos=24 elapsed_ms=0.007
kiln_profile_gdn_stage layer=6 stage=qk_norm seq_len=1 start_pos=24 elapsed_ms=0.066
kiln_profile_gdn_stage layer=6 stage=gates seq_len=1 start_pos=24 elapsed_ms=0.269
kiln_profile_gdn_stage layer=6 stage=recurrent seq_len=1 start_pos=24 elapsed_ms=4.589
kiln_profile_gdn_stage layer=6 stage=post_transpose seq_len=1 start_pos=24 elapsed_ms=0.001
kiln_profile_gdn_stage layer=6 stage=gated_norm seq_len=1 start_pos=24 elapsed_ms=0.855
kiln_profile_gdn_stage layer=6 stage=out_proj seq_len=1 start_pos=24 elapsed_ms=1.155
kiln_profile_mlp_stage layer=6 stage=fused seq_len=1 start_pos=24 elapsed_ms=2.665
kiln_profile_full_attn_stage full_attn_layer=1 stage=qkv_proj_batch seq_len=1 start_pos=24 elapsed_ms=2.876
kiln_profile_full_attn_stage full_attn_layer=1 stage=qkv_split_batch seq_len=1 start_pos=24 elapsed_ms=0.010
kiln_profile_full_attn_stage full_attn_layer=1 stage=qk_norm_batch seq_len=1 start_pos=24 elapsed_ms=0.068
kiln_profile_full_attn_stage full_attn_layer=1 stage=rope_batch seq_len=1 start_pos=24 elapsed_ms=0.136
kiln_profile_full_attn_stage full_attn_layer=1 stage=kv_write_batch seq_len=1 start_pos=24 elapsed_ms=0.023
kiln_profile_full_attn_stage full_attn_layer=1 stage=q_transpose_batch seq_len=1 start_pos=24 elapsed_ms=0.000
kiln_profile_full_attn_stage full_attn_layer=1 stage=decode_attn_contiguous_batch seq_len=1 start_pos=24 elapsed_ms=1.145
kiln_profile_full_attn_stage full_attn_layer=1 stage=attn_gate_batch seq_len=1 start_pos=24 elapsed_ms=0.048
kiln_profile_full_attn_stage full_attn_layer=1 stage=o_proj_batch seq_len=1 start_pos=24 elapsed_ms=0.905
kiln_profile_mlp_stage layer=7 stage=fused seq_len=1 start_pos=24 elapsed_ms=2.593
kiln_profile_gdn_stage layer=8 stage=in_proj seq_len=1 start_pos=24 elapsed_ms=1.399
kiln_profile_gdn_stage layer=8 stage=conv seq_len=1 start_pos=24 elapsed_ms=0.631
kiln_profile_gdn_stage layer=8 stage=qkv_split seq_len=1 start_pos=24 elapsed_ms=0.006
kiln_profile_gdn_stage layer=8 stage=qk_norm seq_len=1 start_pos=24 elapsed_ms=0.062
kiln_profile_gdn_stage layer=8 stage=gates seq_len=1 start_pos=24 elapsed_ms=0.225
kiln_profile_gdn_stage layer=8 stage=recurrent seq_len=1 start_pos=24 elapsed_ms=4.627
kiln_profile_gdn_stage layer=8 stage=post_transpose seq_len=1 start_pos=24 elapsed_ms=0.001
kiln_profile_gdn_stage layer=8 stage=gated_norm seq_len=1 start_pos=24 elapsed_ms=0.999
kiln_profile_gdn_stage layer=8 stage=out_proj seq_len=1 start_pos=24 elapsed_ms=0.804
kiln_profile_mlp_stage layer=8 stage=fused seq_len=1 start_pos=24 elapsed_ms=2.713
kiln_profile_gdn_stage layer=9 stage=in_proj seq_len=1 start_pos=24 elapsed_ms=1.454
kiln_profile_gdn_stage layer=9 stage=conv seq_len=1 start_pos=24 elapsed_ms=0.631
kiln_profile_gdn_stage layer=9 stage=qkv_split seq_len=1 start_pos=24 elapsed_ms=0.007
kiln_profile_gdn_stage layer=9 stage=qk_norm seq_len=1 start_pos=24 elapsed_ms=0.063
kiln_profile_gdn_stage layer=9 stage=gates seq_len=1 start_pos=24 elapsed_ms=0.219
kiln_profile_gdn_stage layer=9 stage=recurrent seq_len=1 start_pos=24 elapsed_ms=4.632
kiln_profile_gdn_stage layer=9 stage=post_transpose seq_len=1 start_pos=24 elapsed_ms=0.001
kiln_profile_gdn_stage layer=9 stage=gated_norm seq_len=1 start_pos=24 elapsed_ms=0.932
kiln_profile_gdn_stage layer=9 stage=out_proj seq_len=1 start_pos=24 elapsed_ms=0.594
kiln_profile_mlp_stage layer=9 stage=fused seq_len=1 start_pos=24 elapsed_ms=2.583
kiln_profile_gdn_stage layer=10 stage=in_proj seq_len=1 start_pos=24 elapsed_ms=1.449
kiln_profile_gdn_stage layer=10 stage=conv seq_len=1 start_pos=24 elapsed_ms=0.668
kiln_profile_gdn_stage layer=10 stage=qkv_split seq_len=1 start_pos=24 elapsed_ms=0.008
kiln_profile_gdn_stage layer=10 stage=qk_norm seq_len=1 start_pos=24 elapsed_ms=0.064
kiln_profile_gdn_stage layer=10 stage=gates seq_len=1 start_pos=24 elapsed_ms=0.333
kiln_profile_gdn_stage layer=10 stage=recurrent seq_len=1 start_pos=24 elapsed_ms=4.497
kiln_profile_gdn_stage layer=10 stage=post_transpose seq_len=1 start_pos=24 elapsed_ms=0.001
kiln_profile_gdn_stage layer=10 stage=gated_norm seq_len=1 start_pos=24 elapsed_ms=1.009
kiln_profile_gdn_stage layer=10 stage=out_proj seq_len=1 start_pos=24 elapsed_ms=0.749
kiln_profile_mlp_stage layer=10 stage=fused seq_len=1 start_pos=24 elapsed_ms=2.612
kiln_profile_full_attn_stage full_attn_layer=2 stage=qkv_proj_batch seq_len=1 start_pos=24 elapsed_ms=3.533
kiln_profile_full_attn_stage full_attn_layer=2 stage=qkv_split_batch seq_len=1 start_pos=24 elapsed_ms=0.012
kiln_profile_full_attn_stage full_attn_layer=2 stage=qk_norm_batch seq_len=1 start_pos=24 elapsed_ms=0.068
kiln_profile_full_attn_stage full_attn_layer=2 stage=rope_batch seq_len=1 start_pos=24 elapsed_ms=0.142
kiln_profile_full_attn_stage full_attn_layer=2 stage=kv_write_batch seq_len=1 start_pos=24 elapsed_ms=0.023
kiln_profile_full_attn_stage full_attn_layer=2 stage=q_transpose_batch seq_len=1 start_pos=24 elapsed_ms=0.000
kiln_profile_full_attn_stage full_attn_layer=2 stage=decode_attn_contiguous_batch seq_len=1 start_pos=24 elapsed_ms=1.419
kiln_profile_full_attn_stage full_attn_layer=2 stage=attn_gate_batch seq_len=1 start_pos=24 elapsed_ms=0.048
kiln_profile_full_attn_stage full_attn_layer=2 stage=o_proj_batch seq_len=1 start_pos=24 elapsed_ms=0.841
kiln_profile_mlp_stage layer=11 stage=fused seq_len=1 start_pos=24 elapsed_ms=2.481
kiln_profile_gdn_stage layer=12 stage=in_proj seq_len=1 start_pos=24 elapsed_ms=1.442
kiln_profile_gdn_stage layer=12 stage=conv seq_len=1 start_pos=24 elapsed_ms=0.647
kiln_profile_gdn_stage layer=12 stage=qkv_split seq_len=1 start_pos=24 elapsed_ms=0.006
kiln_profile_gdn_stage layer=12 stage=qk_norm seq_len=1 start_pos=24 elapsed_ms=0.062
kiln_profile_gdn_stage layer=12 stage=gates seq_len=1 start_pos=24 elapsed_ms=0.306
kiln_profile_gdn_stage layer=12 stage=recurrent seq_len=1 start_pos=24 elapsed_ms=5.169
kiln_profile_gdn_stage layer=12 stage=post_transpose seq_len=1 start_pos=24 elapsed_ms=0.001
kiln_profile_gdn_stage layer=12 stage=gated_norm seq_len=1 start_pos=24 elapsed_ms=1.003
kiln_profile_gdn_stage layer=12 stage=out_proj seq_len=1 start_pos=24 elapsed_ms=1.012
kiln_profile_mlp_stage layer=12 stage=fused seq_len=1 start_pos=24 elapsed_ms=2.713
kiln_profile_gdn_stage layer=13 stage=in_proj seq_len=1 start_pos=24 elapsed_ms=1.448
kiln_profile_gdn_stage layer=13 stage=conv seq_len=1 start_pos=24 elapsed_ms=0.644
kiln_profile_gdn_stage layer=13 stage=qkv_split seq_len=1 start_pos=24 elapsed_ms=0.007
kiln_profile_gdn_stage layer=13 stage=qk_norm seq_len=1 start_pos=24 elapsed_ms=0.063
kiln_profile_gdn_stage layer=13 stage=gates seq_len=1 start_pos=24 elapsed_ms=0.221
kiln_profile_gdn_stage layer=13 stage=recurrent seq_len=1 start_pos=24 elapsed_ms=4.465
kiln_profile_gdn_stage layer=13 stage=post_transpose seq_len=1 start_pos=24 elapsed_ms=0.001
kiln_profile_gdn_stage layer=13 stage=gated_norm seq_len=1 start_pos=24 elapsed_ms=0.984
kiln_profile_gdn_stage layer=13 stage=out_proj seq_len=1 start_pos=24 elapsed_ms=0.840
kiln_profile_mlp_stage layer=13 stage=fused seq_len=1 start_pos=24 elapsed_ms=2.460
kiln_profile_gdn_stage layer=14 stage=in_proj seq_len=1 start_pos=24 elapsed_ms=1.457
kiln_profile_gdn_stage layer=14 stage=conv seq_len=1 start_pos=24 elapsed_ms=0.646
kiln_profile_gdn_stage layer=14 stage=qkv_split seq_len=1 start_pos=24 elapsed_ms=0.009
kiln_profile_gdn_stage layer=14 stage=qk_norm seq_len=1 start_pos=24 elapsed_ms=0.063
kiln_profile_gdn_stage layer=14 stage=gates seq_len=1 start_pos=24 elapsed_ms=0.216
kiln_profile_gdn_stage layer=14 stage=recurrent seq_len=1 start_pos=24 elapsed_ms=4.492
kiln_profile_gdn_stage layer=14 stage=post_transpose seq_len=1 start_pos=24 elapsed_ms=0.000
kiln_profile_gdn_stage layer=14 stage=gated_norm seq_len=1 start_pos=24 elapsed_ms=1.023
kiln_profile_gdn_stage layer=14 stage=out_proj seq_len=1 start_pos=24 elapsed_ms=0.671
kiln_profile_mlp_stage layer=14 stage=fused seq_len=1 start_pos=24 elapsed_ms=2.395
kiln_profile_full_attn_stage full_attn_layer=3 stage=qkv_proj_batch seq_len=1 start_pos=24 elapsed_ms=3.120
kiln_profile_full_attn_stage full_attn_layer=3 stage=qkv_split_batch seq_len=1 start_pos=24 elapsed_ms=0.012
kiln_profile_full_attn_stage full_attn_layer=3 stage=qk_norm_batch seq_len=1 start_pos=24 elapsed_ms=0.070
kiln_profile_full_attn_stage full_attn_layer=3 stage=rope_batch seq_len=1 start_pos=24 elapsed_ms=0.138
kiln_profile_full_attn_stage full_attn_layer=3 stage=kv_write_batch seq_len=1 start_pos=24 elapsed_ms=0.031
kiln_profile_full_attn_stage full_attn_layer=3 stage=q_transpose_batch seq_len=1 start_pos=24 elapsed_ms=0.000
kiln_profile_full_attn_stage full_attn_layer=3 stage=decode_attn_contiguous_batch seq_len=1 start_pos=24 elapsed_ms=1.231
kiln_profile_full_attn_stage full_attn_layer=3 stage=attn_gate_batch seq_len=1 start_pos=24 elapsed_ms=0.048
kiln_profile_full_attn_stage full_attn_layer=3 stage=o_proj_batch seq_len=1 start_pos=24 elapsed_ms=0.851
kiln_profile_mlp_stage layer=15 stage=fused seq_len=1 start_pos=24 elapsed_ms=2.441
kiln_profile_gdn_stage layer=16 stage=in_proj seq_len=1 start_pos=24 elapsed_ms=1.581
kiln_profile_gdn_stage layer=16 stage=conv seq_len=1 start_pos=24 elapsed_ms=0.623
kiln_profile_gdn_stage layer=16 stage=qkv_split seq_len=1 start_pos=24 elapsed_ms=0.006
kiln_profile_gdn_stage layer=16 stage=qk_norm seq_len=1 start_pos=24 elapsed_ms=0.065
kiln_profile_gdn_stage layer=16 stage=gates seq_len=1 start_pos=24 elapsed_ms=0.234
kiln_profile_gdn_stage layer=16 stage=recurrent seq_len=1 start_pos=24 elapsed_ms=4.578
kiln_profile_gdn_stage layer=16 stage=post_transpose seq_len=1 start_pos=24 elapsed_ms=0.001
kiln_profile_gdn_stage layer=16 stage=gated_norm seq_len=1 start_pos=24 elapsed_ms=1.041
kiln_profile_gdn_stage layer=16 stage=out_proj seq_len=1 start_pos=24 elapsed_ms=1.407
kiln_profile_mlp_stage layer=16 stage=fused seq_len=1 start_pos=24 elapsed_ms=2.421
kiln_profile_gdn_stage layer=17 stage=in_proj seq_len=1 start_pos=24 elapsed_ms=1.447
kiln_profile_gdn_stage layer=17 stage=conv seq_len=1 start_pos=24 elapsed_ms=0.633
kiln_profile_gdn_stage layer=17 stage=qkv_split seq_len=1 start_pos=24 elapsed_ms=0.010
kiln_profile_gdn_stage layer=17 stage=qk_norm seq_len=1 start_pos=24 elapsed_ms=0.063
kiln_profile_gdn_stage layer=17 stage=gates seq_len=1 start_pos=24 elapsed_ms=0.219
kiln_profile_gdn_stage layer=17 stage=recurrent seq_len=1 start_pos=24 elapsed_ms=4.476
kiln_profile_gdn_stage layer=17 stage=post_transpose seq_len=1 start_pos=24 elapsed_ms=0.001
kiln_profile_gdn_stage layer=17 stage=gated_norm seq_len=1 start_pos=24 elapsed_ms=0.779
kiln_profile_gdn_stage layer=17 stage=out_proj seq_len=1 start_pos=24 elapsed_ms=1.222
kiln_profile_mlp_stage layer=17 stage=fused seq_len=1 start_pos=24 elapsed_ms=2.667
kiln_profile_gdn_stage layer=18 stage=in_proj seq_len=1 start_pos=24 elapsed_ms=1.433
kiln_profile_gdn_stage layer=18 stage=conv seq_len=1 start_pos=24 elapsed_ms=0.633
kiln_profile_gdn_stage layer=18 stage=qkv_split seq_len=1 start_pos=24 elapsed_ms=0.013
kiln_profile_gdn_stage layer=18 stage=qk_norm seq_len=1 start_pos=24 elapsed_ms=0.064
kiln_profile_gdn_stage layer=18 stage=gates seq_len=1 start_pos=24 elapsed_ms=0.180
kiln_profile_gdn_stage layer=18 stage=recurrent seq_len=1 start_pos=24 elapsed_ms=4.629
kiln_profile_gdn_stage layer=18 stage=post_transpose seq_len=1 start_pos=24 elapsed_ms=0.001
kiln_profile_gdn_stage layer=18 stage=gated_norm seq_len=1 start_pos=24 elapsed_ms=1.885
kiln_profile_gdn_stage layer=18 stage=out_proj seq_len=1 start_pos=24 elapsed_ms=0.612
kiln_profile_mlp_stage layer=18 stage=fused seq_len=1 start_pos=24 elapsed_ms=2.474
kiln_profile_full_attn_stage full_attn_layer=4 stage=qkv_proj_batch seq_len=1 start_pos=24 elapsed_ms=3.146
kiln_profile_full_attn_stage full_attn_layer=4 stage=qkv_split_batch seq_len=1 start_pos=24 elapsed_ms=0.011
kiln_profile_full_attn_stage full_attn_layer=4 stage=qk_norm_batch seq_len=1 start_pos=24 elapsed_ms=0.068
kiln_profile_full_attn_stage full_attn_layer=4 stage=rope_batch seq_len=1 start_pos=24 elapsed_ms=0.137
kiln_profile_full_attn_stage full_attn_layer=4 stage=kv_write_batch seq_len=1 start_pos=24 elapsed_ms=0.021
kiln_profile_full_attn_stage full_attn_layer=4 stage=q_transpose_batch seq_len=1 start_pos=24 elapsed_ms=0.000
kiln_profile_full_attn_stage full_attn_layer=4 stage=decode_attn_contiguous_batch seq_len=1 start_pos=24 elapsed_ms=1.184
kiln_profile_full_attn_stage full_attn_layer=4 stage=attn_gate_batch seq_len=1 start_pos=24 elapsed_ms=0.046
kiln_profile_full_attn_stage full_attn_layer=4 stage=o_proj_batch seq_len=1 start_pos=24 elapsed_ms=0.782
kiln_profile_mlp_stage layer=19 stage=fused seq_len=1 start_pos=24 elapsed_ms=2.656
kiln_profile_gdn_stage layer=20 stage=in_proj seq_len=1 start_pos=24 elapsed_ms=1.410
kiln_profile_gdn_stage layer=20 stage=conv seq_len=1 start_pos=24 elapsed_ms=0.649
kiln_profile_gdn_stage layer=20 stage=qkv_split seq_len=1 start_pos=24 elapsed_ms=0.006
kiln_profile_gdn_stage layer=20 stage=qk_norm seq_len=1 start_pos=24 elapsed_ms=0.062
kiln_profile_gdn_stage layer=20 stage=gates seq_len=1 start_pos=24 elapsed_ms=0.208
kiln_profile_gdn_stage layer=20 stage=recurrent seq_len=1 start_pos=24 elapsed_ms=4.666
kiln_profile_gdn_stage layer=20 stage=post_transpose seq_len=1 start_pos=24 elapsed_ms=0.001
kiln_profile_gdn_stage layer=20 stage=gated_norm seq_len=1 start_pos=24 elapsed_ms=0.814
kiln_profile_gdn_stage layer=20 stage=out_proj seq_len=1 start_pos=24 elapsed_ms=0.783
kiln_profile_mlp_stage layer=20 stage=fused seq_len=1 start_pos=24 elapsed_ms=2.442
kiln_profile_gdn_stage layer=21 stage=in_proj seq_len=1 start_pos=24 elapsed_ms=1.428
kiln_profile_gdn_stage layer=21 stage=conv seq_len=1 start_pos=24 elapsed_ms=0.650
kiln_profile_gdn_stage layer=21 stage=qkv_split seq_len=1 start_pos=24 elapsed_ms=0.007
kiln_profile_gdn_stage layer=21 stage=qk_norm seq_len=1 start_pos=24 elapsed_ms=0.063
kiln_profile_gdn_stage layer=21 stage=gates seq_len=1 start_pos=24 elapsed_ms=0.212
kiln_profile_gdn_stage layer=21 stage=recurrent seq_len=1 start_pos=24 elapsed_ms=4.441
kiln_profile_gdn_stage layer=21 stage=post_transpose seq_len=1 start_pos=24 elapsed_ms=0.001
kiln_profile_gdn_stage layer=21 stage=gated_norm seq_len=1 start_pos=24 elapsed_ms=1.051
kiln_profile_gdn_stage layer=21 stage=out_proj seq_len=1 start_pos=24 elapsed_ms=1.109
kiln_profile_mlp_stage layer=21 stage=fused seq_len=1 start_pos=24 elapsed_ms=2.551
kiln_profile_gdn_stage layer=22 stage=in_proj seq_len=1 start_pos=24 elapsed_ms=1.440
kiln_profile_gdn_stage layer=22 stage=conv seq_len=1 start_pos=24 elapsed_ms=0.667
kiln_profile_gdn_stage layer=22 stage=qkv_split seq_len=1 start_pos=24 elapsed_ms=0.008
kiln_profile_gdn_stage layer=22 stage=qk_norm seq_len=1 start_pos=24 elapsed_ms=0.064
kiln_profile_gdn_stage layer=22 stage=gates seq_len=1 start_pos=24 elapsed_ms=0.210
kiln_profile_gdn_stage layer=22 stage=recurrent seq_len=1 start_pos=24 elapsed_ms=4.536
kiln_profile_gdn_stage layer=22 stage=post_transpose seq_len=1 start_pos=24 elapsed_ms=0.001
kiln_profile_gdn_stage layer=22 stage=gated_norm seq_len=1 start_pos=24 elapsed_ms=1.040
kiln_profile_gdn_stage layer=22 stage=out_proj seq_len=1 start_pos=24 elapsed_ms=1.120
kiln_profile_mlp_stage layer=22 stage=fused seq_len=1 start_pos=24 elapsed_ms=2.689
kiln_profile_full_attn_stage full_attn_layer=5 stage=qkv_proj_batch seq_len=1 start_pos=24 elapsed_ms=2.815
kiln_profile_full_attn_stage full_attn_layer=5 stage=qkv_split_batch seq_len=1 start_pos=24 elapsed_ms=0.011
kiln_profile_full_attn_stage full_attn_layer=5 stage=qk_norm_batch seq_len=1 start_pos=24 elapsed_ms=0.071
kiln_profile_full_attn_stage full_attn_layer=5 stage=rope_batch seq_len=1 start_pos=24 elapsed_ms=0.138
kiln_profile_full_attn_stage full_attn_layer=5 stage=kv_write_batch seq_len=1 start_pos=24 elapsed_ms=0.024
kiln_profile_full_attn_stage full_attn_layer=5 stage=q_transpose_batch seq_len=1 start_pos=24 elapsed_ms=0.000
kiln_profile_full_attn_stage full_attn_layer=5 stage=decode_attn_contiguous_batch seq_len=1 start_pos=24 elapsed_ms=1.230
kiln_profile_full_attn_stage full_attn_layer=5 stage=attn_gate_batch seq_len=1 start_pos=24 elapsed_ms=0.048
kiln_profile_full_attn_stage full_attn_layer=5 stage=o_proj_batch seq_len=1 start_pos=24 elapsed_ms=0.861
kiln_profile_mlp_stage layer=23 stage=fused seq_len=1 start_pos=24 elapsed_ms=2.674
kiln_profile_gdn_stage layer=24 stage=in_proj seq_len=1 start_pos=24 elapsed_ms=1.431
kiln_profile_gdn_stage layer=24 stage=conv seq_len=1 start_pos=24 elapsed_ms=0.603
kiln_profile_gdn_stage layer=24 stage=qkv_split seq_len=1 start_pos=24 elapsed_ms=0.005
kiln_profile_gdn_stage layer=24 stage=qk_norm seq_len=1 start_pos=24 elapsed_ms=0.062
kiln_profile_gdn_stage layer=24 stage=gates seq_len=1 start_pos=24 elapsed_ms=0.217
kiln_profile_gdn_stage layer=24 stage=recurrent seq_len=1 start_pos=24 elapsed_ms=4.573
kiln_profile_gdn_stage layer=24 stage=post_transpose seq_len=1 start_pos=24 elapsed_ms=0.001
kiln_profile_gdn_stage layer=24 stage=gated_norm seq_len=1 start_pos=24 elapsed_ms=1.085
kiln_profile_gdn_stage layer=24 stage=out_proj seq_len=1 start_pos=24 elapsed_ms=1.001
kiln_profile_mlp_stage layer=24 stage=fused seq_len=1 start_pos=24 elapsed_ms=2.492
kiln_profile_gdn_stage layer=25 stage=in_proj seq_len=1 start_pos=24 elapsed_ms=1.452
kiln_profile_gdn_stage layer=25 stage=conv seq_len=1 start_pos=24 elapsed_ms=0.634
kiln_profile_gdn_stage layer=25 stage=qkv_split seq_len=1 start_pos=24 elapsed_ms=0.008
kiln_profile_gdn_stage layer=25 stage=qk_norm seq_len=1 start_pos=24 elapsed_ms=0.063
kiln_profile_gdn_stage layer=25 stage=gates seq_len=1 start_pos=24 elapsed_ms=0.204
kiln_profile_gdn_stage layer=25 stage=recurrent seq_len=1 start_pos=24 elapsed_ms=4.524
kiln_profile_gdn_stage layer=25 stage=post_transpose seq_len=1 start_pos=24 elapsed_ms=0.001
kiln_profile_gdn_stage layer=25 stage=gated_norm seq_len=1 start_pos=24 elapsed_ms=1.163
kiln_profile_gdn_stage layer=25 stage=out_proj seq_len=1 start_pos=24 elapsed_ms=1.550
kiln_profile_mlp_stage layer=25 stage=fused seq_len=1 start_pos=24 elapsed_ms=2.458
kiln_profile_gdn_stage layer=26 stage=in_proj seq_len=1 start_pos=24 elapsed_ms=1.434
kiln_profile_gdn_stage layer=26 stage=conv seq_len=1 start_pos=24 elapsed_ms=0.679
kiln_profile_gdn_stage layer=26 stage=qkv_split seq_len=1 start_pos=24 elapsed_ms=0.008
kiln_profile_gdn_stage layer=26 stage=qk_norm seq_len=1 start_pos=24 elapsed_ms=0.063
kiln_profile_gdn_stage layer=26 stage=gates seq_len=1 start_pos=24 elapsed_ms=0.220
kiln_profile_gdn_stage layer=26 stage=recurrent seq_len=1 start_pos=24 elapsed_ms=4.466
kiln_profile_gdn_stage layer=26 stage=post_transpose seq_len=1 start_pos=24 elapsed_ms=0.001
kiln_profile_gdn_stage layer=26 stage=gated_norm seq_len=1 start_pos=24 elapsed_ms=1.603
kiln_profile_gdn_stage layer=26 stage=out_proj seq_len=1 start_pos=24 elapsed_ms=0.602
kiln_profile_mlp_stage layer=26 stage=fused seq_len=1 start_pos=24 elapsed_ms=2.395
kiln_profile_full_attn_stage full_attn_layer=6 stage=qkv_proj_batch seq_len=1 start_pos=24 elapsed_ms=2.852
kiln_profile_full_attn_stage full_attn_layer=6 stage=qkv_split_batch seq_len=1 start_pos=24 elapsed_ms=0.011
kiln_profile_full_attn_stage full_attn_layer=6 stage=qk_norm_batch seq_len=1 start_pos=24 elapsed_ms=0.068
kiln_profile_full_attn_stage full_attn_layer=6 stage=rope_batch seq_len=1 start_pos=24 elapsed_ms=0.138
kiln_profile_full_attn_stage full_attn_layer=6 stage=kv_write_batch seq_len=1 start_pos=24 elapsed_ms=0.023
kiln_profile_full_attn_stage full_attn_layer=6 stage=q_transpose_batch seq_len=1 start_pos=24 elapsed_ms=0.000
kiln_profile_full_attn_stage full_attn_layer=6 stage=decode_attn_contiguous_batch seq_len=1 start_pos=24 elapsed_ms=1.188
kiln_profile_full_attn_stage full_attn_layer=6 stage=attn_gate_batch seq_len=1 start_pos=24 elapsed_ms=0.047
kiln_profile_full_attn_stage full_attn_layer=6 stage=o_proj_batch seq_len=1 start_pos=24 elapsed_ms=0.836
kiln_profile_mlp_stage layer=27 stage=fused seq_len=1 start_pos=24 elapsed_ms=2.744
kiln_profile_gdn_stage layer=28 stage=in_proj seq_len=1 start_pos=24 elapsed_ms=1.472
kiln_profile_gdn_stage layer=28 stage=conv seq_len=1 start_pos=24 elapsed_ms=0.635
kiln_profile_gdn_stage layer=28 stage=qkv_split seq_len=1 start_pos=24 elapsed_ms=0.005
kiln_profile_gdn_stage layer=28 stage=qk_norm seq_len=1 start_pos=24 elapsed_ms=0.076
kiln_profile_gdn_stage layer=28 stage=gates seq_len=1 start_pos=24 elapsed_ms=0.201
kiln_profile_gdn_stage layer=28 stage=recurrent seq_len=1 start_pos=24 elapsed_ms=4.535
kiln_profile_gdn_stage layer=28 stage=post_transpose seq_len=1 start_pos=24 elapsed_ms=0.001
kiln_profile_gdn_stage layer=28 stage=gated_norm seq_len=1 start_pos=24 elapsed_ms=0.989
kiln_profile_gdn_stage layer=28 stage=out_proj seq_len=1 start_pos=24 elapsed_ms=1.091
kiln_profile_mlp_stage layer=28 stage=fused seq_len=1 start_pos=24 elapsed_ms=2.467
kiln_profile_gdn_stage layer=29 stage=in_proj seq_len=1 start_pos=24 elapsed_ms=1.439
kiln_profile_gdn_stage layer=29 stage=conv seq_len=1 start_pos=24 elapsed_ms=0.644
kiln_profile_gdn_stage layer=29 stage=qkv_split seq_len=1 start_pos=24 elapsed_ms=0.008
kiln_profile_gdn_stage layer=29 stage=qk_norm seq_len=1 start_pos=24 elapsed_ms=0.063
kiln_profile_gdn_stage layer=29 stage=gates seq_len=1 start_pos=24 elapsed_ms=0.257
kiln_profile_gdn_stage layer=29 stage=recurrent seq_len=1 start_pos=24 elapsed_ms=4.421
kiln_profile_gdn_stage layer=29 stage=post_transpose seq_len=1 start_pos=24 elapsed_ms=0.001
kiln_profile_gdn_stage layer=29 stage=gated_norm seq_len=1 start_pos=24 elapsed_ms=0.984
kiln_profile_gdn_stage layer=29 stage=out_proj seq_len=1 start_pos=24 elapsed_ms=1.170
kiln_profile_mlp_stage layer=29 stage=fused seq_len=1 start_pos=24 elapsed_ms=2.593
kiln_profile_gdn_stage layer=30 stage=in_proj seq_len=1 start_pos=24 elapsed_ms=1.435
kiln_profile_gdn_stage layer=30 stage=conv seq_len=1 start_pos=24 elapsed_ms=0.642
kiln_profile_gdn_stage layer=30 stage=qkv_split seq_len=1 start_pos=24 elapsed_ms=0.008
kiln_profile_gdn_stage layer=30 stage=qk_norm seq_len=1 start_pos=24 elapsed_ms=0.063
kiln_profile_gdn_stage layer=30 stage=gates seq_len=1 start_pos=24 elapsed_ms=0.219
kiln_profile_gdn_stage layer=30 stage=recurrent seq_len=1 start_pos=24 elapsed_ms=4.535
kiln_profile_gdn_stage layer=30 stage=post_transpose seq_len=1 start_pos=24 elapsed_ms=0.001
kiln_profile_gdn_stage layer=30 stage=gated_norm seq_len=1 start_pos=24 elapsed_ms=1.121
kiln_profile_gdn_stage layer=30 stage=out_proj seq_len=1 start_pos=24 elapsed_ms=0.618
kiln_profile_mlp_stage layer=30 stage=fused seq_len=1 start_pos=24 elapsed_ms=2.452
kiln_profile_full_attn_stage full_attn_layer=7 stage=qkv_proj_batch seq_len=1 start_pos=24 elapsed_ms=2.844
kiln_profile_full_attn_stage full_attn_layer=7 stage=qkv_split_batch seq_len=1 start_pos=24 elapsed_ms=0.010
kiln_profile_full_attn_stage full_attn_layer=7 stage=qk_norm_batch seq_len=1 start_pos=24 elapsed_ms=0.069
kiln_profile_full_attn_stage full_attn_layer=7 stage=rope_batch seq_len=1 start_pos=24 elapsed_ms=0.136
kiln_profile_full_attn_stage full_attn_layer=7 stage=kv_write_batch seq_len=1 start_pos=24 elapsed_ms=0.021
kiln_profile_full_attn_stage full_attn_layer=7 stage=q_transpose_batch seq_len=1 start_pos=24 elapsed_ms=0.000
kiln_profile_full_attn_stage full_attn_layer=7 stage=decode_attn_contiguous_batch seq_len=1 start_pos=24 elapsed_ms=1.123
kiln_profile_full_attn_stage full_attn_layer=7 stage=attn_gate_batch seq_len=1 start_pos=24 elapsed_ms=0.045
kiln_profile_full_attn_stage full_attn_layer=7 stage=o_proj_batch seq_len=1 start_pos=24 elapsed_ms=0.806
kiln_profile_mlp_stage layer=31 stage=fused seq_len=1 start_pos=24 elapsed_ms=2.429
{"timestamp":"2026-05-09T12:33:39.832774Z","level":"INFO","fields":{"message":"response","status":200,"duration_ms":0.09883700000000001},"target":"kiln_server::api","span":{"duration_ms":0.098837,"method":"GET","path":"/metrics","status":200,"name":"http_request"},"spans":[{"duration_ms":0.098837,"method":"GET","path":"/metrics","status":200,"name":"http_request"}]}
{"timestamp":"2026-05-09T12:33:39.833436Z","level":"INFO","fields":{"message":"received SIGTERM — initiating graceful shutdown"},"target":"kiln"}
{"timestamp":"2026-05-09T12:33:39.841520Z","level":"INFO","fields":{"message":"training worker shutting down"},"target":"kiln_server::training_queue"}
