
  ┌─────────────────────────────────────┐
  │           🔥 K I L N 🔥             │
  │   inference · training · adapters   │
  └─────────────────────────────────────┘

  Version: 0.2.13
  Mode: GPU inference
  Model: Qwen3.5-4B
  CUDA: not available
  Listen: http://127.0.0.1:8420

  Endpoints: /ui, /v1/chat/completions, /v1/train/sft, /health, /metrics

{"timestamp":"2026-05-09T10:03:13.231805Z","level":"INFO","fields":{"message":"Vulkan available — using Vulkan GPU (AMD/Intel)"},"target":"kiln_server::device"}
{"timestamp":"2026-05-09T10:03:13.232379Z","level":"INFO","fields":{"message":"Loading model from Qwen3.5-4B (2 shards)"},"target":"kiln_model::loader"}
{"timestamp":"2026-05-09T10:03:13.233096Z","level":"INFO","fields":{"message":"Using weight name prefix: \"model.language_model.\""},"target":"kiln_model::loader"}
{"timestamp":"2026-05-09T10:03:13.233192Z","level":"INFO","fields":{"message":"Native MTP head detected; deferring CPU load until first use","mtp_prefix":"mtp."},"target":"kiln_model::loader"}
{"timestamp":"2026-05-09T10:03:13.233198Z","level":"INFO","fields":{"message":"Loaded 4206M parameters (8022 MB) across 32 layers"},"target":"kiln_model::loader"}
{"timestamp":"2026-05-09T10:03:25.240660Z","level":"INFO","fields":{"message":"selected first Vulkan device","device":"AMD Radeon 8060S Graphics (RADV STRIX_HALO)"},"target":"kiln_vulkan_kernel::device"}
{"timestamp":"2026-05-09T10:03:25.258200Z","level":"INFO","fields":{"message":"Vulkan compute pipelines prewarmed","elapsed_ms":17},"target":"kiln_model::backend::vulkan"}
{"timestamp":"2026-05-09T10:03:25.258209Z","level":"INFO","fields":{"message":"Vulkan device initialized","vendor":"AMD","device":"AMD Radeon 8060S Graphics (RADV STRIX_HALO)"},"target":"kiln_model::backend::vulkan"}
{"timestamp":"2026-05-09T10:03:25.258969Z","level":"WARN","fields":{"message":"post-load CUDA residency unavailable; falling back to static model memory estimate for KV sizing","estimated_model_gb":9.15668992},"target":"kiln_server::state"}
{"timestamp":"2026-05-09T10:03:25.258980Z","level":"INFO","fields":{"message":"memory-aware KV cache sizing","total_vram_gb":103.079215104,"model_gb":9.15668992,"post_load_used_vram_gb":0.0,"sizing_residency_gb":9.15668992,"inference_fraction":0.7},"target":"kiln_server::state"}
{"timestamp":"2026-05-09T10:03:25.258983Z","level":"INFO","fields":{"message":"allocating paged KV cache","num_blocks":125400,"block_size":16,"kv_dtype":"BF16","fp8_enabled":false},"target":"kiln_server::state"}
{"timestamp":"2026-05-09T10:03:25.259028Z","level":"INFO","fields":{"message":"KV cache auto-sizer succeeded on first attempt","inference_fraction":0.7,"num_blocks":125400},"target":"kiln_server::state"}
{"timestamp":"2026-05-09T10:03:25.259086Z","level":"INFO","fields":{"message":"GPU memory budget","total_vram_gb":103.079215104,"model_gb":9.15668992,"estimated_model_gb":9.15668992,"post_load_used_vram_gb":0.0,"kv_cache_gb":65.7457152,"training_budget_gb":28.176809984,"inference_fraction":0.7},"target":"kiln_server::state"}
{"timestamp":"2026-05-09T10:03:25.259089Z","level":"INFO","fields":{"message":"prefix cache budget","max_blocks":31350,"max_entries":20,"state_bytes_per_entry":52690944,"max_state_bytes":1053818880,"min_register_tokens":64},"target":"kiln_server::state"}
{"timestamp":"2026-05-09T10:03:25.259095Z","level":"INFO","fields":{"message":"live greedy decode batcher enabled","backend":"vulkan","max_batch":8,"wait_us":5000,"mixed_seq_lens":true},"target":"kiln_server::state"}
  ✓ Ready on http://127.0.0.1:8420

{"timestamp":"2026-05-09T10:03:25.326039Z","level":"INFO","fields":{"message":"starting background inference prewarm"},"target":"kiln"}
{"timestamp":"2026-05-09T10:03:25.326371Z","level":"INFO","fields":{"message":"tokenizer warmup complete","elapsed_ms":0,"tokens":8},"target":"kiln"}
{"timestamp":"2026-05-09T10:03:25.327787Z","level":"INFO","fields":{"message":"selected first Vulkan device","device":"AMD Radeon 8060S Graphics (RADV STRIX_HALO)"},"target":"kiln_vulkan_kernel::device"}
{"timestamp":"2026-05-09T10:03:25.329134Z","level":"INFO","fields":{"message":"Vulkan shader and pipeline verification complete"},"target":"kiln_model::backend::vulkan"}
{"timestamp":"2026-05-09T10:03:25.330421Z","level":"INFO","fields":{"message":"Vulkan custom kernels precompiled during background prewarm","elapsed_ms":4},"target":"kiln"}
{"timestamp":"2026-05-09T10:03:25.452357Z","level":"INFO","fields":{"message":"response","status":200,"duration_ms":0.414478},"target":"kiln_server::api","span":{"duration_ms":0.414478,"method":"GET","path":"/health","status":200,"name":"http_request"},"spans":[{"duration_ms":0.414478,"method":"GET","path":"/health","status":200,"name":"http_request"}]}
{"timestamp":"2026-05-09T10:03:25.453873Z","level":"INFO","fields":{"message":"response","status":200,"duration_ms":0.046059},"target":"kiln_server::api","span":{"duration_ms":0.046059,"method":"GET","path":"/metrics","status":200,"name":"http_request"},"spans":[{"duration_ms":0.046059,"method":"GET","path":"/metrics","status":200,"name":"http_request"}]}
{"timestamp":"2026-05-09T10:03:25.456724Z","level":"INFO","fields":{"message":"response","status":200,"duration_ms":0.808177},"target":"kiln_server::api","span":{"duration_ms":0.808177,"method":"POST","path":"/v1/chat/completions","status":200,"name":"http_request"},"spans":[{"duration_ms":0.808177,"method":"POST","path":"/v1/chat/completions","status":200,"name":"http_request"}]}
{"timestamp":"2026-05-09T10:03:25.457218Z","level":"INFO","fields":{"message":"response","status":200,"duration_ms":0.30578099999999997},"target":"kiln_server::api","span":{"duration_ms":0.30578099999999997,"method":"POST","path":"/v1/chat/completions","status":200,"name":"http_request"},"spans":[{"duration_ms":0.30578099999999997,"method":"POST","path":"/v1/chat/completions","status":200,"name":"http_request"}]}
{"timestamp":"2026-05-09T10:03:25.457339Z","level":"INFO","fields":{"message":"response","status":200,"duration_ms":0.398159},"target":"kiln_server::api","span":{"duration_ms":0.398159,"method":"POST","path":"/v1/chat/completions","status":200,"name":"http_request"},"spans":[{"duration_ms":0.398159,"method":"POST","path":"/v1/chat/completions","status":200,"name":"http_request"}]}
{"timestamp":"2026-05-09T10:03:25.457399Z","level":"INFO","fields":{"message":"response","status":200,"duration_ms":0.36652},"target":"kiln_server::api","span":{"duration_ms":0.36652,"method":"POST","path":"/v1/chat/completions","status":200,"name":"http_request"},"spans":[{"duration_ms":0.36652,"method":"POST","path":"/v1/chat/completions","status":200,"name":"http_request"}]}
kiln_profile_vulkan_mlp_kernel_stage stage=extract_x batch=64 hidden=2560 intermediate=9216 out_dim=2560 bf16_weights=false use_rows2=true elapsed_ms=0.067
kiln_profile_vulkan_mlp_kernel_stage stage=alloc_x batch=64 hidden=2560 intermediate=9216 out_dim=2560 bf16_weights=false use_rows2=true elapsed_ms=0.033
kiln_profile_vulkan_mlp_kernel_stage stage=upload_x batch=64 hidden=2560 intermediate=9216 out_dim=2560 bf16_weights=false use_rows2=true elapsed_ms=0.126
kiln_profile_vulkan_mlp_kernel_stage stage=alloc_hidden_out batch=64 hidden=2560 intermediate=9216 out_dim=2560 bf16_weights=false use_rows2=true elapsed_ms=0.022
kiln_profile_vulkan_mlp_kernel_stage stage=gate_up batch=64 hidden=2560 intermediate=9216 out_dim=2560 bf16_weights=false use_rows2=true elapsed_ms=14.991
kiln_profile_vulkan_mlp_kernel_stage stage=down batch=64 hidden=2560 intermediate=9216 out_dim=2560 bf16_weights=false use_rows2=true elapsed_ms=4.028
kiln_profile_vulkan_mlp_kernel_stage stage=readback_out batch=64 hidden=2560 intermediate=9216 out_dim=2560 bf16_weights=false use_rows2=true elapsed_ms=2.721
kiln_profile_vulkan_mlp_kernel_stage stage=create_tensor batch=64 hidden=2560 intermediate=9216 out_dim=2560 bf16_weights=false use_rows2=true elapsed_ms=0.025
kiln_profile_mlp_stage layer=0 stage=fused seq_len=64 start_pos=0 elapsed_ms=207.612
kiln_profile_vulkan_mlp_kernel_stage stage=extract_x batch=64 hidden=2560 intermediate=9216 out_dim=2560 bf16_weights=false use_rows2=true elapsed_ms=0.065
kiln_profile_vulkan_mlp_kernel_stage stage=alloc_x batch=64 hidden=2560 intermediate=9216 out_dim=2560 bf16_weights=false use_rows2=true elapsed_ms=0.030
kiln_profile_vulkan_mlp_kernel_stage stage=upload_x batch=64 hidden=2560 intermediate=9216 out_dim=2560 bf16_weights=false use_rows2=true elapsed_ms=0.143
kiln_profile_vulkan_mlp_kernel_stage stage=alloc_hidden_out batch=64 hidden=2560 intermediate=9216 out_dim=2560 bf16_weights=false use_rows2=true elapsed_ms=0.025
kiln_profile_vulkan_mlp_kernel_stage stage=gate_up batch=64 hidden=2560 intermediate=9216 out_dim=2560 bf16_weights=false use_rows2=true elapsed_ms=20.570
kiln_profile_vulkan_mlp_kernel_stage stage=down batch=64 hidden=2560 intermediate=9216 out_dim=2560 bf16_weights=false use_rows2=true elapsed_ms=4.090
kiln_profile_vulkan_mlp_kernel_stage stage=readback_out batch=64 hidden=2560 intermediate=9216 out_dim=2560 bf16_weights=false use_rows2=true elapsed_ms=1.114
kiln_profile_vulkan_mlp_kernel_stage stage=create_tensor batch=64 hidden=2560 intermediate=9216 out_dim=2560 bf16_weights=false use_rows2=true elapsed_ms=0.029
kiln_profile_mlp_stage layer=1 stage=fused seq_len=64 start_pos=0 elapsed_ms=208.359
kiln_profile_vulkan_mlp_kernel_stage stage=extract_x batch=64 hidden=2560 intermediate=9216 out_dim=2560 bf16_weights=false use_rows2=true elapsed_ms=0.066
kiln_profile_vulkan_mlp_kernel_stage stage=alloc_x batch=64 hidden=2560 intermediate=9216 out_dim=2560 bf16_weights=false use_rows2=true elapsed_ms=0.025
kiln_profile_vulkan_mlp_kernel_stage stage=upload_x batch=64 hidden=2560 intermediate=9216 out_dim=2560 bf16_weights=false use_rows2=true elapsed_ms=0.126
kiln_profile_vulkan_mlp_kernel_stage stage=alloc_hidden_out batch=64 hidden=2560 intermediate=9216 out_dim=2560 bf16_weights=false use_rows2=true elapsed_ms=0.038
kiln_profile_vulkan_mlp_kernel_stage stage=gate_up batch=64 hidden=2560 intermediate=9216 out_dim=2560 bf16_weights=false use_rows2=true elapsed_ms=21.735
kiln_profile_vulkan_mlp_kernel_stage stage=down batch=64 hidden=2560 intermediate=9216 out_dim=2560 bf16_weights=false use_rows2=true elapsed_ms=4.189
kiln_profile_vulkan_mlp_kernel_stage stage=readback_out batch=64 hidden=2560 intermediate=9216 out_dim=2560 bf16_weights=false use_rows2=true elapsed_ms=0.994
kiln_profile_vulkan_mlp_kernel_stage stage=create_tensor batch=64 hidden=2560 intermediate=9216 out_dim=2560 bf16_weights=false use_rows2=true elapsed_ms=0.027
kiln_profile_mlp_stage layer=2 stage=fused seq_len=64 start_pos=0 elapsed_ms=208.293
kiln_profile_vulkan_mlp_kernel_stage stage=extract_x batch=64 hidden=2560 intermediate=9216 out_dim=2560 bf16_weights=false use_rows2=true elapsed_ms=0.062
kiln_profile_vulkan_mlp_kernel_stage stage=alloc_x batch=64 hidden=2560 intermediate=9216 out_dim=2560 bf16_weights=false use_rows2=true elapsed_ms=0.026
kiln_profile_vulkan_mlp_kernel_stage stage=upload_x batch=64 hidden=2560 intermediate=9216 out_dim=2560 bf16_weights=false use_rows2=true elapsed_ms=0.125
kiln_profile_vulkan_mlp_kernel_stage stage=alloc_hidden_out batch=64 hidden=2560 intermediate=9216 out_dim=2560 bf16_weights=false use_rows2=true elapsed_ms=0.022
kiln_profile_vulkan_mlp_kernel_stage stage=gate_up batch=64 hidden=2560 intermediate=9216 out_dim=2560 bf16_weights=false use_rows2=true elapsed_ms=19.692
kiln_profile_vulkan_mlp_kernel_stage stage=down batch=64 hidden=2560 intermediate=9216 out_dim=2560 bf16_weights=false use_rows2=true elapsed_ms=4.126
kiln_profile_vulkan_mlp_kernel_stage stage=readback_out batch=64 hidden=2560 intermediate=9216 out_dim=2560 bf16_weights=false use_rows2=true elapsed_ms=2.745
kiln_profile_vulkan_mlp_kernel_stage stage=create_tensor batch=64 hidden=2560 intermediate=9216 out_dim=2560 bf16_weights=false use_rows2=true elapsed_ms=0.024
kiln_profile_mlp_stage layer=3 stage=fused seq_len=64 start_pos=0 elapsed_ms=213.056
kiln_profile_vulkan_mlp_kernel_stage stage=extract_x batch=64 hidden=2560 intermediate=9216 out_dim=2560 bf16_weights=false use_rows2=true elapsed_ms=0.059
kiln_profile_vulkan_mlp_kernel_stage stage=alloc_x batch=64 hidden=2560 intermediate=9216 out_dim=2560 bf16_weights=false use_rows2=true elapsed_ms=0.017
kiln_profile_vulkan_mlp_kernel_stage stage=upload_x batch=64 hidden=2560 intermediate=9216 out_dim=2560 bf16_weights=false use_rows2=true elapsed_ms=0.183
kiln_profile_vulkan_mlp_kernel_stage stage=alloc_hidden_out batch=64 hidden=2560 intermediate=9216 out_dim=2560 bf16_weights=false use_rows2=true elapsed_ms=0.026
kiln_profile_vulkan_mlp_kernel_stage stage=gate_up batch=64 hidden=2560 intermediate=9216 out_dim=2560 bf16_weights=false use_rows2=true elapsed_ms=19.400
kiln_profile_vulkan_mlp_kernel_stage stage=down batch=64 hidden=2560 intermediate=9216 out_dim=2560 bf16_weights=false use_rows2=true elapsed_ms=4.087
kiln_profile_vulkan_mlp_kernel_stage stage=readback_out batch=64 hidden=2560 intermediate=9216 out_dim=2560 bf16_weights=false use_rows2=true elapsed_ms=2.819
kiln_profile_vulkan_mlp_kernel_stage stage=create_tensor batch=64 hidden=2560 intermediate=9216 out_dim=2560 bf16_weights=false use_rows2=true elapsed_ms=0.025
kiln_profile_mlp_stage layer=4 stage=fused seq_len=64 start_pos=0 elapsed_ms=228.533
kiln_profile_vulkan_mlp_kernel_stage stage=extract_x batch=64 hidden=2560 intermediate=9216 out_dim=2560 bf16_weights=false use_rows2=true elapsed_ms=0.083
kiln_profile_vulkan_mlp_kernel_stage stage=alloc_x batch=64 hidden=2560 intermediate=9216 out_dim=2560 bf16_weights=false use_rows2=true elapsed_ms=0.022
kiln_profile_vulkan_mlp_kernel_stage stage=upload_x batch=64 hidden=2560 intermediate=9216 out_dim=2560 bf16_weights=false use_rows2=true elapsed_ms=0.389
kiln_profile_vulkan_mlp_kernel_stage stage=alloc_hidden_out batch=64 hidden=2560 intermediate=9216 out_dim=2560 bf16_weights=false use_rows2=true elapsed_ms=0.024
kiln_profile_vulkan_mlp_kernel_stage stage=gate_up batch=64 hidden=2560 intermediate=9216 out_dim=2560 bf16_weights=false use_rows2=true elapsed_ms=22.648
kiln_profile_vulkan_mlp_kernel_stage stage=down batch=64 hidden=2560 intermediate=9216 out_dim=2560 bf16_weights=false use_rows2=true elapsed_ms=4.100
kiln_profile_vulkan_mlp_kernel_stage stage=readback_out batch=64 hidden=2560 intermediate=9216 out_dim=2560 bf16_weights=false use_rows2=true elapsed_ms=1.001
kiln_profile_vulkan_mlp_kernel_stage stage=create_tensor batch=64 hidden=2560 intermediate=9216 out_dim=2560 bf16_weights=false use_rows2=true elapsed_ms=0.026
kiln_profile_mlp_stage layer=5 stage=fused seq_len=64 start_pos=0 elapsed_ms=237.060
kiln_profile_vulkan_mlp_kernel_stage stage=extract_x batch=64 hidden=2560 intermediate=9216 out_dim=2560 bf16_weights=false use_rows2=true elapsed_ms=0.066
kiln_profile_vulkan_mlp_kernel_stage stage=alloc_x batch=64 hidden=2560 intermediate=9216 out_dim=2560 bf16_weights=false use_rows2=true elapsed_ms=0.028
kiln_profile_vulkan_mlp_kernel_stage stage=upload_x batch=64 hidden=2560 intermediate=9216 out_dim=2560 bf16_weights=false use_rows2=true elapsed_ms=0.179
kiln_profile_vulkan_mlp_kernel_stage stage=alloc_hidden_out batch=64 hidden=2560 intermediate=9216 out_dim=2560 bf16_weights=false use_rows2=true elapsed_ms=0.019
kiln_profile_vulkan_mlp_kernel_stage stage=gate_up batch=64 hidden=2560 intermediate=9216 out_dim=2560 bf16_weights=false use_rows2=true elapsed_ms=20.579
kiln_profile_vulkan_mlp_kernel_stage stage=down batch=64 hidden=2560 intermediate=9216 out_dim=2560 bf16_weights=false use_rows2=true elapsed_ms=4.067
kiln_profile_vulkan_mlp_kernel_stage stage=readback_out batch=64 hidden=2560 intermediate=9216 out_dim=2560 bf16_weights=false use_rows2=true elapsed_ms=1.320
kiln_profile_vulkan_mlp_kernel_stage stage=create_tensor batch=64 hidden=2560 intermediate=9216 out_dim=2560 bf16_weights=false use_rows2=true elapsed_ms=0.025
kiln_profile_mlp_stage layer=6 stage=fused seq_len=64 start_pos=0 elapsed_ms=232.363
kiln_profile_vulkan_mlp_kernel_stage stage=extract_x batch=64 hidden=2560 intermediate=9216 out_dim=2560 bf16_weights=false use_rows2=true elapsed_ms=0.067
kiln_profile_vulkan_mlp_kernel_stage stage=alloc_x batch=64 hidden=2560 intermediate=9216 out_dim=2560 bf16_weights=false use_rows2=true elapsed_ms=0.035
kiln_profile_vulkan_mlp_kernel_stage stage=upload_x batch=64 hidden=2560 intermediate=9216 out_dim=2560 bf16_weights=false use_rows2=true elapsed_ms=0.166
kiln_profile_vulkan_mlp_kernel_stage stage=alloc_hidden_out batch=64 hidden=2560 intermediate=9216 out_dim=2560 bf16_weights=false use_rows2=true elapsed_ms=0.026
kiln_profile_vulkan_mlp_kernel_stage stage=gate_up batch=64 hidden=2560 intermediate=9216 out_dim=2560 bf16_weights=false use_rows2=true elapsed_ms=19.257
kiln_profile_vulkan_mlp_kernel_stage stage=down batch=64 hidden=2560 intermediate=9216 out_dim=2560 bf16_weights=false use_rows2=true elapsed_ms=4.061
kiln_profile_vulkan_mlp_kernel_stage stage=readback_out batch=64 hidden=2560 intermediate=9216 out_dim=2560 bf16_weights=false use_rows2=true elapsed_ms=1.280
kiln_profile_vulkan_mlp_kernel_stage stage=create_tensor batch=64 hidden=2560 intermediate=9216 out_dim=2560 bf16_weights=false use_rows2=true elapsed_ms=0.026
kiln_profile_mlp_stage layer=7 stage=fused seq_len=64 start_pos=0 elapsed_ms=226.867
kiln_profile_vulkan_mlp_kernel_stage stage=extract_x batch=64 hidden=2560 intermediate=9216 out_dim=2560 bf16_weights=false use_rows2=true elapsed_ms=0.067
kiln_profile_vulkan_mlp_kernel_stage stage=alloc_x batch=64 hidden=2560 intermediate=9216 out_dim=2560 bf16_weights=false use_rows2=true elapsed_ms=0.037
kiln_profile_vulkan_mlp_kernel_stage stage=upload_x batch=64 hidden=2560 intermediate=9216 out_dim=2560 bf16_weights=false use_rows2=true elapsed_ms=0.139
kiln_profile_vulkan_mlp_kernel_stage stage=alloc_hidden_out batch=64 hidden=2560 intermediate=9216 out_dim=2560 bf16_weights=false use_rows2=true elapsed_ms=0.025
kiln_profile_vulkan_mlp_kernel_stage stage=gate_up batch=64 hidden=2560 intermediate=9216 out_dim=2560 bf16_weights=false use_rows2=true elapsed_ms=21.268
kiln_profile_vulkan_mlp_kernel_stage stage=down batch=64 hidden=2560 intermediate=9216 out_dim=2560 bf16_weights=false use_rows2=true elapsed_ms=4.017
kiln_profile_vulkan_mlp_kernel_stage stage=readback_out batch=64 hidden=2560 intermediate=9216 out_dim=2560 bf16_weights=false use_rows2=true elapsed_ms=2.703
kiln_profile_vulkan_mlp_kernel_stage stage=create_tensor batch=64 hidden=2560 intermediate=9216 out_dim=2560 bf16_weights=false use_rows2=true elapsed_ms=0.022
kiln_profile_mlp_stage layer=8 stage=fused seq_len=64 start_pos=0 elapsed_ms=214.951
kiln_profile_vulkan_mlp_kernel_stage stage=extract_x batch=64 hidden=2560 intermediate=9216 out_dim=2560 bf16_weights=false use_rows2=true elapsed_ms=0.071
kiln_profile_vulkan_mlp_kernel_stage stage=alloc_x batch=64 hidden=2560 intermediate=9216 out_dim=2560 bf16_weights=false use_rows2=true elapsed_ms=0.022
kiln_profile_vulkan_mlp_kernel_stage stage=upload_x batch=64 hidden=2560 intermediate=9216 out_dim=2560 bf16_weights=false use_rows2=true elapsed_ms=0.657
kiln_profile_vulkan_mlp_kernel_stage stage=alloc_hidden_out batch=64 hidden=2560 intermediate=9216 out_dim=2560 bf16_weights=false use_rows2=true elapsed_ms=0.020
kiln_profile_vulkan_mlp_kernel_stage stage=gate_up batch=64 hidden=2560 intermediate=9216 out_dim=2560 bf16_weights=false use_rows2=true elapsed_ms=20.771
kiln_profile_vulkan_mlp_kernel_stage stage=down batch=64 hidden=2560 intermediate=9216 out_dim=2560 bf16_weights=false use_rows2=true elapsed_ms=4.214
kiln_profile_vulkan_mlp_kernel_stage stage=readback_out batch=64 hidden=2560 intermediate=9216 out_dim=2560 bf16_weights=false use_rows2=true elapsed_ms=2.957
kiln_profile_vulkan_mlp_kernel_stage stage=create_tensor batch=64 hidden=2560 intermediate=9216 out_dim=2560 bf16_weights=false use_rows2=true elapsed_ms=0.025
kiln_profile_mlp_stage layer=9 stage=fused seq_len=64 start_pos=0 elapsed_ms=231.321
kiln_profile_vulkan_mlp_kernel_stage stage=extract_x batch=64 hidden=2560 intermediate=9216 out_dim=2560 bf16_weights=false use_rows2=true elapsed_ms=0.068
kiln_profile_vulkan_mlp_kernel_stage stage=alloc_x batch=64 hidden=2560 intermediate=9216 out_dim=2560 bf16_weights=false use_rows2=true elapsed_ms=0.040
kiln_profile_vulkan_mlp_kernel_stage stage=upload_x batch=64 hidden=2560 intermediate=9216 out_dim=2560 bf16_weights=false use_rows2=true elapsed_ms=0.212
kiln_profile_vulkan_mlp_kernel_stage stage=alloc_hidden_out batch=64 hidden=2560 intermediate=9216 out_dim=2560 bf16_weights=false use_rows2=true elapsed_ms=0.020
kiln_profile_vulkan_mlp_kernel_stage stage=gate_up batch=64 hidden=2560 intermediate=9216 out_dim=2560 bf16_weights=false use_rows2=true elapsed_ms=19.549
kiln_profile_vulkan_mlp_kernel_stage stage=down batch=64 hidden=2560 intermediate=9216 out_dim=2560 bf16_weights=false use_rows2=true elapsed_ms=4.150
kiln_profile_vulkan_mlp_kernel_stage stage=readback_out batch=64 hidden=2560 intermediate=9216 out_dim=2560 bf16_weights=false use_rows2=true elapsed_ms=2.821
kiln_profile_vulkan_mlp_kernel_stage stage=create_tensor batch=64 hidden=2560 intermediate=9216 out_dim=2560 bf16_weights=false use_rows2=true elapsed_ms=0.023
kiln_profile_mlp_stage layer=10 stage=fused seq_len=64 start_pos=0 elapsed_ms=228.438
kiln_profile_vulkan_mlp_kernel_stage stage=extract_x batch=64 hidden=2560 intermediate=9216 out_dim=2560 bf16_weights=false use_rows2=true elapsed_ms=0.069
kiln_profile_vulkan_mlp_kernel_stage stage=alloc_x batch=64 hidden=2560 intermediate=9216 out_dim=2560 bf16_weights=false use_rows2=true elapsed_ms=0.036
kiln_profile_vulkan_mlp_kernel_stage stage=upload_x batch=64 hidden=2560 intermediate=9216 out_dim=2560 bf16_weights=false use_rows2=true elapsed_ms=0.129
kiln_profile_vulkan_mlp_kernel_stage stage=alloc_hidden_out batch=64 hidden=2560 intermediate=9216 out_dim=2560 bf16_weights=false use_rows2=true elapsed_ms=0.022
kiln_profile_vulkan_mlp_kernel_stage stage=gate_up batch=64 hidden=2560 intermediate=9216 out_dim=2560 bf16_weights=false use_rows2=true elapsed_ms=21.420
kiln_profile_vulkan_mlp_kernel_stage stage=down batch=64 hidden=2560 intermediate=9216 out_dim=2560 bf16_weights=false use_rows2=true elapsed_ms=4.089
kiln_profile_vulkan_mlp_kernel_stage stage=readback_out batch=64 hidden=2560 intermediate=9216 out_dim=2560 bf16_weights=false use_rows2=true elapsed_ms=2.660
kiln_profile_vulkan_mlp_kernel_stage stage=create_tensor batch=64 hidden=2560 intermediate=9216 out_dim=2560 bf16_weights=false use_rows2=true elapsed_ms=0.025
kiln_profile_mlp_stage layer=11 stage=fused seq_len=64 start_pos=0 elapsed_ms=230.772
kiln_profile_vulkan_mlp_kernel_stage stage=extract_x batch=64 hidden=2560 intermediate=9216 out_dim=2560 bf16_weights=false use_rows2=true elapsed_ms=0.067
kiln_profile_vulkan_mlp_kernel_stage stage=alloc_x batch=64 hidden=2560 intermediate=9216 out_dim=2560 bf16_weights=false use_rows2=true elapsed_ms=0.044
kiln_profile_vulkan_mlp_kernel_stage stage=upload_x batch=64 hidden=2560 intermediate=9216 out_dim=2560 bf16_weights=false use_rows2=true elapsed_ms=0.217
kiln_profile_vulkan_mlp_kernel_stage stage=alloc_hidden_out batch=64 hidden=2560 intermediate=9216 out_dim=2560 bf16_weights=false use_rows2=true elapsed_ms=0.028
kiln_profile_vulkan_mlp_kernel_stage stage=gate_up batch=64 hidden=2560 intermediate=9216 out_dim=2560 bf16_weights=false use_rows2=true elapsed_ms=19.364
kiln_profile_vulkan_mlp_kernel_stage stage=down batch=64 hidden=2560 intermediate=9216 out_dim=2560 bf16_weights=false use_rows2=true elapsed_ms=4.108
kiln_profile_vulkan_mlp_kernel_stage stage=readback_out batch=64 hidden=2560 intermediate=9216 out_dim=2560 bf16_weights=false use_rows2=true elapsed_ms=1.286
kiln_profile_vulkan_mlp_kernel_stage stage=create_tensor batch=64 hidden=2560 intermediate=9216 out_dim=2560 bf16_weights=false use_rows2=true elapsed_ms=0.024
kiln_profile_mlp_stage layer=12 stage=fused seq_len=64 start_pos=0 elapsed_ms=211.861
kiln_profile_vulkan_mlp_kernel_stage stage=extract_x batch=64 hidden=2560 intermediate=9216 out_dim=2560 bf16_weights=false use_rows2=true elapsed_ms=0.066
kiln_profile_vulkan_mlp_kernel_stage stage=alloc_x batch=64 hidden=2560 intermediate=9216 out_dim=2560 bf16_weights=false use_rows2=true elapsed_ms=0.047
kiln_profile_vulkan_mlp_kernel_stage stage=upload_x batch=64 hidden=2560 intermediate=9216 out_dim=2560 bf16_weights=false use_rows2=true elapsed_ms=0.391
kiln_profile_vulkan_mlp_kernel_stage stage=alloc_hidden_out batch=64 hidden=2560 intermediate=9216 out_dim=2560 bf16_weights=false use_rows2=true elapsed_ms=0.036
kiln_profile_vulkan_mlp_kernel_stage stage=gate_up batch=64 hidden=2560 intermediate=9216 out_dim=2560 bf16_weights=false use_rows2=true elapsed_ms=21.577
kiln_profile_vulkan_mlp_kernel_stage stage=down batch=64 hidden=2560 intermediate=9216 out_dim=2560 bf16_weights=false use_rows2=true elapsed_ms=4.090
kiln_profile_vulkan_mlp_kernel_stage stage=readback_out batch=64 hidden=2560 intermediate=9216 out_dim=2560 bf16_weights=false use_rows2=true elapsed_ms=1.256
kiln_profile_vulkan_mlp_kernel_stage stage=create_tensor batch=64 hidden=2560 intermediate=9216 out_dim=2560 bf16_weights=false use_rows2=true elapsed_ms=0.023
kiln_profile_mlp_stage layer=13 stage=fused seq_len=64 start_pos=0 elapsed_ms=216.246
kiln_profile_vulkan_mlp_kernel_stage stage=extract_x batch=64 hidden=2560 intermediate=9216 out_dim=2560 bf16_weights=false use_rows2=true elapsed_ms=0.070
kiln_profile_vulkan_mlp_kernel_stage stage=alloc_x batch=64 hidden=2560 intermediate=9216 out_dim=2560 bf16_weights=false use_rows2=true elapsed_ms=0.045
kiln_profile_vulkan_mlp_kernel_stage stage=upload_x batch=64 hidden=2560 intermediate=9216 out_dim=2560 bf16_weights=false use_rows2=true elapsed_ms=0.220
kiln_profile_vulkan_mlp_kernel_stage stage=alloc_hidden_out batch=64 hidden=2560 intermediate=9216 out_dim=2560 bf16_weights=false use_rows2=true elapsed_ms=0.019
kiln_profile_vulkan_mlp_kernel_stage stage=gate_up batch=64 hidden=2560 intermediate=9216 out_dim=2560 bf16_weights=false use_rows2=true elapsed_ms=20.702
kiln_profile_vulkan_mlp_kernel_stage stage=down batch=64 hidden=2560 intermediate=9216 out_dim=2560 bf16_weights=false use_rows2=true elapsed_ms=4.186
kiln_profile_vulkan_mlp_kernel_stage stage=readback_out batch=64 hidden=2560 intermediate=9216 out_dim=2560 bf16_weights=false use_rows2=true elapsed_ms=2.910
kiln_profile_vulkan_mlp_kernel_stage stage=create_tensor batch=64 hidden=2560 intermediate=9216 out_dim=2560 bf16_weights=false use_rows2=true elapsed_ms=0.024
kiln_profile_mlp_stage layer=14 stage=fused seq_len=64 start_pos=0 elapsed_ms=226.271
kiln_profile_vulkan_mlp_kernel_stage stage=extract_x batch=64 hidden=2560 intermediate=9216 out_dim=2560 bf16_weights=false use_rows2=true elapsed_ms=0.071
kiln_profile_vulkan_mlp_kernel_stage stage=alloc_x batch=64 hidden=2560 intermediate=9216 out_dim=2560 bf16_weights=false use_rows2=true elapsed_ms=0.044
kiln_profile_vulkan_mlp_kernel_stage stage=upload_x batch=64 hidden=2560 intermediate=9216 out_dim=2560 bf16_weights=false use_rows2=true elapsed_ms=0.171
kiln_profile_vulkan_mlp_kernel_stage stage=alloc_hidden_out batch=64 hidden=2560 intermediate=9216 out_dim=2560 bf16_weights=false use_rows2=true elapsed_ms=0.030
kiln_profile_vulkan_mlp_kernel_stage stage=gate_up batch=64 hidden=2560 intermediate=9216 out_dim=2560 bf16_weights=false use_rows2=true elapsed_ms=19.234
kiln_profile_vulkan_mlp_kernel_stage stage=down batch=64 hidden=2560 intermediate=9216 out_dim=2560 bf16_weights=false use_rows2=true elapsed_ms=4.073
kiln_profile_vulkan_mlp_kernel_stage stage=readback_out batch=64 hidden=2560 intermediate=9216 out_dim=2560 bf16_weights=false use_rows2=true elapsed_ms=0.973
kiln_profile_vulkan_mlp_kernel_stage stage=create_tensor batch=64 hidden=2560 intermediate=9216 out_dim=2560 bf16_weights=false use_rows2=true elapsed_ms=0.025
kiln_profile_mlp_stage layer=15 stage=fused seq_len=64 start_pos=0 elapsed_ms=228.656
kiln_profile_vulkan_mlp_kernel_stage stage=extract_x batch=64 hidden=2560 intermediate=9216 out_dim=2560 bf16_weights=false use_rows2=true elapsed_ms=0.072
kiln_profile_vulkan_mlp_kernel_stage stage=alloc_x batch=64 hidden=2560 intermediate=9216 out_dim=2560 bf16_weights=false use_rows2=true elapsed_ms=0.049
kiln_profile_vulkan_mlp_kernel_stage stage=upload_x batch=64 hidden=2560 intermediate=9216 out_dim=2560 bf16_weights=false use_rows2=true elapsed_ms=0.210
kiln_profile_vulkan_mlp_kernel_stage stage=alloc_hidden_out batch=64 hidden=2560 intermediate=9216 out_dim=2560 bf16_weights=false use_rows2=true elapsed_ms=0.022
kiln_profile_vulkan_mlp_kernel_stage stage=gate_up batch=64 hidden=2560 intermediate=9216 out_dim=2560 bf16_weights=false use_rows2=true elapsed_ms=20.687
kiln_profile_vulkan_mlp_kernel_stage stage=down batch=64 hidden=2560 intermediate=9216 out_dim=2560 bf16_weights=false use_rows2=true elapsed_ms=4.091
kiln_profile_vulkan_mlp_kernel_stage stage=readback_out batch=64 hidden=2560 intermediate=9216 out_dim=2560 bf16_weights=false use_rows2=true elapsed_ms=1.386
kiln_profile_vulkan_mlp_kernel_stage stage=create_tensor batch=64 hidden=2560 intermediate=9216 out_dim=2560 bf16_weights=false use_rows2=true elapsed_ms=0.030
kiln_profile_mlp_stage layer=16 stage=fused seq_len=64 start_pos=0 elapsed_ms=228.966
kiln_profile_vulkan_mlp_kernel_stage stage=extract_x batch=64 hidden=2560 intermediate=9216 out_dim=2560 bf16_weights=false use_rows2=true elapsed_ms=0.064
kiln_profile_vulkan_mlp_kernel_stage stage=alloc_x batch=64 hidden=2560 intermediate=9216 out_dim=2560 bf16_weights=false use_rows2=true elapsed_ms=0.050
kiln_profile_vulkan_mlp_kernel_stage stage=upload_x batch=64 hidden=2560 intermediate=9216 out_dim=2560 bf16_weights=false use_rows2=true elapsed_ms=0.425
kiln_profile_vulkan_mlp_kernel_stage stage=alloc_hidden_out batch=64 hidden=2560 intermediate=9216 out_dim=2560 bf16_weights=false use_rows2=true elapsed_ms=0.020
kiln_profile_vulkan_mlp_kernel_stage stage=gate_up batch=64 hidden=2560 intermediate=9216 out_dim=2560 bf16_weights=false use_rows2=true elapsed_ms=19.259
kiln_profile_vulkan_mlp_kernel_stage stage=down batch=64 hidden=2560 intermediate=9216 out_dim=2560 bf16_weights=false use_rows2=true elapsed_ms=4.090
kiln_profile_vulkan_mlp_kernel_stage stage=readback_out batch=64 hidden=2560 intermediate=9216 out_dim=2560 bf16_weights=false use_rows2=true elapsed_ms=1.172
kiln_profile_vulkan_mlp_kernel_stage stage=create_tensor batch=64 hidden=2560 intermediate=9216 out_dim=2560 bf16_weights=false use_rows2=true elapsed_ms=0.025
kiln_profile_mlp_stage layer=17 stage=fused seq_len=64 start_pos=0 elapsed_ms=209.286
kiln_profile_vulkan_mlp_kernel_stage stage=extract_x batch=64 hidden=2560 intermediate=9216 out_dim=2560 bf16_weights=false use_rows2=true elapsed_ms=0.069
kiln_profile_vulkan_mlp_kernel_stage stage=alloc_x batch=64 hidden=2560 intermediate=9216 out_dim=2560 bf16_weights=false use_rows2=true elapsed_ms=0.029
kiln_profile_vulkan_mlp_kernel_stage stage=upload_x batch=64 hidden=2560 intermediate=9216 out_dim=2560 bf16_weights=false use_rows2=true elapsed_ms=0.340
kiln_profile_vulkan_mlp_kernel_stage stage=alloc_hidden_out batch=64 hidden=2560 intermediate=9216 out_dim=2560 bf16_weights=false use_rows2=true elapsed_ms=0.023
kiln_profile_vulkan_mlp_kernel_stage stage=gate_up batch=64 hidden=2560 intermediate=9216 out_dim=2560 bf16_weights=false use_rows2=true elapsed_ms=22.662
kiln_profile_vulkan_mlp_kernel_stage stage=down batch=64 hidden=2560 intermediate=9216 out_dim=2560 bf16_weights=false use_rows2=true elapsed_ms=4.063
kiln_profile_vulkan_mlp_kernel_stage stage=readback_out batch=64 hidden=2560 intermediate=9216 out_dim=2560 bf16_weights=false use_rows2=true elapsed_ms=2.780
kiln_profile_vulkan_mlp_kernel_stage stage=create_tensor batch=64 hidden=2560 intermediate=9216 out_dim=2560 bf16_weights=false use_rows2=true elapsed_ms=0.025
kiln_profile_mlp_stage layer=18 stage=fused seq_len=64 start_pos=0 elapsed_ms=220.728
kiln_profile_vulkan_mlp_kernel_stage stage=extract_x batch=64 hidden=2560 intermediate=9216 out_dim=2560 bf16_weights=false use_rows2=true elapsed_ms=0.072
kiln_profile_vulkan_mlp_kernel_stage stage=alloc_x batch=64 hidden=2560 intermediate=9216 out_dim=2560 bf16_weights=false use_rows2=true elapsed_ms=0.029
kiln_profile_vulkan_mlp_kernel_stage stage=upload_x batch=64 hidden=2560 intermediate=9216 out_dim=2560 bf16_weights=false use_rows2=true elapsed_ms=0.143
kiln_profile_vulkan_mlp_kernel_stage stage=alloc_hidden_out batch=64 hidden=2560 intermediate=9216 out_dim=2560 bf16_weights=false use_rows2=true elapsed_ms=0.023
kiln_profile_vulkan_mlp_kernel_stage stage=gate_up batch=64 hidden=2560 intermediate=9216 out_dim=2560 bf16_weights=false use_rows2=true elapsed_ms=19.545
kiln_profile_vulkan_mlp_kernel_stage stage=down batch=64 hidden=2560 intermediate=9216 out_dim=2560 bf16_weights=false use_rows2=true elapsed_ms=4.029
kiln_profile_vulkan_mlp_kernel_stage stage=readback_out batch=64 hidden=2560 intermediate=9216 out_dim=2560 bf16_weights=false use_rows2=true elapsed_ms=1.040
kiln_profile_vulkan_mlp_kernel_stage stage=create_tensor batch=64 hidden=2560 intermediate=9216 out_dim=2560 bf16_weights=false use_rows2=true elapsed_ms=0.027
kiln_profile_mlp_stage layer=19 stage=fused seq_len=64 start_pos=0 elapsed_ms=226.286
kiln_profile_vulkan_mlp_kernel_stage stage=extract_x batch=64 hidden=2560 intermediate=9216 out_dim=2560 bf16_weights=false use_rows2=true elapsed_ms=0.066
kiln_profile_vulkan_mlp_kernel_stage stage=alloc_x batch=64 hidden=2560 intermediate=9216 out_dim=2560 bf16_weights=false use_rows2=true elapsed_ms=0.048
kiln_profile_vulkan_mlp_kernel_stage stage=upload_x batch=64 hidden=2560 intermediate=9216 out_dim=2560 bf16_weights=false use_rows2=true elapsed_ms=0.474
kiln_profile_vulkan_mlp_kernel_stage stage=alloc_hidden_out batch=64 hidden=2560 intermediate=9216 out_dim=2560 bf16_weights=false use_rows2=true elapsed_ms=0.025
kiln_profile_vulkan_mlp_kernel_stage stage=gate_up batch=64 hidden=2560 intermediate=9216 out_dim=2560 bf16_weights=false use_rows2=true elapsed_ms=19.115
kiln_profile_vulkan_mlp_kernel_stage stage=down batch=64 hidden=2560 intermediate=9216 out_dim=2560 bf16_weights=false use_rows2=true elapsed_ms=4.076
kiln_profile_vulkan_mlp_kernel_stage stage=readback_out batch=64 hidden=2560 intermediate=9216 out_dim=2560 bf16_weights=false use_rows2=true elapsed_ms=1.302
kiln_profile_vulkan_mlp_kernel_stage stage=create_tensor batch=64 hidden=2560 intermediate=9216 out_dim=2560 bf16_weights=false use_rows2=true elapsed_ms=0.029
kiln_profile_mlp_stage layer=20 stage=fused seq_len=64 start_pos=0 elapsed_ms=213.545
kiln_profile_vulkan_mlp_kernel_stage stage=extract_x batch=64 hidden=2560 intermediate=9216 out_dim=2560 bf16_weights=false use_rows2=true elapsed_ms=0.057
kiln_profile_vulkan_mlp_kernel_stage stage=alloc_x batch=64 hidden=2560 intermediate=9216 out_dim=2560 bf16_weights=false use_rows2=true elapsed_ms=0.059
kiln_profile_vulkan_mlp_kernel_stage stage=upload_x batch=64 hidden=2560 intermediate=9216 out_dim=2560 bf16_weights=false use_rows2=true elapsed_ms=0.414
kiln_profile_vulkan_mlp_kernel_stage stage=alloc_hidden_out batch=64 hidden=2560 intermediate=9216 out_dim=2560 bf16_weights=false use_rows2=true elapsed_ms=0.022
kiln_profile_vulkan_mlp_kernel_stage stage=gate_up batch=64 hidden=2560 intermediate=9216 out_dim=2560 bf16_weights=false use_rows2=true elapsed_ms=22.169
kiln_profile_vulkan_mlp_kernel_stage stage=down batch=64 hidden=2560 intermediate=9216 out_dim=2560 bf16_weights=false use_rows2=true elapsed_ms=4.077
kiln_profile_vulkan_mlp_kernel_stage stage=readback_out batch=64 hidden=2560 intermediate=9216 out_dim=2560 bf16_weights=false use_rows2=true elapsed_ms=1.446
kiln_profile_vulkan_mlp_kernel_stage stage=create_tensor batch=64 hidden=2560 intermediate=9216 out_dim=2560 bf16_weights=false use_rows2=true elapsed_ms=0.026
kiln_profile_mlp_stage layer=21 stage=fused seq_len=64 start_pos=0 elapsed_ms=229.178
kiln_profile_vulkan_mlp_kernel_stage stage=extract_x batch=64 hidden=2560 intermediate=9216 out_dim=2560 bf16_weights=false use_rows2=true elapsed_ms=0.064
kiln_profile_vulkan_mlp_kernel_stage stage=alloc_x batch=64 hidden=2560 intermediate=9216 out_dim=2560 bf16_weights=false use_rows2=true elapsed_ms=0.044
kiln_profile_vulkan_mlp_kernel_stage stage=upload_x batch=64 hidden=2560 intermediate=9216 out_dim=2560 bf16_weights=false use_rows2=true elapsed_ms=0.228
kiln_profile_vulkan_mlp_kernel_stage stage=alloc_hidden_out batch=64 hidden=2560 intermediate=9216 out_dim=2560 bf16_weights=false use_rows2=true elapsed_ms=0.023
kiln_profile_vulkan_mlp_kernel_stage stage=gate_up batch=64 hidden=2560 intermediate=9216 out_dim=2560 bf16_weights=false use_rows2=true elapsed_ms=21.384
kiln_profile_vulkan_mlp_kernel_stage stage=down batch=64 hidden=2560 intermediate=9216 out_dim=2560 bf16_weights=false use_rows2=true elapsed_ms=4.098
kiln_profile_vulkan_mlp_kernel_stage stage=readback_out batch=64 hidden=2560 intermediate=9216 out_dim=2560 bf16_weights=false use_rows2=true elapsed_ms=2.773
kiln_profile_vulkan_mlp_kernel_stage stage=create_tensor batch=64 hidden=2560 intermediate=9216 out_dim=2560 bf16_weights=false use_rows2=true elapsed_ms=0.024
kiln_profile_mlp_stage layer=22 stage=fused seq_len=64 start_pos=0 elapsed_ms=215.583
kiln_profile_vulkan_mlp_kernel_stage stage=extract_x batch=64 hidden=2560 intermediate=9216 out_dim=2560 bf16_weights=false use_rows2=true elapsed_ms=0.067
kiln_profile_vulkan_mlp_kernel_stage stage=alloc_x batch=64 hidden=2560 intermediate=9216 out_dim=2560 bf16_weights=false use_rows2=true elapsed_ms=0.041
kiln_profile_vulkan_mlp_kernel_stage stage=upload_x batch=64 hidden=2560 intermediate=9216 out_dim=2560 bf16_weights=false use_rows2=true elapsed_ms=0.169
kiln_profile_vulkan_mlp_kernel_stage stage=alloc_hidden_out batch=64 hidden=2560 intermediate=9216 out_dim=2560 bf16_weights=false use_rows2=true elapsed_ms=0.037
kiln_profile_vulkan_mlp_kernel_stage stage=gate_up batch=64 hidden=2560 intermediate=9216 out_dim=2560 bf16_weights=false use_rows2=true elapsed_ms=16.366
kiln_profile_vulkan_mlp_kernel_stage stage=down batch=64 hidden=2560 intermediate=9216 out_dim=2560 bf16_weights=false use_rows2=true elapsed_ms=3.945
kiln_profile_vulkan_mlp_kernel_stage stage=readback_out batch=64 hidden=2560 intermediate=9216 out_dim=2560 bf16_weights=false use_rows2=true elapsed_ms=0.865
kiln_profile_vulkan_mlp_kernel_stage stage=create_tensor batch=64 hidden=2560 intermediate=9216 out_dim=2560 bf16_weights=false use_rows2=true elapsed_ms=0.024
kiln_profile_mlp_stage layer=23 stage=fused seq_len=64 start_pos=0 elapsed_ms=209.430
kiln_profile_vulkan_mlp_kernel_stage stage=extract_x batch=64 hidden=2560 intermediate=9216 out_dim=2560 bf16_weights=false use_rows2=true elapsed_ms=0.064
kiln_profile_vulkan_mlp_kernel_stage stage=alloc_x batch=64 hidden=2560 intermediate=9216 out_dim=2560 bf16_weights=false use_rows2=true elapsed_ms=0.045
kiln_profile_vulkan_mlp_kernel_stage stage=upload_x batch=64 hidden=2560 intermediate=9216 out_dim=2560 bf16_weights=false use_rows2=true elapsed_ms=0.149
kiln_profile_vulkan_mlp_kernel_stage stage=alloc_hidden_out batch=64 hidden=2560 intermediate=9216 out_dim=2560 bf16_weights=false use_rows2=true elapsed_ms=0.025
kiln_profile_vulkan_mlp_kernel_stage stage=gate_up batch=64 hidden=2560 intermediate=9216 out_dim=2560 bf16_weights=false use_rows2=true elapsed_ms=13.834
kiln_profile_vulkan_mlp_kernel_stage stage=down batch=64 hidden=2560 intermediate=9216 out_dim=2560 bf16_weights=false use_rows2=true elapsed_ms=4.035
kiln_profile_vulkan_mlp_kernel_stage stage=readback_out batch=64 hidden=2560 intermediate=9216 out_dim=2560 bf16_weights=false use_rows2=true elapsed_ms=0.970
kiln_profile_vulkan_mlp_kernel_stage stage=create_tensor batch=64 hidden=2560 intermediate=9216 out_dim=2560 bf16_weights=false use_rows2=true elapsed_ms=0.025
kiln_profile_mlp_stage layer=24 stage=fused seq_len=64 start_pos=0 elapsed_ms=206.060
kiln_profile_vulkan_mlp_kernel_stage stage=extract_x batch=64 hidden=2560 intermediate=9216 out_dim=2560 bf16_weights=false use_rows2=true elapsed_ms=0.071
kiln_profile_vulkan_mlp_kernel_stage stage=alloc_x batch=64 hidden=2560 intermediate=9216 out_dim=2560 bf16_weights=false use_rows2=true elapsed_ms=0.043
kiln_profile_vulkan_mlp_kernel_stage stage=upload_x batch=64 hidden=2560 intermediate=9216 out_dim=2560 bf16_weights=false use_rows2=true elapsed_ms=0.137
kiln_profile_vulkan_mlp_kernel_stage stage=alloc_hidden_out batch=64 hidden=2560 intermediate=9216 out_dim=2560 bf16_weights=false use_rows2=true elapsed_ms=0.022
kiln_profile_vulkan_mlp_kernel_stage stage=gate_up batch=64 hidden=2560 intermediate=9216 out_dim=2560 bf16_weights=false use_rows2=true elapsed_ms=16.247
kiln_profile_vulkan_mlp_kernel_stage stage=down batch=64 hidden=2560 intermediate=9216 out_dim=2560 bf16_weights=false use_rows2=true elapsed_ms=4.076
kiln_profile_vulkan_mlp_kernel_stage stage=readback_out batch=64 hidden=2560 intermediate=9216 out_dim=2560 bf16_weights=false use_rows2=true elapsed_ms=1.123
kiln_profile_vulkan_mlp_kernel_stage stage=create_tensor batch=64 hidden=2560 intermediate=9216 out_dim=2560 bf16_weights=false use_rows2=true elapsed_ms=0.024
kiln_profile_mlp_stage layer=25 stage=fused seq_len=64 start_pos=0 elapsed_ms=217.246
kiln_profile_vulkan_mlp_kernel_stage stage=extract_x batch=64 hidden=2560 intermediate=9216 out_dim=2560 bf16_weights=false use_rows2=true elapsed_ms=0.072
kiln_profile_vulkan_mlp_kernel_stage stage=alloc_x batch=64 hidden=2560 intermediate=9216 out_dim=2560 bf16_weights=false use_rows2=true elapsed_ms=0.042
kiln_profile_vulkan_mlp_kernel_stage stage=upload_x batch=64 hidden=2560 intermediate=9216 out_dim=2560 bf16_weights=false use_rows2=true elapsed_ms=0.579
kiln_profile_vulkan_mlp_kernel_stage stage=alloc_hidden_out batch=64 hidden=2560 intermediate=9216 out_dim=2560 bf16_weights=false use_rows2=true elapsed_ms=0.046
kiln_profile_vulkan_mlp_kernel_stage stage=gate_up batch=64 hidden=2560 intermediate=9216 out_dim=2560 bf16_weights=false use_rows2=true elapsed_ms=21.407
kiln_profile_vulkan_mlp_kernel_stage stage=down batch=64 hidden=2560 intermediate=9216 out_dim=2560 bf16_weights=false use_rows2=true elapsed_ms=4.235
kiln_profile_vulkan_mlp_kernel_stage stage=readback_out batch=64 hidden=2560 intermediate=9216 out_dim=2560 bf16_weights=false use_rows2=true elapsed_ms=1.012
kiln_profile_vulkan_mlp_kernel_stage stage=create_tensor batch=64 hidden=2560 intermediate=9216 out_dim=2560 bf16_weights=false use_rows2=true elapsed_ms=0.028
kiln_profile_mlp_stage layer=26 stage=fused seq_len=64 start_pos=0 elapsed_ms=223.905
kiln_profile_vulkan_mlp_kernel_stage stage=extract_x batch=64 hidden=2560 intermediate=9216 out_dim=2560 bf16_weights=false use_rows2=true elapsed_ms=0.067
kiln_profile_vulkan_mlp_kernel_stage stage=alloc_x batch=64 hidden=2560 intermediate=9216 out_dim=2560 bf16_weights=false use_rows2=true elapsed_ms=0.047
kiln_profile_vulkan_mlp_kernel_stage stage=upload_x batch=64 hidden=2560 intermediate=9216 out_dim=2560 bf16_weights=false use_rows2=true elapsed_ms=0.186
kiln_profile_vulkan_mlp_kernel_stage stage=alloc_hidden_out batch=64 hidden=2560 intermediate=9216 out_dim=2560 bf16_weights=false use_rows2=true elapsed_ms=0.026
kiln_profile_vulkan_mlp_kernel_stage stage=gate_up batch=64 hidden=2560 intermediate=9216 out_dim=2560 bf16_weights=false use_rows2=true elapsed_ms=21.747
kiln_profile_vulkan_mlp_kernel_stage stage=down batch=64 hidden=2560 intermediate=9216 out_dim=2560 bf16_weights=false use_rows2=true elapsed_ms=4.126
kiln_profile_vulkan_mlp_kernel_stage stage=readback_out batch=64 hidden=2560 intermediate=9216 out_dim=2560 bf16_weights=false use_rows2=true elapsed_ms=1.442
kiln_profile_vulkan_mlp_kernel_stage stage=create_tensor batch=64 hidden=2560 intermediate=9216 out_dim=2560 bf16_weights=false use_rows2=true elapsed_ms=0.026
kiln_profile_mlp_stage layer=27 stage=fused seq_len=64 start_pos=0 elapsed_ms=214.540
kiln_profile_vulkan_mlp_kernel_stage stage=extract_x batch=64 hidden=2560 intermediate=9216 out_dim=2560 bf16_weights=false use_rows2=true elapsed_ms=0.068
kiln_profile_vulkan_mlp_kernel_stage stage=alloc_x batch=64 hidden=2560 intermediate=9216 out_dim=2560 bf16_weights=false use_rows2=true elapsed_ms=0.051
kiln_profile_vulkan_mlp_kernel_stage stage=upload_x batch=64 hidden=2560 intermediate=9216 out_dim=2560 bf16_weights=false use_rows2=true elapsed_ms=0.217
kiln_profile_vulkan_mlp_kernel_stage stage=alloc_hidden_out batch=64 hidden=2560 intermediate=9216 out_dim=2560 bf16_weights=false use_rows2=true elapsed_ms=0.025
kiln_profile_vulkan_mlp_kernel_stage stage=gate_up batch=64 hidden=2560 intermediate=9216 out_dim=2560 bf16_weights=false use_rows2=true elapsed_ms=22.678
kiln_profile_vulkan_mlp_kernel_stage stage=down batch=64 hidden=2560 intermediate=9216 out_dim=2560 bf16_weights=false use_rows2=true elapsed_ms=4.094
kiln_profile_vulkan_mlp_kernel_stage stage=readback_out batch=64 hidden=2560 intermediate=9216 out_dim=2560 bf16_weights=false use_rows2=true elapsed_ms=1.241
kiln_profile_vulkan_mlp_kernel_stage stage=create_tensor batch=64 hidden=2560 intermediate=9216 out_dim=2560 bf16_weights=false use_rows2=true elapsed_ms=0.023
kiln_profile_mlp_stage layer=28 stage=fused seq_len=64 start_pos=0 elapsed_ms=219.106
kiln_profile_vulkan_mlp_kernel_stage stage=extract_x batch=64 hidden=2560 intermediate=9216 out_dim=2560 bf16_weights=false use_rows2=true elapsed_ms=0.069
kiln_profile_vulkan_mlp_kernel_stage stage=alloc_x batch=64 hidden=2560 intermediate=9216 out_dim=2560 bf16_weights=false use_rows2=true elapsed_ms=0.037
kiln_profile_vulkan_mlp_kernel_stage stage=upload_x batch=64 hidden=2560 intermediate=9216 out_dim=2560 bf16_weights=false use_rows2=true elapsed_ms=0.139
kiln_profile_vulkan_mlp_kernel_stage stage=alloc_hidden_out batch=64 hidden=2560 intermediate=9216 out_dim=2560 bf16_weights=false use_rows2=true elapsed_ms=0.024
kiln_profile_vulkan_mlp_kernel_stage stage=gate_up batch=64 hidden=2560 intermediate=9216 out_dim=2560 bf16_weights=false use_rows2=true elapsed_ms=19.631
kiln_profile_vulkan_mlp_kernel_stage stage=down batch=64 hidden=2560 intermediate=9216 out_dim=2560 bf16_weights=false use_rows2=true elapsed_ms=4.064
kiln_profile_vulkan_mlp_kernel_stage stage=readback_out batch=64 hidden=2560 intermediate=9216 out_dim=2560 bf16_weights=false use_rows2=true elapsed_ms=1.315
kiln_profile_vulkan_mlp_kernel_stage stage=create_tensor batch=64 hidden=2560 intermediate=9216 out_dim=2560 bf16_weights=false use_rows2=true elapsed_ms=0.025
kiln_profile_mlp_stage layer=29 stage=fused seq_len=64 start_pos=0 elapsed_ms=222.098
kiln_profile_vulkan_mlp_kernel_stage stage=extract_x batch=64 hidden=2560 intermediate=9216 out_dim=2560 bf16_weights=false use_rows2=true elapsed_ms=0.065
kiln_profile_vulkan_mlp_kernel_stage stage=alloc_x batch=64 hidden=2560 intermediate=9216 out_dim=2560 bf16_weights=false use_rows2=true elapsed_ms=0.050
kiln_profile_vulkan_mlp_kernel_stage stage=upload_x batch=64 hidden=2560 intermediate=9216 out_dim=2560 bf16_weights=false use_rows2=true elapsed_ms=0.254
kiln_profile_vulkan_mlp_kernel_stage stage=alloc_hidden_out batch=64 hidden=2560 intermediate=9216 out_dim=2560 bf16_weights=false use_rows2=true elapsed_ms=0.025
kiln_profile_vulkan_mlp_kernel_stage stage=gate_up batch=64 hidden=2560 intermediate=9216 out_dim=2560 bf16_weights=false use_rows2=true elapsed_ms=22.251
kiln_profile_vulkan_mlp_kernel_stage stage=down batch=64 hidden=2560 intermediate=9216 out_dim=2560 bf16_weights=false use_rows2=true elapsed_ms=4.130
kiln_profile_vulkan_mlp_kernel_stage stage=readback_out batch=64 hidden=2560 intermediate=9216 out_dim=2560 bf16_weights=false use_rows2=true elapsed_ms=1.432
kiln_profile_vulkan_mlp_kernel_stage stage=create_tensor batch=64 hidden=2560 intermediate=9216 out_dim=2560 bf16_weights=false use_rows2=true elapsed_ms=0.023
kiln_profile_mlp_stage layer=30 stage=fused seq_len=64 start_pos=0 elapsed_ms=217.655
kiln_profile_vulkan_mlp_kernel_stage stage=extract_x batch=64 hidden=2560 intermediate=9216 out_dim=2560 bf16_weights=false use_rows2=true elapsed_ms=0.067
kiln_profile_vulkan_mlp_kernel_stage stage=alloc_x batch=64 hidden=2560 intermediate=9216 out_dim=2560 bf16_weights=false use_rows2=true elapsed_ms=0.052
kiln_profile_vulkan_mlp_kernel_stage stage=upload_x batch=64 hidden=2560 intermediate=9216 out_dim=2560 bf16_weights=false use_rows2=true elapsed_ms=0.452
kiln_profile_vulkan_mlp_kernel_stage stage=alloc_hidden_out batch=64 hidden=2560 intermediate=9216 out_dim=2560 bf16_weights=false use_rows2=true elapsed_ms=0.025
kiln_profile_vulkan_mlp_kernel_stage stage=gate_up batch=64 hidden=2560 intermediate=9216 out_dim=2560 bf16_weights=false use_rows2=true elapsed_ms=22.975
kiln_profile_vulkan_mlp_kernel_stage stage=down batch=64 hidden=2560 intermediate=9216 out_dim=2560 bf16_weights=false use_rows2=true elapsed_ms=4.042
kiln_profile_vulkan_mlp_kernel_stage stage=readback_out batch=64 hidden=2560 intermediate=9216 out_dim=2560 bf16_weights=false use_rows2=true elapsed_ms=2.720
kiln_profile_vulkan_mlp_kernel_stage stage=create_tensor batch=64 hidden=2560 intermediate=9216 out_dim=2560 bf16_weights=false use_rows2=true elapsed_ms=0.024
kiln_profile_mlp_stage layer=31 stage=fused seq_len=64 start_pos=0 elapsed_ms=225.016
kiln_profile_vulkan_mlp_kernel_stage stage=extract_x batch=1 hidden=2560 intermediate=9216 out_dim=2560 bf16_weights=true use_rows2=false elapsed_ms=0.006
kiln_profile_vulkan_mlp_kernel_stage stage=alloc_x batch=1 hidden=2560 intermediate=9216 out_dim=2560 bf16_weights=true use_rows2=false elapsed_ms=0.038
kiln_profile_vulkan_mlp_kernel_stage stage=upload_x batch=1 hidden=2560 intermediate=9216 out_dim=2560 bf16_weights=true use_rows2=false elapsed_ms=0.102
kiln_profile_vulkan_mlp_kernel_stage stage=alloc_hidden_out batch=1 hidden=2560 intermediate=9216 out_dim=2560 bf16_weights=true use_rows2=false elapsed_ms=0.021
kiln_profile_vulkan_mlp_kernel_stage stage=gate_up batch=1 hidden=2560 intermediate=9216 out_dim=2560 bf16_weights=true use_rows2=false elapsed_ms=0.684
kiln_profile_vulkan_mlp_kernel_stage stage=down batch=1 hidden=2560 intermediate=9216 out_dim=2560 bf16_weights=true use_rows2=false elapsed_ms=0.631
kiln_profile_vulkan_mlp_kernel_stage stage=readback_out batch=1 hidden=2560 intermediate=9216 out_dim=2560 bf16_weights=true use_rows2=false elapsed_ms=0.301
kiln_profile_vulkan_mlp_kernel_stage stage=create_tensor batch=1 hidden=2560 intermediate=9216 out_dim=2560 bf16_weights=true use_rows2=false elapsed_ms=0.005
kiln_profile_mlp_stage layer=0 stage=fused seq_len=1 start_pos=64 elapsed_ms=137.154
kiln_profile_vulkan_mlp_kernel_stage stage=extract_x batch=1 hidden=2560 intermediate=9216 out_dim=2560 bf16_weights=true use_rows2=false elapsed_ms=0.007
kiln_profile_vulkan_mlp_kernel_stage stage=alloc_x batch=1 hidden=2560 intermediate=9216 out_dim=2560 bf16_weights=true use_rows2=false elapsed_ms=0.040
kiln_profile_vulkan_mlp_kernel_stage stage=upload_x batch=1 hidden=2560 intermediate=9216 out_dim=2560 bf16_weights=true use_rows2=false elapsed_ms=0.106
kiln_profile_vulkan_mlp_kernel_stage stage=alloc_hidden_out batch=1 hidden=2560 intermediate=9216 out_dim=2560 bf16_weights=true use_rows2=false elapsed_ms=0.021
kiln_profile_vulkan_mlp_kernel_stage stage=gate_up batch=1 hidden=2560 intermediate=9216 out_dim=2560 bf16_weights=true use_rows2=false elapsed_ms=0.574
kiln_profile_vulkan_mlp_kernel_stage stage=down batch=1 hidden=2560 intermediate=9216 out_dim=2560 bf16_weights=true use_rows2=false elapsed_ms=0.332
kiln_profile_vulkan_mlp_kernel_stage stage=readback_out batch=1 hidden=2560 intermediate=9216 out_dim=2560 bf16_weights=true use_rows2=false elapsed_ms=0.137
kiln_profile_vulkan_mlp_kernel_stage stage=create_tensor batch=1 hidden=2560 intermediate=9216 out_dim=2560 bf16_weights=true use_rows2=false elapsed_ms=0.005
kiln_profile_mlp_stage layer=1 stage=fused seq_len=1 start_pos=64 elapsed_ms=136.433
kiln_profile_vulkan_mlp_kernel_stage stage=extract_x batch=1 hidden=2560 intermediate=9216 out_dim=2560 bf16_weights=true use_rows2=false elapsed_ms=0.008
kiln_profile_vulkan_mlp_kernel_stage stage=alloc_x batch=1 hidden=2560 intermediate=9216 out_dim=2560 bf16_weights=true use_rows2=false elapsed_ms=0.078
kiln_profile_vulkan_mlp_kernel_stage stage=upload_x batch=1 hidden=2560 intermediate=9216 out_dim=2560 bf16_weights=true use_rows2=false elapsed_ms=0.210
kiln_profile_vulkan_mlp_kernel_stage stage=alloc_hidden_out batch=1 hidden=2560 intermediate=9216 out_dim=2560 bf16_weights=true use_rows2=false elapsed_ms=0.021
kiln_profile_vulkan_mlp_kernel_stage stage=gate_up batch=1 hidden=2560 intermediate=9216 out_dim=2560 bf16_weights=true use_rows2=false elapsed_ms=0.843
kiln_profile_vulkan_mlp_kernel_stage stage=down batch=1 hidden=2560 intermediate=9216 out_dim=2560 bf16_weights=true use_rows2=false elapsed_ms=0.434
kiln_profile_vulkan_mlp_kernel_stage stage=readback_out batch=1 hidden=2560 intermediate=9216 out_dim=2560 bf16_weights=true use_rows2=false elapsed_ms=0.137
kiln_profile_vulkan_mlp_kernel_stage stage=create_tensor batch=1 hidden=2560 intermediate=9216 out_dim=2560 bf16_weights=true use_rows2=false elapsed_ms=0.005
kiln_profile_mlp_stage layer=2 stage=fused seq_len=1 start_pos=64 elapsed_ms=143.519
kiln_profile_vulkan_mlp_kernel_stage stage=extract_x batch=1 hidden=2560 intermediate=9216 out_dim=2560 bf16_weights=true use_rows2=false elapsed_ms=0.009
kiln_profile_vulkan_mlp_kernel_stage stage=alloc_x batch=1 hidden=2560 intermediate=9216 out_dim=2560 bf16_weights=true use_rows2=false elapsed_ms=0.071
kiln_profile_vulkan_mlp_kernel_stage stage=upload_x batch=1 hidden=2560 intermediate=9216 out_dim=2560 bf16_weights=true use_rows2=false elapsed_ms=0.188
kiln_profile_vulkan_mlp_kernel_stage stage=alloc_hidden_out batch=1 hidden=2560 intermediate=9216 out_dim=2560 bf16_weights=true use_rows2=false elapsed_ms=0.028
kiln_profile_vulkan_mlp_kernel_stage stage=gate_up batch=1 hidden=2560 intermediate=9216 out_dim=2560 bf16_weights=true use_rows2=false elapsed_ms=0.829
kiln_profile_vulkan_mlp_kernel_stage stage=down batch=1 hidden=2560 intermediate=9216 out_dim=2560 bf16_weights=true use_rows2=false elapsed_ms=0.552
kiln_profile_vulkan_mlp_kernel_stage stage=readback_out batch=1 hidden=2560 intermediate=9216 out_dim=2560 bf16_weights=true use_rows2=false elapsed_ms=0.078
kiln_profile_vulkan_mlp_kernel_stage stage=create_tensor batch=1 hidden=2560 intermediate=9216 out_dim=2560 bf16_weights=true use_rows2=false elapsed_ms=0.004
kiln_profile_mlp_stage layer=3 stage=fused seq_len=1 start_pos=64 elapsed_ms=159.551
kiln_profile_vulkan_mlp_kernel_stage stage=extract_x batch=1 hidden=2560 intermediate=9216 out_dim=2560 bf16_weights=true use_rows2=false elapsed_ms=0.007
kiln_profile_vulkan_mlp_kernel_stage stage=alloc_x batch=1 hidden=2560 intermediate=9216 out_dim=2560 bf16_weights=true use_rows2=false elapsed_ms=0.072
kiln_profile_vulkan_mlp_kernel_stage stage=upload_x batch=1 hidden=2560 intermediate=9216 out_dim=2560 bf16_weights=true use_rows2=false elapsed_ms=0.191
kiln_profile_vulkan_mlp_kernel_stage stage=alloc_hidden_out batch=1 hidden=2560 intermediate=9216 out_dim=2560 bf16_weights=true use_rows2=false elapsed_ms=0.023
kiln_profile_vulkan_mlp_kernel_stage stage=gate_up batch=1 hidden=2560 intermediate=9216 out_dim=2560 bf16_weights=true use_rows2=false elapsed_ms=0.861
kiln_profile_vulkan_mlp_kernel_stage stage=down batch=1 hidden=2560 intermediate=9216 out_dim=2560 bf16_weights=true use_rows2=false elapsed_ms=0.566
kiln_profile_vulkan_mlp_kernel_stage stage=readback_out batch=1 hidden=2560 intermediate=9216 out_dim=2560 bf16_weights=true use_rows2=false elapsed_ms=0.077
kiln_profile_vulkan_mlp_kernel_stage stage=create_tensor batch=1 hidden=2560 intermediate=9216 out_dim=2560 bf16_weights=true use_rows2=false elapsed_ms=0.005
kiln_profile_mlp_stage layer=4 stage=fused seq_len=1 start_pos=64 elapsed_ms=158.287
kiln_profile_vulkan_mlp_kernel_stage stage=extract_x batch=1 hidden=2560 intermediate=9216 out_dim=2560 bf16_weights=true use_rows2=false elapsed_ms=0.007
kiln_profile_vulkan_mlp_kernel_stage stage=alloc_x batch=1 hidden=2560 intermediate=9216 out_dim=2560 bf16_weights=true use_rows2=false elapsed_ms=0.041
kiln_profile_vulkan_mlp_kernel_stage stage=upload_x batch=1 hidden=2560 intermediate=9216 out_dim=2560 bf16_weights=true use_rows2=false elapsed_ms=0.192
kiln_profile_vulkan_mlp_kernel_stage stage=alloc_hidden_out batch=1 hidden=2560 intermediate=9216 out_dim=2560 bf16_weights=true use_rows2=false elapsed_ms=0.031
kiln_profile_vulkan_mlp_kernel_stage stage=gate_up batch=1 hidden=2560 intermediate=9216 out_dim=2560 bf16_weights=true use_rows2=false elapsed_ms=0.818
kiln_profile_vulkan_mlp_kernel_stage stage=down batch=1 hidden=2560 intermediate=9216 out_dim=2560 bf16_weights=true use_rows2=false elapsed_ms=0.423
kiln_profile_vulkan_mlp_kernel_stage stage=readback_out batch=1 hidden=2560 intermediate=9216 out_dim=2560 bf16_weights=true use_rows2=false elapsed_ms=0.063
kiln_profile_vulkan_mlp_kernel_stage stage=create_tensor batch=1 hidden=2560 intermediate=9216 out_dim=2560 bf16_weights=true use_rows2=false elapsed_ms=0.004
kiln_profile_mlp_stage layer=5 stage=fused seq_len=1 start_pos=64 elapsed_ms=148.915
kiln_profile_vulkan_mlp_kernel_stage stage=extract_x batch=1 hidden=2560 intermediate=9216 out_dim=2560 bf16_weights=true use_rows2=false elapsed_ms=0.006
kiln_profile_vulkan_mlp_kernel_stage stage=alloc_x batch=1 hidden=2560 intermediate=9216 out_dim=2560 bf16_weights=true use_rows2=false elapsed_ms=0.041
kiln_profile_vulkan_mlp_kernel_stage stage=upload_x batch=1 hidden=2560 intermediate=9216 out_dim=2560 bf16_weights=true use_rows2=false elapsed_ms=0.190
kiln_profile_vulkan_mlp_kernel_stage stage=alloc_hidden_out batch=1 hidden=2560 intermediate=9216 out_dim=2560 bf16_weights=true use_rows2=false elapsed_ms=0.020
kiln_profile_vulkan_mlp_kernel_stage stage=gate_up batch=1 hidden=2560 intermediate=9216 out_dim=2560 bf16_weights=true use_rows2=false elapsed_ms=0.776
kiln_profile_vulkan_mlp_kernel_stage stage=down batch=1 hidden=2560 intermediate=9216 out_dim=2560 bf16_weights=true use_rows2=false elapsed_ms=0.331
kiln_profile_vulkan_mlp_kernel_stage stage=readback_out batch=1 hidden=2560 intermediate=9216 out_dim=2560 bf16_weights=true use_rows2=false elapsed_ms=0.118
kiln_profile_vulkan_mlp_kernel_stage stage=create_tensor batch=1 hidden=2560 intermediate=9216 out_dim=2560 bf16_weights=true use_rows2=false elapsed_ms=0.004
kiln_profile_mlp_stage layer=6 stage=fused seq_len=1 start_pos=64 elapsed_ms=143.498
kiln_profile_vulkan_mlp_kernel_stage stage=extract_x batch=1 hidden=2560 intermediate=9216 out_dim=2560 bf16_weights=true use_rows2=false elapsed_ms=0.006
kiln_profile_vulkan_mlp_kernel_stage stage=alloc_x batch=1 hidden=2560 intermediate=9216 out_dim=2560 bf16_weights=true use_rows2=false elapsed_ms=0.047
kiln_profile_vulkan_mlp_kernel_stage stage=upload_x batch=1 hidden=2560 intermediate=9216 out_dim=2560 bf16_weights=true use_rows2=false elapsed_ms=0.120
kiln_profile_vulkan_mlp_kernel_stage stage=alloc_hidden_out batch=1 hidden=2560 intermediate=9216 out_dim=2560 bf16_weights=true use_rows2=false elapsed_ms=0.019
kiln_profile_vulkan_mlp_kernel_stage stage=gate_up batch=1 hidden=2560 intermediate=9216 out_dim=2560 bf16_weights=true use_rows2=false elapsed_ms=0.772
kiln_profile_vulkan_mlp_kernel_stage stage=down batch=1 hidden=2560 intermediate=9216 out_dim=2560 bf16_weights=true use_rows2=false elapsed_ms=0.841
kiln_profile_vulkan_mlp_kernel_stage stage=readback_out batch=1 hidden=2560 intermediate=9216 out_dim=2560 bf16_weights=true use_rows2=false elapsed_ms=0.139
kiln_profile_vulkan_mlp_kernel_stage stage=create_tensor batch=1 hidden=2560 intermediate=9216 out_dim=2560 bf16_weights=true use_rows2=false elapsed_ms=0.004
kiln_profile_mlp_stage layer=7 stage=fused seq_len=1 start_pos=64 elapsed_ms=144.904
kiln_profile_vulkan_mlp_kernel_stage stage=extract_x batch=1 hidden=2560 intermediate=9216 out_dim=2560 bf16_weights=true use_rows2=false elapsed_ms=0.008
kiln_profile_vulkan_mlp_kernel_stage stage=alloc_x batch=1 hidden=2560 intermediate=9216 out_dim=2560 bf16_weights=true use_rows2=false elapsed_ms=0.040
kiln_profile_vulkan_mlp_kernel_stage stage=upload_x batch=1 hidden=2560 intermediate=9216 out_dim=2560 bf16_weights=true use_rows2=false elapsed_ms=0.298
kiln_profile_vulkan_mlp_kernel_stage stage=alloc_hidden_out batch=1 hidden=2560 intermediate=9216 out_dim=2560 bf16_weights=true use_rows2=false elapsed_ms=0.021
kiln_profile_vulkan_mlp_kernel_stage stage=gate_up batch=1 hidden=2560 intermediate=9216 out_dim=2560 bf16_weights=true use_rows2=false elapsed_ms=0.838
kiln_profile_vulkan_mlp_kernel_stage stage=down batch=1 hidden=2560 intermediate=9216 out_dim=2560 bf16_weights=true use_rows2=false elapsed_ms=0.432
kiln_profile_vulkan_mlp_kernel_stage stage=readback_out batch=1 hidden=2560 intermediate=9216 out_dim=2560 bf16_weights=true use_rows2=false elapsed_ms=0.179
kiln_profile_vulkan_mlp_kernel_stage stage=create_tensor batch=1 hidden=2560 intermediate=9216 out_dim=2560 bf16_weights=true use_rows2=false elapsed_ms=0.005
kiln_profile_mlp_stage layer=8 stage=fused seq_len=1 start_pos=64 elapsed_ms=145.293
kiln_profile_vulkan_mlp_kernel_stage stage=extract_x batch=1 hidden=2560 intermediate=9216 out_dim=2560 bf16_weights=true use_rows2=false elapsed_ms=0.006
kiln_profile_vulkan_mlp_kernel_stage stage=alloc_x batch=1 hidden=2560 intermediate=9216 out_dim=2560 bf16_weights=true use_rows2=false elapsed_ms=0.052
kiln_profile_vulkan_mlp_kernel_stage stage=upload_x batch=1 hidden=2560 intermediate=9216 out_dim=2560 bf16_weights=true use_rows2=false elapsed_ms=0.103
kiln_profile_vulkan_mlp_kernel_stage stage=alloc_hidden_out batch=1 hidden=2560 intermediate=9216 out_dim=2560 bf16_weights=true use_rows2=false elapsed_ms=0.020
kiln_profile_vulkan_mlp_kernel_stage stage=gate_up batch=1 hidden=2560 intermediate=9216 out_dim=2560 bf16_weights=true use_rows2=false elapsed_ms=0.643
kiln_profile_vulkan_mlp_kernel_stage stage=down batch=1 hidden=2560 intermediate=9216 out_dim=2560 bf16_weights=true use_rows2=false elapsed_ms=0.634
kiln_profile_vulkan_mlp_kernel_stage stage=readback_out batch=1 hidden=2560 intermediate=9216 out_dim=2560 bf16_weights=true use_rows2=false elapsed_ms=0.165
kiln_profile_vulkan_mlp_kernel_stage stage=create_tensor batch=1 hidden=2560 intermediate=9216 out_dim=2560 bf16_weights=true use_rows2=false elapsed_ms=0.003
kiln_profile_mlp_stage layer=9 stage=fused seq_len=1 start_pos=64 elapsed_ms=142.706
kiln_profile_vulkan_mlp_kernel_stage stage=extract_x batch=1 hidden=2560 intermediate=9216 out_dim=2560 bf16_weights=true use_rows2=false elapsed_ms=0.007
kiln_profile_vulkan_mlp_kernel_stage stage=alloc_x batch=1 hidden=2560 intermediate=9216 out_dim=2560 bf16_weights=true use_rows2=false elapsed_ms=0.039
kiln_profile_vulkan_mlp_kernel_stage stage=upload_x batch=1 hidden=2560 intermediate=9216 out_dim=2560 bf16_weights=true use_rows2=false elapsed_ms=0.093
kiln_profile_vulkan_mlp_kernel_stage stage=alloc_hidden_out batch=1 hidden=2560 intermediate=9216 out_dim=2560 bf16_weights=true use_rows2=false elapsed_ms=0.021
kiln_profile_vulkan_mlp_kernel_stage stage=gate_up batch=1 hidden=2560 intermediate=9216 out_dim=2560 bf16_weights=true use_rows2=false elapsed_ms=0.929
kiln_profile_vulkan_mlp_kernel_stage stage=down batch=1 hidden=2560 intermediate=9216 out_dim=2560 bf16_weights=true use_rows2=false elapsed_ms=0.422
kiln_profile_vulkan_mlp_kernel_stage stage=readback_out batch=1 hidden=2560 intermediate=9216 out_dim=2560 bf16_weights=true use_rows2=false elapsed_ms=0.137
kiln_profile_vulkan_mlp_kernel_stage stage=create_tensor batch=1 hidden=2560 intermediate=9216 out_dim=2560 bf16_weights=true use_rows2=false elapsed_ms=0.005
kiln_profile_mlp_stage layer=10 stage=fused seq_len=1 start_pos=64 elapsed_ms=144.620
kiln_profile_vulkan_mlp_kernel_stage stage=extract_x batch=1 hidden=2560 intermediate=9216 out_dim=2560 bf16_weights=true use_rows2=false elapsed_ms=0.006
kiln_profile_vulkan_mlp_kernel_stage stage=alloc_x batch=1 hidden=2560 intermediate=9216 out_dim=2560 bf16_weights=true use_rows2=false elapsed_ms=0.046
kiln_profile_vulkan_mlp_kernel_stage stage=upload_x batch=1 hidden=2560 intermediate=9216 out_dim=2560 bf16_weights=true use_rows2=false elapsed_ms=0.098
kiln_profile_vulkan_mlp_kernel_stage stage=alloc_hidden_out batch=1 hidden=2560 intermediate=9216 out_dim=2560 bf16_weights=true use_rows2=false elapsed_ms=0.022
kiln_profile_vulkan_mlp_kernel_stage stage=gate_up batch=1 hidden=2560 intermediate=9216 out_dim=2560 bf16_weights=true use_rows2=false elapsed_ms=0.590
kiln_profile_vulkan_mlp_kernel_stage stage=down batch=1 hidden=2560 intermediate=9216 out_dim=2560 bf16_weights=true use_rows2=false elapsed_ms=0.334
kiln_profile_vulkan_mlp_kernel_stage stage=readback_out batch=1 hidden=2560 intermediate=9216 out_dim=2560 bf16_weights=true use_rows2=false elapsed_ms=0.199
kiln_profile_vulkan_mlp_kernel_stage stage=create_tensor batch=1 hidden=2560 intermediate=9216 out_dim=2560 bf16_weights=true use_rows2=false elapsed_ms=0.004
kiln_profile_mlp_stage layer=11 stage=fused seq_len=1 start_pos=64 elapsed_ms=145.834
kiln_profile_vulkan_mlp_kernel_stage stage=extract_x batch=1 hidden=2560 intermediate=9216 out_dim=2560 bf16_weights=true use_rows2=false elapsed_ms=0.006
kiln_profile_vulkan_mlp_kernel_stage stage=alloc_x batch=1 hidden=2560 intermediate=9216 out_dim=2560 bf16_weights=true use_rows2=false elapsed_ms=0.037
kiln_profile_vulkan_mlp_kernel_stage stage=upload_x batch=1 hidden=2560 intermediate=9216 out_dim=2560 bf16_weights=true use_rows2=false elapsed_ms=0.100
kiln_profile_vulkan_mlp_kernel_stage stage=alloc_hidden_out batch=1 hidden=2560 intermediate=9216 out_dim=2560 bf16_weights=true use_rows2=false elapsed_ms=0.020
kiln_profile_vulkan_mlp_kernel_stage stage=gate_up batch=1 hidden=2560 intermediate=9216 out_dim=2560 bf16_weights=true use_rows2=false elapsed_ms=0.596
kiln_profile_vulkan_mlp_kernel_stage stage=down batch=1 hidden=2560 intermediate=9216 out_dim=2560 bf16_weights=true use_rows2=false elapsed_ms=0.429
kiln_profile_vulkan_mlp_kernel_stage stage=readback_out batch=1 hidden=2560 intermediate=9216 out_dim=2560 bf16_weights=true use_rows2=false elapsed_ms=0.178
kiln_profile_vulkan_mlp_kernel_stage stage=create_tensor batch=1 hidden=2560 intermediate=9216 out_dim=2560 bf16_weights=true use_rows2=false elapsed_ms=0.004
kiln_profile_mlp_stage layer=12 stage=fused seq_len=1 start_pos=64 elapsed_ms=140.859
kiln_profile_vulkan_mlp_kernel_stage stage=extract_x batch=1 hidden=2560 intermediate=9216 out_dim=2560 bf16_weights=true use_rows2=false elapsed_ms=0.006
kiln_profile_vulkan_mlp_kernel_stage stage=alloc_x batch=1 hidden=2560 intermediate=9216 out_dim=2560 bf16_weights=true use_rows2=false elapsed_ms=0.038
kiln_profile_vulkan_mlp_kernel_stage stage=upload_x batch=1 hidden=2560 intermediate=9216 out_dim=2560 bf16_weights=true use_rows2=false elapsed_ms=0.106
kiln_profile_vulkan_mlp_kernel_stage stage=alloc_hidden_out batch=1 hidden=2560 intermediate=9216 out_dim=2560 bf16_weights=true use_rows2=false elapsed_ms=0.021
kiln_profile_vulkan_mlp_kernel_stage stage=gate_up batch=1 hidden=2560 intermediate=9216 out_dim=2560 bf16_weights=true use_rows2=false elapsed_ms=0.972
kiln_profile_vulkan_mlp_kernel_stage stage=down batch=1 hidden=2560 intermediate=9216 out_dim=2560 bf16_weights=true use_rows2=false elapsed_ms=0.435
kiln_profile_vulkan_mlp_kernel_stage stage=readback_out batch=1 hidden=2560 intermediate=9216 out_dim=2560 bf16_weights=true use_rows2=false elapsed_ms=0.148
kiln_profile_vulkan_mlp_kernel_stage stage=create_tensor batch=1 hidden=2560 intermediate=9216 out_dim=2560 bf16_weights=true use_rows2=false elapsed_ms=0.004
kiln_profile_mlp_stage layer=13 stage=fused seq_len=1 start_pos=64 elapsed_ms=144.723
kiln_profile_vulkan_mlp_kernel_stage stage=extract_x batch=1 hidden=2560 intermediate=9216 out_dim=2560 bf16_weights=true use_rows2=false elapsed_ms=0.007
kiln_profile_vulkan_mlp_kernel_stage stage=alloc_x batch=1 hidden=2560 intermediate=9216 out_dim=2560 bf16_weights=true use_rows2=false elapsed_ms=0.044
kiln_profile_vulkan_mlp_kernel_stage stage=upload_x batch=1 hidden=2560 intermediate=9216 out_dim=2560 bf16_weights=true use_rows2=false elapsed_ms=0.230
kiln_profile_vulkan_mlp_kernel_stage stage=alloc_hidden_out batch=1 hidden=2560 intermediate=9216 out_dim=2560 bf16_weights=true use_rows2=false elapsed_ms=0.027
kiln_profile_vulkan_mlp_kernel_stage stage=gate_up batch=1 hidden=2560 intermediate=9216 out_dim=2560 bf16_weights=true use_rows2=false elapsed_ms=0.820
kiln_profile_vulkan_mlp_kernel_stage stage=down batch=1 hidden=2560 intermediate=9216 out_dim=2560 bf16_weights=true use_rows2=false elapsed_ms=0.428
kiln_profile_vulkan_mlp_kernel_stage stage=readback_out batch=1 hidden=2560 intermediate=9216 out_dim=2560 bf16_weights=true use_rows2=false elapsed_ms=0.139
kiln_profile_vulkan_mlp_kernel_stage stage=create_tensor batch=1 hidden=2560 intermediate=9216 out_dim=2560 bf16_weights=true use_rows2=false elapsed_ms=0.005
kiln_profile_mlp_stage layer=14 stage=fused seq_len=1 start_pos=64 elapsed_ms=146.267
kiln_profile_vulkan_mlp_kernel_stage stage=extract_x batch=1 hidden=2560 intermediate=9216 out_dim=2560 bf16_weights=true use_rows2=false elapsed_ms=0.006
kiln_profile_vulkan_mlp_kernel_stage stage=alloc_x batch=1 hidden=2560 intermediate=9216 out_dim=2560 bf16_weights=true use_rows2=false elapsed_ms=0.039
kiln_profile_vulkan_mlp_kernel_stage stage=upload_x batch=1 hidden=2560 intermediate=9216 out_dim=2560 bf16_weights=true use_rows2=false elapsed_ms=0.113
kiln_profile_vulkan_mlp_kernel_stage stage=alloc_hidden_out batch=1 hidden=2560 intermediate=9216 out_dim=2560 bf16_weights=true use_rows2=false elapsed_ms=0.019
kiln_profile_vulkan_mlp_kernel_stage stage=gate_up batch=1 hidden=2560 intermediate=9216 out_dim=2560 bf16_weights=true use_rows2=false elapsed_ms=0.595
kiln_profile_vulkan_mlp_kernel_stage stage=down batch=1 hidden=2560 intermediate=9216 out_dim=2560 bf16_weights=true use_rows2=false elapsed_ms=0.314
kiln_profile_vulkan_mlp_kernel_stage stage=readback_out batch=1 hidden=2560 intermediate=9216 out_dim=2560 bf16_weights=true use_rows2=false elapsed_ms=0.121
kiln_profile_vulkan_mlp_kernel_stage stage=create_tensor batch=1 hidden=2560 intermediate=9216 out_dim=2560 bf16_weights=true use_rows2=false elapsed_ms=0.005
kiln_profile_mlp_stage layer=15 stage=fused seq_len=1 start_pos=64 elapsed_ms=146.225
kiln_profile_vulkan_mlp_kernel_stage stage=extract_x batch=1 hidden=2560 intermediate=9216 out_dim=2560 bf16_weights=true use_rows2=false elapsed_ms=0.005
kiln_profile_vulkan_mlp_kernel_stage stage=alloc_x batch=1 hidden=2560 intermediate=9216 out_dim=2560 bf16_weights=true use_rows2=false elapsed_ms=0.045
kiln_profile_vulkan_mlp_kernel_stage stage=upload_x batch=1 hidden=2560 intermediate=9216 out_dim=2560 bf16_weights=true use_rows2=false elapsed_ms=0.106
kiln_profile_vulkan_mlp_kernel_stage stage=alloc_hidden_out batch=1 hidden=2560 intermediate=9216 out_dim=2560 bf16_weights=true use_rows2=false elapsed_ms=0.029
kiln_profile_vulkan_mlp_kernel_stage stage=gate_up batch=1 hidden=2560 intermediate=9216 out_dim=2560 bf16_weights=true use_rows2=false elapsed_ms=0.590
kiln_profile_vulkan_mlp_kernel_stage stage=down batch=1 hidden=2560 intermediate=9216 out_dim=2560 bf16_weights=true use_rows2=false elapsed_ms=0.338
kiln_profile_vulkan_mlp_kernel_stage stage=readback_out batch=1 hidden=2560 intermediate=9216 out_dim=2560 bf16_weights=true use_rows2=false elapsed_ms=0.118
kiln_profile_vulkan_mlp_kernel_stage stage=create_tensor batch=1 hidden=2560 intermediate=9216 out_dim=2560 bf16_weights=true use_rows2=false elapsed_ms=0.004
kiln_profile_mlp_stage layer=16 stage=fused seq_len=1 start_pos=64 elapsed_ms=145.524
kiln_profile_vulkan_mlp_kernel_stage stage=extract_x batch=1 hidden=2560 intermediate=9216 out_dim=2560 bf16_weights=true use_rows2=false elapsed_ms=0.007
kiln_profile_vulkan_mlp_kernel_stage stage=alloc_x batch=1 hidden=2560 intermediate=9216 out_dim=2560 bf16_weights=true use_rows2=false elapsed_ms=0.036
kiln_profile_vulkan_mlp_kernel_stage stage=upload_x batch=1 hidden=2560 intermediate=9216 out_dim=2560 bf16_weights=true use_rows2=false elapsed_ms=0.195
kiln_profile_vulkan_mlp_kernel_stage stage=alloc_hidden_out batch=1 hidden=2560 intermediate=9216 out_dim=2560 bf16_weights=true use_rows2=false elapsed_ms=0.031
kiln_profile_vulkan_mlp_kernel_stage stage=gate_up batch=1 hidden=2560 intermediate=9216 out_dim=2560 bf16_weights=true use_rows2=false elapsed_ms=0.802
kiln_profile_vulkan_mlp_kernel_stage stage=down batch=1 hidden=2560 intermediate=9216 out_dim=2560 bf16_weights=true use_rows2=false elapsed_ms=0.325
kiln_profile_vulkan_mlp_kernel_stage stage=readback_out batch=1 hidden=2560 intermediate=9216 out_dim=2560 bf16_weights=true use_rows2=false elapsed_ms=0.114
kiln_profile_vulkan_mlp_kernel_stage stage=create_tensor batch=1 hidden=2560 intermediate=9216 out_dim=2560 bf16_weights=true use_rows2=false elapsed_ms=0.005
kiln_profile_mlp_stage layer=17 stage=fused seq_len=1 start_pos=64 elapsed_ms=143.939
kiln_profile_vulkan_mlp_kernel_stage stage=extract_x batch=1 hidden=2560 intermediate=9216 out_dim=2560 bf16_weights=true use_rows2=false elapsed_ms=0.006
kiln_profile_vulkan_mlp_kernel_stage stage=alloc_x batch=1 hidden=2560 intermediate=9216 out_dim=2560 bf16_weights=true use_rows2=false elapsed_ms=0.049
kiln_profile_vulkan_mlp_kernel_stage stage=upload_x batch=1 hidden=2560 intermediate=9216 out_dim=2560 bf16_weights=true use_rows2=false elapsed_ms=0.094
kiln_profile_vulkan_mlp_kernel_stage stage=alloc_hidden_out batch=1 hidden=2560 intermediate=9216 out_dim=2560 bf16_weights=true use_rows2=false elapsed_ms=0.032
kiln_profile_vulkan_mlp_kernel_stage stage=gate_up batch=1 hidden=2560 intermediate=9216 out_dim=2560 bf16_weights=true use_rows2=false elapsed_ms=0.743
kiln_profile_vulkan_mlp_kernel_stage stage=down batch=1 hidden=2560 intermediate=9216 out_dim=2560 bf16_weights=true use_rows2=false elapsed_ms=0.637
kiln_profile_vulkan_mlp_kernel_stage stage=readback_out batch=1 hidden=2560 intermediate=9216 out_dim=2560 bf16_weights=true use_rows2=false elapsed_ms=0.208
kiln_profile_vulkan_mlp_kernel_stage stage=create_tensor batch=1 hidden=2560 intermediate=9216 out_dim=2560 bf16_weights=true use_rows2=false elapsed_ms=0.004
kiln_profile_mlp_stage layer=18 stage=fused seq_len=1 start_pos=64 elapsed_ms=140.724
kiln_profile_vulkan_mlp_kernel_stage stage=extract_x batch=1 hidden=2560 intermediate=9216 out_dim=2560 bf16_weights=true use_rows2=false elapsed_ms=0.005
kiln_profile_vulkan_mlp_kernel_stage stage=alloc_x batch=1 hidden=2560 intermediate=9216 out_dim=2560 bf16_weights=true use_rows2=false elapsed_ms=0.056
kiln_profile_vulkan_mlp_kernel_stage stage=upload_x batch=1 hidden=2560 intermediate=9216 out_dim=2560 bf16_weights=true use_rows2=false elapsed_ms=0.272
kiln_profile_vulkan_mlp_kernel_stage stage=alloc_hidden_out batch=1 hidden=2560 intermediate=9216 out_dim=2560 bf16_weights=true use_rows2=false elapsed_ms=0.024
kiln_profile_vulkan_mlp_kernel_stage stage=gate_up batch=1 hidden=2560 intermediate=9216 out_dim=2560 bf16_weights=true use_rows2=false elapsed_ms=0.787
kiln_profile_vulkan_mlp_kernel_stage stage=down batch=1 hidden=2560 intermediate=9216 out_dim=2560 bf16_weights=true use_rows2=false elapsed_ms=0.315
kiln_profile_vulkan_mlp_kernel_stage stage=readback_out batch=1 hidden=2560 intermediate=9216 out_dim=2560 bf16_weights=true use_rows2=false elapsed_ms=0.124
kiln_profile_vulkan_mlp_kernel_stage stage=create_tensor batch=1 hidden=2560 intermediate=9216 out_dim=2560 bf16_weights=true use_rows2=false elapsed_ms=0.004
kiln_profile_mlp_stage layer=19 stage=fused seq_len=1 start_pos=64 elapsed_ms=143.860
kiln_profile_vulkan_mlp_kernel_stage stage=extract_x batch=1 hidden=2560 intermediate=9216 out_dim=2560 bf16_weights=true use_rows2=false elapsed_ms=0.006
kiln_profile_vulkan_mlp_kernel_stage stage=alloc_x batch=1 hidden=2560 intermediate=9216 out_dim=2560 bf16_weights=true use_rows2=false elapsed_ms=0.042
kiln_profile_vulkan_mlp_kernel_stage stage=upload_x batch=1 hidden=2560 intermediate=9216 out_dim=2560 bf16_weights=true use_rows2=false elapsed_ms=0.100
kiln_profile_vulkan_mlp_kernel_stage stage=alloc_hidden_out batch=1 hidden=2560 intermediate=9216 out_dim=2560 bf16_weights=true use_rows2=false elapsed_ms=0.023
kiln_profile_vulkan_mlp_kernel_stage stage=gate_up batch=1 hidden=2560 intermediate=9216 out_dim=2560 bf16_weights=true use_rows2=false elapsed_ms=0.733
kiln_profile_vulkan_mlp_kernel_stage stage=down batch=1 hidden=2560 intermediate=9216 out_dim=2560 bf16_weights=true use_rows2=false elapsed_ms=0.548
kiln_profile_vulkan_mlp_kernel_stage stage=readback_out batch=1 hidden=2560 intermediate=9216 out_dim=2560 bf16_weights=true use_rows2=false elapsed_ms=0.125
kiln_profile_vulkan_mlp_kernel_stage stage=create_tensor batch=1 hidden=2560 intermediate=9216 out_dim=2560 bf16_weights=true use_rows2=false elapsed_ms=0.004
kiln_profile_mlp_stage layer=20 stage=fused seq_len=1 start_pos=64 elapsed_ms=146.500
kiln_profile_vulkan_mlp_kernel_stage stage=extract_x batch=1 hidden=2560 intermediate=9216 out_dim=2560 bf16_weights=true use_rows2=false elapsed_ms=0.005
kiln_profile_vulkan_mlp_kernel_stage stage=alloc_x batch=1 hidden=2560 intermediate=9216 out_dim=2560 bf16_weights=true use_rows2=false elapsed_ms=0.053
kiln_profile_vulkan_mlp_kernel_stage stage=upload_x batch=1 hidden=2560 intermediate=9216 out_dim=2560 bf16_weights=true use_rows2=false elapsed_ms=0.171
kiln_profile_vulkan_mlp_kernel_stage stage=alloc_hidden_out batch=1 hidden=2560 intermediate=9216 out_dim=2560 bf16_weights=true use_rows2=false elapsed_ms=0.023
kiln_profile_vulkan_mlp_kernel_stage stage=gate_up batch=1 hidden=2560 intermediate=9216 out_dim=2560 bf16_weights=true use_rows2=false elapsed_ms=0.617
kiln_profile_vulkan_mlp_kernel_stage stage=down batch=1 hidden=2560 intermediate=9216 out_dim=2560 bf16_weights=true use_rows2=false elapsed_ms=0.408
kiln_profile_vulkan_mlp_kernel_stage stage=readback_out batch=1 hidden=2560 intermediate=9216 out_dim=2560 bf16_weights=true use_rows2=false elapsed_ms=0.144
kiln_profile_vulkan_mlp_kernel_stage stage=create_tensor batch=1 hidden=2560 intermediate=9216 out_dim=2560 bf16_weights=true use_rows2=false elapsed_ms=0.004
kiln_profile_mlp_stage layer=21 stage=fused seq_len=1 start_pos=64 elapsed_ms=149.697
kiln_profile_vulkan_mlp_kernel_stage stage=extract_x batch=1 hidden=2560 intermediate=9216 out_dim=2560 bf16_weights=true use_rows2=false elapsed_ms=0.007
kiln_profile_vulkan_mlp_kernel_stage stage=alloc_x batch=1 hidden=2560 intermediate=9216 out_dim=2560 bf16_weights=true use_rows2=false elapsed_ms=0.044
kiln_profile_vulkan_mlp_kernel_stage stage=upload_x batch=1 hidden=2560 intermediate=9216 out_dim=2560 bf16_weights=true use_rows2=false elapsed_ms=0.085
kiln_profile_vulkan_mlp_kernel_stage stage=alloc_hidden_out batch=1 hidden=2560 intermediate=9216 out_dim=2560 bf16_weights=true use_rows2=false elapsed_ms=0.022
kiln_profile_vulkan_mlp_kernel_stage stage=gate_up batch=1 hidden=2560 intermediate=9216 out_dim=2560 bf16_weights=true use_rows2=false elapsed_ms=0.571
kiln_profile_vulkan_mlp_kernel_stage stage=down batch=1 hidden=2560 intermediate=9216 out_dim=2560 bf16_weights=true use_rows2=false elapsed_ms=0.342
kiln_profile_vulkan_mlp_kernel_stage stage=readback_out batch=1 hidden=2560 intermediate=9216 out_dim=2560 bf16_weights=true use_rows2=false elapsed_ms=0.146
kiln_profile_vulkan_mlp_kernel_stage stage=create_tensor batch=1 hidden=2560 intermediate=9216 out_dim=2560 bf16_weights=true use_rows2=false elapsed_ms=0.005
kiln_profile_mlp_stage layer=22 stage=fused seq_len=1 start_pos=64 elapsed_ms=148.720
kiln_profile_vulkan_mlp_kernel_stage stage=extract_x batch=1 hidden=2560 intermediate=9216 out_dim=2560 bf16_weights=true use_rows2=false elapsed_ms=0.006
kiln_profile_vulkan_mlp_kernel_stage stage=alloc_x batch=1 hidden=2560 intermediate=9216 out_dim=2560 bf16_weights=true use_rows2=false elapsed_ms=0.039
kiln_profile_vulkan_mlp_kernel_stage stage=upload_x batch=1 hidden=2560 intermediate=9216 out_dim=2560 bf16_weights=true use_rows2=false elapsed_ms=0.103
kiln_profile_vulkan_mlp_kernel_stage stage=alloc_hidden_out batch=1 hidden=2560 intermediate=9216 out_dim=2560 bf16_weights=true use_rows2=false elapsed_ms=0.021
kiln_profile_vulkan_mlp_kernel_stage stage=gate_up batch=1 hidden=2560 intermediate=9216 out_dim=2560 bf16_weights=true use_rows2=false elapsed_ms=0.735
kiln_profile_vulkan_mlp_kernel_stage stage=down batch=1 hidden=2560 intermediate=9216 out_dim=2560 bf16_weights=true use_rows2=false elapsed_ms=0.569
kiln_profile_vulkan_mlp_kernel_stage stage=readback_out batch=1 hidden=2560 intermediate=9216 out_dim=2560 bf16_weights=true use_rows2=false elapsed_ms=0.112
kiln_profile_vulkan_mlp_kernel_stage stage=create_tensor batch=1 hidden=2560 intermediate=9216 out_dim=2560 bf16_weights=true use_rows2=false elapsed_ms=0.004
kiln_profile_mlp_stage layer=23 stage=fused seq_len=1 start_pos=64 elapsed_ms=153.697
kiln_profile_vulkan_mlp_kernel_stage stage=extract_x batch=1 hidden=2560 intermediate=9216 out_dim=2560 bf16_weights=true use_rows2=false elapsed_ms=0.009
kiln_profile_vulkan_mlp_kernel_stage stage=alloc_x batch=1 hidden=2560 intermediate=9216 out_dim=2560 bf16_weights=true use_rows2=false elapsed_ms=0.052
kiln_profile_vulkan_mlp_kernel_stage stage=upload_x batch=1 hidden=2560 intermediate=9216 out_dim=2560 bf16_weights=true use_rows2=false elapsed_ms=0.119
kiln_profile_vulkan_mlp_kernel_stage stage=alloc_hidden_out batch=1 hidden=2560 intermediate=9216 out_dim=2560 bf16_weights=true use_rows2=false elapsed_ms=0.032
kiln_profile_vulkan_mlp_kernel_stage stage=gate_up batch=1 hidden=2560 intermediate=9216 out_dim=2560 bf16_weights=true use_rows2=false elapsed_ms=0.585
kiln_profile_vulkan_mlp_kernel_stage stage=down batch=1 hidden=2560 intermediate=9216 out_dim=2560 bf16_weights=true use_rows2=false elapsed_ms=0.311
kiln_profile_vulkan_mlp_kernel_stage stage=readback_out batch=1 hidden=2560 intermediate=9216 out_dim=2560 bf16_weights=true use_rows2=false elapsed_ms=0.122
kiln_profile_vulkan_mlp_kernel_stage stage=create_tensor batch=1 hidden=2560 intermediate=9216 out_dim=2560 bf16_weights=true use_rows2=false elapsed_ms=0.005
kiln_profile_mlp_stage layer=24 stage=fused seq_len=1 start_pos=64 elapsed_ms=154.320
kiln_profile_vulkan_mlp_kernel_stage stage=extract_x batch=1 hidden=2560 intermediate=9216 out_dim=2560 bf16_weights=true use_rows2=false elapsed_ms=0.006
kiln_profile_vulkan_mlp_kernel_stage stage=alloc_x batch=1 hidden=2560 intermediate=9216 out_dim=2560 bf16_weights=true use_rows2=false elapsed_ms=0.036
kiln_profile_vulkan_mlp_kernel_stage stage=upload_x batch=1 hidden=2560 intermediate=9216 out_dim=2560 bf16_weights=true use_rows2=false elapsed_ms=0.107
kiln_profile_vulkan_mlp_kernel_stage stage=alloc_hidden_out batch=1 hidden=2560 intermediate=9216 out_dim=2560 bf16_weights=true use_rows2=false elapsed_ms=0.019
kiln_profile_vulkan_mlp_kernel_stage stage=gate_up batch=1 hidden=2560 intermediate=9216 out_dim=2560 bf16_weights=true use_rows2=false elapsed_ms=0.723
kiln_profile_vulkan_mlp_kernel_stage stage=down batch=1 hidden=2560 intermediate=9216 out_dim=2560 bf16_weights=true use_rows2=false elapsed_ms=0.637
kiln_profile_vulkan_mlp_kernel_stage stage=readback_out batch=1 hidden=2560 intermediate=9216 out_dim=2560 bf16_weights=true use_rows2=false elapsed_ms=0.157
kiln_profile_vulkan_mlp_kernel_stage stage=create_tensor batch=1 hidden=2560 intermediate=9216 out_dim=2560 bf16_weights=true use_rows2=false elapsed_ms=0.005
kiln_profile_mlp_stage layer=25 stage=fused seq_len=1 start_pos=64 elapsed_ms=146.000
kiln_profile_vulkan_mlp_kernel_stage stage=extract_x batch=1 hidden=2560 intermediate=9216 out_dim=2560 bf16_weights=true use_rows2=false elapsed_ms=0.007
kiln_profile_vulkan_mlp_kernel_stage stage=alloc_x batch=1 hidden=2560 intermediate=9216 out_dim=2560 bf16_weights=true use_rows2=false elapsed_ms=0.037
kiln_profile_vulkan_mlp_kernel_stage stage=upload_x batch=1 hidden=2560 intermediate=9216 out_dim=2560 bf16_weights=true use_rows2=false elapsed_ms=0.089
kiln_profile_vulkan_mlp_kernel_stage stage=alloc_hidden_out batch=1 hidden=2560 intermediate=9216 out_dim=2560 bf16_weights=true use_rows2=false elapsed_ms=0.020
kiln_profile_vulkan_mlp_kernel_stage stage=gate_up batch=1 hidden=2560 intermediate=9216 out_dim=2560 bf16_weights=true use_rows2=false elapsed_ms=0.585
kiln_profile_vulkan_mlp_kernel_stage stage=down batch=1 hidden=2560 intermediate=9216 out_dim=2560 bf16_weights=true use_rows2=false elapsed_ms=0.311
kiln_profile_vulkan_mlp_kernel_stage stage=readback_out batch=1 hidden=2560 intermediate=9216 out_dim=2560 bf16_weights=true use_rows2=false elapsed_ms=0.121
kiln_profile_vulkan_mlp_kernel_stage stage=create_tensor batch=1 hidden=2560 intermediate=9216 out_dim=2560 bf16_weights=true use_rows2=false elapsed_ms=0.005
kiln_profile_mlp_stage layer=26 stage=fused seq_len=1 start_pos=64 elapsed_ms=151.651
kiln_profile_vulkan_mlp_kernel_stage stage=extract_x batch=1 hidden=2560 intermediate=9216 out_dim=2560 bf16_weights=true use_rows2=false elapsed_ms=0.006
kiln_profile_vulkan_mlp_kernel_stage stage=alloc_x batch=1 hidden=2560 intermediate=9216 out_dim=2560 bf16_weights=true use_rows2=false elapsed_ms=0.047
kiln_profile_vulkan_mlp_kernel_stage stage=upload_x batch=1 hidden=2560 intermediate=9216 out_dim=2560 bf16_weights=true use_rows2=false elapsed_ms=0.122
kiln_profile_vulkan_mlp_kernel_stage stage=alloc_hidden_out batch=1 hidden=2560 intermediate=9216 out_dim=2560 bf16_weights=true use_rows2=false elapsed_ms=0.021
kiln_profile_vulkan_mlp_kernel_stage stage=gate_up batch=1 hidden=2560 intermediate=9216 out_dim=2560 bf16_weights=true use_rows2=false elapsed_ms=0.681
kiln_profile_vulkan_mlp_kernel_stage stage=down batch=1 hidden=2560 intermediate=9216 out_dim=2560 bf16_weights=true use_rows2=false elapsed_ms=0.756
kiln_profile_vulkan_mlp_kernel_stage stage=readback_out batch=1 hidden=2560 intermediate=9216 out_dim=2560 bf16_weights=true use_rows2=false elapsed_ms=0.268
kiln_profile_vulkan_mlp_kernel_stage stage=create_tensor batch=1 hidden=2560 intermediate=9216 out_dim=2560 bf16_weights=true use_rows2=false elapsed_ms=0.004
kiln_profile_mlp_stage layer=27 stage=fused seq_len=1 start_pos=64 elapsed_ms=149.609
kiln_profile_vulkan_mlp_kernel_stage stage=extract_x batch=1 hidden=2560 intermediate=9216 out_dim=2560 bf16_weights=true use_rows2=false elapsed_ms=0.006
kiln_profile_vulkan_mlp_kernel_stage stage=alloc_x batch=1 hidden=2560 intermediate=9216 out_dim=2560 bf16_weights=true use_rows2=false elapsed_ms=0.045
kiln_profile_vulkan_mlp_kernel_stage stage=upload_x batch=1 hidden=2560 intermediate=9216 out_dim=2560 bf16_weights=true use_rows2=false elapsed_ms=0.095
kiln_profile_vulkan_mlp_kernel_stage stage=alloc_hidden_out batch=1 hidden=2560 intermediate=9216 out_dim=2560 bf16_weights=true use_rows2=false elapsed_ms=0.020
kiln_profile_vulkan_mlp_kernel_stage stage=gate_up batch=1 hidden=2560 intermediate=9216 out_dim=2560 bf16_weights=true use_rows2=false elapsed_ms=0.735
kiln_profile_vulkan_mlp_kernel_stage stage=down batch=1 hidden=2560 intermediate=9216 out_dim=2560 bf16_weights=true use_rows2=false elapsed_ms=0.558
kiln_profile_vulkan_mlp_kernel_stage stage=readback_out batch=1 hidden=2560 intermediate=9216 out_dim=2560 bf16_weights=true use_rows2=false elapsed_ms=0.136
kiln_profile_vulkan_mlp_kernel_stage stage=create_tensor batch=1 hidden=2560 intermediate=9216 out_dim=2560 bf16_weights=true use_rows2=false elapsed_ms=0.005
kiln_profile_mlp_stage layer=28 stage=fused seq_len=1 start_pos=64 elapsed_ms=147.196
kiln_profile_vulkan_mlp_kernel_stage stage=extract_x batch=1 hidden=2560 intermediate=9216 out_dim=2560 bf16_weights=true use_rows2=false elapsed_ms=0.006
kiln_profile_vulkan_mlp_kernel_stage stage=alloc_x batch=1 hidden=2560 intermediate=9216 out_dim=2560 bf16_weights=true use_rows2=false elapsed_ms=0.037
kiln_profile_vulkan_mlp_kernel_stage stage=upload_x batch=1 hidden=2560 intermediate=9216 out_dim=2560 bf16_weights=true use_rows2=false elapsed_ms=0.173
kiln_profile_vulkan_mlp_kernel_stage stage=alloc_hidden_out batch=1 hidden=2560 intermediate=9216 out_dim=2560 bf16_weights=true use_rows2=false elapsed_ms=0.022
kiln_profile_vulkan_mlp_kernel_stage stage=gate_up batch=1 hidden=2560 intermediate=9216 out_dim=2560 bf16_weights=true use_rows2=false elapsed_ms=0.757
kiln_profile_vulkan_mlp_kernel_stage stage=down batch=1 hidden=2560 intermediate=9216 out_dim=2560 bf16_weights=true use_rows2=false elapsed_ms=0.769
kiln_profile_vulkan_mlp_kernel_stage stage=readback_out batch=1 hidden=2560 intermediate=9216 out_dim=2560 bf16_weights=true use_rows2=false elapsed_ms=0.110
kiln_profile_vulkan_mlp_kernel_stage stage=create_tensor batch=1 hidden=2560 intermediate=9216 out_dim=2560 bf16_weights=true use_rows2=false elapsed_ms=0.005
kiln_profile_mlp_stage layer=29 stage=fused seq_len=1 start_pos=64 elapsed_ms=152.008
kiln_profile_vulkan_mlp_kernel_stage stage=extract_x batch=1 hidden=2560 intermediate=9216 out_dim=2560 bf16_weights=true use_rows2=false elapsed_ms=0.005
kiln_profile_vulkan_mlp_kernel_stage stage=alloc_x batch=1 hidden=2560 intermediate=9216 out_dim=2560 bf16_weights=true use_rows2=false elapsed_ms=0.035
kiln_profile_vulkan_mlp_kernel_stage stage=upload_x batch=1 hidden=2560 intermediate=9216 out_dim=2560 bf16_weights=true use_rows2=false elapsed_ms=0.108
kiln_profile_vulkan_mlp_kernel_stage stage=alloc_hidden_out batch=1 hidden=2560 intermediate=9216 out_dim=2560 bf16_weights=true use_rows2=false elapsed_ms=0.021
kiln_profile_vulkan_mlp_kernel_stage stage=gate_up batch=1 hidden=2560 intermediate=9216 out_dim=2560 bf16_weights=true use_rows2=false elapsed_ms=0.715
kiln_profile_vulkan_mlp_kernel_stage stage=down batch=1 hidden=2560 intermediate=9216 out_dim=2560 bf16_weights=true use_rows2=false elapsed_ms=0.625
kiln_profile_vulkan_mlp_kernel_stage stage=readback_out batch=1 hidden=2560 intermediate=9216 out_dim=2560 bf16_weights=true use_rows2=false elapsed_ms=0.254
kiln_profile_vulkan_mlp_kernel_stage stage=create_tensor batch=1 hidden=2560 intermediate=9216 out_dim=2560 bf16_weights=true use_rows2=false elapsed_ms=0.004
kiln_profile_mlp_stage layer=30 stage=fused seq_len=1 start_pos=64 elapsed_ms=153.628
kiln_profile_vulkan_mlp_kernel_stage stage=extract_x batch=1 hidden=2560 intermediate=9216 out_dim=2560 bf16_weights=true use_rows2=false elapsed_ms=0.007
kiln_profile_vulkan_mlp_kernel_stage stage=alloc_x batch=1 hidden=2560 intermediate=9216 out_dim=2560 bf16_weights=true use_rows2=false elapsed_ms=0.041
kiln_profile_vulkan_mlp_kernel_stage stage=upload_x batch=1 hidden=2560 intermediate=9216 out_dim=2560 bf16_weights=true use_rows2=false elapsed_ms=0.372
kiln_profile_vulkan_mlp_kernel_stage stage=alloc_hidden_out batch=1 hidden=2560 intermediate=9216 out_dim=2560 bf16_weights=true use_rows2=false elapsed_ms=0.018
kiln_profile_vulkan_mlp_kernel_stage stage=gate_up batch=1 hidden=2560 intermediate=9216 out_dim=2560 bf16_weights=true use_rows2=false elapsed_ms=0.796
kiln_profile_vulkan_mlp_kernel_stage stage=down batch=1 hidden=2560 intermediate=9216 out_dim=2560 bf16_weights=true use_rows2=false elapsed_ms=0.347
kiln_profile_vulkan_mlp_kernel_stage stage=readback_out batch=1 hidden=2560 intermediate=9216 out_dim=2560 bf16_weights=true use_rows2=false elapsed_ms=0.115
kiln_profile_vulkan_mlp_kernel_stage stage=create_tensor batch=1 hidden=2560 intermediate=9216 out_dim=2560 bf16_weights=true use_rows2=false elapsed_ms=0.005
kiln_profile_mlp_stage layer=31 stage=fused seq_len=1 start_pos=64 elapsed_ms=145.895
{"timestamp":"2026-05-09T10:03:41.432270Z","level":"INFO","fields":{"message":"background inference prewarm complete","elapsed_ms":16106},"target":"kiln"}
kiln_profile_vulkan_mlp_kernel_stage stage=extract_x batch=26 hidden=2560 intermediate=9216 out_dim=2560 bf16_weights=false use_rows2=true elapsed_ms=0.014
kiln_profile_vulkan_mlp_kernel_stage stage=alloc_x batch=26 hidden=2560 intermediate=9216 out_dim=2560 bf16_weights=false use_rows2=true elapsed_ms=0.021
kiln_profile_vulkan_mlp_kernel_stage stage=upload_x batch=26 hidden=2560 intermediate=9216 out_dim=2560 bf16_weights=false use_rows2=true elapsed_ms=0.085
kiln_profile_vulkan_mlp_kernel_stage stage=alloc_hidden_out batch=26 hidden=2560 intermediate=9216 out_dim=2560 bf16_weights=false use_rows2=true elapsed_ms=0.026
kiln_profile_vulkan_mlp_kernel_stage stage=gate_up batch=26 hidden=2560 intermediate=9216 out_dim=2560 bf16_weights=false use_rows2=true elapsed_ms=5.478
kiln_profile_vulkan_mlp_kernel_stage stage=down batch=26 hidden=2560 intermediate=9216 out_dim=2560 bf16_weights=false use_rows2=true elapsed_ms=2.355
kiln_profile_vulkan_mlp_kernel_stage stage=readback_out batch=26 hidden=2560 intermediate=9216 out_dim=2560 bf16_weights=false use_rows2=true elapsed_ms=1.437
kiln_profile_vulkan_mlp_kernel_stage stage=create_tensor batch=26 hidden=2560 intermediate=9216 out_dim=2560 bf16_weights=false use_rows2=true elapsed_ms=0.013
kiln_profile_mlp_stage layer=0 stage=fused seq_len=26 start_pos=0 elapsed_ms=9.558
kiln_profile_vulkan_mlp_kernel_stage stage=extract_x batch=31 hidden=2560 intermediate=9216 out_dim=2560 bf16_weights=false use_rows2=true elapsed_ms=0.015
kiln_profile_vulkan_mlp_kernel_stage stage=alloc_x batch=31 hidden=2560 intermediate=9216 out_dim=2560 bf16_weights=false use_rows2=true elapsed_ms=0.019
kiln_profile_vulkan_mlp_kernel_stage stage=upload_x batch=31 hidden=2560 intermediate=9216 out_dim=2560 bf16_weights=false use_rows2=true elapsed_ms=1.784
kiln_profile_vulkan_mlp_kernel_stage stage=alloc_hidden_out batch=31 hidden=2560 intermediate=9216 out_dim=2560 bf16_weights=false use_rows2=true elapsed_ms=0.018
kiln_profile_vulkan_mlp_kernel_stage stage=extract_x batch=36 hidden=2560 intermediate=9216 out_dim=2560 bf16_weights=false use_rows2=true elapsed_ms=0.174
kiln_profile_vulkan_mlp_kernel_stage stage=alloc_x batch=36 hidden=2560 intermediate=9216 out_dim=2560 bf16_weights=false use_rows2=true elapsed_ms=0.013
kiln_profile_vulkan_mlp_kernel_stage stage=gate_up batch=31 hidden=2560 intermediate=9216 out_dim=2560 bf16_weights=false use_rows2=true elapsed_ms=9.506
kiln_profile_vulkan_mlp_kernel_stage stage=upload_x batch=36 hidden=2560 intermediate=9216 out_dim=2560 bf16_weights=false use_rows2=true elapsed_ms=9.274
kiln_profile_vulkan_mlp_kernel_stage stage=alloc_hidden_out batch=36 hidden=2560 intermediate=9216 out_dim=2560 bf16_weights=false use_rows2=true elapsed_ms=0.021
kiln_profile_vulkan_mlp_kernel_stage stage=extract_x batch=32 hidden=2560 intermediate=9216 out_dim=2560 bf16_weights=false use_rows2=true elapsed_ms=0.017
kiln_profile_vulkan_mlp_kernel_stage stage=alloc_x batch=32 hidden=2560 intermediate=9216 out_dim=2560 bf16_weights=false use_rows2=true elapsed_ms=0.011
kiln_profile_vulkan_mlp_kernel_stage stage=down batch=31 hidden=2560 intermediate=9216 out_dim=2560 bf16_weights=false use_rows2=true elapsed_ms=5.009
kiln_profile_vulkan_mlp_kernel_stage stage=upload_x batch=32 hidden=2560 intermediate=9216 out_dim=2560 bf16_weights=false use_rows2=true elapsed_ms=2.198
kiln_profile_vulkan_mlp_kernel_stage stage=alloc_hidden_out batch=32 hidden=2560 intermediate=9216 out_dim=2560 bf16_weights=false use_rows2=true elapsed_ms=0.021
kiln_profile_vulkan_mlp_kernel_stage stage=gate_up batch=36 hidden=2560 intermediate=9216 out_dim=2560 bf16_weights=false use_rows2=true elapsed_ms=15.418
kiln_profile_vulkan_mlp_kernel_stage stage=readback_out batch=31 hidden=2560 intermediate=9216 out_dim=2560 bf16_weights=false use_rows2=true elapsed_ms=11.950
kiln_profile_vulkan_mlp_kernel_stage stage=create_tensor batch=31 hidden=2560 intermediate=9216 out_dim=2560 bf16_weights=false use_rows2=true elapsed_ms=0.012
kiln_profile_mlp_stage layer=0 stage=fused seq_len=31 start_pos=0 elapsed_ms=28.462
kiln_profile_vulkan_mlp_kernel_stage stage=gate_up batch=32 hidden=2560 intermediate=9216 out_dim=2560 bf16_weights=false use_rows2=true elapsed_ms=20.782
kiln_profile_vulkan_mlp_kernel_stage stage=down batch=36 hidden=2560 intermediate=9216 out_dim=2560 bf16_weights=false use_rows2=true elapsed_ms=13.299
kiln_profile_vulkan_mlp_kernel_stage stage=readback_out batch=36 hidden=2560 intermediate=9216 out_dim=2560 bf16_weights=false use_rows2=true elapsed_ms=3.328
kiln_profile_vulkan_mlp_kernel_stage stage=create_tensor batch=36 hidden=2560 intermediate=9216 out_dim=2560 bf16_weights=false use_rows2=true elapsed_ms=0.132
kiln_profile_mlp_stage layer=0 stage=fused seq_len=36 start_pos=0 elapsed_ms=41.736
kiln_profile_vulkan_mlp_kernel_stage stage=down batch=32 hidden=2560 intermediate=9216 out_dim=2560 bf16_weights=false use_rows2=true elapsed_ms=20.719
kiln_profile_vulkan_mlp_kernel_stage stage=readback_out batch=32 hidden=2560 intermediate=9216 out_dim=2560 bf16_weights=false use_rows2=true elapsed_ms=0.489
kiln_profile_vulkan_mlp_kernel_stage stage=create_tensor batch=32 hidden=2560 intermediate=9216 out_dim=2560 bf16_weights=false use_rows2=true elapsed_ms=0.013
kiln_profile_mlp_stage layer=0 stage=fused seq_len=32 start_pos=0 elapsed_ms=44.347
kiln_profile_vulkan_mlp_kernel_stage stage=extract_x batch=26 hidden=2560 intermediate=9216 out_dim=2560 bf16_weights=false use_rows2=true elapsed_ms=0.009
kiln_profile_vulkan_mlp_kernel_stage stage=alloc_x batch=26 hidden=2560 intermediate=9216 out_dim=2560 bf16_weights=false use_rows2=true elapsed_ms=0.013
kiln_profile_vulkan_mlp_kernel_stage stage=upload_x batch=26 hidden=2560 intermediate=9216 out_dim=2560 bf16_weights=false use_rows2=true elapsed_ms=23.772
kiln_profile_vulkan_mlp_kernel_stage stage=alloc_hidden_out batch=26 hidden=2560 intermediate=9216 out_dim=2560 bf16_weights=false use_rows2=true elapsed_ms=0.051
kiln_profile_vulkan_mlp_kernel_stage stage=gate_up batch=26 hidden=2560 intermediate=9216 out_dim=2560 bf16_weights=false use_rows2=true elapsed_ms=4.493
kiln_profile_vulkan_mlp_kernel_stage stage=down batch=26 hidden=2560 intermediate=9216 out_dim=2560 bf16_weights=false use_rows2=true elapsed_ms=2.492
kiln_profile_vulkan_mlp_kernel_stage stage=readback_out batch=26 hidden=2560 intermediate=9216 out_dim=2560 bf16_weights=false use_rows2=true elapsed_ms=4.418
kiln_profile_vulkan_mlp_kernel_stage stage=create_tensor batch=26 hidden=2560 intermediate=9216 out_dim=2560 bf16_weights=false use_rows2=true elapsed_ms=0.009
kiln_profile_mlp_stage layer=1 stage=fused seq_len=26 start_pos=0 elapsed_ms=35.383
kiln_profile_vulkan_mlp_kernel_stage stage=extract_x batch=31 hidden=2560 intermediate=9216 out_dim=2560 bf16_weights=false use_rows2=true elapsed_ms=0.017
kiln_profile_vulkan_mlp_kernel_stage stage=alloc_x batch=31 hidden=2560 intermediate=9216 out_dim=2560 bf16_weights=false use_rows2=true elapsed_ms=0.018
kiln_profile_vulkan_mlp_kernel_stage stage=upload_x batch=31 hidden=2560 intermediate=9216 out_dim=2560 bf16_weights=false use_rows2=true elapsed_ms=9.380
kiln_profile_vulkan_mlp_kernel_stage stage=alloc_hidden_out batch=31 hidden=2560 intermediate=9216 out_dim=2560 bf16_weights=false use_rows2=true elapsed_ms=0.022
kiln_profile_vulkan_mlp_kernel_stage stage=gate_up batch=31 hidden=2560 intermediate=9216 out_dim=2560 bf16_weights=false use_rows2=true elapsed_ms=10.933
kiln_profile_vulkan_mlp_kernel_stage stage=extract_x batch=36 hidden=2560 intermediate=9216 out_dim=2560 bf16_weights=false use_rows2=true elapsed_ms=0.016
kiln_profile_vulkan_mlp_kernel_stage stage=alloc_x batch=36 hidden=2560 intermediate=9216 out_dim=2560 bf16_weights=false use_rows2=true elapsed_ms=0.012
kiln_profile_vulkan_mlp_kernel_stage stage=down batch=31 hidden=2560 intermediate=9216 out_dim=2560 bf16_weights=false use_rows2=true elapsed_ms=6.821
kiln_profile_vulkan_mlp_kernel_stage stage=upload_x batch=36 hidden=2560 intermediate=9216 out_dim=2560 bf16_weights=false use_rows2=true elapsed_ms=5.115
kiln_profile_vulkan_mlp_kernel_stage stage=alloc_hidden_out batch=36 hidden=2560 intermediate=9216 out_dim=2560 bf16_weights=false use_rows2=true elapsed_ms=0.019
kiln_profile_vulkan_mlp_kernel_stage stage=readback_out batch=31 hidden=2560 intermediate=9216 out_dim=2560 bf16_weights=false use_rows2=true elapsed_ms=1.698
kiln_profile_vulkan_mlp_kernel_stage stage=create_tensor batch=31 hidden=2560 intermediate=9216 out_dim=2560 bf16_weights=false use_rows2=true elapsed_ms=0.011
kiln_profile_mlp_stage layer=1 stage=fused seq_len=31 start_pos=0 elapsed_ms=29.013
kiln_profile_vulkan_mlp_kernel_stage stage=extract_x batch=32 hidden=2560 intermediate=9216 out_dim=2560 bf16_weights=false use_rows2=true elapsed_ms=0.028
kiln_profile_vulkan_mlp_kernel_stage stage=alloc_x batch=32 hidden=2560 intermediate=9216 out_dim=2560 bf16_weights=false use_rows2=true elapsed_ms=0.017
kiln_profile_vulkan_mlp_kernel_stage stage=gate_up batch=36 hidden=2560 intermediate=9216 out_dim=2560 bf16_weights=false use_rows2=true elapsed_ms=13.494
kiln_profile_vulkan_mlp_kernel_stage stage=upload_x batch=32 hidden=2560 intermediate=9216 out_dim=2560 bf16_weights=false use_rows2=true elapsed_ms=10.311
kiln_profile_vulkan_mlp_kernel_stage stage=alloc_hidden_out batch=32 hidden=2560 intermediate=9216 out_dim=2560 bf16_weights=false use_rows2=true elapsed_ms=0.024
kiln_profile_vulkan_mlp_kernel_stage stage=down batch=36 hidden=2560 intermediate=9216 out_dim=2560 bf16_weights=false use_rows2=true elapsed_ms=10.299
kiln_profile_vulkan_mlp_kernel_stage stage=gate_up batch=32 hidden=2560 intermediate=9216 out_dim=2560 bf16_weights=false use_rows2=true elapsed_ms=16.483
kiln_profile_vulkan_mlp_kernel_stage stage=readback_out batch=36 hidden=2560 intermediate=9216 out_dim=2560 bf16_weights=false use_rows2=true elapsed_ms=7.977
kiln_profile_vulkan_mlp_kernel_stage stage=create_tensor batch=36 hidden=2560 intermediate=9216 out_dim=2560 bf16_weights=false use_rows2=true elapsed_ms=0.013
kiln_profile_mlp_stage layer=1 stage=fused seq_len=36 start_pos=0 elapsed_ms=37.040
kiln_profile_vulkan_mlp_kernel_stage stage=down batch=32 hidden=2560 intermediate=9216 out_dim=2560 bf16_weights=false use_rows2=true elapsed_ms=5.713
kiln_profile_vulkan_mlp_kernel_stage stage=readback_out batch=32 hidden=2560 intermediate=9216 out_dim=2560 bf16_weights=false use_rows2=true elapsed_ms=11.522
kiln_profile_vulkan_mlp_kernel_stage stage=create_tensor batch=32 hidden=2560 intermediate=9216 out_dim=2560 bf16_weights=false use_rows2=true elapsed_ms=0.013
kiln_profile_mlp_stage layer=1 stage=fused seq_len=32 start_pos=0 elapsed_ms=44.218
kiln_profile_vulkan_mlp_kernel_stage stage=extract_x batch=26 hidden=2560 intermediate=9216 out_dim=2560 bf16_weights=false use_rows2=true elapsed_ms=0.010
kiln_profile_vulkan_mlp_kernel_stage stage=alloc_x batch=26 hidden=2560 intermediate=9216 out_dim=2560 bf16_weights=false use_rows2=true elapsed_ms=0.011
kiln_profile_vulkan_mlp_kernel_stage stage=upload_x batch=26 hidden=2560 intermediate=9216 out_dim=2560 bf16_weights=false use_rows2=true elapsed_ms=10.550
kiln_profile_vulkan_mlp_kernel_stage stage=alloc_hidden_out batch=26 hidden=2560 intermediate=9216 out_dim=2560 bf16_weights=false use_rows2=true elapsed_ms=0.035
kiln_profile_vulkan_mlp_kernel_stage stage=gate_up batch=26 hidden=2560 intermediate=9216 out_dim=2560 bf16_weights=false use_rows2=true elapsed_ms=8.096
kiln_profile_vulkan_mlp_kernel_stage stage=down batch=26 hidden=2560 intermediate=9216 out_dim=2560 bf16_weights=false use_rows2=true elapsed_ms=2.982
kiln_profile_vulkan_mlp_kernel_stage stage=readback_out batch=26 hidden=2560 intermediate=9216 out_dim=2560 bf16_weights=false use_rows2=true elapsed_ms=3.775
kiln_profile_vulkan_mlp_kernel_stage stage=create_tensor batch=26 hidden=2560 intermediate=9216 out_dim=2560 bf16_weights=false use_rows2=true elapsed_ms=0.009
kiln_profile_mlp_stage layer=2 stage=fused seq_len=26 start_pos=0 elapsed_ms=25.575
kiln_profile_vulkan_mlp_kernel_stage stage=extract_x batch=31 hidden=2560 intermediate=9216 out_dim=2560 bf16_weights=false use_rows2=true elapsed_ms=0.023
kiln_profile_vulkan_mlp_kernel_stage stage=alloc_x batch=31 hidden=2560 intermediate=9216 out_dim=2560 bf16_weights=false use_rows2=true elapsed_ms=0.017
kiln_profile_vulkan_mlp_kernel_stage stage=upload_x batch=31 hidden=2560 intermediate=9216 out_dim=2560 bf16_weights=false use_rows2=true elapsed_ms=5.100
kiln_profile_vulkan_mlp_kernel_stage stage=alloc_hidden_out batch=31 hidden=2560 intermediate=9216 out_dim=2560 bf16_weights=false use_rows2=true elapsed_ms=0.039
kiln_profile_vulkan_mlp_kernel_stage stage=gate_up batch=31 hidden=2560 intermediate=9216 out_dim=2560 bf16_weights=false use_rows2=true elapsed_ms=11.608
kiln_profile_vulkan_mlp_kernel_stage stage=extract_x batch=36 hidden=2560 intermediate=9216 out_dim=2560 bf16_weights=false use_rows2=true elapsed_ms=0.013
kiln_profile_vulkan_mlp_kernel_stage stage=alloc_x batch=36 hidden=2560 intermediate=9216 out_dim=2560 bf16_weights=false use_rows2=true elapsed_ms=0.472
kiln_profile_vulkan_mlp_kernel_stage stage=upload_x batch=36 hidden=2560 intermediate=9216 out_dim=2560 bf16_weights=false use_rows2=true elapsed_ms=3.290
kiln_profile_vulkan_mlp_kernel_stage stage=alloc_hidden_out batch=36 hidden=2560 intermediate=9216 out_dim=2560 bf16_weights=false use_rows2=true elapsed_ms=0.025
kiln_profile_vulkan_mlp_kernel_stage stage=down batch=31 hidden=2560 intermediate=9216 out_dim=2560 bf16_weights=false use_rows2=true elapsed_ms=7.785
kiln_profile_vulkan_mlp_kernel_stage stage=extract_x batch=32 hidden=2560 intermediate=9216 out_dim=2560 bf16_weights=false use_rows2=true elapsed_ms=0.011
kiln_profile_vulkan_mlp_kernel_stage stage=alloc_x batch=32 hidden=2560 intermediate=9216 out_dim=2560 bf16_weights=false use_rows2=true elapsed_ms=0.009
kiln_profile_vulkan_mlp_kernel_stage stage=readback_out batch=31 hidden=2560 intermediate=9216 out_dim=2560 bf16_weights=false use_rows2=true elapsed_ms=2.788
kiln_profile_vulkan_mlp_kernel_stage stage=create_tensor batch=31 hidden=2560 intermediate=9216 out_dim=2560 bf16_weights=false use_rows2=true elapsed_ms=0.012
kiln_profile_mlp_stage layer=2 stage=fused seq_len=31 start_pos=0 elapsed_ms=27.478
kiln_profile_vulkan_mlp_kernel_stage stage=gate_up batch=36 hidden=2560 intermediate=9216 out_dim=2560 bf16_weights=false use_rows2=true elapsed_ms=15.319
kiln_profile_vulkan_mlp_kernel_stage stage=upload_x batch=32 hidden=2560 intermediate=9216 out_dim=2560 bf16_weights=false use_rows2=true elapsed_ms=11.873
kiln_profile_vulkan_mlp_kernel_stage stage=alloc_hidden_out batch=32 hidden=2560 intermediate=9216 out_dim=2560 bf16_weights=false use_rows2=true elapsed_ms=0.015
kiln_profile_vulkan_mlp_kernel_stage stage=down batch=36 hidden=2560 intermediate=9216 out_dim=2560 bf16_weights=false use_rows2=true elapsed_ms=3.295
kiln_profile_vulkan_mlp_kernel_stage stage=readback_out batch=36 hidden=2560 intermediate=9216 out_dim=2560 bf16_weights=false use_rows2=true elapsed_ms=1.556
kiln_profile_vulkan_mlp_kernel_stage stage=create_tensor batch=36 hidden=2560 intermediate=9216 out_dim=2560 bf16_weights=false use_rows2=true elapsed_ms=0.012
kiln_profile_mlp_stage layer=2 stage=fused seq_len=36 start_pos=0 elapsed_ms=24.063
kiln_profile_vulkan_mlp_kernel_stage stage=extract_x batch=26 hidden=2560 intermediate=9216 out_dim=2560 bf16_weights=false use_rows2=true elapsed_ms=0.013
kiln_profile_vulkan_mlp_kernel_stage stage=alloc_x batch=26 hidden=2560 intermediate=9216 out_dim=2560 bf16_weights=false use_rows2=true elapsed_ms=0.013
kiln_profile_vulkan_mlp_kernel_stage stage=gate_up batch=32 hidden=2560 intermediate=9216 out_dim=2560 bf16_weights=false use_rows2=true elapsed_ms=24.052
kiln_profile_vulkan_mlp_kernel_stage stage=down batch=32 hidden=2560 intermediate=9216 out_dim=2560 bf16_weights=false use_rows2=true elapsed_ms=14.355
kiln_profile_vulkan_mlp_kernel_stage stage=readback_out batch=32 hidden=2560 intermediate=9216 out_dim=2560 bf16_weights=false use_rows2=true elapsed_ms=1.495
kiln_profile_vulkan_mlp_kernel_stage stage=create_tensor batch=32 hidden=2560 intermediate=9216 out_dim=2560 bf16_weights=false use_rows2=true elapsed_ms=0.010
kiln_profile_mlp_stage layer=2 stage=fused seq_len=32 start_pos=0 elapsed_ms=51.891
kiln_profile_vulkan_mlp_kernel_stage stage=upload_x batch=26 hidden=2560 intermediate=9216 out_dim=2560 bf16_weights=false use_rows2=true elapsed_ms=23.039
kiln_profile_vulkan_mlp_kernel_stage stage=alloc_hidden_out batch=26 hidden=2560 intermediate=9216 out_dim=2560 bf16_weights=false use_rows2=true elapsed_ms=0.027
kiln_profile_vulkan_mlp_kernel_stage stage=gate_up batch=26 hidden=2560 intermediate=9216 out_dim=2560 bf16_weights=false use_rows2=true elapsed_ms=6.952
kiln_profile_vulkan_mlp_kernel_stage stage=extract_x batch=31 hidden=2560 intermediate=9216 out_dim=2560 bf16_weights=false use_rows2=true elapsed_ms=0.011
kiln_profile_vulkan_mlp_kernel_stage stage=alloc_x batch=31 hidden=2560 intermediate=9216 out_dim=2560 bf16_weights=false use_rows2=true elapsed_ms=0.010
kiln_profile_vulkan_mlp_kernel_stage stage=upload_x batch=31 hidden=2560 intermediate=9216 out_dim=2560 bf16_weights=false use_rows2=true elapsed_ms=2.338
kiln_profile_vulkan_mlp_kernel_stage stage=alloc_hidden_out batch=31 hidden=2560 intermediate=9216 out_dim=2560 bf16_weights=false use_rows2=true elapsed_ms=0.030
kiln_profile_vulkan_mlp_kernel_stage stage=extract_x batch=36 hidden=2560 intermediate=9216 out_dim=2560 bf16_weights=false use_rows2=true elapsed_ms=0.013
kiln_profile_vulkan_mlp_kernel_stage stage=alloc_x batch=36 hidden=2560 intermediate=9216 out_dim=2560 bf16_weights=false use_rows2=true elapsed_ms=0.021
kiln_profile_vulkan_mlp_kernel_stage stage=down batch=26 hidden=2560 intermediate=9216 out_dim=2560 bf16_weights=false use_rows2=true elapsed_ms=17.195
kiln_profile_vulkan_mlp_kernel_stage stage=upload_x batch=36 hidden=2560 intermediate=9216 out_dim=2560 bf16_weights=false use_rows2=true elapsed_ms=2.584
kiln_profile_vulkan_mlp_kernel_stage stage=alloc_hidden_out batch=36 hidden=2560 intermediate=9216 out_dim=2560 bf16_weights=false use_rows2=true elapsed_ms=0.019
kiln_profile_vulkan_mlp_kernel_stage stage=readback_out batch=26 hidden=2560 intermediate=9216 out_dim=2560 bf16_weights=false use_rows2=true elapsed_ms=1.726
kiln_profile_vulkan_mlp_kernel_stage stage=create_tensor batch=26 hidden=2560 intermediate=9216 out_dim=2560 bf16_weights=false use_rows2=true elapsed_ms=0.009
kiln_profile_mlp_stage layer=3 stage=fused seq_len=26 start_pos=0 elapsed_ms=49.051
kiln_profile_vulkan_mlp_kernel_stage stage=gate_up batch=31 hidden=2560 intermediate=9216 out_dim=2560 bf16_weights=false use_rows2=true elapsed_ms=12.906
kiln_profile_vulkan_mlp_kernel_stage stage=gate_up batch=36 hidden=2560 intermediate=9216 out_dim=2560 bf16_weights=false use_rows2=true elapsed_ms=18.381
kiln_profile_vulkan_mlp_kernel_stage stage=down batch=36 hidden=2560 intermediate=9216 out_dim=2560 bf16_weights=false use_rows2=true elapsed_ms=3.074
kiln_profile_vulkan_mlp_kernel_stage stage=readback_out batch=36 hidden=2560 intermediate=9216 out_dim=2560 bf16_weights=false use_rows2=true elapsed_ms=1.468
kiln_profile_vulkan_mlp_kernel_stage stage=create_tensor batch=36 hidden=2560 intermediate=9216 out_dim=2560 bf16_weights=false use_rows2=true elapsed_ms=0.028
kiln_profile_mlp_stage layer=3 stage=fused seq_len=36 start_pos=0 elapsed_ms=25.660
kiln_profile_vulkan_mlp_kernel_stage stage=down batch=31 hidden=2560 intermediate=9216 out_dim=2560 bf16_weights=false use_rows2=true elapsed_ms=23.486
kiln_profile_vulkan_mlp_kernel_stage stage=readback_out batch=31 hidden=2560 intermediate=9216 out_dim=2560 bf16_weights=false use_rows2=true elapsed_ms=1.344
kiln_profile_vulkan_mlp_kernel_stage stage=create_tensor batch=31 hidden=2560 intermediate=9216 out_dim=2560 bf16_weights=false use_rows2=true elapsed_ms=0.010
kiln_profile_mlp_stage layer=3 stage=fused seq_len=31 start_pos=0 elapsed_ms=40.216
kiln_profile_vulkan_mlp_kernel_stage stage=extract_x batch=32 hidden=2560 intermediate=9216 out_dim=2560 bf16_weights=false use_rows2=true elapsed_ms=0.013
kiln_profile_vulkan_mlp_kernel_stage stage=alloc_x batch=32 hidden=2560 intermediate=9216 out_dim=2560 bf16_weights=false use_rows2=true elapsed_ms=0.015
kiln_profile_vulkan_mlp_kernel_stage stage=upload_x batch=32 hidden=2560 intermediate=9216 out_dim=2560 bf16_weights=false use_rows2=true elapsed_ms=0.376
kiln_profile_vulkan_mlp_kernel_stage stage=alloc_hidden_out batch=32 hidden=2560 intermediate=9216 out_dim=2560 bf16_weights=false use_rows2=true elapsed_ms=0.017
kiln_profile_vulkan_mlp_kernel_stage stage=gate_up batch=32 hidden=2560 intermediate=9216 out_dim=2560 bf16_weights=false use_rows2=true elapsed_ms=9.059
kiln_profile_vulkan_mlp_kernel_stage stage=down batch=32 hidden=2560 intermediate=9216 out_dim=2560 bf16_weights=false use_rows2=true elapsed_ms=2.588
kiln_profile_vulkan_mlp_kernel_stage stage=readback_out batch=32 hidden=2560 intermediate=9216 out_dim=2560 bf16_weights=false use_rows2=true elapsed_ms=1.631
kiln_profile_vulkan_mlp_kernel_stage stage=create_tensor batch=32 hidden=2560 intermediate=9216 out_dim=2560 bf16_weights=false use_rows2=true elapsed_ms=0.012
kiln_profile_mlp_stage layer=3 stage=fused seq_len=32 start_pos=0 elapsed_ms=13.834
kiln_profile_vulkan_mlp_kernel_stage stage=extract_x batch=26 hidden=2560 intermediate=9216 out_dim=2560 bf16_weights=false use_rows2=true elapsed_ms=0.010
kiln_profile_vulkan_mlp_kernel_stage stage=alloc_x batch=26 hidden=2560 intermediate=9216 out_dim=2560 bf16_weights=false use_rows2=true elapsed_ms=0.013
kiln_profile_vulkan_mlp_kernel_stage stage=upload_x batch=26 hidden=2560 intermediate=9216 out_dim=2560 bf16_weights=false use_rows2=true elapsed_ms=2.511
kiln_profile_vulkan_mlp_kernel_stage stage=extract_x batch=36 hidden=2560 intermediate=9216 out_dim=2560 bf16_weights=false use_rows2=true elapsed_ms=0.016
kiln_profile_vulkan_mlp_kernel_stage stage=alloc_x batch=36 hidden=2560 intermediate=9216 out_dim=2560 bf16_weights=false use_rows2=true elapsed_ms=0.023
kiln_profile_vulkan_mlp_kernel_stage stage=alloc_hidden_out batch=26 hidden=2560 intermediate=9216 out_dim=2560 bf16_weights=false use_rows2=true elapsed_ms=0.042
kiln_profile_vulkan_mlp_kernel_stage stage=upload_x batch=36 hidden=2560 intermediate=9216 out_dim=2560 bf16_weights=false use_rows2=true elapsed_ms=2.797
kiln_profile_vulkan_mlp_kernel_stage stage=alloc_hidden_out batch=36 hidden=2560 intermediate=9216 out_dim=2560 bf16_weights=false use_rows2=true elapsed_ms=0.020
kiln_profile_vulkan_mlp_kernel_stage stage=gate_up batch=26 hidden=2560 intermediate=9216 out_dim=2560 bf16_weights=false use_rows2=true elapsed_ms=7.628
kiln_profile_vulkan_mlp_kernel_stage stage=extract_x batch=31 hidden=2560 intermediate=9216 out_dim=2560 bf16_weights=false use_rows2=true elapsed_ms=0.022
kiln_profile_vulkan_mlp_kernel_stage stage=alloc_x batch=31 hidden=2560 intermediate=9216 out_dim=2560 bf16_weights=false use_rows2=true elapsed_ms=0.011
kiln_profile_vulkan_mlp_kernel_stage stage=gate_up batch=36 hidden=2560 intermediate=9216 out_dim=2560 bf16_weights=false use_rows2=true elapsed_ms=17.950
kiln_profile_vulkan_mlp_kernel_stage stage=upload_x batch=31 hidden=2560 intermediate=9216 out_dim=2560 bf16_weights=false use_rows2=true elapsed_ms=10.698
kiln_profile_vulkan_mlp_kernel_stage stage=alloc_hidden_out batch=31 hidden=2560 intermediate=9216 out_dim=2560 bf16_weights=false use_rows2=true elapsed_ms=0.024
kiln_profile_vulkan_mlp_kernel_stage stage=down batch=36 hidden=2560 intermediate=9216 out_dim=2560 bf16_weights=false use_rows2=true elapsed_ms=3.214
kiln_profile_vulkan_mlp_kernel_stage stage=readback_out batch=36 hidden=2560 intermediate=9216 out_dim=2560 bf16_weights=false use_rows2=true elapsed_ms=1.568
kiln_profile_vulkan_mlp_kernel_stage stage=create_tensor batch=36 hidden=2560 intermediate=9216 out_dim=2560 bf16_weights=false use_rows2=true elapsed_ms=0.012
kiln_profile_mlp_stage layer=4 stage=fused seq_len=36 start_pos=0 elapsed_ms=27.090
kiln_profile_vulkan_mlp_kernel_stage stage=down batch=26 hidden=2560 intermediate=9216 out_dim=2560 bf16_weights=false use_rows2=true elapsed_ms=20.625
kiln_profile_vulkan_mlp_kernel_stage stage=gate_up batch=31 hidden=2560 intermediate=9216 out_dim=2560 bf16_weights=false use_rows2=true elapsed_ms=15.972
kiln_profile_vulkan_mlp_kernel_stage stage=readback_out batch=26 hidden=2560 intermediate=9216 out_dim=2560 bf16_weights=false use_rows2=true elapsed_ms=9.788
kiln_profile_vulkan_mlp_kernel_stage stage=create_tensor batch=26 hidden=2560 intermediate=9216 out_dim=2560 bf16_weights=false use_rows2=true elapsed_ms=0.010
kiln_profile_mlp_stage layer=4 stage=fused seq_len=26 start_pos=0 elapsed_ms=42.294
kiln_profile_vulkan_mlp_kernel_stage stage=down batch=31 hidden=2560 intermediate=9216 out_dim=2560 bf16_weights=false use_rows2=true elapsed_ms=17.990
kiln_profile_vulkan_mlp_kernel_stage stage=readback_out batch=31 hidden=2560 intermediate=9216 out_dim=2560 bf16_weights=false use_rows2=true elapsed_ms=6.295
kiln_profile_vulkan_mlp_kernel_stage stage=create_tensor batch=31 hidden=2560 intermediate=9216 out_dim=2560 bf16_weights=false use_rows2=true elapsed_ms=0.012
kiln_profile_mlp_stage layer=4 stage=fused seq_len=31 start_pos=0 elapsed_ms=51.126
kiln_profile_vulkan_mlp_kernel_stage stage=extract_x batch=32 hidden=2560 intermediate=9216 out_dim=2560 bf16_weights=false use_rows2=true elapsed_ms=0.008
kiln_profile_vulkan_mlp_kernel_stage stage=alloc_x batch=32 hidden=2560 intermediate=9216 out_dim=2560 bf16_weights=false use_rows2=true elapsed_ms=0.014
kiln_profile_vulkan_mlp_kernel_stage stage=upload_x batch=32 hidden=2560 intermediate=9216 out_dim=2560 bf16_weights=false use_rows2=true elapsed_ms=10.596
kiln_profile_vulkan_mlp_kernel_stage stage=alloc_hidden_out batch=32 hidden=2560 intermediate=9216 out_dim=2560 bf16_weights=false use_rows2=true elapsed_ms=0.018
kiln_profile_vulkan_mlp_kernel_stage stage=gate_up batch=32 hidden=2560 intermediate=9216 out_dim=2560 bf16_weights=false use_rows2=true elapsed_ms=9.182
kiln_profile_vulkan_mlp_kernel_stage stage=down batch=32 hidden=2560 intermediate=9216 out_dim=2560 bf16_weights=false use_rows2=true elapsed_ms=2.837
kiln_profile_vulkan_mlp_kernel_stage stage=readback_out batch=32 hidden=2560 intermediate=9216 out_dim=2560 bf16_weights=false use_rows2=true elapsed_ms=0.638
kiln_profile_vulkan_mlp_kernel_stage stage=create_tensor batch=32 hidden=2560 intermediate=9216 out_dim=2560 bf16_weights=false use_rows2=true elapsed_ms=0.013
kiln_profile_mlp_stage layer=4 stage=fused seq_len=32 start_pos=0 elapsed_ms=23.463
kiln_profile_vulkan_mlp_kernel_stage stage=extract_x batch=36 hidden=2560 intermediate=9216 out_dim=2560 bf16_weights=false use_rows2=true elapsed_ms=0.013
kiln_profile_vulkan_mlp_kernel_stage stage=alloc_x batch=36 hidden=2560 intermediate=9216 out_dim=2560 bf16_weights=false use_rows2=true elapsed_ms=0.022
kiln_profile_vulkan_mlp_kernel_stage stage=extract_x batch=31 hidden=2560 intermediate=9216 out_dim=2560 bf16_weights=false use_rows2=true elapsed_ms=0.013
kiln_profile_vulkan_mlp_kernel_stage stage=alloc_x batch=31 hidden=2560 intermediate=9216 out_dim=2560 bf16_weights=false use_rows2=true elapsed_ms=0.037
kiln_profile_vulkan_mlp_kernel_stage stage=upload_x batch=36 hidden=2560 intermediate=9216 out_dim=2560 bf16_weights=false use_rows2=true elapsed_ms=3.890
kiln_profile_vulkan_mlp_kernel_stage stage=alloc_hidden_out batch=36 hidden=2560 intermediate=9216 out_dim=2560 bf16_weights=false use_rows2=true elapsed_ms=0.039
kiln_profile_vulkan_mlp_kernel_stage stage=upload_x batch=31 hidden=2560 intermediate=9216 out_dim=2560 bf16_weights=false use_rows2=true elapsed_ms=2.021
kiln_profile_vulkan_mlp_kernel_stage stage=alloc_hidden_out batch=31 hidden=2560 intermediate=9216 out_dim=2560 bf16_weights=false use_rows2=true elapsed_ms=0.029
kiln_profile_vulkan_mlp_kernel_stage stage=extract_x batch=26 hidden=2560 intermediate=9216 out_dim=2560 bf16_weights=false use_rows2=true elapsed_ms=0.010
kiln_profile_vulkan_mlp_kernel_stage stage=alloc_x batch=26 hidden=2560 intermediate=9216 out_dim=2560 bf16_weights=false use_rows2=true elapsed_ms=0.011
kiln_profile_vulkan_mlp_kernel_stage stage=gate_up batch=36 hidden=2560 intermediate=9216 out_dim=2560 bf16_weights=false use_rows2=true elapsed_ms=11.539
kiln_profile_vulkan_mlp_kernel_stage stage=upload_x batch=26 hidden=2560 intermediate=9216 out_dim=2560 bf16_weights=false use_rows2=true elapsed_ms=9.701
kiln_profile_vulkan_mlp_kernel_stage stage=alloc_hidden_out batch=26 hidden=2560 intermediate=9216 out_dim=2560 bf16_weights=false use_rows2=true elapsed_ms=0.028
kiln_profile_vulkan_mlp_kernel_stage stage=gate_up batch=31 hidden=2560 intermediate=9216 out_dim=2560 bf16_weights=false use_rows2=true elapsed_ms=18.218
kiln_profile_vulkan_mlp_kernel_stage stage=down batch=36 hidden=2560 intermediate=9216 out_dim=2560 bf16_weights=false use_rows2=true elapsed_ms=11.657
kiln_profile_vulkan_mlp_kernel_stage stage=gate_up batch=26 hidden=2560 intermediate=9216 out_dim=2560 bf16_weights=false use_rows2=true elapsed_ms=17.508
kiln_profile_vulkan_mlp_kernel_stage stage=readback_out batch=36 hidden=2560 intermediate=9216 out_dim=2560 bf16_weights=false use_rows2=true elapsed_ms=7.643
kiln_profile_vulkan_mlp_kernel_stage stage=create_tensor batch=36 hidden=2560 intermediate=9216 out_dim=2560 bf16_weights=false use_rows2=true elapsed_ms=0.014
kiln_profile_mlp_stage layer=5 stage=fused seq_len=36 start_pos=0 elapsed_ms=34.976
kiln_profile_vulkan_mlp_kernel_stage stage=down batch=31 hidden=2560 intermediate=9216 out_dim=2560 bf16_weights=false use_rows2=true elapsed_ms=12.890
kiln_profile_vulkan_mlp_kernel_stage stage=readback_out batch=31 hidden=2560 intermediate=9216 out_dim=2560 bf16_weights=false use_rows2=true elapsed_ms=3.688
kiln_profile_vulkan_mlp_kernel_stage stage=create_tensor batch=31 hidden=2560 intermediate=9216 out_dim=2560 bf16_weights=false use_rows2=true elapsed_ms=0.009
kiln_profile_mlp_stage layer=5 stage=fused seq_len=31 start_pos=0 elapsed_ms=37.004
kiln_profile_vulkan_mlp_kernel_stage stage=down batch=26 hidden=2560 intermediate=9216 out_dim=2560 bf16_weights=false use_rows2=true elapsed_ms=9.619
kiln_profile_vulkan_mlp_kernel_stage stage=readback_out batch=26 hidden=2560 intermediate=9216 out_dim=2560 bf16_weights=false use_rows2=true elapsed_ms=1.216
kiln_profile_vulkan_mlp_kernel_stage stage=create_tensor batch=26 hidden=2560 intermediate=9216 out_dim=2560 bf16_weights=false use_rows2=true elapsed_ms=0.008
kiln_profile_mlp_stage layer=5 stage=fused seq_len=26 start_pos=0 elapsed_ms=38.187
kiln_profile_vulkan_mlp_kernel_stage stage=extract_x batch=32 hidden=2560 intermediate=9216 out_dim=2560 bf16_weights=false use_rows2=true elapsed_ms=0.008
kiln_profile_vulkan_mlp_kernel_stage stage=alloc_x batch=32 hidden=2560 intermediate=9216 out_dim=2560 bf16_weights=false use_rows2=true elapsed_ms=0.014
kiln_profile_vulkan_mlp_kernel_stage stage=upload_x batch=32 hidden=2560 intermediate=9216 out_dim=2560 bf16_weights=false use_rows2=true elapsed_ms=9.472
kiln_profile_vulkan_mlp_kernel_stage stage=alloc_hidden_out batch=32 hidden=2560 intermediate=9216 out_dim=2560 bf16_weights=false use_rows2=true elapsed_ms=0.020
kiln_profile_vulkan_mlp_kernel_stage stage=gate_up batch=32 hidden=2560 intermediate=9216 out_dim=2560 bf16_weights=false use_rows2=true elapsed_ms=17.703
kiln_profile_vulkan_mlp_kernel_stage stage=down batch=32 hidden=2560 intermediate=9216 out_dim=2560 bf16_weights=false use_rows2=true elapsed_ms=2.380
kiln_profile_vulkan_mlp_kernel_stage stage=readback_out batch=32 hidden=2560 intermediate=9216 out_dim=2560 bf16_weights=false use_rows2=true elapsed_ms=0.771
kiln_profile_vulkan_mlp_kernel_stage stage=create_tensor batch=32 hidden=2560 intermediate=9216 out_dim=2560 bf16_weights=false use_rows2=true elapsed_ms=0.012
kiln_profile_mlp_stage layer=5 stage=fused seq_len=32 start_pos=0 elapsed_ms=30.479
kiln_profile_vulkan_mlp_kernel_stage stage=extract_x batch=31 hidden=2560 intermediate=9216 out_dim=2560 bf16_weights=false use_rows2=true elapsed_ms=0.011
kiln_profile_vulkan_mlp_kernel_stage stage=alloc_x batch=31 hidden=2560 intermediate=9216 out_dim=2560 bf16_weights=false use_rows2=true elapsed_ms=0.013
kiln_profile_vulkan_mlp_kernel_stage stage=upload_x batch=31 hidden=2560 intermediate=9216 out_dim=2560 bf16_weights=false use_rows2=true elapsed_ms=1.853
kiln_profile_vulkan_mlp_kernel_stage stage=extract_x batch=26 hidden=2560 intermediate=9216 out_dim=2560 bf16_weights=false use_rows2=true elapsed_ms=0.011
kiln_profile_vulkan_mlp_kernel_stage stage=alloc_x batch=26 hidden=2560 intermediate=9216 out_dim=2560 bf16_weights=false use_rows2=true elapsed_ms=0.024
kiln_profile_vulkan_mlp_kernel_stage stage=alloc_hidden_out batch=31 hidden=2560 intermediate=9216 out_dim=2560 bf16_weights=false use_rows2=true elapsed_ms=0.034
kiln_profile_vulkan_mlp_kernel_stage stage=upload_x batch=26 hidden=2560 intermediate=9216 out_dim=2560 bf16_weights=false use_rows2=true elapsed_ms=2.592
kiln_profile_vulkan_mlp_kernel_stage stage=alloc_hidden_out batch=26 hidden=2560 intermediate=9216 out_dim=2560 bf16_weights=false use_rows2=true elapsed_ms=0.030
kiln_profile_vulkan_mlp_kernel_stage stage=extract_x batch=36 hidden=2560 intermediate=9216 out_dim=2560 bf16_weights=false use_rows2=true elapsed_ms=0.011
kiln_profile_vulkan_mlp_kernel_stage stage=alloc_x batch=36 hidden=2560 intermediate=9216 out_dim=2560 bf16_weights=false use_rows2=true elapsed_ms=0.023
kiln_profile_vulkan_mlp_kernel_stage stage=gate_up batch=26 hidden=2560 intermediate=9216 out_dim=2560 bf16_weights=false use_rows2=true elapsed_ms=6.062
kiln_profile_vulkan_mlp_kernel_stage stage=upload_x batch=36 hidden=2560 intermediate=9216 out_dim=2560 bf16_weights=false use_rows2=true elapsed_ms=5.952
kiln_profile_vulkan_mlp_kernel_stage stage=alloc_hidden_out batch=36 hidden=2560 intermediate=9216 out_dim=2560 bf16_weights=false use_rows2=true elapsed_ms=0.023
kiln_profile_vulkan_mlp_kernel_stage stage=gate_up batch=31 hidden=2560 intermediate=9216 out_dim=2560 bf16_weights=false use_rows2=true elapsed_ms=17.312
kiln_profile_vulkan_mlp_kernel_stage stage=down batch=26 hidden=2560 intermediate=9216 out_dim=2560 bf16_weights=false use_rows2=true elapsed_ms=10.620
kiln_profile_vulkan_mlp_kernel_stage stage=gate_up batch=36 hidden=2560 intermediate=9216 out_dim=2560 bf16_weights=false use_rows2=true elapsed_ms=20.394
kiln_profile_vulkan_mlp_kernel_stage stage=down batch=31 hidden=2560 intermediate=9216 out_dim=2560 bf16_weights=false use_rows2=true elapsed_ms=14.195
kiln_profile_vulkan_mlp_kernel_stage stage=readback_out batch=26 hidden=2560 intermediate=9216 out_dim=2560 bf16_weights=false use_rows2=true elapsed_ms=15.816
kiln_profile_vulkan_mlp_kernel_stage stage=create_tensor batch=26 hidden=2560 intermediate=9216 out_dim=2560 bf16_weights=false use_rows2=true elapsed_ms=0.011
kiln_profile_mlp_stage layer=6 stage=fused seq_len=26 start_pos=0 elapsed_ms=35.263
kiln_profile_vulkan_mlp_kernel_stage stage=readback_out batch=31 hidden=2560 intermediate=9216 out_dim=2560 bf16_weights=false use_rows2=true elapsed_ms=4.887
kiln_profile_vulkan_mlp_kernel_stage stage=create_tensor batch=31 hidden=2560 intermediate=9216 out_dim=2560 bf16_weights=false use_rows2=true elapsed_ms=0.011
kiln_profile_mlp_stage layer=6 stage=fused seq_len=31 start_pos=0 elapsed_ms=39.148
kiln_profile_vulkan_mlp_kernel_stage stage=down batch=36 hidden=2560 intermediate=9216 out_dim=2560 bf16_weights=false use_rows2=true elapsed_ms=10.096
kiln_profile_vulkan_mlp_kernel_stage stage=extract_x batch=32 hidden=2560 intermediate=9216 out_dim=2560 bf16_weights=false use_rows2=true elapsed_ms=0.008
kiln_profile_vulkan_mlp_kernel_stage stage=alloc_x batch=32 hidden=2560 intermediate=9216 out_dim=2560 bf16_weights=false use_rows2=true elapsed_ms=0.011
kiln_profile_vulkan_mlp_kernel_stage stage=readback_out batch=36 hidden=2560 intermediate=9216 out_dim=2560 bf16_weights=false use_rows2=true elapsed_ms=3.935
kiln_profile_vulkan_mlp_kernel_stage stage=create_tensor batch=36 hidden=2560 intermediate=9216 out_dim=2560 bf16_weights=false use_rows2=true elapsed_ms=0.012
kiln_profile_mlp_stage layer=6 stage=fused seq_len=36 start_pos=0 elapsed_ms=40.545
kiln_profile_vulkan_mlp_kernel_stage stage=upload_x batch=32 hidden=2560 intermediate=9216 out_dim=2560 bf16_weights=false use_rows2=true elapsed_ms=9.108
kiln_profile_vulkan_mlp_kernel_stage stage=alloc_hidden_out batch=32 hidden=2560 intermediate=9216 out_dim=2560 bf16_weights=false use_rows2=true elapsed_ms=0.020
kiln_profile_vulkan_mlp_kernel_stage stage=gate_up batch=32 hidden=2560 intermediate=9216 out_dim=2560 bf16_weights=false use_rows2=true elapsed_ms=28.860
kiln_profile_vulkan_mlp_kernel_stage stage=down batch=32 hidden=2560 intermediate=9216 out_dim=2560 bf16_weights=false use_rows2=true elapsed_ms=4.256
kiln_profile_vulkan_mlp_kernel_stage stage=readback_out batch=32 hidden=2560 intermediate=9216 out_dim=2560 bf16_weights=false use_rows2=true elapsed_ms=1.376
kiln_profile_vulkan_mlp_kernel_stage stage=create_tensor batch=32 hidden=2560 intermediate=9216 out_dim=2560 bf16_weights=false use_rows2=true elapsed_ms=0.012
kiln_profile_mlp_stage layer=6 stage=fused seq_len=32 start_pos=0 elapsed_ms=43.743
kiln_profile_vulkan_mlp_kernel_stage stage=extract_x batch=26 hidden=2560 intermediate=9216 out_dim=2560 bf16_weights=false use_rows2=true elapsed_ms=0.009
kiln_profile_vulkan_mlp_kernel_stage stage=alloc_x batch=26 hidden=2560 intermediate=9216 out_dim=2560 bf16_weights=false use_rows2=true elapsed_ms=0.011
kiln_profile_vulkan_mlp_kernel_stage stage=upload_x batch=26 hidden=2560 intermediate=9216 out_dim=2560 bf16_weights=false use_rows2=true elapsed_ms=9.305
kiln_profile_vulkan_mlp_kernel_stage stage=alloc_hidden_out batch=26 hidden=2560 intermediate=9216 out_dim=2560 bf16_weights=false use_rows2=true elapsed_ms=0.028
kiln_profile_vulkan_mlp_kernel_stage stage=extract_x batch=31 hidden=2560 intermediate=9216 out_dim=2560 bf16_weights=false use_rows2=true elapsed_ms=0.011
kiln_profile_vulkan_mlp_kernel_stage stage=alloc_x batch=31 hidden=2560 intermediate=9216 out_dim=2560 bf16_weights=false use_rows2=true elapsed_ms=0.014
kiln_profile_vulkan_mlp_kernel_stage stage=upload_x batch=31 hidden=2560 intermediate=9216 out_dim=2560 bf16_weights=false use_rows2=true elapsed_ms=2.088
kiln_profile_vulkan_mlp_kernel_stage stage=alloc_hidden_out batch=31 hidden=2560 intermediate=9216 out_dim=2560 bf16_weights=false use_rows2=true elapsed_ms=0.022
kiln_profile_vulkan_mlp_kernel_stage stage=extract_x batch=36 hidden=2560 intermediate=9216 out_dim=2560 bf16_weights=false use_rows2=true elapsed_ms=0.015
kiln_profile_vulkan_mlp_kernel_stage stage=alloc_x batch=36 hidden=2560 intermediate=9216 out_dim=2560 bf16_weights=false use_rows2=true elapsed_ms=0.013
kiln_profile_vulkan_mlp_kernel_stage stage=upload_x batch=36 hidden=2560 intermediate=9216 out_dim=2560 bf16_weights=false use_rows2=true elapsed_ms=0.480
kiln_profile_vulkan_mlp_kernel_stage stage=alloc_hidden_out batch=36 hidden=2560 intermediate=9216 out_dim=2560 bf16_weights=false use_rows2=true elapsed_ms=0.022
kiln_profile_vulkan_mlp_kernel_stage stage=gate_up batch=26 hidden=2560 intermediate=9216 out_dim=2560 bf16_weights=false use_rows2=true elapsed_ms=9.830
kiln_profile_vulkan_mlp_kernel_stage stage=gate_up batch=31 hidden=2560 intermediate=9216 out_dim=2560 bf16_weights=false use_rows2=true elapsed_ms=12.971
kiln_profile_vulkan_mlp_kernel_stage stage=gate_up batch=36 hidden=2560 intermediate=9216 out_dim=2560 bf16_weights=false use_rows2=true elapsed_ms=21.766
kiln_profile_vulkan_mlp_kernel_stage stage=down batch=36 hidden=2560 intermediate=9216 out_dim=2560 bf16_weights=false use_rows2=true elapsed_ms=2.889
kiln_profile_vulkan_mlp_kernel_stage stage=down batch=31 hidden=2560 intermediate=9216 out_dim=2560 bf16_weights=false use_rows2=true elapsed_ms=14.595
kiln_profile_vulkan_mlp_kernel_stage stage=readback_out batch=36 hidden=2560 intermediate=9216 out_dim=2560 bf16_weights=false use_rows2=true elapsed_ms=3.677
kiln_profile_vulkan_mlp_kernel_stage stage=create_tensor batch=36 hidden=2560 intermediate=9216 out_dim=2560 bf16_weights=false use_rows2=true elapsed_ms=0.011
kiln_profile_mlp_stage layer=7 stage=fused seq_len=36 start_pos=0 elapsed_ms=28.950
kiln_profile_vulkan_mlp_kernel_stage stage=extract_x batch=32 hidden=2560 intermediate=9216 out_dim=2560 bf16_weights=false use_rows2=true elapsed_ms=0.010
kiln_profile_vulkan_mlp_kernel_stage stage=alloc_x batch=32 hidden=2560 intermediate=9216 out_dim=2560 bf16_weights=false use_rows2=true elapsed_ms=0.013
kiln_profile_vulkan_mlp_kernel_stage stage=readback_out batch=31 hidden=2560 intermediate=9216 out_dim=2560 bf16_weights=false use_rows2=true elapsed_ms=5.128
kiln_profile_vulkan_mlp_kernel_stage stage=create_tensor batch=31 hidden=2560 intermediate=9216 out_dim=2560 bf16_weights=false use_rows2=true elapsed_ms=0.010
kiln_profile_mlp_stage layer=7 stage=fused seq_len=31 start_pos=0 elapsed_ms=34.939
kiln_profile_vulkan_mlp_kernel_stage stage=down batch=26 hidden=2560 intermediate=9216 out_dim=2560 bf16_weights=false use_rows2=true elapsed_ms=30.048
kiln_profile_vulkan_mlp_kernel_stage stage=upload_x batch=32 hidden=2560 intermediate=9216 out_dim=2560 bf16_weights=false use_rows2=true elapsed_ms=3.233
kiln_profile_vulkan_mlp_kernel_stage stage=alloc_hidden_out batch=32 hidden=2560 intermediate=9216 out_dim=2560 bf16_weights=false use_rows2=true elapsed_ms=0.017
kiln_profile_vulkan_mlp_kernel_stage stage=gate_up batch=32 hidden=2560 intermediate=9216 out_dim=2560 bf16_weights=false use_rows2=true elapsed_ms=24.846
kiln_profile_vulkan_mlp_kernel_stage stage=readback_out batch=26 hidden=2560 intermediate=9216 out_dim=2560 bf16_weights=false use_rows2=true elapsed_ms=26.528
kiln_profile_vulkan_mlp_kernel_stage stage=create_tensor batch=26 hidden=2560 intermediate=9216 out_dim=2560 bf16_weights=false use_rows2=true elapsed_ms=0.011
kiln_profile_mlp_stage layer=7 stage=fused seq_len=26 start_pos=0 elapsed_ms=75.883
kiln_profile_vulkan_mlp_kernel_stage stage=down batch=32 hidden=2560 intermediate=9216 out_dim=2560 bf16_weights=false use_rows2=true elapsed_ms=3.686
kiln_profile_vulkan_mlp_kernel_stage stage=readback_out batch=32 hidden=2560 intermediate=9216 out_dim=2560 bf16_weights=false use_rows2=true elapsed_ms=10.221
kiln_profile_vulkan_mlp_kernel_stage stage=create_tensor batch=32 hidden=2560 intermediate=9216 out_dim=2560 bf16_weights=false use_rows2=true elapsed_ms=0.011
kiln_profile_mlp_stage layer=7 stage=fused seq_len=32 start_pos=0 elapsed_ms=42.122
kiln_profile_vulkan_mlp_kernel_stage stage=extract_x batch=31 hidden=2560 intermediate=9216 out_dim=2560 bf16_weights=false use_rows2=true elapsed_ms=0.009
kiln_profile_vulkan_mlp_kernel_stage stage=alloc_x batch=31 hidden=2560 intermediate=9216 out_dim=2560 bf16_weights=false use_rows2=true elapsed_ms=0.017
kiln_profile_vulkan_mlp_kernel_stage stage=upload_x batch=31 hidden=2560 intermediate=9216 out_dim=2560 bf16_weights=false use_rows2=true elapsed_ms=2.724
kiln_profile_vulkan_mlp_kernel_stage stage=alloc_hidden_out batch=31 hidden=2560 intermediate=9216 out_dim=2560 bf16_weights=false use_rows2=true elapsed_ms=0.025
kiln_profile_vulkan_mlp_kernel_stage stage=extract_x batch=36 hidden=2560 intermediate=9216 out_dim=2560 bf16_weights=false use_rows2=true elapsed_ms=0.021
kiln_profile_vulkan_mlp_kernel_stage stage=alloc_x batch=36 hidden=2560 intermediate=9216 out_dim=2560 bf16_weights=false use_rows2=true elapsed_ms=0.021
kiln_profile_vulkan_mlp_kernel_stage stage=upload_x batch=36 hidden=2560 intermediate=9216 out_dim=2560 bf16_weights=false use_rows2=true elapsed_ms=1.269
kiln_profile_vulkan_mlp_kernel_stage stage=alloc_hidden_out batch=36 hidden=2560 intermediate=9216 out_dim=2560 bf16_weights=false use_rows2=true elapsed_ms=0.017
kiln_profile_vulkan_mlp_kernel_stage stage=gate_up batch=31 hidden=2560 intermediate=9216 out_dim=2560 bf16_weights=false use_rows2=true elapsed_ms=9.022
kiln_profile_vulkan_mlp_kernel_stage stage=extract_x batch=26 hidden=2560 intermediate=9216 out_dim=2560 bf16_weights=false use_rows2=true elapsed_ms=0.011
kiln_profile_vulkan_mlp_kernel_stage stage=alloc_x batch=26 hidden=2560 intermediate=9216 out_dim=2560 bf16_weights=false use_rows2=true elapsed_ms=0.014
kiln_profile_vulkan_mlp_kernel_stage stage=gate_up batch=36 hidden=2560 intermediate=9216 out_dim=2560 bf16_weights=false use_rows2=true elapsed_ms=20.235
kiln_profile_vulkan_mlp_kernel_stage stage=upload_x batch=26 hidden=2560 intermediate=9216 out_dim=2560 bf16_weights=false use_rows2=true elapsed_ms=10.601
kiln_profile_vulkan_mlp_kernel_stage stage=alloc_hidden_out batch=26 hidden=2560 intermediate=9216 out_dim=2560 bf16_weights=false use_rows2=true elapsed_ms=0.027
kiln_profile_vulkan_mlp_kernel_stage stage=down batch=36 hidden=2560 intermediate=9216 out_dim=2560 bf16_weights=false use_rows2=true elapsed_ms=2.962
kiln_profile_vulkan_mlp_kernel_stage stage=readback_out batch=36 hidden=2560 intermediate=9216 out_dim=2560 bf16_weights=false use_rows2=true elapsed_ms=3.655
kiln_profile_vulkan_mlp_kernel_stage stage=create_tensor batch=36 hidden=2560 intermediate=9216 out_dim=2560 bf16_weights=false use_rows2=true elapsed_ms=0.013
kiln_profile_mlp_stage layer=8 stage=fused seq_len=36 start_pos=0 elapsed_ms=28.277
kiln_profile_vulkan_mlp_kernel_stage stage=down batch=31 hidden=2560 intermediate=9216 out_dim=2560 bf16_weights=false use_rows2=true elapsed_ms=21.506
kiln_profile_vulkan_mlp_kernel_stage stage=gate_up batch=26 hidden=2560 intermediate=9216 out_dim=2560 bf16_weights=false use_rows2=true elapsed_ms=13.315
kiln_profile_vulkan_mlp_kernel_stage stage=readback_out batch=31 hidden=2560 intermediate=9216 out_dim=2560 bf16_weights=false use_rows2=true elapsed_ms=5.864
kiln_profile_vulkan_mlp_kernel_stage stage=create_tensor batch=31 hidden=2560 intermediate=9216 out_dim=2560 bf16_weights=false use_rows2=true elapsed_ms=0.011
kiln_profile_mlp_stage layer=8 stage=fused seq_len=31 start_pos=0 elapsed_ms=39.300
kiln_profile_vulkan_mlp_kernel_stage stage=extract_x batch=32 hidden=2560 intermediate=9216 out_dim=2560 bf16_weights=false use_rows2=true elapsed_ms=0.008
kiln_profile_vulkan_mlp_kernel_stage stage=alloc_x batch=32 hidden=2560 intermediate=9216 out_dim=2560 bf16_weights=false use_rows2=true elapsed_ms=0.010
kiln_profile_vulkan_mlp_kernel_stage stage=upload_x batch=32 hidden=2560 intermediate=9216 out_dim=2560 bf16_weights=false use_rows2=true elapsed_ms=10.743
kiln_profile_vulkan_mlp_kernel_stage stage=alloc_hidden_out batch=32 hidden=2560 intermediate=9216 out_dim=2560 bf16_weights=false use_rows2=true elapsed_ms=0.017
kiln_profile_vulkan_mlp_kernel_stage stage=down batch=26 hidden=2560 intermediate=9216 out_dim=2560 bf16_weights=false use_rows2=true elapsed_ms=17.628
kiln_profile_vulkan_mlp_kernel_stage stage=readback_out batch=26 hidden=2560 intermediate=9216 out_dim=2560 bf16_weights=false use_rows2=true elapsed_ms=1.087
kiln_profile_vulkan_mlp_kernel_stage stage=create_tensor batch=26 hidden=2560 intermediate=9216 out_dim=2560 bf16_weights=false use_rows2=true elapsed_ms=0.011
kiln_profile_mlp_stage layer=8 stage=fused seq_len=26 start_pos=0 elapsed_ms=42.801
kiln_profile_vulkan_mlp_kernel_stage stage=gate_up batch=32 hidden=2560 intermediate=9216 out_dim=2560 bf16_weights=false use_rows2=true elapsed_ms=22.142
kiln_profile_vulkan_mlp_kernel_stage stage=down batch=32 hidden=2560 intermediate=9216 out_dim=2560 bf16_weights=false use_rows2=true elapsed_ms=11.366
kiln_profile_vulkan_mlp_kernel_stage stage=readback_out batch=32 hidden=2560 intermediate=9216 out_dim=2560 bf16_weights=false use_rows2=true elapsed_ms=1.870
kiln_profile_vulkan_mlp_kernel_stage stage=create_tensor batch=32 hidden=2560 intermediate=9216 out_dim=2560 bf16_weights=false use_rows2=true elapsed_ms=0.018
kiln_profile_mlp_stage layer=8 stage=fused seq_len=32 start_pos=0 elapsed_ms=46.305
kiln_profile_vulkan_mlp_kernel_stage stage=extract_x batch=31 hidden=2560 intermediate=9216 out_dim=2560 bf16_weights=false use_rows2=true elapsed_ms=0.014
kiln_profile_vulkan_mlp_kernel_stage stage=alloc_x batch=31 hidden=2560 intermediate=9216 out_dim=2560 bf16_weights=false use_rows2=true elapsed_ms=0.016
kiln_profile_vulkan_mlp_kernel_stage stage=upload_x batch=31 hidden=2560 intermediate=9216 out_dim=2560 bf16_weights=false use_rows2=true elapsed_ms=2.645
kiln_profile_vulkan_mlp_kernel_stage stage=extract_x batch=26 hidden=2560 intermediate=9216 out_dim=2560 bf16_weights=false use_rows2=true elapsed_ms=0.014
kiln_profile_vulkan_mlp_kernel_stage stage=alloc_hidden_out batch=31 hidden=2560 intermediate=9216 out_dim=2560 bf16_weights=false use_rows2=true elapsed_ms=0.034
kiln_profile_vulkan_mlp_kernel_stage stage=alloc_x batch=26 hidden=2560 intermediate=9216 out_dim=2560 bf16_weights=false use_rows2=true elapsed_ms=0.012
kiln_profile_vulkan_mlp_kernel_stage stage=upload_x batch=26 hidden=2560 intermediate=9216 out_dim=2560 bf16_weights=false use_rows2=true elapsed_ms=2.567
kiln_profile_vulkan_mlp_kernel_stage stage=alloc_hidden_out batch=26 hidden=2560 intermediate=9216 out_dim=2560 bf16_weights=false use_rows2=true elapsed_ms=0.027
kiln_profile_vulkan_mlp_kernel_stage stage=extract_x batch=36 hidden=2560 intermediate=9216 out_dim=2560 bf16_weights=false use_rows2=true elapsed_ms=0.026
kiln_profile_vulkan_mlp_kernel_stage stage=alloc_x batch=36 hidden=2560 intermediate=9216 out_dim=2560 bf16_weights=false use_rows2=true elapsed_ms=0.022
kiln_profile_vulkan_mlp_kernel_stage stage=gate_up batch=31 hidden=2560 intermediate=9216 out_dim=2560 bf16_weights=false use_rows2=true elapsed_ms=8.411
kiln_profile_vulkan_mlp_kernel_stage stage=gate_up batch=26 hidden=2560 intermediate=9216 out_dim=2560 bf16_weights=false use_rows2=true elapsed_ms=11.828
kiln_profile_vulkan_mlp_kernel_stage stage=upload_x batch=36 hidden=2560 intermediate=9216 out_dim=2560 bf16_weights=false use_rows2=true elapsed_ms=11.735
kiln_profile_vulkan_mlp_kernel_stage stage=alloc_hidden_out batch=36 hidden=2560 intermediate=9216 out_dim=2560 bf16_weights=false use_rows2=true elapsed_ms=0.024
kiln_profile_vulkan_mlp_kernel_stage stage=down batch=31 hidden=2560 intermediate=9216 out_dim=2560 bf16_weights=false use_rows2=true elapsed_ms=8.400
kiln_profile_vulkan_mlp_kernel_stage stage=down batch=26 hidden=2560 intermediate=9216 out_dim=2560 bf16_weights=false use_rows2=true elapsed_ms=4.441
kiln_profile_vulkan_mlp_kernel_stage stage=readback_out batch=31 hidden=2560 intermediate=9216 out_dim=2560 bf16_weights=false use_rows2=true elapsed_ms=3.417
kiln_profile_vulkan_mlp_kernel_stage stage=create_tensor batch=31 hidden=2560 intermediate=9216 out_dim=2560 bf16_weights=false use_rows2=true elapsed_ms=0.012
kiln_profile_mlp_stage layer=9 stage=fused seq_len=31 start_pos=0 elapsed_ms=23.061
kiln_profile_vulkan_mlp_kernel_stage stage=gate_up batch=36 hidden=2560 intermediate=9216 out_dim=2560 bf16_weights=false use_rows2=true elapsed_ms=14.380
kiln_profile_vulkan_mlp_kernel_stage stage=readback_out batch=26 hidden=2560 intermediate=9216 out_dim=2560 bf16_weights=false use_rows2=true elapsed_ms=11.482
kiln_profile_vulkan_mlp_kernel_stage stage=create_tensor batch=26 hidden=2560 intermediate=9216 out_dim=2560 bf16_weights=false use_rows2=true elapsed_ms=0.012
kiln_profile_mlp_stage layer=9 stage=fused seq_len=26 start_pos=0 elapsed_ms=30.503
kiln_profile_vulkan_mlp_kernel_stage stage=down batch=36 hidden=2560 intermediate=9216 out_dim=2560 bf16_weights=false use_rows2=true elapsed_ms=17.292
kiln_profile_vulkan_mlp_kernel_stage stage=readback_out batch=36 hidden=2560 intermediate=9216 out_dim=2560 bf16_weights=false use_rows2=true elapsed_ms=1.528
kiln_profile_vulkan_mlp_kernel_stage stage=create_tensor batch=36 hidden=2560 intermediate=9216 out_dim=2560 bf16_weights=false use_rows2=true elapsed_ms=0.013
kiln_profile_mlp_stage layer=9 stage=fused seq_len=36 start_pos=0 elapsed_ms=45.119
kiln_profile_vulkan_mlp_kernel_stage stage=extract_x batch=32 hidden=2560 intermediate=9216 out_dim=2560 bf16_weights=false use_rows2=true elapsed_ms=0.015
kiln_profile_vulkan_mlp_kernel_stage stage=alloc_x batch=32 hidden=2560 intermediate=9216 out_dim=2560 bf16_weights=false use_rows2=true elapsed_ms=0.010
kiln_profile_vulkan_mlp_kernel_stage stage=upload_x batch=32 hidden=2560 intermediate=9216 out_dim=2560 bf16_weights=false use_rows2=true elapsed_ms=7.349
kiln_profile_vulkan_mlp_kernel_stage stage=alloc_hidden_out batch=32 hidden=2560 intermediate=9216 out_dim=2560 bf16_weights=false use_rows2=true elapsed_ms=0.021
kiln_profile_vulkan_mlp_kernel_stage stage=gate_up batch=32 hidden=2560 intermediate=9216 out_dim=2560 bf16_weights=false use_rows2=true elapsed_ms=7.831
kiln_profile_vulkan_mlp_kernel_stage stage=down batch=32 hidden=2560 intermediate=9216 out_dim=2560 bf16_weights=false use_rows2=true elapsed_ms=2.234
kiln_profile_vulkan_mlp_kernel_stage stage=readback_out batch=32 hidden=2560 intermediate=9216 out_dim=2560 bf16_weights=false use_rows2=true elapsed_ms=1.949
kiln_profile_vulkan_mlp_kernel_stage stage=create_tensor batch=32 hidden=2560 intermediate=9216 out_dim=2560 bf16_weights=false use_rows2=true elapsed_ms=0.012
kiln_profile_mlp_stage layer=9 stage=fused seq_len=32 start_pos=0 elapsed_ms=19.500
kiln_profile_vulkan_mlp_kernel_stage stage=extract_x batch=31 hidden=2560 intermediate=9216 out_dim=2560 bf16_weights=false use_rows2=true elapsed_ms=0.013
kiln_profile_vulkan_mlp_kernel_stage stage=alloc_x batch=31 hidden=2560 intermediate=9216 out_dim=2560 bf16_weights=false use_rows2=true elapsed_ms=0.016
kiln_profile_vulkan_mlp_kernel_stage stage=upload_x batch=31 hidden=2560 intermediate=9216 out_dim=2560 bf16_weights=false use_rows2=true elapsed_ms=3.178
kiln_profile_vulkan_mlp_kernel_stage stage=alloc_hidden_out batch=31 hidden=2560 intermediate=9216 out_dim=2560 bf16_weights=false use_rows2=true elapsed_ms=0.018
kiln_profile_vulkan_mlp_kernel_stage stage=extract_x batch=26 hidden=2560 intermediate=9216 out_dim=2560 bf16_weights=false use_rows2=true elapsed_ms=0.009
kiln_profile_vulkan_mlp_kernel_stage stage=alloc_x batch=26 hidden=2560 intermediate=9216 out_dim=2560 bf16_weights=false use_rows2=true elapsed_ms=0.017
kiln_profile_vulkan_mlp_kernel_stage stage=upload_x batch=26 hidden=2560 intermediate=9216 out_dim=2560 bf16_weights=false use_rows2=true elapsed_ms=2.353
kiln_profile_vulkan_mlp_kernel_stage stage=alloc_hidden_out batch=26 hidden=2560 intermediate=9216 out_dim=2560 bf16_weights=false use_rows2=true elapsed_ms=0.044
kiln_profile_vulkan_mlp_kernel_stage stage=extract_x batch=36 hidden=2560 intermediate=9216 out_dim=2560 bf16_weights=false use_rows2=true elapsed_ms=0.030
kiln_profile_vulkan_mlp_kernel_stage stage=alloc_x batch=36 hidden=2560 intermediate=9216 out_dim=2560 bf16_weights=false use_rows2=true elapsed_ms=0.017
kiln_profile_vulkan_mlp_kernel_stage stage=gate_up batch=31 hidden=2560 intermediate=9216 out_dim=2560 bf16_weights=false use_rows2=true elapsed_ms=13.908
kiln_profile_vulkan_mlp_kernel_stage stage=upload_x batch=36 hidden=2560 intermediate=9216 out_dim=2560 bf16_weights=false use_rows2=true elapsed_ms=8.464
kiln_profile_vulkan_mlp_kernel_stage stage=alloc_hidden_out batch=36 hidden=2560 intermediate=9216 out_dim=2560 bf16_weights=false use_rows2=true elapsed_ms=0.031
kiln_profile_vulkan_mlp_kernel_stage stage=gate_up batch=26 hidden=2560 intermediate=9216 out_dim=2560 bf16_weights=false use_rows2=true elapsed_ms=14.201
kiln_profile_vulkan_mlp_kernel_stage stage=down batch=31 hidden=2560 intermediate=9216 out_dim=2560 bf16_weights=false use_rows2=true elapsed_ms=7.931
kiln_profile_vulkan_mlp_kernel_stage stage=readback_out batch=31 hidden=2560 intermediate=9216 out_dim=2560 bf16_weights=false use_rows2=true elapsed_ms=1.354
kiln_profile_vulkan_mlp_kernel_stage stage=create_tensor batch=31 hidden=2560 intermediate=9216 out_dim=2560 bf16_weights=false use_rows2=true elapsed_ms=0.012
kiln_profile_mlp_stage layer=10 stage=fused seq_len=31 start_pos=0 elapsed_ms=26.552
kiln_profile_vulkan_mlp_kernel_stage stage=gate_up batch=36 hidden=2560 intermediate=9216 out_dim=2560 bf16_weights=false use_rows2=true elapsed_ms=17.363
kiln_profile_vulkan_mlp_kernel_stage stage=down batch=26 hidden=2560 intermediate=9216 out_dim=2560 bf16_weights=false use_rows2=true elapsed_ms=13.713
kiln_profile_vulkan_mlp_kernel_stage stage=readback_out batch=26 hidden=2560 intermediate=9216 out_dim=2560 bf16_weights=false use_rows2=true elapsed_ms=10.014
kiln_profile_vulkan_mlp_kernel_stage stage=create_tensor batch=26 hidden=2560 intermediate=9216 out_dim=2560 bf16_weights=false use_rows2=true elapsed_ms=0.010
kiln_profile_mlp_stage layer=10 stage=fused seq_len=26 start_pos=0 elapsed_ms=40.454
kiln_profile_vulkan_mlp_kernel_stage stage=extract_x batch=32 hidden=2560 intermediate=9216 out_dim=2560 bf16_weights=false use_rows2=true elapsed_ms=0.016
kiln_profile_vulkan_mlp_kernel_stage stage=alloc_x batch=32 hidden=2560 intermediate=9216 out_dim=2560 bf16_weights=false use_rows2=true elapsed_ms=0.011
kiln_profile_vulkan_mlp_kernel_stage stage=down batch=36 hidden=2560 intermediate=9216 out_dim=2560 bf16_weights=false use_rows2=true elapsed_ms=17.193
kiln_profile_vulkan_mlp_kernel_stage stage=upload_x batch=32 hidden=2560 intermediate=9216 out_dim=2560 bf16_weights=false use_rows2=true elapsed_ms=2.762
kiln_profile_vulkan_mlp_kernel_stage stage=alloc_hidden_out batch=32 hidden=2560 intermediate=9216 out_dim=2560 bf16_weights=false use_rows2=true elapsed_ms=0.015
kiln_profile_vulkan_mlp_kernel_stage stage=readback_out batch=36 hidden=2560 intermediate=9216 out_dim=2560 bf16_weights=false use_rows2=true elapsed_ms=2.354
kiln_profile_vulkan_mlp_kernel_stage stage=create_tensor batch=36 hidden=2560 intermediate=9216 out_dim=2560 bf16_weights=false use_rows2=true elapsed_ms=0.011
kiln_profile_mlp_stage layer=10 stage=fused seq_len=36 start_pos=0 elapsed_ms=45.538
kiln_profile_vulkan_mlp_kernel_stage stage=gate_up batch=32 hidden=2560 intermediate=9216 out_dim=2560 bf16_weights=false use_rows2=true elapsed_ms=16.562
kiln_profile_vulkan_mlp_kernel_stage stage=down batch=32 hidden=2560 intermediate=9216 out_dim=2560 bf16_weights=false use_rows2=true elapsed_ms=14.295
kiln_profile_vulkan_mlp_kernel_stage stage=extract_x batch=31 hidden=2560 intermediate=9216 out_dim=2560 bf16_weights=false use_rows2=true elapsed_ms=0.009
kiln_profile_vulkan_mlp_kernel_stage stage=alloc_x batch=31 hidden=2560 intermediate=9216 out_dim=2560 bf16_weights=false use_rows2=true elapsed_ms=0.014
kiln_profile_vulkan_mlp_kernel_stage stage=readback_out batch=32 hidden=2560 intermediate=9216 out_dim=2560 bf16_weights=false use_rows2=true elapsed_ms=2.898
kiln_profile_vulkan_mlp_kernel_stage stage=create_tensor batch=32 hidden=2560 intermediate=9216 out_dim=2560 bf16_weights=false use_rows2=true elapsed_ms=0.014
kiln_profile_mlp_stage layer=10 stage=fused seq_len=32 start_pos=0 elapsed_ms=36.641
kiln_profile_vulkan_mlp_kernel_stage stage=upload_x batch=31 hidden=2560 intermediate=9216 out_dim=2560 bf16_weights=false use_rows2=true elapsed_ms=2.264
kiln_profile_vulkan_mlp_kernel_stage stage=alloc_hidden_out batch=31 hidden=2560 intermediate=9216 out_dim=2560 bf16_weights=false use_rows2=true elapsed_ms=0.022
kiln_profile_vulkan_mlp_kernel_stage stage=gate_up batch=31 hidden=2560 intermediate=9216 out_dim=2560 bf16_weights=false use_rows2=true elapsed_ms=18.081
kiln_profile_vulkan_mlp_kernel_stage stage=extract_x batch=26 hidden=2560 intermediate=9216 out_dim=2560 bf16_weights=false use_rows2=true elapsed_ms=0.009
kiln_profile_vulkan_mlp_kernel_stage stage=alloc_x batch=26 hidden=2560 intermediate=9216 out_dim=2560 bf16_weights=false use_rows2=true elapsed_ms=0.014
kiln_profile_vulkan_mlp_kernel_stage stage=upload_x batch=26 hidden=2560 intermediate=9216 out_dim=2560 bf16_weights=false use_rows2=true elapsed_ms=0.790
kiln_profile_vulkan_mlp_kernel_stage stage=alloc_hidden_out batch=26 hidden=2560 intermediate=9216 out_dim=2560 bf16_weights=false use_rows2=true elapsed_ms=0.028
kiln_profile_vulkan_mlp_kernel_stage stage=extract_x batch=36 hidden=2560 intermediate=9216 out_dim=2560 bf16_weights=false use_rows2=true elapsed_ms=0.010
kiln_profile_vulkan_mlp_kernel_stage stage=alloc_x batch=36 hidden=2560 intermediate=9216 out_dim=2560 bf16_weights=false use_rows2=true elapsed_ms=0.011
kiln_profile_vulkan_mlp_kernel_stage stage=down batch=31 hidden=2560 intermediate=9216 out_dim=2560 bf16_weights=false use_rows2=true elapsed_ms=7.583
kiln_profile_vulkan_mlp_kernel_stage stage=upload_x batch=36 hidden=2560 intermediate=9216 out_dim=2560 bf16_weights=false use_rows2=true elapsed_ms=2.100
kiln_profile_vulkan_mlp_kernel_stage stage=alloc_hidden_out batch=36 hidden=2560 intermediate=9216 out_dim=2560 bf16_weights=false use_rows2=true elapsed_ms=0.024
kiln_profile_vulkan_mlp_kernel_stage stage=gate_up batch=26 hidden=2560 intermediate=9216 out_dim=2560 bf16_weights=false use_rows2=true elapsed_ms=10.996
kiln_profile_vulkan_mlp_kernel_stage stage=gate_up batch=36 hidden=2560 intermediate=9216 out_dim=2560 bf16_weights=false use_rows2=true elapsed_ms=16.265
kiln_profile_vulkan_mlp_kernel_stage stage=down batch=36 hidden=2560 intermediate=9216 out_dim=2560 bf16_weights=false use_rows2=true elapsed_ms=2.992
kiln_profile_vulkan_mlp_kernel_stage stage=down batch=26 hidden=2560 intermediate=9216 out_dim=2560 bf16_weights=false use_rows2=true elapsed_ms=15.041
kiln_profile_vulkan_mlp_kernel_stage stage=readback_out batch=36 hidden=2560 intermediate=9216 out_dim=2560 bf16_weights=false use_rows2=true elapsed_ms=3.454
kiln_profile_vulkan_mlp_kernel_stage stage=create_tensor batch=36 hidden=2560 intermediate=9216 out_dim=2560 bf16_weights=false use_rows2=true elapsed_ms=0.010
kiln_profile_mlp_stage layer=11 stage=fused seq_len=36 start_pos=0 elapsed_ms=24.944
kiln_profile_vulkan_mlp_kernel_stage stage=readback_out batch=31 hidden=2560 intermediate=9216 out_dim=2560 bf16_weights=false use_rows2=true elapsed_ms=24.385
kiln_profile_vulkan_mlp_kernel_stage stage=create_tensor batch=31 hidden=2560 intermediate=9216 out_dim=2560 bf16_weights=false use_rows2=true elapsed_ms=0.010
kiln_profile_mlp_stage layer=11 stage=fused seq_len=31 start_pos=0 elapsed_ms=52.483
kiln_profile_vulkan_mlp_kernel_stage stage=readback_out batch=26 hidden=2560 intermediate=9216 out_dim=2560 bf16_weights=false use_rows2=true elapsed_ms=4.076
kiln_profile_vulkan_mlp_kernel_stage stage=create_tensor batch=26 hidden=2560 intermediate=9216 out_dim=2560 bf16_weights=false use_rows2=true elapsed_ms=0.009
kiln_profile_mlp_stage layer=11 stage=fused seq_len=26 start_pos=0 elapsed_ms=31.054
kiln_profile_vulkan_mlp_kernel_stage stage=extract_x batch=32 hidden=2560 intermediate=9216 out_dim=2560 bf16_weights=false use_rows2=true elapsed_ms=0.016
kiln_profile_vulkan_mlp_kernel_stage stage=alloc_x batch=32 hidden=2560 intermediate=9216 out_dim=2560 bf16_weights=false use_rows2=true elapsed_ms=0.017
kiln_profile_vulkan_mlp_kernel_stage stage=upload_x batch=32 hidden=2560 intermediate=9216 out_dim=2560 bf16_weights=false use_rows2=true elapsed_ms=10.968
kiln_profile_vulkan_mlp_kernel_stage stage=alloc_hidden_out batch=32 hidden=2560 intermediate=9216 out_dim=2560 bf16_weights=false use_rows2=true elapsed_ms=0.014
kiln_profile_vulkan_mlp_kernel_stage stage=gate_up batch=32 hidden=2560 intermediate=9216 out_dim=2560 bf16_weights=false use_rows2=true elapsed_ms=25.924
kiln_profile_vulkan_mlp_kernel_stage stage=down batch=32 hidden=2560 intermediate=9216 out_dim=2560 bf16_weights=false use_rows2=true elapsed_ms=2.348
kiln_profile_vulkan_mlp_kernel_stage stage=readback_out batch=32 hidden=2560 intermediate=9216 out_dim=2560 bf16_weights=false use_rows2=true elapsed_ms=1.021
kiln_profile_vulkan_mlp_kernel_stage stage=create_tensor batch=32 hidden=2560 intermediate=9216 out_dim=2560 bf16_weights=false use_rows2=true elapsed_ms=0.016
kiln_profile_mlp_stage layer=11 stage=fused seq_len=32 start_pos=0 elapsed_ms=40.475
kiln_profile_vulkan_mlp_kernel_stage stage=extract_x batch=31 hidden=2560 intermediate=9216 out_dim=2560 bf16_weights=false use_rows2=true elapsed_ms=0.013
kiln_profile_vulkan_mlp_kernel_stage stage=alloc_x batch=31 hidden=2560 intermediate=9216 out_dim=2560 bf16_weights=false use_rows2=true elapsed_ms=0.011
kiln_profile_vulkan_mlp_kernel_stage stage=upload_x batch=31 hidden=2560 intermediate=9216 out_dim=2560 bf16_weights=false use_rows2=true elapsed_ms=1.669
kiln_profile_vulkan_mlp_kernel_stage stage=alloc_hidden_out batch=31 hidden=2560 intermediate=9216 out_dim=2560 bf16_weights=false use_rows2=true elapsed_ms=0.028
kiln_profile_vulkan_mlp_kernel_stage stage=extract_x batch=26 hidden=2560 intermediate=9216 out_dim=2560 bf16_weights=false use_rows2=true elapsed_ms=0.007
kiln_profile_vulkan_mlp_kernel_stage stage=alloc_x batch=26 hidden=2560 intermediate=9216 out_dim=2560 bf16_weights=false use_rows2=true elapsed_ms=0.013
kiln_profile_vulkan_mlp_kernel_stage stage=upload_x batch=26 hidden=2560 intermediate=9216 out_dim=2560 bf16_weights=false use_rows2=true elapsed_ms=2.538
kiln_profile_vulkan_mlp_kernel_stage stage=alloc_hidden_out batch=26 hidden=2560 intermediate=9216 out_dim=2560 bf16_weights=false use_rows2=true elapsed_ms=0.025
kiln_profile_vulkan_mlp_kernel_stage stage=extract_x batch=36 hidden=2560 intermediate=9216 out_dim=2560 bf16_weights=false use_rows2=true elapsed_ms=0.027
kiln_profile_vulkan_mlp_kernel_stage stage=alloc_x batch=36 hidden=2560 intermediate=9216 out_dim=2560 bf16_weights=false use_rows2=true elapsed_ms=0.023
kiln_profile_vulkan_mlp_kernel_stage stage=gate_up batch=26 hidden=2560 intermediate=9216 out_dim=2560 bf16_weights=false use_rows2=true elapsed_ms=4.133
kiln_profile_vulkan_mlp_kernel_stage stage=upload_x batch=36 hidden=2560 intermediate=9216 out_dim=2560 bf16_weights=false use_rows2=true elapsed_ms=3.989
kiln_profile_vulkan_mlp_kernel_stage stage=alloc_hidden_out batch=36 hidden=2560 intermediate=9216 out_dim=2560 bf16_weights=false use_rows2=true elapsed_ms=0.041
kiln_profile_vulkan_mlp_kernel_stage stage=down batch=26 hidden=2560 intermediate=9216 out_dim=2560 bf16_weights=false use_rows2=true elapsed_ms=2.046
kiln_profile_vulkan_mlp_kernel_stage stage=readback_out batch=26 hidden=2560 intermediate=9216 out_dim=2560 bf16_weights=false use_rows2=true elapsed_ms=1.232
kiln_profile_vulkan_mlp_kernel_stage stage=create_tensor batch=26 hidden=2560 intermediate=9216 out_dim=2560 bf16_weights=false use_rows2=true elapsed_ms=0.015
kiln_profile_mlp_stage layer=12 stage=fused seq_len=26 start_pos=0 elapsed_ms=10.144
kiln_profile_vulkan_mlp_kernel_stage stage=gate_up batch=31 hidden=2560 intermediate=9216 out_dim=2560 bf16_weights=false use_rows2=true elapsed_ms=17.663
kiln_profile_vulkan_mlp_kernel_stage stage=gate_up batch=36 hidden=2560 intermediate=9216 out_dim=2560 bf16_weights=false use_rows2=true elapsed_ms=19.689
kiln_profile_vulkan_mlp_kernel_stage stage=down batch=36 hidden=2560 intermediate=9216 out_dim=2560 bf16_weights=false use_rows2=true elapsed_ms=2.944
kiln_profile_vulkan_mlp_kernel_stage stage=readback_out batch=36 hidden=2560 intermediate=9216 out_dim=2560 bf16_weights=false use_rows2=true elapsed_ms=1.482
kiln_profile_vulkan_mlp_kernel_stage stage=create_tensor batch=36 hidden=2560 intermediate=9216 out_dim=2560 bf16_weights=false use_rows2=true elapsed_ms=0.008
kiln_profile_mlp_stage layer=12 stage=fused seq_len=36 start_pos=0 elapsed_ms=28.375
kiln_profile_vulkan_mlp_kernel_stage stage=down batch=31 hidden=2560 intermediate=9216 out_dim=2560 bf16_weights=false use_rows2=true elapsed_ms=15.647
kiln_profile_vulkan_mlp_kernel_stage stage=readback_out batch=31 hidden=2560 intermediate=9216 out_dim=2560 bf16_weights=false use_rows2=true elapsed_ms=3.629
kiln_profile_vulkan_mlp_kernel_stage stage=create_tensor batch=31 hidden=2560 intermediate=9216 out_dim=2560 bf16_weights=false use_rows2=true elapsed_ms=0.014
kiln_profile_mlp_stage layer=12 stage=fused seq_len=31 start_pos=0 elapsed_ms=38.826
kiln_profile_vulkan_mlp_kernel_stage stage=extract_x batch=32 hidden=2560 intermediate=9216 out_dim=2560 bf16_weights=false use_rows2=true elapsed_ms=0.015
kiln_profile_vulkan_mlp_kernel_stage stage=alloc_x batch=32 hidden=2560 intermediate=9216 out_dim=2560 bf16_weights=false use_rows2=true elapsed_ms=0.013
kiln_profile_vulkan_mlp_kernel_stage stage=upload_x batch=32 hidden=2560 intermediate=9216 out_dim=2560 bf16_weights=false use_rows2=true elapsed_ms=10.204
kiln_profile_vulkan_mlp_kernel_stage stage=alloc_hidden_out batch=32 hidden=2560 intermediate=9216 out_dim=2560 bf16_weights=false use_rows2=true elapsed_ms=0.018
kiln_profile_vulkan_mlp_kernel_stage stage=gate_up batch=32 hidden=2560 intermediate=9216 out_dim=2560 bf16_weights=false use_rows2=true elapsed_ms=8.764
kiln_profile_vulkan_mlp_kernel_stage stage=down batch=32 hidden=2560 intermediate=9216 out_dim=2560 bf16_weights=false use_rows2=true elapsed_ms=2.402
kiln_profile_vulkan_mlp_kernel_stage stage=readback_out batch=32 hidden=2560 intermediate=9216 out_dim=2560 bf16_weights=false use_rows2=true elapsed_ms=0.843
kiln_profile_vulkan_mlp_kernel_stage stage=create_tensor batch=32 hidden=2560 intermediate=9216 out_dim=2560 bf16_weights=false use_rows2=true elapsed_ms=0.026
kiln_profile_mlp_stage layer=12 stage=fused seq_len=32 start_pos=0 elapsed_ms=22.418
kiln_profile_vulkan_mlp_kernel_stage stage=extract_x batch=26 hidden=2560 intermediate=9216 out_dim=2560 bf16_weights=false use_rows2=true elapsed_ms=0.015
kiln_profile_vulkan_mlp_kernel_stage stage=alloc_x batch=26 hidden=2560 intermediate=9216 out_dim=2560 bf16_weights=false use_rows2=true elapsed_ms=0.024
kiln_profile_vulkan_mlp_kernel_stage stage=upload_x batch=26 hidden=2560 intermediate=9216 out_dim=2560 bf16_weights=false use_rows2=true elapsed_ms=2.012
kiln_profile_vulkan_mlp_kernel_stage stage=alloc_hidden_out batch=26 hidden=2560 intermediate=9216 out_dim=2560 bf16_weights=false use_rows2=true elapsed_ms=0.026
kiln_profile_vulkan_mlp_kernel_stage stage=extract_x batch=31 hidden=2560 intermediate=9216 out_dim=2560 bf16_weights=false use_rows2=true elapsed_ms=0.008
kiln_profile_vulkan_mlp_kernel_stage stage=alloc_x batch=31 hidden=2560 intermediate=9216 out_dim=2560 bf16_weights=false use_rows2=true elapsed_ms=0.012
kiln_profile_vulkan_mlp_kernel_stage stage=upload_x batch=31 hidden=2560 intermediate=9216 out_dim=2560 bf16_weights=false use_rows2=true elapsed_ms=2.474
kiln_profile_vulkan_mlp_kernel_stage stage=alloc_hidden_out batch=31 hidden=2560 intermediate=9216 out_dim=2560 bf16_weights=false use_rows2=true elapsed_ms=0.021
kiln_profile_vulkan_mlp_kernel_stage stage=extract_x batch=36 hidden=2560 intermediate=9216 out_dim=2560 bf16_weights=false use_rows2=true elapsed_ms=0.018
kiln_profile_vulkan_mlp_kernel_stage stage=alloc_x batch=36 hidden=2560 intermediate=9216 out_dim=2560 bf16_weights=false use_rows2=true elapsed_ms=0.013
kiln_profile_vulkan_mlp_kernel_stage stage=gate_up batch=26 hidden=2560 intermediate=9216 out_dim=2560 bf16_weights=false use_rows2=true elapsed_ms=6.878
kiln_profile_vulkan_mlp_kernel_stage stage=upload_x batch=36 hidden=2560 intermediate=9216 out_dim=2560 bf16_weights=false use_rows2=true elapsed_ms=4.215
kiln_profile_vulkan_mlp_kernel_stage stage=alloc_hidden_out batch=36 hidden=2560 intermediate=9216 out_dim=2560 bf16_weights=false use_rows2=true elapsed_ms=0.029
kiln_profile_vulkan_mlp_kernel_stage stage=gate_up batch=31 hidden=2560 intermediate=9216 out_dim=2560 bf16_weights=false use_rows2=true elapsed_ms=12.811
kiln_profile_vulkan_mlp_kernel_stage stage=down batch=26 hidden=2560 intermediate=9216 out_dim=2560 bf16_weights=false use_rows2=true elapsed_ms=10.765
kiln_profile_vulkan_mlp_kernel_stage stage=gate_up batch=36 hidden=2560 intermediate=9216 out_dim=2560 bf16_weights=false use_rows2=true elapsed_ms=21.594
kiln_profile_vulkan_mlp_kernel_stage stage=readback_out batch=26 hidden=2560 intermediate=9216 out_dim=2560 bf16_weights=false use_rows2=true elapsed_ms=12.052
kiln_profile_vulkan_mlp_kernel_stage stage=create_tensor batch=26 hidden=2560 intermediate=9216 out_dim=2560 bf16_weights=false use_rows2=true elapsed_ms=0.010
kiln_profile_mlp_stage layer=13 stage=fused seq_len=26 start_pos=0 elapsed_ms=31.904
kiln_profile_vulkan_mlp_kernel_stage stage=down batch=36 hidden=2560 intermediate=9216 out_dim=2560 bf16_weights=false use_rows2=true elapsed_ms=4.050
kiln_profile_vulkan_mlp_kernel_stage stage=readback_out batch=36 hidden=2560 intermediate=9216 out_dim=2560 bf16_weights=false use_rows2=true elapsed_ms=2.320
kiln_profile_vulkan_mlp_kernel_stage stage=create_tensor batch=36 hidden=2560 intermediate=9216 out_dim=2560 bf16_weights=false use_rows2=true elapsed_ms=0.013
kiln_profile_mlp_stage layer=13 stage=fused seq_len=36 start_pos=0 elapsed_ms=32.353
kiln_profile_vulkan_mlp_kernel_stage stage=down batch=31 hidden=2560 intermediate=9216 out_dim=2560 bf16_weights=false use_rows2=true elapsed_ms=21.800
kiln_profile_vulkan_mlp_kernel_stage stage=readback_out batch=31 hidden=2560 intermediate=9216 out_dim=2560 bf16_weights=false use_rows2=true elapsed_ms=9.825
kiln_profile_vulkan_mlp_kernel_stage stage=create_tensor batch=31 hidden=2560 intermediate=9216 out_dim=2560 bf16_weights=false use_rows2=true elapsed_ms=0.010
kiln_profile_mlp_stage layer=13 stage=fused seq_len=31 start_pos=0 elapsed_ms=47.055
kiln_profile_vulkan_mlp_kernel_stage stage=extract_x batch=32 hidden=2560 intermediate=9216 out_dim=2560 bf16_weights=false use_rows2=true elapsed_ms=0.017
kiln_profile_vulkan_mlp_kernel_stage stage=alloc_x batch=32 hidden=2560 intermediate=9216 out_dim=2560 bf16_weights=false use_rows2=true elapsed_ms=0.020
kiln_profile_vulkan_mlp_kernel_stage stage=upload_x batch=32 hidden=2560 intermediate=9216 out_dim=2560 bf16_weights=false use_rows2=true elapsed_ms=7.314
kiln_profile_vulkan_mlp_kernel_stage stage=alloc_hidden_out batch=32 hidden=2560 intermediate=9216 out_dim=2560 bf16_weights=false use_rows2=true elapsed_ms=0.025
kiln_profile_vulkan_mlp_kernel_stage stage=gate_up batch=32 hidden=2560 intermediate=9216 out_dim=2560 bf16_weights=false use_rows2=true elapsed_ms=19.527
kiln_profile_vulkan_mlp_kernel_stage stage=down batch=32 hidden=2560 intermediate=9216 out_dim=2560 bf16_weights=false use_rows2=true elapsed_ms=2.267
kiln_profile_vulkan_mlp_kernel_stage stage=readback_out batch=32 hidden=2560 intermediate=9216 out_dim=2560 bf16_weights=false use_rows2=true elapsed_ms=0.781
kiln_profile_vulkan_mlp_kernel_stage stage=create_tensor batch=32 hidden=2560 intermediate=9216 out_dim=2560 bf16_weights=false use_rows2=true elapsed_ms=0.018
kiln_profile_mlp_stage layer=13 stage=fused seq_len=32 start_pos=0 elapsed_ms=30.081
kiln_profile_vulkan_mlp_kernel_stage stage=extract_x batch=26 hidden=2560 intermediate=9216 out_dim=2560 bf16_weights=false use_rows2=true elapsed_ms=0.008
kiln_profile_vulkan_mlp_kernel_stage stage=alloc_x batch=26 hidden=2560 intermediate=9216 out_dim=2560 bf16_weights=false use_rows2=true elapsed_ms=0.021
kiln_profile_vulkan_mlp_kernel_stage stage=upload_x batch=26 hidden=2560 intermediate=9216 out_dim=2560 bf16_weights=false use_rows2=true elapsed_ms=1.130
kiln_profile_vulkan_mlp_kernel_stage stage=alloc_hidden_out batch=26 hidden=2560 intermediate=9216 out_dim=2560 bf16_weights=false use_rows2=true elapsed_ms=0.039
kiln_profile_vulkan_mlp_kernel_stage stage=gate_up batch=26 hidden=2560 intermediate=9216 out_dim=2560 bf16_weights=false use_rows2=true elapsed_ms=6.155
kiln_profile_vulkan_mlp_kernel_stage stage=extract_x batch=31 hidden=2560 intermediate=9216 out_dim=2560 bf16_weights=false use_rows2=true elapsed_ms=0.014
kiln_profile_vulkan_mlp_kernel_stage stage=alloc_x batch=31 hidden=2560 intermediate=9216 out_dim=2560 bf16_weights=false use_rows2=true elapsed_ms=0.016
kiln_profile_vulkan_mlp_kernel_stage stage=upload_x batch=31 hidden=2560 intermediate=9216 out_dim=2560 bf16_weights=false use_rows2=true elapsed_ms=0.079
kiln_profile_vulkan_mlp_kernel_stage stage=alloc_hidden_out batch=31 hidden=2560 intermediate=9216 out_dim=2560 bf16_weights=false use_rows2=true elapsed_ms=0.023
kiln_profile_vulkan_mlp_kernel_stage stage=down batch=26 hidden=2560 intermediate=9216 out_dim=2560 bf16_weights=false use_rows2=true elapsed_ms=4.502
kiln_profile_vulkan_mlp_kernel_stage stage=gate_up batch=31 hidden=2560 intermediate=9216 out_dim=2560 bf16_weights=false use_rows2=true elapsed_ms=10.345
kiln_profile_vulkan_mlp_kernel_stage stage=readback_out batch=26 hidden=2560 intermediate=9216 out_dim=2560 bf16_weights=false use_rows2=true elapsed_ms=8.914
kiln_profile_vulkan_mlp_kernel_stage stage=create_tensor batch=26 hidden=2560 intermediate=9216 out_dim=2560 bf16_weights=false use_rows2=true elapsed_ms=0.009
kiln_profile_mlp_stage layer=14 stage=fused seq_len=26 start_pos=0 elapsed_ms=20.890
kiln_profile_vulkan_mlp_kernel_stage stage=down batch=31 hidden=2560 intermediate=9216 out_dim=2560 bf16_weights=false use_rows2=true elapsed_ms=3.511
kiln_profile_vulkan_mlp_kernel_stage stage=readback_out batch=31 hidden=2560 intermediate=9216 out_dim=2560 bf16_weights=false use_rows2=true elapsed_ms=8.845
kiln_profile_vulkan_mlp_kernel_stage stage=create_tensor batch=31 hidden=2560 intermediate=9216 out_dim=2560 bf16_weights=false use_rows2=true elapsed_ms=0.011
kiln_profile_mlp_stage layer=14 stage=fused seq_len=31 start_pos=0 elapsed_ms=22.917
kiln_profile_vulkan_mlp_kernel_stage stage=extract_x batch=36 hidden=2560 intermediate=9216 out_dim=2560 bf16_weights=false use_rows2=true elapsed_ms=0.020
kiln_profile_vulkan_mlp_kernel_stage stage=alloc_x batch=36 hidden=2560 intermediate=9216 out_dim=2560 bf16_weights=false use_rows2=true elapsed_ms=0.070
kiln_profile_vulkan_mlp_kernel_stage stage=extract_x batch=32 hidden=2560 intermediate=9216 out_dim=2560 bf16_weights=false use_rows2=true elapsed_ms=0.013
kiln_profile_vulkan_mlp_kernel_stage stage=alloc_x batch=32 hidden=2560 intermediate=9216 out_dim=2560 bf16_weights=false use_rows2=true elapsed_ms=0.009
kiln_profile_vulkan_mlp_kernel_stage stage=upload_x batch=32 hidden=2560 intermediate=9216 out_dim=2560 bf16_weights=false use_rows2=true elapsed_ms=1.508
kiln_profile_vulkan_mlp_kernel_stage stage=alloc_hidden_out batch=32 hidden=2560 intermediate=9216 out_dim=2560 bf16_weights=false use_rows2=true elapsed_ms=0.017
kiln_profile_vulkan_mlp_kernel_stage stage=gate_up batch=32 hidden=2560 intermediate=9216 out_dim=2560 bf16_weights=false use_rows2=true elapsed_ms=8.692
kiln_profile_vulkan_mlp_kernel_stage stage=extract_x batch=26 hidden=2560 intermediate=9216 out_dim=2560 bf16_weights=false use_rows2=true elapsed_ms=0.011
kiln_profile_vulkan_mlp_kernel_stage stage=alloc_x batch=26 hidden=2560 intermediate=9216 out_dim=2560 bf16_weights=false use_rows2=true elapsed_ms=0.024
kiln_profile_vulkan_mlp_kernel_stage stage=down batch=32 hidden=2560 intermediate=9216 out_dim=2560 bf16_weights=false use_rows2=true elapsed_ms=4.939
kiln_profile_vulkan_mlp_kernel_stage stage=extract_x batch=31 hidden=2560 intermediate=9216 out_dim=2560 bf16_weights=false use_rows2=true elapsed_ms=0.009
kiln_profile_vulkan_mlp_kernel_stage stage=alloc_x batch=31 hidden=2560 intermediate=9216 out_dim=2560 bf16_weights=false use_rows2=true elapsed_ms=0.011
kiln_profile_vulkan_mlp_kernel_stage stage=upload_x batch=31 hidden=2560 intermediate=9216 out_dim=2560 bf16_weights=false use_rows2=true elapsed_ms=0.060
kiln_profile_vulkan_mlp_kernel_stage stage=alloc_hidden_out batch=31 hidden=2560 intermediate=9216 out_dim=2560 bf16_weights=false use_rows2=true elapsed_ms=0.016
kiln_profile_vulkan_mlp_kernel_stage stage=readback_out batch=32 hidden=2560 intermediate=9216 out_dim=2560 bf16_weights=false use_rows2=true elapsed_ms=2.193
kiln_profile_vulkan_mlp_kernel_stage stage=create_tensor batch=32 hidden=2560 intermediate=9216 out_dim=2560 bf16_weights=false use_rows2=true elapsed_ms=0.013
kiln_profile_mlp_stage layer=14 stage=fused seq_len=32 start_pos=0 elapsed_ms=17.485
kiln_profile_vulkan_mlp_kernel_stage stage=upload_x batch=26 hidden=2560 intermediate=9216 out_dim=2560 bf16_weights=false use_rows2=true elapsed_ms=4.079
kiln_profile_vulkan_mlp_kernel_stage stage=alloc_hidden_out batch=26 hidden=2560 intermediate=9216 out_dim=2560 bf16_weights=false use_rows2=true elapsed_ms=0.028
kiln_profile_vulkan_mlp_kernel_stage stage=upload_x batch=36 hidden=2560 intermediate=9216 out_dim=2560 bf16_weights=false use_rows2=true elapsed_ms=21.425
kiln_profile_vulkan_mlp_kernel_stage stage=alloc_hidden_out batch=36 hidden=2560 intermediate=9216 out_dim=2560 bf16_weights=false use_rows2=true elapsed_ms=0.075
kiln_profile_vulkan_mlp_kernel_stage stage=gate_up batch=31 hidden=2560 intermediate=9216 out_dim=2560 bf16_weights=false use_rows2=true elapsed_ms=9.401
kiln_profile_vulkan_mlp_kernel_stage stage=down batch=31 hidden=2560 intermediate=9216 out_dim=2560 bf16_weights=false use_rows2=true elapsed_ms=2.127
kiln_profile_vulkan_mlp_kernel_stage stage=readback_out batch=31 hidden=2560 intermediate=9216 out_dim=2560 bf16_weights=false use_rows2=true elapsed_ms=1.367
kiln_profile_vulkan_mlp_kernel_stage stage=create_tensor batch=31 hidden=2560 intermediate=9216 out_dim=2560 bf16_weights=false use_rows2=true elapsed_ms=0.007
kiln_profile_mlp_stage layer=15 stage=fused seq_len=31 start_pos=0 elapsed_ms=13.088
kiln_profile_vulkan_mlp_kernel_stage stage=gate_up batch=26 hidden=2560 intermediate=9216 out_dim=2560 bf16_weights=false use_rows2=true elapsed_ms=28.466
kiln_profile_vulkan_mlp_kernel_stage stage=gate_up batch=36 hidden=2560 intermediate=9216 out_dim=2560 bf16_weights=false use_rows2=true elapsed_ms=47.249
kiln_profile_vulkan_mlp_kernel_stage stage=down batch=26 hidden=2560 intermediate=9216 out_dim=2560 bf16_weights=false use_rows2=true elapsed_ms=22.735
kiln_profile_vulkan_mlp_kernel_stage stage=readback_out batch=26 hidden=2560 intermediate=9216 out_dim=2560 bf16_weights=false use_rows2=true elapsed_ms=1.119
kiln_profile_vulkan_mlp_kernel_stage stage=create_tensor batch=26 hidden=2560 intermediate=9216 out_dim=2560 bf16_weights=false use_rows2=true elapsed_ms=0.008
kiln_profile_mlp_stage layer=15 stage=fused seq_len=26 start_pos=0 elapsed_ms=56.571
kiln_profile_vulkan_mlp_kernel_stage stage=down batch=36 hidden=2560 intermediate=9216 out_dim=2560 bf16_weights=false use_rows2=true elapsed_ms=7.428
kiln_profile_vulkan_mlp_kernel_stage stage=readback_out batch=36 hidden=2560 intermediate=9216 out_dim=2560 bf16_weights=false use_rows2=true elapsed_ms=1.870
kiln_profile_vulkan_mlp_kernel_stage stage=create_tensor batch=36 hidden=2560 intermediate=9216 out_dim=2560 bf16_weights=false use_rows2=true elapsed_ms=0.016
kiln_profile_mlp_stage layer=14 stage=fused seq_len=36 start_pos=0 elapsed_ms=78.419
kiln_profile_vulkan_mlp_kernel_stage stage=extract_x batch=32 hidden=2560 intermediate=9216 out_dim=2560 bf16_weights=false use_rows2=true elapsed_ms=0.030
kiln_profile_vulkan_mlp_kernel_stage stage=alloc_x batch=32 hidden=2560 intermediate=9216 out_dim=2560 bf16_weights=false use_rows2=true elapsed_ms=0.015
kiln_profile_vulkan_mlp_kernel_stage stage=upload_x batch=32 hidden=2560 intermediate=9216 out_dim=2560 bf16_weights=false use_rows2=true elapsed_ms=8.045
kiln_profile_vulkan_mlp_kernel_stage stage=alloc_hidden_out batch=32 hidden=2560 intermediate=9216 out_dim=2560 bf16_weights=false use_rows2=true elapsed_ms=0.014
kiln_profile_vulkan_mlp_kernel_stage stage=gate_up batch=32 hidden=2560 intermediate=9216 out_dim=2560 bf16_weights=false use_rows2=true elapsed_ms=19.838
kiln_profile_vulkan_mlp_kernel_stage stage=down batch=32 hidden=2560 intermediate=9216 out_dim=2560 bf16_weights=false use_rows2=true elapsed_ms=5.742
kiln_profile_vulkan_mlp_kernel_stage stage=extract_x batch=31 hidden=2560 intermediate=9216 out_dim=2560 bf16_weights=false use_rows2=true elapsed_ms=0.013
kiln_profile_vulkan_mlp_kernel_stage stage=alloc_x batch=31 hidden=2560 intermediate=9216 out_dim=2560 bf16_weights=false use_rows2=true elapsed_ms=0.011
kiln_profile_vulkan_mlp_kernel_stage stage=readback_out batch=32 hidden=2560 intermediate=9216 out_dim=2560 bf16_weights=false use_rows2=true elapsed_ms=3.836
kiln_profile_vulkan_mlp_kernel_stage stage=create_tensor batch=32 hidden=2560 intermediate=9216 out_dim=2560 bf16_weights=false use_rows2=true elapsed_ms=0.013
kiln_profile_mlp_stage layer=15 stage=fused seq_len=32 start_pos=0 elapsed_ms=37.625
kiln_profile_vulkan_mlp_kernel_stage stage=upload_x batch=31 hidden=2560 intermediate=9216 out_dim=2560 bf16_weights=false use_rows2=true elapsed_ms=1.598
kiln_profile_vulkan_mlp_kernel_stage stage=alloc_hidden_out batch=31 hidden=2560 intermediate=9216 out_dim=2560 bf16_weights=false use_rows2=true elapsed_ms=0.018
kiln_profile_vulkan_mlp_kernel_stage stage=gate_up batch=31 hidden=2560 intermediate=9216 out_dim=2560 bf16_weights=false use_rows2=true elapsed_ms=18.510
kiln_profile_vulkan_mlp_kernel_stage stage=down batch=31 hidden=2560 intermediate=9216 out_dim=2560 bf16_weights=false use_rows2=true elapsed_ms=2.346
kiln_profile_vulkan_mlp_kernel_stage stage=readback_out batch=31 hidden=2560 intermediate=9216 out_dim=2560 bf16_weights=false use_rows2=true elapsed_ms=2.379
kiln_profile_vulkan_mlp_kernel_stage stage=create_tensor batch=31 hidden=2560 intermediate=9216 out_dim=2560 bf16_weights=false use_rows2=true elapsed_ms=0.011
kiln_profile_mlp_stage layer=16 stage=fused seq_len=31 start_pos=0 elapsed_ms=24.994
kiln_profile_vulkan_mlp_kernel_stage stage=extract_x batch=26 hidden=2560 intermediate=9216 out_dim=2560 bf16_weights=false use_rows2=true elapsed_ms=0.007
kiln_profile_vulkan_mlp_kernel_stage stage=alloc_x batch=26 hidden=2560 intermediate=9216 out_dim=2560 bf16_weights=false use_rows2=true elapsed_ms=0.014
kiln_profile_vulkan_mlp_kernel_stage stage=upload_x batch=26 hidden=2560 intermediate=9216 out_dim=2560 bf16_weights=false use_rows2=true elapsed_ms=0.165
kiln_profile_vulkan_mlp_kernel_stage stage=alloc_hidden_out batch=26 hidden=2560 intermediate=9216 out_dim=2560 bf16_weights=false use_rows2=true elapsed_ms=0.021
kiln_profile_vulkan_mlp_kernel_stage stage=gate_up batch=26 hidden=2560 intermediate=9216 out_dim=2560 bf16_weights=false use_rows2=true elapsed_ms=15.902
kiln_profile_vulkan_mlp_kernel_stage stage=extract_x batch=36 hidden=2560 intermediate=9216 out_dim=2560 bf16_weights=false use_rows2=true elapsed_ms=0.022
kiln_profile_vulkan_mlp_kernel_stage stage=alloc_x batch=36 hidden=2560 intermediate=9216 out_dim=2560 bf16_weights=false use_rows2=true elapsed_ms=0.068
kiln_profile_vulkan_mlp_kernel_stage stage=down batch=26 hidden=2560 intermediate=9216 out_dim=2560 bf16_weights=false use_rows2=true elapsed_ms=7.167
kiln_profile_vulkan_mlp_kernel_stage stage=extract_x batch=32 hidden=2560 intermediate=9216 out_dim=2560 bf16_weights=false use_rows2=true elapsed_ms=0.014
kiln_profile_vulkan_mlp_kernel_stage stage=alloc_x batch=32 hidden=2560 intermediate=9216 out_dim=2560 bf16_weights=false use_rows2=true elapsed_ms=0.015
kiln_profile_vulkan_mlp_kernel_stage stage=readback_out batch=26 hidden=2560 intermediate=9216 out_dim=2560 bf16_weights=false use_rows2=true elapsed_ms=2.830
kiln_profile_vulkan_mlp_kernel_stage stage=create_tensor batch=26 hidden=2560 intermediate=9216 out_dim=2560 bf16_weights=false use_rows2=true elapsed_ms=0.008
kiln_profile_mlp_stage layer=16 stage=fused seq_len=26 start_pos=0 elapsed_ms=26.185
kiln_profile_vulkan_mlp_kernel_stage stage=upload_x batch=36 hidden=2560 intermediate=9216 out_dim=2560 bf16_weights=false use_rows2=true elapsed_ms=4.903
kiln_profile_vulkan_mlp_kernel_stage stage=alloc_hidden_out batch=36 hidden=2560 intermediate=9216 out_dim=2560 bf16_weights=false use_rows2=true elapsed_ms=0.082
kiln_profile_vulkan_mlp_kernel_stage stage=upload_x batch=32 hidden=2560 intermediate=9216 out_dim=2560 bf16_weights=false use_rows2=true elapsed_ms=1.162
kiln_profile_vulkan_mlp_kernel_stage stage=alloc_hidden_out batch=32 hidden=2560 intermediate=9216 out_dim=2560 bf16_weights=false use_rows2=true elapsed_ms=0.018
kiln_profile_vulkan_mlp_kernel_stage stage=gate_up batch=36 hidden=2560 intermediate=9216 out_dim=2560 bf16_weights=false use_rows2=true elapsed_ms=18.470
kiln_profile_vulkan_mlp_kernel_stage stage=gate_up batch=32 hidden=2560 intermediate=9216 out_dim=2560 bf16_weights=false use_rows2=true elapsed_ms=25.590
kiln_profile_vulkan_mlp_kernel_stage stage=down batch=36 hidden=2560 intermediate=9216 out_dim=2560 bf16_weights=false use_rows2=true elapsed_ms=13.398
kiln_profile_vulkan_mlp_kernel_stage stage=down batch=32 hidden=2560 intermediate=9216 out_dim=2560 bf16_weights=false use_rows2=true elapsed_ms=8.115
kiln_profile_vulkan_mlp_kernel_stage stage=readback_out batch=36 hidden=2560 intermediate=9216 out_dim=2560 bf16_weights=false use_rows2=true elapsed_ms=4.165
kiln_profile_vulkan_mlp_kernel_stage stage=create_tensor batch=36 hidden=2560 intermediate=9216 out_dim=2560 bf16_weights=false use_rows2=true elapsed_ms=0.023
kiln_profile_mlp_stage layer=15 stage=fused seq_len=36 start_pos=0 elapsed_ms=41.466
kiln_profile_vulkan_mlp_kernel_stage stage=readback_out batch=32 hidden=2560 intermediate=9216 out_dim=2560 bf16_weights=false use_rows2=true elapsed_ms=3.717
kiln_profile_vulkan_mlp_kernel_stage stage=create_tensor batch=32 hidden=2560 intermediate=9216 out_dim=2560 bf16_weights=false use_rows2=true elapsed_ms=0.012
kiln_profile_mlp_stage layer=16 stage=fused seq_len=32 start_pos=0 elapsed_ms=38.741
kiln_profile_vulkan_mlp_kernel_stage stage=extract_x batch=31 hidden=2560 intermediate=9216 out_dim=2560 bf16_weights=false use_rows2=true elapsed_ms=0.008
kiln_profile_vulkan_mlp_kernel_stage stage=alloc_x batch=31 hidden=2560 intermediate=9216 out_dim=2560 bf16_weights=false use_rows2=true elapsed_ms=0.016
kiln_profile_vulkan_mlp_kernel_stage stage=upload_x batch=31 hidden=2560 intermediate=9216 out_dim=2560 bf16_weights=false use_rows2=true elapsed_ms=11.713
kiln_profile_vulkan_mlp_kernel_stage stage=alloc_hidden_out batch=31 hidden=2560 intermediate=9216 out_dim=2560 bf16_weights=false use_rows2=true elapsed_ms=0.025
kiln_profile_vulkan_mlp_kernel_stage stage=gate_up batch=31 hidden=2560 intermediate=9216 out_dim=2560 bf16_weights=false use_rows2=true elapsed_ms=20.645
kiln_profile_vulkan_mlp_kernel_stage stage=extract_x batch=26 hidden=2560 intermediate=9216 out_dim=2560 bf16_weights=false use_rows2=true elapsed_ms=0.013
kiln_profile_vulkan_mlp_kernel_stage stage=alloc_x batch=26 hidden=2560 intermediate=9216 out_dim=2560 bf16_weights=false use_rows2=true elapsed_ms=0.013
kiln_profile_vulkan_mlp_kernel_stage stage=down batch=31 hidden=2560 intermediate=9216 out_dim=2560 bf16_weights=false use_rows2=true elapsed_ms=4.704
kiln_profile_vulkan_mlp_kernel_stage stage=upload_x batch=26 hidden=2560 intermediate=9216 out_dim=2560 bf16_weights=false use_rows2=true elapsed_ms=2.268
kiln_profile_vulkan_mlp_kernel_stage stage=alloc_hidden_out batch=26 hidden=2560 intermediate=9216 out_dim=2560 bf16_weights=false use_rows2=true elapsed_ms=0.053
kiln_profile_vulkan_mlp_kernel_stage stage=readback_out batch=31 hidden=2560 intermediate=9216 out_dim=2560 bf16_weights=false use_rows2=true elapsed_ms=1.614
kiln_profile_vulkan_mlp_kernel_stage stage=create_tensor batch=31 hidden=2560 intermediate=9216 out_dim=2560 bf16_weights=false use_rows2=true elapsed_ms=0.033
kiln_profile_mlp_stage layer=17 stage=fused seq_len=31 start_pos=0 elapsed_ms=38.884
kiln_profile_vulkan_mlp_kernel_stage stage=gate_up batch=26 hidden=2560 intermediate=9216 out_dim=2560 bf16_weights=false use_rows2=true elapsed_ms=4.761
kiln_profile_vulkan_mlp_kernel_stage stage=down batch=26 hidden=2560 intermediate=9216 out_dim=2560 bf16_weights=false use_rows2=true elapsed_ms=12.670
kiln_profile_vulkan_mlp_kernel_stage stage=readback_out batch=26 hidden=2560 intermediate=9216 out_dim=2560 bf16_weights=false use_rows2=true elapsed_ms=2.817
kiln_profile_vulkan_mlp_kernel_stage stage=create_tensor batch=26 hidden=2560 intermediate=9216 out_dim=2560 bf16_weights=false use_rows2=true elapsed_ms=0.010
kiln_profile_mlp_stage layer=17 stage=fused seq_len=26 start_pos=0 elapsed_ms=22.726
kiln_profile_vulkan_mlp_kernel_stage stage=extract_x batch=36 hidden=2560 intermediate=9216 out_dim=2560 bf16_weights=false use_rows2=true elapsed_ms=0.028
kiln_profile_vulkan_mlp_kernel_stage stage=alloc_x batch=36 hidden=2560 intermediate=9216 out_dim=2560 bf16_weights=false use_rows2=true elapsed_ms=0.026
kiln_profile_vulkan_mlp_kernel_stage stage=upload_x batch=36 hidden=2560 intermediate=9216 out_dim=2560 bf16_weights=false use_rows2=true elapsed_ms=9.067
kiln_profile_vulkan_mlp_kernel_stage stage=alloc_hidden_out batch=36 hidden=2560 intermediate=9216 out_dim=2560 bf16_weights=false use_rows2=true elapsed_ms=0.025
kiln_profile_vulkan_mlp_kernel_stage stage=extract_x batch=32 hidden=2560 intermediate=9216 out_dim=2560 bf16_weights=false use_rows2=true elapsed_ms=0.010
kiln_profile_vulkan_mlp_kernel_stage stage=alloc_x batch=32 hidden=2560 intermediate=9216 out_dim=2560 bf16_weights=false use_rows2=true elapsed_ms=0.009
kiln_profile_vulkan_mlp_kernel_stage stage=gate_up batch=36 hidden=2560 intermediate=9216 out_dim=2560 bf16_weights=false use_rows2=true elapsed_ms=12.171
kiln_profile_vulkan_mlp_kernel_stage stage=upload_x batch=32 hidden=2560 intermediate=9216 out_dim=2560 bf16_weights=false use_rows2=true elapsed_ms=8.798
kiln_profile_vulkan_mlp_kernel_stage stage=alloc_hidden_out batch=32 hidden=2560 intermediate=9216 out_dim=2560 bf16_weights=false use_rows2=true elapsed_ms=0.019
kiln_profile_vulkan_mlp_kernel_stage stage=down batch=36 hidden=2560 intermediate=9216 out_dim=2560 bf16_weights=false use_rows2=true elapsed_ms=3.357
kiln_profile_vulkan_mlp_kernel_stage stage=gate_up batch=32 hidden=2560 intermediate=9216 out_dim=2560 bf16_weights=false use_rows2=true elapsed_ms=11.664
kiln_profile_vulkan_mlp_kernel_stage stage=readback_out batch=36 hidden=2560 intermediate=9216 out_dim=2560 bf16_weights=false use_rows2=true elapsed_ms=12.715
kiln_profile_vulkan_mlp_kernel_stage stage=create_tensor batch=36 hidden=2560 intermediate=9216 out_dim=2560 bf16_weights=false use_rows2=true elapsed_ms=0.014
kiln_profile_mlp_stage layer=16 stage=fused seq_len=36 start_pos=0 elapsed_ms=37.498
kiln_profile_vulkan_mlp_kernel_stage stage=down batch=32 hidden=2560 intermediate=9216 out_dim=2560 bf16_weights=false use_rows2=true elapsed_ms=6.373
kiln_profile_vulkan_mlp_kernel_stage stage=readback_out batch=32 hidden=2560 intermediate=9216 out_dim=2560 bf16_weights=false use_rows2=true elapsed_ms=0.546
kiln_profile_vulkan_mlp_kernel_stage stage=create_tensor batch=32 hidden=2560 intermediate=9216 out_dim=2560 bf16_weights=false use_rows2=true elapsed_ms=0.011
kiln_profile_mlp_stage layer=17 stage=fused seq_len=32 start_pos=0 elapsed_ms=27.498
kiln_profile_vulkan_mlp_kernel_stage stage=extract_x batch=31 hidden=2560 intermediate=9216 out_dim=2560 bf16_weights=false use_rows2=true elapsed_ms=0.017
kiln_profile_vulkan_mlp_kernel_stage stage=alloc_x batch=31 hidden=2560 intermediate=9216 out_dim=2560 bf16_weights=false use_rows2=true elapsed_ms=0.013
kiln_profile_vulkan_mlp_kernel_stage stage=upload_x batch=31 hidden=2560 intermediate=9216 out_dim=2560 bf16_weights=false use_rows2=true elapsed_ms=7.086
kiln_profile_vulkan_mlp_kernel_stage stage=alloc_hidden_out batch=31 hidden=2560 intermediate=9216 out_dim=2560 bf16_weights=false use_rows2=true elapsed_ms=0.019
kiln_profile_vulkan_mlp_kernel_stage stage=gate_up batch=31 hidden=2560 intermediate=9216 out_dim=2560 bf16_weights=false use_rows2=true elapsed_ms=19.269
kiln_profile_vulkan_mlp_kernel_stage stage=extract_x batch=26 hidden=2560 intermediate=9216 out_dim=2560 bf16_weights=false use_rows2=true elapsed_ms=0.015
kiln_profile_vulkan_mlp_kernel_stage stage=alloc_x batch=26 hidden=2560 intermediate=9216 out_dim=2560 bf16_weights=false use_rows2=true elapsed_ms=0.016
kiln_profile_vulkan_mlp_kernel_stage stage=down batch=31 hidden=2560 intermediate=9216 out_dim=2560 bf16_weights=false use_rows2=true elapsed_ms=4.181
kiln_profile_vulkan_mlp_kernel_stage stage=upload_x batch=26 hidden=2560 intermediate=9216 out_dim=2560 bf16_weights=false use_rows2=true elapsed_ms=2.379
kiln_profile_vulkan_mlp_kernel_stage stage=alloc_hidden_out batch=26 hidden=2560 intermediate=9216 out_dim=2560 bf16_weights=false use_rows2=true elapsed_ms=0.037
kiln_profile_vulkan_mlp_kernel_stage stage=readback_out batch=31 hidden=2560 intermediate=9216 out_dim=2560 bf16_weights=false use_rows2=true elapsed_ms=1.878
kiln_profile_vulkan_mlp_kernel_stage stage=create_tensor batch=31 hidden=2560 intermediate=9216 out_dim=2560 bf16_weights=false use_rows2=true elapsed_ms=0.011
kiln_profile_mlp_stage layer=18 stage=fused seq_len=31 start_pos=0 elapsed_ms=32.583
kiln_profile_vulkan_mlp_kernel_stage stage=gate_up batch=26 hidden=2560 intermediate=9216 out_dim=2560 bf16_weights=false use_rows2=true elapsed_ms=8.276
kiln_profile_vulkan_mlp_kernel_stage stage=down batch=26 hidden=2560 intermediate=9216 out_dim=2560 bf16_weights=false use_rows2=true elapsed_ms=12.510
kiln_profile_vulkan_mlp_kernel_stage stage=readback_out batch=26 hidden=2560 intermediate=9216 out_dim=2560 bf16_weights=false use_rows2=true elapsed_ms=3.002
kiln_profile_vulkan_mlp_kernel_stage stage=create_tensor batch=26 hidden=2560 intermediate=9216 out_dim=2560 bf16_weights=false use_rows2=true elapsed_ms=0.010
kiln_profile_mlp_stage layer=18 stage=fused seq_len=26 start_pos=0 elapsed_ms=26.362
kiln_profile_vulkan_mlp_kernel_stage stage=extract_x batch=36 hidden=2560 intermediate=9216 out_dim=2560 bf16_weights=false use_rows2=true elapsed_ms=0.030
kiln_profile_vulkan_mlp_kernel_stage stage=alloc_x batch=36 hidden=2560 intermediate=9216 out_dim=2560 bf16_weights=false use_rows2=true elapsed_ms=0.011
kiln_profile_vulkan_mlp_kernel_stage stage=upload_x batch=36 hidden=2560 intermediate=9216 out_dim=2560 bf16_weights=false use_rows2=true elapsed_ms=7.737
kiln_profile_vulkan_mlp_kernel_stage stage=alloc_hidden_out batch=36 hidden=2560 intermediate=9216 out_dim=2560 bf16_weights=false use_rows2=true elapsed_ms=0.035
kiln_profile_vulkan_mlp_kernel_stage stage=extract_x batch=32 hidden=2560 intermediate=9216 out_dim=2560 bf16_weights=false use_rows2=true elapsed_ms=0.013
kiln_profile_vulkan_mlp_kernel_stage stage=alloc_x batch=32 hidden=2560 intermediate=9216 out_dim=2560 bf16_weights=false use_rows2=true elapsed_ms=0.009
kiln_profile_vulkan_mlp_kernel_stage stage=upload_x batch=32 hidden=2560 intermediate=9216 out_dim=2560 bf16_weights=false use_rows2=true elapsed_ms=0.632
kiln_profile_vulkan_mlp_kernel_stage stage=alloc_hidden_out batch=32 hidden=2560 intermediate=9216 out_dim=2560 bf16_weights=false use_rows2=true elapsed_ms=0.013
kiln_profile_vulkan_mlp_kernel_stage stage=gate_up batch=36 hidden=2560 intermediate=9216 out_dim=2560 bf16_weights=false use_rows2=true elapsed_ms=15.320
kiln_profile_vulkan_mlp_kernel_stage stage=extract_x batch=31 hidden=2560 intermediate=9216 out_dim=2560 bf16_weights=false use_rows2=true elapsed_ms=0.011
kiln_profile_vulkan_mlp_kernel_stage stage=alloc_x batch=31 hidden=2560 intermediate=9216 out_dim=2560 bf16_weights=false use_rows2=true elapsed_ms=0.032
kiln_profile_vulkan_mlp_kernel_stage stage=upload_x batch=31 hidden=2560 intermediate=9216 out_dim=2560 bf16_weights=false use_rows2=true elapsed_ms=0.640
kiln_profile_vulkan_mlp_kernel_stage stage=alloc_hidden_out batch=31 hidden=2560 intermediate=9216 out_dim=2560 bf16_weights=false use_rows2=true elapsed_ms=0.021
kiln_profile_vulkan_mlp_kernel_stage stage=gate_up batch=32 hidden=2560 intermediate=9216 out_dim=2560 bf16_weights=false use_rows2=true elapsed_ms=21.315
kiln_profile_vulkan_mlp_kernel_stage stage=down batch=36 hidden=2560 intermediate=9216 out_dim=2560 bf16_weights=false use_rows2=true elapsed_ms=14.171
kiln_profile_vulkan_mlp_kernel_stage stage=gate_up batch=31 hidden=2560 intermediate=9216 out_dim=2560 bf16_weights=false use_rows2=true elapsed_ms=18.463
kiln_profile_vulkan_mlp_kernel_stage stage=readback_out batch=36 hidden=2560 intermediate=9216 out_dim=2560 bf16_weights=false use_rows2=true elapsed_ms=9.204
kiln_profile_vulkan_mlp_kernel_stage stage=create_tensor batch=36 hidden=2560 intermediate=9216 out_dim=2560 bf16_weights=false use_rows2=true elapsed_ms=0.014
kiln_profile_mlp_stage layer=17 stage=fused seq_len=36 start_pos=0 elapsed_ms=46.602
kiln_profile_vulkan_mlp_kernel_stage stage=extract_x batch=26 hidden=2560 intermediate=9216 out_dim=2560 bf16_weights=false use_rows2=true elapsed_ms=0.007
kiln_profile_vulkan_mlp_kernel_stage stage=alloc_x batch=26 hidden=2560 intermediate=9216 out_dim=2560 bf16_weights=false use_rows2=true elapsed_ms=0.014
kiln_profile_vulkan_mlp_kernel_stage stage=down batch=32 hidden=2560 intermediate=9216 out_dim=2560 bf16_weights=false use_rows2=true elapsed_ms=16.078
kiln_profile_vulkan_mlp_kernel_stage stage=upload_x batch=26 hidden=2560 intermediate=9216 out_dim=2560 bf16_weights=false use_rows2=true elapsed_ms=1.934
kiln_profile_vulkan_mlp_kernel_stage stage=alloc_hidden_out batch=26 hidden=2560 intermediate=9216 out_dim=2560 bf16_weights=false use_rows2=true elapsed_ms=0.029
kiln_profile_vulkan_mlp_kernel_stage stage=readback_out batch=32 hidden=2560 intermediate=9216 out_dim=2560 bf16_weights=false use_rows2=true elapsed_ms=0.612
kiln_profile_vulkan_mlp_kernel_stage stage=create_tensor batch=32 hidden=2560 intermediate=9216 out_dim=2560 bf16_weights=false use_rows2=true elapsed_ms=0.013
kiln_profile_mlp_stage layer=18 stage=fused seq_len=32 start_pos=0 elapsed_ms=39.399
kiln_profile_vulkan_mlp_kernel_stage stage=down batch=31 hidden=2560 intermediate=9216 out_dim=2560 bf16_weights=false use_rows2=true elapsed_ms=8.293
kiln_profile_vulkan_mlp_kernel_stage stage=readback_out batch=31 hidden=2560 intermediate=9216 out_dim=2560 bf16_weights=false use_rows2=true elapsed_ms=9.058
kiln_profile_vulkan_mlp_kernel_stage stage=create_tensor batch=31 hidden=2560 intermediate=9216 out_dim=2560 bf16_weights=false use_rows2=true elapsed_ms=0.010
kiln_profile_mlp_stage layer=19 stage=fused seq_len=31 start_pos=0 elapsed_ms=36.617
kiln_profile_vulkan_mlp_kernel_stage stage=gate_up batch=26 hidden=2560 intermediate=9216 out_dim=2560 bf16_weights=false use_rows2=true elapsed_ms=16.931
kiln_profile_vulkan_mlp_kernel_stage stage=down batch=26 hidden=2560 intermediate=9216 out_dim=2560 bf16_weights=false use_rows2=true elapsed_ms=22.194
kiln_profile_vulkan_mlp_kernel_stage stage=readback_out batch=26 hidden=2560 intermediate=9216 out_dim=2560 bf16_weights=false use_rows2=true elapsed_ms=2.079
kiln_profile_vulkan_mlp_kernel_stage stage=create_tensor batch=26 hidden=2560 intermediate=9216 out_dim=2560 bf16_weights=false use_rows2=true elapsed_ms=0.010
kiln_profile_mlp_stage layer=19 stage=fused seq_len=26 start_pos=0 elapsed_ms=43.287
kiln_profile_vulkan_mlp_kernel_stage stage=extract_x batch=32 hidden=2560 intermediate=9216 out_dim=2560 bf16_weights=false use_rows2=true elapsed_ms=0.020
kiln_profile_vulkan_mlp_kernel_stage stage=alloc_x batch=32 hidden=2560 intermediate=9216 out_dim=2560 bf16_weights=false use_rows2=true elapsed_ms=0.019
kiln_profile_vulkan_mlp_kernel_stage stage=upload_x batch=32 hidden=2560 intermediate=9216 out_dim=2560 bf16_weights=false use_rows2=true elapsed_ms=3.215
kiln_profile_vulkan_mlp_kernel_stage stage=alloc_hidden_out batch=32 hidden=2560 intermediate=9216 out_dim=2560 bf16_weights=false use_rows2=true elapsed_ms=0.023
kiln_profile_vulkan_mlp_kernel_stage stage=extract_x batch=36 hidden=2560 intermediate=9216 out_dim=2560 bf16_weights=false use_rows2=true elapsed_ms=0.051
kiln_profile_vulkan_mlp_kernel_stage stage=alloc_x batch=36 hidden=2560 intermediate=9216 out_dim=2560 bf16_weights=false use_rows2=true elapsed_ms=0.018
kiln_profile_vulkan_mlp_kernel_stage stage=gate_up batch=32 hidden=2560 intermediate=9216 out_dim=2560 bf16_weights=false use_rows2=true elapsed_ms=11.410
kiln_profile_vulkan_mlp_kernel_stage stage=upload_x batch=36 hidden=2560 intermediate=9216 out_dim=2560 bf16_weights=false use_rows2=true elapsed_ms=8.269
kiln_profile_vulkan_mlp_kernel_stage stage=alloc_hidden_out batch=36 hidden=2560 intermediate=9216 out_dim=2560 bf16_weights=false use_rows2=true elapsed_ms=0.032
kiln_profile_vulkan_mlp_kernel_stage stage=down batch=32 hidden=2560 intermediate=9216 out_dim=2560 bf16_weights=false use_rows2=true elapsed_ms=4.611
kiln_profile_vulkan_mlp_kernel_stage stage=gate_up batch=36 hidden=2560 intermediate=9216 out_dim=2560 bf16_weights=false use_rows2=true elapsed_ms=14.540
kiln_profile_vulkan_mlp_kernel_stage stage=readback_out batch=32 hidden=2560 intermediate=9216 out_dim=2560 bf16_weights=false use_rows2=true elapsed_ms=11.490
kiln_profile_vulkan_mlp_kernel_stage stage=create_tensor batch=32 hidden=2560 intermediate=9216 out_dim=2560 bf16_weights=false use_rows2=true elapsed_ms=0.011
kiln_profile_mlp_stage layer=19 stage=fused seq_len=32 start_pos=0 elapsed_ms=30.890
kiln_profile_vulkan_mlp_kernel_stage stage=extract_x batch=31 hidden=2560 intermediate=9216 out_dim=2560 bf16_weights=false use_rows2=true elapsed_ms=0.019
kiln_profile_vulkan_mlp_kernel_stage stage=alloc_x batch=31 hidden=2560 intermediate=9216 out_dim=2560 bf16_weights=false use_rows2=true elapsed_ms=0.027
kiln_profile_vulkan_mlp_kernel_stage stage=down batch=36 hidden=2560 intermediate=9216 out_dim=2560 bf16_weights=false use_rows2=true elapsed_ms=6.911
kiln_profile_vulkan_mlp_kernel_stage stage=upload_x batch=31 hidden=2560 intermediate=9216 out_dim=2560 bf16_weights=false use_rows2=true elapsed_ms=3.390
kiln_profile_vulkan_mlp_kernel_stage stage=alloc_hidden_out batch=31 hidden=2560 intermediate=9216 out_dim=2560 bf16_weights=false use_rows2=true elapsed_ms=0.039
kiln_profile_vulkan_mlp_kernel_stage stage=readback_out batch=36 hidden=2560 intermediate=9216 out_dim=2560 bf16_weights=false use_rows2=true elapsed_ms=2.344
kiln_profile_vulkan_mlp_kernel_stage stage=create_tensor batch=36 hidden=2560 intermediate=9216 out_dim=2560 bf16_weights=false use_rows2=true elapsed_ms=0.013
kiln_profile_mlp_stage layer=18 stage=fused seq_len=36 start_pos=0 elapsed_ms=32.288
kiln_profile_vulkan_mlp_kernel_stage stage=extract_x batch=26 hidden=2560 intermediate=9216 out_dim=2560 bf16_weights=false use_rows2=true elapsed_ms=0.014
kiln_profile_vulkan_mlp_kernel_stage stage=alloc_x batch=26 hidden=2560 intermediate=9216 out_dim=2560 bf16_weights=false use_rows2=true elapsed_ms=0.017
kiln_profile_vulkan_mlp_kernel_stage stage=gate_up batch=31 hidden=2560 intermediate=9216 out_dim=2560 bf16_weights=false use_rows2=true elapsed_ms=19.695
kiln_profile_vulkan_mlp_kernel_stage stage=down batch=31 hidden=2560 intermediate=9216 out_dim=2560 bf16_weights=false use_rows2=true elapsed_ms=13.232
kiln_profile_vulkan_mlp_kernel_stage stage=readback_out batch=31 hidden=2560 intermediate=9216 out_dim=2560 bf16_weights=false use_rows2=true elapsed_ms=2.140
kiln_profile_vulkan_mlp_kernel_stage stage=create_tensor batch=31 hidden=2560 intermediate=9216 out_dim=2560 bf16_weights=false use_rows2=true elapsed_ms=0.011
kiln_profile_mlp_stage layer=20 stage=fused seq_len=31 start_pos=0 elapsed_ms=38.663
kiln_profile_vulkan_mlp_kernel_stage stage=upload_x batch=26 hidden=2560 intermediate=9216 out_dim=2560 bf16_weights=false use_rows2=true elapsed_ms=21.521
kiln_profile_vulkan_mlp_kernel_stage stage=alloc_hidden_out batch=26 hidden=2560 intermediate=9216 out_dim=2560 bf16_weights=false use_rows2=true elapsed_ms=0.034
kiln_profile_vulkan_mlp_kernel_stage stage=gate_up batch=26 hidden=2560 intermediate=9216 out_dim=2560 bf16_weights=false use_rows2=true elapsed_ms=4.473
kiln_profile_vulkan_mlp_kernel_stage stage=extract_x batch=36 hidden=2560 intermediate=9216 out_dim=2560 bf16_weights=false use_rows2=true elapsed_ms=0.019
kiln_profile_vulkan_mlp_kernel_stage stage=alloc_x batch=36 hidden=2560 intermediate=9216 out_dim=2560 bf16_weights=false use_rows2=true elapsed_ms=0.021
kiln_profile_vulkan_mlp_kernel_stage stage=down batch=26 hidden=2560 intermediate=9216 out_dim=2560 bf16_weights=false use_rows2=true elapsed_ms=15.026
kiln_profile_vulkan_mlp_kernel_stage stage=upload_x batch=36 hidden=2560 intermediate=9216 out_dim=2560 bf16_weights=false use_rows2=true elapsed_ms=1.954
kiln_profile_vulkan_mlp_kernel_stage stage=alloc_hidden_out batch=36 hidden=2560 intermediate=9216 out_dim=2560 bf16_weights=false use_rows2=true elapsed_ms=0.035
kiln_profile_vulkan_mlp_kernel_stage stage=gate_up batch=36 hidden=2560 intermediate=9216 out_dim=2560 bf16_weights=false use_rows2=true elapsed_ms=10.676
kiln_profile_vulkan_mlp_kernel_stage stage=readback_out batch=26 hidden=2560 intermediate=9216 out_dim=2560 bf16_weights=false use_rows2=true elapsed_ms=12.269
kiln_profile_vulkan_mlp_kernel_stage stage=create_tensor batch=26 hidden=2560 intermediate=9216 out_dim=2560 bf16_weights=false use_rows2=true elapsed_ms=0.009
kiln_profile_mlp_stage layer=20 stage=fused seq_len=26 start_pos=0 elapsed_ms=53.466
kiln_profile_vulkan_mlp_kernel_stage stage=down batch=36 hidden=2560 intermediate=9216 out_dim=2560 bf16_weights=false use_rows2=true elapsed_ms=5.638
kiln_profile_vulkan_mlp_kernel_stage stage=readback_out batch=36 hidden=2560 intermediate=9216 out_dim=2560 bf16_weights=false use_rows2=true elapsed_ms=1.800
kiln_profile_vulkan_mlp_kernel_stage stage=create_tensor batch=36 hidden=2560 intermediate=9216 out_dim=2560 bf16_weights=false use_rows2=true elapsed_ms=0.012
kiln_profile_mlp_stage layer=19 stage=fused seq_len=36 start_pos=0 elapsed_ms=20.299
kiln_profile_vulkan_mlp_kernel_stage stage=extract_x batch=32 hidden=2560 intermediate=9216 out_dim=2560 bf16_weights=false use_rows2=true elapsed_ms=0.018
kiln_profile_vulkan_mlp_kernel_stage stage=alloc_x batch=32 hidden=2560 intermediate=9216 out_dim=2560 bf16_weights=false use_rows2=true elapsed_ms=0.015
kiln_profile_vulkan_mlp_kernel_stage stage=upload_x batch=32 hidden=2560 intermediate=9216 out_dim=2560 bf16_weights=false use_rows2=true elapsed_ms=11.468
kiln_profile_vulkan_mlp_kernel_stage stage=alloc_hidden_out batch=32 hidden=2560 intermediate=9216 out_dim=2560 bf16_weights=false use_rows2=true elapsed_ms=0.019
kiln_profile_vulkan_mlp_kernel_stage stage=gate_up batch=32 hidden=2560 intermediate=9216 out_dim=2560 bf16_weights=false use_rows2=true elapsed_ms=11.189
kiln_profile_vulkan_mlp_kernel_stage stage=extract_x batch=31 hidden=2560 intermediate=9216 out_dim=2560 bf16_weights=false use_rows2=true elapsed_ms=0.009
kiln_profile_vulkan_mlp_kernel_stage stage=alloc_x batch=31 hidden=2560 intermediate=9216 out_dim=2560 bf16_weights=false use_rows2=true elapsed_ms=0.017
kiln_profile_vulkan_mlp_kernel_stage stage=down batch=32 hidden=2560 intermediate=9216 out_dim=2560 bf16_weights=false use_rows2=true elapsed_ms=4.743
kiln_profile_vulkan_mlp_kernel_stage stage=upload_x batch=31 hidden=2560 intermediate=9216 out_dim=2560 bf16_weights=false use_rows2=true elapsed_ms=2.020
kiln_profile_vulkan_mlp_kernel_stage stage=alloc_hidden_out batch=31 hidden=2560 intermediate=9216 out_dim=2560 bf16_weights=false use_rows2=true elapsed_ms=0.023
kiln_profile_vulkan_mlp_kernel_stage stage=readback_out batch=32 hidden=2560 intermediate=9216 out_dim=2560 bf16_weights=false use_rows2=true elapsed_ms=1.735
kiln_profile_vulkan_mlp_kernel_stage stage=create_tensor batch=32 hidden=2560 intermediate=9216 out_dim=2560 bf16_weights=false use_rows2=true elapsed_ms=0.013
kiln_profile_mlp_stage layer=20 stage=fused seq_len=32 start_pos=0 elapsed_ms=29.344
kiln_profile_vulkan_mlp_kernel_stage stage=gate_up batch=31 hidden=2560 intermediate=9216 out_dim=2560 bf16_weights=false use_rows2=true elapsed_ms=10.854
kiln_profile_vulkan_mlp_kernel_stage stage=extract_x batch=26 hidden=2560 intermediate=9216 out_dim=2560 bf16_weights=false use_rows2=true elapsed_ms=0.015
kiln_profile_vulkan_mlp_kernel_stage stage=alloc_x batch=26 hidden=2560 intermediate=9216 out_dim=2560 bf16_weights=false use_rows2=true elapsed_ms=0.016
kiln_profile_vulkan_mlp_kernel_stage stage=down batch=31 hidden=2560 intermediate=9216 out_dim=2560 bf16_weights=false use_rows2=true elapsed_ms=14.550
kiln_profile_vulkan_mlp_kernel_stage stage=upload_x batch=26 hidden=2560 intermediate=9216 out_dim=2560 bf16_weights=false use_rows2=true elapsed_ms=2.185
kiln_profile_vulkan_mlp_kernel_stage stage=alloc_hidden_out batch=26 hidden=2560 intermediate=9216 out_dim=2560 bf16_weights=false use_rows2=true elapsed_ms=0.022
kiln_profile_vulkan_mlp_kernel_stage stage=gate_up batch=26 hidden=2560 intermediate=9216 out_dim=2560 bf16_weights=false use_rows2=true elapsed_ms=6.286
kiln_profile_vulkan_mlp_kernel_stage stage=readback_out batch=31 hidden=2560 intermediate=9216 out_dim=2560 bf16_weights=false use_rows2=true elapsed_ms=7.784
kiln_profile_vulkan_mlp_kernel_stage stage=create_tensor batch=31 hidden=2560 intermediate=9216 out_dim=2560 bf16_weights=false use_rows2=true elapsed_ms=0.011
kiln_profile_mlp_stage layer=21 stage=fused seq_len=31 start_pos=0 elapsed_ms=35.355
kiln_profile_vulkan_mlp_kernel_stage stage=down batch=26 hidden=2560 intermediate=9216 out_dim=2560 bf16_weights=false use_rows2=true elapsed_ms=3.888
kiln_profile_vulkan_mlp_kernel_stage stage=readback_out batch=26 hidden=2560 intermediate=9216 out_dim=2560 bf16_weights=false use_rows2=true elapsed_ms=11.624
kiln_profile_vulkan_mlp_kernel_stage stage=create_tensor batch=26 hidden=2560 intermediate=9216 out_dim=2560 bf16_weights=false use_rows2=true elapsed_ms=0.011
kiln_profile_mlp_stage layer=21 stage=fused seq_len=26 start_pos=0 elapsed_ms=24.140
kiln_profile_vulkan_mlp_kernel_stage stage=extract_x batch=36 hidden=2560 intermediate=9216 out_dim=2560 bf16_weights=false use_rows2=true elapsed_ms=0.019
kiln_profile_vulkan_mlp_kernel_stage stage=alloc_x batch=36 hidden=2560 intermediate=9216 out_dim=2560 bf16_weights=false use_rows2=true elapsed_ms=0.013
kiln_profile_vulkan_mlp_kernel_stage stage=upload_x batch=36 hidden=2560 intermediate=9216 out_dim=2560 bf16_weights=false use_rows2=true elapsed_ms=0.412
kiln_profile_vulkan_mlp_kernel_stage stage=alloc_hidden_out batch=36 hidden=2560 intermediate=9216 out_dim=2560 bf16_weights=false use_rows2=true elapsed_ms=0.017
kiln_profile_vulkan_mlp_kernel_stage stage=gate_up batch=36 hidden=2560 intermediate=9216 out_dim=2560 bf16_weights=false use_rows2=true elapsed_ms=11.080
kiln_profile_vulkan_mlp_kernel_stage stage=extract_x batch=32 hidden=2560 intermediate=9216 out_dim=2560 bf16_weights=false use_rows2=true elapsed_ms=0.012
kiln_profile_vulkan_mlp_kernel_stage stage=alloc_x batch=32 hidden=2560 intermediate=9216 out_dim=2560 bf16_weights=false use_rows2=true elapsed_ms=0.021
kiln_profile_vulkan_mlp_kernel_stage stage=down batch=36 hidden=2560 intermediate=9216 out_dim=2560 bf16_weights=false use_rows2=true elapsed_ms=6.558
kiln_profile_vulkan_mlp_kernel_stage stage=upload_x batch=32 hidden=2560 intermediate=9216 out_dim=2560 bf16_weights=false use_rows2=true elapsed_ms=3.715
kiln_profile_vulkan_mlp_kernel_stage stage=alloc_hidden_out batch=32 hidden=2560 intermediate=9216 out_dim=2560 bf16_weights=false use_rows2=true elapsed_ms=0.041
kiln_profile_vulkan_mlp_kernel_stage stage=readback_out batch=36 hidden=2560 intermediate=9216 out_dim=2560 bf16_weights=false use_rows2=true elapsed_ms=3.838
kiln_profile_vulkan_mlp_kernel_stage stage=create_tensor batch=36 hidden=2560 intermediate=9216 out_dim=2560 bf16_weights=false use_rows2=true elapsed_ms=0.013
kiln_profile_mlp_stage layer=20 stage=fused seq_len=36 start_pos=0 elapsed_ms=22.074
kiln_profile_vulkan_mlp_kernel_stage stage=gate_up batch=32 hidden=2560 intermediate=9216 out_dim=2560 bf16_weights=false use_rows2=true elapsed_ms=13.785
kiln_profile_vulkan_mlp_kernel_stage stage=extract_x batch=31 hidden=2560 intermediate=9216 out_dim=2560 bf16_weights=false use_rows2=true elapsed_ms=0.016
kiln_profile_vulkan_mlp_kernel_stage stage=alloc_x batch=31 hidden=2560 intermediate=9216 out_dim=2560 bf16_weights=false use_rows2=true elapsed_ms=0.025
kiln_profile_vulkan_mlp_kernel_stage stage=upload_x batch=31 hidden=2560 intermediate=9216 out_dim=2560 bf16_weights=false use_rows2=true elapsed_ms=11.388
kiln_profile_vulkan_mlp_kernel_stage stage=alloc_hidden_out batch=31 hidden=2560 intermediate=9216 out_dim=2560 bf16_weights=false use_rows2=true elapsed_ms=0.015
kiln_profile_vulkan_mlp_kernel_stage stage=extract_x batch=26 hidden=2560 intermediate=9216 out_dim=2560 bf16_weights=false use_rows2=true elapsed_ms=0.009
kiln_profile_vulkan_mlp_kernel_stage stage=alloc_x batch=26 hidden=2560 intermediate=9216 out_dim=2560 bf16_weights=false use_rows2=true elapsed_ms=0.016
kiln_profile_vulkan_mlp_kernel_stage stage=down batch=32 hidden=2560 intermediate=9216 out_dim=2560 bf16_weights=false use_rows2=true elapsed_ms=18.534
kiln_profile_vulkan_mlp_kernel_stage stage=upload_x batch=26 hidden=2560 intermediate=9216 out_dim=2560 bf16_weights=false use_rows2=true elapsed_ms=1.851
kiln_profile_vulkan_mlp_kernel_stage stage=alloc_hidden_out batch=26 hidden=2560 intermediate=9216 out_dim=2560 bf16_weights=false use_rows2=true elapsed_ms=0.026
kiln_profile_vulkan_mlp_kernel_stage stage=gate_up batch=31 hidden=2560 intermediate=9216 out_dim=2560 bf16_weights=false use_rows2=true elapsed_ms=12.297
kiln_profile_vulkan_mlp_kernel_stage stage=gate_up batch=26 hidden=2560 intermediate=9216 out_dim=2560 bf16_weights=false use_rows2=true elapsed_ms=12.219
kiln_profile_vulkan_mlp_kernel_stage stage=readback_out batch=32 hidden=2560 intermediate=9216 out_dim=2560 bf16_weights=false use_rows2=true elapsed_ms=13.029
kiln_profile_vulkan_mlp_kernel_stage stage=create_tensor batch=32 hidden=2560 intermediate=9216 out_dim=2560 bf16_weights=false use_rows2=true elapsed_ms=0.012
kiln_profile_mlp_stage layer=21 stage=fused seq_len=32 start_pos=0 elapsed_ms=49.246
kiln_profile_vulkan_mlp_kernel_stage stage=down batch=31 hidden=2560 intermediate=9216 out_dim=2560 bf16_weights=false use_rows2=true elapsed_ms=7.463
kiln_profile_vulkan_mlp_kernel_stage stage=down batch=26 hidden=2560 intermediate=9216 out_dim=2560 bf16_weights=false use_rows2=true elapsed_ms=5.011
kiln_profile_vulkan_mlp_kernel_stage stage=readback_out batch=31 hidden=2560 intermediate=9216 out_dim=2560 bf16_weights=false use_rows2=true elapsed_ms=3.290
kiln_profile_vulkan_mlp_kernel_stage stage=create_tensor batch=31 hidden=2560 intermediate=9216 out_dim=2560 bf16_weights=false use_rows2=true elapsed_ms=0.011
kiln_profile_mlp_stage layer=22 stage=fused seq_len=31 start_pos=0 elapsed_ms=34.576
kiln_profile_vulkan_mlp_kernel_stage stage=readback_out batch=26 hidden=2560 intermediate=9216 out_dim=2560 bf16_weights=false use_rows2=true elapsed_ms=1.942
kiln_profile_vulkan_mlp_kernel_stage stage=create_tensor batch=26 hidden=2560 intermediate=9216 out_dim=2560 bf16_weights=false use_rows2=true elapsed_ms=0.010
kiln_profile_mlp_stage layer=22 stage=fused seq_len=26 start_pos=0 elapsed_ms=21.194
kiln_profile_vulkan_mlp_kernel_stage stage=extract_x batch=36 hidden=2560 intermediate=9216 out_dim=2560 bf16_weights=false use_rows2=true elapsed_ms=0.016
kiln_profile_vulkan_mlp_kernel_stage stage=alloc_x batch=36 hidden=2560 intermediate=9216 out_dim=2560 bf16_weights=false use_rows2=true elapsed_ms=0.011
kiln_profile_vulkan_mlp_kernel_stage stage=upload_x batch=36 hidden=2560 intermediate=9216 out_dim=2560 bf16_weights=false use_rows2=true elapsed_ms=0.821
kiln_profile_vulkan_mlp_kernel_stage stage=alloc_hidden_out batch=36 hidden=2560 intermediate=9216 out_dim=2560 bf16_weights=false use_rows2=true elapsed_ms=0.044
kiln_profile_vulkan_mlp_kernel_stage stage=gate_up batch=36 hidden=2560 intermediate=9216 out_dim=2560 bf16_weights=false use_rows2=true elapsed_ms=11.170
kiln_profile_vulkan_mlp_kernel_stage stage=extract_x batch=31 hidden=2560 intermediate=9216 out_dim=2560 bf16_weights=false use_rows2=true elapsed_ms=0.011
kiln_profile_vulkan_mlp_kernel_stage stage=alloc_x batch=31 hidden=2560 intermediate=9216 out_dim=2560 bf16_weights=false use_rows2=true elapsed_ms=0.011
kiln_profile_vulkan_mlp_kernel_stage stage=upload_x batch=31 hidden=2560 intermediate=9216 out_dim=2560 bf16_weights=false use_rows2=true elapsed_ms=2.012
kiln_profile_vulkan_mlp_kernel_stage stage=alloc_hidden_out batch=31 hidden=2560 intermediate=9216 out_dim=2560 bf16_weights=false use_rows2=true elapsed_ms=0.027
kiln_profile_vulkan_mlp_kernel_stage stage=extract_x batch=26 hidden=2560 intermediate=9216 out_dim=2560 bf16_weights=false use_rows2=true elapsed_ms=0.012
kiln_profile_vulkan_mlp_kernel_stage stage=alloc_x batch=26 hidden=2560 intermediate=9216 out_dim=2560 bf16_weights=false use_rows2=true elapsed_ms=0.013
kiln_profile_vulkan_mlp_kernel_stage stage=down batch=36 hidden=2560 intermediate=9216 out_dim=2560 bf16_weights=false use_rows2=true elapsed_ms=8.388
kiln_profile_vulkan_mlp_kernel_stage stage=upload_x batch=26 hidden=2560 intermediate=9216 out_dim=2560 bf16_weights=false use_rows2=true elapsed_ms=2.911
kiln_profile_vulkan_mlp_kernel_stage stage=alloc_hidden_out batch=26 hidden=2560 intermediate=9216 out_dim=2560 bf16_weights=false use_rows2=true elapsed_ms=0.022
kiln_profile_vulkan_mlp_kernel_stage stage=readback_out batch=36 hidden=2560 intermediate=9216 out_dim=2560 bf16_weights=false use_rows2=true elapsed_ms=3.771
kiln_profile_vulkan_mlp_kernel_stage stage=create_tensor batch=36 hidden=2560 intermediate=9216 out_dim=2560 bf16_weights=false use_rows2=true elapsed_ms=0.013
kiln_profile_mlp_stage layer=21 stage=fused seq_len=36 start_pos=0 elapsed_ms=24.362
kiln_profile_vulkan_mlp_kernel_stage stage=gate_up batch=31 hidden=2560 intermediate=9216 out_dim=2560 bf16_weights=false use_rows2=true elapsed_ms=12.661
kiln_profile_vulkan_mlp_kernel_stage stage=gate_up batch=26 hidden=2560 intermediate=9216 out_dim=2560 bf16_weights=false use_rows2=true elapsed_ms=15.893
kiln_profile_vulkan_mlp_kernel_stage stage=extract_x batch=32 hidden=2560 intermediate=9216 out_dim=2560 bf16_weights=false use_rows2=true elapsed_ms=0.015
kiln_profile_vulkan_mlp_kernel_stage stage=alloc_x batch=32 hidden=2560 intermediate=9216 out_dim=2560 bf16_weights=false use_rows2=true elapsed_ms=0.011
kiln_profile_vulkan_mlp_kernel_stage stage=upload_x batch=32 hidden=2560 intermediate=9216 out_dim=2560 bf16_weights=false use_rows2=true elapsed_ms=10.803
kiln_profile_vulkan_mlp_kernel_stage stage=alloc_hidden_out batch=32 hidden=2560 intermediate=9216 out_dim=2560 bf16_weights=false use_rows2=true elapsed_ms=0.012
kiln_profile_vulkan_mlp_kernel_stage stage=down batch=31 hidden=2560 intermediate=9216 out_dim=2560 bf16_weights=false use_rows2=true elapsed_ms=23.033
kiln_profile_vulkan_mlp_kernel_stage stage=down batch=26 hidden=2560 intermediate=9216 out_dim=2560 bf16_weights=false use_rows2=true elapsed_ms=18.725
kiln_profile_vulkan_mlp_kernel_stage stage=gate_up batch=32 hidden=2560 intermediate=9216 out_dim=2560 bf16_weights=false use_rows2=true elapsed_ms=12.710
kiln_profile_vulkan_mlp_kernel_stage stage=readback_out batch=26 hidden=2560 intermediate=9216 out_dim=2560 bf16_weights=false use_rows2=true elapsed_ms=8.938
kiln_profile_vulkan_mlp_kernel_stage stage=create_tensor batch=26 hidden=2560 intermediate=9216 out_dim=2560 bf16_weights=false use_rows2=true elapsed_ms=0.010
kiln_profile_mlp_stage layer=23 stage=fused seq_len=26 start_pos=0 elapsed_ms=46.629
kiln_profile_vulkan_mlp_kernel_stage stage=readback_out batch=31 hidden=2560 intermediate=9216 out_dim=2560 bf16_weights=false use_rows2=true elapsed_ms=12.199
kiln_profile_vulkan_mlp_kernel_stage stage=create_tensor batch=31 hidden=2560 intermediate=9216 out_dim=2560 bf16_weights=false use_rows2=true elapsed_ms=0.011
kiln_profile_mlp_stage layer=23 stage=fused seq_len=31 start_pos=0 elapsed_ms=50.047
kiln_profile_vulkan_mlp_kernel_stage stage=down batch=32 hidden=2560 intermediate=9216 out_dim=2560 bf16_weights=false use_rows2=true elapsed_ms=4.662
kiln_profile_vulkan_mlp_kernel_stage stage=readback_out batch=32 hidden=2560 intermediate=9216 out_dim=2560 bf16_weights=false use_rows2=true elapsed_ms=0.615
kiln_profile_vulkan_mlp_kernel_stage stage=create_tensor batch=32 hidden=2560 intermediate=9216 out_dim=2560 bf16_weights=false use_rows2=true elapsed_ms=0.011
kiln_profile_mlp_stage layer=22 stage=fused seq_len=32 start_pos=0 elapsed_ms=28.922
kiln_profile_vulkan_mlp_kernel_stage stage=extract_x batch=32 hidden=2560 intermediate=9216 out_dim=2560 bf16_weights=false use_rows2=true elapsed_ms=0.025
kiln_profile_vulkan_mlp_kernel_stage stage=alloc_x batch=32 hidden=2560 intermediate=9216 out_dim=2560 bf16_weights=false use_rows2=true elapsed_ms=0.018
kiln_profile_vulkan_mlp_kernel_stage stage=upload_x batch=32 hidden=2560 intermediate=9216 out_dim=2560 bf16_weights=false use_rows2=true elapsed_ms=3.098
kiln_profile_vulkan_mlp_kernel_stage stage=extract_x batch=36 hidden=2560 intermediate=9216 out_dim=2560 bf16_weights=false use_rows2=true elapsed_ms=0.015
kiln_profile_vulkan_mlp_kernel_stage stage=alloc_hidden_out batch=32 hidden=2560 intermediate=9216 out_dim=2560 bf16_weights=false use_rows2=true elapsed_ms=0.026
kiln_profile_vulkan_mlp_kernel_stage stage=alloc_x batch=36 hidden=2560 intermediate=9216 out_dim=2560 bf16_weights=false use_rows2=true elapsed_ms=0.021
kiln_profile_vulkan_mlp_kernel_stage stage=gate_up batch=32 hidden=2560 intermediate=9216 out_dim=2560 bf16_weights=false use_rows2=true elapsed_ms=9.675
kiln_profile_vulkan_mlp_kernel_stage stage=extract_x batch=26 hidden=2560 intermediate=9216 out_dim=2560 bf16_weights=false use_rows2=true elapsed_ms=0.009
kiln_profile_vulkan_mlp_kernel_stage stage=alloc_x batch=26 hidden=2560 intermediate=9216 out_dim=2560 bf16_weights=false use_rows2=true elapsed_ms=0.013
kiln_profile_vulkan_mlp_kernel_stage stage=down batch=32 hidden=2560 intermediate=9216 out_dim=2560 bf16_weights=false use_rows2=true elapsed_ms=6.636
kiln_profile_vulkan_mlp_kernel_stage stage=upload_x batch=26 hidden=2560 intermediate=9216 out_dim=2560 bf16_weights=false use_rows2=true elapsed_ms=7.087
kiln_profile_vulkan_mlp_kernel_stage stage=alloc_hidden_out batch=26 hidden=2560 intermediate=9216 out_dim=2560 bf16_weights=false use_rows2=true elapsed_ms=0.029
kiln_profile_vulkan_mlp_kernel_stage stage=extract_x batch=31 hidden=2560 intermediate=9216 out_dim=2560 bf16_weights=false use_rows2=true elapsed_ms=0.015
kiln_profile_vulkan_mlp_kernel_stage stage=alloc_x batch=31 hidden=2560 intermediate=9216 out_dim=2560 bf16_weights=false use_rows2=true elapsed_ms=0.012
kiln_profile_vulkan_mlp_kernel_stage stage=readback_out batch=32 hidden=2560 intermediate=9216 out_dim=2560 bf16_weights=false use_rows2=true elapsed_ms=4.052
kiln_profile_vulkan_mlp_kernel_stage stage=create_tensor batch=32 hidden=2560 intermediate=9216 out_dim=2560 bf16_weights=false use_rows2=true elapsed_ms=0.011
kiln_profile_mlp_stage layer=23 stage=fused seq_len=32 start_pos=0 elapsed_ms=23.688
kiln_profile_vulkan_mlp_kernel_stage stage=upload_x batch=36 hidden=2560 intermediate=9216 out_dim=2560 bf16_weights=false use_rows2=true elapsed_ms=20.515
kiln_profile_vulkan_mlp_kernel_stage stage=alloc_hidden_out batch=36 hidden=2560 intermediate=9216 out_dim=2560 bf16_weights=false use_rows2=true elapsed_ms=0.027
kiln_profile_vulkan_mlp_kernel_stage stage=gate_up batch=26 hidden=2560 intermediate=9216 out_dim=2560 bf16_weights=false use_rows2=true elapsed_ms=6.622
kiln_profile_vulkan_mlp_kernel_stage stage=upload_x batch=31 hidden=2560 intermediate=9216 out_dim=2560 bf16_weights=false use_rows2=true elapsed_ms=6.625
kiln_profile_vulkan_mlp_kernel_stage stage=alloc_hidden_out batch=31 hidden=2560 intermediate=9216 out_dim=2560 bf16_weights=false use_rows2=true elapsed_ms=0.022
kiln_profile_vulkan_mlp_kernel_stage stage=gate_up batch=36 hidden=2560 intermediate=9216 out_dim=2560 bf16_weights=false use_rows2=true elapsed_ms=14.798
kiln_profile_vulkan_mlp_kernel_stage stage=down batch=26 hidden=2560 intermediate=9216 out_dim=2560 bf16_weights=false use_rows2=true elapsed_ms=22.671
kiln_profile_vulkan_mlp_kernel_stage stage=gate_up batch=31 hidden=2560 intermediate=9216 out_dim=2560 bf16_weights=false use_rows2=true elapsed_ms=29.725
kiln_profile_vulkan_mlp_kernel_stage stage=down batch=36 hidden=2560 intermediate=9216 out_dim=2560 bf16_weights=false use_rows2=true elapsed_ms=22.916
kiln_profile_vulkan_mlp_kernel_stage stage=down batch=31 hidden=2560 intermediate=9216 out_dim=2560 bf16_weights=false use_rows2=true elapsed_ms=5.153
kiln_profile_vulkan_mlp_kernel_stage stage=readback_out batch=36 hidden=2560 intermediate=9216 out_dim=2560 bf16_weights=false use_rows2=true elapsed_ms=3.802
kiln_profile_vulkan_mlp_kernel_stage stage=create_tensor batch=36 hidden=2560 intermediate=9216 out_dim=2560 bf16_weights=false use_rows2=true elapsed_ms=0.014
kiln_profile_mlp_stage layer=22 stage=fused seq_len=36 start_pos=0 elapsed_ms=62.264
kiln_profile_vulkan_mlp_kernel_stage stage=readback_out batch=26 hidden=2560 intermediate=9216 out_dim=2560 bf16_weights=false use_rows2=true elapsed_ms=15.004
kiln_profile_vulkan_mlp_kernel_stage stage=create_tensor batch=26 hidden=2560 intermediate=9216 out_dim=2560 bf16_weights=false use_rows2=true elapsed_ms=0.015
kiln_profile_mlp_stage layer=24 stage=fused seq_len=26 start_pos=0 elapsed_ms=51.544
kiln_profile_vulkan_mlp_kernel_stage stage=readback_out batch=31 hidden=2560 intermediate=9216 out_dim=2560 bf16_weights=false use_rows2=true elapsed_ms=4.253
kiln_profile_vulkan_mlp_kernel_stage stage=create_tensor batch=31 hidden=2560 intermediate=9216 out_dim=2560 bf16_weights=false use_rows2=true elapsed_ms=0.012
kiln_profile_mlp_stage layer=24 stage=fused seq_len=31 start_pos=0 elapsed_ms=45.915
kiln_profile_vulkan_mlp_kernel_stage stage=extract_x batch=32 hidden=2560 intermediate=9216 out_dim=2560 bf16_weights=false use_rows2=true elapsed_ms=0.015
kiln_profile_vulkan_mlp_kernel_stage stage=alloc_x batch=32 hidden=2560 intermediate=9216 out_dim=2560 bf16_weights=false use_rows2=true elapsed_ms=0.011
kiln_profile_vulkan_mlp_kernel_stage stage=extract_x batch=36 hidden=2560 intermediate=9216 out_dim=2560 bf16_weights=false use_rows2=true elapsed_ms=0.011
kiln_profile_vulkan_mlp_kernel_stage stage=alloc_x batch=36 hidden=2560 intermediate=9216 out_dim=2560 bf16_weights=false use_rows2=true elapsed_ms=0.014
kiln_profile_vulkan_mlp_kernel_stage stage=upload_x batch=32 hidden=2560 intermediate=9216 out_dim=2560 bf16_weights=false use_rows2=true elapsed_ms=2.593
kiln_profile_vulkan_mlp_kernel_stage stage=alloc_hidden_out batch=32 hidden=2560 intermediate=9216 out_dim=2560 bf16_weights=false use_rows2=true elapsed_ms=0.012
kiln_profile_vulkan_mlp_kernel_stage stage=upload_x batch=36 hidden=2560 intermediate=9216 out_dim=2560 bf16_weights=false use_rows2=true elapsed_ms=0.354
kiln_profile_vulkan_mlp_kernel_stage stage=alloc_hidden_out batch=36 hidden=2560 intermediate=9216 out_dim=2560 bf16_weights=false use_rows2=true elapsed_ms=0.022
kiln_profile_vulkan_mlp_kernel_stage stage=gate_up batch=32 hidden=2560 intermediate=9216 out_dim=2560 bf16_weights=false use_rows2=true elapsed_ms=8.268
kiln_profile_vulkan_mlp_kernel_stage stage=gate_up batch=36 hidden=2560 intermediate=9216 out_dim=2560 bf16_weights=false use_rows2=true elapsed_ms=18.574
kiln_profile_vulkan_mlp_kernel_stage stage=down batch=32 hidden=2560 intermediate=9216 out_dim=2560 bf16_weights=false use_rows2=true elapsed_ms=12.919
kiln_profile_vulkan_mlp_kernel_stage stage=down batch=36 hidden=2560 intermediate=9216 out_dim=2560 bf16_weights=false use_rows2=true elapsed_ms=5.146
kiln_profile_vulkan_mlp_kernel_stage stage=readback_out batch=32 hidden=2560 intermediate=9216 out_dim=2560 bf16_weights=false use_rows2=true elapsed_ms=4.421
kiln_profile_vulkan_mlp_kernel_stage stage=create_tensor batch=32 hidden=2560 intermediate=9216 out_dim=2560 bf16_weights=false use_rows2=true elapsed_ms=0.012
kiln_profile_mlp_stage layer=24 stage=fused seq_len=32 start_pos=0 elapsed_ms=28.363
kiln_profile_vulkan_mlp_kernel_stage stage=readback_out batch=36 hidden=2560 intermediate=9216 out_dim=2560 bf16_weights=false use_rows2=true elapsed_ms=4.172
kiln_profile_vulkan_mlp_kernel_stage stage=create_tensor batch=36 hidden=2560 intermediate=9216 out_dim=2560 bf16_weights=false use_rows2=true elapsed_ms=0.013
kiln_profile_mlp_stage layer=23 stage=fused seq_len=36 start_pos=0 elapsed_ms=28.397
kiln_profile_vulkan_mlp_kernel_stage stage=extract_x batch=26 hidden=2560 intermediate=9216 out_dim=2560 bf16_weights=false use_rows2=true elapsed_ms=0.012
kiln_profile_vulkan_mlp_kernel_stage stage=alloc_x batch=26 hidden=2560 intermediate=9216 out_dim=2560 bf16_weights=false use_rows2=true elapsed_ms=0.012
kiln_profile_vulkan_mlp_kernel_stage stage=extract_x batch=31 hidden=2560 intermediate=9216 out_dim=2560 bf16_weights=false use_rows2=true elapsed_ms=0.009
kiln_profile_vulkan_mlp_kernel_stage stage=alloc_x batch=31 hidden=2560 intermediate=9216 out_dim=2560 bf16_weights=false use_rows2=true elapsed_ms=0.019
kiln_profile_vulkan_mlp_kernel_stage stage=upload_x batch=26 hidden=2560 intermediate=9216 out_dim=2560 bf16_weights=false use_rows2=true elapsed_ms=15.469
kiln_profile_vulkan_mlp_kernel_stage stage=alloc_hidden_out batch=26 hidden=2560 intermediate=9216 out_dim=2560 bf16_weights=false use_rows2=true elapsed_ms=0.037
kiln_profile_vulkan_mlp_kernel_stage stage=upload_x batch=31 hidden=2560 intermediate=9216 out_dim=2560 bf16_weights=false use_rows2=true elapsed_ms=0.315
kiln_profile_vulkan_mlp_kernel_stage stage=alloc_hidden_out batch=31 hidden=2560 intermediate=9216 out_dim=2560 bf16_weights=false use_rows2=true elapsed_ms=0.015
kiln_profile_vulkan_mlp_kernel_stage stage=gate_up batch=26 hidden=2560 intermediate=9216 out_dim=2560 bf16_weights=false use_rows2=true elapsed_ms=5.094
kiln_profile_vulkan_mlp_kernel_stage stage=gate_up batch=31 hidden=2560 intermediate=9216 out_dim=2560 bf16_weights=false use_rows2=true elapsed_ms=14.058
kiln_profile_vulkan_mlp_kernel_stage stage=down batch=31 hidden=2560 intermediate=9216 out_dim=2560 bf16_weights=false use_rows2=true elapsed_ms=2.385
kiln_profile_vulkan_mlp_kernel_stage stage=readback_out batch=31 hidden=2560 intermediate=9216 out_dim=2560 bf16_weights=false use_rows2=true elapsed_ms=1.370
kiln_profile_vulkan_mlp_kernel_stage stage=create_tensor batch=31 hidden=2560 intermediate=9216 out_dim=2560 bf16_weights=false use_rows2=true elapsed_ms=0.012
kiln_profile_mlp_stage layer=25 stage=fused seq_len=31 start_pos=0 elapsed_ms=18.285
kiln_profile_vulkan_mlp_kernel_stage stage=down batch=26 hidden=2560 intermediate=9216 out_dim=2560 bf16_weights=false use_rows2=true elapsed_ms=14.917
kiln_profile_vulkan_mlp_kernel_stage stage=readback_out batch=26 hidden=2560 intermediate=9216 out_dim=2560 bf16_weights=false use_rows2=true elapsed_ms=15.023
kiln_profile_vulkan_mlp_kernel_stage stage=create_tensor batch=26 hidden=2560 intermediate=9216 out_dim=2560 bf16_weights=false use_rows2=true elapsed_ms=0.014
kiln_profile_mlp_stage layer=25 stage=fused seq_len=26 start_pos=0 elapsed_ms=50.703
kiln_profile_vulkan_mlp_kernel_stage stage=extract_x batch=32 hidden=2560 intermediate=9216 out_dim=2560 bf16_weights=false use_rows2=true elapsed_ms=0.014
kiln_profile_vulkan_mlp_kernel_stage stage=alloc_x batch=32 hidden=2560 intermediate=9216 out_dim=2560 bf16_weights=false use_rows2=true elapsed_ms=0.017
kiln_profile_vulkan_mlp_kernel_stage stage=upload_x batch=32 hidden=2560 intermediate=9216 out_dim=2560 bf16_weights=false use_rows2=true elapsed_ms=5.163
kiln_profile_vulkan_mlp_kernel_stage stage=alloc_hidden_out batch=32 hidden=2560 intermediate=9216 out_dim=2560 bf16_weights=false use_rows2=true elapsed_ms=0.021
kiln_profile_vulkan_mlp_kernel_stage stage=gate_up batch=32 hidden=2560 intermediate=9216 out_dim=2560 bf16_weights=false use_rows2=true elapsed_ms=10.745
kiln_profile_vulkan_mlp_kernel_stage stage=extract_x batch=36 hidden=2560 intermediate=9216 out_dim=2560 bf16_weights=false use_rows2=true elapsed_ms=0.020
kiln_profile_vulkan_mlp_kernel_stage stage=alloc_x batch=36 hidden=2560 intermediate=9216 out_dim=2560 bf16_weights=false use_rows2=true elapsed_ms=0.012
kiln_profile_vulkan_mlp_kernel_stage stage=down batch=32 hidden=2560 intermediate=9216 out_dim=2560 bf16_weights=false use_rows2=true elapsed_ms=5.175
kiln_profile_vulkan_mlp_kernel_stage stage=upload_x batch=36 hidden=2560 intermediate=9216 out_dim=2560 bf16_weights=false use_rows2=true elapsed_ms=2.117
kiln_profile_vulkan_mlp_kernel_stage stage=alloc_hidden_out batch=36 hidden=2560 intermediate=9216 out_dim=2560 bf16_weights=false use_rows2=true elapsed_ms=0.045
kiln_profile_vulkan_mlp_kernel_stage stage=readback_out batch=32 hidden=2560 intermediate=9216 out_dim=2560 bf16_weights=false use_rows2=true elapsed_ms=1.675
kiln_profile_vulkan_mlp_kernel_stage stage=create_tensor batch=32 hidden=2560 intermediate=9216 out_dim=2560 bf16_weights=false use_rows2=true elapsed_ms=0.012
kiln_profile_mlp_stage layer=25 stage=fused seq_len=32 start_pos=0 elapsed_ms=22.923
kiln_profile_vulkan_mlp_kernel_stage stage=gate_up batch=36 hidden=2560 intermediate=9216 out_dim=2560 bf16_weights=false use_rows2=true elapsed_ms=11.897
kiln_profile_vulkan_mlp_kernel_stage stage=extract_x batch=31 hidden=2560 intermediate=9216 out_dim=2560 bf16_weights=false use_rows2=true elapsed_ms=0.018
kiln_profile_vulkan_mlp_kernel_stage stage=alloc_x batch=31 hidden=2560 intermediate=9216 out_dim=2560 bf16_weights=false use_rows2=true elapsed_ms=0.011
kiln_profile_vulkan_mlp_kernel_stage stage=down batch=36 hidden=2560 intermediate=9216 out_dim=2560 bf16_weights=false use_rows2=true elapsed_ms=16.367
kiln_profile_vulkan_mlp_kernel_stage stage=upload_x batch=31 hidden=2560 intermediate=9216 out_dim=2560 bf16_weights=false use_rows2=true elapsed_ms=2.756
kiln_profile_vulkan_mlp_kernel_stage stage=alloc_hidden_out batch=31 hidden=2560 intermediate=9216 out_dim=2560 bf16_weights=false use_rows2=true elapsed_ms=0.023
kiln_profile_vulkan_mlp_kernel_stage stage=gate_up batch=31 hidden=2560 intermediate=9216 out_dim=2560 bf16_weights=false use_rows2=true elapsed_ms=10.836
kiln_profile_vulkan_mlp_kernel_stage stage=readback_out batch=36 hidden=2560 intermediate=9216 out_dim=2560 bf16_weights=false use_rows2=true elapsed_ms=12.658
kiln_profile_vulkan_mlp_kernel_stage stage=create_tensor batch=36 hidden=2560 intermediate=9216 out_dim=2560 bf16_weights=false use_rows2=true elapsed_ms=0.017
kiln_profile_mlp_stage layer=24 stage=fused seq_len=36 start_pos=0 elapsed_ms=43.248
kiln_profile_vulkan_mlp_kernel_stage stage=extract_x batch=26 hidden=2560 intermediate=9216 out_dim=2560 bf16_weights=false use_rows2=true elapsed_ms=0.008
kiln_profile_vulkan_mlp_kernel_stage stage=alloc_x batch=26 hidden=2560 intermediate=9216 out_dim=2560 bf16_weights=false use_rows2=true elapsed_ms=0.015
kiln_profile_vulkan_mlp_kernel_stage stage=down batch=31 hidden=2560 intermediate=9216 out_dim=2560 bf16_weights=false use_rows2=true elapsed_ms=5.973
kiln_profile_vulkan_mlp_kernel_stage stage=upload_x batch=26 hidden=2560 intermediate=9216 out_dim=2560 bf16_weights=false use_rows2=true elapsed_ms=2.223
kiln_profile_vulkan_mlp_kernel_stage stage=alloc_hidden_out batch=26 hidden=2560 intermediate=9216 out_dim=2560 bf16_weights=false use_rows2=true elapsed_ms=0.028
kiln_profile_vulkan_mlp_kernel_stage stage=readback_out batch=31 hidden=2560 intermediate=9216 out_dim=2560 bf16_weights=false use_rows2=true elapsed_ms=12.488
kiln_profile_vulkan_mlp_kernel_stage stage=create_tensor batch=31 hidden=2560 intermediate=9216 out_dim=2560 bf16_weights=false use_rows2=true elapsed_ms=0.012
kiln_profile_mlp_stage layer=26 stage=fused seq_len=31 start_pos=0 elapsed_ms=32.207
kiln_profile_vulkan_mlp_kernel_stage stage=gate_up batch=26 hidden=2560 intermediate=9216 out_dim=2560 bf16_weights=false use_rows2=true elapsed_ms=16.680
kiln_profile_vulkan_mlp_kernel_stage stage=down batch=26 hidden=2560 intermediate=9216 out_dim=2560 bf16_weights=false use_rows2=true elapsed_ms=11.220
kiln_profile_vulkan_mlp_kernel_stage stage=readback_out batch=26 hidden=2560 intermediate=9216 out_dim=2560 bf16_weights=false use_rows2=true elapsed_ms=2.835
kiln_profile_vulkan_mlp_kernel_stage stage=create_tensor batch=26 hidden=2560 intermediate=9216 out_dim=2560 bf16_weights=false use_rows2=true elapsed_ms=0.016
kiln_profile_mlp_stage layer=26 stage=fused seq_len=26 start_pos=0 elapsed_ms=33.104
kiln_profile_vulkan_mlp_kernel_stage stage=extract_x batch=32 hidden=2560 intermediate=9216 out_dim=2560 bf16_weights=false use_rows2=true elapsed_ms=0.023
kiln_profile_vulkan_mlp_kernel_stage stage=alloc_x batch=32 hidden=2560 intermediate=9216 out_dim=2560 bf16_weights=false use_rows2=true elapsed_ms=0.010
kiln_profile_vulkan_mlp_kernel_stage stage=upload_x batch=32 hidden=2560 intermediate=9216 out_dim=2560 bf16_weights=false use_rows2=true elapsed_ms=7.511
kiln_profile_vulkan_mlp_kernel_stage stage=alloc_hidden_out batch=32 hidden=2560 intermediate=9216 out_dim=2560 bf16_weights=false use_rows2=true elapsed_ms=0.033
kiln_profile_vulkan_mlp_kernel_stage stage=gate_up batch=32 hidden=2560 intermediate=9216 out_dim=2560 bf16_weights=false use_rows2=true elapsed_ms=11.656
kiln_profile_vulkan_mlp_kernel_stage stage=extract_x batch=31 hidden=2560 intermediate=9216 out_dim=2560 bf16_weights=false use_rows2=true elapsed_ms=0.013
kiln_profile_vulkan_mlp_kernel_stage stage=alloc_x batch=31 hidden=2560 intermediate=9216 out_dim=2560 bf16_weights=false use_rows2=true elapsed_ms=0.016
kiln_profile_vulkan_mlp_kernel_stage stage=down batch=32 hidden=2560 intermediate=9216 out_dim=2560 bf16_weights=false use_rows2=true elapsed_ms=7.797
kiln_profile_vulkan_mlp_kernel_stage stage=upload_x batch=31 hidden=2560 intermediate=9216 out_dim=2560 bf16_weights=false use_rows2=true elapsed_ms=1.972
kiln_profile_vulkan_mlp_kernel_stage stage=alloc_hidden_out batch=31 hidden=2560 intermediate=9216 out_dim=2560 bf16_weights=false use_rows2=true elapsed_ms=0.035
kiln_profile_vulkan_mlp_kernel_stage stage=readback_out batch=32 hidden=2560 intermediate=9216 out_dim=2560 bf16_weights=false use_rows2=true elapsed_ms=1.857
kiln_profile_vulkan_mlp_kernel_stage stage=create_tensor batch=32 hidden=2560 intermediate=9216 out_dim=2560 bf16_weights=false use_rows2=true elapsed_ms=0.011
kiln_profile_mlp_stage layer=26 stage=fused seq_len=32 start_pos=0 elapsed_ms=29.005
kiln_profile_vulkan_mlp_kernel_stage stage=extract_x batch=36 hidden=2560 intermediate=9216 out_dim=2560 bf16_weights=false use_rows2=true elapsed_ms=0.018
kiln_profile_vulkan_mlp_kernel_stage stage=alloc_x batch=36 hidden=2560 intermediate=9216 out_dim=2560 bf16_weights=false use_rows2=true elapsed_ms=0.013
kiln_profile_vulkan_mlp_kernel_stage stage=upload_x batch=36 hidden=2560 intermediate=9216 out_dim=2560 bf16_weights=false use_rows2=true elapsed_ms=1.899
kiln_profile_vulkan_mlp_kernel_stage stage=alloc_hidden_out batch=36 hidden=2560 intermediate=9216 out_dim=2560 bf16_weights=false use_rows2=true elapsed_ms=0.027
kiln_profile_vulkan_mlp_kernel_stage stage=extract_x batch=26 hidden=2560 intermediate=9216 out_dim=2560 bf16_weights=false use_rows2=true elapsed_ms=0.012
kiln_profile_vulkan_mlp_kernel_stage stage=alloc_x batch=26 hidden=2560 intermediate=9216 out_dim=2560 bf16_weights=false use_rows2=true elapsed_ms=0.013
kiln_profile_vulkan_mlp_kernel_stage stage=gate_up batch=31 hidden=2560 intermediate=9216 out_dim=2560 bf16_weights=false use_rows2=true elapsed_ms=13.970
kiln_profile_vulkan_mlp_kernel_stage stage=upload_x batch=26 hidden=2560 intermediate=9216 out_dim=2560 bf16_weights=false use_rows2=true elapsed_ms=7.600
kiln_profile_vulkan_mlp_kernel_stage stage=alloc_hidden_out batch=26 hidden=2560 intermediate=9216 out_dim=2560 bf16_weights=false use_rows2=true elapsed_ms=0.019
kiln_profile_vulkan_mlp_kernel_stage stage=gate_up batch=36 hidden=2560 intermediate=9216 out_dim=2560 bf16_weights=false use_rows2=true elapsed_ms=24.024
kiln_profile_vulkan_mlp_kernel_stage stage=down batch=31 hidden=2560 intermediate=9216 out_dim=2560 bf16_weights=false use_rows2=true elapsed_ms=18.763
kiln_profile_vulkan_mlp_kernel_stage stage=readback_out batch=31 hidden=2560 intermediate=9216 out_dim=2560 bf16_weights=false use_rows2=true elapsed_ms=1.233
kiln_profile_vulkan_mlp_kernel_stage stage=create_tensor batch=31 hidden=2560 intermediate=9216 out_dim=2560 bf16_weights=false use_rows2=true elapsed_ms=0.010
kiln_profile_mlp_stage layer=27 stage=fused seq_len=31 start_pos=0 elapsed_ms=36.112
kiln_profile_vulkan_mlp_kernel_stage stage=gate_up batch=26 hidden=2560 intermediate=9216 out_dim=2560 bf16_weights=false use_rows2=true elapsed_ms=25.168
kiln_profile_vulkan_mlp_kernel_stage stage=down batch=36 hidden=2560 intermediate=9216 out_dim=2560 bf16_weights=false use_rows2=true elapsed_ms=12.744
kiln_profile_vulkan_mlp_kernel_stage stage=readback_out batch=36 hidden=2560 intermediate=9216 out_dim=2560 bf16_weights=false use_rows2=true elapsed_ms=11.322
kiln_profile_vulkan_mlp_kernel_stage stage=create_tensor batch=36 hidden=2560 intermediate=9216 out_dim=2560 bf16_weights=false use_rows2=true elapsed_ms=0.013
kiln_profile_mlp_stage layer=25 stage=fused seq_len=36 start_pos=0 elapsed_ms=50.167
kiln_profile_vulkan_mlp_kernel_stage stage=down batch=26 hidden=2560 intermediate=9216 out_dim=2560 bf16_weights=false use_rows2=true elapsed_ms=17.262
kiln_profile_vulkan_mlp_kernel_stage stage=readback_out batch=26 hidden=2560 intermediate=9216 out_dim=2560 bf16_weights=false use_rows2=true elapsed_ms=13.943
kiln_profile_vulkan_mlp_kernel_stage stage=create_tensor batch=26 hidden=2560 intermediate=9216 out_dim=2560 bf16_weights=false use_rows2=true elapsed_ms=0.014
kiln_profile_mlp_stage layer=27 stage=fused seq_len=26 start_pos=0 elapsed_ms=64.154
kiln_profile_vulkan_mlp_kernel_stage stage=extract_x batch=32 hidden=2560 intermediate=9216 out_dim=2560 bf16_weights=false use_rows2=true elapsed_ms=0.039
kiln_profile_vulkan_mlp_kernel_stage stage=alloc_x batch=32 hidden=2560 intermediate=9216 out_dim=2560 bf16_weights=false use_rows2=true elapsed_ms=0.013
kiln_profile_vulkan_mlp_kernel_stage stage=upload_x batch=32 hidden=2560 intermediate=9216 out_dim=2560 bf16_weights=false use_rows2=true elapsed_ms=8.476
kiln_profile_vulkan_mlp_kernel_stage stage=alloc_hidden_out batch=32 hidden=2560 intermediate=9216 out_dim=2560 bf16_weights=false use_rows2=true elapsed_ms=0.013
kiln_profile_vulkan_mlp_kernel_stage stage=gate_up batch=32 hidden=2560 intermediate=9216 out_dim=2560 bf16_weights=false use_rows2=true elapsed_ms=7.804
kiln_profile_vulkan_mlp_kernel_stage stage=down batch=32 hidden=2560 intermediate=9216 out_dim=2560 bf16_weights=false use_rows2=true elapsed_ms=2.061
kiln_profile_vulkan_mlp_kernel_stage stage=readback_out batch=32 hidden=2560 intermediate=9216 out_dim=2560 bf16_weights=false use_rows2=true elapsed_ms=0.641
kiln_profile_vulkan_mlp_kernel_stage stage=create_tensor batch=32 hidden=2560 intermediate=9216 out_dim=2560 bf16_weights=false use_rows2=true elapsed_ms=0.015
kiln_profile_mlp_stage layer=27 stage=fused seq_len=32 start_pos=0 elapsed_ms=19.147
kiln_profile_vulkan_mlp_kernel_stage stage=extract_x batch=31 hidden=2560 intermediate=9216 out_dim=2560 bf16_weights=false use_rows2=true elapsed_ms=0.015
kiln_profile_vulkan_mlp_kernel_stage stage=alloc_x batch=31 hidden=2560 intermediate=9216 out_dim=2560 bf16_weights=false use_rows2=true elapsed_ms=0.018
kiln_profile_vulkan_mlp_kernel_stage stage=upload_x batch=31 hidden=2560 intermediate=9216 out_dim=2560 bf16_weights=false use_rows2=true elapsed_ms=3.101
kiln_profile_vulkan_mlp_kernel_stage stage=alloc_hidden_out batch=31 hidden=2560 intermediate=9216 out_dim=2560 bf16_weights=false use_rows2=true elapsed_ms=0.030
kiln_profile_vulkan_mlp_kernel_stage stage=extract_x batch=36 hidden=2560 intermediate=9216 out_dim=2560 bf16_weights=false use_rows2=true elapsed_ms=0.016
kiln_profile_vulkan_mlp_kernel_stage stage=alloc_x batch=36 hidden=2560 intermediate=9216 out_dim=2560 bf16_weights=false use_rows2=true elapsed_ms=0.025
kiln_profile_vulkan_mlp_kernel_stage stage=gate_up batch=31 hidden=2560 intermediate=9216 out_dim=2560 bf16_weights=false use_rows2=true elapsed_ms=11.259
kiln_profile_vulkan_mlp_kernel_stage stage=upload_x batch=36 hidden=2560 intermediate=9216 out_dim=2560 bf16_weights=false use_rows2=true elapsed_ms=8.248
kiln_profile_vulkan_mlp_kernel_stage stage=alloc_hidden_out batch=36 hidden=2560 intermediate=9216 out_dim=2560 bf16_weights=false use_rows2=true elapsed_ms=0.033
kiln_profile_vulkan_mlp_kernel_stage stage=down batch=31 hidden=2560 intermediate=9216 out_dim=2560 bf16_weights=false use_rows2=true elapsed_ms=2.453
kiln_profile_vulkan_mlp_kernel_stage stage=gate_up batch=36 hidden=2560 intermediate=9216 out_dim=2560 bf16_weights=false use_rows2=true elapsed_ms=12.357
kiln_profile_vulkan_mlp_kernel_stage stage=readback_out batch=31 hidden=2560 intermediate=9216 out_dim=2560 bf16_weights=false use_rows2=true elapsed_ms=11.562
kiln_profile_vulkan_mlp_kernel_stage stage=create_tensor batch=31 hidden=2560 intermediate=9216 out_dim=2560 bf16_weights=false use_rows2=true elapsed_ms=0.013
kiln_profile_mlp_stage layer=28 stage=fused seq_len=31 start_pos=0 elapsed_ms=28.576
kiln_profile_vulkan_mlp_kernel_stage stage=down batch=36 hidden=2560 intermediate=9216 out_dim=2560 bf16_weights=false use_rows2=true elapsed_ms=5.256
kiln_profile_vulkan_mlp_kernel_stage stage=readback_out batch=36 hidden=2560 intermediate=9216 out_dim=2560 bf16_weights=false use_rows2=true elapsed_ms=11.291
kiln_profile_vulkan_mlp_kernel_stage stage=create_tensor batch=36 hidden=2560 intermediate=9216 out_dim=2560 bf16_weights=false use_rows2=true elapsed_ms=0.013
kiln_profile_mlp_stage layer=26 stage=fused seq_len=36 start_pos=0 elapsed_ms=37.346
kiln_profile_vulkan_mlp_kernel_stage stage=extract_x batch=26 hidden=2560 intermediate=9216 out_dim=2560 bf16_weights=false use_rows2=true elapsed_ms=0.017
kiln_profile_vulkan_mlp_kernel_stage stage=alloc_x batch=26 hidden=2560 intermediate=9216 out_dim=2560 bf16_weights=false use_rows2=true elapsed_ms=0.018
kiln_profile_vulkan_mlp_kernel_stage stage=upload_x batch=26 hidden=2560 intermediate=9216 out_dim=2560 bf16_weights=false use_rows2=true elapsed_ms=10.953
kiln_profile_vulkan_mlp_kernel_stage stage=alloc_hidden_out batch=26 hidden=2560 intermediate=9216 out_dim=2560 bf16_weights=false use_rows2=true elapsed_ms=0.030
kiln_profile_vulkan_mlp_kernel_stage stage=extract_x batch=32 hidden=2560 intermediate=9216 out_dim=2560 bf16_weights=false use_rows2=true elapsed_ms=0.015
kiln_profile_vulkan_mlp_kernel_stage stage=alloc_x batch=32 hidden=2560 intermediate=9216 out_dim=2560 bf16_weights=false use_rows2=true elapsed_ms=0.013
kiln_profile_vulkan_mlp_kernel_stage stage=upload_x batch=32 hidden=2560 intermediate=9216 out_dim=2560 bf16_weights=false use_rows2=true elapsed_ms=0.434
kiln_profile_vulkan_mlp_kernel_stage stage=alloc_hidden_out batch=32 hidden=2560 intermediate=9216 out_dim=2560 bf16_weights=false use_rows2=true elapsed_ms=0.016
kiln_profile_vulkan_mlp_kernel_stage stage=gate_up batch=26 hidden=2560 intermediate=9216 out_dim=2560 bf16_weights=false use_rows2=true elapsed_ms=9.844
kiln_profile_vulkan_mlp_kernel_stage stage=gate_up batch=32 hidden=2560 intermediate=9216 out_dim=2560 bf16_weights=false use_rows2=true elapsed_ms=14.674
kiln_profile_vulkan_mlp_kernel_stage stage=down batch=26 hidden=2560 intermediate=9216 out_dim=2560 bf16_weights=false use_rows2=true elapsed_ms=10.015
kiln_profile_vulkan_mlp_kernel_stage stage=readback_out batch=26 hidden=2560 intermediate=9216 out_dim=2560 bf16_weights=false use_rows2=true elapsed_ms=3.750
kiln_profile_vulkan_mlp_kernel_stage stage=create_tensor batch=26 hidden=2560 intermediate=9216 out_dim=2560 bf16_weights=false use_rows2=true elapsed_ms=0.011
kiln_profile_mlp_stage layer=28 stage=fused seq_len=26 start_pos=0 elapsed_ms=34.736
kiln_profile_vulkan_mlp_kernel_stage stage=extract_x batch=36 hidden=2560 intermediate=9216 out_dim=2560 bf16_weights=false use_rows2=true elapsed_ms=0.017
kiln_profile_vulkan_mlp_kernel_stage stage=alloc_x batch=36 hidden=2560 intermediate=9216 out_dim=2560 bf16_weights=false use_rows2=true elapsed_ms=0.011
kiln_profile_vulkan_mlp_kernel_stage stage=down batch=32 hidden=2560 intermediate=9216 out_dim=2560 bf16_weights=false use_rows2=true elapsed_ms=10.478
kiln_profile_vulkan_mlp_kernel_stage stage=upload_x batch=36 hidden=2560 intermediate=9216 out_dim=2560 bf16_weights=false use_rows2=true elapsed_ms=1.819
kiln_profile_vulkan_mlp_kernel_stage stage=alloc_hidden_out batch=36 hidden=2560 intermediate=9216 out_dim=2560 bf16_weights=false use_rows2=true elapsed_ms=0.021
kiln_profile_vulkan_mlp_kernel_stage stage=extract_x batch=31 hidden=2560 intermediate=9216 out_dim=2560 bf16_weights=false use_rows2=true elapsed_ms=0.008
kiln_profile_vulkan_mlp_kernel_stage stage=alloc_x batch=31 hidden=2560 intermediate=9216 out_dim=2560 bf16_weights=false use_rows2=true elapsed_ms=0.012
kiln_profile_vulkan_mlp_kernel_stage stage=readback_out batch=32 hidden=2560 intermediate=9216 out_dim=2560 bf16_weights=false use_rows2=true elapsed_ms=3.751
kiln_profile_vulkan_mlp_kernel_stage stage=create_tensor batch=32 hidden=2560 intermediate=9216 out_dim=2560 bf16_weights=false use_rows2=true elapsed_ms=0.013
kiln_profile_mlp_stage layer=28 stage=fused seq_len=32 start_pos=0 elapsed_ms=29.484
kiln_profile_vulkan_mlp_kernel_stage stage=gate_up batch=36 hidden=2560 intermediate=9216 out_dim=2560 bf16_weights=false use_rows2=true elapsed_ms=21.999
kiln_profile_vulkan_mlp_kernel_stage stage=upload_x batch=31 hidden=2560 intermediate=9216 out_dim=2560 bf16_weights=false use_rows2=true elapsed_ms=19.710
kiln_profile_vulkan_mlp_kernel_stage stage=alloc_hidden_out batch=31 hidden=2560 intermediate=9216 out_dim=2560 bf16_weights=false use_rows2=true elapsed_ms=0.024
kiln_profile_vulkan_mlp_kernel_stage stage=down batch=36 hidden=2560 intermediate=9216 out_dim=2560 bf16_weights=false use_rows2=true elapsed_ms=13.169
kiln_profile_vulkan_mlp_kernel_stage stage=gate_up batch=31 hidden=2560 intermediate=9216 out_dim=2560 bf16_weights=false use_rows2=true elapsed_ms=20.195
kiln_profile_vulkan_mlp_kernel_stage stage=readback_out batch=36 hidden=2560 intermediate=9216 out_dim=2560 bf16_weights=false use_rows2=true elapsed_ms=8.775
kiln_profile_vulkan_mlp_kernel_stage stage=create_tensor batch=36 hidden=2560 intermediate=9216 out_dim=2560 bf16_weights=false use_rows2=true elapsed_ms=0.010
kiln_profile_mlp_stage layer=27 stage=fused seq_len=36 start_pos=0 elapsed_ms=45.907
kiln_profile_vulkan_mlp_kernel_stage stage=down batch=31 hidden=2560 intermediate=9216 out_dim=2560 bf16_weights=false use_rows2=true elapsed_ms=4.065
kiln_profile_vulkan_mlp_kernel_stage stage=readback_out batch=31 hidden=2560 intermediate=9216 out_dim=2560 bf16_weights=false use_rows2=true elapsed_ms=1.607
kiln_profile_vulkan_mlp_kernel_stage stage=create_tensor batch=31 hidden=2560 intermediate=9216 out_dim=2560 bf16_weights=false use_rows2=true elapsed_ms=0.012
kiln_profile_mlp_stage layer=29 stage=fused seq_len=31 start_pos=0 elapsed_ms=45.732
kiln_profile_vulkan_mlp_kernel_stage stage=extract_x batch=26 hidden=2560 intermediate=9216 out_dim=2560 bf16_weights=false use_rows2=true elapsed_ms=0.012
kiln_profile_vulkan_mlp_kernel_stage stage=alloc_x batch=26 hidden=2560 intermediate=9216 out_dim=2560 bf16_weights=false use_rows2=true elapsed_ms=0.014
kiln_profile_vulkan_mlp_kernel_stage stage=upload_x batch=26 hidden=2560 intermediate=9216 out_dim=2560 bf16_weights=false use_rows2=true elapsed_ms=2.718
kiln_profile_vulkan_mlp_kernel_stage stage=alloc_hidden_out batch=26 hidden=2560 intermediate=9216 out_dim=2560 bf16_weights=false use_rows2=true elapsed_ms=0.032
kiln_profile_vulkan_mlp_kernel_stage stage=extract_x batch=32 hidden=2560 intermediate=9216 out_dim=2560 bf16_weights=false use_rows2=true elapsed_ms=0.019
kiln_profile_vulkan_mlp_kernel_stage stage=alloc_x batch=32 hidden=2560 intermediate=9216 out_dim=2560 bf16_weights=false use_rows2=true elapsed_ms=0.020
kiln_profile_vulkan_mlp_kernel_stage stage=gate_up batch=26 hidden=2560 intermediate=9216 out_dim=2560 bf16_weights=false use_rows2=true elapsed_ms=4.509
kiln_profile_vulkan_mlp_kernel_stage stage=upload_x batch=32 hidden=2560 intermediate=9216 out_dim=2560 bf16_weights=false use_rows2=true elapsed_ms=4.519
kiln_profile_vulkan_mlp_kernel_stage stage=alloc_hidden_out batch=32 hidden=2560 intermediate=9216 out_dim=2560 bf16_weights=false use_rows2=true elapsed_ms=0.023
kiln_profile_vulkan_mlp_kernel_stage stage=down batch=26 hidden=2560 intermediate=9216 out_dim=2560 bf16_weights=false use_rows2=true elapsed_ms=2.156
kiln_profile_vulkan_mlp_kernel_stage stage=gate_up batch=32 hidden=2560 intermediate=9216 out_dim=2560 bf16_weights=false use_rows2=true elapsed_ms=8.085
kiln_profile_vulkan_mlp_kernel_stage stage=readback_out batch=26 hidden=2560 intermediate=9216 out_dim=2560 bf16_weights=false use_rows2=true elapsed_ms=7.201
kiln_profile_vulkan_mlp_kernel_stage stage=create_tensor batch=26 hidden=2560 intermediate=9216 out_dim=2560 bf16_weights=false use_rows2=true elapsed_ms=0.011
kiln_profile_mlp_stage layer=29 stage=fused seq_len=26 start_pos=0 elapsed_ms=16.782
kiln_profile_vulkan_mlp_kernel_stage stage=down batch=32 hidden=2560 intermediate=9216 out_dim=2560 bf16_weights=false use_rows2=true elapsed_ms=3.326
kiln_profile_vulkan_mlp_kernel_stage stage=readback_out batch=32 hidden=2560 intermediate=9216 out_dim=2560 bf16_weights=false use_rows2=true elapsed_ms=3.862
kiln_profile_vulkan_mlp_kernel_stage stage=create_tensor batch=32 hidden=2560 intermediate=9216 out_dim=2560 bf16_weights=false use_rows2=true elapsed_ms=0.013
kiln_profile_mlp_stage layer=29 stage=fused seq_len=32 start_pos=0 elapsed_ms=19.970
kiln_profile_vulkan_mlp_kernel_stage stage=extract_x batch=36 hidden=2560 intermediate=9216 out_dim=2560 bf16_weights=false use_rows2=true elapsed_ms=0.023
kiln_profile_vulkan_mlp_kernel_stage stage=alloc_x batch=36 hidden=2560 intermediate=9216 out_dim=2560 bf16_weights=false use_rows2=true elapsed_ms=0.019
kiln_profile_vulkan_mlp_kernel_stage stage=upload_x batch=36 hidden=2560 intermediate=9216 out_dim=2560 bf16_weights=false use_rows2=true elapsed_ms=10.424
kiln_profile_vulkan_mlp_kernel_stage stage=alloc_hidden_out batch=36 hidden=2560 intermediate=9216 out_dim=2560 bf16_weights=false use_rows2=true elapsed_ms=0.045
kiln_profile_vulkan_mlp_kernel_stage stage=extract_x batch=31 hidden=2560 intermediate=9216 out_dim=2560 bf16_weights=false use_rows2=true elapsed_ms=0.015
kiln_profile_vulkan_mlp_kernel_stage stage=alloc_x batch=31 hidden=2560 intermediate=9216 out_dim=2560 bf16_weights=false use_rows2=true elapsed_ms=0.026
kiln_profile_vulkan_mlp_kernel_stage stage=gate_up batch=36 hidden=2560 intermediate=9216 out_dim=2560 bf16_weights=false use_rows2=true elapsed_ms=12.666
kiln_profile_vulkan_mlp_kernel_stage stage=upload_x batch=31 hidden=2560 intermediate=9216 out_dim=2560 bf16_weights=false use_rows2=true elapsed_ms=9.668
kiln_profile_vulkan_mlp_kernel_stage stage=alloc_hidden_out batch=31 hidden=2560 intermediate=9216 out_dim=2560 bf16_weights=false use_rows2=true elapsed_ms=0.047
kiln_profile_vulkan_mlp_kernel_stage stage=down batch=36 hidden=2560 intermediate=9216 out_dim=2560 bf16_weights=false use_rows2=true elapsed_ms=3.654
kiln_profile_vulkan_mlp_kernel_stage stage=gate_up batch=31 hidden=2560 intermediate=9216 out_dim=2560 bf16_weights=false use_rows2=true elapsed_ms=11.535
kiln_profile_vulkan_mlp_kernel_stage stage=readback_out batch=36 hidden=2560 intermediate=9216 out_dim=2560 bf16_weights=false use_rows2=true elapsed_ms=9.637
kiln_profile_vulkan_mlp_kernel_stage stage=create_tensor batch=36 hidden=2560 intermediate=9216 out_dim=2560 bf16_weights=false use_rows2=true elapsed_ms=0.014
kiln_profile_mlp_stage layer=28 stage=fused seq_len=36 start_pos=0 elapsed_ms=36.587
kiln_profile_vulkan_mlp_kernel_stage stage=down batch=31 hidden=2560 intermediate=9216 out_dim=2560 bf16_weights=false use_rows2=true elapsed_ms=5.951
kiln_profile_vulkan_mlp_kernel_stage stage=readback_out batch=31 hidden=2560 intermediate=9216 out_dim=2560 bf16_weights=false use_rows2=true elapsed_ms=12.468
kiln_profile_vulkan_mlp_kernel_stage stage=create_tensor batch=31 hidden=2560 intermediate=9216 out_dim=2560 bf16_weights=false use_rows2=true elapsed_ms=0.011
kiln_profile_mlp_stage layer=30 stage=fused seq_len=31 start_pos=0 elapsed_ms=39.823
kiln_profile_vulkan_mlp_kernel_stage stage=extract_x batch=26 hidden=2560 intermediate=9216 out_dim=2560 bf16_weights=false use_rows2=true elapsed_ms=0.015
kiln_profile_vulkan_mlp_kernel_stage stage=alloc_x batch=26 hidden=2560 intermediate=9216 out_dim=2560 bf16_weights=false use_rows2=true elapsed_ms=0.015
kiln_profile_vulkan_mlp_kernel_stage stage=upload_x batch=26 hidden=2560 intermediate=9216 out_dim=2560 bf16_weights=false use_rows2=true elapsed_ms=12.035
kiln_profile_vulkan_mlp_kernel_stage stage=alloc_hidden_out batch=26 hidden=2560 intermediate=9216 out_dim=2560 bf16_weights=false use_rows2=true elapsed_ms=0.034
kiln_profile_vulkan_mlp_kernel_stage stage=extract_x batch=32 hidden=2560 intermediate=9216 out_dim=2560 bf16_weights=false use_rows2=true elapsed_ms=0.025
kiln_profile_vulkan_mlp_kernel_stage stage=alloc_x batch=32 hidden=2560 intermediate=9216 out_dim=2560 bf16_weights=false use_rows2=true elapsed_ms=0.014
kiln_profile_vulkan_mlp_kernel_stage stage=gate_up batch=26 hidden=2560 intermediate=9216 out_dim=2560 bf16_weights=false use_rows2=true elapsed_ms=9.695
kiln_profile_vulkan_mlp_kernel_stage stage=upload_x batch=32 hidden=2560 intermediate=9216 out_dim=2560 bf16_weights=false use_rows2=true elapsed_ms=6.090
kiln_profile_vulkan_mlp_kernel_stage stage=alloc_hidden_out batch=32 hidden=2560 intermediate=9216 out_dim=2560 bf16_weights=false use_rows2=true elapsed_ms=0.017
kiln_profile_vulkan_mlp_kernel_stage stage=down batch=26 hidden=2560 intermediate=9216 out_dim=2560 bf16_weights=false use_rows2=true elapsed_ms=3.063
kiln_profile_vulkan_mlp_kernel_stage stage=readback_out batch=26 hidden=2560 intermediate=9216 out_dim=2560 bf16_weights=false use_rows2=true elapsed_ms=0.607
kiln_profile_vulkan_mlp_kernel_stage stage=create_tensor batch=26 hidden=2560 intermediate=9216 out_dim=2560 bf16_weights=false use_rows2=true elapsed_ms=0.013
kiln_profile_mlp_stage layer=30 stage=fused seq_len=26 start_pos=0 elapsed_ms=25.595
kiln_profile_vulkan_mlp_kernel_stage stage=gate_up batch=32 hidden=2560 intermediate=9216 out_dim=2560 bf16_weights=false use_rows2=true elapsed_ms=12.026
kiln_profile_vulkan_mlp_kernel_stage stage=extract_x batch=31 hidden=2560 intermediate=9216 out_dim=2560 bf16_weights=false use_rows2=true elapsed_ms=0.028
kiln_profile_vulkan_mlp_kernel_stage stage=alloc_x batch=31 hidden=2560 intermediate=9216 out_dim=2560 bf16_weights=false use_rows2=true elapsed_ms=0.022
kiln_profile_vulkan_mlp_kernel_stage stage=upload_x batch=31 hidden=2560 intermediate=9216 out_dim=2560 bf16_weights=false use_rows2=true elapsed_ms=7.204
kiln_profile_vulkan_mlp_kernel_stage stage=alloc_hidden_out batch=31 hidden=2560 intermediate=9216 out_dim=2560 bf16_weights=false use_rows2=true elapsed_ms=0.029
kiln_profile_vulkan_mlp_kernel_stage stage=down batch=32 hidden=2560 intermediate=9216 out_dim=2560 bf16_weights=false use_rows2=true elapsed_ms=12.630
kiln_profile_vulkan_mlp_kernel_stage stage=readback_out batch=32 hidden=2560 intermediate=9216 out_dim=2560 bf16_weights=false use_rows2=true elapsed_ms=3.672
kiln_profile_vulkan_mlp_kernel_stage stage=create_tensor batch=32 hidden=2560 intermediate=9216 out_dim=2560 bf16_weights=false use_rows2=true elapsed_ms=0.012
kiln_profile_mlp_stage layer=30 stage=fused seq_len=32 start_pos=0 elapsed_ms=34.572
kiln_profile_vulkan_mlp_kernel_stage stage=gate_up batch=31 hidden=2560 intermediate=9216 out_dim=2560 bf16_weights=false use_rows2=true elapsed_ms=14.059
kiln_profile_vulkan_mlp_kernel_stage stage=extract_x batch=36 hidden=2560 intermediate=9216 out_dim=2560 bf16_weights=false use_rows2=true elapsed_ms=0.029
kiln_profile_vulkan_mlp_kernel_stage stage=alloc_x batch=36 hidden=2560 intermediate=9216 out_dim=2560 bf16_weights=false use_rows2=true elapsed_ms=0.017
kiln_profile_vulkan_mlp_kernel_stage stage=upload_x batch=36 hidden=2560 intermediate=9216 out_dim=2560 bf16_weights=false use_rows2=true elapsed_ms=9.325
kiln_profile_vulkan_mlp_kernel_stage stage=alloc_hidden_out batch=36 hidden=2560 intermediate=9216 out_dim=2560 bf16_weights=false use_rows2=true elapsed_ms=0.022
kiln_profile_vulkan_mlp_kernel_stage stage=down batch=31 hidden=2560 intermediate=9216 out_dim=2560 bf16_weights=false use_rows2=true elapsed_ms=15.355
kiln_profile_vulkan_mlp_kernel_stage stage=readback_out batch=31 hidden=2560 intermediate=9216 out_dim=2560 bf16_weights=false use_rows2=true elapsed_ms=2.252
kiln_profile_vulkan_mlp_kernel_stage stage=create_tensor batch=31 hidden=2560 intermediate=9216 out_dim=2560 bf16_weights=false use_rows2=true elapsed_ms=0.011
kiln_profile_mlp_stage layer=31 stage=fused seq_len=31 start_pos=0 elapsed_ms=39.048
kiln_profile_vulkan_mlp_kernel_stage stage=gate_up batch=36 hidden=2560 intermediate=9216 out_dim=2560 bf16_weights=false use_rows2=true elapsed_ms=14.993
kiln_profile_vulkan_mlp_kernel_stage stage=extract_x batch=26 hidden=2560 intermediate=9216 out_dim=2560 bf16_weights=false use_rows2=true elapsed_ms=0.008
kiln_profile_vulkan_mlp_kernel_stage stage=alloc_x batch=26 hidden=2560 intermediate=9216 out_dim=2560 bf16_weights=false use_rows2=true elapsed_ms=0.013
kiln_profile_vulkan_mlp_kernel_stage stage=upload_x batch=26 hidden=2560 intermediate=9216 out_dim=2560 bf16_weights=false use_rows2=true elapsed_ms=0.800
kiln_profile_vulkan_mlp_kernel_stage stage=alloc_hidden_out batch=26 hidden=2560 intermediate=9216 out_dim=2560 bf16_weights=false use_rows2=true elapsed_ms=0.024
kiln_profile_vulkan_mlp_kernel_stage stage=down batch=36 hidden=2560 intermediate=9216 out_dim=2560 bf16_weights=false use_rows2=true elapsed_ms=16.997
kiln_profile_vulkan_mlp_kernel_stage stage=gate_up batch=26 hidden=2560 intermediate=9216 out_dim=2560 bf16_weights=false use_rows2=true elapsed_ms=19.167
kiln_profile_vulkan_mlp_kernel_stage stage=readback_out batch=36 hidden=2560 intermediate=9216 out_dim=2560 bf16_weights=false use_rows2=true elapsed_ms=6.737
kiln_profile_vulkan_mlp_kernel_stage stage=create_tensor batch=36 hidden=2560 intermediate=9216 out_dim=2560 bf16_weights=false use_rows2=true elapsed_ms=0.014
kiln_profile_mlp_stage layer=29 stage=fused seq_len=36 start_pos=0 elapsed_ms=48.247
kiln_profile_vulkan_mlp_kernel_stage stage=extract_x batch=32 hidden=2560 intermediate=9216 out_dim=2560 bf16_weights=false use_rows2=true elapsed_ms=0.011
kiln_profile_vulkan_mlp_kernel_stage stage=alloc_x batch=32 hidden=2560 intermediate=9216 out_dim=2560 bf16_weights=false use_rows2=true elapsed_ms=0.015
kiln_profile_vulkan_mlp_kernel_stage stage=upload_x batch=32 hidden=2560 intermediate=9216 out_dim=2560 bf16_weights=false use_rows2=true elapsed_ms=0.082
kiln_profile_vulkan_mlp_kernel_stage stage=alloc_hidden_out batch=32 hidden=2560 intermediate=9216 out_dim=2560 bf16_weights=false use_rows2=true elapsed_ms=0.012
kiln_profile_vulkan_mlp_kernel_stage stage=gate_up batch=32 hidden=2560 intermediate=9216 out_dim=2560 bf16_weights=false use_rows2=true elapsed_ms=7.454
kiln_profile_vulkan_mlp_kernel_stage stage=down batch=32 hidden=2560 intermediate=9216 out_dim=2560 bf16_weights=false use_rows2=true elapsed_ms=1.946
kiln_profile_vulkan_mlp_kernel_stage stage=readback_out batch=32 hidden=2560 intermediate=9216 out_dim=2560 bf16_weights=false use_rows2=true elapsed_ms=0.448
kiln_profile_vulkan_mlp_kernel_stage stage=create_tensor batch=32 hidden=2560 intermediate=9216 out_dim=2560 bf16_weights=false use_rows2=true elapsed_ms=0.009
kiln_profile_mlp_stage layer=31 stage=fused seq_len=32 start_pos=0 elapsed_ms=10.042
kiln_profile_vulkan_mlp_kernel_stage stage=down batch=26 hidden=2560 intermediate=9216 out_dim=2560 bf16_weights=false use_rows2=true elapsed_ms=30.114
kiln_profile_vulkan_mlp_kernel_stage stage=readback_out batch=26 hidden=2560 intermediate=9216 out_dim=2560 bf16_weights=false use_rows2=true elapsed_ms=7.972
kiln_profile_vulkan_mlp_kernel_stage stage=create_tensor batch=26 hidden=2560 intermediate=9216 out_dim=2560 bf16_weights=false use_rows2=true elapsed_ms=0.009
kiln_profile_mlp_stage layer=31 stage=fused seq_len=26 start_pos=0 elapsed_ms=58.206
kiln_profile_vulkan_mlp_kernel_stage stage=extract_x batch=1 hidden=2560 intermediate=9216 out_dim=2560 bf16_weights=true use_rows2=false elapsed_ms=0.001
kiln_profile_vulkan_mlp_kernel_stage stage=alloc_x batch=1 hidden=2560 intermediate=9216 out_dim=2560 bf16_weights=true use_rows2=false elapsed_ms=0.013
kiln_profile_vulkan_mlp_kernel_stage stage=upload_x batch=1 hidden=2560 intermediate=9216 out_dim=2560 bf16_weights=true use_rows2=false elapsed_ms=0.095
kiln_profile_vulkan_mlp_kernel_stage stage=alloc_hidden_out batch=1 hidden=2560 intermediate=9216 out_dim=2560 bf16_weights=true use_rows2=false elapsed_ms=0.020
kiln_profile_vulkan_mlp_kernel_stage stage=gate_up batch=1 hidden=2560 intermediate=9216 out_dim=2560 bf16_weights=true use_rows2=false elapsed_ms=0.470
kiln_profile_vulkan_mlp_kernel_stage stage=down batch=1 hidden=2560 intermediate=9216 out_dim=2560 bf16_weights=true use_rows2=false elapsed_ms=0.312
kiln_profile_vulkan_mlp_kernel_stage stage=readback_out batch=1 hidden=2560 intermediate=9216 out_dim=2560 bf16_weights=true use_rows2=false elapsed_ms=0.198
kiln_profile_vulkan_mlp_kernel_stage stage=create_tensor batch=1 hidden=2560 intermediate=9216 out_dim=2560 bf16_weights=true use_rows2=false elapsed_ms=0.001
kiln_profile_mlp_stage layer=0 stage=fused seq_len=1 start_pos=31 elapsed_ms=1.234
kiln_profile_vulkan_mlp_kernel_stage stage=extract_x batch=1 hidden=2560 intermediate=9216 out_dim=2560 bf16_weights=true use_rows2=false elapsed_ms=0.001
kiln_profile_vulkan_mlp_kernel_stage stage=alloc_x batch=1 hidden=2560 intermediate=9216 out_dim=2560 bf16_weights=true use_rows2=false elapsed_ms=0.012
kiln_profile_vulkan_mlp_kernel_stage stage=upload_x batch=1 hidden=2560 intermediate=9216 out_dim=2560 bf16_weights=true use_rows2=false elapsed_ms=0.202
kiln_profile_vulkan_mlp_kernel_stage stage=alloc_hidden_out batch=1 hidden=2560 intermediate=9216 out_dim=2560 bf16_weights=true use_rows2=false elapsed_ms=0.026
kiln_profile_vulkan_mlp_kernel_stage stage=gate_up batch=1 hidden=2560 intermediate=9216 out_dim=2560 bf16_weights=true use_rows2=false elapsed_ms=0.534
kiln_profile_vulkan_mlp_kernel_stage stage=down batch=1 hidden=2560 intermediate=9216 out_dim=2560 bf16_weights=true use_rows2=false elapsed_ms=0.371
kiln_profile_vulkan_mlp_kernel_stage stage=readback_out batch=1 hidden=2560 intermediate=9216 out_dim=2560 bf16_weights=true use_rows2=false elapsed_ms=0.180
kiln_profile_vulkan_mlp_kernel_stage stage=create_tensor batch=1 hidden=2560 intermediate=9216 out_dim=2560 bf16_weights=true use_rows2=false elapsed_ms=0.001
kiln_profile_mlp_stage layer=1 stage=fused seq_len=1 start_pos=31 elapsed_ms=1.397
kiln_profile_vulkan_mlp_kernel_stage stage=extract_x batch=36 hidden=2560 intermediate=9216 out_dim=2560 bf16_weights=false use_rows2=true elapsed_ms=0.012
kiln_profile_vulkan_mlp_kernel_stage stage=alloc_x batch=36 hidden=2560 intermediate=9216 out_dim=2560 bf16_weights=false use_rows2=true elapsed_ms=0.016
kiln_profile_vulkan_mlp_kernel_stage stage=upload_x batch=36 hidden=2560 intermediate=9216 out_dim=2560 bf16_weights=false use_rows2=true elapsed_ms=0.279
kiln_profile_vulkan_mlp_kernel_stage stage=alloc_hidden_out batch=36 hidden=2560 intermediate=9216 out_dim=2560 bf16_weights=false use_rows2=true elapsed_ms=0.040
kiln_profile_vulkan_mlp_kernel_stage stage=extract_x batch=1 hidden=2560 intermediate=9216 out_dim=2560 bf16_weights=true use_rows2=false elapsed_ms=0.001
kiln_profile_vulkan_mlp_kernel_stage stage=alloc_x batch=1 hidden=2560 intermediate=9216 out_dim=2560 bf16_weights=true use_rows2=false elapsed_ms=0.017
kiln_profile_vulkan_mlp_kernel_stage stage=gate_up batch=36 hidden=2560 intermediate=9216 out_dim=2560 bf16_weights=false use_rows2=true elapsed_ms=10.376
kiln_profile_vulkan_mlp_kernel_stage stage=upload_x batch=1 hidden=2560 intermediate=9216 out_dim=2560 bf16_weights=true use_rows2=false elapsed_ms=10.156
kiln_profile_vulkan_mlp_kernel_stage stage=alloc_hidden_out batch=1 hidden=2560 intermediate=9216 out_dim=2560 bf16_weights=true use_rows2=false elapsed_ms=0.026
kiln_profile_vulkan_mlp_kernel_stage stage=down batch=36 hidden=2560 intermediate=9216 out_dim=2560 bf16_weights=false use_rows2=true elapsed_ms=3.008
kiln_profile_vulkan_mlp_kernel_stage stage=gate_up batch=1 hidden=2560 intermediate=9216 out_dim=2560 bf16_weights=true use_rows2=false elapsed_ms=3.352
kiln_profile_vulkan_mlp_kernel_stage stage=readback_out batch=36 hidden=2560 intermediate=9216 out_dim=2560 bf16_weights=false use_rows2=true elapsed_ms=1.941
kiln_profile_vulkan_mlp_kernel_stage stage=create_tensor batch=36 hidden=2560 intermediate=9216 out_dim=2560 bf16_weights=false use_rows2=true elapsed_ms=0.009
kiln_profile_mlp_stage layer=30 stage=fused seq_len=36 start_pos=0 elapsed_ms=15.776
kiln_profile_vulkan_mlp_kernel_stage stage=down batch=1 hidden=2560 intermediate=9216 out_dim=2560 bf16_weights=true use_rows2=false elapsed_ms=1.830
kiln_profile_vulkan_mlp_kernel_stage stage=readback_out batch=1 hidden=2560 intermediate=9216 out_dim=2560 bf16_weights=true use_rows2=false elapsed_ms=10.378
kiln_profile_vulkan_mlp_kernel_stage stage=create_tensor batch=1 hidden=2560 intermediate=9216 out_dim=2560 bf16_weights=true use_rows2=false elapsed_ms=0.001
kiln_profile_mlp_stage layer=2 stage=fused seq_len=1 start_pos=31 elapsed_ms=25.857
kiln_profile_vulkan_mlp_kernel_stage stage=extract_x batch=1 hidden=2560 intermediate=9216 out_dim=2560 bf16_weights=true use_rows2=false elapsed_ms=0.001
kiln_profile_vulkan_mlp_kernel_stage stage=alloc_x batch=1 hidden=2560 intermediate=9216 out_dim=2560 bf16_weights=true use_rows2=false elapsed_ms=0.013
kiln_profile_vulkan_mlp_kernel_stage stage=upload_x batch=1 hidden=2560 intermediate=9216 out_dim=2560 bf16_weights=true use_rows2=false elapsed_ms=0.051
kiln_profile_vulkan_mlp_kernel_stage stage=alloc_hidden_out batch=1 hidden=2560 intermediate=9216 out_dim=2560 bf16_weights=true use_rows2=false elapsed_ms=0.028
kiln_profile_vulkan_mlp_kernel_stage stage=gate_up batch=1 hidden=2560 intermediate=9216 out_dim=2560 bf16_weights=true use_rows2=false elapsed_ms=0.476
kiln_profile_vulkan_mlp_kernel_stage stage=down batch=1 hidden=2560 intermediate=9216 out_dim=2560 bf16_weights=true use_rows2=false elapsed_ms=0.312
kiln_profile_vulkan_mlp_kernel_stage stage=readback_out batch=1 hidden=2560 intermediate=9216 out_dim=2560 bf16_weights=true use_rows2=false elapsed_ms=0.093
kiln_profile_vulkan_mlp_kernel_stage stage=create_tensor batch=1 hidden=2560 intermediate=9216 out_dim=2560 bf16_weights=true use_rows2=false elapsed_ms=0.001
kiln_profile_mlp_stage layer=3 stage=fused seq_len=1 start_pos=31 elapsed_ms=1.038
kiln_profile_vulkan_mlp_kernel_stage stage=extract_x batch=36 hidden=2560 intermediate=9216 out_dim=2560 bf16_weights=false use_rows2=true elapsed_ms=0.010
kiln_profile_vulkan_mlp_kernel_stage stage=alloc_x batch=36 hidden=2560 intermediate=9216 out_dim=2560 bf16_weights=false use_rows2=true elapsed_ms=0.016
kiln_profile_vulkan_mlp_kernel_stage stage=upload_x batch=36 hidden=2560 intermediate=9216 out_dim=2560 bf16_weights=false use_rows2=true elapsed_ms=0.250
kiln_profile_vulkan_mlp_kernel_stage stage=alloc_hidden_out batch=36 hidden=2560 intermediate=9216 out_dim=2560 bf16_weights=false use_rows2=true elapsed_ms=0.027
kiln_profile_vulkan_mlp_kernel_stage stage=extract_x batch=1 hidden=2560 intermediate=9216 out_dim=2560 bf16_weights=true use_rows2=false elapsed_ms=0.001
kiln_profile_vulkan_mlp_kernel_stage stage=alloc_x batch=1 hidden=2560 intermediate=9216 out_dim=2560 bf16_weights=true use_rows2=false elapsed_ms=0.009
kiln_profile_vulkan_mlp_kernel_stage stage=gate_up batch=36 hidden=2560 intermediate=9216 out_dim=2560 bf16_weights=false use_rows2=true elapsed_ms=10.536
kiln_profile_vulkan_mlp_kernel_stage stage=upload_x batch=1 hidden=2560 intermediate=9216 out_dim=2560 bf16_weights=true use_rows2=false elapsed_ms=10.434
kiln_profile_vulkan_mlp_kernel_stage stage=alloc_hidden_out batch=1 hidden=2560 intermediate=9216 out_dim=2560 bf16_weights=true use_rows2=false elapsed_ms=0.024
kiln_profile_vulkan_mlp_kernel_stage stage=down batch=36 hidden=2560 intermediate=9216 out_dim=2560 bf16_weights=false use_rows2=true elapsed_ms=3.107
kiln_profile_vulkan_mlp_kernel_stage stage=gate_up batch=1 hidden=2560 intermediate=9216 out_dim=2560 bf16_weights=true use_rows2=false elapsed_ms=3.393
kiln_profile_vulkan_mlp_kernel_stage stage=readback_out batch=36 hidden=2560 intermediate=9216 out_dim=2560 bf16_weights=false use_rows2=true elapsed_ms=1.926
kiln_profile_vulkan_mlp_kernel_stage stage=create_tensor batch=36 hidden=2560 intermediate=9216 out_dim=2560 bf16_weights=false use_rows2=true elapsed_ms=0.006
kiln_profile_mlp_stage layer=31 stage=fused seq_len=36 start_pos=0 elapsed_ms=15.967
kiln_profile_vulkan_mlp_kernel_stage stage=down batch=1 hidden=2560 intermediate=9216 out_dim=2560 bf16_weights=true use_rows2=false elapsed_ms=1.793
kiln_profile_vulkan_mlp_kernel_stage stage=readback_out batch=1 hidden=2560 intermediate=9216 out_dim=2560 bf16_weights=true use_rows2=false elapsed_ms=10.852
kiln_profile_vulkan_mlp_kernel_stage stage=create_tensor batch=1 hidden=2560 intermediate=9216 out_dim=2560 bf16_weights=true use_rows2=false elapsed_ms=0.001
kiln_profile_mlp_stage layer=4 stage=fused seq_len=1 start_pos=31 elapsed_ms=26.593
kiln_profile_vulkan_mlp_kernel_stage stage=extract_x batch=1 hidden=2560 intermediate=9216 out_dim=2560 bf16_weights=true use_rows2=false elapsed_ms=0.001
kiln_profile_vulkan_mlp_kernel_stage stage=alloc_x batch=1 hidden=2560 intermediate=9216 out_dim=2560 bf16_weights=true use_rows2=false elapsed_ms=0.022
kiln_profile_vulkan_mlp_kernel_stage stage=upload_x batch=1 hidden=2560 intermediate=9216 out_dim=2560 bf16_weights=true use_rows2=false elapsed_ms=0.035
kiln_profile_vulkan_mlp_kernel_stage stage=alloc_hidden_out batch=1 hidden=2560 intermediate=9216 out_dim=2560 bf16_weights=true use_rows2=false elapsed_ms=0.013
kiln_profile_vulkan_mlp_kernel_stage stage=gate_up batch=1 hidden=2560 intermediate=9216 out_dim=2560 bf16_weights=true use_rows2=false elapsed_ms=0.459
kiln_profile_vulkan_mlp_kernel_stage stage=down batch=1 hidden=2560 intermediate=9216 out_dim=2560 bf16_weights=true use_rows2=false elapsed_ms=0.327
kiln_profile_vulkan_mlp_kernel_stage stage=readback_out batch=1 hidden=2560 intermediate=9216 out_dim=2560 bf16_weights=true use_rows2=false elapsed_ms=0.081
kiln_profile_vulkan_mlp_kernel_stage stage=create_tensor batch=1 hidden=2560 intermediate=9216 out_dim=2560 bf16_weights=true use_rows2=false elapsed_ms=0.002
kiln_profile_mlp_stage layer=5 stage=fused seq_len=1 start_pos=31 elapsed_ms=1.013
kiln_profile_vulkan_mlp_kernel_stage stage=extract_x batch=1 hidden=2560 intermediate=9216 out_dim=2560 bf16_weights=true use_rows2=false elapsed_ms=0.000
kiln_profile_vulkan_mlp_kernel_stage stage=alloc_x batch=1 hidden=2560 intermediate=9216 out_dim=2560 bf16_weights=true use_rows2=false elapsed_ms=0.006
kiln_profile_vulkan_mlp_kernel_stage stage=upload_x batch=1 hidden=2560 intermediate=9216 out_dim=2560 bf16_weights=true use_rows2=false elapsed_ms=0.080
kiln_profile_vulkan_mlp_kernel_stage stage=alloc_hidden_out batch=1 hidden=2560 intermediate=9216 out_dim=2560 bf16_weights=true use_rows2=false elapsed_ms=0.011
kiln_profile_vulkan_mlp_kernel_stage stage=gate_up batch=1 hidden=2560 intermediate=9216 out_dim=2560 bf16_weights=true use_rows2=false elapsed_ms=0.451
kiln_profile_vulkan_mlp_kernel_stage stage=down batch=1 hidden=2560 intermediate=9216 out_dim=2560 bf16_weights=true use_rows2=false elapsed_ms=0.293
kiln_profile_vulkan_mlp_kernel_stage stage=readback_out batch=1 hidden=2560 intermediate=9216 out_dim=2560 bf16_weights=true use_rows2=false elapsed_ms=0.072
kiln_profile_vulkan_mlp_kernel_stage stage=create_tensor batch=1 hidden=2560 intermediate=9216 out_dim=2560 bf16_weights=true use_rows2=false elapsed_ms=0.000
kiln_profile_mlp_stage layer=6 stage=fused seq_len=1 start_pos=31 elapsed_ms=0.963
kiln_profile_vulkan_mlp_kernel_stage stage=extract_x batch=1 hidden=2560 intermediate=9216 out_dim=2560 bf16_weights=true use_rows2=false elapsed_ms=0.000
kiln_profile_vulkan_mlp_kernel_stage stage=alloc_x batch=1 hidden=2560 intermediate=9216 out_dim=2560 bf16_weights=true use_rows2=false elapsed_ms=0.015
kiln_profile_vulkan_mlp_kernel_stage stage=upload_x batch=1 hidden=2560 intermediate=9216 out_dim=2560 bf16_weights=true use_rows2=false elapsed_ms=0.065
kiln_profile_vulkan_mlp_kernel_stage stage=alloc_hidden_out batch=1 hidden=2560 intermediate=9216 out_dim=2560 bf16_weights=true use_rows2=false elapsed_ms=0.010
kiln_profile_vulkan_mlp_kernel_stage stage=gate_up batch=1 hidden=2560 intermediate=9216 out_dim=2560 bf16_weights=true use_rows2=false elapsed_ms=0.454
kiln_profile_vulkan_mlp_kernel_stage stage=down batch=1 hidden=2560 intermediate=9216 out_dim=2560 bf16_weights=true use_rows2=false elapsed_ms=0.294
kiln_profile_vulkan_mlp_kernel_stage stage=readback_out batch=1 hidden=2560 intermediate=9216 out_dim=2560 bf16_weights=true use_rows2=false elapsed_ms=0.074
kiln_profile_vulkan_mlp_kernel_stage stage=create_tensor batch=1 hidden=2560 intermediate=9216 out_dim=2560 bf16_weights=true use_rows2=false elapsed_ms=0.001
kiln_profile_mlp_stage layer=7 stage=fused seq_len=1 start_pos=31 elapsed_ms=0.962
kiln_profile_vulkan_mlp_kernel_stage stage=extract_x batch=1 hidden=2560 intermediate=9216 out_dim=2560 bf16_weights=true use_rows2=false elapsed_ms=0.000
kiln_profile_vulkan_mlp_kernel_stage stage=alloc_x batch=1 hidden=2560 intermediate=9216 out_dim=2560 bf16_weights=true use_rows2=false elapsed_ms=0.005
kiln_profile_vulkan_mlp_kernel_stage stage=upload_x batch=1 hidden=2560 intermediate=9216 out_dim=2560 bf16_weights=true use_rows2=false elapsed_ms=0.068
kiln_profile_vulkan_mlp_kernel_stage stage=alloc_hidden_out batch=1 hidden=2560 intermediate=9216 out_dim=2560 bf16_weights=true use_rows2=false elapsed_ms=0.011
kiln_profile_vulkan_mlp_kernel_stage stage=gate_up batch=1 hidden=2560 intermediate=9216 out_dim=2560 bf16_weights=true use_rows2=false elapsed_ms=0.453
kiln_profile_vulkan_mlp_kernel_stage stage=down batch=1 hidden=2560 intermediate=9216 out_dim=2560 bf16_weights=true use_rows2=false elapsed_ms=0.295
kiln_profile_vulkan_mlp_kernel_stage stage=readback_out batch=1 hidden=2560 intermediate=9216 out_dim=2560 bf16_weights=true use_rows2=false elapsed_ms=0.087
kiln_profile_vulkan_mlp_kernel_stage stage=create_tensor batch=1 hidden=2560 intermediate=9216 out_dim=2560 bf16_weights=true use_rows2=false elapsed_ms=0.000
kiln_profile_mlp_stage layer=8 stage=fused seq_len=1 start_pos=31 elapsed_ms=0.972
kiln_profile_vulkan_mlp_kernel_stage stage=extract_x batch=1 hidden=2560 intermediate=9216 out_dim=2560 bf16_weights=true use_rows2=false elapsed_ms=0.000
kiln_profile_vulkan_mlp_kernel_stage stage=alloc_x batch=1 hidden=2560 intermediate=9216 out_dim=2560 bf16_weights=true use_rows2=false elapsed_ms=0.005
kiln_profile_vulkan_mlp_kernel_stage stage=upload_x batch=1 hidden=2560 intermediate=9216 out_dim=2560 bf16_weights=true use_rows2=false elapsed_ms=0.079
kiln_profile_vulkan_mlp_kernel_stage stage=alloc_hidden_out batch=1 hidden=2560 intermediate=9216 out_dim=2560 bf16_weights=true use_rows2=false elapsed_ms=0.009
kiln_profile_vulkan_mlp_kernel_stage stage=gate_up batch=1 hidden=2560 intermediate=9216 out_dim=2560 bf16_weights=true use_rows2=false elapsed_ms=0.447
kiln_profile_vulkan_mlp_kernel_stage stage=down batch=1 hidden=2560 intermediate=9216 out_dim=2560 bf16_weights=true use_rows2=false elapsed_ms=0.299
kiln_profile_vulkan_mlp_kernel_stage stage=readback_out batch=1 hidden=2560 intermediate=9216 out_dim=2560 bf16_weights=true use_rows2=false elapsed_ms=0.070
kiln_profile_vulkan_mlp_kernel_stage stage=create_tensor batch=1 hidden=2560 intermediate=9216 out_dim=2560 bf16_weights=true use_rows2=false elapsed_ms=0.000
kiln_profile_mlp_stage layer=9 stage=fused seq_len=1 start_pos=31 elapsed_ms=0.955
kiln_profile_vulkan_mlp_kernel_stage stage=extract_x batch=1 hidden=2560 intermediate=9216 out_dim=2560 bf16_weights=true use_rows2=false elapsed_ms=0.000
kiln_profile_vulkan_mlp_kernel_stage stage=alloc_x batch=1 hidden=2560 intermediate=9216 out_dim=2560 bf16_weights=true use_rows2=false elapsed_ms=0.006
kiln_profile_vulkan_mlp_kernel_stage stage=upload_x batch=1 hidden=2560 intermediate=9216 out_dim=2560 bf16_weights=true use_rows2=false elapsed_ms=0.099
kiln_profile_vulkan_mlp_kernel_stage stage=alloc_hidden_out batch=1 hidden=2560 intermediate=9216 out_dim=2560 bf16_weights=true use_rows2=false elapsed_ms=0.009
kiln_profile_vulkan_mlp_kernel_stage stage=gate_up batch=1 hidden=2560 intermediate=9216 out_dim=2560 bf16_weights=true use_rows2=false elapsed_ms=0.465
kiln_profile_vulkan_mlp_kernel_stage stage=down batch=1 hidden=2560 intermediate=9216 out_dim=2560 bf16_weights=true use_rows2=false elapsed_ms=0.295
kiln_profile_vulkan_mlp_kernel_stage stage=readback_out batch=1 hidden=2560 intermediate=9216 out_dim=2560 bf16_weights=true use_rows2=false elapsed_ms=0.044
kiln_profile_vulkan_mlp_kernel_stage stage=create_tensor batch=1 hidden=2560 intermediate=9216 out_dim=2560 bf16_weights=true use_rows2=false elapsed_ms=0.000
kiln_profile_mlp_stage layer=10 stage=fused seq_len=1 start_pos=31 elapsed_ms=0.970
kiln_profile_vulkan_mlp_kernel_stage stage=extract_x batch=1 hidden=2560 intermediate=9216 out_dim=2560 bf16_weights=true use_rows2=false elapsed_ms=0.000
kiln_profile_vulkan_mlp_kernel_stage stage=alloc_x batch=1 hidden=2560 intermediate=9216 out_dim=2560 bf16_weights=true use_rows2=false elapsed_ms=0.004
kiln_profile_vulkan_mlp_kernel_stage stage=upload_x batch=1 hidden=2560 intermediate=9216 out_dim=2560 bf16_weights=true use_rows2=false elapsed_ms=0.058
kiln_profile_vulkan_mlp_kernel_stage stage=alloc_hidden_out batch=1 hidden=2560 intermediate=9216 out_dim=2560 bf16_weights=true use_rows2=false elapsed_ms=0.010
kiln_profile_vulkan_mlp_kernel_stage stage=gate_up batch=1 hidden=2560 intermediate=9216 out_dim=2560 bf16_weights=true use_rows2=false elapsed_ms=0.450
kiln_profile_vulkan_mlp_kernel_stage stage=down batch=1 hidden=2560 intermediate=9216 out_dim=2560 bf16_weights=true use_rows2=false elapsed_ms=0.292
kiln_profile_vulkan_mlp_kernel_stage stage=readback_out batch=1 hidden=2560 intermediate=9216 out_dim=2560 bf16_weights=true use_rows2=false elapsed_ms=0.068
kiln_profile_vulkan_mlp_kernel_stage stage=create_tensor batch=1 hidden=2560 intermediate=9216 out_dim=2560 bf16_weights=true use_rows2=false elapsed_ms=0.000
kiln_profile_mlp_stage layer=11 stage=fused seq_len=1 start_pos=31 elapsed_ms=0.931
kiln_profile_vulkan_mlp_kernel_stage stage=extract_x batch=1 hidden=2560 intermediate=9216 out_dim=2560 bf16_weights=true use_rows2=false elapsed_ms=0.000
kiln_profile_vulkan_mlp_kernel_stage stage=alloc_x batch=1 hidden=2560 intermediate=9216 out_dim=2560 bf16_weights=true use_rows2=false elapsed_ms=0.006
kiln_profile_vulkan_mlp_kernel_stage stage=upload_x batch=1 hidden=2560 intermediate=9216 out_dim=2560 bf16_weights=true use_rows2=false elapsed_ms=0.052
kiln_profile_vulkan_mlp_kernel_stage stage=alloc_hidden_out batch=1 hidden=2560 intermediate=9216 out_dim=2560 bf16_weights=true use_rows2=false elapsed_ms=0.009
kiln_profile_vulkan_mlp_kernel_stage stage=gate_up batch=1 hidden=2560 intermediate=9216 out_dim=2560 bf16_weights=true use_rows2=false elapsed_ms=0.446
kiln_profile_vulkan_mlp_kernel_stage stage=down batch=1 hidden=2560 intermediate=9216 out_dim=2560 bf16_weights=true use_rows2=false elapsed_ms=0.298
kiln_profile_vulkan_mlp_kernel_stage stage=readback_out batch=1 hidden=2560 intermediate=9216 out_dim=2560 bf16_weights=true use_rows2=false elapsed_ms=0.071
kiln_profile_vulkan_mlp_kernel_stage stage=create_tensor batch=1 hidden=2560 intermediate=9216 out_dim=2560 bf16_weights=true use_rows2=false elapsed_ms=0.000
kiln_profile_mlp_stage layer=12 stage=fused seq_len=1 start_pos=31 elapsed_ms=0.947
kiln_profile_vulkan_mlp_kernel_stage stage=extract_x batch=1 hidden=2560 intermediate=9216 out_dim=2560 bf16_weights=true use_rows2=false elapsed_ms=0.000
kiln_profile_vulkan_mlp_kernel_stage stage=alloc_x batch=1 hidden=2560 intermediate=9216 out_dim=2560 bf16_weights=true use_rows2=false elapsed_ms=0.006
kiln_profile_vulkan_mlp_kernel_stage stage=upload_x batch=1 hidden=2560 intermediate=9216 out_dim=2560 bf16_weights=true use_rows2=false elapsed_ms=0.081
kiln_profile_vulkan_mlp_kernel_stage stage=alloc_hidden_out batch=1 hidden=2560 intermediate=9216 out_dim=2560 bf16_weights=true use_rows2=false elapsed_ms=0.009
kiln_profile_vulkan_mlp_kernel_stage stage=gate_up batch=1 hidden=2560 intermediate=9216 out_dim=2560 bf16_weights=true use_rows2=false elapsed_ms=0.455
kiln_profile_vulkan_mlp_kernel_stage stage=down batch=1 hidden=2560 intermediate=9216 out_dim=2560 bf16_weights=true use_rows2=false elapsed_ms=0.289
kiln_profile_vulkan_mlp_kernel_stage stage=readback_out batch=1 hidden=2560 intermediate=9216 out_dim=2560 bf16_weights=true use_rows2=false elapsed_ms=0.146
kiln_profile_vulkan_mlp_kernel_stage stage=create_tensor batch=1 hidden=2560 intermediate=9216 out_dim=2560 bf16_weights=true use_rows2=false elapsed_ms=0.000
kiln_profile_mlp_stage layer=13 stage=fused seq_len=1 start_pos=31 elapsed_ms=1.033
kiln_profile_vulkan_mlp_kernel_stage stage=extract_x batch=1 hidden=2560 intermediate=9216 out_dim=2560 bf16_weights=true use_rows2=false elapsed_ms=0.000
kiln_profile_vulkan_mlp_kernel_stage stage=alloc_x batch=1 hidden=2560 intermediate=9216 out_dim=2560 bf16_weights=true use_rows2=false elapsed_ms=0.006
kiln_profile_vulkan_mlp_kernel_stage stage=upload_x batch=1 hidden=2560 intermediate=9216 out_dim=2560 bf16_weights=true use_rows2=false elapsed_ms=0.100
kiln_profile_vulkan_mlp_kernel_stage stage=alloc_hidden_out batch=1 hidden=2560 intermediate=9216 out_dim=2560 bf16_weights=true use_rows2=false elapsed_ms=0.011
kiln_profile_vulkan_mlp_kernel_stage stage=gate_up batch=1 hidden=2560 intermediate=9216 out_dim=2560 bf16_weights=true use_rows2=false elapsed_ms=0.482
kiln_profile_vulkan_mlp_kernel_stage stage=down batch=1 hidden=2560 intermediate=9216 out_dim=2560 bf16_weights=true use_rows2=false elapsed_ms=0.300
kiln_profile_vulkan_mlp_kernel_stage stage=readback_out batch=1 hidden=2560 intermediate=9216 out_dim=2560 bf16_weights=true use_rows2=false elapsed_ms=0.060
kiln_profile_vulkan_mlp_kernel_stage stage=create_tensor batch=1 hidden=2560 intermediate=9216 out_dim=2560 bf16_weights=true use_rows2=false elapsed_ms=0.001
kiln_profile_mlp_stage layer=14 stage=fused seq_len=1 start_pos=31 elapsed_ms=1.012
kiln_profile_vulkan_mlp_kernel_stage stage=extract_x batch=1 hidden=2560 intermediate=9216 out_dim=2560 bf16_weights=true use_rows2=false elapsed_ms=0.000
kiln_profile_vulkan_mlp_kernel_stage stage=alloc_x batch=1 hidden=2560 intermediate=9216 out_dim=2560 bf16_weights=true use_rows2=false elapsed_ms=0.005
kiln_profile_vulkan_mlp_kernel_stage stage=upload_x batch=1 hidden=2560 intermediate=9216 out_dim=2560 bf16_weights=true use_rows2=false elapsed_ms=0.081
kiln_profile_vulkan_mlp_kernel_stage stage=alloc_hidden_out batch=1 hidden=2560 intermediate=9216 out_dim=2560 bf16_weights=true use_rows2=false elapsed_ms=0.009
kiln_profile_vulkan_mlp_kernel_stage stage=gate_up batch=1 hidden=2560 intermediate=9216 out_dim=2560 bf16_weights=true use_rows2=false elapsed_ms=0.453
kiln_profile_vulkan_mlp_kernel_stage stage=down batch=1 hidden=2560 intermediate=9216 out_dim=2560 bf16_weights=true use_rows2=false elapsed_ms=0.292
kiln_profile_vulkan_mlp_kernel_stage stage=readback_out batch=1 hidden=2560 intermediate=9216 out_dim=2560 bf16_weights=true use_rows2=false elapsed_ms=0.068
kiln_profile_vulkan_mlp_kernel_stage stage=create_tensor batch=1 hidden=2560 intermediate=9216 out_dim=2560 bf16_weights=true use_rows2=false elapsed_ms=0.000
kiln_profile_mlp_stage layer=15 stage=fused seq_len=1 start_pos=31 elapsed_ms=0.954
kiln_profile_vulkan_mlp_kernel_stage stage=extract_x batch=1 hidden=2560 intermediate=9216 out_dim=2560 bf16_weights=true use_rows2=false elapsed_ms=0.000
kiln_profile_vulkan_mlp_kernel_stage stage=alloc_x batch=1 hidden=2560 intermediate=9216 out_dim=2560 bf16_weights=true use_rows2=false elapsed_ms=0.005
kiln_profile_vulkan_mlp_kernel_stage stage=upload_x batch=1 hidden=2560 intermediate=9216 out_dim=2560 bf16_weights=true use_rows2=false elapsed_ms=0.087
kiln_profile_vulkan_mlp_kernel_stage stage=alloc_hidden_out batch=1 hidden=2560 intermediate=9216 out_dim=2560 bf16_weights=true use_rows2=false elapsed_ms=0.009
kiln_profile_vulkan_mlp_kernel_stage stage=gate_up batch=1 hidden=2560 intermediate=9216 out_dim=2560 bf16_weights=true use_rows2=false elapsed_ms=0.475
kiln_profile_vulkan_mlp_kernel_stage stage=down batch=1 hidden=2560 intermediate=9216 out_dim=2560 bf16_weights=true use_rows2=false elapsed_ms=0.296
kiln_profile_vulkan_mlp_kernel_stage stage=readback_out batch=1 hidden=2560 intermediate=9216 out_dim=2560 bf16_weights=true use_rows2=false elapsed_ms=0.059
kiln_profile_vulkan_mlp_kernel_stage stage=create_tensor batch=1 hidden=2560 intermediate=9216 out_dim=2560 bf16_weights=true use_rows2=false elapsed_ms=0.000
kiln_profile_mlp_stage layer=16 stage=fused seq_len=1 start_pos=31 elapsed_ms=0.978
kiln_profile_vulkan_mlp_kernel_stage stage=extract_x batch=1 hidden=2560 intermediate=9216 out_dim=2560 bf16_weights=true use_rows2=false elapsed_ms=0.000
kiln_profile_vulkan_mlp_kernel_stage stage=alloc_x batch=1 hidden=2560 intermediate=9216 out_dim=2560 bf16_weights=true use_rows2=false elapsed_ms=0.005
kiln_profile_vulkan_mlp_kernel_stage stage=upload_x batch=1 hidden=2560 intermediate=9216 out_dim=2560 bf16_weights=true use_rows2=false elapsed_ms=0.079
kiln_profile_vulkan_mlp_kernel_stage stage=alloc_hidden_out batch=1 hidden=2560 intermediate=9216 out_dim=2560 bf16_weights=true use_rows2=false elapsed_ms=0.009
kiln_profile_vulkan_mlp_kernel_stage stage=gate_up batch=1 hidden=2560 intermediate=9216 out_dim=2560 bf16_weights=true use_rows2=false elapsed_ms=0.445
kiln_profile_vulkan_mlp_kernel_stage stage=down batch=1 hidden=2560 intermediate=9216 out_dim=2560 bf16_weights=true use_rows2=false elapsed_ms=0.295
kiln_profile_vulkan_mlp_kernel_stage stage=readback_out batch=1 hidden=2560 intermediate=9216 out_dim=2560 bf16_weights=true use_rows2=false elapsed_ms=0.044
kiln_profile_vulkan_mlp_kernel_stage stage=create_tensor batch=1 hidden=2560 intermediate=9216 out_dim=2560 bf16_weights=true use_rows2=false elapsed_ms=0.000
kiln_profile_mlp_stage layer=17 stage=fused seq_len=1 start_pos=31 elapsed_ms=0.927
kiln_profile_vulkan_mlp_kernel_stage stage=extract_x batch=1 hidden=2560 intermediate=9216 out_dim=2560 bf16_weights=true use_rows2=false elapsed_ms=0.000
kiln_profile_vulkan_mlp_kernel_stage stage=alloc_x batch=1 hidden=2560 intermediate=9216 out_dim=2560 bf16_weights=true use_rows2=false elapsed_ms=0.007
kiln_profile_vulkan_mlp_kernel_stage stage=upload_x batch=1 hidden=2560 intermediate=9216 out_dim=2560 bf16_weights=true use_rows2=false elapsed_ms=0.070
kiln_profile_vulkan_mlp_kernel_stage stage=alloc_hidden_out batch=1 hidden=2560 intermediate=9216 out_dim=2560 bf16_weights=true use_rows2=false elapsed_ms=0.011
kiln_profile_vulkan_mlp_kernel_stage stage=gate_up batch=1 hidden=2560 intermediate=9216 out_dim=2560 bf16_weights=true use_rows2=false elapsed_ms=0.460
kiln_profile_vulkan_mlp_kernel_stage stage=down batch=1 hidden=2560 intermediate=9216 out_dim=2560 bf16_weights=true use_rows2=false elapsed_ms=0.295
kiln_profile_vulkan_mlp_kernel_stage stage=readback_out batch=1 hidden=2560 intermediate=9216 out_dim=2560 bf16_weights=true use_rows2=false elapsed_ms=0.046
kiln_profile_vulkan_mlp_kernel_stage stage=create_tensor batch=1 hidden=2560 intermediate=9216 out_dim=2560 bf16_weights=true use_rows2=false elapsed_ms=0.000
kiln_profile_mlp_stage layer=18 stage=fused seq_len=1 start_pos=31 elapsed_ms=0.935
kiln_profile_vulkan_mlp_kernel_stage stage=extract_x batch=1 hidden=2560 intermediate=9216 out_dim=2560 bf16_weights=true use_rows2=false elapsed_ms=0.000
kiln_profile_vulkan_mlp_kernel_stage stage=alloc_x batch=1 hidden=2560 intermediate=9216 out_dim=2560 bf16_weights=true use_rows2=false elapsed_ms=0.005
kiln_profile_vulkan_mlp_kernel_stage stage=upload_x batch=1 hidden=2560 intermediate=9216 out_dim=2560 bf16_weights=true use_rows2=false elapsed_ms=0.082
kiln_profile_vulkan_mlp_kernel_stage stage=alloc_hidden_out batch=1 hidden=2560 intermediate=9216 out_dim=2560 bf16_weights=true use_rows2=false elapsed_ms=0.012
kiln_profile_vulkan_mlp_kernel_stage stage=gate_up batch=1 hidden=2560 intermediate=9216 out_dim=2560 bf16_weights=true use_rows2=false elapsed_ms=0.450
kiln_profile_vulkan_mlp_kernel_stage stage=down batch=1 hidden=2560 intermediate=9216 out_dim=2560 bf16_weights=true use_rows2=false elapsed_ms=0.293
kiln_profile_vulkan_mlp_kernel_stage stage=readback_out batch=1 hidden=2560 intermediate=9216 out_dim=2560 bf16_weights=true use_rows2=false elapsed_ms=0.072
kiln_profile_vulkan_mlp_kernel_stage stage=create_tensor batch=1 hidden=2560 intermediate=9216 out_dim=2560 bf16_weights=true use_rows2=false elapsed_ms=0.001
kiln_profile_mlp_stage layer=19 stage=fused seq_len=1 start_pos=31 elapsed_ms=0.967
kiln_profile_vulkan_mlp_kernel_stage stage=extract_x batch=1 hidden=2560 intermediate=9216 out_dim=2560 bf16_weights=true use_rows2=false elapsed_ms=0.001
kiln_profile_vulkan_mlp_kernel_stage stage=alloc_x batch=1 hidden=2560 intermediate=9216 out_dim=2560 bf16_weights=true use_rows2=false elapsed_ms=0.010
kiln_profile_vulkan_mlp_kernel_stage stage=upload_x batch=1 hidden=2560 intermediate=9216 out_dim=2560 bf16_weights=true use_rows2=false elapsed_ms=0.059
kiln_profile_vulkan_mlp_kernel_stage stage=alloc_hidden_out batch=1 hidden=2560 intermediate=9216 out_dim=2560 bf16_weights=true use_rows2=false elapsed_ms=0.015
kiln_profile_vulkan_mlp_kernel_stage stage=gate_up batch=1 hidden=2560 intermediate=9216 out_dim=2560 bf16_weights=true use_rows2=false elapsed_ms=0.452
kiln_profile_vulkan_mlp_kernel_stage stage=down batch=1 hidden=2560 intermediate=9216 out_dim=2560 bf16_weights=true use_rows2=false elapsed_ms=0.297
kiln_profile_vulkan_mlp_kernel_stage stage=readback_out batch=1 hidden=2560 intermediate=9216 out_dim=2560 bf16_weights=true use_rows2=false elapsed_ms=0.097
kiln_profile_vulkan_mlp_kernel_stage stage=create_tensor batch=1 hidden=2560 intermediate=9216 out_dim=2560 bf16_weights=true use_rows2=false elapsed_ms=0.001
kiln_profile_mlp_stage layer=20 stage=fused seq_len=1 start_pos=31 elapsed_ms=0.990
kiln_profile_vulkan_mlp_kernel_stage stage=extract_x batch=1 hidden=2560 intermediate=9216 out_dim=2560 bf16_weights=true use_rows2=false elapsed_ms=0.000
kiln_profile_vulkan_mlp_kernel_stage stage=alloc_x batch=1 hidden=2560 intermediate=9216 out_dim=2560 bf16_weights=true use_rows2=false elapsed_ms=0.007
kiln_profile_vulkan_mlp_kernel_stage stage=upload_x batch=1 hidden=2560 intermediate=9216 out_dim=2560 bf16_weights=true use_rows2=false elapsed_ms=0.069
kiln_profile_vulkan_mlp_kernel_stage stage=alloc_hidden_out batch=1 hidden=2560 intermediate=9216 out_dim=2560 bf16_weights=true use_rows2=false elapsed_ms=0.010
kiln_profile_vulkan_mlp_kernel_stage stage=gate_up batch=1 hidden=2560 intermediate=9216 out_dim=2560 bf16_weights=true use_rows2=false elapsed_ms=0.450
kiln_profile_vulkan_mlp_kernel_stage stage=down batch=1 hidden=2560 intermediate=9216 out_dim=2560 bf16_weights=true use_rows2=false elapsed_ms=0.292
kiln_profile_vulkan_mlp_kernel_stage stage=readback_out batch=1 hidden=2560 intermediate=9216 out_dim=2560 bf16_weights=true use_rows2=false elapsed_ms=0.062
kiln_profile_vulkan_mlp_kernel_stage stage=create_tensor batch=1 hidden=2560 intermediate=9216 out_dim=2560 bf16_weights=true use_rows2=false elapsed_ms=0.001
kiln_profile_mlp_stage layer=21 stage=fused seq_len=1 start_pos=31 elapsed_ms=0.937
kiln_profile_vulkan_mlp_kernel_stage stage=extract_x batch=1 hidden=2560 intermediate=9216 out_dim=2560 bf16_weights=true use_rows2=false elapsed_ms=0.000
kiln_profile_vulkan_mlp_kernel_stage stage=alloc_x batch=1 hidden=2560 intermediate=9216 out_dim=2560 bf16_weights=true use_rows2=false elapsed_ms=0.005
kiln_profile_vulkan_mlp_kernel_stage stage=upload_x batch=1 hidden=2560 intermediate=9216 out_dim=2560 bf16_weights=true use_rows2=false elapsed_ms=0.082
kiln_profile_vulkan_mlp_kernel_stage stage=alloc_hidden_out batch=1 hidden=2560 intermediate=9216 out_dim=2560 bf16_weights=true use_rows2=false elapsed_ms=0.009
kiln_profile_vulkan_mlp_kernel_stage stage=gate_up batch=1 hidden=2560 intermediate=9216 out_dim=2560 bf16_weights=true use_rows2=false elapsed_ms=0.454
kiln_profile_vulkan_mlp_kernel_stage stage=down batch=1 hidden=2560 intermediate=9216 out_dim=2560 bf16_weights=true use_rows2=false elapsed_ms=0.290
kiln_profile_vulkan_mlp_kernel_stage stage=readback_out batch=1 hidden=2560 intermediate=9216 out_dim=2560 bf16_weights=true use_rows2=false elapsed_ms=0.045
kiln_profile_vulkan_mlp_kernel_stage stage=create_tensor batch=1 hidden=2560 intermediate=9216 out_dim=2560 bf16_weights=true use_rows2=false elapsed_ms=0.001
kiln_profile_mlp_stage layer=22 stage=fused seq_len=1 start_pos=31 elapsed_ms=0.931
kiln_profile_vulkan_mlp_kernel_stage stage=extract_x batch=1 hidden=2560 intermediate=9216 out_dim=2560 bf16_weights=true use_rows2=false elapsed_ms=0.000
kiln_profile_vulkan_mlp_kernel_stage stage=alloc_x batch=1 hidden=2560 intermediate=9216 out_dim=2560 bf16_weights=true use_rows2=false elapsed_ms=0.005
kiln_profile_vulkan_mlp_kernel_stage stage=upload_x batch=1 hidden=2560 intermediate=9216 out_dim=2560 bf16_weights=true use_rows2=false elapsed_ms=0.078
kiln_profile_vulkan_mlp_kernel_stage stage=alloc_hidden_out batch=1 hidden=2560 intermediate=9216 out_dim=2560 bf16_weights=true use_rows2=false elapsed_ms=0.009
kiln_profile_vulkan_mlp_kernel_stage stage=gate_up batch=1 hidden=2560 intermediate=9216 out_dim=2560 bf16_weights=true use_rows2=false elapsed_ms=0.449
kiln_profile_vulkan_mlp_kernel_stage stage=down batch=1 hidden=2560 intermediate=9216 out_dim=2560 bf16_weights=true use_rows2=false elapsed_ms=0.310
kiln_profile_vulkan_mlp_kernel_stage stage=readback_out batch=1 hidden=2560 intermediate=9216 out_dim=2560 bf16_weights=true use_rows2=false elapsed_ms=0.110
kiln_profile_vulkan_mlp_kernel_stage stage=create_tensor batch=1 hidden=2560 intermediate=9216 out_dim=2560 bf16_weights=true use_rows2=false elapsed_ms=0.001
kiln_profile_mlp_stage layer=23 stage=fused seq_len=1 start_pos=31 elapsed_ms=1.017
kiln_profile_vulkan_mlp_kernel_stage stage=extract_x batch=1 hidden=2560 intermediate=9216 out_dim=2560 bf16_weights=true use_rows2=false elapsed_ms=0.000
kiln_profile_vulkan_mlp_kernel_stage stage=alloc_x batch=1 hidden=2560 intermediate=9216 out_dim=2560 bf16_weights=true use_rows2=false elapsed_ms=0.009
kiln_profile_vulkan_mlp_kernel_stage stage=upload_x batch=1 hidden=2560 intermediate=9216 out_dim=2560 bf16_weights=true use_rows2=false elapsed_ms=0.073
kiln_profile_vulkan_mlp_kernel_stage stage=alloc_hidden_out batch=1 hidden=2560 intermediate=9216 out_dim=2560 bf16_weights=true use_rows2=false elapsed_ms=0.012
kiln_profile_vulkan_mlp_kernel_stage stage=gate_up batch=1 hidden=2560 intermediate=9216 out_dim=2560 bf16_weights=true use_rows2=false elapsed_ms=0.535
kiln_profile_vulkan_mlp_kernel_stage stage=down batch=1 hidden=2560 intermediate=9216 out_dim=2560 bf16_weights=true use_rows2=false elapsed_ms=0.294
kiln_profile_vulkan_mlp_kernel_stage stage=readback_out batch=1 hidden=2560 intermediate=9216 out_dim=2560 bf16_weights=true use_rows2=false elapsed_ms=0.069
kiln_profile_vulkan_mlp_kernel_stage stage=create_tensor batch=1 hidden=2560 intermediate=9216 out_dim=2560 bf16_weights=true use_rows2=false elapsed_ms=0.000
kiln_profile_mlp_stage layer=24 stage=fused seq_len=1 start_pos=31 elapsed_ms=1.078
kiln_profile_vulkan_mlp_kernel_stage stage=extract_x batch=1 hidden=2560 intermediate=9216 out_dim=2560 bf16_weights=true use_rows2=false elapsed_ms=0.000
kiln_profile_vulkan_mlp_kernel_stage stage=alloc_x batch=1 hidden=2560 intermediate=9216 out_dim=2560 bf16_weights=true use_rows2=false elapsed_ms=0.006
kiln_profile_vulkan_mlp_kernel_stage stage=upload_x batch=1 hidden=2560 intermediate=9216 out_dim=2560 bf16_weights=true use_rows2=false elapsed_ms=0.072
kiln_profile_vulkan_mlp_kernel_stage stage=alloc_hidden_out batch=1 hidden=2560 intermediate=9216 out_dim=2560 bf16_weights=true use_rows2=false elapsed_ms=0.010
kiln_profile_vulkan_mlp_kernel_stage stage=gate_up batch=1 hidden=2560 intermediate=9216 out_dim=2560 bf16_weights=true use_rows2=false elapsed_ms=0.473
kiln_profile_vulkan_mlp_kernel_stage stage=down batch=1 hidden=2560 intermediate=9216 out_dim=2560 bf16_weights=true use_rows2=false elapsed_ms=0.301
kiln_profile_vulkan_mlp_kernel_stage stage=readback_out batch=1 hidden=2560 intermediate=9216 out_dim=2560 bf16_weights=true use_rows2=false elapsed_ms=0.081
kiln_profile_vulkan_mlp_kernel_stage stage=create_tensor batch=1 hidden=2560 intermediate=9216 out_dim=2560 bf16_weights=true use_rows2=false elapsed_ms=0.001
kiln_profile_mlp_stage layer=25 stage=fused seq_len=1 start_pos=31 elapsed_ms=1.013
kiln_profile_vulkan_mlp_kernel_stage stage=extract_x batch=1 hidden=2560 intermediate=9216 out_dim=2560 bf16_weights=true use_rows2=false elapsed_ms=0.000
kiln_profile_vulkan_mlp_kernel_stage stage=alloc_x batch=1 hidden=2560 intermediate=9216 out_dim=2560 bf16_weights=true use_rows2=false elapsed_ms=0.010
kiln_profile_vulkan_mlp_kernel_stage stage=upload_x batch=1 hidden=2560 intermediate=9216 out_dim=2560 bf16_weights=true use_rows2=false elapsed_ms=0.062
kiln_profile_vulkan_mlp_kernel_stage stage=alloc_hidden_out batch=1 hidden=2560 intermediate=9216 out_dim=2560 bf16_weights=true use_rows2=false elapsed_ms=0.009
kiln_profile_vulkan_mlp_kernel_stage stage=gate_up batch=1 hidden=2560 intermediate=9216 out_dim=2560 bf16_weights=true use_rows2=false elapsed_ms=0.479
kiln_profile_vulkan_mlp_kernel_stage stage=down batch=1 hidden=2560 intermediate=9216 out_dim=2560 bf16_weights=true use_rows2=false elapsed_ms=0.292
kiln_profile_vulkan_mlp_kernel_stage stage=readback_out batch=1 hidden=2560 intermediate=9216 out_dim=2560 bf16_weights=true use_rows2=false elapsed_ms=0.053
kiln_profile_vulkan_mlp_kernel_stage stage=create_tensor batch=1 hidden=2560 intermediate=9216 out_dim=2560 bf16_weights=true use_rows2=false elapsed_ms=0.000
kiln_profile_mlp_stage layer=26 stage=fused seq_len=1 start_pos=31 elapsed_ms=0.958
kiln_profile_vulkan_mlp_kernel_stage stage=extract_x batch=1 hidden=2560 intermediate=9216 out_dim=2560 bf16_weights=true use_rows2=false elapsed_ms=0.000
kiln_profile_vulkan_mlp_kernel_stage stage=alloc_x batch=1 hidden=2560 intermediate=9216 out_dim=2560 bf16_weights=true use_rows2=false elapsed_ms=0.005
kiln_profile_vulkan_mlp_kernel_stage stage=upload_x batch=1 hidden=2560 intermediate=9216 out_dim=2560 bf16_weights=true use_rows2=false elapsed_ms=0.068
kiln_profile_vulkan_mlp_kernel_stage stage=alloc_hidden_out batch=1 hidden=2560 intermediate=9216 out_dim=2560 bf16_weights=true use_rows2=false elapsed_ms=0.010
kiln_profile_vulkan_mlp_kernel_stage stage=gate_up batch=1 hidden=2560 intermediate=9216 out_dim=2560 bf16_weights=true use_rows2=false elapsed_ms=0.451
kiln_profile_vulkan_mlp_kernel_stage stage=down batch=1 hidden=2560 intermediate=9216 out_dim=2560 bf16_weights=true use_rows2=false elapsed_ms=0.299
kiln_profile_vulkan_mlp_kernel_stage stage=readback_out batch=1 hidden=2560 intermediate=9216 out_dim=2560 bf16_weights=true use_rows2=false elapsed_ms=0.071
kiln_profile_vulkan_mlp_kernel_stage stage=create_tensor batch=1 hidden=2560 intermediate=9216 out_dim=2560 bf16_weights=true use_rows2=false elapsed_ms=0.000
kiln_profile_mlp_stage layer=27 stage=fused seq_len=1 start_pos=31 elapsed_ms=0.948
kiln_profile_vulkan_mlp_kernel_stage stage=extract_x batch=1 hidden=2560 intermediate=9216 out_dim=2560 bf16_weights=true use_rows2=false elapsed_ms=0.000
kiln_profile_vulkan_mlp_kernel_stage stage=alloc_x batch=1 hidden=2560 intermediate=9216 out_dim=2560 bf16_weights=true use_rows2=false elapsed_ms=0.005
kiln_profile_vulkan_mlp_kernel_stage stage=upload_x batch=1 hidden=2560 intermediate=9216 out_dim=2560 bf16_weights=true use_rows2=false elapsed_ms=0.056
kiln_profile_vulkan_mlp_kernel_stage stage=alloc_hidden_out batch=1 hidden=2560 intermediate=9216 out_dim=2560 bf16_weights=true use_rows2=false elapsed_ms=0.009
kiln_profile_vulkan_mlp_kernel_stage stage=gate_up batch=1 hidden=2560 intermediate=9216 out_dim=2560 bf16_weights=true use_rows2=false elapsed_ms=0.448
kiln_profile_vulkan_mlp_kernel_stage stage=down batch=1 hidden=2560 intermediate=9216 out_dim=2560 bf16_weights=true use_rows2=false elapsed_ms=0.293
kiln_profile_vulkan_mlp_kernel_stage stage=readback_out batch=1 hidden=2560 intermediate=9216 out_dim=2560 bf16_weights=true use_rows2=false elapsed_ms=0.102
kiln_profile_vulkan_mlp_kernel_stage stage=create_tensor batch=1 hidden=2560 intermediate=9216 out_dim=2560 bf16_weights=true use_rows2=false elapsed_ms=0.000
kiln_profile_mlp_stage layer=28 stage=fused seq_len=1 start_pos=31 elapsed_ms=0.960
kiln_profile_vulkan_mlp_kernel_stage stage=extract_x batch=1 hidden=2560 intermediate=9216 out_dim=2560 bf16_weights=true use_rows2=false elapsed_ms=0.000
kiln_profile_vulkan_mlp_kernel_stage stage=alloc_x batch=1 hidden=2560 intermediate=9216 out_dim=2560 bf16_weights=true use_rows2=false elapsed_ms=0.004
kiln_profile_vulkan_mlp_kernel_stage stage=upload_x batch=1 hidden=2560 intermediate=9216 out_dim=2560 bf16_weights=true use_rows2=false elapsed_ms=0.072
kiln_profile_vulkan_mlp_kernel_stage stage=alloc_hidden_out batch=1 hidden=2560 intermediate=9216 out_dim=2560 bf16_weights=true use_rows2=false elapsed_ms=0.009
kiln_profile_vulkan_mlp_kernel_stage stage=gate_up batch=1 hidden=2560 intermediate=9216 out_dim=2560 bf16_weights=true use_rows2=false elapsed_ms=0.454
kiln_profile_vulkan_mlp_kernel_stage stage=down batch=1 hidden=2560 intermediate=9216 out_dim=2560 bf16_weights=true use_rows2=false elapsed_ms=0.295
kiln_profile_vulkan_mlp_kernel_stage stage=readback_out batch=1 hidden=2560 intermediate=9216 out_dim=2560 bf16_weights=true use_rows2=false elapsed_ms=0.081
kiln_profile_vulkan_mlp_kernel_stage stage=create_tensor batch=1 hidden=2560 intermediate=9216 out_dim=2560 bf16_weights=true use_rows2=false elapsed_ms=0.000
kiln_profile_mlp_stage layer=29 stage=fused seq_len=1 start_pos=31 elapsed_ms=0.970
kiln_profile_vulkan_mlp_kernel_stage stage=extract_x batch=1 hidden=2560 intermediate=9216 out_dim=2560 bf16_weights=true use_rows2=false elapsed_ms=0.000
kiln_profile_vulkan_mlp_kernel_stage stage=alloc_x batch=1 hidden=2560 intermediate=9216 out_dim=2560 bf16_weights=true use_rows2=false elapsed_ms=0.005
kiln_profile_vulkan_mlp_kernel_stage stage=upload_x batch=1 hidden=2560 intermediate=9216 out_dim=2560 bf16_weights=true use_rows2=false elapsed_ms=0.060
kiln_profile_vulkan_mlp_kernel_stage stage=alloc_hidden_out batch=1 hidden=2560 intermediate=9216 out_dim=2560 bf16_weights=true use_rows2=false elapsed_ms=0.009
kiln_profile_vulkan_mlp_kernel_stage stage=gate_up batch=1 hidden=2560 intermediate=9216 out_dim=2560 bf16_weights=true use_rows2=false elapsed_ms=0.437
kiln_profile_vulkan_mlp_kernel_stage stage=down batch=1 hidden=2560 intermediate=9216 out_dim=2560 bf16_weights=true use_rows2=false elapsed_ms=0.295
kiln_profile_vulkan_mlp_kernel_stage stage=readback_out batch=1 hidden=2560 intermediate=9216 out_dim=2560 bf16_weights=true use_rows2=false elapsed_ms=0.047
kiln_profile_vulkan_mlp_kernel_stage stage=create_tensor batch=1 hidden=2560 intermediate=9216 out_dim=2560 bf16_weights=true use_rows2=false elapsed_ms=0.000
kiln_profile_mlp_stage layer=30 stage=fused seq_len=1 start_pos=31 elapsed_ms=0.899
kiln_profile_vulkan_mlp_kernel_stage stage=extract_x batch=1 hidden=2560 intermediate=9216 out_dim=2560 bf16_weights=true use_rows2=false elapsed_ms=0.000
kiln_profile_vulkan_mlp_kernel_stage stage=alloc_x batch=1 hidden=2560 intermediate=9216 out_dim=2560 bf16_weights=true use_rows2=false elapsed_ms=0.004
kiln_profile_vulkan_mlp_kernel_stage stage=upload_x batch=1 hidden=2560 intermediate=9216 out_dim=2560 bf16_weights=true use_rows2=false elapsed_ms=0.073
kiln_profile_vulkan_mlp_kernel_stage stage=alloc_hidden_out batch=1 hidden=2560 intermediate=9216 out_dim=2560 bf16_weights=true use_rows2=false elapsed_ms=0.009
kiln_profile_vulkan_mlp_kernel_stage stage=gate_up batch=1 hidden=2560 intermediate=9216 out_dim=2560 bf16_weights=true use_rows2=false elapsed_ms=0.453
kiln_profile_vulkan_mlp_kernel_stage stage=down batch=1 hidden=2560 intermediate=9216 out_dim=2560 bf16_weights=true use_rows2=false elapsed_ms=0.294
kiln_profile_vulkan_mlp_kernel_stage stage=readback_out batch=1 hidden=2560 intermediate=9216 out_dim=2560 bf16_weights=true use_rows2=false elapsed_ms=0.088
kiln_profile_vulkan_mlp_kernel_stage stage=create_tensor batch=1 hidden=2560 intermediate=9216 out_dim=2560 bf16_weights=true use_rows2=false elapsed_ms=0.000
kiln_profile_mlp_stage layer=31 stage=fused seq_len=1 start_pos=31 elapsed_ms=0.966
kiln_profile_vulkan_mlp_kernel_stage stage=extract_x batch=3 hidden=2560 intermediate=9216 out_dim=2560 bf16_weights=true use_rows2=false elapsed_ms=0.002
kiln_profile_vulkan_mlp_kernel_stage stage=alloc_x batch=3 hidden=2560 intermediate=9216 out_dim=2560 bf16_weights=true use_rows2=false elapsed_ms=0.017
kiln_profile_vulkan_mlp_kernel_stage stage=upload_x batch=3 hidden=2560 intermediate=9216 out_dim=2560 bf16_weights=true use_rows2=false elapsed_ms=0.053
kiln_profile_vulkan_mlp_kernel_stage stage=alloc_hidden_out batch=3 hidden=2560 intermediate=9216 out_dim=2560 bf16_weights=true use_rows2=false elapsed_ms=0.019
kiln_profile_vulkan_mlp_kernel_stage stage=gate_up batch=3 hidden=2560 intermediate=9216 out_dim=2560 bf16_weights=true use_rows2=false elapsed_ms=0.603
kiln_profile_vulkan_mlp_kernel_stage stage=down batch=3 hidden=2560 intermediate=9216 out_dim=2560 bf16_weights=true use_rows2=false elapsed_ms=0.517
kiln_profile_vulkan_mlp_kernel_stage stage=readback_out batch=3 hidden=2560 intermediate=9216 out_dim=2560 bf16_weights=true use_rows2=false elapsed_ms=0.176
kiln_profile_vulkan_mlp_kernel_stage stage=create_tensor batch=3 hidden=2560 intermediate=9216 out_dim=2560 bf16_weights=true use_rows2=false elapsed_ms=0.002
kiln_profile_mlp_stage layer=0 stage=fused seq_len=1 start_pos=36 elapsed_ms=1.495
kiln_profile_vulkan_mlp_kernel_stage stage=extract_x batch=3 hidden=2560 intermediate=9216 out_dim=2560 bf16_weights=true use_rows2=false elapsed_ms=0.002
kiln_profile_vulkan_mlp_kernel_stage stage=alloc_x batch=3 hidden=2560 intermediate=9216 out_dim=2560 bf16_weights=true use_rows2=false elapsed_ms=0.007
kiln_profile_vulkan_mlp_kernel_stage stage=upload_x batch=3 hidden=2560 intermediate=9216 out_dim=2560 bf16_weights=true use_rows2=false elapsed_ms=0.068
kiln_profile_vulkan_mlp_kernel_stage stage=alloc_hidden_out batch=3 hidden=2560 intermediate=9216 out_dim=2560 bf16_weights=true use_rows2=false elapsed_ms=0.014
kiln_profile_vulkan_mlp_kernel_stage stage=gate_up batch=3 hidden=2560 intermediate=9216 out_dim=2560 bf16_weights=true use_rows2=false elapsed_ms=0.590
kiln_profile_vulkan_mlp_kernel_stage stage=down batch=3 hidden=2560 intermediate=9216 out_dim=2560 bf16_weights=true use_rows2=false elapsed_ms=0.454
kiln_profile_vulkan_mlp_kernel_stage stage=readback_out batch=3 hidden=2560 intermediate=9216 out_dim=2560 bf16_weights=true use_rows2=false elapsed_ms=0.151
kiln_profile_vulkan_mlp_kernel_stage stage=create_tensor batch=3 hidden=2560 intermediate=9216 out_dim=2560 bf16_weights=true use_rows2=false elapsed_ms=0.002
kiln_profile_mlp_stage layer=1 stage=fused seq_len=1 start_pos=36 elapsed_ms=1.352
kiln_profile_vulkan_mlp_kernel_stage stage=extract_x batch=3 hidden=2560 intermediate=9216 out_dim=2560 bf16_weights=true use_rows2=false elapsed_ms=0.001
kiln_profile_vulkan_mlp_kernel_stage stage=alloc_x batch=3 hidden=2560 intermediate=9216 out_dim=2560 bf16_weights=true use_rows2=false elapsed_ms=0.008
kiln_profile_vulkan_mlp_kernel_stage stage=upload_x batch=3 hidden=2560 intermediate=9216 out_dim=2560 bf16_weights=true use_rows2=false elapsed_ms=0.062
kiln_profile_vulkan_mlp_kernel_stage stage=alloc_hidden_out batch=3 hidden=2560 intermediate=9216 out_dim=2560 bf16_weights=true use_rows2=false elapsed_ms=0.012
kiln_profile_vulkan_mlp_kernel_stage stage=gate_up batch=3 hidden=2560 intermediate=9216 out_dim=2560 bf16_weights=true use_rows2=false elapsed_ms=0.584
kiln_profile_vulkan_mlp_kernel_stage stage=down batch=3 hidden=2560 intermediate=9216 out_dim=2560 bf16_weights=true use_rows2=false elapsed_ms=0.458
kiln_profile_vulkan_mlp_kernel_stage stage=readback_out batch=3 hidden=2560 intermediate=9216 out_dim=2560 bf16_weights=true use_rows2=false elapsed_ms=0.069
kiln_profile_vulkan_mlp_kernel_stage stage=create_tensor batch=3 hidden=2560 intermediate=9216 out_dim=2560 bf16_weights=true use_rows2=false elapsed_ms=0.001
kiln_profile_mlp_stage layer=2 stage=fused seq_len=1 start_pos=36 elapsed_ms=1.273
kiln_profile_vulkan_mlp_kernel_stage stage=extract_x batch=3 hidden=2560 intermediate=9216 out_dim=2560 bf16_weights=true use_rows2=false elapsed_ms=0.001
kiln_profile_vulkan_mlp_kernel_stage stage=alloc_x batch=3 hidden=2560 intermediate=9216 out_dim=2560 bf16_weights=true use_rows2=false elapsed_ms=0.005
kiln_profile_vulkan_mlp_kernel_stage stage=upload_x batch=3 hidden=2560 intermediate=9216 out_dim=2560 bf16_weights=true use_rows2=false elapsed_ms=0.061
kiln_profile_vulkan_mlp_kernel_stage stage=alloc_hidden_out batch=3 hidden=2560 intermediate=9216 out_dim=2560 bf16_weights=true use_rows2=false elapsed_ms=0.011
kiln_profile_vulkan_mlp_kernel_stage stage=gate_up batch=3 hidden=2560 intermediate=9216 out_dim=2560 bf16_weights=true use_rows2=false elapsed_ms=0.983
kiln_profile_vulkan_mlp_kernel_stage stage=down batch=3 hidden=2560 intermediate=9216 out_dim=2560 bf16_weights=true use_rows2=false elapsed_ms=0.510
kiln_profile_vulkan_mlp_kernel_stage stage=readback_out batch=3 hidden=2560 intermediate=9216 out_dim=2560 bf16_weights=true use_rows2=false elapsed_ms=0.152
kiln_profile_vulkan_mlp_kernel_stage stage=create_tensor batch=3 hidden=2560 intermediate=9216 out_dim=2560 bf16_weights=true use_rows2=false elapsed_ms=0.001
kiln_profile_mlp_stage layer=3 stage=fused seq_len=1 start_pos=36 elapsed_ms=1.783
kiln_profile_vulkan_mlp_kernel_stage stage=extract_x batch=3 hidden=2560 intermediate=9216 out_dim=2560 bf16_weights=true use_rows2=false elapsed_ms=0.001
kiln_profile_vulkan_mlp_kernel_stage stage=alloc_x batch=3 hidden=2560 intermediate=9216 out_dim=2560 bf16_weights=true use_rows2=false elapsed_ms=0.006
kiln_profile_vulkan_mlp_kernel_stage stage=upload_x batch=3 hidden=2560 intermediate=9216 out_dim=2560 bf16_weights=true use_rows2=false elapsed_ms=0.272
kiln_profile_vulkan_mlp_kernel_stage stage=alloc_hidden_out batch=3 hidden=2560 intermediate=9216 out_dim=2560 bf16_weights=true use_rows2=false elapsed_ms=0.010
kiln_profile_vulkan_mlp_kernel_stage stage=gate_up batch=3 hidden=2560 intermediate=9216 out_dim=2560 bf16_weights=true use_rows2=false elapsed_ms=0.659
kiln_profile_vulkan_mlp_kernel_stage stage=down batch=3 hidden=2560 intermediate=9216 out_dim=2560 bf16_weights=true use_rows2=false elapsed_ms=0.454
kiln_profile_vulkan_mlp_kernel_stage stage=readback_out batch=3 hidden=2560 intermediate=9216 out_dim=2560 bf16_weights=true use_rows2=false elapsed_ms=0.142
kiln_profile_vulkan_mlp_kernel_stage stage=create_tensor batch=3 hidden=2560 intermediate=9216 out_dim=2560 bf16_weights=true use_rows2=false elapsed_ms=0.001
kiln_profile_mlp_stage layer=4 stage=fused seq_len=1 start_pos=36 elapsed_ms=1.600
kiln_profile_vulkan_mlp_kernel_stage stage=extract_x batch=3 hidden=2560 intermediate=9216 out_dim=2560 bf16_weights=true use_rows2=false elapsed_ms=0.001
kiln_profile_vulkan_mlp_kernel_stage stage=alloc_x batch=3 hidden=2560 intermediate=9216 out_dim=2560 bf16_weights=true use_rows2=false elapsed_ms=0.007
kiln_profile_vulkan_mlp_kernel_stage stage=upload_x batch=3 hidden=2560 intermediate=9216 out_dim=2560 bf16_weights=true use_rows2=false elapsed_ms=0.066
kiln_profile_vulkan_mlp_kernel_stage stage=alloc_hidden_out batch=3 hidden=2560 intermediate=9216 out_dim=2560 bf16_weights=true use_rows2=false elapsed_ms=0.012
kiln_profile_vulkan_mlp_kernel_stage stage=gate_up batch=3 hidden=2560 intermediate=9216 out_dim=2560 bf16_weights=true use_rows2=false elapsed_ms=0.598
kiln_profile_vulkan_mlp_kernel_stage stage=down batch=3 hidden=2560 intermediate=9216 out_dim=2560 bf16_weights=true use_rows2=false elapsed_ms=0.460
kiln_profile_vulkan_mlp_kernel_stage stage=readback_out batch=3 hidden=2560 intermediate=9216 out_dim=2560 bf16_weights=true use_rows2=false elapsed_ms=0.143
kiln_profile_vulkan_mlp_kernel_stage stage=create_tensor batch=3 hidden=2560 intermediate=9216 out_dim=2560 bf16_weights=true use_rows2=false elapsed_ms=0.001
kiln_profile_mlp_stage layer=5 stage=fused seq_len=1 start_pos=36 elapsed_ms=1.347
kiln_profile_vulkan_mlp_kernel_stage stage=extract_x batch=3 hidden=2560 intermediate=9216 out_dim=2560 bf16_weights=true use_rows2=false elapsed_ms=0.002
kiln_profile_vulkan_mlp_kernel_stage stage=alloc_x batch=3 hidden=2560 intermediate=9216 out_dim=2560 bf16_weights=true use_rows2=false elapsed_ms=0.007
kiln_profile_vulkan_mlp_kernel_stage stage=upload_x batch=3 hidden=2560 intermediate=9216 out_dim=2560 bf16_weights=true use_rows2=false elapsed_ms=0.047
kiln_profile_vulkan_mlp_kernel_stage stage=alloc_hidden_out batch=3 hidden=2560 intermediate=9216 out_dim=2560 bf16_weights=true use_rows2=false elapsed_ms=0.016
kiln_profile_vulkan_mlp_kernel_stage stage=gate_up batch=3 hidden=2560 intermediate=9216 out_dim=2560 bf16_weights=true use_rows2=false elapsed_ms=0.619
kiln_profile_vulkan_mlp_kernel_stage stage=down batch=3 hidden=2560 intermediate=9216 out_dim=2560 bf16_weights=true use_rows2=false elapsed_ms=0.456
kiln_profile_vulkan_mlp_kernel_stage stage=readback_out batch=3 hidden=2560 intermediate=9216 out_dim=2560 bf16_weights=true use_rows2=false elapsed_ms=0.158
kiln_profile_vulkan_mlp_kernel_stage stage=create_tensor batch=3 hidden=2560 intermediate=9216 out_dim=2560 bf16_weights=true use_rows2=false elapsed_ms=0.001
kiln_profile_mlp_stage layer=6 stage=fused seq_len=1 start_pos=36 elapsed_ms=1.371
kiln_profile_vulkan_mlp_kernel_stage stage=extract_x batch=3 hidden=2560 intermediate=9216 out_dim=2560 bf16_weights=true use_rows2=false elapsed_ms=0.001
kiln_profile_vulkan_mlp_kernel_stage stage=alloc_x batch=3 hidden=2560 intermediate=9216 out_dim=2560 bf16_weights=true use_rows2=false elapsed_ms=0.005
kiln_profile_vulkan_mlp_kernel_stage stage=upload_x batch=3 hidden=2560 intermediate=9216 out_dim=2560 bf16_weights=true use_rows2=false elapsed_ms=0.072
kiln_profile_vulkan_mlp_kernel_stage stage=alloc_hidden_out batch=3 hidden=2560 intermediate=9216 out_dim=2560 bf16_weights=true use_rows2=false elapsed_ms=0.012
kiln_profile_vulkan_mlp_kernel_stage stage=gate_up batch=3 hidden=2560 intermediate=9216 out_dim=2560 bf16_weights=true use_rows2=false elapsed_ms=0.597
kiln_profile_vulkan_mlp_kernel_stage stage=down batch=3 hidden=2560 intermediate=9216 out_dim=2560 bf16_weights=true use_rows2=false elapsed_ms=0.449
kiln_profile_vulkan_mlp_kernel_stage stage=readback_out batch=3 hidden=2560 intermediate=9216 out_dim=2560 bf16_weights=true use_rows2=false elapsed_ms=0.067
kiln_profile_vulkan_mlp_kernel_stage stage=create_tensor batch=3 hidden=2560 intermediate=9216 out_dim=2560 bf16_weights=true use_rows2=false elapsed_ms=0.001
kiln_profile_mlp_stage layer=7 stage=fused seq_len=1 start_pos=36 elapsed_ms=1.260
kiln_profile_vulkan_mlp_kernel_stage stage=extract_x batch=3 hidden=2560 intermediate=9216 out_dim=2560 bf16_weights=true use_rows2=false elapsed_ms=0.001
kiln_profile_vulkan_mlp_kernel_stage stage=alloc_x batch=3 hidden=2560 intermediate=9216 out_dim=2560 bf16_weights=true use_rows2=false elapsed_ms=0.005
kiln_profile_vulkan_mlp_kernel_stage stage=upload_x batch=3 hidden=2560 intermediate=9216 out_dim=2560 bf16_weights=true use_rows2=false elapsed_ms=0.180
kiln_profile_vulkan_mlp_kernel_stage stage=alloc_hidden_out batch=3 hidden=2560 intermediate=9216 out_dim=2560 bf16_weights=true use_rows2=false elapsed_ms=0.012
kiln_profile_vulkan_mlp_kernel_stage stage=gate_up batch=3 hidden=2560 intermediate=9216 out_dim=2560 bf16_weights=true use_rows2=false elapsed_ms=0.591
kiln_profile_vulkan_mlp_kernel_stage stage=down batch=3 hidden=2560 intermediate=9216 out_dim=2560 bf16_weights=true use_rows2=false elapsed_ms=0.454
kiln_profile_vulkan_mlp_kernel_stage stage=readback_out batch=3 hidden=2560 intermediate=9216 out_dim=2560 bf16_weights=true use_rows2=false elapsed_ms=0.147
kiln_profile_vulkan_mlp_kernel_stage stage=create_tensor batch=3 hidden=2560 intermediate=9216 out_dim=2560 bf16_weights=true use_rows2=false elapsed_ms=0.002
kiln_profile_mlp_stage layer=8 stage=fused seq_len=1 start_pos=36 elapsed_ms=1.449
kiln_profile_vulkan_mlp_kernel_stage stage=extract_x batch=3 hidden=2560 intermediate=9216 out_dim=2560 bf16_weights=true use_rows2=false elapsed_ms=0.001
kiln_profile_vulkan_mlp_kernel_stage stage=alloc_x batch=3 hidden=2560 intermediate=9216 out_dim=2560 bf16_weights=true use_rows2=false elapsed_ms=0.005
kiln_profile_vulkan_mlp_kernel_stage stage=upload_x batch=3 hidden=2560 intermediate=9216 out_dim=2560 bf16_weights=true use_rows2=false elapsed_ms=0.048
kiln_profile_vulkan_mlp_kernel_stage stage=alloc_hidden_out batch=3 hidden=2560 intermediate=9216 out_dim=2560 bf16_weights=true use_rows2=false elapsed_ms=0.021
kiln_profile_vulkan_mlp_kernel_stage stage=gate_up batch=3 hidden=2560 intermediate=9216 out_dim=2560 bf16_weights=true use_rows2=false elapsed_ms=0.578
kiln_profile_vulkan_mlp_kernel_stage stage=down batch=3 hidden=2560 intermediate=9216 out_dim=2560 bf16_weights=true use_rows2=false elapsed_ms=0.456
kiln_profile_vulkan_mlp_kernel_stage stage=readback_out batch=3 hidden=2560 intermediate=9216 out_dim=2560 bf16_weights=true use_rows2=false elapsed_ms=0.157
kiln_profile_vulkan_mlp_kernel_stage stage=create_tensor batch=3 hidden=2560 intermediate=9216 out_dim=2560 bf16_weights=true use_rows2=false elapsed_ms=0.002
kiln_profile_mlp_stage layer=9 stage=fused seq_len=1 start_pos=36 elapsed_ms=1.325
kiln_profile_vulkan_mlp_kernel_stage stage=extract_x batch=3 hidden=2560 intermediate=9216 out_dim=2560 bf16_weights=true use_rows2=false elapsed_ms=0.001
kiln_profile_vulkan_mlp_kernel_stage stage=alloc_x batch=3 hidden=2560 intermediate=9216 out_dim=2560 bf16_weights=true use_rows2=false elapsed_ms=0.005
kiln_profile_vulkan_mlp_kernel_stage stage=upload_x batch=3 hidden=2560 intermediate=9216 out_dim=2560 bf16_weights=true use_rows2=false elapsed_ms=0.054
kiln_profile_vulkan_mlp_kernel_stage stage=alloc_hidden_out batch=3 hidden=2560 intermediate=9216 out_dim=2560 bf16_weights=true use_rows2=false elapsed_ms=0.011
kiln_profile_vulkan_mlp_kernel_stage stage=gate_up batch=3 hidden=2560 intermediate=9216 out_dim=2560 bf16_weights=true use_rows2=false elapsed_ms=0.612
kiln_profile_vulkan_mlp_kernel_stage stage=down batch=3 hidden=2560 intermediate=9216 out_dim=2560 bf16_weights=true use_rows2=false elapsed_ms=0.479
kiln_profile_vulkan_mlp_kernel_stage stage=readback_out batch=3 hidden=2560 intermediate=9216 out_dim=2560 bf16_weights=true use_rows2=false elapsed_ms=0.152
kiln_profile_vulkan_mlp_kernel_stage stage=create_tensor batch=3 hidden=2560 intermediate=9216 out_dim=2560 bf16_weights=true use_rows2=false elapsed_ms=0.002
kiln_profile_mlp_stage layer=10 stage=fused seq_len=1 start_pos=36 elapsed_ms=1.387
kiln_profile_vulkan_mlp_kernel_stage stage=extract_x batch=3 hidden=2560 intermediate=9216 out_dim=2560 bf16_weights=true use_rows2=false elapsed_ms=0.001
kiln_profile_vulkan_mlp_kernel_stage stage=alloc_x batch=3 hidden=2560 intermediate=9216 out_dim=2560 bf16_weights=true use_rows2=false elapsed_ms=0.005
kiln_profile_vulkan_mlp_kernel_stage stage=upload_x batch=3 hidden=2560 intermediate=9216 out_dim=2560 bf16_weights=true use_rows2=false elapsed_ms=0.062
kiln_profile_vulkan_mlp_kernel_stage stage=alloc_hidden_out batch=3 hidden=2560 intermediate=9216 out_dim=2560 bf16_weights=true use_rows2=false elapsed_ms=0.009
kiln_profile_vulkan_mlp_kernel_stage stage=gate_up batch=3 hidden=2560 intermediate=9216 out_dim=2560 bf16_weights=true use_rows2=false elapsed_ms=0.577
kiln_profile_vulkan_mlp_kernel_stage stage=down batch=3 hidden=2560 intermediate=9216 out_dim=2560 bf16_weights=true use_rows2=false elapsed_ms=0.458
kiln_profile_vulkan_mlp_kernel_stage stage=readback_out batch=3 hidden=2560 intermediate=9216 out_dim=2560 bf16_weights=true use_rows2=false elapsed_ms=0.147
kiln_profile_vulkan_mlp_kernel_stage stage=create_tensor batch=3 hidden=2560 intermediate=9216 out_dim=2560 bf16_weights=true use_rows2=false elapsed_ms=0.001
kiln_profile_mlp_stage layer=11 stage=fused seq_len=1 start_pos=36 elapsed_ms=1.319
kiln_profile_vulkan_mlp_kernel_stage stage=extract_x batch=3 hidden=2560 intermediate=9216 out_dim=2560 bf16_weights=true use_rows2=false elapsed_ms=0.001
kiln_profile_vulkan_mlp_kernel_stage stage=alloc_x batch=3 hidden=2560 intermediate=9216 out_dim=2560 bf16_weights=true use_rows2=false elapsed_ms=0.006
kiln_profile_vulkan_mlp_kernel_stage stage=upload_x batch=3 hidden=2560 intermediate=9216 out_dim=2560 bf16_weights=true use_rows2=false elapsed_ms=0.062
kiln_profile_vulkan_mlp_kernel_stage stage=alloc_hidden_out batch=3 hidden=2560 intermediate=9216 out_dim=2560 bf16_weights=true use_rows2=false elapsed_ms=0.012
kiln_profile_vulkan_mlp_kernel_stage stage=gate_up batch=3 hidden=2560 intermediate=9216 out_dim=2560 bf16_weights=true use_rows2=false elapsed_ms=0.621
kiln_profile_vulkan_mlp_kernel_stage stage=down batch=3 hidden=2560 intermediate=9216 out_dim=2560 bf16_weights=true use_rows2=false elapsed_ms=0.455
kiln_profile_vulkan_mlp_kernel_stage stage=readback_out batch=3 hidden=2560 intermediate=9216 out_dim=2560 bf16_weights=true use_rows2=false elapsed_ms=0.152
kiln_profile_vulkan_mlp_kernel_stage stage=create_tensor batch=3 hidden=2560 intermediate=9216 out_dim=2560 bf16_weights=true use_rows2=false elapsed_ms=0.001
kiln_profile_mlp_stage layer=12 stage=fused seq_len=1 start_pos=36 elapsed_ms=1.383
kiln_profile_vulkan_mlp_kernel_stage stage=extract_x batch=3 hidden=2560 intermediate=9216 out_dim=2560 bf16_weights=true use_rows2=false elapsed_ms=0.001
kiln_profile_vulkan_mlp_kernel_stage stage=alloc_x batch=3 hidden=2560 intermediate=9216 out_dim=2560 bf16_weights=true use_rows2=false elapsed_ms=0.007
kiln_profile_vulkan_mlp_kernel_stage stage=upload_x batch=3 hidden=2560 intermediate=9216 out_dim=2560 bf16_weights=true use_rows2=false elapsed_ms=0.056
kiln_profile_vulkan_mlp_kernel_stage stage=alloc_hidden_out batch=3 hidden=2560 intermediate=9216 out_dim=2560 bf16_weights=true use_rows2=false elapsed_ms=0.013
kiln_profile_vulkan_mlp_kernel_stage stage=gate_up batch=3 hidden=2560 intermediate=9216 out_dim=2560 bf16_weights=true use_rows2=false elapsed_ms=0.591
kiln_profile_vulkan_mlp_kernel_stage stage=down batch=3 hidden=2560 intermediate=9216 out_dim=2560 bf16_weights=true use_rows2=false elapsed_ms=0.450
kiln_profile_vulkan_mlp_kernel_stage stage=readback_out batch=3 hidden=2560 intermediate=9216 out_dim=2560 bf16_weights=true use_rows2=false elapsed_ms=0.148
kiln_profile_vulkan_mlp_kernel_stage stage=create_tensor batch=3 hidden=2560 intermediate=9216 out_dim=2560 bf16_weights=true use_rows2=false elapsed_ms=0.001
kiln_profile_mlp_stage layer=13 stage=fused seq_len=1 start_pos=36 elapsed_ms=1.346
kiln_profile_vulkan_mlp_kernel_stage stage=extract_x batch=3 hidden=2560 intermediate=9216 out_dim=2560 bf16_weights=true use_rows2=false elapsed_ms=0.001
kiln_profile_vulkan_mlp_kernel_stage stage=alloc_x batch=3 hidden=2560 intermediate=9216 out_dim=2560 bf16_weights=true use_rows2=false elapsed_ms=0.006
kiln_profile_vulkan_mlp_kernel_stage stage=upload_x batch=3 hidden=2560 intermediate=9216 out_dim=2560 bf16_weights=true use_rows2=false elapsed_ms=0.067
kiln_profile_vulkan_mlp_kernel_stage stage=alloc_hidden_out batch=3 hidden=2560 intermediate=9216 out_dim=2560 bf16_weights=true use_rows2=false elapsed_ms=0.015
kiln_profile_vulkan_mlp_kernel_stage stage=gate_up batch=3 hidden=2560 intermediate=9216 out_dim=2560 bf16_weights=true use_rows2=false elapsed_ms=0.583
kiln_profile_vulkan_mlp_kernel_stage stage=down batch=3 hidden=2560 intermediate=9216 out_dim=2560 bf16_weights=true use_rows2=false elapsed_ms=0.458
kiln_profile_vulkan_mlp_kernel_stage stage=readback_out batch=3 hidden=2560 intermediate=9216 out_dim=2560 bf16_weights=true use_rows2=false elapsed_ms=0.143
kiln_profile_vulkan_mlp_kernel_stage stage=create_tensor batch=3 hidden=2560 intermediate=9216 out_dim=2560 bf16_weights=true use_rows2=false elapsed_ms=0.001
kiln_profile_mlp_stage layer=14 stage=fused seq_len=1 start_pos=36 elapsed_ms=1.336
kiln_profile_vulkan_mlp_kernel_stage stage=extract_x batch=3 hidden=2560 intermediate=9216 out_dim=2560 bf16_weights=true use_rows2=false elapsed_ms=0.001
kiln_profile_vulkan_mlp_kernel_stage stage=alloc_x batch=3 hidden=2560 intermediate=9216 out_dim=2560 bf16_weights=true use_rows2=false elapsed_ms=0.005
kiln_profile_vulkan_mlp_kernel_stage stage=upload_x batch=3 hidden=2560 intermediate=9216 out_dim=2560 bf16_weights=true use_rows2=false elapsed_ms=0.097
kiln_profile_vulkan_mlp_kernel_stage stage=alloc_hidden_out batch=3 hidden=2560 intermediate=9216 out_dim=2560 bf16_weights=true use_rows2=false elapsed_ms=0.010
kiln_profile_vulkan_mlp_kernel_stage stage=gate_up batch=3 hidden=2560 intermediate=9216 out_dim=2560 bf16_weights=true use_rows2=false elapsed_ms=0.599
kiln_profile_vulkan_mlp_kernel_stage stage=down batch=3 hidden=2560 intermediate=9216 out_dim=2560 bf16_weights=true use_rows2=false elapsed_ms=0.453
kiln_profile_vulkan_mlp_kernel_stage stage=readback_out batch=3 hidden=2560 intermediate=9216 out_dim=2560 bf16_weights=true use_rows2=false elapsed_ms=0.138
kiln_profile_vulkan_mlp_kernel_stage stage=create_tensor batch=3 hidden=2560 intermediate=9216 out_dim=2560 bf16_weights=true use_rows2=false elapsed_ms=0.001
kiln_profile_mlp_stage layer=15 stage=fused seq_len=1 start_pos=36 elapsed_ms=1.352
kiln_profile_vulkan_mlp_kernel_stage stage=extract_x batch=3 hidden=2560 intermediate=9216 out_dim=2560 bf16_weights=true use_rows2=false elapsed_ms=0.001
kiln_profile_vulkan_mlp_kernel_stage stage=alloc_x batch=3 hidden=2560 intermediate=9216 out_dim=2560 bf16_weights=true use_rows2=false elapsed_ms=0.007
kiln_profile_vulkan_mlp_kernel_stage stage=upload_x batch=3 hidden=2560 intermediate=9216 out_dim=2560 bf16_weights=true use_rows2=false elapsed_ms=0.039
kiln_profile_vulkan_mlp_kernel_stage stage=alloc_hidden_out batch=3 hidden=2560 intermediate=9216 out_dim=2560 bf16_weights=true use_rows2=false elapsed_ms=0.012
kiln_profile_vulkan_mlp_kernel_stage stage=gate_up batch=3 hidden=2560 intermediate=9216 out_dim=2560 bf16_weights=true use_rows2=false elapsed_ms=0.612
kiln_profile_vulkan_mlp_kernel_stage stage=down batch=3 hidden=2560 intermediate=9216 out_dim=2560 bf16_weights=true use_rows2=false elapsed_ms=0.453
kiln_profile_vulkan_mlp_kernel_stage stage=readback_out batch=3 hidden=2560 intermediate=9216 out_dim=2560 bf16_weights=true use_rows2=false elapsed_ms=0.163
kiln_profile_vulkan_mlp_kernel_stage stage=create_tensor batch=3 hidden=2560 intermediate=9216 out_dim=2560 bf16_weights=true use_rows2=false elapsed_ms=0.001
kiln_profile_mlp_stage layer=16 stage=fused seq_len=1 start_pos=36 elapsed_ms=1.357
kiln_profile_vulkan_mlp_kernel_stage stage=extract_x batch=3 hidden=2560 intermediate=9216 out_dim=2560 bf16_weights=true use_rows2=false elapsed_ms=0.001
kiln_profile_vulkan_mlp_kernel_stage stage=alloc_x batch=3 hidden=2560 intermediate=9216 out_dim=2560 bf16_weights=true use_rows2=false elapsed_ms=0.007
kiln_profile_vulkan_mlp_kernel_stage stage=upload_x batch=3 hidden=2560 intermediate=9216 out_dim=2560 bf16_weights=true use_rows2=false elapsed_ms=0.059
kiln_profile_vulkan_mlp_kernel_stage stage=alloc_hidden_out batch=3 hidden=2560 intermediate=9216 out_dim=2560 bf16_weights=true use_rows2=false elapsed_ms=0.013
kiln_profile_vulkan_mlp_kernel_stage stage=gate_up batch=3 hidden=2560 intermediate=9216 out_dim=2560 bf16_weights=true use_rows2=false elapsed_ms=0.598
kiln_profile_vulkan_mlp_kernel_stage stage=down batch=3 hidden=2560 intermediate=9216 out_dim=2560 bf16_weights=true use_rows2=false elapsed_ms=0.454
kiln_profile_vulkan_mlp_kernel_stage stage=readback_out batch=3 hidden=2560 intermediate=9216 out_dim=2560 bf16_weights=true use_rows2=false elapsed_ms=0.144
kiln_profile_vulkan_mlp_kernel_stage stage=create_tensor batch=3 hidden=2560 intermediate=9216 out_dim=2560 bf16_weights=true use_rows2=false elapsed_ms=0.001
kiln_profile_mlp_stage layer=17 stage=fused seq_len=1 start_pos=36 elapsed_ms=1.337
kiln_profile_vulkan_mlp_kernel_stage stage=extract_x batch=3 hidden=2560 intermediate=9216 out_dim=2560 bf16_weights=true use_rows2=false elapsed_ms=0.001
kiln_profile_vulkan_mlp_kernel_stage stage=alloc_x batch=3 hidden=2560 intermediate=9216 out_dim=2560 bf16_weights=true use_rows2=false elapsed_ms=0.005
kiln_profile_vulkan_mlp_kernel_stage stage=upload_x batch=3 hidden=2560 intermediate=9216 out_dim=2560 bf16_weights=true use_rows2=false elapsed_ms=0.056
kiln_profile_vulkan_mlp_kernel_stage stage=alloc_hidden_out batch=3 hidden=2560 intermediate=9216 out_dim=2560 bf16_weights=true use_rows2=false elapsed_ms=0.012
kiln_profile_vulkan_mlp_kernel_stage stage=gate_up batch=3 hidden=2560 intermediate=9216 out_dim=2560 bf16_weights=true use_rows2=false elapsed_ms=0.608
kiln_profile_vulkan_mlp_kernel_stage stage=down batch=3 hidden=2560 intermediate=9216 out_dim=2560 bf16_weights=true use_rows2=false elapsed_ms=0.456
kiln_profile_vulkan_mlp_kernel_stage stage=readback_out batch=3 hidden=2560 intermediate=9216 out_dim=2560 bf16_weights=true use_rows2=false elapsed_ms=0.143
kiln_profile_vulkan_mlp_kernel_stage stage=create_tensor batch=3 hidden=2560 intermediate=9216 out_dim=2560 bf16_weights=true use_rows2=false elapsed_ms=0.001
kiln_profile_mlp_stage layer=18 stage=fused seq_len=1 start_pos=36 elapsed_ms=1.347
kiln_profile_vulkan_mlp_kernel_stage stage=extract_x batch=3 hidden=2560 intermediate=9216 out_dim=2560 bf16_weights=true use_rows2=false elapsed_ms=0.001
kiln_profile_vulkan_mlp_kernel_stage stage=alloc_x batch=3 hidden=2560 intermediate=9216 out_dim=2560 bf16_weights=true use_rows2=false elapsed_ms=0.005
kiln_profile_vulkan_mlp_kernel_stage stage=upload_x batch=3 hidden=2560 intermediate=9216 out_dim=2560 bf16_weights=true use_rows2=false elapsed_ms=0.082
kiln_profile_vulkan_mlp_kernel_stage stage=alloc_hidden_out batch=3 hidden=2560 intermediate=9216 out_dim=2560 bf16_weights=true use_rows2=false elapsed_ms=0.010
kiln_profile_vulkan_mlp_kernel_stage stage=gate_up batch=3 hidden=2560 intermediate=9216 out_dim=2560 bf16_weights=true use_rows2=false elapsed_ms=0.588
kiln_profile_vulkan_mlp_kernel_stage stage=down batch=3 hidden=2560 intermediate=9216 out_dim=2560 bf16_weights=true use_rows2=false elapsed_ms=0.455
kiln_profile_vulkan_mlp_kernel_stage stage=readback_out batch=3 hidden=2560 intermediate=9216 out_dim=2560 bf16_weights=true use_rows2=false elapsed_ms=0.063
kiln_profile_vulkan_mlp_kernel_stage stage=create_tensor batch=3 hidden=2560 intermediate=9216 out_dim=2560 bf16_weights=true use_rows2=false elapsed_ms=0.001
kiln_profile_mlp_stage layer=19 stage=fused seq_len=1 start_pos=36 elapsed_ms=1.260
kiln_profile_vulkan_mlp_kernel_stage stage=extract_x batch=3 hidden=2560 intermediate=9216 out_dim=2560 bf16_weights=true use_rows2=false elapsed_ms=0.001
kiln_profile_vulkan_mlp_kernel_stage stage=alloc_x batch=3 hidden=2560 intermediate=9216 out_dim=2560 bf16_weights=true use_rows2=false elapsed_ms=0.005
kiln_profile_vulkan_mlp_kernel_stage stage=upload_x batch=3 hidden=2560 intermediate=9216 out_dim=2560 bf16_weights=true use_rows2=false elapsed_ms=0.077
kiln_profile_vulkan_mlp_kernel_stage stage=alloc_hidden_out batch=3 hidden=2560 intermediate=9216 out_dim=2560 bf16_weights=true use_rows2=false elapsed_ms=0.011
kiln_profile_vulkan_mlp_kernel_stage stage=gate_up batch=3 hidden=2560 intermediate=9216 out_dim=2560 bf16_weights=true use_rows2=false elapsed_ms=0.582
kiln_profile_vulkan_mlp_kernel_stage stage=down batch=3 hidden=2560 intermediate=9216 out_dim=2560 bf16_weights=true use_rows2=false elapsed_ms=0.450
kiln_profile_vulkan_mlp_kernel_stage stage=readback_out batch=3 hidden=2560 intermediate=9216 out_dim=2560 bf16_weights=true use_rows2=false elapsed_ms=0.135
kiln_profile_vulkan_mlp_kernel_stage stage=create_tensor batch=3 hidden=2560 intermediate=9216 out_dim=2560 bf16_weights=true use_rows2=false elapsed_ms=0.002
kiln_profile_mlp_stage layer=20 stage=fused seq_len=1 start_pos=36 elapsed_ms=1.320
kiln_profile_vulkan_mlp_kernel_stage stage=extract_x batch=3 hidden=2560 intermediate=9216 out_dim=2560 bf16_weights=true use_rows2=false elapsed_ms=0.002
kiln_profile_vulkan_mlp_kernel_stage stage=alloc_x batch=3 hidden=2560 intermediate=9216 out_dim=2560 bf16_weights=true use_rows2=false elapsed_ms=0.006
kiln_profile_vulkan_mlp_kernel_stage stage=upload_x batch=3 hidden=2560 intermediate=9216 out_dim=2560 bf16_weights=true use_rows2=false elapsed_ms=0.067
kiln_profile_vulkan_mlp_kernel_stage stage=alloc_hidden_out batch=3 hidden=2560 intermediate=9216 out_dim=2560 bf16_weights=true use_rows2=false elapsed_ms=0.012
kiln_profile_vulkan_mlp_kernel_stage stage=gate_up batch=3 hidden=2560 intermediate=9216 out_dim=2560 bf16_weights=true use_rows2=false elapsed_ms=0.596
kiln_profile_vulkan_mlp_kernel_stage stage=down batch=3 hidden=2560 intermediate=9216 out_dim=2560 bf16_weights=true use_rows2=false elapsed_ms=0.454
kiln_profile_vulkan_mlp_kernel_stage stage=readback_out batch=3 hidden=2560 intermediate=9216 out_dim=2560 bf16_weights=true use_rows2=false elapsed_ms=0.132
kiln_profile_vulkan_mlp_kernel_stage stage=create_tensor batch=3 hidden=2560 intermediate=9216 out_dim=2560 bf16_weights=true use_rows2=false elapsed_ms=0.002
kiln_profile_mlp_stage layer=21 stage=fused seq_len=1 start_pos=36 elapsed_ms=1.333
kiln_profile_vulkan_mlp_kernel_stage stage=extract_x batch=3 hidden=2560 intermediate=9216 out_dim=2560 bf16_weights=true use_rows2=false elapsed_ms=0.003
kiln_profile_vulkan_mlp_kernel_stage stage=alloc_x batch=3 hidden=2560 intermediate=9216 out_dim=2560 bf16_weights=true use_rows2=false elapsed_ms=0.011
kiln_profile_vulkan_mlp_kernel_stage stage=upload_x batch=3 hidden=2560 intermediate=9216 out_dim=2560 bf16_weights=true use_rows2=false elapsed_ms=0.053
kiln_profile_vulkan_mlp_kernel_stage stage=alloc_hidden_out batch=3 hidden=2560 intermediate=9216 out_dim=2560 bf16_weights=true use_rows2=false elapsed_ms=0.017
kiln_profile_vulkan_mlp_kernel_stage stage=gate_up batch=3 hidden=2560 intermediate=9216 out_dim=2560 bf16_weights=true use_rows2=false elapsed_ms=0.639
kiln_profile_vulkan_mlp_kernel_stage stage=down batch=3 hidden=2560 intermediate=9216 out_dim=2560 bf16_weights=true use_rows2=false elapsed_ms=0.492
kiln_profile_vulkan_mlp_kernel_stage stage=readback_out batch=3 hidden=2560 intermediate=9216 out_dim=2560 bf16_weights=true use_rows2=false elapsed_ms=0.250
kiln_profile_vulkan_mlp_kernel_stage stage=create_tensor batch=3 hidden=2560 intermediate=9216 out_dim=2560 bf16_weights=true use_rows2=false elapsed_ms=0.003
kiln_profile_mlp_stage layer=22 stage=fused seq_len=1 start_pos=36 elapsed_ms=1.576
kiln_profile_vulkan_mlp_kernel_stage stage=extract_x batch=3 hidden=2560 intermediate=9216 out_dim=2560 bf16_weights=true use_rows2=false elapsed_ms=0.002
kiln_profile_vulkan_mlp_kernel_stage stage=alloc_x batch=3 hidden=2560 intermediate=9216 out_dim=2560 bf16_weights=true use_rows2=false elapsed_ms=0.006
kiln_profile_vulkan_mlp_kernel_stage stage=upload_x batch=3 hidden=2560 intermediate=9216 out_dim=2560 bf16_weights=true use_rows2=false elapsed_ms=0.054
kiln_profile_vulkan_mlp_kernel_stage stage=alloc_hidden_out batch=3 hidden=2560 intermediate=9216 out_dim=2560 bf16_weights=true use_rows2=false elapsed_ms=0.011
kiln_profile_vulkan_mlp_kernel_stage stage=gate_up batch=3 hidden=2560 intermediate=9216 out_dim=2560 bf16_weights=true use_rows2=false elapsed_ms=0.592
kiln_profile_vulkan_mlp_kernel_stage stage=down batch=3 hidden=2560 intermediate=9216 out_dim=2560 bf16_weights=true use_rows2=false elapsed_ms=0.478
kiln_profile_vulkan_mlp_kernel_stage stage=readback_out batch=3 hidden=2560 intermediate=9216 out_dim=2560 bf16_weights=true use_rows2=false elapsed_ms=0.075
kiln_profile_vulkan_mlp_kernel_stage stage=create_tensor batch=3 hidden=2560 intermediate=9216 out_dim=2560 bf16_weights=true use_rows2=false elapsed_ms=0.001
kiln_profile_mlp_stage layer=23 stage=fused seq_len=1 start_pos=36 elapsed_ms=1.274
kiln_profile_vulkan_mlp_kernel_stage stage=extract_x batch=3 hidden=2560 intermediate=9216 out_dim=2560 bf16_weights=true use_rows2=false elapsed_ms=0.001
kiln_profile_vulkan_mlp_kernel_stage stage=alloc_x batch=3 hidden=2560 intermediate=9216 out_dim=2560 bf16_weights=true use_rows2=false elapsed_ms=0.006
kiln_profile_vulkan_mlp_kernel_stage stage=upload_x batch=3 hidden=2560 intermediate=9216 out_dim=2560 bf16_weights=true use_rows2=false elapsed_ms=0.167
kiln_profile_vulkan_mlp_kernel_stage stage=alloc_hidden_out batch=3 hidden=2560 intermediate=9216 out_dim=2560 bf16_weights=true use_rows2=false elapsed_ms=0.012
kiln_profile_vulkan_mlp_kernel_stage stage=gate_up batch=3 hidden=2560 intermediate=9216 out_dim=2560 bf16_weights=true use_rows2=false elapsed_ms=0.631
kiln_profile_vulkan_mlp_kernel_stage stage=down batch=3 hidden=2560 intermediate=9216 out_dim=2560 bf16_weights=true use_rows2=false elapsed_ms=0.465
kiln_profile_vulkan_mlp_kernel_stage stage=readback_out batch=3 hidden=2560 intermediate=9216 out_dim=2560 bf16_weights=true use_rows2=false elapsed_ms=0.149
kiln_profile_vulkan_mlp_kernel_stage stage=create_tensor batch=3 hidden=2560 intermediate=9216 out_dim=2560 bf16_weights=true use_rows2=false elapsed_ms=0.002
kiln_profile_mlp_stage layer=24 stage=fused seq_len=1 start_pos=36 elapsed_ms=1.496
kiln_profile_vulkan_mlp_kernel_stage stage=extract_x batch=3 hidden=2560 intermediate=9216 out_dim=2560 bf16_weights=true use_rows2=false elapsed_ms=0.001
kiln_profile_vulkan_mlp_kernel_stage stage=alloc_x batch=3 hidden=2560 intermediate=9216 out_dim=2560 bf16_weights=true use_rows2=false elapsed_ms=0.006
kiln_profile_vulkan_mlp_kernel_stage stage=upload_x batch=3 hidden=2560 intermediate=9216 out_dim=2560 bf16_weights=true use_rows2=false elapsed_ms=0.203
kiln_profile_vulkan_mlp_kernel_stage stage=alloc_hidden_out batch=3 hidden=2560 intermediate=9216 out_dim=2560 bf16_weights=true use_rows2=false elapsed_ms=0.013
kiln_profile_vulkan_mlp_kernel_stage stage=gate_up batch=3 hidden=2560 intermediate=9216 out_dim=2560 bf16_weights=true use_rows2=false elapsed_ms=0.608
kiln_profile_vulkan_mlp_kernel_stage stage=down batch=3 hidden=2560 intermediate=9216 out_dim=2560 bf16_weights=true use_rows2=false elapsed_ms=0.464
kiln_profile_vulkan_mlp_kernel_stage stage=readback_out batch=3 hidden=2560 intermediate=9216 out_dim=2560 bf16_weights=true use_rows2=false elapsed_ms=0.158
kiln_profile_vulkan_mlp_kernel_stage stage=create_tensor batch=3 hidden=2560 intermediate=9216 out_dim=2560 bf16_weights=true use_rows2=false elapsed_ms=0.002
kiln_profile_mlp_stage layer=25 stage=fused seq_len=1 start_pos=36 elapsed_ms=1.525
kiln_profile_vulkan_mlp_kernel_stage stage=extract_x batch=3 hidden=2560 intermediate=9216 out_dim=2560 bf16_weights=true use_rows2=false elapsed_ms=0.001
kiln_profile_vulkan_mlp_kernel_stage stage=alloc_x batch=3 hidden=2560 intermediate=9216 out_dim=2560 bf16_weights=true use_rows2=false elapsed_ms=0.006
kiln_profile_vulkan_mlp_kernel_stage stage=upload_x batch=3 hidden=2560 intermediate=9216 out_dim=2560 bf16_weights=true use_rows2=false elapsed_ms=0.262
kiln_profile_vulkan_mlp_kernel_stage stage=alloc_hidden_out batch=3 hidden=2560 intermediate=9216 out_dim=2560 bf16_weights=true use_rows2=false elapsed_ms=0.013
kiln_profile_vulkan_mlp_kernel_stage stage=gate_up batch=3 hidden=2560 intermediate=9216 out_dim=2560 bf16_weights=true use_rows2=false elapsed_ms=0.679
kiln_profile_vulkan_mlp_kernel_stage stage=down batch=3 hidden=2560 intermediate=9216 out_dim=2560 bf16_weights=true use_rows2=false elapsed_ms=0.468
kiln_profile_vulkan_mlp_kernel_stage stage=readback_out batch=3 hidden=2560 intermediate=9216 out_dim=2560 bf16_weights=true use_rows2=false elapsed_ms=0.143
kiln_profile_vulkan_mlp_kernel_stage stage=create_tensor batch=3 hidden=2560 intermediate=9216 out_dim=2560 bf16_weights=true use_rows2=false elapsed_ms=0.002
kiln_profile_mlp_stage layer=26 stage=fused seq_len=1 start_pos=36 elapsed_ms=1.633
kiln_profile_vulkan_mlp_kernel_stage stage=extract_x batch=3 hidden=2560 intermediate=9216 out_dim=2560 bf16_weights=true use_rows2=false elapsed_ms=0.001
kiln_profile_vulkan_mlp_kernel_stage stage=alloc_x batch=3 hidden=2560 intermediate=9216 out_dim=2560 bf16_weights=true use_rows2=false elapsed_ms=0.006
kiln_profile_vulkan_mlp_kernel_stage stage=upload_x batch=3 hidden=2560 intermediate=9216 out_dim=2560 bf16_weights=true use_rows2=false elapsed_ms=0.052
kiln_profile_vulkan_mlp_kernel_stage stage=alloc_hidden_out batch=3 hidden=2560 intermediate=9216 out_dim=2560 bf16_weights=true use_rows2=false elapsed_ms=0.010
kiln_profile_vulkan_mlp_kernel_stage stage=gate_up batch=3 hidden=2560 intermediate=9216 out_dim=2560 bf16_weights=true use_rows2=false elapsed_ms=0.601
kiln_profile_vulkan_mlp_kernel_stage stage=down batch=3 hidden=2560 intermediate=9216 out_dim=2560 bf16_weights=true use_rows2=false elapsed_ms=0.495
kiln_profile_vulkan_mlp_kernel_stage stage=readback_out batch=3 hidden=2560 intermediate=9216 out_dim=2560 bf16_weights=true use_rows2=false elapsed_ms=0.195
kiln_profile_vulkan_mlp_kernel_stage stage=create_tensor batch=3 hidden=2560 intermediate=9216 out_dim=2560 bf16_weights=true use_rows2=false elapsed_ms=0.002
kiln_profile_mlp_stage layer=27 stage=fused seq_len=1 start_pos=36 elapsed_ms=1.437
kiln_profile_vulkan_mlp_kernel_stage stage=extract_x batch=3 hidden=2560 intermediate=9216 out_dim=2560 bf16_weights=true use_rows2=false elapsed_ms=0.001
kiln_profile_vulkan_mlp_kernel_stage stage=alloc_x batch=3 hidden=2560 intermediate=9216 out_dim=2560 bf16_weights=true use_rows2=false elapsed_ms=0.018
kiln_profile_vulkan_mlp_kernel_stage stage=upload_x batch=3 hidden=2560 intermediate=9216 out_dim=2560 bf16_weights=true use_rows2=false elapsed_ms=0.054
kiln_profile_vulkan_mlp_kernel_stage stage=alloc_hidden_out batch=3 hidden=2560 intermediate=9216 out_dim=2560 bf16_weights=true use_rows2=false elapsed_ms=0.011
kiln_profile_vulkan_mlp_kernel_stage stage=gate_up batch=3 hidden=2560 intermediate=9216 out_dim=2560 bf16_weights=true use_rows2=false elapsed_ms=0.637
kiln_profile_vulkan_mlp_kernel_stage stage=down batch=3 hidden=2560 intermediate=9216 out_dim=2560 bf16_weights=true use_rows2=false elapsed_ms=0.465
kiln_profile_vulkan_mlp_kernel_stage stage=readback_out batch=3 hidden=2560 intermediate=9216 out_dim=2560 bf16_weights=true use_rows2=false elapsed_ms=0.153
kiln_profile_vulkan_mlp_kernel_stage stage=create_tensor batch=3 hidden=2560 intermediate=9216 out_dim=2560 bf16_weights=true use_rows2=false elapsed_ms=0.002
kiln_profile_mlp_stage layer=28 stage=fused seq_len=1 start_pos=36 elapsed_ms=1.415
kiln_profile_vulkan_mlp_kernel_stage stage=extract_x batch=3 hidden=2560 intermediate=9216 out_dim=2560 bf16_weights=true use_rows2=false elapsed_ms=0.001
kiln_profile_vulkan_mlp_kernel_stage stage=alloc_x batch=3 hidden=2560 intermediate=9216 out_dim=2560 bf16_weights=true use_rows2=false elapsed_ms=0.006
kiln_profile_vulkan_mlp_kernel_stage stage=upload_x batch=3 hidden=2560 intermediate=9216 out_dim=2560 bf16_weights=true use_rows2=false elapsed_ms=0.056
kiln_profile_vulkan_mlp_kernel_stage stage=alloc_hidden_out batch=3 hidden=2560 intermediate=9216 out_dim=2560 bf16_weights=true use_rows2=false elapsed_ms=0.013
kiln_profile_vulkan_mlp_kernel_stage stage=gate_up batch=3 hidden=2560 intermediate=9216 out_dim=2560 bf16_weights=true use_rows2=false elapsed_ms=0.584
kiln_profile_vulkan_mlp_kernel_stage stage=down batch=3 hidden=2560 intermediate=9216 out_dim=2560 bf16_weights=true use_rows2=false elapsed_ms=0.461
kiln_profile_vulkan_mlp_kernel_stage stage=readback_out batch=3 hidden=2560 intermediate=9216 out_dim=2560 bf16_weights=true use_rows2=false elapsed_ms=0.156
kiln_profile_vulkan_mlp_kernel_stage stage=create_tensor batch=3 hidden=2560 intermediate=9216 out_dim=2560 bf16_weights=true use_rows2=false elapsed_ms=0.002
kiln_profile_mlp_stage layer=29 stage=fused seq_len=1 start_pos=36 elapsed_ms=1.344
kiln_profile_vulkan_mlp_kernel_stage stage=extract_x batch=3 hidden=2560 intermediate=9216 out_dim=2560 bf16_weights=true use_rows2=false elapsed_ms=0.002
kiln_profile_vulkan_mlp_kernel_stage stage=alloc_x batch=3 hidden=2560 intermediate=9216 out_dim=2560 bf16_weights=true use_rows2=false elapsed_ms=0.005
kiln_profile_vulkan_mlp_kernel_stage stage=upload_x batch=3 hidden=2560 intermediate=9216 out_dim=2560 bf16_weights=true use_rows2=false elapsed_ms=0.337
kiln_profile_vulkan_mlp_kernel_stage stage=alloc_hidden_out batch=3 hidden=2560 intermediate=9216 out_dim=2560 bf16_weights=true use_rows2=false elapsed_ms=0.012
kiln_profile_vulkan_mlp_kernel_stage stage=gate_up batch=3 hidden=2560 intermediate=9216 out_dim=2560 bf16_weights=true use_rows2=false elapsed_ms=0.582
kiln_profile_vulkan_mlp_kernel_stage stage=down batch=3 hidden=2560 intermediate=9216 out_dim=2560 bf16_weights=true use_rows2=false elapsed_ms=0.465
kiln_profile_vulkan_mlp_kernel_stage stage=readback_out batch=3 hidden=2560 intermediate=9216 out_dim=2560 bf16_weights=true use_rows2=false elapsed_ms=0.165
kiln_profile_vulkan_mlp_kernel_stage stage=create_tensor batch=3 hidden=2560 intermediate=9216 out_dim=2560 bf16_weights=true use_rows2=false elapsed_ms=0.001
kiln_profile_mlp_stage layer=30 stage=fused seq_len=1 start_pos=36 elapsed_ms=1.632
kiln_profile_vulkan_mlp_kernel_stage stage=extract_x batch=3 hidden=2560 intermediate=9216 out_dim=2560 bf16_weights=true use_rows2=false elapsed_ms=0.001
kiln_profile_vulkan_mlp_kernel_stage stage=alloc_x batch=3 hidden=2560 intermediate=9216 out_dim=2560 bf16_weights=true use_rows2=false elapsed_ms=0.005
kiln_profile_vulkan_mlp_kernel_stage stage=upload_x batch=3 hidden=2560 intermediate=9216 out_dim=2560 bf16_weights=true use_rows2=false elapsed_ms=0.053
kiln_profile_vulkan_mlp_kernel_stage stage=alloc_hidden_out batch=3 hidden=2560 intermediate=9216 out_dim=2560 bf16_weights=true use_rows2=false elapsed_ms=0.010
kiln_profile_vulkan_mlp_kernel_stage stage=gate_up batch=3 hidden=2560 intermediate=9216 out_dim=2560 bf16_weights=true use_rows2=false elapsed_ms=0.597
kiln_profile_vulkan_mlp_kernel_stage stage=down batch=3 hidden=2560 intermediate=9216 out_dim=2560 bf16_weights=true use_rows2=false elapsed_ms=0.458
kiln_profile_vulkan_mlp_kernel_stage stage=readback_out batch=3 hidden=2560 intermediate=9216 out_dim=2560 bf16_weights=true use_rows2=false elapsed_ms=0.161
kiln_profile_vulkan_mlp_kernel_stage stage=create_tensor batch=3 hidden=2560 intermediate=9216 out_dim=2560 bf16_weights=true use_rows2=false elapsed_ms=0.001
kiln_profile_mlp_stage layer=31 stage=fused seq_len=1 start_pos=36 elapsed_ms=1.353
kiln_profile_vulkan_mlp_kernel_stage stage=extract_x batch=3 hidden=2560 intermediate=9216 out_dim=2560 bf16_weights=true use_rows2=false elapsed_ms=0.005
kiln_profile_vulkan_mlp_kernel_stage stage=alloc_x batch=3 hidden=2560 intermediate=9216 out_dim=2560 bf16_weights=true use_rows2=false elapsed_ms=0.009
kiln_profile_vulkan_mlp_kernel_stage stage=upload_x batch=3 hidden=2560 intermediate=9216 out_dim=2560 bf16_weights=true use_rows2=false elapsed_ms=0.048
kiln_profile_vulkan_mlp_kernel_stage stage=alloc_hidden_out batch=3 hidden=2560 intermediate=9216 out_dim=2560 bf16_weights=true use_rows2=false elapsed_ms=0.018
kiln_profile_vulkan_mlp_kernel_stage stage=gate_up batch=3 hidden=2560 intermediate=9216 out_dim=2560 bf16_weights=true use_rows2=false elapsed_ms=0.614
kiln_profile_vulkan_mlp_kernel_stage stage=down batch=3 hidden=2560 intermediate=9216 out_dim=2560 bf16_weights=true use_rows2=false elapsed_ms=0.455
kiln_profile_vulkan_mlp_kernel_stage stage=readback_out batch=3 hidden=2560 intermediate=9216 out_dim=2560 bf16_weights=true use_rows2=false elapsed_ms=0.162
kiln_profile_vulkan_mlp_kernel_stage stage=create_tensor batch=3 hidden=2560 intermediate=9216 out_dim=2560 bf16_weights=true use_rows2=false elapsed_ms=0.001
kiln_profile_mlp_stage layer=0 stage=fused seq_len=1 start_pos=37 elapsed_ms=1.400
kiln_profile_vulkan_mlp_kernel_stage stage=extract_x batch=3 hidden=2560 intermediate=9216 out_dim=2560 bf16_weights=true use_rows2=false elapsed_ms=0.001
kiln_profile_vulkan_mlp_kernel_stage stage=alloc_x batch=3 hidden=2560 intermediate=9216 out_dim=2560 bf16_weights=true use_rows2=false elapsed_ms=0.007
kiln_profile_vulkan_mlp_kernel_stage stage=upload_x batch=3 hidden=2560 intermediate=9216 out_dim=2560 bf16_weights=true use_rows2=false elapsed_ms=0.042
kiln_profile_vulkan_mlp_kernel_stage stage=alloc_hidden_out batch=3 hidden=2560 intermediate=9216 out_dim=2560 bf16_weights=true use_rows2=false elapsed_ms=0.013
kiln_profile_vulkan_mlp_kernel_stage stage=gate_up batch=3 hidden=2560 intermediate=9216 out_dim=2560 bf16_weights=true use_rows2=false elapsed_ms=0.588
kiln_profile_vulkan_mlp_kernel_stage stage=down batch=3 hidden=2560 intermediate=9216 out_dim=2560 bf16_weights=true use_rows2=false elapsed_ms=0.458
kiln_profile_vulkan_mlp_kernel_stage stage=readback_out batch=3 hidden=2560 intermediate=9216 out_dim=2560 bf16_weights=true use_rows2=false elapsed_ms=0.205
kiln_profile_vulkan_mlp_kernel_stage stage=create_tensor batch=3 hidden=2560 intermediate=9216 out_dim=2560 bf16_weights=true use_rows2=false elapsed_ms=0.001
kiln_profile_mlp_stage layer=1 stage=fused seq_len=1 start_pos=37 elapsed_ms=1.386
kiln_profile_vulkan_mlp_kernel_stage stage=extract_x batch=3 hidden=2560 intermediate=9216 out_dim=2560 bf16_weights=true use_rows2=false elapsed_ms=0.001
kiln_profile_vulkan_mlp_kernel_stage stage=alloc_x batch=3 hidden=2560 intermediate=9216 out_dim=2560 bf16_weights=true use_rows2=false elapsed_ms=0.007
kiln_profile_vulkan_mlp_kernel_stage stage=upload_x batch=3 hidden=2560 intermediate=9216 out_dim=2560 bf16_weights=true use_rows2=false elapsed_ms=0.341
kiln_profile_vulkan_mlp_kernel_stage stage=alloc_hidden_out batch=3 hidden=2560 intermediate=9216 out_dim=2560 bf16_weights=true use_rows2=false elapsed_ms=0.013
kiln_profile_vulkan_mlp_kernel_stage stage=gate_up batch=3 hidden=2560 intermediate=9216 out_dim=2560 bf16_weights=true use_rows2=false elapsed_ms=0.604
kiln_profile_vulkan_mlp_kernel_stage stage=down batch=3 hidden=2560 intermediate=9216 out_dim=2560 bf16_weights=true use_rows2=false elapsed_ms=0.456
kiln_profile_vulkan_mlp_kernel_stage stage=readback_out batch=3 hidden=2560 intermediate=9216 out_dim=2560 bf16_weights=true use_rows2=false elapsed_ms=0.153
kiln_profile_vulkan_mlp_kernel_stage stage=create_tensor batch=3 hidden=2560 intermediate=9216 out_dim=2560 bf16_weights=true use_rows2=false elapsed_ms=0.001
kiln_profile_mlp_stage layer=2 stage=fused seq_len=1 start_pos=37 elapsed_ms=1.650
kiln_profile_vulkan_mlp_kernel_stage stage=extract_x batch=3 hidden=2560 intermediate=9216 out_dim=2560 bf16_weights=true use_rows2=false elapsed_ms=0.001
kiln_profile_vulkan_mlp_kernel_stage stage=alloc_x batch=3 hidden=2560 intermediate=9216 out_dim=2560 bf16_weights=true use_rows2=false elapsed_ms=0.005
kiln_profile_vulkan_mlp_kernel_stage stage=upload_x batch=3 hidden=2560 intermediate=9216 out_dim=2560 bf16_weights=true use_rows2=false elapsed_ms=0.081
kiln_profile_vulkan_mlp_kernel_stage stage=alloc_hidden_out batch=3 hidden=2560 intermediate=9216 out_dim=2560 bf16_weights=true use_rows2=false elapsed_ms=0.011
kiln_profile_vulkan_mlp_kernel_stage stage=gate_up batch=3 hidden=2560 intermediate=9216 out_dim=2560 bf16_weights=true use_rows2=false elapsed_ms=0.586
kiln_profile_vulkan_mlp_kernel_stage stage=down batch=3 hidden=2560 intermediate=9216 out_dim=2560 bf16_weights=true use_rows2=false elapsed_ms=0.450
kiln_profile_vulkan_mlp_kernel_stage stage=readback_out batch=3 hidden=2560 intermediate=9216 out_dim=2560 bf16_weights=true use_rows2=false elapsed_ms=0.142
kiln_profile_vulkan_mlp_kernel_stage stage=create_tensor batch=3 hidden=2560 intermediate=9216 out_dim=2560 bf16_weights=true use_rows2=false elapsed_ms=0.001
kiln_profile_mlp_stage layer=3 stage=fused seq_len=1 start_pos=37 elapsed_ms=1.326
kiln_profile_vulkan_mlp_kernel_stage stage=extract_x batch=3 hidden=2560 intermediate=9216 out_dim=2560 bf16_weights=true use_rows2=false elapsed_ms=0.001
kiln_profile_vulkan_mlp_kernel_stage stage=alloc_x batch=3 hidden=2560 intermediate=9216 out_dim=2560 bf16_weights=true use_rows2=false elapsed_ms=0.006
kiln_profile_vulkan_mlp_kernel_stage stage=upload_x batch=3 hidden=2560 intermediate=9216 out_dim=2560 bf16_weights=true use_rows2=false elapsed_ms=0.083
kiln_profile_vulkan_mlp_kernel_stage stage=alloc_hidden_out batch=3 hidden=2560 intermediate=9216 out_dim=2560 bf16_weights=true use_rows2=false elapsed_ms=0.012
kiln_profile_vulkan_mlp_kernel_stage stage=gate_up batch=3 hidden=2560 intermediate=9216 out_dim=2560 bf16_weights=true use_rows2=false elapsed_ms=0.581
kiln_profile_vulkan_mlp_kernel_stage stage=down batch=3 hidden=2560 intermediate=9216 out_dim=2560 bf16_weights=true use_rows2=false elapsed_ms=0.455
kiln_profile_vulkan_mlp_kernel_stage stage=readback_out batch=3 hidden=2560 intermediate=9216 out_dim=2560 bf16_weights=true use_rows2=false elapsed_ms=0.067
kiln_profile_vulkan_mlp_kernel_stage stage=create_tensor batch=3 hidden=2560 intermediate=9216 out_dim=2560 bf16_weights=true use_rows2=false elapsed_ms=0.001
kiln_profile_mlp_stage layer=4 stage=fused seq_len=1 start_pos=37 elapsed_ms=1.268
kiln_profile_vulkan_mlp_kernel_stage stage=extract_x batch=3 hidden=2560 intermediate=9216 out_dim=2560 bf16_weights=true use_rows2=false elapsed_ms=0.001
kiln_profile_vulkan_mlp_kernel_stage stage=alloc_x batch=3 hidden=2560 intermediate=9216 out_dim=2560 bf16_weights=true use_rows2=false elapsed_ms=0.007
kiln_profile_vulkan_mlp_kernel_stage stage=upload_x batch=3 hidden=2560 intermediate=9216 out_dim=2560 bf16_weights=true use_rows2=false elapsed_ms=0.181
kiln_profile_vulkan_mlp_kernel_stage stage=alloc_hidden_out batch=3 hidden=2560 intermediate=9216 out_dim=2560 bf16_weights=true use_rows2=false elapsed_ms=0.013
kiln_profile_vulkan_mlp_kernel_stage stage=gate_up batch=3 hidden=2560 intermediate=9216 out_dim=2560 bf16_weights=true use_rows2=false elapsed_ms=0.624
kiln_profile_vulkan_mlp_kernel_stage stage=down batch=3 hidden=2560 intermediate=9216 out_dim=2560 bf16_weights=true use_rows2=false elapsed_ms=0.570
kiln_profile_vulkan_mlp_kernel_stage stage=readback_out batch=3 hidden=2560 intermediate=9216 out_dim=2560 bf16_weights=true use_rows2=false elapsed_ms=0.069
kiln_profile_vulkan_mlp_kernel_stage stage=create_tensor batch=3 hidden=2560 intermediate=9216 out_dim=2560 bf16_weights=true use_rows2=false elapsed_ms=0.001
kiln_profile_mlp_stage layer=5 stage=fused seq_len=1 start_pos=37 elapsed_ms=1.546
kiln_profile_vulkan_mlp_kernel_stage stage=extract_x batch=3 hidden=2560 intermediate=9216 out_dim=2560 bf16_weights=true use_rows2=false elapsed_ms=0.002
kiln_profile_vulkan_mlp_kernel_stage stage=alloc_x batch=3 hidden=2560 intermediate=9216 out_dim=2560 bf16_weights=true use_rows2=false elapsed_ms=0.007
kiln_profile_vulkan_mlp_kernel_stage stage=upload_x batch=3 hidden=2560 intermediate=9216 out_dim=2560 bf16_weights=true use_rows2=false elapsed_ms=0.054
kiln_profile_vulkan_mlp_kernel_stage stage=alloc_hidden_out batch=3 hidden=2560 intermediate=9216 out_dim=2560 bf16_weights=true use_rows2=false elapsed_ms=0.012
kiln_profile_vulkan_mlp_kernel_stage stage=gate_up batch=3 hidden=2560 intermediate=9216 out_dim=2560 bf16_weights=true use_rows2=false elapsed_ms=0.588
kiln_profile_vulkan_mlp_kernel_stage stage=down batch=3 hidden=2560 intermediate=9216 out_dim=2560 bf16_weights=true use_rows2=false elapsed_ms=0.458
kiln_profile_vulkan_mlp_kernel_stage stage=readback_out batch=3 hidden=2560 intermediate=9216 out_dim=2560 bf16_weights=true use_rows2=false elapsed_ms=0.079
kiln_profile_vulkan_mlp_kernel_stage stage=create_tensor batch=3 hidden=2560 intermediate=9216 out_dim=2560 bf16_weights=true use_rows2=false elapsed_ms=0.002
kiln_profile_mlp_stage layer=6 stage=fused seq_len=1 start_pos=37 elapsed_ms=1.274
kiln_profile_vulkan_mlp_kernel_stage stage=extract_x batch=3 hidden=2560 intermediate=9216 out_dim=2560 bf16_weights=true use_rows2=false elapsed_ms=0.001
kiln_profile_vulkan_mlp_kernel_stage stage=alloc_x batch=3 hidden=2560 intermediate=9216 out_dim=2560 bf16_weights=true use_rows2=false elapsed_ms=0.005
kiln_profile_vulkan_mlp_kernel_stage stage=upload_x batch=3 hidden=2560 intermediate=9216 out_dim=2560 bf16_weights=true use_rows2=false elapsed_ms=0.071
kiln_profile_vulkan_mlp_kernel_stage stage=alloc_hidden_out batch=3 hidden=2560 intermediate=9216 out_dim=2560 bf16_weights=true use_rows2=false elapsed_ms=0.010
kiln_profile_vulkan_mlp_kernel_stage stage=gate_up batch=3 hidden=2560 intermediate=9216 out_dim=2560 bf16_weights=true use_rows2=false elapsed_ms=0.596
kiln_profile_vulkan_mlp_kernel_stage stage=down batch=3 hidden=2560 intermediate=9216 out_dim=2560 bf16_weights=true use_rows2=false elapsed_ms=0.456
kiln_profile_vulkan_mlp_kernel_stage stage=readback_out batch=3 hidden=2560 intermediate=9216 out_dim=2560 bf16_weights=true use_rows2=false elapsed_ms=0.148
kiln_profile_vulkan_mlp_kernel_stage stage=create_tensor batch=3 hidden=2560 intermediate=9216 out_dim=2560 bf16_weights=true use_rows2=false elapsed_ms=0.001
kiln_profile_mlp_stage layer=7 stage=fused seq_len=1 start_pos=37 elapsed_ms=1.350
kiln_profile_vulkan_mlp_kernel_stage stage=extract_x batch=3 hidden=2560 intermediate=9216 out_dim=2560 bf16_weights=true use_rows2=false elapsed_ms=0.001
kiln_profile_vulkan_mlp_kernel_stage stage=alloc_x batch=3 hidden=2560 intermediate=9216 out_dim=2560 bf16_weights=true use_rows2=false elapsed_ms=0.006
kiln_profile_vulkan_mlp_kernel_stage stage=upload_x batch=3 hidden=2560 intermediate=9216 out_dim=2560 bf16_weights=true use_rows2=false elapsed_ms=0.346
kiln_profile_vulkan_mlp_kernel_stage stage=alloc_hidden_out batch=3 hidden=2560 intermediate=9216 out_dim=2560 bf16_weights=true use_rows2=false elapsed_ms=0.011
kiln_profile_vulkan_mlp_kernel_stage stage=gate_up batch=3 hidden=2560 intermediate=9216 out_dim=2560 bf16_weights=true use_rows2=false elapsed_ms=0.590
kiln_profile_vulkan_mlp_kernel_stage stage=down batch=3 hidden=2560 intermediate=9216 out_dim=2560 bf16_weights=true use_rows2=false elapsed_ms=0.460
kiln_profile_vulkan_mlp_kernel_stage stage=readback_out batch=3 hidden=2560 intermediate=9216 out_dim=2560 bf16_weights=true use_rows2=false elapsed_ms=0.147
kiln_profile_vulkan_mlp_kernel_stage stage=create_tensor batch=3 hidden=2560 intermediate=9216 out_dim=2560 bf16_weights=true use_rows2=false elapsed_ms=0.001
kiln_profile_mlp_stage layer=8 stage=fused seq_len=1 start_pos=37 elapsed_ms=1.634
kiln_profile_vulkan_mlp_kernel_stage stage=extract_x batch=3 hidden=2560 intermediate=9216 out_dim=2560 bf16_weights=true use_rows2=false elapsed_ms=0.001
kiln_profile_vulkan_mlp_kernel_stage stage=alloc_x batch=3 hidden=2560 intermediate=9216 out_dim=2560 bf16_weights=true use_rows2=false elapsed_ms=0.006
kiln_profile_vulkan_mlp_kernel_stage stage=upload_x batch=3 hidden=2560 intermediate=9216 out_dim=2560 bf16_weights=true use_rows2=false elapsed_ms=0.055
kiln_profile_vulkan_mlp_kernel_stage stage=alloc_hidden_out batch=3 hidden=2560 intermediate=9216 out_dim=2560 bf16_weights=true use_rows2=false elapsed_ms=0.011
kiln_profile_vulkan_mlp_kernel_stage stage=gate_up batch=3 hidden=2560 intermediate=9216 out_dim=2560 bf16_weights=true use_rows2=false elapsed_ms=0.579
kiln_profile_vulkan_mlp_kernel_stage stage=down batch=3 hidden=2560 intermediate=9216 out_dim=2560 bf16_weights=true use_rows2=false elapsed_ms=0.474
kiln_profile_vulkan_mlp_kernel_stage stage=readback_out batch=3 hidden=2560 intermediate=9216 out_dim=2560 bf16_weights=true use_rows2=false elapsed_ms=0.146
kiln_profile_vulkan_mlp_kernel_stage stage=create_tensor batch=3 hidden=2560 intermediate=9216 out_dim=2560 bf16_weights=true use_rows2=false elapsed_ms=0.001
kiln_profile_mlp_stage layer=9 stage=fused seq_len=1 start_pos=37 elapsed_ms=1.333
kiln_profile_vulkan_mlp_kernel_stage stage=extract_x batch=3 hidden=2560 intermediate=9216 out_dim=2560 bf16_weights=true use_rows2=false elapsed_ms=0.001
kiln_profile_vulkan_mlp_kernel_stage stage=alloc_x batch=3 hidden=2560 intermediate=9216 out_dim=2560 bf16_weights=true use_rows2=false elapsed_ms=0.005
kiln_profile_vulkan_mlp_kernel_stage stage=upload_x batch=3 hidden=2560 intermediate=9216 out_dim=2560 bf16_weights=true use_rows2=false elapsed_ms=0.071
kiln_profile_vulkan_mlp_kernel_stage stage=alloc_hidden_out batch=3 hidden=2560 intermediate=9216 out_dim=2560 bf16_weights=true use_rows2=false elapsed_ms=0.012
kiln_profile_vulkan_mlp_kernel_stage stage=gate_up batch=3 hidden=2560 intermediate=9216 out_dim=2560 bf16_weights=true use_rows2=false elapsed_ms=0.602
kiln_profile_vulkan_mlp_kernel_stage stage=down batch=3 hidden=2560 intermediate=9216 out_dim=2560 bf16_weights=true use_rows2=false elapsed_ms=0.482
kiln_profile_vulkan_mlp_kernel_stage stage=readback_out batch=3 hidden=2560 intermediate=9216 out_dim=2560 bf16_weights=true use_rows2=false elapsed_ms=0.256
kiln_profile_vulkan_mlp_kernel_stage stage=create_tensor batch=3 hidden=2560 intermediate=9216 out_dim=2560 bf16_weights=true use_rows2=false elapsed_ms=0.002
kiln_profile_mlp_stage layer=10 stage=fused seq_len=1 start_pos=37 elapsed_ms=1.494
kiln_profile_vulkan_mlp_kernel_stage stage=extract_x batch=3 hidden=2560 intermediate=9216 out_dim=2560 bf16_weights=true use_rows2=false elapsed_ms=0.001
kiln_profile_vulkan_mlp_kernel_stage stage=alloc_x batch=3 hidden=2560 intermediate=9216 out_dim=2560 bf16_weights=true use_rows2=false elapsed_ms=0.006
kiln_profile_vulkan_mlp_kernel_stage stage=upload_x batch=3 hidden=2560 intermediate=9216 out_dim=2560 bf16_weights=true use_rows2=false elapsed_ms=0.107
kiln_profile_vulkan_mlp_kernel_stage stage=alloc_hidden_out batch=3 hidden=2560 intermediate=9216 out_dim=2560 bf16_weights=true use_rows2=false elapsed_ms=0.021
kiln_profile_vulkan_mlp_kernel_stage stage=gate_up batch=3 hidden=2560 intermediate=9216 out_dim=2560 bf16_weights=true use_rows2=false elapsed_ms=0.613
kiln_profile_vulkan_mlp_kernel_stage stage=down batch=3 hidden=2560 intermediate=9216 out_dim=2560 bf16_weights=true use_rows2=false elapsed_ms=0.455
kiln_profile_vulkan_mlp_kernel_stage stage=readback_out batch=3 hidden=2560 intermediate=9216 out_dim=2560 bf16_weights=true use_rows2=false elapsed_ms=0.151
kiln_profile_vulkan_mlp_kernel_stage stage=create_tensor batch=3 hidden=2560 intermediate=9216 out_dim=2560 bf16_weights=true use_rows2=false elapsed_ms=0.001
kiln_profile_mlp_stage layer=11 stage=fused seq_len=1 start_pos=37 elapsed_ms=1.409
kiln_profile_vulkan_mlp_kernel_stage stage=extract_x batch=3 hidden=2560 intermediate=9216 out_dim=2560 bf16_weights=true use_rows2=false elapsed_ms=0.002
kiln_profile_vulkan_mlp_kernel_stage stage=alloc_x batch=3 hidden=2560 intermediate=9216 out_dim=2560 bf16_weights=true use_rows2=false elapsed_ms=0.007
kiln_profile_vulkan_mlp_kernel_stage stage=upload_x batch=3 hidden=2560 intermediate=9216 out_dim=2560 bf16_weights=true use_rows2=false elapsed_ms=0.039
kiln_profile_vulkan_mlp_kernel_stage stage=alloc_hidden_out batch=3 hidden=2560 intermediate=9216 out_dim=2560 bf16_weights=true use_rows2=false elapsed_ms=0.011
kiln_profile_vulkan_mlp_kernel_stage stage=gate_up batch=3 hidden=2560 intermediate=9216 out_dim=2560 bf16_weights=true use_rows2=false elapsed_ms=0.590
kiln_profile_vulkan_mlp_kernel_stage stage=down batch=3 hidden=2560 intermediate=9216 out_dim=2560 bf16_weights=true use_rows2=false elapsed_ms=0.461
kiln_profile_vulkan_mlp_kernel_stage stage=readback_out batch=3 hidden=2560 intermediate=9216 out_dim=2560 bf16_weights=true use_rows2=false elapsed_ms=0.070
kiln_profile_vulkan_mlp_kernel_stage stage=create_tensor batch=3 hidden=2560 intermediate=9216 out_dim=2560 bf16_weights=true use_rows2=false elapsed_ms=0.002
kiln_profile_mlp_stage layer=12 stage=fused seq_len=1 start_pos=37 elapsed_ms=1.248
kiln_profile_vulkan_mlp_kernel_stage stage=extract_x batch=3 hidden=2560 intermediate=9216 out_dim=2560 bf16_weights=true use_rows2=false elapsed_ms=0.002
kiln_profile_vulkan_mlp_kernel_stage stage=alloc_x batch=3 hidden=2560 intermediate=9216 out_dim=2560 bf16_weights=true use_rows2=false elapsed_ms=0.005
kiln_profile_vulkan_mlp_kernel_stage stage=upload_x batch=3 hidden=2560 intermediate=9216 out_dim=2560 bf16_weights=true use_rows2=false elapsed_ms=0.152
kiln_profile_vulkan_mlp_kernel_stage stage=alloc_hidden_out batch=3 hidden=2560 intermediate=9216 out_dim=2560 bf16_weights=true use_rows2=false elapsed_ms=0.012
kiln_profile_vulkan_mlp_kernel_stage stage=gate_up batch=3 hidden=2560 intermediate=9216 out_dim=2560 bf16_weights=true use_rows2=false elapsed_ms=0.606
kiln_profile_vulkan_mlp_kernel_stage stage=down batch=3 hidden=2560 intermediate=9216 out_dim=2560 bf16_weights=true use_rows2=false elapsed_ms=0.466
kiln_profile_vulkan_mlp_kernel_stage stage=readback_out batch=3 hidden=2560 intermediate=9216 out_dim=2560 bf16_weights=true use_rows2=false elapsed_ms=0.073
kiln_profile_vulkan_mlp_kernel_stage stage=create_tensor batch=3 hidden=2560 intermediate=9216 out_dim=2560 bf16_weights=true use_rows2=false elapsed_ms=0.001
kiln_profile_mlp_stage layer=13 stage=fused seq_len=1 start_pos=37 elapsed_ms=1.377
kiln_profile_vulkan_mlp_kernel_stage stage=extract_x batch=3 hidden=2560 intermediate=9216 out_dim=2560 bf16_weights=true use_rows2=false elapsed_ms=0.002
kiln_profile_vulkan_mlp_kernel_stage stage=alloc_x batch=3 hidden=2560 intermediate=9216 out_dim=2560 bf16_weights=true use_rows2=false elapsed_ms=0.006
kiln_profile_vulkan_mlp_kernel_stage stage=upload_x batch=3 hidden=2560 intermediate=9216 out_dim=2560 bf16_weights=true use_rows2=false elapsed_ms=0.070
kiln_profile_vulkan_mlp_kernel_stage stage=alloc_hidden_out batch=3 hidden=2560 intermediate=9216 out_dim=2560 bf16_weights=true use_rows2=false elapsed_ms=0.012
kiln_profile_vulkan_mlp_kernel_stage stage=gate_up batch=3 hidden=2560 intermediate=9216 out_dim=2560 bf16_weights=true use_rows2=false elapsed_ms=0.601
kiln_profile_vulkan_mlp_kernel_stage stage=down batch=3 hidden=2560 intermediate=9216 out_dim=2560 bf16_weights=true use_rows2=false elapsed_ms=0.465
kiln_profile_vulkan_mlp_kernel_stage stage=readback_out batch=3 hidden=2560 intermediate=9216 out_dim=2560 bf16_weights=true use_rows2=false elapsed_ms=0.077
kiln_profile_vulkan_mlp_kernel_stage stage=create_tensor batch=3 hidden=2560 intermediate=9216 out_dim=2560 bf16_weights=true use_rows2=false elapsed_ms=0.001
kiln_profile_mlp_stage layer=14 stage=fused seq_len=1 start_pos=37 elapsed_ms=1.298
kiln_profile_vulkan_mlp_kernel_stage stage=extract_x batch=3 hidden=2560 intermediate=9216 out_dim=2560 bf16_weights=true use_rows2=false elapsed_ms=0.001
kiln_profile_vulkan_mlp_kernel_stage stage=alloc_x batch=3 hidden=2560 intermediate=9216 out_dim=2560 bf16_weights=true use_rows2=false elapsed_ms=0.005
kiln_profile_vulkan_mlp_kernel_stage stage=upload_x batch=3 hidden=2560 intermediate=9216 out_dim=2560 bf16_weights=true use_rows2=false elapsed_ms=0.069
kiln_profile_vulkan_mlp_kernel_stage stage=alloc_hidden_out batch=3 hidden=2560 intermediate=9216 out_dim=2560 bf16_weights=true use_rows2=false elapsed_ms=0.020
kiln_profile_vulkan_mlp_kernel_stage stage=gate_up batch=3 hidden=2560 intermediate=9216 out_dim=2560 bf16_weights=true use_rows2=false elapsed_ms=0.607
kiln_profile_vulkan_mlp_kernel_stage stage=down batch=3 hidden=2560 intermediate=9216 out_dim=2560 bf16_weights=true use_rows2=false elapsed_ms=0.464
kiln_profile_vulkan_mlp_kernel_stage stage=readback_out batch=3 hidden=2560 intermediate=9216 out_dim=2560 bf16_weights=true use_rows2=false elapsed_ms=0.153
kiln_profile_vulkan_mlp_kernel_stage stage=create_tensor batch=3 hidden=2560 intermediate=9216 out_dim=2560 bf16_weights=true use_rows2=false elapsed_ms=0.001
kiln_profile_mlp_stage layer=15 stage=fused seq_len=1 start_pos=37 elapsed_ms=1.380
kiln_profile_vulkan_mlp_kernel_stage stage=extract_x batch=3 hidden=2560 intermediate=9216 out_dim=2560 bf16_weights=true use_rows2=false elapsed_ms=0.001
kiln_profile_vulkan_mlp_kernel_stage stage=alloc_x batch=3 hidden=2560 intermediate=9216 out_dim=2560 bf16_weights=true use_rows2=false elapsed_ms=0.008
kiln_profile_vulkan_mlp_kernel_stage stage=upload_x batch=3 hidden=2560 intermediate=9216 out_dim=2560 bf16_weights=true use_rows2=false elapsed_ms=0.078
kiln_profile_vulkan_mlp_kernel_stage stage=alloc_hidden_out batch=3 hidden=2560 intermediate=9216 out_dim=2560 bf16_weights=true use_rows2=false elapsed_ms=0.011
kiln_profile_vulkan_mlp_kernel_stage stage=gate_up batch=3 hidden=2560 intermediate=9216 out_dim=2560 bf16_weights=true use_rows2=false elapsed_ms=0.625
kiln_profile_vulkan_mlp_kernel_stage stage=down batch=3 hidden=2560 intermediate=9216 out_dim=2560 bf16_weights=true use_rows2=false elapsed_ms=0.524
kiln_profile_vulkan_mlp_kernel_stage stage=readback_out batch=3 hidden=2560 intermediate=9216 out_dim=2560 bf16_weights=true use_rows2=false elapsed_ms=0.145
kiln_profile_vulkan_mlp_kernel_stage stage=create_tensor batch=3 hidden=2560 intermediate=9216 out_dim=2560 bf16_weights=true use_rows2=false elapsed_ms=0.001
kiln_profile_mlp_stage layer=16 stage=fused seq_len=1 start_pos=37 elapsed_ms=1.454
kiln_profile_vulkan_mlp_kernel_stage stage=extract_x batch=3 hidden=2560 intermediate=9216 out_dim=2560 bf16_weights=true use_rows2=false elapsed_ms=0.001
kiln_profile_vulkan_mlp_kernel_stage stage=alloc_x batch=3 hidden=2560 intermediate=9216 out_dim=2560 bf16_weights=true use_rows2=false elapsed_ms=0.006
kiln_profile_vulkan_mlp_kernel_stage stage=upload_x batch=3 hidden=2560 intermediate=9216 out_dim=2560 bf16_weights=true use_rows2=false elapsed_ms=0.073
kiln_profile_vulkan_mlp_kernel_stage stage=alloc_hidden_out batch=3 hidden=2560 intermediate=9216 out_dim=2560 bf16_weights=true use_rows2=false elapsed_ms=0.022
kiln_profile_vulkan_mlp_kernel_stage stage=gate_up batch=3 hidden=2560 intermediate=9216 out_dim=2560 bf16_weights=true use_rows2=false elapsed_ms=0.573
kiln_profile_vulkan_mlp_kernel_stage stage=down batch=3 hidden=2560 intermediate=9216 out_dim=2560 bf16_weights=true use_rows2=false elapsed_ms=0.463
kiln_profile_vulkan_mlp_kernel_stage stage=readback_out batch=3 hidden=2560 intermediate=9216 out_dim=2560 bf16_weights=true use_rows2=false elapsed_ms=0.148
kiln_profile_vulkan_mlp_kernel_stage stage=create_tensor batch=3 hidden=2560 intermediate=9216 out_dim=2560 bf16_weights=true use_rows2=false elapsed_ms=0.001
kiln_profile_mlp_stage layer=17 stage=fused seq_len=1 start_pos=37 elapsed_ms=1.353
kiln_profile_vulkan_mlp_kernel_stage stage=extract_x batch=3 hidden=2560 intermediate=9216 out_dim=2560 bf16_weights=true use_rows2=false elapsed_ms=0.001
kiln_profile_vulkan_mlp_kernel_stage stage=alloc_x batch=3 hidden=2560 intermediate=9216 out_dim=2560 bf16_weights=true use_rows2=false elapsed_ms=0.006
kiln_profile_vulkan_mlp_kernel_stage stage=upload_x batch=3 hidden=2560 intermediate=9216 out_dim=2560 bf16_weights=true use_rows2=false elapsed_ms=0.110
kiln_profile_vulkan_mlp_kernel_stage stage=alloc_hidden_out batch=3 hidden=2560 intermediate=9216 out_dim=2560 bf16_weights=true use_rows2=false elapsed_ms=0.013
kiln_profile_vulkan_mlp_kernel_stage stage=gate_up batch=3 hidden=2560 intermediate=9216 out_dim=2560 bf16_weights=true use_rows2=false elapsed_ms=0.614
kiln_profile_vulkan_mlp_kernel_stage stage=down batch=3 hidden=2560 intermediate=9216 out_dim=2560 bf16_weights=true use_rows2=false elapsed_ms=0.465
kiln_profile_vulkan_mlp_kernel_stage stage=readback_out batch=3 hidden=2560 intermediate=9216 out_dim=2560 bf16_weights=true use_rows2=false elapsed_ms=0.148
kiln_profile_vulkan_mlp_kernel_stage stage=create_tensor batch=3 hidden=2560 intermediate=9216 out_dim=2560 bf16_weights=true use_rows2=false elapsed_ms=0.001
kiln_profile_mlp_stage layer=18 stage=fused seq_len=1 start_pos=37 elapsed_ms=1.425
kiln_profile_vulkan_mlp_kernel_stage stage=extract_x batch=3 hidden=2560 intermediate=9216 out_dim=2560 bf16_weights=true use_rows2=false elapsed_ms=0.001
kiln_profile_vulkan_mlp_kernel_stage stage=alloc_x batch=3 hidden=2560 intermediate=9216 out_dim=2560 bf16_weights=true use_rows2=false elapsed_ms=0.006
kiln_profile_vulkan_mlp_kernel_stage stage=upload_x batch=3 hidden=2560 intermediate=9216 out_dim=2560 bf16_weights=true use_rows2=false elapsed_ms=0.074
kiln_profile_vulkan_mlp_kernel_stage stage=alloc_hidden_out batch=3 hidden=2560 intermediate=9216 out_dim=2560 bf16_weights=true use_rows2=false elapsed_ms=0.013
kiln_profile_vulkan_mlp_kernel_stage stage=gate_up batch=3 hidden=2560 intermediate=9216 out_dim=2560 bf16_weights=true use_rows2=false elapsed_ms=0.592
kiln_profile_vulkan_mlp_kernel_stage stage=down batch=3 hidden=2560 intermediate=9216 out_dim=2560 bf16_weights=true use_rows2=false elapsed_ms=0.877
kiln_profile_vulkan_mlp_kernel_stage stage=readback_out batch=3 hidden=2560 intermediate=9216 out_dim=2560 bf16_weights=true use_rows2=false elapsed_ms=0.205
kiln_profile_vulkan_mlp_kernel_stage stage=create_tensor batch=3 hidden=2560 intermediate=9216 out_dim=2560 bf16_weights=true use_rows2=false elapsed_ms=0.001
kiln_profile_mlp_stage layer=19 stage=fused seq_len=1 start_pos=37 elapsed_ms=1.825
kiln_profile_vulkan_mlp_kernel_stage stage=extract_x batch=3 hidden=2560 intermediate=9216 out_dim=2560 bf16_weights=true use_rows2=false elapsed_ms=0.001
kiln_profile_vulkan_mlp_kernel_stage stage=alloc_x batch=3 hidden=2560 intermediate=9216 out_dim=2560 bf16_weights=true use_rows2=false elapsed_ms=0.007
kiln_profile_vulkan_mlp_kernel_stage stage=upload_x batch=3 hidden=2560 intermediate=9216 out_dim=2560 bf16_weights=true use_rows2=false elapsed_ms=0.052
kiln_profile_vulkan_mlp_kernel_stage stage=alloc_hidden_out batch=3 hidden=2560 intermediate=9216 out_dim=2560 bf16_weights=true use_rows2=false elapsed_ms=0.013
kiln_profile_vulkan_mlp_kernel_stage stage=gate_up batch=3 hidden=2560 intermediate=9216 out_dim=2560 bf16_weights=true use_rows2=false elapsed_ms=0.589
kiln_profile_vulkan_mlp_kernel_stage stage=down batch=3 hidden=2560 intermediate=9216 out_dim=2560 bf16_weights=true use_rows2=false elapsed_ms=0.457
kiln_profile_vulkan_mlp_kernel_stage stage=readback_out batch=3 hidden=2560 intermediate=9216 out_dim=2560 bf16_weights=true use_rows2=false elapsed_ms=0.085
kiln_profile_vulkan_mlp_kernel_stage stage=create_tensor batch=3 hidden=2560 intermediate=9216 out_dim=2560 bf16_weights=true use_rows2=false elapsed_ms=0.001
kiln_profile_mlp_stage layer=20 stage=fused seq_len=1 start_pos=37 elapsed_ms=1.267
kiln_profile_vulkan_mlp_kernel_stage stage=extract_x batch=3 hidden=2560 intermediate=9216 out_dim=2560 bf16_weights=true use_rows2=false elapsed_ms=0.001
kiln_profile_vulkan_mlp_kernel_stage stage=alloc_x batch=3 hidden=2560 intermediate=9216 out_dim=2560 bf16_weights=true use_rows2=false elapsed_ms=0.007
kiln_profile_vulkan_mlp_kernel_stage stage=upload_x batch=3 hidden=2560 intermediate=9216 out_dim=2560 bf16_weights=true use_rows2=false elapsed_ms=0.061
kiln_profile_vulkan_mlp_kernel_stage stage=alloc_hidden_out batch=3 hidden=2560 intermediate=9216 out_dim=2560 bf16_weights=true use_rows2=false elapsed_ms=0.014
kiln_profile_vulkan_mlp_kernel_stage stage=gate_up batch=3 hidden=2560 intermediate=9216 out_dim=2560 bf16_weights=true use_rows2=false elapsed_ms=0.599
kiln_profile_vulkan_mlp_kernel_stage stage=down batch=3 hidden=2560 intermediate=9216 out_dim=2560 bf16_weights=true use_rows2=false elapsed_ms=0.462
kiln_profile_vulkan_mlp_kernel_stage stage=readback_out batch=3 hidden=2560 intermediate=9216 out_dim=2560 bf16_weights=true use_rows2=false elapsed_ms=0.073
kiln_profile_vulkan_mlp_kernel_stage stage=create_tensor batch=3 hidden=2560 intermediate=9216 out_dim=2560 bf16_weights=true use_rows2=false elapsed_ms=0.001
kiln_profile_mlp_stage layer=21 stage=fused seq_len=1 start_pos=37 elapsed_ms=1.292
kiln_profile_vulkan_mlp_kernel_stage stage=extract_x batch=3 hidden=2560 intermediate=9216 out_dim=2560 bf16_weights=true use_rows2=false elapsed_ms=0.001
kiln_profile_vulkan_mlp_kernel_stage stage=alloc_x batch=3 hidden=2560 intermediate=9216 out_dim=2560 bf16_weights=true use_rows2=false elapsed_ms=0.006
kiln_profile_vulkan_mlp_kernel_stage stage=upload_x batch=3 hidden=2560 intermediate=9216 out_dim=2560 bf16_weights=true use_rows2=false elapsed_ms=0.064
kiln_profile_vulkan_mlp_kernel_stage stage=alloc_hidden_out batch=3 hidden=2560 intermediate=9216 out_dim=2560 bf16_weights=true use_rows2=false elapsed_ms=0.022
kiln_profile_vulkan_mlp_kernel_stage stage=gate_up batch=3 hidden=2560 intermediate=9216 out_dim=2560 bf16_weights=true use_rows2=false elapsed_ms=0.624
kiln_profile_vulkan_mlp_kernel_stage stage=down batch=3 hidden=2560 intermediate=9216 out_dim=2560 bf16_weights=true use_rows2=false elapsed_ms=0.459
kiln_profile_vulkan_mlp_kernel_stage stage=readback_out batch=3 hidden=2560 intermediate=9216 out_dim=2560 bf16_weights=true use_rows2=false elapsed_ms=0.087
kiln_profile_vulkan_mlp_kernel_stage stage=create_tensor batch=3 hidden=2560 intermediate=9216 out_dim=2560 bf16_weights=true use_rows2=false elapsed_ms=0.001
kiln_profile_mlp_stage layer=22 stage=fused seq_len=1 start_pos=37 elapsed_ms=1.329
kiln_profile_vulkan_mlp_kernel_stage stage=extract_x batch=3 hidden=2560 intermediate=9216 out_dim=2560 bf16_weights=true use_rows2=false elapsed_ms=0.001
kiln_profile_vulkan_mlp_kernel_stage stage=alloc_x batch=3 hidden=2560 intermediate=9216 out_dim=2560 bf16_weights=true use_rows2=false elapsed_ms=0.005
kiln_profile_vulkan_mlp_kernel_stage stage=upload_x batch=3 hidden=2560 intermediate=9216 out_dim=2560 bf16_weights=true use_rows2=false elapsed_ms=0.077
kiln_profile_vulkan_mlp_kernel_stage stage=alloc_hidden_out batch=3 hidden=2560 intermediate=9216 out_dim=2560 bf16_weights=true use_rows2=false elapsed_ms=0.011
kiln_profile_vulkan_mlp_kernel_stage stage=gate_up batch=3 hidden=2560 intermediate=9216 out_dim=2560 bf16_weights=true use_rows2=false elapsed_ms=0.594
kiln_profile_vulkan_mlp_kernel_stage stage=down batch=3 hidden=2560 intermediate=9216 out_dim=2560 bf16_weights=true use_rows2=false elapsed_ms=0.523
kiln_profile_vulkan_mlp_kernel_stage stage=readback_out batch=3 hidden=2560 intermediate=9216 out_dim=2560 bf16_weights=true use_rows2=false elapsed_ms=0.151
kiln_profile_vulkan_mlp_kernel_stage stage=create_tensor batch=3 hidden=2560 intermediate=9216 out_dim=2560 bf16_weights=true use_rows2=false elapsed_ms=0.001
kiln_profile_mlp_stage layer=23 stage=fused seq_len=1 start_pos=37 elapsed_ms=1.420
kiln_profile_vulkan_mlp_kernel_stage stage=extract_x batch=3 hidden=2560 intermediate=9216 out_dim=2560 bf16_weights=true use_rows2=false elapsed_ms=0.001
kiln_profile_vulkan_mlp_kernel_stage stage=alloc_x batch=3 hidden=2560 intermediate=9216 out_dim=2560 bf16_weights=true use_rows2=false elapsed_ms=0.006
kiln_profile_vulkan_mlp_kernel_stage stage=upload_x batch=3 hidden=2560 intermediate=9216 out_dim=2560 bf16_weights=true use_rows2=false elapsed_ms=0.103
kiln_profile_vulkan_mlp_kernel_stage stage=alloc_hidden_out batch=3 hidden=2560 intermediate=9216 out_dim=2560 bf16_weights=true use_rows2=false elapsed_ms=0.013
kiln_profile_vulkan_mlp_kernel_stage stage=gate_up batch=3 hidden=2560 intermediate=9216 out_dim=2560 bf16_weights=true use_rows2=false elapsed_ms=0.610
kiln_profile_vulkan_mlp_kernel_stage stage=down batch=3 hidden=2560 intermediate=9216 out_dim=2560 bf16_weights=true use_rows2=false elapsed_ms=0.466
kiln_profile_vulkan_mlp_kernel_stage stage=readback_out batch=3 hidden=2560 intermediate=9216 out_dim=2560 bf16_weights=true use_rows2=false elapsed_ms=0.147
kiln_profile_vulkan_mlp_kernel_stage stage=create_tensor batch=3 hidden=2560 intermediate=9216 out_dim=2560 bf16_weights=true use_rows2=false elapsed_ms=0.001
kiln_profile_mlp_stage layer=24 stage=fused seq_len=1 start_pos=37 elapsed_ms=1.414
kiln_profile_vulkan_mlp_kernel_stage stage=extract_x batch=3 hidden=2560 intermediate=9216 out_dim=2560 bf16_weights=true use_rows2=false elapsed_ms=0.001
kiln_profile_vulkan_mlp_kernel_stage stage=alloc_x batch=3 hidden=2560 intermediate=9216 out_dim=2560 bf16_weights=true use_rows2=false elapsed_ms=0.006
kiln_profile_vulkan_mlp_kernel_stage stage=upload_x batch=3 hidden=2560 intermediate=9216 out_dim=2560 bf16_weights=true use_rows2=false elapsed_ms=0.076
kiln_profile_vulkan_mlp_kernel_stage stage=alloc_hidden_out batch=3 hidden=2560 intermediate=9216 out_dim=2560 bf16_weights=true use_rows2=false elapsed_ms=0.011
kiln_profile_vulkan_mlp_kernel_stage stage=gate_up batch=3 hidden=2560 intermediate=9216 out_dim=2560 bf16_weights=true use_rows2=false elapsed_ms=0.606
kiln_profile_vulkan_mlp_kernel_stage stage=down batch=3 hidden=2560 intermediate=9216 out_dim=2560 bf16_weights=true use_rows2=false elapsed_ms=0.466
kiln_profile_vulkan_mlp_kernel_stage stage=readback_out batch=3 hidden=2560 intermediate=9216 out_dim=2560 bf16_weights=true use_rows2=false elapsed_ms=0.157
kiln_profile_vulkan_mlp_kernel_stage stage=create_tensor batch=3 hidden=2560 intermediate=9216 out_dim=2560 bf16_weights=true use_rows2=false elapsed_ms=0.001
kiln_profile_mlp_stage layer=25 stage=fused seq_len=1 start_pos=37 elapsed_ms=1.389
kiln_profile_vulkan_mlp_kernel_stage stage=extract_x batch=3 hidden=2560 intermediate=9216 out_dim=2560 bf16_weights=true use_rows2=false elapsed_ms=0.001
kiln_profile_vulkan_mlp_kernel_stage stage=alloc_x batch=3 hidden=2560 intermediate=9216 out_dim=2560 bf16_weights=true use_rows2=false elapsed_ms=0.006
kiln_profile_vulkan_mlp_kernel_stage stage=upload_x batch=3 hidden=2560 intermediate=9216 out_dim=2560 bf16_weights=true use_rows2=false elapsed_ms=0.555
kiln_profile_vulkan_mlp_kernel_stage stage=alloc_hidden_out batch=3 hidden=2560 intermediate=9216 out_dim=2560 bf16_weights=true use_rows2=false elapsed_ms=0.011
kiln_profile_vulkan_mlp_kernel_stage stage=gate_up batch=3 hidden=2560 intermediate=9216 out_dim=2560 bf16_weights=true use_rows2=false elapsed_ms=0.606
kiln_profile_vulkan_mlp_kernel_stage stage=down batch=3 hidden=2560 intermediate=9216 out_dim=2560 bf16_weights=true use_rows2=false elapsed_ms=0.465
kiln_profile_vulkan_mlp_kernel_stage stage=readback_out batch=3 hidden=2560 intermediate=9216 out_dim=2560 bf16_weights=true use_rows2=false elapsed_ms=0.149
kiln_profile_vulkan_mlp_kernel_stage stage=create_tensor batch=3 hidden=2560 intermediate=9216 out_dim=2560 bf16_weights=true use_rows2=false elapsed_ms=0.001
kiln_profile_mlp_stage layer=26 stage=fused seq_len=1 start_pos=37 elapsed_ms=1.853
kiln_profile_vulkan_mlp_kernel_stage stage=extract_x batch=3 hidden=2560 intermediate=9216 out_dim=2560 bf16_weights=true use_rows2=false elapsed_ms=0.001
kiln_profile_vulkan_mlp_kernel_stage stage=alloc_x batch=3 hidden=2560 intermediate=9216 out_dim=2560 bf16_weights=true use_rows2=false elapsed_ms=0.005
kiln_profile_vulkan_mlp_kernel_stage stage=upload_x batch=3 hidden=2560 intermediate=9216 out_dim=2560 bf16_weights=true use_rows2=false elapsed_ms=0.074
kiln_profile_vulkan_mlp_kernel_stage stage=alloc_hidden_out batch=3 hidden=2560 intermediate=9216 out_dim=2560 bf16_weights=true use_rows2=false elapsed_ms=0.012
kiln_profile_vulkan_mlp_kernel_stage stage=gate_up batch=3 hidden=2560 intermediate=9216 out_dim=2560 bf16_weights=true use_rows2=false elapsed_ms=0.584
kiln_profile_vulkan_mlp_kernel_stage stage=down batch=3 hidden=2560 intermediate=9216 out_dim=2560 bf16_weights=true use_rows2=false elapsed_ms=0.466
kiln_profile_vulkan_mlp_kernel_stage stage=readback_out batch=3 hidden=2560 intermediate=9216 out_dim=2560 bf16_weights=true use_rows2=false elapsed_ms=0.154
kiln_profile_vulkan_mlp_kernel_stage stage=create_tensor batch=3 hidden=2560 intermediate=9216 out_dim=2560 bf16_weights=true use_rows2=false elapsed_ms=0.001
kiln_profile_mlp_stage layer=27 stage=fused seq_len=1 start_pos=37 elapsed_ms=1.364
kiln_profile_vulkan_mlp_kernel_stage stage=extract_x batch=3 hidden=2560 intermediate=9216 out_dim=2560 bf16_weights=true use_rows2=false elapsed_ms=0.001
kiln_profile_vulkan_mlp_kernel_stage stage=alloc_x batch=3 hidden=2560 intermediate=9216 out_dim=2560 bf16_weights=true use_rows2=false elapsed_ms=0.006
kiln_profile_vulkan_mlp_kernel_stage stage=upload_x batch=3 hidden=2560 intermediate=9216 out_dim=2560 bf16_weights=true use_rows2=false elapsed_ms=0.080
kiln_profile_vulkan_mlp_kernel_stage stage=alloc_hidden_out batch=3 hidden=2560 intermediate=9216 out_dim=2560 bf16_weights=true use_rows2=false elapsed_ms=0.012
kiln_profile_vulkan_mlp_kernel_stage stage=gate_up batch=3 hidden=2560 intermediate=9216 out_dim=2560 bf16_weights=true use_rows2=false elapsed_ms=0.626
kiln_profile_vulkan_mlp_kernel_stage stage=down batch=3 hidden=2560 intermediate=9216 out_dim=2560 bf16_weights=true use_rows2=false elapsed_ms=0.461
kiln_profile_vulkan_mlp_kernel_stage stage=readback_out batch=3 hidden=2560 intermediate=9216 out_dim=2560 bf16_weights=true use_rows2=false elapsed_ms=0.099
kiln_profile_vulkan_mlp_kernel_stage stage=create_tensor batch=3 hidden=2560 intermediate=9216 out_dim=2560 bf16_weights=true use_rows2=false elapsed_ms=0.001
kiln_profile_mlp_stage layer=28 stage=fused seq_len=1 start_pos=37 elapsed_ms=1.351
kiln_profile_vulkan_mlp_kernel_stage stage=extract_x batch=3 hidden=2560 intermediate=9216 out_dim=2560 bf16_weights=true use_rows2=false elapsed_ms=0.002
kiln_profile_vulkan_mlp_kernel_stage stage=alloc_x batch=3 hidden=2560 intermediate=9216 out_dim=2560 bf16_weights=true use_rows2=false elapsed_ms=0.005
kiln_profile_vulkan_mlp_kernel_stage stage=upload_x batch=3 hidden=2560 intermediate=9216 out_dim=2560 bf16_weights=true use_rows2=false elapsed_ms=0.266
kiln_profile_vulkan_mlp_kernel_stage stage=alloc_hidden_out batch=3 hidden=2560 intermediate=9216 out_dim=2560 bf16_weights=true use_rows2=false elapsed_ms=0.012
kiln_profile_vulkan_mlp_kernel_stage stage=gate_up batch=3 hidden=2560 intermediate=9216 out_dim=2560 bf16_weights=true use_rows2=false elapsed_ms=0.914
kiln_profile_vulkan_mlp_kernel_stage stage=down batch=3 hidden=2560 intermediate=9216 out_dim=2560 bf16_weights=true use_rows2=false elapsed_ms=0.464
kiln_profile_vulkan_mlp_kernel_stage stage=readback_out batch=3 hidden=2560 intermediate=9216 out_dim=2560 bf16_weights=true use_rows2=false elapsed_ms=0.083
kiln_profile_vulkan_mlp_kernel_stage stage=create_tensor batch=3 hidden=2560 intermediate=9216 out_dim=2560 bf16_weights=true use_rows2=false elapsed_ms=0.002
kiln_profile_mlp_stage layer=29 stage=fused seq_len=1 start_pos=37 elapsed_ms=1.810
kiln_profile_vulkan_mlp_kernel_stage stage=extract_x batch=3 hidden=2560 intermediate=9216 out_dim=2560 bf16_weights=true use_rows2=false elapsed_ms=0.002
kiln_profile_vulkan_mlp_kernel_stage stage=alloc_x batch=3 hidden=2560 intermediate=9216 out_dim=2560 bf16_weights=true use_rows2=false elapsed_ms=0.006
kiln_profile_vulkan_mlp_kernel_stage stage=upload_x batch=3 hidden=2560 intermediate=9216 out_dim=2560 bf16_weights=true use_rows2=false elapsed_ms=0.143
kiln_profile_vulkan_mlp_kernel_stage stage=alloc_hidden_out batch=3 hidden=2560 intermediate=9216 out_dim=2560 bf16_weights=true use_rows2=false elapsed_ms=0.014
kiln_profile_vulkan_mlp_kernel_stage stage=gate_up batch=3 hidden=2560 intermediate=9216 out_dim=2560 bf16_weights=true use_rows2=false elapsed_ms=0.577
kiln_profile_vulkan_mlp_kernel_stage stage=down batch=3 hidden=2560 intermediate=9216 out_dim=2560 bf16_weights=true use_rows2=false elapsed_ms=0.471
kiln_profile_vulkan_mlp_kernel_stage stage=readback_out batch=3 hidden=2560 intermediate=9216 out_dim=2560 bf16_weights=true use_rows2=false elapsed_ms=0.073
kiln_profile_vulkan_mlp_kernel_stage stage=create_tensor batch=3 hidden=2560 intermediate=9216 out_dim=2560 bf16_weights=true use_rows2=false elapsed_ms=0.002
kiln_profile_mlp_stage layer=30 stage=fused seq_len=1 start_pos=37 elapsed_ms=1.363
kiln_profile_vulkan_mlp_kernel_stage stage=extract_x batch=3 hidden=2560 intermediate=9216 out_dim=2560 bf16_weights=true use_rows2=false elapsed_ms=0.001
kiln_profile_vulkan_mlp_kernel_stage stage=alloc_x batch=3 hidden=2560 intermediate=9216 out_dim=2560 bf16_weights=true use_rows2=false elapsed_ms=0.005
kiln_profile_vulkan_mlp_kernel_stage stage=upload_x batch=3 hidden=2560 intermediate=9216 out_dim=2560 bf16_weights=true use_rows2=false elapsed_ms=0.069
kiln_profile_vulkan_mlp_kernel_stage stage=alloc_hidden_out batch=3 hidden=2560 intermediate=9216 out_dim=2560 bf16_weights=true use_rows2=false elapsed_ms=0.010
kiln_profile_vulkan_mlp_kernel_stage stage=gate_up batch=3 hidden=2560 intermediate=9216 out_dim=2560 bf16_weights=true use_rows2=false elapsed_ms=0.596
kiln_profile_vulkan_mlp_kernel_stage stage=down batch=3 hidden=2560 intermediate=9216 out_dim=2560 bf16_weights=true use_rows2=false elapsed_ms=0.465
kiln_profile_vulkan_mlp_kernel_stage stage=readback_out batch=3 hidden=2560 intermediate=9216 out_dim=2560 bf16_weights=true use_rows2=false elapsed_ms=0.654
kiln_profile_vulkan_mlp_kernel_stage stage=create_tensor batch=3 hidden=2560 intermediate=9216 out_dim=2560 bf16_weights=true use_rows2=false elapsed_ms=0.001
kiln_profile_mlp_stage layer=31 stage=fused seq_len=1 start_pos=37 elapsed_ms=1.861
{"timestamp":"2026-05-09T10:03:45.470656Z","level":"INFO","fields":{"message":"response","status":200,"duration_ms":0.079378},"target":"kiln_server::api","span":{"duration_ms":0.079378,"method":"GET","path":"/metrics","status":200,"name":"http_request"},"spans":[{"duration_ms":0.079378,"method":"GET","path":"/metrics","status":200,"name":"http_request"}]}
{"timestamp":"2026-05-09T10:03:45.479818Z","level":"INFO","fields":{"message":"received SIGTERM — initiating graceful shutdown"},"target":"kiln"}
{"timestamp":"2026-05-09T10:03:45.885453Z","level":"INFO","fields":{"message":"training worker shutting down"},"target":"kiln_server::training_queue"}
