
  kiln-bench v0.2.13
  GPU                    AMD Radeon 8060S Graphics (RADV STRIX_HALO) (98304 MB)
  Model path             Qwen3.5-4B
  Model loaded           15.40s (backend: vulkan, 4 MB VRAM)

  ▌ Latency warmup run 1/1 (not measured)

  ▌ Latency benchmark (PAGED — production path)
  Measuring latency [PAGED, block_size=16, blocks=5] (64 prompt tokens)...
kiln_profile_gdn_stage layer=0 stage=in_proj seq_len=64 start_pos=0 elapsed_ms=22.829
kiln_profile_gdn_stage layer=0 stage=conv seq_len=64 start_pos=0 elapsed_ms=12.013
kiln_profile_gdn_stage layer=0 stage=qkv_split seq_len=64 start_pos=0 elapsed_ms=0.617
kiln_profile_gdn_stage layer=0 stage=qk_norm seq_len=64 start_pos=0 elapsed_ms=1.289
kiln_profile_gdn_stage layer=0 stage=gates seq_len=64 start_pos=0 elapsed_ms=0.886
kiln_profile_gdn_stage layer=0 stage=recurrent seq_len=64 start_pos=0 elapsed_ms=27.042
kiln_profile_gdn_stage layer=0 stage=post_transpose seq_len=64 start_pos=0 elapsed_ms=0.001
kiln_profile_gdn_stage layer=0 stage=gated_norm seq_len=64 start_pos=0 elapsed_ms=3.322
kiln_profile_gdn_stage layer=0 stage=out_proj seq_len=64 start_pos=0 elapsed_ms=3.588
kiln_profile_mlp_stage layer=0 stage=fused seq_len=64 start_pos=0 elapsed_ms=25.561
kiln_profile_paged_layer layer=0 kind=linear seq_len=64 start_pos=0 elapsed_ms=99.813
kiln_profile_gdn_stage layer=1 stage=in_proj seq_len=64 start_pos=0 elapsed_ms=18.707
kiln_profile_gdn_stage layer=1 stage=conv seq_len=64 start_pos=0 elapsed_ms=9.127
kiln_profile_gdn_stage layer=1 stage=qkv_split seq_len=64 start_pos=0 elapsed_ms=0.535
kiln_profile_gdn_stage layer=1 stage=qk_norm seq_len=64 start_pos=0 elapsed_ms=0.830
kiln_profile_gdn_stage layer=1 stage=gates seq_len=64 start_pos=0 elapsed_ms=1.061
kiln_profile_gdn_stage layer=1 stage=recurrent seq_len=64 start_pos=0 elapsed_ms=12.705
kiln_profile_gdn_stage layer=1 stage=post_transpose seq_len=64 start_pos=0 elapsed_ms=0.001
kiln_profile_gdn_stage layer=1 stage=gated_norm seq_len=64 start_pos=0 elapsed_ms=5.522
kiln_profile_gdn_stage layer=1 stage=out_proj seq_len=64 start_pos=0 elapsed_ms=4.887
kiln_profile_mlp_stage layer=1 stage=fused seq_len=64 start_pos=0 elapsed_ms=28.016
kiln_profile_paged_layer layer=1 kind=linear seq_len=64 start_pos=0 elapsed_ms=82.529
kiln_profile_gdn_stage layer=2 stage=in_proj seq_len=64 start_pos=0 elapsed_ms=17.128
kiln_profile_gdn_stage layer=2 stage=conv seq_len=64 start_pos=0 elapsed_ms=15.015
kiln_profile_gdn_stage layer=2 stage=qkv_split seq_len=64 start_pos=0 elapsed_ms=0.859
kiln_profile_gdn_stage layer=2 stage=qk_norm seq_len=64 start_pos=0 elapsed_ms=0.901
kiln_profile_gdn_stage layer=2 stage=gates seq_len=64 start_pos=0 elapsed_ms=1.154
kiln_profile_gdn_stage layer=2 stage=recurrent seq_len=64 start_pos=0 elapsed_ms=10.273
kiln_profile_gdn_stage layer=2 stage=post_transpose seq_len=64 start_pos=0 elapsed_ms=0.001
kiln_profile_gdn_stage layer=2 stage=gated_norm seq_len=64 start_pos=0 elapsed_ms=5.660
kiln_profile_gdn_stage layer=2 stage=out_proj seq_len=64 start_pos=0 elapsed_ms=3.962
kiln_profile_mlp_stage layer=2 stage=fused seq_len=64 start_pos=0 elapsed_ms=30.201
kiln_profile_paged_layer layer=2 kind=linear seq_len=64 start_pos=0 elapsed_ms=86.400
kiln_profile_full_attn_stage full_attn_layer=0 stage=qkv_proj seq_len=64 start_pos=0 elapsed_ms=24.832
kiln_profile_full_attn_stage full_attn_layer=0 stage=qkv_split seq_len=64 start_pos=0 elapsed_ms=0.266
kiln_profile_full_attn_stage full_attn_layer=0 stage=qk_norm seq_len=64 start_pos=0 elapsed_ms=1.312
kiln_profile_full_attn_stage full_attn_layer=0 stage=rope seq_len=64 start_pos=0 elapsed_ms=1.774
kiln_profile_full_attn_stage full_attn_layer=0 stage=q_transpose seq_len=64 start_pos=0 elapsed_ms=1.031
kiln_profile_full_attn_stage full_attn_layer=0 stage=kv_write seq_len=64 start_pos=0 elapsed_ms=0.384
kiln_profile_full_attn_stage full_attn_layer=0 stage=kv_read seq_len=64 start_pos=0 elapsed_ms=0.149
kiln_profile_mlp_stage layer=3 stage=fused seq_len=64 start_pos=0 elapsed_ms=26.385
kiln_profile_paged_layer layer=3 kind=full seq_len=64 start_pos=0 elapsed_ms=65.644
kiln_profile_gdn_stage layer=4 stage=in_proj seq_len=64 start_pos=0 elapsed_ms=22.640
kiln_profile_gdn_stage layer=4 stage=conv seq_len=64 start_pos=0 elapsed_ms=15.616
kiln_profile_gdn_stage layer=4 stage=qkv_split seq_len=64 start_pos=0 elapsed_ms=1.423
kiln_profile_gdn_stage layer=4 stage=qk_norm seq_len=64 start_pos=0 elapsed_ms=1.120
kiln_profile_gdn_stage layer=4 stage=gates seq_len=64 start_pos=0 elapsed_ms=1.090
kiln_profile_gdn_stage layer=4 stage=recurrent seq_len=64 start_pos=0 elapsed_ms=12.688
kiln_profile_gdn_stage layer=4 stage=post_transpose seq_len=64 start_pos=0 elapsed_ms=0.001
kiln_profile_gdn_stage layer=4 stage=gated_norm seq_len=64 start_pos=0 elapsed_ms=6.017
kiln_profile_gdn_stage layer=4 stage=out_proj seq_len=64 start_pos=0 elapsed_ms=6.047
kiln_profile_mlp_stage layer=4 stage=fused seq_len=64 start_pos=0 elapsed_ms=29.310
kiln_profile_paged_layer layer=4 kind=linear seq_len=64 start_pos=0 elapsed_ms=97.045
kiln_profile_gdn_stage layer=5 stage=in_proj seq_len=64 start_pos=0 elapsed_ms=18.355
kiln_profile_gdn_stage layer=5 stage=conv seq_len=64 start_pos=0 elapsed_ms=12.600
kiln_profile_gdn_stage layer=5 stage=qkv_split seq_len=64 start_pos=0 elapsed_ms=0.555
kiln_profile_gdn_stage layer=5 stage=qk_norm seq_len=64 start_pos=0 elapsed_ms=0.852
kiln_profile_gdn_stage layer=5 stage=gates seq_len=64 start_pos=0 elapsed_ms=0.996
kiln_profile_gdn_stage layer=5 stage=recurrent seq_len=64 start_pos=0 elapsed_ms=16.519
kiln_profile_gdn_stage layer=5 stage=post_transpose seq_len=64 start_pos=0 elapsed_ms=0.001
kiln_profile_gdn_stage layer=5 stage=gated_norm seq_len=64 start_pos=0 elapsed_ms=7.154
kiln_profile_gdn_stage layer=5 stage=out_proj seq_len=64 start_pos=0 elapsed_ms=3.785
kiln_profile_mlp_stage layer=5 stage=fused seq_len=64 start_pos=0 elapsed_ms=28.854
kiln_profile_paged_layer layer=5 kind=linear seq_len=64 start_pos=0 elapsed_ms=90.966
kiln_profile_gdn_stage layer=6 stage=in_proj seq_len=64 start_pos=0 elapsed_ms=17.487
kiln_profile_gdn_stage layer=6 stage=conv seq_len=64 start_pos=0 elapsed_ms=9.157
kiln_profile_gdn_stage layer=6 stage=qkv_split seq_len=64 start_pos=0 elapsed_ms=0.553
kiln_profile_gdn_stage layer=6 stage=qk_norm seq_len=64 start_pos=0 elapsed_ms=0.862
kiln_profile_gdn_stage layer=6 stage=gates seq_len=64 start_pos=0 elapsed_ms=1.080
kiln_profile_gdn_stage layer=6 stage=recurrent seq_len=64 start_pos=0 elapsed_ms=11.784
kiln_profile_gdn_stage layer=6 stage=post_transpose seq_len=64 start_pos=0 elapsed_ms=0.001
kiln_profile_gdn_stage layer=6 stage=gated_norm seq_len=64 start_pos=0 elapsed_ms=2.643
kiln_profile_gdn_stage layer=6 stage=out_proj seq_len=64 start_pos=0 elapsed_ms=5.595
kiln_profile_mlp_stage layer=6 stage=fused seq_len=64 start_pos=0 elapsed_ms=25.329
kiln_profile_paged_layer layer=6 kind=linear seq_len=64 start_pos=0 elapsed_ms=75.775
kiln_profile_full_attn_stage full_attn_layer=1 stage=qkv_proj seq_len=64 start_pos=0 elapsed_ms=24.801
kiln_profile_full_attn_stage full_attn_layer=1 stage=qkv_split seq_len=64 start_pos=0 elapsed_ms=0.230
kiln_profile_full_attn_stage full_attn_layer=1 stage=qk_norm seq_len=64 start_pos=0 elapsed_ms=2.022
kiln_profile_full_attn_stage full_attn_layer=1 stage=rope seq_len=64 start_pos=0 elapsed_ms=1.725
kiln_profile_full_attn_stage full_attn_layer=1 stage=q_transpose seq_len=64 start_pos=0 elapsed_ms=1.028
kiln_profile_full_attn_stage full_attn_layer=1 stage=kv_write seq_len=64 start_pos=0 elapsed_ms=0.133
kiln_profile_full_attn_stage full_attn_layer=1 stage=kv_read seq_len=64 start_pos=0 elapsed_ms=0.040
kiln_profile_mlp_stage layer=7 stage=fused seq_len=64 start_pos=0 elapsed_ms=27.669
kiln_profile_paged_layer layer=7 kind=full seq_len=64 start_pos=0 elapsed_ms=68.878
kiln_profile_gdn_stage layer=8 stage=in_proj seq_len=64 start_pos=0 elapsed_ms=18.987
kiln_profile_gdn_stage layer=8 stage=conv seq_len=64 start_pos=0 elapsed_ms=9.176
kiln_profile_gdn_stage layer=8 stage=qkv_split seq_len=64 start_pos=0 elapsed_ms=0.503
kiln_profile_gdn_stage layer=8 stage=qk_norm seq_len=64 start_pos=0 elapsed_ms=0.855
kiln_profile_gdn_stage layer=8 stage=gates seq_len=64 start_pos=0 elapsed_ms=0.975
kiln_profile_gdn_stage layer=8 stage=recurrent seq_len=64 start_pos=0 elapsed_ms=14.928
kiln_profile_gdn_stage layer=8 stage=post_transpose seq_len=64 start_pos=0 elapsed_ms=0.001
kiln_profile_gdn_stage layer=8 stage=gated_norm seq_len=64 start_pos=0 elapsed_ms=2.756
kiln_profile_gdn_stage layer=8 stage=out_proj seq_len=64 start_pos=0 elapsed_ms=4.749
kiln_profile_mlp_stage layer=8 stage=fused seq_len=64 start_pos=0 elapsed_ms=29.260
kiln_profile_paged_layer layer=8 kind=linear seq_len=64 start_pos=0 elapsed_ms=83.433
kiln_profile_gdn_stage layer=9 stage=in_proj seq_len=64 start_pos=0 elapsed_ms=16.406
kiln_profile_gdn_stage layer=9 stage=conv seq_len=64 start_pos=0 elapsed_ms=12.829
kiln_profile_gdn_stage layer=9 stage=qkv_split seq_len=64 start_pos=0 elapsed_ms=0.478
kiln_profile_gdn_stage layer=9 stage=qk_norm seq_len=64 start_pos=0 elapsed_ms=0.768
kiln_profile_gdn_stage layer=9 stage=gates seq_len=64 start_pos=0 elapsed_ms=0.894
kiln_profile_gdn_stage layer=9 stage=recurrent seq_len=64 start_pos=0 elapsed_ms=12.077
kiln_profile_gdn_stage layer=9 stage=post_transpose seq_len=64 start_pos=0 elapsed_ms=0.001
kiln_profile_gdn_stage layer=9 stage=gated_norm seq_len=64 start_pos=0 elapsed_ms=5.787
kiln_profile_gdn_stage layer=9 stage=out_proj seq_len=64 start_pos=0 elapsed_ms=3.579
kiln_profile_mlp_stage layer=9 stage=fused seq_len=64 start_pos=0 elapsed_ms=30.849
kiln_profile_paged_layer layer=9 kind=linear seq_len=64 start_pos=0 elapsed_ms=84.764
kiln_profile_gdn_stage layer=10 stage=in_proj seq_len=64 start_pos=0 elapsed_ms=17.833
kiln_profile_gdn_stage layer=10 stage=conv seq_len=64 start_pos=0 elapsed_ms=15.146
kiln_profile_gdn_stage layer=10 stage=qkv_split seq_len=64 start_pos=0 elapsed_ms=0.631
kiln_profile_gdn_stage layer=10 stage=qk_norm seq_len=64 start_pos=0 elapsed_ms=0.934
kiln_profile_gdn_stage layer=10 stage=gates seq_len=64 start_pos=0 elapsed_ms=0.647
kiln_profile_gdn_stage layer=10 stage=recurrent seq_len=64 start_pos=0 elapsed_ms=15.181
kiln_profile_gdn_stage layer=10 stage=post_transpose seq_len=64 start_pos=0 elapsed_ms=0.001
kiln_profile_gdn_stage layer=10 stage=gated_norm seq_len=64 start_pos=0 elapsed_ms=5.619
kiln_profile_gdn_stage layer=10 stage=out_proj seq_len=64 start_pos=0 elapsed_ms=3.790
kiln_profile_mlp_stage layer=10 stage=fused seq_len=64 start_pos=0 elapsed_ms=28.150
kiln_profile_paged_layer layer=10 kind=linear seq_len=64 start_pos=0 elapsed_ms=89.183
kiln_profile_full_attn_stage full_attn_layer=2 stage=qkv_proj seq_len=64 start_pos=0 elapsed_ms=24.970
kiln_profile_full_attn_stage full_attn_layer=2 stage=qkv_split seq_len=64 start_pos=0 elapsed_ms=0.122
kiln_profile_full_attn_stage full_attn_layer=2 stage=qk_norm seq_len=64 start_pos=0 elapsed_ms=1.807
kiln_profile_full_attn_stage full_attn_layer=2 stage=rope seq_len=64 start_pos=0 elapsed_ms=1.644
kiln_profile_full_attn_stage full_attn_layer=2 stage=q_transpose seq_len=64 start_pos=0 elapsed_ms=1.186
kiln_profile_full_attn_stage full_attn_layer=2 stage=kv_write seq_len=64 start_pos=0 elapsed_ms=0.150
kiln_profile_full_attn_stage full_attn_layer=2 stage=kv_read seq_len=64 start_pos=0 elapsed_ms=0.029
kiln_profile_mlp_stage layer=11 stage=fused seq_len=64 start_pos=0 elapsed_ms=30.383
kiln_profile_paged_layer layer=11 kind=full seq_len=64 start_pos=0 elapsed_ms=71.076
kiln_profile_gdn_stage layer=12 stage=in_proj seq_len=64 start_pos=0 elapsed_ms=20.252
kiln_profile_gdn_stage layer=12 stage=conv seq_len=64 start_pos=0 elapsed_ms=11.020
kiln_profile_gdn_stage layer=12 stage=qkv_split seq_len=64 start_pos=0 elapsed_ms=0.625
kiln_profile_gdn_stage layer=12 stage=qk_norm seq_len=64 start_pos=0 elapsed_ms=0.943
kiln_profile_gdn_stage layer=12 stage=gates seq_len=64 start_pos=0 elapsed_ms=0.622
kiln_profile_gdn_stage layer=12 stage=recurrent seq_len=64 start_pos=0 elapsed_ms=14.763
kiln_profile_gdn_stage layer=12 stage=post_transpose seq_len=64 start_pos=0 elapsed_ms=0.001
kiln_profile_gdn_stage layer=12 stage=gated_norm seq_len=64 start_pos=0 elapsed_ms=2.750
kiln_profile_gdn_stage layer=12 stage=out_proj seq_len=64 start_pos=0 elapsed_ms=3.135
kiln_profile_mlp_stage layer=12 stage=fused seq_len=64 start_pos=0 elapsed_ms=29.844
kiln_profile_paged_layer layer=12 kind=linear seq_len=64 start_pos=0 elapsed_ms=85.348
kiln_profile_gdn_stage layer=13 stage=in_proj seq_len=64 start_pos=0 elapsed_ms=18.290
kiln_profile_gdn_stage layer=13 stage=conv seq_len=64 start_pos=0 elapsed_ms=7.837
kiln_profile_gdn_stage layer=13 stage=qkv_split seq_len=64 start_pos=0 elapsed_ms=0.484
kiln_profile_gdn_stage layer=13 stage=qk_norm seq_len=64 start_pos=0 elapsed_ms=0.715
kiln_profile_gdn_stage layer=13 stage=gates seq_len=64 start_pos=0 elapsed_ms=1.009
kiln_profile_gdn_stage layer=13 stage=recurrent seq_len=64 start_pos=0 elapsed_ms=12.027
kiln_profile_gdn_stage layer=13 stage=post_transpose seq_len=64 start_pos=0 elapsed_ms=0.001
kiln_profile_gdn_stage layer=13 stage=gated_norm seq_len=64 start_pos=0 elapsed_ms=3.198
kiln_profile_gdn_stage layer=13 stage=out_proj seq_len=64 start_pos=0 elapsed_ms=4.927
kiln_profile_mlp_stage layer=13 stage=fused seq_len=64 start_pos=0 elapsed_ms=29.981
kiln_profile_paged_layer layer=13 kind=linear seq_len=64 start_pos=0 elapsed_ms=79.634
kiln_profile_gdn_stage layer=14 stage=in_proj seq_len=64 start_pos=0 elapsed_ms=18.919
kiln_profile_gdn_stage layer=14 stage=conv seq_len=64 start_pos=0 elapsed_ms=8.733
kiln_profile_gdn_stage layer=14 stage=qkv_split seq_len=64 start_pos=0 elapsed_ms=0.511
kiln_profile_gdn_stage layer=14 stage=qk_norm seq_len=64 start_pos=0 elapsed_ms=0.825
kiln_profile_gdn_stage layer=14 stage=gates seq_len=64 start_pos=0 elapsed_ms=1.001
kiln_profile_gdn_stage layer=14 stage=recurrent seq_len=64 start_pos=0 elapsed_ms=12.603
kiln_profile_gdn_stage layer=14 stage=post_transpose seq_len=64 start_pos=0 elapsed_ms=0.001
kiln_profile_gdn_stage layer=14 stage=gated_norm seq_len=64 start_pos=0 elapsed_ms=5.097
kiln_profile_gdn_stage layer=14 stage=out_proj seq_len=64 start_pos=0 elapsed_ms=5.456
kiln_profile_mlp_stage layer=14 stage=fused seq_len=64 start_pos=0 elapsed_ms=31.046
kiln_profile_paged_layer layer=14 kind=linear seq_len=64 start_pos=0 elapsed_ms=85.362
kiln_profile_full_attn_stage full_attn_layer=3 stage=qkv_proj seq_len=64 start_pos=0 elapsed_ms=24.491
kiln_profile_full_attn_stage full_attn_layer=3 stage=qkv_split seq_len=64 start_pos=0 elapsed_ms=0.156
kiln_profile_full_attn_stage full_attn_layer=3 stage=qk_norm seq_len=64 start_pos=0 elapsed_ms=1.066
kiln_profile_full_attn_stage full_attn_layer=3 stage=rope seq_len=64 start_pos=0 elapsed_ms=1.364
kiln_profile_full_attn_stage full_attn_layer=3 stage=q_transpose seq_len=64 start_pos=0 elapsed_ms=1.003
kiln_profile_full_attn_stage full_attn_layer=3 stage=kv_write seq_len=64 start_pos=0 elapsed_ms=0.140
kiln_profile_full_attn_stage full_attn_layer=3 stage=kv_read seq_len=64 start_pos=0 elapsed_ms=0.032
kiln_profile_mlp_stage layer=15 stage=fused seq_len=64 start_pos=0 elapsed_ms=27.648
kiln_profile_paged_layer layer=15 kind=full seq_len=64 start_pos=0 elapsed_ms=65.910
kiln_profile_gdn_stage layer=16 stage=in_proj seq_len=64 start_pos=0 elapsed_ms=16.502
kiln_profile_gdn_stage layer=16 stage=conv seq_len=64 start_pos=0 elapsed_ms=11.901
kiln_profile_gdn_stage layer=16 stage=qkv_split seq_len=64 start_pos=0 elapsed_ms=0.721
kiln_profile_gdn_stage layer=16 stage=qk_norm seq_len=64 start_pos=0 elapsed_ms=1.100
kiln_profile_gdn_stage layer=16 stage=gates seq_len=64 start_pos=0 elapsed_ms=4.251
kiln_profile_gdn_stage layer=16 stage=recurrent seq_len=64 start_pos=0 elapsed_ms=16.041
kiln_profile_gdn_stage layer=16 stage=post_transpose seq_len=64 start_pos=0 elapsed_ms=0.001
kiln_profile_gdn_stage layer=16 stage=gated_norm seq_len=64 start_pos=0 elapsed_ms=5.733
kiln_profile_gdn_stage layer=16 stage=out_proj seq_len=64 start_pos=0 elapsed_ms=8.031
kiln_profile_mlp_stage layer=16 stage=fused seq_len=64 start_pos=0 elapsed_ms=30.154
kiln_profile_paged_layer layer=16 kind=linear seq_len=64 start_pos=0 elapsed_ms=95.695
kiln_profile_gdn_stage layer=17 stage=in_proj seq_len=64 start_pos=0 elapsed_ms=17.602
kiln_profile_gdn_stage layer=17 stage=conv seq_len=64 start_pos=0 elapsed_ms=9.484
kiln_profile_gdn_stage layer=17 stage=qkv_split seq_len=64 start_pos=0 elapsed_ms=0.582
kiln_profile_gdn_stage layer=17 stage=qk_norm seq_len=64 start_pos=0 elapsed_ms=0.913
kiln_profile_gdn_stage layer=17 stage=gates seq_len=64 start_pos=0 elapsed_ms=0.780
kiln_profile_gdn_stage layer=17 stage=recurrent seq_len=64 start_pos=0 elapsed_ms=15.943
kiln_profile_gdn_stage layer=17 stage=post_transpose seq_len=64 start_pos=0 elapsed_ms=0.001
kiln_profile_gdn_stage layer=17 stage=gated_norm seq_len=64 start_pos=0 elapsed_ms=6.051
kiln_profile_gdn_stage layer=17 stage=out_proj seq_len=64 start_pos=0 elapsed_ms=5.826
kiln_profile_mlp_stage layer=17 stage=fused seq_len=64 start_pos=0 elapsed_ms=30.289
kiln_profile_paged_layer layer=17 kind=linear seq_len=64 start_pos=0 elapsed_ms=88.713
kiln_profile_gdn_stage layer=18 stage=in_proj seq_len=64 start_pos=0 elapsed_ms=18.641
kiln_profile_gdn_stage layer=18 stage=conv seq_len=64 start_pos=0 elapsed_ms=10.429
kiln_profile_gdn_stage layer=18 stage=qkv_split seq_len=64 start_pos=0 elapsed_ms=0.610
kiln_profile_gdn_stage layer=18 stage=qk_norm seq_len=64 start_pos=0 elapsed_ms=0.891
kiln_profile_gdn_stage layer=18 stage=gates seq_len=64 start_pos=0 elapsed_ms=1.029
kiln_profile_gdn_stage layer=18 stage=recurrent seq_len=64 start_pos=0 elapsed_ms=15.012
kiln_profile_gdn_stage layer=18 stage=post_transpose seq_len=64 start_pos=0 elapsed_ms=0.001
kiln_profile_gdn_stage layer=18 stage=gated_norm seq_len=64 start_pos=0 elapsed_ms=3.012
kiln_profile_gdn_stage layer=18 stage=out_proj seq_len=64 start_pos=0 elapsed_ms=5.794
kiln_profile_mlp_stage layer=18 stage=fused seq_len=64 start_pos=0 elapsed_ms=27.874
kiln_profile_paged_layer layer=18 kind=linear seq_len=64 start_pos=0 elapsed_ms=84.516
kiln_profile_full_attn_stage full_attn_layer=4 stage=qkv_proj seq_len=64 start_pos=0 elapsed_ms=18.283
kiln_profile_full_attn_stage full_attn_layer=4 stage=qkv_split seq_len=64 start_pos=0 elapsed_ms=0.303
kiln_profile_full_attn_stage full_attn_layer=4 stage=qk_norm seq_len=64 start_pos=0 elapsed_ms=0.972
kiln_profile_full_attn_stage full_attn_layer=4 stage=rope seq_len=64 start_pos=0 elapsed_ms=1.373
kiln_profile_full_attn_stage full_attn_layer=4 stage=q_transpose seq_len=64 start_pos=0 elapsed_ms=1.035
kiln_profile_full_attn_stage full_attn_layer=4 stage=kv_write seq_len=64 start_pos=0 elapsed_ms=0.145
kiln_profile_full_attn_stage full_attn_layer=4 stage=kv_read seq_len=64 start_pos=0 elapsed_ms=0.031
kiln_profile_mlp_stage layer=19 stage=fused seq_len=64 start_pos=0 elapsed_ms=28.561
kiln_profile_paged_layer layer=19 kind=full seq_len=64 start_pos=0 elapsed_ms=61.471
kiln_profile_gdn_stage layer=20 stage=in_proj seq_len=64 start_pos=0 elapsed_ms=17.271
kiln_profile_gdn_stage layer=20 stage=conv seq_len=64 start_pos=0 elapsed_ms=10.329
kiln_profile_gdn_stage layer=20 stage=qkv_split seq_len=64 start_pos=0 elapsed_ms=0.646
kiln_profile_gdn_stage layer=20 stage=qk_norm seq_len=64 start_pos=0 elapsed_ms=0.910
kiln_profile_gdn_stage layer=20 stage=gates seq_len=64 start_pos=0 elapsed_ms=0.745
kiln_profile_gdn_stage layer=20 stage=recurrent seq_len=64 start_pos=0 elapsed_ms=15.989
kiln_profile_gdn_stage layer=20 stage=post_transpose seq_len=64 start_pos=0 elapsed_ms=0.001
kiln_profile_gdn_stage layer=20 stage=gated_norm seq_len=64 start_pos=0 elapsed_ms=5.779
kiln_profile_gdn_stage layer=20 stage=out_proj seq_len=64 start_pos=0 elapsed_ms=5.945
kiln_profile_mlp_stage layer=20 stage=fused seq_len=64 start_pos=0 elapsed_ms=31.246
kiln_profile_paged_layer layer=20 kind=linear seq_len=64 start_pos=0 elapsed_ms=90.136
kiln_profile_gdn_stage layer=21 stage=in_proj seq_len=64 start_pos=0 elapsed_ms=18.449
kiln_profile_gdn_stage layer=21 stage=conv seq_len=64 start_pos=0 elapsed_ms=9.509
kiln_profile_gdn_stage layer=21 stage=qkv_split seq_len=64 start_pos=0 elapsed_ms=0.559
kiln_profile_gdn_stage layer=21 stage=qk_norm seq_len=64 start_pos=0 elapsed_ms=0.853
kiln_profile_gdn_stage layer=21 stage=gates seq_len=64 start_pos=0 elapsed_ms=1.028
kiln_profile_gdn_stage layer=21 stage=recurrent seq_len=64 start_pos=0 elapsed_ms=16.185
kiln_profile_gdn_stage layer=21 stage=post_transpose seq_len=64 start_pos=0 elapsed_ms=0.001
kiln_profile_gdn_stage layer=21 stage=gated_norm seq_len=64 start_pos=0 elapsed_ms=5.859
kiln_profile_gdn_stage layer=21 stage=out_proj seq_len=64 start_pos=0 elapsed_ms=5.780
kiln_profile_mlp_stage layer=21 stage=fused seq_len=64 start_pos=0 elapsed_ms=28.480
kiln_profile_paged_layer layer=21 kind=linear seq_len=64 start_pos=0 elapsed_ms=88.140
kiln_profile_gdn_stage layer=22 stage=in_proj seq_len=64 start_pos=0 elapsed_ms=17.999
kiln_profile_gdn_stage layer=22 stage=conv seq_len=64 start_pos=0 elapsed_ms=9.227
kiln_profile_gdn_stage layer=22 stage=qkv_split seq_len=64 start_pos=0 elapsed_ms=0.590
kiln_profile_gdn_stage layer=22 stage=qk_norm seq_len=64 start_pos=0 elapsed_ms=0.930
kiln_profile_gdn_stage layer=22 stage=gates seq_len=64 start_pos=0 elapsed_ms=0.965
kiln_profile_gdn_stage layer=22 stage=recurrent seq_len=64 start_pos=0 elapsed_ms=18.363
kiln_profile_gdn_stage layer=22 stage=post_transpose seq_len=64 start_pos=0 elapsed_ms=0.001
kiln_profile_gdn_stage layer=22 stage=gated_norm seq_len=64 start_pos=0 elapsed_ms=2.862
kiln_profile_gdn_stage layer=22 stage=out_proj seq_len=64 start_pos=0 elapsed_ms=6.186
kiln_profile_mlp_stage layer=22 stage=fused seq_len=64 start_pos=0 elapsed_ms=27.013
kiln_profile_paged_layer layer=22 kind=linear seq_len=64 start_pos=0 elapsed_ms=85.581
kiln_profile_full_attn_stage full_attn_layer=5 stage=qkv_proj seq_len=64 start_pos=0 elapsed_ms=24.547
kiln_profile_full_attn_stage full_attn_layer=5 stage=qkv_split seq_len=64 start_pos=0 elapsed_ms=0.178
kiln_profile_full_attn_stage full_attn_layer=5 stage=qk_norm seq_len=64 start_pos=0 elapsed_ms=0.902
kiln_profile_full_attn_stage full_attn_layer=5 stage=rope seq_len=64 start_pos=0 elapsed_ms=1.192
kiln_profile_full_attn_stage full_attn_layer=5 stage=q_transpose seq_len=64 start_pos=0 elapsed_ms=0.838
kiln_profile_full_attn_stage full_attn_layer=5 stage=kv_write seq_len=64 start_pos=0 elapsed_ms=0.111
kiln_profile_full_attn_stage full_attn_layer=5 stage=kv_read seq_len=64 start_pos=0 elapsed_ms=0.028
kiln_profile_mlp_stage layer=23 stage=fused seq_len=64 start_pos=0 elapsed_ms=26.462
kiln_profile_paged_layer layer=23 kind=full seq_len=64 start_pos=0 elapsed_ms=64.754
kiln_profile_gdn_stage layer=24 stage=in_proj seq_len=64 start_pos=0 elapsed_ms=18.550
kiln_profile_gdn_stage layer=24 stage=conv seq_len=64 start_pos=0 elapsed_ms=10.005
kiln_profile_gdn_stage layer=24 stage=qkv_split seq_len=64 start_pos=0 elapsed_ms=0.541
kiln_profile_gdn_stage layer=24 stage=qk_norm seq_len=64 start_pos=0 elapsed_ms=0.820
kiln_profile_gdn_stage layer=24 stage=gates seq_len=64 start_pos=0 elapsed_ms=0.978
kiln_profile_gdn_stage layer=24 stage=recurrent seq_len=64 start_pos=0 elapsed_ms=18.507
kiln_profile_gdn_stage layer=24 stage=post_transpose seq_len=64 start_pos=0 elapsed_ms=0.001
kiln_profile_gdn_stage layer=24 stage=gated_norm seq_len=64 start_pos=0 elapsed_ms=5.786
kiln_profile_gdn_stage layer=24 stage=out_proj seq_len=64 start_pos=0 elapsed_ms=5.644
kiln_profile_mlp_stage layer=24 stage=fused seq_len=64 start_pos=0 elapsed_ms=28.969
kiln_profile_paged_layer layer=24 kind=linear seq_len=64 start_pos=0 elapsed_ms=90.956
kiln_profile_gdn_stage layer=25 stage=in_proj seq_len=64 start_pos=0 elapsed_ms=19.693
kiln_profile_gdn_stage layer=25 stage=conv seq_len=64 start_pos=0 elapsed_ms=9.806
kiln_profile_gdn_stage layer=25 stage=qkv_split seq_len=64 start_pos=0 elapsed_ms=0.531
kiln_profile_gdn_stage layer=25 stage=qk_norm seq_len=64 start_pos=0 elapsed_ms=0.786
kiln_profile_gdn_stage layer=25 stage=gates seq_len=64 start_pos=0 elapsed_ms=1.026
kiln_profile_gdn_stage layer=25 stage=recurrent seq_len=64 start_pos=0 elapsed_ms=17.003
kiln_profile_gdn_stage layer=25 stage=post_transpose seq_len=64 start_pos=0 elapsed_ms=0.001
kiln_profile_gdn_stage layer=25 stage=gated_norm seq_len=64 start_pos=0 elapsed_ms=5.749
kiln_profile_gdn_stage layer=25 stage=out_proj seq_len=64 start_pos=0 elapsed_ms=5.844
kiln_profile_mlp_stage layer=25 stage=fused seq_len=64 start_pos=0 elapsed_ms=29.592
kiln_profile_paged_layer layer=25 kind=linear seq_len=64 start_pos=0 elapsed_ms=91.743
kiln_profile_gdn_stage layer=26 stage=in_proj seq_len=64 start_pos=0 elapsed_ms=20.179
kiln_profile_gdn_stage layer=26 stage=conv seq_len=64 start_pos=0 elapsed_ms=9.790
kiln_profile_gdn_stage layer=26 stage=qkv_split seq_len=64 start_pos=0 elapsed_ms=0.549
kiln_profile_gdn_stage layer=26 stage=qk_norm seq_len=64 start_pos=0 elapsed_ms=0.834
kiln_profile_gdn_stage layer=26 stage=gates seq_len=64 start_pos=0 elapsed_ms=1.130
kiln_profile_gdn_stage layer=26 stage=recurrent seq_len=64 start_pos=0 elapsed_ms=15.700
kiln_profile_gdn_stage layer=26 stage=post_transpose seq_len=64 start_pos=0 elapsed_ms=0.001
kiln_profile_gdn_stage layer=26 stage=gated_norm seq_len=64 start_pos=0 elapsed_ms=2.614
kiln_profile_gdn_stage layer=26 stage=out_proj seq_len=64 start_pos=0 elapsed_ms=5.023
kiln_profile_mlp_stage layer=26 stage=fused seq_len=64 start_pos=0 elapsed_ms=29.568
kiln_profile_paged_layer layer=26 kind=linear seq_len=64 start_pos=0 elapsed_ms=86.703
kiln_profile_full_attn_stage full_attn_layer=6 stage=qkv_proj seq_len=64 start_pos=0 elapsed_ms=23.505
kiln_profile_full_attn_stage full_attn_layer=6 stage=qkv_split seq_len=64 start_pos=0 elapsed_ms=0.141
kiln_profile_full_attn_stage full_attn_layer=6 stage=qk_norm seq_len=64 start_pos=0 elapsed_ms=0.781
kiln_profile_full_attn_stage full_attn_layer=6 stage=rope seq_len=64 start_pos=0 elapsed_ms=1.029
kiln_profile_full_attn_stage full_attn_layer=6 stage=q_transpose seq_len=64 start_pos=0 elapsed_ms=0.697
kiln_profile_full_attn_stage full_attn_layer=6 stage=kv_write seq_len=64 start_pos=0 elapsed_ms=0.091
kiln_profile_full_attn_stage full_attn_layer=6 stage=kv_read seq_len=64 start_pos=0 elapsed_ms=0.022
kiln_profile_mlp_stage layer=27 stage=fused seq_len=64 start_pos=0 elapsed_ms=26.884
kiln_profile_paged_layer layer=27 kind=full seq_len=64 start_pos=0 elapsed_ms=61.754
kiln_profile_gdn_stage layer=28 stage=in_proj seq_len=64 start_pos=0 elapsed_ms=18.158
kiln_profile_gdn_stage layer=28 stage=conv seq_len=64 start_pos=0 elapsed_ms=8.061
kiln_profile_gdn_stage layer=28 stage=qkv_split seq_len=64 start_pos=0 elapsed_ms=0.483
kiln_profile_gdn_stage layer=28 stage=qk_norm seq_len=64 start_pos=0 elapsed_ms=0.682
kiln_profile_gdn_stage layer=28 stage=gates seq_len=64 start_pos=0 elapsed_ms=0.944
kiln_profile_gdn_stage layer=28 stage=recurrent seq_len=64 start_pos=0 elapsed_ms=22.309
kiln_profile_gdn_stage layer=28 stage=post_transpose seq_len=64 start_pos=0 elapsed_ms=0.001
kiln_profile_gdn_stage layer=28 stage=gated_norm seq_len=64 start_pos=0 elapsed_ms=3.331
kiln_profile_gdn_stage layer=28 stage=out_proj seq_len=64 start_pos=0 elapsed_ms=5.742
kiln_profile_mlp_stage layer=28 stage=fused seq_len=64 start_pos=0 elapsed_ms=25.721
kiln_profile_paged_layer layer=28 kind=linear seq_len=64 start_pos=0 elapsed_ms=86.680
kiln_profile_gdn_stage layer=29 stage=in_proj seq_len=64 start_pos=0 elapsed_ms=19.538
kiln_profile_gdn_stage layer=29 stage=conv seq_len=64 start_pos=0 elapsed_ms=10.262
kiln_profile_gdn_stage layer=29 stage=qkv_split seq_len=64 start_pos=0 elapsed_ms=0.704
kiln_profile_gdn_stage layer=29 stage=qk_norm seq_len=64 start_pos=0 elapsed_ms=0.982
kiln_profile_gdn_stage layer=29 stage=gates seq_len=64 start_pos=0 elapsed_ms=0.936
kiln_profile_gdn_stage layer=29 stage=recurrent seq_len=64 start_pos=0 elapsed_ms=15.667
kiln_profile_gdn_stage layer=29 stage=post_transpose seq_len=64 start_pos=0 elapsed_ms=0.000
kiln_profile_gdn_stage layer=29 stage=gated_norm seq_len=64 start_pos=0 elapsed_ms=3.110
kiln_profile_gdn_stage layer=29 stage=out_proj seq_len=64 start_pos=0 elapsed_ms=5.965
kiln_profile_mlp_stage layer=29 stage=fused seq_len=64 start_pos=0 elapsed_ms=26.786
kiln_profile_paged_layer layer=29 kind=linear seq_len=64 start_pos=0 elapsed_ms=85.384
kiln_profile_gdn_stage layer=30 stage=in_proj seq_len=64 start_pos=0 elapsed_ms=18.782
kiln_profile_gdn_stage layer=30 stage=conv seq_len=64 start_pos=0 elapsed_ms=13.708
kiln_profile_gdn_stage layer=30 stage=qkv_split seq_len=64 start_pos=0 elapsed_ms=0.485
kiln_profile_gdn_stage layer=30 stage=qk_norm seq_len=64 start_pos=0 elapsed_ms=0.747
kiln_profile_gdn_stage layer=30 stage=gates seq_len=64 start_pos=0 elapsed_ms=0.963
kiln_profile_gdn_stage layer=30 stage=recurrent seq_len=64 start_pos=0 elapsed_ms=20.820
kiln_profile_gdn_stage layer=30 stage=post_transpose seq_len=64 start_pos=0 elapsed_ms=0.001
kiln_profile_gdn_stage layer=30 stage=gated_norm seq_len=64 start_pos=0 elapsed_ms=5.482
kiln_profile_gdn_stage layer=30 stage=out_proj seq_len=64 start_pos=0 elapsed_ms=6.679
kiln_profile_mlp_stage layer=30 stage=fused seq_len=64 start_pos=0 elapsed_ms=26.453
kiln_profile_paged_layer layer=30 kind=linear seq_len=64 start_pos=0 elapsed_ms=95.683
kiln_profile_full_attn_stage full_attn_layer=7 stage=qkv_proj seq_len=64 start_pos=0 elapsed_ms=17.920
kiln_profile_full_attn_stage full_attn_layer=7 stage=qkv_split seq_len=64 start_pos=0 elapsed_ms=0.134
kiln_profile_full_attn_stage full_attn_layer=7 stage=qk_norm seq_len=64 start_pos=0 elapsed_ms=0.725
kiln_profile_full_attn_stage full_attn_layer=7 stage=rope seq_len=64 start_pos=0 elapsed_ms=1.029
kiln_profile_full_attn_stage full_attn_layer=7 stage=q_transpose seq_len=64 start_pos=0 elapsed_ms=0.682
kiln_profile_full_attn_stage full_attn_layer=7 stage=kv_write seq_len=64 start_pos=0 elapsed_ms=0.087
kiln_profile_full_attn_stage full_attn_layer=7 stage=kv_read seq_len=64 start_pos=0 elapsed_ms=0.023
kiln_profile_mlp_stage layer=31 stage=fused seq_len=64 start_pos=0 elapsed_ms=30.362
kiln_profile_paged_layer layer=31 kind=full seq_len=64 start_pos=0 elapsed_ms=62.440
    Prefill (paged): 2646.6ms (24 tok/s)
kiln_profile_gdn_stage layer=0 stage=in_proj seq_len=1 start_pos=64 elapsed_ms=1.299
kiln_profile_gdn_stage layer=0 stage=conv seq_len=1 start_pos=64 elapsed_ms=0.147
kiln_profile_gdn_stage layer=0 stage=qkv_split seq_len=1 start_pos=64 elapsed_ms=0.002
kiln_profile_gdn_stage layer=0 stage=qk_norm seq_len=1 start_pos=64 elapsed_ms=0.030
kiln_profile_gdn_stage layer=0 stage=gates seq_len=1 start_pos=64 elapsed_ms=1.030
kiln_profile_gdn_stage layer=0 stage=recurrent seq_len=1 start_pos=64 elapsed_ms=1.049
kiln_profile_gdn_stage layer=0 stage=post_transpose seq_len=1 start_pos=64 elapsed_ms=0.000
kiln_profile_gdn_stage layer=0 stage=gated_norm seq_len=1 start_pos=64 elapsed_ms=0.339
kiln_profile_gdn_stage layer=0 stage=out_proj seq_len=1 start_pos=64 elapsed_ms=0.366
kiln_profile_mlp_stage layer=0 stage=fused seq_len=1 start_pos=64 elapsed_ms=1.215
kiln_profile_paged_layer layer=0 kind=linear seq_len=1 start_pos=64 elapsed_ms=5.561
kiln_profile_gdn_stage layer=1 stage=in_proj seq_len=1 start_pos=64 elapsed_ms=0.732
kiln_profile_gdn_stage layer=1 stage=conv seq_len=1 start_pos=64 elapsed_ms=0.160
kiln_profile_gdn_stage layer=1 stage=qkv_split seq_len=1 start_pos=64 elapsed_ms=0.001
kiln_profile_gdn_stage layer=1 stage=qk_norm seq_len=1 start_pos=64 elapsed_ms=0.026
kiln_profile_gdn_stage layer=1 stage=gates seq_len=1 start_pos=64 elapsed_ms=0.283
kiln_profile_gdn_stage layer=1 stage=recurrent seq_len=1 start_pos=64 elapsed_ms=0.893
kiln_profile_gdn_stage layer=1 stage=post_transpose seq_len=1 start_pos=64 elapsed_ms=0.000
kiln_profile_gdn_stage layer=1 stage=gated_norm seq_len=1 start_pos=64 elapsed_ms=0.503
kiln_profile_gdn_stage layer=1 stage=out_proj seq_len=1 start_pos=64 elapsed_ms=0.334
kiln_profile_mlp_stage layer=1 stage=fused seq_len=1 start_pos=64 elapsed_ms=1.019
kiln_profile_paged_layer layer=1 kind=linear seq_len=1 start_pos=64 elapsed_ms=4.018
kiln_profile_gdn_stage layer=2 stage=in_proj seq_len=1 start_pos=64 elapsed_ms=0.724
kiln_profile_gdn_stage layer=2 stage=conv seq_len=1 start_pos=64 elapsed_ms=0.125
kiln_profile_gdn_stage layer=2 stage=qkv_split seq_len=1 start_pos=64 elapsed_ms=0.001
kiln_profile_gdn_stage layer=2 stage=qk_norm seq_len=1 start_pos=64 elapsed_ms=0.022
kiln_profile_gdn_stage layer=2 stage=gates seq_len=1 start_pos=64 elapsed_ms=0.253
kiln_profile_gdn_stage layer=2 stage=recurrent seq_len=1 start_pos=64 elapsed_ms=0.788
kiln_profile_gdn_stage layer=2 stage=post_transpose seq_len=1 start_pos=64 elapsed_ms=0.000
kiln_profile_gdn_stage layer=2 stage=gated_norm seq_len=1 start_pos=64 elapsed_ms=0.312
kiln_profile_gdn_stage layer=2 stage=out_proj seq_len=1 start_pos=64 elapsed_ms=0.370
kiln_profile_mlp_stage layer=2 stage=fused seq_len=1 start_pos=64 elapsed_ms=1.022
kiln_profile_paged_layer layer=2 kind=linear seq_len=1 start_pos=64 elapsed_ms=3.675
kiln_profile_full_attn_stage full_attn_layer=0 stage=qkv_proj seq_len=1 start_pos=64 elapsed_ms=0.653
kiln_profile_full_attn_stage full_attn_layer=0 stage=qkv_split seq_len=1 start_pos=64 elapsed_ms=0.005
kiln_profile_full_attn_stage full_attn_layer=0 stage=qk_norm seq_len=1 start_pos=64 elapsed_ms=0.022
kiln_profile_full_attn_stage full_attn_layer=0 stage=rope seq_len=1 start_pos=64 elapsed_ms=0.049
kiln_profile_full_attn_stage full_attn_layer=0 stage=q_transpose seq_len=1 start_pos=64 elapsed_ms=0.007
kiln_profile_full_attn_stage full_attn_layer=0 stage=kv_write seq_len=1 start_pos=64 elapsed_ms=0.008
kiln_profile_full_attn_stage full_attn_layer=0 stage=kv_read seq_len=1 start_pos=64 elapsed_ms=0.053
kiln_profile_full_attn_stage full_attn_layer=0 stage=decode_group_layout seq_len=1 start_pos=64 elapsed_ms=0.004
kiln_profile_full_attn_stage full_attn_layer=0 stage=decode_scores seq_len=1 start_pos=64 elapsed_ms=0.202
kiln_profile_full_attn_stage full_attn_layer=0 stage=decode_softmax seq_len=1 start_pos=64 elapsed_ms=0.013
kiln_profile_full_attn_stage full_attn_layer=0 stage=decode_weighted_sum seq_len=1 start_pos=64 elapsed_ms=0.044
kiln_profile_full_attn_stage full_attn_layer=0 stage=attn_gate seq_len=1 start_pos=64 elapsed_ms=0.018
kiln_profile_full_attn_stage full_attn_layer=0 stage=o_proj seq_len=1 start_pos=64 elapsed_ms=0.395
kiln_profile_mlp_stage layer=3 stage=fused seq_len=1 start_pos=64 elapsed_ms=1.162
kiln_profile_paged_layer layer=3 kind=full seq_len=1 start_pos=64 elapsed_ms=2.739
kiln_profile_gdn_stage layer=4 stage=in_proj seq_len=1 start_pos=64 elapsed_ms=0.718
kiln_profile_gdn_stage layer=4 stage=conv seq_len=1 start_pos=64 elapsed_ms=0.147
kiln_profile_gdn_stage layer=4 stage=qkv_split seq_len=1 start_pos=64 elapsed_ms=0.001
kiln_profile_gdn_stage layer=4 stage=qk_norm seq_len=1 start_pos=64 elapsed_ms=0.021
kiln_profile_gdn_stage layer=4 stage=gates seq_len=1 start_pos=64 elapsed_ms=0.287
kiln_profile_gdn_stage layer=4 stage=recurrent seq_len=1 start_pos=64 elapsed_ms=0.860
kiln_profile_gdn_stage layer=4 stage=post_transpose seq_len=1 start_pos=64 elapsed_ms=0.000
kiln_profile_gdn_stage layer=4 stage=gated_norm seq_len=1 start_pos=64 elapsed_ms=0.306
kiln_profile_gdn_stage layer=4 stage=out_proj seq_len=1 start_pos=64 elapsed_ms=0.335
kiln_profile_mlp_stage layer=4 stage=fused seq_len=1 start_pos=64 elapsed_ms=1.019
kiln_profile_paged_layer layer=4 kind=linear seq_len=1 start_pos=64 elapsed_ms=3.757
kiln_profile_gdn_stage layer=5 stage=in_proj seq_len=1 start_pos=64 elapsed_ms=0.726
kiln_profile_gdn_stage layer=5 stage=conv seq_len=1 start_pos=64 elapsed_ms=0.174
kiln_profile_gdn_stage layer=5 stage=qkv_split seq_len=1 start_pos=64 elapsed_ms=0.001
kiln_profile_gdn_stage layer=5 stage=qk_norm seq_len=1 start_pos=64 elapsed_ms=0.020
kiln_profile_gdn_stage layer=5 stage=gates seq_len=1 start_pos=64 elapsed_ms=0.295
kiln_profile_gdn_stage layer=5 stage=recurrent seq_len=1 start_pos=64 elapsed_ms=0.785
kiln_profile_gdn_stage layer=5 stage=post_transpose seq_len=1 start_pos=64 elapsed_ms=0.000
kiln_profile_gdn_stage layer=5 stage=gated_norm seq_len=1 start_pos=64 elapsed_ms=0.346
kiln_profile_gdn_stage layer=5 stage=out_proj seq_len=1 start_pos=64 elapsed_ms=0.331
kiln_profile_mlp_stage layer=5 stage=fused seq_len=1 start_pos=64 elapsed_ms=1.001
kiln_profile_paged_layer layer=5 kind=linear seq_len=1 start_pos=64 elapsed_ms=3.734
kiln_profile_gdn_stage layer=6 stage=in_proj seq_len=1 start_pos=64 elapsed_ms=0.774
kiln_profile_gdn_stage layer=6 stage=conv seq_len=1 start_pos=64 elapsed_ms=0.140
kiln_profile_gdn_stage layer=6 stage=qkv_split seq_len=1 start_pos=64 elapsed_ms=0.001
kiln_profile_gdn_stage layer=6 stage=qk_norm seq_len=1 start_pos=64 elapsed_ms=0.026
kiln_profile_gdn_stage layer=6 stage=gates seq_len=1 start_pos=64 elapsed_ms=0.267
kiln_profile_gdn_stage layer=6 stage=recurrent seq_len=1 start_pos=64 elapsed_ms=0.770
kiln_profile_gdn_stage layer=6 stage=post_transpose seq_len=1 start_pos=64 elapsed_ms=0.000
kiln_profile_gdn_stage layer=6 stage=gated_norm seq_len=1 start_pos=64 elapsed_ms=0.296
kiln_profile_gdn_stage layer=6 stage=out_proj seq_len=1 start_pos=64 elapsed_ms=0.374
kiln_profile_mlp_stage layer=6 stage=fused seq_len=1 start_pos=64 elapsed_ms=1.031
kiln_profile_paged_layer layer=6 kind=linear seq_len=1 start_pos=64 elapsed_ms=3.743
kiln_profile_full_attn_stage full_attn_layer=1 stage=qkv_proj seq_len=1 start_pos=64 elapsed_ms=0.594
kiln_profile_full_attn_stage full_attn_layer=1 stage=qkv_split seq_len=1 start_pos=64 elapsed_ms=0.006
kiln_profile_full_attn_stage full_attn_layer=1 stage=qk_norm seq_len=1 start_pos=64 elapsed_ms=0.024
kiln_profile_full_attn_stage full_attn_layer=1 stage=rope seq_len=1 start_pos=64 elapsed_ms=0.049
kiln_profile_full_attn_stage full_attn_layer=1 stage=q_transpose seq_len=1 start_pos=64 elapsed_ms=0.005
kiln_profile_full_attn_stage full_attn_layer=1 stage=kv_write seq_len=1 start_pos=64 elapsed_ms=0.005
kiln_profile_full_attn_stage full_attn_layer=1 stage=kv_read seq_len=1 start_pos=64 elapsed_ms=0.037
kiln_profile_full_attn_stage full_attn_layer=1 stage=decode_group_layout seq_len=1 start_pos=64 elapsed_ms=0.003
kiln_profile_full_attn_stage full_attn_layer=1 stage=decode_scores seq_len=1 start_pos=64 elapsed_ms=0.188
kiln_profile_full_attn_stage full_attn_layer=1 stage=decode_softmax seq_len=1 start_pos=64 elapsed_ms=0.011
kiln_profile_full_attn_stage full_attn_layer=1 stage=decode_weighted_sum seq_len=1 start_pos=64 elapsed_ms=0.044
kiln_profile_full_attn_stage full_attn_layer=1 stage=attn_gate seq_len=1 start_pos=64 elapsed_ms=0.017
kiln_profile_full_attn_stage full_attn_layer=1 stage=o_proj seq_len=1 start_pos=64 elapsed_ms=0.325
kiln_profile_mlp_stage layer=7 stage=fused seq_len=1 start_pos=64 elapsed_ms=1.050
kiln_profile_paged_layer layer=7 kind=full seq_len=1 start_pos=64 elapsed_ms=2.427
kiln_profile_gdn_stage layer=8 stage=in_proj seq_len=1 start_pos=64 elapsed_ms=0.719
kiln_profile_gdn_stage layer=8 stage=conv seq_len=1 start_pos=64 elapsed_ms=0.113
kiln_profile_gdn_stage layer=8 stage=qkv_split seq_len=1 start_pos=64 elapsed_ms=0.001
kiln_profile_gdn_stage layer=8 stage=qk_norm seq_len=1 start_pos=64 elapsed_ms=0.019
kiln_profile_gdn_stage layer=8 stage=gates seq_len=1 start_pos=64 elapsed_ms=0.223
kiln_profile_gdn_stage layer=8 stage=recurrent seq_len=1 start_pos=64 elapsed_ms=0.763
kiln_profile_gdn_stage layer=8 stage=post_transpose seq_len=1 start_pos=64 elapsed_ms=0.000
kiln_profile_gdn_stage layer=8 stage=gated_norm seq_len=1 start_pos=64 elapsed_ms=0.301
kiln_profile_gdn_stage layer=8 stage=out_proj seq_len=1 start_pos=64 elapsed_ms=0.353
kiln_profile_mlp_stage layer=8 stage=fused seq_len=1 start_pos=64 elapsed_ms=1.011
kiln_profile_paged_layer layer=8 kind=linear seq_len=1 start_pos=64 elapsed_ms=3.554
kiln_profile_gdn_stage layer=9 stage=in_proj seq_len=1 start_pos=64 elapsed_ms=0.738
kiln_profile_gdn_stage layer=9 stage=conv seq_len=1 start_pos=64 elapsed_ms=0.108
kiln_profile_gdn_stage layer=9 stage=qkv_split seq_len=1 start_pos=64 elapsed_ms=0.001
kiln_profile_gdn_stage layer=9 stage=qk_norm seq_len=1 start_pos=64 elapsed_ms=0.018
kiln_profile_gdn_stage layer=9 stage=gates seq_len=1 start_pos=64 elapsed_ms=0.229
kiln_profile_gdn_stage layer=9 stage=recurrent seq_len=1 start_pos=64 elapsed_ms=0.839
kiln_profile_gdn_stage layer=9 stage=post_transpose seq_len=1 start_pos=64 elapsed_ms=0.000
kiln_profile_gdn_stage layer=9 stage=gated_norm seq_len=1 start_pos=64 elapsed_ms=0.287
kiln_profile_gdn_stage layer=9 stage=out_proj seq_len=1 start_pos=64 elapsed_ms=0.327
kiln_profile_mlp_stage layer=9 stage=fused seq_len=1 start_pos=64 elapsed_ms=1.035
kiln_profile_paged_layer layer=9 kind=linear seq_len=1 start_pos=64 elapsed_ms=3.632
kiln_profile_gdn_stage layer=10 stage=in_proj seq_len=1 start_pos=64 elapsed_ms=0.863
kiln_profile_gdn_stage layer=10 stage=conv seq_len=1 start_pos=64 elapsed_ms=0.109
kiln_profile_gdn_stage layer=10 stage=qkv_split seq_len=1 start_pos=64 elapsed_ms=0.001
kiln_profile_gdn_stage layer=10 stage=qk_norm seq_len=1 start_pos=64 elapsed_ms=0.018
kiln_profile_gdn_stage layer=10 stage=gates seq_len=1 start_pos=64 elapsed_ms=0.271
kiln_profile_gdn_stage layer=10 stage=recurrent seq_len=1 start_pos=64 elapsed_ms=0.735
kiln_profile_gdn_stage layer=10 stage=post_transpose seq_len=1 start_pos=64 elapsed_ms=0.000
kiln_profile_gdn_stage layer=10 stage=gated_norm seq_len=1 start_pos=64 elapsed_ms=0.327
kiln_profile_gdn_stage layer=10 stage=out_proj seq_len=1 start_pos=64 elapsed_ms=0.341
kiln_profile_mlp_stage layer=10 stage=fused seq_len=1 start_pos=64 elapsed_ms=1.062
kiln_profile_paged_layer layer=10 kind=linear seq_len=1 start_pos=64 elapsed_ms=3.776
kiln_profile_full_attn_stage full_attn_layer=2 stage=qkv_proj seq_len=1 start_pos=64 elapsed_ms=0.623
kiln_profile_full_attn_stage full_attn_layer=2 stage=qkv_split seq_len=1 start_pos=64 elapsed_ms=0.005
kiln_profile_full_attn_stage full_attn_layer=2 stage=qk_norm seq_len=1 start_pos=64 elapsed_ms=0.026
kiln_profile_full_attn_stage full_attn_layer=2 stage=rope seq_len=1 start_pos=64 elapsed_ms=0.049
kiln_profile_full_attn_stage full_attn_layer=2 stage=q_transpose seq_len=1 start_pos=64 elapsed_ms=0.005
kiln_profile_full_attn_stage full_attn_layer=2 stage=kv_write seq_len=1 start_pos=64 elapsed_ms=0.007
kiln_profile_full_attn_stage full_attn_layer=2 stage=kv_read seq_len=1 start_pos=64 elapsed_ms=0.045
kiln_profile_full_attn_stage full_attn_layer=2 stage=decode_group_layout seq_len=1 start_pos=64 elapsed_ms=0.002
kiln_profile_full_attn_stage full_attn_layer=2 stage=decode_scores seq_len=1 start_pos=64 elapsed_ms=0.171
kiln_profile_full_attn_stage full_attn_layer=2 stage=decode_softmax seq_len=1 start_pos=64 elapsed_ms=0.015
kiln_profile_full_attn_stage full_attn_layer=2 stage=decode_weighted_sum seq_len=1 start_pos=64 elapsed_ms=0.044
kiln_profile_full_attn_stage full_attn_layer=2 stage=attn_gate seq_len=1 start_pos=64 elapsed_ms=0.016
kiln_profile_full_attn_stage full_attn_layer=2 stage=o_proj seq_len=1 start_pos=64 elapsed_ms=0.313
kiln_profile_mlp_stage layer=11 stage=fused seq_len=1 start_pos=64 elapsed_ms=1.317
kiln_profile_paged_layer layer=11 kind=full seq_len=1 start_pos=64 elapsed_ms=2.718
kiln_profile_gdn_stage layer=12 stage=in_proj seq_len=1 start_pos=64 elapsed_ms=0.798
kiln_profile_gdn_stage layer=12 stage=conv seq_len=1 start_pos=64 elapsed_ms=0.124
kiln_profile_gdn_stage layer=12 stage=qkv_split seq_len=1 start_pos=64 elapsed_ms=0.001
kiln_profile_gdn_stage layer=12 stage=qk_norm seq_len=1 start_pos=64 elapsed_ms=0.022
kiln_profile_gdn_stage layer=12 stage=gates seq_len=1 start_pos=64 elapsed_ms=0.272
kiln_profile_gdn_stage layer=12 stage=recurrent seq_len=1 start_pos=64 elapsed_ms=0.757
kiln_profile_gdn_stage layer=12 stage=post_transpose seq_len=1 start_pos=64 elapsed_ms=0.000
kiln_profile_gdn_stage layer=12 stage=gated_norm seq_len=1 start_pos=64 elapsed_ms=0.295
kiln_profile_gdn_stage layer=12 stage=out_proj seq_len=1 start_pos=64 elapsed_ms=0.335
kiln_profile_mlp_stage layer=12 stage=fused seq_len=1 start_pos=64 elapsed_ms=1.042
kiln_profile_paged_layer layer=12 kind=linear seq_len=1 start_pos=64 elapsed_ms=3.739
kiln_profile_gdn_stage layer=13 stage=in_proj seq_len=1 start_pos=64 elapsed_ms=0.765
kiln_profile_gdn_stage layer=13 stage=conv seq_len=1 start_pos=64 elapsed_ms=0.110
kiln_profile_gdn_stage layer=13 stage=qkv_split seq_len=1 start_pos=64 elapsed_ms=0.001
kiln_profile_gdn_stage layer=13 stage=qk_norm seq_len=1 start_pos=64 elapsed_ms=0.017
kiln_profile_gdn_stage layer=13 stage=gates seq_len=1 start_pos=64 elapsed_ms=0.238
kiln_profile_gdn_stage layer=13 stage=recurrent seq_len=1 start_pos=64 elapsed_ms=0.709
kiln_profile_gdn_stage layer=13 stage=post_transpose seq_len=1 start_pos=64 elapsed_ms=0.000
kiln_profile_gdn_stage layer=13 stage=gated_norm seq_len=1 start_pos=64 elapsed_ms=0.293
kiln_profile_gdn_stage layer=13 stage=out_proj seq_len=1 start_pos=64 elapsed_ms=0.483
kiln_profile_mlp_stage layer=13 stage=fused seq_len=1 start_pos=64 elapsed_ms=1.002
kiln_profile_paged_layer layer=13 kind=linear seq_len=1 start_pos=64 elapsed_ms=3.670
kiln_profile_gdn_stage layer=14 stage=in_proj seq_len=1 start_pos=64 elapsed_ms=0.744
kiln_profile_gdn_stage layer=14 stage=conv seq_len=1 start_pos=64 elapsed_ms=0.111
kiln_profile_gdn_stage layer=14 stage=qkv_split seq_len=1 start_pos=64 elapsed_ms=0.001
kiln_profile_gdn_stage layer=14 stage=qk_norm seq_len=1 start_pos=64 elapsed_ms=0.018
kiln_profile_gdn_stage layer=14 stage=gates seq_len=1 start_pos=64 elapsed_ms=0.228
kiln_profile_gdn_stage layer=14 stage=recurrent seq_len=1 start_pos=64 elapsed_ms=0.794
kiln_profile_gdn_stage layer=14 stage=post_transpose seq_len=1 start_pos=64 elapsed_ms=0.000
kiln_profile_gdn_stage layer=14 stage=gated_norm seq_len=1 start_pos=64 elapsed_ms=0.321
kiln_profile_gdn_stage layer=14 stage=out_proj seq_len=1 start_pos=64 elapsed_ms=0.330
kiln_profile_mlp_stage layer=14 stage=fused seq_len=1 start_pos=64 elapsed_ms=1.018
kiln_profile_paged_layer layer=14 kind=linear seq_len=1 start_pos=64 elapsed_ms=3.616
kiln_profile_full_attn_stage full_attn_layer=3 stage=qkv_proj seq_len=1 start_pos=64 elapsed_ms=0.637
kiln_profile_full_attn_stage full_attn_layer=3 stage=qkv_split seq_len=1 start_pos=64 elapsed_ms=0.005
kiln_profile_full_attn_stage full_attn_layer=3 stage=qk_norm seq_len=1 start_pos=64 elapsed_ms=0.021
kiln_profile_full_attn_stage full_attn_layer=3 stage=rope seq_len=1 start_pos=64 elapsed_ms=0.036
kiln_profile_full_attn_stage full_attn_layer=3 stage=q_transpose seq_len=1 start_pos=64 elapsed_ms=0.009
kiln_profile_full_attn_stage full_attn_layer=3 stage=kv_write seq_len=1 start_pos=64 elapsed_ms=0.006
kiln_profile_full_attn_stage full_attn_layer=3 stage=kv_read seq_len=1 start_pos=64 elapsed_ms=0.061
kiln_profile_full_attn_stage full_attn_layer=3 stage=decode_group_layout seq_len=1 start_pos=64 elapsed_ms=0.004
kiln_profile_full_attn_stage full_attn_layer=3 stage=decode_scores seq_len=1 start_pos=64 elapsed_ms=0.159
kiln_profile_full_attn_stage full_attn_layer=3 stage=decode_softmax seq_len=1 start_pos=64 elapsed_ms=0.014
kiln_profile_full_attn_stage full_attn_layer=3 stage=decode_weighted_sum seq_len=1 start_pos=64 elapsed_ms=0.039
kiln_profile_full_attn_stage full_attn_layer=3 stage=attn_gate seq_len=1 start_pos=64 elapsed_ms=0.012
kiln_profile_full_attn_stage full_attn_layer=3 stage=o_proj seq_len=1 start_pos=64 elapsed_ms=0.363
kiln_profile_mlp_stage layer=15 stage=fused seq_len=1 start_pos=64 elapsed_ms=1.087
kiln_profile_paged_layer layer=15 kind=full seq_len=1 start_pos=64 elapsed_ms=2.526
kiln_profile_gdn_stage layer=16 stage=in_proj seq_len=1 start_pos=64 elapsed_ms=0.771
kiln_profile_gdn_stage layer=16 stage=conv seq_len=1 start_pos=64 elapsed_ms=0.139
kiln_profile_gdn_stage layer=16 stage=qkv_split seq_len=1 start_pos=64 elapsed_ms=0.001
kiln_profile_gdn_stage layer=16 stage=qk_norm seq_len=1 start_pos=64 elapsed_ms=0.019
kiln_profile_gdn_stage layer=16 stage=gates seq_len=1 start_pos=64 elapsed_ms=0.269
kiln_profile_gdn_stage layer=16 stage=recurrent seq_len=1 start_pos=64 elapsed_ms=0.748
kiln_profile_gdn_stage layer=16 stage=post_transpose seq_len=1 start_pos=64 elapsed_ms=0.000
kiln_profile_gdn_stage layer=16 stage=gated_norm seq_len=1 start_pos=64 elapsed_ms=0.282
kiln_profile_gdn_stage layer=16 stage=out_proj seq_len=1 start_pos=64 elapsed_ms=0.333
kiln_profile_mlp_stage layer=16 stage=fused seq_len=1 start_pos=64 elapsed_ms=1.021
kiln_profile_paged_layer layer=16 kind=linear seq_len=1 start_pos=64 elapsed_ms=3.636
kiln_profile_gdn_stage layer=17 stage=in_proj seq_len=1 start_pos=64 elapsed_ms=0.776
kiln_profile_gdn_stage layer=17 stage=conv seq_len=1 start_pos=64 elapsed_ms=0.163
kiln_profile_gdn_stage layer=17 stage=qkv_split seq_len=1 start_pos=64 elapsed_ms=0.001
kiln_profile_gdn_stage layer=17 stage=qk_norm seq_len=1 start_pos=64 elapsed_ms=0.020
kiln_profile_gdn_stage layer=17 stage=gates seq_len=1 start_pos=64 elapsed_ms=0.259
kiln_profile_gdn_stage layer=17 stage=recurrent seq_len=1 start_pos=64 elapsed_ms=0.717
kiln_profile_gdn_stage layer=17 stage=post_transpose seq_len=1 start_pos=64 elapsed_ms=0.000
kiln_profile_gdn_stage layer=17 stage=gated_norm seq_len=1 start_pos=64 elapsed_ms=0.289
kiln_profile_gdn_stage layer=17 stage=out_proj seq_len=1 start_pos=64 elapsed_ms=0.374
kiln_profile_mlp_stage layer=17 stage=fused seq_len=1 start_pos=64 elapsed_ms=1.018
kiln_profile_paged_layer layer=17 kind=linear seq_len=1 start_pos=64 elapsed_ms=3.669
kiln_profile_gdn_stage layer=18 stage=in_proj seq_len=1 start_pos=64 elapsed_ms=0.719
kiln_profile_gdn_stage layer=18 stage=conv seq_len=1 start_pos=64 elapsed_ms=0.129
kiln_profile_gdn_stage layer=18 stage=qkv_split seq_len=1 start_pos=64 elapsed_ms=0.001
kiln_profile_gdn_stage layer=18 stage=qk_norm seq_len=1 start_pos=64 elapsed_ms=0.024
kiln_profile_gdn_stage layer=18 stage=gates seq_len=1 start_pos=64 elapsed_ms=0.235
kiln_profile_gdn_stage layer=18 stage=recurrent seq_len=1 start_pos=64 elapsed_ms=0.724
kiln_profile_gdn_stage layer=18 stage=post_transpose seq_len=1 start_pos=64 elapsed_ms=0.000
kiln_profile_gdn_stage layer=18 stage=gated_norm seq_len=1 start_pos=64 elapsed_ms=0.351
kiln_profile_gdn_stage layer=18 stage=out_proj seq_len=1 start_pos=64 elapsed_ms=0.314
kiln_profile_mlp_stage layer=18 stage=fused seq_len=1 start_pos=64 elapsed_ms=1.009
kiln_profile_paged_layer layer=18 kind=linear seq_len=1 start_pos=64 elapsed_ms=3.561
kiln_profile_full_attn_stage full_attn_layer=4 stage=qkv_proj seq_len=1 start_pos=64 elapsed_ms=0.664
kiln_profile_full_attn_stage full_attn_layer=4 stage=qkv_split seq_len=1 start_pos=64 elapsed_ms=0.006
kiln_profile_full_attn_stage full_attn_layer=4 stage=qk_norm seq_len=1 start_pos=64 elapsed_ms=0.025
kiln_profile_full_attn_stage full_attn_layer=4 stage=rope seq_len=1 start_pos=64 elapsed_ms=0.044
kiln_profile_full_attn_stage full_attn_layer=4 stage=q_transpose seq_len=1 start_pos=64 elapsed_ms=0.006
kiln_profile_full_attn_stage full_attn_layer=4 stage=kv_write seq_len=1 start_pos=64 elapsed_ms=0.007
kiln_profile_full_attn_stage full_attn_layer=4 stage=kv_read seq_len=1 start_pos=64 elapsed_ms=0.042
kiln_profile_full_attn_stage full_attn_layer=4 stage=decode_group_layout seq_len=1 start_pos=64 elapsed_ms=0.003
kiln_profile_full_attn_stage full_attn_layer=4 stage=decode_scores seq_len=1 start_pos=64 elapsed_ms=0.162
kiln_profile_full_attn_stage full_attn_layer=4 stage=decode_softmax seq_len=1 start_pos=64 elapsed_ms=0.010
kiln_profile_full_attn_stage full_attn_layer=4 stage=decode_weighted_sum seq_len=1 start_pos=64 elapsed_ms=0.039
kiln_profile_full_attn_stage full_attn_layer=4 stage=attn_gate seq_len=1 start_pos=64 elapsed_ms=0.011
kiln_profile_full_attn_stage full_attn_layer=4 stage=o_proj seq_len=1 start_pos=64 elapsed_ms=0.330
kiln_profile_mlp_stage layer=19 stage=fused seq_len=1 start_pos=64 elapsed_ms=1.063
kiln_profile_paged_layer layer=19 kind=full seq_len=1 start_pos=64 elapsed_ms=2.482
kiln_profile_gdn_stage layer=20 stage=in_proj seq_len=1 start_pos=64 elapsed_ms=1.502
kiln_profile_gdn_stage layer=20 stage=conv seq_len=1 start_pos=64 elapsed_ms=0.126
kiln_profile_gdn_stage layer=20 stage=qkv_split seq_len=1 start_pos=64 elapsed_ms=0.001
kiln_profile_gdn_stage layer=20 stage=qk_norm seq_len=1 start_pos=64 elapsed_ms=0.023
kiln_profile_gdn_stage layer=20 stage=gates seq_len=1 start_pos=64 elapsed_ms=0.260
kiln_profile_gdn_stage layer=20 stage=recurrent seq_len=1 start_pos=64 elapsed_ms=0.712
kiln_profile_gdn_stage layer=20 stage=post_transpose seq_len=1 start_pos=64 elapsed_ms=0.000
kiln_profile_gdn_stage layer=20 stage=gated_norm seq_len=1 start_pos=64 elapsed_ms=0.297
kiln_profile_gdn_stage layer=20 stage=out_proj seq_len=1 start_pos=64 elapsed_ms=0.321
kiln_profile_mlp_stage layer=20 stage=fused seq_len=1 start_pos=64 elapsed_ms=1.025
kiln_profile_paged_layer layer=20 kind=linear seq_len=1 start_pos=64 elapsed_ms=4.316
kiln_profile_gdn_stage layer=21 stage=in_proj seq_len=1 start_pos=64 elapsed_ms=0.751
kiln_profile_gdn_stage layer=21 stage=conv seq_len=1 start_pos=64 elapsed_ms=0.141
kiln_profile_gdn_stage layer=21 stage=qkv_split seq_len=1 start_pos=64 elapsed_ms=0.001
kiln_profile_gdn_stage layer=21 stage=qk_norm seq_len=1 start_pos=64 elapsed_ms=0.018
kiln_profile_gdn_stage layer=21 stage=gates seq_len=1 start_pos=64 elapsed_ms=0.416
kiln_profile_gdn_stage layer=21 stage=recurrent seq_len=1 start_pos=64 elapsed_ms=1.711
kiln_profile_gdn_stage layer=21 stage=post_transpose seq_len=1 start_pos=64 elapsed_ms=0.002
kiln_profile_gdn_stage layer=21 stage=gated_norm seq_len=1 start_pos=64 elapsed_ms=0.710
kiln_profile_gdn_stage layer=21 stage=out_proj seq_len=1 start_pos=64 elapsed_ms=0.735
kiln_profile_mlp_stage layer=21 stage=fused seq_len=1 start_pos=64 elapsed_ms=1.007
kiln_profile_paged_layer layer=21 kind=linear seq_len=1 start_pos=64 elapsed_ms=5.601
kiln_profile_gdn_stage layer=22 stage=in_proj seq_len=1 start_pos=64 elapsed_ms=0.726
kiln_profile_gdn_stage layer=22 stage=conv seq_len=1 start_pos=64 elapsed_ms=0.170
kiln_profile_gdn_stage layer=22 stage=qkv_split seq_len=1 start_pos=64 elapsed_ms=0.002
kiln_profile_gdn_stage layer=22 stage=qk_norm seq_len=1 start_pos=64 elapsed_ms=0.031
kiln_profile_gdn_stage layer=22 stage=gates seq_len=1 start_pos=64 elapsed_ms=0.292
kiln_profile_gdn_stage layer=22 stage=recurrent seq_len=1 start_pos=64 elapsed_ms=1.529
kiln_profile_gdn_stage layer=22 stage=post_transpose seq_len=1 start_pos=64 elapsed_ms=0.000
kiln_profile_gdn_stage layer=22 stage=gated_norm seq_len=1 start_pos=64 elapsed_ms=0.327
kiln_profile_gdn_stage layer=22 stage=out_proj seq_len=1 start_pos=64 elapsed_ms=0.334
kiln_profile_mlp_stage layer=22 stage=fused seq_len=1 start_pos=64 elapsed_ms=1.177
kiln_profile_paged_layer layer=22 kind=linear seq_len=1 start_pos=64 elapsed_ms=4.655
kiln_profile_full_attn_stage full_attn_layer=5 stage=qkv_proj seq_len=1 start_pos=64 elapsed_ms=0.634
kiln_profile_full_attn_stage full_attn_layer=5 stage=qkv_split seq_len=1 start_pos=64 elapsed_ms=0.008
kiln_profile_full_attn_stage full_attn_layer=5 stage=qk_norm seq_len=1 start_pos=64 elapsed_ms=0.030
kiln_profile_full_attn_stage full_attn_layer=5 stage=rope seq_len=1 start_pos=64 elapsed_ms=0.059
kiln_profile_full_attn_stage full_attn_layer=5 stage=q_transpose seq_len=1 start_pos=64 elapsed_ms=0.009
kiln_profile_full_attn_stage full_attn_layer=5 stage=kv_write seq_len=1 start_pos=64 elapsed_ms=0.007
kiln_profile_full_attn_stage full_attn_layer=5 stage=kv_read seq_len=1 start_pos=64 elapsed_ms=0.058
kiln_profile_full_attn_stage full_attn_layer=5 stage=decode_group_layout seq_len=1 start_pos=64 elapsed_ms=0.003
kiln_profile_full_attn_stage full_attn_layer=5 stage=decode_scores seq_len=1 start_pos=64 elapsed_ms=0.259
kiln_profile_full_attn_stage full_attn_layer=5 stage=decode_softmax seq_len=1 start_pos=64 elapsed_ms=0.018
kiln_profile_full_attn_stage full_attn_layer=5 stage=decode_weighted_sum seq_len=1 start_pos=64 elapsed_ms=0.054
kiln_profile_full_attn_stage full_attn_layer=5 stage=attn_gate seq_len=1 start_pos=64 elapsed_ms=0.015
kiln_profile_full_attn_stage full_attn_layer=5 stage=o_proj seq_len=1 start_pos=64 elapsed_ms=0.352
kiln_profile_mlp_stage layer=23 stage=fused seq_len=1 start_pos=64 elapsed_ms=1.055
kiln_profile_paged_layer layer=23 kind=full seq_len=1 start_pos=64 elapsed_ms=2.648
kiln_profile_gdn_stage layer=24 stage=in_proj seq_len=1 start_pos=64 elapsed_ms=0.811
kiln_profile_gdn_stage layer=24 stage=conv seq_len=1 start_pos=64 elapsed_ms=0.163
kiln_profile_gdn_stage layer=24 stage=qkv_split seq_len=1 start_pos=64 elapsed_ms=0.001
kiln_profile_gdn_stage layer=24 stage=qk_norm seq_len=1 start_pos=64 elapsed_ms=0.026
kiln_profile_gdn_stage layer=24 stage=gates seq_len=1 start_pos=64 elapsed_ms=0.315
kiln_profile_gdn_stage layer=24 stage=recurrent seq_len=1 start_pos=64 elapsed_ms=1.030
kiln_profile_gdn_stage layer=24 stage=post_transpose seq_len=1 start_pos=64 elapsed_ms=0.000
kiln_profile_gdn_stage layer=24 stage=gated_norm seq_len=1 start_pos=64 elapsed_ms=0.339
kiln_profile_gdn_stage layer=24 stage=out_proj seq_len=1 start_pos=64 elapsed_ms=0.342
kiln_profile_mlp_stage layer=24 stage=fused seq_len=1 start_pos=64 elapsed_ms=1.225
kiln_profile_paged_layer layer=24 kind=linear seq_len=1 start_pos=64 elapsed_ms=4.323
kiln_profile_gdn_stage layer=25 stage=in_proj seq_len=1 start_pos=64 elapsed_ms=0.738
kiln_profile_gdn_stage layer=25 stage=conv seq_len=1 start_pos=64 elapsed_ms=0.171
kiln_profile_gdn_stage layer=25 stage=qkv_split seq_len=1 start_pos=64 elapsed_ms=0.001
kiln_profile_gdn_stage layer=25 stage=qk_norm seq_len=1 start_pos=64 elapsed_ms=0.027
kiln_profile_gdn_stage layer=25 stage=gates seq_len=1 start_pos=64 elapsed_ms=0.346
kiln_profile_gdn_stage layer=25 stage=recurrent seq_len=1 start_pos=64 elapsed_ms=1.078
kiln_profile_gdn_stage layer=25 stage=post_transpose seq_len=1 start_pos=64 elapsed_ms=0.000
kiln_profile_gdn_stage layer=25 stage=gated_norm seq_len=1 start_pos=64 elapsed_ms=0.348
kiln_profile_gdn_stage layer=25 stage=out_proj seq_len=1 start_pos=64 elapsed_ms=0.367
kiln_profile_mlp_stage layer=25 stage=fused seq_len=1 start_pos=64 elapsed_ms=1.088
kiln_profile_paged_layer layer=25 kind=linear seq_len=1 start_pos=64 elapsed_ms=4.240
kiln_profile_gdn_stage layer=26 stage=in_proj seq_len=1 start_pos=64 elapsed_ms=0.764
kiln_profile_gdn_stage layer=26 stage=conv seq_len=1 start_pos=64 elapsed_ms=0.181
kiln_profile_gdn_stage layer=26 stage=qkv_split seq_len=1 start_pos=64 elapsed_ms=0.001
kiln_profile_gdn_stage layer=26 stage=qk_norm seq_len=1 start_pos=64 elapsed_ms=0.029
kiln_profile_gdn_stage layer=26 stage=gates seq_len=1 start_pos=64 elapsed_ms=0.453
kiln_profile_gdn_stage layer=26 stage=recurrent seq_len=1 start_pos=64 elapsed_ms=1.381
kiln_profile_gdn_stage layer=26 stage=post_transpose seq_len=1 start_pos=64 elapsed_ms=0.000
kiln_profile_gdn_stage layer=26 stage=gated_norm seq_len=1 start_pos=64 elapsed_ms=0.561
kiln_profile_gdn_stage layer=26 stage=out_proj seq_len=1 start_pos=64 elapsed_ms=0.386
kiln_profile_mlp_stage layer=26 stage=fused seq_len=1 start_pos=64 elapsed_ms=1.336
kiln_profile_paged_layer layer=26 kind=linear seq_len=1 start_pos=64 elapsed_ms=5.227
kiln_profile_full_attn_stage full_attn_layer=6 stage=qkv_proj seq_len=1 start_pos=64 elapsed_ms=0.629
kiln_profile_full_attn_stage full_attn_layer=6 stage=qkv_split seq_len=1 start_pos=64 elapsed_ms=0.013
kiln_profile_full_attn_stage full_attn_layer=6 stage=qk_norm seq_len=1 start_pos=64 elapsed_ms=0.032
kiln_profile_full_attn_stage full_attn_layer=6 stage=rope seq_len=1 start_pos=64 elapsed_ms=0.051
kiln_profile_full_attn_stage full_attn_layer=6 stage=q_transpose seq_len=1 start_pos=64 elapsed_ms=0.011
kiln_profile_full_attn_stage full_attn_layer=6 stage=kv_write seq_len=1 start_pos=64 elapsed_ms=0.008
kiln_profile_full_attn_stage full_attn_layer=6 stage=kv_read seq_len=1 start_pos=64 elapsed_ms=0.060
kiln_profile_full_attn_stage full_attn_layer=6 stage=decode_group_layout seq_len=1 start_pos=64 elapsed_ms=0.005
kiln_profile_full_attn_stage full_attn_layer=6 stage=decode_scores seq_len=1 start_pos=64 elapsed_ms=0.217
kiln_profile_full_attn_stage full_attn_layer=6 stage=decode_softmax seq_len=1 start_pos=64 elapsed_ms=0.014
kiln_profile_full_attn_stage full_attn_layer=6 stage=decode_weighted_sum seq_len=1 start_pos=64 elapsed_ms=0.042
kiln_profile_full_attn_stage full_attn_layer=6 stage=attn_gate seq_len=1 start_pos=64 elapsed_ms=0.012
kiln_profile_full_attn_stage full_attn_layer=6 stage=o_proj seq_len=1 start_pos=64 elapsed_ms=0.338
kiln_profile_mlp_stage layer=27 stage=fused seq_len=1 start_pos=64 elapsed_ms=1.118
kiln_profile_paged_layer layer=27 kind=full seq_len=1 start_pos=64 elapsed_ms=2.645
kiln_profile_gdn_stage layer=28 stage=in_proj seq_len=1 start_pos=64 elapsed_ms=0.752
kiln_profile_gdn_stage layer=28 stage=conv seq_len=1 start_pos=64 elapsed_ms=0.128
kiln_profile_gdn_stage layer=28 stage=qkv_split seq_len=1 start_pos=64 elapsed_ms=0.001
kiln_profile_gdn_stage layer=28 stage=qk_norm seq_len=1 start_pos=64 elapsed_ms=0.021
kiln_profile_gdn_stage layer=28 stage=gates seq_len=1 start_pos=64 elapsed_ms=0.259
kiln_profile_gdn_stage layer=28 stage=recurrent seq_len=1 start_pos=64 elapsed_ms=1.781
kiln_profile_gdn_stage layer=28 stage=post_transpose seq_len=1 start_pos=64 elapsed_ms=0.000
kiln_profile_gdn_stage layer=28 stage=gated_norm seq_len=1 start_pos=64 elapsed_ms=0.611
kiln_profile_gdn_stage layer=28 stage=out_proj seq_len=1 start_pos=64 elapsed_ms=0.682
kiln_profile_mlp_stage layer=28 stage=fused seq_len=1 start_pos=64 elapsed_ms=1.079
kiln_profile_paged_layer layer=28 kind=linear seq_len=1 start_pos=64 elapsed_ms=5.376
kiln_profile_gdn_stage layer=29 stage=in_proj seq_len=1 start_pos=64 elapsed_ms=0.798
kiln_profile_gdn_stage layer=29 stage=conv seq_len=1 start_pos=64 elapsed_ms=0.129
kiln_profile_gdn_stage layer=29 stage=qkv_split seq_len=1 start_pos=64 elapsed_ms=0.001
kiln_profile_gdn_stage layer=29 stage=qk_norm seq_len=1 start_pos=64 elapsed_ms=0.019
kiln_profile_gdn_stage layer=29 stage=gates seq_len=1 start_pos=64 elapsed_ms=0.386
kiln_profile_gdn_stage layer=29 stage=recurrent seq_len=1 start_pos=64 elapsed_ms=0.739
kiln_profile_gdn_stage layer=29 stage=post_transpose seq_len=1 start_pos=64 elapsed_ms=0.000
kiln_profile_gdn_stage layer=29 stage=gated_norm seq_len=1 start_pos=64 elapsed_ms=0.302
kiln_profile_gdn_stage layer=29 stage=out_proj seq_len=1 start_pos=64 elapsed_ms=0.406
kiln_profile_mlp_stage layer=29 stage=fused seq_len=1 start_pos=64 elapsed_ms=1.149
kiln_profile_paged_layer layer=29 kind=linear seq_len=1 start_pos=64 elapsed_ms=3.988
kiln_profile_gdn_stage layer=30 stage=in_proj seq_len=1 start_pos=64 elapsed_ms=0.799
kiln_profile_gdn_stage layer=30 stage=conv seq_len=1 start_pos=64 elapsed_ms=0.145
kiln_profile_gdn_stage layer=30 stage=qkv_split seq_len=1 start_pos=64 elapsed_ms=0.001
kiln_profile_gdn_stage layer=30 stage=qk_norm seq_len=1 start_pos=64 elapsed_ms=0.020
kiln_profile_gdn_stage layer=30 stage=gates seq_len=1 start_pos=64 elapsed_ms=0.284
kiln_profile_gdn_stage layer=30 stage=recurrent seq_len=1 start_pos=64 elapsed_ms=0.734
kiln_profile_gdn_stage layer=30 stage=post_transpose seq_len=1 start_pos=64 elapsed_ms=0.000
kiln_profile_gdn_stage layer=30 stage=gated_norm seq_len=1 start_pos=64 elapsed_ms=0.303
kiln_profile_gdn_stage layer=30 stage=out_proj seq_len=1 start_pos=64 elapsed_ms=0.412
kiln_profile_mlp_stage layer=30 stage=fused seq_len=1 start_pos=64 elapsed_ms=1.294
kiln_profile_paged_layer layer=30 kind=linear seq_len=1 start_pos=64 elapsed_ms=4.063
kiln_profile_full_attn_stage full_attn_layer=7 stage=qkv_proj seq_len=1 start_pos=64 elapsed_ms=0.715
kiln_profile_full_attn_stage full_attn_layer=7 stage=qkv_split seq_len=1 start_pos=64 elapsed_ms=0.009
kiln_profile_full_attn_stage full_attn_layer=7 stage=qk_norm seq_len=1 start_pos=64 elapsed_ms=0.033
kiln_profile_full_attn_stage full_attn_layer=7 stage=rope seq_len=1 start_pos=64 elapsed_ms=0.052
kiln_profile_full_attn_stage full_attn_layer=7 stage=q_transpose seq_len=1 start_pos=64 elapsed_ms=0.007
kiln_profile_full_attn_stage full_attn_layer=7 stage=kv_write seq_len=1 start_pos=64 elapsed_ms=0.008
kiln_profile_full_attn_stage full_attn_layer=7 stage=kv_read seq_len=1 start_pos=64 elapsed_ms=0.058
kiln_profile_full_attn_stage full_attn_layer=7 stage=decode_group_layout seq_len=1 start_pos=64 elapsed_ms=0.004
kiln_profile_full_attn_stage full_attn_layer=7 stage=decode_scores seq_len=1 start_pos=64 elapsed_ms=0.209
kiln_profile_full_attn_stage full_attn_layer=7 stage=decode_softmax seq_len=1 start_pos=64 elapsed_ms=0.016
kiln_profile_full_attn_stage full_attn_layer=7 stage=decode_weighted_sum seq_len=1 start_pos=64 elapsed_ms=0.047
kiln_profile_full_attn_stage full_attn_layer=7 stage=attn_gate seq_len=1 start_pos=64 elapsed_ms=0.018
kiln_profile_full_attn_stage full_attn_layer=7 stage=o_proj seq_len=1 start_pos=64 elapsed_ms=0.370
kiln_profile_mlp_stage layer=31 stage=fused seq_len=1 start_pos=64 elapsed_ms=1.218
kiln_profile_paged_layer layer=31 kind=full seq_len=1 start_pos=64 elapsed_ms=2.867
kiln_profile_gdn_stage layer=0 stage=in_proj seq_len=1 start_pos=65 elapsed_ms=0.805
kiln_profile_gdn_stage layer=0 stage=conv seq_len=1 start_pos=65 elapsed_ms=0.213
kiln_profile_gdn_stage layer=0 stage=qkv_split seq_len=1 start_pos=65 elapsed_ms=0.002
kiln_profile_gdn_stage layer=0 stage=qk_norm seq_len=1 start_pos=65 elapsed_ms=0.031
kiln_profile_gdn_stage layer=0 stage=gates seq_len=1 start_pos=65 elapsed_ms=0.370
kiln_profile_gdn_stage layer=0 stage=recurrent seq_len=1 start_pos=65 elapsed_ms=1.021
kiln_profile_gdn_stage layer=0 stage=post_transpose seq_len=1 start_pos=65 elapsed_ms=0.000
kiln_profile_gdn_stage layer=0 stage=gated_norm seq_len=1 start_pos=65 elapsed_ms=0.428
kiln_profile_gdn_stage layer=0 stage=out_proj seq_len=1 start_pos=65 elapsed_ms=0.361
kiln_profile_mlp_stage layer=0 stage=fused seq_len=1 start_pos=65 elapsed_ms=1.124
kiln_profile_paged_layer layer=0 kind=linear seq_len=1 start_pos=65 elapsed_ms=4.452
kiln_profile_gdn_stage layer=1 stage=in_proj seq_len=1 start_pos=65 elapsed_ms=0.804
kiln_profile_gdn_stage layer=1 stage=conv seq_len=1 start_pos=65 elapsed_ms=0.213
kiln_profile_gdn_stage layer=1 stage=qkv_split seq_len=1 start_pos=65 elapsed_ms=0.002
kiln_profile_gdn_stage layer=1 stage=qk_norm seq_len=1 start_pos=65 elapsed_ms=0.028
kiln_profile_gdn_stage layer=1 stage=gates seq_len=1 start_pos=65 elapsed_ms=0.334
kiln_profile_gdn_stage layer=1 stage=recurrent seq_len=1 start_pos=65 elapsed_ms=0.785
kiln_profile_gdn_stage layer=1 stage=post_transpose seq_len=1 start_pos=65 elapsed_ms=0.000
kiln_profile_gdn_stage layer=1 stage=gated_norm seq_len=1 start_pos=65 elapsed_ms=0.311
kiln_profile_gdn_stage layer=1 stage=out_proj seq_len=1 start_pos=65 elapsed_ms=0.332
kiln_profile_mlp_stage layer=1 stage=fused seq_len=1 start_pos=65 elapsed_ms=1.072
kiln_profile_paged_layer layer=1 kind=linear seq_len=1 start_pos=65 elapsed_ms=3.950
kiln_profile_gdn_stage layer=2 stage=in_proj seq_len=1 start_pos=65 elapsed_ms=0.748
kiln_profile_gdn_stage layer=2 stage=conv seq_len=1 start_pos=65 elapsed_ms=0.119
kiln_profile_gdn_stage layer=2 stage=qkv_split seq_len=1 start_pos=65 elapsed_ms=0.001
kiln_profile_gdn_stage layer=2 stage=qk_norm seq_len=1 start_pos=65 elapsed_ms=0.020
kiln_profile_gdn_stage layer=2 stage=gates seq_len=1 start_pos=65 elapsed_ms=0.259
kiln_profile_gdn_stage layer=2 stage=recurrent seq_len=1 start_pos=65 elapsed_ms=0.728
kiln_profile_gdn_stage layer=2 stage=post_transpose seq_len=1 start_pos=65 elapsed_ms=0.000
kiln_profile_gdn_stage layer=2 stage=gated_norm seq_len=1 start_pos=65 elapsed_ms=0.306
kiln_profile_gdn_stage layer=2 stage=out_proj seq_len=1 start_pos=65 elapsed_ms=0.378
kiln_profile_mlp_stage layer=2 stage=fused seq_len=1 start_pos=65 elapsed_ms=1.044
kiln_profile_paged_layer layer=2 kind=linear seq_len=1 start_pos=65 elapsed_ms=3.673
kiln_profile_full_attn_stage full_attn_layer=0 stage=qkv_proj seq_len=1 start_pos=65 elapsed_ms=0.647
kiln_profile_full_attn_stage full_attn_layer=0 stage=qkv_split seq_len=1 start_pos=65 elapsed_ms=0.007
kiln_profile_full_attn_stage full_attn_layer=0 stage=qk_norm seq_len=1 start_pos=65 elapsed_ms=0.024
kiln_profile_full_attn_stage full_attn_layer=0 stage=rope seq_len=1 start_pos=65 elapsed_ms=0.054
kiln_profile_full_attn_stage full_attn_layer=0 stage=q_transpose seq_len=1 start_pos=65 elapsed_ms=0.007
kiln_profile_full_attn_stage full_attn_layer=0 stage=kv_write seq_len=1 start_pos=65 elapsed_ms=0.008
kiln_profile_full_attn_stage full_attn_layer=0 stage=kv_read seq_len=1 start_pos=65 elapsed_ms=0.042
kiln_profile_full_attn_stage full_attn_layer=0 stage=decode_group_layout seq_len=1 start_pos=65 elapsed_ms=0.003
kiln_profile_full_attn_stage full_attn_layer=0 stage=decode_scores seq_len=1 start_pos=65 elapsed_ms=0.181
kiln_profile_full_attn_stage full_attn_layer=0 stage=decode_softmax seq_len=1 start_pos=65 elapsed_ms=0.013
kiln_profile_full_attn_stage full_attn_layer=0 stage=decode_weighted_sum seq_len=1 start_pos=65 elapsed_ms=0.044
kiln_profile_full_attn_stage full_attn_layer=0 stage=attn_gate seq_len=1 start_pos=65 elapsed_ms=0.014
kiln_profile_full_attn_stage full_attn_layer=0 stage=o_proj seq_len=1 start_pos=65 elapsed_ms=0.336
kiln_profile_mlp_stage layer=3 stage=fused seq_len=1 start_pos=65 elapsed_ms=1.047
kiln_profile_paged_layer layer=3 kind=full seq_len=1 start_pos=65 elapsed_ms=2.501
kiln_profile_gdn_stage layer=4 stage=in_proj seq_len=1 start_pos=65 elapsed_ms=0.760
kiln_profile_gdn_stage layer=4 stage=conv seq_len=1 start_pos=65 elapsed_ms=0.132
kiln_profile_gdn_stage layer=4 stage=qkv_split seq_len=1 start_pos=65 elapsed_ms=0.001
kiln_profile_gdn_stage layer=4 stage=qk_norm seq_len=1 start_pos=65 elapsed_ms=0.024
kiln_profile_gdn_stage layer=4 stage=gates seq_len=1 start_pos=65 elapsed_ms=0.266
kiln_profile_gdn_stage layer=4 stage=recurrent seq_len=1 start_pos=65 elapsed_ms=0.741
kiln_profile_gdn_stage layer=4 stage=post_transpose seq_len=1 start_pos=65 elapsed_ms=0.000
kiln_profile_gdn_stage layer=4 stage=gated_norm seq_len=1 start_pos=65 elapsed_ms=0.307
kiln_profile_gdn_stage layer=4 stage=out_proj seq_len=1 start_pos=65 elapsed_ms=0.491
kiln_profile_mlp_stage layer=4 stage=fused seq_len=1 start_pos=65 elapsed_ms=1.214
kiln_profile_paged_layer layer=4 kind=linear seq_len=1 start_pos=65 elapsed_ms=3.993
kiln_profile_gdn_stage layer=5 stage=in_proj seq_len=1 start_pos=65 elapsed_ms=0.780
kiln_profile_gdn_stage layer=5 stage=conv seq_len=1 start_pos=65 elapsed_ms=0.135
kiln_profile_gdn_stage layer=5 stage=qkv_split seq_len=1 start_pos=65 elapsed_ms=0.001
kiln_profile_gdn_stage layer=5 stage=qk_norm seq_len=1 start_pos=65 elapsed_ms=0.025
kiln_profile_gdn_stage layer=5 stage=gates seq_len=1 start_pos=65 elapsed_ms=0.283
kiln_profile_gdn_stage layer=5 stage=recurrent seq_len=1 start_pos=65 elapsed_ms=0.733
kiln_profile_gdn_stage layer=5 stage=post_transpose seq_len=1 start_pos=65 elapsed_ms=0.000
kiln_profile_gdn_stage layer=5 stage=gated_norm seq_len=1 start_pos=65 elapsed_ms=0.295
kiln_profile_gdn_stage layer=5 stage=out_proj seq_len=1 start_pos=65 elapsed_ms=0.352
kiln_profile_mlp_stage layer=5 stage=fused seq_len=1 start_pos=65 elapsed_ms=1.068
kiln_profile_paged_layer layer=5 kind=linear seq_len=1 start_pos=65 elapsed_ms=3.729
kiln_profile_gdn_stage layer=6 stage=in_proj seq_len=1 start_pos=65 elapsed_ms=0.771
kiln_profile_gdn_stage layer=6 stage=conv seq_len=1 start_pos=65 elapsed_ms=0.140
kiln_profile_gdn_stage layer=6 stage=qkv_split seq_len=1 start_pos=65 elapsed_ms=0.001
kiln_profile_gdn_stage layer=6 stage=qk_norm seq_len=1 start_pos=65 elapsed_ms=0.024
kiln_profile_gdn_stage layer=6 stage=gates seq_len=1 start_pos=65 elapsed_ms=0.338
kiln_profile_gdn_stage layer=6 stage=recurrent seq_len=1 start_pos=65 elapsed_ms=0.727
kiln_profile_gdn_stage layer=6 stage=post_transpose seq_len=1 start_pos=65 elapsed_ms=0.000
kiln_profile_gdn_stage layer=6 stage=gated_norm seq_len=1 start_pos=65 elapsed_ms=0.323
kiln_profile_gdn_stage layer=6 stage=out_proj seq_len=1 start_pos=65 elapsed_ms=0.318
kiln_profile_mlp_stage layer=6 stage=fused seq_len=1 start_pos=65 elapsed_ms=1.775
kiln_profile_paged_layer layer=6 kind=linear seq_len=1 start_pos=65 elapsed_ms=4.468
kiln_profile_full_attn_stage full_attn_layer=1 stage=qkv_proj seq_len=1 start_pos=65 elapsed_ms=0.744
kiln_profile_full_attn_stage full_attn_layer=1 stage=qkv_split seq_len=1 start_pos=65 elapsed_ms=0.006
kiln_profile_full_attn_stage full_attn_layer=1 stage=qk_norm seq_len=1 start_pos=65 elapsed_ms=0.024
kiln_profile_full_attn_stage full_attn_layer=1 stage=rope seq_len=1 start_pos=65 elapsed_ms=0.050
kiln_profile_full_attn_stage full_attn_layer=1 stage=q_transpose seq_len=1 start_pos=65 elapsed_ms=0.007
kiln_profile_full_attn_stage full_attn_layer=1 stage=kv_write seq_len=1 start_pos=65 elapsed_ms=0.007
kiln_profile_full_attn_stage full_attn_layer=1 stage=kv_read seq_len=1 start_pos=65 elapsed_ms=0.050
kiln_profile_full_attn_stage full_attn_layer=1 stage=decode_group_layout seq_len=1 start_pos=65 elapsed_ms=0.004
kiln_profile_full_attn_stage full_attn_layer=1 stage=decode_scores seq_len=1 start_pos=65 elapsed_ms=0.190
kiln_profile_full_attn_stage full_attn_layer=1 stage=decode_softmax seq_len=1 start_pos=65 elapsed_ms=0.014
kiln_profile_full_attn_stage full_attn_layer=1 stage=decode_weighted_sum seq_len=1 start_pos=65 elapsed_ms=0.044
kiln_profile_full_attn_stage full_attn_layer=1 stage=attn_gate seq_len=1 start_pos=65 elapsed_ms=0.018
kiln_profile_full_attn_stage full_attn_layer=1 stage=o_proj seq_len=1 start_pos=65 elapsed_ms=0.329
kiln_profile_mlp_stage layer=7 stage=fused seq_len=1 start_pos=65 elapsed_ms=1.252
kiln_profile_paged_layer layer=7 kind=full seq_len=1 start_pos=65 elapsed_ms=2.819
kiln_profile_gdn_stage layer=8 stage=in_proj seq_len=1 start_pos=65 elapsed_ms=0.810
kiln_profile_gdn_stage layer=8 stage=conv seq_len=1 start_pos=65 elapsed_ms=0.214
kiln_profile_gdn_stage layer=8 stage=qkv_split seq_len=1 start_pos=65 elapsed_ms=0.002
kiln_profile_gdn_stage layer=8 stage=qk_norm seq_len=1 start_pos=65 elapsed_ms=0.029
kiln_profile_gdn_stage layer=8 stage=gates seq_len=1 start_pos=65 elapsed_ms=0.329
kiln_profile_gdn_stage layer=8 stage=recurrent seq_len=1 start_pos=65 elapsed_ms=1.178
kiln_profile_gdn_stage layer=8 stage=post_transpose seq_len=1 start_pos=65 elapsed_ms=0.001
kiln_profile_gdn_stage layer=8 stage=gated_norm seq_len=1 start_pos=65 elapsed_ms=0.329
kiln_profile_gdn_stage layer=8 stage=out_proj seq_len=1 start_pos=65 elapsed_ms=0.355
kiln_profile_mlp_stage layer=8 stage=fused seq_len=1 start_pos=65 elapsed_ms=1.167
kiln_profile_paged_layer layer=8 kind=linear seq_len=1 start_pos=65 elapsed_ms=4.497
kiln_profile_gdn_stage layer=9 stage=in_proj seq_len=1 start_pos=65 elapsed_ms=0.806
kiln_profile_gdn_stage layer=9 stage=conv seq_len=1 start_pos=65 elapsed_ms=0.252
kiln_profile_gdn_stage layer=9 stage=qkv_split seq_len=1 start_pos=65 elapsed_ms=0.002
kiln_profile_gdn_stage layer=9 stage=qk_norm seq_len=1 start_pos=65 elapsed_ms=0.028
kiln_profile_gdn_stage layer=9 stage=gates seq_len=1 start_pos=65 elapsed_ms=0.406
kiln_profile_gdn_stage layer=9 stage=recurrent seq_len=1 start_pos=65 elapsed_ms=0.997
kiln_profile_gdn_stage layer=9 stage=post_transpose seq_len=1 start_pos=65 elapsed_ms=0.000
kiln_profile_gdn_stage layer=9 stage=gated_norm seq_len=1 start_pos=65 elapsed_ms=0.410
kiln_profile_gdn_stage layer=9 stage=out_proj seq_len=1 start_pos=65 elapsed_ms=0.345
kiln_profile_mlp_stage layer=9 stage=fused seq_len=1 start_pos=65 elapsed_ms=1.107
kiln_profile_paged_layer layer=9 kind=linear seq_len=1 start_pos=65 elapsed_ms=4.477
kiln_profile_gdn_stage layer=10 stage=in_proj seq_len=1 start_pos=65 elapsed_ms=0.832
kiln_profile_gdn_stage layer=10 stage=conv seq_len=1 start_pos=65 elapsed_ms=0.252
kiln_profile_gdn_stage layer=10 stage=qkv_split seq_len=1 start_pos=65 elapsed_ms=0.002
kiln_profile_gdn_stage layer=10 stage=qk_norm seq_len=1 start_pos=65 elapsed_ms=0.029
kiln_profile_gdn_stage layer=10 stage=gates seq_len=1 start_pos=65 elapsed_ms=0.417
kiln_profile_gdn_stage layer=10 stage=recurrent seq_len=1 start_pos=65 elapsed_ms=1.063
kiln_profile_gdn_stage layer=10 stage=post_transpose seq_len=1 start_pos=65 elapsed_ms=0.000
kiln_profile_gdn_stage layer=10 stage=gated_norm seq_len=1 start_pos=65 elapsed_ms=0.773
kiln_profile_gdn_stage layer=10 stage=out_proj seq_len=1 start_pos=65 elapsed_ms=0.337
kiln_profile_mlp_stage layer=10 stage=fused seq_len=1 start_pos=65 elapsed_ms=1.086
kiln_profile_paged_layer layer=10 kind=linear seq_len=1 start_pos=65 elapsed_ms=4.914
kiln_profile_full_attn_stage full_attn_layer=2 stage=qkv_proj seq_len=1 start_pos=65 elapsed_ms=0.619
kiln_profile_full_attn_stage full_attn_layer=2 stage=qkv_split seq_len=1 start_pos=65 elapsed_ms=0.012
kiln_profile_full_attn_stage full_attn_layer=2 stage=qk_norm seq_len=1 start_pos=65 elapsed_ms=0.043
kiln_profile_full_attn_stage full_attn_layer=2 stage=rope seq_len=1 start_pos=65 elapsed_ms=0.051
kiln_profile_full_attn_stage full_attn_layer=2 stage=q_transpose seq_len=1 start_pos=65 elapsed_ms=0.009
kiln_profile_full_attn_stage full_attn_layer=2 stage=kv_write seq_len=1 start_pos=65 elapsed_ms=0.007
kiln_profile_full_attn_stage full_attn_layer=2 stage=kv_read seq_len=1 start_pos=65 elapsed_ms=0.044
kiln_profile_full_attn_stage full_attn_layer=2 stage=decode_group_layout seq_len=1 start_pos=65 elapsed_ms=0.003
kiln_profile_full_attn_stage full_attn_layer=2 stage=decode_scores seq_len=1 start_pos=65 elapsed_ms=0.200
kiln_profile_full_attn_stage full_attn_layer=2 stage=decode_softmax seq_len=1 start_pos=65 elapsed_ms=0.017
kiln_profile_full_attn_stage full_attn_layer=2 stage=decode_weighted_sum seq_len=1 start_pos=65 elapsed_ms=0.053
kiln_profile_full_attn_stage full_attn_layer=2 stage=attn_gate seq_len=1 start_pos=65 elapsed_ms=0.014
kiln_profile_full_attn_stage full_attn_layer=2 stage=o_proj seq_len=1 start_pos=65 elapsed_ms=0.320
kiln_profile_mlp_stage layer=11 stage=fused seq_len=1 start_pos=65 elapsed_ms=1.053
kiln_profile_paged_layer layer=11 kind=full seq_len=1 start_pos=65 elapsed_ms=2.529
kiln_profile_gdn_stage layer=12 stage=in_proj seq_len=1 start_pos=65 elapsed_ms=0.775
kiln_profile_gdn_stage layer=12 stage=conv seq_len=1 start_pos=65 elapsed_ms=0.142
kiln_profile_gdn_stage layer=12 stage=qkv_split seq_len=1 start_pos=65 elapsed_ms=0.002
kiln_profile_gdn_stage layer=12 stage=qk_norm seq_len=1 start_pos=65 elapsed_ms=0.026
kiln_profile_gdn_stage layer=12 stage=gates seq_len=1 start_pos=65 elapsed_ms=0.280
kiln_profile_gdn_stage layer=12 stage=recurrent seq_len=1 start_pos=65 elapsed_ms=1.564
kiln_profile_gdn_stage layer=12 stage=post_transpose seq_len=1 start_pos=65 elapsed_ms=0.000
kiln_profile_gdn_stage layer=12 stage=gated_norm seq_len=1 start_pos=65 elapsed_ms=0.296
kiln_profile_gdn_stage layer=12 stage=out_proj seq_len=1 start_pos=65 elapsed_ms=0.338
kiln_profile_mlp_stage layer=12 stage=fused seq_len=1 start_pos=65 elapsed_ms=1.590
kiln_profile_paged_layer layer=12 kind=linear seq_len=1 start_pos=65 elapsed_ms=5.083
kiln_profile_gdn_stage layer=13 stage=in_proj seq_len=1 start_pos=65 elapsed_ms=0.726
kiln_profile_gdn_stage layer=13 stage=conv seq_len=1 start_pos=65 elapsed_ms=0.111
kiln_profile_gdn_stage layer=13 stage=qkv_split seq_len=1 start_pos=65 elapsed_ms=0.001
kiln_profile_gdn_stage layer=13 stage=qk_norm seq_len=1 start_pos=65 elapsed_ms=0.019
kiln_profile_gdn_stage layer=13 stage=gates seq_len=1 start_pos=65 elapsed_ms=0.199
kiln_profile_gdn_stage layer=13 stage=recurrent seq_len=1 start_pos=65 elapsed_ms=0.717
kiln_profile_gdn_stage layer=13 stage=post_transpose seq_len=1 start_pos=65 elapsed_ms=0.000
kiln_profile_gdn_stage layer=13 stage=gated_norm seq_len=1 start_pos=65 elapsed_ms=0.280
kiln_profile_gdn_stage layer=13 stage=out_proj seq_len=1 start_pos=65 elapsed_ms=0.352
kiln_profile_mlp_stage layer=13 stage=fused seq_len=1 start_pos=65 elapsed_ms=1.008
kiln_profile_paged_layer layer=13 kind=linear seq_len=1 start_pos=65 elapsed_ms=3.467
kiln_profile_gdn_stage layer=14 stage=in_proj seq_len=1 start_pos=65 elapsed_ms=0.716
kiln_profile_gdn_stage layer=14 stage=conv seq_len=1 start_pos=65 elapsed_ms=0.099
kiln_profile_gdn_stage layer=14 stage=qkv_split seq_len=1 start_pos=65 elapsed_ms=0.001
kiln_profile_gdn_stage layer=14 stage=qk_norm seq_len=1 start_pos=65 elapsed_ms=0.016
kiln_profile_gdn_stage layer=14 stage=gates seq_len=1 start_pos=65 elapsed_ms=0.210
kiln_profile_gdn_stage layer=14 stage=recurrent seq_len=1 start_pos=65 elapsed_ms=0.627
kiln_profile_gdn_stage layer=14 stage=post_transpose seq_len=1 start_pos=65 elapsed_ms=0.000
kiln_profile_gdn_stage layer=14 stage=gated_norm seq_len=1 start_pos=65 elapsed_ms=0.261
kiln_profile_gdn_stage layer=14 stage=out_proj seq_len=1 start_pos=65 elapsed_ms=0.334
kiln_profile_mlp_stage layer=14 stage=fused seq_len=1 start_pos=65 elapsed_ms=0.981
kiln_profile_paged_layer layer=14 kind=linear seq_len=1 start_pos=65 elapsed_ms=3.293
kiln_profile_full_attn_stage full_attn_layer=3 stage=qkv_proj seq_len=1 start_pos=65 elapsed_ms=0.617
kiln_profile_full_attn_stage full_attn_layer=3 stage=qkv_split seq_len=1 start_pos=65 elapsed_ms=0.005
kiln_profile_full_attn_stage full_attn_layer=3 stage=qk_norm seq_len=1 start_pos=65 elapsed_ms=0.019
kiln_profile_full_attn_stage full_attn_layer=3 stage=rope seq_len=1 start_pos=65 elapsed_ms=0.032
kiln_profile_full_attn_stage full_attn_layer=3 stage=q_transpose seq_len=1 start_pos=65 elapsed_ms=0.005
kiln_profile_full_attn_stage full_attn_layer=3 stage=kv_write seq_len=1 start_pos=65 elapsed_ms=0.004
kiln_profile_full_attn_stage full_attn_layer=3 stage=kv_read seq_len=1 start_pos=65 elapsed_ms=0.041
kiln_profile_full_attn_stage full_attn_layer=3 stage=decode_group_layout seq_len=1 start_pos=65 elapsed_ms=0.002
kiln_profile_full_attn_stage full_attn_layer=3 stage=decode_scores seq_len=1 start_pos=65 elapsed_ms=0.138
kiln_profile_full_attn_stage full_attn_layer=3 stage=decode_softmax seq_len=1 start_pos=65 elapsed_ms=0.011
kiln_profile_full_attn_stage full_attn_layer=3 stage=decode_weighted_sum seq_len=1 start_pos=65 elapsed_ms=0.036
kiln_profile_full_attn_stage full_attn_layer=3 stage=attn_gate seq_len=1 start_pos=65 elapsed_ms=0.010
kiln_profile_full_attn_stage full_attn_layer=3 stage=o_proj seq_len=1 start_pos=65 elapsed_ms=0.305
kiln_profile_mlp_stage layer=15 stage=fused seq_len=1 start_pos=65 elapsed_ms=0.963
kiln_profile_paged_layer layer=15 kind=full seq_len=1 start_pos=65 elapsed_ms=2.250
kiln_profile_gdn_stage layer=16 stage=in_proj seq_len=1 start_pos=65 elapsed_ms=0.722
kiln_profile_gdn_stage layer=16 stage=conv seq_len=1 start_pos=65 elapsed_ms=0.101
kiln_profile_gdn_stage layer=16 stage=qkv_split seq_len=1 start_pos=65 elapsed_ms=0.001
kiln_profile_gdn_stage layer=16 stage=qk_norm seq_len=1 start_pos=65 elapsed_ms=0.015
kiln_profile_gdn_stage layer=16 stage=gates seq_len=1 start_pos=65 elapsed_ms=0.183
kiln_profile_gdn_stage layer=16 stage=recurrent seq_len=1 start_pos=65 elapsed_ms=0.602
kiln_profile_gdn_stage layer=16 stage=post_transpose seq_len=1 start_pos=65 elapsed_ms=0.000
kiln_profile_gdn_stage layer=16 stage=gated_norm seq_len=1 start_pos=65 elapsed_ms=0.264
kiln_profile_gdn_stage layer=16 stage=out_proj seq_len=1 start_pos=65 elapsed_ms=0.335
kiln_profile_mlp_stage layer=16 stage=fused seq_len=1 start_pos=65 elapsed_ms=0.981
kiln_profile_paged_layer layer=16 kind=linear seq_len=1 start_pos=65 elapsed_ms=3.248
kiln_profile_gdn_stage layer=17 stage=in_proj seq_len=1 start_pos=65 elapsed_ms=0.765
kiln_profile_gdn_stage layer=17 stage=conv seq_len=1 start_pos=65 elapsed_ms=0.100
kiln_profile_gdn_stage layer=17 stage=qkv_split seq_len=1 start_pos=65 elapsed_ms=0.001
kiln_profile_gdn_stage layer=17 stage=qk_norm seq_len=1 start_pos=65 elapsed_ms=0.015
kiln_profile_gdn_stage layer=17 stage=gates seq_len=1 start_pos=65 elapsed_ms=0.191
kiln_profile_gdn_stage layer=17 stage=recurrent seq_len=1 start_pos=65 elapsed_ms=0.636
kiln_profile_gdn_stage layer=17 stage=post_transpose seq_len=1 start_pos=65 elapsed_ms=0.000
kiln_profile_gdn_stage layer=17 stage=gated_norm seq_len=1 start_pos=65 elapsed_ms=0.296
kiln_profile_gdn_stage layer=17 stage=out_proj seq_len=1 start_pos=65 elapsed_ms=0.338
kiln_profile_mlp_stage layer=17 stage=fused seq_len=1 start_pos=65 elapsed_ms=1.051
kiln_profile_paged_layer layer=17 kind=linear seq_len=1 start_pos=65 elapsed_ms=3.443
kiln_profile_gdn_stage layer=18 stage=in_proj seq_len=1 start_pos=65 elapsed_ms=0.747
kiln_profile_gdn_stage layer=18 stage=conv seq_len=1 start_pos=65 elapsed_ms=0.103
kiln_profile_gdn_stage layer=18 stage=qkv_split seq_len=1 start_pos=65 elapsed_ms=0.001
kiln_profile_gdn_stage layer=18 stage=qk_norm seq_len=1 start_pos=65 elapsed_ms=0.016
kiln_profile_gdn_stage layer=18 stage=gates seq_len=1 start_pos=65 elapsed_ms=0.215
kiln_profile_gdn_stage layer=18 stage=recurrent seq_len=1 start_pos=65 elapsed_ms=0.631
kiln_profile_gdn_stage layer=18 stage=post_transpose seq_len=1 start_pos=65 elapsed_ms=0.000
kiln_profile_gdn_stage layer=18 stage=gated_norm seq_len=1 start_pos=65 elapsed_ms=0.258
kiln_profile_gdn_stage layer=18 stage=out_proj seq_len=1 start_pos=65 elapsed_ms=0.463
kiln_profile_mlp_stage layer=18 stage=fused seq_len=1 start_pos=65 elapsed_ms=1.017
kiln_profile_paged_layer layer=18 kind=linear seq_len=1 start_pos=65 elapsed_ms=3.499
kiln_profile_full_attn_stage full_attn_layer=4 stage=qkv_proj seq_len=1 start_pos=65 elapsed_ms=0.615
kiln_profile_full_attn_stage full_attn_layer=4 stage=qkv_split seq_len=1 start_pos=65 elapsed_ms=0.005
kiln_profile_full_attn_stage full_attn_layer=4 stage=qk_norm seq_len=1 start_pos=65 elapsed_ms=0.019
kiln_profile_full_attn_stage full_attn_layer=4 stage=rope seq_len=1 start_pos=65 elapsed_ms=0.030
kiln_profile_full_attn_stage full_attn_layer=4 stage=q_transpose seq_len=1 start_pos=65 elapsed_ms=0.005
kiln_profile_full_attn_stage full_attn_layer=4 stage=kv_write seq_len=1 start_pos=65 elapsed_ms=0.005
kiln_profile_full_attn_stage full_attn_layer=4 stage=kv_read seq_len=1 start_pos=65 elapsed_ms=0.034
kiln_profile_full_attn_stage full_attn_layer=4 stage=decode_group_layout seq_len=1 start_pos=65 elapsed_ms=0.002
kiln_profile_full_attn_stage full_attn_layer=4 stage=decode_scores seq_len=1 start_pos=65 elapsed_ms=0.141
kiln_profile_full_attn_stage full_attn_layer=4 stage=decode_softmax seq_len=1 start_pos=65 elapsed_ms=0.010
kiln_profile_full_attn_stage full_attn_layer=4 stage=decode_weighted_sum seq_len=1 start_pos=65 elapsed_ms=0.035
kiln_profile_full_attn_stage full_attn_layer=4 stage=attn_gate seq_len=1 start_pos=65 elapsed_ms=0.010
kiln_profile_full_attn_stage full_attn_layer=4 stage=o_proj seq_len=1 start_pos=65 elapsed_ms=0.324
kiln_profile_mlp_stage layer=19 stage=fused seq_len=1 start_pos=65 elapsed_ms=0.949
kiln_profile_paged_layer layer=19 kind=full seq_len=1 start_pos=65 elapsed_ms=2.248
kiln_profile_gdn_stage layer=20 stage=in_proj seq_len=1 start_pos=65 elapsed_ms=0.732
kiln_profile_gdn_stage layer=20 stage=conv seq_len=1 start_pos=65 elapsed_ms=0.100
kiln_profile_gdn_stage layer=20 stage=qkv_split seq_len=1 start_pos=65 elapsed_ms=0.001
kiln_profile_gdn_stage layer=20 stage=qk_norm seq_len=1 start_pos=65 elapsed_ms=0.016
kiln_profile_gdn_stage layer=20 stage=gates seq_len=1 start_pos=65 elapsed_ms=0.188
kiln_profile_gdn_stage layer=20 stage=recurrent seq_len=1 start_pos=65 elapsed_ms=0.615
kiln_profile_gdn_stage layer=20 stage=post_transpose seq_len=1 start_pos=65 elapsed_ms=0.000
kiln_profile_gdn_stage layer=20 stage=gated_norm seq_len=1 start_pos=65 elapsed_ms=0.280
kiln_profile_gdn_stage layer=20 stage=out_proj seq_len=1 start_pos=65 elapsed_ms=0.336
kiln_profile_mlp_stage layer=20 stage=fused seq_len=1 start_pos=65 elapsed_ms=1.127
kiln_profile_paged_layer layer=20 kind=linear seq_len=1 start_pos=65 elapsed_ms=3.444
kiln_profile_gdn_stage layer=21 stage=in_proj seq_len=1 start_pos=65 elapsed_ms=0.730
kiln_profile_gdn_stage layer=21 stage=conv seq_len=1 start_pos=65 elapsed_ms=0.099
kiln_profile_gdn_stage layer=21 stage=qkv_split seq_len=1 start_pos=65 elapsed_ms=0.001
kiln_profile_gdn_stage layer=21 stage=qk_norm seq_len=1 start_pos=65 elapsed_ms=0.015
kiln_profile_gdn_stage layer=21 stage=gates seq_len=1 start_pos=65 elapsed_ms=0.186
kiln_profile_gdn_stage layer=21 stage=recurrent seq_len=1 start_pos=65 elapsed_ms=0.622
kiln_profile_gdn_stage layer=21 stage=post_transpose seq_len=1 start_pos=65 elapsed_ms=0.000
kiln_profile_gdn_stage layer=21 stage=gated_norm seq_len=1 start_pos=65 elapsed_ms=0.269
kiln_profile_gdn_stage layer=21 stage=out_proj seq_len=1 start_pos=65 elapsed_ms=0.325
kiln_profile_mlp_stage layer=21 stage=fused seq_len=1 start_pos=65 elapsed_ms=1.000
kiln_profile_paged_layer layer=21 kind=linear seq_len=1 start_pos=65 elapsed_ms=3.292
kiln_profile_gdn_stage layer=22 stage=in_proj seq_len=1 start_pos=65 elapsed_ms=0.729
kiln_profile_gdn_stage layer=22 stage=conv seq_len=1 start_pos=65 elapsed_ms=0.101
kiln_profile_gdn_stage layer=22 stage=qkv_split seq_len=1 start_pos=65 elapsed_ms=0.001
kiln_profile_gdn_stage layer=22 stage=qk_norm seq_len=1 start_pos=65 elapsed_ms=0.016
kiln_profile_gdn_stage layer=22 stage=gates seq_len=1 start_pos=65 elapsed_ms=0.182
kiln_profile_gdn_stage layer=22 stage=recurrent seq_len=1 start_pos=65 elapsed_ms=0.686
kiln_profile_gdn_stage layer=22 stage=post_transpose seq_len=1 start_pos=65 elapsed_ms=0.000
kiln_profile_gdn_stage layer=22 stage=gated_norm seq_len=1 start_pos=65 elapsed_ms=0.265
kiln_profile_gdn_stage layer=22 stage=out_proj seq_len=1 start_pos=65 elapsed_ms=0.332
kiln_profile_mlp_stage layer=22 stage=fused seq_len=1 start_pos=65 elapsed_ms=1.093
kiln_profile_paged_layer layer=22 kind=linear seq_len=1 start_pos=65 elapsed_ms=3.460
kiln_profile_full_attn_stage full_attn_layer=5 stage=qkv_proj seq_len=1 start_pos=65 elapsed_ms=0.677
kiln_profile_full_attn_stage full_attn_layer=5 stage=qkv_split seq_len=1 start_pos=65 elapsed_ms=0.005
kiln_profile_full_attn_stage full_attn_layer=5 stage=qk_norm seq_len=1 start_pos=65 elapsed_ms=0.023
kiln_profile_full_attn_stage full_attn_layer=5 stage=rope seq_len=1 start_pos=65 elapsed_ms=0.042
kiln_profile_full_attn_stage full_attn_layer=5 stage=q_transpose seq_len=1 start_pos=65 elapsed_ms=0.005
kiln_profile_full_attn_stage full_attn_layer=5 stage=kv_write seq_len=1 start_pos=65 elapsed_ms=0.006
kiln_profile_full_attn_stage full_attn_layer=5 stage=kv_read seq_len=1 start_pos=65 elapsed_ms=0.045
kiln_profile_full_attn_stage full_attn_layer=5 stage=decode_group_layout seq_len=1 start_pos=65 elapsed_ms=0.003
kiln_profile_full_attn_stage full_attn_layer=5 stage=decode_scores seq_len=1 start_pos=65 elapsed_ms=0.151
kiln_profile_full_attn_stage full_attn_layer=5 stage=decode_softmax seq_len=1 start_pos=65 elapsed_ms=0.012
kiln_profile_full_attn_stage full_attn_layer=5 stage=decode_weighted_sum seq_len=1 start_pos=65 elapsed_ms=0.036
kiln_profile_full_attn_stage full_attn_layer=5 stage=attn_gate seq_len=1 start_pos=65 elapsed_ms=0.014
kiln_profile_full_attn_stage full_attn_layer=5 stage=o_proj seq_len=1 start_pos=65 elapsed_ms=0.311
kiln_profile_mlp_stage layer=23 stage=fused seq_len=1 start_pos=65 elapsed_ms=1.044
kiln_profile_paged_layer layer=23 kind=full seq_len=1 start_pos=65 elapsed_ms=2.443
kiln_profile_gdn_stage layer=24 stage=in_proj seq_len=1 start_pos=65 elapsed_ms=0.728
kiln_profile_gdn_stage layer=24 stage=conv seq_len=1 start_pos=65 elapsed_ms=0.102
kiln_profile_gdn_stage layer=24 stage=qkv_split seq_len=1 start_pos=65 elapsed_ms=0.001
kiln_profile_gdn_stage layer=24 stage=qk_norm seq_len=1 start_pos=65 elapsed_ms=0.019
kiln_profile_gdn_stage layer=24 stage=gates seq_len=1 start_pos=65 elapsed_ms=0.256
kiln_profile_gdn_stage layer=24 stage=recurrent seq_len=1 start_pos=65 elapsed_ms=0.603
kiln_profile_gdn_stage layer=24 stage=post_transpose seq_len=1 start_pos=65 elapsed_ms=0.000
kiln_profile_gdn_stage layer=24 stage=gated_norm seq_len=1 start_pos=65 elapsed_ms=0.296
kiln_profile_gdn_stage layer=24 stage=out_proj seq_len=1 start_pos=65 elapsed_ms=0.324
kiln_profile_mlp_stage layer=24 stage=fused seq_len=1 start_pos=65 elapsed_ms=0.998
kiln_profile_paged_layer layer=24 kind=linear seq_len=1 start_pos=65 elapsed_ms=3.377
kiln_profile_gdn_stage layer=25 stage=in_proj seq_len=1 start_pos=65 elapsed_ms=0.717
kiln_profile_gdn_stage layer=25 stage=conv seq_len=1 start_pos=65 elapsed_ms=0.101
kiln_profile_gdn_stage layer=25 stage=qkv_split seq_len=1 start_pos=65 elapsed_ms=0.001
kiln_profile_gdn_stage layer=25 stage=qk_norm seq_len=1 start_pos=65 elapsed_ms=0.017
kiln_profile_gdn_stage layer=25 stage=gates seq_len=1 start_pos=65 elapsed_ms=0.223
kiln_profile_gdn_stage layer=25 stage=recurrent seq_len=1 start_pos=65 elapsed_ms=0.583
kiln_profile_gdn_stage layer=25 stage=post_transpose seq_len=1 start_pos=65 elapsed_ms=0.000
kiln_profile_gdn_stage layer=25 stage=gated_norm seq_len=1 start_pos=65 elapsed_ms=0.275
kiln_profile_gdn_stage layer=25 stage=out_proj seq_len=1 start_pos=65 elapsed_ms=0.341
kiln_profile_mlp_stage layer=25 stage=fused seq_len=1 start_pos=65 elapsed_ms=1.029
kiln_profile_paged_layer layer=25 kind=linear seq_len=1 start_pos=65 elapsed_ms=3.334
kiln_profile_gdn_stage layer=26 stage=in_proj seq_len=1 start_pos=65 elapsed_ms=0.746
kiln_profile_gdn_stage layer=26 stage=conv seq_len=1 start_pos=65 elapsed_ms=0.098
kiln_profile_gdn_stage layer=26 stage=qkv_split seq_len=1 start_pos=65 elapsed_ms=0.001
kiln_profile_gdn_stage layer=26 stage=qk_norm seq_len=1 start_pos=65 elapsed_ms=0.017
kiln_profile_gdn_stage layer=26 stage=gates seq_len=1 start_pos=65 elapsed_ms=0.217
kiln_profile_gdn_stage layer=26 stage=recurrent seq_len=1 start_pos=65 elapsed_ms=0.594
kiln_profile_gdn_stage layer=26 stage=post_transpose seq_len=1 start_pos=65 elapsed_ms=0.000
kiln_profile_gdn_stage layer=26 stage=gated_norm seq_len=1 start_pos=65 elapsed_ms=0.845
kiln_profile_gdn_stage layer=26 stage=out_proj seq_len=1 start_pos=65 elapsed_ms=0.342
kiln_profile_mlp_stage layer=26 stage=fused seq_len=1 start_pos=65 elapsed_ms=1.010
kiln_profile_paged_layer layer=26 kind=linear seq_len=1 start_pos=65 elapsed_ms=3.915
kiln_profile_full_attn_stage full_attn_layer=6 stage=qkv_proj seq_len=1 start_pos=65 elapsed_ms=0.627
kiln_profile_full_attn_stage full_attn_layer=6 stage=qkv_split seq_len=1 start_pos=65 elapsed_ms=0.004
kiln_profile_full_attn_stage full_attn_layer=6 stage=qk_norm seq_len=1 start_pos=65 elapsed_ms=0.028
kiln_profile_full_attn_stage full_attn_layer=6 stage=rope seq_len=1 start_pos=65 elapsed_ms=0.033
kiln_profile_full_attn_stage full_attn_layer=6 stage=q_transpose seq_len=1 start_pos=65 elapsed_ms=0.004
kiln_profile_full_attn_stage full_attn_layer=6 stage=kv_write seq_len=1 start_pos=65 elapsed_ms=0.005
kiln_profile_full_attn_stage full_attn_layer=6 stage=kv_read seq_len=1 start_pos=65 elapsed_ms=0.055
kiln_profile_full_attn_stage full_attn_layer=6 stage=decode_group_layout seq_len=1 start_pos=65 elapsed_ms=0.002
kiln_profile_full_attn_stage full_attn_layer=6 stage=decode_scores seq_len=1 start_pos=65 elapsed_ms=0.134
kiln_profile_full_attn_stage full_attn_layer=6 stage=decode_softmax seq_len=1 start_pos=65 elapsed_ms=0.012
kiln_profile_full_attn_stage full_attn_layer=6 stage=decode_weighted_sum seq_len=1 start_pos=65 elapsed_ms=0.036
kiln_profile_full_attn_stage full_attn_layer=6 stage=attn_gate seq_len=1 start_pos=65 elapsed_ms=0.013
kiln_profile_full_attn_stage full_attn_layer=6 stage=o_proj seq_len=1 start_pos=65 elapsed_ms=0.311
kiln_profile_mlp_stage layer=27 stage=fused seq_len=1 start_pos=65 elapsed_ms=1.073
kiln_profile_paged_layer layer=27 kind=full seq_len=1 start_pos=65 elapsed_ms=2.394
kiln_profile_gdn_stage layer=28 stage=in_proj seq_len=1 start_pos=65 elapsed_ms=0.801
kiln_profile_gdn_stage layer=28 stage=conv seq_len=1 start_pos=65 elapsed_ms=0.109
kiln_profile_gdn_stage layer=28 stage=qkv_split seq_len=1 start_pos=65 elapsed_ms=0.001
kiln_profile_gdn_stage layer=28 stage=qk_norm seq_len=1 start_pos=65 elapsed_ms=0.019
kiln_profile_gdn_stage layer=28 stage=gates seq_len=1 start_pos=65 elapsed_ms=0.277
kiln_profile_gdn_stage layer=28 stage=recurrent seq_len=1 start_pos=65 elapsed_ms=0.597
kiln_profile_gdn_stage layer=28 stage=post_transpose seq_len=1 start_pos=65 elapsed_ms=0.000
kiln_profile_gdn_stage layer=28 stage=gated_norm seq_len=1 start_pos=65 elapsed_ms=0.307
kiln_profile_gdn_stage layer=28 stage=out_proj seq_len=1 start_pos=65 elapsed_ms=0.358
kiln_profile_mlp_stage layer=28 stage=fused seq_len=1 start_pos=65 elapsed_ms=1.037
kiln_profile_paged_layer layer=28 kind=linear seq_len=1 start_pos=65 elapsed_ms=3.554
kiln_profile_gdn_stage layer=29 stage=in_proj seq_len=1 start_pos=65 elapsed_ms=0.730
kiln_profile_gdn_stage layer=29 stage=conv seq_len=1 start_pos=65 elapsed_ms=0.095
kiln_profile_gdn_stage layer=29 stage=qkv_split seq_len=1 start_pos=65 elapsed_ms=0.001
kiln_profile_gdn_stage layer=29 stage=qk_norm seq_len=1 start_pos=65 elapsed_ms=0.015
kiln_profile_gdn_stage layer=29 stage=gates seq_len=1 start_pos=65 elapsed_ms=0.223
kiln_profile_gdn_stage layer=29 stage=recurrent seq_len=1 start_pos=65 elapsed_ms=0.589
kiln_profile_gdn_stage layer=29 stage=post_transpose seq_len=1 start_pos=65 elapsed_ms=0.000
kiln_profile_gdn_stage layer=29 stage=gated_norm seq_len=1 start_pos=65 elapsed_ms=0.294
kiln_profile_gdn_stage layer=29 stage=out_proj seq_len=1 start_pos=65 elapsed_ms=0.340
kiln_profile_mlp_stage layer=29 stage=fused seq_len=1 start_pos=65 elapsed_ms=0.987
kiln_profile_paged_layer layer=29 kind=linear seq_len=1 start_pos=65 elapsed_ms=3.318
kiln_profile_gdn_stage layer=30 stage=in_proj seq_len=1 start_pos=65 elapsed_ms=0.719
kiln_profile_gdn_stage layer=30 stage=conv seq_len=1 start_pos=65 elapsed_ms=0.114
kiln_profile_gdn_stage layer=30 stage=qkv_split seq_len=1 start_pos=65 elapsed_ms=0.001
kiln_profile_gdn_stage layer=30 stage=qk_norm seq_len=1 start_pos=65 elapsed_ms=0.017
kiln_profile_gdn_stage layer=30 stage=gates seq_len=1 start_pos=65 elapsed_ms=0.214
kiln_profile_gdn_stage layer=30 stage=recurrent seq_len=1 start_pos=65 elapsed_ms=0.605
kiln_profile_gdn_stage layer=30 stage=post_transpose seq_len=1 start_pos=65 elapsed_ms=0.000
kiln_profile_gdn_stage layer=30 stage=gated_norm seq_len=1 start_pos=65 elapsed_ms=0.276
kiln_profile_gdn_stage layer=30 stage=out_proj seq_len=1 start_pos=65 elapsed_ms=0.323
kiln_profile_mlp_stage layer=30 stage=fused seq_len=1 start_pos=65 elapsed_ms=0.982
kiln_profile_paged_layer layer=30 kind=linear seq_len=1 start_pos=65 elapsed_ms=3.299
kiln_profile_full_attn_stage full_attn_layer=7 stage=qkv_proj seq_len=1 start_pos=65 elapsed_ms=0.615
kiln_profile_full_attn_stage full_attn_layer=7 stage=qkv_split seq_len=1 start_pos=65 elapsed_ms=0.005
kiln_profile_full_attn_stage full_attn_layer=7 stage=qk_norm seq_len=1 start_pos=65 elapsed_ms=0.030
kiln_profile_full_attn_stage full_attn_layer=7 stage=rope seq_len=1 start_pos=65 elapsed_ms=0.041
kiln_profile_full_attn_stage full_attn_layer=7 stage=q_transpose seq_len=1 start_pos=65 elapsed_ms=0.005
kiln_profile_full_attn_stage full_attn_layer=7 stage=kv_write seq_len=1 start_pos=65 elapsed_ms=0.006
kiln_profile_full_attn_stage full_attn_layer=7 stage=kv_read seq_len=1 start_pos=65 elapsed_ms=0.053
kiln_profile_full_attn_stage full_attn_layer=7 stage=decode_group_layout seq_len=1 start_pos=65 elapsed_ms=0.002
kiln_profile_full_attn_stage full_attn_layer=7 stage=decode_scores seq_len=1 start_pos=65 elapsed_ms=0.137
kiln_profile_full_attn_stage full_attn_layer=7 stage=decode_softmax seq_len=1 start_pos=65 elapsed_ms=0.009
kiln_profile_full_attn_stage full_attn_layer=7 stage=decode_weighted_sum seq_len=1 start_pos=65 elapsed_ms=0.034
kiln_profile_full_attn_stage full_attn_layer=7 stage=attn_gate seq_len=1 start_pos=65 elapsed_ms=0.009
kiln_profile_full_attn_stage full_attn_layer=7 stage=o_proj seq_len=1 start_pos=65 elapsed_ms=0.300
kiln_profile_mlp_stage layer=31 stage=fused seq_len=1 start_pos=65 elapsed_ms=1.193
kiln_profile_paged_layer layer=31 kind=full seq_len=1 start_pos=65 elapsed_ms=2.504
kiln_profile_gdn_stage layer=0 stage=in_proj seq_len=1 start_pos=66 elapsed_ms=0.689
kiln_profile_gdn_stage layer=0 stage=conv seq_len=1 start_pos=66 elapsed_ms=0.133
kiln_profile_gdn_stage layer=0 stage=qkv_split seq_len=1 start_pos=66 elapsed_ms=0.001
kiln_profile_gdn_stage layer=0 stage=qk_norm seq_len=1 start_pos=66 elapsed_ms=0.020
kiln_profile_gdn_stage layer=0 stage=gates seq_len=1 start_pos=66 elapsed_ms=0.238
kiln_profile_gdn_stage layer=0 stage=recurrent seq_len=1 start_pos=66 elapsed_ms=0.655
kiln_profile_gdn_stage layer=0 stage=post_transpose seq_len=1 start_pos=66 elapsed_ms=0.000
kiln_profile_gdn_stage layer=0 stage=gated_norm seq_len=1 start_pos=66 elapsed_ms=0.290
kiln_profile_gdn_stage layer=0 stage=out_proj seq_len=1 start_pos=66 elapsed_ms=0.365
kiln_profile_mlp_stage layer=0 stage=fused seq_len=1 start_pos=66 elapsed_ms=1.042
kiln_profile_paged_layer layer=0 kind=linear seq_len=1 start_pos=66 elapsed_ms=3.489
kiln_profile_gdn_stage layer=1 stage=in_proj seq_len=1 start_pos=66 elapsed_ms=0.742
kiln_profile_gdn_stage layer=1 stage=conv seq_len=1 start_pos=66 elapsed_ms=0.107
kiln_profile_gdn_stage layer=1 stage=qkv_split seq_len=1 start_pos=66 elapsed_ms=0.001
kiln_profile_gdn_stage layer=1 stage=qk_norm seq_len=1 start_pos=66 elapsed_ms=0.018
kiln_profile_gdn_stage layer=1 stage=gates seq_len=1 start_pos=66 elapsed_ms=0.220
kiln_profile_gdn_stage layer=1 stage=recurrent seq_len=1 start_pos=66 elapsed_ms=0.611
kiln_profile_gdn_stage layer=1 stage=post_transpose seq_len=1 start_pos=66 elapsed_ms=0.000
kiln_profile_gdn_stage layer=1 stage=gated_norm seq_len=1 start_pos=66 elapsed_ms=0.308
kiln_profile_gdn_stage layer=1 stage=out_proj seq_len=1 start_pos=66 elapsed_ms=0.325
kiln_profile_mlp_stage layer=1 stage=fused seq_len=1 start_pos=66 elapsed_ms=1.001
kiln_profile_paged_layer layer=1 kind=linear seq_len=1 start_pos=66 elapsed_ms=3.380
kiln_profile_gdn_stage layer=2 stage=in_proj seq_len=1 start_pos=66 elapsed_ms=0.785
kiln_profile_gdn_stage layer=2 stage=conv seq_len=1 start_pos=66 elapsed_ms=0.113
kiln_profile_gdn_stage layer=2 stage=qkv_split seq_len=1 start_pos=66 elapsed_ms=0.001
kiln_profile_gdn_stage layer=2 stage=qk_norm seq_len=1 start_pos=66 elapsed_ms=0.019
kiln_profile_gdn_stage layer=2 stage=gates seq_len=1 start_pos=66 elapsed_ms=0.254
kiln_profile_gdn_stage layer=2 stage=recurrent seq_len=1 start_pos=66 elapsed_ms=0.661
kiln_profile_gdn_stage layer=2 stage=post_transpose seq_len=1 start_pos=66 elapsed_ms=0.000
kiln_profile_gdn_stage layer=2 stage=gated_norm seq_len=1 start_pos=66 elapsed_ms=0.274
kiln_profile_gdn_stage layer=2 stage=out_proj seq_len=1 start_pos=66 elapsed_ms=0.324
kiln_profile_mlp_stage layer=2 stage=fused seq_len=1 start_pos=66 elapsed_ms=1.009
kiln_profile_paged_layer layer=2 kind=linear seq_len=1 start_pos=66 elapsed_ms=3.488
kiln_profile_full_attn_stage full_attn_layer=0 stage=qkv_proj seq_len=1 start_pos=66 elapsed_ms=0.622
kiln_profile_full_attn_stage full_attn_layer=0 stage=qkv_split seq_len=1 start_pos=66 elapsed_ms=0.005
kiln_profile_full_attn_stage full_attn_layer=0 stage=qk_norm seq_len=1 start_pos=66 elapsed_ms=0.022
kiln_profile_full_attn_stage full_attn_layer=0 stage=rope seq_len=1 start_pos=66 elapsed_ms=0.035
kiln_profile_full_attn_stage full_attn_layer=0 stage=q_transpose seq_len=1 start_pos=66 elapsed_ms=0.005
kiln_profile_full_attn_stage full_attn_layer=0 stage=kv_write seq_len=1 start_pos=66 elapsed_ms=0.005
kiln_profile_full_attn_stage full_attn_layer=0 stage=kv_read seq_len=1 start_pos=66 elapsed_ms=0.051
kiln_profile_full_attn_stage full_attn_layer=0 stage=decode_group_layout seq_len=1 start_pos=66 elapsed_ms=0.003
kiln_profile_full_attn_stage full_attn_layer=0 stage=decode_scores seq_len=1 start_pos=66 elapsed_ms=0.166
kiln_profile_full_attn_stage full_attn_layer=0 stage=decode_softmax seq_len=1 start_pos=66 elapsed_ms=0.011
kiln_profile_full_attn_stage full_attn_layer=0 stage=decode_weighted_sum seq_len=1 start_pos=66 elapsed_ms=0.044
kiln_profile_full_attn_stage full_attn_layer=0 stage=attn_gate seq_len=1 start_pos=66 elapsed_ms=0.016
kiln_profile_full_attn_stage full_attn_layer=0 stage=o_proj seq_len=1 start_pos=66 elapsed_ms=0.313
kiln_profile_mlp_stage layer=3 stage=fused seq_len=1 start_pos=66 elapsed_ms=1.017
kiln_profile_paged_layer layer=3 kind=full seq_len=1 start_pos=66 elapsed_ms=2.379
kiln_profile_gdn_stage layer=4 stage=in_proj seq_len=1 start_pos=66 elapsed_ms=0.733
kiln_profile_gdn_stage layer=4 stage=conv seq_len=1 start_pos=66 elapsed_ms=0.126
kiln_profile_gdn_stage layer=4 stage=qkv_split seq_len=1 start_pos=66 elapsed_ms=0.001
kiln_profile_gdn_stage layer=4 stage=qk_norm seq_len=1 start_pos=66 elapsed_ms=0.018
kiln_profile_gdn_stage layer=4 stage=gates seq_len=1 start_pos=66 elapsed_ms=0.263
kiln_profile_gdn_stage layer=4 stage=recurrent seq_len=1 start_pos=66 elapsed_ms=0.779
kiln_profile_gdn_stage layer=4 stage=post_transpose seq_len=1 start_pos=66 elapsed_ms=0.000
kiln_profile_gdn_stage layer=4 stage=gated_norm seq_len=1 start_pos=66 elapsed_ms=0.283
kiln_profile_gdn_stage layer=4 stage=out_proj seq_len=1 start_pos=66 elapsed_ms=0.325
kiln_profile_mlp_stage layer=4 stage=fused seq_len=1 start_pos=66 elapsed_ms=0.989
kiln_profile_paged_layer layer=4 kind=linear seq_len=1 start_pos=66 elapsed_ms=3.573
kiln_profile_gdn_stage layer=5 stage=in_proj seq_len=1 start_pos=66 elapsed_ms=0.743
kiln_profile_gdn_stage layer=5 stage=conv seq_len=1 start_pos=66 elapsed_ms=0.137
kiln_profile_gdn_stage layer=5 stage=qkv_split seq_len=1 start_pos=66 elapsed_ms=0.001
kiln_profile_gdn_stage layer=5 stage=qk_norm seq_len=1 start_pos=66 elapsed_ms=0.023
kiln_profile_gdn_stage layer=5 stage=gates seq_len=1 start_pos=66 elapsed_ms=0.241
kiln_profile_gdn_stage layer=5 stage=recurrent seq_len=1 start_pos=66 elapsed_ms=0.805
kiln_profile_gdn_stage layer=5 stage=post_transpose seq_len=1 start_pos=66 elapsed_ms=0.000
kiln_profile_gdn_stage layer=5 stage=gated_norm seq_len=1 start_pos=66 elapsed_ms=0.299
kiln_profile_gdn_stage layer=5 stage=out_proj seq_len=1 start_pos=66 elapsed_ms=0.325
kiln_profile_mlp_stage layer=5 stage=fused seq_len=1 start_pos=66 elapsed_ms=0.997
kiln_profile_paged_layer layer=5 kind=linear seq_len=1 start_pos=66 elapsed_ms=3.629
kiln_profile_gdn_stage layer=6 stage=in_proj seq_len=1 start_pos=66 elapsed_ms=0.718
kiln_profile_gdn_stage layer=6 stage=conv seq_len=1 start_pos=66 elapsed_ms=0.134
kiln_profile_gdn_stage layer=6 stage=qkv_split seq_len=1 start_pos=66 elapsed_ms=0.001
kiln_profile_gdn_stage layer=6 stage=qk_norm seq_len=1 start_pos=66 elapsed_ms=0.020
kiln_profile_gdn_stage layer=6 stage=gates seq_len=1 start_pos=66 elapsed_ms=0.246
kiln_profile_gdn_stage layer=6 stage=recurrent seq_len=1 start_pos=66 elapsed_ms=0.817
kiln_profile_gdn_stage layer=6 stage=post_transpose seq_len=1 start_pos=66 elapsed_ms=0.000
kiln_profile_gdn_stage layer=6 stage=gated_norm seq_len=1 start_pos=66 elapsed_ms=0.300
kiln_profile_gdn_stage layer=6 stage=out_proj seq_len=1 start_pos=66 elapsed_ms=0.390
kiln_profile_mlp_stage layer=6 stage=fused seq_len=1 start_pos=66 elapsed_ms=1.027
kiln_profile_paged_layer layer=6 kind=linear seq_len=1 start_pos=66 elapsed_ms=3.710
kiln_profile_full_attn_stage full_attn_layer=1 stage=qkv_proj seq_len=1 start_pos=66 elapsed_ms=0.668
kiln_profile_full_attn_stage full_attn_layer=1 stage=qkv_split seq_len=1 start_pos=66 elapsed_ms=0.005
kiln_profile_full_attn_stage full_attn_layer=1 stage=qk_norm seq_len=1 start_pos=66 elapsed_ms=0.034
kiln_profile_full_attn_stage full_attn_layer=1 stage=rope seq_len=1 start_pos=66 elapsed_ms=0.052
kiln_profile_full_attn_stage full_attn_layer=1 stage=q_transpose seq_len=1 start_pos=66 elapsed_ms=0.006
kiln_profile_full_attn_stage full_attn_layer=1 stage=kv_write seq_len=1 start_pos=66 elapsed_ms=0.005
kiln_profile_full_attn_stage full_attn_layer=1 stage=kv_read seq_len=1 start_pos=66 elapsed_ms=0.054
kiln_profile_full_attn_stage full_attn_layer=1 stage=decode_group_layout seq_len=1 start_pos=66 elapsed_ms=0.003
kiln_profile_full_attn_stage full_attn_layer=1 stage=decode_scores seq_len=1 start_pos=66 elapsed_ms=0.212
kiln_profile_full_attn_stage full_attn_layer=1 stage=decode_softmax seq_len=1 start_pos=66 elapsed_ms=0.014
kiln_profile_full_attn_stage full_attn_layer=1 stage=decode_weighted_sum seq_len=1 start_pos=66 elapsed_ms=0.057
kiln_profile_full_attn_stage full_attn_layer=1 stage=attn_gate seq_len=1 start_pos=66 elapsed_ms=0.017
kiln_profile_full_attn_stage full_attn_layer=1 stage=o_proj seq_len=1 start_pos=66 elapsed_ms=0.330
kiln_profile_mlp_stage layer=7 stage=fused seq_len=1 start_pos=66 elapsed_ms=1.114
kiln_profile_paged_layer layer=7 kind=full seq_len=1 start_pos=66 elapsed_ms=2.656
kiln_profile_gdn_stage layer=8 stage=in_proj seq_len=1 start_pos=66 elapsed_ms=0.783
kiln_profile_gdn_stage layer=8 stage=conv seq_len=1 start_pos=66 elapsed_ms=0.157
kiln_profile_gdn_stage layer=8 stage=qkv_split seq_len=1 start_pos=66 elapsed_ms=0.001
kiln_profile_gdn_stage layer=8 stage=qk_norm seq_len=1 start_pos=66 elapsed_ms=0.027
kiln_profile_gdn_stage layer=8 stage=gates seq_len=1 start_pos=66 elapsed_ms=0.292
kiln_profile_gdn_stage layer=8 stage=recurrent seq_len=1 start_pos=66 elapsed_ms=0.960
kiln_profile_gdn_stage layer=8 stage=post_transpose seq_len=1 start_pos=66 elapsed_ms=0.000
kiln_profile_gdn_stage layer=8 stage=gated_norm seq_len=1 start_pos=66 elapsed_ms=0.317
kiln_profile_gdn_stage layer=8 stage=out_proj seq_len=1 start_pos=66 elapsed_ms=0.352
kiln_profile_mlp_stage layer=8 stage=fused seq_len=1 start_pos=66 elapsed_ms=1.062
kiln_profile_paged_layer layer=8 kind=linear seq_len=1 start_pos=66 elapsed_ms=4.022
kiln_profile_gdn_stage layer=9 stage=in_proj seq_len=1 start_pos=66 elapsed_ms=0.910
kiln_profile_gdn_stage layer=9 stage=conv seq_len=1 start_pos=66 elapsed_ms=0.158
kiln_profile_gdn_stage layer=9 stage=qkv_split seq_len=1 start_pos=66 elapsed_ms=0.001
kiln_profile_gdn_stage layer=9 stage=qk_norm seq_len=1 start_pos=66 elapsed_ms=0.025
kiln_profile_gdn_stage layer=9 stage=gates seq_len=1 start_pos=66 elapsed_ms=0.356
kiln_profile_gdn_stage layer=9 stage=recurrent seq_len=1 start_pos=66 elapsed_ms=0.996
kiln_profile_gdn_stage layer=9 stage=post_transpose seq_len=1 start_pos=66 elapsed_ms=0.000
kiln_profile_gdn_stage layer=9 stage=gated_norm seq_len=1 start_pos=66 elapsed_ms=0.332
kiln_profile_gdn_stage layer=9 stage=out_proj seq_len=1 start_pos=66 elapsed_ms=0.428
kiln_profile_mlp_stage layer=9 stage=fused seq_len=1 start_pos=66 elapsed_ms=1.073
kiln_profile_paged_layer layer=9 kind=linear seq_len=1 start_pos=66 elapsed_ms=4.349
kiln_profile_gdn_stage layer=10 stage=in_proj seq_len=1 start_pos=66 elapsed_ms=0.729
kiln_profile_gdn_stage layer=10 stage=conv seq_len=1 start_pos=66 elapsed_ms=0.186
kiln_profile_gdn_stage layer=10 stage=qkv_split seq_len=1 start_pos=66 elapsed_ms=0.001
kiln_profile_gdn_stage layer=10 stage=qk_norm seq_len=1 start_pos=66 elapsed_ms=0.035
kiln_profile_gdn_stage layer=10 stage=gates seq_len=1 start_pos=66 elapsed_ms=0.291
kiln_profile_gdn_stage layer=10 stage=recurrent seq_len=1 start_pos=66 elapsed_ms=1.203
kiln_profile_gdn_stage layer=10 stage=post_transpose seq_len=1 start_pos=66 elapsed_ms=0.000
kiln_profile_gdn_stage layer=10 stage=gated_norm seq_len=1 start_pos=66 elapsed_ms=0.345
kiln_profile_gdn_stage layer=10 stage=out_proj seq_len=1 start_pos=66 elapsed_ms=0.332
kiln_profile_mlp_stage layer=10 stage=fused seq_len=1 start_pos=66 elapsed_ms=1.052
kiln_profile_paged_layer layer=10 kind=linear seq_len=1 start_pos=66 elapsed_ms=4.258
kiln_profile_full_attn_stage full_attn_layer=2 stage=qkv_proj seq_len=1 start_pos=66 elapsed_ms=0.646
kiln_profile_full_attn_stage full_attn_layer=2 stage=qkv_split seq_len=1 start_pos=66 elapsed_ms=0.006
kiln_profile_full_attn_stage full_attn_layer=2 stage=qk_norm seq_len=1 start_pos=66 elapsed_ms=0.034
kiln_profile_full_attn_stage full_attn_layer=2 stage=rope seq_len=1 start_pos=66 elapsed_ms=0.057
kiln_profile_full_attn_stage full_attn_layer=2 stage=q_transpose seq_len=1 start_pos=66 elapsed_ms=0.008
kiln_profile_full_attn_stage full_attn_layer=2 stage=kv_write seq_len=1 start_pos=66 elapsed_ms=0.006
kiln_profile_full_attn_stage full_attn_layer=2 stage=kv_read seq_len=1 start_pos=66 elapsed_ms=0.053
kiln_profile_full_attn_stage full_attn_layer=2 stage=decode_group_layout seq_len=1 start_pos=66 elapsed_ms=0.003
kiln_profile_full_attn_stage full_attn_layer=2 stage=decode_scores seq_len=1 start_pos=66 elapsed_ms=0.249
kiln_profile_full_attn_stage full_attn_layer=2 stage=decode_softmax seq_len=1 start_pos=66 elapsed_ms=0.015
kiln_profile_full_attn_stage full_attn_layer=2 stage=decode_weighted_sum seq_len=1 start_pos=66 elapsed_ms=0.070
kiln_profile_full_attn_stage full_attn_layer=2 stage=attn_gate seq_len=1 start_pos=66 elapsed_ms=0.017
kiln_profile_full_attn_stage full_attn_layer=2 stage=o_proj seq_len=1 start_pos=66 elapsed_ms=0.368
kiln_profile_mlp_stage layer=11 stage=fused seq_len=1 start_pos=66 elapsed_ms=1.040
kiln_profile_paged_layer layer=11 kind=full seq_len=1 start_pos=66 elapsed_ms=2.671
kiln_profile_gdn_stage layer=12 stage=in_proj seq_len=1 start_pos=66 elapsed_ms=0.764
kiln_profile_gdn_stage layer=12 stage=conv seq_len=1 start_pos=66 elapsed_ms=0.191
kiln_profile_gdn_stage layer=12 stage=qkv_split seq_len=1 start_pos=66 elapsed_ms=0.001
kiln_profile_gdn_stage layer=12 stage=qk_norm seq_len=1 start_pos=66 elapsed_ms=0.029
kiln_profile_gdn_stage layer=12 stage=gates seq_len=1 start_pos=66 elapsed_ms=0.300
kiln_profile_gdn_stage layer=12 stage=recurrent seq_len=1 start_pos=66 elapsed_ms=1.114
kiln_profile_gdn_stage layer=12 stage=post_transpose seq_len=1 start_pos=66 elapsed_ms=0.000
kiln_profile_gdn_stage layer=12 stage=gated_norm seq_len=1 start_pos=66 elapsed_ms=0.348
kiln_profile_gdn_stage layer=12 stage=out_proj seq_len=1 start_pos=66 elapsed_ms=0.349
kiln_profile_mlp_stage layer=12 stage=fused seq_len=1 start_pos=66 elapsed_ms=1.062
kiln_profile_paged_layer layer=12 kind=linear seq_len=1 start_pos=66 elapsed_ms=4.239
kiln_profile_gdn_stage layer=13 stage=in_proj seq_len=1 start_pos=66 elapsed_ms=0.733
kiln_profile_gdn_stage layer=13 stage=conv seq_len=1 start_pos=66 elapsed_ms=0.215
kiln_profile_gdn_stage layer=13 stage=qkv_split seq_len=1 start_pos=66 elapsed_ms=0.001
kiln_profile_gdn_stage layer=13 stage=qk_norm seq_len=1 start_pos=66 elapsed_ms=0.037
kiln_profile_gdn_stage layer=13 stage=gates seq_len=1 start_pos=66 elapsed_ms=0.342
kiln_profile_gdn_stage layer=13 stage=recurrent seq_len=1 start_pos=66 elapsed_ms=1.754
kiln_profile_gdn_stage layer=13 stage=post_transpose seq_len=1 start_pos=66 elapsed_ms=0.000
kiln_profile_gdn_stage layer=13 stage=gated_norm seq_len=1 start_pos=66 elapsed_ms=0.382
kiln_profile_gdn_stage layer=13 stage=out_proj seq_len=1 start_pos=66 elapsed_ms=0.914
kiln_profile_mlp_stage layer=13 stage=fused seq_len=1 start_pos=66 elapsed_ms=1.312
kiln_profile_paged_layer layer=13 kind=linear seq_len=1 start_pos=66 elapsed_ms=5.776
kiln_profile_gdn_stage layer=14 stage=in_proj seq_len=1 start_pos=66 elapsed_ms=1.562
kiln_profile_gdn_stage layer=14 stage=conv seq_len=1 start_pos=66 elapsed_ms=0.202
kiln_profile_gdn_stage layer=14 stage=qkv_split seq_len=1 start_pos=66 elapsed_ms=0.002
kiln_profile_gdn_stage layer=14 stage=qk_norm seq_len=1 start_pos=66 elapsed_ms=0.035
kiln_profile_gdn_stage layer=14 stage=gates seq_len=1 start_pos=66 elapsed_ms=0.306
kiln_profile_gdn_stage layer=14 stage=recurrent seq_len=1 start_pos=66 elapsed_ms=1.200
kiln_profile_gdn_stage layer=14 stage=post_transpose seq_len=1 start_pos=66 elapsed_ms=0.000
kiln_profile_gdn_stage layer=14 stage=gated_norm seq_len=1 start_pos=66 elapsed_ms=0.372
kiln_profile_gdn_stage layer=14 stage=out_proj seq_len=1 start_pos=66 elapsed_ms=0.471
kiln_profile_mlp_stage layer=14 stage=fused seq_len=1 start_pos=66 elapsed_ms=1.083
kiln_profile_paged_layer layer=14 kind=linear seq_len=1 start_pos=66 elapsed_ms=5.330
kiln_profile_full_attn_stage full_attn_layer=3 stage=qkv_proj seq_len=1 start_pos=66 elapsed_ms=0.680
kiln_profile_full_attn_stage full_attn_layer=3 stage=qkv_split seq_len=1 start_pos=66 elapsed_ms=0.007
kiln_profile_full_attn_stage full_attn_layer=3 stage=qk_norm seq_len=1 start_pos=66 elapsed_ms=0.039
kiln_profile_full_attn_stage full_attn_layer=3 stage=rope seq_len=1 start_pos=66 elapsed_ms=0.069
kiln_profile_full_attn_stage full_attn_layer=3 stage=q_transpose seq_len=1 start_pos=66 elapsed_ms=0.008
kiln_profile_full_attn_stage full_attn_layer=3 stage=kv_write seq_len=1 start_pos=66 elapsed_ms=0.007
kiln_profile_full_attn_stage full_attn_layer=3 stage=kv_read seq_len=1 start_pos=66 elapsed_ms=0.056
kiln_profile_full_attn_stage full_attn_layer=3 stage=decode_group_layout seq_len=1 start_pos=66 elapsed_ms=0.004
kiln_profile_full_attn_stage full_attn_layer=3 stage=decode_scores seq_len=1 start_pos=66 elapsed_ms=0.294
kiln_profile_full_attn_stage full_attn_layer=3 stage=decode_softmax seq_len=1 start_pos=66 elapsed_ms=0.018
kiln_profile_full_attn_stage full_attn_layer=3 stage=decode_weighted_sum seq_len=1 start_pos=66 elapsed_ms=0.075
kiln_profile_full_attn_stage full_attn_layer=3 stage=attn_gate seq_len=1 start_pos=66 elapsed_ms=0.020
kiln_profile_full_attn_stage full_attn_layer=3 stage=o_proj seq_len=1 start_pos=66 elapsed_ms=0.387
kiln_profile_mlp_stage layer=15 stage=fused seq_len=1 start_pos=66 elapsed_ms=1.091
kiln_profile_paged_layer layer=15 kind=full seq_len=1 start_pos=66 elapsed_ms=2.862
kiln_profile_gdn_stage layer=16 stage=in_proj seq_len=1 start_pos=66 elapsed_ms=0.833
kiln_profile_gdn_stage layer=16 stage=conv seq_len=1 start_pos=66 elapsed_ms=0.225
kiln_profile_gdn_stage layer=16 stage=qkv_split seq_len=1 start_pos=66 elapsed_ms=0.001
kiln_profile_gdn_stage layer=16 stage=qk_norm seq_len=1 start_pos=66 elapsed_ms=0.035
kiln_profile_gdn_stage layer=16 stage=gates seq_len=1 start_pos=66 elapsed_ms=0.329
kiln_profile_gdn_stage layer=16 stage=recurrent seq_len=1 start_pos=66 elapsed_ms=1.260
kiln_profile_gdn_stage layer=16 stage=post_transpose seq_len=1 start_pos=66 elapsed_ms=0.001
kiln_profile_gdn_stage layer=16 stage=gated_norm seq_len=1 start_pos=66 elapsed_ms=0.528
kiln_profile_gdn_stage layer=16 stage=out_proj seq_len=1 start_pos=66 elapsed_ms=0.331
kiln_profile_mlp_stage layer=16 stage=fused seq_len=1 start_pos=66 elapsed_ms=1.092
kiln_profile_paged_layer layer=16 kind=linear seq_len=1 start_pos=66 elapsed_ms=4.731
kiln_profile_gdn_stage layer=17 stage=in_proj seq_len=1 start_pos=66 elapsed_ms=0.769
kiln_profile_gdn_stage layer=17 stage=conv seq_len=1 start_pos=66 elapsed_ms=0.223
kiln_profile_gdn_stage layer=17 stage=qkv_split seq_len=1 start_pos=66 elapsed_ms=0.001
kiln_profile_gdn_stage layer=17 stage=qk_norm seq_len=1 start_pos=66 elapsed_ms=0.034
kiln_profile_gdn_stage layer=17 stage=gates seq_len=1 start_pos=66 elapsed_ms=0.307
kiln_profile_gdn_stage layer=17 stage=recurrent seq_len=1 start_pos=66 elapsed_ms=1.127
kiln_profile_gdn_stage layer=17 stage=post_transpose seq_len=1 start_pos=66 elapsed_ms=0.000
kiln_profile_gdn_stage layer=17 stage=gated_norm seq_len=1 start_pos=66 elapsed_ms=0.341
kiln_profile_gdn_stage layer=17 stage=out_proj seq_len=1 start_pos=66 elapsed_ms=0.356
kiln_profile_mlp_stage layer=17 stage=fused seq_len=1 start_pos=66 elapsed_ms=1.069
kiln_profile_paged_layer layer=17 kind=linear seq_len=1 start_pos=66 elapsed_ms=4.313
kiln_profile_gdn_stage layer=18 stage=in_proj seq_len=1 start_pos=66 elapsed_ms=0.807
kiln_profile_gdn_stage layer=18 stage=conv seq_len=1 start_pos=66 elapsed_ms=0.190
kiln_profile_gdn_stage layer=18 stage=qkv_split seq_len=1 start_pos=66 elapsed_ms=0.002
kiln_profile_gdn_stage layer=18 stage=qk_norm seq_len=1 start_pos=66 elapsed_ms=0.033
kiln_profile_gdn_stage layer=18 stage=gates seq_len=1 start_pos=66 elapsed_ms=0.312
kiln_profile_gdn_stage layer=18 stage=recurrent seq_len=1 start_pos=66 elapsed_ms=1.155
kiln_profile_gdn_stage layer=18 stage=post_transpose seq_len=1 start_pos=66 elapsed_ms=0.000
kiln_profile_gdn_stage layer=18 stage=gated_norm seq_len=1 start_pos=66 elapsed_ms=0.360
kiln_profile_gdn_stage layer=18 stage=out_proj seq_len=1 start_pos=66 elapsed_ms=0.340
kiln_profile_mlp_stage layer=18 stage=fused seq_len=1 start_pos=66 elapsed_ms=1.503
kiln_profile_paged_layer layer=18 kind=linear seq_len=1 start_pos=66 elapsed_ms=4.789
kiln_profile_full_attn_stage full_attn_layer=4 stage=qkv_proj seq_len=1 start_pos=66 elapsed_ms=0.659
kiln_profile_full_attn_stage full_attn_layer=4 stage=qkv_split seq_len=1 start_pos=66 elapsed_ms=0.008
kiln_profile_full_attn_stage full_attn_layer=4 stage=qk_norm seq_len=1 start_pos=66 elapsed_ms=0.044
kiln_profile_full_attn_stage full_attn_layer=4 stage=rope seq_len=1 start_pos=66 elapsed_ms=0.074
kiln_profile_full_attn_stage full_attn_layer=4 stage=q_transpose seq_len=1 start_pos=66 elapsed_ms=0.010
kiln_profile_full_attn_stage full_attn_layer=4 stage=kv_write seq_len=1 start_pos=66 elapsed_ms=0.009
kiln_profile_full_attn_stage full_attn_layer=4 stage=kv_read seq_len=1 start_pos=66 elapsed_ms=0.058
kiln_profile_full_attn_stage full_attn_layer=4 stage=decode_group_layout seq_len=1 start_pos=66 elapsed_ms=0.004
kiln_profile_full_attn_stage full_attn_layer=4 stage=decode_scores seq_len=1 start_pos=66 elapsed_ms=0.275
kiln_profile_full_attn_stage full_attn_layer=4 stage=decode_softmax seq_len=1 start_pos=66 elapsed_ms=0.019
kiln_profile_full_attn_stage full_attn_layer=4 stage=decode_weighted_sum seq_len=1 start_pos=66 elapsed_ms=0.073
kiln_profile_full_attn_stage full_attn_layer=4 stage=attn_gate seq_len=1 start_pos=66 elapsed_ms=0.026
kiln_profile_full_attn_stage full_attn_layer=4 stage=o_proj seq_len=1 start_pos=66 elapsed_ms=0.356
kiln_profile_mlp_stage layer=19 stage=fused seq_len=1 start_pos=66 elapsed_ms=1.155
kiln_profile_paged_layer layer=19 kind=full seq_len=1 start_pos=66 elapsed_ms=2.884
kiln_profile_gdn_stage layer=20 stage=in_proj seq_len=1 start_pos=66 elapsed_ms=0.811
kiln_profile_gdn_stage layer=20 stage=conv seq_len=1 start_pos=66 elapsed_ms=0.190
kiln_profile_gdn_stage layer=20 stage=qkv_split seq_len=1 start_pos=66 elapsed_ms=0.001
kiln_profile_gdn_stage layer=20 stage=qk_norm seq_len=1 start_pos=66 elapsed_ms=0.030
kiln_profile_gdn_stage layer=20 stage=gates seq_len=1 start_pos=66 elapsed_ms=0.317
kiln_profile_gdn_stage layer=20 stage=recurrent seq_len=1 start_pos=66 elapsed_ms=1.151
kiln_profile_gdn_stage layer=20 stage=post_transpose seq_len=1 start_pos=66 elapsed_ms=0.000
kiln_profile_gdn_stage layer=20 stage=gated_norm seq_len=1 start_pos=66 elapsed_ms=0.385
kiln_profile_gdn_stage layer=20 stage=out_proj seq_len=1 start_pos=66 elapsed_ms=0.336
kiln_profile_mlp_stage layer=20 stage=fused seq_len=1 start_pos=66 elapsed_ms=1.341
kiln_profile_paged_layer layer=20 kind=linear seq_len=1 start_pos=66 elapsed_ms=4.648
kiln_profile_gdn_stage layer=21 stage=in_proj seq_len=1 start_pos=66 elapsed_ms=0.793
kiln_profile_gdn_stage layer=21 stage=conv seq_len=1 start_pos=66 elapsed_ms=0.190
kiln_profile_gdn_stage layer=21 stage=qkv_split seq_len=1 start_pos=66 elapsed_ms=0.002
kiln_profile_gdn_stage layer=21 stage=qk_norm seq_len=1 start_pos=66 elapsed_ms=0.034
kiln_profile_gdn_stage layer=21 stage=gates seq_len=1 start_pos=66 elapsed_ms=0.327
kiln_profile_gdn_stage layer=21 stage=recurrent seq_len=1 start_pos=66 elapsed_ms=1.160
kiln_profile_gdn_stage layer=21 stage=post_transpose seq_len=1 start_pos=66 elapsed_ms=0.000
kiln_profile_gdn_stage layer=21 stage=gated_norm seq_len=1 start_pos=66 elapsed_ms=0.377
kiln_profile_gdn_stage layer=21 stage=out_proj seq_len=1 start_pos=66 elapsed_ms=0.469
kiln_profile_mlp_stage layer=21 stage=fused seq_len=1 start_pos=66 elapsed_ms=1.577
kiln_profile_paged_layer layer=21 kind=linear seq_len=1 start_pos=66 elapsed_ms=5.028
kiln_profile_gdn_stage layer=22 stage=in_proj seq_len=1 start_pos=66 elapsed_ms=0.765
kiln_profile_gdn_stage layer=22 stage=conv seq_len=1 start_pos=66 elapsed_ms=0.176
kiln_profile_gdn_stage layer=22 stage=qkv_split seq_len=1 start_pos=66 elapsed_ms=0.001
kiln_profile_gdn_stage layer=22 stage=qk_norm seq_len=1 start_pos=66 elapsed_ms=0.030
kiln_profile_gdn_stage layer=22 stage=gates seq_len=1 start_pos=66 elapsed_ms=0.303
kiln_profile_gdn_stage layer=22 stage=recurrent seq_len=1 start_pos=66 elapsed_ms=1.135
kiln_profile_gdn_stage layer=22 stage=post_transpose seq_len=1 start_pos=66 elapsed_ms=0.000
kiln_profile_gdn_stage layer=22 stage=gated_norm seq_len=1 start_pos=66 elapsed_ms=0.347
kiln_profile_gdn_stage layer=22 stage=out_proj seq_len=1 start_pos=66 elapsed_ms=0.366
kiln_profile_mlp_stage layer=22 stage=fused seq_len=1 start_pos=66 elapsed_ms=1.096
kiln_profile_paged_layer layer=22 kind=linear seq_len=1 start_pos=66 elapsed_ms=4.296
kiln_profile_full_attn_stage full_attn_layer=5 stage=qkv_proj seq_len=1 start_pos=66 elapsed_ms=0.671
kiln_profile_full_attn_stage full_attn_layer=5 stage=qkv_split seq_len=1 start_pos=66 elapsed_ms=0.007
kiln_profile_full_attn_stage full_attn_layer=5 stage=qk_norm seq_len=1 start_pos=66 elapsed_ms=0.034
kiln_profile_full_attn_stage full_attn_layer=5 stage=rope seq_len=1 start_pos=66 elapsed_ms=0.057
kiln_profile_full_attn_stage full_attn_layer=5 stage=q_transpose seq_len=1 start_pos=66 elapsed_ms=0.008
kiln_profile_full_attn_stage full_attn_layer=5 stage=kv_write seq_len=1 start_pos=66 elapsed_ms=0.007
kiln_profile_full_attn_stage full_attn_layer=5 stage=kv_read seq_len=1 start_pos=66 elapsed_ms=0.045
kiln_profile_full_attn_stage full_attn_layer=5 stage=decode_group_layout seq_len=1 start_pos=66 elapsed_ms=0.003
kiln_profile_full_attn_stage full_attn_layer=5 stage=decode_scores seq_len=1 start_pos=66 elapsed_ms=0.283
kiln_profile_full_attn_stage full_attn_layer=5 stage=decode_softmax seq_len=1 start_pos=66 elapsed_ms=0.019
kiln_profile_full_attn_stage full_attn_layer=5 stage=decode_weighted_sum seq_len=1 start_pos=66 elapsed_ms=0.067
kiln_profile_full_attn_stage full_attn_layer=5 stage=attn_gate seq_len=1 start_pos=66 elapsed_ms=0.017
kiln_profile_full_attn_stage full_attn_layer=5 stage=o_proj seq_len=1 start_pos=66 elapsed_ms=0.343
kiln_profile_mlp_stage layer=23 stage=fused seq_len=1 start_pos=66 elapsed_ms=1.123
kiln_profile_paged_layer layer=23 kind=full seq_len=1 start_pos=66 elapsed_ms=2.782
kiln_profile_gdn_stage layer=24 stage=in_proj seq_len=1 start_pos=66 elapsed_ms=0.811
kiln_profile_gdn_stage layer=24 stage=conv seq_len=1 start_pos=66 elapsed_ms=0.179
kiln_profile_gdn_stage layer=24 stage=qkv_split seq_len=1 start_pos=66 elapsed_ms=0.001
kiln_profile_gdn_stage layer=24 stage=qk_norm seq_len=1 start_pos=66 elapsed_ms=0.029
kiln_profile_gdn_stage layer=24 stage=gates seq_len=1 start_pos=66 elapsed_ms=0.321
kiln_profile_gdn_stage layer=24 stage=recurrent seq_len=1 start_pos=66 elapsed_ms=1.154
kiln_profile_gdn_stage layer=24 stage=post_transpose seq_len=1 start_pos=66 elapsed_ms=0.000
kiln_profile_gdn_stage layer=24 stage=gated_norm seq_len=1 start_pos=66 elapsed_ms=0.383
kiln_profile_gdn_stage layer=24 stage=out_proj seq_len=1 start_pos=66 elapsed_ms=0.398
kiln_profile_mlp_stage layer=24 stage=fused seq_len=1 start_pos=66 elapsed_ms=1.064
kiln_profile_paged_layer layer=24 kind=linear seq_len=1 start_pos=66 elapsed_ms=4.421
kiln_profile_gdn_stage layer=25 stage=in_proj seq_len=1 start_pos=66 elapsed_ms=0.806
kiln_profile_gdn_stage layer=25 stage=conv seq_len=1 start_pos=66 elapsed_ms=0.177
kiln_profile_gdn_stage layer=25 stage=qkv_split seq_len=1 start_pos=66 elapsed_ms=0.002
kiln_profile_gdn_stage layer=25 stage=qk_norm seq_len=1 start_pos=66 elapsed_ms=0.031
kiln_profile_gdn_stage layer=25 stage=gates seq_len=1 start_pos=66 elapsed_ms=0.303
kiln_profile_gdn_stage layer=25 stage=recurrent seq_len=1 start_pos=66 elapsed_ms=1.139
kiln_profile_gdn_stage layer=25 stage=post_transpose seq_len=1 start_pos=66 elapsed_ms=0.000
kiln_profile_gdn_stage layer=25 stage=gated_norm seq_len=1 start_pos=66 elapsed_ms=0.343
kiln_profile_gdn_stage layer=25 stage=out_proj seq_len=1 start_pos=66 elapsed_ms=0.383
kiln_profile_mlp_stage layer=25 stage=fused seq_len=1 start_pos=66 elapsed_ms=1.136
kiln_profile_paged_layer layer=25 kind=linear seq_len=1 start_pos=66 elapsed_ms=4.399
kiln_profile_gdn_stage layer=26 stage=in_proj seq_len=1 start_pos=66 elapsed_ms=0.786
kiln_profile_gdn_stage layer=26 stage=conv seq_len=1 start_pos=66 elapsed_ms=0.180
kiln_profile_gdn_stage layer=26 stage=qkv_split seq_len=1 start_pos=66 elapsed_ms=0.001
kiln_profile_gdn_stage layer=26 stage=qk_norm seq_len=1 start_pos=66 elapsed_ms=0.029
kiln_profile_gdn_stage layer=26 stage=gates seq_len=1 start_pos=66 elapsed_ms=0.292
kiln_profile_gdn_stage layer=26 stage=recurrent seq_len=1 start_pos=66 elapsed_ms=1.140
kiln_profile_gdn_stage layer=26 stage=post_transpose seq_len=1 start_pos=66 elapsed_ms=0.000
kiln_profile_gdn_stage layer=26 stage=gated_norm seq_len=1 start_pos=66 elapsed_ms=0.340
kiln_profile_gdn_stage layer=26 stage=out_proj seq_len=1 start_pos=66 elapsed_ms=0.355
kiln_profile_mlp_stage layer=26 stage=fused seq_len=1 start_pos=66 elapsed_ms=1.217
kiln_profile_paged_layer layer=26 kind=linear seq_len=1 start_pos=66 elapsed_ms=4.416
kiln_profile_full_attn_stage full_attn_layer=6 stage=qkv_proj seq_len=1 start_pos=66 elapsed_ms=0.652
kiln_profile_full_attn_stage full_attn_layer=6 stage=qkv_split seq_len=1 start_pos=66 elapsed_ms=0.007
kiln_profile_full_attn_stage full_attn_layer=6 stage=qk_norm seq_len=1 start_pos=66 elapsed_ms=0.031
kiln_profile_full_attn_stage full_attn_layer=6 stage=rope seq_len=1 start_pos=66 elapsed_ms=0.065
kiln_profile_full_attn_stage full_attn_layer=6 stage=q_transpose seq_len=1 start_pos=66 elapsed_ms=0.007
kiln_profile_full_attn_stage full_attn_layer=6 stage=kv_write seq_len=1 start_pos=66 elapsed_ms=0.006
kiln_profile_full_attn_stage full_attn_layer=6 stage=kv_read seq_len=1 start_pos=66 elapsed_ms=0.050
kiln_profile_full_attn_stage full_attn_layer=6 stage=decode_group_layout seq_len=1 start_pos=66 elapsed_ms=0.004
kiln_profile_full_attn_stage full_attn_layer=6 stage=decode_scores seq_len=1 start_pos=66 elapsed_ms=0.270
kiln_profile_full_attn_stage full_attn_layer=6 stage=decode_softmax seq_len=1 start_pos=66 elapsed_ms=0.016
kiln_profile_full_attn_stage full_attn_layer=6 stage=decode_weighted_sum seq_len=1 start_pos=66 elapsed_ms=0.070
kiln_profile_full_attn_stage full_attn_layer=6 stage=attn_gate seq_len=1 start_pos=66 elapsed_ms=0.022
kiln_profile_full_attn_stage full_attn_layer=6 stage=o_proj seq_len=1 start_pos=66 elapsed_ms=0.357
kiln_profile_mlp_stage layer=27 stage=fused seq_len=1 start_pos=66 elapsed_ms=1.108
kiln_profile_paged_layer layer=27 kind=full seq_len=1 start_pos=66 elapsed_ms=2.764
kiln_profile_gdn_stage layer=28 stage=in_proj seq_len=1 start_pos=66 elapsed_ms=0.946
kiln_profile_gdn_stage layer=28 stage=conv seq_len=1 start_pos=66 elapsed_ms=0.178
kiln_profile_gdn_stage layer=28 stage=qkv_split seq_len=1 start_pos=66 elapsed_ms=0.001
kiln_profile_gdn_stage layer=28 stage=qk_norm seq_len=1 start_pos=66 elapsed_ms=0.031
kiln_profile_gdn_stage layer=28 stage=gates seq_len=1 start_pos=66 elapsed_ms=0.302
kiln_profile_gdn_stage layer=28 stage=recurrent seq_len=1 start_pos=66 elapsed_ms=1.735
kiln_profile_gdn_stage layer=28 stage=post_transpose seq_len=1 start_pos=66 elapsed_ms=0.001
kiln_profile_gdn_stage layer=28 stage=gated_norm seq_len=1 start_pos=66 elapsed_ms=0.707
kiln_profile_gdn_stage layer=28 stage=out_proj seq_len=1 start_pos=66 elapsed_ms=0.372
kiln_profile_mlp_stage layer=28 stage=fused seq_len=1 start_pos=66 elapsed_ms=1.066
kiln_profile_paged_layer layer=28 kind=linear seq_len=1 start_pos=66 elapsed_ms=5.477
kiln_profile_gdn_stage layer=29 stage=in_proj seq_len=1 start_pos=66 elapsed_ms=0.788
kiln_profile_gdn_stage layer=29 stage=conv seq_len=1 start_pos=66 elapsed_ms=0.163
kiln_profile_gdn_stage layer=29 stage=qkv_split seq_len=1 start_pos=66 elapsed_ms=0.002
kiln_profile_gdn_stage layer=29 stage=qk_norm seq_len=1 start_pos=66 elapsed_ms=0.032
kiln_profile_gdn_stage layer=29 stage=gates seq_len=1 start_pos=66 elapsed_ms=0.280
kiln_profile_gdn_stage layer=29 stage=recurrent seq_len=1 start_pos=66 elapsed_ms=1.816
kiln_profile_gdn_stage layer=29 stage=post_transpose seq_len=1 start_pos=66 elapsed_ms=0.000
kiln_profile_gdn_stage layer=29 stage=gated_norm seq_len=1 start_pos=66 elapsed_ms=0.342
kiln_profile_gdn_stage layer=29 stage=out_proj seq_len=1 start_pos=66 elapsed_ms=0.791
kiln_profile_mlp_stage layer=29 stage=fused seq_len=1 start_pos=66 elapsed_ms=1.365
kiln_profile_paged_layer layer=29 kind=linear seq_len=1 start_pos=66 elapsed_ms=5.674
kiln_profile_gdn_stage layer=30 stage=in_proj seq_len=1 start_pos=66 elapsed_ms=0.724
kiln_profile_gdn_stage layer=30 stage=conv seq_len=1 start_pos=66 elapsed_ms=0.156
kiln_profile_gdn_stage layer=30 stage=qkv_split seq_len=1 start_pos=66 elapsed_ms=0.001
kiln_profile_gdn_stage layer=30 stage=qk_norm seq_len=1 start_pos=66 elapsed_ms=0.022
kiln_profile_gdn_stage layer=30 stage=gates seq_len=1 start_pos=66 elapsed_ms=0.254
kiln_profile_gdn_stage layer=30 stage=recurrent seq_len=1 start_pos=66 elapsed_ms=0.792
kiln_profile_gdn_stage layer=30 stage=post_transpose seq_len=1 start_pos=66 elapsed_ms=0.000
kiln_profile_gdn_stage layer=30 stage=gated_norm seq_len=1 start_pos=66 elapsed_ms=0.305
kiln_profile_gdn_stage layer=30 stage=out_proj seq_len=1 start_pos=66 elapsed_ms=0.316
kiln_profile_mlp_stage layer=30 stage=fused seq_len=1 start_pos=66 elapsed_ms=1.204
kiln_profile_paged_layer layer=30 kind=linear seq_len=1 start_pos=66 elapsed_ms=3.842
kiln_profile_full_attn_stage full_attn_layer=7 stage=qkv_proj seq_len=1 start_pos=66 elapsed_ms=0.738
kiln_profile_full_attn_stage full_attn_layer=7 stage=qkv_split seq_len=1 start_pos=66 elapsed_ms=0.010
kiln_profile_full_attn_stage full_attn_layer=7 stage=qk_norm seq_len=1 start_pos=66 elapsed_ms=0.024
kiln_profile_full_attn_stage full_attn_layer=7 stage=rope seq_len=1 start_pos=66 elapsed_ms=0.050
kiln_profile_full_attn_stage full_attn_layer=7 stage=q_transpose seq_len=1 start_pos=66 elapsed_ms=0.007
kiln_profile_full_attn_stage full_attn_layer=7 stage=kv_write seq_len=1 start_pos=66 elapsed_ms=0.008
kiln_profile_full_attn_stage full_attn_layer=7 stage=kv_read seq_len=1 start_pos=66 elapsed_ms=0.079
kiln_profile_full_attn_stage full_attn_layer=7 stage=decode_group_layout seq_len=1 start_pos=66 elapsed_ms=0.004
kiln_profile_full_attn_stage full_attn_layer=7 stage=decode_scores seq_len=1 start_pos=66 elapsed_ms=0.303
kiln_profile_full_attn_stage full_attn_layer=7 stage=decode_softmax seq_len=1 start_pos=66 elapsed_ms=0.015
kiln_profile_full_attn_stage full_attn_layer=7 stage=decode_weighted_sum seq_len=1 start_pos=66 elapsed_ms=0.058
kiln_profile_full_attn_stage full_attn_layer=7 stage=attn_gate seq_len=1 start_pos=66 elapsed_ms=0.022
kiln_profile_full_attn_stage full_attn_layer=7 stage=o_proj seq_len=1 start_pos=66 elapsed_ms=0.306
kiln_profile_mlp_stage layer=31 stage=fused seq_len=1 start_pos=66 elapsed_ms=0.996
kiln_profile_paged_layer layer=31 kind=full seq_len=1 start_pos=66 elapsed_ms=2.701
kiln_profile_gdn_stage layer=0 stage=in_proj seq_len=1 start_pos=67 elapsed_ms=0.694
kiln_profile_gdn_stage layer=0 stage=conv seq_len=1 start_pos=67 elapsed_ms=0.172
kiln_profile_gdn_stage layer=0 stage=qkv_split seq_len=1 start_pos=67 elapsed_ms=0.002
kiln_profile_gdn_stage layer=0 stage=qk_norm seq_len=1 start_pos=67 elapsed_ms=0.024
kiln_profile_gdn_stage layer=0 stage=gates seq_len=1 start_pos=67 elapsed_ms=0.261
kiln_profile_gdn_stage layer=0 stage=recurrent seq_len=1 start_pos=67 elapsed_ms=0.825
kiln_profile_gdn_stage layer=0 stage=post_transpose seq_len=1 start_pos=67 elapsed_ms=0.000
kiln_profile_gdn_stage layer=0 stage=gated_norm seq_len=1 start_pos=67 elapsed_ms=0.320
kiln_profile_gdn_stage layer=0 stage=out_proj seq_len=1 start_pos=67 elapsed_ms=0.322
kiln_profile_mlp_stage layer=0 stage=fused seq_len=1 start_pos=67 elapsed_ms=0.968
kiln_profile_paged_layer layer=0 kind=linear seq_len=1 start_pos=67 elapsed_ms=3.657
kiln_profile_gdn_stage layer=1 stage=in_proj seq_len=1 start_pos=67 elapsed_ms=0.766
kiln_profile_gdn_stage layer=1 stage=conv seq_len=1 start_pos=67 elapsed_ms=0.163
kiln_profile_gdn_stage layer=1 stage=qkv_split seq_len=1 start_pos=67 elapsed_ms=0.001
kiln_profile_gdn_stage layer=1 stage=qk_norm seq_len=1 start_pos=67 elapsed_ms=0.023
kiln_profile_gdn_stage layer=1 stage=gates seq_len=1 start_pos=67 elapsed_ms=0.278
kiln_profile_gdn_stage layer=1 stage=recurrent seq_len=1 start_pos=67 elapsed_ms=0.800
kiln_profile_gdn_stage layer=1 stage=post_transpose seq_len=1 start_pos=67 elapsed_ms=0.000
kiln_profile_gdn_stage layer=1 stage=gated_norm seq_len=1 start_pos=67 elapsed_ms=1.125
kiln_profile_gdn_stage layer=1 stage=out_proj seq_len=1 start_pos=67 elapsed_ms=0.313
kiln_profile_mlp_stage layer=1 stage=fused seq_len=1 start_pos=67 elapsed_ms=1.566
kiln_profile_paged_layer layer=1 kind=linear seq_len=1 start_pos=67 elapsed_ms=5.106
kiln_profile_gdn_stage layer=2 stage=in_proj seq_len=1 start_pos=67 elapsed_ms=0.732
kiln_profile_gdn_stage layer=2 stage=conv seq_len=1 start_pos=67 elapsed_ms=0.158
kiln_profile_gdn_stage layer=2 stage=qkv_split seq_len=1 start_pos=67 elapsed_ms=0.002
kiln_profile_gdn_stage layer=2 stage=qk_norm seq_len=1 start_pos=67 elapsed_ms=0.022
kiln_profile_gdn_stage layer=2 stage=gates seq_len=1 start_pos=67 elapsed_ms=0.288
kiln_profile_gdn_stage layer=2 stage=recurrent seq_len=1 start_pos=67 elapsed_ms=0.858
kiln_profile_gdn_stage layer=2 stage=post_transpose seq_len=1 start_pos=67 elapsed_ms=0.000
kiln_profile_gdn_stage layer=2 stage=gated_norm seq_len=1 start_pos=67 elapsed_ms=0.323
kiln_profile_gdn_stage layer=2 stage=out_proj seq_len=1 start_pos=67 elapsed_ms=0.341
kiln_profile_mlp_stage layer=2 stage=fused seq_len=1 start_pos=67 elapsed_ms=1.037
kiln_profile_paged_layer layer=2 kind=linear seq_len=1 start_pos=67 elapsed_ms=3.831
kiln_profile_full_attn_stage full_attn_layer=0 stage=qkv_proj seq_len=1 start_pos=67 elapsed_ms=0.605
kiln_profile_full_attn_stage full_attn_layer=0 stage=qkv_split seq_len=1 start_pos=67 elapsed_ms=0.008
kiln_profile_full_attn_stage full_attn_layer=0 stage=qk_norm seq_len=1 start_pos=67 elapsed_ms=0.029
kiln_profile_full_attn_stage full_attn_layer=0 stage=rope seq_len=1 start_pos=67 elapsed_ms=0.068
kiln_profile_full_attn_stage full_attn_layer=0 stage=q_transpose seq_len=1 start_pos=67 elapsed_ms=0.005
kiln_profile_full_attn_stage full_attn_layer=0 stage=kv_write seq_len=1 start_pos=67 elapsed_ms=0.006
kiln_profile_full_attn_stage full_attn_layer=0 stage=kv_read seq_len=1 start_pos=67 elapsed_ms=0.048
kiln_profile_full_attn_stage full_attn_layer=0 stage=decode_group_layout seq_len=1 start_pos=67 elapsed_ms=0.003
kiln_profile_full_attn_stage full_attn_layer=0 stage=decode_scores seq_len=1 start_pos=67 elapsed_ms=0.184
kiln_profile_full_attn_stage full_attn_layer=0 stage=decode_softmax seq_len=1 start_pos=67 elapsed_ms=0.014
kiln_profile_full_attn_stage full_attn_layer=0 stage=decode_weighted_sum seq_len=1 start_pos=67 elapsed_ms=0.048
kiln_profile_full_attn_stage full_attn_layer=0 stage=attn_gate seq_len=1 start_pos=67 elapsed_ms=0.019
kiln_profile_full_attn_stage full_attn_layer=0 stage=o_proj seq_len=1 start_pos=67 elapsed_ms=0.341
kiln_profile_mlp_stage layer=3 stage=fused seq_len=1 start_pos=67 elapsed_ms=1.041
kiln_profile_paged_layer layer=3 kind=full seq_len=1 start_pos=67 elapsed_ms=2.519
kiln_profile_gdn_stage layer=4 stage=in_proj seq_len=1 start_pos=67 elapsed_ms=0.736
kiln_profile_gdn_stage layer=4 stage=conv seq_len=1 start_pos=67 elapsed_ms=0.179
kiln_profile_gdn_stage layer=4 stage=qkv_split seq_len=1 start_pos=67 elapsed_ms=0.002
kiln_profile_gdn_stage layer=4 stage=qk_norm seq_len=1 start_pos=67 elapsed_ms=0.028
kiln_profile_gdn_stage layer=4 stage=gates seq_len=1 start_pos=67 elapsed_ms=0.299
kiln_profile_gdn_stage layer=4 stage=recurrent seq_len=1 start_pos=67 elapsed_ms=0.855
kiln_profile_gdn_stage layer=4 stage=post_transpose seq_len=1 start_pos=67 elapsed_ms=0.000
kiln_profile_gdn_stage layer=4 stage=gated_norm seq_len=1 start_pos=67 elapsed_ms=0.376
kiln_profile_gdn_stage layer=4 stage=out_proj seq_len=1 start_pos=67 elapsed_ms=0.473
kiln_profile_mlp_stage layer=4 stage=fused seq_len=1 start_pos=67 elapsed_ms=1.195
kiln_profile_paged_layer layer=4 kind=linear seq_len=1 start_pos=67 elapsed_ms=4.241
kiln_profile_gdn_stage layer=5 stage=in_proj seq_len=1 start_pos=67 elapsed_ms=0.830
kiln_profile_gdn_stage layer=5 stage=conv seq_len=1 start_pos=67 elapsed_ms=0.232
kiln_profile_gdn_stage layer=5 stage=qkv_split seq_len=1 start_pos=67 elapsed_ms=0.002
kiln_profile_gdn_stage layer=5 stage=qk_norm seq_len=1 start_pos=67 elapsed_ms=0.033
kiln_profile_gdn_stage layer=5 stage=gates seq_len=1 start_pos=67 elapsed_ms=0.371
kiln_profile_gdn_stage layer=5 stage=recurrent seq_len=1 start_pos=67 elapsed_ms=0.806
kiln_profile_gdn_stage layer=5 stage=post_transpose seq_len=1 start_pos=67 elapsed_ms=0.000
kiln_profile_gdn_stage layer=5 stage=gated_norm seq_len=1 start_pos=67 elapsed_ms=0.340
kiln_profile_gdn_stage layer=5 stage=out_proj seq_len=1 start_pos=67 elapsed_ms=0.332
kiln_profile_mlp_stage layer=5 stage=fused seq_len=1 start_pos=67 elapsed_ms=1.045
kiln_profile_paged_layer layer=5 kind=linear seq_len=1 start_pos=67 elapsed_ms=4.126
kiln_profile_gdn_stage layer=6 stage=in_proj seq_len=1 start_pos=67 elapsed_ms=0.719
kiln_profile_gdn_stage layer=6 stage=conv seq_len=1 start_pos=67 elapsed_ms=0.156
kiln_profile_gdn_stage layer=6 stage=qkv_split seq_len=1 start_pos=67 elapsed_ms=0.001
kiln_profile_gdn_stage layer=6 stage=qk_norm seq_len=1 start_pos=67 elapsed_ms=0.024
kiln_profile_gdn_stage layer=6 stage=gates seq_len=1 start_pos=67 elapsed_ms=0.286
kiln_profile_gdn_stage layer=6 stage=recurrent seq_len=1 start_pos=67 elapsed_ms=0.792
kiln_profile_gdn_stage layer=6 stage=post_transpose seq_len=1 start_pos=67 elapsed_ms=0.000
kiln_profile_gdn_stage layer=6 stage=gated_norm seq_len=1 start_pos=67 elapsed_ms=0.300
kiln_profile_gdn_stage layer=6 stage=out_proj seq_len=1 start_pos=67 elapsed_ms=0.330
kiln_profile_mlp_stage layer=6 stage=fused seq_len=1 start_pos=67 elapsed_ms=1.027
kiln_profile_paged_layer layer=6 kind=linear seq_len=1 start_pos=67 elapsed_ms=3.697
kiln_profile_full_attn_stage full_attn_layer=1 stage=qkv_proj seq_len=1 start_pos=67 elapsed_ms=0.604
kiln_profile_full_attn_stage full_attn_layer=1 stage=qkv_split seq_len=1 start_pos=67 elapsed_ms=0.008
kiln_profile_full_attn_stage full_attn_layer=1 stage=qk_norm seq_len=1 start_pos=67 elapsed_ms=0.027
kiln_profile_full_attn_stage full_attn_layer=1 stage=rope seq_len=1 start_pos=67 elapsed_ms=0.053
kiln_profile_full_attn_stage full_attn_layer=1 stage=q_transpose seq_len=1 start_pos=67 elapsed_ms=0.006
kiln_profile_full_attn_stage full_attn_layer=1 stage=kv_write seq_len=1 start_pos=67 elapsed_ms=0.008
kiln_profile_full_attn_stage full_attn_layer=1 stage=kv_read seq_len=1 start_pos=67 elapsed_ms=0.049
kiln_profile_full_attn_stage full_attn_layer=1 stage=decode_group_layout seq_len=1 start_pos=67 elapsed_ms=0.004
kiln_profile_full_attn_stage full_attn_layer=1 stage=decode_scores seq_len=1 start_pos=67 elapsed_ms=0.180
kiln_profile_full_attn_stage full_attn_layer=1 stage=decode_softmax seq_len=1 start_pos=67 elapsed_ms=0.013
kiln_profile_full_attn_stage full_attn_layer=1 stage=decode_weighted_sum seq_len=1 start_pos=67 elapsed_ms=0.048
kiln_profile_full_attn_stage full_attn_layer=1 stage=attn_gate seq_len=1 start_pos=67 elapsed_ms=0.014
kiln_profile_full_attn_stage full_attn_layer=1 stage=o_proj seq_len=1 start_pos=67 elapsed_ms=0.341
kiln_profile_mlp_stage layer=7 stage=fused seq_len=1 start_pos=67 elapsed_ms=1.058
kiln_profile_paged_layer layer=7 kind=full seq_len=1 start_pos=67 elapsed_ms=2.495
kiln_profile_gdn_stage layer=8 stage=in_proj seq_len=1 start_pos=67 elapsed_ms=0.784
kiln_profile_gdn_stage layer=8 stage=conv seq_len=1 start_pos=67 elapsed_ms=0.171
kiln_profile_gdn_stage layer=8 stage=qkv_split seq_len=1 start_pos=67 elapsed_ms=0.001
kiln_profile_gdn_stage layer=8 stage=qk_norm seq_len=1 start_pos=67 elapsed_ms=0.023
kiln_profile_gdn_stage layer=8 stage=gates seq_len=1 start_pos=67 elapsed_ms=0.261
kiln_profile_gdn_stage layer=8 stage=recurrent seq_len=1 start_pos=67 elapsed_ms=0.854
kiln_profile_gdn_stage layer=8 stage=post_transpose seq_len=1 start_pos=67 elapsed_ms=0.000
kiln_profile_gdn_stage layer=8 stage=gated_norm seq_len=1 start_pos=67 elapsed_ms=0.410
kiln_profile_gdn_stage layer=8 stage=out_proj seq_len=1 start_pos=67 elapsed_ms=0.344
kiln_profile_mlp_stage layer=8 stage=fused seq_len=1 start_pos=67 elapsed_ms=1.123
kiln_profile_paged_layer layer=8 kind=linear seq_len=1 start_pos=67 elapsed_ms=4.064
kiln_profile_gdn_stage layer=9 stage=in_proj seq_len=1 start_pos=67 elapsed_ms=0.792
kiln_profile_gdn_stage layer=9 stage=conv seq_len=1 start_pos=67 elapsed_ms=0.192
kiln_profile_gdn_stage layer=9 stage=qkv_split seq_len=1 start_pos=67 elapsed_ms=0.001
kiln_profile_gdn_stage layer=9 stage=qk_norm seq_len=1 start_pos=67 elapsed_ms=0.022
kiln_profile_gdn_stage layer=9 stage=gates seq_len=1 start_pos=67 elapsed_ms=0.340
kiln_profile_gdn_stage layer=9 stage=recurrent seq_len=1 start_pos=67 elapsed_ms=0.817
kiln_profile_gdn_stage layer=9 stage=post_transpose seq_len=1 start_pos=67 elapsed_ms=0.000
kiln_profile_gdn_stage layer=9 stage=gated_norm seq_len=1 start_pos=67 elapsed_ms=0.333
kiln_profile_gdn_stage layer=9 stage=out_proj seq_len=1 start_pos=67 elapsed_ms=0.356
kiln_profile_mlp_stage layer=9 stage=fused seq_len=1 start_pos=67 elapsed_ms=1.100
kiln_profile_paged_layer layer=9 kind=linear seq_len=1 start_pos=67 elapsed_ms=4.022
kiln_profile_gdn_stage layer=10 stage=in_proj seq_len=1 start_pos=67 elapsed_ms=0.747
kiln_profile_gdn_stage layer=10 stage=conv seq_len=1 start_pos=67 elapsed_ms=0.166
kiln_profile_gdn_stage layer=10 stage=qkv_split seq_len=1 start_pos=67 elapsed_ms=0.001
kiln_profile_gdn_stage layer=10 stage=qk_norm seq_len=1 start_pos=67 elapsed_ms=0.021
kiln_profile_gdn_stage layer=10 stage=gates seq_len=1 start_pos=67 elapsed_ms=0.404
kiln_profile_gdn_stage layer=10 stage=recurrent seq_len=1 start_pos=67 elapsed_ms=0.802
kiln_profile_gdn_stage layer=10 stage=post_transpose seq_len=1 start_pos=67 elapsed_ms=0.000
kiln_profile_gdn_stage layer=10 stage=gated_norm seq_len=1 start_pos=67 elapsed_ms=0.333
kiln_profile_gdn_stage layer=10 stage=out_proj seq_len=1 start_pos=67 elapsed_ms=0.341
kiln_profile_mlp_stage layer=10 stage=fused seq_len=1 start_pos=67 elapsed_ms=1.146
kiln_profile_paged_layer layer=10 kind=linear seq_len=1 start_pos=67 elapsed_ms=4.029
kiln_profile_full_attn_stage full_attn_layer=2 stage=qkv_proj seq_len=1 start_pos=67 elapsed_ms=0.652
kiln_profile_full_attn_stage full_attn_layer=2 stage=qkv_split seq_len=1 start_pos=67 elapsed_ms=0.007
kiln_profile_full_attn_stage full_attn_layer=2 stage=qk_norm seq_len=1 start_pos=67 elapsed_ms=0.027
kiln_profile_full_attn_stage full_attn_layer=2 stage=rope seq_len=1 start_pos=67 elapsed_ms=0.053
kiln_profile_full_attn_stage full_attn_layer=2 stage=q_transpose seq_len=1 start_pos=67 elapsed_ms=0.007
kiln_profile_full_attn_stage full_attn_layer=2 stage=kv_write seq_len=1 start_pos=67 elapsed_ms=0.007
kiln_profile_full_attn_stage full_attn_layer=2 stage=kv_read seq_len=1 start_pos=67 elapsed_ms=0.047
kiln_profile_full_attn_stage full_attn_layer=2 stage=decode_group_layout seq_len=1 start_pos=67 elapsed_ms=0.003
kiln_profile_full_attn_stage full_attn_layer=2 stage=decode_scores seq_len=1 start_pos=67 elapsed_ms=0.202
kiln_profile_full_attn_stage full_attn_layer=2 stage=decode_softmax seq_len=1 start_pos=67 elapsed_ms=0.013
kiln_profile_full_attn_stage full_attn_layer=2 stage=decode_weighted_sum seq_len=1 start_pos=67 elapsed_ms=0.046
kiln_profile_full_attn_stage full_attn_layer=2 stage=attn_gate seq_len=1 start_pos=67 elapsed_ms=0.013
kiln_profile_full_attn_stage full_attn_layer=2 stage=o_proj seq_len=1 start_pos=67 elapsed_ms=0.330
kiln_profile_mlp_stage layer=11 stage=fused seq_len=1 start_pos=67 elapsed_ms=1.105
kiln_profile_paged_layer layer=11 kind=full seq_len=1 start_pos=67 elapsed_ms=2.596
kiln_profile_gdn_stage layer=12 stage=in_proj seq_len=1 start_pos=67 elapsed_ms=0.771
kiln_profile_gdn_stage layer=12 stage=conv seq_len=1 start_pos=67 elapsed_ms=0.186
kiln_profile_gdn_stage layer=12 stage=qkv_split seq_len=1 start_pos=67 elapsed_ms=0.001
kiln_profile_gdn_stage layer=12 stage=qk_norm seq_len=1 start_pos=67 elapsed_ms=0.020
kiln_profile_gdn_stage layer=12 stage=gates seq_len=1 start_pos=67 elapsed_ms=0.302
kiln_profile_gdn_stage layer=12 stage=recurrent seq_len=1 start_pos=67 elapsed_ms=0.805
kiln_profile_gdn_stage layer=12 stage=post_transpose seq_len=1 start_pos=67 elapsed_ms=0.000
kiln_profile_gdn_stage layer=12 stage=gated_norm seq_len=1 start_pos=67 elapsed_ms=0.331
kiln_profile_gdn_stage layer=12 stage=out_proj seq_len=1 start_pos=67 elapsed_ms=0.339
kiln_profile_mlp_stage layer=12 stage=fused seq_len=1 start_pos=67 elapsed_ms=1.080
kiln_profile_paged_layer layer=12 kind=linear seq_len=1 start_pos=67 elapsed_ms=3.914
kiln_profile_gdn_stage layer=13 stage=in_proj seq_len=1 start_pos=67 elapsed_ms=0.727
kiln_profile_gdn_stage layer=13 stage=conv seq_len=1 start_pos=67 elapsed_ms=0.184
kiln_profile_gdn_stage layer=13 stage=qkv_split seq_len=1 start_pos=67 elapsed_ms=0.001
kiln_profile_gdn_stage layer=13 stage=qk_norm seq_len=1 start_pos=67 elapsed_ms=0.022
kiln_profile_gdn_stage layer=13 stage=gates seq_len=1 start_pos=67 elapsed_ms=0.303
kiln_profile_gdn_stage layer=13 stage=recurrent seq_len=1 start_pos=67 elapsed_ms=0.833
kiln_profile_gdn_stage layer=13 stage=post_transpose seq_len=1 start_pos=67 elapsed_ms=0.000
kiln_profile_gdn_stage layer=13 stage=gated_norm seq_len=1 start_pos=67 elapsed_ms=0.312
kiln_profile_gdn_stage layer=13 stage=out_proj seq_len=1 start_pos=67 elapsed_ms=0.341
kiln_profile_mlp_stage layer=13 stage=fused seq_len=1 start_pos=67 elapsed_ms=1.053
kiln_profile_paged_layer layer=13 kind=linear seq_len=1 start_pos=67 elapsed_ms=3.866
kiln_profile_gdn_stage layer=14 stage=in_proj seq_len=1 start_pos=67 elapsed_ms=0.746
kiln_profile_gdn_stage layer=14 stage=conv seq_len=1 start_pos=67 elapsed_ms=0.170
kiln_profile_gdn_stage layer=14 stage=qkv_split seq_len=1 start_pos=67 elapsed_ms=0.001
kiln_profile_gdn_stage layer=14 stage=qk_norm seq_len=1 start_pos=67 elapsed_ms=0.023
kiln_profile_gdn_stage layer=14 stage=gates seq_len=1 start_pos=67 elapsed_ms=0.314
kiln_profile_gdn_stage layer=14 stage=recurrent seq_len=1 start_pos=67 elapsed_ms=0.769
kiln_profile_gdn_stage layer=14 stage=post_transpose seq_len=1 start_pos=67 elapsed_ms=0.000
kiln_profile_gdn_stage layer=14 stage=gated_norm seq_len=1 start_pos=67 elapsed_ms=0.641
kiln_profile_gdn_stage layer=14 stage=out_proj seq_len=1 start_pos=67 elapsed_ms=0.346
kiln_profile_mlp_stage layer=14 stage=fused seq_len=1 start_pos=67 elapsed_ms=1.112
kiln_profile_paged_layer layer=14 kind=linear seq_len=1 start_pos=67 elapsed_ms=4.221
kiln_profile_full_attn_stage full_attn_layer=3 stage=qkv_proj seq_len=1 start_pos=67 elapsed_ms=0.648
kiln_profile_full_attn_stage full_attn_layer=3 stage=qkv_split seq_len=1 start_pos=67 elapsed_ms=0.009
kiln_profile_full_attn_stage full_attn_layer=3 stage=qk_norm seq_len=1 start_pos=67 elapsed_ms=0.032
kiln_profile_full_attn_stage full_attn_layer=3 stage=rope seq_len=1 start_pos=67 elapsed_ms=0.055
kiln_profile_full_attn_stage full_attn_layer=3 stage=q_transpose seq_len=1 start_pos=67 elapsed_ms=0.008
kiln_profile_full_attn_stage full_attn_layer=3 stage=kv_write seq_len=1 start_pos=67 elapsed_ms=0.007
kiln_profile_full_attn_stage full_attn_layer=3 stage=kv_read seq_len=1 start_pos=67 elapsed_ms=0.058
kiln_profile_full_attn_stage full_attn_layer=3 stage=decode_group_layout seq_len=1 start_pos=67 elapsed_ms=0.004
kiln_profile_full_attn_stage full_attn_layer=3 stage=decode_scores seq_len=1 start_pos=67 elapsed_ms=0.223
kiln_profile_full_attn_stage full_attn_layer=3 stage=decode_softmax seq_len=1 start_pos=67 elapsed_ms=0.019
kiln_profile_full_attn_stage full_attn_layer=3 stage=decode_weighted_sum seq_len=1 start_pos=67 elapsed_ms=0.054
kiln_profile_full_attn_stage full_attn_layer=3 stage=attn_gate seq_len=1 start_pos=67 elapsed_ms=0.020
kiln_profile_full_attn_stage full_attn_layer=3 stage=o_proj seq_len=1 start_pos=67 elapsed_ms=0.431
kiln_profile_mlp_stage layer=15 stage=fused seq_len=1 start_pos=67 elapsed_ms=1.212
kiln_profile_paged_layer layer=15 kind=full seq_len=1 start_pos=67 elapsed_ms=2.878
kiln_profile_gdn_stage layer=16 stage=in_proj seq_len=1 start_pos=67 elapsed_ms=0.773
kiln_profile_gdn_stage layer=16 stage=conv seq_len=1 start_pos=67 elapsed_ms=0.221
kiln_profile_gdn_stage layer=16 stage=qkv_split seq_len=1 start_pos=67 elapsed_ms=0.001
kiln_profile_gdn_stage layer=16 stage=qk_norm seq_len=1 start_pos=67 elapsed_ms=0.029
kiln_profile_gdn_stage layer=16 stage=gates seq_len=1 start_pos=67 elapsed_ms=0.341
kiln_profile_gdn_stage layer=16 stage=recurrent seq_len=1 start_pos=67 elapsed_ms=1.024
kiln_profile_gdn_stage layer=16 stage=post_transpose seq_len=1 start_pos=67 elapsed_ms=0.000
kiln_profile_gdn_stage layer=16 stage=gated_norm seq_len=1 start_pos=67 elapsed_ms=0.388
kiln_profile_gdn_stage layer=16 stage=out_proj seq_len=1 start_pos=67 elapsed_ms=0.356
kiln_profile_mlp_stage layer=16 stage=fused seq_len=1 start_pos=67 elapsed_ms=1.068
kiln_profile_paged_layer layer=16 kind=linear seq_len=1 start_pos=67 elapsed_ms=4.286
kiln_profile_gdn_stage layer=17 stage=in_proj seq_len=1 start_pos=67 elapsed_ms=0.780
kiln_profile_gdn_stage layer=17 stage=conv seq_len=1 start_pos=67 elapsed_ms=0.218
kiln_profile_gdn_stage layer=17 stage=qkv_split seq_len=1 start_pos=67 elapsed_ms=0.002
kiln_profile_gdn_stage layer=17 stage=qk_norm seq_len=1 start_pos=67 elapsed_ms=0.029
kiln_profile_gdn_stage layer=17 stage=gates seq_len=1 start_pos=67 elapsed_ms=0.321
kiln_profile_gdn_stage layer=17 stage=recurrent seq_len=1 start_pos=67 elapsed_ms=1.069
kiln_profile_gdn_stage layer=17 stage=post_transpose seq_len=1 start_pos=67 elapsed_ms=0.000
kiln_profile_gdn_stage layer=17 stage=gated_norm seq_len=1 start_pos=67 elapsed_ms=0.509
kiln_profile_gdn_stage layer=17 stage=out_proj seq_len=1 start_pos=67 elapsed_ms=0.348
kiln_profile_mlp_stage layer=17 stage=fused seq_len=1 start_pos=67 elapsed_ms=1.143
kiln_profile_paged_layer layer=17 kind=linear seq_len=1 start_pos=67 elapsed_ms=4.536
kiln_profile_gdn_stage layer=18 stage=in_proj seq_len=1 start_pos=67 elapsed_ms=0.816
kiln_profile_gdn_stage layer=18 stage=conv seq_len=1 start_pos=67 elapsed_ms=0.148
kiln_profile_gdn_stage layer=18 stage=qkv_split seq_len=1 start_pos=67 elapsed_ms=0.001
kiln_profile_gdn_stage layer=18 stage=qk_norm seq_len=1 start_pos=67 elapsed_ms=0.029
kiln_profile_gdn_stage layer=18 stage=gates seq_len=1 start_pos=67 elapsed_ms=0.251
kiln_profile_gdn_stage layer=18 stage=recurrent seq_len=1 start_pos=67 elapsed_ms=1.585
kiln_profile_gdn_stage layer=18 stage=post_transpose seq_len=1 start_pos=67 elapsed_ms=0.000
kiln_profile_gdn_stage layer=18 stage=gated_norm seq_len=1 start_pos=67 elapsed_ms=0.520
kiln_profile_gdn_stage layer=18 stage=out_proj seq_len=1 start_pos=67 elapsed_ms=0.732
kiln_profile_mlp_stage layer=18 stage=fused seq_len=1 start_pos=67 elapsed_ms=1.001
kiln_profile_paged_layer layer=18 kind=linear seq_len=1 start_pos=67 elapsed_ms=5.141
kiln_profile_full_attn_stage full_attn_layer=4 stage=qkv_proj seq_len=1 start_pos=67 elapsed_ms=0.609
kiln_profile_full_attn_stage full_attn_layer=4 stage=qkv_split seq_len=1 start_pos=67 elapsed_ms=0.005
kiln_profile_full_attn_stage full_attn_layer=4 stage=qk_norm seq_len=1 start_pos=67 elapsed_ms=0.026
kiln_profile_full_attn_stage full_attn_layer=4 stage=rope seq_len=1 start_pos=67 elapsed_ms=0.034
kiln_profile_full_attn_stage full_attn_layer=4 stage=q_transpose seq_len=1 start_pos=67 elapsed_ms=0.004
kiln_profile_full_attn_stage full_attn_layer=4 stage=kv_write seq_len=1 start_pos=67 elapsed_ms=0.005
kiln_profile_full_attn_stage full_attn_layer=4 stage=kv_read seq_len=1 start_pos=67 elapsed_ms=0.040
kiln_profile_full_attn_stage full_attn_layer=4 stage=decode_group_layout seq_len=1 start_pos=67 elapsed_ms=0.002
kiln_profile_full_attn_stage full_attn_layer=4 stage=decode_scores seq_len=1 start_pos=67 elapsed_ms=0.173
kiln_profile_full_attn_stage full_attn_layer=4 stage=decode_softmax seq_len=1 start_pos=67 elapsed_ms=0.011
kiln_profile_full_attn_stage full_attn_layer=4 stage=decode_weighted_sum seq_len=1 start_pos=67 elapsed_ms=0.035
kiln_profile_full_attn_stage full_attn_layer=4 stage=attn_gate seq_len=1 start_pos=67 elapsed_ms=0.015
kiln_profile_full_attn_stage full_attn_layer=4 stage=o_proj seq_len=1 start_pos=67 elapsed_ms=0.308
kiln_profile_mlp_stage layer=19 stage=fused seq_len=1 start_pos=67 elapsed_ms=0.985
kiln_profile_paged_layer layer=19 kind=full seq_len=1 start_pos=67 elapsed_ms=2.307
kiln_profile_gdn_stage layer=20 stage=in_proj seq_len=1 start_pos=67 elapsed_ms=0.736
kiln_profile_gdn_stage layer=20 stage=conv seq_len=1 start_pos=67 elapsed_ms=0.097
kiln_profile_gdn_stage layer=20 stage=qkv_split seq_len=1 start_pos=67 elapsed_ms=0.001
kiln_profile_gdn_stage layer=20 stage=qk_norm seq_len=1 start_pos=67 elapsed_ms=0.019
kiln_profile_gdn_stage layer=20 stage=gates seq_len=1 start_pos=67 elapsed_ms=0.203
kiln_profile_gdn_stage layer=20 stage=recurrent seq_len=1 start_pos=67 elapsed_ms=0.618
kiln_profile_gdn_stage layer=20 stage=post_transpose seq_len=1 start_pos=67 elapsed_ms=0.000
kiln_profile_gdn_stage layer=20 stage=gated_norm seq_len=1 start_pos=67 elapsed_ms=0.277
kiln_profile_gdn_stage layer=20 stage=out_proj seq_len=1 start_pos=67 elapsed_ms=0.336
kiln_profile_mlp_stage layer=20 stage=fused seq_len=1 start_pos=67 elapsed_ms=0.999
kiln_profile_paged_layer layer=20 kind=linear seq_len=1 start_pos=67 elapsed_ms=3.329
kiln_profile_gdn_stage layer=21 stage=in_proj seq_len=1 start_pos=67 elapsed_ms=1.309
kiln_profile_gdn_stage layer=21 stage=conv seq_len=1 start_pos=67 elapsed_ms=0.118
kiln_profile_gdn_stage layer=21 stage=qkv_split seq_len=1 start_pos=67 elapsed_ms=0.001
kiln_profile_gdn_stage layer=21 stage=qk_norm seq_len=1 start_pos=67 elapsed_ms=0.019
kiln_profile_gdn_stage layer=21 stage=gates seq_len=1 start_pos=67 elapsed_ms=0.214
kiln_profile_gdn_stage layer=21 stage=recurrent seq_len=1 start_pos=67 elapsed_ms=0.611
kiln_profile_gdn_stage layer=21 stage=post_transpose seq_len=1 start_pos=67 elapsed_ms=0.000
kiln_profile_gdn_stage layer=21 stage=gated_norm seq_len=1 start_pos=67 elapsed_ms=0.281
kiln_profile_gdn_stage layer=21 stage=out_proj seq_len=1 start_pos=67 elapsed_ms=0.329
kiln_profile_mlp_stage layer=21 stage=fused seq_len=1 start_pos=67 elapsed_ms=1.023
kiln_profile_paged_layer layer=21 kind=linear seq_len=1 start_pos=67 elapsed_ms=3.949
kiln_profile_gdn_stage layer=22 stage=in_proj seq_len=1 start_pos=67 elapsed_ms=0.707
kiln_profile_gdn_stage layer=22 stage=conv seq_len=1 start_pos=67 elapsed_ms=0.100
kiln_profile_gdn_stage layer=22 stage=qkv_split seq_len=1 start_pos=67 elapsed_ms=0.001
kiln_profile_gdn_stage layer=22 stage=qk_norm seq_len=1 start_pos=67 elapsed_ms=0.018
kiln_profile_gdn_stage layer=22 stage=gates seq_len=1 start_pos=67 elapsed_ms=0.193
kiln_profile_gdn_stage layer=22 stage=recurrent seq_len=1 start_pos=67 elapsed_ms=0.600
kiln_profile_gdn_stage layer=22 stage=post_transpose seq_len=1 start_pos=67 elapsed_ms=0.000
kiln_profile_gdn_stage layer=22 stage=gated_norm seq_len=1 start_pos=67 elapsed_ms=0.265
kiln_profile_gdn_stage layer=22 stage=out_proj seq_len=1 start_pos=67 elapsed_ms=0.326
kiln_profile_mlp_stage layer=22 stage=fused seq_len=1 start_pos=67 elapsed_ms=0.970
kiln_profile_paged_layer layer=22 kind=linear seq_len=1 start_pos=67 elapsed_ms=3.219
kiln_profile_full_attn_stage full_attn_layer=5 stage=qkv_proj seq_len=1 start_pos=67 elapsed_ms=0.617
kiln_profile_full_attn_stage full_attn_layer=5 stage=qkv_split seq_len=1 start_pos=67 elapsed_ms=0.003
kiln_profile_full_attn_stage full_attn_layer=5 stage=qk_norm seq_len=1 start_pos=67 elapsed_ms=0.017
kiln_profile_full_attn_stage full_attn_layer=5 stage=rope seq_len=1 start_pos=67 elapsed_ms=0.036
kiln_profile_full_attn_stage full_attn_layer=5 stage=q_transpose seq_len=1 start_pos=67 elapsed_ms=0.005
kiln_profile_full_attn_stage full_attn_layer=5 stage=kv_write seq_len=1 start_pos=67 elapsed_ms=0.004
kiln_profile_full_attn_stage full_attn_layer=5 stage=kv_read seq_len=1 start_pos=67 elapsed_ms=0.036
kiln_profile_full_attn_stage full_attn_layer=5 stage=decode_group_layout seq_len=1 start_pos=67 elapsed_ms=0.002
kiln_profile_full_attn_stage full_attn_layer=5 stage=decode_scores seq_len=1 start_pos=67 elapsed_ms=0.150
kiln_profile_full_attn_stage full_attn_layer=5 stage=decode_softmax seq_len=1 start_pos=67 elapsed_ms=0.008
kiln_profile_full_attn_stage full_attn_layer=5 stage=decode_weighted_sum seq_len=1 start_pos=67 elapsed_ms=0.034
kiln_profile_full_attn_stage full_attn_layer=5 stage=attn_gate seq_len=1 start_pos=67 elapsed_ms=0.009
kiln_profile_full_attn_stage full_attn_layer=5 stage=o_proj seq_len=1 start_pos=67 elapsed_ms=0.304
kiln_profile_mlp_stage layer=23 stage=fused seq_len=1 start_pos=67 elapsed_ms=0.997
kiln_profile_paged_layer layer=23 kind=full seq_len=1 start_pos=67 elapsed_ms=2.276
kiln_profile_gdn_stage layer=24 stage=in_proj seq_len=1 start_pos=67 elapsed_ms=0.725
kiln_profile_gdn_stage layer=24 stage=conv seq_len=1 start_pos=67 elapsed_ms=0.098
kiln_profile_gdn_stage layer=24 stage=qkv_split seq_len=1 start_pos=67 elapsed_ms=0.001
kiln_profile_gdn_stage layer=24 stage=qk_norm seq_len=1 start_pos=67 elapsed_ms=0.015
kiln_profile_gdn_stage layer=24 stage=gates seq_len=1 start_pos=67 elapsed_ms=0.209
kiln_profile_gdn_stage layer=24 stage=recurrent seq_len=1 start_pos=67 elapsed_ms=0.593
kiln_profile_gdn_stage layer=24 stage=post_transpose seq_len=1 start_pos=67 elapsed_ms=0.000
kiln_profile_gdn_stage layer=24 stage=gated_norm seq_len=1 start_pos=67 elapsed_ms=0.306
kiln_profile_gdn_stage layer=24 stage=out_proj seq_len=1 start_pos=67 elapsed_ms=0.323
kiln_profile_mlp_stage layer=24 stage=fused seq_len=1 start_pos=67 elapsed_ms=0.975
kiln_profile_paged_layer layer=24 kind=linear seq_len=1 start_pos=67 elapsed_ms=3.287
kiln_profile_gdn_stage layer=25 stage=in_proj seq_len=1 start_pos=67 elapsed_ms=0.748
kiln_profile_gdn_stage layer=25 stage=conv seq_len=1 start_pos=67 elapsed_ms=0.099
kiln_profile_gdn_stage layer=25 stage=qkv_split seq_len=1 start_pos=67 elapsed_ms=0.001
kiln_profile_gdn_stage layer=25 stage=qk_norm seq_len=1 start_pos=67 elapsed_ms=0.015
kiln_profile_gdn_stage layer=25 stage=gates seq_len=1 start_pos=67 elapsed_ms=0.195
kiln_profile_gdn_stage layer=25 stage=recurrent seq_len=1 start_pos=67 elapsed_ms=0.593
kiln_profile_gdn_stage layer=25 stage=post_transpose seq_len=1 start_pos=67 elapsed_ms=0.000
kiln_profile_gdn_stage layer=25 stage=gated_norm seq_len=1 start_pos=67 elapsed_ms=0.259
kiln_profile_gdn_stage layer=25 stage=out_proj seq_len=1 start_pos=67 elapsed_ms=0.322
kiln_profile_mlp_stage layer=25 stage=fused seq_len=1 start_pos=67 elapsed_ms=1.003
kiln_profile_paged_layer layer=25 kind=linear seq_len=1 start_pos=67 elapsed_ms=3.275
kiln_profile_gdn_stage layer=26 stage=in_proj seq_len=1 start_pos=67 elapsed_ms=0.757
kiln_profile_gdn_stage layer=26 stage=conv seq_len=1 start_pos=67 elapsed_ms=0.101
kiln_profile_gdn_stage layer=26 stage=qkv_split seq_len=1 start_pos=67 elapsed_ms=0.001
kiln_profile_gdn_stage layer=26 stage=qk_norm seq_len=1 start_pos=67 elapsed_ms=0.016
kiln_profile_gdn_stage layer=26 stage=gates seq_len=1 start_pos=67 elapsed_ms=0.213
kiln_profile_gdn_stage layer=26 stage=recurrent seq_len=1 start_pos=67 elapsed_ms=0.603
kiln_profile_gdn_stage layer=26 stage=post_transpose seq_len=1 start_pos=67 elapsed_ms=0.000
kiln_profile_gdn_stage layer=26 stage=gated_norm seq_len=1 start_pos=67 elapsed_ms=0.258
kiln_profile_gdn_stage layer=26 stage=out_proj seq_len=1 start_pos=67 elapsed_ms=0.344
kiln_profile_mlp_stage layer=26 stage=fused seq_len=1 start_pos=67 elapsed_ms=0.977
kiln_profile_paged_layer layer=26 kind=linear seq_len=1 start_pos=67 elapsed_ms=3.315
kiln_profile_full_attn_stage full_attn_layer=6 stage=qkv_proj seq_len=1 start_pos=67 elapsed_ms=0.640
kiln_profile_full_attn_stage full_attn_layer=6 stage=qkv_split seq_len=1 start_pos=67 elapsed_ms=0.004
kiln_profile_full_attn_stage full_attn_layer=6 stage=qk_norm seq_len=1 start_pos=67 elapsed_ms=0.017
kiln_profile_full_attn_stage full_attn_layer=6 stage=rope seq_len=1 start_pos=67 elapsed_ms=0.029
kiln_profile_full_attn_stage full_attn_layer=6 stage=q_transpose seq_len=1 start_pos=67 elapsed_ms=0.006
kiln_profile_full_attn_stage full_attn_layer=6 stage=kv_write seq_len=1 start_pos=67 elapsed_ms=0.006
kiln_profile_full_attn_stage full_attn_layer=6 stage=kv_read seq_len=1 start_pos=67 elapsed_ms=0.048
kiln_profile_full_attn_stage full_attn_layer=6 stage=decode_group_layout seq_len=1 start_pos=67 elapsed_ms=0.001
kiln_profile_full_attn_stage full_attn_layer=6 stage=decode_scores seq_len=1 start_pos=67 elapsed_ms=0.149
kiln_profile_full_attn_stage full_attn_layer=6 stage=decode_softmax seq_len=1 start_pos=67 elapsed_ms=0.008
kiln_profile_full_attn_stage full_attn_layer=6 stage=decode_weighted_sum seq_len=1 start_pos=67 elapsed_ms=0.039
kiln_profile_full_attn_stage full_attn_layer=6 stage=attn_gate seq_len=1 start_pos=67 elapsed_ms=0.013
kiln_profile_full_attn_stage full_attn_layer=6 stage=o_proj seq_len=1 start_pos=67 elapsed_ms=0.446
kiln_profile_mlp_stage layer=27 stage=fused seq_len=1 start_pos=67 elapsed_ms=1.036
kiln_profile_paged_layer layer=27 kind=full seq_len=1 start_pos=67 elapsed_ms=2.522
kiln_profile_gdn_stage layer=28 stage=in_proj seq_len=1 start_pos=67 elapsed_ms=0.714
kiln_profile_gdn_stage layer=28 stage=conv seq_len=1 start_pos=67 elapsed_ms=0.095
kiln_profile_gdn_stage layer=28 stage=qkv_split seq_len=1 start_pos=67 elapsed_ms=0.001
kiln_profile_gdn_stage layer=28 stage=qk_norm seq_len=1 start_pos=67 elapsed_ms=0.018
kiln_profile_gdn_stage layer=28 stage=gates seq_len=1 start_pos=67 elapsed_ms=0.194
kiln_profile_gdn_stage layer=28 stage=recurrent seq_len=1 start_pos=67 elapsed_ms=0.633
kiln_profile_gdn_stage layer=28 stage=post_transpose seq_len=1 start_pos=67 elapsed_ms=0.000
kiln_profile_gdn_stage layer=28 stage=gated_norm seq_len=1 start_pos=67 elapsed_ms=0.270
kiln_profile_gdn_stage layer=28 stage=out_proj seq_len=1 start_pos=67 elapsed_ms=0.323
kiln_profile_mlp_stage layer=28 stage=fused seq_len=1 start_pos=67 elapsed_ms=1.348
kiln_profile_paged_layer layer=28 kind=linear seq_len=1 start_pos=67 elapsed_ms=3.688
kiln_profile_gdn_stage layer=29 stage=in_proj seq_len=1 start_pos=67 elapsed_ms=0.953
kiln_profile_gdn_stage layer=29 stage=conv seq_len=1 start_pos=67 elapsed_ms=0.182
kiln_profile_gdn_stage layer=29 stage=qkv_split seq_len=1 start_pos=67 elapsed_ms=0.002
kiln_profile_gdn_stage layer=29 stage=qk_norm seq_len=1 start_pos=67 elapsed_ms=0.034
kiln_profile_gdn_stage layer=29 stage=gates seq_len=1 start_pos=67 elapsed_ms=0.274
kiln_profile_gdn_stage layer=29 stage=recurrent seq_len=1 start_pos=67 elapsed_ms=1.718
kiln_profile_gdn_stage layer=29 stage=post_transpose seq_len=1 start_pos=67 elapsed_ms=0.001
kiln_profile_gdn_stage layer=29 stage=gated_norm seq_len=1 start_pos=67 elapsed_ms=0.330
kiln_profile_gdn_stage layer=29 stage=out_proj seq_len=1 start_pos=67 elapsed_ms=0.562
kiln_profile_mlp_stage layer=29 stage=fused seq_len=1 start_pos=67 elapsed_ms=1.436
kiln_profile_paged_layer layer=29 kind=linear seq_len=1 start_pos=67 elapsed_ms=5.594
kiln_profile_gdn_stage layer=30 stage=in_proj seq_len=1 start_pos=67 elapsed_ms=0.911
kiln_profile_gdn_stage layer=30 stage=conv seq_len=1 start_pos=67 elapsed_ms=0.159
kiln_profile_gdn_stage layer=30 stage=qkv_split seq_len=1 start_pos=67 elapsed_ms=0.001
kiln_profile_gdn_stage layer=30 stage=qk_norm seq_len=1 start_pos=67 elapsed_ms=0.022
kiln_profile_gdn_stage layer=30 stage=gates seq_len=1 start_pos=67 elapsed_ms=0.287
kiln_profile_gdn_stage layer=30 stage=recurrent seq_len=1 start_pos=67 elapsed_ms=0.820
kiln_profile_gdn_stage layer=30 stage=post_transpose seq_len=1 start_pos=67 elapsed_ms=0.000
kiln_profile_gdn_stage layer=30 stage=gated_norm seq_len=1 start_pos=67 elapsed_ms=0.300
kiln_profile_gdn_stage layer=30 stage=out_proj seq_len=1 start_pos=67 elapsed_ms=0.322
kiln_profile_mlp_stage layer=30 stage=fused seq_len=1 start_pos=67 elapsed_ms=1.028
kiln_profile_paged_layer layer=30 kind=linear seq_len=1 start_pos=67 elapsed_ms=3.917
kiln_profile_full_attn_stage full_attn_layer=7 stage=qkv_proj seq_len=1 start_pos=67 elapsed_ms=0.637
kiln_profile_full_attn_stage full_attn_layer=7 stage=qkv_split seq_len=1 start_pos=67 elapsed_ms=0.008
kiln_profile_full_attn_stage full_attn_layer=7 stage=qk_norm seq_len=1 start_pos=67 elapsed_ms=0.024
kiln_profile_full_attn_stage full_attn_layer=7 stage=rope seq_len=1 start_pos=67 elapsed_ms=0.072
kiln_profile_full_attn_stage full_attn_layer=7 stage=q_transpose seq_len=1 start_pos=67 elapsed_ms=0.005
kiln_profile_full_attn_stage full_attn_layer=7 stage=kv_write seq_len=1 start_pos=67 elapsed_ms=0.007
kiln_profile_full_attn_stage full_attn_layer=7 stage=kv_read seq_len=1 start_pos=67 elapsed_ms=0.065
kiln_profile_full_attn_stage full_attn_layer=7 stage=decode_group_layout seq_len=1 start_pos=67 elapsed_ms=0.003
kiln_profile_full_attn_stage full_attn_layer=7 stage=decode_scores seq_len=1 start_pos=67 elapsed_ms=0.307
kiln_profile_full_attn_stage full_attn_layer=7 stage=decode_softmax seq_len=1 start_pos=67 elapsed_ms=0.013
kiln_profile_full_attn_stage full_attn_layer=7 stage=decode_weighted_sum seq_len=1 start_pos=67 elapsed_ms=0.045
kiln_profile_full_attn_stage full_attn_layer=7 stage=attn_gate seq_len=1 start_pos=67 elapsed_ms=0.013
kiln_profile_full_attn_stage full_attn_layer=7 stage=o_proj seq_len=1 start_pos=67 elapsed_ms=0.319
kiln_profile_mlp_stage layer=31 stage=fused seq_len=1 start_pos=67 elapsed_ms=0.999
kiln_profile_paged_layer layer=31 kind=full seq_len=1 start_pos=67 elapsed_ms=2.601
kiln_profile_gdn_stage layer=0 stage=in_proj seq_len=1 start_pos=68 elapsed_ms=0.762
kiln_profile_gdn_stage layer=0 stage=conv seq_len=1 start_pos=68 elapsed_ms=0.171
kiln_profile_gdn_stage layer=0 stage=qkv_split seq_len=1 start_pos=68 elapsed_ms=0.001
kiln_profile_gdn_stage layer=0 stage=qk_norm seq_len=1 start_pos=68 elapsed_ms=0.027
kiln_profile_gdn_stage layer=0 stage=gates seq_len=1 start_pos=68 elapsed_ms=0.328
kiln_profile_gdn_stage layer=0 stage=recurrent seq_len=1 start_pos=68 elapsed_ms=0.911
kiln_profile_gdn_stage layer=0 stage=post_transpose seq_len=1 start_pos=68 elapsed_ms=0.000
kiln_profile_gdn_stage layer=0 stage=gated_norm seq_len=1 start_pos=68 elapsed_ms=0.423
kiln_profile_gdn_stage layer=0 stage=out_proj seq_len=1 start_pos=68 elapsed_ms=0.371
kiln_profile_mlp_stage layer=0 stage=fused seq_len=1 start_pos=68 elapsed_ms=1.043
kiln_profile_paged_layer layer=0 kind=linear seq_len=1 start_pos=68 elapsed_ms=4.163
kiln_profile_gdn_stage layer=1 stage=in_proj seq_len=1 start_pos=68 elapsed_ms=0.688
kiln_profile_gdn_stage layer=1 stage=conv seq_len=1 start_pos=68 elapsed_ms=0.163
kiln_profile_gdn_stage layer=1 stage=qkv_split seq_len=1 start_pos=68 elapsed_ms=0.001
kiln_profile_gdn_stage layer=1 stage=qk_norm seq_len=1 start_pos=68 elapsed_ms=0.022
kiln_profile_gdn_stage layer=1 stage=gates seq_len=1 start_pos=68 elapsed_ms=0.271
kiln_profile_gdn_stage layer=1 stage=recurrent seq_len=1 start_pos=68 elapsed_ms=0.791
kiln_profile_gdn_stage layer=1 stage=post_transpose seq_len=1 start_pos=68 elapsed_ms=0.000
kiln_profile_gdn_stage layer=1 stage=gated_norm seq_len=1 start_pos=68 elapsed_ms=0.301
kiln_profile_gdn_stage layer=1 stage=out_proj seq_len=1 start_pos=68 elapsed_ms=0.319
kiln_profile_mlp_stage layer=1 stage=fused seq_len=1 start_pos=68 elapsed_ms=0.987
kiln_profile_paged_layer layer=1 kind=linear seq_len=1 start_pos=68 elapsed_ms=3.611
kiln_profile_gdn_stage layer=2 stage=in_proj seq_len=1 start_pos=68 elapsed_ms=0.846
kiln_profile_gdn_stage layer=2 stage=conv seq_len=1 start_pos=68 elapsed_ms=0.229
kiln_profile_gdn_stage layer=2 stage=qkv_split seq_len=1 start_pos=68 elapsed_ms=0.002
kiln_profile_gdn_stage layer=2 stage=qk_norm seq_len=1 start_pos=68 elapsed_ms=0.032
kiln_profile_gdn_stage layer=2 stage=gates seq_len=1 start_pos=68 elapsed_ms=0.384
kiln_profile_gdn_stage layer=2 stage=recurrent seq_len=1 start_pos=68 elapsed_ms=1.010
kiln_profile_gdn_stage layer=2 stage=post_transpose seq_len=1 start_pos=68 elapsed_ms=0.000
kiln_profile_gdn_stage layer=2 stage=gated_norm seq_len=1 start_pos=68 elapsed_ms=0.366
kiln_profile_gdn_stage layer=2 stage=out_proj seq_len=1 start_pos=68 elapsed_ms=0.357
kiln_profile_mlp_stage layer=2 stage=fused seq_len=1 start_pos=68 elapsed_ms=1.047
kiln_profile_paged_layer layer=2 kind=linear seq_len=1 start_pos=68 elapsed_ms=4.363
kiln_profile_full_attn_stage full_attn_layer=0 stage=qkv_proj seq_len=1 start_pos=68 elapsed_ms=0.690
kiln_profile_full_attn_stage full_attn_layer=0 stage=qkv_split seq_len=1 start_pos=68 elapsed_ms=0.009
kiln_profile_full_attn_stage full_attn_layer=0 stage=qk_norm seq_len=1 start_pos=68 elapsed_ms=0.035
kiln_profile_full_attn_stage full_attn_layer=0 stage=rope seq_len=1 start_pos=68 elapsed_ms=0.054
kiln_profile_full_attn_stage full_attn_layer=0 stage=q_transpose seq_len=1 start_pos=68 elapsed_ms=0.005
kiln_profile_full_attn_stage full_attn_layer=0 stage=kv_write seq_len=1 start_pos=68 elapsed_ms=0.007
kiln_profile_full_attn_stage full_attn_layer=0 stage=kv_read seq_len=1 start_pos=68 elapsed_ms=0.046
kiln_profile_full_attn_stage full_attn_layer=0 stage=decode_group_layout seq_len=1 start_pos=68 elapsed_ms=0.004
kiln_profile_full_attn_stage full_attn_layer=0 stage=decode_scores seq_len=1 start_pos=68 elapsed_ms=0.192
kiln_profile_full_attn_stage full_attn_layer=0 stage=decode_softmax seq_len=1 start_pos=68 elapsed_ms=0.013
kiln_profile_full_attn_stage full_attn_layer=0 stage=decode_weighted_sum seq_len=1 start_pos=68 elapsed_ms=0.050
kiln_profile_full_attn_stage full_attn_layer=0 stage=attn_gate seq_len=1 start_pos=68 elapsed_ms=0.013
kiln_profile_full_attn_stage full_attn_layer=0 stage=o_proj seq_len=1 start_pos=68 elapsed_ms=0.346
kiln_profile_mlp_stage layer=3 stage=fused seq_len=1 start_pos=68 elapsed_ms=1.142
kiln_profile_paged_layer layer=3 kind=full seq_len=1 start_pos=68 elapsed_ms=2.703
kiln_profile_gdn_stage layer=4 stage=in_proj seq_len=1 start_pos=68 elapsed_ms=0.742
kiln_profile_gdn_stage layer=4 stage=conv seq_len=1 start_pos=68 elapsed_ms=0.225
kiln_profile_gdn_stage layer=4 stage=qkv_split seq_len=1 start_pos=68 elapsed_ms=0.002
kiln_profile_gdn_stage layer=4 stage=qk_norm seq_len=1 start_pos=68 elapsed_ms=0.031
kiln_profile_gdn_stage layer=4 stage=gates seq_len=1 start_pos=68 elapsed_ms=0.322
kiln_profile_gdn_stage layer=4 stage=recurrent seq_len=1 start_pos=68 elapsed_ms=0.988
kiln_profile_gdn_stage layer=4 stage=post_transpose seq_len=1 start_pos=68 elapsed_ms=0.001
kiln_profile_gdn_stage layer=4 stage=gated_norm seq_len=1 start_pos=68 elapsed_ms=0.407
kiln_profile_gdn_stage layer=4 stage=out_proj seq_len=1 start_pos=68 elapsed_ms=0.342
kiln_profile_mlp_stage layer=4 stage=fused seq_len=1 start_pos=68 elapsed_ms=1.079
kiln_profile_paged_layer layer=4 kind=linear seq_len=1 start_pos=68 elapsed_ms=4.237
kiln_profile_gdn_stage layer=5 stage=in_proj seq_len=1 start_pos=68 elapsed_ms=0.774
kiln_profile_gdn_stage layer=5 stage=conv seq_len=1 start_pos=68 elapsed_ms=0.226
kiln_profile_gdn_stage layer=5 stage=qkv_split seq_len=1 start_pos=68 elapsed_ms=0.002
kiln_profile_gdn_stage layer=5 stage=qk_norm seq_len=1 start_pos=68 elapsed_ms=0.030
kiln_profile_gdn_stage layer=5 stage=gates seq_len=1 start_pos=68 elapsed_ms=0.305
kiln_profile_gdn_stage layer=5 stage=recurrent seq_len=1 start_pos=68 elapsed_ms=1.030
kiln_profile_gdn_stage layer=5 stage=post_transpose seq_len=1 start_pos=68 elapsed_ms=0.000
kiln_profile_gdn_stage layer=5 stage=gated_norm seq_len=1 start_pos=68 elapsed_ms=0.353
kiln_profile_gdn_stage layer=5 stage=out_proj seq_len=1 start_pos=68 elapsed_ms=0.372
kiln_profile_mlp_stage layer=5 stage=fused seq_len=1 start_pos=68 elapsed_ms=1.151
kiln_profile_paged_layer layer=5 kind=linear seq_len=1 start_pos=68 elapsed_ms=4.324
kiln_profile_gdn_stage layer=6 stage=in_proj seq_len=1 start_pos=68 elapsed_ms=0.803
kiln_profile_gdn_stage layer=6 stage=conv seq_len=1 start_pos=68 elapsed_ms=0.157
kiln_profile_gdn_stage layer=6 stage=qkv_split seq_len=1 start_pos=68 elapsed_ms=0.002
kiln_profile_gdn_stage layer=6 stage=qk_norm seq_len=1 start_pos=68 elapsed_ms=0.023
kiln_profile_gdn_stage layer=6 stage=gates seq_len=1 start_pos=68 elapsed_ms=0.304
kiln_profile_gdn_stage layer=6 stage=recurrent seq_len=1 start_pos=68 elapsed_ms=0.825
kiln_profile_gdn_stage layer=6 stage=post_transpose seq_len=1 start_pos=68 elapsed_ms=0.000
kiln_profile_gdn_stage layer=6 stage=gated_norm seq_len=1 start_pos=68 elapsed_ms=0.317
kiln_profile_gdn_stage layer=6 stage=out_proj seq_len=1 start_pos=68 elapsed_ms=0.347
kiln_profile_mlp_stage layer=6 stage=fused seq_len=1 start_pos=68 elapsed_ms=1.014
kiln_profile_paged_layer layer=6 kind=linear seq_len=1 start_pos=68 elapsed_ms=3.852
kiln_profile_full_attn_stage full_attn_layer=1 stage=qkv_proj seq_len=1 start_pos=68 elapsed_ms=0.652
kiln_profile_full_attn_stage full_attn_layer=1 stage=qkv_split seq_len=1 start_pos=68 elapsed_ms=0.008
kiln_profile_full_attn_stage full_attn_layer=1 stage=qk_norm seq_len=1 start_pos=68 elapsed_ms=0.025
kiln_profile_full_attn_stage full_attn_layer=1 stage=rope seq_len=1 start_pos=68 elapsed_ms=0.052
kiln_profile_full_attn_stage full_attn_layer=1 stage=q_transpose seq_len=1 start_pos=68 elapsed_ms=0.007
kiln_profile_full_attn_stage full_attn_layer=1 stage=kv_write seq_len=1 start_pos=68 elapsed_ms=0.007
kiln_profile_full_attn_stage full_attn_layer=1 stage=kv_read seq_len=1 start_pos=68 elapsed_ms=0.042
kiln_profile_full_attn_stage full_attn_layer=1 stage=decode_group_layout seq_len=1 start_pos=68 elapsed_ms=0.003
kiln_profile_full_attn_stage full_attn_layer=1 stage=decode_scores seq_len=1 start_pos=68 elapsed_ms=0.176
kiln_profile_full_attn_stage full_attn_layer=1 stage=decode_softmax seq_len=1 start_pos=68 elapsed_ms=0.014
kiln_profile_full_attn_stage full_attn_layer=1 stage=decode_weighted_sum seq_len=1 start_pos=68 elapsed_ms=0.044
kiln_profile_full_attn_stage full_attn_layer=1 stage=attn_gate seq_len=1 start_pos=68 elapsed_ms=0.013
kiln_profile_full_attn_stage full_attn_layer=1 stage=o_proj seq_len=1 start_pos=68 elapsed_ms=0.358
kiln_profile_mlp_stage layer=7 stage=fused seq_len=1 start_pos=68 elapsed_ms=1.036
kiln_profile_paged_layer layer=7 kind=full seq_len=1 start_pos=68 elapsed_ms=2.517
kiln_profile_gdn_stage layer=8 stage=in_proj seq_len=1 start_pos=68 elapsed_ms=0.739
kiln_profile_gdn_stage layer=8 stage=conv seq_len=1 start_pos=68 elapsed_ms=0.178
kiln_profile_gdn_stage layer=8 stage=qkv_split seq_len=1 start_pos=68 elapsed_ms=0.001
kiln_profile_gdn_stage layer=8 stage=qk_norm seq_len=1 start_pos=68 elapsed_ms=0.024
kiln_profile_gdn_stage layer=8 stage=gates seq_len=1 start_pos=68 elapsed_ms=0.293
kiln_profile_gdn_stage layer=8 stage=recurrent seq_len=1 start_pos=68 elapsed_ms=0.815
kiln_profile_gdn_stage layer=8 stage=post_transpose seq_len=1 start_pos=68 elapsed_ms=0.000
kiln_profile_gdn_stage layer=8 stage=gated_norm seq_len=1 start_pos=68 elapsed_ms=1.036
kiln_profile_gdn_stage layer=8 stage=out_proj seq_len=1 start_pos=68 elapsed_ms=0.339
kiln_profile_mlp_stage layer=8 stage=fused seq_len=1 start_pos=68 elapsed_ms=1.054
kiln_profile_paged_layer layer=8 kind=linear seq_len=1 start_pos=68 elapsed_ms=4.550
kiln_profile_gdn_stage layer=9 stage=in_proj seq_len=1 start_pos=68 elapsed_ms=0.715
kiln_profile_gdn_stage layer=9 stage=conv seq_len=1 start_pos=68 elapsed_ms=0.158
kiln_profile_gdn_stage layer=9 stage=qkv_split seq_len=1 start_pos=68 elapsed_ms=0.001
kiln_profile_gdn_stage layer=9 stage=qk_norm seq_len=1 start_pos=68 elapsed_ms=0.022
kiln_profile_gdn_stage layer=9 stage=gates seq_len=1 start_pos=68 elapsed_ms=0.284
kiln_profile_gdn_stage layer=9 stage=recurrent seq_len=1 start_pos=68 elapsed_ms=0.831
kiln_profile_gdn_stage layer=9 stage=post_transpose seq_len=1 start_pos=68 elapsed_ms=0.000
kiln_profile_gdn_stage layer=9 stage=gated_norm seq_len=1 start_pos=68 elapsed_ms=0.318
kiln_profile_gdn_stage layer=9 stage=out_proj seq_len=1 start_pos=68 elapsed_ms=0.333
kiln_profile_mlp_stage layer=9 stage=fused seq_len=1 start_pos=68 elapsed_ms=1.011
kiln_profile_paged_layer layer=9 kind=linear seq_len=1 start_pos=68 elapsed_ms=3.735
kiln_profile_gdn_stage layer=10 stage=in_proj seq_len=1 start_pos=68 elapsed_ms=0.729
kiln_profile_gdn_stage layer=10 stage=conv seq_len=1 start_pos=68 elapsed_ms=0.162
kiln_profile_gdn_stage layer=10 stage=qkv_split seq_len=1 start_pos=68 elapsed_ms=0.002
kiln_profile_gdn_stage layer=10 stage=qk_norm seq_len=1 start_pos=68 elapsed_ms=0.021
kiln_profile_gdn_stage layer=10 stage=gates seq_len=1 start_pos=68 elapsed_ms=0.308
kiln_profile_gdn_stage layer=10 stage=recurrent seq_len=1 start_pos=68 elapsed_ms=0.780
kiln_profile_gdn_stage layer=10 stage=post_transpose seq_len=1 start_pos=68 elapsed_ms=0.000
kiln_profile_gdn_stage layer=10 stage=gated_norm seq_len=1 start_pos=68 elapsed_ms=0.331
kiln_profile_gdn_stage layer=10 stage=out_proj seq_len=1 start_pos=68 elapsed_ms=0.371
kiln_profile_mlp_stage layer=10 stage=fused seq_len=1 start_pos=68 elapsed_ms=1.285
kiln_profile_paged_layer layer=10 kind=linear seq_len=1 start_pos=68 elapsed_ms=4.051
kiln_profile_full_attn_stage full_attn_layer=2 stage=qkv_proj seq_len=1 start_pos=68 elapsed_ms=0.645
kiln_profile_full_attn_stage full_attn_layer=2 stage=qkv_split seq_len=1 start_pos=68 elapsed_ms=0.007
kiln_profile_full_attn_stage full_attn_layer=2 stage=qk_norm seq_len=1 start_pos=68 elapsed_ms=0.022
kiln_profile_full_attn_stage full_attn_layer=2 stage=rope seq_len=1 start_pos=68 elapsed_ms=0.050
kiln_profile_full_attn_stage full_attn_layer=2 stage=q_transpose seq_len=1 start_pos=68 elapsed_ms=0.006
kiln_profile_full_attn_stage full_attn_layer=2 stage=kv_write seq_len=1 start_pos=68 elapsed_ms=0.007
kiln_profile_full_attn_stage full_attn_layer=2 stage=kv_read seq_len=1 start_pos=68 elapsed_ms=0.051
kiln_profile_full_attn_stage full_attn_layer=2 stage=decode_group_layout seq_len=1 start_pos=68 elapsed_ms=0.004
kiln_profile_full_attn_stage full_attn_layer=2 stage=decode_scores seq_len=1 start_pos=68 elapsed_ms=0.203
kiln_profile_full_attn_stage full_attn_layer=2 stage=decode_softmax seq_len=1 start_pos=68 elapsed_ms=0.012
kiln_profile_full_attn_stage full_attn_layer=2 stage=decode_weighted_sum seq_len=1 start_pos=68 elapsed_ms=0.046
kiln_profile_full_attn_stage full_attn_layer=2 stage=attn_gate seq_len=1 start_pos=68 elapsed_ms=0.012
kiln_profile_full_attn_stage full_attn_layer=2 stage=o_proj seq_len=1 start_pos=68 elapsed_ms=0.317
kiln_profile_mlp_stage layer=11 stage=fused seq_len=1 start_pos=68 elapsed_ms=0.991
kiln_profile_paged_layer layer=11 kind=full seq_len=1 start_pos=68 elapsed_ms=2.447
kiln_profile_gdn_stage layer=12 stage=in_proj seq_len=1 start_pos=68 elapsed_ms=0.728
kiln_profile_gdn_stage layer=12 stage=conv seq_len=1 start_pos=68 elapsed_ms=0.179
kiln_profile_gdn_stage layer=12 stage=qkv_split seq_len=1 start_pos=68 elapsed_ms=0.001
kiln_profile_gdn_stage layer=12 stage=qk_norm seq_len=1 start_pos=68 elapsed_ms=0.022
kiln_profile_gdn_stage layer=12 stage=gates seq_len=1 start_pos=68 elapsed_ms=0.279
kiln_profile_gdn_stage layer=12 stage=recurrent seq_len=1 start_pos=68 elapsed_ms=0.790
kiln_profile_gdn_stage layer=12 stage=post_transpose seq_len=1 start_pos=68 elapsed_ms=0.000
kiln_profile_gdn_stage layer=12 stage=gated_norm seq_len=1 start_pos=68 elapsed_ms=0.322
kiln_profile_gdn_stage layer=12 stage=out_proj seq_len=1 start_pos=68 elapsed_ms=0.346
kiln_profile_mlp_stage layer=12 stage=fused seq_len=1 start_pos=68 elapsed_ms=1.055
kiln_profile_paged_layer layer=12 kind=linear seq_len=1 start_pos=68 elapsed_ms=3.786
kiln_profile_gdn_stage layer=13 stage=in_proj seq_len=1 start_pos=68 elapsed_ms=0.726
kiln_profile_gdn_stage layer=13 stage=conv seq_len=1 start_pos=68 elapsed_ms=0.163
kiln_profile_gdn_stage layer=13 stage=qkv_split seq_len=1 start_pos=68 elapsed_ms=0.001
kiln_profile_gdn_stage layer=13 stage=qk_norm seq_len=1 start_pos=68 elapsed_ms=0.021
kiln_profile_gdn_stage layer=13 stage=gates seq_len=1 start_pos=68 elapsed_ms=0.898
kiln_profile_gdn_stage layer=13 stage=recurrent seq_len=1 start_pos=68 elapsed_ms=0.766
kiln_profile_gdn_stage layer=13 stage=post_transpose seq_len=1 start_pos=68 elapsed_ms=0.000
kiln_profile_gdn_stage layer=13 stage=gated_norm seq_len=1 start_pos=68 elapsed_ms=0.302
kiln_profile_gdn_stage layer=13 stage=out_proj seq_len=1 start_pos=68 elapsed_ms=0.335
kiln_profile_mlp_stage layer=13 stage=fused seq_len=1 start_pos=68 elapsed_ms=1.060
kiln_profile_paged_layer layer=13 kind=linear seq_len=1 start_pos=68 elapsed_ms=4.334
kiln_profile_gdn_stage layer=14 stage=in_proj seq_len=1 start_pos=68 elapsed_ms=0.725
kiln_profile_gdn_stage layer=14 stage=conv seq_len=1 start_pos=68 elapsed_ms=0.136
kiln_profile_gdn_stage layer=14 stage=qkv_split seq_len=1 start_pos=68 elapsed_ms=0.001
kiln_profile_gdn_stage layer=14 stage=qk_norm seq_len=1 start_pos=68 elapsed_ms=0.020
kiln_profile_gdn_stage layer=14 stage=gates seq_len=1 start_pos=68 elapsed_ms=0.258
kiln_profile_gdn_stage layer=14 stage=recurrent seq_len=1 start_pos=68 elapsed_ms=0.781
kiln_profile_gdn_stage layer=14 stage=post_transpose seq_len=1 start_pos=68 elapsed_ms=0.001
kiln_profile_gdn_stage layer=14 stage=gated_norm seq_len=1 start_pos=68 elapsed_ms=0.380
kiln_profile_gdn_stage layer=14 stage=out_proj seq_len=1 start_pos=68 elapsed_ms=0.330
kiln_profile_mlp_stage layer=14 stage=fused seq_len=1 start_pos=68 elapsed_ms=2.116
kiln_profile_paged_layer layer=14 kind=linear seq_len=1 start_pos=68 elapsed_ms=4.823
kiln_profile_full_attn_stage full_attn_layer=3 stage=qkv_proj seq_len=1 start_pos=68 elapsed_ms=0.602
kiln_profile_full_attn_stage full_attn_layer=3 stage=qkv_split seq_len=1 start_pos=68 elapsed_ms=0.007
kiln_profile_full_attn_stage full_attn_layer=3 stage=qk_norm seq_len=1 start_pos=68 elapsed_ms=0.029
kiln_profile_full_attn_stage full_attn_layer=3 stage=rope seq_len=1 start_pos=68 elapsed_ms=0.043
kiln_profile_full_attn_stage full_attn_layer=3 stage=q_transpose seq_len=1 start_pos=68 elapsed_ms=0.006
kiln_profile_full_attn_stage full_attn_layer=3 stage=kv_write seq_len=1 start_pos=68 elapsed_ms=0.007
kiln_profile_full_attn_stage full_attn_layer=3 stage=kv_read seq_len=1 start_pos=68 elapsed_ms=0.051
kiln_profile_full_attn_stage full_attn_layer=3 stage=decode_group_layout seq_len=1 start_pos=68 elapsed_ms=0.004
kiln_profile_full_attn_stage full_attn_layer=3 stage=decode_scores seq_len=1 start_pos=68 elapsed_ms=0.195
kiln_profile_full_attn_stage full_attn_layer=3 stage=decode_softmax seq_len=1 start_pos=68 elapsed_ms=0.014
kiln_profile_full_attn_stage full_attn_layer=3 stage=decode_weighted_sum seq_len=1 start_pos=68 elapsed_ms=0.046
kiln_profile_full_attn_stage full_attn_layer=3 stage=attn_gate seq_len=1 start_pos=68 elapsed_ms=0.016
kiln_profile_full_attn_stage full_attn_layer=3 stage=o_proj seq_len=1 start_pos=68 elapsed_ms=0.320
kiln_profile_mlp_stage layer=15 stage=fused seq_len=1 start_pos=68 elapsed_ms=1.098
kiln_profile_paged_layer layer=15 kind=full seq_len=1 start_pos=68 elapsed_ms=2.513
kiln_profile_gdn_stage layer=16 stage=in_proj seq_len=1 start_pos=68 elapsed_ms=0.728
kiln_profile_gdn_stage layer=16 stage=conv seq_len=1 start_pos=68 elapsed_ms=0.133
kiln_profile_gdn_stage layer=16 stage=qkv_split seq_len=1 start_pos=68 elapsed_ms=0.001
kiln_profile_gdn_stage layer=16 stage=qk_norm seq_len=1 start_pos=68 elapsed_ms=0.020
kiln_profile_gdn_stage layer=16 stage=gates seq_len=1 start_pos=68 elapsed_ms=0.397
kiln_profile_gdn_stage layer=16 stage=recurrent seq_len=1 start_pos=68 elapsed_ms=0.741
kiln_profile_gdn_stage layer=16 stage=post_transpose seq_len=1 start_pos=68 elapsed_ms=0.000
kiln_profile_gdn_stage layer=16 stage=gated_norm seq_len=1 start_pos=68 elapsed_ms=0.373
kiln_profile_gdn_stage layer=16 stage=out_proj seq_len=1 start_pos=68 elapsed_ms=0.341
kiln_profile_mlp_stage layer=16 stage=fused seq_len=1 start_pos=68 elapsed_ms=1.151
kiln_profile_paged_layer layer=16 kind=linear seq_len=1 start_pos=68 elapsed_ms=3.945
kiln_profile_gdn_stage layer=17 stage=in_proj seq_len=1 start_pos=68 elapsed_ms=0.715
kiln_profile_gdn_stage layer=17 stage=conv seq_len=1 start_pos=68 elapsed_ms=0.124
kiln_profile_gdn_stage layer=17 stage=qkv_split seq_len=1 start_pos=68 elapsed_ms=0.001
kiln_profile_gdn_stage layer=17 stage=qk_norm seq_len=1 start_pos=68 elapsed_ms=0.022
kiln_profile_gdn_stage layer=17 stage=gates seq_len=1 start_pos=68 elapsed_ms=0.254
kiln_profile_gdn_stage layer=17 stage=recurrent seq_len=1 start_pos=68 elapsed_ms=0.684
kiln_profile_gdn_stage layer=17 stage=post_transpose seq_len=1 start_pos=68 elapsed_ms=0.000
kiln_profile_gdn_stage layer=17 stage=gated_norm seq_len=1 start_pos=68 elapsed_ms=0.285
kiln_profile_gdn_stage layer=17 stage=out_proj seq_len=1 start_pos=68 elapsed_ms=0.376
kiln_profile_mlp_stage layer=17 stage=fused seq_len=1 start_pos=68 elapsed_ms=1.020
kiln_profile_paged_layer layer=17 kind=linear seq_len=1 start_pos=68 elapsed_ms=3.537
kiln_profile_gdn_stage layer=18 stage=in_proj seq_len=1 start_pos=68 elapsed_ms=0.745
kiln_profile_gdn_stage layer=18 stage=conv seq_len=1 start_pos=68 elapsed_ms=0.120
kiln_profile_gdn_stage layer=18 stage=qkv_split seq_len=1 start_pos=68 elapsed_ms=0.001
kiln_profile_gdn_stage layer=18 stage=qk_norm seq_len=1 start_pos=68 elapsed_ms=0.019
kiln_profile_gdn_stage layer=18 stage=gates seq_len=1 start_pos=68 elapsed_ms=0.239
kiln_profile_gdn_stage layer=18 stage=recurrent seq_len=1 start_pos=68 elapsed_ms=0.708
kiln_profile_gdn_stage layer=18 stage=post_transpose seq_len=1 start_pos=68 elapsed_ms=0.000
kiln_profile_gdn_stage layer=18 stage=gated_norm seq_len=1 start_pos=68 elapsed_ms=0.301
kiln_profile_gdn_stage layer=18 stage=out_proj seq_len=1 start_pos=68 elapsed_ms=0.349
kiln_profile_mlp_stage layer=18 stage=fused seq_len=1 start_pos=68 elapsed_ms=1.278
kiln_profile_paged_layer layer=18 kind=linear seq_len=1 start_pos=68 elapsed_ms=3.824
kiln_profile_full_attn_stage full_attn_layer=4 stage=qkv_proj seq_len=1 start_pos=68 elapsed_ms=0.603
kiln_profile_full_attn_stage full_attn_layer=4 stage=qkv_split seq_len=1 start_pos=68 elapsed_ms=0.007
kiln_profile_full_attn_stage full_attn_layer=4 stage=qk_norm seq_len=1 start_pos=68 elapsed_ms=0.027
kiln_profile_full_attn_stage full_attn_layer=4 stage=rope seq_len=1 start_pos=68 elapsed_ms=0.048
kiln_profile_full_attn_stage full_attn_layer=4 stage=q_transpose seq_len=1 start_pos=68 elapsed_ms=0.006
kiln_profile_full_attn_stage full_attn_layer=4 stage=kv_write seq_len=1 start_pos=68 elapsed_ms=0.007
kiln_profile_full_attn_stage full_attn_layer=4 stage=kv_read seq_len=1 start_pos=68 elapsed_ms=0.040
kiln_profile_full_attn_stage full_attn_layer=4 stage=decode_group_layout seq_len=1 start_pos=68 elapsed_ms=0.003
kiln_profile_full_attn_stage full_attn_layer=4 stage=decode_scores seq_len=1 start_pos=68 elapsed_ms=0.153
kiln_profile_full_attn_stage full_attn_layer=4 stage=decode_softmax seq_len=1 start_pos=68 elapsed_ms=0.014
kiln_profile_full_attn_stage full_attn_layer=4 stage=decode_weighted_sum seq_len=1 start_pos=68 elapsed_ms=0.044
kiln_profile_full_attn_stage full_attn_layer=4 stage=attn_gate seq_len=1 start_pos=68 elapsed_ms=0.014
kiln_profile_full_attn_stage full_attn_layer=4 stage=o_proj seq_len=1 start_pos=68 elapsed_ms=0.317
kiln_profile_mlp_stage layer=19 stage=fused seq_len=1 start_pos=68 elapsed_ms=1.049
kiln_profile_paged_layer layer=19 kind=full seq_len=1 start_pos=68 elapsed_ms=2.409
kiln_profile_gdn_stage layer=20 stage=in_proj seq_len=1 start_pos=68 elapsed_ms=0.740
kiln_profile_gdn_stage layer=20 stage=conv seq_len=1 start_pos=68 elapsed_ms=0.120
kiln_profile_gdn_stage layer=20 stage=qkv_split seq_len=1 start_pos=68 elapsed_ms=0.001
kiln_profile_gdn_stage layer=20 stage=qk_norm seq_len=1 start_pos=68 elapsed_ms=0.020
kiln_profile_gdn_stage layer=20 stage=gates seq_len=1 start_pos=68 elapsed_ms=0.249
kiln_profile_gdn_stage layer=20 stage=recurrent seq_len=1 start_pos=68 elapsed_ms=0.705
kiln_profile_gdn_stage layer=20 stage=post_transpose seq_len=1 start_pos=68 elapsed_ms=0.000
kiln_profile_gdn_stage layer=20 stage=gated_norm seq_len=1 start_pos=68 elapsed_ms=0.325
kiln_profile_gdn_stage layer=20 stage=out_proj seq_len=1 start_pos=68 elapsed_ms=0.331
kiln_profile_mlp_stage layer=20 stage=fused seq_len=1 start_pos=68 elapsed_ms=1.040
kiln_profile_paged_layer layer=20 kind=linear seq_len=1 start_pos=68 elapsed_ms=3.583
kiln_profile_gdn_stage layer=21 stage=in_proj seq_len=1 start_pos=68 elapsed_ms=0.723
kiln_profile_gdn_stage layer=21 stage=conv seq_len=1 start_pos=68 elapsed_ms=0.116
kiln_profile_gdn_stage layer=21 stage=qkv_split seq_len=1 start_pos=68 elapsed_ms=0.001
kiln_profile_gdn_stage layer=21 stage=qk_norm seq_len=1 start_pos=68 elapsed_ms=0.019
kiln_profile_gdn_stage layer=21 stage=gates seq_len=1 start_pos=68 elapsed_ms=0.254
kiln_profile_gdn_stage layer=21 stage=recurrent seq_len=1 start_pos=68 elapsed_ms=0.661
kiln_profile_gdn_stage layer=21 stage=post_transpose seq_len=1 start_pos=68 elapsed_ms=0.000
kiln_profile_gdn_stage layer=21 stage=gated_norm seq_len=1 start_pos=68 elapsed_ms=0.294
kiln_profile_gdn_stage layer=21 stage=out_proj seq_len=1 start_pos=68 elapsed_ms=0.321
kiln_profile_mlp_stage layer=21 stage=fused seq_len=1 start_pos=68 elapsed_ms=1.016
kiln_profile_paged_layer layer=21 kind=linear seq_len=1 start_pos=68 elapsed_ms=3.454
kiln_profile_gdn_stage layer=22 stage=in_proj seq_len=1 start_pos=68 elapsed_ms=0.735
kiln_profile_gdn_stage layer=22 stage=conv seq_len=1 start_pos=68 elapsed_ms=0.106
kiln_profile_gdn_stage layer=22 stage=qkv_split seq_len=1 start_pos=68 elapsed_ms=0.001
kiln_profile_gdn_stage layer=22 stage=qk_norm seq_len=1 start_pos=68 elapsed_ms=0.017
kiln_profile_gdn_stage layer=22 stage=gates seq_len=1 start_pos=68 elapsed_ms=0.230
kiln_profile_gdn_stage layer=22 stage=recurrent seq_len=1 start_pos=68 elapsed_ms=0.638
kiln_profile_gdn_stage layer=22 stage=post_transpose seq_len=1 start_pos=68 elapsed_ms=0.000
kiln_profile_gdn_stage layer=22 stage=gated_norm seq_len=1 start_pos=68 elapsed_ms=0.294
kiln_profile_gdn_stage layer=22 stage=out_proj seq_len=1 start_pos=68 elapsed_ms=0.324
kiln_profile_mlp_stage layer=22 stage=fused seq_len=1 start_pos=68 elapsed_ms=1.075
kiln_profile_paged_layer layer=22 kind=linear seq_len=1 start_pos=68 elapsed_ms=3.464
kiln_profile_full_attn_stage full_attn_layer=5 stage=qkv_proj seq_len=1 start_pos=68 elapsed_ms=0.665
kiln_profile_full_attn_stage full_attn_layer=5 stage=qkv_split seq_len=1 start_pos=68 elapsed_ms=0.005
kiln_profile_full_attn_stage full_attn_layer=5 stage=qk_norm seq_len=1 start_pos=68 elapsed_ms=0.020
kiln_profile_full_attn_stage full_attn_layer=5 stage=rope seq_len=1 start_pos=68 elapsed_ms=0.034
kiln_profile_full_attn_stage full_attn_layer=5 stage=q_transpose seq_len=1 start_pos=68 elapsed_ms=0.004
kiln_profile_full_attn_stage full_attn_layer=5 stage=kv_write seq_len=1 start_pos=68 elapsed_ms=0.006
kiln_profile_full_attn_stage full_attn_layer=5 stage=kv_read seq_len=1 start_pos=68 elapsed_ms=0.043
kiln_profile_full_attn_stage full_attn_layer=5 stage=decode_group_layout seq_len=1 start_pos=68 elapsed_ms=0.003
kiln_profile_full_attn_stage full_attn_layer=5 stage=decode_scores seq_len=1 start_pos=68 elapsed_ms=0.149
kiln_profile_full_attn_stage full_attn_layer=5 stage=decode_softmax seq_len=1 start_pos=68 elapsed_ms=0.010
kiln_profile_full_attn_stage full_attn_layer=5 stage=decode_weighted_sum seq_len=1 start_pos=68 elapsed_ms=0.039
kiln_profile_full_attn_stage full_attn_layer=5 stage=attn_gate seq_len=1 start_pos=68 elapsed_ms=0.010
kiln_profile_full_attn_stage full_attn_layer=5 stage=o_proj seq_len=1 start_pos=68 elapsed_ms=0.319
kiln_profile_mlp_stage layer=23 stage=fused seq_len=1 start_pos=68 elapsed_ms=1.006
kiln_profile_paged_layer layer=23 kind=full seq_len=1 start_pos=68 elapsed_ms=2.366
kiln_profile_gdn_stage layer=24 stage=in_proj seq_len=1 start_pos=68 elapsed_ms=0.772
kiln_profile_gdn_stage layer=24 stage=conv seq_len=1 start_pos=68 elapsed_ms=0.110
kiln_profile_gdn_stage layer=24 stage=qkv_split seq_len=1 start_pos=68 elapsed_ms=0.001
kiln_profile_gdn_stage layer=24 stage=qk_norm seq_len=1 start_pos=68 elapsed_ms=0.018
kiln_profile_gdn_stage layer=24 stage=gates seq_len=1 start_pos=68 elapsed_ms=0.223
kiln_profile_gdn_stage layer=24 stage=recurrent seq_len=1 start_pos=68 elapsed_ms=0.650
kiln_profile_gdn_stage layer=24 stage=post_transpose seq_len=1 start_pos=68 elapsed_ms=0.000
kiln_profile_gdn_stage layer=24 stage=gated_norm seq_len=1 start_pos=68 elapsed_ms=0.317
kiln_profile_gdn_stage layer=24 stage=out_proj seq_len=1 start_pos=68 elapsed_ms=0.326
kiln_profile_mlp_stage layer=24 stage=fused seq_len=1 start_pos=68 elapsed_ms=1.169
kiln_profile_paged_layer layer=24 kind=linear seq_len=1 start_pos=68 elapsed_ms=3.628
kiln_profile_gdn_stage layer=25 stage=in_proj seq_len=1 start_pos=68 elapsed_ms=0.747
kiln_profile_gdn_stage layer=25 stage=conv seq_len=1 start_pos=68 elapsed_ms=0.099
kiln_profile_gdn_stage layer=25 stage=qkv_split seq_len=1 start_pos=68 elapsed_ms=0.001
kiln_profile_gdn_stage layer=25 stage=qk_norm seq_len=1 start_pos=68 elapsed_ms=0.015
kiln_profile_gdn_stage layer=25 stage=gates seq_len=1 start_pos=68 elapsed_ms=0.220
kiln_profile_gdn_stage layer=25 stage=recurrent seq_len=1 start_pos=68 elapsed_ms=0.615
kiln_profile_gdn_stage layer=25 stage=post_transpose seq_len=1 start_pos=68 elapsed_ms=0.000
kiln_profile_gdn_stage layer=25 stage=gated_norm seq_len=1 start_pos=68 elapsed_ms=0.289
kiln_profile_gdn_stage layer=25 stage=out_proj seq_len=1 start_pos=68 elapsed_ms=0.337
kiln_profile_mlp_stage layer=25 stage=fused seq_len=1 start_pos=68 elapsed_ms=1.055
kiln_profile_paged_layer layer=25 kind=linear seq_len=1 start_pos=68 elapsed_ms=3.420
kiln_profile_gdn_stage layer=26 stage=in_proj seq_len=1 start_pos=68 elapsed_ms=0.727
kiln_profile_gdn_stage layer=26 stage=conv seq_len=1 start_pos=68 elapsed_ms=0.097
kiln_profile_gdn_stage layer=26 stage=qkv_split seq_len=1 start_pos=68 elapsed_ms=0.001
kiln_profile_gdn_stage layer=26 stage=qk_norm seq_len=1 start_pos=68 elapsed_ms=0.015
kiln_profile_gdn_stage layer=26 stage=gates seq_len=1 start_pos=68 elapsed_ms=0.218
kiln_profile_gdn_stage layer=26 stage=recurrent seq_len=1 start_pos=68 elapsed_ms=0.617
kiln_profile_gdn_stage layer=26 stage=post_transpose seq_len=1 start_pos=68 elapsed_ms=0.000
kiln_profile_gdn_stage layer=26 stage=gated_norm seq_len=1 start_pos=68 elapsed_ms=0.278
kiln_profile_gdn_stage layer=26 stage=out_proj seq_len=1 start_pos=68 elapsed_ms=0.353
kiln_profile_mlp_stage layer=26 stage=fused seq_len=1 start_pos=68 elapsed_ms=1.096
kiln_profile_paged_layer layer=26 kind=linear seq_len=1 start_pos=68 elapsed_ms=3.440
kiln_profile_full_attn_stage full_attn_layer=6 stage=qkv_proj seq_len=1 start_pos=68 elapsed_ms=0.626
kiln_profile_full_attn_stage full_attn_layer=6 stage=qkv_split seq_len=1 start_pos=68 elapsed_ms=0.005
kiln_profile_full_attn_stage full_attn_layer=6 stage=qk_norm seq_len=1 start_pos=68 elapsed_ms=0.019
kiln_profile_full_attn_stage full_attn_layer=6 stage=rope seq_len=1 start_pos=68 elapsed_ms=0.034
kiln_profile_full_attn_stage full_attn_layer=6 stage=q_transpose seq_len=1 start_pos=68 elapsed_ms=0.004
kiln_profile_full_attn_stage full_attn_layer=6 stage=kv_write seq_len=1 start_pos=68 elapsed_ms=0.005
kiln_profile_full_attn_stage full_attn_layer=6 stage=kv_read seq_len=1 start_pos=68 elapsed_ms=0.044
kiln_profile_full_attn_stage full_attn_layer=6 stage=decode_group_layout seq_len=1 start_pos=68 elapsed_ms=0.002
kiln_profile_full_attn_stage full_attn_layer=6 stage=decode_scores seq_len=1 start_pos=68 elapsed_ms=0.143
kiln_profile_full_attn_stage full_attn_layer=6 stage=decode_softmax seq_len=1 start_pos=68 elapsed_ms=0.010
kiln_profile_full_attn_stage full_attn_layer=6 stage=decode_weighted_sum seq_len=1 start_pos=68 elapsed_ms=0.039
kiln_profile_full_attn_stage full_attn_layer=6 stage=attn_gate seq_len=1 start_pos=68 elapsed_ms=0.010
kiln_profile_full_attn_stage full_attn_layer=6 stage=o_proj seq_len=1 start_pos=68 elapsed_ms=0.311
kiln_profile_mlp_stage layer=27 stage=fused seq_len=1 start_pos=68 elapsed_ms=1.123
kiln_profile_paged_layer layer=27 kind=full seq_len=1 start_pos=68 elapsed_ms=2.427
kiln_profile_gdn_stage layer=28 stage=in_proj seq_len=1 start_pos=68 elapsed_ms=0.733
kiln_profile_gdn_stage layer=28 stage=conv seq_len=1 start_pos=68 elapsed_ms=0.106
kiln_profile_gdn_stage layer=28 stage=qkv_split seq_len=1 start_pos=68 elapsed_ms=0.001
kiln_profile_gdn_stage layer=28 stage=qk_norm seq_len=1 start_pos=68 elapsed_ms=0.017
kiln_profile_gdn_stage layer=28 stage=gates seq_len=1 start_pos=68 elapsed_ms=0.949
kiln_profile_gdn_stage layer=28 stage=recurrent seq_len=1 start_pos=68 elapsed_ms=0.654
kiln_profile_gdn_stage layer=28 stage=post_transpose seq_len=1 start_pos=68 elapsed_ms=0.000
kiln_profile_gdn_stage layer=28 stage=gated_norm seq_len=1 start_pos=68 elapsed_ms=0.336
kiln_profile_gdn_stage layer=28 stage=out_proj seq_len=1 start_pos=68 elapsed_ms=0.341
kiln_profile_mlp_stage layer=28 stage=fused seq_len=1 start_pos=68 elapsed_ms=1.021
kiln_profile_paged_layer layer=28 kind=linear seq_len=1 start_pos=68 elapsed_ms=4.199
kiln_profile_gdn_stage layer=29 stage=in_proj seq_len=1 start_pos=68 elapsed_ms=0.725
kiln_profile_gdn_stage layer=29 stage=conv seq_len=1 start_pos=68 elapsed_ms=0.099
kiln_profile_gdn_stage layer=29 stage=qkv_split seq_len=1 start_pos=68 elapsed_ms=0.002
kiln_profile_gdn_stage layer=29 stage=qk_norm seq_len=1 start_pos=68 elapsed_ms=0.015
kiln_profile_gdn_stage layer=29 stage=gates seq_len=1 start_pos=68 elapsed_ms=0.214
kiln_profile_gdn_stage layer=29 stage=recurrent seq_len=1 start_pos=68 elapsed_ms=0.629
kiln_profile_gdn_stage layer=29 stage=post_transpose seq_len=1 start_pos=68 elapsed_ms=0.000
kiln_profile_gdn_stage layer=29 stage=gated_norm seq_len=1 start_pos=68 elapsed_ms=0.285
kiln_profile_gdn_stage layer=29 stage=out_proj seq_len=1 start_pos=68 elapsed_ms=0.333
kiln_profile_mlp_stage layer=29 stage=fused seq_len=1 start_pos=68 elapsed_ms=1.041
kiln_profile_paged_layer layer=29 kind=linear seq_len=1 start_pos=68 elapsed_ms=3.382
kiln_profile_gdn_stage layer=30 stage=in_proj seq_len=1 start_pos=68 elapsed_ms=0.725
kiln_profile_gdn_stage layer=30 stage=conv seq_len=1 start_pos=68 elapsed_ms=0.099
kiln_profile_gdn_stage layer=30 stage=qkv_split seq_len=1 start_pos=68 elapsed_ms=0.001
kiln_profile_gdn_stage layer=30 stage=qk_norm seq_len=1 start_pos=68 elapsed_ms=0.017
kiln_profile_gdn_stage layer=30 stage=gates seq_len=1 start_pos=68 elapsed_ms=0.247
kiln_profile_gdn_stage layer=30 stage=recurrent seq_len=1 start_pos=68 elapsed_ms=0.658
kiln_profile_gdn_stage layer=30 stage=post_transpose seq_len=1 start_pos=68 elapsed_ms=0.000
kiln_profile_gdn_stage layer=30 stage=gated_norm seq_len=1 start_pos=68 elapsed_ms=0.312
kiln_profile_gdn_stage layer=30 stage=out_proj seq_len=1 start_pos=68 elapsed_ms=0.503
kiln_profile_mlp_stage layer=30 stage=fused seq_len=1 start_pos=68 elapsed_ms=1.003
kiln_profile_paged_layer layer=30 kind=linear seq_len=1 start_pos=68 elapsed_ms=3.606
kiln_profile_full_attn_stage full_attn_layer=7 stage=qkv_proj seq_len=1 start_pos=68 elapsed_ms=0.605
kiln_profile_full_attn_stage full_attn_layer=7 stage=qkv_split seq_len=1 start_pos=68 elapsed_ms=0.004
kiln_profile_full_attn_stage full_attn_layer=7 stage=qk_norm seq_len=1 start_pos=68 elapsed_ms=0.019
kiln_profile_full_attn_stage full_attn_layer=7 stage=rope seq_len=1 start_pos=68 elapsed_ms=0.036
kiln_profile_full_attn_stage full_attn_layer=7 stage=q_transpose seq_len=1 start_pos=68 elapsed_ms=0.004
kiln_profile_full_attn_stage full_attn_layer=7 stage=kv_write seq_len=1 start_pos=68 elapsed_ms=0.004
kiln_profile_full_attn_stage full_attn_layer=7 stage=kv_read seq_len=1 start_pos=68 elapsed_ms=0.046
kiln_profile_full_attn_stage full_attn_layer=7 stage=decode_group_layout seq_len=1 start_pos=68 elapsed_ms=0.002
kiln_profile_full_attn_stage full_attn_layer=7 stage=decode_scores seq_len=1 start_pos=68 elapsed_ms=0.153
kiln_profile_full_attn_stage full_attn_layer=7 stage=decode_softmax seq_len=1 start_pos=68 elapsed_ms=0.010
kiln_profile_full_attn_stage full_attn_layer=7 stage=decode_weighted_sum seq_len=1 start_pos=68 elapsed_ms=0.039
kiln_profile_full_attn_stage full_attn_layer=7 stage=attn_gate seq_len=1 start_pos=68 elapsed_ms=0.010
kiln_profile_full_attn_stage full_attn_layer=7 stage=o_proj seq_len=1 start_pos=68 elapsed_ms=0.318
kiln_profile_mlp_stage layer=31 stage=fused seq_len=1 start_pos=68 elapsed_ms=1.002
kiln_profile_paged_layer layer=31 kind=full seq_len=1 start_pos=68 elapsed_ms=2.307
kiln_profile_gdn_stage layer=0 stage=in_proj seq_len=1 start_pos=69 elapsed_ms=0.683
kiln_profile_gdn_stage layer=0 stage=conv seq_len=1 start_pos=69 elapsed_ms=0.115
kiln_profile_gdn_stage layer=0 stage=qkv_split seq_len=1 start_pos=69 elapsed_ms=0.001
kiln_profile_gdn_stage layer=0 stage=qk_norm seq_len=1 start_pos=69 elapsed_ms=0.019
kiln_profile_gdn_stage layer=0 stage=gates seq_len=1 start_pos=69 elapsed_ms=0.261
kiln_profile_gdn_stage layer=0 stage=recurrent seq_len=1 start_pos=69 elapsed_ms=0.737
kiln_profile_gdn_stage layer=0 stage=post_transpose seq_len=1 start_pos=69 elapsed_ms=0.000
kiln_profile_gdn_stage layer=0 stage=gated_norm seq_len=1 start_pos=69 elapsed_ms=0.287
kiln_profile_gdn_stage layer=0 stage=out_proj seq_len=1 start_pos=69 elapsed_ms=0.322
kiln_profile_mlp_stage layer=0 stage=fused seq_len=1 start_pos=69 elapsed_ms=1.550
kiln_profile_paged_layer layer=0 kind=linear seq_len=1 start_pos=69 elapsed_ms=4.026
kiln_profile_gdn_stage layer=1 stage=in_proj seq_len=1 start_pos=69 elapsed_ms=0.750
kiln_profile_gdn_stage layer=1 stage=conv seq_len=1 start_pos=69 elapsed_ms=0.107
kiln_profile_gdn_stage layer=1 stage=qkv_split seq_len=1 start_pos=69 elapsed_ms=0.001
kiln_profile_gdn_stage layer=1 stage=qk_norm seq_len=1 start_pos=69 elapsed_ms=0.018
kiln_profile_gdn_stage layer=1 stage=gates seq_len=1 start_pos=69 elapsed_ms=0.239
kiln_profile_gdn_stage layer=1 stage=recurrent seq_len=1 start_pos=69 elapsed_ms=0.680
kiln_profile_gdn_stage layer=1 stage=post_transpose seq_len=1 start_pos=69 elapsed_ms=0.000
kiln_profile_gdn_stage layer=1 stage=gated_norm seq_len=1 start_pos=69 elapsed_ms=0.319
kiln_profile_gdn_stage layer=1 stage=out_proj seq_len=1 start_pos=69 elapsed_ms=0.330
kiln_profile_mlp_stage layer=1 stage=fused seq_len=1 start_pos=69 elapsed_ms=1.175
kiln_profile_paged_layer layer=1 kind=linear seq_len=1 start_pos=69 elapsed_ms=3.665
kiln_profile_gdn_stage layer=2 stage=in_proj seq_len=1 start_pos=69 elapsed_ms=0.747
kiln_profile_gdn_stage layer=2 stage=conv seq_len=1 start_pos=69 elapsed_ms=0.115
kiln_profile_gdn_stage layer=2 stage=qkv_split seq_len=1 start_pos=69 elapsed_ms=0.001
kiln_profile_gdn_stage layer=2 stage=qk_norm seq_len=1 start_pos=69 elapsed_ms=0.016
kiln_profile_gdn_stage layer=2 stage=gates seq_len=1 start_pos=69 elapsed_ms=0.254
kiln_profile_gdn_stage layer=2 stage=recurrent seq_len=1 start_pos=69 elapsed_ms=0.692
kiln_profile_gdn_stage layer=2 stage=post_transpose seq_len=1 start_pos=69 elapsed_ms=0.000
kiln_profile_gdn_stage layer=2 stage=gated_norm seq_len=1 start_pos=69 elapsed_ms=0.285
kiln_profile_gdn_stage layer=2 stage=out_proj seq_len=1 start_pos=69 elapsed_ms=0.336
kiln_profile_mlp_stage layer=2 stage=fused seq_len=1 start_pos=69 elapsed_ms=1.058
kiln_profile_paged_layer layer=2 kind=linear seq_len=1 start_pos=69 elapsed_ms=3.554
kiln_profile_full_attn_stage full_attn_layer=0 stage=qkv_proj seq_len=1 start_pos=69 elapsed_ms=0.650
kiln_profile_full_attn_stage full_attn_layer=0 stage=qkv_split seq_len=1 start_pos=69 elapsed_ms=0.005
kiln_profile_full_attn_stage full_attn_layer=0 stage=qk_norm seq_len=1 start_pos=69 elapsed_ms=0.023
kiln_profile_full_attn_stage full_attn_layer=0 stage=rope seq_len=1 start_pos=69 elapsed_ms=0.036
kiln_profile_full_attn_stage full_attn_layer=0 stage=q_transpose seq_len=1 start_pos=69 elapsed_ms=0.004
kiln_profile_full_attn_stage full_attn_layer=0 stage=kv_write seq_len=1 start_pos=69 elapsed_ms=0.006
kiln_profile_full_attn_stage full_attn_layer=0 stage=kv_read seq_len=1 start_pos=69 elapsed_ms=0.054
kiln_profile_full_attn_stage full_attn_layer=0 stage=decode_group_layout seq_len=1 start_pos=69 elapsed_ms=0.002
kiln_profile_full_attn_stage full_attn_layer=0 stage=decode_scores seq_len=1 start_pos=69 elapsed_ms=0.158
kiln_profile_full_attn_stage full_attn_layer=0 stage=decode_softmax seq_len=1 start_pos=69 elapsed_ms=0.010
kiln_profile_full_attn_stage full_attn_layer=0 stage=decode_weighted_sum seq_len=1 start_pos=69 elapsed_ms=0.042
kiln_profile_full_attn_stage full_attn_layer=0 stage=attn_gate seq_len=1 start_pos=69 elapsed_ms=0.010
kiln_profile_full_attn_stage full_attn_layer=0 stage=o_proj seq_len=1 start_pos=69 elapsed_ms=0.319
kiln_profile_mlp_stage layer=3 stage=fused seq_len=1 start_pos=69 elapsed_ms=1.044
kiln_profile_paged_layer layer=3 kind=full seq_len=1 start_pos=69 elapsed_ms=2.420
kiln_profile_gdn_stage layer=4 stage=in_proj seq_len=1 start_pos=69 elapsed_ms=0.734
kiln_profile_gdn_stage layer=4 stage=conv seq_len=1 start_pos=69 elapsed_ms=0.117
kiln_profile_gdn_stage layer=4 stage=qkv_split seq_len=1 start_pos=69 elapsed_ms=0.001
kiln_profile_gdn_stage layer=4 stage=qk_norm seq_len=1 start_pos=69 elapsed_ms=0.018
kiln_profile_gdn_stage layer=4 stage=gates seq_len=1 start_pos=69 elapsed_ms=0.234
kiln_profile_gdn_stage layer=4 stage=recurrent seq_len=1 start_pos=69 elapsed_ms=0.725
kiln_profile_gdn_stage layer=4 stage=post_transpose seq_len=1 start_pos=69 elapsed_ms=0.001
kiln_profile_gdn_stage layer=4 stage=gated_norm seq_len=1 start_pos=69 elapsed_ms=0.344
kiln_profile_gdn_stage layer=4 stage=out_proj seq_len=1 start_pos=69 elapsed_ms=0.367
kiln_profile_mlp_stage layer=4 stage=fused seq_len=1 start_pos=69 elapsed_ms=1.035
kiln_profile_paged_layer layer=4 kind=linear seq_len=1 start_pos=69 elapsed_ms=3.636
kiln_profile_gdn_stage layer=5 stage=in_proj seq_len=1 start_pos=69 elapsed_ms=0.724
kiln_profile_gdn_stage layer=5 stage=conv seq_len=1 start_pos=69 elapsed_ms=0.124
kiln_profile_gdn_stage layer=5 stage=qkv_split seq_len=1 start_pos=69 elapsed_ms=0.001
kiln_profile_gdn_stage layer=5 stage=qk_norm seq_len=1 start_pos=69 elapsed_ms=0.020
kiln_profile_gdn_stage layer=5 stage=gates seq_len=1 start_pos=69 elapsed_ms=0.232
kiln_profile_gdn_stage layer=5 stage=recurrent seq_len=1 start_pos=69 elapsed_ms=0.674
kiln_profile_gdn_stage layer=5 stage=post_transpose seq_len=1 start_pos=69 elapsed_ms=0.000
kiln_profile_gdn_stage layer=5 stage=gated_norm seq_len=1 start_pos=69 elapsed_ms=0.277
kiln_profile_gdn_stage layer=5 stage=out_proj seq_len=1 start_pos=69 elapsed_ms=0.333
kiln_profile_mlp_stage layer=5 stage=fused seq_len=1 start_pos=69 elapsed_ms=0.997
kiln_profile_paged_layer layer=5 kind=linear seq_len=1 start_pos=69 elapsed_ms=3.432
kiln_profile_gdn_stage layer=6 stage=in_proj seq_len=1 start_pos=69 elapsed_ms=0.739
kiln_profile_gdn_stage layer=6 stage=conv seq_len=1 start_pos=69 elapsed_ms=0.122
kiln_profile_gdn_stage layer=6 stage=qkv_split seq_len=1 start_pos=69 elapsed_ms=0.001
kiln_profile_gdn_stage layer=6 stage=qk_norm seq_len=1 start_pos=69 elapsed_ms=0.020
kiln_profile_gdn_stage layer=6 stage=gates seq_len=1 start_pos=69 elapsed_ms=0.224
kiln_profile_gdn_stage layer=6 stage=recurrent seq_len=1 start_pos=69 elapsed_ms=0.670
kiln_profile_gdn_stage layer=6 stage=post_transpose seq_len=1 start_pos=69 elapsed_ms=0.000
kiln_profile_gdn_stage layer=6 stage=gated_norm seq_len=1 start_pos=69 elapsed_ms=0.309
kiln_profile_gdn_stage layer=6 stage=out_proj seq_len=1 start_pos=69 elapsed_ms=0.334
kiln_profile_mlp_stage layer=6 stage=fused seq_len=1 start_pos=69 elapsed_ms=1.047
kiln_profile_paged_layer layer=6 kind=linear seq_len=1 start_pos=69 elapsed_ms=3.517
kiln_profile_full_attn_stage full_attn_layer=1 stage=qkv_proj seq_len=1 start_pos=69 elapsed_ms=0.658
kiln_profile_full_attn_stage full_attn_layer=1 stage=qkv_split seq_len=1 start_pos=69 elapsed_ms=0.006
kiln_profile_full_attn_stage full_attn_layer=1 stage=qk_norm seq_len=1 start_pos=69 elapsed_ms=0.022
kiln_profile_full_attn_stage full_attn_layer=1 stage=rope seq_len=1 start_pos=69 elapsed_ms=0.038
kiln_profile_full_attn_stage full_attn_layer=1 stage=q_transpose seq_len=1 start_pos=69 elapsed_ms=0.007
kiln_profile_full_attn_stage full_attn_layer=1 stage=kv_write seq_len=1 start_pos=69 elapsed_ms=0.006
kiln_profile_full_attn_stage full_attn_layer=1 stage=kv_read seq_len=1 start_pos=69 elapsed_ms=0.041
kiln_profile_full_attn_stage full_attn_layer=1 stage=decode_group_layout seq_len=1 start_pos=69 elapsed_ms=0.003
kiln_profile_full_attn_stage full_attn_layer=1 stage=decode_scores seq_len=1 start_pos=69 elapsed_ms=0.156
kiln_profile_full_attn_stage full_attn_layer=1 stage=decode_softmax seq_len=1 start_pos=69 elapsed_ms=0.014
kiln_profile_full_attn_stage full_attn_layer=1 stage=decode_weighted_sum seq_len=1 start_pos=69 elapsed_ms=0.046
kiln_profile_full_attn_stage full_attn_layer=1 stage=attn_gate seq_len=1 start_pos=69 elapsed_ms=0.012
kiln_profile_full_attn_stage full_attn_layer=1 stage=o_proj seq_len=1 start_pos=69 elapsed_ms=0.306
kiln_profile_mlp_stage layer=7 stage=fused seq_len=1 start_pos=69 elapsed_ms=1.008
kiln_profile_paged_layer layer=7 kind=full seq_len=1 start_pos=69 elapsed_ms=2.395
kiln_profile_gdn_stage layer=8 stage=in_proj seq_len=1 start_pos=69 elapsed_ms=0.722
kiln_profile_gdn_stage layer=8 stage=conv seq_len=1 start_pos=69 elapsed_ms=0.116
kiln_profile_gdn_stage layer=8 stage=qkv_split seq_len=1 start_pos=69 elapsed_ms=0.001
kiln_profile_gdn_stage layer=8 stage=qk_norm seq_len=1 start_pos=69 elapsed_ms=0.019
kiln_profile_gdn_stage layer=8 stage=gates seq_len=1 start_pos=69 elapsed_ms=0.254
kiln_profile_gdn_stage layer=8 stage=recurrent seq_len=1 start_pos=69 elapsed_ms=0.701
kiln_profile_gdn_stage layer=8 stage=post_transpose seq_len=1 start_pos=69 elapsed_ms=0.000
kiln_profile_gdn_stage layer=8 stage=gated_norm seq_len=1 start_pos=69 elapsed_ms=0.291
kiln_profile_gdn_stage layer=8 stage=out_proj seq_len=1 start_pos=69 elapsed_ms=0.329
kiln_profile_mlp_stage layer=8 stage=fused seq_len=1 start_pos=69 elapsed_ms=0.991
kiln_profile_paged_layer layer=8 kind=linear seq_len=1 start_pos=69 elapsed_ms=3.478
kiln_profile_gdn_stage layer=9 stage=in_proj seq_len=1 start_pos=69 elapsed_ms=0.725
kiln_profile_gdn_stage layer=9 stage=conv seq_len=1 start_pos=69 elapsed_ms=0.117
kiln_profile_gdn_stage layer=9 stage=qkv_split seq_len=1 start_pos=69 elapsed_ms=0.001
kiln_profile_gdn_stage layer=9 stage=qk_norm seq_len=1 start_pos=69 elapsed_ms=0.018
kiln_profile_gdn_stage layer=9 stage=gates seq_len=1 start_pos=69 elapsed_ms=0.260
kiln_profile_gdn_stage layer=9 stage=recurrent seq_len=1 start_pos=69 elapsed_ms=0.686
kiln_profile_gdn_stage layer=9 stage=post_transpose seq_len=1 start_pos=69 elapsed_ms=0.000
kiln_profile_gdn_stage layer=9 stage=gated_norm seq_len=1 start_pos=69 elapsed_ms=0.363
kiln_profile_gdn_stage layer=9 stage=out_proj seq_len=1 start_pos=69 elapsed_ms=0.323
kiln_profile_mlp_stage layer=9 stage=fused seq_len=1 start_pos=69 elapsed_ms=1.157
kiln_profile_paged_layer layer=9 kind=linear seq_len=1 start_pos=69 elapsed_ms=3.704
kiln_profile_gdn_stage layer=10 stage=in_proj seq_len=1 start_pos=69 elapsed_ms=0.763
kiln_profile_gdn_stage layer=10 stage=conv seq_len=1 start_pos=69 elapsed_ms=0.188
kiln_profile_gdn_stage layer=10 stage=qkv_split seq_len=1 start_pos=69 elapsed_ms=0.002
kiln_profile_gdn_stage layer=10 stage=qk_norm seq_len=1 start_pos=69 elapsed_ms=0.026
kiln_profile_gdn_stage layer=10 stage=gates seq_len=1 start_pos=69 elapsed_ms=0.482
kiln_profile_gdn_stage layer=10 stage=recurrent seq_len=1 start_pos=69 elapsed_ms=0.889
kiln_profile_gdn_stage layer=10 stage=post_transpose seq_len=1 start_pos=69 elapsed_ms=0.000
kiln_profile_gdn_stage layer=10 stage=gated_norm seq_len=1 start_pos=69 elapsed_ms=0.364
kiln_profile_gdn_stage layer=10 stage=out_proj seq_len=1 start_pos=69 elapsed_ms=0.345
kiln_profile_mlp_stage layer=10 stage=fused seq_len=1 start_pos=69 elapsed_ms=1.058
kiln_profile_paged_layer layer=10 kind=linear seq_len=1 start_pos=69 elapsed_ms=4.208
kiln_profile_full_attn_stage full_attn_layer=2 stage=qkv_proj seq_len=1 start_pos=69 elapsed_ms=0.648
kiln_profile_full_attn_stage full_attn_layer=2 stage=qkv_split seq_len=1 start_pos=69 elapsed_ms=0.008
kiln_profile_full_attn_stage full_attn_layer=2 stage=qk_norm seq_len=1 start_pos=69 elapsed_ms=0.029
kiln_profile_full_attn_stage full_attn_layer=2 stage=rope seq_len=1 start_pos=69 elapsed_ms=0.050
kiln_profile_full_attn_stage full_attn_layer=2 stage=q_transpose seq_len=1 start_pos=69 elapsed_ms=0.007
kiln_profile_full_attn_stage full_attn_layer=2 stage=kv_write seq_len=1 start_pos=69 elapsed_ms=0.007
kiln_profile_full_attn_stage full_attn_layer=2 stage=kv_read seq_len=1 start_pos=69 elapsed_ms=0.055
kiln_profile_full_attn_stage full_attn_layer=2 stage=decode_group_layout seq_len=1 start_pos=69 elapsed_ms=0.004
kiln_profile_full_attn_stage full_attn_layer=2 stage=decode_scores seq_len=1 start_pos=69 elapsed_ms=0.208
kiln_profile_full_attn_stage full_attn_layer=2 stage=decode_softmax seq_len=1 start_pos=69 elapsed_ms=0.016
kiln_profile_full_attn_stage full_attn_layer=2 stage=decode_weighted_sum seq_len=1 start_pos=69 elapsed_ms=0.047
kiln_profile_full_attn_stage full_attn_layer=2 stage=attn_gate seq_len=1 start_pos=69 elapsed_ms=0.016
kiln_profile_full_attn_stage full_attn_layer=2 stage=o_proj seq_len=1 start_pos=69 elapsed_ms=0.509
kiln_profile_mlp_stage layer=11 stage=fused seq_len=1 start_pos=69 elapsed_ms=1.212
kiln_profile_paged_layer layer=11 kind=full seq_len=1 start_pos=69 elapsed_ms=2.899
kiln_profile_gdn_stage layer=12 stage=in_proj seq_len=1 start_pos=69 elapsed_ms=0.751
kiln_profile_gdn_stage layer=12 stage=conv seq_len=1 start_pos=69 elapsed_ms=0.109
kiln_profile_gdn_stage layer=12 stage=qkv_split seq_len=1 start_pos=69 elapsed_ms=0.001
kiln_profile_gdn_stage layer=12 stage=qk_norm seq_len=1 start_pos=69 elapsed_ms=0.019
kiln_profile_gdn_stage layer=12 stage=gates seq_len=1 start_pos=69 elapsed_ms=0.345
kiln_profile_gdn_stage layer=12 stage=recurrent seq_len=1 start_pos=69 elapsed_ms=0.701
kiln_profile_gdn_stage layer=12 stage=post_transpose seq_len=1 start_pos=69 elapsed_ms=0.000
kiln_profile_gdn_stage layer=12 stage=gated_norm seq_len=1 start_pos=69 elapsed_ms=0.336
kiln_profile_gdn_stage layer=12 stage=out_proj seq_len=1 start_pos=69 elapsed_ms=0.328
kiln_profile_mlp_stage layer=12 stage=fused seq_len=1 start_pos=69 elapsed_ms=1.008
kiln_profile_paged_layer layer=12 kind=linear seq_len=1 start_pos=69 elapsed_ms=3.651
kiln_profile_gdn_stage layer=13 stage=in_proj seq_len=1 start_pos=69 elapsed_ms=0.740
kiln_profile_gdn_stage layer=13 stage=conv seq_len=1 start_pos=69 elapsed_ms=0.138
kiln_profile_gdn_stage layer=13 stage=qkv_split seq_len=1 start_pos=69 elapsed_ms=0.001
kiln_profile_gdn_stage layer=13 stage=qk_norm seq_len=1 start_pos=69 elapsed_ms=0.020
kiln_profile_gdn_stage layer=13 stage=gates seq_len=1 start_pos=69 elapsed_ms=0.268
kiln_profile_gdn_stage layer=13 stage=recurrent seq_len=1 start_pos=69 elapsed_ms=0.708
kiln_profile_gdn_stage layer=13 stage=post_transpose seq_len=1 start_pos=69 elapsed_ms=0.000
kiln_profile_gdn_stage layer=13 stage=gated_norm seq_len=1 start_pos=69 elapsed_ms=0.294
kiln_profile_gdn_stage layer=13 stage=out_proj seq_len=1 start_pos=69 elapsed_ms=0.323
kiln_profile_mlp_stage layer=13 stage=fused seq_len=1 start_pos=69 elapsed_ms=1.009
kiln_profile_paged_layer layer=13 kind=linear seq_len=1 start_pos=69 elapsed_ms=3.553
kiln_profile_gdn_stage layer=14 stage=in_proj seq_len=1 start_pos=69 elapsed_ms=0.770
kiln_profile_gdn_stage layer=14 stage=conv seq_len=1 start_pos=69 elapsed_ms=0.133
kiln_profile_gdn_stage layer=14 stage=qkv_split seq_len=1 start_pos=69 elapsed_ms=0.001
kiln_profile_gdn_stage layer=14 stage=qk_norm seq_len=1 start_pos=69 elapsed_ms=0.023
kiln_profile_gdn_stage layer=14 stage=gates seq_len=1 start_pos=69 elapsed_ms=0.250
kiln_profile_gdn_stage layer=14 stage=recurrent seq_len=1 start_pos=69 elapsed_ms=0.682
kiln_profile_gdn_stage layer=14 stage=post_transpose seq_len=1 start_pos=69 elapsed_ms=0.000
kiln_profile_gdn_stage layer=14 stage=gated_norm seq_len=1 start_pos=69 elapsed_ms=0.284
kiln_profile_gdn_stage layer=14 stage=out_proj seq_len=1 start_pos=69 elapsed_ms=0.351
kiln_profile_mlp_stage layer=14 stage=fused seq_len=1 start_pos=69 elapsed_ms=1.011
kiln_profile_paged_layer layer=14 kind=linear seq_len=1 start_pos=69 elapsed_ms=3.555
kiln_profile_full_attn_stage full_attn_layer=3 stage=qkv_proj seq_len=1 start_pos=69 elapsed_ms=0.626
kiln_profile_full_attn_stage full_attn_layer=3 stage=qkv_split seq_len=1 start_pos=69 elapsed_ms=0.006
kiln_profile_full_attn_stage full_attn_layer=3 stage=qk_norm seq_len=1 start_pos=69 elapsed_ms=0.026
kiln_profile_full_attn_stage full_attn_layer=3 stage=rope seq_len=1 start_pos=69 elapsed_ms=0.049
kiln_profile_full_attn_stage full_attn_layer=3 stage=q_transpose seq_len=1 start_pos=69 elapsed_ms=0.006
kiln_profile_full_attn_stage full_attn_layer=3 stage=kv_write seq_len=1 start_pos=69 elapsed_ms=0.007
kiln_profile_full_attn_stage full_attn_layer=3 stage=kv_read seq_len=1 start_pos=69 elapsed_ms=0.040
kiln_profile_full_attn_stage full_attn_layer=3 stage=decode_group_layout seq_len=1 start_pos=69 elapsed_ms=0.003
kiln_profile_full_attn_stage full_attn_layer=3 stage=decode_scores seq_len=1 start_pos=69 elapsed_ms=0.159
kiln_profile_full_attn_stage full_attn_layer=3 stage=decode_softmax seq_len=1 start_pos=69 elapsed_ms=0.014
kiln_profile_full_attn_stage full_attn_layer=3 stage=decode_weighted_sum seq_len=1 start_pos=69 elapsed_ms=0.048
kiln_profile_full_attn_stage full_attn_layer=3 stage=attn_gate seq_len=1 start_pos=69 elapsed_ms=0.017
kiln_profile_full_attn_stage full_attn_layer=3 stage=o_proj seq_len=1 start_pos=69 elapsed_ms=0.939
kiln_profile_mlp_stage layer=15 stage=fused seq_len=1 start_pos=69 elapsed_ms=1.022
kiln_profile_paged_layer layer=15 kind=full seq_len=1 start_pos=69 elapsed_ms=3.032
kiln_profile_gdn_stage layer=16 stage=in_proj seq_len=1 start_pos=69 elapsed_ms=0.749
kiln_profile_gdn_stage layer=16 stage=conv seq_len=1 start_pos=69 elapsed_ms=0.112
kiln_profile_gdn_stage layer=16 stage=qkv_split seq_len=1 start_pos=69 elapsed_ms=0.001
kiln_profile_gdn_stage layer=16 stage=qk_norm seq_len=1 start_pos=69 elapsed_ms=0.018
kiln_profile_gdn_stage layer=16 stage=gates seq_len=1 start_pos=69 elapsed_ms=0.381
kiln_profile_gdn_stage layer=16 stage=recurrent seq_len=1 start_pos=69 elapsed_ms=0.765
kiln_profile_gdn_stage layer=16 stage=post_transpose seq_len=1 start_pos=69 elapsed_ms=0.000
kiln_profile_gdn_stage layer=16 stage=gated_norm seq_len=1 start_pos=69 elapsed_ms=0.305
kiln_profile_gdn_stage layer=16 stage=out_proj seq_len=1 start_pos=69 elapsed_ms=0.334
kiln_profile_mlp_stage layer=16 stage=fused seq_len=1 start_pos=69 elapsed_ms=0.996
kiln_profile_paged_layer layer=16 kind=linear seq_len=1 start_pos=69 elapsed_ms=3.710
kiln_profile_gdn_stage layer=17 stage=in_proj seq_len=1 start_pos=69 elapsed_ms=0.712
kiln_profile_gdn_stage layer=17 stage=conv seq_len=1 start_pos=69 elapsed_ms=0.119
kiln_profile_gdn_stage layer=17 stage=qkv_split seq_len=1 start_pos=69 elapsed_ms=0.006
kiln_profile_gdn_stage layer=17 stage=qk_norm seq_len=1 start_pos=69 elapsed_ms=0.020
kiln_profile_gdn_stage layer=17 stage=gates seq_len=1 start_pos=69 elapsed_ms=0.235
kiln_profile_gdn_stage layer=17 stage=recurrent seq_len=1 start_pos=69 elapsed_ms=0.674
kiln_profile_gdn_stage layer=17 stage=post_transpose seq_len=1 start_pos=69 elapsed_ms=0.000
kiln_profile_gdn_stage layer=17 stage=gated_norm seq_len=1 start_pos=69 elapsed_ms=0.288
kiln_profile_gdn_stage layer=17 stage=out_proj seq_len=1 start_pos=69 elapsed_ms=0.320
kiln_profile_mlp_stage layer=17 stage=fused seq_len=1 start_pos=69 elapsed_ms=1.054
kiln_profile_paged_layer layer=17 kind=linear seq_len=1 start_pos=69 elapsed_ms=3.480
kiln_profile_gdn_stage layer=18 stage=in_proj seq_len=1 start_pos=69 elapsed_ms=0.738
kiln_profile_gdn_stage layer=18 stage=conv seq_len=1 start_pos=69 elapsed_ms=0.125
kiln_profile_gdn_stage layer=18 stage=qkv_split seq_len=1 start_pos=69 elapsed_ms=0.002
kiln_profile_gdn_stage layer=18 stage=qk_norm seq_len=1 start_pos=69 elapsed_ms=0.021
kiln_profile_gdn_stage layer=18 stage=gates seq_len=1 start_pos=69 elapsed_ms=0.274
kiln_profile_gdn_stage layer=18 stage=recurrent seq_len=1 start_pos=69 elapsed_ms=0.715
kiln_profile_gdn_stage layer=18 stage=post_transpose seq_len=1 start_pos=69 elapsed_ms=0.000
kiln_profile_gdn_stage layer=18 stage=gated_norm seq_len=1 start_pos=69 elapsed_ms=0.317
kiln_profile_gdn_stage layer=18 stage=out_proj seq_len=1 start_pos=69 elapsed_ms=0.354
kiln_profile_mlp_stage layer=18 stage=fused seq_len=1 start_pos=69 elapsed_ms=1.011
kiln_profile_paged_layer layer=18 kind=linear seq_len=1 start_pos=69 elapsed_ms=3.610
kiln_profile_full_attn_stage full_attn_layer=4 stage=qkv_proj seq_len=1 start_pos=69 elapsed_ms=0.625
kiln_profile_full_attn_stage full_attn_layer=4 stage=qkv_split seq_len=1 start_pos=69 elapsed_ms=0.006
kiln_profile_full_attn_stage full_attn_layer=4 stage=qk_norm seq_len=1 start_pos=69 elapsed_ms=0.026
kiln_profile_full_attn_stage full_attn_layer=4 stage=rope seq_len=1 start_pos=69 elapsed_ms=0.045
kiln_profile_full_attn_stage full_attn_layer=4 stage=q_transpose seq_len=1 start_pos=69 elapsed_ms=0.007
kiln_profile_full_attn_stage full_attn_layer=4 stage=kv_write seq_len=1 start_pos=69 elapsed_ms=0.007
kiln_profile_full_attn_stage full_attn_layer=4 stage=kv_read seq_len=1 start_pos=69 elapsed_ms=0.054
kiln_profile_full_attn_stage full_attn_layer=4 stage=decode_group_layout seq_len=1 start_pos=69 elapsed_ms=0.004
kiln_profile_full_attn_stage full_attn_layer=4 stage=decode_scores seq_len=1 start_pos=69 elapsed_ms=0.198
kiln_profile_full_attn_stage full_attn_layer=4 stage=decode_softmax seq_len=1 start_pos=69 elapsed_ms=0.015
kiln_profile_full_attn_stage full_attn_layer=4 stage=decode_weighted_sum seq_len=1 start_pos=69 elapsed_ms=0.047
kiln_profile_full_attn_stage full_attn_layer=4 stage=attn_gate seq_len=1 start_pos=69 elapsed_ms=0.017
kiln_profile_full_attn_stage full_attn_layer=4 stage=o_proj seq_len=1 start_pos=69 elapsed_ms=0.321
kiln_profile_mlp_stage layer=19 stage=fused seq_len=1 start_pos=69 elapsed_ms=1.118
kiln_profile_paged_layer layer=19 kind=full seq_len=1 start_pos=69 elapsed_ms=2.560
kiln_profile_gdn_stage layer=20 stage=in_proj seq_len=1 start_pos=69 elapsed_ms=1.077
kiln_profile_gdn_stage layer=20 stage=conv seq_len=1 start_pos=69 elapsed_ms=0.116
kiln_profile_gdn_stage layer=20 stage=qkv_split seq_len=1 start_pos=69 elapsed_ms=0.001
kiln_profile_gdn_stage layer=20 stage=qk_norm seq_len=1 start_pos=69 elapsed_ms=0.019
kiln_profile_gdn_stage layer=20 stage=gates seq_len=1 start_pos=69 elapsed_ms=0.262
kiln_profile_gdn_stage layer=20 stage=recurrent seq_len=1 start_pos=69 elapsed_ms=0.703
kiln_profile_gdn_stage layer=20 stage=post_transpose seq_len=1 start_pos=69 elapsed_ms=0.000
kiln_profile_gdn_stage layer=20 stage=gated_norm seq_len=1 start_pos=69 elapsed_ms=0.297
kiln_profile_gdn_stage layer=20 stage=out_proj seq_len=1 start_pos=69 elapsed_ms=0.343
kiln_profile_mlp_stage layer=20 stage=fused seq_len=1 start_pos=69 elapsed_ms=1.058
kiln_profile_paged_layer layer=20 kind=linear seq_len=1 start_pos=69 elapsed_ms=3.932
kiln_profile_gdn_stage layer=21 stage=in_proj seq_len=1 start_pos=69 elapsed_ms=0.781
kiln_profile_gdn_stage layer=21 stage=conv seq_len=1 start_pos=69 elapsed_ms=0.132
kiln_profile_gdn_stage layer=21 stage=qkv_split seq_len=1 start_pos=69 elapsed_ms=0.001
kiln_profile_gdn_stage layer=21 stage=qk_norm seq_len=1 start_pos=69 elapsed_ms=0.020
kiln_profile_gdn_stage layer=21 stage=gates seq_len=1 start_pos=69 elapsed_ms=0.290
kiln_profile_gdn_stage layer=21 stage=recurrent seq_len=1 start_pos=69 elapsed_ms=0.715
kiln_profile_gdn_stage layer=21 stage=post_transpose seq_len=1 start_pos=69 elapsed_ms=0.000
kiln_profile_gdn_stage layer=21 stage=gated_norm seq_len=1 start_pos=69 elapsed_ms=0.318
kiln_profile_gdn_stage layer=21 stage=out_proj seq_len=1 start_pos=69 elapsed_ms=0.336
kiln_profile_mlp_stage layer=21 stage=fused seq_len=1 start_pos=69 elapsed_ms=1.059
kiln_profile_paged_layer layer=21 kind=linear seq_len=1 start_pos=69 elapsed_ms=3.706
kiln_profile_gdn_stage layer=22 stage=in_proj seq_len=1 start_pos=69 elapsed_ms=0.742
kiln_profile_gdn_stage layer=22 stage=conv seq_len=1 start_pos=69 elapsed_ms=0.153
kiln_profile_gdn_stage layer=22 stage=qkv_split seq_len=1 start_pos=69 elapsed_ms=0.001
kiln_profile_gdn_stage layer=22 stage=qk_norm seq_len=1 start_pos=69 elapsed_ms=0.024
kiln_profile_gdn_stage layer=22 stage=gates seq_len=1 start_pos=69 elapsed_ms=0.257
kiln_profile_gdn_stage layer=22 stage=recurrent seq_len=1 start_pos=69 elapsed_ms=0.728
kiln_profile_gdn_stage layer=22 stage=post_transpose seq_len=1 start_pos=69 elapsed_ms=0.000
kiln_profile_gdn_stage layer=22 stage=gated_norm seq_len=1 start_pos=69 elapsed_ms=0.309
kiln_profile_gdn_stage layer=22 stage=out_proj seq_len=1 start_pos=69 elapsed_ms=0.393
kiln_profile_mlp_stage layer=22 stage=fused seq_len=1 start_pos=69 elapsed_ms=1.060
kiln_profile_paged_layer layer=22 kind=linear seq_len=1 start_pos=69 elapsed_ms=3.721
kiln_profile_full_attn_stage full_attn_layer=5 stage=qkv_proj seq_len=1 start_pos=69 elapsed_ms=0.622
kiln_profile_full_attn_stage full_attn_layer=5 stage=qkv_split seq_len=1 start_pos=69 elapsed_ms=0.007
kiln_profile_full_attn_stage full_attn_layer=5 stage=qk_norm seq_len=1 start_pos=69 elapsed_ms=0.026
kiln_profile_full_attn_stage full_attn_layer=5 stage=rope seq_len=1 start_pos=69 elapsed_ms=0.053
kiln_profile_full_attn_stage full_attn_layer=5 stage=q_transpose seq_len=1 start_pos=69 elapsed_ms=0.007
kiln_profile_full_attn_stage full_attn_layer=5 stage=kv_write seq_len=1 start_pos=69 elapsed_ms=0.008
kiln_profile_full_attn_stage full_attn_layer=5 stage=kv_read seq_len=1 start_pos=69 elapsed_ms=0.065
kiln_profile_full_attn_stage full_attn_layer=5 stage=decode_group_layout seq_len=1 start_pos=69 elapsed_ms=0.009
kiln_profile_full_attn_stage full_attn_layer=5 stage=decode_scores seq_len=1 start_pos=69 elapsed_ms=0.206
kiln_profile_full_attn_stage full_attn_layer=5 stage=decode_softmax seq_len=1 start_pos=69 elapsed_ms=0.012
kiln_profile_full_attn_stage full_attn_layer=5 stage=decode_weighted_sum seq_len=1 start_pos=69 elapsed_ms=0.044
kiln_profile_full_attn_stage full_attn_layer=5 stage=attn_gate seq_len=1 start_pos=69 elapsed_ms=0.012
kiln_profile_full_attn_stage full_attn_layer=5 stage=o_proj seq_len=1 start_pos=69 elapsed_ms=0.318
kiln_profile_mlp_stage layer=23 stage=fused seq_len=1 start_pos=69 elapsed_ms=1.062
kiln_profile_paged_layer layer=23 kind=full seq_len=1 start_pos=69 elapsed_ms=2.518
kiln_profile_gdn_stage layer=24 stage=in_proj seq_len=1 start_pos=69 elapsed_ms=0.788
kiln_profile_gdn_stage layer=24 stage=conv seq_len=1 start_pos=69 elapsed_ms=0.197
kiln_profile_gdn_stage layer=24 stage=qkv_split seq_len=1 start_pos=69 elapsed_ms=0.001
kiln_profile_gdn_stage layer=24 stage=qk_norm seq_len=1 start_pos=69 elapsed_ms=0.025
kiln_profile_gdn_stage layer=24 stage=gates seq_len=1 start_pos=69 elapsed_ms=0.348
kiln_profile_gdn_stage layer=24 stage=recurrent seq_len=1 start_pos=69 elapsed_ms=0.732
kiln_profile_gdn_stage layer=24 stage=post_transpose seq_len=1 start_pos=69 elapsed_ms=0.000
kiln_profile_gdn_stage layer=24 stage=gated_norm seq_len=1 start_pos=69 elapsed_ms=0.291
kiln_profile_gdn_stage layer=24 stage=out_proj seq_len=1 start_pos=69 elapsed_ms=0.338
kiln_profile_mlp_stage layer=24 stage=fused seq_len=1 start_pos=69 elapsed_ms=1.015
kiln_profile_paged_layer layer=24 kind=linear seq_len=1 start_pos=69 elapsed_ms=3.790
kiln_profile_gdn_stage layer=25 stage=in_proj seq_len=1 start_pos=69 elapsed_ms=0.751
kiln_profile_gdn_stage layer=25 stage=conv seq_len=1 start_pos=69 elapsed_ms=0.115
kiln_profile_gdn_stage layer=25 stage=qkv_split seq_len=1 start_pos=69 elapsed_ms=0.001
kiln_profile_gdn_stage layer=25 stage=qk_norm seq_len=1 start_pos=69 elapsed_ms=0.020
kiln_profile_gdn_stage layer=25 stage=gates seq_len=1 start_pos=69 elapsed_ms=0.237
kiln_profile_gdn_stage layer=25 stage=recurrent seq_len=1 start_pos=69 elapsed_ms=0.723
kiln_profile_gdn_stage layer=25 stage=post_transpose seq_len=1 start_pos=69 elapsed_ms=0.000
kiln_profile_gdn_stage layer=25 stage=gated_norm seq_len=1 start_pos=69 elapsed_ms=0.296
kiln_profile_gdn_stage layer=25 stage=out_proj seq_len=1 start_pos=69 elapsed_ms=0.348
kiln_profile_mlp_stage layer=25 stage=fused seq_len=1 start_pos=69 elapsed_ms=1.051
kiln_profile_paged_layer layer=25 kind=linear seq_len=1 start_pos=69 elapsed_ms=3.594
kiln_profile_gdn_stage layer=26 stage=in_proj seq_len=1 start_pos=69 elapsed_ms=0.784
kiln_profile_gdn_stage layer=26 stage=conv seq_len=1 start_pos=69 elapsed_ms=0.116
kiln_profile_gdn_stage layer=26 stage=qkv_split seq_len=1 start_pos=69 elapsed_ms=0.001
kiln_profile_gdn_stage layer=26 stage=qk_norm seq_len=1 start_pos=69 elapsed_ms=0.020
kiln_profile_gdn_stage layer=26 stage=gates seq_len=1 start_pos=69 elapsed_ms=0.256
kiln_profile_gdn_stage layer=26 stage=recurrent seq_len=1 start_pos=69 elapsed_ms=0.742
kiln_profile_gdn_stage layer=26 stage=post_transpose seq_len=1 start_pos=69 elapsed_ms=0.000
kiln_profile_gdn_stage layer=26 stage=gated_norm seq_len=1 start_pos=69 elapsed_ms=0.314
kiln_profile_gdn_stage layer=26 stage=out_proj seq_len=1 start_pos=69 elapsed_ms=0.334
kiln_profile_mlp_stage layer=26 stage=fused seq_len=1 start_pos=69 elapsed_ms=1.073
kiln_profile_paged_layer layer=26 kind=linear seq_len=1 start_pos=69 elapsed_ms=3.708
kiln_profile_full_attn_stage full_attn_layer=6 stage=qkv_proj seq_len=1 start_pos=69 elapsed_ms=0.618
kiln_profile_full_attn_stage full_attn_layer=6 stage=qkv_split seq_len=1 start_pos=69 elapsed_ms=0.006
kiln_profile_full_attn_stage full_attn_layer=6 stage=qk_norm seq_len=1 start_pos=69 elapsed_ms=0.022
kiln_profile_full_attn_stage full_attn_layer=6 stage=rope seq_len=1 start_pos=69 elapsed_ms=0.040
kiln_profile_full_attn_stage full_attn_layer=6 stage=q_transpose seq_len=1 start_pos=69 elapsed_ms=0.005
kiln_profile_full_attn_stage full_attn_layer=6 stage=kv_write seq_len=1 start_pos=69 elapsed_ms=0.006
kiln_profile_full_attn_stage full_attn_layer=6 stage=kv_read seq_len=1 start_pos=69 elapsed_ms=0.047
kiln_profile_full_attn_stage full_attn_layer=6 stage=decode_group_layout seq_len=1 start_pos=69 elapsed_ms=0.004
kiln_profile_full_attn_stage full_attn_layer=6 stage=decode_scores seq_len=1 start_pos=69 elapsed_ms=0.173
kiln_profile_full_attn_stage full_attn_layer=6 stage=decode_softmax seq_len=1 start_pos=69 elapsed_ms=0.012
kiln_profile_full_attn_stage full_attn_layer=6 stage=decode_weighted_sum seq_len=1 start_pos=69 elapsed_ms=0.045
kiln_profile_full_attn_stage full_attn_layer=6 stage=attn_gate seq_len=1 start_pos=69 elapsed_ms=0.011
kiln_profile_full_attn_stage full_attn_layer=6 stage=o_proj seq_len=1 start_pos=69 elapsed_ms=0.339
kiln_profile_mlp_stage layer=27 stage=fused seq_len=1 start_pos=69 elapsed_ms=1.032
kiln_profile_paged_layer layer=27 kind=full seq_len=1 start_pos=69 elapsed_ms=2.423
kiln_profile_gdn_stage layer=28 stage=in_proj seq_len=1 start_pos=69 elapsed_ms=0.737
kiln_profile_gdn_stage layer=28 stage=conv seq_len=1 start_pos=69 elapsed_ms=0.124
kiln_profile_gdn_stage layer=28 stage=qkv_split seq_len=1 start_pos=69 elapsed_ms=0.001
kiln_profile_gdn_stage layer=28 stage=qk_norm seq_len=1 start_pos=69 elapsed_ms=0.019
kiln_profile_gdn_stage layer=28 stage=gates seq_len=1 start_pos=69 elapsed_ms=0.285
kiln_profile_gdn_stage layer=28 stage=recurrent seq_len=1 start_pos=69 elapsed_ms=0.771
kiln_profile_gdn_stage layer=28 stage=post_transpose seq_len=1 start_pos=69 elapsed_ms=0.000
kiln_profile_gdn_stage layer=28 stage=gated_norm seq_len=1 start_pos=69 elapsed_ms=0.314
kiln_profile_gdn_stage layer=28 stage=out_proj seq_len=1 start_pos=69 elapsed_ms=0.354
kiln_profile_mlp_stage layer=28 stage=fused seq_len=1 start_pos=69 elapsed_ms=1.023
kiln_profile_paged_layer layer=28 kind=linear seq_len=1 start_pos=69 elapsed_ms=3.678
kiln_profile_gdn_stage layer=29 stage=in_proj seq_len=1 start_pos=69 elapsed_ms=0.755
kiln_profile_gdn_stage layer=29 stage=conv seq_len=1 start_pos=69 elapsed_ms=0.115
kiln_profile_gdn_stage layer=29 stage=qkv_split seq_len=1 start_pos=69 elapsed_ms=0.002
kiln_profile_gdn_stage layer=29 stage=qk_norm seq_len=1 start_pos=69 elapsed_ms=0.019
kiln_profile_gdn_stage layer=29 stage=gates seq_len=1 start_pos=69 elapsed_ms=0.247
kiln_profile_gdn_stage layer=29 stage=recurrent seq_len=1 start_pos=69 elapsed_ms=2.471
kiln_profile_gdn_stage layer=29 stage=post_transpose seq_len=1 start_pos=69 elapsed_ms=0.000
kiln_profile_gdn_stage layer=29 stage=gated_norm seq_len=1 start_pos=69 elapsed_ms=0.560
kiln_profile_gdn_stage layer=29 stage=out_proj seq_len=1 start_pos=69 elapsed_ms=0.740
kiln_profile_mlp_stage layer=29 stage=fused seq_len=1 start_pos=69 elapsed_ms=1.430
kiln_profile_paged_layer layer=29 kind=linear seq_len=1 start_pos=69 elapsed_ms=6.403
kiln_profile_gdn_stage layer=30 stage=in_proj seq_len=1 start_pos=69 elapsed_ms=0.778
kiln_profile_gdn_stage layer=30 stage=conv seq_len=1 start_pos=69 elapsed_ms=0.118
kiln_profile_gdn_stage layer=30 stage=qkv_split seq_len=1 start_pos=69 elapsed_ms=0.002
kiln_profile_gdn_stage layer=30 stage=qk_norm seq_len=1 start_pos=69 elapsed_ms=0.020
kiln_profile_gdn_stage layer=30 stage=gates seq_len=1 start_pos=69 elapsed_ms=0.258
kiln_profile_gdn_stage layer=30 stage=recurrent seq_len=1 start_pos=69 elapsed_ms=0.745
kiln_profile_gdn_stage layer=30 stage=post_transpose seq_len=1 start_pos=69 elapsed_ms=0.000
kiln_profile_gdn_stage layer=30 stage=gated_norm seq_len=1 start_pos=69 elapsed_ms=0.317
kiln_profile_gdn_stage layer=30 stage=out_proj seq_len=1 start_pos=69 elapsed_ms=0.371
kiln_profile_mlp_stage layer=30 stage=fused seq_len=1 start_pos=69 elapsed_ms=1.491
kiln_profile_paged_layer layer=30 kind=linear seq_len=1 start_pos=69 elapsed_ms=4.165
kiln_profile_full_attn_stage full_attn_layer=7 stage=qkv_proj seq_len=1 start_pos=69 elapsed_ms=0.705
kiln_profile_full_attn_stage full_attn_layer=7 stage=qkv_split seq_len=1 start_pos=69 elapsed_ms=0.009
kiln_profile_full_attn_stage full_attn_layer=7 stage=qk_norm seq_len=1 start_pos=69 elapsed_ms=0.053
kiln_profile_full_attn_stage full_attn_layer=7 stage=rope seq_len=1 start_pos=69 elapsed_ms=0.068
kiln_profile_full_attn_stage full_attn_layer=7 stage=q_transpose seq_len=1 start_pos=69 elapsed_ms=0.008
kiln_profile_full_attn_stage full_attn_layer=7 stage=kv_write seq_len=1 start_pos=69 elapsed_ms=0.008
kiln_profile_full_attn_stage full_attn_layer=7 stage=kv_read seq_len=1 start_pos=69 elapsed_ms=0.062
kiln_profile_full_attn_stage full_attn_layer=7 stage=decode_group_layout seq_len=1 start_pos=69 elapsed_ms=0.005
kiln_profile_full_attn_stage full_attn_layer=7 stage=decode_scores seq_len=1 start_pos=69 elapsed_ms=0.227
kiln_profile_full_attn_stage full_attn_layer=7 stage=decode_softmax seq_len=1 start_pos=69 elapsed_ms=0.018
kiln_profile_full_attn_stage full_attn_layer=7 stage=decode_weighted_sum seq_len=1 start_pos=69 elapsed_ms=0.052
kiln_profile_full_attn_stage full_attn_layer=7 stage=attn_gate seq_len=1 start_pos=69 elapsed_ms=0.019
kiln_profile_full_attn_stage full_attn_layer=7 stage=o_proj seq_len=1 start_pos=69 elapsed_ms=0.541
kiln_profile_mlp_stage layer=31 stage=fused seq_len=1 start_pos=69 elapsed_ms=1.090
kiln_profile_paged_layer layer=31 kind=full seq_len=1 start_pos=69 elapsed_ms=3.014
kiln_profile_gdn_stage layer=0 stage=in_proj seq_len=1 start_pos=70 elapsed_ms=0.827
kiln_profile_gdn_stage layer=0 stage=conv seq_len=1 start_pos=70 elapsed_ms=0.268
kiln_profile_gdn_stage layer=0 stage=qkv_split seq_len=1 start_pos=70 elapsed_ms=0.002
kiln_profile_gdn_stage layer=0 stage=qk_norm seq_len=1 start_pos=70 elapsed_ms=0.040
kiln_profile_gdn_stage layer=0 stage=gates seq_len=1 start_pos=70 elapsed_ms=0.427
kiln_profile_gdn_stage layer=0 stage=recurrent seq_len=1 start_pos=70 elapsed_ms=1.080
kiln_profile_gdn_stage layer=0 stage=post_transpose seq_len=1 start_pos=70 elapsed_ms=0.000
kiln_profile_gdn_stage layer=0 stage=gated_norm seq_len=1 start_pos=70 elapsed_ms=0.419
kiln_profile_gdn_stage layer=0 stage=out_proj seq_len=1 start_pos=70 elapsed_ms=0.361
kiln_profile_mlp_stage layer=0 stage=fused seq_len=1 start_pos=70 elapsed_ms=1.177
kiln_profile_paged_layer layer=0 kind=linear seq_len=1 start_pos=70 elapsed_ms=4.716
kiln_profile_gdn_stage layer=1 stage=in_proj seq_len=1 start_pos=70 elapsed_ms=0.760
kiln_profile_gdn_stage layer=1 stage=conv seq_len=1 start_pos=70 elapsed_ms=0.247
kiln_profile_gdn_stage layer=1 stage=qkv_split seq_len=1 start_pos=70 elapsed_ms=0.002
kiln_profile_gdn_stage layer=1 stage=qk_norm seq_len=1 start_pos=70 elapsed_ms=0.029
kiln_profile_gdn_stage layer=1 stage=gates seq_len=1 start_pos=70 elapsed_ms=0.573
kiln_profile_gdn_stage layer=1 stage=recurrent seq_len=1 start_pos=70 elapsed_ms=1.079
kiln_profile_gdn_stage layer=1 stage=post_transpose seq_len=1 start_pos=70 elapsed_ms=0.000
kiln_profile_gdn_stage layer=1 stage=gated_norm seq_len=1 start_pos=70 elapsed_ms=0.366
kiln_profile_gdn_stage layer=1 stage=out_proj seq_len=1 start_pos=70 elapsed_ms=0.369
kiln_profile_mlp_stage layer=1 stage=fused seq_len=1 start_pos=70 elapsed_ms=1.065
kiln_profile_paged_layer layer=1 kind=linear seq_len=1 start_pos=70 elapsed_ms=4.605
kiln_profile_gdn_stage layer=2 stage=in_proj seq_len=1 start_pos=70 elapsed_ms=0.760
kiln_profile_gdn_stage layer=2 stage=conv seq_len=1 start_pos=70 elapsed_ms=0.229
kiln_profile_gdn_stage layer=2 stage=qkv_split seq_len=1 start_pos=70 elapsed_ms=0.003
kiln_profile_gdn_stage layer=2 stage=qk_norm seq_len=1 start_pos=70 elapsed_ms=0.035
kiln_profile_gdn_stage layer=2 stage=gates seq_len=1 start_pos=70 elapsed_ms=0.375
kiln_profile_gdn_stage layer=2 stage=recurrent seq_len=1 start_pos=70 elapsed_ms=1.434
kiln_profile_gdn_stage layer=2 stage=post_transpose seq_len=1 start_pos=70 elapsed_ms=0.000
kiln_profile_gdn_stage layer=2 stage=gated_norm seq_len=1 start_pos=70 elapsed_ms=1.012
kiln_profile_gdn_stage layer=2 stage=out_proj seq_len=1 start_pos=70 elapsed_ms=0.327
kiln_profile_mlp_stage layer=2 stage=fused seq_len=1 start_pos=70 elapsed_ms=0.985
kiln_profile_paged_layer layer=2 kind=linear seq_len=1 start_pos=70 elapsed_ms=5.240
kiln_profile_full_attn_stage full_attn_layer=0 stage=qkv_proj seq_len=1 start_pos=70 elapsed_ms=0.621
kiln_profile_full_attn_stage full_attn_layer=0 stage=qkv_split seq_len=1 start_pos=70 elapsed_ms=0.007
kiln_profile_full_attn_stage full_attn_layer=0 stage=qk_norm seq_len=1 start_pos=70 elapsed_ms=0.020
kiln_profile_full_attn_stage full_attn_layer=0 stage=rope seq_len=1 start_pos=70 elapsed_ms=0.035
kiln_profile_full_attn_stage full_attn_layer=0 stage=q_transpose seq_len=1 start_pos=70 elapsed_ms=0.004
kiln_profile_full_attn_stage full_attn_layer=0 stage=kv_write seq_len=1 start_pos=70 elapsed_ms=0.005
kiln_profile_full_attn_stage full_attn_layer=0 stage=kv_read seq_len=1 start_pos=70 elapsed_ms=0.049
kiln_profile_full_attn_stage full_attn_layer=0 stage=decode_group_layout seq_len=1 start_pos=70 elapsed_ms=0.002
kiln_profile_full_attn_stage full_attn_layer=0 stage=decode_scores seq_len=1 start_pos=70 elapsed_ms=0.133
kiln_profile_full_attn_stage full_attn_layer=0 stage=decode_softmax seq_len=1 start_pos=70 elapsed_ms=0.010
kiln_profile_full_attn_stage full_attn_layer=0 stage=decode_weighted_sum seq_len=1 start_pos=70 elapsed_ms=0.062
kiln_profile_full_attn_stage full_attn_layer=0 stage=attn_gate seq_len=1 start_pos=70 elapsed_ms=0.017
kiln_profile_full_attn_stage full_attn_layer=0 stage=o_proj seq_len=1 start_pos=70 elapsed_ms=0.380
kiln_profile_mlp_stage layer=3 stage=fused seq_len=1 start_pos=70 elapsed_ms=1.105
kiln_profile_paged_layer layer=3 kind=full seq_len=1 start_pos=70 elapsed_ms=2.530
kiln_profile_gdn_stage layer=4 stage=in_proj seq_len=1 start_pos=70 elapsed_ms=0.701
kiln_profile_gdn_stage layer=4 stage=conv seq_len=1 start_pos=70 elapsed_ms=0.105
kiln_profile_gdn_stage layer=4 stage=qkv_split seq_len=1 start_pos=70 elapsed_ms=0.001
kiln_profile_gdn_stage layer=4 stage=qk_norm seq_len=1 start_pos=70 elapsed_ms=0.017
kiln_profile_gdn_stage layer=4 stage=gates seq_len=1 start_pos=70 elapsed_ms=0.220
kiln_profile_gdn_stage layer=4 stage=recurrent seq_len=1 start_pos=70 elapsed_ms=0.620
kiln_profile_gdn_stage layer=4 stage=post_transpose seq_len=1 start_pos=70 elapsed_ms=0.000
kiln_profile_gdn_stage layer=4 stage=gated_norm seq_len=1 start_pos=70 elapsed_ms=0.301
kiln_profile_gdn_stage layer=4 stage=out_proj seq_len=1 start_pos=70 elapsed_ms=0.346
kiln_profile_mlp_stage layer=4 stage=fused seq_len=1 start_pos=70 elapsed_ms=1.108
kiln_profile_paged_layer layer=4 kind=linear seq_len=1 start_pos=70 elapsed_ms=3.471
kiln_profile_gdn_stage layer=5 stage=in_proj seq_len=1 start_pos=70 elapsed_ms=0.746
kiln_profile_gdn_stage layer=5 stage=conv seq_len=1 start_pos=70 elapsed_ms=0.123
kiln_profile_gdn_stage layer=5 stage=qkv_split seq_len=1 start_pos=70 elapsed_ms=0.001
kiln_profile_gdn_stage layer=5 stage=qk_norm seq_len=1 start_pos=70 elapsed_ms=0.017
kiln_profile_gdn_stage layer=5 stage=gates seq_len=1 start_pos=70 elapsed_ms=0.234
kiln_profile_gdn_stage layer=5 stage=recurrent seq_len=1 start_pos=70 elapsed_ms=0.632
kiln_profile_gdn_stage layer=5 stage=post_transpose seq_len=1 start_pos=70 elapsed_ms=0.000
kiln_profile_gdn_stage layer=5 stage=gated_norm seq_len=1 start_pos=70 elapsed_ms=0.298
kiln_profile_gdn_stage layer=5 stage=out_proj seq_len=1 start_pos=70 elapsed_ms=0.322
kiln_profile_mlp_stage layer=5 stage=fused seq_len=1 start_pos=70 elapsed_ms=0.981
kiln_profile_paged_layer layer=5 kind=linear seq_len=1 start_pos=70 elapsed_ms=3.407
kiln_profile_gdn_stage layer=6 stage=in_proj seq_len=1 start_pos=70 elapsed_ms=0.727
kiln_profile_gdn_stage layer=6 stage=conv seq_len=1 start_pos=70 elapsed_ms=0.104
kiln_profile_gdn_stage layer=6 stage=qkv_split seq_len=1 start_pos=70 elapsed_ms=0.001
kiln_profile_gdn_stage layer=6 stage=qk_norm seq_len=1 start_pos=70 elapsed_ms=0.016
kiln_profile_gdn_stage layer=6 stage=gates seq_len=1 start_pos=70 elapsed_ms=0.209
kiln_profile_gdn_stage layer=6 stage=recurrent seq_len=1 start_pos=70 elapsed_ms=0.607
kiln_profile_gdn_stage layer=6 stage=post_transpose seq_len=1 start_pos=70 elapsed_ms=0.000
kiln_profile_gdn_stage layer=6 stage=gated_norm seq_len=1 start_pos=70 elapsed_ms=0.351
kiln_profile_gdn_stage layer=6 stage=out_proj seq_len=1 start_pos=70 elapsed_ms=0.316
kiln_profile_mlp_stage layer=6 stage=fused seq_len=1 start_pos=70 elapsed_ms=1.002
kiln_profile_paged_layer layer=6 kind=linear seq_len=1 start_pos=70 elapsed_ms=3.382
kiln_profile_full_attn_stage full_attn_layer=1 stage=qkv_proj seq_len=1 start_pos=70 elapsed_ms=0.618
kiln_profile_full_attn_stage full_attn_layer=1 stage=qkv_split seq_len=1 start_pos=70 elapsed_ms=0.005
kiln_profile_full_attn_stage full_attn_layer=1 stage=qk_norm seq_len=1 start_pos=70 elapsed_ms=0.019
kiln_profile_full_attn_stage full_attn_layer=1 stage=rope seq_len=1 start_pos=70 elapsed_ms=0.031
kiln_profile_full_attn_stage full_attn_layer=1 stage=q_transpose seq_len=1 start_pos=70 elapsed_ms=0.004
kiln_profile_full_attn_stage full_attn_layer=1 stage=kv_write seq_len=1 start_pos=70 elapsed_ms=0.005
kiln_profile_full_attn_stage full_attn_layer=1 stage=kv_read seq_len=1 start_pos=70 elapsed_ms=0.038
kiln_profile_full_attn_stage full_attn_layer=1 stage=decode_group_layout seq_len=1 start_pos=70 elapsed_ms=0.002
kiln_profile_full_attn_stage full_attn_layer=1 stage=decode_scores seq_len=1 start_pos=70 elapsed_ms=0.137
kiln_profile_full_attn_stage full_attn_layer=1 stage=decode_softmax seq_len=1 start_pos=70 elapsed_ms=0.010
kiln_profile_full_attn_stage full_attn_layer=1 stage=decode_weighted_sum seq_len=1 start_pos=70 elapsed_ms=0.036
kiln_profile_full_attn_stage full_attn_layer=1 stage=attn_gate seq_len=1 start_pos=70 elapsed_ms=0.009
kiln_profile_full_attn_stage full_attn_layer=1 stage=o_proj seq_len=1 start_pos=70 elapsed_ms=0.314
kiln_profile_mlp_stage layer=7 stage=fused seq_len=1 start_pos=70 elapsed_ms=0.998
kiln_profile_paged_layer layer=7 kind=full seq_len=1 start_pos=70 elapsed_ms=2.279
kiln_profile_gdn_stage layer=8 stage=in_proj seq_len=1 start_pos=70 elapsed_ms=0.768
kiln_profile_gdn_stage layer=8 stage=conv seq_len=1 start_pos=70 elapsed_ms=0.099
kiln_profile_gdn_stage layer=8 stage=qkv_split seq_len=1 start_pos=70 elapsed_ms=0.001
kiln_profile_gdn_stage layer=8 stage=qk_norm seq_len=1 start_pos=70 elapsed_ms=0.015
kiln_profile_gdn_stage layer=8 stage=gates seq_len=1 start_pos=70 elapsed_ms=0.212
kiln_profile_gdn_stage layer=8 stage=recurrent seq_len=1 start_pos=70 elapsed_ms=0.610
kiln_profile_gdn_stage layer=8 stage=post_transpose seq_len=1 start_pos=70 elapsed_ms=0.000
kiln_profile_gdn_stage layer=8 stage=gated_norm seq_len=1 start_pos=70 elapsed_ms=0.274
kiln_profile_gdn_stage layer=8 stage=out_proj seq_len=1 start_pos=70 elapsed_ms=0.315
kiln_profile_mlp_stage layer=8 stage=fused seq_len=1 start_pos=70 elapsed_ms=0.992
kiln_profile_paged_layer layer=8 kind=linear seq_len=1 start_pos=70 elapsed_ms=3.326
kiln_profile_gdn_stage layer=9 stage=in_proj seq_len=1 start_pos=70 elapsed_ms=0.725
kiln_profile_gdn_stage layer=9 stage=conv seq_len=1 start_pos=70 elapsed_ms=0.095
kiln_profile_gdn_stage layer=9 stage=qkv_split seq_len=1 start_pos=70 elapsed_ms=0.001
kiln_profile_gdn_stage layer=9 stage=qk_norm seq_len=1 start_pos=70 elapsed_ms=0.014
kiln_profile_gdn_stage layer=9 stage=gates seq_len=1 start_pos=70 elapsed_ms=0.365
kiln_profile_gdn_stage layer=9 stage=recurrent seq_len=1 start_pos=70 elapsed_ms=0.587
kiln_profile_gdn_stage layer=9 stage=post_transpose seq_len=1 start_pos=70 elapsed_ms=0.000
kiln_profile_gdn_stage layer=9 stage=gated_norm seq_len=1 start_pos=70 elapsed_ms=0.374
kiln_profile_gdn_stage layer=9 stage=out_proj seq_len=1 start_pos=70 elapsed_ms=0.315
kiln_profile_mlp_stage layer=9 stage=fused seq_len=1 start_pos=70 elapsed_ms=1.012
kiln_profile_paged_layer layer=9 kind=linear seq_len=1 start_pos=70 elapsed_ms=3.531
kiln_profile_gdn_stage layer=10 stage=in_proj seq_len=1 start_pos=70 elapsed_ms=0.731
kiln_profile_gdn_stage layer=10 stage=conv seq_len=1 start_pos=70 elapsed_ms=0.096
kiln_profile_gdn_stage layer=10 stage=qkv_split seq_len=1 start_pos=70 elapsed_ms=0.001
kiln_profile_gdn_stage layer=10 stage=qk_norm seq_len=1 start_pos=70 elapsed_ms=0.014
kiln_profile_gdn_stage layer=10 stage=gates seq_len=1 start_pos=70 elapsed_ms=0.214
kiln_profile_gdn_stage layer=10 stage=recurrent seq_len=1 start_pos=70 elapsed_ms=0.582
kiln_profile_gdn_stage layer=10 stage=post_transpose seq_len=1 start_pos=70 elapsed_ms=0.000
kiln_profile_gdn_stage layer=10 stage=gated_norm seq_len=1 start_pos=70 elapsed_ms=0.260
kiln_profile_gdn_stage layer=10 stage=out_proj seq_len=1 start_pos=70 elapsed_ms=0.338
kiln_profile_mlp_stage layer=10 stage=fused seq_len=1 start_pos=70 elapsed_ms=1.012
kiln_profile_paged_layer layer=10 kind=linear seq_len=1 start_pos=70 elapsed_ms=3.288
kiln_profile_full_attn_stage full_attn_layer=2 stage=qkv_proj seq_len=1 start_pos=70 elapsed_ms=0.649
kiln_profile_full_attn_stage full_attn_layer=2 stage=qkv_split seq_len=1 start_pos=70 elapsed_ms=0.004
kiln_profile_full_attn_stage full_attn_layer=2 stage=qk_norm seq_len=1 start_pos=70 elapsed_ms=0.017
kiln_profile_full_attn_stage full_attn_layer=2 stage=rope seq_len=1 start_pos=70 elapsed_ms=0.030
kiln_profile_full_attn_stage full_attn_layer=2 stage=q_transpose seq_len=1 start_pos=70 elapsed_ms=0.004
kiln_profile_full_attn_stage full_attn_layer=2 stage=kv_write seq_len=1 start_pos=70 elapsed_ms=0.004
kiln_profile_full_attn_stage full_attn_layer=2 stage=kv_read seq_len=1 start_pos=70 elapsed_ms=0.035
kiln_profile_full_attn_stage full_attn_layer=2 stage=decode_group_layout seq_len=1 start_pos=70 elapsed_ms=0.002
kiln_profile_full_attn_stage full_attn_layer=2 stage=decode_scores seq_len=1 start_pos=70 elapsed_ms=0.132
kiln_profile_full_attn_stage full_attn_layer=2 stage=decode_softmax seq_len=1 start_pos=70 elapsed_ms=0.008
kiln_profile_full_attn_stage full_attn_layer=2 stage=decode_weighted_sum seq_len=1 start_pos=70 elapsed_ms=0.036
kiln_profile_full_attn_stage full_attn_layer=2 stage=attn_gate seq_len=1 start_pos=70 elapsed_ms=0.008
kiln_profile_full_attn_stage full_attn_layer=2 stage=o_proj seq_len=1 start_pos=70 elapsed_ms=0.319
kiln_profile_mlp_stage layer=11 stage=fused seq_len=1 start_pos=70 elapsed_ms=0.989
kiln_profile_paged_layer layer=11 kind=full seq_len=1 start_pos=70 elapsed_ms=2.284
kiln_profile_gdn_stage layer=12 stage=in_proj seq_len=1 start_pos=70 elapsed_ms=0.738
kiln_profile_gdn_stage layer=12 stage=conv seq_len=1 start_pos=70 elapsed_ms=0.093
kiln_profile_gdn_stage layer=12 stage=qkv_split seq_len=1 start_pos=70 elapsed_ms=0.001
kiln_profile_gdn_stage layer=12 stage=qk_norm seq_len=1 start_pos=70 elapsed_ms=0.014
kiln_profile_gdn_stage layer=12 stage=gates seq_len=1 start_pos=70 elapsed_ms=0.212
kiln_profile_gdn_stage layer=12 stage=recurrent seq_len=1 start_pos=70 elapsed_ms=0.578
kiln_profile_gdn_stage layer=12 stage=post_transpose seq_len=1 start_pos=70 elapsed_ms=0.000
kiln_profile_gdn_stage layer=12 stage=gated_norm seq_len=1 start_pos=70 elapsed_ms=0.297
kiln_profile_gdn_stage layer=12 stage=out_proj seq_len=1 start_pos=70 elapsed_ms=0.309
kiln_profile_mlp_stage layer=12 stage=fused seq_len=1 start_pos=70 elapsed_ms=1.000
kiln_profile_paged_layer layer=12 kind=linear seq_len=1 start_pos=70 elapsed_ms=3.279
kiln_profile_gdn_stage layer=13 stage=in_proj seq_len=1 start_pos=70 elapsed_ms=0.738
kiln_profile_gdn_stage layer=13 stage=conv seq_len=1 start_pos=70 elapsed_ms=0.106
kiln_profile_gdn_stage layer=13 stage=qkv_split seq_len=1 start_pos=70 elapsed_ms=0.001
kiln_profile_gdn_stage layer=13 stage=qk_norm seq_len=1 start_pos=70 elapsed_ms=0.015
kiln_profile_gdn_stage layer=13 stage=gates seq_len=1 start_pos=70 elapsed_ms=0.197
kiln_profile_gdn_stage layer=13 stage=recurrent seq_len=1 start_pos=70 elapsed_ms=0.587
kiln_profile_gdn_stage layer=13 stage=post_transpose seq_len=1 start_pos=70 elapsed_ms=0.000
kiln_profile_gdn_stage layer=13 stage=gated_norm seq_len=1 start_pos=70 elapsed_ms=0.291
kiln_profile_gdn_stage layer=13 stage=out_proj seq_len=1 start_pos=70 elapsed_ms=0.336
kiln_profile_mlp_stage layer=13 stage=fused seq_len=1 start_pos=70 elapsed_ms=1.010
kiln_profile_paged_layer layer=13 kind=linear seq_len=1 start_pos=70 elapsed_ms=3.320
kiln_profile_gdn_stage layer=14 stage=in_proj seq_len=1 start_pos=70 elapsed_ms=0.761
kiln_profile_gdn_stage layer=14 stage=conv seq_len=1 start_pos=70 elapsed_ms=0.089
kiln_profile_gdn_stage layer=14 stage=qkv_split seq_len=1 start_pos=70 elapsed_ms=0.001
kiln_profile_gdn_stage layer=14 stage=qk_norm seq_len=1 start_pos=70 elapsed_ms=0.014
kiln_profile_gdn_stage layer=14 stage=gates seq_len=1 start_pos=70 elapsed_ms=0.197
kiln_profile_gdn_stage layer=14 stage=recurrent seq_len=1 start_pos=70 elapsed_ms=0.605
kiln_profile_gdn_stage layer=14 stage=post_transpose seq_len=1 start_pos=70 elapsed_ms=0.000
kiln_profile_gdn_stage layer=14 stage=gated_norm seq_len=1 start_pos=70 elapsed_ms=0.265
kiln_profile_gdn_stage layer=14 stage=out_proj seq_len=1 start_pos=70 elapsed_ms=0.351
kiln_profile_mlp_stage layer=14 stage=fused seq_len=1 start_pos=70 elapsed_ms=1.134
kiln_profile_paged_layer layer=14 kind=linear seq_len=1 start_pos=70 elapsed_ms=3.461
kiln_profile_full_attn_stage full_attn_layer=3 stage=qkv_proj seq_len=1 start_pos=70 elapsed_ms=0.633
kiln_profile_full_attn_stage full_attn_layer=3 stage=qkv_split seq_len=1 start_pos=70 elapsed_ms=0.004
kiln_profile_full_attn_stage full_attn_layer=3 stage=qk_norm seq_len=1 start_pos=70 elapsed_ms=0.018
kiln_profile_full_attn_stage full_attn_layer=3 stage=rope seq_len=1 start_pos=70 elapsed_ms=0.030
kiln_profile_full_attn_stage full_attn_layer=3 stage=q_transpose seq_len=1 start_pos=70 elapsed_ms=0.004
kiln_profile_full_attn_stage full_attn_layer=3 stage=kv_write seq_len=1 start_pos=70 elapsed_ms=0.005
kiln_profile_full_attn_stage full_attn_layer=3 stage=kv_read seq_len=1 start_pos=70 elapsed_ms=0.049
kiln_profile_full_attn_stage full_attn_layer=3 stage=decode_group_layout seq_len=1 start_pos=70 elapsed_ms=0.002
kiln_profile_full_attn_stage full_attn_layer=3 stage=decode_scores seq_len=1 start_pos=70 elapsed_ms=0.141
kiln_profile_full_attn_stage full_attn_layer=3 stage=decode_softmax seq_len=1 start_pos=70 elapsed_ms=0.009
kiln_profile_full_attn_stage full_attn_layer=3 stage=decode_weighted_sum seq_len=1 start_pos=70 elapsed_ms=0.035
kiln_profile_full_attn_stage full_attn_layer=3 stage=attn_gate seq_len=1 start_pos=70 elapsed_ms=0.008
kiln_profile_full_attn_stage full_attn_layer=3 stage=o_proj seq_len=1 start_pos=70 elapsed_ms=0.311
kiln_profile_mlp_stage layer=15 stage=fused seq_len=1 start_pos=70 elapsed_ms=1.021
kiln_profile_paged_layer layer=15 kind=full seq_len=1 start_pos=70 elapsed_ms=2.319
kiln_profile_gdn_stage layer=16 stage=in_proj seq_len=1 start_pos=70 elapsed_ms=0.885
kiln_profile_gdn_stage layer=16 stage=conv seq_len=1 start_pos=70 elapsed_ms=0.095
kiln_profile_gdn_stage layer=16 stage=qkv_split seq_len=1 start_pos=70 elapsed_ms=0.001
kiln_profile_gdn_stage layer=16 stage=qk_norm seq_len=1 start_pos=70 elapsed_ms=0.014
kiln_profile_gdn_stage layer=16 stage=gates seq_len=1 start_pos=70 elapsed_ms=0.191
kiln_profile_gdn_stage layer=16 stage=recurrent seq_len=1 start_pos=70 elapsed_ms=0.618
kiln_profile_gdn_stage layer=16 stage=post_transpose seq_len=1 start_pos=70 elapsed_ms=0.000
kiln_profile_gdn_stage layer=16 stage=gated_norm seq_len=1 start_pos=70 elapsed_ms=0.265
kiln_profile_gdn_stage layer=16 stage=out_proj seq_len=1 start_pos=70 elapsed_ms=0.331
kiln_profile_mlp_stage layer=16 stage=fused seq_len=1 start_pos=70 elapsed_ms=1.029
kiln_profile_paged_layer layer=16 kind=linear seq_len=1 start_pos=70 elapsed_ms=3.466
kiln_profile_gdn_stage layer=17 stage=in_proj seq_len=1 start_pos=70 elapsed_ms=0.721
kiln_profile_gdn_stage layer=17 stage=conv seq_len=1 start_pos=70 elapsed_ms=0.095
kiln_profile_gdn_stage layer=17 stage=qkv_split seq_len=1 start_pos=70 elapsed_ms=0.001
kiln_profile_gdn_stage layer=17 stage=qk_norm seq_len=1 start_pos=70 elapsed_ms=0.014
kiln_profile_gdn_stage layer=17 stage=gates seq_len=1 start_pos=70 elapsed_ms=0.191
kiln_profile_gdn_stage layer=17 stage=recurrent seq_len=1 start_pos=70 elapsed_ms=0.581
kiln_profile_gdn_stage layer=17 stage=post_transpose seq_len=1 start_pos=70 elapsed_ms=0.000
kiln_profile_gdn_stage layer=17 stage=gated_norm seq_len=1 start_pos=70 elapsed_ms=0.271
kiln_profile_gdn_stage layer=17 stage=out_proj seq_len=1 start_pos=70 elapsed_ms=0.391
kiln_profile_mlp_stage layer=17 stage=fused seq_len=1 start_pos=70 elapsed_ms=0.995
kiln_profile_paged_layer layer=17 kind=linear seq_len=1 start_pos=70 elapsed_ms=3.302
kiln_profile_gdn_stage layer=18 stage=in_proj seq_len=1 start_pos=70 elapsed_ms=0.722
kiln_profile_gdn_stage layer=18 stage=conv seq_len=1 start_pos=70 elapsed_ms=0.090
kiln_profile_gdn_stage layer=18 stage=qkv_split seq_len=1 start_pos=70 elapsed_ms=0.001
kiln_profile_gdn_stage layer=18 stage=qk_norm seq_len=1 start_pos=70 elapsed_ms=0.014
kiln_profile_gdn_stage layer=18 stage=gates seq_len=1 start_pos=70 elapsed_ms=0.186
kiln_profile_gdn_stage layer=18 stage=recurrent seq_len=1 start_pos=70 elapsed_ms=0.596
kiln_profile_gdn_stage layer=18 stage=post_transpose seq_len=1 start_pos=70 elapsed_ms=0.000
kiln_profile_gdn_stage layer=18 stage=gated_norm seq_len=1 start_pos=70 elapsed_ms=0.286
kiln_profile_gdn_stage layer=18 stage=out_proj seq_len=1 start_pos=70 elapsed_ms=0.327
kiln_profile_mlp_stage layer=18 stage=fused seq_len=1 start_pos=70 elapsed_ms=0.989
kiln_profile_paged_layer layer=18 kind=linear seq_len=1 start_pos=70 elapsed_ms=3.251
kiln_profile_full_attn_stage full_attn_layer=4 stage=qkv_proj seq_len=1 start_pos=70 elapsed_ms=0.623
kiln_profile_full_attn_stage full_attn_layer=4 stage=qkv_split seq_len=1 start_pos=70 elapsed_ms=0.003
kiln_profile_full_attn_stage full_attn_layer=4 stage=qk_norm seq_len=1 start_pos=70 elapsed_ms=0.022
kiln_profile_full_attn_stage full_attn_layer=4 stage=rope seq_len=1 start_pos=70 elapsed_ms=0.028
kiln_profile_full_attn_stage full_attn_layer=4 stage=q_transpose seq_len=1 start_pos=70 elapsed_ms=0.004
kiln_profile_full_attn_stage full_attn_layer=4 stage=kv_write seq_len=1 start_pos=70 elapsed_ms=0.003
kiln_profile_full_attn_stage full_attn_layer=4 stage=kv_read seq_len=1 start_pos=70 elapsed_ms=0.034
kiln_profile_full_attn_stage full_attn_layer=4 stage=decode_group_layout seq_len=1 start_pos=70 elapsed_ms=0.002
kiln_profile_full_attn_stage full_attn_layer=4 stage=decode_scores seq_len=1 start_pos=70 elapsed_ms=0.126
kiln_profile_full_attn_stage full_attn_layer=4 stage=decode_softmax seq_len=1 start_pos=70 elapsed_ms=0.008
kiln_profile_full_attn_stage full_attn_layer=4 stage=decode_weighted_sum seq_len=1 start_pos=70 elapsed_ms=0.035
kiln_profile_full_attn_stage full_attn_layer=4 stage=attn_gate seq_len=1 start_pos=70 elapsed_ms=0.008
kiln_profile_full_attn_stage full_attn_layer=4 stage=o_proj seq_len=1 start_pos=70 elapsed_ms=0.307
kiln_profile_mlp_stage layer=19 stage=fused seq_len=1 start_pos=70 elapsed_ms=1.025
kiln_profile_paged_layer layer=19 kind=full seq_len=1 start_pos=70 elapsed_ms=2.273
kiln_profile_gdn_stage layer=20 stage=in_proj seq_len=1 start_pos=70 elapsed_ms=0.756
kiln_profile_gdn_stage layer=20 stage=conv seq_len=1 start_pos=70 elapsed_ms=0.090
kiln_profile_gdn_stage layer=20 stage=qkv_split seq_len=1 start_pos=70 elapsed_ms=0.001
kiln_profile_gdn_stage layer=20 stage=qk_norm seq_len=1 start_pos=70 elapsed_ms=0.013
kiln_profile_gdn_stage layer=20 stage=gates seq_len=1 start_pos=70 elapsed_ms=0.195
kiln_profile_gdn_stage layer=20 stage=recurrent seq_len=1 start_pos=70 elapsed_ms=0.583
kiln_profile_gdn_stage layer=20 stage=post_transpose seq_len=1 start_pos=70 elapsed_ms=0.000
kiln_profile_gdn_stage layer=20 stage=gated_norm seq_len=1 start_pos=70 elapsed_ms=0.278
kiln_profile_gdn_stage layer=20 stage=out_proj seq_len=1 start_pos=70 elapsed_ms=0.290
kiln_profile_mlp_stage layer=20 stage=fused seq_len=1 start_pos=70 elapsed_ms=0.982
kiln_profile_paged_layer layer=20 kind=linear seq_len=1 start_pos=70 elapsed_ms=3.224
kiln_profile_gdn_stage layer=21 stage=in_proj seq_len=1 start_pos=70 elapsed_ms=0.746
kiln_profile_gdn_stage layer=21 stage=conv seq_len=1 start_pos=70 elapsed_ms=0.085
kiln_profile_gdn_stage layer=21 stage=qkv_split seq_len=1 start_pos=70 elapsed_ms=0.001
kiln_profile_gdn_stage layer=21 stage=qk_norm seq_len=1 start_pos=70 elapsed_ms=0.014
kiln_profile_gdn_stage layer=21 stage=gates seq_len=1 start_pos=70 elapsed_ms=0.218
kiln_profile_gdn_stage layer=21 stage=recurrent seq_len=1 start_pos=70 elapsed_ms=0.580
kiln_profile_gdn_stage layer=21 stage=post_transpose seq_len=1 start_pos=70 elapsed_ms=0.000
kiln_profile_gdn_stage layer=21 stage=gated_norm seq_len=1 start_pos=70 elapsed_ms=0.300
kiln_profile_gdn_stage layer=21 stage=out_proj seq_len=1 start_pos=70 elapsed_ms=0.341
kiln_profile_mlp_stage layer=21 stage=fused seq_len=1 start_pos=70 elapsed_ms=1.085
kiln_profile_paged_layer layer=21 kind=linear seq_len=1 start_pos=70 elapsed_ms=3.414
kiln_profile_gdn_stage layer=22 stage=in_proj seq_len=1 start_pos=70 elapsed_ms=0.688
kiln_profile_gdn_stage layer=22 stage=conv seq_len=1 start_pos=70 elapsed_ms=0.100
kiln_profile_gdn_stage layer=22 stage=qkv_split seq_len=1 start_pos=70 elapsed_ms=0.001
kiln_profile_gdn_stage layer=22 stage=qk_norm seq_len=1 start_pos=70 elapsed_ms=0.017
kiln_profile_gdn_stage layer=22 stage=gates seq_len=1 start_pos=70 elapsed_ms=0.785
kiln_profile_gdn_stage layer=22 stage=recurrent seq_len=1 start_pos=70 elapsed_ms=0.604
kiln_profile_gdn_stage layer=22 stage=post_transpose seq_len=1 start_pos=70 elapsed_ms=0.000
kiln_profile_gdn_stage layer=22 stage=gated_norm seq_len=1 start_pos=70 elapsed_ms=0.303
kiln_profile_gdn_stage layer=22 stage=out_proj seq_len=1 start_pos=70 elapsed_ms=0.336
kiln_profile_mlp_stage layer=22 stage=fused seq_len=1 start_pos=70 elapsed_ms=0.990
kiln_profile_paged_layer layer=22 kind=linear seq_len=1 start_pos=70 elapsed_ms=3.875
kiln_profile_full_attn_stage full_attn_layer=5 stage=qkv_proj seq_len=1 start_pos=70 elapsed_ms=0.630
kiln_profile_full_attn_stage full_attn_layer=5 stage=qkv_split seq_len=1 start_pos=70 elapsed_ms=0.004
kiln_profile_full_attn_stage full_attn_layer=5 stage=qk_norm seq_len=1 start_pos=70 elapsed_ms=0.018
kiln_profile_full_attn_stage full_attn_layer=5 stage=rope seq_len=1 start_pos=70 elapsed_ms=0.031
kiln_profile_full_attn_stage full_attn_layer=5 stage=q_transpose seq_len=1 start_pos=70 elapsed_ms=0.004
kiln_profile_full_attn_stage full_attn_layer=5 stage=kv_write seq_len=1 start_pos=70 elapsed_ms=0.005
kiln_profile_full_attn_stage full_attn_layer=5 stage=kv_read seq_len=1 start_pos=70 elapsed_ms=0.041
kiln_profile_full_attn_stage full_attn_layer=5 stage=decode_group_layout seq_len=1 start_pos=70 elapsed_ms=0.002
kiln_profile_full_attn_stage full_attn_layer=5 stage=decode_scores seq_len=1 start_pos=70 elapsed_ms=0.131
kiln_profile_full_attn_stage full_attn_layer=5 stage=decode_softmax seq_len=1 start_pos=70 elapsed_ms=0.008
kiln_profile_full_attn_stage full_attn_layer=5 stage=decode_weighted_sum seq_len=1 start_pos=70 elapsed_ms=0.034
kiln_profile_full_attn_stage full_attn_layer=5 stage=attn_gate seq_len=1 start_pos=70 elapsed_ms=0.008
kiln_profile_full_attn_stage full_attn_layer=5 stage=o_proj seq_len=1 start_pos=70 elapsed_ms=0.293
kiln_profile_mlp_stage layer=23 stage=fused seq_len=1 start_pos=70 elapsed_ms=0.999
kiln_profile_paged_layer layer=23 kind=full seq_len=1 start_pos=70 elapsed_ms=2.259
kiln_profile_gdn_stage layer=24 stage=in_proj seq_len=1 start_pos=70 elapsed_ms=0.730
kiln_profile_gdn_stage layer=24 stage=conv seq_len=1 start_pos=70 elapsed_ms=0.091
kiln_profile_gdn_stage layer=24 stage=qkv_split seq_len=1 start_pos=70 elapsed_ms=0.001
kiln_profile_gdn_stage layer=24 stage=qk_norm seq_len=1 start_pos=70 elapsed_ms=0.015
kiln_profile_gdn_stage layer=24 stage=gates seq_len=1 start_pos=70 elapsed_ms=0.213
kiln_profile_gdn_stage layer=24 stage=recurrent seq_len=1 start_pos=70 elapsed_ms=0.609
kiln_profile_gdn_stage layer=24 stage=post_transpose seq_len=1 start_pos=70 elapsed_ms=0.000
kiln_profile_gdn_stage layer=24 stage=gated_norm seq_len=1 start_pos=70 elapsed_ms=0.298
kiln_profile_gdn_stage layer=24 stage=out_proj seq_len=1 start_pos=70 elapsed_ms=0.344
kiln_profile_mlp_stage layer=24 stage=fused seq_len=1 start_pos=70 elapsed_ms=1.018
kiln_profile_paged_layer layer=24 kind=linear seq_len=1 start_pos=70 elapsed_ms=3.369
kiln_profile_gdn_stage layer=25 stage=in_proj seq_len=1 start_pos=70 elapsed_ms=0.732
kiln_profile_gdn_stage layer=25 stage=conv seq_len=1 start_pos=70 elapsed_ms=0.094
kiln_profile_gdn_stage layer=25 stage=qkv_split seq_len=1 start_pos=70 elapsed_ms=0.001
kiln_profile_gdn_stage layer=25 stage=qk_norm seq_len=1 start_pos=70 elapsed_ms=0.016
kiln_profile_gdn_stage layer=25 stage=gates seq_len=1 start_pos=70 elapsed_ms=0.224
kiln_profile_gdn_stage layer=25 stage=recurrent seq_len=1 start_pos=70 elapsed_ms=1.369
kiln_profile_gdn_stage layer=25 stage=post_transpose seq_len=1 start_pos=70 elapsed_ms=0.001
kiln_profile_gdn_stage layer=25 stage=gated_norm seq_len=1 start_pos=70 elapsed_ms=0.617
kiln_profile_gdn_stage layer=25 stage=out_proj seq_len=1 start_pos=70 elapsed_ms=0.353
kiln_profile_mlp_stage layer=25 stage=fused seq_len=1 start_pos=70 elapsed_ms=1.244
kiln_profile_paged_layer layer=25 kind=linear seq_len=1 start_pos=70 elapsed_ms=4.790
kiln_profile_gdn_stage layer=26 stage=in_proj seq_len=1 start_pos=70 elapsed_ms=0.913
kiln_profile_gdn_stage layer=26 stage=conv seq_len=1 start_pos=70 elapsed_ms=0.149
kiln_profile_gdn_stage layer=26 stage=qkv_split seq_len=1 start_pos=70 elapsed_ms=0.001
kiln_profile_gdn_stage layer=26 stage=qk_norm seq_len=1 start_pos=70 elapsed_ms=0.035
kiln_profile_gdn_stage layer=26 stage=gates seq_len=1 start_pos=70 elapsed_ms=0.286
kiln_profile_gdn_stage layer=26 stage=recurrent seq_len=1 start_pos=70 elapsed_ms=0.886
kiln_profile_gdn_stage layer=26 stage=post_transpose seq_len=1 start_pos=70 elapsed_ms=0.000
kiln_profile_gdn_stage layer=26 stage=gated_norm seq_len=1 start_pos=70 elapsed_ms=0.272
kiln_profile_gdn_stage layer=26 stage=out_proj seq_len=1 start_pos=70 elapsed_ms=0.335
kiln_profile_mlp_stage layer=26 stage=fused seq_len=1 start_pos=70 elapsed_ms=1.007
kiln_profile_paged_layer layer=26 kind=linear seq_len=1 start_pos=70 elapsed_ms=3.980
kiln_profile_full_attn_stage full_attn_layer=6 stage=qkv_proj seq_len=1 start_pos=70 elapsed_ms=0.612
kiln_profile_full_attn_stage full_attn_layer=6 stage=qkv_split seq_len=1 start_pos=70 elapsed_ms=0.004
kiln_profile_full_attn_stage full_attn_layer=6 stage=qk_norm seq_len=1 start_pos=70 elapsed_ms=0.018
kiln_profile_full_attn_stage full_attn_layer=6 stage=rope seq_len=1 start_pos=70 elapsed_ms=0.031
kiln_profile_full_attn_stage full_attn_layer=6 stage=q_transpose seq_len=1 start_pos=70 elapsed_ms=0.004
kiln_profile_full_attn_stage full_attn_layer=6 stage=kv_write seq_len=1 start_pos=70 elapsed_ms=0.004
kiln_profile_full_attn_stage full_attn_layer=6 stage=kv_read seq_len=1 start_pos=70 elapsed_ms=0.040
kiln_profile_full_attn_stage full_attn_layer=6 stage=decode_group_layout seq_len=1 start_pos=70 elapsed_ms=0.002
kiln_profile_full_attn_stage full_attn_layer=6 stage=decode_scores seq_len=1 start_pos=70 elapsed_ms=0.127
kiln_profile_full_attn_stage full_attn_layer=6 stage=decode_softmax seq_len=1 start_pos=70 elapsed_ms=0.010
kiln_profile_full_attn_stage full_attn_layer=6 stage=decode_weighted_sum seq_len=1 start_pos=70 elapsed_ms=0.034
kiln_profile_full_attn_stage full_attn_layer=6 stage=attn_gate seq_len=1 start_pos=70 elapsed_ms=0.009
kiln_profile_full_attn_stage full_attn_layer=6 stage=o_proj seq_len=1 start_pos=70 elapsed_ms=0.292
kiln_profile_mlp_stage layer=27 stage=fused seq_len=1 start_pos=70 elapsed_ms=1.000
kiln_profile_paged_layer layer=27 kind=full seq_len=1 start_pos=70 elapsed_ms=2.238
kiln_profile_gdn_stage layer=28 stage=in_proj seq_len=1 start_pos=70 elapsed_ms=0.737
kiln_profile_gdn_stage layer=28 stage=conv seq_len=1 start_pos=70 elapsed_ms=0.100
kiln_profile_gdn_stage layer=28 stage=qkv_split seq_len=1 start_pos=70 elapsed_ms=0.001
kiln_profile_gdn_stage layer=28 stage=qk_norm seq_len=1 start_pos=70 elapsed_ms=0.016
kiln_profile_gdn_stage layer=28 stage=gates seq_len=1 start_pos=70 elapsed_ms=0.193
kiln_profile_gdn_stage layer=28 stage=recurrent seq_len=1 start_pos=70 elapsed_ms=0.592
kiln_profile_gdn_stage layer=28 stage=post_transpose seq_len=1 start_pos=70 elapsed_ms=0.000
kiln_profile_gdn_stage layer=28 stage=gated_norm seq_len=1 start_pos=70 elapsed_ms=0.259
kiln_profile_gdn_stage layer=28 stage=out_proj seq_len=1 start_pos=70 elapsed_ms=0.340
kiln_profile_mlp_stage layer=28 stage=fused seq_len=1 start_pos=70 elapsed_ms=1.137
kiln_profile_paged_layer layer=28 kind=linear seq_len=1 start_pos=70 elapsed_ms=3.416
kiln_profile_gdn_stage layer=29 stage=in_proj seq_len=1 start_pos=70 elapsed_ms=0.734
kiln_profile_gdn_stage layer=29 stage=conv seq_len=1 start_pos=70 elapsed_ms=0.102
kiln_profile_gdn_stage layer=29 stage=qkv_split seq_len=1 start_pos=70 elapsed_ms=0.001
kiln_profile_gdn_stage layer=29 stage=qk_norm seq_len=1 start_pos=70 elapsed_ms=0.015
kiln_profile_gdn_stage layer=29 stage=gates seq_len=1 start_pos=70 elapsed_ms=0.200
kiln_profile_gdn_stage layer=29 stage=recurrent seq_len=1 start_pos=70 elapsed_ms=0.577
kiln_profile_gdn_stage layer=29 stage=post_transpose seq_len=1 start_pos=70 elapsed_ms=0.000
kiln_profile_gdn_stage layer=29 stage=gated_norm seq_len=1 start_pos=70 elapsed_ms=0.273
kiln_profile_gdn_stage layer=29 stage=out_proj seq_len=1 start_pos=70 elapsed_ms=0.483
kiln_profile_mlp_stage layer=29 stage=fused seq_len=1 start_pos=70 elapsed_ms=0.998
kiln_profile_paged_layer layer=29 kind=linear seq_len=1 start_pos=70 elapsed_ms=3.422
kiln_profile_gdn_stage layer=30 stage=in_proj seq_len=1 start_pos=70 elapsed_ms=0.769
kiln_profile_gdn_stage layer=30 stage=conv seq_len=1 start_pos=70 elapsed_ms=0.095
kiln_profile_gdn_stage layer=30 stage=qkv_split seq_len=1 start_pos=70 elapsed_ms=0.001
kiln_profile_gdn_stage layer=30 stage=qk_norm seq_len=1 start_pos=70 elapsed_ms=0.014
kiln_profile_gdn_stage layer=30 stage=gates seq_len=1 start_pos=70 elapsed_ms=0.223
kiln_profile_gdn_stage layer=30 stage=recurrent seq_len=1 start_pos=70 elapsed_ms=0.579
kiln_profile_gdn_stage layer=30 stage=post_transpose seq_len=1 start_pos=70 elapsed_ms=0.000
kiln_profile_gdn_stage layer=30 stage=gated_norm seq_len=1 start_pos=70 elapsed_ms=0.267
kiln_profile_gdn_stage layer=30 stage=out_proj seq_len=1 start_pos=70 elapsed_ms=0.332
kiln_profile_mlp_stage layer=30 stage=fused seq_len=1 start_pos=70 elapsed_ms=1.149
kiln_profile_paged_layer layer=30 kind=linear seq_len=1 start_pos=70 elapsed_ms=3.466
kiln_profile_full_attn_stage full_attn_layer=7 stage=qkv_proj seq_len=1 start_pos=70 elapsed_ms=0.618
kiln_profile_full_attn_stage full_attn_layer=7 stage=qkv_split seq_len=1 start_pos=70 elapsed_ms=0.003
kiln_profile_full_attn_stage full_attn_layer=7 stage=qk_norm seq_len=1 start_pos=70 elapsed_ms=0.018
kiln_profile_full_attn_stage full_attn_layer=7 stage=rope seq_len=1 start_pos=70 elapsed_ms=0.029
kiln_profile_full_attn_stage full_attn_layer=7 stage=q_transpose seq_len=1 start_pos=70 elapsed_ms=0.004
kiln_profile_full_attn_stage full_attn_layer=7 stage=kv_write seq_len=1 start_pos=70 elapsed_ms=0.004
kiln_profile_full_attn_stage full_attn_layer=7 stage=kv_read seq_len=1 start_pos=70 elapsed_ms=0.046
kiln_profile_full_attn_stage full_attn_layer=7 stage=decode_group_layout seq_len=1 start_pos=70 elapsed_ms=0.002
kiln_profile_full_attn_stage full_attn_layer=7 stage=decode_scores seq_len=1 start_pos=70 elapsed_ms=0.134
kiln_profile_full_attn_stage full_attn_layer=7 stage=decode_softmax seq_len=1 start_pos=70 elapsed_ms=0.010
kiln_profile_full_attn_stage full_attn_layer=7 stage=decode_weighted_sum seq_len=1 start_pos=70 elapsed_ms=0.035
kiln_profile_full_attn_stage full_attn_layer=7 stage=attn_gate seq_len=1 start_pos=70 elapsed_ms=0.008
kiln_profile_full_attn_stage full_attn_layer=7 stage=o_proj seq_len=1 start_pos=70 elapsed_ms=0.307
kiln_profile_mlp_stage layer=31 stage=fused seq_len=1 start_pos=70 elapsed_ms=1.066
kiln_profile_paged_layer layer=31 kind=full seq_len=1 start_pos=70 elapsed_ms=2.339
kiln_profile_gdn_stage layer=0 stage=in_proj seq_len=1 start_pos=71 elapsed_ms=0.688
kiln_profile_gdn_stage layer=0 stage=conv seq_len=1 start_pos=71 elapsed_ms=0.106
kiln_profile_gdn_stage layer=0 stage=qkv_split seq_len=1 start_pos=71 elapsed_ms=0.001
kiln_profile_gdn_stage layer=0 stage=qk_norm seq_len=1 start_pos=71 elapsed_ms=0.018
kiln_profile_gdn_stage layer=0 stage=gates seq_len=1 start_pos=71 elapsed_ms=0.202
kiln_profile_gdn_stage layer=0 stage=recurrent seq_len=1 start_pos=71 elapsed_ms=0.673
kiln_profile_gdn_stage layer=0 stage=post_transpose seq_len=1 start_pos=71 elapsed_ms=0.000
kiln_profile_gdn_stage layer=0 stage=gated_norm seq_len=1 start_pos=71 elapsed_ms=0.293
kiln_profile_gdn_stage layer=0 stage=out_proj seq_len=1 start_pos=71 elapsed_ms=0.274
kiln_profile_mlp_stage layer=0 stage=fused seq_len=1 start_pos=71 elapsed_ms=0.983
kiln_profile_paged_layer layer=0 kind=linear seq_len=1 start_pos=71 elapsed_ms=3.290
kiln_profile_gdn_stage layer=1 stage=in_proj seq_len=1 start_pos=71 elapsed_ms=0.729
kiln_profile_gdn_stage layer=1 stage=conv seq_len=1 start_pos=71 elapsed_ms=0.093
kiln_profile_gdn_stage layer=1 stage=qkv_split seq_len=1 start_pos=71 elapsed_ms=0.001
kiln_profile_gdn_stage layer=1 stage=qk_norm seq_len=1 start_pos=71 elapsed_ms=0.017
kiln_profile_gdn_stage layer=1 stage=gates seq_len=1 start_pos=71 elapsed_ms=0.197
kiln_profile_gdn_stage layer=1 stage=recurrent seq_len=1 start_pos=71 elapsed_ms=0.591
kiln_profile_gdn_stage layer=1 stage=post_transpose seq_len=1 start_pos=71 elapsed_ms=0.000
kiln_profile_gdn_stage layer=1 stage=gated_norm seq_len=1 start_pos=71 elapsed_ms=0.292
kiln_profile_gdn_stage layer=1 stage=out_proj seq_len=1 start_pos=71 elapsed_ms=0.439
kiln_profile_mlp_stage layer=1 stage=fused seq_len=1 start_pos=71 elapsed_ms=1.149
kiln_profile_paged_layer layer=1 kind=linear seq_len=1 start_pos=71 elapsed_ms=3.551
kiln_profile_gdn_stage layer=2 stage=in_proj seq_len=1 start_pos=71 elapsed_ms=0.737
kiln_profile_gdn_stage layer=2 stage=conv seq_len=1 start_pos=71 elapsed_ms=0.104
kiln_profile_gdn_stage layer=2 stage=qkv_split seq_len=1 start_pos=71 elapsed_ms=0.001
kiln_profile_gdn_stage layer=2 stage=qk_norm seq_len=1 start_pos=71 elapsed_ms=0.017
kiln_profile_gdn_stage layer=2 stage=gates seq_len=1 start_pos=71 elapsed_ms=0.200
kiln_profile_gdn_stage layer=2 stage=recurrent seq_len=1 start_pos=71 elapsed_ms=0.613
kiln_profile_gdn_stage layer=2 stage=post_transpose seq_len=1 start_pos=71 elapsed_ms=0.000
kiln_profile_gdn_stage layer=2 stage=gated_norm seq_len=1 start_pos=71 elapsed_ms=0.263
kiln_profile_gdn_stage layer=2 stage=out_proj seq_len=1 start_pos=71 elapsed_ms=0.338
kiln_profile_mlp_stage layer=2 stage=fused seq_len=1 start_pos=71 elapsed_ms=0.984
kiln_profile_paged_layer layer=2 kind=linear seq_len=1 start_pos=71 elapsed_ms=3.301
kiln_profile_full_attn_stage full_attn_layer=0 stage=qkv_proj seq_len=1 start_pos=71 elapsed_ms=0.608
kiln_profile_full_attn_stage full_attn_layer=0 stage=qkv_split seq_len=1 start_pos=71 elapsed_ms=0.004
kiln_profile_full_attn_stage full_attn_layer=0 stage=qk_norm seq_len=1 start_pos=71 elapsed_ms=0.024
kiln_profile_full_attn_stage full_attn_layer=0 stage=rope seq_len=1 start_pos=71 elapsed_ms=0.034
kiln_profile_full_attn_stage full_attn_layer=0 stage=q_transpose seq_len=1 start_pos=71 elapsed_ms=0.005
kiln_profile_full_attn_stage full_attn_layer=0 stage=kv_write seq_len=1 start_pos=71 elapsed_ms=0.007
kiln_profile_full_attn_stage full_attn_layer=0 stage=kv_read seq_len=1 start_pos=71 elapsed_ms=0.048
kiln_profile_full_attn_stage full_attn_layer=0 stage=decode_group_layout seq_len=1 start_pos=71 elapsed_ms=0.002
kiln_profile_full_attn_stage full_attn_layer=0 stage=decode_scores seq_len=1 start_pos=71 elapsed_ms=0.125
kiln_profile_full_attn_stage full_attn_layer=0 stage=decode_softmax seq_len=1 start_pos=71 elapsed_ms=0.010
kiln_profile_full_attn_stage full_attn_layer=0 stage=decode_weighted_sum seq_len=1 start_pos=71 elapsed_ms=0.037
kiln_profile_full_attn_stage full_attn_layer=0 stage=attn_gate seq_len=1 start_pos=71 elapsed_ms=0.011
kiln_profile_full_attn_stage full_attn_layer=0 stage=o_proj seq_len=1 start_pos=71 elapsed_ms=0.410
kiln_profile_mlp_stage layer=3 stage=fused seq_len=1 start_pos=71 elapsed_ms=0.996
kiln_profile_paged_layer layer=3 kind=full seq_len=1 start_pos=71 elapsed_ms=2.383
kiln_profile_gdn_stage layer=4 stage=in_proj seq_len=1 start_pos=71 elapsed_ms=0.712
kiln_profile_gdn_stage layer=4 stage=conv seq_len=1 start_pos=71 elapsed_ms=0.098
kiln_profile_gdn_stage layer=4 stage=qkv_split seq_len=1 start_pos=71 elapsed_ms=0.001
kiln_profile_gdn_stage layer=4 stage=qk_norm seq_len=1 start_pos=71 elapsed_ms=0.017
kiln_profile_gdn_stage layer=4 stage=gates seq_len=1 start_pos=71 elapsed_ms=0.215
kiln_profile_gdn_stage layer=4 stage=recurrent seq_len=1 start_pos=71 elapsed_ms=0.603
kiln_profile_gdn_stage layer=4 stage=post_transpose seq_len=1 start_pos=71 elapsed_ms=0.000
kiln_profile_gdn_stage layer=4 stage=gated_norm seq_len=1 start_pos=71 elapsed_ms=0.278
kiln_profile_gdn_stage layer=4 stage=out_proj seq_len=1 start_pos=71 elapsed_ms=0.321
kiln_profile_mlp_stage layer=4 stage=fused seq_len=1 start_pos=71 elapsed_ms=1.004
kiln_profile_paged_layer layer=4 kind=linear seq_len=1 start_pos=71 elapsed_ms=3.298
kiln_profile_gdn_stage layer=5 stage=in_proj seq_len=1 start_pos=71 elapsed_ms=0.752
kiln_profile_gdn_stage layer=5 stage=conv seq_len=1 start_pos=71 elapsed_ms=0.100
kiln_profile_gdn_stage layer=5 stage=qkv_split seq_len=1 start_pos=71 elapsed_ms=0.001
kiln_profile_gdn_stage layer=5 stage=qk_norm seq_len=1 start_pos=71 elapsed_ms=0.018
kiln_profile_gdn_stage layer=5 stage=gates seq_len=1 start_pos=71 elapsed_ms=0.238
kiln_profile_gdn_stage layer=5 stage=recurrent seq_len=1 start_pos=71 elapsed_ms=0.613
kiln_profile_gdn_stage layer=5 stage=post_transpose seq_len=1 start_pos=71 elapsed_ms=0.000
kiln_profile_gdn_stage layer=5 stage=gated_norm seq_len=1 start_pos=71 elapsed_ms=0.288
kiln_profile_gdn_stage layer=5 stage=out_proj seq_len=1 start_pos=71 elapsed_ms=0.323
kiln_profile_mlp_stage layer=5 stage=fused seq_len=1 start_pos=71 elapsed_ms=1.159
kiln_profile_paged_layer layer=5 kind=linear seq_len=1 start_pos=71 elapsed_ms=3.545
kiln_profile_gdn_stage layer=6 stage=in_proj seq_len=1 start_pos=71 elapsed_ms=0.739
kiln_profile_gdn_stage layer=6 stage=conv seq_len=1 start_pos=71 elapsed_ms=0.098
kiln_profile_gdn_stage layer=6 stage=qkv_split seq_len=1 start_pos=71 elapsed_ms=0.001
kiln_profile_gdn_stage layer=6 stage=qk_norm seq_len=1 start_pos=71 elapsed_ms=0.015
kiln_profile_gdn_stage layer=6 stage=gates seq_len=1 start_pos=71 elapsed_ms=0.233
kiln_profile_gdn_stage layer=6 stage=recurrent seq_len=1 start_pos=71 elapsed_ms=0.596
kiln_profile_gdn_stage layer=6 stage=post_transpose seq_len=1 start_pos=71 elapsed_ms=0.000
kiln_profile_gdn_stage layer=6 stage=gated_norm seq_len=1 start_pos=71 elapsed_ms=0.339
kiln_profile_gdn_stage layer=6 stage=out_proj seq_len=1 start_pos=71 elapsed_ms=0.324
kiln_profile_mlp_stage layer=6 stage=fused seq_len=1 start_pos=71 elapsed_ms=0.993
kiln_profile_paged_layer layer=6 kind=linear seq_len=1 start_pos=71 elapsed_ms=3.377
kiln_profile_full_attn_stage full_attn_layer=1 stage=qkv_proj seq_len=1 start_pos=71 elapsed_ms=0.620
kiln_profile_full_attn_stage full_attn_layer=1 stage=qkv_split seq_len=1 start_pos=71 elapsed_ms=0.004
kiln_profile_full_attn_stage full_attn_layer=1 stage=qk_norm seq_len=1 start_pos=71 elapsed_ms=0.019
kiln_profile_full_attn_stage full_attn_layer=1 stage=rope seq_len=1 start_pos=71 elapsed_ms=0.035
kiln_profile_full_attn_stage full_attn_layer=1 stage=q_transpose seq_len=1 start_pos=71 elapsed_ms=0.004
kiln_profile_full_attn_stage full_attn_layer=1 stage=kv_write seq_len=1 start_pos=71 elapsed_ms=0.004
kiln_profile_full_attn_stage full_attn_layer=1 stage=kv_read seq_len=1 start_pos=71 elapsed_ms=0.037
kiln_profile_full_attn_stage full_attn_layer=1 stage=decode_group_layout seq_len=1 start_pos=71 elapsed_ms=0.002
kiln_profile_full_attn_stage full_attn_layer=1 stage=decode_scores seq_len=1 start_pos=71 elapsed_ms=0.124
kiln_profile_full_attn_stage full_attn_layer=1 stage=decode_softmax seq_len=1 start_pos=71 elapsed_ms=0.009
kiln_profile_full_attn_stage full_attn_layer=1 stage=decode_weighted_sum seq_len=1 start_pos=71 elapsed_ms=0.035
kiln_profile_full_attn_stage full_attn_layer=1 stage=attn_gate seq_len=1 start_pos=71 elapsed_ms=0.009
kiln_profile_full_attn_stage full_attn_layer=1 stage=o_proj seq_len=1 start_pos=71 elapsed_ms=0.298
kiln_profile_mlp_stage layer=7 stage=fused seq_len=1 start_pos=71 elapsed_ms=1.022
kiln_profile_paged_layer layer=7 kind=full seq_len=1 start_pos=71 elapsed_ms=2.274
kiln_profile_gdn_stage layer=8 stage=in_proj seq_len=1 start_pos=71 elapsed_ms=0.720
kiln_profile_gdn_stage layer=8 stage=conv seq_len=1 start_pos=71 elapsed_ms=0.096
kiln_profile_gdn_stage layer=8 stage=qkv_split seq_len=1 start_pos=71 elapsed_ms=0.001
kiln_profile_gdn_stage layer=8 stage=qk_norm seq_len=1 start_pos=71 elapsed_ms=0.014
kiln_profile_gdn_stage layer=8 stage=gates seq_len=1 start_pos=71 elapsed_ms=0.208
kiln_profile_gdn_stage layer=8 stage=recurrent seq_len=1 start_pos=71 elapsed_ms=0.609
kiln_profile_gdn_stage layer=8 stage=post_transpose seq_len=1 start_pos=71 elapsed_ms=0.000
kiln_profile_gdn_stage layer=8 stage=gated_norm seq_len=1 start_pos=71 elapsed_ms=0.286
kiln_profile_gdn_stage layer=8 stage=out_proj seq_len=1 start_pos=71 elapsed_ms=0.332
kiln_profile_mlp_stage layer=8 stage=fused seq_len=1 start_pos=71 elapsed_ms=0.993
kiln_profile_paged_layer layer=8 kind=linear seq_len=1 start_pos=71 elapsed_ms=3.299
kiln_profile_gdn_stage layer=9 stage=in_proj seq_len=1 start_pos=71 elapsed_ms=1.285
kiln_profile_gdn_stage layer=9 stage=conv seq_len=1 start_pos=71 elapsed_ms=0.088
kiln_profile_gdn_stage layer=9 stage=qkv_split seq_len=1 start_pos=71 elapsed_ms=0.001
kiln_profile_gdn_stage layer=9 stage=qk_norm seq_len=1 start_pos=71 elapsed_ms=0.015
kiln_profile_gdn_stage layer=9 stage=gates seq_len=1 start_pos=71 elapsed_ms=0.198
kiln_profile_gdn_stage layer=9 stage=recurrent seq_len=1 start_pos=71 elapsed_ms=0.594
kiln_profile_gdn_stage layer=9 stage=post_transpose seq_len=1 start_pos=71 elapsed_ms=0.000
kiln_profile_gdn_stage layer=9 stage=gated_norm seq_len=1 start_pos=71 elapsed_ms=0.266
kiln_profile_gdn_stage layer=9 stage=out_proj seq_len=1 start_pos=71 elapsed_ms=0.328
kiln_profile_mlp_stage layer=9 stage=fused seq_len=1 start_pos=71 elapsed_ms=1.070
kiln_profile_paged_layer layer=9 kind=linear seq_len=1 start_pos=71 elapsed_ms=3.883
kiln_profile_gdn_stage layer=10 stage=in_proj seq_len=1 start_pos=71 elapsed_ms=0.745
kiln_profile_gdn_stage layer=10 stage=conv seq_len=1 start_pos=71 elapsed_ms=0.087
kiln_profile_gdn_stage layer=10 stage=qkv_split seq_len=1 start_pos=71 elapsed_ms=0.001
kiln_profile_gdn_stage layer=10 stage=qk_norm seq_len=1 start_pos=71 elapsed_ms=0.014
kiln_profile_gdn_stage layer=10 stage=gates seq_len=1 start_pos=71 elapsed_ms=0.215
kiln_profile_gdn_stage layer=10 stage=recurrent seq_len=1 start_pos=71 elapsed_ms=0.579
kiln_profile_gdn_stage layer=10 stage=post_transpose seq_len=1 start_pos=71 elapsed_ms=0.000
kiln_profile_gdn_stage layer=10 stage=gated_norm seq_len=1 start_pos=71 elapsed_ms=0.260
kiln_profile_gdn_stage layer=10 stage=out_proj seq_len=1 start_pos=71 elapsed_ms=0.310
kiln_profile_mlp_stage layer=10 stage=fused seq_len=1 start_pos=71 elapsed_ms=0.977
kiln_profile_paged_layer layer=10 kind=linear seq_len=1 start_pos=71 elapsed_ms=3.227
kiln_profile_full_attn_stage full_attn_layer=2 stage=qkv_proj seq_len=1 start_pos=71 elapsed_ms=0.614
kiln_profile_full_attn_stage full_attn_layer=2 stage=qkv_split seq_len=1 start_pos=71 elapsed_ms=0.004
kiln_profile_full_attn_stage full_attn_layer=2 stage=qk_norm seq_len=1 start_pos=71 elapsed_ms=0.017
kiln_profile_full_attn_stage full_attn_layer=2 stage=rope seq_len=1 start_pos=71 elapsed_ms=0.027
kiln_profile_full_attn_stage full_attn_layer=2 stage=q_transpose seq_len=1 start_pos=71 elapsed_ms=0.004
kiln_profile_full_attn_stage full_attn_layer=2 stage=kv_write seq_len=1 start_pos=71 elapsed_ms=0.004
kiln_profile_full_attn_stage full_attn_layer=2 stage=kv_read seq_len=1 start_pos=71 elapsed_ms=0.035
kiln_profile_full_attn_stage full_attn_layer=2 stage=decode_group_layout seq_len=1 start_pos=71 elapsed_ms=0.002
kiln_profile_full_attn_stage full_attn_layer=2 stage=decode_scores seq_len=1 start_pos=71 elapsed_ms=0.125
kiln_profile_full_attn_stage full_attn_layer=2 stage=decode_softmax seq_len=1 start_pos=71 elapsed_ms=0.008
kiln_profile_full_attn_stage full_attn_layer=2 stage=decode_weighted_sum seq_len=1 start_pos=71 elapsed_ms=0.040
kiln_profile_full_attn_stage full_attn_layer=2 stage=attn_gate seq_len=1 start_pos=71 elapsed_ms=0.012
kiln_profile_full_attn_stage full_attn_layer=2 stage=o_proj seq_len=1 start_pos=71 elapsed_ms=0.306
kiln_profile_mlp_stage layer=11 stage=fused seq_len=1 start_pos=71 elapsed_ms=1.083
kiln_profile_paged_layer layer=11 kind=full seq_len=1 start_pos=71 elapsed_ms=2.340
kiln_profile_gdn_stage layer=12 stage=in_proj seq_len=1 start_pos=71 elapsed_ms=0.766
kiln_profile_gdn_stage layer=12 stage=conv seq_len=1 start_pos=71 elapsed_ms=0.149
kiln_profile_gdn_stage layer=12 stage=qkv_split seq_len=1 start_pos=71 elapsed_ms=0.001
kiln_profile_gdn_stage layer=12 stage=qk_norm seq_len=1 start_pos=71 elapsed_ms=0.020
kiln_profile_gdn_stage layer=12 stage=gates seq_len=1 start_pos=71 elapsed_ms=0.238
kiln_profile_gdn_stage layer=12 stage=recurrent seq_len=1 start_pos=71 elapsed_ms=0.723
kiln_profile_gdn_stage layer=12 stage=post_transpose seq_len=1 start_pos=71 elapsed_ms=0.000
kiln_profile_gdn_stage layer=12 stage=gated_norm seq_len=1 start_pos=71 elapsed_ms=0.275
kiln_profile_gdn_stage layer=12 stage=out_proj seq_len=1 start_pos=71 elapsed_ms=0.291
kiln_profile_mlp_stage layer=12 stage=fused seq_len=1 start_pos=71 elapsed_ms=1.190
kiln_profile_paged_layer layer=12 kind=linear seq_len=1 start_pos=71 elapsed_ms=3.709
kiln_profile_gdn_stage layer=13 stage=in_proj seq_len=1 start_pos=71 elapsed_ms=0.700
kiln_profile_gdn_stage layer=13 stage=conv seq_len=1 start_pos=71 elapsed_ms=0.119
kiln_profile_gdn_stage layer=13 stage=qkv_split seq_len=1 start_pos=71 elapsed_ms=0.001
kiln_profile_gdn_stage layer=13 stage=qk_norm seq_len=1 start_pos=71 elapsed_ms=0.018
kiln_profile_gdn_stage layer=13 stage=gates seq_len=1 start_pos=71 elapsed_ms=0.234
kiln_profile_gdn_stage layer=13 stage=recurrent seq_len=1 start_pos=71 elapsed_ms=0.587
kiln_profile_gdn_stage layer=13 stage=post_transpose seq_len=1 start_pos=71 elapsed_ms=0.000
kiln_profile_gdn_stage layer=13 stage=gated_norm seq_len=1 start_pos=71 elapsed_ms=0.311
kiln_profile_gdn_stage layer=13 stage=out_proj seq_len=1 start_pos=71 elapsed_ms=0.318
kiln_profile_mlp_stage layer=13 stage=fused seq_len=1 start_pos=71 elapsed_ms=1.497
kiln_profile_paged_layer layer=13 kind=linear seq_len=1 start_pos=71 elapsed_ms=3.835
kiln_profile_gdn_stage layer=14 stage=in_proj seq_len=1 start_pos=71 elapsed_ms=0.731
kiln_profile_gdn_stage layer=14 stage=conv seq_len=1 start_pos=71 elapsed_ms=0.092
kiln_profile_gdn_stage layer=14 stage=qkv_split seq_len=1 start_pos=71 elapsed_ms=0.001
kiln_profile_gdn_stage layer=14 stage=qk_norm seq_len=1 start_pos=71 elapsed_ms=0.019
kiln_profile_gdn_stage layer=14 stage=gates seq_len=1 start_pos=71 elapsed_ms=0.199
kiln_profile_gdn_stage layer=14 stage=recurrent seq_len=1 start_pos=71 elapsed_ms=0.591
kiln_profile_gdn_stage layer=14 stage=post_transpose seq_len=1 start_pos=71 elapsed_ms=0.000
kiln_profile_gdn_stage layer=14 stage=gated_norm seq_len=1 start_pos=71 elapsed_ms=0.285
kiln_profile_gdn_stage layer=14 stage=out_proj seq_len=1 start_pos=71 elapsed_ms=0.339
kiln_profile_mlp_stage layer=14 stage=fused seq_len=1 start_pos=71 elapsed_ms=0.997
kiln_profile_paged_layer layer=14 kind=linear seq_len=1 start_pos=71 elapsed_ms=3.296
kiln_profile_full_attn_stage full_attn_layer=3 stage=qkv_proj seq_len=1 start_pos=71 elapsed_ms=0.620
kiln_profile_full_attn_stage full_attn_layer=3 stage=qkv_split seq_len=1 start_pos=71 elapsed_ms=0.004
kiln_profile_full_attn_stage full_attn_layer=3 stage=qk_norm seq_len=1 start_pos=71 elapsed_ms=0.018
kiln_profile_full_attn_stage full_attn_layer=3 stage=rope seq_len=1 start_pos=71 elapsed_ms=0.031
kiln_profile_full_attn_stage full_attn_layer=3 stage=q_transpose seq_len=1 start_pos=71 elapsed_ms=0.004
kiln_profile_full_attn_stage full_attn_layer=3 stage=kv_write seq_len=1 start_pos=71 elapsed_ms=0.005
kiln_profile_full_attn_stage full_attn_layer=3 stage=kv_read seq_len=1 start_pos=71 elapsed_ms=0.038
kiln_profile_full_attn_stage full_attn_layer=3 stage=decode_group_layout seq_len=1 start_pos=71 elapsed_ms=0.002
kiln_profile_full_attn_stage full_attn_layer=3 stage=decode_scores seq_len=1 start_pos=71 elapsed_ms=0.133
kiln_profile_full_attn_stage full_attn_layer=3 stage=decode_softmax seq_len=1 start_pos=71 elapsed_ms=0.010
kiln_profile_full_attn_stage full_attn_layer=3 stage=decode_weighted_sum seq_len=1 start_pos=71 elapsed_ms=0.036
kiln_profile_full_attn_stage full_attn_layer=3 stage=attn_gate seq_len=1 start_pos=71 elapsed_ms=0.009
kiln_profile_full_attn_stage full_attn_layer=3 stage=o_proj seq_len=1 start_pos=71 elapsed_ms=0.300
kiln_profile_mlp_stage layer=15 stage=fused seq_len=1 start_pos=71 elapsed_ms=1.018
kiln_profile_paged_layer layer=15 kind=full seq_len=1 start_pos=71 elapsed_ms=2.277
kiln_profile_gdn_stage layer=16 stage=in_proj seq_len=1 start_pos=71 elapsed_ms=0.723
kiln_profile_gdn_stage layer=16 stage=conv seq_len=1 start_pos=71 elapsed_ms=0.094
kiln_profile_gdn_stage layer=16 stage=qkv_split seq_len=1 start_pos=71 elapsed_ms=0.001
kiln_profile_gdn_stage layer=16 stage=qk_norm seq_len=1 start_pos=71 elapsed_ms=0.015
kiln_profile_gdn_stage layer=16 stage=gates seq_len=1 start_pos=71 elapsed_ms=0.202
kiln_profile_gdn_stage layer=16 stage=recurrent seq_len=1 start_pos=71 elapsed_ms=1.261
kiln_profile_gdn_stage layer=16 stage=post_transpose seq_len=1 start_pos=71 elapsed_ms=0.001
kiln_profile_gdn_stage layer=16 stage=gated_norm seq_len=1 start_pos=71 elapsed_ms=0.565
kiln_profile_gdn_stage layer=16 stage=out_proj seq_len=1 start_pos=71 elapsed_ms=0.332
kiln_profile_mlp_stage layer=16 stage=fused seq_len=1 start_pos=71 elapsed_ms=1.008
kiln_profile_paged_layer layer=16 kind=linear seq_len=1 start_pos=71 elapsed_ms=4.324
kiln_profile_gdn_stage layer=17 stage=in_proj seq_len=1 start_pos=71 elapsed_ms=0.748
kiln_profile_gdn_stage layer=17 stage=conv seq_len=1 start_pos=71 elapsed_ms=0.174
kiln_profile_gdn_stage layer=17 stage=qkv_split seq_len=1 start_pos=71 elapsed_ms=0.001
kiln_profile_gdn_stage layer=17 stage=qk_norm seq_len=1 start_pos=71 elapsed_ms=0.028
kiln_profile_gdn_stage layer=17 stage=gates seq_len=1 start_pos=71 elapsed_ms=0.298
kiln_profile_gdn_stage layer=17 stage=recurrent seq_len=1 start_pos=71 elapsed_ms=0.984
kiln_profile_gdn_stage layer=17 stage=post_transpose seq_len=1 start_pos=71 elapsed_ms=0.001
kiln_profile_gdn_stage layer=17 stage=gated_norm seq_len=1 start_pos=71 elapsed_ms=0.397
kiln_profile_gdn_stage layer=17 stage=out_proj seq_len=1 start_pos=71 elapsed_ms=0.318
kiln_profile_mlp_stage layer=17 stage=fused seq_len=1 start_pos=71 elapsed_ms=0.977
kiln_profile_paged_layer layer=17 kind=linear seq_len=1 start_pos=71 elapsed_ms=4.007
kiln_profile_gdn_stage layer=18 stage=in_proj seq_len=1 start_pos=71 elapsed_ms=0.737
kiln_profile_gdn_stage layer=18 stage=conv seq_len=1 start_pos=71 elapsed_ms=0.153
kiln_profile_gdn_stage layer=18 stage=qkv_split seq_len=1 start_pos=71 elapsed_ms=0.002
kiln_profile_gdn_stage layer=18 stage=qk_norm seq_len=1 start_pos=71 elapsed_ms=0.023
kiln_profile_gdn_stage layer=18 stage=gates seq_len=1 start_pos=71 elapsed_ms=0.260
kiln_profile_gdn_stage layer=18 stage=recurrent seq_len=1 start_pos=71 elapsed_ms=0.705
kiln_profile_gdn_stage layer=18 stage=post_transpose seq_len=1 start_pos=71 elapsed_ms=0.000
kiln_profile_gdn_stage layer=18 stage=gated_norm seq_len=1 start_pos=71 elapsed_ms=0.296
kiln_profile_gdn_stage layer=18 stage=out_proj seq_len=1 start_pos=71 elapsed_ms=0.328
kiln_profile_mlp_stage layer=18 stage=fused seq_len=1 start_pos=71 elapsed_ms=0.990
kiln_profile_paged_layer layer=18 kind=linear seq_len=1 start_pos=71 elapsed_ms=3.551
kiln_profile_full_attn_stage full_attn_layer=4 stage=qkv_proj seq_len=1 start_pos=71 elapsed_ms=0.620
kiln_profile_full_attn_stage full_attn_layer=4 stage=qkv_split seq_len=1 start_pos=71 elapsed_ms=0.007
kiln_profile_full_attn_stage full_attn_layer=4 stage=qk_norm seq_len=1 start_pos=71 elapsed_ms=0.037
kiln_profile_full_attn_stage full_attn_layer=4 stage=rope seq_len=1 start_pos=71 elapsed_ms=0.043
kiln_profile_full_attn_stage full_attn_layer=4 stage=q_transpose seq_len=1 start_pos=71 elapsed_ms=0.006
kiln_profile_full_attn_stage full_attn_layer=4 stage=kv_write seq_len=1 start_pos=71 elapsed_ms=0.007
kiln_profile_full_attn_stage full_attn_layer=4 stage=kv_read seq_len=1 start_pos=71 elapsed_ms=0.081
kiln_profile_full_attn_stage full_attn_layer=4 stage=decode_group_layout seq_len=1 start_pos=71 elapsed_ms=0.004
kiln_profile_full_attn_stage full_attn_layer=4 stage=decode_scores seq_len=1 start_pos=71 elapsed_ms=0.186
kiln_profile_full_attn_stage full_attn_layer=4 stage=decode_softmax seq_len=1 start_pos=71 elapsed_ms=0.016
kiln_profile_full_attn_stage full_attn_layer=4 stage=decode_weighted_sum seq_len=1 start_pos=71 elapsed_ms=0.048
kiln_profile_full_attn_stage full_attn_layer=4 stage=attn_gate seq_len=1 start_pos=71 elapsed_ms=0.014
kiln_profile_full_attn_stage full_attn_layer=4 stage=o_proj seq_len=1 start_pos=71 elapsed_ms=0.319
kiln_profile_mlp_stage layer=19 stage=fused seq_len=1 start_pos=71 elapsed_ms=1.001
kiln_profile_paged_layer layer=19 kind=full seq_len=1 start_pos=71 elapsed_ms=2.467
kiln_profile_gdn_stage layer=20 stage=in_proj seq_len=1 start_pos=71 elapsed_ms=0.726
kiln_profile_gdn_stage layer=20 stage=conv seq_len=1 start_pos=71 elapsed_ms=0.110
kiln_profile_gdn_stage layer=20 stage=qkv_split seq_len=1 start_pos=71 elapsed_ms=0.001
kiln_profile_gdn_stage layer=20 stage=qk_norm seq_len=1 start_pos=71 elapsed_ms=0.017
kiln_profile_gdn_stage layer=20 stage=gates seq_len=1 start_pos=71 elapsed_ms=0.220
kiln_profile_gdn_stage layer=20 stage=recurrent seq_len=1 start_pos=71 elapsed_ms=0.681
kiln_profile_gdn_stage layer=20 stage=post_transpose seq_len=1 start_pos=71 elapsed_ms=0.000
kiln_profile_gdn_stage layer=20 stage=gated_norm seq_len=1 start_pos=71 elapsed_ms=0.309
kiln_profile_gdn_stage layer=20 stage=out_proj seq_len=1 start_pos=71 elapsed_ms=0.337
kiln_profile_mlp_stage layer=20 stage=fused seq_len=1 start_pos=71 elapsed_ms=0.999
kiln_profile_paged_layer layer=20 kind=linear seq_len=1 start_pos=71 elapsed_ms=3.448
kiln_profile_gdn_stage layer=21 stage=in_proj seq_len=1 start_pos=71 elapsed_ms=0.762
kiln_profile_gdn_stage layer=21 stage=conv seq_len=1 start_pos=71 elapsed_ms=0.107
kiln_profile_gdn_stage layer=21 stage=qkv_split seq_len=1 start_pos=71 elapsed_ms=0.001
kiln_profile_gdn_stage layer=21 stage=qk_norm seq_len=1 start_pos=71 elapsed_ms=0.019
kiln_profile_gdn_stage layer=21 stage=gates seq_len=1 start_pos=71 elapsed_ms=0.213
kiln_profile_gdn_stage layer=21 stage=recurrent seq_len=1 start_pos=71 elapsed_ms=0.669
kiln_profile_gdn_stage layer=21 stage=post_transpose seq_len=1 start_pos=71 elapsed_ms=0.000
kiln_profile_gdn_stage layer=21 stage=gated_norm seq_len=1 start_pos=71 elapsed_ms=0.304
kiln_profile_gdn_stage layer=21 stage=out_proj seq_len=1 start_pos=71 elapsed_ms=0.317
kiln_profile_mlp_stage layer=21 stage=fused seq_len=1 start_pos=71 elapsed_ms=1.142
kiln_profile_paged_layer layer=21 kind=linear seq_len=1 start_pos=71 elapsed_ms=3.581
kiln_profile_gdn_stage layer=22 stage=in_proj seq_len=1 start_pos=71 elapsed_ms=0.786
kiln_profile_gdn_stage layer=22 stage=conv seq_len=1 start_pos=71 elapsed_ms=0.103
kiln_profile_gdn_stage layer=22 stage=qkv_split seq_len=1 start_pos=71 elapsed_ms=0.001
kiln_profile_gdn_stage layer=22 stage=qk_norm seq_len=1 start_pos=71 elapsed_ms=0.016
kiln_profile_gdn_stage layer=22 stage=gates seq_len=1 start_pos=71 elapsed_ms=0.233
kiln_profile_gdn_stage layer=22 stage=recurrent seq_len=1 start_pos=71 elapsed_ms=0.612
kiln_profile_gdn_stage layer=22 stage=post_transpose seq_len=1 start_pos=71 elapsed_ms=0.000
kiln_profile_gdn_stage layer=22 stage=gated_norm seq_len=1 start_pos=71 elapsed_ms=0.370
kiln_profile_gdn_stage layer=22 stage=out_proj seq_len=1 start_pos=71 elapsed_ms=0.364
kiln_profile_mlp_stage layer=22 stage=fused seq_len=1 start_pos=71 elapsed_ms=1.083
kiln_profile_paged_layer layer=22 kind=linear seq_len=1 start_pos=71 elapsed_ms=3.614
kiln_profile_full_attn_stage full_attn_layer=5 stage=qkv_proj seq_len=1 start_pos=71 elapsed_ms=0.617
kiln_profile_full_attn_stage full_attn_layer=5 stage=qkv_split seq_len=1 start_pos=71 elapsed_ms=0.005
kiln_profile_full_attn_stage full_attn_layer=5 stage=qk_norm seq_len=1 start_pos=71 elapsed_ms=0.018
kiln_profile_full_attn_stage full_attn_layer=5 stage=rope seq_len=1 start_pos=71 elapsed_ms=0.034
kiln_profile_full_attn_stage full_attn_layer=5 stage=q_transpose seq_len=1 start_pos=71 elapsed_ms=0.005
kiln_profile_full_attn_stage full_attn_layer=5 stage=kv_write seq_len=1 start_pos=71 elapsed_ms=0.006
kiln_profile_full_attn_stage full_attn_layer=5 stage=kv_read seq_len=1 start_pos=71 elapsed_ms=0.057
kiln_profile_full_attn_stage full_attn_layer=5 stage=decode_group_layout seq_len=1 start_pos=71 elapsed_ms=0.003
kiln_profile_full_attn_stage full_attn_layer=5 stage=decode_scores seq_len=1 start_pos=71 elapsed_ms=0.150
kiln_profile_full_attn_stage full_attn_layer=5 stage=decode_softmax seq_len=1 start_pos=71 elapsed_ms=0.012
kiln_profile_full_attn_stage full_attn_layer=5 stage=decode_weighted_sum seq_len=1 start_pos=71 elapsed_ms=0.045
kiln_profile_full_attn_stage full_attn_layer=5 stage=attn_gate seq_len=1 start_pos=71 elapsed_ms=0.014
kiln_profile_full_attn_stage full_attn_layer=5 stage=o_proj seq_len=1 start_pos=71 elapsed_ms=0.306
kiln_profile_mlp_stage layer=23 stage=fused seq_len=1 start_pos=71 elapsed_ms=1.122
kiln_profile_paged_layer layer=23 kind=full seq_len=1 start_pos=71 elapsed_ms=2.470
kiln_profile_gdn_stage layer=24 stage=in_proj seq_len=1 start_pos=71 elapsed_ms=0.709
kiln_profile_gdn_stage layer=24 stage=conv seq_len=1 start_pos=71 elapsed_ms=0.138
kiln_profile_gdn_stage layer=24 stage=qkv_split seq_len=1 start_pos=71 elapsed_ms=0.001
kiln_profile_gdn_stage layer=24 stage=qk_norm seq_len=1 start_pos=71 elapsed_ms=0.018
kiln_profile_gdn_stage layer=24 stage=gates seq_len=1 start_pos=71 elapsed_ms=0.272
kiln_profile_gdn_stage layer=24 stage=recurrent seq_len=1 start_pos=71 elapsed_ms=0.673
kiln_profile_gdn_stage layer=24 stage=post_transpose seq_len=1 start_pos=71 elapsed_ms=0.000
kiln_profile_gdn_stage layer=24 stage=gated_norm seq_len=1 start_pos=71 elapsed_ms=0.324
kiln_profile_gdn_stage layer=24 stage=out_proj seq_len=1 start_pos=71 elapsed_ms=0.394
kiln_profile_mlp_stage layer=24 stage=fused seq_len=1 start_pos=71 elapsed_ms=1.021
kiln_profile_paged_layer layer=24 kind=linear seq_len=1 start_pos=71 elapsed_ms=3.631
kiln_profile_gdn_stage layer=25 stage=in_proj seq_len=1 start_pos=71 elapsed_ms=0.735
kiln_profile_gdn_stage layer=25 stage=conv seq_len=1 start_pos=71 elapsed_ms=0.098
kiln_profile_gdn_stage layer=25 stage=qkv_split seq_len=1 start_pos=71 elapsed_ms=0.001
kiln_profile_gdn_stage layer=25 stage=qk_norm seq_len=1 start_pos=71 elapsed_ms=0.017
kiln_profile_gdn_stage layer=25 stage=gates seq_len=1 start_pos=71 elapsed_ms=0.223
kiln_profile_gdn_stage layer=25 stage=recurrent seq_len=1 start_pos=71 elapsed_ms=0.619
kiln_profile_gdn_stage layer=25 stage=post_transpose seq_len=1 start_pos=71 elapsed_ms=0.000
kiln_profile_gdn_stage layer=25 stage=gated_norm seq_len=1 start_pos=71 elapsed_ms=0.295
kiln_profile_gdn_stage layer=25 stage=out_proj seq_len=1 start_pos=71 elapsed_ms=0.365
kiln_profile_mlp_stage layer=25 stage=fused seq_len=1 start_pos=71 elapsed_ms=1.045
kiln_profile_paged_layer layer=25 kind=linear seq_len=1 start_pos=71 elapsed_ms=3.444
kiln_profile_gdn_stage layer=26 stage=in_proj seq_len=1 start_pos=71 elapsed_ms=0.729
kiln_profile_gdn_stage layer=26 stage=conv seq_len=1 start_pos=71 elapsed_ms=0.099
kiln_profile_gdn_stage layer=26 stage=qkv_split seq_len=1 start_pos=71 elapsed_ms=0.001
kiln_profile_gdn_stage layer=26 stage=qk_norm seq_len=1 start_pos=71 elapsed_ms=0.016
kiln_profile_gdn_stage layer=26 stage=gates seq_len=1 start_pos=71 elapsed_ms=0.233
kiln_profile_gdn_stage layer=26 stage=recurrent seq_len=1 start_pos=71 elapsed_ms=0.719
kiln_profile_gdn_stage layer=26 stage=post_transpose seq_len=1 start_pos=71 elapsed_ms=0.000
kiln_profile_gdn_stage layer=26 stage=gated_norm seq_len=1 start_pos=71 elapsed_ms=0.312
kiln_profile_gdn_stage layer=26 stage=out_proj seq_len=1 start_pos=71 elapsed_ms=0.477
kiln_profile_mlp_stage layer=26 stage=fused seq_len=1 start_pos=71 elapsed_ms=1.033
kiln_profile_paged_layer layer=26 kind=linear seq_len=1 start_pos=71 elapsed_ms=3.664
kiln_profile_full_attn_stage full_attn_layer=6 stage=qkv_proj seq_len=1 start_pos=71 elapsed_ms=0.615
kiln_profile_full_attn_stage full_attn_layer=6 stage=qkv_split seq_len=1 start_pos=71 elapsed_ms=0.006
kiln_profile_full_attn_stage full_attn_layer=6 stage=qk_norm seq_len=1 start_pos=71 elapsed_ms=0.021
kiln_profile_full_attn_stage full_attn_layer=6 stage=rope seq_len=1 start_pos=71 elapsed_ms=0.040
kiln_profile_full_attn_stage full_attn_layer=6 stage=q_transpose seq_len=1 start_pos=71 elapsed_ms=0.004
kiln_profile_full_attn_stage full_attn_layer=6 stage=kv_write seq_len=1 start_pos=71 elapsed_ms=0.005
kiln_profile_full_attn_stage full_attn_layer=6 stage=kv_read seq_len=1 start_pos=71 elapsed_ms=0.046
kiln_profile_full_attn_stage full_attn_layer=6 stage=decode_group_layout seq_len=1 start_pos=71 elapsed_ms=0.002
kiln_profile_full_attn_stage full_attn_layer=6 stage=decode_scores seq_len=1 start_pos=71 elapsed_ms=0.141
kiln_profile_full_attn_stage full_attn_layer=6 stage=decode_softmax seq_len=1 start_pos=71 elapsed_ms=0.012
kiln_profile_full_attn_stage full_attn_layer=6 stage=decode_weighted_sum seq_len=1 start_pos=71 elapsed_ms=0.041
kiln_profile_full_attn_stage full_attn_layer=6 stage=attn_gate seq_len=1 start_pos=71 elapsed_ms=0.011
kiln_profile_full_attn_stage full_attn_layer=6 stage=o_proj seq_len=1 start_pos=71 elapsed_ms=0.313
kiln_profile_mlp_stage layer=27 stage=fused seq_len=1 start_pos=71 elapsed_ms=1.022
kiln_profile_paged_layer layer=27 kind=full seq_len=1 start_pos=71 elapsed_ms=2.338
kiln_profile_gdn_stage layer=28 stage=in_proj seq_len=1 start_pos=71 elapsed_ms=0.736
kiln_profile_gdn_stage layer=28 stage=conv seq_len=1 start_pos=71 elapsed_ms=0.111
kiln_profile_gdn_stage layer=28 stage=qkv_split seq_len=1 start_pos=71 elapsed_ms=0.001
kiln_profile_gdn_stage layer=28 stage=qk_norm seq_len=1 start_pos=71 elapsed_ms=0.017
kiln_profile_gdn_stage layer=28 stage=gates seq_len=1 start_pos=71 elapsed_ms=0.244
kiln_profile_gdn_stage layer=28 stage=recurrent seq_len=1 start_pos=71 elapsed_ms=0.668
kiln_profile_gdn_stage layer=28 stage=post_transpose seq_len=1 start_pos=71 elapsed_ms=0.000
kiln_profile_gdn_stage layer=28 stage=gated_norm seq_len=1 start_pos=71 elapsed_ms=0.317
kiln_profile_gdn_stage layer=28 stage=out_proj seq_len=1 start_pos=71 elapsed_ms=1.048
kiln_profile_mlp_stage layer=28 stage=fused seq_len=1 start_pos=71 elapsed_ms=1.320
kiln_profile_paged_layer layer=28 kind=linear seq_len=1 start_pos=71 elapsed_ms=4.512
kiln_profile_gdn_stage layer=29 stage=in_proj seq_len=1 start_pos=71 elapsed_ms=0.766
kiln_profile_gdn_stage layer=29 stage=conv seq_len=1 start_pos=71 elapsed_ms=0.182
kiln_profile_gdn_stage layer=29 stage=qkv_split seq_len=1 start_pos=71 elapsed_ms=0.001
kiln_profile_gdn_stage layer=29 stage=qk_norm seq_len=1 start_pos=71 elapsed_ms=0.026
kiln_profile_gdn_stage layer=29 stage=gates seq_len=1 start_pos=71 elapsed_ms=0.333
kiln_profile_gdn_stage layer=29 stage=recurrent seq_len=1 start_pos=71 elapsed_ms=0.843
kiln_profile_gdn_stage layer=29 stage=post_transpose seq_len=1 start_pos=71 elapsed_ms=0.000
kiln_profile_gdn_stage layer=29 stage=gated_norm seq_len=1 start_pos=71 elapsed_ms=0.393
kiln_profile_gdn_stage layer=29 stage=out_proj seq_len=1 start_pos=71 elapsed_ms=0.337
kiln_profile_mlp_stage layer=29 stage=fused seq_len=1 start_pos=71 elapsed_ms=1.135
kiln_profile_paged_layer layer=29 kind=linear seq_len=1 start_pos=71 elapsed_ms=4.095
kiln_profile_gdn_stage layer=30 stage=in_proj seq_len=1 start_pos=71 elapsed_ms=0.760
kiln_profile_gdn_stage layer=30 stage=conv seq_len=1 start_pos=71 elapsed_ms=0.110
kiln_profile_gdn_stage layer=30 stage=qkv_split seq_len=1 start_pos=71 elapsed_ms=0.001
kiln_profile_gdn_stage layer=30 stage=qk_norm seq_len=1 start_pos=71 elapsed_ms=0.018
kiln_profile_gdn_stage layer=30 stage=gates seq_len=1 start_pos=71 elapsed_ms=0.261
kiln_profile_gdn_stage layer=30 stage=recurrent seq_len=1 start_pos=71 elapsed_ms=0.656
kiln_profile_gdn_stage layer=30 stage=post_transpose seq_len=1 start_pos=71 elapsed_ms=0.000
kiln_profile_gdn_stage layer=30 stage=gated_norm seq_len=1 start_pos=71 elapsed_ms=0.301
kiln_profile_gdn_stage layer=30 stage=out_proj seq_len=1 start_pos=71 elapsed_ms=0.354
kiln_profile_mlp_stage layer=30 stage=fused seq_len=1 start_pos=71 elapsed_ms=1.075
kiln_profile_paged_layer layer=30 kind=linear seq_len=1 start_pos=71 elapsed_ms=3.590
kiln_profile_full_attn_stage full_attn_layer=7 stage=qkv_proj seq_len=1 start_pos=71 elapsed_ms=0.620
kiln_profile_full_attn_stage full_attn_layer=7 stage=qkv_split seq_len=1 start_pos=71 elapsed_ms=0.006
kiln_profile_full_attn_stage full_attn_layer=7 stage=qk_norm seq_len=1 start_pos=71 elapsed_ms=0.021
kiln_profile_full_attn_stage full_attn_layer=7 stage=rope seq_len=1 start_pos=71 elapsed_ms=0.041
kiln_profile_full_attn_stage full_attn_layer=7 stage=q_transpose seq_len=1 start_pos=71 elapsed_ms=0.006
kiln_profile_full_attn_stage full_attn_layer=7 stage=kv_write seq_len=1 start_pos=71 elapsed_ms=0.007
kiln_profile_full_attn_stage full_attn_layer=7 stage=kv_read seq_len=1 start_pos=71 elapsed_ms=0.049
kiln_profile_full_attn_stage full_attn_layer=7 stage=decode_group_layout seq_len=1 start_pos=71 elapsed_ms=0.003
kiln_profile_full_attn_stage full_attn_layer=7 stage=decode_scores seq_len=1 start_pos=71 elapsed_ms=0.149
kiln_profile_full_attn_stage full_attn_layer=7 stage=decode_softmax seq_len=1 start_pos=71 elapsed_ms=0.012
kiln_profile_full_attn_stage full_attn_layer=7 stage=decode_weighted_sum seq_len=1 start_pos=71 elapsed_ms=0.040
kiln_profile_full_attn_stage full_attn_layer=7 stage=attn_gate seq_len=1 start_pos=71 elapsed_ms=0.010
kiln_profile_full_attn_stage full_attn_layer=7 stage=o_proj seq_len=1 start_pos=71 elapsed_ms=0.322
kiln_profile_mlp_stage layer=31 stage=fused seq_len=1 start_pos=71 elapsed_ms=1.040
kiln_profile_paged_layer layer=31 kind=full seq_len=1 start_pos=71 elapsed_ms=2.391
    Paged decode first 32 token ids: [271,1206,1423,680,1204,1691,51864,3520,506]
    Decode (paged): 9 tokens, mean ITL 120.4ms (8.3 tok/s)

  ▌ Latency benchmark (PAGED — production path)
  Measuring latency [PAGED, block_size=16, blocks=5] (64 prompt tokens)...
kiln_profile_gdn_stage layer=0 stage=in_proj seq_len=64 start_pos=0 elapsed_ms=8.969
kiln_profile_gdn_stage layer=0 stage=conv seq_len=64 start_pos=0 elapsed_ms=8.261
kiln_profile_gdn_stage layer=0 stage=qkv_split seq_len=64 start_pos=0 elapsed_ms=0.397
kiln_profile_gdn_stage layer=0 stage=qk_norm seq_len=64 start_pos=0 elapsed_ms=0.596
kiln_profile_gdn_stage layer=0 stage=gates seq_len=64 start_pos=0 elapsed_ms=0.615
kiln_profile_gdn_stage layer=0 stage=recurrent seq_len=64 start_pos=0 elapsed_ms=10.302
kiln_profile_gdn_stage layer=0 stage=post_transpose seq_len=64 start_pos=0 elapsed_ms=0.000
kiln_profile_gdn_stage layer=0 stage=gated_norm seq_len=64 start_pos=0 elapsed_ms=5.516
kiln_profile_gdn_stage layer=0 stage=out_proj seq_len=64 start_pos=0 elapsed_ms=5.310
kiln_profile_mlp_stage layer=0 stage=fused seq_len=64 start_pos=0 elapsed_ms=27.413
kiln_profile_paged_layer layer=0 kind=linear seq_len=64 start_pos=0 elapsed_ms=68.486
kiln_profile_gdn_stage layer=1 stage=in_proj seq_len=64 start_pos=0 elapsed_ms=16.940
kiln_profile_gdn_stage layer=1 stage=conv seq_len=64 start_pos=0 elapsed_ms=7.991
kiln_profile_gdn_stage layer=1 stage=qkv_split seq_len=64 start_pos=0 elapsed_ms=0.384
kiln_profile_gdn_stage layer=1 stage=qk_norm seq_len=64 start_pos=0 elapsed_ms=0.592
kiln_profile_gdn_stage layer=1 stage=gates seq_len=64 start_pos=0 elapsed_ms=1.001
kiln_profile_gdn_stage layer=1 stage=recurrent seq_len=64 start_pos=0 elapsed_ms=9.101
kiln_profile_gdn_stage layer=1 stage=post_transpose seq_len=64 start_pos=0 elapsed_ms=0.000
kiln_profile_gdn_stage layer=1 stage=gated_norm seq_len=64 start_pos=0 elapsed_ms=7.091
kiln_profile_gdn_stage layer=1 stage=out_proj seq_len=64 start_pos=0 elapsed_ms=5.794
kiln_profile_mlp_stage layer=1 stage=fused seq_len=64 start_pos=0 elapsed_ms=29.837
kiln_profile_paged_layer layer=1 kind=linear seq_len=64 start_pos=0 elapsed_ms=79.844
kiln_profile_gdn_stage layer=2 stage=in_proj seq_len=64 start_pos=0 elapsed_ms=20.014
kiln_profile_gdn_stage layer=2 stage=conv seq_len=64 start_pos=0 elapsed_ms=11.557
kiln_profile_gdn_stage layer=2 stage=qkv_split seq_len=64 start_pos=0 elapsed_ms=0.684
kiln_profile_gdn_stage layer=2 stage=qk_norm seq_len=64 start_pos=0 elapsed_ms=0.962
kiln_profile_gdn_stage layer=2 stage=gates seq_len=64 start_pos=0 elapsed_ms=1.449
kiln_profile_gdn_stage layer=2 stage=recurrent seq_len=64 start_pos=0 elapsed_ms=12.467
kiln_profile_gdn_stage layer=2 stage=post_transpose seq_len=64 start_pos=0 elapsed_ms=0.001
kiln_profile_gdn_stage layer=2 stage=gated_norm seq_len=64 start_pos=0 elapsed_ms=2.864
kiln_profile_gdn_stage layer=2 stage=out_proj seq_len=64 start_pos=0 elapsed_ms=5.096
kiln_profile_mlp_stage layer=2 stage=fused seq_len=64 start_pos=0 elapsed_ms=29.496
kiln_profile_paged_layer layer=2 kind=linear seq_len=64 start_pos=0 elapsed_ms=85.974
kiln_profile_full_attn_stage full_attn_layer=0 stage=qkv_proj seq_len=64 start_pos=0 elapsed_ms=28.970
kiln_profile_full_attn_stage full_attn_layer=0 stage=qkv_split seq_len=64 start_pos=0 elapsed_ms=0.298
kiln_profile_full_attn_stage full_attn_layer=0 stage=qk_norm seq_len=64 start_pos=0 elapsed_ms=1.332
kiln_profile_full_attn_stage full_attn_layer=0 stage=rope seq_len=64 start_pos=0 elapsed_ms=1.576
kiln_profile_full_attn_stage full_attn_layer=0 stage=q_transpose seq_len=64 start_pos=0 elapsed_ms=0.645
kiln_profile_full_attn_stage full_attn_layer=0 stage=kv_write seq_len=64 start_pos=0 elapsed_ms=0.133
kiln_profile_full_attn_stage full_attn_layer=0 stage=kv_read seq_len=64 start_pos=0 elapsed_ms=0.039
kiln_profile_mlp_stage layer=3 stage=fused seq_len=64 start_pos=0 elapsed_ms=30.084
kiln_profile_paged_layer layer=3 kind=full seq_len=64 start_pos=0 elapsed_ms=72.192
kiln_profile_gdn_stage layer=4 stage=in_proj seq_len=64 start_pos=0 elapsed_ms=17.409
kiln_profile_gdn_stage layer=4 stage=conv seq_len=64 start_pos=0 elapsed_ms=14.997
kiln_profile_gdn_stage layer=4 stage=qkv_split seq_len=64 start_pos=0 elapsed_ms=0.752
kiln_profile_gdn_stage layer=4 stage=qk_norm seq_len=64 start_pos=0 elapsed_ms=0.968
kiln_profile_gdn_stage layer=4 stage=gates seq_len=64 start_pos=0 elapsed_ms=0.980
kiln_profile_gdn_stage layer=4 stage=recurrent seq_len=64 start_pos=0 elapsed_ms=12.487
kiln_profile_gdn_stage layer=4 stage=post_transpose seq_len=64 start_pos=0 elapsed_ms=0.001
kiln_profile_gdn_stage layer=4 stage=gated_norm seq_len=64 start_pos=0 elapsed_ms=5.697
kiln_profile_gdn_stage layer=4 stage=out_proj seq_len=64 start_pos=0 elapsed_ms=3.720
kiln_profile_mlp_stage layer=4 stage=fused seq_len=64 start_pos=0 elapsed_ms=28.787
kiln_profile_paged_layer layer=4 kind=linear seq_len=64 start_pos=0 elapsed_ms=86.933
kiln_profile_gdn_stage layer=5 stage=in_proj seq_len=64 start_pos=0 elapsed_ms=16.876
kiln_profile_gdn_stage layer=5 stage=conv seq_len=64 start_pos=0 elapsed_ms=7.031
kiln_profile_gdn_stage layer=5 stage=qkv_split seq_len=64 start_pos=0 elapsed_ms=0.401
kiln_profile_gdn_stage layer=5 stage=qk_norm seq_len=64 start_pos=0 elapsed_ms=0.612
kiln_profile_gdn_stage layer=5 stage=gates seq_len=64 start_pos=0 elapsed_ms=0.855
kiln_profile_gdn_stage layer=5 stage=recurrent seq_len=64 start_pos=0 elapsed_ms=11.087
kiln_profile_gdn_stage layer=5 stage=post_transpose seq_len=64 start_pos=0 elapsed_ms=0.001
kiln_profile_gdn_stage layer=5 stage=gated_norm seq_len=64 start_pos=0 elapsed_ms=2.498
kiln_profile_gdn_stage layer=5 stage=out_proj seq_len=64 start_pos=0 elapsed_ms=3.784
kiln_profile_mlp_stage layer=5 stage=fused seq_len=64 start_pos=0 elapsed_ms=30.171
kiln_profile_paged_layer layer=5 kind=linear seq_len=64 start_pos=0 elapsed_ms=75.229
kiln_profile_gdn_stage layer=6 stage=in_proj seq_len=64 start_pos=0 elapsed_ms=9.292
kiln_profile_gdn_stage layer=6 stage=conv seq_len=64 start_pos=0 elapsed_ms=8.935
kiln_profile_gdn_stage layer=6 stage=qkv_split seq_len=64 start_pos=0 elapsed_ms=0.531
kiln_profile_gdn_stage layer=6 stage=qk_norm seq_len=64 start_pos=0 elapsed_ms=0.833
kiln_profile_gdn_stage layer=6 stage=gates seq_len=64 start_pos=0 elapsed_ms=1.673
kiln_profile_gdn_stage layer=6 stage=recurrent seq_len=64 start_pos=0 elapsed_ms=13.553
kiln_profile_gdn_stage layer=6 stage=post_transpose seq_len=64 start_pos=0 elapsed_ms=0.001
kiln_profile_gdn_stage layer=6 stage=gated_norm seq_len=64 start_pos=0 elapsed_ms=2.681
kiln_profile_gdn_stage layer=6 stage=out_proj seq_len=64 start_pos=0 elapsed_ms=2.961
kiln_profile_mlp_stage layer=6 stage=fused seq_len=64 start_pos=0 elapsed_ms=27.731
kiln_profile_paged_layer layer=6 kind=linear seq_len=64 start_pos=0 elapsed_ms=69.251
kiln_profile_full_attn_stage full_attn_layer=1 stage=qkv_proj seq_len=64 start_pos=0 elapsed_ms=16.476
kiln_profile_full_attn_stage full_attn_layer=1 stage=qkv_split seq_len=64 start_pos=0 elapsed_ms=0.135
kiln_profile_full_attn_stage full_attn_layer=1 stage=qk_norm seq_len=64 start_pos=0 elapsed_ms=0.780
kiln_profile_full_attn_stage full_attn_layer=1 stage=rope seq_len=64 start_pos=0 elapsed_ms=1.082
kiln_profile_full_attn_stage full_attn_layer=1 stage=q_transpose seq_len=64 start_pos=0 elapsed_ms=0.775
kiln_profile_full_attn_stage full_attn_layer=1 stage=kv_write seq_len=64 start_pos=0 elapsed_ms=0.089
kiln_profile_full_attn_stage full_attn_layer=1 stage=kv_read seq_len=64 start_pos=0 elapsed_ms=0.027
kiln_profile_mlp_stage layer=7 stage=fused seq_len=64 start_pos=0 elapsed_ms=28.263
kiln_profile_paged_layer layer=7 kind=full seq_len=64 start_pos=0 elapsed_ms=56.563
kiln_profile_gdn_stage layer=8 stage=in_proj seq_len=64 start_pos=0 elapsed_ms=7.972
kiln_profile_gdn_stage layer=8 stage=conv seq_len=64 start_pos=0 elapsed_ms=6.987
kiln_profile_gdn_stage layer=8 stage=qkv_split seq_len=64 start_pos=0 elapsed_ms=0.414
kiln_profile_gdn_stage layer=8 stage=qk_norm seq_len=64 start_pos=0 elapsed_ms=0.610
kiln_profile_gdn_stage layer=8 stage=gates seq_len=64 start_pos=0 elapsed_ms=0.826
kiln_profile_gdn_stage layer=8 stage=recurrent seq_len=64 start_pos=0 elapsed_ms=9.710
kiln_profile_gdn_stage layer=8 stage=post_transpose seq_len=64 start_pos=0 elapsed_ms=0.000
kiln_profile_gdn_stage layer=8 stage=gated_norm seq_len=64 start_pos=0 elapsed_ms=2.509
kiln_profile_gdn_stage layer=8 stage=out_proj seq_len=64 start_pos=0 elapsed_ms=4.981
kiln_profile_mlp_stage layer=8 stage=fused seq_len=64 start_pos=0 elapsed_ms=28.156
kiln_profile_paged_layer layer=8 kind=linear seq_len=64 start_pos=0 elapsed_ms=63.025
kiln_profile_gdn_stage layer=9 stage=in_proj seq_len=64 start_pos=0 elapsed_ms=7.883
kiln_profile_gdn_stage layer=9 stage=conv seq_len=64 start_pos=0 elapsed_ms=7.861
kiln_profile_gdn_stage layer=9 stage=qkv_split seq_len=64 start_pos=0 elapsed_ms=0.407
kiln_profile_gdn_stage layer=9 stage=qk_norm seq_len=64 start_pos=0 elapsed_ms=0.644
kiln_profile_gdn_stage layer=9 stage=gates seq_len=64 start_pos=0 elapsed_ms=0.832
kiln_profile_gdn_stage layer=9 stage=recurrent seq_len=64 start_pos=0 elapsed_ms=9.780
kiln_profile_gdn_stage layer=9 stage=post_transpose seq_len=64 start_pos=0 elapsed_ms=0.000
kiln_profile_gdn_stage layer=9 stage=gated_norm seq_len=64 start_pos=0 elapsed_ms=2.181
kiln_profile_gdn_stage layer=9 stage=out_proj seq_len=64 start_pos=0 elapsed_ms=4.812
kiln_profile_mlp_stage layer=9 stage=fused seq_len=64 start_pos=0 elapsed_ms=28.422
kiln_profile_paged_layer layer=9 kind=linear seq_len=64 start_pos=0 elapsed_ms=63.650
kiln_profile_gdn_stage layer=10 stage=in_proj seq_len=64 start_pos=0 elapsed_ms=8.388
kiln_profile_gdn_stage layer=10 stage=conv seq_len=64 start_pos=0 elapsed_ms=7.128
kiln_profile_gdn_stage layer=10 stage=qkv_split seq_len=64 start_pos=0 elapsed_ms=0.408
kiln_profile_gdn_stage layer=10 stage=qk_norm seq_len=64 start_pos=0 elapsed_ms=0.633
kiln_profile_gdn_stage layer=10 stage=gates seq_len=64 start_pos=0 elapsed_ms=0.864
kiln_profile_gdn_stage layer=10 stage=recurrent seq_len=64 start_pos=0 elapsed_ms=9.888
kiln_profile_gdn_stage layer=10 stage=post_transpose seq_len=64 start_pos=0 elapsed_ms=0.001
kiln_profile_gdn_stage layer=10 stage=gated_norm seq_len=64 start_pos=0 elapsed_ms=2.615
kiln_profile_gdn_stage layer=10 stage=out_proj seq_len=64 start_pos=0 elapsed_ms=5.145
kiln_profile_mlp_stage layer=10 stage=fused seq_len=64 start_pos=0 elapsed_ms=28.302
kiln_profile_paged_layer layer=10 kind=linear seq_len=64 start_pos=0 elapsed_ms=64.253
kiln_profile_full_attn_stage full_attn_layer=2 stage=qkv_proj seq_len=64 start_pos=0 elapsed_ms=24.637
kiln_profile_full_attn_stage full_attn_layer=2 stage=qkv_split seq_len=64 start_pos=0 elapsed_ms=0.163
kiln_profile_full_attn_stage full_attn_layer=2 stage=qk_norm seq_len=64 start_pos=0 elapsed_ms=1.035
kiln_profile_full_attn_stage full_attn_layer=2 stage=rope seq_len=64 start_pos=0 elapsed_ms=1.300
kiln_profile_full_attn_stage full_attn_layer=2 stage=q_transpose seq_len=64 start_pos=0 elapsed_ms=0.754
kiln_profile_full_attn_stage full_attn_layer=2 stage=kv_write seq_len=64 start_pos=0 elapsed_ms=0.172
kiln_profile_full_attn_stage full_attn_layer=2 stage=kv_read seq_len=64 start_pos=0 elapsed_ms=0.028
kiln_profile_mlp_stage layer=11 stage=fused seq_len=64 start_pos=0 elapsed_ms=27.650
kiln_profile_paged_layer layer=11 kind=full seq_len=64 start_pos=0 elapsed_ms=65.832
kiln_profile_gdn_stage layer=12 stage=in_proj seq_len=64 start_pos=0 elapsed_ms=11.511
kiln_profile_gdn_stage layer=12 stage=conv seq_len=64 start_pos=0 elapsed_ms=9.952
kiln_profile_gdn_stage layer=12 stage=qkv_split seq_len=64 start_pos=0 elapsed_ms=0.504
kiln_profile_gdn_stage layer=12 stage=qk_norm seq_len=64 start_pos=0 elapsed_ms=0.773
kiln_profile_gdn_stage layer=12 stage=gates seq_len=64 start_pos=0 elapsed_ms=0.973
kiln_profile_gdn_stage layer=12 stage=recurrent seq_len=64 start_pos=0 elapsed_ms=16.462
kiln_profile_gdn_stage layer=12 stage=post_transpose seq_len=64 start_pos=0 elapsed_ms=0.001
kiln_profile_gdn_stage layer=12 stage=gated_norm seq_len=64 start_pos=0 elapsed_ms=6.301
kiln_profile_gdn_stage layer=12 stage=out_proj seq_len=64 start_pos=0 elapsed_ms=5.632
kiln_profile_mlp_stage layer=12 stage=fused seq_len=64 start_pos=0 elapsed_ms=29.611
kiln_profile_paged_layer layer=12 kind=linear seq_len=64 start_pos=0 elapsed_ms=83.316
kiln_profile_gdn_stage layer=13 stage=in_proj seq_len=64 start_pos=0 elapsed_ms=9.374
kiln_profile_gdn_stage layer=13 stage=conv seq_len=64 start_pos=0 elapsed_ms=11.308
kiln_profile_gdn_stage layer=13 stage=qkv_split seq_len=64 start_pos=0 elapsed_ms=0.816
kiln_profile_gdn_stage layer=13 stage=qk_norm seq_len=64 start_pos=0 elapsed_ms=0.854
kiln_profile_gdn_stage layer=13 stage=gates seq_len=64 start_pos=0 elapsed_ms=1.809
kiln_profile_gdn_stage layer=13 stage=recurrent seq_len=64 start_pos=0 elapsed_ms=17.035
kiln_profile_gdn_stage layer=13 stage=post_transpose seq_len=64 start_pos=0 elapsed_ms=0.001
kiln_profile_gdn_stage layer=13 stage=gated_norm seq_len=64 start_pos=0 elapsed_ms=2.838
kiln_profile_gdn_stage layer=13 stage=out_proj seq_len=64 start_pos=0 elapsed_ms=5.007
kiln_profile_mlp_stage layer=13 stage=fused seq_len=64 start_pos=0 elapsed_ms=28.238
kiln_profile_paged_layer layer=13 kind=linear seq_len=64 start_pos=0 elapsed_ms=78.664
kiln_profile_gdn_stage layer=14 stage=in_proj seq_len=64 start_pos=0 elapsed_ms=10.010
kiln_profile_gdn_stage layer=14 stage=conv seq_len=64 start_pos=0 elapsed_ms=13.207
kiln_profile_gdn_stage layer=14 stage=qkv_split seq_len=64 start_pos=0 elapsed_ms=0.822
kiln_profile_gdn_stage layer=14 stage=qk_norm seq_len=64 start_pos=0 elapsed_ms=1.007
kiln_profile_gdn_stage layer=14 stage=gates seq_len=64 start_pos=0 elapsed_ms=1.231
kiln_profile_gdn_stage layer=14 stage=recurrent seq_len=64 start_pos=0 elapsed_ms=13.842
kiln_profile_gdn_stage layer=14 stage=post_transpose seq_len=64 start_pos=0 elapsed_ms=0.000
kiln_profile_gdn_stage layer=14 stage=gated_norm seq_len=64 start_pos=0 elapsed_ms=2.985
kiln_profile_gdn_stage layer=14 stage=out_proj seq_len=64 start_pos=0 elapsed_ms=5.238
kiln_profile_mlp_stage layer=14 stage=fused seq_len=64 start_pos=0 elapsed_ms=26.937
kiln_profile_paged_layer layer=14 kind=linear seq_len=64 start_pos=0 elapsed_ms=76.438
kiln_profile_full_attn_stage full_attn_layer=3 stage=qkv_proj seq_len=64 start_pos=0 elapsed_ms=24.024
kiln_profile_full_attn_stage full_attn_layer=3 stage=qkv_split seq_len=64 start_pos=0 elapsed_ms=0.260
kiln_profile_full_attn_stage full_attn_layer=3 stage=qk_norm seq_len=64 start_pos=0 elapsed_ms=1.504
kiln_profile_full_attn_stage full_attn_layer=3 stage=rope seq_len=64 start_pos=0 elapsed_ms=1.710
kiln_profile_full_attn_stage full_attn_layer=3 stage=q_transpose seq_len=64 start_pos=0 elapsed_ms=1.159
kiln_profile_full_attn_stage full_attn_layer=3 stage=kv_write seq_len=64 start_pos=0 elapsed_ms=0.148
kiln_profile_full_attn_stage full_attn_layer=3 stage=kv_read seq_len=64 start_pos=0 elapsed_ms=0.029
kiln_profile_mlp_stage layer=15 stage=fused seq_len=64 start_pos=0 elapsed_ms=26.841
kiln_profile_paged_layer layer=15 kind=full seq_len=64 start_pos=0 elapsed_ms=68.984
kiln_profile_gdn_stage layer=16 stage=in_proj seq_len=64 start_pos=0 elapsed_ms=9.693
kiln_profile_gdn_stage layer=16 stage=conv seq_len=64 start_pos=0 elapsed_ms=12.808
kiln_profile_gdn_stage layer=16 stage=qkv_split seq_len=64 start_pos=0 elapsed_ms=0.849
kiln_profile_gdn_stage layer=16 stage=qk_norm seq_len=64 start_pos=0 elapsed_ms=1.044
kiln_profile_gdn_stage layer=16 stage=gates seq_len=64 start_pos=0 elapsed_ms=1.100
kiln_profile_gdn_stage layer=16 stage=recurrent seq_len=64 start_pos=0 elapsed_ms=13.800
kiln_profile_gdn_stage layer=16 stage=post_transpose seq_len=64 start_pos=0 elapsed_ms=0.000
kiln_profile_gdn_stage layer=16 stage=gated_norm seq_len=64 start_pos=0 elapsed_ms=5.675
kiln_profile_gdn_stage layer=16 stage=out_proj seq_len=64 start_pos=0 elapsed_ms=5.306
kiln_profile_mlp_stage layer=16 stage=fused seq_len=64 start_pos=0 elapsed_ms=29.392
kiln_profile_paged_layer layer=16 kind=linear seq_len=64 start_pos=0 elapsed_ms=80.819
kiln_profile_gdn_stage layer=17 stage=in_proj seq_len=64 start_pos=0 elapsed_ms=8.279
kiln_profile_gdn_stage layer=17 stage=conv seq_len=64 start_pos=0 elapsed_ms=7.635
kiln_profile_gdn_stage layer=17 stage=qkv_split seq_len=64 start_pos=0 elapsed_ms=0.468
kiln_profile_gdn_stage layer=17 stage=qk_norm seq_len=64 start_pos=0 elapsed_ms=0.628
kiln_profile_gdn_stage layer=17 stage=gates seq_len=64 start_pos=0 elapsed_ms=0.593
kiln_profile_gdn_stage layer=17 stage=recurrent seq_len=64 start_pos=0 elapsed_ms=12.006
kiln_profile_gdn_stage layer=17 stage=post_transpose seq_len=64 start_pos=0 elapsed_ms=0.000
kiln_profile_gdn_stage layer=17 stage=gated_norm seq_len=64 start_pos=0 elapsed_ms=5.310
kiln_profile_gdn_stage layer=17 stage=out_proj seq_len=64 start_pos=0 elapsed_ms=5.534
kiln_profile_mlp_stage layer=17 stage=fused seq_len=64 start_pos=0 elapsed_ms=27.798
kiln_profile_paged_layer layer=17 kind=linear seq_len=64 start_pos=0 elapsed_ms=69.119
kiln_profile_gdn_stage layer=18 stage=in_proj seq_len=64 start_pos=0 elapsed_ms=8.680
kiln_profile_gdn_stage layer=18 stage=conv seq_len=64 start_pos=0 elapsed_ms=8.092
kiln_profile_gdn_stage layer=18 stage=qkv_split seq_len=64 start_pos=0 elapsed_ms=0.419
kiln_profile_gdn_stage layer=18 stage=qk_norm seq_len=64 start_pos=0 elapsed_ms=0.628
kiln_profile_gdn_stage layer=18 stage=gates seq_len=64 start_pos=0 elapsed_ms=0.792
kiln_profile_gdn_stage layer=18 stage=recurrent seq_len=64 start_pos=0 elapsed_ms=13.349
kiln_profile_gdn_stage layer=18 stage=post_transpose seq_len=64 start_pos=0 elapsed_ms=0.000
kiln_profile_gdn_stage layer=18 stage=gated_norm seq_len=64 start_pos=0 elapsed_ms=2.725
kiln_profile_gdn_stage layer=18 stage=out_proj seq_len=64 start_pos=0 elapsed_ms=5.786
kiln_profile_mlp_stage layer=18 stage=fused seq_len=64 start_pos=0 elapsed_ms=29.141
kiln_profile_paged_layer layer=18 kind=linear seq_len=64 start_pos=0 elapsed_ms=72.147
kiln_profile_full_attn_stage full_attn_layer=4 stage=qkv_proj seq_len=64 start_pos=0 elapsed_ms=24.099
kiln_profile_full_attn_stage full_attn_layer=4 stage=qkv_split seq_len=64 start_pos=0 elapsed_ms=0.180
kiln_profile_full_attn_stage full_attn_layer=4 stage=qk_norm seq_len=64 start_pos=0 elapsed_ms=1.674
kiln_profile_full_attn_stage full_attn_layer=4 stage=rope seq_len=64 start_pos=0 elapsed_ms=1.308
kiln_profile_full_attn_stage full_attn_layer=4 stage=q_transpose seq_len=64 start_pos=0 elapsed_ms=0.870
kiln_profile_full_attn_stage full_attn_layer=4 stage=kv_write seq_len=64 start_pos=0 elapsed_ms=0.099
kiln_profile_full_attn_stage full_attn_layer=4 stage=kv_read seq_len=64 start_pos=0 elapsed_ms=0.023
kiln_profile_mlp_stage layer=19 stage=fused seq_len=64 start_pos=0 elapsed_ms=29.192
kiln_profile_paged_layer layer=19 kind=full seq_len=64 start_pos=0 elapsed_ms=67.312
kiln_profile_gdn_stage layer=20 stage=in_proj seq_len=64 start_pos=0 elapsed_ms=10.653
kiln_profile_gdn_stage layer=20 stage=conv seq_len=64 start_pos=0 elapsed_ms=7.576
kiln_profile_gdn_stage layer=20 stage=qkv_split seq_len=64 start_pos=0 elapsed_ms=0.404
kiln_profile_gdn_stage layer=20 stage=qk_norm seq_len=64 start_pos=0 elapsed_ms=0.612
kiln_profile_gdn_stage layer=20 stage=gates seq_len=64 start_pos=0 elapsed_ms=0.925
kiln_profile_gdn_stage layer=20 stage=recurrent seq_len=64 start_pos=0 elapsed_ms=12.243
kiln_profile_gdn_stage layer=20 stage=post_transpose seq_len=64 start_pos=0 elapsed_ms=0.000
kiln_profile_gdn_stage layer=20 stage=gated_norm seq_len=64 start_pos=0 elapsed_ms=5.533
kiln_profile_gdn_stage layer=20 stage=out_proj seq_len=64 start_pos=0 elapsed_ms=5.767
kiln_profile_mlp_stage layer=20 stage=fused seq_len=64 start_pos=0 elapsed_ms=29.100
kiln_profile_paged_layer layer=20 kind=linear seq_len=64 start_pos=0 elapsed_ms=73.809
kiln_profile_gdn_stage layer=21 stage=in_proj seq_len=64 start_pos=0 elapsed_ms=10.057
kiln_profile_gdn_stage layer=21 stage=conv seq_len=64 start_pos=0 elapsed_ms=7.067
kiln_profile_gdn_stage layer=21 stage=qkv_split seq_len=64 start_pos=0 elapsed_ms=0.401
kiln_profile_gdn_stage layer=21 stage=qk_norm seq_len=64 start_pos=0 elapsed_ms=0.610
kiln_profile_gdn_stage layer=21 stage=gates seq_len=64 start_pos=0 elapsed_ms=0.837
kiln_profile_gdn_stage layer=21 stage=recurrent seq_len=64 start_pos=0 elapsed_ms=13.210
kiln_profile_gdn_stage layer=21 stage=post_transpose seq_len=64 start_pos=0 elapsed_ms=0.000
kiln_profile_gdn_stage layer=21 stage=gated_norm seq_len=64 start_pos=0 elapsed_ms=5.582
kiln_profile_gdn_stage layer=21 stage=out_proj seq_len=64 start_pos=0 elapsed_ms=5.421
kiln_profile_mlp_stage layer=21 stage=fused seq_len=64 start_pos=0 elapsed_ms=29.102
kiln_profile_paged_layer layer=21 kind=linear seq_len=64 start_pos=0 elapsed_ms=73.122
kiln_profile_gdn_stage layer=22 stage=in_proj seq_len=64 start_pos=0 elapsed_ms=11.199
kiln_profile_gdn_stage layer=22 stage=conv seq_len=64 start_pos=0 elapsed_ms=6.913
kiln_profile_gdn_stage layer=22 stage=qkv_split seq_len=64 start_pos=0 elapsed_ms=0.396
kiln_profile_gdn_stage layer=22 stage=qk_norm seq_len=64 start_pos=0 elapsed_ms=0.599
kiln_profile_gdn_stage layer=22 stage=gates seq_len=64 start_pos=0 elapsed_ms=0.894
kiln_profile_gdn_stage layer=22 stage=recurrent seq_len=64 start_pos=0 elapsed_ms=11.181
kiln_profile_gdn_stage layer=22 stage=post_transpose seq_len=64 start_pos=0 elapsed_ms=0.000
kiln_profile_gdn_stage layer=22 stage=gated_norm seq_len=64 start_pos=0 elapsed_ms=5.351
kiln_profile_gdn_stage layer=22 stage=out_proj seq_len=64 start_pos=0 elapsed_ms=5.041
kiln_profile_mlp_stage layer=22 stage=fused seq_len=64 start_pos=0 elapsed_ms=30.005
kiln_profile_paged_layer layer=22 kind=linear seq_len=64 start_pos=0 elapsed_ms=72.393
kiln_profile_full_attn_stage full_attn_layer=5 stage=qkv_proj seq_len=64 start_pos=0 elapsed_ms=22.419
kiln_profile_full_attn_stage full_attn_layer=5 stage=qkv_split seq_len=64 start_pos=0 elapsed_ms=0.099
kiln_profile_full_attn_stage full_attn_layer=5 stage=qk_norm seq_len=64 start_pos=0 elapsed_ms=0.726
kiln_profile_full_attn_stage full_attn_layer=5 stage=rope seq_len=64 start_pos=0 elapsed_ms=0.941
kiln_profile_full_attn_stage full_attn_layer=5 stage=q_transpose seq_len=64 start_pos=0 elapsed_ms=0.639
kiln_profile_full_attn_stage full_attn_layer=5 stage=kv_write seq_len=64 start_pos=0 elapsed_ms=0.105
kiln_profile_full_attn_stage full_attn_layer=5 stage=kv_read seq_len=64 start_pos=0 elapsed_ms=0.015
kiln_profile_mlp_stage layer=23 stage=fused seq_len=64 start_pos=0 elapsed_ms=29.446
kiln_profile_paged_layer layer=23 kind=full seq_len=64 start_pos=0 elapsed_ms=62.911
kiln_profile_gdn_stage layer=24 stage=in_proj seq_len=64 start_pos=0 elapsed_ms=7.842
kiln_profile_gdn_stage layer=24 stage=conv seq_len=64 start_pos=0 elapsed_ms=7.180
kiln_profile_gdn_stage layer=24 stage=qkv_split seq_len=64 start_pos=0 elapsed_ms=0.421
kiln_profile_gdn_stage layer=24 stage=qk_norm seq_len=64 start_pos=0 elapsed_ms=0.597
kiln_profile_gdn_stage layer=24 stage=gates seq_len=64 start_pos=0 elapsed_ms=0.796
kiln_profile_gdn_stage layer=24 stage=recurrent seq_len=64 start_pos=0 elapsed_ms=11.865
kiln_profile_gdn_stage layer=24 stage=post_transpose seq_len=64 start_pos=0 elapsed_ms=0.001
kiln_profile_gdn_stage layer=24 stage=gated_norm seq_len=64 start_pos=0 elapsed_ms=5.695
kiln_profile_gdn_stage layer=24 stage=out_proj seq_len=64 start_pos=0 elapsed_ms=5.356
kiln_profile_mlp_stage layer=24 stage=fused seq_len=64 start_pos=0 elapsed_ms=28.528
kiln_profile_paged_layer layer=24 kind=linear seq_len=64 start_pos=0 elapsed_ms=69.418
kiln_profile_gdn_stage layer=25 stage=in_proj seq_len=64 start_pos=0 elapsed_ms=9.169
kiln_profile_gdn_stage layer=25 stage=conv seq_len=64 start_pos=0 elapsed_ms=10.142
kiln_profile_gdn_stage layer=25 stage=qkv_split seq_len=64 start_pos=0 elapsed_ms=0.531
kiln_profile_gdn_stage layer=25 stage=qk_norm seq_len=64 start_pos=0 elapsed_ms=0.787
kiln_profile_gdn_stage layer=25 stage=gates seq_len=64 start_pos=0 elapsed_ms=0.948
kiln_profile_gdn_stage layer=25 stage=recurrent seq_len=64 start_pos=0 elapsed_ms=22.002
kiln_profile_gdn_stage layer=25 stage=post_transpose seq_len=64 start_pos=0 elapsed_ms=0.001
kiln_profile_gdn_stage layer=25 stage=gated_norm seq_len=64 start_pos=0 elapsed_ms=7.134
kiln_profile_gdn_stage layer=25 stage=out_proj seq_len=64 start_pos=0 elapsed_ms=5.447
kiln_profile_mlp_stage layer=25 stage=fused seq_len=64 start_pos=0 elapsed_ms=29.227
kiln_profile_paged_layer layer=25 kind=linear seq_len=64 start_pos=0 elapsed_ms=86.594
kiln_profile_gdn_stage layer=26 stage=in_proj seq_len=64 start_pos=0 elapsed_ms=8.375
kiln_profile_gdn_stage layer=26 stage=conv seq_len=64 start_pos=0 elapsed_ms=8.426
kiln_profile_gdn_stage layer=26 stage=qkv_split seq_len=64 start_pos=0 elapsed_ms=0.556
kiln_profile_gdn_stage layer=26 stage=qk_norm seq_len=64 start_pos=0 elapsed_ms=0.743
kiln_profile_gdn_stage layer=26 stage=gates seq_len=64 start_pos=0 elapsed_ms=0.988
kiln_profile_gdn_stage layer=26 stage=recurrent seq_len=64 start_pos=0 elapsed_ms=14.085
kiln_profile_gdn_stage layer=26 stage=post_transpose seq_len=64 start_pos=0 elapsed_ms=0.000
kiln_profile_gdn_stage layer=26 stage=gated_norm seq_len=64 start_pos=0 elapsed_ms=5.663
kiln_profile_gdn_stage layer=26 stage=out_proj seq_len=64 start_pos=0 elapsed_ms=5.596
kiln_profile_mlp_stage layer=26 stage=fused seq_len=64 start_pos=0 elapsed_ms=27.656
kiln_profile_paged_layer layer=26 kind=linear seq_len=64 start_pos=0 elapsed_ms=73.049
kiln_profile_full_attn_stage full_attn_layer=6 stage=qkv_proj seq_len=64 start_pos=0 elapsed_ms=17.429
kiln_profile_full_attn_stage full_attn_layer=6 stage=qkv_split seq_len=64 start_pos=0 elapsed_ms=0.103
kiln_profile_full_attn_stage full_attn_layer=6 stage=qk_norm seq_len=64 start_pos=0 elapsed_ms=1.001
kiln_profile_full_attn_stage full_attn_layer=6 stage=rope seq_len=64 start_pos=0 elapsed_ms=1.112
kiln_profile_full_attn_stage full_attn_layer=6 stage=q_transpose seq_len=64 start_pos=0 elapsed_ms=0.687
kiln_profile_full_attn_stage full_attn_layer=6 stage=kv_write seq_len=64 start_pos=0 elapsed_ms=0.090
kiln_profile_full_attn_stage full_attn_layer=6 stage=kv_read seq_len=64 start_pos=0 elapsed_ms=0.019
kiln_profile_mlp_stage layer=27 stage=fused seq_len=64 start_pos=0 elapsed_ms=28.832
kiln_profile_paged_layer layer=27 kind=full seq_len=64 start_pos=0 elapsed_ms=58.467
kiln_profile_gdn_stage layer=28 stage=in_proj seq_len=64 start_pos=0 elapsed_ms=8.829
kiln_profile_gdn_stage layer=28 stage=conv seq_len=64 start_pos=0 elapsed_ms=9.706
kiln_profile_gdn_stage layer=28 stage=qkv_split seq_len=64 start_pos=0 elapsed_ms=0.495
kiln_profile_gdn_stage layer=28 stage=qk_norm seq_len=64 start_pos=0 elapsed_ms=0.768
kiln_profile_gdn_stage layer=28 stage=gates seq_len=64 start_pos=0 elapsed_ms=1.165
kiln_profile_gdn_stage layer=28 stage=recurrent seq_len=64 start_pos=0 elapsed_ms=16.258
kiln_profile_gdn_stage layer=28 stage=post_transpose seq_len=64 start_pos=0 elapsed_ms=0.001
kiln_profile_gdn_stage layer=28 stage=gated_norm seq_len=64 start_pos=0 elapsed_ms=5.897
kiln_profile_gdn_stage layer=28 stage=out_proj seq_len=64 start_pos=0 elapsed_ms=5.682
kiln_profile_mlp_stage layer=28 stage=fused seq_len=64 start_pos=0 elapsed_ms=28.775
kiln_profile_paged_layer layer=28 kind=linear seq_len=64 start_pos=0 elapsed_ms=78.881
kiln_profile_gdn_stage layer=29 stage=in_proj seq_len=64 start_pos=0 elapsed_ms=8.764
kiln_profile_gdn_stage layer=29 stage=conv seq_len=64 start_pos=0 elapsed_ms=9.205
kiln_profile_gdn_stage layer=29 stage=qkv_split seq_len=64 start_pos=0 elapsed_ms=0.516
kiln_profile_gdn_stage layer=29 stage=qk_norm seq_len=64 start_pos=0 elapsed_ms=0.820
kiln_profile_gdn_stage layer=29 stage=gates seq_len=64 start_pos=0 elapsed_ms=0.956
kiln_profile_gdn_stage layer=29 stage=recurrent seq_len=64 start_pos=0 elapsed_ms=15.066
kiln_profile_gdn_stage layer=29 stage=post_transpose seq_len=64 start_pos=0 elapsed_ms=0.000
kiln_profile_gdn_stage layer=29 stage=gated_norm seq_len=64 start_pos=0 elapsed_ms=5.825
kiln_profile_gdn_stage layer=29 stage=out_proj seq_len=64 start_pos=0 elapsed_ms=5.925
kiln_profile_mlp_stage layer=29 stage=fused seq_len=64 start_pos=0 elapsed_ms=30.667
kiln_profile_paged_layer layer=29 kind=linear seq_len=64 start_pos=0 elapsed_ms=79.109
kiln_profile_gdn_stage layer=30 stage=in_proj seq_len=64 start_pos=0 elapsed_ms=8.746
kiln_profile_gdn_stage layer=30 stage=conv seq_len=64 start_pos=0 elapsed_ms=12.727
kiln_profile_gdn_stage layer=30 stage=qkv_split seq_len=64 start_pos=0 elapsed_ms=0.535
kiln_profile_gdn_stage layer=30 stage=qk_norm seq_len=64 start_pos=0 elapsed_ms=0.816
kiln_profile_gdn_stage layer=30 stage=gates seq_len=64 start_pos=0 elapsed_ms=0.978
kiln_profile_gdn_stage layer=30 stage=recurrent seq_len=64 start_pos=0 elapsed_ms=14.966
kiln_profile_gdn_stage layer=30 stage=post_transpose seq_len=64 start_pos=0 elapsed_ms=0.000
kiln_profile_gdn_stage layer=30 stage=gated_norm seq_len=64 start_pos=0 elapsed_ms=5.931
kiln_profile_gdn_stage layer=30 stage=out_proj seq_len=64 start_pos=0 elapsed_ms=5.295
kiln_profile_mlp_stage layer=30 stage=fused seq_len=64 start_pos=0 elapsed_ms=27.739
kiln_profile_paged_layer layer=30 kind=linear seq_len=64 start_pos=0 elapsed_ms=78.973
kiln_profile_full_attn_stage full_attn_layer=7 stage=qkv_proj seq_len=64 start_pos=0 elapsed_ms=23.856
kiln_profile_full_attn_stage full_attn_layer=7 stage=qkv_split seq_len=64 start_pos=0 elapsed_ms=0.152
kiln_profile_full_attn_stage full_attn_layer=7 stage=qk_norm seq_len=64 start_pos=0 elapsed_ms=0.838
kiln_profile_full_attn_stage full_attn_layer=7 stage=rope seq_len=64 start_pos=0 elapsed_ms=1.100
kiln_profile_full_attn_stage full_attn_layer=7 stage=q_transpose seq_len=64 start_pos=0 elapsed_ms=0.780
kiln_profile_full_attn_stage full_attn_layer=7 stage=kv_write seq_len=64 start_pos=0 elapsed_ms=0.107
kiln_profile_full_attn_stage full_attn_layer=7 stage=kv_read seq_len=64 start_pos=0 elapsed_ms=0.023
kiln_profile_mlp_stage layer=31 stage=fused seq_len=64 start_pos=0 elapsed_ms=25.914
kiln_profile_paged_layer layer=31 kind=full seq_len=64 start_pos=0 elapsed_ms=63.276
    Prefill (paged): 2325.1ms (28 tok/s)
kiln_profile_gdn_stage layer=0 stage=in_proj seq_len=1 start_pos=64 elapsed_ms=0.798
kiln_profile_gdn_stage layer=0 stage=conv seq_len=1 start_pos=64 elapsed_ms=0.151
kiln_profile_gdn_stage layer=0 stage=qkv_split seq_len=1 start_pos=64 elapsed_ms=0.003
kiln_profile_gdn_stage layer=0 stage=qk_norm seq_len=1 start_pos=64 elapsed_ms=0.032
kiln_profile_gdn_stage layer=0 stage=gates seq_len=1 start_pos=64 elapsed_ms=0.550
kiln_profile_gdn_stage layer=0 stage=recurrent seq_len=1 start_pos=64 elapsed_ms=1.497
kiln_profile_gdn_stage layer=0 stage=post_transpose seq_len=1 start_pos=64 elapsed_ms=0.001
kiln_profile_gdn_stage layer=0 stage=gated_norm seq_len=1 start_pos=64 elapsed_ms=0.424
kiln_profile_gdn_stage layer=0 stage=out_proj seq_len=1 start_pos=64 elapsed_ms=0.362
kiln_profile_mlp_stage layer=0 stage=fused seq_len=1 start_pos=64 elapsed_ms=1.193
kiln_profile_paged_layer layer=0 kind=linear seq_len=1 start_pos=64 elapsed_ms=5.133
kiln_profile_gdn_stage layer=1 stage=in_proj seq_len=1 start_pos=64 elapsed_ms=0.761
kiln_profile_gdn_stage layer=1 stage=conv seq_len=1 start_pos=64 elapsed_ms=0.237
kiln_profile_gdn_stage layer=1 stage=qkv_split seq_len=1 start_pos=64 elapsed_ms=0.002
kiln_profile_gdn_stage layer=1 stage=qk_norm seq_len=1 start_pos=64 elapsed_ms=0.031
kiln_profile_gdn_stage layer=1 stage=gates seq_len=1 start_pos=64 elapsed_ms=0.317
kiln_profile_gdn_stage layer=1 stage=recurrent seq_len=1 start_pos=64 elapsed_ms=1.046
kiln_profile_gdn_stage layer=1 stage=post_transpose seq_len=1 start_pos=64 elapsed_ms=0.001
kiln_profile_gdn_stage layer=1 stage=gated_norm seq_len=1 start_pos=64 elapsed_ms=0.397
kiln_profile_gdn_stage layer=1 stage=out_proj seq_len=1 start_pos=64 elapsed_ms=0.355
kiln_profile_mlp_stage layer=1 stage=fused seq_len=1 start_pos=64 elapsed_ms=1.069
kiln_profile_paged_layer layer=1 kind=linear seq_len=1 start_pos=64 elapsed_ms=4.317
kiln_profile_gdn_stage layer=2 stage=in_proj seq_len=1 start_pos=64 elapsed_ms=0.768
kiln_profile_gdn_stage layer=2 stage=conv seq_len=1 start_pos=64 elapsed_ms=0.217
kiln_profile_gdn_stage layer=2 stage=qkv_split seq_len=1 start_pos=64 elapsed_ms=0.003
kiln_profile_gdn_stage layer=2 stage=qk_norm seq_len=1 start_pos=64 elapsed_ms=0.032
kiln_profile_gdn_stage layer=2 stage=gates seq_len=1 start_pos=64 elapsed_ms=0.297
kiln_profile_gdn_stage layer=2 stage=recurrent seq_len=1 start_pos=64 elapsed_ms=1.054
kiln_profile_gdn_stage layer=2 stage=post_transpose seq_len=1 start_pos=64 elapsed_ms=0.000
kiln_profile_gdn_stage layer=2 stage=gated_norm seq_len=1 start_pos=64 elapsed_ms=0.368
kiln_profile_gdn_stage layer=2 stage=out_proj seq_len=1 start_pos=64 elapsed_ms=0.331
kiln_profile_mlp_stage layer=2 stage=fused seq_len=1 start_pos=64 elapsed_ms=1.101
kiln_profile_paged_layer layer=2 kind=linear seq_len=1 start_pos=64 elapsed_ms=4.264
kiln_profile_full_attn_stage full_attn_layer=0 stage=qkv_proj seq_len=1 start_pos=64 elapsed_ms=0.656
kiln_profile_full_attn_stage full_attn_layer=0 stage=qkv_split seq_len=1 start_pos=64 elapsed_ms=0.007
kiln_profile_full_attn_stage full_attn_layer=0 stage=qk_norm seq_len=1 start_pos=64 elapsed_ms=0.034
kiln_profile_full_attn_stage full_attn_layer=0 stage=rope seq_len=1 start_pos=64 elapsed_ms=0.057
kiln_profile_full_attn_stage full_attn_layer=0 stage=q_transpose seq_len=1 start_pos=64 elapsed_ms=0.008
kiln_profile_full_attn_stage full_attn_layer=0 stage=kv_write seq_len=1 start_pos=64 elapsed_ms=0.009
kiln_profile_full_attn_stage full_attn_layer=0 stage=kv_read seq_len=1 start_pos=64 elapsed_ms=0.070
kiln_profile_full_attn_stage full_attn_layer=0 stage=decode_group_layout seq_len=1 start_pos=64 elapsed_ms=0.005
kiln_profile_full_attn_stage full_attn_layer=0 stage=decode_scores seq_len=1 start_pos=64 elapsed_ms=0.248
kiln_profile_full_attn_stage full_attn_layer=0 stage=decode_softmax seq_len=1 start_pos=64 elapsed_ms=0.017
kiln_profile_full_attn_stage full_attn_layer=0 stage=decode_weighted_sum seq_len=1 start_pos=64 elapsed_ms=0.054
kiln_profile_full_attn_stage full_attn_layer=0 stage=attn_gate seq_len=1 start_pos=64 elapsed_ms=0.020
kiln_profile_full_attn_stage full_attn_layer=0 stage=o_proj seq_len=1 start_pos=64 elapsed_ms=0.380
kiln_profile_mlp_stage layer=3 stage=fused seq_len=1 start_pos=64 elapsed_ms=1.326
kiln_profile_paged_layer layer=3 kind=full seq_len=1 start_pos=64 elapsed_ms=2.995
kiln_profile_gdn_stage layer=4 stage=in_proj seq_len=1 start_pos=64 elapsed_ms=0.781
kiln_profile_gdn_stage layer=4 stage=conv seq_len=1 start_pos=64 elapsed_ms=0.219
kiln_profile_gdn_stage layer=4 stage=qkv_split seq_len=1 start_pos=64 elapsed_ms=0.002
kiln_profile_gdn_stage layer=4 stage=qk_norm seq_len=1 start_pos=64 elapsed_ms=0.028
kiln_profile_gdn_stage layer=4 stage=gates seq_len=1 start_pos=64 elapsed_ms=0.341
kiln_profile_gdn_stage layer=4 stage=recurrent seq_len=1 start_pos=64 elapsed_ms=1.056
kiln_profile_gdn_stage layer=4 stage=post_transpose seq_len=1 start_pos=64 elapsed_ms=0.000
kiln_profile_gdn_stage layer=4 stage=gated_norm seq_len=1 start_pos=64 elapsed_ms=0.375
kiln_profile_gdn_stage layer=4 stage=out_proj seq_len=1 start_pos=64 elapsed_ms=0.343
kiln_profile_mlp_stage layer=4 stage=fused seq_len=1 start_pos=64 elapsed_ms=1.089
kiln_profile_paged_layer layer=4 kind=linear seq_len=1 start_pos=64 elapsed_ms=4.324
kiln_profile_gdn_stage layer=5 stage=in_proj seq_len=1 start_pos=64 elapsed_ms=0.892
kiln_profile_gdn_stage layer=5 stage=conv seq_len=1 start_pos=64 elapsed_ms=0.245
kiln_profile_gdn_stage layer=5 stage=qkv_split seq_len=1 start_pos=64 elapsed_ms=0.002
kiln_profile_gdn_stage layer=5 stage=qk_norm seq_len=1 start_pos=64 elapsed_ms=0.030
kiln_profile_gdn_stage layer=5 stage=gates seq_len=1 start_pos=64 elapsed_ms=0.303
kiln_profile_gdn_stage layer=5 stage=recurrent seq_len=1 start_pos=64 elapsed_ms=1.068
kiln_profile_gdn_stage layer=5 stage=post_transpose seq_len=1 start_pos=64 elapsed_ms=0.000
kiln_profile_gdn_stage layer=5 stage=gated_norm seq_len=1 start_pos=64 elapsed_ms=0.380
kiln_profile_gdn_stage layer=5 stage=out_proj seq_len=1 start_pos=64 elapsed_ms=0.347
kiln_profile_mlp_stage layer=5 stage=fused seq_len=1 start_pos=64 elapsed_ms=1.075
kiln_profile_paged_layer layer=5 kind=linear seq_len=1 start_pos=64 elapsed_ms=4.433
kiln_profile_gdn_stage layer=6 stage=in_proj seq_len=1 start_pos=64 elapsed_ms=0.786
kiln_profile_gdn_stage layer=6 stage=conv seq_len=1 start_pos=64 elapsed_ms=0.180
kiln_profile_gdn_stage layer=6 stage=qkv_split seq_len=1 start_pos=64 elapsed_ms=0.002
kiln_profile_gdn_stage layer=6 stage=qk_norm seq_len=1 start_pos=64 elapsed_ms=0.028
kiln_profile_gdn_stage layer=6 stage=gates seq_len=1 start_pos=64 elapsed_ms=0.352
kiln_profile_gdn_stage layer=6 stage=recurrent seq_len=1 start_pos=64 elapsed_ms=0.995
kiln_profile_gdn_stage layer=6 stage=post_transpose seq_len=1 start_pos=64 elapsed_ms=0.000
kiln_profile_gdn_stage layer=6 stage=gated_norm seq_len=1 start_pos=64 elapsed_ms=0.474
kiln_profile_gdn_stage layer=6 stage=out_proj seq_len=1 start_pos=64 elapsed_ms=0.330
kiln_profile_mlp_stage layer=6 stage=fused seq_len=1 start_pos=64 elapsed_ms=1.049
kiln_profile_paged_layer layer=6 kind=linear seq_len=1 start_pos=64 elapsed_ms=4.293
kiln_profile_full_attn_stage full_attn_layer=1 stage=qkv_proj seq_len=1 start_pos=64 elapsed_ms=0.638
kiln_profile_full_attn_stage full_attn_layer=1 stage=qkv_split seq_len=1 start_pos=64 elapsed_ms=0.007
kiln_profile_full_attn_stage full_attn_layer=1 stage=qk_norm seq_len=1 start_pos=64 elapsed_ms=0.034
kiln_profile_full_attn_stage full_attn_layer=1 stage=rope seq_len=1 start_pos=64 elapsed_ms=0.059
kiln_profile_full_attn_stage full_attn_layer=1 stage=q_transpose seq_len=1 start_pos=64 elapsed_ms=0.008
kiln_profile_full_attn_stage full_attn_layer=1 stage=kv_write seq_len=1 start_pos=64 elapsed_ms=0.008
kiln_profile_full_attn_stage full_attn_layer=1 stage=kv_read seq_len=1 start_pos=64 elapsed_ms=0.063
kiln_profile_full_attn_stage full_attn_layer=1 stage=decode_group_layout seq_len=1 start_pos=64 elapsed_ms=0.004
kiln_profile_full_attn_stage full_attn_layer=1 stage=decode_scores seq_len=1 start_pos=64 elapsed_ms=0.230
kiln_profile_full_attn_stage full_attn_layer=1 stage=decode_softmax seq_len=1 start_pos=64 elapsed_ms=0.018
kiln_profile_full_attn_stage full_attn_layer=1 stage=decode_weighted_sum seq_len=1 start_pos=64 elapsed_ms=0.052
kiln_profile_full_attn_stage full_attn_layer=1 stage=attn_gate seq_len=1 start_pos=64 elapsed_ms=0.020
kiln_profile_full_attn_stage full_attn_layer=1 stage=o_proj seq_len=1 start_pos=64 elapsed_ms=0.371
kiln_profile_mlp_stage layer=7 stage=fused seq_len=1 start_pos=64 elapsed_ms=1.045
kiln_profile_paged_layer layer=7 kind=full seq_len=1 start_pos=64 elapsed_ms=2.657
kiln_profile_gdn_stage layer=8 stage=in_proj seq_len=1 start_pos=64 elapsed_ms=0.762
kiln_profile_gdn_stage layer=8 stage=conv seq_len=1 start_pos=64 elapsed_ms=0.231
kiln_profile_gdn_stage layer=8 stage=qkv_split seq_len=1 start_pos=64 elapsed_ms=0.002
kiln_profile_gdn_stage layer=8 stage=qk_norm seq_len=1 start_pos=64 elapsed_ms=0.028
kiln_profile_gdn_stage layer=8 stage=gates seq_len=1 start_pos=64 elapsed_ms=0.322
kiln_profile_gdn_stage layer=8 stage=recurrent seq_len=1 start_pos=64 elapsed_ms=2.084
kiln_profile_gdn_stage layer=8 stage=post_transpose seq_len=1 start_pos=64 elapsed_ms=0.001
kiln_profile_gdn_stage layer=8 stage=gated_norm seq_len=1 start_pos=64 elapsed_ms=0.631
kiln_profile_gdn_stage layer=8 stage=out_proj seq_len=1 start_pos=64 elapsed_ms=0.726
kiln_profile_mlp_stage layer=8 stage=fused seq_len=1 start_pos=64 elapsed_ms=1.041
kiln_profile_paged_layer layer=8 kind=linear seq_len=1 start_pos=64 elapsed_ms=5.923
kiln_profile_gdn_stage layer=9 stage=in_proj seq_len=1 start_pos=64 elapsed_ms=0.741
kiln_profile_gdn_stage layer=9 stage=conv seq_len=1 start_pos=64 elapsed_ms=0.144
kiln_profile_gdn_stage layer=9 stage=qkv_split seq_len=1 start_pos=64 elapsed_ms=0.001
kiln_profile_gdn_stage layer=9 stage=qk_norm seq_len=1 start_pos=64 elapsed_ms=0.024
kiln_profile_gdn_stage layer=9 stage=gates seq_len=1 start_pos=64 elapsed_ms=0.264
kiln_profile_gdn_stage layer=9 stage=recurrent seq_len=1 start_pos=64 elapsed_ms=1.984
kiln_profile_gdn_stage layer=9 stage=post_transpose seq_len=1 start_pos=64 elapsed_ms=0.000
kiln_profile_gdn_stage layer=9 stage=gated_norm seq_len=1 start_pos=64 elapsed_ms=0.306
kiln_profile_gdn_stage layer=9 stage=out_proj seq_len=1 start_pos=64 elapsed_ms=0.394
kiln_profile_mlp_stage layer=9 stage=fused seq_len=1 start_pos=64 elapsed_ms=1.103
kiln_profile_paged_layer layer=9 kind=linear seq_len=1 start_pos=64 elapsed_ms=5.024
kiln_profile_gdn_stage layer=10 stage=in_proj seq_len=1 start_pos=64 elapsed_ms=0.773
kiln_profile_gdn_stage layer=10 stage=conv seq_len=1 start_pos=64 elapsed_ms=0.149
kiln_profile_gdn_stage layer=10 stage=qkv_split seq_len=1 start_pos=64 elapsed_ms=0.001
kiln_profile_gdn_stage layer=10 stage=qk_norm seq_len=1 start_pos=64 elapsed_ms=0.024
kiln_profile_gdn_stage layer=10 stage=gates seq_len=1 start_pos=64 elapsed_ms=1.014
kiln_profile_gdn_stage layer=10 stage=recurrent seq_len=1 start_pos=64 elapsed_ms=0.814
kiln_profile_gdn_stage layer=10 stage=post_transpose seq_len=1 start_pos=64 elapsed_ms=0.000
kiln_profile_gdn_stage layer=10 stage=gated_norm seq_len=1 start_pos=64 elapsed_ms=0.322
kiln_profile_gdn_stage layer=10 stage=out_proj seq_len=1 start_pos=64 elapsed_ms=0.324
kiln_profile_mlp_stage layer=10 stage=fused seq_len=1 start_pos=64 elapsed_ms=1.039
kiln_profile_paged_layer layer=10 kind=linear seq_len=1 start_pos=64 elapsed_ms=4.519
kiln_profile_full_attn_stage full_attn_layer=2 stage=qkv_proj seq_len=1 start_pos=64 elapsed_ms=0.751
kiln_profile_full_attn_stage full_attn_layer=2 stage=qkv_split seq_len=1 start_pos=64 elapsed_ms=0.005
kiln_profile_full_attn_stage full_attn_layer=2 stage=qk_norm seq_len=1 start_pos=64 elapsed_ms=0.027
kiln_profile_full_attn_stage full_attn_layer=2 stage=rope seq_len=1 start_pos=64 elapsed_ms=0.043
kiln_profile_full_attn_stage full_attn_layer=2 stage=q_transpose seq_len=1 start_pos=64 elapsed_ms=0.005
kiln_profile_full_attn_stage full_attn_layer=2 stage=kv_write seq_len=1 start_pos=64 elapsed_ms=0.006
kiln_profile_full_attn_stage full_attn_layer=2 stage=kv_read seq_len=1 start_pos=64 elapsed_ms=0.043
kiln_profile_full_attn_stage full_attn_layer=2 stage=decode_group_layout seq_len=1 start_pos=64 elapsed_ms=0.003
kiln_profile_full_attn_stage full_attn_layer=2 stage=decode_scores seq_len=1 start_pos=64 elapsed_ms=0.176
kiln_profile_full_attn_stage full_attn_layer=2 stage=decode_softmax seq_len=1 start_pos=64 elapsed_ms=0.011
kiln_profile_full_attn_stage full_attn_layer=2 stage=decode_weighted_sum seq_len=1 start_pos=64 elapsed_ms=0.050
kiln_profile_full_attn_stage full_attn_layer=2 stage=attn_gate seq_len=1 start_pos=64 elapsed_ms=0.016
kiln_profile_full_attn_stage full_attn_layer=2 stage=o_proj seq_len=1 start_pos=64 elapsed_ms=0.333
kiln_profile_mlp_stage layer=11 stage=fused seq_len=1 start_pos=64 elapsed_ms=1.001
kiln_profile_paged_layer layer=11 kind=full seq_len=1 start_pos=64 elapsed_ms=2.542
kiln_profile_gdn_stage layer=12 stage=in_proj seq_len=1 start_pos=64 elapsed_ms=0.732
kiln_profile_gdn_stage layer=12 stage=conv seq_len=1 start_pos=64 elapsed_ms=0.144
kiln_profile_gdn_stage layer=12 stage=qkv_split seq_len=1 start_pos=64 elapsed_ms=0.001
kiln_profile_gdn_stage layer=12 stage=qk_norm seq_len=1 start_pos=64 elapsed_ms=0.019
kiln_profile_gdn_stage layer=12 stage=gates seq_len=1 start_pos=64 elapsed_ms=0.273
kiln_profile_gdn_stage layer=12 stage=recurrent seq_len=1 start_pos=64 elapsed_ms=0.790
kiln_profile_gdn_stage layer=12 stage=post_transpose seq_len=1 start_pos=64 elapsed_ms=0.000
kiln_profile_gdn_stage layer=12 stage=gated_norm seq_len=1 start_pos=64 elapsed_ms=0.294
kiln_profile_gdn_stage layer=12 stage=out_proj seq_len=1 start_pos=64 elapsed_ms=0.348
kiln_profile_mlp_stage layer=12 stage=fused seq_len=1 start_pos=64 elapsed_ms=0.972
kiln_profile_paged_layer layer=12 kind=linear seq_len=1 start_pos=64 elapsed_ms=3.632
kiln_profile_gdn_stage layer=13 stage=in_proj seq_len=1 start_pos=64 elapsed_ms=0.747
kiln_profile_gdn_stage layer=13 stage=conv seq_len=1 start_pos=64 elapsed_ms=0.131
kiln_profile_gdn_stage layer=13 stage=qkv_split seq_len=1 start_pos=64 elapsed_ms=0.001
kiln_profile_gdn_stage layer=13 stage=qk_norm seq_len=1 start_pos=64 elapsed_ms=0.019
kiln_profile_gdn_stage layer=13 stage=gates seq_len=1 start_pos=64 elapsed_ms=0.288
kiln_profile_gdn_stage layer=13 stage=recurrent seq_len=1 start_pos=64 elapsed_ms=0.757
kiln_profile_gdn_stage layer=13 stage=post_transpose seq_len=1 start_pos=64 elapsed_ms=0.000
kiln_profile_gdn_stage layer=13 stage=gated_norm seq_len=1 start_pos=64 elapsed_ms=1.269
kiln_profile_gdn_stage layer=13 stage=out_proj seq_len=1 start_pos=64 elapsed_ms=0.321
kiln_profile_mlp_stage layer=13 stage=fused seq_len=1 start_pos=64 elapsed_ms=1.006
kiln_profile_paged_layer layer=13 kind=linear seq_len=1 start_pos=64 elapsed_ms=4.615
kiln_profile_gdn_stage layer=14 stage=in_proj seq_len=1 start_pos=64 elapsed_ms=0.733
kiln_profile_gdn_stage layer=14 stage=conv seq_len=1 start_pos=64 elapsed_ms=0.131
kiln_profile_gdn_stage layer=14 stage=qkv_split seq_len=1 start_pos=64 elapsed_ms=0.001
kiln_profile_gdn_stage layer=14 stage=qk_norm seq_len=1 start_pos=64 elapsed_ms=0.020
kiln_profile_gdn_stage layer=14 stage=gates seq_len=1 start_pos=64 elapsed_ms=0.242
kiln_profile_gdn_stage layer=14 stage=recurrent seq_len=1 start_pos=64 elapsed_ms=0.764
kiln_profile_gdn_stage layer=14 stage=post_transpose seq_len=1 start_pos=64 elapsed_ms=0.000
kiln_profile_gdn_stage layer=14 stage=gated_norm seq_len=1 start_pos=64 elapsed_ms=0.292
kiln_profile_gdn_stage layer=14 stage=out_proj seq_len=1 start_pos=64 elapsed_ms=0.347
kiln_profile_mlp_stage layer=14 stage=fused seq_len=1 start_pos=64 elapsed_ms=1.053
kiln_profile_paged_layer layer=14 kind=linear seq_len=1 start_pos=64 elapsed_ms=3.632
kiln_profile_full_attn_stage full_attn_layer=3 stage=qkv_proj seq_len=1 start_pos=64 elapsed_ms=0.613
kiln_profile_full_attn_stage full_attn_layer=3 stage=qkv_split seq_len=1 start_pos=64 elapsed_ms=0.005
kiln_profile_full_attn_stage full_attn_layer=3 stage=qk_norm seq_len=1 start_pos=64 elapsed_ms=0.022
kiln_profile_full_attn_stage full_attn_layer=3 stage=rope seq_len=1 start_pos=64 elapsed_ms=0.048
kiln_profile_full_attn_stage full_attn_layer=3 stage=q_transpose seq_len=1 start_pos=64 elapsed_ms=0.005
kiln_profile_full_attn_stage full_attn_layer=3 stage=kv_write seq_len=1 start_pos=64 elapsed_ms=0.006
kiln_profile_full_attn_stage full_attn_layer=3 stage=kv_read seq_len=1 start_pos=64 elapsed_ms=0.039
kiln_profile_full_attn_stage full_attn_layer=3 stage=decode_group_layout seq_len=1 start_pos=64 elapsed_ms=0.003
kiln_profile_full_attn_stage full_attn_layer=3 stage=decode_scores seq_len=1 start_pos=64 elapsed_ms=0.170
kiln_profile_full_attn_stage full_attn_layer=3 stage=decode_softmax seq_len=1 start_pos=64 elapsed_ms=0.012
kiln_profile_full_attn_stage full_attn_layer=3 stage=decode_weighted_sum seq_len=1 start_pos=64 elapsed_ms=0.044
kiln_profile_full_attn_stage full_attn_layer=3 stage=attn_gate seq_len=1 start_pos=64 elapsed_ms=0.018
kiln_profile_full_attn_stage full_attn_layer=3 stage=o_proj seq_len=1 start_pos=64 elapsed_ms=0.328
kiln_profile_mlp_stage layer=15 stage=fused seq_len=1 start_pos=64 elapsed_ms=1.041
kiln_profile_paged_layer layer=15 kind=full seq_len=1 start_pos=64 elapsed_ms=2.970
kiln_profile_gdn_stage layer=16 stage=in_proj seq_len=1 start_pos=64 elapsed_ms=0.858
kiln_profile_gdn_stage layer=16 stage=conv seq_len=1 start_pos=64 elapsed_ms=0.129
kiln_profile_gdn_stage layer=16 stage=qkv_split seq_len=1 start_pos=64 elapsed_ms=0.001
kiln_profile_gdn_stage layer=16 stage=qk_norm seq_len=1 start_pos=64 elapsed_ms=0.019
kiln_profile_gdn_stage layer=16 stage=gates seq_len=1 start_pos=64 elapsed_ms=0.231
kiln_profile_gdn_stage layer=16 stage=recurrent seq_len=1 start_pos=64 elapsed_ms=0.770
kiln_profile_gdn_stage layer=16 stage=post_transpose seq_len=1 start_pos=64 elapsed_ms=0.000
kiln_profile_gdn_stage layer=16 stage=gated_norm seq_len=1 start_pos=64 elapsed_ms=0.331
kiln_profile_gdn_stage layer=16 stage=out_proj seq_len=1 start_pos=64 elapsed_ms=0.339
kiln_profile_mlp_stage layer=16 stage=fused seq_len=1 start_pos=64 elapsed_ms=1.131
kiln_profile_paged_layer layer=16 kind=linear seq_len=1 start_pos=64 elapsed_ms=3.870
kiln_profile_gdn_stage layer=17 stage=in_proj seq_len=1 start_pos=64 elapsed_ms=0.729
kiln_profile_gdn_stage layer=17 stage=conv seq_len=1 start_pos=64 elapsed_ms=0.141
kiln_profile_gdn_stage layer=17 stage=qkv_split seq_len=1 start_pos=64 elapsed_ms=0.002
kiln_profile_gdn_stage layer=17 stage=qk_norm seq_len=1 start_pos=64 elapsed_ms=0.020
kiln_profile_gdn_stage layer=17 stage=gates seq_len=1 start_pos=64 elapsed_ms=0.277
kiln_profile_gdn_stage layer=17 stage=recurrent seq_len=1 start_pos=64 elapsed_ms=0.782
kiln_profile_gdn_stage layer=17 stage=post_transpose seq_len=1 start_pos=64 elapsed_ms=0.000
kiln_profile_gdn_stage layer=17 stage=gated_norm seq_len=1 start_pos=64 elapsed_ms=0.296
kiln_profile_gdn_stage layer=17 stage=out_proj seq_len=1 start_pos=64 elapsed_ms=0.329
kiln_profile_mlp_stage layer=17 stage=fused seq_len=1 start_pos=64 elapsed_ms=1.003
kiln_profile_paged_layer layer=17 kind=linear seq_len=1 start_pos=64 elapsed_ms=3.631
kiln_profile_gdn_stage layer=18 stage=in_proj seq_len=1 start_pos=64 elapsed_ms=0.725
kiln_profile_gdn_stage layer=18 stage=conv seq_len=1 start_pos=64 elapsed_ms=0.135
kiln_profile_gdn_stage layer=18 stage=qkv_split seq_len=1 start_pos=64 elapsed_ms=0.001
kiln_profile_gdn_stage layer=18 stage=qk_norm seq_len=1 start_pos=64 elapsed_ms=0.019
kiln_profile_gdn_stage layer=18 stage=gates seq_len=1 start_pos=64 elapsed_ms=0.236
kiln_profile_gdn_stage layer=18 stage=recurrent seq_len=1 start_pos=64 elapsed_ms=1.214
kiln_profile_gdn_stage layer=18 stage=post_transpose seq_len=1 start_pos=64 elapsed_ms=0.000
kiln_profile_gdn_stage layer=18 stage=gated_norm seq_len=1 start_pos=64 elapsed_ms=0.307
kiln_profile_gdn_stage layer=18 stage=out_proj seq_len=1 start_pos=64 elapsed_ms=0.332
kiln_profile_mlp_stage layer=18 stage=fused seq_len=1 start_pos=64 elapsed_ms=1.026
kiln_profile_paged_layer layer=18 kind=linear seq_len=1 start_pos=64 elapsed_ms=4.047
kiln_profile_full_attn_stage full_attn_layer=4 stage=qkv_proj seq_len=1 start_pos=64 elapsed_ms=0.600
kiln_profile_full_attn_stage full_attn_layer=4 stage=qkv_split seq_len=1 start_pos=64 elapsed_ms=0.005
kiln_profile_full_attn_stage full_attn_layer=4 stage=qk_norm seq_len=1 start_pos=64 elapsed_ms=0.022
kiln_profile_full_attn_stage full_attn_layer=4 stage=rope seq_len=1 start_pos=64 elapsed_ms=0.040
kiln_profile_full_attn_stage full_attn_layer=4 stage=q_transpose seq_len=1 start_pos=64 elapsed_ms=0.005
kiln_profile_full_attn_stage full_attn_layer=4 stage=kv_write seq_len=1 start_pos=64 elapsed_ms=0.005
kiln_profile_full_attn_stage full_attn_layer=4 stage=kv_read seq_len=1 start_pos=64 elapsed_ms=0.050
kiln_profile_full_attn_stage full_attn_layer=4 stage=decode_group_layout seq_len=1 start_pos=64 elapsed_ms=0.003
kiln_profile_full_attn_stage full_attn_layer=4 stage=decode_scores seq_len=1 start_pos=64 elapsed_ms=0.187
kiln_profile_full_attn_stage full_attn_layer=4 stage=decode_softmax seq_len=1 start_pos=64 elapsed_ms=0.012
kiln_profile_full_attn_stage full_attn_layer=4 stage=decode_weighted_sum seq_len=1 start_pos=64 elapsed_ms=0.042
kiln_profile_full_attn_stage full_attn_layer=4 stage=attn_gate seq_len=1 start_pos=64 elapsed_ms=0.018
kiln_profile_full_attn_stage full_attn_layer=4 stage=o_proj seq_len=1 start_pos=64 elapsed_ms=0.331
kiln_profile_mlp_stage layer=19 stage=fused seq_len=1 start_pos=64 elapsed_ms=1.052
kiln_profile_paged_layer layer=19 kind=full seq_len=1 start_pos=64 elapsed_ms=2.438
kiln_profile_gdn_stage layer=20 stage=in_proj seq_len=1 start_pos=64 elapsed_ms=0.779
kiln_profile_gdn_stage layer=20 stage=conv seq_len=1 start_pos=64 elapsed_ms=0.141
kiln_profile_gdn_stage layer=20 stage=qkv_split seq_len=1 start_pos=64 elapsed_ms=0.001
kiln_profile_gdn_stage layer=20 stage=qk_norm seq_len=1 start_pos=64 elapsed_ms=0.020
kiln_profile_gdn_stage layer=20 stage=gates seq_len=1 start_pos=64 elapsed_ms=0.280
kiln_profile_gdn_stage layer=20 stage=recurrent seq_len=1 start_pos=64 elapsed_ms=0.815
kiln_profile_gdn_stage layer=20 stage=post_transpose seq_len=1 start_pos=64 elapsed_ms=0.000
kiln_profile_gdn_stage layer=20 stage=gated_norm seq_len=1 start_pos=64 elapsed_ms=0.349
kiln_profile_gdn_stage layer=20 stage=out_proj seq_len=1 start_pos=64 elapsed_ms=0.339
kiln_profile_mlp_stage layer=20 stage=fused seq_len=1 start_pos=64 elapsed_ms=1.149
kiln_profile_paged_layer layer=20 kind=linear seq_len=1 start_pos=64 elapsed_ms=3.934
kiln_profile_gdn_stage layer=21 stage=in_proj seq_len=1 start_pos=64 elapsed_ms=0.734
kiln_profile_gdn_stage layer=21 stage=conv seq_len=1 start_pos=64 elapsed_ms=0.132
kiln_profile_gdn_stage layer=21 stage=qkv_split seq_len=1 start_pos=64 elapsed_ms=0.001
kiln_profile_gdn_stage layer=21 stage=qk_norm seq_len=1 start_pos=64 elapsed_ms=0.021
kiln_profile_gdn_stage layer=21 stage=gates seq_len=1 start_pos=64 elapsed_ms=0.257
kiln_profile_gdn_stage layer=21 stage=recurrent seq_len=1 start_pos=64 elapsed_ms=0.789
kiln_profile_gdn_stage layer=21 stage=post_transpose seq_len=1 start_pos=64 elapsed_ms=0.000
kiln_profile_gdn_stage layer=21 stage=gated_norm seq_len=1 start_pos=64 elapsed_ms=0.300
kiln_profile_gdn_stage layer=21 stage=out_proj seq_len=1 start_pos=64 elapsed_ms=0.325
kiln_profile_mlp_stage layer=21 stage=fused seq_len=1 start_pos=64 elapsed_ms=1.072
kiln_profile_paged_layer layer=21 kind=linear seq_len=1 start_pos=64 elapsed_ms=3.685
kiln_profile_gdn_stage layer=22 stage=in_proj seq_len=1 start_pos=64 elapsed_ms=0.765
kiln_profile_gdn_stage layer=22 stage=conv seq_len=1 start_pos=64 elapsed_ms=0.202
kiln_profile_gdn_stage layer=22 stage=qkv_split seq_len=1 start_pos=64 elapsed_ms=0.002
kiln_profile_gdn_stage layer=22 stage=qk_norm seq_len=1 start_pos=64 elapsed_ms=0.028
kiln_profile_gdn_stage layer=22 stage=gates seq_len=1 start_pos=64 elapsed_ms=0.312
kiln_profile_gdn_stage layer=22 stage=recurrent seq_len=1 start_pos=64 elapsed_ms=0.798
kiln_profile_gdn_stage layer=22 stage=post_transpose seq_len=1 start_pos=64 elapsed_ms=0.000
kiln_profile_gdn_stage layer=22 stage=gated_norm seq_len=1 start_pos=64 elapsed_ms=0.308
kiln_profile_gdn_stage layer=22 stage=out_proj seq_len=1 start_pos=64 elapsed_ms=0.376
kiln_profile_mlp_stage layer=22 stage=fused seq_len=1 start_pos=64 elapsed_ms=0.989
kiln_profile_paged_layer layer=22 kind=linear seq_len=1 start_pos=64 elapsed_ms=3.847
kiln_profile_full_attn_stage full_attn_layer=5 stage=qkv_proj seq_len=1 start_pos=64 elapsed_ms=0.619
kiln_profile_full_attn_stage full_attn_layer=5 stage=qkv_split seq_len=1 start_pos=64 elapsed_ms=0.005
kiln_profile_full_attn_stage full_attn_layer=5 stage=qk_norm seq_len=1 start_pos=64 elapsed_ms=0.022
kiln_profile_full_attn_stage full_attn_layer=5 stage=rope seq_len=1 start_pos=64 elapsed_ms=0.044
kiln_profile_full_attn_stage full_attn_layer=5 stage=q_transpose seq_len=1 start_pos=64 elapsed_ms=0.005
kiln_profile_full_attn_stage full_attn_layer=5 stage=kv_write seq_len=1 start_pos=64 elapsed_ms=0.007
kiln_profile_full_attn_stage full_attn_layer=5 stage=kv_read seq_len=1 start_pos=64 elapsed_ms=0.052
kiln_profile_full_attn_stage full_attn_layer=5 stage=decode_group_layout seq_len=1 start_pos=64 elapsed_ms=0.003
kiln_profile_full_attn_stage full_attn_layer=5 stage=decode_scores seq_len=1 start_pos=64 elapsed_ms=0.174
kiln_profile_full_attn_stage full_attn_layer=5 stage=decode_softmax seq_len=1 start_pos=64 elapsed_ms=0.016
kiln_profile_full_attn_stage full_attn_layer=5 stage=decode_weighted_sum seq_len=1 start_pos=64 elapsed_ms=0.048
kiln_profile_full_attn_stage full_attn_layer=5 stage=attn_gate seq_len=1 start_pos=64 elapsed_ms=0.018
kiln_profile_full_attn_stage full_attn_layer=5 stage=o_proj seq_len=1 start_pos=64 elapsed_ms=0.316
kiln_profile_mlp_stage layer=23 stage=fused seq_len=1 start_pos=64 elapsed_ms=1.028
kiln_profile_paged_layer layer=23 kind=full seq_len=1 start_pos=64 elapsed_ms=2.425
kiln_profile_gdn_stage layer=24 stage=in_proj seq_len=1 start_pos=64 elapsed_ms=0.730
kiln_profile_gdn_stage layer=24 stage=conv seq_len=1 start_pos=64 elapsed_ms=0.156
kiln_profile_gdn_stage layer=24 stage=qkv_split seq_len=1 start_pos=64 elapsed_ms=0.001
kiln_profile_gdn_stage layer=24 stage=qk_norm seq_len=1 start_pos=64 elapsed_ms=0.020
kiln_profile_gdn_stage layer=24 stage=gates seq_len=1 start_pos=64 elapsed_ms=0.269
kiln_profile_gdn_stage layer=24 stage=recurrent seq_len=1 start_pos=64 elapsed_ms=0.786
kiln_profile_gdn_stage layer=24 stage=post_transpose seq_len=1 start_pos=64 elapsed_ms=0.000
kiln_profile_gdn_stage layer=24 stage=gated_norm seq_len=1 start_pos=64 elapsed_ms=0.298
kiln_profile_gdn_stage layer=24 stage=out_proj seq_len=1 start_pos=64 elapsed_ms=0.334
kiln_profile_mlp_stage layer=24 stage=fused seq_len=1 start_pos=64 elapsed_ms=1.026
kiln_profile_paged_layer layer=24 kind=linear seq_len=1 start_pos=64 elapsed_ms=3.673
kiln_profile_gdn_stage layer=25 stage=in_proj seq_len=1 start_pos=64 elapsed_ms=0.719
kiln_profile_gdn_stage layer=25 stage=conv seq_len=1 start_pos=64 elapsed_ms=0.142
kiln_profile_gdn_stage layer=25 stage=qkv_split seq_len=1 start_pos=64 elapsed_ms=0.001
kiln_profile_gdn_stage layer=25 stage=qk_norm seq_len=1 start_pos=64 elapsed_ms=0.023
kiln_profile_gdn_stage layer=25 stage=gates seq_len=1 start_pos=64 elapsed_ms=0.274
kiln_profile_gdn_stage layer=25 stage=recurrent seq_len=1 start_pos=64 elapsed_ms=0.768
kiln_profile_gdn_stage layer=25 stage=post_transpose seq_len=1 start_pos=64 elapsed_ms=0.000
kiln_profile_gdn_stage layer=25 stage=gated_norm seq_len=1 start_pos=64 elapsed_ms=0.321
kiln_profile_gdn_stage layer=25 stage=out_proj seq_len=1 start_pos=64 elapsed_ms=0.326
kiln_profile_mlp_stage layer=25 stage=fused seq_len=1 start_pos=64 elapsed_ms=1.002
kiln_profile_paged_layer layer=25 kind=linear seq_len=1 start_pos=64 elapsed_ms=3.634
kiln_profile_gdn_stage layer=26 stage=in_proj seq_len=1 start_pos=64 elapsed_ms=0.730
kiln_profile_gdn_stage layer=26 stage=conv seq_len=1 start_pos=64 elapsed_ms=0.149
kiln_profile_gdn_stage layer=26 stage=qkv_split seq_len=1 start_pos=64 elapsed_ms=0.001
kiln_profile_gdn_stage layer=26 stage=qk_norm seq_len=1 start_pos=64 elapsed_ms=0.024
kiln_profile_gdn_stage layer=26 stage=gates seq_len=1 start_pos=64 elapsed_ms=0.308
kiln_profile_gdn_stage layer=26 stage=recurrent seq_len=1 start_pos=64 elapsed_ms=0.786
kiln_profile_gdn_stage layer=26 stage=post_transpose seq_len=1 start_pos=64 elapsed_ms=0.000
kiln_profile_gdn_stage layer=26 stage=gated_norm seq_len=1 start_pos=64 elapsed_ms=0.313
kiln_profile_gdn_stage layer=26 stage=out_proj seq_len=1 start_pos=64 elapsed_ms=0.371
kiln_profile_mlp_stage layer=26 stage=fused seq_len=1 start_pos=64 elapsed_ms=1.066
kiln_profile_paged_layer layer=26 kind=linear seq_len=1 start_pos=64 elapsed_ms=3.802
kiln_profile_full_attn_stage full_attn_layer=6 stage=qkv_proj seq_len=1 start_pos=64 elapsed_ms=0.614
kiln_profile_full_attn_stage full_attn_layer=6 stage=qkv_split seq_len=1 start_pos=64 elapsed_ms=0.005
kiln_profile_full_attn_stage full_attn_layer=6 stage=qk_norm seq_len=1 start_pos=64 elapsed_ms=0.028
kiln_profile_full_attn_stage full_attn_layer=6 stage=rope seq_len=1 start_pos=64 elapsed_ms=0.048
kiln_profile_full_attn_stage full_attn_layer=6 stage=q_transpose seq_len=1 start_pos=64 elapsed_ms=0.009
kiln_profile_full_attn_stage full_attn_layer=6 stage=kv_write seq_len=1 start_pos=64 elapsed_ms=0.006
kiln_profile_full_attn_stage full_attn_layer=6 stage=kv_read seq_len=1 start_pos=64 elapsed_ms=0.049
kiln_profile_full_attn_stage full_attn_layer=6 stage=decode_group_layout seq_len=1 start_pos=64 elapsed_ms=0.004
kiln_profile_full_attn_stage full_attn_layer=6 stage=decode_scores seq_len=1 start_pos=64 elapsed_ms=0.180
kiln_profile_full_attn_stage full_attn_layer=6 stage=decode_softmax seq_len=1 start_pos=64 elapsed_ms=0.012
kiln_profile_full_attn_stage full_attn_layer=6 stage=decode_weighted_sum seq_len=1 start_pos=64 elapsed_ms=0.046
kiln_profile_full_attn_stage full_attn_layer=6 stage=attn_gate seq_len=1 start_pos=64 elapsed_ms=0.016
kiln_profile_full_attn_stage full_attn_layer=6 stage=o_proj seq_len=1 start_pos=64 elapsed_ms=0.445
kiln_profile_mlp_stage layer=27 stage=fused seq_len=1 start_pos=64 elapsed_ms=1.253
kiln_profile_paged_layer layer=27 kind=full seq_len=1 start_pos=64 elapsed_ms=2.793
kiln_profile_gdn_stage layer=28 stage=in_proj seq_len=1 start_pos=64 elapsed_ms=0.730
kiln_profile_gdn_stage layer=28 stage=conv seq_len=1 start_pos=64 elapsed_ms=0.145
kiln_profile_gdn_stage layer=28 stage=qkv_split seq_len=1 start_pos=64 elapsed_ms=0.001
kiln_profile_gdn_stage layer=28 stage=qk_norm seq_len=1 start_pos=64 elapsed_ms=0.025
kiln_profile_gdn_stage layer=28 stage=gates seq_len=1 start_pos=64 elapsed_ms=0.306
kiln_profile_gdn_stage layer=28 stage=recurrent seq_len=1 start_pos=64 elapsed_ms=0.825
kiln_profile_gdn_stage layer=28 stage=post_transpose seq_len=1 start_pos=64 elapsed_ms=0.000
kiln_profile_gdn_stage layer=28 stage=gated_norm seq_len=1 start_pos=64 elapsed_ms=0.302
kiln_profile_gdn_stage layer=28 stage=out_proj seq_len=1 start_pos=64 elapsed_ms=0.343
kiln_profile_mlp_stage layer=28 stage=fused seq_len=1 start_pos=64 elapsed_ms=1.119
kiln_profile_paged_layer layer=28 kind=linear seq_len=1 start_pos=64 elapsed_ms=3.856
kiln_profile_gdn_stage layer=29 stage=in_proj seq_len=1 start_pos=64 elapsed_ms=0.752
kiln_profile_gdn_stage layer=29 stage=conv seq_len=1 start_pos=64 elapsed_ms=0.144
kiln_profile_gdn_stage layer=29 stage=qkv_split seq_len=1 start_pos=64 elapsed_ms=0.001
kiln_profile_gdn_stage layer=29 stage=qk_norm seq_len=1 start_pos=64 elapsed_ms=0.026
kiln_profile_gdn_stage layer=29 stage=gates seq_len=1 start_pos=64 elapsed_ms=0.294
kiln_profile_gdn_stage layer=29 stage=recurrent seq_len=1 start_pos=64 elapsed_ms=0.796
kiln_profile_gdn_stage layer=29 stage=post_transpose seq_len=1 start_pos=64 elapsed_ms=0.000
kiln_profile_gdn_stage layer=29 stage=gated_norm seq_len=1 start_pos=64 elapsed_ms=0.314
kiln_profile_gdn_stage layer=29 stage=out_proj seq_len=1 start_pos=64 elapsed_ms=0.330
kiln_profile_mlp_stage layer=29 stage=fused seq_len=1 start_pos=64 elapsed_ms=1.679
kiln_profile_paged_layer layer=29 kind=linear seq_len=1 start_pos=64 elapsed_ms=4.402
kiln_profile_gdn_stage layer=30 stage=in_proj seq_len=1 start_pos=64 elapsed_ms=0.771
kiln_profile_gdn_stage layer=30 stage=conv seq_len=1 start_pos=64 elapsed_ms=0.153
kiln_profile_gdn_stage layer=30 stage=qkv_split seq_len=1 start_pos=64 elapsed_ms=0.001
kiln_profile_gdn_stage layer=30 stage=qk_norm seq_len=1 start_pos=64 elapsed_ms=0.021
kiln_profile_gdn_stage layer=30 stage=gates seq_len=1 start_pos=64 elapsed_ms=0.283
kiln_profile_gdn_stage layer=30 stage=recurrent seq_len=1 start_pos=64 elapsed_ms=2.499
kiln_profile_gdn_stage layer=30 stage=post_transpose seq_len=1 start_pos=64 elapsed_ms=0.000
kiln_profile_gdn_stage layer=30 stage=gated_norm seq_len=1 start_pos=64 elapsed_ms=0.549
kiln_profile_gdn_stage layer=30 stage=out_proj seq_len=1 start_pos=64 elapsed_ms=0.733
kiln_profile_mlp_stage layer=30 stage=fused seq_len=1 start_pos=64 elapsed_ms=1.018
kiln_profile_paged_layer layer=30 kind=linear seq_len=1 start_pos=64 elapsed_ms=6.086
kiln_profile_full_attn_stage full_attn_layer=7 stage=qkv_proj seq_len=1 start_pos=64 elapsed_ms=0.652
kiln_profile_full_attn_stage full_attn_layer=7 stage=qkv_split seq_len=1 start_pos=64 elapsed_ms=0.007
kiln_profile_full_attn_stage full_attn_layer=7 stage=qk_norm seq_len=1 start_pos=64 elapsed_ms=0.038
kiln_profile_full_attn_stage full_attn_layer=7 stage=rope seq_len=1 start_pos=64 elapsed_ms=0.046
kiln_profile_full_attn_stage full_attn_layer=7 stage=q_transpose seq_len=1 start_pos=64 elapsed_ms=0.007
kiln_profile_full_attn_stage full_attn_layer=7 stage=kv_write seq_len=1 start_pos=64 elapsed_ms=0.009
kiln_profile_full_attn_stage full_attn_layer=7 stage=kv_read seq_len=1 start_pos=64 elapsed_ms=0.053
kiln_profile_full_attn_stage full_attn_layer=7 stage=decode_group_layout seq_len=1 start_pos=64 elapsed_ms=0.003
kiln_profile_full_attn_stage full_attn_layer=7 stage=decode_scores seq_len=1 start_pos=64 elapsed_ms=0.210
kiln_profile_full_attn_stage full_attn_layer=7 stage=decode_softmax seq_len=1 start_pos=64 elapsed_ms=0.015
kiln_profile_full_attn_stage full_attn_layer=7 stage=decode_weighted_sum seq_len=1 start_pos=64 elapsed_ms=0.050
kiln_profile_full_attn_stage full_attn_layer=7 stage=attn_gate seq_len=1 start_pos=64 elapsed_ms=0.019
kiln_profile_full_attn_stage full_attn_layer=7 stage=o_proj seq_len=1 start_pos=64 elapsed_ms=0.352
kiln_profile_mlp_stage layer=31 stage=fused seq_len=1 start_pos=64 elapsed_ms=1.070
kiln_profile_paged_layer layer=31 kind=full seq_len=1 start_pos=64 elapsed_ms=2.609
kiln_profile_gdn_stage layer=0 stage=in_proj seq_len=1 start_pos=65 elapsed_ms=0.768
kiln_profile_gdn_stage layer=0 stage=conv seq_len=1 start_pos=65 elapsed_ms=0.140
kiln_profile_gdn_stage layer=0 stage=qkv_split seq_len=1 start_pos=65 elapsed_ms=0.001
kiln_profile_gdn_stage layer=0 stage=qk_norm seq_len=1 start_pos=65 elapsed_ms=0.029
kiln_profile_gdn_stage layer=0 stage=gates seq_len=1 start_pos=65 elapsed_ms=0.304
kiln_profile_gdn_stage layer=0 stage=recurrent seq_len=1 start_pos=65 elapsed_ms=0.833
kiln_profile_gdn_stage layer=0 stage=post_transpose seq_len=1 start_pos=65 elapsed_ms=0.000
kiln_profile_gdn_stage layer=0 stage=gated_norm seq_len=1 start_pos=65 elapsed_ms=0.338
kiln_profile_gdn_stage layer=0 stage=out_proj seq_len=1 start_pos=65 elapsed_ms=0.345
kiln_profile_mlp_stage layer=0 stage=fused seq_len=1 start_pos=65 elapsed_ms=1.026
kiln_profile_paged_layer layer=0 kind=linear seq_len=1 start_pos=65 elapsed_ms=3.858
kiln_profile_gdn_stage layer=1 stage=in_proj seq_len=1 start_pos=65 elapsed_ms=0.780
kiln_profile_gdn_stage layer=1 stage=conv seq_len=1 start_pos=65 elapsed_ms=0.128
kiln_profile_gdn_stage layer=1 stage=qkv_split seq_len=1 start_pos=65 elapsed_ms=0.001
kiln_profile_gdn_stage layer=1 stage=qk_norm seq_len=1 start_pos=65 elapsed_ms=0.022
kiln_profile_gdn_stage layer=1 stage=gates seq_len=1 start_pos=65 elapsed_ms=0.261
kiln_profile_gdn_stage layer=1 stage=recurrent seq_len=1 start_pos=65 elapsed_ms=0.777
kiln_profile_gdn_stage layer=1 stage=post_transpose seq_len=1 start_pos=65 elapsed_ms=0.000
kiln_profile_gdn_stage layer=1 stage=gated_norm seq_len=1 start_pos=65 elapsed_ms=0.336
kiln_profile_gdn_stage layer=1 stage=out_proj seq_len=1 start_pos=65 elapsed_ms=0.339
kiln_profile_mlp_stage layer=1 stage=fused seq_len=1 start_pos=65 elapsed_ms=1.032
kiln_profile_paged_layer layer=1 kind=linear seq_len=1 start_pos=65 elapsed_ms=3.741
kiln_profile_gdn_stage layer=2 stage=in_proj seq_len=1 start_pos=65 elapsed_ms=0.739
kiln_profile_gdn_stage layer=2 stage=conv seq_len=1 start_pos=65 elapsed_ms=0.161
kiln_profile_gdn_stage layer=2 stage=qkv_split seq_len=1 start_pos=65 elapsed_ms=0.001
kiln_profile_gdn_stage layer=2 stage=qk_norm seq_len=1 start_pos=65 elapsed_ms=0.023
kiln_profile_gdn_stage layer=2 stage=gates seq_len=1 start_pos=65 elapsed_ms=0.290
kiln_profile_gdn_stage layer=2 stage=recurrent seq_len=1 start_pos=65 elapsed_ms=0.779
kiln_profile_gdn_stage layer=2 stage=post_transpose seq_len=1 start_pos=65 elapsed_ms=0.000
kiln_profile_gdn_stage layer=2 stage=gated_norm seq_len=1 start_pos=65 elapsed_ms=0.335
kiln_profile_gdn_stage layer=2 stage=out_proj seq_len=1 start_pos=65 elapsed_ms=0.341
kiln_profile_mlp_stage layer=2 stage=fused seq_len=1 start_pos=65 elapsed_ms=1.003
kiln_profile_paged_layer layer=2 kind=linear seq_len=1 start_pos=65 elapsed_ms=4.033
kiln_profile_full_attn_stage full_attn_layer=0 stage=qkv_proj seq_len=1 start_pos=65 elapsed_ms=0.598
kiln_profile_full_attn_stage full_attn_layer=0 stage=qkv_split seq_len=1 start_pos=65 elapsed_ms=0.005
kiln_profile_full_attn_stage full_attn_layer=0 stage=qk_norm seq_len=1 start_pos=65 elapsed_ms=0.029
kiln_profile_full_attn_stage full_attn_layer=0 stage=rope seq_len=1 start_pos=65 elapsed_ms=0.056
kiln_profile_full_attn_stage full_attn_layer=0 stage=q_transpose seq_len=1 start_pos=65 elapsed_ms=0.007
kiln_profile_full_attn_stage full_attn_layer=0 stage=kv_write seq_len=1 start_pos=65 elapsed_ms=0.008
kiln_profile_full_attn_stage full_attn_layer=0 stage=kv_read seq_len=1 start_pos=65 elapsed_ms=0.062
kiln_profile_full_attn_stage full_attn_layer=0 stage=decode_group_layout seq_len=1 start_pos=65 elapsed_ms=0.003
kiln_profile_full_attn_stage full_attn_layer=0 stage=decode_scores seq_len=1 start_pos=65 elapsed_ms=0.214
kiln_profile_full_attn_stage full_attn_layer=0 stage=decode_softmax seq_len=1 start_pos=65 elapsed_ms=0.012
kiln_profile_full_attn_stage full_attn_layer=0 stage=decode_weighted_sum seq_len=1 start_pos=65 elapsed_ms=0.046
kiln_profile_full_attn_stage full_attn_layer=0 stage=attn_gate seq_len=1 start_pos=65 elapsed_ms=0.012
kiln_profile_full_attn_stage full_attn_layer=0 stage=o_proj seq_len=1 start_pos=65 elapsed_ms=0.325
kiln_profile_mlp_stage layer=3 stage=fused seq_len=1 start_pos=65 elapsed_ms=1.001
kiln_profile_paged_layer layer=3 kind=full seq_len=1 start_pos=65 elapsed_ms=2.452
kiln_profile_gdn_stage layer=4 stage=in_proj seq_len=1 start_pos=65 elapsed_ms=0.739
kiln_profile_gdn_stage layer=4 stage=conv seq_len=1 start_pos=65 elapsed_ms=0.123
kiln_profile_gdn_stage layer=4 stage=qkv_split seq_len=1 start_pos=65 elapsed_ms=0.001
kiln_profile_gdn_stage layer=4 stage=qk_norm seq_len=1 start_pos=65 elapsed_ms=0.020
kiln_profile_gdn_stage layer=4 stage=gates seq_len=1 start_pos=65 elapsed_ms=0.282
kiln_profile_gdn_stage layer=4 stage=recurrent seq_len=1 start_pos=65 elapsed_ms=0.796
kiln_profile_gdn_stage layer=4 stage=post_transpose seq_len=1 start_pos=65 elapsed_ms=0.000
kiln_profile_gdn_stage layer=4 stage=gated_norm seq_len=1 start_pos=65 elapsed_ms=0.339
kiln_profile_gdn_stage layer=4 stage=out_proj seq_len=1 start_pos=65 elapsed_ms=0.406
kiln_profile_mlp_stage layer=4 stage=fused seq_len=1 start_pos=65 elapsed_ms=1.058
kiln_profile_paged_layer layer=4 kind=linear seq_len=1 start_pos=65 elapsed_ms=3.817
kiln_profile_gdn_stage layer=5 stage=in_proj seq_len=1 start_pos=65 elapsed_ms=0.746
kiln_profile_gdn_stage layer=5 stage=conv seq_len=1 start_pos=65 elapsed_ms=0.145
kiln_profile_gdn_stage layer=5 stage=qkv_split seq_len=1 start_pos=65 elapsed_ms=0.001
kiln_profile_gdn_stage layer=5 stage=qk_norm seq_len=1 start_pos=65 elapsed_ms=0.022
kiln_profile_gdn_stage layer=5 stage=gates seq_len=1 start_pos=65 elapsed_ms=0.273
kiln_profile_gdn_stage layer=5 stage=recurrent seq_len=1 start_pos=65 elapsed_ms=0.821
kiln_profile_gdn_stage layer=5 stage=post_transpose seq_len=1 start_pos=65 elapsed_ms=0.000
kiln_profile_gdn_stage layer=5 stage=gated_norm seq_len=1 start_pos=65 elapsed_ms=0.324
kiln_profile_gdn_stage layer=5 stage=out_proj seq_len=1 start_pos=65 elapsed_ms=0.348
kiln_profile_mlp_stage layer=5 stage=fused seq_len=1 start_pos=65 elapsed_ms=1.016
kiln_profile_paged_layer layer=5 kind=linear seq_len=1 start_pos=65 elapsed_ms=3.753
kiln_profile_gdn_stage layer=6 stage=in_proj seq_len=1 start_pos=65 elapsed_ms=0.811
kiln_profile_gdn_stage layer=6 stage=conv seq_len=1 start_pos=65 elapsed_ms=0.143
kiln_profile_gdn_stage layer=6 stage=qkv_split seq_len=1 start_pos=65 elapsed_ms=0.001
kiln_profile_gdn_stage layer=6 stage=qk_norm seq_len=1 start_pos=65 elapsed_ms=0.024
kiln_profile_gdn_stage layer=6 stage=gates seq_len=1 start_pos=65 elapsed_ms=0.282
kiln_profile_gdn_stage layer=6 stage=recurrent seq_len=1 start_pos=65 elapsed_ms=0.792
kiln_profile_gdn_stage layer=6 stage=post_transpose seq_len=1 start_pos=65 elapsed_ms=0.000
kiln_profile_gdn_stage layer=6 stage=gated_norm seq_len=1 start_pos=65 elapsed_ms=0.320
kiln_profile_gdn_stage layer=6 stage=out_proj seq_len=1 start_pos=65 elapsed_ms=0.343
kiln_profile_mlp_stage layer=6 stage=fused seq_len=1 start_pos=65 elapsed_ms=1.009
kiln_profile_paged_layer layer=6 kind=linear seq_len=1 start_pos=65 elapsed_ms=3.782
kiln_profile_full_attn_stage full_attn_layer=1 stage=qkv_proj seq_len=1 start_pos=65 elapsed_ms=0.631
kiln_profile_full_attn_stage full_attn_layer=1 stage=qkv_split seq_len=1 start_pos=65 elapsed_ms=0.004
kiln_profile_full_attn_stage full_attn_layer=1 stage=qk_norm seq_len=1 start_pos=65 elapsed_ms=0.025
kiln_profile_full_attn_stage full_attn_layer=1 stage=rope seq_len=1 start_pos=65 elapsed_ms=0.051
kiln_profile_full_attn_stage full_attn_layer=1 stage=q_transpose seq_len=1 start_pos=65 elapsed_ms=0.007
kiln_profile_full_attn_stage full_attn_layer=1 stage=kv_write seq_len=1 start_pos=65 elapsed_ms=0.006
kiln_profile_full_attn_stage full_attn_layer=1 stage=kv_read seq_len=1 start_pos=65 elapsed_ms=0.057
kiln_profile_full_attn_stage full_attn_layer=1 stage=decode_group_layout seq_len=1 start_pos=65 elapsed_ms=0.003
kiln_profile_full_attn_stage full_attn_layer=1 stage=decode_scores seq_len=1 start_pos=65 elapsed_ms=0.191
kiln_profile_full_attn_stage full_attn_layer=1 stage=decode_softmax seq_len=1 start_pos=65 elapsed_ms=0.011
kiln_profile_full_attn_stage full_attn_layer=1 stage=decode_weighted_sum seq_len=1 start_pos=65 elapsed_ms=0.051
kiln_profile_full_attn_stage full_attn_layer=1 stage=attn_gate seq_len=1 start_pos=65 elapsed_ms=0.015
kiln_profile_full_attn_stage full_attn_layer=1 stage=o_proj seq_len=1 start_pos=65 elapsed_ms=0.320
kiln_profile_mlp_stage layer=7 stage=fused seq_len=1 start_pos=65 elapsed_ms=1.082
kiln_profile_paged_layer layer=7 kind=full seq_len=1 start_pos=65 elapsed_ms=2.529
kiln_profile_gdn_stage layer=8 stage=in_proj seq_len=1 start_pos=65 elapsed_ms=0.771
kiln_profile_gdn_stage layer=8 stage=conv seq_len=1 start_pos=65 elapsed_ms=0.135
kiln_profile_gdn_stage layer=8 stage=qkv_split seq_len=1 start_pos=65 elapsed_ms=0.001
kiln_profile_gdn_stage layer=8 stage=qk_norm seq_len=1 start_pos=65 elapsed_ms=0.025
kiln_profile_gdn_stage layer=8 stage=gates seq_len=1 start_pos=65 elapsed_ms=0.275
kiln_profile_gdn_stage layer=8 stage=recurrent seq_len=1 start_pos=65 elapsed_ms=0.857
kiln_profile_gdn_stage layer=8 stage=post_transpose seq_len=1 start_pos=65 elapsed_ms=0.000
kiln_profile_gdn_stage layer=8 stage=gated_norm seq_len=1 start_pos=65 elapsed_ms=0.299
kiln_profile_gdn_stage layer=8 stage=out_proj seq_len=1 start_pos=65 elapsed_ms=0.375
kiln_profile_mlp_stage layer=8 stage=fused seq_len=1 start_pos=65 elapsed_ms=1.004
kiln_profile_paged_layer layer=8 kind=linear seq_len=1 start_pos=65 elapsed_ms=3.802
kiln_profile_gdn_stage layer=9 stage=in_proj seq_len=1 start_pos=65 elapsed_ms=0.742
kiln_profile_gdn_stage layer=9 stage=conv seq_len=1 start_pos=65 elapsed_ms=0.136
kiln_profile_gdn_stage layer=9 stage=qkv_split seq_len=1 start_pos=65 elapsed_ms=0.001
kiln_profile_gdn_stage layer=9 stage=qk_norm seq_len=1 start_pos=65 elapsed_ms=0.025
kiln_profile_gdn_stage layer=9 stage=gates seq_len=1 start_pos=65 elapsed_ms=0.284
kiln_profile_gdn_stage layer=9 stage=recurrent seq_len=1 start_pos=65 elapsed_ms=0.819
kiln_profile_gdn_stage layer=9 stage=post_transpose seq_len=1 start_pos=65 elapsed_ms=0.000
kiln_profile_gdn_stage layer=9 stage=gated_norm seq_len=1 start_pos=65 elapsed_ms=0.309
kiln_profile_gdn_stage layer=9 stage=out_proj seq_len=1 start_pos=65 elapsed_ms=0.341
kiln_profile_mlp_stage layer=9 stage=fused seq_len=1 start_pos=65 elapsed_ms=1.025
kiln_profile_paged_layer layer=9 kind=linear seq_len=1 start_pos=65 elapsed_ms=3.745
kiln_profile_gdn_stage layer=10 stage=in_proj seq_len=1 start_pos=65 elapsed_ms=0.732
kiln_profile_gdn_stage layer=10 stage=conv seq_len=1 start_pos=65 elapsed_ms=0.128
kiln_profile_gdn_stage layer=10 stage=qkv_split seq_len=1 start_pos=65 elapsed_ms=0.002
kiln_profile_gdn_stage layer=10 stage=qk_norm seq_len=1 start_pos=65 elapsed_ms=0.024
kiln_profile_gdn_stage layer=10 stage=gates seq_len=1 start_pos=65 elapsed_ms=0.250
kiln_profile_gdn_stage layer=10 stage=recurrent seq_len=1 start_pos=65 elapsed_ms=0.797
kiln_profile_gdn_stage layer=10 stage=post_transpose seq_len=1 start_pos=65 elapsed_ms=0.000
kiln_profile_gdn_stage layer=10 stage=gated_norm seq_len=1 start_pos=65 elapsed_ms=0.352
kiln_profile_gdn_stage layer=10 stage=out_proj seq_len=1 start_pos=65 elapsed_ms=0.318
kiln_profile_mlp_stage layer=10 stage=fused seq_len=1 start_pos=65 elapsed_ms=1.015
kiln_profile_paged_layer layer=10 kind=linear seq_len=1 start_pos=65 elapsed_ms=3.681
kiln_profile_full_attn_stage full_attn_layer=2 stage=qkv_proj seq_len=1 start_pos=65 elapsed_ms=0.629
kiln_profile_full_attn_stage full_attn_layer=2 stage=qkv_split seq_len=1 start_pos=65 elapsed_ms=0.004
kiln_profile_full_attn_stage full_attn_layer=2 stage=qk_norm seq_len=1 start_pos=65 elapsed_ms=0.028
kiln_profile_full_attn_stage full_attn_layer=2 stage=rope seq_len=1 start_pos=65 elapsed_ms=0.043
kiln_profile_full_attn_stage full_attn_layer=2 stage=q_transpose seq_len=1 start_pos=65 elapsed_ms=0.007
kiln_profile_full_attn_stage full_attn_layer=2 stage=kv_write seq_len=1 start_pos=65 elapsed_ms=0.007
kiln_profile_full_attn_stage full_attn_layer=2 stage=kv_read seq_len=1 start_pos=65 elapsed_ms=0.053
kiln_profile_full_attn_stage full_attn_layer=2 stage=decode_group_layout seq_len=1 start_pos=65 elapsed_ms=0.003
kiln_profile_full_attn_stage full_attn_layer=2 stage=decode_scores seq_len=1 start_pos=65 elapsed_ms=0.174
kiln_profile_full_attn_stage full_attn_layer=2 stage=decode_softmax seq_len=1 start_pos=65 elapsed_ms=0.011
kiln_profile_full_attn_stage full_attn_layer=2 stage=decode_weighted_sum seq_len=1 start_pos=65 elapsed_ms=0.048
kiln_profile_full_attn_stage full_attn_layer=2 stage=attn_gate seq_len=1 start_pos=65 elapsed_ms=0.015
kiln_profile_full_attn_stage full_attn_layer=2 stage=o_proj seq_len=1 start_pos=65 elapsed_ms=0.330
kiln_profile_mlp_stage layer=11 stage=fused seq_len=1 start_pos=65 elapsed_ms=1.066
kiln_profile_paged_layer layer=11 kind=full seq_len=1 start_pos=65 elapsed_ms=2.493
kiln_profile_gdn_stage layer=12 stage=in_proj seq_len=1 start_pos=65 elapsed_ms=0.743
kiln_profile_gdn_stage layer=12 stage=conv seq_len=1 start_pos=65 elapsed_ms=0.157
kiln_profile_gdn_stage layer=12 stage=qkv_split seq_len=1 start_pos=65 elapsed_ms=0.001
kiln_profile_gdn_stage layer=12 stage=qk_norm seq_len=1 start_pos=65 elapsed_ms=0.026
kiln_profile_gdn_stage layer=12 stage=gates seq_len=1 start_pos=65 elapsed_ms=0.295
kiln_profile_gdn_stage layer=12 stage=recurrent seq_len=1 start_pos=65 elapsed_ms=0.789
kiln_profile_gdn_stage layer=12 stage=post_transpose seq_len=1 start_pos=65 elapsed_ms=0.000
kiln_profile_gdn_stage layer=12 stage=gated_norm seq_len=1 start_pos=65 elapsed_ms=0.307
kiln_profile_gdn_stage layer=12 stage=out_proj seq_len=1 start_pos=65 elapsed_ms=0.413
kiln_profile_mlp_stage layer=12 stage=fused seq_len=1 start_pos=65 elapsed_ms=1.061
kiln_profile_paged_layer layer=12 kind=linear seq_len=1 start_pos=65 elapsed_ms=3.867
kiln_profile_gdn_stage layer=13 stage=in_proj seq_len=1 start_pos=65 elapsed_ms=0.755
kiln_profile_gdn_stage layer=13 stage=conv seq_len=1 start_pos=65 elapsed_ms=0.134
kiln_profile_gdn_stage layer=13 stage=qkv_split seq_len=1 start_pos=65 elapsed_ms=0.002
kiln_profile_gdn_stage layer=13 stage=qk_norm seq_len=1 start_pos=65 elapsed_ms=0.025
kiln_profile_gdn_stage layer=13 stage=gates seq_len=1 start_pos=65 elapsed_ms=0.309
kiln_profile_gdn_stage layer=13 stage=recurrent seq_len=1 start_pos=65 elapsed_ms=0.761
kiln_profile_gdn_stage layer=13 stage=post_transpose seq_len=1 start_pos=65 elapsed_ms=0.000
kiln_profile_gdn_stage layer=13 stage=gated_norm seq_len=1 start_pos=65 elapsed_ms=0.293
kiln_profile_gdn_stage layer=13 stage=out_proj seq_len=1 start_pos=65 elapsed_ms=0.409
kiln_profile_mlp_stage layer=13 stage=fused seq_len=1 start_pos=65 elapsed_ms=1.129
kiln_profile_paged_layer layer=13 kind=linear seq_len=1 start_pos=65 elapsed_ms=3.879
kiln_profile_gdn_stage layer=14 stage=in_proj seq_len=1 start_pos=65 elapsed_ms=0.855
kiln_profile_gdn_stage layer=14 stage=conv seq_len=1 start_pos=65 elapsed_ms=0.126
kiln_profile_gdn_stage layer=14 stage=qkv_split seq_len=1 start_pos=65 elapsed_ms=0.001
kiln_profile_gdn_stage layer=14 stage=qk_norm seq_len=1 start_pos=65 elapsed_ms=0.020
kiln_profile_gdn_stage layer=14 stage=gates seq_len=1 start_pos=65 elapsed_ms=0.298
kiln_profile_gdn_stage layer=14 stage=recurrent seq_len=1 start_pos=65 elapsed_ms=0.739
kiln_profile_gdn_stage layer=14 stage=post_transpose seq_len=1 start_pos=65 elapsed_ms=0.000
kiln_profile_gdn_stage layer=14 stage=gated_norm seq_len=1 start_pos=65 elapsed_ms=0.318
kiln_profile_gdn_stage layer=14 stage=out_proj seq_len=1 start_pos=65 elapsed_ms=0.327
kiln_profile_mlp_stage layer=14 stage=fused seq_len=1 start_pos=65 elapsed_ms=1.075
kiln_profile_paged_layer layer=14 kind=linear seq_len=1 start_pos=65 elapsed_ms=3.820
kiln_profile_full_attn_stage full_attn_layer=3 stage=qkv_proj seq_len=1 start_pos=65 elapsed_ms=0.656
kiln_profile_full_attn_stage full_attn_layer=3 stage=qkv_split seq_len=1 start_pos=65 elapsed_ms=0.005
kiln_profile_full_attn_stage full_attn_layer=3 stage=qk_norm seq_len=1 start_pos=65 elapsed_ms=0.036
kiln_profile_full_attn_stage full_attn_layer=3 stage=rope seq_len=1 start_pos=65 elapsed_ms=0.050
kiln_profile_full_attn_stage full_attn_layer=3 stage=q_transpose seq_len=1 start_pos=65 elapsed_ms=0.005
kiln_profile_full_attn_stage full_attn_layer=3 stage=kv_write seq_len=1 start_pos=65 elapsed_ms=0.006
kiln_profile_full_attn_stage full_attn_layer=3 stage=kv_read seq_len=1 start_pos=65 elapsed_ms=0.046
kiln_profile_full_attn_stage full_attn_layer=3 stage=decode_group_layout seq_len=1 start_pos=65 elapsed_ms=0.003
kiln_profile_full_attn_stage full_attn_layer=3 stage=decode_scores seq_len=1 start_pos=65 elapsed_ms=0.183
kiln_profile_full_attn_stage full_attn_layer=3 stage=decode_softmax seq_len=1 start_pos=65 elapsed_ms=0.013
kiln_profile_full_attn_stage full_attn_layer=3 stage=decode_weighted_sum seq_len=1 start_pos=65 elapsed_ms=0.045
kiln_profile_full_attn_stage full_attn_layer=3 stage=attn_gate seq_len=1 start_pos=65 elapsed_ms=0.013
kiln_profile_full_attn_stage full_attn_layer=3 stage=o_proj seq_len=1 start_pos=65 elapsed_ms=0.322
kiln_profile_mlp_stage layer=15 stage=fused seq_len=1 start_pos=65 elapsed_ms=1.069
kiln_profile_paged_layer layer=15 kind=full seq_len=1 start_pos=65 elapsed_ms=2.531
kiln_profile_gdn_stage layer=16 stage=in_proj seq_len=1 start_pos=65 elapsed_ms=0.867
kiln_profile_gdn_stage layer=16 stage=conv seq_len=1 start_pos=65 elapsed_ms=0.130
kiln_profile_gdn_stage layer=16 stage=qkv_split seq_len=1 start_pos=65 elapsed_ms=0.001
kiln_profile_gdn_stage layer=16 stage=qk_norm seq_len=1 start_pos=65 elapsed_ms=0.025
kiln_profile_gdn_stage layer=16 stage=gates seq_len=1 start_pos=65 elapsed_ms=0.286
kiln_profile_gdn_stage layer=16 stage=recurrent seq_len=1 start_pos=65 elapsed_ms=0.788
kiln_profile_gdn_stage layer=16 stage=post_transpose seq_len=1 start_pos=65 elapsed_ms=0.000
kiln_profile_gdn_stage layer=16 stage=gated_norm seq_len=1 start_pos=65 elapsed_ms=0.318
kiln_profile_gdn_stage layer=16 stage=out_proj seq_len=1 start_pos=65 elapsed_ms=0.353
kiln_profile_mlp_stage layer=16 stage=fused seq_len=1 start_pos=65 elapsed_ms=1.016
kiln_profile_paged_layer layer=16 kind=linear seq_len=1 start_pos=65 elapsed_ms=3.844
kiln_profile_gdn_stage layer=17 stage=in_proj seq_len=1 start_pos=65 elapsed_ms=0.758
kiln_profile_gdn_stage layer=17 stage=conv seq_len=1 start_pos=65 elapsed_ms=0.131
kiln_profile_gdn_stage layer=17 stage=qkv_split seq_len=1 start_pos=65 elapsed_ms=0.001
kiln_profile_gdn_stage layer=17 stage=qk_norm seq_len=1 start_pos=65 elapsed_ms=0.028
kiln_profile_gdn_stage layer=17 stage=gates seq_len=1 start_pos=65 elapsed_ms=0.956
kiln_profile_gdn_stage layer=17 stage=recurrent seq_len=1 start_pos=65 elapsed_ms=0.783
kiln_profile_gdn_stage layer=17 stage=post_transpose seq_len=1 start_pos=65 elapsed_ms=0.000
kiln_profile_gdn_stage layer=17 stage=gated_norm seq_len=1 start_pos=65 elapsed_ms=0.333
kiln_profile_gdn_stage layer=17 stage=out_proj seq_len=1 start_pos=65 elapsed_ms=0.337
kiln_profile_mlp_stage layer=17 stage=fused seq_len=1 start_pos=65 elapsed_ms=1.005
kiln_profile_paged_layer layer=17 kind=linear seq_len=1 start_pos=65 elapsed_ms=4.389
kiln_profile_gdn_stage layer=18 stage=in_proj seq_len=1 start_pos=65 elapsed_ms=0.807
kiln_profile_gdn_stage layer=18 stage=conv seq_len=1 start_pos=65 elapsed_ms=0.199
kiln_profile_gdn_stage layer=18 stage=qkv_split seq_len=1 start_pos=65 elapsed_ms=0.002
kiln_profile_gdn_stage layer=18 stage=qk_norm seq_len=1 start_pos=65 elapsed_ms=0.028
kiln_profile_gdn_stage layer=18 stage=gates seq_len=1 start_pos=65 elapsed_ms=0.278
kiln_profile_gdn_stage layer=18 stage=recurrent seq_len=1 start_pos=65 elapsed_ms=0.738
kiln_profile_gdn_stage layer=18 stage=post_transpose seq_len=1 start_pos=65 elapsed_ms=0.000
kiln_profile_gdn_stage layer=18 stage=gated_norm seq_len=1 start_pos=65 elapsed_ms=0.296
kiln_profile_gdn_stage layer=18 stage=out_proj seq_len=1 start_pos=65 elapsed_ms=0.349
kiln_profile_mlp_stage layer=18 stage=fused seq_len=1 start_pos=65 elapsed_ms=1.051
kiln_profile_paged_layer layer=18 kind=linear seq_len=1 start_pos=65 elapsed_ms=3.807
kiln_profile_full_attn_stage full_attn_layer=4 stage=qkv_proj seq_len=1 start_pos=65 elapsed_ms=0.619
kiln_profile_full_attn_stage full_attn_layer=4 stage=qkv_split seq_len=1 start_pos=65 elapsed_ms=0.005
kiln_profile_full_attn_stage full_attn_layer=4 stage=qk_norm seq_len=1 start_pos=65 elapsed_ms=0.027
kiln_profile_full_attn_stage full_attn_layer=4 stage=rope seq_len=1 start_pos=65 elapsed_ms=0.048
kiln_profile_full_attn_stage full_attn_layer=4 stage=q_transpose seq_len=1 start_pos=65 elapsed_ms=0.005
kiln_profile_full_attn_stage full_attn_layer=4 stage=kv_write seq_len=1 start_pos=65 elapsed_ms=0.007
kiln_profile_full_attn_stage full_attn_layer=4 stage=kv_read seq_len=1 start_pos=65 elapsed_ms=0.055
kiln_profile_full_attn_stage full_attn_layer=4 stage=decode_group_layout seq_len=1 start_pos=65 elapsed_ms=0.003
kiln_profile_full_attn_stage full_attn_layer=4 stage=decode_scores seq_len=1 start_pos=65 elapsed_ms=0.185
kiln_profile_full_attn_stage full_attn_layer=4 stage=decode_softmax seq_len=1 start_pos=65 elapsed_ms=0.010
kiln_profile_full_attn_stage full_attn_layer=4 stage=decode_weighted_sum seq_len=1 start_pos=65 elapsed_ms=0.044
kiln_profile_full_attn_stage full_attn_layer=4 stage=attn_gate seq_len=1 start_pos=65 elapsed_ms=0.017
kiln_profile_full_attn_stage full_attn_layer=4 stage=o_proj seq_len=1 start_pos=65 elapsed_ms=0.323
kiln_profile_mlp_stage layer=19 stage=fused seq_len=1 start_pos=65 elapsed_ms=1.052
kiln_profile_paged_layer layer=19 kind=full seq_len=1 start_pos=65 elapsed_ms=2.473
kiln_profile_gdn_stage layer=20 stage=in_proj seq_len=1 start_pos=65 elapsed_ms=0.751
kiln_profile_gdn_stage layer=20 stage=conv seq_len=1 start_pos=65 elapsed_ms=0.119
kiln_profile_gdn_stage layer=20 stage=qkv_split seq_len=1 start_pos=65 elapsed_ms=0.001
kiln_profile_gdn_stage layer=20 stage=qk_norm seq_len=1 start_pos=65 elapsed_ms=0.019
kiln_profile_gdn_stage layer=20 stage=gates seq_len=1 start_pos=65 elapsed_ms=0.279
kiln_profile_gdn_stage layer=20 stage=recurrent seq_len=1 start_pos=65 elapsed_ms=0.744
kiln_profile_gdn_stage layer=20 stage=post_transpose seq_len=1 start_pos=65 elapsed_ms=0.000
kiln_profile_gdn_stage layer=20 stage=gated_norm seq_len=1 start_pos=65 elapsed_ms=0.361
kiln_profile_gdn_stage layer=20 stage=out_proj seq_len=1 start_pos=65 elapsed_ms=0.352
kiln_profile_mlp_stage layer=20 stage=fused seq_len=1 start_pos=65 elapsed_ms=1.267
kiln_profile_paged_layer layer=20 kind=linear seq_len=1 start_pos=65 elapsed_ms=3.941
kiln_profile_gdn_stage layer=21 stage=in_proj seq_len=1 start_pos=65 elapsed_ms=0.843
kiln_profile_gdn_stage layer=21 stage=conv seq_len=1 start_pos=65 elapsed_ms=0.121
kiln_profile_gdn_stage layer=21 stage=qkv_split seq_len=1 start_pos=65 elapsed_ms=0.001
kiln_profile_gdn_stage layer=21 stage=qk_norm seq_len=1 start_pos=65 elapsed_ms=0.018
kiln_profile_gdn_stage layer=21 stage=gates seq_len=1 start_pos=65 elapsed_ms=0.281
kiln_profile_gdn_stage layer=21 stage=recurrent seq_len=1 start_pos=65 elapsed_ms=0.728
kiln_profile_gdn_stage layer=21 stage=post_transpose seq_len=1 start_pos=65 elapsed_ms=0.000
kiln_profile_gdn_stage layer=21 stage=gated_norm seq_len=1 start_pos=65 elapsed_ms=0.330
kiln_profile_gdn_stage layer=21 stage=out_proj seq_len=1 start_pos=65 elapsed_ms=0.330
kiln_profile_mlp_stage layer=21 stage=fused seq_len=1 start_pos=65 elapsed_ms=1.030
kiln_profile_paged_layer layer=21 kind=linear seq_len=1 start_pos=65 elapsed_ms=3.731
kiln_profile_gdn_stage layer=22 stage=in_proj seq_len=1 start_pos=65 elapsed_ms=0.772
kiln_profile_gdn_stage layer=22 stage=conv seq_len=1 start_pos=65 elapsed_ms=0.121
kiln_profile_gdn_stage layer=22 stage=qkv_split seq_len=1 start_pos=65 elapsed_ms=0.001
kiln_profile_gdn_stage layer=22 stage=qk_norm seq_len=1 start_pos=65 elapsed_ms=0.018
kiln_profile_gdn_stage layer=22 stage=gates seq_len=1 start_pos=65 elapsed_ms=0.265
kiln_profile_gdn_stage layer=22 stage=recurrent seq_len=1 start_pos=65 elapsed_ms=0.724
kiln_profile_gdn_stage layer=22 stage=post_transpose seq_len=1 start_pos=65 elapsed_ms=0.000
kiln_profile_gdn_stage layer=22 stage=gated_norm seq_len=1 start_pos=65 elapsed_ms=0.301
kiln_profile_gdn_stage layer=22 stage=out_proj seq_len=1 start_pos=65 elapsed_ms=0.337
kiln_profile_mlp_stage layer=22 stage=fused seq_len=1 start_pos=65 elapsed_ms=1.562
kiln_profile_paged_layer layer=22 kind=linear seq_len=1 start_pos=65 elapsed_ms=4.152
kiln_profile_full_attn_stage full_attn_layer=5 stage=qkv_proj seq_len=1 start_pos=65 elapsed_ms=0.644
kiln_profile_full_attn_stage full_attn_layer=5 stage=qkv_split seq_len=1 start_pos=65 elapsed_ms=0.005
kiln_profile_full_attn_stage full_attn_layer=5 stage=qk_norm seq_len=1 start_pos=65 elapsed_ms=0.021
kiln_profile_full_attn_stage full_attn_layer=5 stage=rope seq_len=1 start_pos=65 elapsed_ms=0.045
kiln_profile_full_attn_stage full_attn_layer=5 stage=q_transpose seq_len=1 start_pos=65 elapsed_ms=0.004
kiln_profile_full_attn_stage full_attn_layer=5 stage=kv_write seq_len=1 start_pos=65 elapsed_ms=0.005
kiln_profile_full_attn_stage full_attn_layer=5 stage=kv_read seq_len=1 start_pos=65 elapsed_ms=0.039
kiln_profile_full_attn_stage full_attn_layer=5 stage=decode_group_layout seq_len=1 start_pos=65 elapsed_ms=0.003
kiln_profile_full_attn_stage full_attn_layer=5 stage=decode_scores seq_len=1 start_pos=65 elapsed_ms=0.188
kiln_profile_full_attn_stage full_attn_layer=5 stage=decode_softmax seq_len=1 start_pos=65 elapsed_ms=0.012
kiln_profile_full_attn_stage full_attn_layer=5 stage=decode_weighted_sum seq_len=1 start_pos=65 elapsed_ms=0.045
kiln_profile_full_attn_stage full_attn_layer=5 stage=attn_gate seq_len=1 start_pos=65 elapsed_ms=0.016
kiln_profile_full_attn_stage full_attn_layer=5 stage=o_proj seq_len=1 start_pos=65 elapsed_ms=0.335
kiln_profile_mlp_stage layer=23 stage=fused seq_len=1 start_pos=65 elapsed_ms=1.079
kiln_profile_paged_layer layer=23 kind=full seq_len=1 start_pos=65 elapsed_ms=2.513
kiln_profile_gdn_stage layer=24 stage=in_proj seq_len=1 start_pos=65 elapsed_ms=0.781
kiln_profile_gdn_stage layer=24 stage=conv seq_len=1 start_pos=65 elapsed_ms=0.148
kiln_profile_gdn_stage layer=24 stage=qkv_split seq_len=1 start_pos=65 elapsed_ms=0.001
kiln_profile_gdn_stage layer=24 stage=qk_norm seq_len=1 start_pos=65 elapsed_ms=0.021
kiln_profile_gdn_stage layer=24 stage=gates seq_len=1 start_pos=65 elapsed_ms=0.265
kiln_profile_gdn_stage layer=24 stage=recurrent seq_len=1 start_pos=65 elapsed_ms=0.755
kiln_profile_gdn_stage layer=24 stage=post_transpose seq_len=1 start_pos=65 elapsed_ms=0.000
kiln_profile_gdn_stage layer=24 stage=gated_norm seq_len=1 start_pos=65 elapsed_ms=0.300
kiln_profile_gdn_stage layer=24 stage=out_proj seq_len=1 start_pos=65 elapsed_ms=0.353
kiln_profile_mlp_stage layer=24 stage=fused seq_len=1 start_pos=65 elapsed_ms=1.014
kiln_profile_paged_layer layer=24 kind=linear seq_len=1 start_pos=65 elapsed_ms=3.691
kiln_profile_gdn_stage layer=25 stage=in_proj seq_len=1 start_pos=65 elapsed_ms=0.778
kiln_profile_gdn_stage layer=25 stage=conv seq_len=1 start_pos=65 elapsed_ms=0.138
kiln_profile_gdn_stage layer=25 stage=qkv_split seq_len=1 start_pos=65 elapsed_ms=0.001
kiln_profile_gdn_stage layer=25 stage=qk_norm seq_len=1 start_pos=65 elapsed_ms=0.021
kiln_profile_gdn_stage layer=25 stage=gates seq_len=1 start_pos=65 elapsed_ms=0.364
kiln_profile_gdn_stage layer=25 stage=recurrent seq_len=1 start_pos=65 elapsed_ms=0.789
kiln_profile_gdn_stage layer=25 stage=post_transpose seq_len=1 start_pos=65 elapsed_ms=0.000
kiln_profile_gdn_stage layer=25 stage=gated_norm seq_len=1 start_pos=65 elapsed_ms=0.327
kiln_profile_gdn_stage layer=25 stage=out_proj seq_len=1 start_pos=65 elapsed_ms=0.354
kiln_profile_mlp_stage layer=25 stage=fused seq_len=1 start_pos=65 elapsed_ms=1.025
kiln_profile_paged_layer layer=25 kind=linear seq_len=1 start_pos=65 elapsed_ms=3.850
kiln_profile_gdn_stage layer=26 stage=in_proj seq_len=1 start_pos=65 elapsed_ms=0.751
kiln_profile_gdn_stage layer=26 stage=conv seq_len=1 start_pos=65 elapsed_ms=0.124
kiln_profile_gdn_stage layer=26 stage=qkv_split seq_len=1 start_pos=65 elapsed_ms=0.001
kiln_profile_gdn_stage layer=26 stage=qk_norm seq_len=1 start_pos=65 elapsed_ms=0.020
kiln_profile_gdn_stage layer=26 stage=gates seq_len=1 start_pos=65 elapsed_ms=0.331
kiln_profile_gdn_stage layer=26 stage=recurrent seq_len=1 start_pos=65 elapsed_ms=0.779
kiln_profile_gdn_stage layer=26 stage=post_transpose seq_len=1 start_pos=65 elapsed_ms=0.000
kiln_profile_gdn_stage layer=26 stage=gated_norm seq_len=1 start_pos=65 elapsed_ms=0.316
kiln_profile_gdn_stage layer=26 stage=out_proj seq_len=1 start_pos=65 elapsed_ms=0.364
kiln_profile_mlp_stage layer=26 stage=fused seq_len=1 start_pos=65 elapsed_ms=1.156
kiln_profile_paged_layer layer=26 kind=linear seq_len=1 start_pos=65 elapsed_ms=3.902
kiln_profile_full_attn_stage full_attn_layer=6 stage=qkv_proj seq_len=1 start_pos=65 elapsed_ms=0.629
kiln_profile_full_attn_stage full_attn_layer=6 stage=qkv_split seq_len=1 start_pos=65 elapsed_ms=0.006
kiln_profile_full_attn_stage full_attn_layer=6 stage=qk_norm seq_len=1 start_pos=65 elapsed_ms=0.024
kiln_profile_full_attn_stage full_attn_layer=6 stage=rope seq_len=1 start_pos=65 elapsed_ms=0.077
kiln_profile_full_attn_stage full_attn_layer=6 stage=q_transpose seq_len=1 start_pos=65 elapsed_ms=0.005
kiln_profile_full_attn_stage full_attn_layer=6 stage=kv_write seq_len=1 start_pos=65 elapsed_ms=0.006
kiln_profile_full_attn_stage full_attn_layer=6 stage=kv_read seq_len=1 start_pos=65 elapsed_ms=0.041
kiln_profile_full_attn_stage full_attn_layer=6 stage=decode_group_layout seq_len=1 start_pos=65 elapsed_ms=0.003
kiln_profile_full_attn_stage full_attn_layer=6 stage=decode_scores seq_len=1 start_pos=65 elapsed_ms=0.166
kiln_profile_full_attn_stage full_attn_layer=6 stage=decode_softmax seq_len=1 start_pos=65 elapsed_ms=0.013
kiln_profile_full_attn_stage full_attn_layer=6 stage=decode_weighted_sum seq_len=1 start_pos=65 elapsed_ms=0.043
kiln_profile_full_attn_stage full_attn_layer=6 stage=attn_gate seq_len=1 start_pos=65 elapsed_ms=0.012
kiln_profile_full_attn_stage full_attn_layer=6 stage=o_proj seq_len=1 start_pos=65 elapsed_ms=0.326
kiln_profile_mlp_stage layer=27 stage=fused seq_len=1 start_pos=65 elapsed_ms=1.072
kiln_profile_paged_layer layer=27 kind=full seq_len=1 start_pos=65 elapsed_ms=2.495
kiln_profile_gdn_stage layer=28 stage=in_proj seq_len=1 start_pos=65 elapsed_ms=0.733
kiln_profile_gdn_stage layer=28 stage=conv seq_len=1 start_pos=65 elapsed_ms=0.160
kiln_profile_gdn_stage layer=28 stage=qkv_split seq_len=1 start_pos=65 elapsed_ms=0.001
kiln_profile_gdn_stage layer=28 stage=qk_norm seq_len=1 start_pos=65 elapsed_ms=0.019
kiln_profile_gdn_stage layer=28 stage=gates seq_len=1 start_pos=65 elapsed_ms=0.283
kiln_profile_gdn_stage layer=28 stage=recurrent seq_len=1 start_pos=65 elapsed_ms=0.874
kiln_profile_gdn_stage layer=28 stage=post_transpose seq_len=1 start_pos=65 elapsed_ms=0.000
kiln_profile_gdn_stage layer=28 stage=gated_norm seq_len=1 start_pos=65 elapsed_ms=0.313
kiln_profile_gdn_stage layer=28 stage=out_proj seq_len=1 start_pos=65 elapsed_ms=0.340
kiln_profile_mlp_stage layer=28 stage=fused seq_len=1 start_pos=65 elapsed_ms=1.026
kiln_profile_paged_layer layer=28 kind=linear seq_len=1 start_pos=65 elapsed_ms=3.811
kiln_profile_gdn_stage layer=29 stage=in_proj seq_len=1 start_pos=65 elapsed_ms=0.772
kiln_profile_gdn_stage layer=29 stage=conv seq_len=1 start_pos=65 elapsed_ms=0.155
kiln_profile_gdn_stage layer=29 stage=qkv_split seq_len=1 start_pos=65 elapsed_ms=0.001
kiln_profile_gdn_stage layer=29 stage=qk_norm seq_len=1 start_pos=65 elapsed_ms=0.018
kiln_profile_gdn_stage layer=29 stage=gates seq_len=1 start_pos=65 elapsed_ms=0.303
kiln_profile_gdn_stage layer=29 stage=recurrent seq_len=1 start_pos=65 elapsed_ms=0.745
kiln_profile_gdn_stage layer=29 stage=post_transpose seq_len=1 start_pos=65 elapsed_ms=0.000
kiln_profile_gdn_stage layer=29 stage=gated_norm seq_len=1 start_pos=65 elapsed_ms=0.332
kiln_profile_gdn_stage layer=29 stage=out_proj seq_len=1 start_pos=65 elapsed_ms=0.346
kiln_profile_mlp_stage layer=29 stage=fused seq_len=1 start_pos=65 elapsed_ms=1.142
kiln_profile_paged_layer layer=29 kind=linear seq_len=1 start_pos=65 elapsed_ms=3.870
kiln_profile_gdn_stage layer=30 stage=in_proj seq_len=1 start_pos=65 elapsed_ms=0.783
kiln_profile_gdn_stage layer=30 stage=conv seq_len=1 start_pos=65 elapsed_ms=0.166
kiln_profile_gdn_stage layer=30 stage=qkv_split seq_len=1 start_pos=65 elapsed_ms=0.001
kiln_profile_gdn_stage layer=30 stage=qk_norm seq_len=1 start_pos=65 elapsed_ms=0.018
kiln_profile_gdn_stage layer=30 stage=gates seq_len=1 start_pos=65 elapsed_ms=0.353
kiln_profile_gdn_stage layer=30 stage=recurrent seq_len=1 start_pos=65 elapsed_ms=0.720
kiln_profile_gdn_stage layer=30 stage=post_transpose seq_len=1 start_pos=65 elapsed_ms=0.000
kiln_profile_gdn_stage layer=30 stage=gated_norm seq_len=1 start_pos=65 elapsed_ms=0.315
kiln_profile_gdn_stage layer=30 stage=out_proj seq_len=1 start_pos=65 elapsed_ms=0.363
kiln_profile_mlp_stage layer=30 stage=fused seq_len=1 start_pos=65 elapsed_ms=1.266
kiln_profile_paged_layer layer=30 kind=linear seq_len=1 start_pos=65 elapsed_ms=4.068
kiln_profile_full_attn_stage full_attn_layer=7 stage=qkv_proj seq_len=1 start_pos=65 elapsed_ms=0.660
kiln_profile_full_attn_stage full_attn_layer=7 stage=qkv_split seq_len=1 start_pos=65 elapsed_ms=0.005
kiln_profile_full_attn_stage full_attn_layer=7 stage=qk_norm seq_len=1 start_pos=65 elapsed_ms=0.021
kiln_profile_full_attn_stage full_attn_layer=7 stage=rope seq_len=1 start_pos=65 elapsed_ms=0.063
kiln_profile_full_attn_stage full_attn_layer=7 stage=q_transpose seq_len=1 start_pos=65 elapsed_ms=0.011
kiln_profile_full_attn_stage full_attn_layer=7 stage=kv_write seq_len=1 start_pos=65 elapsed_ms=0.006
kiln_profile_full_attn_stage full_attn_layer=7 stage=kv_read seq_len=1 start_pos=65 elapsed_ms=0.040
kiln_profile_full_attn_stage full_attn_layer=7 stage=decode_group_layout seq_len=1 start_pos=65 elapsed_ms=0.003
kiln_profile_full_attn_stage full_attn_layer=7 stage=decode_scores seq_len=1 start_pos=65 elapsed_ms=0.163
kiln_profile_full_attn_stage full_attn_layer=7 stage=decode_softmax seq_len=1 start_pos=65 elapsed_ms=0.010
kiln_profile_full_attn_stage full_attn_layer=7 stage=decode_weighted_sum seq_len=1 start_pos=65 elapsed_ms=0.042
kiln_profile_full_attn_stage full_attn_layer=7 stage=attn_gate seq_len=1 start_pos=65 elapsed_ms=0.011
kiln_profile_full_attn_stage full_attn_layer=7 stage=o_proj seq_len=1 start_pos=65 elapsed_ms=0.337
kiln_profile_mlp_stage layer=31 stage=fused seq_len=1 start_pos=65 elapsed_ms=1.196
kiln_profile_paged_layer layer=31 kind=full seq_len=1 start_pos=65 elapsed_ms=2.635
kiln_profile_gdn_stage layer=0 stage=in_proj seq_len=1 start_pos=66 elapsed_ms=0.718
kiln_profile_gdn_stage layer=0 stage=conv seq_len=1 start_pos=66 elapsed_ms=0.162
kiln_profile_gdn_stage layer=0 stage=qkv_split seq_len=1 start_pos=66 elapsed_ms=0.001
kiln_profile_gdn_stage layer=0 stage=qk_norm seq_len=1 start_pos=66 elapsed_ms=0.021
kiln_profile_gdn_stage layer=0 stage=gates seq_len=1 start_pos=66 elapsed_ms=0.293
kiln_profile_gdn_stage layer=0 stage=recurrent seq_len=1 start_pos=66 elapsed_ms=0.798
kiln_profile_gdn_stage layer=0 stage=post_transpose seq_len=1 start_pos=66 elapsed_ms=0.000
kiln_profile_gdn_stage layer=0 stage=gated_norm seq_len=1 start_pos=66 elapsed_ms=0.350
kiln_profile_gdn_stage layer=0 stage=out_proj seq_len=1 start_pos=66 elapsed_ms=0.450
kiln_profile_mlp_stage layer=0 stage=fused seq_len=1 start_pos=66 elapsed_ms=1.014
kiln_profile_paged_layer layer=0 kind=linear seq_len=1 start_pos=66 elapsed_ms=3.898
kiln_profile_gdn_stage layer=1 stage=in_proj seq_len=1 start_pos=66 elapsed_ms=0.732
kiln_profile_gdn_stage layer=1 stage=conv seq_len=1 start_pos=66 elapsed_ms=0.154
kiln_profile_gdn_stage layer=1 stage=qkv_split seq_len=1 start_pos=66 elapsed_ms=0.001
kiln_profile_gdn_stage layer=1 stage=qk_norm seq_len=1 start_pos=66 elapsed_ms=0.018
kiln_profile_gdn_stage layer=1 stage=gates seq_len=1 start_pos=66 elapsed_ms=0.294
kiln_profile_gdn_stage layer=1 stage=recurrent seq_len=1 start_pos=66 elapsed_ms=0.739
kiln_profile_gdn_stage layer=1 stage=post_transpose seq_len=1 start_pos=66 elapsed_ms=0.000
kiln_profile_gdn_stage layer=1 stage=gated_norm seq_len=1 start_pos=66 elapsed_ms=0.321
kiln_profile_gdn_stage layer=1 stage=out_proj seq_len=1 start_pos=66 elapsed_ms=0.342
kiln_profile_mlp_stage layer=1 stage=fused seq_len=1 start_pos=66 elapsed_ms=1.159
kiln_profile_paged_layer layer=1 kind=linear seq_len=1 start_pos=66 elapsed_ms=3.820
kiln_profile_gdn_stage layer=2 stage=in_proj seq_len=1 start_pos=66 elapsed_ms=0.732
kiln_profile_gdn_stage layer=2 stage=conv seq_len=1 start_pos=66 elapsed_ms=0.153
kiln_profile_gdn_stage layer=2 stage=qkv_split seq_len=1 start_pos=66 elapsed_ms=0.001
kiln_profile_gdn_stage layer=2 stage=qk_norm seq_len=1 start_pos=66 elapsed_ms=0.018
kiln_profile_gdn_stage layer=2 stage=gates seq_len=1 start_pos=66 elapsed_ms=0.282
kiln_profile_gdn_stage layer=2 stage=recurrent seq_len=1 start_pos=66 elapsed_ms=0.905
kiln_profile_gdn_stage layer=2 stage=post_transpose seq_len=1 start_pos=66 elapsed_ms=0.000
kiln_profile_gdn_stage layer=2 stage=gated_norm seq_len=1 start_pos=66 elapsed_ms=0.305
kiln_profile_gdn_stage layer=2 stage=out_proj seq_len=1 start_pos=66 elapsed_ms=0.357
kiln_profile_mlp_stage layer=2 stage=fused seq_len=1 start_pos=66 elapsed_ms=1.014
kiln_profile_paged_layer layer=2 kind=linear seq_len=1 start_pos=66 elapsed_ms=3.829
kiln_profile_full_attn_stage full_attn_layer=0 stage=qkv_proj seq_len=1 start_pos=66 elapsed_ms=0.649
kiln_profile_full_attn_stage full_attn_layer=0 stage=qkv_split seq_len=1 start_pos=66 elapsed_ms=0.004
kiln_profile_full_attn_stage full_attn_layer=0 stage=qk_norm seq_len=1 start_pos=66 elapsed_ms=0.021
kiln_profile_full_attn_stage full_attn_layer=0 stage=rope seq_len=1 start_pos=66 elapsed_ms=0.049
kiln_profile_full_attn_stage full_attn_layer=0 stage=q_transpose seq_len=1 start_pos=66 elapsed_ms=0.008
kiln_profile_full_attn_stage full_attn_layer=0 stage=kv_write seq_len=1 start_pos=66 elapsed_ms=0.005
kiln_profile_full_attn_stage full_attn_layer=0 stage=kv_read seq_len=1 start_pos=66 elapsed_ms=0.053
kiln_profile_full_attn_stage full_attn_layer=0 stage=decode_group_layout seq_len=1 start_pos=66 elapsed_ms=0.002
kiln_profile_full_attn_stage full_attn_layer=0 stage=decode_scores seq_len=1 start_pos=66 elapsed_ms=0.178
kiln_profile_full_attn_stage full_attn_layer=0 stage=decode_softmax seq_len=1 start_pos=66 elapsed_ms=0.011
kiln_profile_full_attn_stage full_attn_layer=0 stage=decode_weighted_sum seq_len=1 start_pos=66 elapsed_ms=0.043
kiln_profile_full_attn_stage full_attn_layer=0 stage=attn_gate seq_len=1 start_pos=66 elapsed_ms=0.011
kiln_profile_full_attn_stage full_attn_layer=0 stage=o_proj seq_len=1 start_pos=66 elapsed_ms=0.287
kiln_profile_mlp_stage layer=3 stage=fused seq_len=1 start_pos=66 elapsed_ms=1.201
kiln_profile_paged_layer layer=3 kind=full seq_len=1 start_pos=66 elapsed_ms=2.608
kiln_profile_gdn_stage layer=4 stage=in_proj seq_len=1 start_pos=66 elapsed_ms=0.723
kiln_profile_gdn_stage layer=4 stage=conv seq_len=1 start_pos=66 elapsed_ms=0.152
kiln_profile_gdn_stage layer=4 stage=qkv_split seq_len=1 start_pos=66 elapsed_ms=0.001
kiln_profile_gdn_stage layer=4 stage=qk_norm seq_len=1 start_pos=66 elapsed_ms=0.019
kiln_profile_gdn_stage layer=4 stage=gates seq_len=1 start_pos=66 elapsed_ms=0.299
kiln_profile_gdn_stage layer=4 stage=recurrent seq_len=1 start_pos=66 elapsed_ms=0.871
kiln_profile_gdn_stage layer=4 stage=post_transpose seq_len=1 start_pos=66 elapsed_ms=0.000
kiln_profile_gdn_stage layer=4 stage=gated_norm seq_len=1 start_pos=66 elapsed_ms=0.320
kiln_profile_gdn_stage layer=4 stage=out_proj seq_len=1 start_pos=66 elapsed_ms=1.006
kiln_profile_mlp_stage layer=4 stage=fused seq_len=1 start_pos=66 elapsed_ms=1.027
kiln_profile_paged_layer layer=4 kind=linear seq_len=1 start_pos=66 elapsed_ms=4.472
kiln_profile_gdn_stage layer=5 stage=in_proj seq_len=1 start_pos=66 elapsed_ms=0.725
kiln_profile_gdn_stage layer=5 stage=conv seq_len=1 start_pos=66 elapsed_ms=0.156
kiln_profile_gdn_stage layer=5 stage=qkv_split seq_len=1 start_pos=66 elapsed_ms=0.001
kiln_profile_gdn_stage layer=5 stage=qk_norm seq_len=1 start_pos=66 elapsed_ms=0.018
kiln_profile_gdn_stage layer=5 stage=gates seq_len=1 start_pos=66 elapsed_ms=0.266
kiln_profile_gdn_stage layer=5 stage=recurrent seq_len=1 start_pos=66 elapsed_ms=0.736
kiln_profile_gdn_stage layer=5 stage=post_transpose seq_len=1 start_pos=66 elapsed_ms=0.000
kiln_profile_gdn_stage layer=5 stage=gated_norm seq_len=1 start_pos=66 elapsed_ms=0.309
kiln_profile_gdn_stage layer=5 stage=out_proj seq_len=1 start_pos=66 elapsed_ms=0.338
kiln_profile_mlp_stage layer=5 stage=fused seq_len=1 start_pos=66 elapsed_ms=1.135
kiln_profile_paged_layer layer=5 kind=linear seq_len=1 start_pos=66 elapsed_ms=3.750
kiln_profile_gdn_stage layer=6 stage=in_proj seq_len=1 start_pos=66 elapsed_ms=0.828
kiln_profile_gdn_stage layer=6 stage=conv seq_len=1 start_pos=66 elapsed_ms=0.152
kiln_profile_gdn_stage layer=6 stage=qkv_split seq_len=1 start_pos=66 elapsed_ms=0.001
kiln_profile_gdn_stage layer=6 stage=qk_norm seq_len=1 start_pos=66 elapsed_ms=0.018
kiln_profile_gdn_stage layer=6 stage=gates seq_len=1 start_pos=66 elapsed_ms=0.312
kiln_profile_gdn_stage layer=6 stage=recurrent seq_len=1 start_pos=66 elapsed_ms=0.759
kiln_profile_gdn_stage layer=6 stage=post_transpose seq_len=1 start_pos=66 elapsed_ms=0.001
kiln_profile_gdn_stage layer=6 stage=gated_norm seq_len=1 start_pos=66 elapsed_ms=0.363
kiln_profile_gdn_stage layer=6 stage=out_proj seq_len=1 start_pos=66 elapsed_ms=0.355
kiln_profile_mlp_stage layer=6 stage=fused seq_len=1 start_pos=66 elapsed_ms=1.061
kiln_profile_paged_layer layer=6 kind=linear seq_len=1 start_pos=66 elapsed_ms=3.915
kiln_profile_full_attn_stage full_attn_layer=1 stage=qkv_proj seq_len=1 start_pos=66 elapsed_ms=0.604
kiln_profile_full_attn_stage full_attn_layer=1 stage=qkv_split seq_len=1 start_pos=66 elapsed_ms=0.005
kiln_profile_full_attn_stage full_attn_layer=1 stage=qk_norm seq_len=1 start_pos=66 elapsed_ms=0.022
kiln_profile_full_attn_stage full_attn_layer=1 stage=rope seq_len=1 start_pos=66 elapsed_ms=0.043
kiln_profile_full_attn_stage full_attn_layer=1 stage=q_transpose seq_len=1 start_pos=66 elapsed_ms=0.006
kiln_profile_full_attn_stage full_attn_layer=1 stage=kv_write seq_len=1 start_pos=66 elapsed_ms=0.007
kiln_profile_full_attn_stage full_attn_layer=1 stage=kv_read seq_len=1 start_pos=66 elapsed_ms=0.053
kiln_profile_full_attn_stage full_attn_layer=1 stage=decode_group_layout seq_len=1 start_pos=66 elapsed_ms=0.003
kiln_profile_full_attn_stage full_attn_layer=1 stage=decode_scores seq_len=1 start_pos=66 elapsed_ms=0.172
kiln_profile_full_attn_stage full_attn_layer=1 stage=decode_softmax seq_len=1 start_pos=66 elapsed_ms=0.015
kiln_profile_full_attn_stage full_attn_layer=1 stage=decode_weighted_sum seq_len=1 start_pos=66 elapsed_ms=0.050
kiln_profile_full_attn_stage full_attn_layer=1 stage=attn_gate seq_len=1 start_pos=66 elapsed_ms=0.016
kiln_profile_full_attn_stage full_attn_layer=1 stage=o_proj seq_len=1 start_pos=66 elapsed_ms=0.432
kiln_profile_mlp_stage layer=7 stage=fused seq_len=1 start_pos=66 elapsed_ms=1.000
kiln_profile_paged_layer layer=7 kind=full seq_len=1 start_pos=66 elapsed_ms=2.497
kiln_profile_gdn_stage layer=8 stage=in_proj seq_len=1 start_pos=66 elapsed_ms=0.749
kiln_profile_gdn_stage layer=8 stage=conv seq_len=1 start_pos=66 elapsed_ms=0.117
kiln_profile_gdn_stage layer=8 stage=qkv_split seq_len=1 start_pos=66 elapsed_ms=0.001
kiln_profile_gdn_stage layer=8 stage=qk_norm seq_len=1 start_pos=66 elapsed_ms=0.020
kiln_profile_gdn_stage layer=8 stage=gates seq_len=1 start_pos=66 elapsed_ms=0.239
kiln_profile_gdn_stage layer=8 stage=recurrent seq_len=1 start_pos=66 elapsed_ms=0.795
kiln_profile_gdn_stage layer=8 stage=post_transpose seq_len=1 start_pos=66 elapsed_ms=0.000
kiln_profile_gdn_stage layer=8 stage=gated_norm seq_len=1 start_pos=66 elapsed_ms=0.307
kiln_profile_gdn_stage layer=8 stage=out_proj seq_len=1 start_pos=66 elapsed_ms=0.330
kiln_profile_mlp_stage layer=8 stage=fused seq_len=1 start_pos=66 elapsed_ms=0.997
kiln_profile_paged_layer layer=8 kind=linear seq_len=1 start_pos=66 elapsed_ms=3.608
kiln_profile_gdn_stage layer=9 stage=in_proj seq_len=1 start_pos=66 elapsed_ms=0.740
kiln_profile_gdn_stage layer=9 stage=conv seq_len=1 start_pos=66 elapsed_ms=0.125
kiln_profile_gdn_stage layer=9 stage=qkv_split seq_len=1 start_pos=66 elapsed_ms=0.001
kiln_profile_gdn_stage layer=9 stage=qk_norm seq_len=1 start_pos=66 elapsed_ms=0.023
kiln_profile_gdn_stage layer=9 stage=gates seq_len=1 start_pos=66 elapsed_ms=0.305
kiln_profile_gdn_stage layer=9 stage=recurrent seq_len=1 start_pos=66 elapsed_ms=0.721
kiln_profile_gdn_stage layer=9 stage=post_transpose seq_len=1 start_pos=66 elapsed_ms=0.000
kiln_profile_gdn_stage layer=9 stage=gated_norm seq_len=1 start_pos=66 elapsed_ms=0.404
kiln_profile_gdn_stage layer=9 stage=out_proj seq_len=1 start_pos=66 elapsed_ms=0.340
kiln_profile_mlp_stage layer=9 stage=fused seq_len=1 start_pos=66 elapsed_ms=1.015
kiln_profile_paged_layer layer=9 kind=linear seq_len=1 start_pos=66 elapsed_ms=3.722
kiln_profile_gdn_stage layer=10 stage=in_proj seq_len=1 start_pos=66 elapsed_ms=0.764
kiln_profile_gdn_stage layer=10 stage=conv seq_len=1 start_pos=66 elapsed_ms=0.267
kiln_profile_gdn_stage layer=10 stage=qkv_split seq_len=1 start_pos=66 elapsed_ms=0.003
kiln_profile_gdn_stage layer=10 stage=qk_norm seq_len=1 start_pos=66 elapsed_ms=0.044
kiln_profile_gdn_stage layer=10 stage=gates seq_len=1 start_pos=66 elapsed_ms=0.535
kiln_profile_gdn_stage layer=10 stage=recurrent seq_len=1 start_pos=66 elapsed_ms=1.920
kiln_profile_gdn_stage layer=10 stage=post_transpose seq_len=1 start_pos=66 elapsed_ms=0.000
kiln_profile_gdn_stage layer=10 stage=gated_norm seq_len=1 start_pos=66 elapsed_ms=0.374
kiln_profile_gdn_stage layer=10 stage=out_proj seq_len=1 start_pos=66 elapsed_ms=0.332
kiln_profile_mlp_stage layer=10 stage=fused seq_len=1 start_pos=66 elapsed_ms=1.062
kiln_profile_paged_layer layer=10 kind=linear seq_len=1 start_pos=66 elapsed_ms=5.410
kiln_profile_full_attn_stage full_attn_layer=2 stage=qkv_proj seq_len=1 start_pos=66 elapsed_ms=0.650
kiln_profile_full_attn_stage full_attn_layer=2 stage=qkv_split seq_len=1 start_pos=66 elapsed_ms=0.008
kiln_profile_full_attn_stage full_attn_layer=2 stage=qk_norm seq_len=1 start_pos=66 elapsed_ms=0.033
kiln_profile_full_attn_stage full_attn_layer=2 stage=rope seq_len=1 start_pos=66 elapsed_ms=0.054
kiln_profile_full_attn_stage full_attn_layer=2 stage=q_transpose seq_len=1 start_pos=66 elapsed_ms=0.007
kiln_profile_full_attn_stage full_attn_layer=2 stage=kv_write seq_len=1 start_pos=66 elapsed_ms=0.007
kiln_profile_full_attn_stage full_attn_layer=2 stage=kv_read seq_len=1 start_pos=66 elapsed_ms=0.055
kiln_profile_full_attn_stage full_attn_layer=2 stage=decode_group_layout seq_len=1 start_pos=66 elapsed_ms=0.004
kiln_profile_full_attn_stage full_attn_layer=2 stage=decode_scores seq_len=1 start_pos=66 elapsed_ms=0.252
kiln_profile_full_attn_stage full_attn_layer=2 stage=decode_softmax seq_len=1 start_pos=66 elapsed_ms=0.017
kiln_profile_full_attn_stage full_attn_layer=2 stage=decode_weighted_sum seq_len=1 start_pos=66 elapsed_ms=0.058
kiln_profile_full_attn_stage full_attn_layer=2 stage=attn_gate seq_len=1 start_pos=66 elapsed_ms=0.016
kiln_profile_full_attn_stage full_attn_layer=2 stage=o_proj seq_len=1 start_pos=66 elapsed_ms=0.306
kiln_profile_mlp_stage layer=11 stage=fused seq_len=1 start_pos=66 elapsed_ms=1.034
kiln_profile_paged_layer layer=11 kind=full seq_len=1 start_pos=66 elapsed_ms=2.596
kiln_profile_gdn_stage layer=12 stage=in_proj seq_len=1 start_pos=66 elapsed_ms=0.778
kiln_profile_gdn_stage layer=12 stage=conv seq_len=1 start_pos=66 elapsed_ms=0.151
kiln_profile_gdn_stage layer=12 stage=qkv_split seq_len=1 start_pos=66 elapsed_ms=0.001
kiln_profile_gdn_stage layer=12 stage=qk_norm seq_len=1 start_pos=66 elapsed_ms=0.023
kiln_profile_gdn_stage layer=12 stage=gates seq_len=1 start_pos=66 elapsed_ms=0.344
kiln_profile_gdn_stage layer=12 stage=recurrent seq_len=1 start_pos=66 elapsed_ms=0.949
kiln_profile_gdn_stage layer=12 stage=post_transpose seq_len=1 start_pos=66 elapsed_ms=0.000
kiln_profile_gdn_stage layer=12 stage=gated_norm seq_len=1 start_pos=66 elapsed_ms=0.370
kiln_profile_gdn_stage layer=12 stage=out_proj seq_len=1 start_pos=66 elapsed_ms=0.340
kiln_profile_mlp_stage layer=12 stage=fused seq_len=1 start_pos=66 elapsed_ms=1.072
kiln_profile_paged_layer layer=12 kind=linear seq_len=1 start_pos=66 elapsed_ms=4.105
kiln_profile_gdn_stage layer=13 stage=in_proj seq_len=1 start_pos=66 elapsed_ms=0.830
kiln_profile_gdn_stage layer=13 stage=conv seq_len=1 start_pos=66 elapsed_ms=0.143
kiln_profile_gdn_stage layer=13 stage=qkv_split seq_len=1 start_pos=66 elapsed_ms=0.001
kiln_profile_gdn_stage layer=13 stage=qk_norm seq_len=1 start_pos=66 elapsed_ms=0.024
kiln_profile_gdn_stage layer=13 stage=gates seq_len=1 start_pos=66 elapsed_ms=0.415
kiln_profile_gdn_stage layer=13 stage=recurrent seq_len=1 start_pos=66 elapsed_ms=0.841
kiln_profile_gdn_stage layer=13 stage=post_transpose seq_len=1 start_pos=66 elapsed_ms=0.000
kiln_profile_gdn_stage layer=13 stage=gated_norm seq_len=1 start_pos=66 elapsed_ms=0.307
kiln_profile_gdn_stage layer=13 stage=out_proj seq_len=1 start_pos=66 elapsed_ms=0.327
kiln_profile_mlp_stage layer=13 stage=fused seq_len=1 start_pos=66 elapsed_ms=1.026
kiln_profile_paged_layer layer=13 kind=linear seq_len=1 start_pos=66 elapsed_ms=3.987
kiln_profile_gdn_stage layer=14 stage=in_proj seq_len=1 start_pos=66 elapsed_ms=0.728
kiln_profile_gdn_stage layer=14 stage=conv seq_len=1 start_pos=66 elapsed_ms=0.129
kiln_profile_gdn_stage layer=14 stage=qkv_split seq_len=1 start_pos=66 elapsed_ms=0.001
kiln_profile_gdn_stage layer=14 stage=qk_norm seq_len=1 start_pos=66 elapsed_ms=0.021
kiln_profile_gdn_stage layer=14 stage=gates seq_len=1 start_pos=66 elapsed_ms=0.256
kiln_profile_gdn_stage layer=14 stage=recurrent seq_len=1 start_pos=66 elapsed_ms=0.753
kiln_profile_gdn_stage layer=14 stage=post_transpose seq_len=1 start_pos=66 elapsed_ms=0.000
kiln_profile_gdn_stage layer=14 stage=gated_norm seq_len=1 start_pos=66 elapsed_ms=0.270
kiln_profile_gdn_stage layer=14 stage=out_proj seq_len=1 start_pos=66 elapsed_ms=0.326
kiln_profile_mlp_stage layer=14 stage=fused seq_len=1 start_pos=66 elapsed_ms=1.045
kiln_profile_paged_layer layer=14 kind=linear seq_len=1 start_pos=66 elapsed_ms=3.585
kiln_profile_full_attn_stage full_attn_layer=3 stage=qkv_proj seq_len=1 start_pos=66 elapsed_ms=0.643
kiln_profile_full_attn_stage full_attn_layer=3 stage=qkv_split seq_len=1 start_pos=66 elapsed_ms=0.004
kiln_profile_full_attn_stage full_attn_layer=3 stage=qk_norm seq_len=1 start_pos=66 elapsed_ms=0.021
kiln_profile_full_attn_stage full_attn_layer=3 stage=rope seq_len=1 start_pos=66 elapsed_ms=0.036
kiln_profile_full_attn_stage full_attn_layer=3 stage=q_transpose seq_len=1 start_pos=66 elapsed_ms=0.005
kiln_profile_full_attn_stage full_attn_layer=3 stage=kv_write seq_len=1 start_pos=66 elapsed_ms=0.004
kiln_profile_full_attn_stage full_attn_layer=3 stage=kv_read seq_len=1 start_pos=66 elapsed_ms=0.034
kiln_profile_full_attn_stage full_attn_layer=3 stage=decode_group_layout seq_len=1 start_pos=66 elapsed_ms=0.002
kiln_profile_full_attn_stage full_attn_layer=3 stage=decode_scores seq_len=1 start_pos=66 elapsed_ms=0.157
kiln_profile_full_attn_stage full_attn_layer=3 stage=decode_softmax seq_len=1 start_pos=66 elapsed_ms=0.011
kiln_profile_full_attn_stage full_attn_layer=3 stage=decode_weighted_sum seq_len=1 start_pos=66 elapsed_ms=0.041
kiln_profile_full_attn_stage full_attn_layer=3 stage=attn_gate seq_len=1 start_pos=66 elapsed_ms=0.010
kiln_profile_full_attn_stage full_attn_layer=3 stage=o_proj seq_len=1 start_pos=66 elapsed_ms=0.286
kiln_profile_mlp_stage layer=15 stage=fused seq_len=1 start_pos=66 elapsed_ms=0.951
kiln_profile_paged_layer layer=15 kind=full seq_len=1 start_pos=66 elapsed_ms=2.266
kiln_profile_gdn_stage layer=16 stage=in_proj seq_len=1 start_pos=66 elapsed_ms=0.725
kiln_profile_gdn_stage layer=16 stage=conv seq_len=1 start_pos=66 elapsed_ms=0.106
kiln_profile_gdn_stage layer=16 stage=qkv_split seq_len=1 start_pos=66 elapsed_ms=0.001
kiln_profile_gdn_stage layer=16 stage=qk_norm seq_len=1 start_pos=66 elapsed_ms=0.016
kiln_profile_gdn_stage layer=16 stage=gates seq_len=1 start_pos=66 elapsed_ms=0.201
kiln_profile_gdn_stage layer=16 stage=recurrent seq_len=1 start_pos=66 elapsed_ms=0.670
kiln_profile_gdn_stage layer=16 stage=post_transpose seq_len=1 start_pos=66 elapsed_ms=0.000
kiln_profile_gdn_stage layer=16 stage=gated_norm seq_len=1 start_pos=66 elapsed_ms=0.288
kiln_profile_gdn_stage layer=16 stage=out_proj seq_len=1 start_pos=66 elapsed_ms=0.281
kiln_profile_mlp_stage layer=16 stage=fused seq_len=1 start_pos=66 elapsed_ms=0.978
kiln_profile_paged_layer layer=16 kind=linear seq_len=1 start_pos=66 elapsed_ms=3.311
kiln_profile_gdn_stage layer=17 stage=in_proj seq_len=1 start_pos=66 elapsed_ms=0.717
kiln_profile_gdn_stage layer=17 stage=conv seq_len=1 start_pos=66 elapsed_ms=0.098
kiln_profile_gdn_stage layer=17 stage=qkv_split seq_len=1 start_pos=66 elapsed_ms=0.001
kiln_profile_gdn_stage layer=17 stage=qk_norm seq_len=1 start_pos=66 elapsed_ms=0.015
kiln_profile_gdn_stage layer=17 stage=gates seq_len=1 start_pos=66 elapsed_ms=0.280
kiln_profile_gdn_stage layer=17 stage=recurrent seq_len=1 start_pos=66 elapsed_ms=0.649
kiln_profile_gdn_stage layer=17 stage=post_transpose seq_len=1 start_pos=66 elapsed_ms=0.000
kiln_profile_gdn_stage layer=17 stage=gated_norm seq_len=1 start_pos=66 elapsed_ms=0.282
kiln_profile_gdn_stage layer=17 stage=out_proj seq_len=1 start_pos=66 elapsed_ms=0.315
kiln_profile_mlp_stage layer=17 stage=fused seq_len=1 start_pos=66 elapsed_ms=0.989
kiln_profile_paged_layer layer=17 kind=linear seq_len=1 start_pos=66 elapsed_ms=3.386
kiln_profile_gdn_stage layer=18 stage=in_proj seq_len=1 start_pos=66 elapsed_ms=0.749
kiln_profile_gdn_stage layer=18 stage=conv seq_len=1 start_pos=66 elapsed_ms=0.094
kiln_profile_gdn_stage layer=18 stage=qkv_split seq_len=1 start_pos=66 elapsed_ms=0.001
kiln_profile_gdn_stage layer=18 stage=qk_norm seq_len=1 start_pos=66 elapsed_ms=0.017
kiln_profile_gdn_stage layer=18 stage=gates seq_len=1 start_pos=66 elapsed_ms=0.238
kiln_profile_gdn_stage layer=18 stage=recurrent seq_len=1 start_pos=66 elapsed_ms=0.783
kiln_profile_gdn_stage layer=18 stage=post_transpose seq_len=1 start_pos=66 elapsed_ms=0.000
kiln_profile_gdn_stage layer=18 stage=gated_norm seq_len=1 start_pos=66 elapsed_ms=0.280
kiln_profile_gdn_stage layer=18 stage=out_proj seq_len=1 start_pos=66 elapsed_ms=0.336
kiln_profile_mlp_stage layer=18 stage=fused seq_len=1 start_pos=66 elapsed_ms=0.987
kiln_profile_paged_layer layer=18 kind=linear seq_len=1 start_pos=66 elapsed_ms=3.531
kiln_profile_full_attn_stage full_attn_layer=4 stage=qkv_proj seq_len=1 start_pos=66 elapsed_ms=0.600
kiln_profile_full_attn_stage full_attn_layer=4 stage=qkv_split seq_len=1 start_pos=66 elapsed_ms=0.003
kiln_profile_full_attn_stage full_attn_layer=4 stage=qk_norm seq_len=1 start_pos=66 elapsed_ms=0.016
kiln_profile_full_attn_stage full_attn_layer=4 stage=rope seq_len=1 start_pos=66 elapsed_ms=0.029
kiln_profile_full_attn_stage full_attn_layer=4 stage=q_transpose seq_len=1 start_pos=66 elapsed_ms=0.004
kiln_profile_full_attn_stage full_attn_layer=4 stage=kv_write seq_len=1 start_pos=66 elapsed_ms=0.004
kiln_profile_full_attn_stage full_attn_layer=4 stage=kv_read seq_len=1 start_pos=66 elapsed_ms=0.033
kiln_profile_full_attn_stage full_attn_layer=4 stage=decode_group_layout seq_len=1 start_pos=66 elapsed_ms=0.002
kiln_profile_full_attn_stage full_attn_layer=4 stage=decode_scores seq_len=1 start_pos=66 elapsed_ms=0.126
kiln_profile_full_attn_stage full_attn_layer=4 stage=decode_softmax seq_len=1 start_pos=66 elapsed_ms=0.008
kiln_profile_full_attn_stage full_attn_layer=4 stage=decode_weighted_sum seq_len=1 start_pos=66 elapsed_ms=0.033
kiln_profile_full_attn_stage full_attn_layer=4 stage=attn_gate seq_len=1 start_pos=66 elapsed_ms=0.008
kiln_profile_full_attn_stage full_attn_layer=4 stage=o_proj seq_len=1 start_pos=66 elapsed_ms=0.271
kiln_profile_mlp_stage layer=19 stage=fused seq_len=1 start_pos=66 elapsed_ms=1.006
kiln_profile_paged_layer layer=19 kind=full seq_len=1 start_pos=66 elapsed_ms=2.193
kiln_profile_gdn_stage layer=20 stage=in_proj seq_len=1 start_pos=66 elapsed_ms=0.727
kiln_profile_gdn_stage layer=20 stage=conv seq_len=1 start_pos=66 elapsed_ms=0.112
kiln_profile_gdn_stage layer=20 stage=qkv_split seq_len=1 start_pos=66 elapsed_ms=0.001
kiln_profile_gdn_stage layer=20 stage=qk_norm seq_len=1 start_pos=66 elapsed_ms=0.018
kiln_profile_gdn_stage layer=20 stage=gates seq_len=1 start_pos=66 elapsed_ms=0.242
kiln_profile_gdn_stage layer=20 stage=recurrent seq_len=1 start_pos=66 elapsed_ms=0.616
kiln_profile_gdn_stage layer=20 stage=post_transpose seq_len=1 start_pos=66 elapsed_ms=0.000
kiln_profile_gdn_stage layer=20 stage=gated_norm seq_len=1 start_pos=66 elapsed_ms=0.311
kiln_profile_gdn_stage layer=20 stage=out_proj seq_len=1 start_pos=66 elapsed_ms=0.331
kiln_profile_mlp_stage layer=20 stage=fused seq_len=1 start_pos=66 elapsed_ms=1.016
kiln_profile_paged_layer layer=20 kind=linear seq_len=1 start_pos=66 elapsed_ms=3.418
kiln_profile_gdn_stage layer=21 stage=in_proj seq_len=1 start_pos=66 elapsed_ms=0.698
kiln_profile_gdn_stage layer=21 stage=conv seq_len=1 start_pos=66 elapsed_ms=0.089
kiln_profile_gdn_stage layer=21 stage=qkv_split seq_len=1 start_pos=66 elapsed_ms=0.001
kiln_profile_gdn_stage layer=21 stage=qk_norm seq_len=1 start_pos=66 elapsed_ms=0.014
kiln_profile_gdn_stage layer=21 stage=gates seq_len=1 start_pos=66 elapsed_ms=0.202
kiln_profile_gdn_stage layer=21 stage=recurrent seq_len=1 start_pos=66 elapsed_ms=0.604
kiln_profile_gdn_stage layer=21 stage=post_transpose seq_len=1 start_pos=66 elapsed_ms=0.000
kiln_profile_gdn_stage layer=21 stage=gated_norm seq_len=1 start_pos=66 elapsed_ms=0.290
kiln_profile_gdn_stage layer=21 stage=out_proj seq_len=1 start_pos=66 elapsed_ms=0.314
kiln_profile_mlp_stage layer=21 stage=fused seq_len=1 start_pos=66 elapsed_ms=1.002
kiln_profile_paged_layer layer=21 kind=linear seq_len=1 start_pos=66 elapsed_ms=3.254
kiln_profile_gdn_stage layer=22 stage=in_proj seq_len=1 start_pos=66 elapsed_ms=0.723
kiln_profile_gdn_stage layer=22 stage=conv seq_len=1 start_pos=66 elapsed_ms=0.105
kiln_profile_gdn_stage layer=22 stage=qkv_split seq_len=1 start_pos=66 elapsed_ms=0.001
kiln_profile_gdn_stage layer=22 stage=qk_norm seq_len=1 start_pos=66 elapsed_ms=0.014
kiln_profile_gdn_stage layer=22 stage=gates seq_len=1 start_pos=66 elapsed_ms=0.230
kiln_profile_gdn_stage layer=22 stage=recurrent seq_len=1 start_pos=66 elapsed_ms=0.580
kiln_profile_gdn_stage layer=22 stage=post_transpose seq_len=1 start_pos=66 elapsed_ms=0.000
kiln_profile_gdn_stage layer=22 stage=gated_norm seq_len=1 start_pos=66 elapsed_ms=0.276
kiln_profile_gdn_stage layer=22 stage=out_proj seq_len=1 start_pos=66 elapsed_ms=0.341
kiln_profile_mlp_stage layer=22 stage=fused seq_len=1 start_pos=66 elapsed_ms=1.023
kiln_profile_paged_layer layer=22 kind=linear seq_len=1 start_pos=66 elapsed_ms=3.337
kiln_profile_full_attn_stage full_attn_layer=5 stage=qkv_proj seq_len=1 start_pos=66 elapsed_ms=0.606
kiln_profile_full_attn_stage full_attn_layer=5 stage=qkv_split seq_len=1 start_pos=66 elapsed_ms=0.003
kiln_profile_full_attn_stage full_attn_layer=5 stage=qk_norm seq_len=1 start_pos=66 elapsed_ms=0.017
kiln_profile_full_attn_stage full_attn_layer=5 stage=rope seq_len=1 start_pos=66 elapsed_ms=0.029
kiln_profile_full_attn_stage full_attn_layer=5 stage=q_transpose seq_len=1 start_pos=66 elapsed_ms=0.004
kiln_profile_full_attn_stage full_attn_layer=5 stage=kv_write seq_len=1 start_pos=66 elapsed_ms=0.004
kiln_profile_full_attn_stage full_attn_layer=5 stage=kv_read seq_len=1 start_pos=66 elapsed_ms=0.039
kiln_profile_full_attn_stage full_attn_layer=5 stage=decode_group_layout seq_len=1 start_pos=66 elapsed_ms=0.002
kiln_profile_full_attn_stage full_attn_layer=5 stage=decode_scores seq_len=1 start_pos=66 elapsed_ms=0.138
kiln_profile_full_attn_stage full_attn_layer=5 stage=decode_softmax seq_len=1 start_pos=66 elapsed_ms=0.008
kiln_profile_full_attn_stage full_attn_layer=5 stage=decode_weighted_sum seq_len=1 start_pos=66 elapsed_ms=0.034
kiln_profile_full_attn_stage full_attn_layer=5 stage=attn_gate seq_len=1 start_pos=66 elapsed_ms=0.008
kiln_profile_full_attn_stage full_attn_layer=5 stage=o_proj seq_len=1 start_pos=66 elapsed_ms=0.291
kiln_profile_mlp_stage layer=23 stage=fused seq_len=1 start_pos=66 elapsed_ms=0.986
kiln_profile_paged_layer layer=23 kind=full seq_len=1 start_pos=66 elapsed_ms=2.218
kiln_profile_gdn_stage layer=24 stage=in_proj seq_len=1 start_pos=66 elapsed_ms=0.733
kiln_profile_gdn_stage layer=24 stage=conv seq_len=1 start_pos=66 elapsed_ms=0.089
kiln_profile_gdn_stage layer=24 stage=qkv_split seq_len=1 start_pos=66 elapsed_ms=0.001
kiln_profile_gdn_stage layer=24 stage=qk_norm seq_len=1 start_pos=66 elapsed_ms=0.015
kiln_profile_gdn_stage layer=24 stage=gates seq_len=1 start_pos=66 elapsed_ms=0.252
kiln_profile_gdn_stage layer=24 stage=recurrent seq_len=1 start_pos=66 elapsed_ms=0.745
kiln_profile_gdn_stage layer=24 stage=post_transpose seq_len=1 start_pos=66 elapsed_ms=0.000
kiln_profile_gdn_stage layer=24 stage=gated_norm seq_len=1 start_pos=66 elapsed_ms=0.940
kiln_profile_gdn_stage layer=24 stage=out_proj seq_len=1 start_pos=66 elapsed_ms=0.319
kiln_profile_mlp_stage layer=24 stage=fused seq_len=1 start_pos=66 elapsed_ms=1.194
kiln_profile_paged_layer layer=24 kind=linear seq_len=1 start_pos=66 elapsed_ms=4.347
kiln_profile_gdn_stage layer=25 stage=in_proj seq_len=1 start_pos=66 elapsed_ms=0.742
kiln_profile_gdn_stage layer=25 stage=conv seq_len=1 start_pos=66 elapsed_ms=0.161
kiln_profile_gdn_stage layer=25 stage=qkv_split seq_len=1 start_pos=66 elapsed_ms=0.001
kiln_profile_gdn_stage layer=25 stage=qk_norm seq_len=1 start_pos=66 elapsed_ms=0.022
kiln_profile_gdn_stage layer=25 stage=gates seq_len=1 start_pos=66 elapsed_ms=0.283
kiln_profile_gdn_stage layer=25 stage=recurrent seq_len=1 start_pos=66 elapsed_ms=0.814
kiln_profile_gdn_stage layer=25 stage=post_transpose seq_len=1 start_pos=66 elapsed_ms=0.000
kiln_profile_gdn_stage layer=25 stage=gated_norm seq_len=1 start_pos=66 elapsed_ms=0.330
kiln_profile_gdn_stage layer=25 stage=out_proj seq_len=1 start_pos=66 elapsed_ms=0.396
kiln_profile_mlp_stage layer=25 stage=fused seq_len=1 start_pos=66 elapsed_ms=1.274
kiln_profile_paged_layer layer=25 kind=linear seq_len=1 start_pos=66 elapsed_ms=4.091
kiln_profile_gdn_stage layer=26 stage=in_proj seq_len=1 start_pos=66 elapsed_ms=0.736
kiln_profile_gdn_stage layer=26 stage=conv seq_len=1 start_pos=66 elapsed_ms=0.095
kiln_profile_gdn_stage layer=26 stage=qkv_split seq_len=1 start_pos=66 elapsed_ms=0.001
kiln_profile_gdn_stage layer=26 stage=qk_norm seq_len=1 start_pos=66 elapsed_ms=0.016
kiln_profile_gdn_stage layer=26 stage=gates seq_len=1 start_pos=66 elapsed_ms=0.231
kiln_profile_gdn_stage layer=26 stage=recurrent seq_len=1 start_pos=66 elapsed_ms=0.665
kiln_profile_gdn_stage layer=26 stage=post_transpose seq_len=1 start_pos=66 elapsed_ms=0.000
kiln_profile_gdn_stage layer=26 stage=gated_norm seq_len=1 start_pos=66 elapsed_ms=0.281
kiln_profile_gdn_stage layer=26 stage=out_proj seq_len=1 start_pos=66 elapsed_ms=0.330
kiln_profile_mlp_stage layer=26 stage=fused seq_len=1 start_pos=66 elapsed_ms=1.005
kiln_profile_paged_layer layer=26 kind=linear seq_len=1 start_pos=66 elapsed_ms=3.406
kiln_profile_full_attn_stage full_attn_layer=6 stage=qkv_proj seq_len=1 start_pos=66 elapsed_ms=0.618
kiln_profile_full_attn_stage full_attn_layer=6 stage=qkv_split seq_len=1 start_pos=66 elapsed_ms=0.004
kiln_profile_full_attn_stage full_attn_layer=6 stage=qk_norm seq_len=1 start_pos=66 elapsed_ms=0.018
kiln_profile_full_attn_stage full_attn_layer=6 stage=rope seq_len=1 start_pos=66 elapsed_ms=0.033
kiln_profile_full_attn_stage full_attn_layer=6 stage=q_transpose seq_len=1 start_pos=66 elapsed_ms=0.004
kiln_profile_full_attn_stage full_attn_layer=6 stage=kv_write seq_len=1 start_pos=66 elapsed_ms=0.005
kiln_profile_full_attn_stage full_attn_layer=6 stage=kv_read seq_len=1 start_pos=66 elapsed_ms=0.037
kiln_profile_full_attn_stage full_attn_layer=6 stage=decode_group_layout seq_len=1 start_pos=66 elapsed_ms=0.002
kiln_profile_full_attn_stage full_attn_layer=6 stage=decode_scores seq_len=1 start_pos=66 elapsed_ms=0.151
kiln_profile_full_attn_stage full_attn_layer=6 stage=decode_softmax seq_len=1 start_pos=66 elapsed_ms=0.010
kiln_profile_full_attn_stage full_attn_layer=6 stage=decode_weighted_sum seq_len=1 start_pos=66 elapsed_ms=0.036
kiln_profile_full_attn_stage full_attn_layer=6 stage=attn_gate seq_len=1 start_pos=66 elapsed_ms=0.010
kiln_profile_full_attn_stage full_attn_layer=6 stage=o_proj seq_len=1 start_pos=66 elapsed_ms=0.279
kiln_profile_mlp_stage layer=27 stage=fused seq_len=1 start_pos=66 elapsed_ms=1.001
kiln_profile_paged_layer layer=27 kind=full seq_len=1 start_pos=66 elapsed_ms=2.264
kiln_profile_gdn_stage layer=28 stage=in_proj seq_len=1 start_pos=66 elapsed_ms=0.828
kiln_profile_gdn_stage layer=28 stage=conv seq_len=1 start_pos=66 elapsed_ms=0.104
kiln_profile_gdn_stage layer=28 stage=qkv_split seq_len=1 start_pos=66 elapsed_ms=0.001
kiln_profile_gdn_stage layer=28 stage=qk_norm seq_len=1 start_pos=66 elapsed_ms=0.016
kiln_profile_gdn_stage layer=28 stage=gates seq_len=1 start_pos=66 elapsed_ms=0.230
kiln_profile_gdn_stage layer=28 stage=recurrent seq_len=1 start_pos=66 elapsed_ms=0.691
kiln_profile_gdn_stage layer=28 stage=post_transpose seq_len=1 start_pos=66 elapsed_ms=0.000
kiln_profile_gdn_stage layer=28 stage=gated_norm seq_len=1 start_pos=66 elapsed_ms=0.292
kiln_profile_gdn_stage layer=28 stage=out_proj seq_len=1 start_pos=66 elapsed_ms=0.524
kiln_profile_mlp_stage layer=28 stage=fused seq_len=1 start_pos=66 elapsed_ms=1.190
kiln_profile_paged_layer layer=28 kind=linear seq_len=1 start_pos=66 elapsed_ms=3.988
kiln_profile_gdn_stage layer=29 stage=in_proj seq_len=1 start_pos=66 elapsed_ms=0.774
kiln_profile_gdn_stage layer=29 stage=conv seq_len=1 start_pos=66 elapsed_ms=0.168
kiln_profile_gdn_stage layer=29 stage=qkv_split seq_len=1 start_pos=66 elapsed_ms=0.002
kiln_profile_gdn_stage layer=29 stage=qk_norm seq_len=1 start_pos=66 elapsed_ms=0.030
kiln_profile_gdn_stage layer=29 stage=gates seq_len=1 start_pos=66 elapsed_ms=0.260
kiln_profile_gdn_stage layer=29 stage=recurrent seq_len=1 start_pos=66 elapsed_ms=1.852
kiln_profile_gdn_stage layer=29 stage=post_transpose seq_len=1 start_pos=66 elapsed_ms=0.000
kiln_profile_gdn_stage layer=29 stage=gated_norm seq_len=1 start_pos=66 elapsed_ms=0.404
kiln_profile_gdn_stage layer=29 stage=out_proj seq_len=1 start_pos=66 elapsed_ms=0.891
kiln_profile_mlp_stage layer=29 stage=fused seq_len=1 start_pos=66 elapsed_ms=1.237
kiln_profile_paged_layer layer=29 kind=linear seq_len=1 start_pos=66 elapsed_ms=5.705
kiln_profile_gdn_stage layer=30 stage=in_proj seq_len=1 start_pos=66 elapsed_ms=0.737
kiln_profile_gdn_stage layer=30 stage=conv seq_len=1 start_pos=66 elapsed_ms=0.152
kiln_profile_gdn_stage layer=30 stage=qkv_split seq_len=1 start_pos=66 elapsed_ms=0.002
kiln_profile_gdn_stage layer=30 stage=qk_norm seq_len=1 start_pos=66 elapsed_ms=0.026
kiln_profile_gdn_stage layer=30 stage=gates seq_len=1 start_pos=66 elapsed_ms=0.270
kiln_profile_gdn_stage layer=30 stage=recurrent seq_len=1 start_pos=66 elapsed_ms=0.913
kiln_profile_gdn_stage layer=30 stage=post_transpose seq_len=1 start_pos=66 elapsed_ms=0.000
kiln_profile_gdn_stage layer=30 stage=gated_norm seq_len=1 start_pos=66 elapsed_ms=0.305
kiln_profile_gdn_stage layer=30 stage=out_proj seq_len=1 start_pos=66 elapsed_ms=0.331
kiln_profile_mlp_stage layer=30 stage=fused seq_len=1 start_pos=66 elapsed_ms=1.007
kiln_profile_paged_layer layer=30 kind=linear seq_len=1 start_pos=66 elapsed_ms=3.814
kiln_profile_full_attn_stage full_attn_layer=7 stage=qkv_proj seq_len=1 start_pos=66 elapsed_ms=0.656
kiln_profile_full_attn_stage full_attn_layer=7 stage=qkv_split seq_len=1 start_pos=66 elapsed_ms=0.004
kiln_profile_full_attn_stage full_attn_layer=7 stage=qk_norm seq_len=1 start_pos=66 elapsed_ms=0.023
kiln_profile_full_attn_stage full_attn_layer=7 stage=rope seq_len=1 start_pos=66 elapsed_ms=0.044
kiln_profile_full_attn_stage full_attn_layer=7 stage=q_transpose seq_len=1 start_pos=66 elapsed_ms=0.007
kiln_profile_full_attn_stage full_attn_layer=7 stage=kv_write seq_len=1 start_pos=66 elapsed_ms=0.007
kiln_profile_full_attn_stage full_attn_layer=7 stage=kv_read seq_len=1 start_pos=66 elapsed_ms=0.063
kiln_profile_full_attn_stage full_attn_layer=7 stage=decode_group_layout seq_len=1 start_pos=66 elapsed_ms=0.004
kiln_profile_full_attn_stage full_attn_layer=7 stage=decode_scores seq_len=1 start_pos=66 elapsed_ms=0.279
kiln_profile_full_attn_stage full_attn_layer=7 stage=decode_softmax seq_len=1 start_pos=66 elapsed_ms=0.014
kiln_profile_full_attn_stage full_attn_layer=7 stage=decode_weighted_sum seq_len=1 start_pos=66 elapsed_ms=0.049
kiln_profile_full_attn_stage full_attn_layer=7 stage=attn_gate seq_len=1 start_pos=66 elapsed_ms=0.014
kiln_profile_full_attn_stage full_attn_layer=7 stage=o_proj seq_len=1 start_pos=66 elapsed_ms=0.294
kiln_profile_mlp_stage layer=31 stage=fused seq_len=1 start_pos=66 elapsed_ms=1.008
kiln_profile_paged_layer layer=31 kind=full seq_len=1 start_pos=66 elapsed_ms=2.545
kiln_profile_gdn_stage layer=0 stage=in_proj seq_len=1 start_pos=67 elapsed_ms=0.694
kiln_profile_gdn_stage layer=0 stage=conv seq_len=1 start_pos=67 elapsed_ms=0.137
kiln_profile_gdn_stage layer=0 stage=qkv_split seq_len=1 start_pos=67 elapsed_ms=0.002
kiln_profile_gdn_stage layer=0 stage=qk_norm seq_len=1 start_pos=67 elapsed_ms=0.023
kiln_profile_gdn_stage layer=0 stage=gates seq_len=1 start_pos=67 elapsed_ms=0.305
kiln_profile_gdn_stage layer=0 stage=recurrent seq_len=1 start_pos=67 elapsed_ms=0.788
kiln_profile_gdn_stage layer=0 stage=post_transpose seq_len=1 start_pos=67 elapsed_ms=0.000
kiln_profile_gdn_stage layer=0 stage=gated_norm seq_len=1 start_pos=67 elapsed_ms=0.394
kiln_profile_gdn_stage layer=0 stage=out_proj seq_len=1 start_pos=67 elapsed_ms=0.335
kiln_profile_mlp_stage layer=0 stage=fused seq_len=1 start_pos=67 elapsed_ms=1.126
kiln_profile_paged_layer layer=0 kind=linear seq_len=1 start_pos=67 elapsed_ms=3.874
kiln_profile_gdn_stage layer=1 stage=in_proj seq_len=1 start_pos=67 elapsed_ms=0.733
kiln_profile_gdn_stage layer=1 stage=conv seq_len=1 start_pos=67 elapsed_ms=0.149
kiln_profile_gdn_stage layer=1 stage=qkv_split seq_len=1 start_pos=67 elapsed_ms=0.002
kiln_profile_gdn_stage layer=1 stage=qk_norm seq_len=1 start_pos=67 elapsed_ms=0.020
kiln_profile_gdn_stage layer=1 stage=gates seq_len=1 start_pos=67 elapsed_ms=0.260
kiln_profile_gdn_stage layer=1 stage=recurrent seq_len=1 start_pos=67 elapsed_ms=0.773
kiln_profile_gdn_stage layer=1 stage=post_transpose seq_len=1 start_pos=67 elapsed_ms=0.000
kiln_profile_gdn_stage layer=1 stage=gated_norm seq_len=1 start_pos=67 elapsed_ms=0.294
kiln_profile_gdn_stage layer=1 stage=out_proj seq_len=1 start_pos=67 elapsed_ms=0.306
kiln_profile_mlp_stage layer=1 stage=fused seq_len=1 start_pos=67 elapsed_ms=1.000
kiln_profile_paged_layer layer=1 kind=linear seq_len=1 start_pos=67 elapsed_ms=3.602
kiln_profile_gdn_stage layer=2 stage=in_proj seq_len=1 start_pos=67 elapsed_ms=0.738
kiln_profile_gdn_stage layer=2 stage=conv seq_len=1 start_pos=67 elapsed_ms=0.131
kiln_profile_gdn_stage layer=2 stage=qkv_split seq_len=1 start_pos=67 elapsed_ms=0.001
kiln_profile_gdn_stage layer=2 stage=qk_norm seq_len=1 start_pos=67 elapsed_ms=0.019
kiln_profile_gdn_stage layer=2 stage=gates seq_len=1 start_pos=67 elapsed_ms=0.239
kiln_profile_gdn_stage layer=2 stage=recurrent seq_len=1 start_pos=67 elapsed_ms=0.751
kiln_profile_gdn_stage layer=2 stage=post_transpose seq_len=1 start_pos=67 elapsed_ms=0.000
kiln_profile_gdn_stage layer=2 stage=gated_norm seq_len=1 start_pos=67 elapsed_ms=0.302
kiln_profile_gdn_stage layer=2 stage=out_proj seq_len=1 start_pos=67 elapsed_ms=0.328
kiln_profile_mlp_stage layer=2 stage=fused seq_len=1 start_pos=67 elapsed_ms=1.014
kiln_profile_paged_layer layer=2 kind=linear seq_len=1 start_pos=67 elapsed_ms=3.575
kiln_profile_full_attn_stage full_attn_layer=0 stage=qkv_proj seq_len=1 start_pos=67 elapsed_ms=0.603
kiln_profile_full_attn_stage full_attn_layer=0 stage=qkv_split seq_len=1 start_pos=67 elapsed_ms=0.004
kiln_profile_full_attn_stage full_attn_layer=0 stage=qk_norm seq_len=1 start_pos=67 elapsed_ms=0.023
kiln_profile_full_attn_stage full_attn_layer=0 stage=rope seq_len=1 start_pos=67 elapsed_ms=0.048
kiln_profile_full_attn_stage full_attn_layer=0 stage=q_transpose seq_len=1 start_pos=67 elapsed_ms=0.006
kiln_profile_full_attn_stage full_attn_layer=0 stage=kv_write seq_len=1 start_pos=67 elapsed_ms=0.007
kiln_profile_full_attn_stage full_attn_layer=0 stage=kv_read seq_len=1 start_pos=67 elapsed_ms=0.043
kiln_profile_full_attn_stage full_attn_layer=0 stage=decode_group_layout seq_len=1 start_pos=67 elapsed_ms=0.002
kiln_profile_full_attn_stage full_attn_layer=0 stage=decode_scores seq_len=1 start_pos=67 elapsed_ms=0.175
kiln_profile_full_attn_stage full_attn_layer=0 stage=decode_softmax seq_len=1 start_pos=67 elapsed_ms=0.010
kiln_profile_full_attn_stage full_attn_layer=0 stage=decode_weighted_sum seq_len=1 start_pos=67 elapsed_ms=0.045
kiln_profile_full_attn_stage full_attn_layer=0 stage=attn_gate seq_len=1 start_pos=67 elapsed_ms=0.012
kiln_profile_full_attn_stage full_attn_layer=0 stage=o_proj seq_len=1 start_pos=67 elapsed_ms=0.314
kiln_profile_mlp_stage layer=3 stage=fused seq_len=1 start_pos=67 elapsed_ms=1.134
kiln_profile_paged_layer layer=3 kind=full seq_len=1 start_pos=67 elapsed_ms=2.498
kiln_profile_gdn_stage layer=4 stage=in_proj seq_len=1 start_pos=67 elapsed_ms=0.729
kiln_profile_gdn_stage layer=4 stage=conv seq_len=1 start_pos=67 elapsed_ms=0.144
kiln_profile_gdn_stage layer=4 stage=qkv_split seq_len=1 start_pos=67 elapsed_ms=0.001
kiln_profile_gdn_stage layer=4 stage=qk_norm seq_len=1 start_pos=67 elapsed_ms=0.019
kiln_profile_gdn_stage layer=4 stage=gates seq_len=1 start_pos=67 elapsed_ms=0.269
kiln_profile_gdn_stage layer=4 stage=recurrent seq_len=1 start_pos=67 elapsed_ms=0.752
kiln_profile_gdn_stage layer=4 stage=post_transpose seq_len=1 start_pos=67 elapsed_ms=0.000
kiln_profile_gdn_stage layer=4 stage=gated_norm seq_len=1 start_pos=67 elapsed_ms=0.302
kiln_profile_gdn_stage layer=4 stage=out_proj seq_len=1 start_pos=67 elapsed_ms=0.340
kiln_profile_mlp_stage layer=4 stage=fused seq_len=1 start_pos=67 elapsed_ms=0.993
kiln_profile_paged_layer layer=4 kind=linear seq_len=1 start_pos=67 elapsed_ms=3.605
kiln_profile_gdn_stage layer=5 stage=in_proj seq_len=1 start_pos=67 elapsed_ms=0.735
kiln_profile_gdn_stage layer=5 stage=conv seq_len=1 start_pos=67 elapsed_ms=0.119
kiln_profile_gdn_stage layer=5 stage=qkv_split seq_len=1 start_pos=67 elapsed_ms=0.001
kiln_profile_gdn_stage layer=5 stage=qk_norm seq_len=1 start_pos=67 elapsed_ms=0.019
kiln_profile_gdn_stage layer=5 stage=gates seq_len=1 start_pos=67 elapsed_ms=0.244
kiln_profile_gdn_stage layer=5 stage=recurrent seq_len=1 start_pos=67 elapsed_ms=0.779
kiln_profile_gdn_stage layer=5 stage=post_transpose seq_len=1 start_pos=67 elapsed_ms=0.000
kiln_profile_gdn_stage layer=5 stage=gated_norm seq_len=1 start_pos=67 elapsed_ms=0.305
kiln_profile_gdn_stage layer=5 stage=out_proj seq_len=1 start_pos=67 elapsed_ms=0.312
kiln_profile_mlp_stage layer=5 stage=fused seq_len=1 start_pos=67 elapsed_ms=0.995
kiln_profile_paged_layer layer=5 kind=linear seq_len=1 start_pos=67 elapsed_ms=3.563
kiln_profile_gdn_stage layer=6 stage=in_proj seq_len=1 start_pos=67 elapsed_ms=0.755
kiln_profile_gdn_stage layer=6 stage=conv seq_len=1 start_pos=67 elapsed_ms=0.139
kiln_profile_gdn_stage layer=6 stage=qkv_split seq_len=1 start_pos=67 elapsed_ms=0.001
kiln_profile_gdn_stage layer=6 stage=qk_norm seq_len=1 start_pos=67 elapsed_ms=0.018
kiln_profile_gdn_stage layer=6 stage=gates seq_len=1 start_pos=67 elapsed_ms=0.255
kiln_profile_gdn_stage layer=6 stage=recurrent seq_len=1 start_pos=67 elapsed_ms=0.741
kiln_profile_gdn_stage layer=6 stage=post_transpose seq_len=1 start_pos=67 elapsed_ms=0.000
kiln_profile_gdn_stage layer=6 stage=gated_norm seq_len=1 start_pos=67 elapsed_ms=0.300
kiln_profile_gdn_stage layer=6 stage=out_proj seq_len=1 start_pos=67 elapsed_ms=0.334
kiln_profile_mlp_stage layer=6 stage=fused seq_len=1 start_pos=67 elapsed_ms=0.946
kiln_profile_paged_layer layer=6 kind=linear seq_len=1 start_pos=67 elapsed_ms=3.541
kiln_profile_full_attn_stage full_attn_layer=1 stage=qkv_proj seq_len=1 start_pos=67 elapsed_ms=0.618
kiln_profile_full_attn_stage full_attn_layer=1 stage=qkv_split seq_len=1 start_pos=67 elapsed_ms=0.004
kiln_profile_full_attn_stage full_attn_layer=1 stage=qk_norm seq_len=1 start_pos=67 elapsed_ms=0.023
kiln_profile_full_attn_stage full_attn_layer=1 stage=rope seq_len=1 start_pos=67 elapsed_ms=0.039
kiln_profile_full_attn_stage full_attn_layer=1 stage=q_transpose seq_len=1 start_pos=67 elapsed_ms=0.005
kiln_profile_full_attn_stage full_attn_layer=1 stage=kv_write seq_len=1 start_pos=67 elapsed_ms=0.004
kiln_profile_full_attn_stage full_attn_layer=1 stage=kv_read seq_len=1 start_pos=67 elapsed_ms=0.043
kiln_profile_full_attn_stage full_attn_layer=1 stage=decode_group_layout seq_len=1 start_pos=67 elapsed_ms=0.002
kiln_profile_full_attn_stage full_attn_layer=1 stage=decode_scores seq_len=1 start_pos=67 elapsed_ms=0.188
kiln_profile_full_attn_stage full_attn_layer=1 stage=decode_softmax seq_len=1 start_pos=67 elapsed_ms=0.012
kiln_profile_full_attn_stage full_attn_layer=1 stage=decode_weighted_sum seq_len=1 start_pos=67 elapsed_ms=0.046
kiln_profile_full_attn_stage full_attn_layer=1 stage=attn_gate seq_len=1 start_pos=67 elapsed_ms=0.011
kiln_profile_full_attn_stage full_attn_layer=1 stage=o_proj seq_len=1 start_pos=67 elapsed_ms=0.316
kiln_profile_mlp_stage layer=7 stage=fused seq_len=1 start_pos=67 elapsed_ms=0.985
kiln_profile_paged_layer layer=7 kind=full seq_len=1 start_pos=67 elapsed_ms=2.365
kiln_profile_gdn_stage layer=8 stage=in_proj seq_len=1 start_pos=67 elapsed_ms=0.755
kiln_profile_gdn_stage layer=8 stage=conv seq_len=1 start_pos=67 elapsed_ms=0.142
kiln_profile_gdn_stage layer=8 stage=qkv_split seq_len=1 start_pos=67 elapsed_ms=0.001
kiln_profile_gdn_stage layer=8 stage=qk_norm seq_len=1 start_pos=67 elapsed_ms=0.019
kiln_profile_gdn_stage layer=8 stage=gates seq_len=1 start_pos=67 elapsed_ms=0.254
kiln_profile_gdn_stage layer=8 stage=recurrent seq_len=1 start_pos=67 elapsed_ms=0.780
kiln_profile_gdn_stage layer=8 stage=post_transpose seq_len=1 start_pos=67 elapsed_ms=0.000
kiln_profile_gdn_stage layer=8 stage=gated_norm seq_len=1 start_pos=67 elapsed_ms=0.319
kiln_profile_gdn_stage layer=8 stage=out_proj seq_len=1 start_pos=67 elapsed_ms=0.330
kiln_profile_mlp_stage layer=8 stage=fused seq_len=1 start_pos=67 elapsed_ms=0.985
kiln_profile_paged_layer layer=8 kind=linear seq_len=1 start_pos=67 elapsed_ms=3.648
kiln_profile_gdn_stage layer=9 stage=in_proj seq_len=1 start_pos=67 elapsed_ms=0.743
kiln_profile_gdn_stage layer=9 stage=conv seq_len=1 start_pos=67 elapsed_ms=0.116
kiln_profile_gdn_stage layer=9 stage=qkv_split seq_len=1 start_pos=67 elapsed_ms=0.001
kiln_profile_gdn_stage layer=9 stage=qk_norm seq_len=1 start_pos=67 elapsed_ms=0.020
kiln_profile_gdn_stage layer=9 stage=gates seq_len=1 start_pos=67 elapsed_ms=0.277
kiln_profile_gdn_stage layer=9 stage=recurrent seq_len=1 start_pos=67 elapsed_ms=0.762
kiln_profile_gdn_stage layer=9 stage=post_transpose seq_len=1 start_pos=67 elapsed_ms=0.000
kiln_profile_gdn_stage layer=9 stage=gated_norm seq_len=1 start_pos=67 elapsed_ms=0.415
kiln_profile_gdn_stage layer=9 stage=out_proj seq_len=1 start_pos=67 elapsed_ms=0.342
kiln_profile_mlp_stage layer=9 stage=fused seq_len=1 start_pos=67 elapsed_ms=1.029
kiln_profile_paged_layer layer=9 kind=linear seq_len=1 start_pos=67 elapsed_ms=3.766
kiln_profile_gdn_stage layer=10 stage=in_proj seq_len=1 start_pos=67 elapsed_ms=0.756
kiln_profile_gdn_stage layer=10 stage=conv seq_len=1 start_pos=67 elapsed_ms=0.115
kiln_profile_gdn_stage layer=10 stage=qkv_split seq_len=1 start_pos=67 elapsed_ms=0.001
kiln_profile_gdn_stage layer=10 stage=qk_norm seq_len=1 start_pos=67 elapsed_ms=0.019
kiln_profile_gdn_stage layer=10 stage=gates seq_len=1 start_pos=67 elapsed_ms=0.250
kiln_profile_gdn_stage layer=10 stage=recurrent seq_len=1 start_pos=67 elapsed_ms=0.805
kiln_profile_gdn_stage layer=10 stage=post_transpose seq_len=1 start_pos=67 elapsed_ms=0.000
kiln_profile_gdn_stage layer=10 stage=gated_norm seq_len=1 start_pos=67 elapsed_ms=0.340
kiln_profile_gdn_stage layer=10 stage=out_proj seq_len=1 start_pos=67 elapsed_ms=0.356
kiln_profile_mlp_stage layer=10 stage=fused seq_len=1 start_pos=67 elapsed_ms=1.089
kiln_profile_paged_layer layer=10 kind=linear seq_len=1 start_pos=67 elapsed_ms=3.790
kiln_profile_full_attn_stage full_attn_layer=2 stage=qkv_proj seq_len=1 start_pos=67 elapsed_ms=0.616
kiln_profile_full_attn_stage full_attn_layer=2 stage=qkv_split seq_len=1 start_pos=67 elapsed_ms=0.005
kiln_profile_full_attn_stage full_attn_layer=2 stage=qk_norm seq_len=1 start_pos=67 elapsed_ms=0.021
kiln_profile_full_attn_stage full_attn_layer=2 stage=rope seq_len=1 start_pos=67 elapsed_ms=0.041
kiln_profile_full_attn_stage full_attn_layer=2 stage=q_transpose seq_len=1 start_pos=67 elapsed_ms=0.006
kiln_profile_full_attn_stage full_attn_layer=2 stage=kv_write seq_len=1 start_pos=67 elapsed_ms=0.006
kiln_profile_full_attn_stage full_attn_layer=2 stage=kv_read seq_len=1 start_pos=67 elapsed_ms=0.045
kiln_profile_full_attn_stage full_attn_layer=2 stage=decode_group_layout seq_len=1 start_pos=67 elapsed_ms=0.003
kiln_profile_full_attn_stage full_attn_layer=2 stage=decode_scores seq_len=1 start_pos=67 elapsed_ms=0.178
kiln_profile_full_attn_stage full_attn_layer=2 stage=decode_softmax seq_len=1 start_pos=67 elapsed_ms=0.012
kiln_profile_full_attn_stage full_attn_layer=2 stage=decode_weighted_sum seq_len=1 start_pos=67 elapsed_ms=0.046
kiln_profile_full_attn_stage full_attn_layer=2 stage=attn_gate seq_len=1 start_pos=67 elapsed_ms=0.013
kiln_profile_full_attn_stage full_attn_layer=2 stage=o_proj seq_len=1 start_pos=67 elapsed_ms=0.279
kiln_profile_mlp_stage layer=11 stage=fused seq_len=1 start_pos=67 elapsed_ms=1.662
kiln_profile_paged_layer layer=11 kind=full seq_len=1 start_pos=67 elapsed_ms=3.007
kiln_profile_gdn_stage layer=12 stage=in_proj seq_len=1 start_pos=67 elapsed_ms=0.762
kiln_profile_gdn_stage layer=12 stage=conv seq_len=1 start_pos=67 elapsed_ms=0.130
kiln_profile_gdn_stage layer=12 stage=qkv_split seq_len=1 start_pos=67 elapsed_ms=0.001
kiln_profile_gdn_stage layer=12 stage=qk_norm seq_len=1 start_pos=67 elapsed_ms=0.023
kiln_profile_gdn_stage layer=12 stage=gates seq_len=1 start_pos=67 elapsed_ms=0.279
kiln_profile_gdn_stage layer=12 stage=recurrent seq_len=1 start_pos=67 elapsed_ms=0.760
kiln_profile_gdn_stage layer=12 stage=post_transpose seq_len=1 start_pos=67 elapsed_ms=0.000
kiln_profile_gdn_stage layer=12 stage=gated_norm seq_len=1 start_pos=67 elapsed_ms=0.315
kiln_profile_gdn_stage layer=12 stage=out_proj seq_len=1 start_pos=67 elapsed_ms=0.344
kiln_profile_mlp_stage layer=12 stage=fused seq_len=1 start_pos=67 elapsed_ms=1.039
kiln_profile_paged_layer layer=12 kind=linear seq_len=1 start_pos=67 elapsed_ms=3.711
kiln_profile_gdn_stage layer=13 stage=in_proj seq_len=1 start_pos=67 elapsed_ms=0.736
kiln_profile_gdn_stage layer=13 stage=conv seq_len=1 start_pos=67 elapsed_ms=0.122
kiln_profile_gdn_stage layer=13 stage=qkv_split seq_len=1 start_pos=67 elapsed_ms=0.002
kiln_profile_gdn_stage layer=13 stage=qk_norm seq_len=1 start_pos=67 elapsed_ms=0.020
kiln_profile_gdn_stage layer=13 stage=gates seq_len=1 start_pos=67 elapsed_ms=0.236
kiln_profile_gdn_stage layer=13 stage=recurrent seq_len=1 start_pos=67 elapsed_ms=0.751
kiln_profile_gdn_stage layer=13 stage=post_transpose seq_len=1 start_pos=67 elapsed_ms=0.000
kiln_profile_gdn_stage layer=13 stage=gated_norm seq_len=1 start_pos=67 elapsed_ms=0.300
kiln_profile_gdn_stage layer=13 stage=out_proj seq_len=1 start_pos=67 elapsed_ms=0.318
kiln_profile_mlp_stage layer=13 stage=fused seq_len=1 start_pos=67 elapsed_ms=1.170
kiln_profile_paged_layer layer=13 kind=linear seq_len=1 start_pos=67 elapsed_ms=3.711
kiln_profile_gdn_stage layer=14 stage=in_proj seq_len=1 start_pos=67 elapsed_ms=0.755
kiln_profile_gdn_stage layer=14 stage=conv seq_len=1 start_pos=67 elapsed_ms=0.127
kiln_profile_gdn_stage layer=14 stage=qkv_split seq_len=1 start_pos=67 elapsed_ms=0.001
kiln_profile_gdn_stage layer=14 stage=qk_norm seq_len=1 start_pos=67 elapsed_ms=0.020
kiln_profile_gdn_stage layer=14 stage=gates seq_len=1 start_pos=67 elapsed_ms=0.254
kiln_profile_gdn_stage layer=14 stage=recurrent seq_len=1 start_pos=67 elapsed_ms=0.741
kiln_profile_gdn_stage layer=14 stage=post_transpose seq_len=1 start_pos=67 elapsed_ms=0.000
kiln_profile_gdn_stage layer=14 stage=gated_norm seq_len=1 start_pos=67 elapsed_ms=0.311
kiln_profile_gdn_stage layer=14 stage=out_proj seq_len=1 start_pos=67 elapsed_ms=0.325
kiln_profile_mlp_stage layer=14 stage=fused seq_len=1 start_pos=67 elapsed_ms=0.998
kiln_profile_paged_layer layer=14 kind=linear seq_len=1 start_pos=67 elapsed_ms=3.592
kiln_profile_full_attn_stage full_attn_layer=3 stage=qkv_proj seq_len=1 start_pos=67 elapsed_ms=0.628
kiln_profile_full_attn_stage full_attn_layer=3 stage=qkv_split seq_len=1 start_pos=67 elapsed_ms=0.005
kiln_profile_full_attn_stage full_attn_layer=3 stage=qk_norm seq_len=1 start_pos=67 elapsed_ms=0.026
kiln_profile_full_attn_stage full_attn_layer=3 stage=rope seq_len=1 start_pos=67 elapsed_ms=0.052
kiln_profile_full_attn_stage full_attn_layer=3 stage=q_transpose seq_len=1 start_pos=67 elapsed_ms=0.005
kiln_profile_full_attn_stage full_attn_layer=3 stage=kv_write seq_len=1 start_pos=67 elapsed_ms=0.005
kiln_profile_full_attn_stage full_attn_layer=3 stage=kv_read seq_len=1 start_pos=67 elapsed_ms=0.051
kiln_profile_full_attn_stage full_attn_layer=3 stage=decode_group_layout seq_len=1 start_pos=67 elapsed_ms=0.003
kiln_profile_full_attn_stage full_attn_layer=3 stage=decode_scores seq_len=1 start_pos=67 elapsed_ms=0.186
kiln_profile_full_attn_stage full_attn_layer=3 stage=decode_softmax seq_len=1 start_pos=67 elapsed_ms=0.011
kiln_profile_full_attn_stage full_attn_layer=3 stage=decode_weighted_sum seq_len=1 start_pos=67 elapsed_ms=0.048
kiln_profile_full_attn_stage full_attn_layer=3 stage=attn_gate seq_len=1 start_pos=67 elapsed_ms=0.017
kiln_profile_full_attn_stage full_attn_layer=3 stage=o_proj seq_len=1 start_pos=67 elapsed_ms=0.306
kiln_profile_mlp_stage layer=15 stage=fused seq_len=1 start_pos=67 elapsed_ms=1.000
kiln_profile_paged_layer layer=15 kind=full seq_len=1 start_pos=67 elapsed_ms=2.416
kiln_profile_gdn_stage layer=16 stage=in_proj seq_len=1 start_pos=67 elapsed_ms=0.756
kiln_profile_gdn_stage layer=16 stage=conv seq_len=1 start_pos=67 elapsed_ms=0.140
kiln_profile_gdn_stage layer=16 stage=qkv_split seq_len=1 start_pos=67 elapsed_ms=0.001
kiln_profile_gdn_stage layer=16 stage=qk_norm seq_len=1 start_pos=67 elapsed_ms=0.024
kiln_profile_gdn_stage layer=16 stage=gates seq_len=1 start_pos=67 elapsed_ms=0.276
kiln_profile_gdn_stage layer=16 stage=recurrent seq_len=1 start_pos=67 elapsed_ms=0.759
kiln_profile_gdn_stage layer=16 stage=post_transpose seq_len=1 start_pos=67 elapsed_ms=0.000
kiln_profile_gdn_stage layer=16 stage=gated_norm seq_len=1 start_pos=67 elapsed_ms=0.378
kiln_profile_gdn_stage layer=16 stage=out_proj seq_len=1 start_pos=67 elapsed_ms=0.344
kiln_profile_mlp_stage layer=16 stage=fused seq_len=1 start_pos=67 elapsed_ms=1.015
kiln_profile_paged_layer layer=16 kind=linear seq_len=1 start_pos=67 elapsed_ms=3.751
kiln_profile_gdn_stage layer=17 stage=in_proj seq_len=1 start_pos=67 elapsed_ms=0.751
kiln_profile_gdn_stage layer=17 stage=conv seq_len=1 start_pos=67 elapsed_ms=0.113
kiln_profile_gdn_stage layer=17 stage=qkv_split seq_len=1 start_pos=67 elapsed_ms=0.001
kiln_profile_gdn_stage layer=17 stage=qk_norm seq_len=1 start_pos=67 elapsed_ms=0.019
kiln_profile_gdn_stage layer=17 stage=gates seq_len=1 start_pos=67 elapsed_ms=0.234
kiln_profile_gdn_stage layer=17 stage=recurrent seq_len=1 start_pos=67 elapsed_ms=0.725
kiln_profile_gdn_stage layer=17 stage=post_transpose seq_len=1 start_pos=67 elapsed_ms=0.000
kiln_profile_gdn_stage layer=17 stage=gated_norm seq_len=1 start_pos=67 elapsed_ms=0.310
kiln_profile_gdn_stage layer=17 stage=out_proj seq_len=1 start_pos=67 elapsed_ms=0.334
kiln_profile_mlp_stage layer=17 stage=fused seq_len=1 start_pos=67 elapsed_ms=0.988
kiln_profile_paged_layer layer=17 kind=linear seq_len=1 start_pos=67 elapsed_ms=3.522
kiln_profile_gdn_stage layer=18 stage=in_proj seq_len=1 start_pos=67 elapsed_ms=1.293
kiln_profile_gdn_stage layer=18 stage=conv seq_len=1 start_pos=67 elapsed_ms=0.129
kiln_profile_gdn_stage layer=18 stage=qkv_split seq_len=1 start_pos=67 elapsed_ms=0.002
kiln_profile_gdn_stage layer=18 stage=qk_norm seq_len=1 start_pos=67 elapsed_ms=0.019
kiln_profile_gdn_stage layer=18 stage=gates seq_len=1 start_pos=67 elapsed_ms=0.273
kiln_profile_gdn_stage layer=18 stage=recurrent seq_len=1 start_pos=67 elapsed_ms=0.730
kiln_profile_gdn_stage layer=18 stage=post_transpose seq_len=1 start_pos=67 elapsed_ms=0.000
kiln_profile_gdn_stage layer=18 stage=gated_norm seq_len=1 start_pos=67 elapsed_ms=0.335
kiln_profile_gdn_stage layer=18 stage=out_proj seq_len=1 start_pos=67 elapsed_ms=0.337
kiln_profile_mlp_stage layer=18 stage=fused seq_len=1 start_pos=67 elapsed_ms=1.044
kiln_profile_paged_layer layer=18 kind=linear seq_len=1 start_pos=67 elapsed_ms=4.223
kiln_profile_full_attn_stage full_attn_layer=4 stage=qkv_proj seq_len=1 start_pos=67 elapsed_ms=0.621
kiln_profile_full_attn_stage full_attn_layer=4 stage=qkv_split seq_len=1 start_pos=67 elapsed_ms=0.005
kiln_profile_full_attn_stage full_attn_layer=4 stage=qk_norm seq_len=1 start_pos=67 elapsed_ms=0.022
kiln_profile_full_attn_stage full_attn_layer=4 stage=rope seq_len=1 start_pos=67 elapsed_ms=0.040
kiln_profile_full_attn_stage full_attn_layer=4 stage=q_transpose seq_len=1 start_pos=67 elapsed_ms=0.006
kiln_profile_full_attn_stage full_attn_layer=4 stage=kv_write seq_len=1 start_pos=67 elapsed_ms=0.006
kiln_profile_full_attn_stage full_attn_layer=4 stage=kv_read seq_len=1 start_pos=67 elapsed_ms=0.059
kiln_profile_full_attn_stage full_attn_layer=4 stage=decode_group_layout seq_len=1 start_pos=67 elapsed_ms=0.003
kiln_profile_full_attn_stage full_attn_layer=4 stage=decode_scores seq_len=1 start_pos=67 elapsed_ms=0.196
kiln_profile_full_attn_stage full_attn_layer=4 stage=decode_softmax seq_len=1 start_pos=67 elapsed_ms=0.011
kiln_profile_full_attn_stage full_attn_layer=4 stage=decode_weighted_sum seq_len=1 start_pos=67 elapsed_ms=0.043
kiln_profile_full_attn_stage full_attn_layer=4 stage=attn_gate seq_len=1 start_pos=67 elapsed_ms=0.014
kiln_profile_full_attn_stage full_attn_layer=4 stage=o_proj seq_len=1 start_pos=67 elapsed_ms=0.321
kiln_profile_mlp_stage layer=19 stage=fused seq_len=1 start_pos=67 elapsed_ms=1.097
kiln_profile_paged_layer layer=19 kind=full seq_len=1 start_pos=67 elapsed_ms=2.523
kiln_profile_gdn_stage layer=20 stage=in_proj seq_len=1 start_pos=67 elapsed_ms=0.720
kiln_profile_gdn_stage layer=20 stage=conv seq_len=1 start_pos=67 elapsed_ms=0.120
kiln_profile_gdn_stage layer=20 stage=qkv_split seq_len=1 start_pos=67 elapsed_ms=0.001
kiln_profile_gdn_stage layer=20 stage=qk_norm seq_len=1 start_pos=67 elapsed_ms=0.019
kiln_profile_gdn_stage layer=20 stage=gates seq_len=1 start_pos=67 elapsed_ms=0.398
kiln_profile_gdn_stage layer=20 stage=recurrent seq_len=1 start_pos=67 elapsed_ms=0.749
kiln_profile_gdn_stage layer=20 stage=post_transpose seq_len=1 start_pos=67 elapsed_ms=0.000
kiln_profile_gdn_stage layer=20 stage=gated_norm seq_len=1 start_pos=67 elapsed_ms=0.326
kiln_profile_gdn_stage layer=20 stage=out_proj seq_len=1 start_pos=67 elapsed_ms=0.346
kiln_profile_mlp_stage layer=20 stage=fused seq_len=1 start_pos=67 elapsed_ms=1.053
kiln_profile_paged_layer layer=20 kind=linear seq_len=1 start_pos=67 elapsed_ms=3.788
kiln_profile_gdn_stage layer=21 stage=in_proj seq_len=1 start_pos=67 elapsed_ms=0.710
kiln_profile_gdn_stage layer=21 stage=conv seq_len=1 start_pos=67 elapsed_ms=0.122
kiln_profile_gdn_stage layer=21 stage=qkv_split seq_len=1 start_pos=67 elapsed_ms=0.002
kiln_profile_gdn_stage layer=21 stage=qk_norm seq_len=1 start_pos=67 elapsed_ms=0.018
kiln_profile_gdn_stage layer=21 stage=gates seq_len=1 start_pos=67 elapsed_ms=0.278
kiln_profile_gdn_stage layer=21 stage=recurrent seq_len=1 start_pos=67 elapsed_ms=0.759
kiln_profile_gdn_stage layer=21 stage=post_transpose seq_len=1 start_pos=67 elapsed_ms=0.000
kiln_profile_gdn_stage layer=21 stage=gated_norm seq_len=1 start_pos=67 elapsed_ms=0.382
kiln_profile_gdn_stage layer=21 stage=out_proj seq_len=1 start_pos=67 elapsed_ms=0.339
kiln_profile_mlp_stage layer=21 stage=fused seq_len=1 start_pos=67 elapsed_ms=1.006
kiln_profile_paged_layer layer=21 kind=linear seq_len=1 start_pos=67 elapsed_ms=3.668
kiln_profile_gdn_stage layer=22 stage=in_proj seq_len=1 start_pos=67 elapsed_ms=0.735
kiln_profile_gdn_stage layer=22 stage=conv seq_len=1 start_pos=67 elapsed_ms=0.124
kiln_profile_gdn_stage layer=22 stage=qkv_split seq_len=1 start_pos=67 elapsed_ms=0.001
kiln_profile_gdn_stage layer=22 stage=qk_norm seq_len=1 start_pos=67 elapsed_ms=0.018
kiln_profile_gdn_stage layer=22 stage=gates seq_len=1 start_pos=67 elapsed_ms=0.253
kiln_profile_gdn_stage layer=22 stage=recurrent seq_len=1 start_pos=67 elapsed_ms=0.756
kiln_profile_gdn_stage layer=22 stage=post_transpose seq_len=1 start_pos=67 elapsed_ms=0.000
kiln_profile_gdn_stage layer=22 stage=gated_norm seq_len=1 start_pos=67 elapsed_ms=0.310
kiln_profile_gdn_stage layer=22 stage=out_proj seq_len=1 start_pos=67 elapsed_ms=0.370
kiln_profile_mlp_stage layer=22 stage=fused seq_len=1 start_pos=67 elapsed_ms=1.038
kiln_profile_paged_layer layer=22 kind=linear seq_len=1 start_pos=67 elapsed_ms=3.661
kiln_profile_full_attn_stage full_attn_layer=5 stage=qkv_proj seq_len=1 start_pos=67 elapsed_ms=0.656
kiln_profile_full_attn_stage full_attn_layer=5 stage=qkv_split seq_len=1 start_pos=67 elapsed_ms=0.005
kiln_profile_full_attn_stage full_attn_layer=5 stage=qk_norm seq_len=1 start_pos=67 elapsed_ms=0.022
kiln_profile_full_attn_stage full_attn_layer=5 stage=rope seq_len=1 start_pos=67 elapsed_ms=0.041
kiln_profile_full_attn_stage full_attn_layer=5 stage=q_transpose seq_len=1 start_pos=67 elapsed_ms=0.007
kiln_profile_full_attn_stage full_attn_layer=5 stage=kv_write seq_len=1 start_pos=67 elapsed_ms=0.007
kiln_profile_full_attn_stage full_attn_layer=5 stage=kv_read seq_len=1 start_pos=67 elapsed_ms=0.045
kiln_profile_full_attn_stage full_attn_layer=5 stage=decode_group_layout seq_len=1 start_pos=67 elapsed_ms=0.003
kiln_profile_full_attn_stage full_attn_layer=5 stage=decode_scores seq_len=1 start_pos=67 elapsed_ms=0.203
kiln_profile_full_attn_stage full_attn_layer=5 stage=decode_softmax seq_len=1 start_pos=67 elapsed_ms=0.012
kiln_profile_full_attn_stage full_attn_layer=5 stage=decode_weighted_sum seq_len=1 start_pos=67 elapsed_ms=0.046
kiln_profile_full_attn_stage full_attn_layer=5 stage=attn_gate seq_len=1 start_pos=67 elapsed_ms=0.013
kiln_profile_full_attn_stage full_attn_layer=5 stage=o_proj seq_len=1 start_pos=67 elapsed_ms=0.296
kiln_profile_mlp_stage layer=23 stage=fused seq_len=1 start_pos=67 elapsed_ms=0.985
kiln_profile_paged_layer layer=23 kind=full seq_len=1 start_pos=67 elapsed_ms=2.418
kiln_profile_gdn_stage layer=24 stage=in_proj seq_len=1 start_pos=67 elapsed_ms=0.896
kiln_profile_gdn_stage layer=24 stage=conv seq_len=1 start_pos=67 elapsed_ms=0.122
kiln_profile_gdn_stage layer=24 stage=qkv_split seq_len=1 start_pos=67 elapsed_ms=0.001
kiln_profile_gdn_stage layer=24 stage=qk_norm seq_len=1 start_pos=67 elapsed_ms=0.019
kiln_profile_gdn_stage layer=24 stage=gates seq_len=1 start_pos=67 elapsed_ms=0.257
kiln_profile_gdn_stage layer=24 stage=recurrent seq_len=1 start_pos=67 elapsed_ms=0.795
kiln_profile_gdn_stage layer=24 stage=post_transpose seq_len=1 start_pos=67 elapsed_ms=0.000
kiln_profile_gdn_stage layer=24 stage=gated_norm seq_len=1 start_pos=67 elapsed_ms=0.336
kiln_profile_gdn_stage layer=24 stage=out_proj seq_len=1 start_pos=67 elapsed_ms=0.309
kiln_profile_mlp_stage layer=24 stage=fused seq_len=1 start_pos=67 elapsed_ms=1.040
kiln_profile_paged_layer layer=24 kind=linear seq_len=1 start_pos=67 elapsed_ms=3.828
kiln_profile_gdn_stage layer=25 stage=in_proj seq_len=1 start_pos=67 elapsed_ms=0.807
kiln_profile_gdn_stage layer=25 stage=conv seq_len=1 start_pos=67 elapsed_ms=0.121
kiln_profile_gdn_stage layer=25 stage=qkv_split seq_len=1 start_pos=67 elapsed_ms=0.001
kiln_profile_gdn_stage layer=25 stage=qk_norm seq_len=1 start_pos=67 elapsed_ms=0.022
kiln_profile_gdn_stage layer=25 stage=gates seq_len=1 start_pos=67 elapsed_ms=0.323
kiln_profile_gdn_stage layer=25 stage=recurrent seq_len=1 start_pos=67 elapsed_ms=0.764
kiln_profile_gdn_stage layer=25 stage=post_transpose seq_len=1 start_pos=67 elapsed_ms=0.000
kiln_profile_gdn_stage layer=25 stage=gated_norm seq_len=1 start_pos=67 elapsed_ms=0.305
kiln_profile_gdn_stage layer=25 stage=out_proj seq_len=1 start_pos=67 elapsed_ms=0.386
kiln_profile_mlp_stage layer=25 stage=fused seq_len=1 start_pos=67 elapsed_ms=1.031
kiln_profile_paged_layer layer=25 kind=linear seq_len=1 start_pos=67 elapsed_ms=3.815
kiln_profile_gdn_stage layer=26 stage=in_proj seq_len=1 start_pos=67 elapsed_ms=0.742
kiln_profile_gdn_stage layer=26 stage=conv seq_len=1 start_pos=67 elapsed_ms=0.115
kiln_profile_gdn_stage layer=26 stage=qkv_split seq_len=1 start_pos=67 elapsed_ms=0.001
kiln_profile_gdn_stage layer=26 stage=qk_norm seq_len=1 start_pos=67 elapsed_ms=0.018
kiln_profile_gdn_stage layer=26 stage=gates seq_len=1 start_pos=67 elapsed_ms=0.227
kiln_profile_gdn_stage layer=26 stage=recurrent seq_len=1 start_pos=67 elapsed_ms=0.738
kiln_profile_gdn_stage layer=26 stage=post_transpose seq_len=1 start_pos=67 elapsed_ms=0.000
kiln_profile_gdn_stage layer=26 stage=gated_norm seq_len=1 start_pos=67 elapsed_ms=0.311
kiln_profile_gdn_stage layer=26 stage=out_proj seq_len=1 start_pos=67 elapsed_ms=0.357
kiln_profile_mlp_stage layer=26 stage=fused seq_len=1 start_pos=67 elapsed_ms=1.023
kiln_profile_paged_layer layer=26 kind=linear seq_len=1 start_pos=67 elapsed_ms=3.582
kiln_profile_full_attn_stage full_attn_layer=6 stage=qkv_proj seq_len=1 start_pos=67 elapsed_ms=0.644
kiln_profile_full_attn_stage full_attn_layer=6 stage=qkv_split seq_len=1 start_pos=67 elapsed_ms=0.004
kiln_profile_full_attn_stage full_attn_layer=6 stage=qk_norm seq_len=1 start_pos=67 elapsed_ms=0.021
kiln_profile_full_attn_stage full_attn_layer=6 stage=rope seq_len=1 start_pos=67 elapsed_ms=0.039
kiln_profile_full_attn_stage full_attn_layer=6 stage=q_transpose seq_len=1 start_pos=67 elapsed_ms=0.005
kiln_profile_full_attn_stage full_attn_layer=6 stage=kv_write seq_len=1 start_pos=67 elapsed_ms=0.006
kiln_profile_full_attn_stage full_attn_layer=6 stage=kv_read seq_len=1 start_pos=67 elapsed_ms=0.045
kiln_profile_full_attn_stage full_attn_layer=6 stage=decode_group_layout seq_len=1 start_pos=67 elapsed_ms=0.003
kiln_profile_full_attn_stage full_attn_layer=6 stage=decode_scores seq_len=1 start_pos=67 elapsed_ms=0.184
kiln_profile_full_attn_stage full_attn_layer=6 stage=decode_softmax seq_len=1 start_pos=67 elapsed_ms=0.011
kiln_profile_full_attn_stage full_attn_layer=6 stage=decode_weighted_sum seq_len=1 start_pos=67 elapsed_ms=0.043
kiln_profile_full_attn_stage full_attn_layer=6 stage=attn_gate seq_len=1 start_pos=67 elapsed_ms=0.011
kiln_profile_full_attn_stage full_attn_layer=6 stage=o_proj seq_len=1 start_pos=67 elapsed_ms=0.296
kiln_profile_mlp_stage layer=27 stage=fused seq_len=1 start_pos=67 elapsed_ms=1.038
kiln_profile_paged_layer layer=27 kind=full seq_len=1 start_pos=67 elapsed_ms=2.413
kiln_profile_gdn_stage layer=28 stage=in_proj seq_len=1 start_pos=67 elapsed_ms=0.727
kiln_profile_gdn_stage layer=28 stage=conv seq_len=1 start_pos=67 elapsed_ms=0.118
kiln_profile_gdn_stage layer=28 stage=qkv_split seq_len=1 start_pos=67 elapsed_ms=0.001
kiln_profile_gdn_stage layer=28 stage=qk_norm seq_len=1 start_pos=67 elapsed_ms=0.018
kiln_profile_gdn_stage layer=28 stage=gates seq_len=1 start_pos=67 elapsed_ms=0.243
kiln_profile_gdn_stage layer=28 stage=recurrent seq_len=1 start_pos=67 elapsed_ms=0.750
kiln_profile_gdn_stage layer=28 stage=post_transpose seq_len=1 start_pos=67 elapsed_ms=0.000
kiln_profile_gdn_stage layer=28 stage=gated_norm seq_len=1 start_pos=67 elapsed_ms=0.301
kiln_profile_gdn_stage layer=28 stage=out_proj seq_len=1 start_pos=67 elapsed_ms=0.344
kiln_profile_mlp_stage layer=28 stage=fused seq_len=1 start_pos=67 elapsed_ms=1.026
kiln_profile_paged_layer layer=28 kind=linear seq_len=1 start_pos=67 elapsed_ms=3.577
kiln_profile_gdn_stage layer=29 stage=in_proj seq_len=1 start_pos=67 elapsed_ms=0.791
kiln_profile_gdn_stage layer=29 stage=conv seq_len=1 start_pos=67 elapsed_ms=0.113
kiln_profile_gdn_stage layer=29 stage=qkv_split seq_len=1 start_pos=67 elapsed_ms=0.002
kiln_profile_gdn_stage layer=29 stage=qk_norm seq_len=1 start_pos=67 elapsed_ms=0.017
kiln_profile_gdn_stage layer=29 stage=gates seq_len=1 start_pos=67 elapsed_ms=0.261
kiln_profile_gdn_stage layer=29 stage=recurrent seq_len=1 start_pos=67 elapsed_ms=0.740
kiln_profile_gdn_stage layer=29 stage=post_transpose seq_len=1 start_pos=67 elapsed_ms=0.000
kiln_profile_gdn_stage layer=29 stage=gated_norm seq_len=1 start_pos=67 elapsed_ms=0.377
kiln_profile_gdn_stage layer=29 stage=out_proj seq_len=1 start_pos=67 elapsed_ms=0.355
kiln_profile_mlp_stage layer=29 stage=fused seq_len=1 start_pos=67 elapsed_ms=1.204
kiln_profile_paged_layer layer=29 kind=linear seq_len=1 start_pos=67 elapsed_ms=3.916
kiln_profile_gdn_stage layer=30 stage=in_proj seq_len=1 start_pos=67 elapsed_ms=0.730
kiln_profile_gdn_stage layer=30 stage=conv seq_len=1 start_pos=67 elapsed_ms=0.125
kiln_profile_gdn_stage layer=30 stage=qkv_split seq_len=1 start_pos=67 elapsed_ms=0.001
kiln_profile_gdn_stage layer=30 stage=qk_norm seq_len=1 start_pos=67 elapsed_ms=0.024
kiln_profile_gdn_stage layer=30 stage=gates seq_len=1 start_pos=67 elapsed_ms=0.272
kiln_profile_gdn_stage layer=30 stage=recurrent seq_len=1 start_pos=67 elapsed_ms=0.739
kiln_profile_gdn_stage layer=30 stage=post_transpose seq_len=1 start_pos=67 elapsed_ms=0.000
kiln_profile_gdn_stage layer=30 stage=gated_norm seq_len=1 start_pos=67 elapsed_ms=0.327
kiln_profile_gdn_stage layer=30 stage=out_proj seq_len=1 start_pos=67 elapsed_ms=0.361
kiln_profile_mlp_stage layer=30 stage=fused seq_len=1 start_pos=67 elapsed_ms=0.978
kiln_profile_paged_layer layer=30 kind=linear seq_len=1 start_pos=67 elapsed_ms=3.612
kiln_profile_full_attn_stage full_attn_layer=7 stage=qkv_proj seq_len=1 start_pos=67 elapsed_ms=1.273
kiln_profile_full_attn_stage full_attn_layer=7 stage=qkv_split seq_len=1 start_pos=67 elapsed_ms=0.005
kiln_profile_full_attn_stage full_attn_layer=7 stage=qk_norm seq_len=1 start_pos=67 elapsed_ms=0.021
kiln_profile_full_attn_stage full_attn_layer=7 stage=rope seq_len=1 start_pos=67 elapsed_ms=0.042
kiln_profile_full_attn_stage full_attn_layer=7 stage=q_transpose seq_len=1 start_pos=67 elapsed_ms=0.007
kiln_profile_full_attn_stage full_attn_layer=7 stage=kv_write seq_len=1 start_pos=67 elapsed_ms=0.006
kiln_profile_full_attn_stage full_attn_layer=7 stage=kv_read seq_len=1 start_pos=67 elapsed_ms=0.044
kiln_profile_full_attn_stage full_attn_layer=7 stage=decode_group_layout seq_len=1 start_pos=67 elapsed_ms=0.002
kiln_profile_full_attn_stage full_attn_layer=7 stage=decode_scores seq_len=1 start_pos=67 elapsed_ms=0.180
kiln_profile_full_attn_stage full_attn_layer=7 stage=decode_softmax seq_len=1 start_pos=67 elapsed_ms=0.015
kiln_profile_full_attn_stage full_attn_layer=7 stage=decode_weighted_sum seq_len=1 start_pos=67 elapsed_ms=0.057
kiln_profile_full_attn_stage full_attn_layer=7 stage=attn_gate seq_len=1 start_pos=67 elapsed_ms=0.017
kiln_profile_full_attn_stage full_attn_layer=7 stage=o_proj seq_len=1 start_pos=67 elapsed_ms=0.290
kiln_profile_mlp_stage layer=31 stage=fused seq_len=1 start_pos=67 elapsed_ms=0.989
kiln_profile_paged_layer layer=31 kind=full seq_len=1 start_pos=67 elapsed_ms=3.020
kiln_profile_gdn_stage layer=0 stage=in_proj seq_len=1 start_pos=68 elapsed_ms=0.710
kiln_profile_gdn_stage layer=0 stage=conv seq_len=1 start_pos=68 elapsed_ms=0.120
kiln_profile_gdn_stage layer=0 stage=qkv_split seq_len=1 start_pos=68 elapsed_ms=0.001
kiln_profile_gdn_stage layer=0 stage=qk_norm seq_len=1 start_pos=68 elapsed_ms=0.020
kiln_profile_gdn_stage layer=0 stage=gates seq_len=1 start_pos=68 elapsed_ms=0.417
kiln_profile_gdn_stage layer=0 stage=recurrent seq_len=1 start_pos=68 elapsed_ms=0.753
kiln_profile_gdn_stage layer=0 stage=post_transpose seq_len=1 start_pos=68 elapsed_ms=0.000
kiln_profile_gdn_stage layer=0 stage=gated_norm seq_len=1 start_pos=68 elapsed_ms=0.365
kiln_profile_gdn_stage layer=0 stage=out_proj seq_len=1 start_pos=68 elapsed_ms=0.349
kiln_profile_mlp_stage layer=0 stage=fused seq_len=1 start_pos=68 elapsed_ms=1.028
kiln_profile_paged_layer layer=0 kind=linear seq_len=1 start_pos=68 elapsed_ms=3.818
kiln_profile_gdn_stage layer=1 stage=in_proj seq_len=1 start_pos=68 elapsed_ms=0.788
kiln_profile_gdn_stage layer=1 stage=conv seq_len=1 start_pos=68 elapsed_ms=0.120
kiln_profile_gdn_stage layer=1 stage=qkv_split seq_len=1 start_pos=68 elapsed_ms=0.001
kiln_profile_gdn_stage layer=1 stage=qk_norm seq_len=1 start_pos=68 elapsed_ms=0.018
kiln_profile_gdn_stage layer=1 stage=gates seq_len=1 start_pos=68 elapsed_ms=0.242
kiln_profile_gdn_stage layer=1 stage=recurrent seq_len=1 start_pos=68 elapsed_ms=0.724
kiln_profile_gdn_stage layer=1 stage=post_transpose seq_len=1 start_pos=68 elapsed_ms=0.000
kiln_profile_gdn_stage layer=1 stage=gated_norm seq_len=1 start_pos=68 elapsed_ms=0.340
kiln_profile_gdn_stage layer=1 stage=out_proj seq_len=1 start_pos=68 elapsed_ms=0.356
kiln_profile_mlp_stage layer=1 stage=fused seq_len=1 start_pos=68 elapsed_ms=1.020
kiln_profile_paged_layer layer=1 kind=linear seq_len=1 start_pos=68 elapsed_ms=3.660
kiln_profile_gdn_stage layer=2 stage=in_proj seq_len=1 start_pos=68 elapsed_ms=0.776
kiln_profile_gdn_stage layer=2 stage=conv seq_len=1 start_pos=68 elapsed_ms=0.116
kiln_profile_gdn_stage layer=2 stage=qkv_split seq_len=1 start_pos=68 elapsed_ms=0.001
kiln_profile_gdn_stage layer=2 stage=qk_norm seq_len=1 start_pos=68 elapsed_ms=0.017
kiln_profile_gdn_stage layer=2 stage=gates seq_len=1 start_pos=68 elapsed_ms=0.799
kiln_profile_gdn_stage layer=2 stage=recurrent seq_len=1 start_pos=68 elapsed_ms=0.710
kiln_profile_gdn_stage layer=2 stage=post_transpose seq_len=1 start_pos=68 elapsed_ms=0.000
kiln_profile_gdn_stage layer=2 stage=gated_norm seq_len=1 start_pos=68 elapsed_ms=0.293
kiln_profile_gdn_stage layer=2 stage=out_proj seq_len=1 start_pos=68 elapsed_ms=0.365
kiln_profile_mlp_stage layer=2 stage=fused seq_len=1 start_pos=68 elapsed_ms=1.017
kiln_profile_paged_layer layer=2 kind=linear seq_len=1 start_pos=68 elapsed_ms=4.138
kiln_profile_full_attn_stage full_attn_layer=0 stage=qkv_proj seq_len=1 start_pos=68 elapsed_ms=0.624
kiln_profile_full_attn_stage full_attn_layer=0 stage=qkv_split seq_len=1 start_pos=68 elapsed_ms=0.004
kiln_profile_full_attn_stage full_attn_layer=0 stage=qk_norm seq_len=1 start_pos=68 elapsed_ms=0.022
kiln_profile_full_attn_stage full_attn_layer=0 stage=rope seq_len=1 start_pos=68 elapsed_ms=0.039
kiln_profile_full_attn_stage full_attn_layer=0 stage=q_transpose seq_len=1 start_pos=68 elapsed_ms=0.005
kiln_profile_full_attn_stage full_attn_layer=0 stage=kv_write seq_len=1 start_pos=68 elapsed_ms=0.005
kiln_profile_full_attn_stage full_attn_layer=0 stage=kv_read seq_len=1 start_pos=68 elapsed_ms=0.048
kiln_profile_full_attn_stage full_attn_layer=0 stage=decode_group_layout seq_len=1 start_pos=68 elapsed_ms=0.002
kiln_profile_full_attn_stage full_attn_layer=0 stage=decode_scores seq_len=1 start_pos=68 elapsed_ms=0.195
kiln_profile_full_attn_stage full_attn_layer=0 stage=decode_softmax seq_len=1 start_pos=68 elapsed_ms=0.011
kiln_profile_full_attn_stage full_attn_layer=0 stage=decode_weighted_sum seq_len=1 start_pos=68 elapsed_ms=0.043
kiln_profile_full_attn_stage full_attn_layer=0 stage=attn_gate seq_len=1 start_pos=68 elapsed_ms=0.011
kiln_profile_full_attn_stage full_attn_layer=0 stage=o_proj seq_len=1 start_pos=68 elapsed_ms=0.286
kiln_profile_mlp_stage layer=3 stage=fused seq_len=1 start_pos=68 elapsed_ms=1.082
kiln_profile_paged_layer layer=3 kind=full seq_len=1 start_pos=68 elapsed_ms=2.442
kiln_profile_gdn_stage layer=4 stage=in_proj seq_len=1 start_pos=68 elapsed_ms=0.768
kiln_profile_gdn_stage layer=4 stage=conv seq_len=1 start_pos=68 elapsed_ms=0.164
kiln_profile_gdn_stage layer=4 stage=qkv_split seq_len=1 start_pos=68 elapsed_ms=0.001
kiln_profile_gdn_stage layer=4 stage=qk_norm seq_len=1 start_pos=68 elapsed_ms=0.022
kiln_profile_gdn_stage layer=4 stage=gates seq_len=1 start_pos=68 elapsed_ms=0.347
kiln_profile_gdn_stage layer=4 stage=recurrent seq_len=1 start_pos=68 elapsed_ms=0.763
kiln_profile_gdn_stage layer=4 stage=post_transpose seq_len=1 start_pos=68 elapsed_ms=0.000
kiln_profile_gdn_stage layer=4 stage=gated_norm seq_len=1 start_pos=68 elapsed_ms=0.334
kiln_profile_gdn_stage layer=4 stage=out_proj seq_len=1 start_pos=68 elapsed_ms=0.371
kiln_profile_mlp_stage layer=4 stage=fused seq_len=1 start_pos=68 elapsed_ms=1.086
kiln_profile_paged_layer layer=4 kind=linear seq_len=1 start_pos=68 elapsed_ms=3.942
kiln_profile_gdn_stage layer=5 stage=in_proj seq_len=1 start_pos=68 elapsed_ms=0.814
kiln_profile_gdn_stage layer=5 stage=conv seq_len=1 start_pos=68 elapsed_ms=0.176
kiln_profile_gdn_stage layer=5 stage=qkv_split seq_len=1 start_pos=68 elapsed_ms=0.001
kiln_profile_gdn_stage layer=5 stage=qk_norm seq_len=1 start_pos=68 elapsed_ms=0.019
kiln_profile_gdn_stage layer=5 stage=gates seq_len=1 start_pos=68 elapsed_ms=0.574
kiln_profile_gdn_stage layer=5 stage=recurrent seq_len=1 start_pos=68 elapsed_ms=0.778
kiln_profile_gdn_stage layer=5 stage=post_transpose seq_len=1 start_pos=68 elapsed_ms=0.000
kiln_profile_gdn_stage layer=5 stage=gated_norm seq_len=1 start_pos=68 elapsed_ms=0.350
kiln_profile_gdn_stage layer=5 stage=out_proj seq_len=1 start_pos=68 elapsed_ms=0.333
kiln_profile_mlp_stage layer=5 stage=fused seq_len=1 start_pos=68 elapsed_ms=1.249
kiln_profile_paged_layer layer=5 kind=linear seq_len=1 start_pos=68 elapsed_ms=4.357
kiln_profile_gdn_stage layer=6 stage=in_proj seq_len=1 start_pos=68 elapsed_ms=0.712
kiln_profile_gdn_stage layer=6 stage=conv seq_len=1 start_pos=68 elapsed_ms=0.150
kiln_profile_gdn_stage layer=6 stage=qkv_split seq_len=1 start_pos=68 elapsed_ms=0.001
kiln_profile_gdn_stage layer=6 stage=qk_norm seq_len=1 start_pos=68 elapsed_ms=0.021
kiln_profile_gdn_stage layer=6 stage=gates seq_len=1 start_pos=68 elapsed_ms=0.284
kiln_profile_gdn_stage layer=6 stage=recurrent seq_len=1 start_pos=68 elapsed_ms=0.722
kiln_profile_gdn_stage layer=6 stage=post_transpose seq_len=1 start_pos=68 elapsed_ms=0.000
kiln_profile_gdn_stage layer=6 stage=gated_norm seq_len=1 start_pos=68 elapsed_ms=0.325
kiln_profile_gdn_stage layer=6 stage=out_proj seq_len=1 start_pos=68 elapsed_ms=0.345
kiln_profile_mlp_stage layer=6 stage=fused seq_len=1 start_pos=68 elapsed_ms=1.003
kiln_profile_paged_layer layer=6 kind=linear seq_len=1 start_pos=68 elapsed_ms=3.622
kiln_profile_full_attn_stage full_attn_layer=1 stage=qkv_proj seq_len=1 start_pos=68 elapsed_ms=0.625
kiln_profile_full_attn_stage full_attn_layer=1 stage=qkv_split seq_len=1 start_pos=68 elapsed_ms=0.004
kiln_profile_full_attn_stage full_attn_layer=1 stage=qk_norm seq_len=1 start_pos=68 elapsed_ms=0.022
kiln_profile_full_attn_stage full_attn_layer=1 stage=rope seq_len=1 start_pos=68 elapsed_ms=0.045
kiln_profile_full_attn_stage full_attn_layer=1 stage=q_transpose seq_len=1 start_pos=68 elapsed_ms=0.005
kiln_profile_full_attn_stage full_attn_layer=1 stage=kv_write seq_len=1 start_pos=68 elapsed_ms=0.006
kiln_profile_full_attn_stage full_attn_layer=1 stage=kv_read seq_len=1 start_pos=68 elapsed_ms=0.043
kiln_profile_full_attn_stage full_attn_layer=1 stage=decode_group_layout seq_len=1 start_pos=68 elapsed_ms=0.003
kiln_profile_full_attn_stage full_attn_layer=1 stage=decode_scores seq_len=1 start_pos=68 elapsed_ms=0.167
kiln_profile_full_attn_stage full_attn_layer=1 stage=decode_softmax seq_len=1 start_pos=68 elapsed_ms=0.012
kiln_profile_full_attn_stage full_attn_layer=1 stage=decode_weighted_sum seq_len=1 start_pos=68 elapsed_ms=0.043
kiln_profile_full_attn_stage full_attn_layer=1 stage=attn_gate seq_len=1 start_pos=68 elapsed_ms=0.011
kiln_profile_full_attn_stage full_attn_layer=1 stage=o_proj seq_len=1 start_pos=68 elapsed_ms=0.315
kiln_profile_mlp_stage layer=7 stage=fused seq_len=1 start_pos=68 elapsed_ms=1.041
kiln_profile_paged_layer layer=7 kind=full seq_len=1 start_pos=68 elapsed_ms=2.405
kiln_profile_gdn_stage layer=8 stage=in_proj seq_len=1 start_pos=68 elapsed_ms=0.745
kiln_profile_gdn_stage layer=8 stage=conv seq_len=1 start_pos=68 elapsed_ms=0.121
kiln_profile_gdn_stage layer=8 stage=qkv_split seq_len=1 start_pos=68 elapsed_ms=0.001
kiln_profile_gdn_stage layer=8 stage=qk_norm seq_len=1 start_pos=68 elapsed_ms=0.019
kiln_profile_gdn_stage layer=8 stage=gates seq_len=1 start_pos=68 elapsed_ms=0.253
kiln_profile_gdn_stage layer=8 stage=recurrent seq_len=1 start_pos=68 elapsed_ms=0.719
kiln_profile_gdn_stage layer=8 stage=post_transpose seq_len=1 start_pos=68 elapsed_ms=0.000
kiln_profile_gdn_stage layer=8 stage=gated_norm seq_len=1 start_pos=68 elapsed_ms=0.318
kiln_profile_gdn_stage layer=8 stage=out_proj seq_len=1 start_pos=68 elapsed_ms=0.340
kiln_profile_mlp_stage layer=8 stage=fused seq_len=1 start_pos=68 elapsed_ms=1.058
kiln_profile_paged_layer layer=8 kind=linear seq_len=1 start_pos=68 elapsed_ms=3.627
kiln_profile_gdn_stage layer=9 stage=in_proj seq_len=1 start_pos=68 elapsed_ms=0.770
kiln_profile_gdn_stage layer=9 stage=conv seq_len=1 start_pos=68 elapsed_ms=0.127
kiln_profile_gdn_stage layer=9 stage=qkv_split seq_len=1 start_pos=68 elapsed_ms=0.001
kiln_profile_gdn_stage layer=9 stage=qk_norm seq_len=1 start_pos=68 elapsed_ms=0.019
kiln_profile_gdn_stage layer=9 stage=gates seq_len=1 start_pos=68 elapsed_ms=0.239
kiln_profile_gdn_stage layer=9 stage=recurrent seq_len=1 start_pos=68 elapsed_ms=0.734
kiln_profile_gdn_stage layer=9 stage=post_transpose seq_len=1 start_pos=68 elapsed_ms=0.001
kiln_profile_gdn_stage layer=9 stage=gated_norm seq_len=1 start_pos=68 elapsed_ms=0.357
kiln_profile_gdn_stage layer=9 stage=out_proj seq_len=1 start_pos=68 elapsed_ms=0.352
kiln_profile_mlp_stage layer=9 stage=fused seq_len=1 start_pos=68 elapsed_ms=1.159
kiln_profile_paged_layer layer=9 kind=linear seq_len=1 start_pos=68 elapsed_ms=3.821
kiln_profile_gdn_stage layer=10 stage=in_proj seq_len=1 start_pos=68 elapsed_ms=0.743
kiln_profile_gdn_stage layer=10 stage=conv seq_len=1 start_pos=68 elapsed_ms=0.125
kiln_profile_gdn_stage layer=10 stage=qkv_split seq_len=1 start_pos=68 elapsed_ms=0.002
kiln_profile_gdn_stage layer=10 stage=qk_norm seq_len=1 start_pos=68 elapsed_ms=0.023
kiln_profile_gdn_stage layer=10 stage=gates seq_len=1 start_pos=68 elapsed_ms=0.256
kiln_profile_gdn_stage layer=10 stage=recurrent seq_len=1 start_pos=68 elapsed_ms=0.724
kiln_profile_gdn_stage layer=10 stage=post_transpose seq_len=1 start_pos=68 elapsed_ms=0.000
kiln_profile_gdn_stage layer=10 stage=gated_norm seq_len=1 start_pos=68 elapsed_ms=0.293
kiln_profile_gdn_stage layer=10 stage=out_proj seq_len=1 start_pos=68 elapsed_ms=0.345
kiln_profile_mlp_stage layer=10 stage=fused seq_len=1 start_pos=68 elapsed_ms=0.983
kiln_profile_paged_layer layer=10 kind=linear seq_len=1 start_pos=68 elapsed_ms=3.544
kiln_profile_full_attn_stage full_attn_layer=2 stage=qkv_proj seq_len=1 start_pos=68 elapsed_ms=0.625
kiln_profile_full_attn_stage full_attn_layer=2 stage=qkv_split seq_len=1 start_pos=68 elapsed_ms=0.004
kiln_profile_full_attn_stage full_attn_layer=2 stage=qk_norm seq_len=1 start_pos=68 elapsed_ms=0.021
kiln_profile_full_attn_stage full_attn_layer=2 stage=rope seq_len=1 start_pos=68 elapsed_ms=0.040
kiln_profile_full_attn_stage full_attn_layer=2 stage=q_transpose seq_len=1 start_pos=68 elapsed_ms=0.006
kiln_profile_full_attn_stage full_attn_layer=2 stage=kv_write seq_len=1 start_pos=68 elapsed_ms=0.005
kiln_profile_full_attn_stage full_attn_layer=2 stage=kv_read seq_len=1 start_pos=68 elapsed_ms=0.048
kiln_profile_full_attn_stage full_attn_layer=2 stage=decode_group_layout seq_len=1 start_pos=68 elapsed_ms=0.002
kiln_profile_full_attn_stage full_attn_layer=2 stage=decode_scores seq_len=1 start_pos=68 elapsed_ms=0.185
kiln_profile_full_attn_stage full_attn_layer=2 stage=decode_softmax seq_len=1 start_pos=68 elapsed_ms=0.011
kiln_profile_full_attn_stage full_attn_layer=2 stage=decode_weighted_sum seq_len=1 start_pos=68 elapsed_ms=0.043
kiln_profile_full_attn_stage full_attn_layer=2 stage=attn_gate seq_len=1 start_pos=68 elapsed_ms=0.011
kiln_profile_full_attn_stage full_attn_layer=2 stage=o_proj seq_len=1 start_pos=68 elapsed_ms=0.355
kiln_profile_mlp_stage layer=11 stage=fused seq_len=1 start_pos=68 elapsed_ms=1.030
kiln_profile_paged_layer layer=11 kind=full seq_len=1 start_pos=68 elapsed_ms=2.449
kiln_profile_gdn_stage layer=12 stage=in_proj seq_len=1 start_pos=68 elapsed_ms=0.734
kiln_profile_gdn_stage layer=12 stage=conv seq_len=1 start_pos=68 elapsed_ms=0.114
kiln_profile_gdn_stage layer=12 stage=qkv_split seq_len=1 start_pos=68 elapsed_ms=0.001
kiln_profile_gdn_stage layer=12 stage=qk_norm seq_len=1 start_pos=68 elapsed_ms=0.018
kiln_profile_gdn_stage layer=12 stage=gates seq_len=1 start_pos=68 elapsed_ms=0.235
kiln_profile_gdn_stage layer=12 stage=recurrent seq_len=1 start_pos=68 elapsed_ms=0.742
kiln_profile_gdn_stage layer=12 stage=post_transpose seq_len=1 start_pos=68 elapsed_ms=0.000
kiln_profile_gdn_stage layer=12 stage=gated_norm seq_len=1 start_pos=68 elapsed_ms=0.298
kiln_profile_gdn_stage layer=12 stage=out_proj seq_len=1 start_pos=68 elapsed_ms=0.329
kiln_profile_mlp_stage layer=12 stage=fused seq_len=1 start_pos=68 elapsed_ms=1.004
kiln_profile_paged_layer layer=12 kind=linear seq_len=1 start_pos=68 elapsed_ms=3.521
kiln_profile_gdn_stage layer=13 stage=in_proj seq_len=1 start_pos=68 elapsed_ms=0.747
kiln_profile_gdn_stage layer=13 stage=conv seq_len=1 start_pos=68 elapsed_ms=0.113
kiln_profile_gdn_stage layer=13 stage=qkv_split seq_len=1 start_pos=68 elapsed_ms=0.001
kiln_profile_gdn_stage layer=13 stage=qk_norm seq_len=1 start_pos=68 elapsed_ms=0.017
kiln_profile_gdn_stage layer=13 stage=gates seq_len=1 start_pos=68 elapsed_ms=0.266
kiln_profile_gdn_stage layer=13 stage=recurrent seq_len=1 start_pos=68 elapsed_ms=0.724
kiln_profile_gdn_stage layer=13 stage=post_transpose seq_len=1 start_pos=68 elapsed_ms=0.000
kiln_profile_gdn_stage layer=13 stage=gated_norm seq_len=1 start_pos=68 elapsed_ms=0.315
kiln_profile_gdn_stage layer=13 stage=out_proj seq_len=1 start_pos=68 elapsed_ms=0.326
kiln_profile_mlp_stage layer=13 stage=fused seq_len=1 start_pos=68 elapsed_ms=1.023
kiln_profile_paged_layer layer=13 kind=linear seq_len=1 start_pos=68 elapsed_ms=3.578
kiln_profile_gdn_stage layer=14 stage=in_proj seq_len=1 start_pos=68 elapsed_ms=0.746
kiln_profile_gdn_stage layer=14 stage=conv seq_len=1 start_pos=68 elapsed_ms=0.116
kiln_profile_gdn_stage layer=14 stage=qkv_split seq_len=1 start_pos=68 elapsed_ms=0.001
kiln_profile_gdn_stage layer=14 stage=qk_norm seq_len=1 start_pos=68 elapsed_ms=0.017
kiln_profile_gdn_stage layer=14 stage=gates seq_len=1 start_pos=68 elapsed_ms=0.343
kiln_profile_gdn_stage layer=14 stage=recurrent seq_len=1 start_pos=68 elapsed_ms=0.763
kiln_profile_gdn_stage layer=14 stage=post_transpose seq_len=1 start_pos=68 elapsed_ms=0.000
kiln_profile_gdn_stage layer=14 stage=gated_norm seq_len=1 start_pos=68 elapsed_ms=0.288
kiln_profile_gdn_stage layer=14 stage=out_proj seq_len=1 start_pos=68 elapsed_ms=0.430
kiln_profile_mlp_stage layer=14 stage=fused seq_len=1 start_pos=68 elapsed_ms=1.086
kiln_profile_paged_layer layer=14 kind=linear seq_len=1 start_pos=68 elapsed_ms=3.842
kiln_profile_full_attn_stage full_attn_layer=3 stage=qkv_proj seq_len=1 start_pos=68 elapsed_ms=0.599
kiln_profile_full_attn_stage full_attn_layer=3 stage=qkv_split seq_len=1 start_pos=68 elapsed_ms=0.006
kiln_profile_full_attn_stage full_attn_layer=3 stage=qk_norm seq_len=1 start_pos=68 elapsed_ms=0.024
kiln_profile_full_attn_stage full_attn_layer=3 stage=rope seq_len=1 start_pos=68 elapsed_ms=0.055
kiln_profile_full_attn_stage full_attn_layer=3 stage=q_transpose seq_len=1 start_pos=68 elapsed_ms=0.007
kiln_profile_full_attn_stage full_attn_layer=3 stage=kv_write seq_len=1 start_pos=68 elapsed_ms=0.006
kiln_profile_full_attn_stage full_attn_layer=3 stage=kv_read seq_len=1 start_pos=68 elapsed_ms=0.047
kiln_profile_full_attn_stage full_attn_layer=3 stage=decode_group_layout seq_len=1 start_pos=68 elapsed_ms=0.004
kiln_profile_full_attn_stage full_attn_layer=3 stage=decode_scores seq_len=1 start_pos=68 elapsed_ms=0.199
kiln_profile_full_attn_stage full_attn_layer=3 stage=decode_softmax seq_len=1 start_pos=68 elapsed_ms=0.011
kiln_profile_full_attn_stage full_attn_layer=3 stage=decode_weighted_sum seq_len=1 start_pos=68 elapsed_ms=0.048
kiln_profile_full_attn_stage full_attn_layer=3 stage=attn_gate seq_len=1 start_pos=68 elapsed_ms=0.018
kiln_profile_full_attn_stage full_attn_layer=3 stage=o_proj seq_len=1 start_pos=68 elapsed_ms=0.307
kiln_profile_mlp_stage layer=15 stage=fused seq_len=1 start_pos=68 elapsed_ms=1.262
kiln_profile_paged_layer layer=15 kind=full seq_len=1 start_pos=68 elapsed_ms=2.673
kiln_profile_gdn_stage layer=16 stage=in_proj seq_len=1 start_pos=68 elapsed_ms=0.755
kiln_profile_gdn_stage layer=16 stage=conv seq_len=1 start_pos=68 elapsed_ms=0.130
kiln_profile_gdn_stage layer=16 stage=qkv_split seq_len=1 start_pos=68 elapsed_ms=0.001
kiln_profile_gdn_stage layer=16 stage=qk_norm seq_len=1 start_pos=68 elapsed_ms=0.025
kiln_profile_gdn_stage layer=16 stage=gates seq_len=1 start_pos=68 elapsed_ms=0.334
kiln_profile_gdn_stage layer=16 stage=recurrent seq_len=1 start_pos=68 elapsed_ms=0.773
kiln_profile_gdn_stage layer=16 stage=post_transpose seq_len=1 start_pos=68 elapsed_ms=0.000
kiln_profile_gdn_stage layer=16 stage=gated_norm seq_len=1 start_pos=68 elapsed_ms=0.318
kiln_profile_gdn_stage layer=16 stage=out_proj seq_len=1 start_pos=68 elapsed_ms=0.338
kiln_profile_mlp_stage layer=16 stage=fused seq_len=1 start_pos=68 elapsed_ms=1.037
kiln_profile_paged_layer layer=16 kind=linear seq_len=1 start_pos=68 elapsed_ms=3.768
kiln_profile_gdn_stage layer=17 stage=in_proj seq_len=1 start_pos=68 elapsed_ms=0.747
kiln_profile_gdn_stage layer=17 stage=conv seq_len=1 start_pos=68 elapsed_ms=0.127
kiln_profile_gdn_stage layer=17 stage=qkv_split seq_len=1 start_pos=68 elapsed_ms=0.001
kiln_profile_gdn_stage layer=17 stage=qk_norm seq_len=1 start_pos=68 elapsed_ms=0.019
kiln_profile_gdn_stage layer=17 stage=gates seq_len=1 start_pos=68 elapsed_ms=0.256
kiln_profile_gdn_stage layer=17 stage=recurrent seq_len=1 start_pos=68 elapsed_ms=0.783
kiln_profile_gdn_stage layer=17 stage=post_transpose seq_len=1 start_pos=68 elapsed_ms=0.000
kiln_profile_gdn_stage layer=17 stage=gated_norm seq_len=1 start_pos=68 elapsed_ms=0.299
kiln_profile_gdn_stage layer=17 stage=out_proj seq_len=1 start_pos=68 elapsed_ms=0.335
kiln_profile_mlp_stage layer=17 stage=fused seq_len=1 start_pos=68 elapsed_ms=1.010
kiln_profile_paged_layer layer=17 kind=linear seq_len=1 start_pos=68 elapsed_ms=3.628
kiln_profile_gdn_stage layer=18 stage=in_proj seq_len=1 start_pos=68 elapsed_ms=0.790
kiln_profile_gdn_stage layer=18 stage=conv seq_len=1 start_pos=68 elapsed_ms=0.120
kiln_profile_gdn_stage layer=18 stage=qkv_split seq_len=1 start_pos=68 elapsed_ms=0.001
kiln_profile_gdn_stage layer=18 stage=qk_norm seq_len=1 start_pos=68 elapsed_ms=0.017
kiln_profile_gdn_stage layer=18 stage=gates seq_len=1 start_pos=68 elapsed_ms=0.919
kiln_profile_gdn_stage layer=18 stage=recurrent seq_len=1 start_pos=68 elapsed_ms=0.749
kiln_profile_gdn_stage layer=18 stage=post_transpose seq_len=1 start_pos=68 elapsed_ms=0.000
kiln_profile_gdn_stage layer=18 stage=gated_norm seq_len=1 start_pos=68 elapsed_ms=0.310
kiln_profile_gdn_stage layer=18 stage=out_proj seq_len=1 start_pos=68 elapsed_ms=0.344
kiln_profile_mlp_stage layer=18 stage=fused seq_len=1 start_pos=68 elapsed_ms=1.052
kiln_profile_paged_layer layer=18 kind=linear seq_len=1 start_pos=68 elapsed_ms=4.350
kiln_profile_full_attn_stage full_attn_layer=4 stage=qkv_proj seq_len=1 start_pos=68 elapsed_ms=0.650
kiln_profile_full_attn_stage full_attn_layer=4 stage=qkv_split seq_len=1 start_pos=68 elapsed_ms=0.004
kiln_profile_full_attn_stage full_attn_layer=4 stage=qk_norm seq_len=1 start_pos=68 elapsed_ms=0.025
kiln_profile_full_attn_stage full_attn_layer=4 stage=rope seq_len=1 start_pos=68 elapsed_ms=0.050
kiln_profile_full_attn_stage full_attn_layer=4 stage=q_transpose seq_len=1 start_pos=68 elapsed_ms=0.005
kiln_profile_full_attn_stage full_attn_layer=4 stage=kv_write seq_len=1 start_pos=68 elapsed_ms=0.005
kiln_profile_full_attn_stage full_attn_layer=4 stage=kv_read seq_len=1 start_pos=68 elapsed_ms=0.056
kiln_profile_full_attn_stage full_attn_layer=4 stage=decode_group_layout seq_len=1 start_pos=68 elapsed_ms=0.003
kiln_profile_full_attn_stage full_attn_layer=4 stage=decode_scores seq_len=1 start_pos=68 elapsed_ms=0.175
kiln_profile_full_attn_stage full_attn_layer=4 stage=decode_softmax seq_len=1 start_pos=68 elapsed_ms=0.011
kiln_profile_full_attn_stage full_attn_layer=4 stage=decode_weighted_sum seq_len=1 start_pos=68 elapsed_ms=0.047
kiln_profile_full_attn_stage full_attn_layer=4 stage=attn_gate seq_len=1 start_pos=68 elapsed_ms=0.011
kiln_profile_full_attn_stage full_attn_layer=4 stage=o_proj seq_len=1 start_pos=68 elapsed_ms=0.324
kiln_profile_mlp_stage layer=19 stage=fused seq_len=1 start_pos=68 elapsed_ms=1.030
kiln_profile_paged_layer layer=19 kind=full seq_len=1 start_pos=68 elapsed_ms=2.464
kiln_profile_gdn_stage layer=20 stage=in_proj seq_len=1 start_pos=68 elapsed_ms=0.737
kiln_profile_gdn_stage layer=20 stage=conv seq_len=1 start_pos=68 elapsed_ms=0.130
kiln_profile_gdn_stage layer=20 stage=qkv_split seq_len=1 start_pos=68 elapsed_ms=0.001
kiln_profile_gdn_stage layer=20 stage=qk_norm seq_len=1 start_pos=68 elapsed_ms=0.020
kiln_profile_gdn_stage layer=20 stage=gates seq_len=1 start_pos=68 elapsed_ms=0.245
kiln_profile_gdn_stage layer=20 stage=recurrent seq_len=1 start_pos=68 elapsed_ms=0.739
kiln_profile_gdn_stage layer=20 stage=post_transpose seq_len=1 start_pos=68 elapsed_ms=0.000
kiln_profile_gdn_stage layer=20 stage=gated_norm seq_len=1 start_pos=68 elapsed_ms=0.303
kiln_profile_gdn_stage layer=20 stage=out_proj seq_len=1 start_pos=68 elapsed_ms=0.346
kiln_profile_mlp_stage layer=20 stage=fused seq_len=1 start_pos=68 elapsed_ms=1.023
kiln_profile_paged_layer layer=20 kind=linear seq_len=1 start_pos=68 elapsed_ms=3.589
kiln_profile_gdn_stage layer=21 stage=in_proj seq_len=1 start_pos=68 elapsed_ms=0.753
kiln_profile_gdn_stage layer=21 stage=conv seq_len=1 start_pos=68 elapsed_ms=0.118
kiln_profile_gdn_stage layer=21 stage=qkv_split seq_len=1 start_pos=68 elapsed_ms=0.001
kiln_profile_gdn_stage layer=21 stage=qk_norm seq_len=1 start_pos=68 elapsed_ms=0.019
kiln_profile_gdn_stage layer=21 stage=gates seq_len=1 start_pos=68 elapsed_ms=0.281
kiln_profile_gdn_stage layer=21 stage=recurrent seq_len=1 start_pos=68 elapsed_ms=0.786
kiln_profile_gdn_stage layer=21 stage=post_transpose seq_len=1 start_pos=68 elapsed_ms=0.000
kiln_profile_gdn_stage layer=21 stage=gated_norm seq_len=1 start_pos=68 elapsed_ms=0.352
kiln_profile_gdn_stage layer=21 stage=out_proj seq_len=1 start_pos=68 elapsed_ms=0.347
kiln_profile_mlp_stage layer=21 stage=fused seq_len=1 start_pos=68 elapsed_ms=1.019
kiln_profile_paged_layer layer=21 kind=linear seq_len=1 start_pos=68 elapsed_ms=3.725
kiln_profile_gdn_stage layer=22 stage=in_proj seq_len=1 start_pos=68 elapsed_ms=0.781
kiln_profile_gdn_stage layer=22 stage=conv seq_len=1 start_pos=68 elapsed_ms=0.117
kiln_profile_gdn_stage layer=22 stage=qkv_split seq_len=1 start_pos=68 elapsed_ms=0.001
kiln_profile_gdn_stage layer=22 stage=qk_norm seq_len=1 start_pos=68 elapsed_ms=0.018
kiln_profile_gdn_stage layer=22 stage=gates seq_len=1 start_pos=68 elapsed_ms=0.295
kiln_profile_gdn_stage layer=22 stage=recurrent seq_len=1 start_pos=68 elapsed_ms=0.725
kiln_profile_gdn_stage layer=22 stage=post_transpose seq_len=1 start_pos=68 elapsed_ms=0.000
kiln_profile_gdn_stage layer=22 stage=gated_norm seq_len=1 start_pos=68 elapsed_ms=0.321
kiln_profile_gdn_stage layer=22 stage=out_proj seq_len=1 start_pos=68 elapsed_ms=0.768
kiln_profile_mlp_stage layer=22 stage=fused seq_len=1 start_pos=68 elapsed_ms=1.056
kiln_profile_paged_layer layer=22 kind=linear seq_len=1 start_pos=68 elapsed_ms=4.133
kiln_profile_full_attn_stage full_attn_layer=5 stage=qkv_proj seq_len=1 start_pos=68 elapsed_ms=0.682
kiln_profile_full_attn_stage full_attn_layer=5 stage=qkv_split seq_len=1 start_pos=68 elapsed_ms=0.005
kiln_profile_full_attn_stage full_attn_layer=5 stage=qk_norm seq_len=1 start_pos=68 elapsed_ms=0.030
kiln_profile_full_attn_stage full_attn_layer=5 stage=rope seq_len=1 start_pos=68 elapsed_ms=0.043
kiln_profile_full_attn_stage full_attn_layer=5 stage=q_transpose seq_len=1 start_pos=68 elapsed_ms=0.006
kiln_profile_full_attn_stage full_attn_layer=5 stage=kv_write seq_len=1 start_pos=68 elapsed_ms=0.007
kiln_profile_full_attn_stage full_attn_layer=5 stage=kv_read seq_len=1 start_pos=68 elapsed_ms=0.046
kiln_profile_full_attn_stage full_attn_layer=5 stage=decode_group_layout seq_len=1 start_pos=68 elapsed_ms=0.004
kiln_profile_full_attn_stage full_attn_layer=5 stage=decode_scores seq_len=1 start_pos=68 elapsed_ms=0.174
kiln_profile_full_attn_stage full_attn_layer=5 stage=decode_softmax seq_len=1 start_pos=68 elapsed_ms=0.013
kiln_profile_full_attn_stage full_attn_layer=5 stage=decode_weighted_sum seq_len=1 start_pos=68 elapsed_ms=0.043
kiln_profile_full_attn_stage full_attn_layer=5 stage=attn_gate seq_len=1 start_pos=68 elapsed_ms=0.012
kiln_profile_full_attn_stage full_attn_layer=5 stage=o_proj seq_len=1 start_pos=68 elapsed_ms=0.307
kiln_profile_mlp_stage layer=23 stage=fused seq_len=1 start_pos=68 elapsed_ms=1.077
kiln_profile_paged_layer layer=23 kind=full seq_len=1 start_pos=68 elapsed_ms=2.522
kiln_profile_gdn_stage layer=24 stage=in_proj seq_len=1 start_pos=68 elapsed_ms=0.812
kiln_profile_gdn_stage layer=24 stage=conv seq_len=1 start_pos=68 elapsed_ms=0.125
kiln_profile_gdn_stage layer=24 stage=qkv_split seq_len=1 start_pos=68 elapsed_ms=0.001
kiln_profile_gdn_stage layer=24 stage=qk_norm seq_len=1 start_pos=68 elapsed_ms=0.021
kiln_profile_gdn_stage layer=24 stage=gates seq_len=1 start_pos=68 elapsed_ms=0.267
kiln_profile_gdn_stage layer=24 stage=recurrent seq_len=1 start_pos=68 elapsed_ms=0.772
kiln_profile_gdn_stage layer=24 stage=post_transpose seq_len=1 start_pos=68 elapsed_ms=0.001
kiln_profile_gdn_stage layer=24 stage=gated_norm seq_len=1 start_pos=68 elapsed_ms=0.394
kiln_profile_gdn_stage layer=24 stage=out_proj seq_len=1 start_pos=68 elapsed_ms=0.356
kiln_profile_mlp_stage layer=24 stage=fused seq_len=1 start_pos=68 elapsed_ms=1.108
kiln_profile_paged_layer layer=24 kind=linear seq_len=1 start_pos=68 elapsed_ms=3.926
kiln_profile_gdn_stage layer=25 stage=in_proj seq_len=1 start_pos=68 elapsed_ms=0.740
kiln_profile_gdn_stage layer=25 stage=conv seq_len=1 start_pos=68 elapsed_ms=0.127
kiln_profile_gdn_stage layer=25 stage=qkv_split seq_len=1 start_pos=68 elapsed_ms=0.001
kiln_profile_gdn_stage layer=25 stage=qk_norm seq_len=1 start_pos=68 elapsed_ms=0.020
kiln_profile_gdn_stage layer=25 stage=gates seq_len=1 start_pos=68 elapsed_ms=0.271
kiln_profile_gdn_stage layer=25 stage=recurrent seq_len=1 start_pos=68 elapsed_ms=0.731
kiln_profile_gdn_stage layer=25 stage=post_transpose seq_len=1 start_pos=68 elapsed_ms=0.000
kiln_profile_gdn_stage layer=25 stage=gated_norm seq_len=1 start_pos=68 elapsed_ms=0.311
kiln_profile_gdn_stage layer=25 stage=out_proj seq_len=1 start_pos=68 elapsed_ms=0.343
kiln_profile_mlp_stage layer=25 stage=fused seq_len=1 start_pos=68 elapsed_ms=1.144
kiln_profile_paged_layer layer=25 kind=linear seq_len=1 start_pos=68 elapsed_ms=3.742
kiln_profile_gdn_stage layer=26 stage=in_proj seq_len=1 start_pos=68 elapsed_ms=0.754
kiln_profile_gdn_stage layer=26 stage=conv seq_len=1 start_pos=68 elapsed_ms=0.142
kiln_profile_gdn_stage layer=26 stage=qkv_split seq_len=1 start_pos=68 elapsed_ms=0.001
kiln_profile_gdn_stage layer=26 stage=qk_norm seq_len=1 start_pos=68 elapsed_ms=0.018
kiln_profile_gdn_stage layer=26 stage=gates seq_len=1 start_pos=68 elapsed_ms=0.275
kiln_profile_gdn_stage layer=26 stage=recurrent seq_len=1 start_pos=68 elapsed_ms=0.713
kiln_profile_gdn_stage layer=26 stage=post_transpose seq_len=1 start_pos=68 elapsed_ms=0.000
kiln_profile_gdn_stage layer=26 stage=gated_norm seq_len=1 start_pos=68 elapsed_ms=0.295
kiln_profile_gdn_stage layer=26 stage=out_proj seq_len=1 start_pos=68 elapsed_ms=0.341
kiln_profile_mlp_stage layer=26 stage=fused seq_len=1 start_pos=68 elapsed_ms=1.003
kiln_profile_paged_layer layer=26 kind=linear seq_len=1 start_pos=68 elapsed_ms=3.591
kiln_profile_full_attn_stage full_attn_layer=6 stage=qkv_proj seq_len=1 start_pos=68 elapsed_ms=0.623
kiln_profile_full_attn_stage full_attn_layer=6 stage=qkv_split seq_len=1 start_pos=68 elapsed_ms=0.004
kiln_profile_full_attn_stage full_attn_layer=6 stage=qk_norm seq_len=1 start_pos=68 elapsed_ms=0.021
kiln_profile_full_attn_stage full_attn_layer=6 stage=rope seq_len=1 start_pos=68 elapsed_ms=0.042
kiln_profile_full_attn_stage full_attn_layer=6 stage=q_transpose seq_len=1 start_pos=68 elapsed_ms=0.007
kiln_profile_full_attn_stage full_attn_layer=6 stage=kv_write seq_len=1 start_pos=68 elapsed_ms=0.005
kiln_profile_full_attn_stage full_attn_layer=6 stage=kv_read seq_len=1 start_pos=68 elapsed_ms=0.046
kiln_profile_full_attn_stage full_attn_layer=6 stage=decode_group_layout seq_len=1 start_pos=68 elapsed_ms=0.003
kiln_profile_full_attn_stage full_attn_layer=6 stage=decode_scores seq_len=1 start_pos=68 elapsed_ms=0.168
kiln_profile_full_attn_stage full_attn_layer=6 stage=decode_softmax seq_len=1 start_pos=68 elapsed_ms=0.012
kiln_profile_full_attn_stage full_attn_layer=6 stage=decode_weighted_sum seq_len=1 start_pos=68 elapsed_ms=0.046
kiln_profile_full_attn_stage full_attn_layer=6 stage=attn_gate seq_len=1 start_pos=68 elapsed_ms=0.012
kiln_profile_full_attn_stage full_attn_layer=6 stage=o_proj seq_len=1 start_pos=68 elapsed_ms=0.297
kiln_profile_mlp_stage layer=27 stage=fused seq_len=1 start_pos=68 elapsed_ms=0.995
kiln_profile_paged_layer layer=27 kind=full seq_len=1 start_pos=68 elapsed_ms=2.354
kiln_profile_gdn_stage layer=28 stage=in_proj seq_len=1 start_pos=68 elapsed_ms=0.737
kiln_profile_gdn_stage layer=28 stage=conv seq_len=1 start_pos=68 elapsed_ms=0.122
kiln_profile_gdn_stage layer=28 stage=qkv_split seq_len=1 start_pos=68 elapsed_ms=0.001
kiln_profile_gdn_stage layer=28 stage=qk_norm seq_len=1 start_pos=68 elapsed_ms=0.019
kiln_profile_gdn_stage layer=28 stage=gates seq_len=1 start_pos=68 elapsed_ms=0.252
kiln_profile_gdn_stage layer=28 stage=recurrent seq_len=1 start_pos=68 elapsed_ms=0.746
kiln_profile_gdn_stage layer=28 stage=post_transpose seq_len=1 start_pos=68 elapsed_ms=0.000
kiln_profile_gdn_stage layer=28 stage=gated_norm seq_len=1 start_pos=68 elapsed_ms=0.352
kiln_profile_gdn_stage layer=28 stage=out_proj seq_len=1 start_pos=68 elapsed_ms=0.327
kiln_profile_mlp_stage layer=28 stage=fused seq_len=1 start_pos=68 elapsed_ms=0.986
kiln_profile_paged_layer layer=28 kind=linear seq_len=1 start_pos=68 elapsed_ms=3.603
kiln_profile_gdn_stage layer=29 stage=in_proj seq_len=1 start_pos=68 elapsed_ms=0.726
kiln_profile_gdn_stage layer=29 stage=conv seq_len=1 start_pos=68 elapsed_ms=0.120
kiln_profile_gdn_stage layer=29 stage=qkv_split seq_len=1 start_pos=68 elapsed_ms=0.001
kiln_profile_gdn_stage layer=29 stage=qk_norm seq_len=1 start_pos=68 elapsed_ms=0.018
kiln_profile_gdn_stage layer=29 stage=gates seq_len=1 start_pos=68 elapsed_ms=0.256
kiln_profile_gdn_stage layer=29 stage=recurrent seq_len=1 start_pos=68 elapsed_ms=0.740
kiln_profile_gdn_stage layer=29 stage=post_transpose seq_len=1 start_pos=68 elapsed_ms=0.000
kiln_profile_gdn_stage layer=29 stage=gated_norm seq_len=1 start_pos=68 elapsed_ms=0.344
kiln_profile_gdn_stage layer=29 stage=out_proj seq_len=1 start_pos=68 elapsed_ms=0.407
kiln_profile_mlp_stage layer=29 stage=fused seq_len=1 start_pos=68 elapsed_ms=1.133
kiln_profile_paged_layer layer=29 kind=linear seq_len=1 start_pos=68 elapsed_ms=3.798
kiln_profile_gdn_stage layer=30 stage=in_proj seq_len=1 start_pos=68 elapsed_ms=0.752
kiln_profile_gdn_stage layer=30 stage=conv seq_len=1 start_pos=68 elapsed_ms=0.162
kiln_profile_gdn_stage layer=30 stage=qkv_split seq_len=1 start_pos=68 elapsed_ms=0.001
kiln_profile_gdn_stage layer=30 stage=qk_norm seq_len=1 start_pos=68 elapsed_ms=0.022
kiln_profile_gdn_stage layer=30 stage=gates seq_len=1 start_pos=68 elapsed_ms=0.305
kiln_profile_gdn_stage layer=30 stage=recurrent seq_len=1 start_pos=68 elapsed_ms=0.812
kiln_profile_gdn_stage layer=30 stage=post_transpose seq_len=1 start_pos=68 elapsed_ms=0.000
kiln_profile_gdn_stage layer=30 stage=gated_norm seq_len=1 start_pos=68 elapsed_ms=0.332
kiln_profile_gdn_stage layer=30 stage=out_proj seq_len=1 start_pos=68 elapsed_ms=0.358
kiln_profile_mlp_stage layer=30 stage=fused seq_len=1 start_pos=68 elapsed_ms=1.019
kiln_profile_paged_layer layer=30 kind=linear seq_len=1 start_pos=68 elapsed_ms=3.873
kiln_profile_full_attn_stage full_attn_layer=7 stage=qkv_proj seq_len=1 start_pos=68 elapsed_ms=0.608
kiln_profile_full_attn_stage full_attn_layer=7 stage=qkv_split seq_len=1 start_pos=68 elapsed_ms=0.005
kiln_profile_full_attn_stage full_attn_layer=7 stage=qk_norm seq_len=1 start_pos=68 elapsed_ms=0.022
kiln_profile_full_attn_stage full_attn_layer=7 stage=rope seq_len=1 start_pos=68 elapsed_ms=0.053
kiln_profile_full_attn_stage full_attn_layer=7 stage=q_transpose seq_len=1 start_pos=68 elapsed_ms=0.009
kiln_profile_full_attn_stage full_attn_layer=7 stage=kv_write seq_len=1 start_pos=68 elapsed_ms=0.010
kiln_profile_full_attn_stage full_attn_layer=7 stage=kv_read seq_len=1 start_pos=68 elapsed_ms=0.045
kiln_profile_full_attn_stage full_attn_layer=7 stage=decode_group_layout seq_len=1 start_pos=68 elapsed_ms=0.003
kiln_profile_full_attn_stage full_attn_layer=7 stage=decode_scores seq_len=1 start_pos=68 elapsed_ms=0.177
kiln_profile_full_attn_stage full_attn_layer=7 stage=decode_softmax seq_len=1 start_pos=68 elapsed_ms=0.012
kiln_profile_full_attn_stage full_attn_layer=7 stage=decode_weighted_sum seq_len=1 start_pos=68 elapsed_ms=0.046
kiln_profile_full_attn_stage full_attn_layer=7 stage=attn_gate seq_len=1 start_pos=68 elapsed_ms=0.012
kiln_profile_full_attn_stage full_attn_layer=7 stage=o_proj seq_len=1 start_pos=68 elapsed_ms=0.281
kiln_profile_mlp_stage layer=31 stage=fused seq_len=1 start_pos=68 elapsed_ms=1.010
kiln_profile_paged_layer layer=31 kind=full seq_len=1 start_pos=68 elapsed_ms=2.376
kiln_profile_gdn_stage layer=0 stage=in_proj seq_len=1 start_pos=69 elapsed_ms=0.797
kiln_profile_gdn_stage layer=0 stage=conv seq_len=1 start_pos=69 elapsed_ms=0.158
kiln_profile_gdn_stage layer=0 stage=qkv_split seq_len=1 start_pos=69 elapsed_ms=0.001
kiln_profile_gdn_stage layer=0 stage=qk_norm seq_len=1 start_pos=69 elapsed_ms=0.032
kiln_profile_gdn_stage layer=0 stage=gates seq_len=1 start_pos=69 elapsed_ms=0.286
kiln_profile_gdn_stage layer=0 stage=recurrent seq_len=1 start_pos=69 elapsed_ms=0.809
kiln_profile_gdn_stage layer=0 stage=post_transpose seq_len=1 start_pos=69 elapsed_ms=0.000
kiln_profile_gdn_stage layer=0 stage=gated_norm seq_len=1 start_pos=69 elapsed_ms=0.319
kiln_profile_gdn_stage layer=0 stage=out_proj seq_len=1 start_pos=69 elapsed_ms=0.482
kiln_profile_mlp_stage layer=0 stage=fused seq_len=1 start_pos=69 elapsed_ms=1.022
kiln_profile_paged_layer layer=0 kind=linear seq_len=1 start_pos=69 elapsed_ms=3.979
kiln_profile_gdn_stage layer=1 stage=in_proj seq_len=1 start_pos=69 elapsed_ms=0.724
kiln_profile_gdn_stage layer=1 stage=conv seq_len=1 start_pos=69 elapsed_ms=0.114
kiln_profile_gdn_stage layer=1 stage=qkv_split seq_len=1 start_pos=69 elapsed_ms=0.001
kiln_profile_gdn_stage layer=1 stage=qk_norm seq_len=1 start_pos=69 elapsed_ms=0.018
kiln_profile_gdn_stage layer=1 stage=gates seq_len=1 start_pos=69 elapsed_ms=0.214
kiln_profile_gdn_stage layer=1 stage=recurrent seq_len=1 start_pos=69 elapsed_ms=0.725
kiln_profile_gdn_stage layer=1 stage=post_transpose seq_len=1 start_pos=69 elapsed_ms=0.000
kiln_profile_gdn_stage layer=1 stage=gated_norm seq_len=1 start_pos=69 elapsed_ms=0.291
kiln_profile_gdn_stage layer=1 stage=out_proj seq_len=1 start_pos=69 elapsed_ms=0.372
kiln_profile_mlp_stage layer=1 stage=fused seq_len=1 start_pos=69 elapsed_ms=1.024
kiln_profile_paged_layer layer=1 kind=linear seq_len=1 start_pos=69 elapsed_ms=3.533
kiln_profile_gdn_stage layer=2 stage=in_proj seq_len=1 start_pos=69 elapsed_ms=0.753
kiln_profile_gdn_stage layer=2 stage=conv seq_len=1 start_pos=69 elapsed_ms=0.121
kiln_profile_gdn_stage layer=2 stage=qkv_split seq_len=1 start_pos=69 elapsed_ms=0.001
kiln_profile_gdn_stage layer=2 stage=qk_norm seq_len=1 start_pos=69 elapsed_ms=0.017
kiln_profile_gdn_stage layer=2 stage=gates seq_len=1 start_pos=69 elapsed_ms=0.342
kiln_profile_gdn_stage layer=2 stage=recurrent seq_len=1 start_pos=69 elapsed_ms=0.722
kiln_profile_gdn_stage layer=2 stage=post_transpose seq_len=1 start_pos=69 elapsed_ms=0.000
kiln_profile_gdn_stage layer=2 stage=gated_norm seq_len=1 start_pos=69 elapsed_ms=0.297
kiln_profile_gdn_stage layer=2 stage=out_proj seq_len=1 start_pos=69 elapsed_ms=0.330
kiln_profile_mlp_stage layer=2 stage=fused seq_len=1 start_pos=69 elapsed_ms=1.037
kiln_profile_paged_layer layer=2 kind=linear seq_len=1 start_pos=69 elapsed_ms=3.669
kiln_profile_full_attn_stage full_attn_layer=0 stage=qkv_proj seq_len=1 start_pos=69 elapsed_ms=0.590
kiln_profile_full_attn_stage full_attn_layer=0 stage=qkv_split seq_len=1 start_pos=69 elapsed_ms=0.004
kiln_profile_full_attn_stage full_attn_layer=0 stage=qk_norm seq_len=1 start_pos=69 elapsed_ms=0.022
kiln_profile_full_attn_stage full_attn_layer=0 stage=rope seq_len=1 start_pos=69 elapsed_ms=0.041
kiln_profile_full_attn_stage full_attn_layer=0 stage=q_transpose seq_len=1 start_pos=69 elapsed_ms=0.005
kiln_profile_full_attn_stage full_attn_layer=0 stage=kv_write seq_len=1 start_pos=69 elapsed_ms=0.006
kiln_profile_full_attn_stage full_attn_layer=0 stage=kv_read seq_len=1 start_pos=69 elapsed_ms=0.048
kiln_profile_full_attn_stage full_attn_layer=0 stage=decode_group_layout seq_len=1 start_pos=69 elapsed_ms=0.002
kiln_profile_full_attn_stage full_attn_layer=0 stage=decode_scores seq_len=1 start_pos=69 elapsed_ms=0.176
kiln_profile_full_attn_stage full_attn_layer=0 stage=decode_softmax seq_len=1 start_pos=69 elapsed_ms=0.010
kiln_profile_full_attn_stage full_attn_layer=0 stage=decode_weighted_sum seq_len=1 start_pos=69 elapsed_ms=0.043
kiln_profile_full_attn_stage full_attn_layer=0 stage=attn_gate seq_len=1 start_pos=69 elapsed_ms=0.011
kiln_profile_full_attn_stage full_attn_layer=0 stage=o_proj seq_len=1 start_pos=69 elapsed_ms=0.287
kiln_profile_mlp_stage layer=3 stage=fused seq_len=1 start_pos=69 elapsed_ms=1.005
kiln_profile_paged_layer layer=3 kind=full seq_len=1 start_pos=69 elapsed_ms=2.316
kiln_profile_gdn_stage layer=4 stage=in_proj seq_len=1 start_pos=69 elapsed_ms=0.726
kiln_profile_gdn_stage layer=4 stage=conv seq_len=1 start_pos=69 elapsed_ms=0.122
kiln_profile_gdn_stage layer=4 stage=qkv_split seq_len=1 start_pos=69 elapsed_ms=0.001
kiln_profile_gdn_stage layer=4 stage=qk_norm seq_len=1 start_pos=69 elapsed_ms=0.018
kiln_profile_gdn_stage layer=4 stage=gates seq_len=1 start_pos=69 elapsed_ms=0.241
kiln_profile_gdn_stage layer=4 stage=recurrent seq_len=1 start_pos=69 elapsed_ms=0.747
kiln_profile_gdn_stage layer=4 stage=post_transpose seq_len=1 start_pos=69 elapsed_ms=0.000
kiln_profile_gdn_stage layer=4 stage=gated_norm seq_len=1 start_pos=69 elapsed_ms=0.441
kiln_profile_gdn_stage layer=4 stage=out_proj seq_len=1 start_pos=69 elapsed_ms=0.334
kiln_profile_mlp_stage layer=4 stage=fused seq_len=1 start_pos=69 elapsed_ms=1.125
kiln_profile_paged_layer layer=4 kind=linear seq_len=1 start_pos=69 elapsed_ms=3.809
kiln_profile_gdn_stage layer=5 stage=in_proj seq_len=1 start_pos=69 elapsed_ms=0.765
kiln_profile_gdn_stage layer=5 stage=conv seq_len=1 start_pos=69 elapsed_ms=0.119
kiln_profile_gdn_stage layer=5 stage=qkv_split seq_len=1 start_pos=69 elapsed_ms=0.001
kiln_profile_gdn_stage layer=5 stage=qk_norm seq_len=1 start_pos=69 elapsed_ms=0.020
kiln_profile_gdn_stage layer=5 stage=gates seq_len=1 start_pos=69 elapsed_ms=0.244
kiln_profile_gdn_stage layer=5 stage=recurrent seq_len=1 start_pos=69 elapsed_ms=0.690
kiln_profile_gdn_stage layer=5 stage=post_transpose seq_len=1 start_pos=69 elapsed_ms=0.000
kiln_profile_gdn_stage layer=5 stage=gated_norm seq_len=1 start_pos=69 elapsed_ms=0.288
kiln_profile_gdn_stage layer=5 stage=out_proj seq_len=1 start_pos=69 elapsed_ms=0.340
kiln_profile_mlp_stage layer=5 stage=fused seq_len=1 start_pos=69 elapsed_ms=1.665
kiln_profile_paged_layer layer=5 kind=linear seq_len=1 start_pos=69 elapsed_ms=4.194
kiln_profile_gdn_stage layer=6 stage=in_proj seq_len=1 start_pos=69 elapsed_ms=0.762
kiln_profile_gdn_stage layer=6 stage=conv seq_len=1 start_pos=69 elapsed_ms=0.122
kiln_profile_gdn_stage layer=6 stage=qkv_split seq_len=1 start_pos=69 elapsed_ms=0.001
kiln_profile_gdn_stage layer=6 stage=qk_norm seq_len=1 start_pos=69 elapsed_ms=0.018
kiln_profile_gdn_stage layer=6 stage=gates seq_len=1 start_pos=69 elapsed_ms=0.238
kiln_profile_gdn_stage layer=6 stage=recurrent seq_len=1 start_pos=69 elapsed_ms=0.693
kiln_profile_gdn_stage layer=6 stage=post_transpose seq_len=1 start_pos=69 elapsed_ms=0.000
kiln_profile_gdn_stage layer=6 stage=gated_norm seq_len=1 start_pos=69 elapsed_ms=0.287
kiln_profile_gdn_stage layer=6 stage=out_proj seq_len=1 start_pos=69 elapsed_ms=0.335
kiln_profile_mlp_stage layer=6 stage=fused seq_len=1 start_pos=69 elapsed_ms=1.002
kiln_profile_paged_layer layer=6 kind=linear seq_len=1 start_pos=69 elapsed_ms=3.508
kiln_profile_full_attn_stage full_attn_layer=1 stage=qkv_proj seq_len=1 start_pos=69 elapsed_ms=0.616
kiln_profile_full_attn_stage full_attn_layer=1 stage=qkv_split seq_len=1 start_pos=69 elapsed_ms=0.005
kiln_profile_full_attn_stage full_attn_layer=1 stage=qk_norm seq_len=1 start_pos=69 elapsed_ms=0.021
kiln_profile_full_attn_stage full_attn_layer=1 stage=rope seq_len=1 start_pos=69 elapsed_ms=0.043
kiln_profile_full_attn_stage full_attn_layer=1 stage=q_transpose seq_len=1 start_pos=69 elapsed_ms=0.004
kiln_profile_full_attn_stage full_attn_layer=1 stage=kv_write seq_len=1 start_pos=69 elapsed_ms=0.005
kiln_profile_full_attn_stage full_attn_layer=1 stage=kv_read seq_len=1 start_pos=69 elapsed_ms=0.043
kiln_profile_full_attn_stage full_attn_layer=1 stage=decode_group_layout seq_len=1 start_pos=69 elapsed_ms=0.002
kiln_profile_full_attn_stage full_attn_layer=1 stage=decode_scores seq_len=1 start_pos=69 elapsed_ms=0.165
kiln_profile_full_attn_stage full_attn_layer=1 stage=decode_softmax seq_len=1 start_pos=69 elapsed_ms=0.011
kiln_profile_full_attn_stage full_attn_layer=1 stage=decode_weighted_sum seq_len=1 start_pos=69 elapsed_ms=0.041
kiln_profile_full_attn_stage full_attn_layer=1 stage=attn_gate seq_len=1 start_pos=69 elapsed_ms=0.010
kiln_profile_full_attn_stage full_attn_layer=1 stage=o_proj seq_len=1 start_pos=69 elapsed_ms=0.290
kiln_profile_mlp_stage layer=7 stage=fused seq_len=1 start_pos=69 elapsed_ms=0.999
kiln_profile_paged_layer layer=7 kind=full seq_len=1 start_pos=69 elapsed_ms=2.318
kiln_profile_gdn_stage layer=8 stage=in_proj seq_len=1 start_pos=69 elapsed_ms=0.719
kiln_profile_gdn_stage layer=8 stage=conv seq_len=1 start_pos=69 elapsed_ms=0.112
kiln_profile_gdn_stage layer=8 stage=qkv_split seq_len=1 start_pos=69 elapsed_ms=0.001
kiln_profile_gdn_stage layer=8 stage=qk_norm seq_len=1 start_pos=69 elapsed_ms=0.017
kiln_profile_gdn_stage layer=8 stage=gates seq_len=1 start_pos=69 elapsed_ms=0.255
kiln_profile_gdn_stage layer=8 stage=recurrent seq_len=1 start_pos=69 elapsed_ms=0.700
kiln_profile_gdn_stage layer=8 stage=post_transpose seq_len=1 start_pos=69 elapsed_ms=0.000
kiln_profile_gdn_stage layer=8 stage=gated_norm seq_len=1 start_pos=69 elapsed_ms=0.308
kiln_profile_gdn_stage layer=8 stage=out_proj seq_len=1 start_pos=69 elapsed_ms=0.335
kiln_profile_mlp_stage layer=8 stage=fused seq_len=1 start_pos=69 elapsed_ms=1.009
kiln_profile_paged_layer layer=8 kind=linear seq_len=1 start_pos=69 elapsed_ms=3.505
kiln_profile_gdn_stage layer=9 stage=in_proj seq_len=1 start_pos=69 elapsed_ms=0.744
kiln_profile_gdn_stage layer=9 stage=conv seq_len=1 start_pos=69 elapsed_ms=0.112
kiln_profile_gdn_stage layer=9 stage=qkv_split seq_len=1 start_pos=69 elapsed_ms=0.001
kiln_profile_gdn_stage layer=9 stage=qk_norm seq_len=1 start_pos=69 elapsed_ms=0.017
kiln_profile_gdn_stage layer=9 stage=gates seq_len=1 start_pos=69 elapsed_ms=0.221
kiln_profile_gdn_stage layer=9 stage=recurrent seq_len=1 start_pos=69 elapsed_ms=0.690
kiln_profile_gdn_stage layer=9 stage=post_transpose seq_len=1 start_pos=69 elapsed_ms=0.000
kiln_profile_gdn_stage layer=9 stage=gated_norm seq_len=1 start_pos=69 elapsed_ms=0.292
kiln_profile_gdn_stage layer=9 stage=out_proj seq_len=1 start_pos=69 elapsed_ms=0.400
kiln_profile_mlp_stage layer=9 stage=fused seq_len=1 start_pos=69 elapsed_ms=1.164
kiln_profile_paged_layer layer=9 kind=linear seq_len=1 start_pos=69 elapsed_ms=3.692
kiln_profile_gdn_stage layer=10 stage=in_proj seq_len=1 start_pos=69 elapsed_ms=0.782
kiln_profile_gdn_stage layer=10 stage=conv seq_len=1 start_pos=69 elapsed_ms=0.122
kiln_profile_gdn_stage layer=10 stage=qkv_split seq_len=1 start_pos=69 elapsed_ms=0.001
kiln_profile_gdn_stage layer=10 stage=qk_norm seq_len=1 start_pos=69 elapsed_ms=0.022
kiln_profile_gdn_stage layer=10 stage=gates seq_len=1 start_pos=69 elapsed_ms=0.245
kiln_profile_gdn_stage layer=10 stage=recurrent seq_len=1 start_pos=69 elapsed_ms=0.746
kiln_profile_gdn_stage layer=10 stage=post_transpose seq_len=1 start_pos=69 elapsed_ms=0.000
kiln_profile_gdn_stage layer=10 stage=gated_norm seq_len=1 start_pos=69 elapsed_ms=0.287
kiln_profile_gdn_stage layer=10 stage=out_proj seq_len=1 start_pos=69 elapsed_ms=0.341
kiln_profile_mlp_stage layer=10 stage=fused seq_len=1 start_pos=69 elapsed_ms=1.036
kiln_profile_paged_layer layer=10 kind=linear seq_len=1 start_pos=69 elapsed_ms=3.648
kiln_profile_full_attn_stage full_attn_layer=2 stage=qkv_proj seq_len=1 start_pos=69 elapsed_ms=0.621
kiln_profile_full_attn_stage full_attn_layer=2 stage=qkv_split seq_len=1 start_pos=69 elapsed_ms=0.004
kiln_profile_full_attn_stage full_attn_layer=2 stage=qk_norm seq_len=1 start_pos=69 elapsed_ms=0.027
kiln_profile_full_attn_stage full_attn_layer=2 stage=rope seq_len=1 start_pos=69 elapsed_ms=0.050
kiln_profile_full_attn_stage full_attn_layer=2 stage=q_transpose seq_len=1 start_pos=69 elapsed_ms=0.005
kiln_profile_full_attn_stage full_attn_layer=2 stage=kv_write seq_len=1 start_pos=69 elapsed_ms=0.006
kiln_profile_full_attn_stage full_attn_layer=2 stage=kv_read seq_len=1 start_pos=69 elapsed_ms=0.054
kiln_profile_full_attn_stage full_attn_layer=2 stage=decode_group_layout seq_len=1 start_pos=69 elapsed_ms=0.003
kiln_profile_full_attn_stage full_attn_layer=2 stage=decode_scores seq_len=1 start_pos=69 elapsed_ms=0.181
kiln_profile_full_attn_stage full_attn_layer=2 stage=decode_softmax seq_len=1 start_pos=69 elapsed_ms=0.012
kiln_profile_full_attn_stage full_attn_layer=2 stage=decode_weighted_sum seq_len=1 start_pos=69 elapsed_ms=0.044
kiln_profile_full_attn_stage full_attn_layer=2 stage=attn_gate seq_len=1 start_pos=69 elapsed_ms=0.017
kiln_profile_full_attn_stage full_attn_layer=2 stage=o_proj seq_len=1 start_pos=69 elapsed_ms=0.303
kiln_profile_mlp_stage layer=11 stage=fused seq_len=1 start_pos=69 elapsed_ms=1.005
kiln_profile_paged_layer layer=11 kind=full seq_len=1 start_pos=69 elapsed_ms=2.405
kiln_profile_gdn_stage layer=12 stage=in_proj seq_len=1 start_pos=69 elapsed_ms=0.793
kiln_profile_gdn_stage layer=12 stage=conv seq_len=1 start_pos=69 elapsed_ms=0.164
kiln_profile_gdn_stage layer=12 stage=qkv_split seq_len=1 start_pos=69 elapsed_ms=0.001
kiln_profile_gdn_stage layer=12 stage=qk_norm seq_len=1 start_pos=69 elapsed_ms=0.025
kiln_profile_gdn_stage layer=12 stage=gates seq_len=1 start_pos=69 elapsed_ms=0.335
kiln_profile_gdn_stage layer=12 stage=recurrent seq_len=1 start_pos=69 elapsed_ms=0.748
kiln_profile_gdn_stage layer=12 stage=post_transpose seq_len=1 start_pos=69 elapsed_ms=0.000
kiln_profile_gdn_stage layer=12 stage=gated_norm seq_len=1 start_pos=69 elapsed_ms=0.304
kiln_profile_gdn_stage layer=12 stage=out_proj seq_len=1 start_pos=69 elapsed_ms=0.486
kiln_profile_mlp_stage layer=12 stage=fused seq_len=1 start_pos=69 elapsed_ms=1.082
kiln_profile_paged_layer layer=12 kind=linear seq_len=1 start_pos=69 elapsed_ms=4.011
kiln_profile_gdn_stage layer=13 stage=in_proj seq_len=1 start_pos=69 elapsed_ms=0.776
kiln_profile_gdn_stage layer=13 stage=conv seq_len=1 start_pos=69 elapsed_ms=0.129
kiln_profile_gdn_stage layer=13 stage=qkv_split seq_len=1 start_pos=69 elapsed_ms=0.002
kiln_profile_gdn_stage layer=13 stage=qk_norm seq_len=1 start_pos=69 elapsed_ms=0.024
kiln_profile_gdn_stage layer=13 stage=gates seq_len=1 start_pos=69 elapsed_ms=0.279
kiln_profile_gdn_stage layer=13 stage=recurrent seq_len=1 start_pos=69 elapsed_ms=0.730
kiln_profile_gdn_stage layer=13 stage=post_transpose seq_len=1 start_pos=69 elapsed_ms=0.000
kiln_profile_gdn_stage layer=13 stage=gated_norm seq_len=1 start_pos=69 elapsed_ms=0.330
kiln_profile_gdn_stage layer=13 stage=out_proj seq_len=1 start_pos=69 elapsed_ms=0.343
kiln_profile_mlp_stage layer=13 stage=fused seq_len=1 start_pos=69 elapsed_ms=1.001
kiln_profile_paged_layer layer=13 kind=linear seq_len=1 start_pos=69 elapsed_ms=3.686
kiln_profile_gdn_stage layer=14 stage=in_proj seq_len=1 start_pos=69 elapsed_ms=0.723
kiln_profile_gdn_stage layer=14 stage=conv seq_len=1 start_pos=69 elapsed_ms=0.116
kiln_profile_gdn_stage layer=14 stage=qkv_split seq_len=1 start_pos=69 elapsed_ms=0.001
kiln_profile_gdn_stage layer=14 stage=qk_norm seq_len=1 start_pos=69 elapsed_ms=0.030
kiln_profile_gdn_stage layer=14 stage=gates seq_len=1 start_pos=69 elapsed_ms=0.234
kiln_profile_gdn_stage layer=14 stage=recurrent seq_len=1 start_pos=69 elapsed_ms=0.711
kiln_profile_gdn_stage layer=14 stage=post_transpose seq_len=1 start_pos=69 elapsed_ms=0.000
kiln_profile_gdn_stage layer=14 stage=gated_norm seq_len=1 start_pos=69 elapsed_ms=0.466
kiln_profile_gdn_stage layer=14 stage=out_proj seq_len=1 start_pos=69 elapsed_ms=0.325
kiln_profile_mlp_stage layer=14 stage=fused seq_len=1 start_pos=69 elapsed_ms=1.030
kiln_profile_paged_layer layer=14 kind=linear seq_len=1 start_pos=69 elapsed_ms=3.691
kiln_profile_full_attn_stage full_attn_layer=3 stage=qkv_proj seq_len=1 start_pos=69 elapsed_ms=0.621
kiln_profile_full_attn_stage full_attn_layer=3 stage=qkv_split seq_len=1 start_pos=69 elapsed_ms=0.005
kiln_profile_full_attn_stage full_attn_layer=3 stage=qk_norm seq_len=1 start_pos=69 elapsed_ms=0.026
kiln_profile_full_attn_stage full_attn_layer=3 stage=rope seq_len=1 start_pos=69 elapsed_ms=0.047
kiln_profile_full_attn_stage full_attn_layer=3 stage=q_transpose seq_len=1 start_pos=69 elapsed_ms=0.007
kiln_profile_full_attn_stage full_attn_layer=3 stage=kv_write seq_len=1 start_pos=69 elapsed_ms=0.007
kiln_profile_full_attn_stage full_attn_layer=3 stage=kv_read seq_len=1 start_pos=69 elapsed_ms=0.048
kiln_profile_full_attn_stage full_attn_layer=3 stage=decode_group_layout seq_len=1 start_pos=69 elapsed_ms=0.003
kiln_profile_full_attn_stage full_attn_layer=3 stage=decode_scores seq_len=1 start_pos=69 elapsed_ms=0.181
kiln_profile_full_attn_stage full_attn_layer=3 stage=decode_softmax seq_len=1 start_pos=69 elapsed_ms=0.015
kiln_profile_full_attn_stage full_attn_layer=3 stage=decode_weighted_sum seq_len=1 start_pos=69 elapsed_ms=0.050
kiln_profile_full_attn_stage full_attn_layer=3 stage=attn_gate seq_len=1 start_pos=69 elapsed_ms=0.018
kiln_profile_full_attn_stage full_attn_layer=3 stage=o_proj seq_len=1 start_pos=69 elapsed_ms=0.289
kiln_profile_mlp_stage layer=15 stage=fused seq_len=1 start_pos=69 elapsed_ms=1.023
kiln_profile_paged_layer layer=15 kind=full seq_len=1 start_pos=69 elapsed_ms=2.416
kiln_profile_gdn_stage layer=16 stage=in_proj seq_len=1 start_pos=69 elapsed_ms=0.733
kiln_profile_gdn_stage layer=16 stage=conv seq_len=1 start_pos=69 elapsed_ms=0.129
kiln_profile_gdn_stage layer=16 stage=qkv_split seq_len=1 start_pos=69 elapsed_ms=0.001
kiln_profile_gdn_stage layer=16 stage=qk_norm seq_len=1 start_pos=69 elapsed_ms=0.022
kiln_profile_gdn_stage layer=16 stage=gates seq_len=1 start_pos=69 elapsed_ms=0.260
kiln_profile_gdn_stage layer=16 stage=recurrent seq_len=1 start_pos=69 elapsed_ms=0.772
kiln_profile_gdn_stage layer=16 stage=post_transpose seq_len=1 start_pos=69 elapsed_ms=0.000
kiln_profile_gdn_stage layer=16 stage=gated_norm seq_len=1 start_pos=69 elapsed_ms=0.303
kiln_profile_gdn_stage layer=16 stage=out_proj seq_len=1 start_pos=69 elapsed_ms=0.332
kiln_profile_mlp_stage layer=16 stage=fused seq_len=1 start_pos=69 elapsed_ms=1.033
kiln_profile_paged_layer layer=16 kind=linear seq_len=1 start_pos=69 elapsed_ms=3.648
kiln_profile_gdn_stage layer=17 stage=in_proj seq_len=1 start_pos=69 elapsed_ms=0.739
kiln_profile_gdn_stage layer=17 stage=conv seq_len=1 start_pos=69 elapsed_ms=0.152
kiln_profile_gdn_stage layer=17 stage=qkv_split seq_len=1 start_pos=69 elapsed_ms=0.001
kiln_profile_gdn_stage layer=17 stage=qk_norm seq_len=1 start_pos=69 elapsed_ms=0.019
kiln_profile_gdn_stage layer=17 stage=gates seq_len=1 start_pos=69 elapsed_ms=0.261
kiln_profile_gdn_stage layer=17 stage=recurrent seq_len=1 start_pos=69 elapsed_ms=0.746
kiln_profile_gdn_stage layer=17 stage=post_transpose seq_len=1 start_pos=69 elapsed_ms=0.000
kiln_profile_gdn_stage layer=17 stage=gated_norm seq_len=1 start_pos=69 elapsed_ms=0.306
kiln_profile_gdn_stage layer=17 stage=out_proj seq_len=1 start_pos=69 elapsed_ms=0.326
kiln_profile_mlp_stage layer=17 stage=fused seq_len=1 start_pos=69 elapsed_ms=1.004
kiln_profile_paged_layer layer=17 kind=linear seq_len=1 start_pos=69 elapsed_ms=3.610
kiln_profile_gdn_stage layer=18 stage=in_proj seq_len=1 start_pos=69 elapsed_ms=0.785
kiln_profile_gdn_stage layer=18 stage=conv seq_len=1 start_pos=69 elapsed_ms=0.149
kiln_profile_gdn_stage layer=18 stage=qkv_split seq_len=1 start_pos=69 elapsed_ms=0.001
kiln_profile_gdn_stage layer=18 stage=qk_norm seq_len=1 start_pos=69 elapsed_ms=0.020
kiln_profile_gdn_stage layer=18 stage=gates seq_len=1 start_pos=69 elapsed_ms=0.244
kiln_profile_gdn_stage layer=18 stage=recurrent seq_len=1 start_pos=69 elapsed_ms=0.760
kiln_profile_gdn_stage layer=18 stage=post_transpose seq_len=1 start_pos=69 elapsed_ms=0.000
kiln_profile_gdn_stage layer=18 stage=gated_norm seq_len=1 start_pos=69 elapsed_ms=0.293
kiln_profile_gdn_stage layer=18 stage=out_proj seq_len=1 start_pos=69 elapsed_ms=0.358
kiln_profile_mlp_stage layer=18 stage=fused seq_len=1 start_pos=69 elapsed_ms=1.049
kiln_profile_paged_layer layer=18 kind=linear seq_len=1 start_pos=69 elapsed_ms=3.721
kiln_profile_full_attn_stage full_attn_layer=4 stage=qkv_proj seq_len=1 start_pos=69 elapsed_ms=0.646
kiln_profile_full_attn_stage full_attn_layer=4 stage=qkv_split seq_len=1 start_pos=69 elapsed_ms=0.005
kiln_profile_full_attn_stage full_attn_layer=4 stage=qk_norm seq_len=1 start_pos=69 elapsed_ms=0.022
kiln_profile_full_attn_stage full_attn_layer=4 stage=rope seq_len=1 start_pos=69 elapsed_ms=0.042
kiln_profile_full_attn_stage full_attn_layer=4 stage=q_transpose seq_len=1 start_pos=69 elapsed_ms=0.005
kiln_profile_full_attn_stage full_attn_layer=4 stage=kv_write seq_len=1 start_pos=69 elapsed_ms=0.006
kiln_profile_full_attn_stage full_attn_layer=4 stage=kv_read seq_len=1 start_pos=69 elapsed_ms=0.056
kiln_profile_full_attn_stage full_attn_layer=4 stage=decode_group_layout seq_len=1 start_pos=69 elapsed_ms=0.004
kiln_profile_full_attn_stage full_attn_layer=4 stage=decode_scores seq_len=1 start_pos=69 elapsed_ms=0.207
kiln_profile_full_attn_stage full_attn_layer=4 stage=decode_softmax seq_len=1 start_pos=69 elapsed_ms=0.014
kiln_profile_full_attn_stage full_attn_layer=4 stage=decode_weighted_sum seq_len=1 start_pos=69 elapsed_ms=0.051
kiln_profile_full_attn_stage full_attn_layer=4 stage=attn_gate seq_len=1 start_pos=69 elapsed_ms=0.018
kiln_profile_full_attn_stage full_attn_layer=4 stage=o_proj seq_len=1 start_pos=69 elapsed_ms=0.492
kiln_profile_mlp_stage layer=19 stage=fused seq_len=1 start_pos=69 elapsed_ms=1.030
kiln_profile_paged_layer layer=19 kind=full seq_len=1 start_pos=69 elapsed_ms=2.722
kiln_profile_gdn_stage layer=20 stage=in_proj seq_len=1 start_pos=69 elapsed_ms=0.725
kiln_profile_gdn_stage layer=20 stage=conv seq_len=1 start_pos=69 elapsed_ms=0.119
kiln_profile_gdn_stage layer=20 stage=qkv_split seq_len=1 start_pos=69 elapsed_ms=0.002
kiln_profile_gdn_stage layer=20 stage=qk_norm seq_len=1 start_pos=69 elapsed_ms=0.024
kiln_profile_gdn_stage layer=20 stage=gates seq_len=1 start_pos=69 elapsed_ms=0.218
kiln_profile_gdn_stage layer=20 stage=recurrent seq_len=1 start_pos=69 elapsed_ms=1.417
kiln_profile_gdn_stage layer=20 stage=post_transpose seq_len=1 start_pos=69 elapsed_ms=0.000
kiln_profile_gdn_stage layer=20 stage=gated_norm seq_len=1 start_pos=69 elapsed_ms=0.281
kiln_profile_gdn_stage layer=20 stage=out_proj seq_len=1 start_pos=69 elapsed_ms=0.346
kiln_profile_mlp_stage layer=20 stage=fused seq_len=1 start_pos=69 elapsed_ms=1.545
kiln_profile_paged_layer layer=20 kind=linear seq_len=1 start_pos=69 elapsed_ms=4.751
kiln_profile_gdn_stage layer=21 stage=in_proj seq_len=1 start_pos=69 elapsed_ms=0.715
kiln_profile_gdn_stage layer=21 stage=conv seq_len=1 start_pos=69 elapsed_ms=0.106
kiln_profile_gdn_stage layer=21 stage=qkv_split seq_len=1 start_pos=69 elapsed_ms=0.001
kiln_profile_gdn_stage layer=21 stage=qk_norm seq_len=1 start_pos=69 elapsed_ms=0.019
kiln_profile_gdn_stage layer=21 stage=gates seq_len=1 start_pos=69 elapsed_ms=0.225
kiln_profile_gdn_stage layer=21 stage=recurrent seq_len=1 start_pos=69 elapsed_ms=0.635
kiln_profile_gdn_stage layer=21 stage=post_transpose seq_len=1 start_pos=69 elapsed_ms=0.000
kiln_profile_gdn_stage layer=21 stage=gated_norm seq_len=1 start_pos=69 elapsed_ms=0.316
kiln_profile_gdn_stage layer=21 stage=out_proj seq_len=1 start_pos=69 elapsed_ms=0.318
kiln_profile_mlp_stage layer=21 stage=fused seq_len=1 start_pos=69 elapsed_ms=1.026
kiln_profile_paged_layer layer=21 kind=linear seq_len=1 start_pos=69 elapsed_ms=3.412
kiln_profile_gdn_stage layer=22 stage=in_proj seq_len=1 start_pos=69 elapsed_ms=0.722
kiln_profile_gdn_stage layer=22 stage=conv seq_len=1 start_pos=69 elapsed_ms=0.107
kiln_profile_gdn_stage layer=22 stage=qkv_split seq_len=1 start_pos=69 elapsed_ms=0.001
kiln_profile_gdn_stage layer=22 stage=qk_norm seq_len=1 start_pos=69 elapsed_ms=0.018
kiln_profile_gdn_stage layer=22 stage=gates seq_len=1 start_pos=69 elapsed_ms=0.200
kiln_profile_gdn_stage layer=22 stage=recurrent seq_len=1 start_pos=69 elapsed_ms=0.611
kiln_profile_gdn_stage layer=22 stage=post_transpose seq_len=1 start_pos=69 elapsed_ms=0.000
kiln_profile_gdn_stage layer=22 stage=gated_norm seq_len=1 start_pos=69 elapsed_ms=0.505
kiln_profile_gdn_stage layer=22 stage=out_proj seq_len=1 start_pos=69 elapsed_ms=0.332
kiln_profile_mlp_stage layer=22 stage=fused seq_len=1 start_pos=69 elapsed_ms=1.011
kiln_profile_paged_layer layer=22 kind=linear seq_len=1 start_pos=69 elapsed_ms=3.559
kiln_profile_full_attn_stage full_attn_layer=5 stage=qkv_proj seq_len=1 start_pos=69 elapsed_ms=0.604
kiln_profile_full_attn_stage full_attn_layer=5 stage=qkv_split seq_len=1 start_pos=69 elapsed_ms=0.004
kiln_profile_full_attn_stage full_attn_layer=5 stage=qk_norm seq_len=1 start_pos=69 elapsed_ms=0.017
kiln_profile_full_attn_stage full_attn_layer=5 stage=rope seq_len=1 start_pos=69 elapsed_ms=0.032
kiln_profile_full_attn_stage full_attn_layer=5 stage=q_transpose seq_len=1 start_pos=69 elapsed_ms=0.004
kiln_profile_full_attn_stage full_attn_layer=5 stage=kv_write seq_len=1 start_pos=69 elapsed_ms=0.005
kiln_profile_full_attn_stage full_attn_layer=5 stage=kv_read seq_len=1 start_pos=69 elapsed_ms=0.044
kiln_profile_full_attn_stage full_attn_layer=5 stage=decode_group_layout seq_len=1 start_pos=69 elapsed_ms=0.002
kiln_profile_full_attn_stage full_attn_layer=5 stage=decode_scores seq_len=1 start_pos=69 elapsed_ms=0.189
kiln_profile_full_attn_stage full_attn_layer=5 stage=decode_softmax seq_len=1 start_pos=69 elapsed_ms=0.009
kiln_profile_full_attn_stage full_attn_layer=5 stage=decode_weighted_sum seq_len=1 start_pos=69 elapsed_ms=0.035
kiln_profile_full_attn_stage full_attn_layer=5 stage=attn_gate seq_len=1 start_pos=69 elapsed_ms=0.009
kiln_profile_full_attn_stage full_attn_layer=5 stage=o_proj seq_len=1 start_pos=69 elapsed_ms=0.270
kiln_profile_mlp_stage layer=23 stage=fused seq_len=1 start_pos=69 elapsed_ms=0.942
kiln_profile_paged_layer layer=23 kind=full seq_len=1 start_pos=69 elapsed_ms=2.220
kiln_profile_gdn_stage layer=24 stage=in_proj seq_len=1 start_pos=69 elapsed_ms=0.713
kiln_profile_gdn_stage layer=24 stage=conv seq_len=1 start_pos=69 elapsed_ms=0.092
kiln_profile_gdn_stage layer=24 stage=qkv_split seq_len=1 start_pos=69 elapsed_ms=0.001
kiln_profile_gdn_stage layer=24 stage=qk_norm seq_len=1 start_pos=69 elapsed_ms=0.014
kiln_profile_gdn_stage layer=24 stage=gates seq_len=1 start_pos=69 elapsed_ms=0.200
kiln_profile_gdn_stage layer=24 stage=recurrent seq_len=1 start_pos=69 elapsed_ms=0.599
kiln_profile_gdn_stage layer=24 stage=post_transpose seq_len=1 start_pos=69 elapsed_ms=0.000
kiln_profile_gdn_stage layer=24 stage=gated_norm seq_len=1 start_pos=69 elapsed_ms=0.273
kiln_profile_gdn_stage layer=24 stage=out_proj seq_len=1 start_pos=69 elapsed_ms=0.328
kiln_profile_mlp_stage layer=24 stage=fused seq_len=1 start_pos=69 elapsed_ms=0.961
kiln_profile_paged_layer layer=24 kind=linear seq_len=1 start_pos=69 elapsed_ms=3.225
kiln_profile_gdn_stage layer=25 stage=in_proj seq_len=1 start_pos=69 elapsed_ms=0.721
kiln_profile_gdn_stage layer=25 stage=conv seq_len=1 start_pos=69 elapsed_ms=0.094
kiln_profile_gdn_stage layer=25 stage=qkv_split seq_len=1 start_pos=69 elapsed_ms=0.001
kiln_profile_gdn_stage layer=25 stage=qk_norm seq_len=1 start_pos=69 elapsed_ms=0.014
kiln_profile_gdn_stage layer=25 stage=gates seq_len=1 start_pos=69 elapsed_ms=0.192
kiln_profile_gdn_stage layer=25 stage=recurrent seq_len=1 start_pos=69 elapsed_ms=0.578
kiln_profile_gdn_stage layer=25 stage=post_transpose seq_len=1 start_pos=69 elapsed_ms=0.000
kiln_profile_gdn_stage layer=25 stage=gated_norm seq_len=1 start_pos=69 elapsed_ms=0.899
kiln_profile_gdn_stage layer=25 stage=out_proj seq_len=1 start_pos=69 elapsed_ms=0.325
kiln_profile_mlp_stage layer=25 stage=fused seq_len=1 start_pos=69 elapsed_ms=1.001
kiln_profile_paged_layer layer=25 kind=linear seq_len=1 start_pos=69 elapsed_ms=3.865
kiln_profile_gdn_stage layer=26 stage=in_proj seq_len=1 start_pos=69 elapsed_ms=0.739
kiln_profile_gdn_stage layer=26 stage=conv seq_len=1 start_pos=69 elapsed_ms=0.092
kiln_profile_gdn_stage layer=26 stage=qkv_split seq_len=1 start_pos=69 elapsed_ms=0.001
kiln_profile_gdn_stage layer=26 stage=qk_norm seq_len=1 start_pos=69 elapsed_ms=0.014
kiln_profile_gdn_stage layer=26 stage=gates seq_len=1 start_pos=69 elapsed_ms=0.200
kiln_profile_gdn_stage layer=26 stage=recurrent seq_len=1 start_pos=69 elapsed_ms=0.616
kiln_profile_gdn_stage layer=26 stage=post_transpose seq_len=1 start_pos=69 elapsed_ms=0.000
kiln_profile_gdn_stage layer=26 stage=gated_norm seq_len=1 start_pos=69 elapsed_ms=0.284
kiln_profile_gdn_stage layer=26 stage=out_proj seq_len=1 start_pos=69 elapsed_ms=0.325
kiln_profile_mlp_stage layer=26 stage=fused seq_len=1 start_pos=69 elapsed_ms=0.982
kiln_profile_paged_layer layer=26 kind=linear seq_len=1 start_pos=69 elapsed_ms=3.293
kiln_profile_full_attn_stage full_attn_layer=6 stage=qkv_proj seq_len=1 start_pos=69 elapsed_ms=0.609
kiln_profile_full_attn_stage full_attn_layer=6 stage=qkv_split seq_len=1 start_pos=69 elapsed_ms=0.003
kiln_profile_full_attn_stage full_attn_layer=6 stage=qk_norm seq_len=1 start_pos=69 elapsed_ms=0.018
kiln_profile_full_attn_stage full_attn_layer=6 stage=rope seq_len=1 start_pos=69 elapsed_ms=0.034
kiln_profile_full_attn_stage full_attn_layer=6 stage=q_transpose seq_len=1 start_pos=69 elapsed_ms=0.004
kiln_profile_full_attn_stage full_attn_layer=6 stage=kv_write seq_len=1 start_pos=69 elapsed_ms=0.005
kiln_profile_full_attn_stage full_attn_layer=6 stage=kv_read seq_len=1 start_pos=69 elapsed_ms=0.049
kiln_profile_full_attn_stage full_attn_layer=6 stage=decode_group_layout seq_len=1 start_pos=69 elapsed_ms=0.002
kiln_profile_full_attn_stage full_attn_layer=6 stage=decode_scores seq_len=1 start_pos=69 elapsed_ms=0.167
kiln_profile_full_attn_stage full_attn_layer=6 stage=decode_softmax seq_len=1 start_pos=69 elapsed_ms=0.008
kiln_profile_full_attn_stage full_attn_layer=6 stage=decode_weighted_sum seq_len=1 start_pos=69 elapsed_ms=0.037
kiln_profile_full_attn_stage full_attn_layer=6 stage=attn_gate seq_len=1 start_pos=69 elapsed_ms=0.008
kiln_profile_full_attn_stage full_attn_layer=6 stage=o_proj seq_len=1 start_pos=69 elapsed_ms=0.284
kiln_profile_mlp_stage layer=27 stage=fused seq_len=1 start_pos=69 elapsed_ms=0.949
kiln_profile_paged_layer layer=27 kind=full seq_len=1 start_pos=69 elapsed_ms=2.231
kiln_profile_gdn_stage layer=28 stage=in_proj seq_len=1 start_pos=69 elapsed_ms=0.736
kiln_profile_gdn_stage layer=28 stage=conv seq_len=1 start_pos=69 elapsed_ms=0.100
kiln_profile_gdn_stage layer=28 stage=qkv_split seq_len=1 start_pos=69 elapsed_ms=0.001
kiln_profile_gdn_stage layer=28 stage=qk_norm seq_len=1 start_pos=69 elapsed_ms=0.017
kiln_profile_gdn_stage layer=28 stage=gates seq_len=1 start_pos=69 elapsed_ms=0.207
kiln_profile_gdn_stage layer=28 stage=recurrent seq_len=1 start_pos=69 elapsed_ms=0.610
kiln_profile_gdn_stage layer=28 stage=post_transpose seq_len=1 start_pos=69 elapsed_ms=0.000
kiln_profile_gdn_stage layer=28 stage=gated_norm seq_len=1 start_pos=69 elapsed_ms=0.320
kiln_profile_gdn_stage layer=28 stage=out_proj seq_len=1 start_pos=69 elapsed_ms=0.325
kiln_profile_mlp_stage layer=28 stage=fused seq_len=1 start_pos=69 elapsed_ms=1.001
kiln_profile_paged_layer layer=28 kind=linear seq_len=1 start_pos=69 elapsed_ms=3.376
kiln_profile_gdn_stage layer=29 stage=in_proj seq_len=1 start_pos=69 elapsed_ms=0.734
kiln_profile_gdn_stage layer=29 stage=conv seq_len=1 start_pos=69 elapsed_ms=0.097
kiln_profile_gdn_stage layer=29 stage=qkv_split seq_len=1 start_pos=69 elapsed_ms=0.001
kiln_profile_gdn_stage layer=29 stage=qk_norm seq_len=1 start_pos=69 elapsed_ms=0.016
kiln_profile_gdn_stage layer=29 stage=gates seq_len=1 start_pos=69 elapsed_ms=0.452
kiln_profile_gdn_stage layer=29 stage=recurrent seq_len=1 start_pos=69 elapsed_ms=0.669
kiln_profile_gdn_stage layer=29 stage=post_transpose seq_len=1 start_pos=69 elapsed_ms=0.000
kiln_profile_gdn_stage layer=29 stage=gated_norm seq_len=1 start_pos=69 elapsed_ms=0.268
kiln_profile_gdn_stage layer=29 stage=out_proj seq_len=1 start_pos=69 elapsed_ms=0.366
kiln_profile_mlp_stage layer=29 stage=fused seq_len=1 start_pos=69 elapsed_ms=1.125
kiln_profile_paged_layer layer=29 kind=linear seq_len=1 start_pos=69 elapsed_ms=3.781
kiln_profile_gdn_stage layer=30 stage=in_proj seq_len=1 start_pos=69 elapsed_ms=0.710
kiln_profile_gdn_stage layer=30 stage=conv seq_len=1 start_pos=69 elapsed_ms=0.159
kiln_profile_gdn_stage layer=30 stage=qkv_split seq_len=1 start_pos=69 elapsed_ms=0.001
kiln_profile_gdn_stage layer=30 stage=qk_norm seq_len=1 start_pos=69 elapsed_ms=0.020
kiln_profile_gdn_stage layer=30 stage=gates seq_len=1 start_pos=69 elapsed_ms=0.249
kiln_profile_gdn_stage layer=30 stage=recurrent seq_len=1 start_pos=69 elapsed_ms=0.831
kiln_profile_gdn_stage layer=30 stage=post_transpose seq_len=1 start_pos=69 elapsed_ms=0.000
kiln_profile_gdn_stage layer=30 stage=gated_norm seq_len=1 start_pos=69 elapsed_ms=0.313
kiln_profile_gdn_stage layer=30 stage=out_proj seq_len=1 start_pos=69 elapsed_ms=0.323
kiln_profile_mlp_stage layer=30 stage=fused seq_len=1 start_pos=69 elapsed_ms=0.986
kiln_profile_paged_layer layer=30 kind=linear seq_len=1 start_pos=69 elapsed_ms=3.648
kiln_profile_full_attn_stage full_attn_layer=7 stage=qkv_proj seq_len=1 start_pos=69 elapsed_ms=0.601
kiln_profile_full_attn_stage full_attn_layer=7 stage=qkv_split seq_len=1 start_pos=69 elapsed_ms=0.004
kiln_profile_full_attn_stage full_attn_layer=7 stage=qk_norm seq_len=1 start_pos=69 elapsed_ms=0.017
kiln_profile_full_attn_stage full_attn_layer=7 stage=rope seq_len=1 start_pos=69 elapsed_ms=0.033
kiln_profile_full_attn_stage full_attn_layer=7 stage=q_transpose seq_len=1 start_pos=69 elapsed_ms=0.004
kiln_profile_full_attn_stage full_attn_layer=7 stage=kv_write seq_len=1 start_pos=69 elapsed_ms=0.005
kiln_profile_full_attn_stage full_attn_layer=7 stage=kv_read seq_len=1 start_pos=69 elapsed_ms=0.041
kiln_profile_full_attn_stage full_attn_layer=7 stage=decode_group_layout seq_len=1 start_pos=69 elapsed_ms=0.002
kiln_profile_full_attn_stage full_attn_layer=7 stage=decode_scores seq_len=1 start_pos=69 elapsed_ms=0.147
kiln_profile_full_attn_stage full_attn_layer=7 stage=decode_softmax seq_len=1 start_pos=69 elapsed_ms=0.009
kiln_profile_full_attn_stage full_attn_layer=7 stage=decode_weighted_sum seq_len=1 start_pos=69 elapsed_ms=0.033
kiln_profile_full_attn_stage full_attn_layer=7 stage=attn_gate seq_len=1 start_pos=69 elapsed_ms=0.008
kiln_profile_full_attn_stage full_attn_layer=7 stage=o_proj seq_len=1 start_pos=69 elapsed_ms=0.284
kiln_profile_mlp_stage layer=31 stage=fused seq_len=1 start_pos=69 elapsed_ms=0.983
kiln_profile_paged_layer layer=31 kind=full seq_len=1 start_pos=69 elapsed_ms=2.224
kiln_profile_gdn_stage layer=0 stage=in_proj seq_len=1 start_pos=70 elapsed_ms=0.745
kiln_profile_gdn_stage layer=0 stage=conv seq_len=1 start_pos=70 elapsed_ms=0.097
kiln_profile_gdn_stage layer=0 stage=qkv_split seq_len=1 start_pos=70 elapsed_ms=0.001
kiln_profile_gdn_stage layer=0 stage=qk_norm seq_len=1 start_pos=70 elapsed_ms=0.018
kiln_profile_gdn_stage layer=0 stage=gates seq_len=1 start_pos=70 elapsed_ms=0.232
kiln_profile_gdn_stage layer=0 stage=recurrent seq_len=1 start_pos=70 elapsed_ms=0.621
kiln_profile_gdn_stage layer=0 stage=post_transpose seq_len=1 start_pos=70 elapsed_ms=0.000
kiln_profile_gdn_stage layer=0 stage=gated_norm seq_len=1 start_pos=70 elapsed_ms=0.295
kiln_profile_gdn_stage layer=0 stage=out_proj seq_len=1 start_pos=70 elapsed_ms=0.344
kiln_profile_mlp_stage layer=0 stage=fused seq_len=1 start_pos=70 elapsed_ms=0.990
kiln_profile_paged_layer layer=0 kind=linear seq_len=1 start_pos=70 elapsed_ms=3.388
kiln_profile_gdn_stage layer=1 stage=in_proj seq_len=1 start_pos=70 elapsed_ms=0.732
kiln_profile_gdn_stage layer=1 stage=conv seq_len=1 start_pos=70 elapsed_ms=0.091
kiln_profile_gdn_stage layer=1 stage=qkv_split seq_len=1 start_pos=70 elapsed_ms=0.001
kiln_profile_gdn_stage layer=1 stage=qk_norm seq_len=1 start_pos=70 elapsed_ms=0.014
kiln_profile_gdn_stage layer=1 stage=gates seq_len=1 start_pos=70 elapsed_ms=0.184
kiln_profile_gdn_stage layer=1 stage=recurrent seq_len=1 start_pos=70 elapsed_ms=0.585
kiln_profile_gdn_stage layer=1 stage=post_transpose seq_len=1 start_pos=70 elapsed_ms=0.000
kiln_profile_gdn_stage layer=1 stage=gated_norm seq_len=1 start_pos=70 elapsed_ms=0.270
kiln_profile_gdn_stage layer=1 stage=out_proj seq_len=1 start_pos=70 elapsed_ms=0.352
kiln_profile_mlp_stage layer=1 stage=fused seq_len=1 start_pos=70 elapsed_ms=0.992
kiln_profile_paged_layer layer=1 kind=linear seq_len=1 start_pos=70 elapsed_ms=3.260
kiln_profile_gdn_stage layer=2 stage=in_proj seq_len=1 start_pos=70 elapsed_ms=0.728
kiln_profile_gdn_stage layer=2 stage=conv seq_len=1 start_pos=70 elapsed_ms=0.093
kiln_profile_gdn_stage layer=2 stage=qkv_split seq_len=1 start_pos=70 elapsed_ms=0.001
kiln_profile_gdn_stage layer=2 stage=qk_norm seq_len=1 start_pos=70 elapsed_ms=0.014
kiln_profile_gdn_stage layer=2 stage=gates seq_len=1 start_pos=70 elapsed_ms=0.191
kiln_profile_gdn_stage layer=2 stage=recurrent seq_len=1 start_pos=70 elapsed_ms=0.592
kiln_profile_gdn_stage layer=2 stage=post_transpose seq_len=1 start_pos=70 elapsed_ms=0.000
kiln_profile_gdn_stage layer=2 stage=gated_norm seq_len=1 start_pos=70 elapsed_ms=0.279
kiln_profile_gdn_stage layer=2 stage=out_proj seq_len=1 start_pos=70 elapsed_ms=0.336
kiln_profile_mlp_stage layer=2 stage=fused seq_len=1 start_pos=70 elapsed_ms=0.997
kiln_profile_paged_layer layer=2 kind=linear seq_len=1 start_pos=70 elapsed_ms=3.270
kiln_profile_full_attn_stage full_attn_layer=0 stage=qkv_proj seq_len=1 start_pos=70 elapsed_ms=0.612
kiln_profile_full_attn_stage full_attn_layer=0 stage=qkv_split seq_len=1 start_pos=70 elapsed_ms=0.003
kiln_profile_full_attn_stage full_attn_layer=0 stage=qk_norm seq_len=1 start_pos=70 elapsed_ms=0.019
kiln_profile_full_attn_stage full_attn_layer=0 stage=rope seq_len=1 start_pos=70 elapsed_ms=0.030
kiln_profile_full_attn_stage full_attn_layer=0 stage=q_transpose seq_len=1 start_pos=70 elapsed_ms=0.004
kiln_profile_full_attn_stage full_attn_layer=0 stage=kv_write seq_len=1 start_pos=70 elapsed_ms=0.005
kiln_profile_full_attn_stage full_attn_layer=0 stage=kv_read seq_len=1 start_pos=70 elapsed_ms=0.044
kiln_profile_full_attn_stage full_attn_layer=0 stage=decode_group_layout seq_len=1 start_pos=70 elapsed_ms=0.002
kiln_profile_full_attn_stage full_attn_layer=0 stage=decode_scores seq_len=1 start_pos=70 elapsed_ms=0.137
kiln_profile_full_attn_stage full_attn_layer=0 stage=decode_softmax seq_len=1 start_pos=70 elapsed_ms=0.009
kiln_profile_full_attn_stage full_attn_layer=0 stage=decode_weighted_sum seq_len=1 start_pos=70 elapsed_ms=0.034
kiln_profile_full_attn_stage full_attn_layer=0 stage=attn_gate seq_len=1 start_pos=70 elapsed_ms=0.008
kiln_profile_full_attn_stage full_attn_layer=0 stage=o_proj seq_len=1 start_pos=70 elapsed_ms=0.279
kiln_profile_mlp_stage layer=3 stage=fused seq_len=1 start_pos=70 elapsed_ms=0.999
kiln_profile_paged_layer layer=3 kind=full seq_len=1 start_pos=70 elapsed_ms=2.234
kiln_profile_gdn_stage layer=4 stage=in_proj seq_len=1 start_pos=70 elapsed_ms=0.743
kiln_profile_gdn_stage layer=4 stage=conv seq_len=1 start_pos=70 elapsed_ms=0.094
kiln_profile_gdn_stage layer=4 stage=qkv_split seq_len=1 start_pos=70 elapsed_ms=0.001
kiln_profile_gdn_stage layer=4 stage=qk_norm seq_len=1 start_pos=70 elapsed_ms=0.013
kiln_profile_gdn_stage layer=4 stage=gates seq_len=1 start_pos=70 elapsed_ms=0.186
kiln_profile_gdn_stage layer=4 stage=recurrent seq_len=1 start_pos=70 elapsed_ms=1.137
kiln_profile_gdn_stage layer=4 stage=post_transpose seq_len=1 start_pos=70 elapsed_ms=0.001
kiln_profile_gdn_stage layer=4 stage=gated_norm seq_len=1 start_pos=70 elapsed_ms=0.576
kiln_profile_gdn_stage layer=4 stage=out_proj seq_len=1 start_pos=70 elapsed_ms=0.343
kiln_profile_mlp_stage layer=4 stage=fused seq_len=1 start_pos=70 elapsed_ms=1.038
kiln_profile_paged_layer layer=4 kind=linear seq_len=1 start_pos=70 elapsed_ms=4.247
kiln_profile_gdn_stage layer=5 stage=in_proj seq_len=1 start_pos=70 elapsed_ms=0.743
kiln_profile_gdn_stage layer=5 stage=conv seq_len=1 start_pos=70 elapsed_ms=0.160
kiln_profile_gdn_stage layer=5 stage=qkv_split seq_len=1 start_pos=70 elapsed_ms=0.001
kiln_profile_gdn_stage layer=5 stage=qk_norm seq_len=1 start_pos=70 elapsed_ms=0.028
kiln_profile_gdn_stage layer=5 stage=gates seq_len=1 start_pos=70 elapsed_ms=0.363
kiln_profile_gdn_stage layer=5 stage=recurrent seq_len=1 start_pos=70 elapsed_ms=0.884
kiln_profile_gdn_stage layer=5 stage=post_transpose seq_len=1 start_pos=70 elapsed_ms=0.000
kiln_profile_gdn_stage layer=5 stage=gated_norm seq_len=1 start_pos=70 elapsed_ms=0.351
kiln_profile_gdn_stage layer=5 stage=out_proj seq_len=1 start_pos=70 elapsed_ms=0.335
kiln_profile_mlp_stage layer=5 stage=fused seq_len=1 start_pos=70 elapsed_ms=1.305
kiln_profile_paged_layer layer=5 kind=linear seq_len=1 start_pos=70 elapsed_ms=4.250
kiln_profile_gdn_stage layer=6 stage=in_proj seq_len=1 start_pos=70 elapsed_ms=0.825
kiln_profile_gdn_stage layer=6 stage=conv seq_len=1 start_pos=70 elapsed_ms=0.220
kiln_profile_gdn_stage layer=6 stage=qkv_split seq_len=1 start_pos=70 elapsed_ms=0.002
kiln_profile_gdn_stage layer=6 stage=qk_norm seq_len=1 start_pos=70 elapsed_ms=0.028
kiln_profile_gdn_stage layer=6 stage=gates seq_len=1 start_pos=70 elapsed_ms=0.306
kiln_profile_gdn_stage layer=6 stage=recurrent seq_len=1 start_pos=70 elapsed_ms=1.168
kiln_profile_gdn_stage layer=6 stage=post_transpose seq_len=1 start_pos=70 elapsed_ms=0.000
kiln_profile_gdn_stage layer=6 stage=gated_norm seq_len=1 start_pos=70 elapsed_ms=0.408
kiln_profile_gdn_stage layer=6 stage=out_proj seq_len=1 start_pos=70 elapsed_ms=0.349
kiln_profile_mlp_stage layer=6 stage=fused seq_len=1 start_pos=70 elapsed_ms=1.096
kiln_profile_paged_layer layer=6 kind=linear seq_len=1 start_pos=70 elapsed_ms=4.495
kiln_profile_full_attn_stage full_attn_layer=1 stage=qkv_proj seq_len=1 start_pos=70 elapsed_ms=0.641
kiln_profile_full_attn_stage full_attn_layer=1 stage=qkv_split seq_len=1 start_pos=70 elapsed_ms=0.007
kiln_profile_full_attn_stage full_attn_layer=1 stage=qk_norm seq_len=1 start_pos=70 elapsed_ms=0.031
kiln_profile_full_attn_stage full_attn_layer=1 stage=rope seq_len=1 start_pos=70 elapsed_ms=0.055
kiln_profile_full_attn_stage full_attn_layer=1 stage=q_transpose seq_len=1 start_pos=70 elapsed_ms=0.008
kiln_profile_full_attn_stage full_attn_layer=1 stage=kv_write seq_len=1 start_pos=70 elapsed_ms=0.007
kiln_profile_full_attn_stage full_attn_layer=1 stage=kv_read seq_len=1 start_pos=70 elapsed_ms=0.080
kiln_profile_full_attn_stage full_attn_layer=1 stage=decode_group_layout seq_len=1 start_pos=70 elapsed_ms=0.003
kiln_profile_full_attn_stage full_attn_layer=1 stage=decode_scores seq_len=1 start_pos=70 elapsed_ms=0.381
kiln_profile_full_attn_stage full_attn_layer=1 stage=decode_softmax seq_len=1 start_pos=70 elapsed_ms=0.017
kiln_profile_full_attn_stage full_attn_layer=1 stage=decode_weighted_sum seq_len=1 start_pos=70 elapsed_ms=0.058
kiln_profile_full_attn_stage full_attn_layer=1 stage=attn_gate seq_len=1 start_pos=70 elapsed_ms=0.019
kiln_profile_full_attn_stage full_attn_layer=1 stage=o_proj seq_len=1 start_pos=70 elapsed_ms=0.321
kiln_profile_mlp_stage layer=7 stage=fused seq_len=1 start_pos=70 elapsed_ms=1.143
kiln_profile_paged_layer layer=7 kind=full seq_len=1 start_pos=70 elapsed_ms=2.869
kiln_profile_gdn_stage layer=8 stage=in_proj seq_len=1 start_pos=70 elapsed_ms=0.768
kiln_profile_gdn_stage layer=8 stage=conv seq_len=1 start_pos=70 elapsed_ms=0.178
kiln_profile_gdn_stage layer=8 stage=qkv_split seq_len=1 start_pos=70 elapsed_ms=0.001
kiln_profile_gdn_stage layer=8 stage=qk_norm seq_len=1 start_pos=70 elapsed_ms=0.022
kiln_profile_gdn_stage layer=8 stage=gates seq_len=1 start_pos=70 elapsed_ms=0.306
kiln_profile_gdn_stage layer=8 stage=recurrent seq_len=1 start_pos=70 elapsed_ms=0.842
kiln_profile_gdn_stage layer=8 stage=post_transpose seq_len=1 start_pos=70 elapsed_ms=0.000
kiln_profile_gdn_stage layer=8 stage=gated_norm seq_len=1 start_pos=70 elapsed_ms=0.297
kiln_profile_gdn_stage layer=8 stage=out_proj seq_len=1 start_pos=70 elapsed_ms=0.435
kiln_profile_mlp_stage layer=8 stage=fused seq_len=1 start_pos=70 elapsed_ms=0.989
kiln_profile_paged_layer layer=8 kind=linear seq_len=1 start_pos=70 elapsed_ms=3.936
kiln_profile_gdn_stage layer=9 stage=in_proj seq_len=1 start_pos=70 elapsed_ms=0.738
kiln_profile_gdn_stage layer=9 stage=conv seq_len=1 start_pos=70 elapsed_ms=0.170
kiln_profile_gdn_stage layer=9 stage=qkv_split seq_len=1 start_pos=70 elapsed_ms=0.001
kiln_profile_gdn_stage layer=9 stage=qk_norm seq_len=1 start_pos=70 elapsed_ms=0.020
kiln_profile_gdn_stage layer=9 stage=gates seq_len=1 start_pos=70 elapsed_ms=0.272
kiln_profile_gdn_stage layer=9 stage=recurrent seq_len=1 start_pos=70 elapsed_ms=0.930
kiln_profile_gdn_stage layer=9 stage=post_transpose seq_len=1 start_pos=70 elapsed_ms=0.000
kiln_profile_gdn_stage layer=9 stage=gated_norm seq_len=1 start_pos=70 elapsed_ms=0.339
kiln_profile_gdn_stage layer=9 stage=out_proj seq_len=1 start_pos=70 elapsed_ms=0.344
kiln_profile_mlp_stage layer=9 stage=fused seq_len=1 start_pos=70 elapsed_ms=0.998
kiln_profile_paged_layer layer=9 kind=linear seq_len=1 start_pos=70 elapsed_ms=3.901
kiln_profile_gdn_stage layer=10 stage=in_proj seq_len=1 start_pos=70 elapsed_ms=0.735
kiln_profile_gdn_stage layer=10 stage=conv seq_len=1 start_pos=70 elapsed_ms=0.179
kiln_profile_gdn_stage layer=10 stage=qkv_split seq_len=1 start_pos=70 elapsed_ms=0.001
kiln_profile_gdn_stage layer=10 stage=qk_norm seq_len=1 start_pos=70 elapsed_ms=0.020
kiln_profile_gdn_stage layer=10 stage=gates seq_len=1 start_pos=70 elapsed_ms=0.319
kiln_profile_gdn_stage layer=10 stage=recurrent seq_len=1 start_pos=70 elapsed_ms=0.795
kiln_profile_gdn_stage layer=10 stage=post_transpose seq_len=1 start_pos=70 elapsed_ms=0.000
kiln_profile_gdn_stage layer=10 stage=gated_norm seq_len=1 start_pos=70 elapsed_ms=0.315
kiln_profile_gdn_stage layer=10 stage=out_proj seq_len=1 start_pos=70 elapsed_ms=0.329
kiln_profile_mlp_stage layer=10 stage=fused seq_len=1 start_pos=70 elapsed_ms=1.001
kiln_profile_paged_layer layer=10 kind=linear seq_len=1 start_pos=70 elapsed_ms=3.776
kiln_profile_full_attn_stage full_attn_layer=2 stage=qkv_proj seq_len=1 start_pos=70 elapsed_ms=0.632
kiln_profile_full_attn_stage full_attn_layer=2 stage=qkv_split seq_len=1 start_pos=70 elapsed_ms=0.004
kiln_profile_full_attn_stage full_attn_layer=2 stage=qk_norm seq_len=1 start_pos=70 elapsed_ms=0.026
kiln_profile_full_attn_stage full_attn_layer=2 stage=rope seq_len=1 start_pos=70 elapsed_ms=0.072
kiln_profile_full_attn_stage full_attn_layer=2 stage=q_transpose seq_len=1 start_pos=70 elapsed_ms=0.005
kiln_profile_full_attn_stage full_attn_layer=2 stage=kv_write seq_len=1 start_pos=70 elapsed_ms=0.006
kiln_profile_full_attn_stage full_attn_layer=2 stage=kv_read seq_len=1 start_pos=70 elapsed_ms=0.043
kiln_profile_full_attn_stage full_attn_layer=2 stage=decode_group_layout seq_len=1 start_pos=70 elapsed_ms=0.002
kiln_profile_full_attn_stage full_attn_layer=2 stage=decode_scores seq_len=1 start_pos=70 elapsed_ms=0.192
kiln_profile_full_attn_stage full_attn_layer=2 stage=decode_softmax seq_len=1 start_pos=70 elapsed_ms=0.013
kiln_profile_full_attn_stage full_attn_layer=2 stage=decode_weighted_sum seq_len=1 start_pos=70 elapsed_ms=0.210
kiln_profile_full_attn_stage full_attn_layer=2 stage=attn_gate seq_len=1 start_pos=70 elapsed_ms=0.012
kiln_profile_full_attn_stage full_attn_layer=2 stage=o_proj seq_len=1 start_pos=70 elapsed_ms=0.302
kiln_profile_mlp_stage layer=11 stage=fused seq_len=1 start_pos=70 elapsed_ms=0.969
kiln_profile_paged_layer layer=11 kind=full seq_len=1 start_pos=70 elapsed_ms=2.583
kiln_profile_gdn_stage layer=12 stage=in_proj seq_len=1 start_pos=70 elapsed_ms=0.722
kiln_profile_gdn_stage layer=12 stage=conv seq_len=1 start_pos=70 elapsed_ms=0.166
kiln_profile_gdn_stage layer=12 stage=qkv_split seq_len=1 start_pos=70 elapsed_ms=0.001
kiln_profile_gdn_stage layer=12 stage=qk_norm seq_len=1 start_pos=70 elapsed_ms=0.020
kiln_profile_gdn_stage layer=12 stage=gates seq_len=1 start_pos=70 elapsed_ms=0.317
kiln_profile_gdn_stage layer=12 stage=recurrent seq_len=1 start_pos=70 elapsed_ms=0.841
kiln_profile_gdn_stage layer=12 stage=post_transpose seq_len=1 start_pos=70 elapsed_ms=0.000
kiln_profile_gdn_stage layer=12 stage=gated_norm seq_len=1 start_pos=70 elapsed_ms=0.330
kiln_profile_gdn_stage layer=12 stage=out_proj seq_len=1 start_pos=70 elapsed_ms=0.336
kiln_profile_mlp_stage layer=12 stage=fused seq_len=1 start_pos=70 elapsed_ms=2.255
kiln_profile_paged_layer layer=12 kind=linear seq_len=1 start_pos=70 elapsed_ms=5.066
kiln_profile_gdn_stage layer=13 stage=in_proj seq_len=1 start_pos=70 elapsed_ms=0.843
kiln_profile_gdn_stage layer=13 stage=conv seq_len=1 start_pos=70 elapsed_ms=0.146
kiln_profile_gdn_stage layer=13 stage=qkv_split seq_len=1 start_pos=70 elapsed_ms=0.002
kiln_profile_gdn_stage layer=13 stage=qk_norm seq_len=1 start_pos=70 elapsed_ms=0.032
kiln_profile_gdn_stage layer=13 stage=gates seq_len=1 start_pos=70 elapsed_ms=0.334
kiln_profile_gdn_stage layer=13 stage=recurrent seq_len=1 start_pos=70 elapsed_ms=1.634
kiln_profile_gdn_stage layer=13 stage=post_transpose seq_len=1 start_pos=70 elapsed_ms=0.000
kiln_profile_gdn_stage layer=13 stage=gated_norm seq_len=1 start_pos=70 elapsed_ms=0.606
kiln_profile_gdn_stage layer=13 stage=out_proj seq_len=1 start_pos=70 elapsed_ms=1.001
kiln_profile_mlp_stage layer=13 stage=fused seq_len=1 start_pos=70 elapsed_ms=1.133
kiln_profile_paged_layer layer=13 kind=linear seq_len=1 start_pos=70 elapsed_ms=5.824
kiln_profile_gdn_stage layer=14 stage=in_proj seq_len=1 start_pos=70 elapsed_ms=0.727
kiln_profile_gdn_stage layer=14 stage=conv seq_len=1 start_pos=70 elapsed_ms=0.129
kiln_profile_gdn_stage layer=14 stage=qkv_split seq_len=1 start_pos=70 elapsed_ms=0.001
kiln_profile_gdn_stage layer=14 stage=qk_norm seq_len=1 start_pos=70 elapsed_ms=0.022
kiln_profile_gdn_stage layer=14 stage=gates seq_len=1 start_pos=70 elapsed_ms=0.245
kiln_profile_gdn_stage layer=14 stage=recurrent seq_len=1 start_pos=70 elapsed_ms=1.253
kiln_profile_gdn_stage layer=14 stage=post_transpose seq_len=1 start_pos=70 elapsed_ms=0.000
kiln_profile_gdn_stage layer=14 stage=gated_norm seq_len=1 start_pos=70 elapsed_ms=0.298
kiln_profile_gdn_stage layer=14 stage=out_proj seq_len=1 start_pos=70 elapsed_ms=0.312
kiln_profile_mlp_stage layer=14 stage=fused seq_len=1 start_pos=70 elapsed_ms=1.000
kiln_profile_paged_layer layer=14 kind=linear seq_len=1 start_pos=70 elapsed_ms=4.041
kiln_profile_full_attn_stage full_attn_layer=3 stage=qkv_proj seq_len=1 start_pos=70 elapsed_ms=0.611
kiln_profile_full_attn_stage full_attn_layer=3 stage=qkv_split seq_len=1 start_pos=70 elapsed_ms=0.004
kiln_profile_full_attn_stage full_attn_layer=3 stage=qk_norm seq_len=1 start_pos=70 elapsed_ms=0.021
kiln_profile_full_attn_stage full_attn_layer=3 stage=rope seq_len=1 start_pos=70 elapsed_ms=0.041
kiln_profile_full_attn_stage full_attn_layer=3 stage=q_transpose seq_len=1 start_pos=70 elapsed_ms=0.005
kiln_profile_full_attn_stage full_attn_layer=3 stage=kv_write seq_len=1 start_pos=70 elapsed_ms=0.005
kiln_profile_full_attn_stage full_attn_layer=3 stage=kv_read seq_len=1 start_pos=70 elapsed_ms=0.048
kiln_profile_full_attn_stage full_attn_layer=3 stage=decode_group_layout seq_len=1 start_pos=70 elapsed_ms=0.003
kiln_profile_full_attn_stage full_attn_layer=3 stage=decode_scores seq_len=1 start_pos=70 elapsed_ms=0.227
kiln_profile_full_attn_stage full_attn_layer=3 stage=decode_softmax seq_len=1 start_pos=70 elapsed_ms=0.011
kiln_profile_full_attn_stage full_attn_layer=3 stage=decode_weighted_sum seq_len=1 start_pos=70 elapsed_ms=0.043
kiln_profile_full_attn_stage full_attn_layer=3 stage=attn_gate seq_len=1 start_pos=70 elapsed_ms=0.011
kiln_profile_full_attn_stage full_attn_layer=3 stage=o_proj seq_len=1 start_pos=70 elapsed_ms=0.309
kiln_profile_mlp_stage layer=15 stage=fused seq_len=1 start_pos=70 elapsed_ms=0.964
kiln_profile_paged_layer layer=15 kind=full seq_len=1 start_pos=70 elapsed_ms=2.368
kiln_profile_gdn_stage layer=16 stage=in_proj seq_len=1 start_pos=70 elapsed_ms=0.728
kiln_profile_gdn_stage layer=16 stage=conv seq_len=1 start_pos=70 elapsed_ms=0.124
kiln_profile_gdn_stage layer=16 stage=qkv_split seq_len=1 start_pos=70 elapsed_ms=0.001
kiln_profile_gdn_stage layer=16 stage=qk_norm seq_len=1 start_pos=70 elapsed_ms=0.017
kiln_profile_gdn_stage layer=16 stage=gates seq_len=1 start_pos=70 elapsed_ms=0.256
kiln_profile_gdn_stage layer=16 stage=recurrent seq_len=1 start_pos=70 elapsed_ms=0.681
kiln_profile_gdn_stage layer=16 stage=post_transpose seq_len=1 start_pos=70 elapsed_ms=0.000
kiln_profile_gdn_stage layer=16 stage=gated_norm seq_len=1 start_pos=70 elapsed_ms=0.449
kiln_profile_gdn_stage layer=16 stage=out_proj seq_len=1 start_pos=70 elapsed_ms=0.288
kiln_profile_mlp_stage layer=16 stage=fused seq_len=1 start_pos=70 elapsed_ms=1.008
kiln_profile_paged_layer layer=16 kind=linear seq_len=1 start_pos=70 elapsed_ms=3.600
kiln_profile_gdn_stage layer=17 stage=in_proj seq_len=1 start_pos=70 elapsed_ms=0.722
kiln_profile_gdn_stage layer=17 stage=conv seq_len=1 start_pos=70 elapsed_ms=0.104
kiln_profile_gdn_stage layer=17 stage=qkv_split seq_len=1 start_pos=70 elapsed_ms=0.001
kiln_profile_gdn_stage layer=17 stage=qk_norm seq_len=1 start_pos=70 elapsed_ms=0.017
kiln_profile_gdn_stage layer=17 stage=gates seq_len=1 start_pos=70 elapsed_ms=0.243
kiln_profile_gdn_stage layer=17 stage=recurrent seq_len=1 start_pos=70 elapsed_ms=0.648
kiln_profile_gdn_stage layer=17 stage=post_transpose seq_len=1 start_pos=70 elapsed_ms=0.000
kiln_profile_gdn_stage layer=17 stage=gated_norm seq_len=1 start_pos=70 elapsed_ms=0.319
kiln_profile_gdn_stage layer=17 stage=out_proj seq_len=1 start_pos=70 elapsed_ms=0.349
kiln_profile_mlp_stage layer=17 stage=fused seq_len=1 start_pos=70 elapsed_ms=1.024
kiln_profile_paged_layer layer=17 kind=linear seq_len=1 start_pos=70 elapsed_ms=3.480
kiln_profile_gdn_stage layer=18 stage=in_proj seq_len=1 start_pos=70 elapsed_ms=0.744
kiln_profile_gdn_stage layer=18 stage=conv seq_len=1 start_pos=70 elapsed_ms=0.096
kiln_profile_gdn_stage layer=18 stage=qkv_split seq_len=1 start_pos=70 elapsed_ms=0.001
kiln_profile_gdn_stage layer=18 stage=qk_norm seq_len=1 start_pos=70 elapsed_ms=0.019
kiln_profile_gdn_stage layer=18 stage=gates seq_len=1 start_pos=70 elapsed_ms=0.222
kiln_profile_gdn_stage layer=18 stage=recurrent seq_len=1 start_pos=70 elapsed_ms=0.593
kiln_profile_gdn_stage layer=18 stage=post_transpose seq_len=1 start_pos=70 elapsed_ms=0.000
kiln_profile_gdn_stage layer=18 stage=gated_norm seq_len=1 start_pos=70 elapsed_ms=0.289
kiln_profile_gdn_stage layer=18 stage=out_proj seq_len=1 start_pos=70 elapsed_ms=0.340
kiln_profile_mlp_stage layer=18 stage=fused seq_len=1 start_pos=70 elapsed_ms=0.975
kiln_profile_paged_layer layer=18 kind=linear seq_len=1 start_pos=70 elapsed_ms=3.319
kiln_profile_full_attn_stage full_attn_layer=4 stage=qkv_proj seq_len=1 start_pos=70 elapsed_ms=0.618
kiln_profile_full_attn_stage full_attn_layer=4 stage=qkv_split seq_len=1 start_pos=70 elapsed_ms=0.003
kiln_profile_full_attn_stage full_attn_layer=4 stage=qk_norm seq_len=1 start_pos=70 elapsed_ms=0.017
kiln_profile_full_attn_stage full_attn_layer=4 stage=rope seq_len=1 start_pos=70 elapsed_ms=0.032
kiln_profile_full_attn_stage full_attn_layer=4 stage=q_transpose seq_len=1 start_pos=70 elapsed_ms=0.004
kiln_profile_full_attn_stage full_attn_layer=4 stage=kv_write seq_len=1 start_pos=70 elapsed_ms=0.004
kiln_profile_full_attn_stage full_attn_layer=4 stage=kv_read seq_len=1 start_pos=70 elapsed_ms=0.039
kiln_profile_full_attn_stage full_attn_layer=4 stage=decode_group_layout seq_len=1 start_pos=70 elapsed_ms=0.002
kiln_profile_full_attn_stage full_attn_layer=4 stage=decode_scores seq_len=1 start_pos=70 elapsed_ms=0.152
kiln_profile_full_attn_stage full_attn_layer=4 stage=decode_softmax seq_len=1 start_pos=70 elapsed_ms=0.008
kiln_profile_full_attn_stage full_attn_layer=4 stage=decode_weighted_sum seq_len=1 start_pos=70 elapsed_ms=0.035
kiln_profile_full_attn_stage full_attn_layer=4 stage=attn_gate seq_len=1 start_pos=70 elapsed_ms=0.009
kiln_profile_full_attn_stage full_attn_layer=4 stage=o_proj seq_len=1 start_pos=70 elapsed_ms=0.274
kiln_profile_mlp_stage layer=19 stage=fused seq_len=1 start_pos=70 elapsed_ms=0.994
kiln_profile_paged_layer layer=19 kind=full seq_len=1 start_pos=70 elapsed_ms=2.242
kiln_profile_gdn_stage layer=20 stage=in_proj seq_len=1 start_pos=70 elapsed_ms=0.691
kiln_profile_gdn_stage layer=20 stage=conv seq_len=1 start_pos=70 elapsed_ms=0.092
kiln_profile_gdn_stage layer=20 stage=qkv_split seq_len=1 start_pos=70 elapsed_ms=0.001
kiln_profile_gdn_stage layer=20 stage=qk_norm seq_len=1 start_pos=70 elapsed_ms=0.014
kiln_profile_gdn_stage layer=20 stage=gates seq_len=1 start_pos=70 elapsed_ms=0.208
kiln_profile_gdn_stage layer=20 stage=recurrent seq_len=1 start_pos=70 elapsed_ms=0.598
kiln_profile_gdn_stage layer=20 stage=post_transpose seq_len=1 start_pos=70 elapsed_ms=0.000
kiln_profile_gdn_stage layer=20 stage=gated_norm seq_len=1 start_pos=70 elapsed_ms=0.261
kiln_profile_gdn_stage layer=20 stage=out_proj seq_len=1 start_pos=70 elapsed_ms=0.325
kiln_profile_mlp_stage layer=20 stage=fused seq_len=1 start_pos=70 elapsed_ms=1.015
kiln_profile_paged_layer layer=20 kind=linear seq_len=1 start_pos=70 elapsed_ms=3.242
kiln_profile_gdn_stage layer=21 stage=in_proj seq_len=1 start_pos=70 elapsed_ms=0.745
kiln_profile_gdn_stage layer=21 stage=conv seq_len=1 start_pos=70 elapsed_ms=0.091
kiln_profile_gdn_stage layer=21 stage=qkv_split seq_len=1 start_pos=70 elapsed_ms=0.001
kiln_profile_gdn_stage layer=21 stage=qk_norm seq_len=1 start_pos=70 elapsed_ms=0.014
kiln_profile_gdn_stage layer=21 stage=gates seq_len=1 start_pos=70 elapsed_ms=0.217
kiln_profile_gdn_stage layer=21 stage=recurrent seq_len=1 start_pos=70 elapsed_ms=0.595
kiln_profile_gdn_stage layer=21 stage=post_transpose seq_len=1 start_pos=70 elapsed_ms=0.000
kiln_profile_gdn_stage layer=21 stage=gated_norm seq_len=1 start_pos=70 elapsed_ms=0.269
kiln_profile_gdn_stage layer=21 stage=out_proj seq_len=1 start_pos=70 elapsed_ms=0.318
kiln_profile_mlp_stage layer=21 stage=fused seq_len=1 start_pos=70 elapsed_ms=1.018
kiln_profile_paged_layer layer=21 kind=linear seq_len=1 start_pos=70 elapsed_ms=3.306
kiln_profile_gdn_stage layer=22 stage=in_proj seq_len=1 start_pos=70 elapsed_ms=0.713
kiln_profile_gdn_stage layer=22 stage=conv seq_len=1 start_pos=70 elapsed_ms=0.113
kiln_profile_gdn_stage layer=22 stage=qkv_split seq_len=1 start_pos=70 elapsed_ms=0.002
kiln_profile_gdn_stage layer=22 stage=qk_norm seq_len=1 start_pos=70 elapsed_ms=0.026
kiln_profile_gdn_stage layer=22 stage=gates seq_len=1 start_pos=70 elapsed_ms=0.345
kiln_profile_gdn_stage layer=22 stage=recurrent seq_len=1 start_pos=70 elapsed_ms=0.649
kiln_profile_gdn_stage layer=22 stage=post_transpose seq_len=1 start_pos=70 elapsed_ms=0.000
kiln_profile_gdn_stage layer=22 stage=gated_norm seq_len=1 start_pos=70 elapsed_ms=0.270
kiln_profile_gdn_stage layer=22 stage=out_proj seq_len=1 start_pos=70 elapsed_ms=0.330
kiln_profile_mlp_stage layer=22 stage=fused seq_len=1 start_pos=70 elapsed_ms=0.992
kiln_profile_paged_layer layer=22 kind=linear seq_len=1 start_pos=70 elapsed_ms=3.490
kiln_profile_full_attn_stage full_attn_layer=5 stage=qkv_proj seq_len=1 start_pos=70 elapsed_ms=0.604
kiln_profile_full_attn_stage full_attn_layer=5 stage=qkv_split seq_len=1 start_pos=70 elapsed_ms=0.004
kiln_profile_full_attn_stage full_attn_layer=5 stage=qk_norm seq_len=1 start_pos=70 elapsed_ms=0.021
kiln_profile_full_attn_stage full_attn_layer=5 stage=rope seq_len=1 start_pos=70 elapsed_ms=0.038
kiln_profile_full_attn_stage full_attn_layer=5 stage=q_transpose seq_len=1 start_pos=70 elapsed_ms=0.004
kiln_profile_full_attn_stage full_attn_layer=5 stage=kv_write seq_len=1 start_pos=70 elapsed_ms=0.005
kiln_profile_full_attn_stage full_attn_layer=5 stage=kv_read seq_len=1 start_pos=70 elapsed_ms=0.050
kiln_profile_full_attn_stage full_attn_layer=5 stage=decode_group_layout seq_len=1 start_pos=70 elapsed_ms=0.002
kiln_profile_full_attn_stage full_attn_layer=5 stage=decode_scores seq_len=1 start_pos=70 elapsed_ms=0.153
kiln_profile_full_attn_stage full_attn_layer=5 stage=decode_softmax seq_len=1 start_pos=70 elapsed_ms=0.009
kiln_profile_full_attn_stage full_attn_layer=5 stage=decode_weighted_sum seq_len=1 start_pos=70 elapsed_ms=0.039
kiln_profile_full_attn_stage full_attn_layer=5 stage=attn_gate seq_len=1 start_pos=70 elapsed_ms=0.008
kiln_profile_full_attn_stage full_attn_layer=5 stage=o_proj seq_len=1 start_pos=70 elapsed_ms=0.299
kiln_profile_mlp_stage layer=23 stage=fused seq_len=1 start_pos=70 elapsed_ms=0.962
kiln_profile_paged_layer layer=23 kind=full seq_len=1 start_pos=70 elapsed_ms=2.250
kiln_profile_gdn_stage layer=24 stage=in_proj seq_len=1 start_pos=70 elapsed_ms=0.766
kiln_profile_gdn_stage layer=24 stage=conv seq_len=1 start_pos=70 elapsed_ms=0.095
kiln_profile_gdn_stage layer=24 stage=qkv_split seq_len=1 start_pos=70 elapsed_ms=0.001
kiln_profile_gdn_stage layer=24 stage=qk_norm seq_len=1 start_pos=70 elapsed_ms=0.015
kiln_profile_gdn_stage layer=24 stage=gates seq_len=1 start_pos=70 elapsed_ms=0.205
kiln_profile_gdn_stage layer=24 stage=recurrent seq_len=1 start_pos=70 elapsed_ms=0.632
kiln_profile_gdn_stage layer=24 stage=post_transpose seq_len=1 start_pos=70 elapsed_ms=0.000
kiln_profile_gdn_stage layer=24 stage=gated_norm seq_len=1 start_pos=70 elapsed_ms=0.287
kiln_profile_gdn_stage layer=24 stage=out_proj seq_len=1 start_pos=70 elapsed_ms=0.330
kiln_profile_mlp_stage layer=24 stage=fused seq_len=1 start_pos=70 elapsed_ms=1.031
kiln_profile_paged_layer layer=24 kind=linear seq_len=1 start_pos=70 elapsed_ms=3.404
kiln_profile_gdn_stage layer=25 stage=in_proj seq_len=1 start_pos=70 elapsed_ms=0.732
kiln_profile_gdn_stage layer=25 stage=conv seq_len=1 start_pos=70 elapsed_ms=0.093
kiln_profile_gdn_stage layer=25 stage=qkv_split seq_len=1 start_pos=70 elapsed_ms=0.001
kiln_profile_gdn_stage layer=25 stage=qk_norm seq_len=1 start_pos=70 elapsed_ms=0.015
kiln_profile_gdn_stage layer=25 stage=gates seq_len=1 start_pos=70 elapsed_ms=0.208
kiln_profile_gdn_stage layer=25 stage=recurrent seq_len=1 start_pos=70 elapsed_ms=0.652
kiln_profile_gdn_stage layer=25 stage=post_transpose seq_len=1 start_pos=70 elapsed_ms=0.000
kiln_profile_gdn_stage layer=25 stage=gated_norm seq_len=1 start_pos=70 elapsed_ms=0.257
kiln_profile_gdn_stage layer=25 stage=out_proj seq_len=1 start_pos=70 elapsed_ms=0.323
kiln_profile_mlp_stage layer=25 stage=fused seq_len=1 start_pos=70 elapsed_ms=1.010
kiln_profile_paged_layer layer=25 kind=linear seq_len=1 start_pos=70 elapsed_ms=3.329
kiln_profile_gdn_stage layer=26 stage=in_proj seq_len=1 start_pos=70 elapsed_ms=0.722
kiln_profile_gdn_stage layer=26 stage=conv seq_len=1 start_pos=70 elapsed_ms=0.090
kiln_profile_gdn_stage layer=26 stage=qkv_split seq_len=1 start_pos=70 elapsed_ms=0.001
kiln_profile_gdn_stage layer=26 stage=qk_norm seq_len=1 start_pos=70 elapsed_ms=0.013
kiln_profile_gdn_stage layer=26 stage=gates seq_len=1 start_pos=70 elapsed_ms=0.196
kiln_profile_gdn_stage layer=26 stage=recurrent seq_len=1 start_pos=70 elapsed_ms=0.650
kiln_profile_gdn_stage layer=26 stage=post_transpose seq_len=1 start_pos=70 elapsed_ms=0.000
kiln_profile_gdn_stage layer=26 stage=gated_norm seq_len=1 start_pos=70 elapsed_ms=0.268
kiln_profile_gdn_stage layer=26 stage=out_proj seq_len=1 start_pos=70 elapsed_ms=0.323
kiln_profile_mlp_stage layer=26 stage=fused seq_len=1 start_pos=70 elapsed_ms=0.980
kiln_profile_paged_layer layer=26 kind=linear seq_len=1 start_pos=70 elapsed_ms=3.280
kiln_profile_full_attn_stage full_attn_layer=6 stage=qkv_proj seq_len=1 start_pos=70 elapsed_ms=0.610
kiln_profile_full_attn_stage full_attn_layer=6 stage=qkv_split seq_len=1 start_pos=70 elapsed_ms=0.003
kiln_profile_full_attn_stage full_attn_layer=6 stage=qk_norm seq_len=1 start_pos=70 elapsed_ms=0.017
kiln_profile_full_attn_stage full_attn_layer=6 stage=rope seq_len=1 start_pos=70 elapsed_ms=0.030
kiln_profile_full_attn_stage full_attn_layer=6 stage=q_transpose seq_len=1 start_pos=70 elapsed_ms=0.004
kiln_profile_full_attn_stage full_attn_layer=6 stage=kv_write seq_len=1 start_pos=70 elapsed_ms=0.004
kiln_profile_full_attn_stage full_attn_layer=6 stage=kv_read seq_len=1 start_pos=70 elapsed_ms=0.043
kiln_profile_full_attn_stage full_attn_layer=6 stage=decode_group_layout seq_len=1 start_pos=70 elapsed_ms=0.002
kiln_profile_full_attn_stage full_attn_layer=6 stage=decode_scores seq_len=1 start_pos=70 elapsed_ms=0.140
kiln_profile_full_attn_stage full_attn_layer=6 stage=decode_softmax seq_len=1 start_pos=70 elapsed_ms=0.009
kiln_profile_full_attn_stage full_attn_layer=6 stage=decode_weighted_sum seq_len=1 start_pos=70 elapsed_ms=0.034
kiln_profile_full_attn_stage full_attn_layer=6 stage=attn_gate seq_len=1 start_pos=70 elapsed_ms=0.008
kiln_profile_full_attn_stage full_attn_layer=6 stage=o_proj seq_len=1 start_pos=70 elapsed_ms=0.278
kiln_profile_mlp_stage layer=27 stage=fused seq_len=1 start_pos=70 elapsed_ms=1.124
kiln_profile_paged_layer layer=27 kind=full seq_len=1 start_pos=70 elapsed_ms=2.354
kiln_profile_gdn_stage layer=28 stage=in_proj seq_len=1 start_pos=70 elapsed_ms=0.706
kiln_profile_gdn_stage layer=28 stage=conv seq_len=1 start_pos=70 elapsed_ms=0.090
kiln_profile_gdn_stage layer=28 stage=qkv_split seq_len=1 start_pos=70 elapsed_ms=0.000
kiln_profile_gdn_stage layer=28 stage=qk_norm seq_len=1 start_pos=70 elapsed_ms=0.013
kiln_profile_gdn_stage layer=28 stage=gates seq_len=1 start_pos=70 elapsed_ms=0.210
kiln_profile_gdn_stage layer=28 stage=recurrent seq_len=1 start_pos=70 elapsed_ms=0.605
kiln_profile_gdn_stage layer=28 stage=post_transpose seq_len=1 start_pos=70 elapsed_ms=0.000
kiln_profile_gdn_stage layer=28 stage=gated_norm seq_len=1 start_pos=70 elapsed_ms=0.268
kiln_profile_gdn_stage layer=28 stage=out_proj seq_len=1 start_pos=70 elapsed_ms=0.324
kiln_profile_mlp_stage layer=28 stage=fused seq_len=1 start_pos=70 elapsed_ms=0.988
kiln_profile_paged_layer layer=28 kind=linear seq_len=1 start_pos=70 elapsed_ms=3.243
kiln_profile_gdn_stage layer=29 stage=in_proj seq_len=1 start_pos=70 elapsed_ms=0.728
kiln_profile_gdn_stage layer=29 stage=conv seq_len=1 start_pos=70 elapsed_ms=0.090
kiln_profile_gdn_stage layer=29 stage=qkv_split seq_len=1 start_pos=70 elapsed_ms=0.001
kiln_profile_gdn_stage layer=29 stage=qk_norm seq_len=1 start_pos=70 elapsed_ms=0.013
kiln_profile_gdn_stage layer=29 stage=gates seq_len=1 start_pos=70 elapsed_ms=0.196
kiln_profile_gdn_stage layer=29 stage=recurrent seq_len=1 start_pos=70 elapsed_ms=0.581
kiln_profile_gdn_stage layer=29 stage=post_transpose seq_len=1 start_pos=70 elapsed_ms=0.000
kiln_profile_gdn_stage layer=29 stage=gated_norm seq_len=1 start_pos=70 elapsed_ms=0.263
kiln_profile_gdn_stage layer=29 stage=out_proj seq_len=1 start_pos=70 elapsed_ms=0.320
kiln_profile_mlp_stage layer=29 stage=fused seq_len=1 start_pos=70 elapsed_ms=1.014
kiln_profile_paged_layer layer=29 kind=linear seq_len=1 start_pos=70 elapsed_ms=3.243
kiln_profile_gdn_stage layer=30 stage=in_proj seq_len=1 start_pos=70 elapsed_ms=0.741
kiln_profile_gdn_stage layer=30 stage=conv seq_len=1 start_pos=70 elapsed_ms=0.090
kiln_profile_gdn_stage layer=30 stage=qkv_split seq_len=1 start_pos=70 elapsed_ms=0.001
kiln_profile_gdn_stage layer=30 stage=qk_norm seq_len=1 start_pos=70 elapsed_ms=0.014
kiln_profile_gdn_stage layer=30 stage=gates seq_len=1 start_pos=70 elapsed_ms=0.222
kiln_profile_gdn_stage layer=30 stage=recurrent seq_len=1 start_pos=70 elapsed_ms=0.594
kiln_profile_gdn_stage layer=30 stage=post_transpose seq_len=1 start_pos=70 elapsed_ms=0.000
kiln_profile_gdn_stage layer=30 stage=gated_norm seq_len=1 start_pos=70 elapsed_ms=0.258
kiln_profile_gdn_stage layer=30 stage=out_proj seq_len=1 start_pos=70 elapsed_ms=0.329
kiln_profile_mlp_stage layer=30 stage=fused seq_len=1 start_pos=70 elapsed_ms=1.003
kiln_profile_paged_layer layer=30 kind=linear seq_len=1 start_pos=70 elapsed_ms=3.287
kiln_profile_full_attn_stage full_attn_layer=7 stage=qkv_proj seq_len=1 start_pos=70 elapsed_ms=0.589
kiln_profile_full_attn_stage full_attn_layer=7 stage=qkv_split seq_len=1 start_pos=70 elapsed_ms=0.003
kiln_profile_full_attn_stage full_attn_layer=7 stage=qk_norm seq_len=1 start_pos=70 elapsed_ms=0.016
kiln_profile_full_attn_stage full_attn_layer=7 stage=rope seq_len=1 start_pos=70 elapsed_ms=0.036
kiln_profile_full_attn_stage full_attn_layer=7 stage=q_transpose seq_len=1 start_pos=70 elapsed_ms=0.005
kiln_profile_full_attn_stage full_attn_layer=7 stage=kv_write seq_len=1 start_pos=70 elapsed_ms=0.006
kiln_profile_full_attn_stage full_attn_layer=7 stage=kv_read seq_len=1 start_pos=70 elapsed_ms=0.042
kiln_profile_full_attn_stage full_attn_layer=7 stage=decode_group_layout seq_len=1 start_pos=70 elapsed_ms=0.002
kiln_profile_full_attn_stage full_attn_layer=7 stage=decode_scores seq_len=1 start_pos=70 elapsed_ms=0.154
kiln_profile_full_attn_stage full_attn_layer=7 stage=decode_softmax seq_len=1 start_pos=70 elapsed_ms=0.011
kiln_profile_full_attn_stage full_attn_layer=7 stage=decode_weighted_sum seq_len=1 start_pos=70 elapsed_ms=0.037
kiln_profile_full_attn_stage full_attn_layer=7 stage=attn_gate seq_len=1 start_pos=70 elapsed_ms=0.009
kiln_profile_full_attn_stage full_attn_layer=7 stage=o_proj seq_len=1 start_pos=70 elapsed_ms=0.275
kiln_profile_mlp_stage layer=31 stage=fused seq_len=1 start_pos=70 elapsed_ms=0.991
kiln_profile_paged_layer layer=31 kind=full seq_len=1 start_pos=70 elapsed_ms=2.227
kiln_profile_gdn_stage layer=0 stage=in_proj seq_len=1 start_pos=71 elapsed_ms=0.688
kiln_profile_gdn_stage layer=0 stage=conv seq_len=1 start_pos=71 elapsed_ms=0.111
kiln_profile_gdn_stage layer=0 stage=qkv_split seq_len=1 start_pos=71 elapsed_ms=0.001
kiln_profile_gdn_stage layer=0 stage=qk_norm seq_len=1 start_pos=71 elapsed_ms=0.018
kiln_profile_gdn_stage layer=0 stage=gates seq_len=1 start_pos=71 elapsed_ms=0.226
kiln_profile_gdn_stage layer=0 stage=recurrent seq_len=1 start_pos=71 elapsed_ms=0.707
kiln_profile_gdn_stage layer=0 stage=post_transpose seq_len=1 start_pos=71 elapsed_ms=0.000
kiln_profile_gdn_stage layer=0 stage=gated_norm seq_len=1 start_pos=71 elapsed_ms=1.124
kiln_profile_gdn_stage layer=0 stage=out_proj seq_len=1 start_pos=71 elapsed_ms=0.447
kiln_profile_mlp_stage layer=0 stage=fused seq_len=1 start_pos=71 elapsed_ms=1.140
kiln_profile_paged_layer layer=0 kind=linear seq_len=1 start_pos=71 elapsed_ms=4.516
kiln_profile_gdn_stage layer=1 stage=in_proj seq_len=1 start_pos=71 elapsed_ms=0.748
kiln_profile_gdn_stage layer=1 stage=conv seq_len=1 start_pos=71 elapsed_ms=0.126
kiln_profile_gdn_stage layer=1 stage=qkv_split seq_len=1 start_pos=71 elapsed_ms=0.001
kiln_profile_gdn_stage layer=1 stage=qk_norm seq_len=1 start_pos=71 elapsed_ms=0.021
kiln_profile_gdn_stage layer=1 stage=gates seq_len=1 start_pos=71 elapsed_ms=0.290
kiln_profile_gdn_stage layer=1 stage=recurrent seq_len=1 start_pos=71 elapsed_ms=0.757
kiln_profile_gdn_stage layer=1 stage=post_transpose seq_len=1 start_pos=71 elapsed_ms=0.000
kiln_profile_gdn_stage layer=1 stage=gated_norm seq_len=1 start_pos=71 elapsed_ms=0.288
kiln_profile_gdn_stage layer=1 stage=out_proj seq_len=1 start_pos=71 elapsed_ms=0.330
kiln_profile_mlp_stage layer=1 stage=fused seq_len=1 start_pos=71 elapsed_ms=1.018
kiln_profile_paged_layer layer=1 kind=linear seq_len=1 start_pos=71 elapsed_ms=3.633
kiln_profile_gdn_stage layer=2 stage=in_proj seq_len=1 start_pos=71 elapsed_ms=0.717
kiln_profile_gdn_stage layer=2 stage=conv seq_len=1 start_pos=71 elapsed_ms=0.121
kiln_profile_gdn_stage layer=2 stage=qkv_split seq_len=1 start_pos=71 elapsed_ms=0.001
kiln_profile_gdn_stage layer=2 stage=qk_norm seq_len=1 start_pos=71 elapsed_ms=0.019
kiln_profile_gdn_stage layer=2 stage=gates seq_len=1 start_pos=71 elapsed_ms=0.351
kiln_profile_gdn_stage layer=2 stage=recurrent seq_len=1 start_pos=71 elapsed_ms=0.752
kiln_profile_gdn_stage layer=2 stage=post_transpose seq_len=1 start_pos=71 elapsed_ms=0.000
kiln_profile_gdn_stage layer=2 stage=gated_norm seq_len=1 start_pos=71 elapsed_ms=0.288
kiln_profile_gdn_stage layer=2 stage=out_proj seq_len=1 start_pos=71 elapsed_ms=0.335
kiln_profile_mlp_stage layer=2 stage=fused seq_len=1 start_pos=71 elapsed_ms=1.058
kiln_profile_paged_layer layer=2 kind=linear seq_len=1 start_pos=71 elapsed_ms=3.692
kiln_profile_full_attn_stage full_attn_layer=0 stage=qkv_proj seq_len=1 start_pos=71 elapsed_ms=0.605
kiln_profile_full_attn_stage full_attn_layer=0 stage=qkv_split seq_len=1 start_pos=71 elapsed_ms=0.004
kiln_profile_full_attn_stage full_attn_layer=0 stage=qk_norm seq_len=1 start_pos=71 elapsed_ms=0.023
kiln_profile_full_attn_stage full_attn_layer=0 stage=rope seq_len=1 start_pos=71 elapsed_ms=0.046
kiln_profile_full_attn_stage full_attn_layer=0 stage=q_transpose seq_len=1 start_pos=71 elapsed_ms=0.007
kiln_profile_full_attn_stage full_attn_layer=0 stage=kv_write seq_len=1 start_pos=71 elapsed_ms=0.007
kiln_profile_full_attn_stage full_attn_layer=0 stage=kv_read seq_len=1 start_pos=71 elapsed_ms=0.063
kiln_profile_full_attn_stage full_attn_layer=0 stage=decode_group_layout seq_len=1 start_pos=71 elapsed_ms=0.003
kiln_profile_full_attn_stage full_attn_layer=0 stage=decode_scores seq_len=1 start_pos=71 elapsed_ms=0.213
kiln_profile_full_attn_stage full_attn_layer=0 stage=decode_softmax seq_len=1 start_pos=71 elapsed_ms=0.011
kiln_profile_full_attn_stage full_attn_layer=0 stage=decode_weighted_sum seq_len=1 start_pos=71 elapsed_ms=0.056
kiln_profile_full_attn_stage full_attn_layer=0 stage=attn_gate seq_len=1 start_pos=71 elapsed_ms=0.013
kiln_profile_full_attn_stage full_attn_layer=0 stage=o_proj seq_len=1 start_pos=71 elapsed_ms=0.295
kiln_profile_mlp_stage layer=3 stage=fused seq_len=1 start_pos=71 elapsed_ms=1.009
kiln_profile_paged_layer layer=3 kind=full seq_len=1 start_pos=71 elapsed_ms=2.433
kiln_profile_gdn_stage layer=4 stage=in_proj seq_len=1 start_pos=71 elapsed_ms=0.725
kiln_profile_gdn_stage layer=4 stage=conv seq_len=1 start_pos=71 elapsed_ms=0.141
kiln_profile_gdn_stage layer=4 stage=qkv_split seq_len=1 start_pos=71 elapsed_ms=0.001
kiln_profile_gdn_stage layer=4 stage=qk_norm seq_len=1 start_pos=71 elapsed_ms=0.021
kiln_profile_gdn_stage layer=4 stage=gates seq_len=1 start_pos=71 elapsed_ms=0.264
kiln_profile_gdn_stage layer=4 stage=recurrent seq_len=1 start_pos=71 elapsed_ms=1.109
kiln_profile_gdn_stage layer=4 stage=post_transpose seq_len=1 start_pos=71 elapsed_ms=0.001
kiln_profile_gdn_stage layer=4 stage=gated_norm seq_len=1 start_pos=71 elapsed_ms=0.498
kiln_profile_gdn_stage layer=4 stage=out_proj seq_len=1 start_pos=71 elapsed_ms=0.330
kiln_profile_mlp_stage layer=4 stage=fused seq_len=1 start_pos=71 elapsed_ms=1.158
kiln_profile_paged_layer layer=4 kind=linear seq_len=1 start_pos=71 elapsed_ms=4.332
kiln_profile_gdn_stage layer=5 stage=in_proj seq_len=1 start_pos=71 elapsed_ms=0.770
kiln_profile_gdn_stage layer=5 stage=conv seq_len=1 start_pos=71 elapsed_ms=0.143
kiln_profile_gdn_stage layer=5 stage=qkv_split seq_len=1 start_pos=71 elapsed_ms=0.002
kiln_profile_gdn_stage layer=5 stage=qk_norm seq_len=1 start_pos=71 elapsed_ms=0.026
kiln_profile_gdn_stage layer=5 stage=gates seq_len=1 start_pos=71 elapsed_ms=0.404
kiln_profile_gdn_stage layer=5 stage=recurrent seq_len=1 start_pos=71 elapsed_ms=0.912
kiln_profile_gdn_stage layer=5 stage=post_transpose seq_len=1 start_pos=71 elapsed_ms=0.000
kiln_profile_gdn_stage layer=5 stage=gated_norm seq_len=1 start_pos=71 elapsed_ms=0.325
kiln_profile_gdn_stage layer=5 stage=out_proj seq_len=1 start_pos=71 elapsed_ms=0.340
kiln_profile_mlp_stage layer=5 stage=fused seq_len=1 start_pos=71 elapsed_ms=1.063
kiln_profile_paged_layer layer=5 kind=linear seq_len=1 start_pos=71 elapsed_ms=4.059
kiln_profile_gdn_stage layer=6 stage=in_proj seq_len=1 start_pos=71 elapsed_ms=0.746
kiln_profile_gdn_stage layer=6 stage=conv seq_len=1 start_pos=71 elapsed_ms=0.144
kiln_profile_gdn_stage layer=6 stage=qkv_split seq_len=1 start_pos=71 elapsed_ms=0.002
kiln_profile_gdn_stage layer=6 stage=qk_norm seq_len=1 start_pos=71 elapsed_ms=0.023
kiln_profile_gdn_stage layer=6 stage=gates seq_len=1 start_pos=71 elapsed_ms=0.275
kiln_profile_gdn_stage layer=6 stage=recurrent seq_len=1 start_pos=71 elapsed_ms=0.911
kiln_profile_gdn_stage layer=6 stage=post_transpose seq_len=1 start_pos=71 elapsed_ms=0.000
kiln_profile_gdn_stage layer=6 stage=gated_norm seq_len=1 start_pos=71 elapsed_ms=0.315
kiln_profile_gdn_stage layer=6 stage=out_proj seq_len=1 start_pos=71 elapsed_ms=0.320
kiln_profile_mlp_stage layer=6 stage=fused seq_len=1 start_pos=71 elapsed_ms=1.127
kiln_profile_paged_layer layer=6 kind=linear seq_len=1 start_pos=71 elapsed_ms=3.925
kiln_profile_full_attn_stage full_attn_layer=1 stage=qkv_proj seq_len=1 start_pos=71 elapsed_ms=0.600
kiln_profile_full_attn_stage full_attn_layer=1 stage=qkv_split seq_len=1 start_pos=71 elapsed_ms=0.005
kiln_profile_full_attn_stage full_attn_layer=1 stage=qk_norm seq_len=1 start_pos=71 elapsed_ms=0.028
kiln_profile_full_attn_stage full_attn_layer=1 stage=rope seq_len=1 start_pos=71 elapsed_ms=0.048
kiln_profile_full_attn_stage full_attn_layer=1 stage=q_transpose seq_len=1 start_pos=71 elapsed_ms=0.006
kiln_profile_full_attn_stage full_attn_layer=1 stage=kv_write seq_len=1 start_pos=71 elapsed_ms=0.005
kiln_profile_full_attn_stage full_attn_layer=1 stage=kv_read seq_len=1 start_pos=71 elapsed_ms=0.045
kiln_profile_full_attn_stage full_attn_layer=1 stage=decode_group_layout seq_len=1 start_pos=71 elapsed_ms=0.003
kiln_profile_full_attn_stage full_attn_layer=1 stage=decode_scores seq_len=1 start_pos=71 elapsed_ms=0.209
kiln_profile_full_attn_stage full_attn_layer=1 stage=decode_softmax seq_len=1 start_pos=71 elapsed_ms=0.013
kiln_profile_full_attn_stage full_attn_layer=1 stage=decode_weighted_sum seq_len=1 start_pos=71 elapsed_ms=0.065
kiln_profile_full_attn_stage full_attn_layer=1 stage=attn_gate seq_len=1 start_pos=71 elapsed_ms=0.014
kiln_profile_full_attn_stage full_attn_layer=1 stage=o_proj seq_len=1 start_pos=71 elapsed_ms=0.296
kiln_profile_mlp_stage layer=7 stage=fused seq_len=1 start_pos=71 elapsed_ms=0.994
kiln_profile_paged_layer layer=7 kind=full seq_len=1 start_pos=71 elapsed_ms=2.415
kiln_profile_gdn_stage layer=8 stage=in_proj seq_len=1 start_pos=71 elapsed_ms=0.873
kiln_profile_gdn_stage layer=8 stage=conv seq_len=1 start_pos=71 elapsed_ms=0.296
kiln_profile_gdn_stage layer=8 stage=qkv_split seq_len=1 start_pos=71 elapsed_ms=0.002
kiln_profile_gdn_stage layer=8 stage=qk_norm seq_len=1 start_pos=71 elapsed_ms=0.037
kiln_profile_gdn_stage layer=8 stage=gates seq_len=1 start_pos=71 elapsed_ms=0.424
kiln_profile_gdn_stage layer=8 stage=recurrent seq_len=1 start_pos=71 elapsed_ms=1.809
kiln_profile_gdn_stage layer=8 stage=post_transpose seq_len=1 start_pos=71 elapsed_ms=0.001
kiln_profile_gdn_stage layer=8 stage=gated_norm seq_len=1 start_pos=71 elapsed_ms=0.622
kiln_profile_gdn_stage layer=8 stage=out_proj seq_len=1 start_pos=71 elapsed_ms=0.712
kiln_profile_mlp_stage layer=8 stage=fused seq_len=1 start_pos=71 elapsed_ms=1.016
kiln_profile_paged_layer layer=8 kind=linear seq_len=1 start_pos=71 elapsed_ms=5.900
kiln_profile_gdn_stage layer=9 stage=in_proj seq_len=1 start_pos=71 elapsed_ms=0.701
kiln_profile_gdn_stage layer=9 stage=conv seq_len=1 start_pos=71 elapsed_ms=0.147
kiln_profile_gdn_stage layer=9 stage=qkv_split seq_len=1 start_pos=71 elapsed_ms=0.001
kiln_profile_gdn_stage layer=9 stage=qk_norm seq_len=1 start_pos=71 elapsed_ms=0.023
kiln_profile_gdn_stage layer=9 stage=gates seq_len=1 start_pos=71 elapsed_ms=0.227
kiln_profile_gdn_stage layer=9 stage=recurrent seq_len=1 start_pos=71 elapsed_ms=0.875
kiln_profile_gdn_stage layer=9 stage=post_transpose seq_len=1 start_pos=71 elapsed_ms=0.000
kiln_profile_gdn_stage layer=9 stage=gated_norm seq_len=1 start_pos=71 elapsed_ms=0.266
kiln_profile_gdn_stage layer=9 stage=out_proj seq_len=1 start_pos=71 elapsed_ms=0.319
kiln_profile_mlp_stage layer=9 stage=fused seq_len=1 start_pos=71 elapsed_ms=1.177
kiln_profile_paged_layer layer=9 kind=linear seq_len=1 start_pos=71 elapsed_ms=3.797
kiln_profile_gdn_stage layer=10 stage=in_proj seq_len=1 start_pos=71 elapsed_ms=0.729
kiln_profile_gdn_stage layer=10 stage=conv seq_len=1 start_pos=71 elapsed_ms=0.144
kiln_profile_gdn_stage layer=10 stage=qkv_split seq_len=1 start_pos=71 elapsed_ms=0.001
kiln_profile_gdn_stage layer=10 stage=qk_norm seq_len=1 start_pos=71 elapsed_ms=0.023
kiln_profile_gdn_stage layer=10 stage=gates seq_len=1 start_pos=71 elapsed_ms=0.297
kiln_profile_gdn_stage layer=10 stage=recurrent seq_len=1 start_pos=71 elapsed_ms=0.728
kiln_profile_gdn_stage layer=10 stage=post_transpose seq_len=1 start_pos=71 elapsed_ms=0.000
kiln_profile_gdn_stage layer=10 stage=gated_norm seq_len=1 start_pos=71 elapsed_ms=0.316
kiln_profile_gdn_stage layer=10 stage=out_proj seq_len=1 start_pos=71 elapsed_ms=0.336
kiln_profile_mlp_stage layer=10 stage=fused seq_len=1 start_pos=71 elapsed_ms=1.052
kiln_profile_paged_layer layer=10 kind=linear seq_len=1 start_pos=71 elapsed_ms=3.678
kiln_profile_full_attn_stage full_attn_layer=2 stage=qkv_proj seq_len=1 start_pos=71 elapsed_ms=0.638
kiln_profile_full_attn_stage full_attn_layer=2 stage=qkv_split seq_len=1 start_pos=71 elapsed_ms=0.004
kiln_profile_full_attn_stage full_attn_layer=2 stage=qk_norm seq_len=1 start_pos=71 elapsed_ms=0.021
kiln_profile_full_attn_stage full_attn_layer=2 stage=rope seq_len=1 start_pos=71 elapsed_ms=0.041
kiln_profile_full_attn_stage full_attn_layer=2 stage=q_transpose seq_len=1 start_pos=71 elapsed_ms=0.005
kiln_profile_full_attn_stage full_attn_layer=2 stage=kv_write seq_len=1 start_pos=71 elapsed_ms=0.008
kiln_profile_full_attn_stage full_attn_layer=2 stage=kv_read seq_len=1 start_pos=71 elapsed_ms=0.086
kiln_profile_full_attn_stage full_attn_layer=2 stage=decode_group_layout seq_len=1 start_pos=71 elapsed_ms=0.003
kiln_profile_full_attn_stage full_attn_layer=2 stage=decode_scores seq_len=1 start_pos=71 elapsed_ms=0.338
kiln_profile_full_attn_stage full_attn_layer=2 stage=decode_softmax seq_len=1 start_pos=71 elapsed_ms=0.013
kiln_profile_full_attn_stage full_attn_layer=2 stage=decode_weighted_sum seq_len=1 start_pos=71 elapsed_ms=0.063
kiln_profile_full_attn_stage full_attn_layer=2 stage=attn_gate seq_len=1 start_pos=71 elapsed_ms=0.012
kiln_profile_full_attn_stage full_attn_layer=2 stage=o_proj seq_len=1 start_pos=71 elapsed_ms=0.357
kiln_profile_mlp_stage layer=11 stage=fused seq_len=1 start_pos=71 elapsed_ms=0.993
kiln_profile_paged_layer layer=11 kind=full seq_len=1 start_pos=71 elapsed_ms=2.652
kiln_profile_gdn_stage layer=12 stage=in_proj seq_len=1 start_pos=71 elapsed_ms=0.778
kiln_profile_gdn_stage layer=12 stage=conv seq_len=1 start_pos=71 elapsed_ms=0.129
kiln_profile_gdn_stage layer=12 stage=qkv_split seq_len=1 start_pos=71 elapsed_ms=0.002
kiln_profile_gdn_stage layer=12 stage=qk_norm seq_len=1 start_pos=71 elapsed_ms=0.023
kiln_profile_gdn_stage layer=12 stage=gates seq_len=1 start_pos=71 elapsed_ms=0.294
kiln_profile_gdn_stage layer=12 stage=recurrent seq_len=1 start_pos=71 elapsed_ms=0.736
kiln_profile_gdn_stage layer=12 stage=post_transpose seq_len=1 start_pos=71 elapsed_ms=0.000
kiln_profile_gdn_stage layer=12 stage=gated_norm seq_len=1 start_pos=71 elapsed_ms=0.311
kiln_profile_gdn_stage layer=12 stage=out_proj seq_len=1 start_pos=71 elapsed_ms=0.340
kiln_profile_mlp_stage layer=12 stage=fused seq_len=1 start_pos=71 elapsed_ms=1.041
kiln_profile_paged_layer layer=12 kind=linear seq_len=1 start_pos=71 elapsed_ms=3.717
kiln_profile_gdn_stage layer=13 stage=in_proj seq_len=1 start_pos=71 elapsed_ms=0.715
kiln_profile_gdn_stage layer=13 stage=conv seq_len=1 start_pos=71 elapsed_ms=0.131
kiln_profile_gdn_stage layer=13 stage=qkv_split seq_len=1 start_pos=71 elapsed_ms=0.001
kiln_profile_gdn_stage layer=13 stage=qk_norm seq_len=1 start_pos=71 elapsed_ms=0.045
kiln_profile_gdn_stage layer=13 stage=gates seq_len=1 start_pos=71 elapsed_ms=0.322
kiln_profile_gdn_stage layer=13 stage=recurrent seq_len=1 start_pos=71 elapsed_ms=0.748
kiln_profile_gdn_stage layer=13 stage=post_transpose seq_len=1 start_pos=71 elapsed_ms=0.000
kiln_profile_gdn_stage layer=13 stage=gated_norm seq_len=1 start_pos=71 elapsed_ms=0.480
kiln_profile_gdn_stage layer=13 stage=out_proj seq_len=1 start_pos=71 elapsed_ms=0.349
kiln_profile_mlp_stage layer=13 stage=fused seq_len=1 start_pos=71 elapsed_ms=1.062
kiln_profile_paged_layer layer=13 kind=linear seq_len=1 start_pos=71 elapsed_ms=3.933
kiln_profile_gdn_stage layer=14 stage=in_proj seq_len=1 start_pos=71 elapsed_ms=0.709
kiln_profile_gdn_stage layer=14 stage=conv seq_len=1 start_pos=71 elapsed_ms=0.158
kiln_profile_gdn_stage layer=14 stage=qkv_split seq_len=1 start_pos=71 elapsed_ms=0.001
kiln_profile_gdn_stage layer=14 stage=qk_norm seq_len=1 start_pos=71 elapsed_ms=0.020
kiln_profile_gdn_stage layer=14 stage=gates seq_len=1 start_pos=71 elapsed_ms=0.349
kiln_profile_gdn_stage layer=14 stage=recurrent seq_len=1 start_pos=71 elapsed_ms=0.746
kiln_profile_gdn_stage layer=14 stage=post_transpose seq_len=1 start_pos=71 elapsed_ms=0.000
kiln_profile_gdn_stage layer=14 stage=gated_norm seq_len=1 start_pos=71 elapsed_ms=0.283
kiln_profile_gdn_stage layer=14 stage=out_proj seq_len=1 start_pos=71 elapsed_ms=0.334
kiln_profile_mlp_stage layer=14 stage=fused seq_len=1 start_pos=71 elapsed_ms=0.992
kiln_profile_paged_layer layer=14 kind=linear seq_len=1 start_pos=71 elapsed_ms=3.677
kiln_profile_full_attn_stage full_attn_layer=3 stage=qkv_proj seq_len=1 start_pos=71 elapsed_ms=0.636
kiln_profile_full_attn_stage full_attn_layer=3 stage=qkv_split seq_len=1 start_pos=71 elapsed_ms=0.005
kiln_profile_full_attn_stage full_attn_layer=3 stage=qk_norm seq_len=1 start_pos=71 elapsed_ms=0.031
kiln_profile_full_attn_stage full_attn_layer=3 stage=rope seq_len=1 start_pos=71 elapsed_ms=0.072
kiln_profile_full_attn_stage full_attn_layer=3 stage=q_transpose seq_len=1 start_pos=71 elapsed_ms=0.006
kiln_profile_full_attn_stage full_attn_layer=3 stage=kv_write seq_len=1 start_pos=71 elapsed_ms=0.006
kiln_profile_full_attn_stage full_attn_layer=3 stage=kv_read seq_len=1 start_pos=71 elapsed_ms=0.044
kiln_profile_full_attn_stage full_attn_layer=3 stage=decode_group_layout seq_len=1 start_pos=71 elapsed_ms=0.003
kiln_profile_full_attn_stage full_attn_layer=3 stage=decode_scores seq_len=1 start_pos=71 elapsed_ms=0.191
kiln_profile_full_attn_stage full_attn_layer=3 stage=decode_softmax seq_len=1 start_pos=71 elapsed_ms=0.013
kiln_profile_full_attn_stage full_attn_layer=3 stage=decode_weighted_sum seq_len=1 start_pos=71 elapsed_ms=0.052
kiln_profile_full_attn_stage full_attn_layer=3 stage=attn_gate seq_len=1 start_pos=71 elapsed_ms=0.015
kiln_profile_full_attn_stage full_attn_layer=3 stage=o_proj seq_len=1 start_pos=71 elapsed_ms=0.314
kiln_profile_mlp_stage layer=15 stage=fused seq_len=1 start_pos=71 elapsed_ms=0.987
kiln_profile_paged_layer layer=15 kind=full seq_len=1 start_pos=71 elapsed_ms=2.487
kiln_profile_gdn_stage layer=16 stage=in_proj seq_len=1 start_pos=71 elapsed_ms=0.802
kiln_profile_gdn_stage layer=16 stage=conv seq_len=1 start_pos=71 elapsed_ms=0.156
kiln_profile_gdn_stage layer=16 stage=qkv_split seq_len=1 start_pos=71 elapsed_ms=0.001
kiln_profile_gdn_stage layer=16 stage=qk_norm seq_len=1 start_pos=71 elapsed_ms=0.023
kiln_profile_gdn_stage layer=16 stage=gates seq_len=1 start_pos=71 elapsed_ms=0.270
kiln_profile_gdn_stage layer=16 stage=recurrent seq_len=1 start_pos=71 elapsed_ms=0.755
kiln_profile_gdn_stage layer=16 stage=post_transpose seq_len=1 start_pos=71 elapsed_ms=0.000
kiln_profile_gdn_stage layer=16 stage=gated_norm seq_len=1 start_pos=71 elapsed_ms=0.304
kiln_profile_gdn_stage layer=16 stage=out_proj seq_len=1 start_pos=71 elapsed_ms=0.328
kiln_profile_mlp_stage layer=16 stage=fused seq_len=1 start_pos=71 elapsed_ms=1.016
kiln_profile_paged_layer layer=16 kind=linear seq_len=1 start_pos=71 elapsed_ms=3.720
kiln_profile_gdn_stage layer=17 stage=in_proj seq_len=1 start_pos=71 elapsed_ms=0.717
kiln_profile_gdn_stage layer=17 stage=conv seq_len=1 start_pos=71 elapsed_ms=0.153
kiln_profile_gdn_stage layer=17 stage=qkv_split seq_len=1 start_pos=71 elapsed_ms=0.001
kiln_profile_gdn_stage layer=17 stage=qk_norm seq_len=1 start_pos=71 elapsed_ms=0.021
kiln_profile_gdn_stage layer=17 stage=gates seq_len=1 start_pos=71 elapsed_ms=0.328
kiln_profile_gdn_stage layer=17 stage=recurrent seq_len=1 start_pos=71 elapsed_ms=0.765
kiln_profile_gdn_stage layer=17 stage=post_transpose seq_len=1 start_pos=71 elapsed_ms=0.000
kiln_profile_gdn_stage layer=17 stage=gated_norm seq_len=1 start_pos=71 elapsed_ms=0.314
kiln_profile_gdn_stage layer=17 stage=out_proj seq_len=1 start_pos=71 elapsed_ms=0.326
kiln_profile_mlp_stage layer=17 stage=fused seq_len=1 start_pos=71 elapsed_ms=1.014
kiln_profile_paged_layer layer=17 kind=linear seq_len=1 start_pos=71 elapsed_ms=3.732
kiln_profile_gdn_stage layer=18 stage=in_proj seq_len=1 start_pos=71 elapsed_ms=0.755
kiln_profile_gdn_stage layer=18 stage=conv seq_len=1 start_pos=71 elapsed_ms=0.165
kiln_profile_gdn_stage layer=18 stage=qkv_split seq_len=1 start_pos=71 elapsed_ms=0.001
kiln_profile_gdn_stage layer=18 stage=qk_norm seq_len=1 start_pos=71 elapsed_ms=0.020
kiln_profile_gdn_stage layer=18 stage=gates seq_len=1 start_pos=71 elapsed_ms=0.291
kiln_profile_gdn_stage layer=18 stage=recurrent seq_len=1 start_pos=71 elapsed_ms=0.782
kiln_profile_gdn_stage layer=18 stage=post_transpose seq_len=1 start_pos=71 elapsed_ms=0.000
kiln_profile_gdn_stage layer=18 stage=gated_norm seq_len=1 start_pos=71 elapsed_ms=0.338
kiln_profile_gdn_stage layer=18 stage=out_proj seq_len=1 start_pos=71 elapsed_ms=0.335
kiln_profile_mlp_stage layer=18 stage=fused seq_len=1 start_pos=71 elapsed_ms=0.997
kiln_profile_paged_layer layer=18 kind=linear seq_len=1 start_pos=71 elapsed_ms=3.749
kiln_profile_full_attn_stage full_attn_layer=4 stage=qkv_proj seq_len=1 start_pos=71 elapsed_ms=0.622
kiln_profile_full_attn_stage full_attn_layer=4 stage=qkv_split seq_len=1 start_pos=71 elapsed_ms=0.006
kiln_profile_full_attn_stage full_attn_layer=4 stage=qk_norm seq_len=1 start_pos=71 elapsed_ms=0.029
kiln_profile_full_attn_stage full_attn_layer=4 stage=rope seq_len=1 start_pos=71 elapsed_ms=0.074
kiln_profile_full_attn_stage full_attn_layer=4 stage=q_transpose seq_len=1 start_pos=71 elapsed_ms=0.006
kiln_profile_full_attn_stage full_attn_layer=4 stage=kv_write seq_len=1 start_pos=71 elapsed_ms=0.006
kiln_profile_full_attn_stage full_attn_layer=4 stage=kv_read seq_len=1 start_pos=71 elapsed_ms=0.044
kiln_profile_full_attn_stage full_attn_layer=4 stage=decode_group_layout seq_len=1 start_pos=71 elapsed_ms=0.003
kiln_profile_full_attn_stage full_attn_layer=4 stage=decode_scores seq_len=1 start_pos=71 elapsed_ms=0.184
kiln_profile_full_attn_stage full_attn_layer=4 stage=decode_softmax seq_len=1 start_pos=71 elapsed_ms=0.012
kiln_profile_full_attn_stage full_attn_layer=4 stage=decode_weighted_sum seq_len=1 start_pos=71 elapsed_ms=0.048
kiln_profile_full_attn_stage full_attn_layer=4 stage=attn_gate seq_len=1 start_pos=71 elapsed_ms=0.013
kiln_profile_full_attn_stage full_attn_layer=4 stage=o_proj seq_len=1 start_pos=71 elapsed_ms=0.287
kiln_profile_mlp_stage layer=19 stage=fused seq_len=1 start_pos=71 elapsed_ms=1.061
kiln_profile_paged_layer layer=19 kind=full seq_len=1 start_pos=71 elapsed_ms=2.486
kiln_profile_gdn_stage layer=20 stage=in_proj seq_len=1 start_pos=71 elapsed_ms=1.493
kiln_profile_gdn_stage layer=20 stage=conv seq_len=1 start_pos=71 elapsed_ms=0.167
kiln_profile_gdn_stage layer=20 stage=qkv_split seq_len=1 start_pos=71 elapsed_ms=0.001
kiln_profile_gdn_stage layer=20 stage=qk_norm seq_len=1 start_pos=71 elapsed_ms=0.021
kiln_profile_gdn_stage layer=20 stage=gates seq_len=1 start_pos=71 elapsed_ms=0.297
kiln_profile_gdn_stage layer=20 stage=recurrent seq_len=1 start_pos=71 elapsed_ms=0.854
kiln_profile_gdn_stage layer=20 stage=post_transpose seq_len=1 start_pos=71 elapsed_ms=0.000
kiln_profile_gdn_stage layer=20 stage=gated_norm seq_len=1 start_pos=71 elapsed_ms=0.319
kiln_profile_gdn_stage layer=20 stage=out_proj seq_len=1 start_pos=71 elapsed_ms=0.345
kiln_profile_mlp_stage layer=20 stage=fused seq_len=1 start_pos=71 elapsed_ms=1.114
kiln_profile_paged_layer layer=20 kind=linear seq_len=1 start_pos=71 elapsed_ms=4.676
kiln_profile_gdn_stage layer=21 stage=in_proj seq_len=1 start_pos=71 elapsed_ms=0.720
kiln_profile_gdn_stage layer=21 stage=conv seq_len=1 start_pos=71 elapsed_ms=0.161
kiln_profile_gdn_stage layer=21 stage=qkv_split seq_len=1 start_pos=71 elapsed_ms=0.001
kiln_profile_gdn_stage layer=21 stage=qk_norm seq_len=1 start_pos=71 elapsed_ms=0.021
kiln_profile_gdn_stage layer=21 stage=gates seq_len=1 start_pos=71 elapsed_ms=0.282
kiln_profile_gdn_stage layer=21 stage=recurrent seq_len=1 start_pos=71 elapsed_ms=0.881
kiln_profile_gdn_stage layer=21 stage=post_transpose seq_len=1 start_pos=71 elapsed_ms=0.000
kiln_profile_gdn_stage layer=21 stage=gated_norm seq_len=1 start_pos=71 elapsed_ms=0.383
kiln_profile_gdn_stage layer=21 stage=out_proj seq_len=1 start_pos=71 elapsed_ms=0.307
kiln_profile_mlp_stage layer=21 stage=fused seq_len=1 start_pos=71 elapsed_ms=1.055
kiln_profile_paged_layer layer=21 kind=linear seq_len=1 start_pos=71 elapsed_ms=3.888
kiln_profile_gdn_stage layer=22 stage=in_proj seq_len=1 start_pos=71 elapsed_ms=0.718
kiln_profile_gdn_stage layer=22 stage=conv seq_len=1 start_pos=71 elapsed_ms=0.127
kiln_profile_gdn_stage layer=22 stage=qkv_split seq_len=1 start_pos=71 elapsed_ms=0.002
kiln_profile_gdn_stage layer=22 stage=qk_norm seq_len=1 start_pos=71 elapsed_ms=0.021
kiln_profile_gdn_stage layer=22 stage=gates seq_len=1 start_pos=71 elapsed_ms=0.379
kiln_profile_gdn_stage layer=22 stage=recurrent seq_len=1 start_pos=71 elapsed_ms=3.275
kiln_profile_gdn_stage layer=22 stage=post_transpose seq_len=1 start_pos=71 elapsed_ms=0.001
kiln_profile_gdn_stage layer=22 stage=gated_norm seq_len=1 start_pos=71 elapsed_ms=0.741
kiln_profile_gdn_stage layer=22 stage=out_proj seq_len=1 start_pos=71 elapsed_ms=0.625
kiln_profile_mlp_stage layer=22 stage=fused seq_len=1 start_pos=71 elapsed_ms=1.242
kiln_profile_paged_layer layer=22 kind=linear seq_len=1 start_pos=71 elapsed_ms=7.277
kiln_profile_full_attn_stage full_attn_layer=5 stage=qkv_proj seq_len=1 start_pos=71 elapsed_ms=0.710
kiln_profile_full_attn_stage full_attn_layer=5 stage=qkv_split seq_len=1 start_pos=71 elapsed_ms=0.011
kiln_profile_full_attn_stage full_attn_layer=5 stage=qk_norm seq_len=1 start_pos=71 elapsed_ms=0.049
kiln_profile_full_attn_stage full_attn_layer=5 stage=rope seq_len=1 start_pos=71 elapsed_ms=0.076
kiln_profile_full_attn_stage full_attn_layer=5 stage=q_transpose seq_len=1 start_pos=71 elapsed_ms=0.011
kiln_profile_full_attn_stage full_attn_layer=5 stage=kv_write seq_len=1 start_pos=71 elapsed_ms=0.010
kiln_profile_full_attn_stage full_attn_layer=5 stage=kv_read seq_len=1 start_pos=71 elapsed_ms=0.069
kiln_profile_full_attn_stage full_attn_layer=5 stage=decode_group_layout seq_len=1 start_pos=71 elapsed_ms=0.005
kiln_profile_full_attn_stage full_attn_layer=5 stage=decode_scores seq_len=1 start_pos=71 elapsed_ms=0.378
kiln_profile_full_attn_stage full_attn_layer=5 stage=decode_softmax seq_len=1 start_pos=71 elapsed_ms=0.026
kiln_profile_full_attn_stage full_attn_layer=5 stage=decode_weighted_sum seq_len=1 start_pos=71 elapsed_ms=0.078
kiln_profile_full_attn_stage full_attn_layer=5 stage=attn_gate seq_len=1 start_pos=71 elapsed_ms=0.028
kiln_profile_full_attn_stage full_attn_layer=5 stage=o_proj seq_len=1 start_pos=71 elapsed_ms=0.417
kiln_profile_mlp_stage layer=23 stage=fused seq_len=1 start_pos=71 elapsed_ms=1.230
kiln_profile_paged_layer layer=23 kind=full seq_len=1 start_pos=71 elapsed_ms=3.253
kiln_profile_gdn_stage layer=24 stage=in_proj seq_len=1 start_pos=71 elapsed_ms=0.839
kiln_profile_gdn_stage layer=24 stage=conv seq_len=1 start_pos=71 elapsed_ms=0.311
kiln_profile_gdn_stage layer=24 stage=qkv_split seq_len=1 start_pos=71 elapsed_ms=0.002
kiln_profile_gdn_stage layer=24 stage=qk_norm seq_len=1 start_pos=71 elapsed_ms=0.040
kiln_profile_gdn_stage layer=24 stage=gates seq_len=1 start_pos=71 elapsed_ms=0.436
kiln_profile_gdn_stage layer=24 stage=recurrent seq_len=1 start_pos=71 elapsed_ms=1.558
kiln_profile_gdn_stage layer=24 stage=post_transpose seq_len=1 start_pos=71 elapsed_ms=0.001
kiln_profile_gdn_stage layer=24 stage=gated_norm seq_len=1 start_pos=71 elapsed_ms=0.476
kiln_profile_gdn_stage layer=24 stage=out_proj seq_len=1 start_pos=71 elapsed_ms=0.370
kiln_profile_mlp_stage layer=24 stage=fused seq_len=1 start_pos=71 elapsed_ms=1.189
kiln_profile_paged_layer layer=24 kind=linear seq_len=1 start_pos=71 elapsed_ms=5.350
kiln_profile_gdn_stage layer=25 stage=in_proj seq_len=1 start_pos=71 elapsed_ms=0.806
kiln_profile_gdn_stage layer=25 stage=conv seq_len=1 start_pos=71 elapsed_ms=0.293
kiln_profile_gdn_stage layer=25 stage=qkv_split seq_len=1 start_pos=71 elapsed_ms=0.002
kiln_profile_gdn_stage layer=25 stage=qk_norm seq_len=1 start_pos=71 elapsed_ms=0.041
kiln_profile_gdn_stage layer=25 stage=gates seq_len=1 start_pos=71 elapsed_ms=0.390
kiln_profile_gdn_stage layer=25 stage=recurrent seq_len=1 start_pos=71 elapsed_ms=1.334
kiln_profile_gdn_stage layer=25 stage=post_transpose seq_len=1 start_pos=71 elapsed_ms=0.000
kiln_profile_gdn_stage layer=25 stage=gated_norm seq_len=1 start_pos=71 elapsed_ms=0.447
kiln_profile_gdn_stage layer=25 stage=out_proj seq_len=1 start_pos=71 elapsed_ms=0.386
kiln_profile_mlp_stage layer=25 stage=fused seq_len=1 start_pos=71 elapsed_ms=1.579
kiln_profile_paged_layer layer=25 kind=linear seq_len=1 start_pos=71 elapsed_ms=5.400
kiln_profile_gdn_stage layer=26 stage=in_proj seq_len=1 start_pos=71 elapsed_ms=0.792
kiln_profile_gdn_stage layer=26 stage=conv seq_len=1 start_pos=71 elapsed_ms=0.303
kiln_profile_gdn_stage layer=26 stage=qkv_split seq_len=1 start_pos=71 elapsed_ms=0.002
kiln_profile_gdn_stage layer=26 stage=qk_norm seq_len=1 start_pos=71 elapsed_ms=0.045
kiln_profile_gdn_stage layer=26 stage=gates seq_len=1 start_pos=71 elapsed_ms=0.441
kiln_profile_gdn_stage layer=26 stage=recurrent seq_len=1 start_pos=71 elapsed_ms=1.426
kiln_profile_gdn_stage layer=26 stage=post_transpose seq_len=1 start_pos=71 elapsed_ms=0.000
kiln_profile_gdn_stage layer=26 stage=gated_norm seq_len=1 start_pos=71 elapsed_ms=0.576
kiln_profile_gdn_stage layer=26 stage=out_proj seq_len=1 start_pos=71 elapsed_ms=0.461
kiln_profile_mlp_stage layer=26 stage=fused seq_len=1 start_pos=71 elapsed_ms=1.328
kiln_profile_paged_layer layer=26 kind=linear seq_len=1 start_pos=71 elapsed_ms=5.499
kiln_profile_full_attn_stage full_attn_layer=6 stage=qkv_proj seq_len=1 start_pos=71 elapsed_ms=0.663
kiln_profile_full_attn_stage full_attn_layer=6 stage=qkv_split seq_len=1 start_pos=71 elapsed_ms=0.008
kiln_profile_full_attn_stage full_attn_layer=6 stage=qk_norm seq_len=1 start_pos=71 elapsed_ms=0.038
kiln_profile_full_attn_stage full_attn_layer=6 stage=rope seq_len=1 start_pos=71 elapsed_ms=0.070
kiln_profile_full_attn_stage full_attn_layer=6 stage=q_transpose seq_len=1 start_pos=71 elapsed_ms=0.011
kiln_profile_full_attn_stage full_attn_layer=6 stage=kv_write seq_len=1 start_pos=71 elapsed_ms=0.010
kiln_profile_full_attn_stage full_attn_layer=6 stage=kv_read seq_len=1 start_pos=71 elapsed_ms=0.070
kiln_profile_full_attn_stage full_attn_layer=6 stage=decode_group_layout seq_len=1 start_pos=71 elapsed_ms=0.005
kiln_profile_full_attn_stage full_attn_layer=6 stage=decode_scores seq_len=1 start_pos=71 elapsed_ms=0.265
kiln_profile_full_attn_stage full_attn_layer=6 stage=decode_softmax seq_len=1 start_pos=71 elapsed_ms=0.020
kiln_profile_full_attn_stage full_attn_layer=6 stage=decode_weighted_sum seq_len=1 start_pos=71 elapsed_ms=0.080
kiln_profile_full_attn_stage full_attn_layer=6 stage=attn_gate seq_len=1 start_pos=71 elapsed_ms=0.018
kiln_profile_full_attn_stage full_attn_layer=6 stage=o_proj seq_len=1 start_pos=71 elapsed_ms=0.367
kiln_profile_mlp_stage layer=27 stage=fused seq_len=1 start_pos=71 elapsed_ms=1.121
kiln_profile_paged_layer layer=27 kind=full seq_len=1 start_pos=71 elapsed_ms=2.872
kiln_profile_gdn_stage layer=28 stage=in_proj seq_len=1 start_pos=71 elapsed_ms=0.779
kiln_profile_gdn_stage layer=28 stage=conv seq_len=1 start_pos=71 elapsed_ms=0.188
kiln_profile_gdn_stage layer=28 stage=qkv_split seq_len=1 start_pos=71 elapsed_ms=0.001
kiln_profile_gdn_stage layer=28 stage=qk_norm seq_len=1 start_pos=71 elapsed_ms=0.029
kiln_profile_gdn_stage layer=28 stage=gates seq_len=1 start_pos=71 elapsed_ms=0.315
kiln_profile_gdn_stage layer=28 stage=recurrent seq_len=1 start_pos=71 elapsed_ms=1.130
kiln_profile_gdn_stage layer=28 stage=post_transpose seq_len=1 start_pos=71 elapsed_ms=0.000
kiln_profile_gdn_stage layer=28 stage=gated_norm seq_len=1 start_pos=71 elapsed_ms=0.421
kiln_profile_gdn_stage layer=28 stage=out_proj seq_len=1 start_pos=71 elapsed_ms=0.325
kiln_profile_mlp_stage layer=28 stage=fused seq_len=1 start_pos=71 elapsed_ms=1.066
kiln_profile_paged_layer layer=28 kind=linear seq_len=1 start_pos=71 elapsed_ms=4.342
kiln_profile_gdn_stage layer=29 stage=in_proj seq_len=1 start_pos=71 elapsed_ms=0.795
kiln_profile_gdn_stage layer=29 stage=conv seq_len=1 start_pos=71 elapsed_ms=0.167
kiln_profile_gdn_stage layer=29 stage=qkv_split seq_len=1 start_pos=71 elapsed_ms=0.002
kiln_profile_gdn_stage layer=29 stage=qk_norm seq_len=1 start_pos=71 elapsed_ms=0.027
kiln_profile_gdn_stage layer=29 stage=gates seq_len=1 start_pos=71 elapsed_ms=0.319
kiln_profile_gdn_stage layer=29 stage=recurrent seq_len=1 start_pos=71 elapsed_ms=1.050
kiln_profile_gdn_stage layer=29 stage=post_transpose seq_len=1 start_pos=71 elapsed_ms=0.000
kiln_profile_gdn_stage layer=29 stage=gated_norm seq_len=1 start_pos=71 elapsed_ms=0.354
kiln_profile_gdn_stage layer=29 stage=out_proj seq_len=1 start_pos=71 elapsed_ms=0.347
kiln_profile_mlp_stage layer=29 stage=fused seq_len=1 start_pos=71 elapsed_ms=1.067
kiln_profile_paged_layer layer=29 kind=linear seq_len=1 start_pos=71 elapsed_ms=4.198
kiln_profile_gdn_stage layer=30 stage=in_proj seq_len=1 start_pos=71 elapsed_ms=0.813
kiln_profile_gdn_stage layer=30 stage=conv seq_len=1 start_pos=71 elapsed_ms=0.168
kiln_profile_gdn_stage layer=30 stage=qkv_split seq_len=1 start_pos=71 elapsed_ms=0.001
kiln_profile_gdn_stage layer=30 stage=qk_norm seq_len=1 start_pos=71 elapsed_ms=0.026
kiln_profile_gdn_stage layer=30 stage=gates seq_len=1 start_pos=71 elapsed_ms=0.301
kiln_profile_gdn_stage layer=30 stage=recurrent seq_len=1 start_pos=71 elapsed_ms=1.059
kiln_profile_gdn_stage layer=30 stage=post_transpose seq_len=1 start_pos=71 elapsed_ms=0.000
kiln_profile_gdn_stage layer=30 stage=gated_norm seq_len=1 start_pos=71 elapsed_ms=0.357
kiln_profile_gdn_stage layer=30 stage=out_proj seq_len=1 start_pos=71 elapsed_ms=0.352
kiln_profile_mlp_stage layer=30 stage=fused seq_len=1 start_pos=71 elapsed_ms=1.073
kiln_profile_paged_layer layer=30 kind=linear seq_len=1 start_pos=71 elapsed_ms=4.222
kiln_profile_full_attn_stage full_attn_layer=7 stage=qkv_proj seq_len=1 start_pos=71 elapsed_ms=0.670
kiln_profile_full_attn_stage full_attn_layer=7 stage=qkv_split seq_len=1 start_pos=71 elapsed_ms=0.006
kiln_profile_full_attn_stage full_attn_layer=7 stage=qk_norm seq_len=1 start_pos=71 elapsed_ms=0.034
kiln_profile_full_attn_stage full_attn_layer=7 stage=rope seq_len=1 start_pos=71 elapsed_ms=0.054
kiln_profile_full_attn_stage full_attn_layer=7 stage=q_transpose seq_len=1 start_pos=71 elapsed_ms=0.007
kiln_profile_full_attn_stage full_attn_layer=7 stage=kv_write seq_len=1 start_pos=71 elapsed_ms=0.007
kiln_profile_full_attn_stage full_attn_layer=7 stage=kv_read seq_len=1 start_pos=71 elapsed_ms=0.054
kiln_profile_full_attn_stage full_attn_layer=7 stage=decode_group_layout seq_len=1 start_pos=71 elapsed_ms=0.004
kiln_profile_full_attn_stage full_attn_layer=7 stage=decode_scores seq_len=1 start_pos=71 elapsed_ms=0.277
kiln_profile_full_attn_stage full_attn_layer=7 stage=decode_softmax seq_len=1 start_pos=71 elapsed_ms=0.015
kiln_profile_full_attn_stage full_attn_layer=7 stage=decode_weighted_sum seq_len=1 start_pos=71 elapsed_ms=0.068
kiln_profile_full_attn_stage full_attn_layer=7 stage=attn_gate seq_len=1 start_pos=71 elapsed_ms=0.016
kiln_profile_full_attn_stage full_attn_layer=7 stage=o_proj seq_len=1 start_pos=71 elapsed_ms=0.327
kiln_profile_mlp_stage layer=31 stage=fused seq_len=1 start_pos=71 elapsed_ms=1.146
kiln_profile_paged_layer layer=31 kind=full seq_len=1 start_pos=71 elapsed_ms=2.782
    Paged decode first 32 token ids: [271,1206,1423,680,1204,1691,51864,3520,506]
    Decode (paged): 9 tokens, mean ITL 120.4ms (8.3 tok/s)

  ▌ Benchmark results
  GPU                    AMD Radeon 8060S Graphics (RADV STRIX_HALO) (98304 MB VRAM, source: linux-drm-sysfs)
  Model load             15.40s (4 MB VRAM)

  ▌ Inference throughput
  Runs         Prompt     Output        tok/s    VRAM MB

  ▌ Latency (single request)
  Prompt tokens          64
  Prefill                2325.1 ms (28 tok/s)
  Time to first token    2325.1 ms
  Mean inter-token       120.4 ms (8.3 tok/s)
  P50 inter-token        119.1 ms
  P99 inter-token        132.5 ms
  Tokens generated       9
  Spec method            off

{
  "backend": "vulkan",
  "gpu_info": {
    "name": "AMD Radeon 8060S Graphics (RADV STRIX_HALO)",
    "total_vram_mb": 98304,
    "vram_source": "linux-drm-sysfs"
  },
  "model_load": {
    "load_time_secs": 15.401792481,
    "model_vram_mb": 4
  },
  "inference": [],
  "latency": {
    "prompt_tokens": 64,
    "prefill_time_ms": 2325.134809,
    "prefill_tokens_per_sec": 27.525285739249366,
    "time_to_first_token_ms": 2325.134809,
    "mean_inter_token_ms": 120.37059975000001,
    "p50_inter_token_ms": 119.112639,
    "p99_inter_token_ms": 132.543078,
    "num_tokens_generated": 9,
    "decode_tokens_per_sec": 8.307676476456203,
    "spec_method": "off"
  },
  "training": null
}
