
  ┌─────────────────────────────────────┐
  │           🔥 K I L N 🔥             │
  │   inference · training · adapters   │
  └─────────────────────────────────────┘

  Version: 0.2.13
  Mode: GPU inference
  Model: Qwen3.5-4B
  CUDA: not available
  Listen: http://127.0.0.1:8497

  Endpoints: /ui, /v1/chat/completions, /v1/train/sft, /health, /metrics

{"timestamp":"2026-05-09T10:13:27.489928Z","level":"INFO","fields":{"message":"Vulkan available — using Vulkan GPU (AMD/Intel)"},"target":"kiln_server::device"}
{"timestamp":"2026-05-09T10:13:27.490481Z","level":"INFO","fields":{"message":"Loading model from Qwen3.5-4B (2 shards)"},"target":"kiln_model::loader"}
{"timestamp":"2026-05-09T10:13:27.491650Z","level":"INFO","fields":{"message":"Using weight name prefix: \"model.language_model.\""},"target":"kiln_model::loader"}
{"timestamp":"2026-05-09T10:13:27.491750Z","level":"INFO","fields":{"message":"Native MTP head detected; deferring CPU load until first use","mtp_prefix":"mtp."},"target":"kiln_model::loader"}
{"timestamp":"2026-05-09T10:13:27.491758Z","level":"INFO","fields":{"message":"Loaded 4206M parameters (8022 MB) across 32 layers"},"target":"kiln_model::loader"}
{"timestamp":"2026-05-09T10:13:40.097509Z","level":"INFO","fields":{"message":"selected first Vulkan device","device":"AMD Radeon 8060S Graphics (RADV STRIX_HALO)"},"target":"kiln_vulkan_kernel::device"}
{"timestamp":"2026-05-09T10:13:40.107230Z","level":"INFO","fields":{"message":"Vulkan compute pipelines prewarmed","elapsed_ms":9},"target":"kiln_model::backend::vulkan"}
{"timestamp":"2026-05-09T10:13:40.107251Z","level":"INFO","fields":{"message":"Vulkan device initialized","vendor":"AMD","device":"AMD Radeon 8060S Graphics (RADV STRIX_HALO)"},"target":"kiln_model::backend::vulkan"}
{"timestamp":"2026-05-09T10:13:40.107811Z","level":"WARN","fields":{"message":"post-load CUDA residency unavailable; falling back to static model memory estimate for KV sizing","estimated_model_gb":9.15668992},"target":"kiln_server::state"}
{"timestamp":"2026-05-09T10:13:40.107818Z","level":"INFO","fields":{"message":"memory-aware KV cache sizing","total_vram_gb":103.079215104,"model_gb":9.15668992,"post_load_used_vram_gb":0.0,"sizing_residency_gb":9.15668992,"inference_fraction":0.7},"target":"kiln_server::state"}
{"timestamp":"2026-05-09T10:13:40.107822Z","level":"INFO","fields":{"message":"allocating paged KV cache","num_blocks":125400,"block_size":16,"kv_dtype":"BF16","fp8_enabled":false},"target":"kiln_server::state"}
{"timestamp":"2026-05-09T10:13:40.107867Z","level":"INFO","fields":{"message":"KV cache auto-sizer succeeded on first attempt","inference_fraction":0.7,"num_blocks":125400},"target":"kiln_server::state"}
{"timestamp":"2026-05-09T10:13:40.107924Z","level":"INFO","fields":{"message":"GPU memory budget","total_vram_gb":103.079215104,"model_gb":9.15668992,"estimated_model_gb":9.15668992,"post_load_used_vram_gb":0.0,"kv_cache_gb":65.7457152,"training_budget_gb":28.176809984,"inference_fraction":0.7},"target":"kiln_server::state"}
{"timestamp":"2026-05-09T10:13:40.107927Z","level":"INFO","fields":{"message":"prefix cache budget","max_blocks":31350,"max_entries":20,"state_bytes_per_entry":52690944,"max_state_bytes":1053818880,"min_register_tokens":64},"target":"kiln_server::state"}
{"timestamp":"2026-05-09T10:13:40.107936Z","level":"INFO","fields":{"message":"live greedy decode batcher enabled","backend":"vulkan","max_batch":8,"wait_us":5000,"mixed_seq_lens":true},"target":"kiln_server::state"}
  ✓ Ready on http://127.0.0.1:8497

{"timestamp":"2026-05-09T10:13:40.176277Z","level":"INFO","fields":{"message":"starting background inference prewarm"},"target":"kiln"}
{"timestamp":"2026-05-09T10:13:40.176631Z","level":"INFO","fields":{"message":"tokenizer warmup complete","elapsed_ms":0,"tokens":8},"target":"kiln"}
{"timestamp":"2026-05-09T10:13:40.178260Z","level":"INFO","fields":{"message":"selected first Vulkan device","device":"AMD Radeon 8060S Graphics (RADV STRIX_HALO)"},"target":"kiln_vulkan_kernel::device"}
{"timestamp":"2026-05-09T10:13:40.179558Z","level":"INFO","fields":{"message":"Vulkan shader and pipeline verification complete"},"target":"kiln_model::backend::vulkan"}
{"timestamp":"2026-05-09T10:13:40.179777Z","level":"INFO","fields":{"message":"Vulkan custom kernels precompiled during background prewarm","elapsed_ms":3},"target":"kiln"}
{"timestamp":"2026-05-09T10:13:40.211455Z","level":"INFO","fields":{"message":"response","status":200,"duration_ms":0.423048},"target":"kiln_server::api","span":{"duration_ms":0.423048,"method":"GET","path":"/health","status":200,"name":"http_request"},"spans":[{"duration_ms":0.423048,"method":"GET","path":"/health","status":200,"name":"http_request"}]}
{"timestamp":"2026-05-09T10:13:40.212756Z","level":"INFO","fields":{"message":"response","status":200,"duration_ms":0.046128},"target":"kiln_server::api","span":{"duration_ms":0.046128,"method":"GET","path":"/metrics","status":200,"name":"http_request"},"spans":[{"duration_ms":0.046128,"method":"GET","path":"/metrics","status":200,"name":"http_request"}]}
A045_MEASURE_START
{"timestamp":"2026-05-09T10:13:40.217364Z","level":"INFO","fields":{"message":"response","status":200,"duration_ms":0.803787},"target":"kiln_server::api","span":{"duration_ms":0.803787,"method":"POST","path":"/v1/chat/completions","status":200,"name":"http_request"},"spans":[{"duration_ms":0.803787,"method":"POST","path":"/v1/chat/completions","status":200,"name":"http_request"}]}
{"timestamp":"2026-05-09T10:13:40.217837Z","level":"INFO","fields":{"message":"response","status":200,"duration_ms":0.35641},"target":"kiln_server::api","span":{"duration_ms":0.35641,"method":"POST","path":"/v1/chat/completions","status":200,"name":"http_request"},"spans":[{"duration_ms":0.35641,"method":"POST","path":"/v1/chat/completions","status":200,"name":"http_request"}]}
{"timestamp":"2026-05-09T10:13:40.218022Z","level":"INFO","fields":{"message":"response","status":200,"duration_ms":0.390249},"target":"kiln_server::api","span":{"duration_ms":0.390249,"method":"POST","path":"/v1/chat/completions","status":200,"name":"http_request"},"spans":[{"duration_ms":0.390249,"method":"POST","path":"/v1/chat/completions","status":200,"name":"http_request"}]}
{"timestamp":"2026-05-09T10:13:40.218070Z","level":"INFO","fields":{"message":"response","status":200,"duration_ms":0.395408},"target":"kiln_server::api","span":{"duration_ms":0.395408,"method":"POST","path":"/v1/chat/completions","status":200,"name":"http_request"},"spans":[{"duration_ms":0.395408,"method":"POST","path":"/v1/chat/completions","status":200,"name":"http_request"}]}
kiln_profile_vulkan_backend_mlp_stage stage=dispatch_x batch=1 seq_len=64 hidden=2560 intermediate=9216 out_dim=2560 bf16_weights=false elapsed_ms=0.000
kiln_profile_vulkan_backend_mlp_stage stage=weight_cache_gate batch=1 seq_len=64 hidden=2560 intermediate=9216 out_dim=2560 bf16_weights=false elapsed_ms=64.671
kiln_profile_vulkan_backend_mlp_stage stage=weight_cache_up batch=1 seq_len=64 hidden=2560 intermediate=9216 out_dim=2560 bf16_weights=false elapsed_ms=64.680
kiln_profile_vulkan_backend_mlp_stage stage=weight_cache_down batch=1 seq_len=64 hidden=2560 intermediate=9216 out_dim=2560 bf16_weights=false elapsed_ms=66.214
kiln_profile_vulkan_backend_mlp_stage stage=kernel_dispatch batch=1 seq_len=64 hidden=2560 intermediate=9216 out_dim=2560 bf16_weights=false elapsed_ms=26.237
kiln_profile_vulkan_backend_mlp_stage stage=output_reshape batch=1 seq_len=64 hidden=2560 intermediate=9216 out_dim=2560 bf16_weights=false elapsed_ms=0.001
kiln_profile_vulkan_backend_mlp_stage stage=total batch=1 seq_len=64 hidden=2560 intermediate=9216 out_dim=2560 bf16_weights=false elapsed_ms=221.807
kiln_profile_vulkan_backend_mlp_stage stage=dispatch_x batch=1 seq_len=64 hidden=2560 intermediate=9216 out_dim=2560 bf16_weights=false elapsed_ms=0.000
kiln_profile_vulkan_backend_mlp_stage stage=weight_cache_gate batch=1 seq_len=64 hidden=2560 intermediate=9216 out_dim=2560 bf16_weights=false elapsed_ms=64.893
kiln_profile_vulkan_backend_mlp_stage stage=weight_cache_up batch=1 seq_len=64 hidden=2560 intermediate=9216 out_dim=2560 bf16_weights=false elapsed_ms=65.799
kiln_profile_vulkan_backend_mlp_stage stage=weight_cache_down batch=1 seq_len=64 hidden=2560 intermediate=9216 out_dim=2560 bf16_weights=false elapsed_ms=65.420
kiln_profile_vulkan_backend_mlp_stage stage=kernel_dispatch batch=1 seq_len=64 hidden=2560 intermediate=9216 out_dim=2560 bf16_weights=false elapsed_ms=28.265
kiln_profile_vulkan_backend_mlp_stage stage=output_reshape batch=1 seq_len=64 hidden=2560 intermediate=9216 out_dim=2560 bf16_weights=false elapsed_ms=0.001
kiln_profile_vulkan_backend_mlp_stage stage=total batch=1 seq_len=64 hidden=2560 intermediate=9216 out_dim=2560 bf16_weights=false elapsed_ms=224.382
kiln_profile_vulkan_backend_mlp_stage stage=dispatch_x batch=1 seq_len=64 hidden=2560 intermediate=9216 out_dim=2560 bf16_weights=false elapsed_ms=0.000
kiln_profile_vulkan_backend_mlp_stage stage=weight_cache_gate batch=1 seq_len=64 hidden=2560 intermediate=9216 out_dim=2560 bf16_weights=false elapsed_ms=64.860
kiln_profile_vulkan_backend_mlp_stage stage=weight_cache_up batch=1 seq_len=64 hidden=2560 intermediate=9216 out_dim=2560 bf16_weights=false elapsed_ms=64.354
kiln_profile_vulkan_backend_mlp_stage stage=weight_cache_down batch=1 seq_len=64 hidden=2560 intermediate=9216 out_dim=2560 bf16_weights=false elapsed_ms=64.189
kiln_profile_vulkan_backend_mlp_stage stage=kernel_dispatch batch=1 seq_len=64 hidden=2560 intermediate=9216 out_dim=2560 bf16_weights=false elapsed_ms=29.531
kiln_profile_vulkan_backend_mlp_stage stage=output_reshape batch=1 seq_len=64 hidden=2560 intermediate=9216 out_dim=2560 bf16_weights=false elapsed_ms=0.001
kiln_profile_vulkan_backend_mlp_stage stage=total batch=1 seq_len=64 hidden=2560 intermediate=9216 out_dim=2560 bf16_weights=false elapsed_ms=222.938
kiln_profile_vulkan_backend_mlp_stage stage=dispatch_x batch=1 seq_len=64 hidden=2560 intermediate=9216 out_dim=2560 bf16_weights=false elapsed_ms=0.000
kiln_profile_vulkan_backend_mlp_stage stage=weight_cache_gate batch=1 seq_len=64 hidden=2560 intermediate=9216 out_dim=2560 bf16_weights=false elapsed_ms=62.342
kiln_profile_vulkan_backend_mlp_stage stage=weight_cache_up batch=1 seq_len=64 hidden=2560 intermediate=9216 out_dim=2560 bf16_weights=false elapsed_ms=62.540
kiln_profile_vulkan_backend_mlp_stage stage=weight_cache_down batch=1 seq_len=64 hidden=2560 intermediate=9216 out_dim=2560 bf16_weights=false elapsed_ms=64.273
kiln_profile_vulkan_backend_mlp_stage stage=kernel_dispatch batch=1 seq_len=64 hidden=2560 intermediate=9216 out_dim=2560 bf16_weights=false elapsed_ms=29.983
kiln_profile_vulkan_backend_mlp_stage stage=output_reshape batch=1 seq_len=64 hidden=2560 intermediate=9216 out_dim=2560 bf16_weights=false elapsed_ms=0.001
kiln_profile_vulkan_backend_mlp_stage stage=total batch=1 seq_len=64 hidden=2560 intermediate=9216 out_dim=2560 bf16_weights=false elapsed_ms=219.143
kiln_profile_vulkan_backend_mlp_stage stage=dispatch_x batch=1 seq_len=64 hidden=2560 intermediate=9216 out_dim=2560 bf16_weights=false elapsed_ms=0.000
kiln_profile_vulkan_backend_mlp_stage stage=weight_cache_gate batch=1 seq_len=64 hidden=2560 intermediate=9216 out_dim=2560 bf16_weights=false elapsed_ms=60.238
kiln_profile_vulkan_backend_mlp_stage stage=weight_cache_up batch=1 seq_len=64 hidden=2560 intermediate=9216 out_dim=2560 bf16_weights=false elapsed_ms=61.259
kiln_profile_vulkan_backend_mlp_stage stage=weight_cache_down batch=1 seq_len=64 hidden=2560 intermediate=9216 out_dim=2560 bf16_weights=false elapsed_ms=61.674
kiln_profile_vulkan_backend_mlp_stage stage=kernel_dispatch batch=1 seq_len=64 hidden=2560 intermediate=9216 out_dim=2560 bf16_weights=false elapsed_ms=27.856
kiln_profile_vulkan_backend_mlp_stage stage=output_reshape batch=1 seq_len=64 hidden=2560 intermediate=9216 out_dim=2560 bf16_weights=false elapsed_ms=0.001
kiln_profile_vulkan_backend_mlp_stage stage=total batch=1 seq_len=64 hidden=2560 intermediate=9216 out_dim=2560 bf16_weights=false elapsed_ms=211.031
kiln_profile_vulkan_backend_mlp_stage stage=dispatch_x batch=1 seq_len=64 hidden=2560 intermediate=9216 out_dim=2560 bf16_weights=false elapsed_ms=0.000
kiln_profile_vulkan_backend_mlp_stage stage=weight_cache_gate batch=1 seq_len=64 hidden=2560 intermediate=9216 out_dim=2560 bf16_weights=false elapsed_ms=61.674
kiln_profile_vulkan_backend_mlp_stage stage=weight_cache_up batch=1 seq_len=64 hidden=2560 intermediate=9216 out_dim=2560 bf16_weights=false elapsed_ms=63.476
kiln_profile_vulkan_backend_mlp_stage stage=weight_cache_down batch=1 seq_len=64 hidden=2560 intermediate=9216 out_dim=2560 bf16_weights=false elapsed_ms=63.256
kiln_profile_vulkan_backend_mlp_stage stage=kernel_dispatch batch=1 seq_len=64 hidden=2560 intermediate=9216 out_dim=2560 bf16_weights=false elapsed_ms=26.454
kiln_profile_vulkan_backend_mlp_stage stage=output_reshape batch=1 seq_len=64 hidden=2560 intermediate=9216 out_dim=2560 bf16_weights=false elapsed_ms=0.001
kiln_profile_vulkan_backend_mlp_stage stage=total batch=1 seq_len=64 hidden=2560 intermediate=9216 out_dim=2560 bf16_weights=false elapsed_ms=214.866
kiln_profile_vulkan_backend_mlp_stage stage=dispatch_x batch=1 seq_len=64 hidden=2560 intermediate=9216 out_dim=2560 bf16_weights=false elapsed_ms=0.000
kiln_profile_vulkan_backend_mlp_stage stage=weight_cache_gate batch=1 seq_len=64 hidden=2560 intermediate=9216 out_dim=2560 bf16_weights=false elapsed_ms=62.732
kiln_profile_vulkan_backend_mlp_stage stage=weight_cache_up batch=1 seq_len=64 hidden=2560 intermediate=9216 out_dim=2560 bf16_weights=false elapsed_ms=63.025
kiln_profile_vulkan_backend_mlp_stage stage=weight_cache_down batch=1 seq_len=64 hidden=2560 intermediate=9216 out_dim=2560 bf16_weights=false elapsed_ms=63.569
kiln_profile_vulkan_backend_mlp_stage stage=kernel_dispatch batch=1 seq_len=64 hidden=2560 intermediate=9216 out_dim=2560 bf16_weights=false elapsed_ms=25.626
kiln_profile_vulkan_backend_mlp_stage stage=output_reshape batch=1 seq_len=64 hidden=2560 intermediate=9216 out_dim=2560 bf16_weights=false elapsed_ms=0.001
kiln_profile_vulkan_backend_mlp_stage stage=total batch=1 seq_len=64 hidden=2560 intermediate=9216 out_dim=2560 bf16_weights=false elapsed_ms=214.956
kiln_profile_vulkan_backend_mlp_stage stage=dispatch_x batch=1 seq_len=64 hidden=2560 intermediate=9216 out_dim=2560 bf16_weights=false elapsed_ms=0.000
kiln_profile_vulkan_backend_mlp_stage stage=weight_cache_gate batch=1 seq_len=64 hidden=2560 intermediate=9216 out_dim=2560 bf16_weights=false elapsed_ms=63.767
kiln_profile_vulkan_backend_mlp_stage stage=weight_cache_up batch=1 seq_len=64 hidden=2560 intermediate=9216 out_dim=2560 bf16_weights=false elapsed_ms=64.268
kiln_profile_vulkan_backend_mlp_stage stage=weight_cache_down batch=1 seq_len=64 hidden=2560 intermediate=9216 out_dim=2560 bf16_weights=false elapsed_ms=63.381
kiln_profile_vulkan_backend_mlp_stage stage=kernel_dispatch batch=1 seq_len=64 hidden=2560 intermediate=9216 out_dim=2560 bf16_weights=false elapsed_ms=26.258
kiln_profile_vulkan_backend_mlp_stage stage=output_reshape batch=1 seq_len=64 hidden=2560 intermediate=9216 out_dim=2560 bf16_weights=false elapsed_ms=0.001
kiln_profile_vulkan_backend_mlp_stage stage=total batch=1 seq_len=64 hidden=2560 intermediate=9216 out_dim=2560 bf16_weights=false elapsed_ms=217.682
kiln_profile_vulkan_backend_mlp_stage stage=dispatch_x batch=1 seq_len=64 hidden=2560 intermediate=9216 out_dim=2560 bf16_weights=false elapsed_ms=0.000
kiln_profile_vulkan_backend_mlp_stage stage=weight_cache_gate batch=1 seq_len=64 hidden=2560 intermediate=9216 out_dim=2560 bf16_weights=false elapsed_ms=63.448
kiln_profile_vulkan_backend_mlp_stage stage=weight_cache_up batch=1 seq_len=64 hidden=2560 intermediate=9216 out_dim=2560 bf16_weights=false elapsed_ms=62.956
kiln_profile_vulkan_backend_mlp_stage stage=weight_cache_down batch=1 seq_len=64 hidden=2560 intermediate=9216 out_dim=2560 bf16_weights=false elapsed_ms=63.521
kiln_profile_vulkan_backend_mlp_stage stage=kernel_dispatch batch=1 seq_len=64 hidden=2560 intermediate=9216 out_dim=2560 bf16_weights=false elapsed_ms=28.176
kiln_profile_vulkan_backend_mlp_stage stage=output_reshape batch=1 seq_len=64 hidden=2560 intermediate=9216 out_dim=2560 bf16_weights=false elapsed_ms=0.001
kiln_profile_vulkan_backend_mlp_stage stage=total batch=1 seq_len=64 hidden=2560 intermediate=9216 out_dim=2560 bf16_weights=false elapsed_ms=218.105
kiln_profile_vulkan_backend_mlp_stage stage=dispatch_x batch=1 seq_len=64 hidden=2560 intermediate=9216 out_dim=2560 bf16_weights=false elapsed_ms=0.000
kiln_profile_vulkan_backend_mlp_stage stage=weight_cache_gate batch=1 seq_len=64 hidden=2560 intermediate=9216 out_dim=2560 bf16_weights=false elapsed_ms=63.067
kiln_profile_vulkan_backend_mlp_stage stage=weight_cache_up batch=1 seq_len=64 hidden=2560 intermediate=9216 out_dim=2560 bf16_weights=false elapsed_ms=63.963
kiln_profile_vulkan_backend_mlp_stage stage=weight_cache_down batch=1 seq_len=64 hidden=2560 intermediate=9216 out_dim=2560 bf16_weights=false elapsed_ms=63.266
kiln_profile_vulkan_backend_mlp_stage stage=kernel_dispatch batch=1 seq_len=64 hidden=2560 intermediate=9216 out_dim=2560 bf16_weights=false elapsed_ms=29.237
kiln_profile_vulkan_backend_mlp_stage stage=output_reshape batch=1 seq_len=64 hidden=2560 intermediate=9216 out_dim=2560 bf16_weights=false elapsed_ms=0.001
kiln_profile_vulkan_backend_mlp_stage stage=total batch=1 seq_len=64 hidden=2560 intermediate=9216 out_dim=2560 bf16_weights=false elapsed_ms=219.538
kiln_profile_vulkan_backend_mlp_stage stage=dispatch_x batch=1 seq_len=64 hidden=2560 intermediate=9216 out_dim=2560 bf16_weights=false elapsed_ms=0.000
kiln_profile_vulkan_backend_mlp_stage stage=weight_cache_gate batch=1 seq_len=64 hidden=2560 intermediate=9216 out_dim=2560 bf16_weights=false elapsed_ms=62.970
kiln_profile_vulkan_backend_mlp_stage stage=weight_cache_up batch=1 seq_len=64 hidden=2560 intermediate=9216 out_dim=2560 bf16_weights=false elapsed_ms=63.152
kiln_profile_vulkan_backend_mlp_stage stage=weight_cache_down batch=1 seq_len=64 hidden=2560 intermediate=9216 out_dim=2560 bf16_weights=false elapsed_ms=63.444
kiln_profile_vulkan_backend_mlp_stage stage=kernel_dispatch batch=1 seq_len=64 hidden=2560 intermediate=9216 out_dim=2560 bf16_weights=false elapsed_ms=27.132
kiln_profile_vulkan_backend_mlp_stage stage=output_reshape batch=1 seq_len=64 hidden=2560 intermediate=9216 out_dim=2560 bf16_weights=false elapsed_ms=0.001
kiln_profile_vulkan_backend_mlp_stage stage=total batch=1 seq_len=64 hidden=2560 intermediate=9216 out_dim=2560 bf16_weights=false elapsed_ms=216.703
kiln_profile_vulkan_backend_mlp_stage stage=dispatch_x batch=1 seq_len=64 hidden=2560 intermediate=9216 out_dim=2560 bf16_weights=false elapsed_ms=0.000
kiln_profile_vulkan_backend_mlp_stage stage=weight_cache_gate batch=1 seq_len=64 hidden=2560 intermediate=9216 out_dim=2560 bf16_weights=false elapsed_ms=61.087
kiln_profile_vulkan_backend_mlp_stage stage=weight_cache_up batch=1 seq_len=64 hidden=2560 intermediate=9216 out_dim=2560 bf16_weights=false elapsed_ms=62.845
kiln_profile_vulkan_backend_mlp_stage stage=weight_cache_down batch=1 seq_len=64 hidden=2560 intermediate=9216 out_dim=2560 bf16_weights=false elapsed_ms=63.646
kiln_profile_vulkan_backend_mlp_stage stage=kernel_dispatch batch=1 seq_len=64 hidden=2560 intermediate=9216 out_dim=2560 bf16_weights=false elapsed_ms=27.255
kiln_profile_vulkan_backend_mlp_stage stage=output_reshape batch=1 seq_len=64 hidden=2560 intermediate=9216 out_dim=2560 bf16_weights=false elapsed_ms=0.001
kiln_profile_vulkan_backend_mlp_stage stage=total batch=1 seq_len=64 hidden=2560 intermediate=9216 out_dim=2560 bf16_weights=false elapsed_ms=214.839
kiln_profile_vulkan_backend_mlp_stage stage=dispatch_x batch=1 seq_len=64 hidden=2560 intermediate=9216 out_dim=2560 bf16_weights=false elapsed_ms=0.000
kiln_profile_vulkan_backend_mlp_stage stage=weight_cache_gate batch=1 seq_len=64 hidden=2560 intermediate=9216 out_dim=2560 bf16_weights=false elapsed_ms=63.293
kiln_profile_vulkan_backend_mlp_stage stage=weight_cache_up batch=1 seq_len=64 hidden=2560 intermediate=9216 out_dim=2560 bf16_weights=false elapsed_ms=63.191
kiln_profile_vulkan_backend_mlp_stage stage=weight_cache_down batch=1 seq_len=64 hidden=2560 intermediate=9216 out_dim=2560 bf16_weights=false elapsed_ms=62.860
kiln_profile_vulkan_backend_mlp_stage stage=kernel_dispatch batch=1 seq_len=64 hidden=2560 intermediate=9216 out_dim=2560 bf16_weights=false elapsed_ms=28.262
kiln_profile_vulkan_backend_mlp_stage stage=output_reshape batch=1 seq_len=64 hidden=2560 intermediate=9216 out_dim=2560 bf16_weights=false elapsed_ms=0.001
kiln_profile_vulkan_backend_mlp_stage stage=total batch=1 seq_len=64 hidden=2560 intermediate=9216 out_dim=2560 bf16_weights=false elapsed_ms=217.610
kiln_profile_vulkan_backend_mlp_stage stage=dispatch_x batch=1 seq_len=64 hidden=2560 intermediate=9216 out_dim=2560 bf16_weights=false elapsed_ms=0.000
kiln_profile_vulkan_backend_mlp_stage stage=weight_cache_gate batch=1 seq_len=64 hidden=2560 intermediate=9216 out_dim=2560 bf16_weights=false elapsed_ms=61.930
kiln_profile_vulkan_backend_mlp_stage stage=weight_cache_up batch=1 seq_len=64 hidden=2560 intermediate=9216 out_dim=2560 bf16_weights=false elapsed_ms=60.314
kiln_profile_vulkan_backend_mlp_stage stage=weight_cache_down batch=1 seq_len=64 hidden=2560 intermediate=9216 out_dim=2560 bf16_weights=false elapsed_ms=61.140
kiln_profile_vulkan_backend_mlp_stage stage=kernel_dispatch batch=1 seq_len=64 hidden=2560 intermediate=9216 out_dim=2560 bf16_weights=false elapsed_ms=27.102
kiln_profile_vulkan_backend_mlp_stage stage=output_reshape batch=1 seq_len=64 hidden=2560 intermediate=9216 out_dim=2560 bf16_weights=false elapsed_ms=0.001
kiln_profile_vulkan_backend_mlp_stage stage=total batch=1 seq_len=64 hidden=2560 intermediate=9216 out_dim=2560 bf16_weights=false elapsed_ms=210.491
kiln_profile_vulkan_backend_mlp_stage stage=dispatch_x batch=1 seq_len=64 hidden=2560 intermediate=9216 out_dim=2560 bf16_weights=false elapsed_ms=0.000
kiln_profile_vulkan_backend_mlp_stage stage=weight_cache_gate batch=1 seq_len=64 hidden=2560 intermediate=9216 out_dim=2560 bf16_weights=false elapsed_ms=63.493
kiln_profile_vulkan_backend_mlp_stage stage=weight_cache_up batch=1 seq_len=64 hidden=2560 intermediate=9216 out_dim=2560 bf16_weights=false elapsed_ms=64.777
kiln_profile_vulkan_backend_mlp_stage stage=weight_cache_down batch=1 seq_len=64 hidden=2560 intermediate=9216 out_dim=2560 bf16_weights=false elapsed_ms=62.642
kiln_profile_vulkan_backend_mlp_stage stage=kernel_dispatch batch=1 seq_len=64 hidden=2560 intermediate=9216 out_dim=2560 bf16_weights=false elapsed_ms=27.915
kiln_profile_vulkan_backend_mlp_stage stage=output_reshape batch=1 seq_len=64 hidden=2560 intermediate=9216 out_dim=2560 bf16_weights=false elapsed_ms=0.001
kiln_profile_vulkan_backend_mlp_stage stage=total batch=1 seq_len=64 hidden=2560 intermediate=9216 out_dim=2560 bf16_weights=false elapsed_ms=218.831
kiln_profile_vulkan_backend_mlp_stage stage=dispatch_x batch=1 seq_len=64 hidden=2560 intermediate=9216 out_dim=2560 bf16_weights=false elapsed_ms=0.000
kiln_profile_vulkan_backend_mlp_stage stage=weight_cache_gate batch=1 seq_len=64 hidden=2560 intermediate=9216 out_dim=2560 bf16_weights=false elapsed_ms=62.663
kiln_profile_vulkan_backend_mlp_stage stage=weight_cache_up batch=1 seq_len=64 hidden=2560 intermediate=9216 out_dim=2560 bf16_weights=false elapsed_ms=64.098
kiln_profile_vulkan_backend_mlp_stage stage=weight_cache_down batch=1 seq_len=64 hidden=2560 intermediate=9216 out_dim=2560 bf16_weights=false elapsed_ms=65.479
kiln_profile_vulkan_backend_mlp_stage stage=kernel_dispatch batch=1 seq_len=64 hidden=2560 intermediate=9216 out_dim=2560 bf16_weights=false elapsed_ms=30.282
kiln_profile_vulkan_backend_mlp_stage stage=output_reshape batch=1 seq_len=64 hidden=2560 intermediate=9216 out_dim=2560 bf16_weights=false elapsed_ms=0.001
kiln_profile_vulkan_backend_mlp_stage stage=total batch=1 seq_len=64 hidden=2560 intermediate=9216 out_dim=2560 bf16_weights=false elapsed_ms=222.528
kiln_profile_vulkan_backend_mlp_stage stage=dispatch_x batch=1 seq_len=64 hidden=2560 intermediate=9216 out_dim=2560 bf16_weights=false elapsed_ms=0.000
kiln_profile_vulkan_backend_mlp_stage stage=weight_cache_gate batch=1 seq_len=64 hidden=2560 intermediate=9216 out_dim=2560 bf16_weights=false elapsed_ms=61.598
kiln_profile_vulkan_backend_mlp_stage stage=weight_cache_up batch=1 seq_len=64 hidden=2560 intermediate=9216 out_dim=2560 bf16_weights=false elapsed_ms=61.368
kiln_profile_vulkan_backend_mlp_stage stage=weight_cache_down batch=1 seq_len=64 hidden=2560 intermediate=9216 out_dim=2560 bf16_weights=false elapsed_ms=61.788
kiln_profile_vulkan_backend_mlp_stage stage=kernel_dispatch batch=1 seq_len=64 hidden=2560 intermediate=9216 out_dim=2560 bf16_weights=false elapsed_ms=27.065
kiln_profile_vulkan_backend_mlp_stage stage=output_reshape batch=1 seq_len=64 hidden=2560 intermediate=9216 out_dim=2560 bf16_weights=false elapsed_ms=0.001
kiln_profile_vulkan_backend_mlp_stage stage=total batch=1 seq_len=64 hidden=2560 intermediate=9216 out_dim=2560 bf16_weights=false elapsed_ms=211.826
kiln_profile_vulkan_backend_mlp_stage stage=dispatch_x batch=1 seq_len=64 hidden=2560 intermediate=9216 out_dim=2560 bf16_weights=false elapsed_ms=0.000
kiln_profile_vulkan_backend_mlp_stage stage=weight_cache_gate batch=1 seq_len=64 hidden=2560 intermediate=9216 out_dim=2560 bf16_weights=false elapsed_ms=63.804
kiln_profile_vulkan_backend_mlp_stage stage=weight_cache_up batch=1 seq_len=64 hidden=2560 intermediate=9216 out_dim=2560 bf16_weights=false elapsed_ms=63.798
kiln_profile_vulkan_backend_mlp_stage stage=weight_cache_down batch=1 seq_len=64 hidden=2560 intermediate=9216 out_dim=2560 bf16_weights=false elapsed_ms=63.514
kiln_profile_vulkan_backend_mlp_stage stage=kernel_dispatch batch=1 seq_len=64 hidden=2560 intermediate=9216 out_dim=2560 bf16_weights=false elapsed_ms=29.653
kiln_profile_vulkan_backend_mlp_stage stage=output_reshape batch=1 seq_len=64 hidden=2560 intermediate=9216 out_dim=2560 bf16_weights=false elapsed_ms=0.001
kiln_profile_vulkan_backend_mlp_stage stage=total batch=1 seq_len=64 hidden=2560 intermediate=9216 out_dim=2560 bf16_weights=false elapsed_ms=220.775
kiln_profile_vulkan_backend_mlp_stage stage=dispatch_x batch=1 seq_len=64 hidden=2560 intermediate=9216 out_dim=2560 bf16_weights=false elapsed_ms=0.000
kiln_profile_vulkan_backend_mlp_stage stage=weight_cache_gate batch=1 seq_len=64 hidden=2560 intermediate=9216 out_dim=2560 bf16_weights=false elapsed_ms=70.045
kiln_profile_vulkan_backend_mlp_stage stage=weight_cache_up batch=1 seq_len=64 hidden=2560 intermediate=9216 out_dim=2560 bf16_weights=false elapsed_ms=70.400
kiln_profile_vulkan_backend_mlp_stage stage=weight_cache_down batch=1 seq_len=64 hidden=2560 intermediate=9216 out_dim=2560 bf16_weights=false elapsed_ms=64.263
kiln_profile_vulkan_backend_mlp_stage stage=kernel_dispatch batch=1 seq_len=64 hidden=2560 intermediate=9216 out_dim=2560 bf16_weights=false elapsed_ms=26.855
kiln_profile_vulkan_backend_mlp_stage stage=output_reshape batch=1 seq_len=64 hidden=2560 intermediate=9216 out_dim=2560 bf16_weights=false elapsed_ms=0.001
kiln_profile_vulkan_backend_mlp_stage stage=total batch=1 seq_len=64 hidden=2560 intermediate=9216 out_dim=2560 bf16_weights=false elapsed_ms=231.569
kiln_profile_vulkan_backend_mlp_stage stage=dispatch_x batch=1 seq_len=64 hidden=2560 intermediate=9216 out_dim=2560 bf16_weights=false elapsed_ms=0.000
kiln_profile_vulkan_backend_mlp_stage stage=weight_cache_gate batch=1 seq_len=64 hidden=2560 intermediate=9216 out_dim=2560 bf16_weights=false elapsed_ms=64.315
kiln_profile_vulkan_backend_mlp_stage stage=weight_cache_up batch=1 seq_len=64 hidden=2560 intermediate=9216 out_dim=2560 bf16_weights=false elapsed_ms=63.457
kiln_profile_vulkan_backend_mlp_stage stage=weight_cache_down batch=1 seq_len=64 hidden=2560 intermediate=9216 out_dim=2560 bf16_weights=false elapsed_ms=64.034
kiln_profile_vulkan_backend_mlp_stage stage=kernel_dispatch batch=1 seq_len=64 hidden=2560 intermediate=9216 out_dim=2560 bf16_weights=false elapsed_ms=27.583
kiln_profile_vulkan_backend_mlp_stage stage=output_reshape batch=1 seq_len=64 hidden=2560 intermediate=9216 out_dim=2560 bf16_weights=false elapsed_ms=0.001
kiln_profile_vulkan_backend_mlp_stage stage=total batch=1 seq_len=64 hidden=2560 intermediate=9216 out_dim=2560 bf16_weights=false elapsed_ms=219.394
kiln_profile_vulkan_backend_mlp_stage stage=dispatch_x batch=1 seq_len=64 hidden=2560 intermediate=9216 out_dim=2560 bf16_weights=false elapsed_ms=0.000
kiln_profile_vulkan_backend_mlp_stage stage=weight_cache_gate batch=1 seq_len=64 hidden=2560 intermediate=9216 out_dim=2560 bf16_weights=false elapsed_ms=64.217
kiln_profile_vulkan_backend_mlp_stage stage=weight_cache_up batch=1 seq_len=64 hidden=2560 intermediate=9216 out_dim=2560 bf16_weights=false elapsed_ms=63.796
kiln_profile_vulkan_backend_mlp_stage stage=weight_cache_down batch=1 seq_len=64 hidden=2560 intermediate=9216 out_dim=2560 bf16_weights=false elapsed_ms=64.339
kiln_profile_vulkan_backend_mlp_stage stage=kernel_dispatch batch=1 seq_len=64 hidden=2560 intermediate=9216 out_dim=2560 bf16_weights=false elapsed_ms=29.327
kiln_profile_vulkan_backend_mlp_stage stage=output_reshape batch=1 seq_len=64 hidden=2560 intermediate=9216 out_dim=2560 bf16_weights=false elapsed_ms=0.001
kiln_profile_vulkan_backend_mlp_stage stage=total batch=1 seq_len=64 hidden=2560 intermediate=9216 out_dim=2560 bf16_weights=false elapsed_ms=221.686
kiln_profile_vulkan_backend_mlp_stage stage=dispatch_x batch=1 seq_len=64 hidden=2560 intermediate=9216 out_dim=2560 bf16_weights=false elapsed_ms=0.000
kiln_profile_vulkan_backend_mlp_stage stage=weight_cache_gate batch=1 seq_len=64 hidden=2560 intermediate=9216 out_dim=2560 bf16_weights=false elapsed_ms=65.002
kiln_profile_vulkan_backend_mlp_stage stage=weight_cache_up batch=1 seq_len=64 hidden=2560 intermediate=9216 out_dim=2560 bf16_weights=false elapsed_ms=63.826
kiln_profile_vulkan_backend_mlp_stage stage=weight_cache_down batch=1 seq_len=64 hidden=2560 intermediate=9216 out_dim=2560 bf16_weights=false elapsed_ms=62.497
kiln_profile_vulkan_backend_mlp_stage stage=kernel_dispatch batch=1 seq_len=64 hidden=2560 intermediate=9216 out_dim=2560 bf16_weights=false elapsed_ms=26.149
kiln_profile_vulkan_backend_mlp_stage stage=output_reshape batch=1 seq_len=64 hidden=2560 intermediate=9216 out_dim=2560 bf16_weights=false elapsed_ms=0.001
kiln_profile_vulkan_backend_mlp_stage stage=total batch=1 seq_len=64 hidden=2560 intermediate=9216 out_dim=2560 bf16_weights=false elapsed_ms=217.478
kiln_profile_vulkan_backend_mlp_stage stage=dispatch_x batch=1 seq_len=64 hidden=2560 intermediate=9216 out_dim=2560 bf16_weights=false elapsed_ms=0.000
kiln_profile_vulkan_backend_mlp_stage stage=weight_cache_gate batch=1 seq_len=64 hidden=2560 intermediate=9216 out_dim=2560 bf16_weights=false elapsed_ms=60.608
kiln_profile_vulkan_backend_mlp_stage stage=weight_cache_up batch=1 seq_len=64 hidden=2560 intermediate=9216 out_dim=2560 bf16_weights=false elapsed_ms=62.409
kiln_profile_vulkan_backend_mlp_stage stage=weight_cache_down batch=1 seq_len=64 hidden=2560 intermediate=9216 out_dim=2560 bf16_weights=false elapsed_ms=62.373
kiln_profile_vulkan_backend_mlp_stage stage=kernel_dispatch batch=1 seq_len=64 hidden=2560 intermediate=9216 out_dim=2560 bf16_weights=false elapsed_ms=26.801
kiln_profile_vulkan_backend_mlp_stage stage=output_reshape batch=1 seq_len=64 hidden=2560 intermediate=9216 out_dim=2560 bf16_weights=false elapsed_ms=0.001
kiln_profile_vulkan_backend_mlp_stage stage=total batch=1 seq_len=64 hidden=2560 intermediate=9216 out_dim=2560 bf16_weights=false elapsed_ms=212.197
kiln_profile_vulkan_backend_mlp_stage stage=dispatch_x batch=1 seq_len=64 hidden=2560 intermediate=9216 out_dim=2560 bf16_weights=false elapsed_ms=0.000
kiln_profile_vulkan_backend_mlp_stage stage=weight_cache_gate batch=1 seq_len=64 hidden=2560 intermediate=9216 out_dim=2560 bf16_weights=false elapsed_ms=62.666
kiln_profile_vulkan_backend_mlp_stage stage=weight_cache_up batch=1 seq_len=64 hidden=2560 intermediate=9216 out_dim=2560 bf16_weights=false elapsed_ms=63.378
kiln_profile_vulkan_backend_mlp_stage stage=weight_cache_down batch=1 seq_len=64 hidden=2560 intermediate=9216 out_dim=2560 bf16_weights=false elapsed_ms=63.086
kiln_profile_vulkan_backend_mlp_stage stage=kernel_dispatch batch=1 seq_len=64 hidden=2560 intermediate=9216 out_dim=2560 bf16_weights=false elapsed_ms=24.303
kiln_profile_vulkan_backend_mlp_stage stage=output_reshape batch=1 seq_len=64 hidden=2560 intermediate=9216 out_dim=2560 bf16_weights=false elapsed_ms=0.001
kiln_profile_vulkan_backend_mlp_stage stage=total batch=1 seq_len=64 hidden=2560 intermediate=9216 out_dim=2560 bf16_weights=false elapsed_ms=213.438
kiln_profile_vulkan_backend_mlp_stage stage=dispatch_x batch=1 seq_len=64 hidden=2560 intermediate=9216 out_dim=2560 bf16_weights=false elapsed_ms=0.000
kiln_profile_vulkan_backend_mlp_stage stage=weight_cache_gate batch=1 seq_len=64 hidden=2560 intermediate=9216 out_dim=2560 bf16_weights=false elapsed_ms=62.161
kiln_profile_vulkan_backend_mlp_stage stage=weight_cache_up batch=1 seq_len=64 hidden=2560 intermediate=9216 out_dim=2560 bf16_weights=false elapsed_ms=62.390
kiln_profile_vulkan_backend_mlp_stage stage=weight_cache_down batch=1 seq_len=64 hidden=2560 intermediate=9216 out_dim=2560 bf16_weights=false elapsed_ms=62.278
kiln_profile_vulkan_backend_mlp_stage stage=kernel_dispatch batch=1 seq_len=64 hidden=2560 intermediate=9216 out_dim=2560 bf16_weights=false elapsed_ms=29.272
kiln_profile_vulkan_backend_mlp_stage stage=output_reshape batch=1 seq_len=64 hidden=2560 intermediate=9216 out_dim=2560 bf16_weights=false elapsed_ms=0.001
kiln_profile_vulkan_backend_mlp_stage stage=total batch=1 seq_len=64 hidden=2560 intermediate=9216 out_dim=2560 bf16_weights=false elapsed_ms=216.106
kiln_profile_vulkan_backend_mlp_stage stage=dispatch_x batch=1 seq_len=64 hidden=2560 intermediate=9216 out_dim=2560 bf16_weights=false elapsed_ms=0.000
kiln_profile_vulkan_backend_mlp_stage stage=weight_cache_gate batch=1 seq_len=64 hidden=2560 intermediate=9216 out_dim=2560 bf16_weights=false elapsed_ms=63.513
kiln_profile_vulkan_backend_mlp_stage stage=weight_cache_up batch=1 seq_len=64 hidden=2560 intermediate=9216 out_dim=2560 bf16_weights=false elapsed_ms=63.954
kiln_profile_vulkan_backend_mlp_stage stage=weight_cache_down batch=1 seq_len=64 hidden=2560 intermediate=9216 out_dim=2560 bf16_weights=false elapsed_ms=63.847
kiln_profile_vulkan_backend_mlp_stage stage=kernel_dispatch batch=1 seq_len=64 hidden=2560 intermediate=9216 out_dim=2560 bf16_weights=false elapsed_ms=27.790
kiln_profile_vulkan_backend_mlp_stage stage=output_reshape batch=1 seq_len=64 hidden=2560 intermediate=9216 out_dim=2560 bf16_weights=false elapsed_ms=0.001
kiln_profile_vulkan_backend_mlp_stage stage=total batch=1 seq_len=64 hidden=2560 intermediate=9216 out_dim=2560 bf16_weights=false elapsed_ms=219.109
kiln_profile_vulkan_backend_mlp_stage stage=dispatch_x batch=1 seq_len=64 hidden=2560 intermediate=9216 out_dim=2560 bf16_weights=false elapsed_ms=0.000
kiln_profile_vulkan_backend_mlp_stage stage=weight_cache_gate batch=1 seq_len=64 hidden=2560 intermediate=9216 out_dim=2560 bf16_weights=false elapsed_ms=61.909
kiln_profile_vulkan_backend_mlp_stage stage=weight_cache_up batch=1 seq_len=64 hidden=2560 intermediate=9216 out_dim=2560 bf16_weights=false elapsed_ms=62.245
kiln_profile_vulkan_backend_mlp_stage stage=weight_cache_down batch=1 seq_len=64 hidden=2560 intermediate=9216 out_dim=2560 bf16_weights=false elapsed_ms=62.559
kiln_profile_vulkan_backend_mlp_stage stage=kernel_dispatch batch=1 seq_len=64 hidden=2560 intermediate=9216 out_dim=2560 bf16_weights=false elapsed_ms=28.895
kiln_profile_vulkan_backend_mlp_stage stage=output_reshape batch=1 seq_len=64 hidden=2560 intermediate=9216 out_dim=2560 bf16_weights=false elapsed_ms=0.003
kiln_profile_vulkan_backend_mlp_stage stage=total batch=1 seq_len=64 hidden=2560 intermediate=9216 out_dim=2560 bf16_weights=false elapsed_ms=215.615
kiln_profile_vulkan_backend_mlp_stage stage=dispatch_x batch=1 seq_len=64 hidden=2560 intermediate=9216 out_dim=2560 bf16_weights=false elapsed_ms=0.000
kiln_profile_vulkan_backend_mlp_stage stage=weight_cache_gate batch=1 seq_len=64 hidden=2560 intermediate=9216 out_dim=2560 bf16_weights=false elapsed_ms=62.979
kiln_profile_vulkan_backend_mlp_stage stage=weight_cache_up batch=1 seq_len=64 hidden=2560 intermediate=9216 out_dim=2560 bf16_weights=false elapsed_ms=63.232
kiln_profile_vulkan_backend_mlp_stage stage=weight_cache_down batch=1 seq_len=64 hidden=2560 intermediate=9216 out_dim=2560 bf16_weights=false elapsed_ms=63.253
kiln_profile_vulkan_backend_mlp_stage stage=kernel_dispatch batch=1 seq_len=64 hidden=2560 intermediate=9216 out_dim=2560 bf16_weights=false elapsed_ms=23.898
kiln_profile_vulkan_backend_mlp_stage stage=output_reshape batch=1 seq_len=64 hidden=2560 intermediate=9216 out_dim=2560 bf16_weights=false elapsed_ms=0.001
kiln_profile_vulkan_backend_mlp_stage stage=total batch=1 seq_len=64 hidden=2560 intermediate=9216 out_dim=2560 bf16_weights=false elapsed_ms=213.367
kiln_profile_vulkan_backend_mlp_stage stage=dispatch_x batch=1 seq_len=64 hidden=2560 intermediate=9216 out_dim=2560 bf16_weights=false elapsed_ms=0.000
kiln_profile_vulkan_backend_mlp_stage stage=weight_cache_gate batch=1 seq_len=64 hidden=2560 intermediate=9216 out_dim=2560 bf16_weights=false elapsed_ms=62.184
kiln_profile_vulkan_backend_mlp_stage stage=weight_cache_up batch=1 seq_len=64 hidden=2560 intermediate=9216 out_dim=2560 bf16_weights=false elapsed_ms=62.315
kiln_profile_vulkan_backend_mlp_stage stage=weight_cache_down batch=1 seq_len=64 hidden=2560 intermediate=9216 out_dim=2560 bf16_weights=false elapsed_ms=61.853
kiln_profile_vulkan_backend_mlp_stage stage=kernel_dispatch batch=1 seq_len=64 hidden=2560 intermediate=9216 out_dim=2560 bf16_weights=false elapsed_ms=26.831
kiln_profile_vulkan_backend_mlp_stage stage=output_reshape batch=1 seq_len=64 hidden=2560 intermediate=9216 out_dim=2560 bf16_weights=false elapsed_ms=0.001
kiln_profile_vulkan_backend_mlp_stage stage=total batch=1 seq_len=64 hidden=2560 intermediate=9216 out_dim=2560 bf16_weights=false elapsed_ms=213.189
kiln_profile_vulkan_backend_mlp_stage stage=dispatch_x batch=1 seq_len=64 hidden=2560 intermediate=9216 out_dim=2560 bf16_weights=false elapsed_ms=0.000
kiln_profile_vulkan_backend_mlp_stage stage=weight_cache_gate batch=1 seq_len=64 hidden=2560 intermediate=9216 out_dim=2560 bf16_weights=false elapsed_ms=61.116
kiln_profile_vulkan_backend_mlp_stage stage=weight_cache_up batch=1 seq_len=64 hidden=2560 intermediate=9216 out_dim=2560 bf16_weights=false elapsed_ms=63.178
kiln_profile_vulkan_backend_mlp_stage stage=weight_cache_down batch=1 seq_len=64 hidden=2560 intermediate=9216 out_dim=2560 bf16_weights=false elapsed_ms=63.857
kiln_profile_vulkan_backend_mlp_stage stage=kernel_dispatch batch=1 seq_len=64 hidden=2560 intermediate=9216 out_dim=2560 bf16_weights=false elapsed_ms=29.394
kiln_profile_vulkan_backend_mlp_stage stage=output_reshape batch=1 seq_len=64 hidden=2560 intermediate=9216 out_dim=2560 bf16_weights=false elapsed_ms=0.001
kiln_profile_vulkan_backend_mlp_stage stage=total batch=1 seq_len=64 hidden=2560 intermediate=9216 out_dim=2560 bf16_weights=false elapsed_ms=217.551
kiln_profile_vulkan_backend_mlp_stage stage=dispatch_x batch=1 seq_len=64 hidden=2560 intermediate=9216 out_dim=2560 bf16_weights=false elapsed_ms=0.000
kiln_profile_vulkan_backend_mlp_stage stage=weight_cache_gate batch=1 seq_len=64 hidden=2560 intermediate=9216 out_dim=2560 bf16_weights=false elapsed_ms=63.851
kiln_profile_vulkan_backend_mlp_stage stage=weight_cache_up batch=1 seq_len=64 hidden=2560 intermediate=9216 out_dim=2560 bf16_weights=false elapsed_ms=65.322
kiln_profile_vulkan_backend_mlp_stage stage=weight_cache_down batch=1 seq_len=64 hidden=2560 intermediate=9216 out_dim=2560 bf16_weights=false elapsed_ms=65.625
kiln_profile_vulkan_backend_mlp_stage stage=kernel_dispatch batch=1 seq_len=64 hidden=2560 intermediate=9216 out_dim=2560 bf16_weights=false elapsed_ms=28.954
kiln_profile_vulkan_backend_mlp_stage stage=output_reshape batch=1 seq_len=64 hidden=2560 intermediate=9216 out_dim=2560 bf16_weights=false elapsed_ms=0.001
kiln_profile_vulkan_backend_mlp_stage stage=total batch=1 seq_len=64 hidden=2560 intermediate=9216 out_dim=2560 bf16_weights=false elapsed_ms=223.756
kiln_profile_vulkan_backend_mlp_stage stage=dispatch_x batch=1 seq_len=64 hidden=2560 intermediate=9216 out_dim=2560 bf16_weights=false elapsed_ms=0.000
kiln_profile_vulkan_backend_mlp_stage stage=weight_cache_gate batch=1 seq_len=64 hidden=2560 intermediate=9216 out_dim=2560 bf16_weights=false elapsed_ms=63.413
kiln_profile_vulkan_backend_mlp_stage stage=weight_cache_up batch=1 seq_len=64 hidden=2560 intermediate=9216 out_dim=2560 bf16_weights=false elapsed_ms=60.568
kiln_profile_vulkan_backend_mlp_stage stage=weight_cache_down batch=1 seq_len=64 hidden=2560 intermediate=9216 out_dim=2560 bf16_weights=false elapsed_ms=62.008
kiln_profile_vulkan_backend_mlp_stage stage=kernel_dispatch batch=1 seq_len=64 hidden=2560 intermediate=9216 out_dim=2560 bf16_weights=false elapsed_ms=28.561
kiln_profile_vulkan_backend_mlp_stage stage=output_reshape batch=1 seq_len=64 hidden=2560 intermediate=9216 out_dim=2560 bf16_weights=false elapsed_ms=0.001
kiln_profile_vulkan_backend_mlp_stage stage=total batch=1 seq_len=64 hidden=2560 intermediate=9216 out_dim=2560 bf16_weights=false elapsed_ms=214.556
kiln_profile_vulkan_backend_mlp_stage stage=dispatch_x batch=1 seq_len=1 hidden=2560 intermediate=9216 out_dim=2560 bf16_weights=true elapsed_ms=0.000
kiln_profile_vulkan_backend_mlp_stage stage=weight_cache_gate batch=1 seq_len=1 hidden=2560 intermediate=9216 out_dim=2560 bf16_weights=true elapsed_ms=29.107
kiln_profile_vulkan_backend_mlp_stage stage=weight_cache_up batch=1 seq_len=1 hidden=2560 intermediate=9216 out_dim=2560 bf16_weights=true elapsed_ms=25.166
kiln_profile_vulkan_backend_mlp_stage stage=weight_cache_down batch=1 seq_len=1 hidden=2560 intermediate=9216 out_dim=2560 bf16_weights=true elapsed_ms=25.536
kiln_profile_vulkan_backend_mlp_stage stage=kernel_dispatch batch=1 seq_len=1 hidden=2560 intermediate=9216 out_dim=2560 bf16_weights=true elapsed_ms=1.439
kiln_profile_vulkan_backend_mlp_stage stage=output_reshape batch=1 seq_len=1 hidden=2560 intermediate=9216 out_dim=2560 bf16_weights=true elapsed_ms=0.000
kiln_profile_vulkan_backend_mlp_stage stage=total batch=1 seq_len=1 hidden=2560 intermediate=9216 out_dim=2560 bf16_weights=true elapsed_ms=81.251
kiln_profile_vulkan_backend_mlp_stage stage=dispatch_x batch=1 seq_len=1 hidden=2560 intermediate=9216 out_dim=2560 bf16_weights=true elapsed_ms=0.000
kiln_profile_vulkan_backend_mlp_stage stage=weight_cache_gate batch=1 seq_len=1 hidden=2560 intermediate=9216 out_dim=2560 bf16_weights=true elapsed_ms=24.863
kiln_profile_vulkan_backend_mlp_stage stage=weight_cache_up batch=1 seq_len=1 hidden=2560 intermediate=9216 out_dim=2560 bf16_weights=true elapsed_ms=25.356
kiln_profile_vulkan_backend_mlp_stage stage=weight_cache_down batch=1 seq_len=1 hidden=2560 intermediate=9216 out_dim=2560 bf16_weights=true elapsed_ms=25.755
kiln_profile_vulkan_backend_mlp_stage stage=kernel_dispatch batch=1 seq_len=1 hidden=2560 intermediate=9216 out_dim=2560 bf16_weights=true elapsed_ms=1.497
kiln_profile_vulkan_backend_mlp_stage stage=output_reshape batch=1 seq_len=1 hidden=2560 intermediate=9216 out_dim=2560 bf16_weights=true elapsed_ms=0.000
kiln_profile_vulkan_backend_mlp_stage stage=total batch=1 seq_len=1 hidden=2560 intermediate=9216 out_dim=2560 bf16_weights=true elapsed_ms=77.474
kiln_profile_vulkan_backend_mlp_stage stage=dispatch_x batch=1 seq_len=1 hidden=2560 intermediate=9216 out_dim=2560 bf16_weights=true elapsed_ms=0.000
kiln_profile_vulkan_backend_mlp_stage stage=weight_cache_gate batch=1 seq_len=1 hidden=2560 intermediate=9216 out_dim=2560 bf16_weights=true elapsed_ms=25.445
kiln_profile_vulkan_backend_mlp_stage stage=weight_cache_up batch=1 seq_len=1 hidden=2560 intermediate=9216 out_dim=2560 bf16_weights=true elapsed_ms=25.255
kiln_profile_vulkan_backend_mlp_stage stage=weight_cache_down batch=1 seq_len=1 hidden=2560 intermediate=9216 out_dim=2560 bf16_weights=true elapsed_ms=25.386
kiln_profile_vulkan_backend_mlp_stage stage=kernel_dispatch batch=1 seq_len=1 hidden=2560 intermediate=9216 out_dim=2560 bf16_weights=true elapsed_ms=1.377
kiln_profile_vulkan_backend_mlp_stage stage=output_reshape batch=1 seq_len=1 hidden=2560 intermediate=9216 out_dim=2560 bf16_weights=true elapsed_ms=0.000
kiln_profile_vulkan_backend_mlp_stage stage=total batch=1 seq_len=1 hidden=2560 intermediate=9216 out_dim=2560 bf16_weights=true elapsed_ms=77.467
kiln_profile_vulkan_backend_mlp_stage stage=dispatch_x batch=1 seq_len=1 hidden=2560 intermediate=9216 out_dim=2560 bf16_weights=true elapsed_ms=0.000
kiln_profile_vulkan_backend_mlp_stage stage=weight_cache_gate batch=1 seq_len=1 hidden=2560 intermediate=9216 out_dim=2560 bf16_weights=true elapsed_ms=25.261
kiln_profile_vulkan_backend_mlp_stage stage=weight_cache_up batch=1 seq_len=1 hidden=2560 intermediate=9216 out_dim=2560 bf16_weights=true elapsed_ms=25.772
kiln_profile_vulkan_backend_mlp_stage stage=weight_cache_down batch=1 seq_len=1 hidden=2560 intermediate=9216 out_dim=2560 bf16_weights=true elapsed_ms=25.129
kiln_profile_vulkan_backend_mlp_stage stage=kernel_dispatch batch=1 seq_len=1 hidden=2560 intermediate=9216 out_dim=2560 bf16_weights=true elapsed_ms=1.409
kiln_profile_vulkan_backend_mlp_stage stage=output_reshape batch=1 seq_len=1 hidden=2560 intermediate=9216 out_dim=2560 bf16_weights=true elapsed_ms=0.000
kiln_profile_vulkan_backend_mlp_stage stage=total batch=1 seq_len=1 hidden=2560 intermediate=9216 out_dim=2560 bf16_weights=true elapsed_ms=77.573
kiln_profile_vulkan_backend_mlp_stage stage=dispatch_x batch=1 seq_len=1 hidden=2560 intermediate=9216 out_dim=2560 bf16_weights=true elapsed_ms=0.000
kiln_profile_vulkan_backend_mlp_stage stage=weight_cache_gate batch=1 seq_len=1 hidden=2560 intermediate=9216 out_dim=2560 bf16_weights=true elapsed_ms=25.151
kiln_profile_vulkan_backend_mlp_stage stage=weight_cache_up batch=1 seq_len=1 hidden=2560 intermediate=9216 out_dim=2560 bf16_weights=true elapsed_ms=25.742
kiln_profile_vulkan_backend_mlp_stage stage=weight_cache_down batch=1 seq_len=1 hidden=2560 intermediate=9216 out_dim=2560 bf16_weights=true elapsed_ms=25.276
kiln_profile_vulkan_backend_mlp_stage stage=kernel_dispatch batch=1 seq_len=1 hidden=2560 intermediate=9216 out_dim=2560 bf16_weights=true elapsed_ms=1.972
kiln_profile_vulkan_backend_mlp_stage stage=output_reshape batch=1 seq_len=1 hidden=2560 intermediate=9216 out_dim=2560 bf16_weights=true elapsed_ms=0.000
kiln_profile_vulkan_backend_mlp_stage stage=total batch=1 seq_len=1 hidden=2560 intermediate=9216 out_dim=2560 bf16_weights=true elapsed_ms=78.145
kiln_profile_vulkan_backend_mlp_stage stage=dispatch_x batch=1 seq_len=1 hidden=2560 intermediate=9216 out_dim=2560 bf16_weights=true elapsed_ms=0.000
kiln_profile_vulkan_backend_mlp_stage stage=weight_cache_gate batch=1 seq_len=1 hidden=2560 intermediate=9216 out_dim=2560 bf16_weights=true elapsed_ms=25.205
kiln_profile_vulkan_backend_mlp_stage stage=weight_cache_up batch=1 seq_len=1 hidden=2560 intermediate=9216 out_dim=2560 bf16_weights=true elapsed_ms=25.677
kiln_profile_vulkan_backend_mlp_stage stage=weight_cache_down batch=1 seq_len=1 hidden=2560 intermediate=9216 out_dim=2560 bf16_weights=true elapsed_ms=25.982
kiln_profile_vulkan_backend_mlp_stage stage=kernel_dispatch batch=1 seq_len=1 hidden=2560 intermediate=9216 out_dim=2560 bf16_weights=true elapsed_ms=1.546
kiln_profile_vulkan_backend_mlp_stage stage=output_reshape batch=1 seq_len=1 hidden=2560 intermediate=9216 out_dim=2560 bf16_weights=true elapsed_ms=0.000
kiln_profile_vulkan_backend_mlp_stage stage=total batch=1 seq_len=1 hidden=2560 intermediate=9216 out_dim=2560 bf16_weights=true elapsed_ms=78.413
kiln_profile_vulkan_backend_mlp_stage stage=dispatch_x batch=1 seq_len=1 hidden=2560 intermediate=9216 out_dim=2560 bf16_weights=true elapsed_ms=0.000
kiln_profile_vulkan_backend_mlp_stage stage=weight_cache_gate batch=1 seq_len=1 hidden=2560 intermediate=9216 out_dim=2560 bf16_weights=true elapsed_ms=24.749
kiln_profile_vulkan_backend_mlp_stage stage=weight_cache_up batch=1 seq_len=1 hidden=2560 intermediate=9216 out_dim=2560 bf16_weights=true elapsed_ms=25.407
kiln_profile_vulkan_backend_mlp_stage stage=weight_cache_down batch=1 seq_len=1 hidden=2560 intermediate=9216 out_dim=2560 bf16_weights=true elapsed_ms=25.206
kiln_profile_vulkan_backend_mlp_stage stage=kernel_dispatch batch=1 seq_len=1 hidden=2560 intermediate=9216 out_dim=2560 bf16_weights=true elapsed_ms=1.474
kiln_profile_vulkan_backend_mlp_stage stage=output_reshape batch=1 seq_len=1 hidden=2560 intermediate=9216 out_dim=2560 bf16_weights=true elapsed_ms=0.000
kiln_profile_vulkan_backend_mlp_stage stage=total batch=1 seq_len=1 hidden=2560 intermediate=9216 out_dim=2560 bf16_weights=true elapsed_ms=76.839
kiln_profile_vulkan_backend_mlp_stage stage=dispatch_x batch=1 seq_len=1 hidden=2560 intermediate=9216 out_dim=2560 bf16_weights=true elapsed_ms=0.000
kiln_profile_vulkan_backend_mlp_stage stage=weight_cache_gate batch=1 seq_len=1 hidden=2560 intermediate=9216 out_dim=2560 bf16_weights=true elapsed_ms=25.356
kiln_profile_vulkan_backend_mlp_stage stage=weight_cache_up batch=1 seq_len=1 hidden=2560 intermediate=9216 out_dim=2560 bf16_weights=true elapsed_ms=25.183
kiln_profile_vulkan_backend_mlp_stage stage=weight_cache_down batch=1 seq_len=1 hidden=2560 intermediate=9216 out_dim=2560 bf16_weights=true elapsed_ms=26.090
kiln_profile_vulkan_backend_mlp_stage stage=kernel_dispatch batch=1 seq_len=1 hidden=2560 intermediate=9216 out_dim=2560 bf16_weights=true elapsed_ms=1.836
kiln_profile_vulkan_backend_mlp_stage stage=output_reshape batch=1 seq_len=1 hidden=2560 intermediate=9216 out_dim=2560 bf16_weights=true elapsed_ms=0.000
kiln_profile_vulkan_backend_mlp_stage stage=total batch=1 seq_len=1 hidden=2560 intermediate=9216 out_dim=2560 bf16_weights=true elapsed_ms=78.466
kiln_profile_vulkan_backend_mlp_stage stage=dispatch_x batch=1 seq_len=1 hidden=2560 intermediate=9216 out_dim=2560 bf16_weights=true elapsed_ms=0.000
kiln_profile_vulkan_backend_mlp_stage stage=weight_cache_gate batch=1 seq_len=1 hidden=2560 intermediate=9216 out_dim=2560 bf16_weights=true elapsed_ms=25.550
kiln_profile_vulkan_backend_mlp_stage stage=weight_cache_up batch=1 seq_len=1 hidden=2560 intermediate=9216 out_dim=2560 bf16_weights=true elapsed_ms=25.275
kiln_profile_vulkan_backend_mlp_stage stage=weight_cache_down batch=1 seq_len=1 hidden=2560 intermediate=9216 out_dim=2560 bf16_weights=true elapsed_ms=25.384
kiln_profile_vulkan_backend_mlp_stage stage=kernel_dispatch batch=1 seq_len=1 hidden=2560 intermediate=9216 out_dim=2560 bf16_weights=true elapsed_ms=1.430
kiln_profile_vulkan_backend_mlp_stage stage=output_reshape batch=1 seq_len=1 hidden=2560 intermediate=9216 out_dim=2560 bf16_weights=true elapsed_ms=0.000
kiln_profile_vulkan_backend_mlp_stage stage=total batch=1 seq_len=1 hidden=2560 intermediate=9216 out_dim=2560 bf16_weights=true elapsed_ms=77.641
kiln_profile_vulkan_backend_mlp_stage stage=dispatch_x batch=1 seq_len=1 hidden=2560 intermediate=9216 out_dim=2560 bf16_weights=true elapsed_ms=0.000
kiln_profile_vulkan_backend_mlp_stage stage=weight_cache_gate batch=1 seq_len=1 hidden=2560 intermediate=9216 out_dim=2560 bf16_weights=true elapsed_ms=25.462
kiln_profile_vulkan_backend_mlp_stage stage=weight_cache_up batch=1 seq_len=1 hidden=2560 intermediate=9216 out_dim=2560 bf16_weights=true elapsed_ms=26.051
kiln_profile_vulkan_backend_mlp_stage stage=weight_cache_down batch=1 seq_len=1 hidden=2560 intermediate=9216 out_dim=2560 bf16_weights=true elapsed_ms=25.200
kiln_profile_vulkan_backend_mlp_stage stage=kernel_dispatch batch=1 seq_len=1 hidden=2560 intermediate=9216 out_dim=2560 bf16_weights=true elapsed_ms=1.366
kiln_profile_vulkan_backend_mlp_stage stage=output_reshape batch=1 seq_len=1 hidden=2560 intermediate=9216 out_dim=2560 bf16_weights=true elapsed_ms=0.000
kiln_profile_vulkan_backend_mlp_stage stage=total batch=1 seq_len=1 hidden=2560 intermediate=9216 out_dim=2560 bf16_weights=true elapsed_ms=78.082
kiln_profile_vulkan_backend_mlp_stage stage=dispatch_x batch=1 seq_len=1 hidden=2560 intermediate=9216 out_dim=2560 bf16_weights=true elapsed_ms=0.000
kiln_profile_vulkan_backend_mlp_stage stage=weight_cache_gate batch=1 seq_len=1 hidden=2560 intermediate=9216 out_dim=2560 bf16_weights=true elapsed_ms=24.961
kiln_profile_vulkan_backend_mlp_stage stage=weight_cache_up batch=1 seq_len=1 hidden=2560 intermediate=9216 out_dim=2560 bf16_weights=true elapsed_ms=25.764
kiln_profile_vulkan_backend_mlp_stage stage=weight_cache_down batch=1 seq_len=1 hidden=2560 intermediate=9216 out_dim=2560 bf16_weights=true elapsed_ms=25.793
kiln_profile_vulkan_backend_mlp_stage stage=kernel_dispatch batch=1 seq_len=1 hidden=2560 intermediate=9216 out_dim=2560 bf16_weights=true elapsed_ms=1.449
kiln_profile_vulkan_backend_mlp_stage stage=output_reshape batch=1 seq_len=1 hidden=2560 intermediate=9216 out_dim=2560 bf16_weights=true elapsed_ms=0.000
kiln_profile_vulkan_backend_mlp_stage stage=total batch=1 seq_len=1 hidden=2560 intermediate=9216 out_dim=2560 bf16_weights=true elapsed_ms=77.970
kiln_profile_vulkan_backend_mlp_stage stage=dispatch_x batch=1 seq_len=1 hidden=2560 intermediate=9216 out_dim=2560 bf16_weights=true elapsed_ms=0.000
kiln_profile_vulkan_backend_mlp_stage stage=weight_cache_gate batch=1 seq_len=1 hidden=2560 intermediate=9216 out_dim=2560 bf16_weights=true elapsed_ms=24.786
kiln_profile_vulkan_backend_mlp_stage stage=weight_cache_up batch=1 seq_len=1 hidden=2560 intermediate=9216 out_dim=2560 bf16_weights=true elapsed_ms=26.119
kiln_profile_vulkan_backend_mlp_stage stage=weight_cache_down batch=1 seq_len=1 hidden=2560 intermediate=9216 out_dim=2560 bf16_weights=true elapsed_ms=25.397
kiln_profile_vulkan_backend_mlp_stage stage=kernel_dispatch batch=1 seq_len=1 hidden=2560 intermediate=9216 out_dim=2560 bf16_weights=true elapsed_ms=1.691
kiln_profile_vulkan_backend_mlp_stage stage=output_reshape batch=1 seq_len=1 hidden=2560 intermediate=9216 out_dim=2560 bf16_weights=true elapsed_ms=0.000
kiln_profile_vulkan_backend_mlp_stage stage=total batch=1 seq_len=1 hidden=2560 intermediate=9216 out_dim=2560 bf16_weights=true elapsed_ms=77.996
kiln_profile_vulkan_backend_mlp_stage stage=dispatch_x batch=1 seq_len=1 hidden=2560 intermediate=9216 out_dim=2560 bf16_weights=true elapsed_ms=0.000
kiln_profile_vulkan_backend_mlp_stage stage=weight_cache_gate batch=1 seq_len=1 hidden=2560 intermediate=9216 out_dim=2560 bf16_weights=true elapsed_ms=24.982
kiln_profile_vulkan_backend_mlp_stage stage=weight_cache_up batch=1 seq_len=1 hidden=2560 intermediate=9216 out_dim=2560 bf16_weights=true elapsed_ms=25.339
kiln_profile_vulkan_backend_mlp_stage stage=weight_cache_down batch=1 seq_len=1 hidden=2560 intermediate=9216 out_dim=2560 bf16_weights=true elapsed_ms=25.693
kiln_profile_vulkan_backend_mlp_stage stage=kernel_dispatch batch=1 seq_len=1 hidden=2560 intermediate=9216 out_dim=2560 bf16_weights=true elapsed_ms=1.367
kiln_profile_vulkan_backend_mlp_stage stage=output_reshape batch=1 seq_len=1 hidden=2560 intermediate=9216 out_dim=2560 bf16_weights=true elapsed_ms=0.000
kiln_profile_vulkan_backend_mlp_stage stage=total batch=1 seq_len=1 hidden=2560 intermediate=9216 out_dim=2560 bf16_weights=true elapsed_ms=77.384
kiln_profile_vulkan_backend_mlp_stage stage=dispatch_x batch=1 seq_len=1 hidden=2560 intermediate=9216 out_dim=2560 bf16_weights=true elapsed_ms=0.000
kiln_profile_vulkan_backend_mlp_stage stage=weight_cache_gate batch=1 seq_len=1 hidden=2560 intermediate=9216 out_dim=2560 bf16_weights=true elapsed_ms=24.862
kiln_profile_vulkan_backend_mlp_stage stage=weight_cache_up batch=1 seq_len=1 hidden=2560 intermediate=9216 out_dim=2560 bf16_weights=true elapsed_ms=25.356
kiln_profile_vulkan_backend_mlp_stage stage=weight_cache_down batch=1 seq_len=1 hidden=2560 intermediate=9216 out_dim=2560 bf16_weights=true elapsed_ms=25.334
kiln_profile_vulkan_backend_mlp_stage stage=kernel_dispatch batch=1 seq_len=1 hidden=2560 intermediate=9216 out_dim=2560 bf16_weights=true elapsed_ms=1.470
kiln_profile_vulkan_backend_mlp_stage stage=output_reshape batch=1 seq_len=1 hidden=2560 intermediate=9216 out_dim=2560 bf16_weights=true elapsed_ms=0.000
kiln_profile_vulkan_backend_mlp_stage stage=total batch=1 seq_len=1 hidden=2560 intermediate=9216 out_dim=2560 bf16_weights=true elapsed_ms=77.024
kiln_profile_vulkan_backend_mlp_stage stage=dispatch_x batch=1 seq_len=1 hidden=2560 intermediate=9216 out_dim=2560 bf16_weights=true elapsed_ms=0.000
kiln_profile_vulkan_backend_mlp_stage stage=weight_cache_gate batch=1 seq_len=1 hidden=2560 intermediate=9216 out_dim=2560 bf16_weights=true elapsed_ms=25.613
kiln_profile_vulkan_backend_mlp_stage stage=weight_cache_up batch=1 seq_len=1 hidden=2560 intermediate=9216 out_dim=2560 bf16_weights=true elapsed_ms=25.784
kiln_profile_vulkan_backend_mlp_stage stage=weight_cache_down batch=1 seq_len=1 hidden=2560 intermediate=9216 out_dim=2560 bf16_weights=true elapsed_ms=25.314
kiln_profile_vulkan_backend_mlp_stage stage=kernel_dispatch batch=1 seq_len=1 hidden=2560 intermediate=9216 out_dim=2560 bf16_weights=true elapsed_ms=1.460
kiln_profile_vulkan_backend_mlp_stage stage=output_reshape batch=1 seq_len=1 hidden=2560 intermediate=9216 out_dim=2560 bf16_weights=true elapsed_ms=0.000
kiln_profile_vulkan_backend_mlp_stage stage=total batch=1 seq_len=1 hidden=2560 intermediate=9216 out_dim=2560 bf16_weights=true elapsed_ms=78.172
kiln_profile_vulkan_backend_mlp_stage stage=dispatch_x batch=1 seq_len=1 hidden=2560 intermediate=9216 out_dim=2560 bf16_weights=true elapsed_ms=0.000
kiln_profile_vulkan_backend_mlp_stage stage=weight_cache_gate batch=1 seq_len=1 hidden=2560 intermediate=9216 out_dim=2560 bf16_weights=true elapsed_ms=24.919
kiln_profile_vulkan_backend_mlp_stage stage=weight_cache_up batch=1 seq_len=1 hidden=2560 intermediate=9216 out_dim=2560 bf16_weights=true elapsed_ms=25.864
kiln_profile_vulkan_backend_mlp_stage stage=weight_cache_down batch=1 seq_len=1 hidden=2560 intermediate=9216 out_dim=2560 bf16_weights=true elapsed_ms=25.251
kiln_profile_vulkan_backend_mlp_stage stage=kernel_dispatch batch=1 seq_len=1 hidden=2560 intermediate=9216 out_dim=2560 bf16_weights=true elapsed_ms=1.585
kiln_profile_vulkan_backend_mlp_stage stage=output_reshape batch=1 seq_len=1 hidden=2560 intermediate=9216 out_dim=2560 bf16_weights=true elapsed_ms=0.000
kiln_profile_vulkan_backend_mlp_stage stage=total batch=1 seq_len=1 hidden=2560 intermediate=9216 out_dim=2560 bf16_weights=true elapsed_ms=77.622
kiln_profile_vulkan_backend_mlp_stage stage=dispatch_x batch=1 seq_len=1 hidden=2560 intermediate=9216 out_dim=2560 bf16_weights=true elapsed_ms=0.000
kiln_profile_vulkan_backend_mlp_stage stage=weight_cache_gate batch=1 seq_len=1 hidden=2560 intermediate=9216 out_dim=2560 bf16_weights=true elapsed_ms=24.838
kiln_profile_vulkan_backend_mlp_stage stage=weight_cache_up batch=1 seq_len=1 hidden=2560 intermediate=9216 out_dim=2560 bf16_weights=true elapsed_ms=25.967
kiln_profile_vulkan_backend_mlp_stage stage=weight_cache_down batch=1 seq_len=1 hidden=2560 intermediate=9216 out_dim=2560 bf16_weights=true elapsed_ms=25.391
kiln_profile_vulkan_backend_mlp_stage stage=kernel_dispatch batch=1 seq_len=1 hidden=2560 intermediate=9216 out_dim=2560 bf16_weights=true elapsed_ms=1.361
kiln_profile_vulkan_backend_mlp_stage stage=output_reshape batch=1 seq_len=1 hidden=2560 intermediate=9216 out_dim=2560 bf16_weights=true elapsed_ms=0.000
kiln_profile_vulkan_backend_mlp_stage stage=total batch=1 seq_len=1 hidden=2560 intermediate=9216 out_dim=2560 bf16_weights=true elapsed_ms=77.560
kiln_profile_vulkan_backend_mlp_stage stage=dispatch_x batch=1 seq_len=1 hidden=2560 intermediate=9216 out_dim=2560 bf16_weights=true elapsed_ms=0.000
kiln_profile_vulkan_backend_mlp_stage stage=weight_cache_gate batch=1 seq_len=1 hidden=2560 intermediate=9216 out_dim=2560 bf16_weights=true elapsed_ms=25.033
kiln_profile_vulkan_backend_mlp_stage stage=weight_cache_up batch=1 seq_len=1 hidden=2560 intermediate=9216 out_dim=2560 bf16_weights=true elapsed_ms=25.794
kiln_profile_vulkan_backend_mlp_stage stage=weight_cache_down batch=1 seq_len=1 hidden=2560 intermediate=9216 out_dim=2560 bf16_weights=true elapsed_ms=25.648
kiln_profile_vulkan_backend_mlp_stage stage=kernel_dispatch batch=1 seq_len=1 hidden=2560 intermediate=9216 out_dim=2560 bf16_weights=true elapsed_ms=1.475
kiln_profile_vulkan_backend_mlp_stage stage=output_reshape batch=1 seq_len=1 hidden=2560 intermediate=9216 out_dim=2560 bf16_weights=true elapsed_ms=0.000
kiln_profile_vulkan_backend_mlp_stage stage=total batch=1 seq_len=1 hidden=2560 intermediate=9216 out_dim=2560 bf16_weights=true elapsed_ms=77.953
kiln_profile_vulkan_backend_mlp_stage stage=dispatch_x batch=1 seq_len=1 hidden=2560 intermediate=9216 out_dim=2560 bf16_weights=true elapsed_ms=0.000
kiln_profile_vulkan_backend_mlp_stage stage=weight_cache_gate batch=1 seq_len=1 hidden=2560 intermediate=9216 out_dim=2560 bf16_weights=true elapsed_ms=25.501
kiln_profile_vulkan_backend_mlp_stage stage=weight_cache_up batch=1 seq_len=1 hidden=2560 intermediate=9216 out_dim=2560 bf16_weights=true elapsed_ms=25.358
kiln_profile_vulkan_backend_mlp_stage stage=weight_cache_down batch=1 seq_len=1 hidden=2560 intermediate=9216 out_dim=2560 bf16_weights=true elapsed_ms=25.347
kiln_profile_vulkan_backend_mlp_stage stage=kernel_dispatch batch=1 seq_len=1 hidden=2560 intermediate=9216 out_dim=2560 bf16_weights=true elapsed_ms=1.389
kiln_profile_vulkan_backend_mlp_stage stage=output_reshape batch=1 seq_len=1 hidden=2560 intermediate=9216 out_dim=2560 bf16_weights=true elapsed_ms=0.000
kiln_profile_vulkan_backend_mlp_stage stage=total batch=1 seq_len=1 hidden=2560 intermediate=9216 out_dim=2560 bf16_weights=true elapsed_ms=77.597
kiln_profile_vulkan_backend_mlp_stage stage=dispatch_x batch=1 seq_len=1 hidden=2560 intermediate=9216 out_dim=2560 bf16_weights=true elapsed_ms=0.000
kiln_profile_vulkan_backend_mlp_stage stage=weight_cache_gate batch=1 seq_len=1 hidden=2560 intermediate=9216 out_dim=2560 bf16_weights=true elapsed_ms=25.560
kiln_profile_vulkan_backend_mlp_stage stage=weight_cache_up batch=1 seq_len=1 hidden=2560 intermediate=9216 out_dim=2560 bf16_weights=true elapsed_ms=26.188
kiln_profile_vulkan_backend_mlp_stage stage=weight_cache_down batch=1 seq_len=1 hidden=2560 intermediate=9216 out_dim=2560 bf16_weights=true elapsed_ms=25.238
kiln_profile_vulkan_backend_mlp_stage stage=kernel_dispatch batch=1 seq_len=1 hidden=2560 intermediate=9216 out_dim=2560 bf16_weights=true elapsed_ms=1.485
kiln_profile_vulkan_backend_mlp_stage stage=output_reshape batch=1 seq_len=1 hidden=2560 intermediate=9216 out_dim=2560 bf16_weights=true elapsed_ms=0.000
kiln_profile_vulkan_backend_mlp_stage stage=total batch=1 seq_len=1 hidden=2560 intermediate=9216 out_dim=2560 bf16_weights=true elapsed_ms=78.473
kiln_profile_vulkan_backend_mlp_stage stage=dispatch_x batch=1 seq_len=1 hidden=2560 intermediate=9216 out_dim=2560 bf16_weights=true elapsed_ms=0.000
kiln_profile_vulkan_backend_mlp_stage stage=weight_cache_gate batch=1 seq_len=1 hidden=2560 intermediate=9216 out_dim=2560 bf16_weights=true elapsed_ms=24.960
kiln_profile_vulkan_backend_mlp_stage stage=weight_cache_up batch=1 seq_len=1 hidden=2560 intermediate=9216 out_dim=2560 bf16_weights=true elapsed_ms=25.242
kiln_profile_vulkan_backend_mlp_stage stage=weight_cache_down batch=1 seq_len=1 hidden=2560 intermediate=9216 out_dim=2560 bf16_weights=true elapsed_ms=25.222
kiln_profile_vulkan_backend_mlp_stage stage=kernel_dispatch batch=1 seq_len=1 hidden=2560 intermediate=9216 out_dim=2560 bf16_weights=true elapsed_ms=1.465
kiln_profile_vulkan_backend_mlp_stage stage=output_reshape batch=1 seq_len=1 hidden=2560 intermediate=9216 out_dim=2560 bf16_weights=true elapsed_ms=0.000
kiln_profile_vulkan_backend_mlp_stage stage=total batch=1 seq_len=1 hidden=2560 intermediate=9216 out_dim=2560 bf16_weights=true elapsed_ms=76.892
kiln_profile_vulkan_backend_mlp_stage stage=dispatch_x batch=1 seq_len=1 hidden=2560 intermediate=9216 out_dim=2560 bf16_weights=true elapsed_ms=0.000
kiln_profile_vulkan_backend_mlp_stage stage=weight_cache_gate batch=1 seq_len=1 hidden=2560 intermediate=9216 out_dim=2560 bf16_weights=true elapsed_ms=24.860
kiln_profile_vulkan_backend_mlp_stage stage=weight_cache_up batch=1 seq_len=1 hidden=2560 intermediate=9216 out_dim=2560 bf16_weights=true elapsed_ms=25.205
kiln_profile_vulkan_backend_mlp_stage stage=weight_cache_down batch=1 seq_len=1 hidden=2560 intermediate=9216 out_dim=2560 bf16_weights=true elapsed_ms=25.347
kiln_profile_vulkan_backend_mlp_stage stage=kernel_dispatch batch=1 seq_len=1 hidden=2560 intermediate=9216 out_dim=2560 bf16_weights=true elapsed_ms=1.563
kiln_profile_vulkan_backend_mlp_stage stage=output_reshape batch=1 seq_len=1 hidden=2560 intermediate=9216 out_dim=2560 bf16_weights=true elapsed_ms=0.000
kiln_profile_vulkan_backend_mlp_stage stage=total batch=1 seq_len=1 hidden=2560 intermediate=9216 out_dim=2560 bf16_weights=true elapsed_ms=76.976
kiln_profile_vulkan_backend_mlp_stage stage=dispatch_x batch=1 seq_len=1 hidden=2560 intermediate=9216 out_dim=2560 bf16_weights=true elapsed_ms=0.000
kiln_profile_vulkan_backend_mlp_stage stage=weight_cache_gate batch=1 seq_len=1 hidden=2560 intermediate=9216 out_dim=2560 bf16_weights=true elapsed_ms=24.651
kiln_profile_vulkan_backend_mlp_stage stage=weight_cache_up batch=1 seq_len=1 hidden=2560 intermediate=9216 out_dim=2560 bf16_weights=true elapsed_ms=25.582
kiln_profile_vulkan_backend_mlp_stage stage=weight_cache_down batch=1 seq_len=1 hidden=2560 intermediate=9216 out_dim=2560 bf16_weights=true elapsed_ms=25.186
kiln_profile_vulkan_backend_mlp_stage stage=kernel_dispatch batch=1 seq_len=1 hidden=2560 intermediate=9216 out_dim=2560 bf16_weights=true elapsed_ms=1.382
kiln_profile_vulkan_backend_mlp_stage stage=output_reshape batch=1 seq_len=1 hidden=2560 intermediate=9216 out_dim=2560 bf16_weights=true elapsed_ms=0.000
kiln_profile_vulkan_backend_mlp_stage stage=total batch=1 seq_len=1 hidden=2560 intermediate=9216 out_dim=2560 bf16_weights=true elapsed_ms=76.803
kiln_profile_vulkan_backend_mlp_stage stage=dispatch_x batch=1 seq_len=1 hidden=2560 intermediate=9216 out_dim=2560 bf16_weights=true elapsed_ms=0.000
kiln_profile_vulkan_backend_mlp_stage stage=weight_cache_gate batch=1 seq_len=1 hidden=2560 intermediate=9216 out_dim=2560 bf16_weights=true elapsed_ms=24.579
kiln_profile_vulkan_backend_mlp_stage stage=weight_cache_up batch=1 seq_len=1 hidden=2560 intermediate=9216 out_dim=2560 bf16_weights=true elapsed_ms=24.878
kiln_profile_vulkan_backend_mlp_stage stage=weight_cache_down batch=1 seq_len=1 hidden=2560 intermediate=9216 out_dim=2560 bf16_weights=true elapsed_ms=24.875
kiln_profile_vulkan_backend_mlp_stage stage=kernel_dispatch batch=1 seq_len=1 hidden=2560 intermediate=9216 out_dim=2560 bf16_weights=true elapsed_ms=1.284
kiln_profile_vulkan_backend_mlp_stage stage=output_reshape batch=1 seq_len=1 hidden=2560 intermediate=9216 out_dim=2560 bf16_weights=true elapsed_ms=0.000
kiln_profile_vulkan_backend_mlp_stage stage=total batch=1 seq_len=1 hidden=2560 intermediate=9216 out_dim=2560 bf16_weights=true elapsed_ms=75.618
kiln_profile_vulkan_backend_mlp_stage stage=dispatch_x batch=1 seq_len=1 hidden=2560 intermediate=9216 out_dim=2560 bf16_weights=true elapsed_ms=0.000
kiln_profile_vulkan_backend_mlp_stage stage=weight_cache_gate batch=1 seq_len=1 hidden=2560 intermediate=9216 out_dim=2560 bf16_weights=true elapsed_ms=24.958
kiln_profile_vulkan_backend_mlp_stage stage=weight_cache_up batch=1 seq_len=1 hidden=2560 intermediate=9216 out_dim=2560 bf16_weights=true elapsed_ms=25.027
kiln_profile_vulkan_backend_mlp_stage stage=weight_cache_down batch=1 seq_len=1 hidden=2560 intermediate=9216 out_dim=2560 bf16_weights=true elapsed_ms=25.234
kiln_profile_vulkan_backend_mlp_stage stage=kernel_dispatch batch=1 seq_len=1 hidden=2560 intermediate=9216 out_dim=2560 bf16_weights=true elapsed_ms=1.566
kiln_profile_vulkan_backend_mlp_stage stage=output_reshape batch=1 seq_len=1 hidden=2560 intermediate=9216 out_dim=2560 bf16_weights=true elapsed_ms=0.000
kiln_profile_vulkan_backend_mlp_stage stage=total batch=1 seq_len=1 hidden=2560 intermediate=9216 out_dim=2560 bf16_weights=true elapsed_ms=76.788
kiln_profile_vulkan_backend_mlp_stage stage=dispatch_x batch=1 seq_len=1 hidden=2560 intermediate=9216 out_dim=2560 bf16_weights=true elapsed_ms=0.000
kiln_profile_vulkan_backend_mlp_stage stage=weight_cache_gate batch=1 seq_len=1 hidden=2560 intermediate=9216 out_dim=2560 bf16_weights=true elapsed_ms=24.553
kiln_profile_vulkan_backend_mlp_stage stage=weight_cache_up batch=1 seq_len=1 hidden=2560 intermediate=9216 out_dim=2560 bf16_weights=true elapsed_ms=25.148
kiln_profile_vulkan_backend_mlp_stage stage=weight_cache_down batch=1 seq_len=1 hidden=2560 intermediate=9216 out_dim=2560 bf16_weights=true elapsed_ms=24.953
kiln_profile_vulkan_backend_mlp_stage stage=kernel_dispatch batch=1 seq_len=1 hidden=2560 intermediate=9216 out_dim=2560 bf16_weights=true elapsed_ms=1.348
kiln_profile_vulkan_backend_mlp_stage stage=output_reshape batch=1 seq_len=1 hidden=2560 intermediate=9216 out_dim=2560 bf16_weights=true elapsed_ms=0.000
kiln_profile_vulkan_backend_mlp_stage stage=total batch=1 seq_len=1 hidden=2560 intermediate=9216 out_dim=2560 bf16_weights=true elapsed_ms=76.004
kiln_profile_vulkan_backend_mlp_stage stage=dispatch_x batch=1 seq_len=1 hidden=2560 intermediate=9216 out_dim=2560 bf16_weights=true elapsed_ms=0.000
kiln_profile_vulkan_backend_mlp_stage stage=weight_cache_gate batch=1 seq_len=1 hidden=2560 intermediate=9216 out_dim=2560 bf16_weights=true elapsed_ms=25.114
kiln_profile_vulkan_backend_mlp_stage stage=weight_cache_up batch=1 seq_len=1 hidden=2560 intermediate=9216 out_dim=2560 bf16_weights=true elapsed_ms=25.068
kiln_profile_vulkan_backend_mlp_stage stage=weight_cache_down batch=1 seq_len=1 hidden=2560 intermediate=9216 out_dim=2560 bf16_weights=true elapsed_ms=24.987
kiln_profile_vulkan_backend_mlp_stage stage=kernel_dispatch batch=1 seq_len=1 hidden=2560 intermediate=9216 out_dim=2560 bf16_weights=true elapsed_ms=1.590
kiln_profile_vulkan_backend_mlp_stage stage=output_reshape batch=1 seq_len=1 hidden=2560 intermediate=9216 out_dim=2560 bf16_weights=true elapsed_ms=0.000
kiln_profile_vulkan_backend_mlp_stage stage=total batch=1 seq_len=1 hidden=2560 intermediate=9216 out_dim=2560 bf16_weights=true elapsed_ms=76.762
kiln_profile_vulkan_backend_mlp_stage stage=dispatch_x batch=1 seq_len=1 hidden=2560 intermediate=9216 out_dim=2560 bf16_weights=true elapsed_ms=0.000
kiln_profile_vulkan_backend_mlp_stage stage=weight_cache_gate batch=1 seq_len=1 hidden=2560 intermediate=9216 out_dim=2560 bf16_weights=true elapsed_ms=25.341
kiln_profile_vulkan_backend_mlp_stage stage=weight_cache_up batch=1 seq_len=1 hidden=2560 intermediate=9216 out_dim=2560 bf16_weights=true elapsed_ms=26.282
kiln_profile_vulkan_backend_mlp_stage stage=weight_cache_down batch=1 seq_len=1 hidden=2560 intermediate=9216 out_dim=2560 bf16_weights=true elapsed_ms=26.712
kiln_profile_vulkan_backend_mlp_stage stage=kernel_dispatch batch=1 seq_len=1 hidden=2560 intermediate=9216 out_dim=2560 bf16_weights=true elapsed_ms=1.331
kiln_profile_vulkan_backend_mlp_stage stage=output_reshape batch=1 seq_len=1 hidden=2560 intermediate=9216 out_dim=2560 bf16_weights=true elapsed_ms=0.000
kiln_profile_vulkan_backend_mlp_stage stage=total batch=1 seq_len=1 hidden=2560 intermediate=9216 out_dim=2560 bf16_weights=true elapsed_ms=79.668
kiln_profile_vulkan_backend_mlp_stage stage=dispatch_x batch=1 seq_len=1 hidden=2560 intermediate=9216 out_dim=2560 bf16_weights=true elapsed_ms=0.000
kiln_profile_vulkan_backend_mlp_stage stage=weight_cache_gate batch=1 seq_len=1 hidden=2560 intermediate=9216 out_dim=2560 bf16_weights=true elapsed_ms=24.375
kiln_profile_vulkan_backend_mlp_stage stage=weight_cache_up batch=1 seq_len=1 hidden=2560 intermediate=9216 out_dim=2560 bf16_weights=true elapsed_ms=25.332
kiln_profile_vulkan_backend_mlp_stage stage=weight_cache_down batch=1 seq_len=1 hidden=2560 intermediate=9216 out_dim=2560 bf16_weights=true elapsed_ms=25.878
kiln_profile_vulkan_backend_mlp_stage stage=kernel_dispatch batch=1 seq_len=1 hidden=2560 intermediate=9216 out_dim=2560 bf16_weights=true elapsed_ms=1.443
kiln_profile_vulkan_backend_mlp_stage stage=output_reshape batch=1 seq_len=1 hidden=2560 intermediate=9216 out_dim=2560 bf16_weights=true elapsed_ms=0.000
kiln_profile_vulkan_backend_mlp_stage stage=total batch=1 seq_len=1 hidden=2560 intermediate=9216 out_dim=2560 bf16_weights=true elapsed_ms=77.031
kiln_profile_vulkan_backend_mlp_stage stage=dispatch_x batch=1 seq_len=1 hidden=2560 intermediate=9216 out_dim=2560 bf16_weights=true elapsed_ms=0.000
kiln_profile_vulkan_backend_mlp_stage stage=weight_cache_gate batch=1 seq_len=1 hidden=2560 intermediate=9216 out_dim=2560 bf16_weights=true elapsed_ms=24.730
kiln_profile_vulkan_backend_mlp_stage stage=weight_cache_up batch=1 seq_len=1 hidden=2560 intermediate=9216 out_dim=2560 bf16_weights=true elapsed_ms=26.739
kiln_profile_vulkan_backend_mlp_stage stage=weight_cache_down batch=1 seq_len=1 hidden=2560 intermediate=9216 out_dim=2560 bf16_weights=true elapsed_ms=28.005
kiln_profile_vulkan_backend_mlp_stage stage=kernel_dispatch batch=1 seq_len=1 hidden=2560 intermediate=9216 out_dim=2560 bf16_weights=true elapsed_ms=1.428
kiln_profile_vulkan_backend_mlp_stage stage=output_reshape batch=1 seq_len=1 hidden=2560 intermediate=9216 out_dim=2560 bf16_weights=true elapsed_ms=0.000
kiln_profile_vulkan_backend_mlp_stage stage=total batch=1 seq_len=1 hidden=2560 intermediate=9216 out_dim=2560 bf16_weights=true elapsed_ms=80.904
kiln_profile_vulkan_backend_mlp_stage stage=dispatch_x batch=1 seq_len=1 hidden=2560 intermediate=9216 out_dim=2560 bf16_weights=true elapsed_ms=0.000
kiln_profile_vulkan_backend_mlp_stage stage=weight_cache_gate batch=1 seq_len=1 hidden=2560 intermediate=9216 out_dim=2560 bf16_weights=true elapsed_ms=27.206
kiln_profile_vulkan_backend_mlp_stage stage=weight_cache_up batch=1 seq_len=1 hidden=2560 intermediate=9216 out_dim=2560 bf16_weights=true elapsed_ms=27.448
kiln_profile_vulkan_backend_mlp_stage stage=weight_cache_down batch=1 seq_len=1 hidden=2560 intermediate=9216 out_dim=2560 bf16_weights=true elapsed_ms=27.710
kiln_profile_vulkan_backend_mlp_stage stage=kernel_dispatch batch=1 seq_len=1 hidden=2560 intermediate=9216 out_dim=2560 bf16_weights=true elapsed_ms=1.455
kiln_profile_vulkan_backend_mlp_stage stage=output_reshape batch=1 seq_len=1 hidden=2560 intermediate=9216 out_dim=2560 bf16_weights=true elapsed_ms=0.000
kiln_profile_vulkan_backend_mlp_stage stage=total batch=1 seq_len=1 hidden=2560 intermediate=9216 out_dim=2560 bf16_weights=true elapsed_ms=83.821
kiln_profile_vulkan_backend_mlp_stage stage=dispatch_x batch=1 seq_len=1 hidden=2560 intermediate=9216 out_dim=2560 bf16_weights=true elapsed_ms=0.000
kiln_profile_vulkan_backend_mlp_stage stage=weight_cache_gate batch=1 seq_len=1 hidden=2560 intermediate=9216 out_dim=2560 bf16_weights=true elapsed_ms=27.446
kiln_profile_vulkan_backend_mlp_stage stage=weight_cache_up batch=1 seq_len=1 hidden=2560 intermediate=9216 out_dim=2560 bf16_weights=true elapsed_ms=27.614
kiln_profile_vulkan_backend_mlp_stage stage=weight_cache_down batch=1 seq_len=1 hidden=2560 intermediate=9216 out_dim=2560 bf16_weights=true elapsed_ms=28.319
kiln_profile_vulkan_backend_mlp_stage stage=kernel_dispatch batch=1 seq_len=1 hidden=2560 intermediate=9216 out_dim=2560 bf16_weights=true elapsed_ms=2.257
kiln_profile_vulkan_backend_mlp_stage stage=output_reshape batch=1 seq_len=1 hidden=2560 intermediate=9216 out_dim=2560 bf16_weights=true elapsed_ms=0.000
kiln_profile_vulkan_backend_mlp_stage stage=total batch=1 seq_len=1 hidden=2560 intermediate=9216 out_dim=2560 bf16_weights=true elapsed_ms=85.639
{"timestamp":"2026-05-09T10:13:54.246984Z","level":"INFO","fields":{"message":"background inference prewarm complete","elapsed_ms":14070},"target":"kiln"}
kiln_profile_vulkan_backend_mlp_stage stage=dispatch_x batch=1 seq_len=23 hidden=2560 intermediate=9216 out_dim=2560 bf16_weights=false elapsed_ms=0.000
kiln_profile_vulkan_backend_mlp_stage stage=weight_cache_gate batch=1 seq_len=23 hidden=2560 intermediate=9216 out_dim=2560 bf16_weights=false elapsed_ms=0.001
kiln_profile_vulkan_backend_mlp_stage stage=weight_cache_up batch=1 seq_len=23 hidden=2560 intermediate=9216 out_dim=2560 bf16_weights=false elapsed_ms=0.000
kiln_profile_vulkan_backend_mlp_stage stage=weight_cache_down batch=1 seq_len=23 hidden=2560 intermediate=9216 out_dim=2560 bf16_weights=false elapsed_ms=0.000
kiln_profile_vulkan_backend_mlp_stage stage=kernel_dispatch batch=1 seq_len=23 hidden=2560 intermediate=9216 out_dim=2560 bf16_weights=false elapsed_ms=14.298
kiln_profile_vulkan_backend_mlp_stage stage=output_reshape batch=1 seq_len=23 hidden=2560 intermediate=9216 out_dim=2560 bf16_weights=false elapsed_ms=0.000
kiln_profile_vulkan_backend_mlp_stage stage=total batch=1 seq_len=23 hidden=2560 intermediate=9216 out_dim=2560 bf16_weights=false elapsed_ms=14.302
kiln_profile_vulkan_backend_mlp_stage stage=dispatch_x batch=1 seq_len=23 hidden=2560 intermediate=9216 out_dim=2560 bf16_weights=false elapsed_ms=0.000
kiln_profile_vulkan_backend_mlp_stage stage=weight_cache_gate batch=1 seq_len=23 hidden=2560 intermediate=9216 out_dim=2560 bf16_weights=false elapsed_ms=0.000
kiln_profile_vulkan_backend_mlp_stage stage=weight_cache_up batch=1 seq_len=23 hidden=2560 intermediate=9216 out_dim=2560 bf16_weights=false elapsed_ms=0.000
kiln_profile_vulkan_backend_mlp_stage stage=weight_cache_down batch=1 seq_len=23 hidden=2560 intermediate=9216 out_dim=2560 bf16_weights=false elapsed_ms=0.000
kiln_profile_vulkan_backend_mlp_stage stage=kernel_dispatch batch=1 seq_len=23 hidden=2560 intermediate=9216 out_dim=2560 bf16_weights=false elapsed_ms=17.872
kiln_profile_vulkan_backend_mlp_stage stage=output_reshape batch=1 seq_len=23 hidden=2560 intermediate=9216 out_dim=2560 bf16_weights=false elapsed_ms=0.000
kiln_profile_vulkan_backend_mlp_stage stage=total batch=1 seq_len=23 hidden=2560 intermediate=9216 out_dim=2560 bf16_weights=false elapsed_ms=17.874
kiln_profile_vulkan_backend_mlp_stage stage=dispatch_x batch=1 seq_len=23 hidden=2560 intermediate=9216 out_dim=2560 bf16_weights=false elapsed_ms=0.000
kiln_profile_vulkan_backend_mlp_stage stage=weight_cache_gate batch=1 seq_len=23 hidden=2560 intermediate=9216 out_dim=2560 bf16_weights=false elapsed_ms=0.000
kiln_profile_vulkan_backend_mlp_stage stage=weight_cache_up batch=1 seq_len=23 hidden=2560 intermediate=9216 out_dim=2560 bf16_weights=false elapsed_ms=0.000
kiln_profile_vulkan_backend_mlp_stage stage=weight_cache_down batch=1 seq_len=23 hidden=2560 intermediate=9216 out_dim=2560 bf16_weights=false elapsed_ms=0.000
kiln_profile_vulkan_backend_mlp_stage stage=kernel_dispatch batch=1 seq_len=23 hidden=2560 intermediate=9216 out_dim=2560 bf16_weights=false elapsed_ms=35.579
kiln_profile_vulkan_backend_mlp_stage stage=output_reshape batch=1 seq_len=23 hidden=2560 intermediate=9216 out_dim=2560 bf16_weights=false elapsed_ms=0.000
kiln_profile_vulkan_backend_mlp_stage stage=total batch=1 seq_len=23 hidden=2560 intermediate=9216 out_dim=2560 bf16_weights=false elapsed_ms=35.581
kiln_profile_vulkan_backend_mlp_stage stage=dispatch_x batch=1 seq_len=22 hidden=2560 intermediate=9216 out_dim=2560 bf16_weights=false elapsed_ms=0.000
kiln_profile_vulkan_backend_mlp_stage stage=weight_cache_gate batch=1 seq_len=22 hidden=2560 intermediate=9216 out_dim=2560 bf16_weights=false elapsed_ms=0.000
kiln_profile_vulkan_backend_mlp_stage stage=weight_cache_up batch=1 seq_len=22 hidden=2560 intermediate=9216 out_dim=2560 bf16_weights=false elapsed_ms=0.000
kiln_profile_vulkan_backend_mlp_stage stage=weight_cache_down batch=1 seq_len=22 hidden=2560 intermediate=9216 out_dim=2560 bf16_weights=false elapsed_ms=0.000
kiln_profile_vulkan_backend_mlp_stage stage=kernel_dispatch batch=1 seq_len=22 hidden=2560 intermediate=9216 out_dim=2560 bf16_weights=false elapsed_ms=52.464
kiln_profile_vulkan_backend_mlp_stage stage=output_reshape batch=1 seq_len=22 hidden=2560 intermediate=9216 out_dim=2560 bf16_weights=false elapsed_ms=0.000
kiln_profile_vulkan_backend_mlp_stage stage=total batch=1 seq_len=22 hidden=2560 intermediate=9216 out_dim=2560 bf16_weights=false elapsed_ms=52.466
kiln_profile_vulkan_backend_mlp_stage stage=dispatch_x batch=1 seq_len=23 hidden=2560 intermediate=9216 out_dim=2560 bf16_weights=false elapsed_ms=0.000
kiln_profile_vulkan_backend_mlp_stage stage=weight_cache_gate batch=1 seq_len=23 hidden=2560 intermediate=9216 out_dim=2560 bf16_weights=false elapsed_ms=0.000
kiln_profile_vulkan_backend_mlp_stage stage=weight_cache_up batch=1 seq_len=23 hidden=2560 intermediate=9216 out_dim=2560 bf16_weights=false elapsed_ms=0.000
kiln_profile_vulkan_backend_mlp_stage stage=weight_cache_down batch=1 seq_len=23 hidden=2560 intermediate=9216 out_dim=2560 bf16_weights=false elapsed_ms=0.000
kiln_profile_vulkan_backend_mlp_stage stage=kernel_dispatch batch=1 seq_len=23 hidden=2560 intermediate=9216 out_dim=2560 bf16_weights=false elapsed_ms=15.415
kiln_profile_vulkan_backend_mlp_stage stage=output_reshape batch=1 seq_len=23 hidden=2560 intermediate=9216 out_dim=2560 bf16_weights=false elapsed_ms=0.000
kiln_profile_vulkan_backend_mlp_stage stage=total batch=1 seq_len=23 hidden=2560 intermediate=9216 out_dim=2560 bf16_weights=false elapsed_ms=15.417
kiln_profile_vulkan_backend_mlp_stage stage=dispatch_x batch=1 seq_len=23 hidden=2560 intermediate=9216 out_dim=2560 bf16_weights=false elapsed_ms=0.000
kiln_profile_vulkan_backend_mlp_stage stage=weight_cache_gate batch=1 seq_len=23 hidden=2560 intermediate=9216 out_dim=2560 bf16_weights=false elapsed_ms=0.001
kiln_profile_vulkan_backend_mlp_stage stage=weight_cache_up batch=1 seq_len=23 hidden=2560 intermediate=9216 out_dim=2560 bf16_weights=false elapsed_ms=0.000
kiln_profile_vulkan_backend_mlp_stage stage=weight_cache_down batch=1 seq_len=23 hidden=2560 intermediate=9216 out_dim=2560 bf16_weights=false elapsed_ms=0.000
kiln_profile_vulkan_backend_mlp_stage stage=kernel_dispatch batch=1 seq_len=23 hidden=2560 intermediate=9216 out_dim=2560 bf16_weights=false elapsed_ms=23.522
kiln_profile_vulkan_backend_mlp_stage stage=output_reshape batch=1 seq_len=23 hidden=2560 intermediate=9216 out_dim=2560 bf16_weights=false elapsed_ms=0.000
kiln_profile_vulkan_backend_mlp_stage stage=total batch=1 seq_len=23 hidden=2560 intermediate=9216 out_dim=2560 bf16_weights=false elapsed_ms=23.526
kiln_profile_vulkan_backend_mlp_stage stage=dispatch_x batch=1 seq_len=23 hidden=2560 intermediate=9216 out_dim=2560 bf16_weights=false elapsed_ms=0.000
kiln_profile_vulkan_backend_mlp_stage stage=weight_cache_gate batch=1 seq_len=23 hidden=2560 intermediate=9216 out_dim=2560 bf16_weights=false elapsed_ms=0.000
kiln_profile_vulkan_backend_mlp_stage stage=weight_cache_up batch=1 seq_len=23 hidden=2560 intermediate=9216 out_dim=2560 bf16_weights=false elapsed_ms=0.000
kiln_profile_vulkan_backend_mlp_stage stage=weight_cache_down batch=1 seq_len=23 hidden=2560 intermediate=9216 out_dim=2560 bf16_weights=false elapsed_ms=0.000
kiln_profile_vulkan_backend_mlp_stage stage=kernel_dispatch batch=1 seq_len=23 hidden=2560 intermediate=9216 out_dim=2560 bf16_weights=false elapsed_ms=22.094
kiln_profile_vulkan_backend_mlp_stage stage=output_reshape batch=1 seq_len=23 hidden=2560 intermediate=9216 out_dim=2560 bf16_weights=false elapsed_ms=0.000
kiln_profile_vulkan_backend_mlp_stage stage=total batch=1 seq_len=23 hidden=2560 intermediate=9216 out_dim=2560 bf16_weights=false elapsed_ms=22.096
kiln_profile_vulkan_backend_mlp_stage stage=dispatch_x batch=1 seq_len=22 hidden=2560 intermediate=9216 out_dim=2560 bf16_weights=false elapsed_ms=0.000
kiln_profile_vulkan_backend_mlp_stage stage=weight_cache_gate batch=1 seq_len=22 hidden=2560 intermediate=9216 out_dim=2560 bf16_weights=false elapsed_ms=0.001
kiln_profile_vulkan_backend_mlp_stage stage=weight_cache_up batch=1 seq_len=22 hidden=2560 intermediate=9216 out_dim=2560 bf16_weights=false elapsed_ms=0.000
kiln_profile_vulkan_backend_mlp_stage stage=weight_cache_down batch=1 seq_len=22 hidden=2560 intermediate=9216 out_dim=2560 bf16_weights=false elapsed_ms=0.000
kiln_profile_vulkan_backend_mlp_stage stage=kernel_dispatch batch=1 seq_len=22 hidden=2560 intermediate=9216 out_dim=2560 bf16_weights=false elapsed_ms=30.634
kiln_profile_vulkan_backend_mlp_stage stage=output_reshape batch=1 seq_len=22 hidden=2560 intermediate=9216 out_dim=2560 bf16_weights=false elapsed_ms=0.000
kiln_profile_vulkan_backend_mlp_stage stage=total batch=1 seq_len=22 hidden=2560 intermediate=9216 out_dim=2560 bf16_weights=false elapsed_ms=30.637
kiln_profile_vulkan_backend_mlp_stage stage=dispatch_x batch=1 seq_len=23 hidden=2560 intermediate=9216 out_dim=2560 bf16_weights=false elapsed_ms=0.000
kiln_profile_vulkan_backend_mlp_stage stage=weight_cache_gate batch=1 seq_len=23 hidden=2560 intermediate=9216 out_dim=2560 bf16_weights=false elapsed_ms=0.000
kiln_profile_vulkan_backend_mlp_stage stage=weight_cache_up batch=1 seq_len=23 hidden=2560 intermediate=9216 out_dim=2560 bf16_weights=false elapsed_ms=0.000
kiln_profile_vulkan_backend_mlp_stage stage=weight_cache_down batch=1 seq_len=23 hidden=2560 intermediate=9216 out_dim=2560 bf16_weights=false elapsed_ms=0.000
kiln_profile_vulkan_backend_mlp_stage stage=kernel_dispatch batch=1 seq_len=23 hidden=2560 intermediate=9216 out_dim=2560 bf16_weights=false elapsed_ms=13.242
kiln_profile_vulkan_backend_mlp_stage stage=output_reshape batch=1 seq_len=23 hidden=2560 intermediate=9216 out_dim=2560 bf16_weights=false elapsed_ms=0.000
kiln_profile_vulkan_backend_mlp_stage stage=total batch=1 seq_len=23 hidden=2560 intermediate=9216 out_dim=2560 bf16_weights=false elapsed_ms=13.244
kiln_profile_vulkan_backend_mlp_stage stage=dispatch_x batch=1 seq_len=23 hidden=2560 intermediate=9216 out_dim=2560 bf16_weights=false elapsed_ms=0.000
kiln_profile_vulkan_backend_mlp_stage stage=weight_cache_gate batch=1 seq_len=23 hidden=2560 intermediate=9216 out_dim=2560 bf16_weights=false elapsed_ms=0.000
kiln_profile_vulkan_backend_mlp_stage stage=weight_cache_up batch=1 seq_len=23 hidden=2560 intermediate=9216 out_dim=2560 bf16_weights=false elapsed_ms=0.000
kiln_profile_vulkan_backend_mlp_stage stage=weight_cache_down batch=1 seq_len=23 hidden=2560 intermediate=9216 out_dim=2560 bf16_weights=false elapsed_ms=0.001
kiln_profile_vulkan_backend_mlp_stage stage=kernel_dispatch batch=1 seq_len=23 hidden=2560 intermediate=9216 out_dim=2560 bf16_weights=false elapsed_ms=22.696
kiln_profile_vulkan_backend_mlp_stage stage=output_reshape batch=1 seq_len=23 hidden=2560 intermediate=9216 out_dim=2560 bf16_weights=false elapsed_ms=0.000
kiln_profile_vulkan_backend_mlp_stage stage=total batch=1 seq_len=23 hidden=2560 intermediate=9216 out_dim=2560 bf16_weights=false elapsed_ms=22.700
kiln_profile_vulkan_backend_mlp_stage stage=dispatch_x batch=1 seq_len=23 hidden=2560 intermediate=9216 out_dim=2560 bf16_weights=false elapsed_ms=0.000
kiln_profile_vulkan_backend_mlp_stage stage=weight_cache_gate batch=1 seq_len=23 hidden=2560 intermediate=9216 out_dim=2560 bf16_weights=false elapsed_ms=0.000
kiln_profile_vulkan_backend_mlp_stage stage=weight_cache_up batch=1 seq_len=23 hidden=2560 intermediate=9216 out_dim=2560 bf16_weights=false elapsed_ms=0.000
kiln_profile_vulkan_backend_mlp_stage stage=weight_cache_down batch=1 seq_len=23 hidden=2560 intermediate=9216 out_dim=2560 bf16_weights=false elapsed_ms=0.000
kiln_profile_vulkan_backend_mlp_stage stage=kernel_dispatch batch=1 seq_len=23 hidden=2560 intermediate=9216 out_dim=2560 bf16_weights=false elapsed_ms=20.092
kiln_profile_vulkan_backend_mlp_stage stage=output_reshape batch=1 seq_len=23 hidden=2560 intermediate=9216 out_dim=2560 bf16_weights=false elapsed_ms=0.000
kiln_profile_vulkan_backend_mlp_stage stage=total batch=1 seq_len=23 hidden=2560 intermediate=9216 out_dim=2560 bf16_weights=false elapsed_ms=20.093
kiln_profile_vulkan_backend_mlp_stage stage=dispatch_x batch=1 seq_len=22 hidden=2560 intermediate=9216 out_dim=2560 bf16_weights=false elapsed_ms=0.000
kiln_profile_vulkan_backend_mlp_stage stage=weight_cache_gate batch=1 seq_len=22 hidden=2560 intermediate=9216 out_dim=2560 bf16_weights=false elapsed_ms=0.000
kiln_profile_vulkan_backend_mlp_stage stage=weight_cache_up batch=1 seq_len=22 hidden=2560 intermediate=9216 out_dim=2560 bf16_weights=false elapsed_ms=0.000
kiln_profile_vulkan_backend_mlp_stage stage=weight_cache_down batch=1 seq_len=22 hidden=2560 intermediate=9216 out_dim=2560 bf16_weights=false elapsed_ms=0.000
kiln_profile_vulkan_backend_mlp_stage stage=kernel_dispatch batch=1 seq_len=22 hidden=2560 intermediate=9216 out_dim=2560 bf16_weights=false elapsed_ms=22.989
kiln_profile_vulkan_backend_mlp_stage stage=output_reshape batch=1 seq_len=22 hidden=2560 intermediate=9216 out_dim=2560 bf16_weights=false elapsed_ms=0.000
kiln_profile_vulkan_backend_mlp_stage stage=total batch=1 seq_len=22 hidden=2560 intermediate=9216 out_dim=2560 bf16_weights=false elapsed_ms=22.991
kiln_profile_vulkan_backend_mlp_stage stage=dispatch_x batch=1 seq_len=23 hidden=2560 intermediate=9216 out_dim=2560 bf16_weights=false elapsed_ms=0.000
kiln_profile_vulkan_backend_mlp_stage stage=weight_cache_gate batch=1 seq_len=23 hidden=2560 intermediate=9216 out_dim=2560 bf16_weights=false elapsed_ms=0.001
kiln_profile_vulkan_backend_mlp_stage stage=weight_cache_up batch=1 seq_len=23 hidden=2560 intermediate=9216 out_dim=2560 bf16_weights=false elapsed_ms=0.000
kiln_profile_vulkan_backend_mlp_stage stage=weight_cache_down batch=1 seq_len=23 hidden=2560 intermediate=9216 out_dim=2560 bf16_weights=false elapsed_ms=0.000
kiln_profile_vulkan_backend_mlp_stage stage=kernel_dispatch batch=1 seq_len=23 hidden=2560 intermediate=9216 out_dim=2560 bf16_weights=false elapsed_ms=12.000
kiln_profile_vulkan_backend_mlp_stage stage=output_reshape batch=1 seq_len=23 hidden=2560 intermediate=9216 out_dim=2560 bf16_weights=false elapsed_ms=0.000
kiln_profile_vulkan_backend_mlp_stage stage=total batch=1 seq_len=23 hidden=2560 intermediate=9216 out_dim=2560 bf16_weights=false elapsed_ms=12.002
kiln_profile_vulkan_backend_mlp_stage stage=dispatch_x batch=1 seq_len=22 hidden=2560 intermediate=9216 out_dim=2560 bf16_weights=false elapsed_ms=0.000
kiln_profile_vulkan_backend_mlp_stage stage=weight_cache_gate batch=1 seq_len=22 hidden=2560 intermediate=9216 out_dim=2560 bf16_weights=false elapsed_ms=0.000
kiln_profile_vulkan_backend_mlp_stage stage=weight_cache_up batch=1 seq_len=22 hidden=2560 intermediate=9216 out_dim=2560 bf16_weights=false elapsed_ms=0.000
kiln_profile_vulkan_backend_mlp_stage stage=weight_cache_down batch=1 seq_len=22 hidden=2560 intermediate=9216 out_dim=2560 bf16_weights=false elapsed_ms=0.000
kiln_profile_vulkan_backend_mlp_stage stage=kernel_dispatch batch=1 seq_len=22 hidden=2560 intermediate=9216 out_dim=2560 bf16_weights=false elapsed_ms=24.340
kiln_profile_vulkan_backend_mlp_stage stage=output_reshape batch=1 seq_len=22 hidden=2560 intermediate=9216 out_dim=2560 bf16_weights=false elapsed_ms=0.000
kiln_profile_vulkan_backend_mlp_stage stage=total batch=1 seq_len=22 hidden=2560 intermediate=9216 out_dim=2560 bf16_weights=false elapsed_ms=24.343
kiln_profile_vulkan_backend_mlp_stage stage=dispatch_x batch=1 seq_len=23 hidden=2560 intermediate=9216 out_dim=2560 bf16_weights=false elapsed_ms=0.000
kiln_profile_vulkan_backend_mlp_stage stage=weight_cache_gate batch=1 seq_len=23 hidden=2560 intermediate=9216 out_dim=2560 bf16_weights=false elapsed_ms=0.000
kiln_profile_vulkan_backend_mlp_stage stage=weight_cache_up batch=1 seq_len=23 hidden=2560 intermediate=9216 out_dim=2560 bf16_weights=false elapsed_ms=0.000
kiln_profile_vulkan_backend_mlp_stage stage=weight_cache_down batch=1 seq_len=23 hidden=2560 intermediate=9216 out_dim=2560 bf16_weights=false elapsed_ms=0.000
kiln_profile_vulkan_backend_mlp_stage stage=kernel_dispatch batch=1 seq_len=23 hidden=2560 intermediate=9216 out_dim=2560 bf16_weights=false elapsed_ms=39.188
kiln_profile_vulkan_backend_mlp_stage stage=output_reshape batch=1 seq_len=23 hidden=2560 intermediate=9216 out_dim=2560 bf16_weights=false elapsed_ms=0.000
kiln_profile_vulkan_backend_mlp_stage stage=total batch=1 seq_len=23 hidden=2560 intermediate=9216 out_dim=2560 bf16_weights=false elapsed_ms=39.190
kiln_profile_vulkan_backend_mlp_stage stage=dispatch_x batch=1 seq_len=23 hidden=2560 intermediate=9216 out_dim=2560 bf16_weights=false elapsed_ms=0.000
kiln_profile_vulkan_backend_mlp_stage stage=weight_cache_gate batch=1 seq_len=23 hidden=2560 intermediate=9216 out_dim=2560 bf16_weights=false elapsed_ms=0.000
kiln_profile_vulkan_backend_mlp_stage stage=weight_cache_up batch=1 seq_len=23 hidden=2560 intermediate=9216 out_dim=2560 bf16_weights=false elapsed_ms=0.000
kiln_profile_vulkan_backend_mlp_stage stage=weight_cache_down batch=1 seq_len=23 hidden=2560 intermediate=9216 out_dim=2560 bf16_weights=false elapsed_ms=0.000
kiln_profile_vulkan_backend_mlp_stage stage=kernel_dispatch batch=1 seq_len=23 hidden=2560 intermediate=9216 out_dim=2560 bf16_weights=false elapsed_ms=32.647
kiln_profile_vulkan_backend_mlp_stage stage=output_reshape batch=1 seq_len=23 hidden=2560 intermediate=9216 out_dim=2560 bf16_weights=false elapsed_ms=0.000
kiln_profile_vulkan_backend_mlp_stage stage=total batch=1 seq_len=23 hidden=2560 intermediate=9216 out_dim=2560 bf16_weights=false elapsed_ms=32.649
kiln_profile_vulkan_backend_mlp_stage stage=dispatch_x batch=1 seq_len=23 hidden=2560 intermediate=9216 out_dim=2560 bf16_weights=false elapsed_ms=0.000
kiln_profile_vulkan_backend_mlp_stage stage=weight_cache_gate batch=1 seq_len=23 hidden=2560 intermediate=9216 out_dim=2560 bf16_weights=false elapsed_ms=0.000
kiln_profile_vulkan_backend_mlp_stage stage=weight_cache_up batch=1 seq_len=23 hidden=2560 intermediate=9216 out_dim=2560 bf16_weights=false elapsed_ms=0.000
kiln_profile_vulkan_backend_mlp_stage stage=weight_cache_down batch=1 seq_len=23 hidden=2560 intermediate=9216 out_dim=2560 bf16_weights=false elapsed_ms=0.000
kiln_profile_vulkan_backend_mlp_stage stage=kernel_dispatch batch=1 seq_len=23 hidden=2560 intermediate=9216 out_dim=2560 bf16_weights=false elapsed_ms=8.833
kiln_profile_vulkan_backend_mlp_stage stage=output_reshape batch=1 seq_len=23 hidden=2560 intermediate=9216 out_dim=2560 bf16_weights=false elapsed_ms=0.000
kiln_profile_vulkan_backend_mlp_stage stage=total batch=1 seq_len=23 hidden=2560 intermediate=9216 out_dim=2560 bf16_weights=false elapsed_ms=8.836
kiln_profile_vulkan_backend_mlp_stage stage=dispatch_x batch=1 seq_len=23 hidden=2560 intermediate=9216 out_dim=2560 bf16_weights=false elapsed_ms=0.000
kiln_profile_vulkan_backend_mlp_stage stage=weight_cache_gate batch=1 seq_len=23 hidden=2560 intermediate=9216 out_dim=2560 bf16_weights=false elapsed_ms=0.000
kiln_profile_vulkan_backend_mlp_stage stage=weight_cache_up batch=1 seq_len=23 hidden=2560 intermediate=9216 out_dim=2560 bf16_weights=false elapsed_ms=0.000
kiln_profile_vulkan_backend_mlp_stage stage=weight_cache_down batch=1 seq_len=23 hidden=2560 intermediate=9216 out_dim=2560 bf16_weights=false elapsed_ms=0.000
kiln_profile_vulkan_backend_mlp_stage stage=kernel_dispatch batch=1 seq_len=23 hidden=2560 intermediate=9216 out_dim=2560 bf16_weights=false elapsed_ms=15.757
kiln_profile_vulkan_backend_mlp_stage stage=output_reshape batch=1 seq_len=23 hidden=2560 intermediate=9216 out_dim=2560 bf16_weights=false elapsed_ms=0.000
kiln_profile_vulkan_backend_mlp_stage stage=total batch=1 seq_len=23 hidden=2560 intermediate=9216 out_dim=2560 bf16_weights=false elapsed_ms=15.759
kiln_profile_vulkan_backend_mlp_stage stage=dispatch_x batch=1 seq_len=22 hidden=2560 intermediate=9216 out_dim=2560 bf16_weights=false elapsed_ms=0.000
kiln_profile_vulkan_backend_mlp_stage stage=weight_cache_gate batch=1 seq_len=22 hidden=2560 intermediate=9216 out_dim=2560 bf16_weights=false elapsed_ms=0.000
kiln_profile_vulkan_backend_mlp_stage stage=weight_cache_up batch=1 seq_len=22 hidden=2560 intermediate=9216 out_dim=2560 bf16_weights=false elapsed_ms=0.000
kiln_profile_vulkan_backend_mlp_stage stage=weight_cache_down batch=1 seq_len=22 hidden=2560 intermediate=9216 out_dim=2560 bf16_weights=false elapsed_ms=0.000
kiln_profile_vulkan_backend_mlp_stage stage=kernel_dispatch batch=1 seq_len=22 hidden=2560 intermediate=9216 out_dim=2560 bf16_weights=false elapsed_ms=20.933
kiln_profile_vulkan_backend_mlp_stage stage=output_reshape batch=1 seq_len=22 hidden=2560 intermediate=9216 out_dim=2560 bf16_weights=false elapsed_ms=0.000
kiln_profile_vulkan_backend_mlp_stage stage=total batch=1 seq_len=22 hidden=2560 intermediate=9216 out_dim=2560 bf16_weights=false elapsed_ms=20.934
kiln_profile_vulkan_backend_mlp_stage stage=dispatch_x batch=1 seq_len=23 hidden=2560 intermediate=9216 out_dim=2560 bf16_weights=false elapsed_ms=0.000
kiln_profile_vulkan_backend_mlp_stage stage=weight_cache_gate batch=1 seq_len=23 hidden=2560 intermediate=9216 out_dim=2560 bf16_weights=false elapsed_ms=0.000
kiln_profile_vulkan_backend_mlp_stage stage=weight_cache_up batch=1 seq_len=23 hidden=2560 intermediate=9216 out_dim=2560 bf16_weights=false elapsed_ms=0.000
kiln_profile_vulkan_backend_mlp_stage stage=weight_cache_down batch=1 seq_len=23 hidden=2560 intermediate=9216 out_dim=2560 bf16_weights=false elapsed_ms=0.000
kiln_profile_vulkan_backend_mlp_stage stage=kernel_dispatch batch=1 seq_len=23 hidden=2560 intermediate=9216 out_dim=2560 bf16_weights=false elapsed_ms=34.818
kiln_profile_vulkan_backend_mlp_stage stage=output_reshape batch=1 seq_len=23 hidden=2560 intermediate=9216 out_dim=2560 bf16_weights=false elapsed_ms=0.000
kiln_profile_vulkan_backend_mlp_stage stage=total batch=1 seq_len=23 hidden=2560 intermediate=9216 out_dim=2560 bf16_weights=false elapsed_ms=34.822
kiln_profile_vulkan_backend_mlp_stage stage=dispatch_x batch=1 seq_len=23 hidden=2560 intermediate=9216 out_dim=2560 bf16_weights=false elapsed_ms=0.000
kiln_profile_vulkan_backend_mlp_stage stage=weight_cache_gate batch=1 seq_len=23 hidden=2560 intermediate=9216 out_dim=2560 bf16_weights=false elapsed_ms=0.000
kiln_profile_vulkan_backend_mlp_stage stage=weight_cache_up batch=1 seq_len=23 hidden=2560 intermediate=9216 out_dim=2560 bf16_weights=false elapsed_ms=0.000
kiln_profile_vulkan_backend_mlp_stage stage=weight_cache_down batch=1 seq_len=23 hidden=2560 intermediate=9216 out_dim=2560 bf16_weights=false elapsed_ms=0.000
kiln_profile_vulkan_backend_mlp_stage stage=kernel_dispatch batch=1 seq_len=23 hidden=2560 intermediate=9216 out_dim=2560 bf16_weights=false elapsed_ms=15.625
kiln_profile_vulkan_backend_mlp_stage stage=output_reshape batch=1 seq_len=23 hidden=2560 intermediate=9216 out_dim=2560 bf16_weights=false elapsed_ms=0.001
kiln_profile_vulkan_backend_mlp_stage stage=total batch=1 seq_len=23 hidden=2560 intermediate=9216 out_dim=2560 bf16_weights=false elapsed_ms=15.630
kiln_profile_vulkan_backend_mlp_stage stage=dispatch_x batch=1 seq_len=23 hidden=2560 intermediate=9216 out_dim=2560 bf16_weights=false elapsed_ms=0.000
kiln_profile_vulkan_backend_mlp_stage stage=weight_cache_gate batch=1 seq_len=23 hidden=2560 intermediate=9216 out_dim=2560 bf16_weights=false elapsed_ms=0.001
kiln_profile_vulkan_backend_mlp_stage stage=weight_cache_up batch=1 seq_len=23 hidden=2560 intermediate=9216 out_dim=2560 bf16_weights=false elapsed_ms=0.000
kiln_profile_vulkan_backend_mlp_stage stage=weight_cache_down batch=1 seq_len=23 hidden=2560 intermediate=9216 out_dim=2560 bf16_weights=false elapsed_ms=0.000
kiln_profile_vulkan_backend_mlp_stage stage=kernel_dispatch batch=1 seq_len=23 hidden=2560 intermediate=9216 out_dim=2560 bf16_weights=false elapsed_ms=12.148
kiln_profile_vulkan_backend_mlp_stage stage=output_reshape batch=1 seq_len=23 hidden=2560 intermediate=9216 out_dim=2560 bf16_weights=false elapsed_ms=0.000
kiln_profile_vulkan_backend_mlp_stage stage=total batch=1 seq_len=23 hidden=2560 intermediate=9216 out_dim=2560 bf16_weights=false elapsed_ms=12.151
kiln_profile_vulkan_backend_mlp_stage stage=dispatch_x batch=1 seq_len=22 hidden=2560 intermediate=9216 out_dim=2560 bf16_weights=false elapsed_ms=0.000
kiln_profile_vulkan_backend_mlp_stage stage=weight_cache_gate batch=1 seq_len=22 hidden=2560 intermediate=9216 out_dim=2560 bf16_weights=false elapsed_ms=0.000
kiln_profile_vulkan_backend_mlp_stage stage=weight_cache_up batch=1 seq_len=22 hidden=2560 intermediate=9216 out_dim=2560 bf16_weights=false elapsed_ms=0.000
kiln_profile_vulkan_backend_mlp_stage stage=weight_cache_down batch=1 seq_len=22 hidden=2560 intermediate=9216 out_dim=2560 bf16_weights=false elapsed_ms=0.000
kiln_profile_vulkan_backend_mlp_stage stage=kernel_dispatch batch=1 seq_len=22 hidden=2560 intermediate=9216 out_dim=2560 bf16_weights=false elapsed_ms=12.139
kiln_profile_vulkan_backend_mlp_stage stage=output_reshape batch=1 seq_len=22 hidden=2560 intermediate=9216 out_dim=2560 bf16_weights=false elapsed_ms=0.000
kiln_profile_vulkan_backend_mlp_stage stage=total batch=1 seq_len=22 hidden=2560 intermediate=9216 out_dim=2560 bf16_weights=false elapsed_ms=12.141
kiln_profile_vulkan_backend_mlp_stage stage=dispatch_x batch=1 seq_len=23 hidden=2560 intermediate=9216 out_dim=2560 bf16_weights=false elapsed_ms=0.000
kiln_profile_vulkan_backend_mlp_stage stage=weight_cache_gate batch=1 seq_len=23 hidden=2560 intermediate=9216 out_dim=2560 bf16_weights=false elapsed_ms=0.000
kiln_profile_vulkan_backend_mlp_stage stage=weight_cache_up batch=1 seq_len=23 hidden=2560 intermediate=9216 out_dim=2560 bf16_weights=false elapsed_ms=0.000
kiln_profile_vulkan_backend_mlp_stage stage=weight_cache_down batch=1 seq_len=23 hidden=2560 intermediate=9216 out_dim=2560 bf16_weights=false elapsed_ms=0.000
kiln_profile_vulkan_backend_mlp_stage stage=kernel_dispatch batch=1 seq_len=23 hidden=2560 intermediate=9216 out_dim=2560 bf16_weights=false elapsed_ms=24.965
kiln_profile_vulkan_backend_mlp_stage stage=output_reshape batch=1 seq_len=23 hidden=2560 intermediate=9216 out_dim=2560 bf16_weights=false elapsed_ms=0.002
kiln_profile_vulkan_backend_mlp_stage stage=total batch=1 seq_len=23 hidden=2560 intermediate=9216 out_dim=2560 bf16_weights=false elapsed_ms=24.968
kiln_profile_vulkan_backend_mlp_stage stage=dispatch_x batch=1 seq_len=23 hidden=2560 intermediate=9216 out_dim=2560 bf16_weights=false elapsed_ms=0.000
kiln_profile_vulkan_backend_mlp_stage stage=weight_cache_gate batch=1 seq_len=23 hidden=2560 intermediate=9216 out_dim=2560 bf16_weights=false elapsed_ms=0.000
kiln_profile_vulkan_backend_mlp_stage stage=weight_cache_up batch=1 seq_len=23 hidden=2560 intermediate=9216 out_dim=2560 bf16_weights=false elapsed_ms=0.000
kiln_profile_vulkan_backend_mlp_stage stage=weight_cache_down batch=1 seq_len=23 hidden=2560 intermediate=9216 out_dim=2560 bf16_weights=false elapsed_ms=0.000
kiln_profile_vulkan_backend_mlp_stage stage=kernel_dispatch batch=1 seq_len=23 hidden=2560 intermediate=9216 out_dim=2560 bf16_weights=false elapsed_ms=11.729
kiln_profile_vulkan_backend_mlp_stage stage=output_reshape batch=1 seq_len=23 hidden=2560 intermediate=9216 out_dim=2560 bf16_weights=false elapsed_ms=0.000
kiln_profile_vulkan_backend_mlp_stage stage=total batch=1 seq_len=23 hidden=2560 intermediate=9216 out_dim=2560 bf16_weights=false elapsed_ms=11.732
kiln_profile_vulkan_backend_mlp_stage stage=dispatch_x batch=1 seq_len=23 hidden=2560 intermediate=9216 out_dim=2560 bf16_weights=false elapsed_ms=0.000
kiln_profile_vulkan_backend_mlp_stage stage=weight_cache_gate batch=1 seq_len=23 hidden=2560 intermediate=9216 out_dim=2560 bf16_weights=false elapsed_ms=0.001
kiln_profile_vulkan_backend_mlp_stage stage=weight_cache_up batch=1 seq_len=23 hidden=2560 intermediate=9216 out_dim=2560 bf16_weights=false elapsed_ms=0.001
kiln_profile_vulkan_backend_mlp_stage stage=weight_cache_down batch=1 seq_len=23 hidden=2560 intermediate=9216 out_dim=2560 bf16_weights=false elapsed_ms=0.000
kiln_profile_vulkan_backend_mlp_stage stage=kernel_dispatch batch=1 seq_len=23 hidden=2560 intermediate=9216 out_dim=2560 bf16_weights=false elapsed_ms=23.108
kiln_profile_vulkan_backend_mlp_stage stage=output_reshape batch=1 seq_len=23 hidden=2560 intermediate=9216 out_dim=2560 bf16_weights=false elapsed_ms=0.000
kiln_profile_vulkan_backend_mlp_stage stage=total batch=1 seq_len=23 hidden=2560 intermediate=9216 out_dim=2560 bf16_weights=false elapsed_ms=23.112
kiln_profile_vulkan_backend_mlp_stage stage=dispatch_x batch=1 seq_len=23 hidden=2560 intermediate=9216 out_dim=2560 bf16_weights=false elapsed_ms=0.000
kiln_profile_vulkan_backend_mlp_stage stage=weight_cache_gate batch=1 seq_len=23 hidden=2560 intermediate=9216 out_dim=2560 bf16_weights=false elapsed_ms=0.001
kiln_profile_vulkan_backend_mlp_stage stage=weight_cache_up batch=1 seq_len=23 hidden=2560 intermediate=9216 out_dim=2560 bf16_weights=false elapsed_ms=0.000
kiln_profile_vulkan_backend_mlp_stage stage=weight_cache_down batch=1 seq_len=23 hidden=2560 intermediate=9216 out_dim=2560 bf16_weights=false elapsed_ms=0.000
kiln_profile_vulkan_backend_mlp_stage stage=kernel_dispatch batch=1 seq_len=23 hidden=2560 intermediate=9216 out_dim=2560 bf16_weights=false elapsed_ms=17.138
kiln_profile_vulkan_backend_mlp_stage stage=output_reshape batch=1 seq_len=23 hidden=2560 intermediate=9216 out_dim=2560 bf16_weights=false elapsed_ms=0.000
kiln_profile_vulkan_backend_mlp_stage stage=total batch=1 seq_len=23 hidden=2560 intermediate=9216 out_dim=2560 bf16_weights=false elapsed_ms=17.140
kiln_profile_vulkan_backend_mlp_stage stage=dispatch_x batch=1 seq_len=22 hidden=2560 intermediate=9216 out_dim=2560 bf16_weights=false elapsed_ms=0.000
kiln_profile_vulkan_backend_mlp_stage stage=weight_cache_gate batch=1 seq_len=22 hidden=2560 intermediate=9216 out_dim=2560 bf16_weights=false elapsed_ms=0.000
kiln_profile_vulkan_backend_mlp_stage stage=weight_cache_up batch=1 seq_len=22 hidden=2560 intermediate=9216 out_dim=2560 bf16_weights=false elapsed_ms=0.000
kiln_profile_vulkan_backend_mlp_stage stage=weight_cache_down batch=1 seq_len=22 hidden=2560 intermediate=9216 out_dim=2560 bf16_weights=false elapsed_ms=0.000
kiln_profile_vulkan_backend_mlp_stage stage=kernel_dispatch batch=1 seq_len=22 hidden=2560 intermediate=9216 out_dim=2560 bf16_weights=false elapsed_ms=23.802
kiln_profile_vulkan_backend_mlp_stage stage=output_reshape batch=1 seq_len=22 hidden=2560 intermediate=9216 out_dim=2560 bf16_weights=false elapsed_ms=0.000
kiln_profile_vulkan_backend_mlp_stage stage=total batch=1 seq_len=22 hidden=2560 intermediate=9216 out_dim=2560 bf16_weights=false elapsed_ms=23.804
kiln_profile_vulkan_backend_mlp_stage stage=dispatch_x batch=1 seq_len=23 hidden=2560 intermediate=9216 out_dim=2560 bf16_weights=false elapsed_ms=0.000
kiln_profile_vulkan_backend_mlp_stage stage=weight_cache_gate batch=1 seq_len=23 hidden=2560 intermediate=9216 out_dim=2560 bf16_weights=false elapsed_ms=0.000
kiln_profile_vulkan_backend_mlp_stage stage=weight_cache_up batch=1 seq_len=23 hidden=2560 intermediate=9216 out_dim=2560 bf16_weights=false elapsed_ms=0.000
kiln_profile_vulkan_backend_mlp_stage stage=weight_cache_down batch=1 seq_len=23 hidden=2560 intermediate=9216 out_dim=2560 bf16_weights=false elapsed_ms=0.000
kiln_profile_vulkan_backend_mlp_stage stage=kernel_dispatch batch=1 seq_len=23 hidden=2560 intermediate=9216 out_dim=2560 bf16_weights=false elapsed_ms=21.652
kiln_profile_vulkan_backend_mlp_stage stage=output_reshape batch=1 seq_len=23 hidden=2560 intermediate=9216 out_dim=2560 bf16_weights=false elapsed_ms=0.000
kiln_profile_vulkan_backend_mlp_stage stage=total batch=1 seq_len=23 hidden=2560 intermediate=9216 out_dim=2560 bf16_weights=false elapsed_ms=21.654
kiln_profile_vulkan_backend_mlp_stage stage=dispatch_x batch=1 seq_len=23 hidden=2560 intermediate=9216 out_dim=2560 bf16_weights=false elapsed_ms=0.000
kiln_profile_vulkan_backend_mlp_stage stage=weight_cache_gate batch=1 seq_len=23 hidden=2560 intermediate=9216 out_dim=2560 bf16_weights=false elapsed_ms=0.001
kiln_profile_vulkan_backend_mlp_stage stage=weight_cache_up batch=1 seq_len=23 hidden=2560 intermediate=9216 out_dim=2560 bf16_weights=false elapsed_ms=0.000
kiln_profile_vulkan_backend_mlp_stage stage=weight_cache_down batch=1 seq_len=23 hidden=2560 intermediate=9216 out_dim=2560 bf16_weights=false elapsed_ms=0.000
kiln_profile_vulkan_backend_mlp_stage stage=kernel_dispatch batch=1 seq_len=23 hidden=2560 intermediate=9216 out_dim=2560 bf16_weights=false elapsed_ms=27.476
kiln_profile_vulkan_backend_mlp_stage stage=output_reshape batch=1 seq_len=23 hidden=2560 intermediate=9216 out_dim=2560 bf16_weights=false elapsed_ms=0.000
kiln_profile_vulkan_backend_mlp_stage stage=total batch=1 seq_len=23 hidden=2560 intermediate=9216 out_dim=2560 bf16_weights=false elapsed_ms=27.479
kiln_profile_vulkan_backend_mlp_stage stage=dispatch_x batch=1 seq_len=23 hidden=2560 intermediate=9216 out_dim=2560 bf16_weights=false elapsed_ms=0.000
kiln_profile_vulkan_backend_mlp_stage stage=weight_cache_gate batch=1 seq_len=23 hidden=2560 intermediate=9216 out_dim=2560 bf16_weights=false elapsed_ms=0.000
kiln_profile_vulkan_backend_mlp_stage stage=weight_cache_up batch=1 seq_len=23 hidden=2560 intermediate=9216 out_dim=2560 bf16_weights=false elapsed_ms=0.000
kiln_profile_vulkan_backend_mlp_stage stage=weight_cache_down batch=1 seq_len=23 hidden=2560 intermediate=9216 out_dim=2560 bf16_weights=false elapsed_ms=0.000
kiln_profile_vulkan_backend_mlp_stage stage=kernel_dispatch batch=1 seq_len=23 hidden=2560 intermediate=9216 out_dim=2560 bf16_weights=false elapsed_ms=25.549
kiln_profile_vulkan_backend_mlp_stage stage=output_reshape batch=1 seq_len=23 hidden=2560 intermediate=9216 out_dim=2560 bf16_weights=false elapsed_ms=0.000
kiln_profile_vulkan_backend_mlp_stage stage=total batch=1 seq_len=23 hidden=2560 intermediate=9216 out_dim=2560 bf16_weights=false elapsed_ms=25.550
kiln_profile_vulkan_backend_mlp_stage stage=dispatch_x batch=1 seq_len=22 hidden=2560 intermediate=9216 out_dim=2560 bf16_weights=false elapsed_ms=0.000
kiln_profile_vulkan_backend_mlp_stage stage=weight_cache_gate batch=1 seq_len=22 hidden=2560 intermediate=9216 out_dim=2560 bf16_weights=false elapsed_ms=0.000
kiln_profile_vulkan_backend_mlp_stage stage=weight_cache_up batch=1 seq_len=22 hidden=2560 intermediate=9216 out_dim=2560 bf16_weights=false elapsed_ms=0.000
kiln_profile_vulkan_backend_mlp_stage stage=weight_cache_down batch=1 seq_len=22 hidden=2560 intermediate=9216 out_dim=2560 bf16_weights=false elapsed_ms=0.000
kiln_profile_vulkan_backend_mlp_stage stage=kernel_dispatch batch=1 seq_len=22 hidden=2560 intermediate=9216 out_dim=2560 bf16_weights=false elapsed_ms=22.974
kiln_profile_vulkan_backend_mlp_stage stage=output_reshape batch=1 seq_len=22 hidden=2560 intermediate=9216 out_dim=2560 bf16_weights=false elapsed_ms=0.000
kiln_profile_vulkan_backend_mlp_stage stage=total batch=1 seq_len=22 hidden=2560 intermediate=9216 out_dim=2560 bf16_weights=false elapsed_ms=22.979
kiln_profile_vulkan_backend_mlp_stage stage=dispatch_x batch=1 seq_len=23 hidden=2560 intermediate=9216 out_dim=2560 bf16_weights=false elapsed_ms=0.000
kiln_profile_vulkan_backend_mlp_stage stage=weight_cache_gate batch=1 seq_len=23 hidden=2560 intermediate=9216 out_dim=2560 bf16_weights=false elapsed_ms=0.000
kiln_profile_vulkan_backend_mlp_stage stage=weight_cache_up batch=1 seq_len=23 hidden=2560 intermediate=9216 out_dim=2560 bf16_weights=false elapsed_ms=0.000
kiln_profile_vulkan_backend_mlp_stage stage=weight_cache_down batch=1 seq_len=23 hidden=2560 intermediate=9216 out_dim=2560 bf16_weights=false elapsed_ms=0.000
kiln_profile_vulkan_backend_mlp_stage stage=kernel_dispatch batch=1 seq_len=23 hidden=2560 intermediate=9216 out_dim=2560 bf16_weights=false elapsed_ms=14.614
kiln_profile_vulkan_backend_mlp_stage stage=output_reshape batch=1 seq_len=23 hidden=2560 intermediate=9216 out_dim=2560 bf16_weights=false elapsed_ms=0.000
kiln_profile_vulkan_backend_mlp_stage stage=total batch=1 seq_len=23 hidden=2560 intermediate=9216 out_dim=2560 bf16_weights=false elapsed_ms=14.616
kiln_profile_vulkan_backend_mlp_stage stage=dispatch_x batch=1 seq_len=23 hidden=2560 intermediate=9216 out_dim=2560 bf16_weights=false elapsed_ms=0.000
kiln_profile_vulkan_backend_mlp_stage stage=weight_cache_gate batch=1 seq_len=23 hidden=2560 intermediate=9216 out_dim=2560 bf16_weights=false elapsed_ms=0.001
kiln_profile_vulkan_backend_mlp_stage stage=weight_cache_up batch=1 seq_len=23 hidden=2560 intermediate=9216 out_dim=2560 bf16_weights=false elapsed_ms=0.000
kiln_profile_vulkan_backend_mlp_stage stage=weight_cache_down batch=1 seq_len=23 hidden=2560 intermediate=9216 out_dim=2560 bf16_weights=false elapsed_ms=0.000
kiln_profile_vulkan_backend_mlp_stage stage=kernel_dispatch batch=1 seq_len=23 hidden=2560 intermediate=9216 out_dim=2560 bf16_weights=false elapsed_ms=22.949
kiln_profile_vulkan_backend_mlp_stage stage=output_reshape batch=1 seq_len=23 hidden=2560 intermediate=9216 out_dim=2560 bf16_weights=false elapsed_ms=0.000
kiln_profile_vulkan_backend_mlp_stage stage=total batch=1 seq_len=23 hidden=2560 intermediate=9216 out_dim=2560 bf16_weights=false elapsed_ms=22.953
kiln_profile_vulkan_backend_mlp_stage stage=dispatch_x batch=1 seq_len=23 hidden=2560 intermediate=9216 out_dim=2560 bf16_weights=false elapsed_ms=0.000
kiln_profile_vulkan_backend_mlp_stage stage=weight_cache_gate batch=1 seq_len=23 hidden=2560 intermediate=9216 out_dim=2560 bf16_weights=false elapsed_ms=0.000
kiln_profile_vulkan_backend_mlp_stage stage=weight_cache_up batch=1 seq_len=23 hidden=2560 intermediate=9216 out_dim=2560 bf16_weights=false elapsed_ms=0.000
kiln_profile_vulkan_backend_mlp_stage stage=weight_cache_down batch=1 seq_len=23 hidden=2560 intermediate=9216 out_dim=2560 bf16_weights=false elapsed_ms=0.000
kiln_profile_vulkan_backend_mlp_stage stage=kernel_dispatch batch=1 seq_len=23 hidden=2560 intermediate=9216 out_dim=2560 bf16_weights=false elapsed_ms=30.547
kiln_profile_vulkan_backend_mlp_stage stage=output_reshape batch=1 seq_len=23 hidden=2560 intermediate=9216 out_dim=2560 bf16_weights=false elapsed_ms=0.000
kiln_profile_vulkan_backend_mlp_stage stage=total batch=1 seq_len=23 hidden=2560 intermediate=9216 out_dim=2560 bf16_weights=false elapsed_ms=30.549
kiln_profile_vulkan_backend_mlp_stage stage=dispatch_x batch=1 seq_len=22 hidden=2560 intermediate=9216 out_dim=2560 bf16_weights=false elapsed_ms=0.000
kiln_profile_vulkan_backend_mlp_stage stage=weight_cache_gate batch=1 seq_len=22 hidden=2560 intermediate=9216 out_dim=2560 bf16_weights=false elapsed_ms=0.001
kiln_profile_vulkan_backend_mlp_stage stage=weight_cache_up batch=1 seq_len=22 hidden=2560 intermediate=9216 out_dim=2560 bf16_weights=false elapsed_ms=0.000
kiln_profile_vulkan_backend_mlp_stage stage=weight_cache_down batch=1 seq_len=22 hidden=2560 intermediate=9216 out_dim=2560 bf16_weights=false elapsed_ms=0.000
kiln_profile_vulkan_backend_mlp_stage stage=kernel_dispatch batch=1 seq_len=22 hidden=2560 intermediate=9216 out_dim=2560 bf16_weights=false elapsed_ms=23.166
kiln_profile_vulkan_backend_mlp_stage stage=output_reshape batch=1 seq_len=22 hidden=2560 intermediate=9216 out_dim=2560 bf16_weights=false elapsed_ms=0.000
kiln_profile_vulkan_backend_mlp_stage stage=total batch=1 seq_len=22 hidden=2560 intermediate=9216 out_dim=2560 bf16_weights=false elapsed_ms=23.169
kiln_profile_vulkan_backend_mlp_stage stage=dispatch_x batch=1 seq_len=23 hidden=2560 intermediate=9216 out_dim=2560 bf16_weights=false elapsed_ms=0.000
kiln_profile_vulkan_backend_mlp_stage stage=weight_cache_gate batch=1 seq_len=23 hidden=2560 intermediate=9216 out_dim=2560 bf16_weights=false elapsed_ms=0.001
kiln_profile_vulkan_backend_mlp_stage stage=weight_cache_up batch=1 seq_len=23 hidden=2560 intermediate=9216 out_dim=2560 bf16_weights=false elapsed_ms=0.000
kiln_profile_vulkan_backend_mlp_stage stage=weight_cache_down batch=1 seq_len=23 hidden=2560 intermediate=9216 out_dim=2560 bf16_weights=false elapsed_ms=0.000
kiln_profile_vulkan_backend_mlp_stage stage=kernel_dispatch batch=1 seq_len=23 hidden=2560 intermediate=9216 out_dim=2560 bf16_weights=false elapsed_ms=7.667
kiln_profile_vulkan_backend_mlp_stage stage=output_reshape batch=1 seq_len=23 hidden=2560 intermediate=9216 out_dim=2560 bf16_weights=false elapsed_ms=0.001
kiln_profile_vulkan_backend_mlp_stage stage=total batch=1 seq_len=23 hidden=2560 intermediate=9216 out_dim=2560 bf16_weights=false elapsed_ms=7.671
kiln_profile_vulkan_backend_mlp_stage stage=dispatch_x batch=1 seq_len=22 hidden=2560 intermediate=9216 out_dim=2560 bf16_weights=false elapsed_ms=0.000
kiln_profile_vulkan_backend_mlp_stage stage=weight_cache_gate batch=1 seq_len=22 hidden=2560 intermediate=9216 out_dim=2560 bf16_weights=false elapsed_ms=0.000
kiln_profile_vulkan_backend_mlp_stage stage=weight_cache_up batch=1 seq_len=22 hidden=2560 intermediate=9216 out_dim=2560 bf16_weights=false elapsed_ms=0.000
kiln_profile_vulkan_backend_mlp_stage stage=weight_cache_down batch=1 seq_len=22 hidden=2560 intermediate=9216 out_dim=2560 bf16_weights=false elapsed_ms=0.000
kiln_profile_vulkan_backend_mlp_stage stage=kernel_dispatch batch=1 seq_len=22 hidden=2560 intermediate=9216 out_dim=2560 bf16_weights=false elapsed_ms=11.055
kiln_profile_vulkan_backend_mlp_stage stage=output_reshape batch=1 seq_len=22 hidden=2560 intermediate=9216 out_dim=2560 bf16_weights=false elapsed_ms=0.000
kiln_profile_vulkan_backend_mlp_stage stage=total batch=1 seq_len=22 hidden=2560 intermediate=9216 out_dim=2560 bf16_weights=false elapsed_ms=11.057
kiln_profile_vulkan_backend_mlp_stage stage=dispatch_x batch=1 seq_len=23 hidden=2560 intermediate=9216 out_dim=2560 bf16_weights=false elapsed_ms=0.000
kiln_profile_vulkan_backend_mlp_stage stage=weight_cache_gate batch=1 seq_len=23 hidden=2560 intermediate=9216 out_dim=2560 bf16_weights=false elapsed_ms=0.000
kiln_profile_vulkan_backend_mlp_stage stage=weight_cache_up batch=1 seq_len=23 hidden=2560 intermediate=9216 out_dim=2560 bf16_weights=false elapsed_ms=0.000
kiln_profile_vulkan_backend_mlp_stage stage=weight_cache_down batch=1 seq_len=23 hidden=2560 intermediate=9216 out_dim=2560 bf16_weights=false elapsed_ms=0.000
kiln_profile_vulkan_backend_mlp_stage stage=kernel_dispatch batch=1 seq_len=23 hidden=2560 intermediate=9216 out_dim=2560 bf16_weights=false elapsed_ms=31.322
kiln_profile_vulkan_backend_mlp_stage stage=output_reshape batch=1 seq_len=23 hidden=2560 intermediate=9216 out_dim=2560 bf16_weights=false elapsed_ms=0.000
kiln_profile_vulkan_backend_mlp_stage stage=total batch=1 seq_len=23 hidden=2560 intermediate=9216 out_dim=2560 bf16_weights=false elapsed_ms=31.324
kiln_profile_vulkan_backend_mlp_stage stage=dispatch_x batch=1 seq_len=23 hidden=2560 intermediate=9216 out_dim=2560 bf16_weights=false elapsed_ms=0.000
kiln_profile_vulkan_backend_mlp_stage stage=weight_cache_gate batch=1 seq_len=23 hidden=2560 intermediate=9216 out_dim=2560 bf16_weights=false elapsed_ms=0.000
kiln_profile_vulkan_backend_mlp_stage stage=weight_cache_up batch=1 seq_len=23 hidden=2560 intermediate=9216 out_dim=2560 bf16_weights=false elapsed_ms=0.000
kiln_profile_vulkan_backend_mlp_stage stage=weight_cache_down batch=1 seq_len=23 hidden=2560 intermediate=9216 out_dim=2560 bf16_weights=false elapsed_ms=0.000
kiln_profile_vulkan_backend_mlp_stage stage=kernel_dispatch batch=1 seq_len=23 hidden=2560 intermediate=9216 out_dim=2560 bf16_weights=false elapsed_ms=33.048
kiln_profile_vulkan_backend_mlp_stage stage=output_reshape batch=1 seq_len=23 hidden=2560 intermediate=9216 out_dim=2560 bf16_weights=false elapsed_ms=0.000
kiln_profile_vulkan_backend_mlp_stage stage=total batch=1 seq_len=23 hidden=2560 intermediate=9216 out_dim=2560 bf16_weights=false elapsed_ms=33.050
kiln_profile_vulkan_backend_mlp_stage stage=dispatch_x batch=1 seq_len=23 hidden=2560 intermediate=9216 out_dim=2560 bf16_weights=false elapsed_ms=0.000
kiln_profile_vulkan_backend_mlp_stage stage=weight_cache_gate batch=1 seq_len=23 hidden=2560 intermediate=9216 out_dim=2560 bf16_weights=false elapsed_ms=0.000
kiln_profile_vulkan_backend_mlp_stage stage=weight_cache_up batch=1 seq_len=23 hidden=2560 intermediate=9216 out_dim=2560 bf16_weights=false elapsed_ms=0.001
kiln_profile_vulkan_backend_mlp_stage stage=weight_cache_down batch=1 seq_len=23 hidden=2560 intermediate=9216 out_dim=2560 bf16_weights=false elapsed_ms=0.000
kiln_profile_vulkan_backend_mlp_stage stage=kernel_dispatch batch=1 seq_len=23 hidden=2560 intermediate=9216 out_dim=2560 bf16_weights=false elapsed_ms=24.050
kiln_profile_vulkan_backend_mlp_stage stage=output_reshape batch=1 seq_len=23 hidden=2560 intermediate=9216 out_dim=2560 bf16_weights=false elapsed_ms=0.001
kiln_profile_vulkan_backend_mlp_stage stage=total batch=1 seq_len=23 hidden=2560 intermediate=9216 out_dim=2560 bf16_weights=false elapsed_ms=24.053
kiln_profile_vulkan_backend_mlp_stage stage=dispatch_x batch=1 seq_len=22 hidden=2560 intermediate=9216 out_dim=2560 bf16_weights=false elapsed_ms=0.000
kiln_profile_vulkan_backend_mlp_stage stage=weight_cache_gate batch=1 seq_len=22 hidden=2560 intermediate=9216 out_dim=2560 bf16_weights=false elapsed_ms=0.001
kiln_profile_vulkan_backend_mlp_stage stage=weight_cache_up batch=1 seq_len=22 hidden=2560 intermediate=9216 out_dim=2560 bf16_weights=false elapsed_ms=0.000
kiln_profile_vulkan_backend_mlp_stage stage=weight_cache_down batch=1 seq_len=22 hidden=2560 intermediate=9216 out_dim=2560 bf16_weights=false elapsed_ms=0.000
kiln_profile_vulkan_backend_mlp_stage stage=kernel_dispatch batch=1 seq_len=22 hidden=2560 intermediate=9216 out_dim=2560 bf16_weights=false elapsed_ms=13.672
kiln_profile_vulkan_backend_mlp_stage stage=output_reshape batch=1 seq_len=22 hidden=2560 intermediate=9216 out_dim=2560 bf16_weights=false elapsed_ms=0.000
kiln_profile_vulkan_backend_mlp_stage stage=total batch=1 seq_len=22 hidden=2560 intermediate=9216 out_dim=2560 bf16_weights=false elapsed_ms=13.676
kiln_profile_vulkan_backend_mlp_stage stage=dispatch_x batch=1 seq_len=23 hidden=2560 intermediate=9216 out_dim=2560 bf16_weights=false elapsed_ms=0.000
kiln_profile_vulkan_backend_mlp_stage stage=weight_cache_gate batch=1 seq_len=23 hidden=2560 intermediate=9216 out_dim=2560 bf16_weights=false elapsed_ms=0.001
kiln_profile_vulkan_backend_mlp_stage stage=weight_cache_up batch=1 seq_len=23 hidden=2560 intermediate=9216 out_dim=2560 bf16_weights=false elapsed_ms=0.000
kiln_profile_vulkan_backend_mlp_stage stage=weight_cache_down batch=1 seq_len=23 hidden=2560 intermediate=9216 out_dim=2560 bf16_weights=false elapsed_ms=0.000
kiln_profile_vulkan_backend_mlp_stage stage=kernel_dispatch batch=1 seq_len=23 hidden=2560 intermediate=9216 out_dim=2560 bf16_weights=false elapsed_ms=13.700
kiln_profile_vulkan_backend_mlp_stage stage=output_reshape batch=1 seq_len=23 hidden=2560 intermediate=9216 out_dim=2560 bf16_weights=false elapsed_ms=0.000
kiln_profile_vulkan_backend_mlp_stage stage=total batch=1 seq_len=23 hidden=2560 intermediate=9216 out_dim=2560 bf16_weights=false elapsed_ms=13.703
kiln_profile_vulkan_backend_mlp_stage stage=dispatch_x batch=1 seq_len=23 hidden=2560 intermediate=9216 out_dim=2560 bf16_weights=false elapsed_ms=0.000
kiln_profile_vulkan_backend_mlp_stage stage=weight_cache_gate batch=1 seq_len=23 hidden=2560 intermediate=9216 out_dim=2560 bf16_weights=false elapsed_ms=0.000
kiln_profile_vulkan_backend_mlp_stage stage=weight_cache_up batch=1 seq_len=23 hidden=2560 intermediate=9216 out_dim=2560 bf16_weights=false elapsed_ms=0.000
kiln_profile_vulkan_backend_mlp_stage stage=weight_cache_down batch=1 seq_len=23 hidden=2560 intermediate=9216 out_dim=2560 bf16_weights=false elapsed_ms=0.000
kiln_profile_vulkan_backend_mlp_stage stage=kernel_dispatch batch=1 seq_len=23 hidden=2560 intermediate=9216 out_dim=2560 bf16_weights=false elapsed_ms=17.734
kiln_profile_vulkan_backend_mlp_stage stage=output_reshape batch=1 seq_len=23 hidden=2560 intermediate=9216 out_dim=2560 bf16_weights=false elapsed_ms=0.000
kiln_profile_vulkan_backend_mlp_stage stage=total batch=1 seq_len=23 hidden=2560 intermediate=9216 out_dim=2560 bf16_weights=false elapsed_ms=17.736
kiln_profile_vulkan_backend_mlp_stage stage=dispatch_x batch=1 seq_len=23 hidden=2560 intermediate=9216 out_dim=2560 bf16_weights=false elapsed_ms=0.000
kiln_profile_vulkan_backend_mlp_stage stage=weight_cache_gate batch=1 seq_len=23 hidden=2560 intermediate=9216 out_dim=2560 bf16_weights=false elapsed_ms=0.000
kiln_profile_vulkan_backend_mlp_stage stage=weight_cache_up batch=1 seq_len=23 hidden=2560 intermediate=9216 out_dim=2560 bf16_weights=false elapsed_ms=0.000
kiln_profile_vulkan_backend_mlp_stage stage=weight_cache_down batch=1 seq_len=23 hidden=2560 intermediate=9216 out_dim=2560 bf16_weights=false elapsed_ms=0.000
kiln_profile_vulkan_backend_mlp_stage stage=kernel_dispatch batch=1 seq_len=23 hidden=2560 intermediate=9216 out_dim=2560 bf16_weights=false elapsed_ms=38.053
kiln_profile_vulkan_backend_mlp_stage stage=output_reshape batch=1 seq_len=23 hidden=2560 intermediate=9216 out_dim=2560 bf16_weights=false elapsed_ms=0.000
kiln_profile_vulkan_backend_mlp_stage stage=total batch=1 seq_len=23 hidden=2560 intermediate=9216 out_dim=2560 bf16_weights=false elapsed_ms=38.056
kiln_profile_vulkan_backend_mlp_stage stage=dispatch_x batch=1 seq_len=22 hidden=2560 intermediate=9216 out_dim=2560 bf16_weights=false elapsed_ms=0.000
kiln_profile_vulkan_backend_mlp_stage stage=weight_cache_gate batch=1 seq_len=22 hidden=2560 intermediate=9216 out_dim=2560 bf16_weights=false elapsed_ms=0.001
kiln_profile_vulkan_backend_mlp_stage stage=weight_cache_up batch=1 seq_len=22 hidden=2560 intermediate=9216 out_dim=2560 bf16_weights=false elapsed_ms=0.000
kiln_profile_vulkan_backend_mlp_stage stage=weight_cache_down batch=1 seq_len=22 hidden=2560 intermediate=9216 out_dim=2560 bf16_weights=false elapsed_ms=0.000
kiln_profile_vulkan_backend_mlp_stage stage=kernel_dispatch batch=1 seq_len=22 hidden=2560 intermediate=9216 out_dim=2560 bf16_weights=false elapsed_ms=13.727
kiln_profile_vulkan_backend_mlp_stage stage=output_reshape batch=1 seq_len=22 hidden=2560 intermediate=9216 out_dim=2560 bf16_weights=false elapsed_ms=0.000
kiln_profile_vulkan_backend_mlp_stage stage=total batch=1 seq_len=22 hidden=2560 intermediate=9216 out_dim=2560 bf16_weights=false elapsed_ms=13.731
kiln_profile_vulkan_backend_mlp_stage stage=dispatch_x batch=1 seq_len=23 hidden=2560 intermediate=9216 out_dim=2560 bf16_weights=false elapsed_ms=0.000
kiln_profile_vulkan_backend_mlp_stage stage=weight_cache_gate batch=1 seq_len=23 hidden=2560 intermediate=9216 out_dim=2560 bf16_weights=false elapsed_ms=0.000
kiln_profile_vulkan_backend_mlp_stage stage=weight_cache_up batch=1 seq_len=23 hidden=2560 intermediate=9216 out_dim=2560 bf16_weights=false elapsed_ms=0.000
kiln_profile_vulkan_backend_mlp_stage stage=weight_cache_down batch=1 seq_len=23 hidden=2560 intermediate=9216 out_dim=2560 bf16_weights=false elapsed_ms=0.000
kiln_profile_vulkan_backend_mlp_stage stage=kernel_dispatch batch=1 seq_len=23 hidden=2560 intermediate=9216 out_dim=2560 bf16_weights=false elapsed_ms=19.135
kiln_profile_vulkan_backend_mlp_stage stage=output_reshape batch=1 seq_len=23 hidden=2560 intermediate=9216 out_dim=2560 bf16_weights=false elapsed_ms=0.000
kiln_profile_vulkan_backend_mlp_stage stage=total batch=1 seq_len=23 hidden=2560 intermediate=9216 out_dim=2560 bf16_weights=false elapsed_ms=19.137
kiln_profile_vulkan_backend_mlp_stage stage=dispatch_x batch=1 seq_len=23 hidden=2560 intermediate=9216 out_dim=2560 bf16_weights=false elapsed_ms=0.000
kiln_profile_vulkan_backend_mlp_stage stage=weight_cache_gate batch=1 seq_len=23 hidden=2560 intermediate=9216 out_dim=2560 bf16_weights=false elapsed_ms=0.000
kiln_profile_vulkan_backend_mlp_stage stage=weight_cache_up batch=1 seq_len=23 hidden=2560 intermediate=9216 out_dim=2560 bf16_weights=false elapsed_ms=0.000
kiln_profile_vulkan_backend_mlp_stage stage=weight_cache_down batch=1 seq_len=23 hidden=2560 intermediate=9216 out_dim=2560 bf16_weights=false elapsed_ms=0.000
kiln_profile_vulkan_backend_mlp_stage stage=kernel_dispatch batch=1 seq_len=23 hidden=2560 intermediate=9216 out_dim=2560 bf16_weights=false elapsed_ms=18.612
kiln_profile_vulkan_backend_mlp_stage stage=output_reshape batch=1 seq_len=23 hidden=2560 intermediate=9216 out_dim=2560 bf16_weights=false elapsed_ms=0.000
kiln_profile_vulkan_backend_mlp_stage stage=total batch=1 seq_len=23 hidden=2560 intermediate=9216 out_dim=2560 bf16_weights=false elapsed_ms=18.615
kiln_profile_vulkan_backend_mlp_stage stage=dispatch_x batch=1 seq_len=23 hidden=2560 intermediate=9216 out_dim=2560 bf16_weights=false elapsed_ms=0.000
kiln_profile_vulkan_backend_mlp_stage stage=weight_cache_gate batch=1 seq_len=23 hidden=2560 intermediate=9216 out_dim=2560 bf16_weights=false elapsed_ms=0.000
kiln_profile_vulkan_backend_mlp_stage stage=weight_cache_up batch=1 seq_len=23 hidden=2560 intermediate=9216 out_dim=2560 bf16_weights=false elapsed_ms=0.000
kiln_profile_vulkan_backend_mlp_stage stage=weight_cache_down batch=1 seq_len=23 hidden=2560 intermediate=9216 out_dim=2560 bf16_weights=false elapsed_ms=0.000
kiln_profile_vulkan_backend_mlp_stage stage=kernel_dispatch batch=1 seq_len=23 hidden=2560 intermediate=9216 out_dim=2560 bf16_weights=false elapsed_ms=28.016
kiln_profile_vulkan_backend_mlp_stage stage=output_reshape batch=1 seq_len=23 hidden=2560 intermediate=9216 out_dim=2560 bf16_weights=false elapsed_ms=0.000
kiln_profile_vulkan_backend_mlp_stage stage=total batch=1 seq_len=23 hidden=2560 intermediate=9216 out_dim=2560 bf16_weights=false elapsed_ms=28.018
kiln_profile_vulkan_backend_mlp_stage stage=dispatch_x batch=1 seq_len=22 hidden=2560 intermediate=9216 out_dim=2560 bf16_weights=false elapsed_ms=0.000
kiln_profile_vulkan_backend_mlp_stage stage=weight_cache_gate batch=1 seq_len=22 hidden=2560 intermediate=9216 out_dim=2560 bf16_weights=false elapsed_ms=0.001
kiln_profile_vulkan_backend_mlp_stage stage=weight_cache_up batch=1 seq_len=22 hidden=2560 intermediate=9216 out_dim=2560 bf16_weights=false elapsed_ms=0.001
kiln_profile_vulkan_backend_mlp_stage stage=weight_cache_down batch=1 seq_len=22 hidden=2560 intermediate=9216 out_dim=2560 bf16_weights=false elapsed_ms=0.001
kiln_profile_vulkan_backend_mlp_stage stage=kernel_dispatch batch=1 seq_len=22 hidden=2560 intermediate=9216 out_dim=2560 bf16_weights=false elapsed_ms=11.904
kiln_profile_vulkan_backend_mlp_stage stage=output_reshape batch=1 seq_len=22 hidden=2560 intermediate=9216 out_dim=2560 bf16_weights=false elapsed_ms=0.000
kiln_profile_vulkan_backend_mlp_stage stage=total batch=1 seq_len=22 hidden=2560 intermediate=9216 out_dim=2560 bf16_weights=false elapsed_ms=11.908
kiln_profile_vulkan_backend_mlp_stage stage=dispatch_x batch=1 seq_len=23 hidden=2560 intermediate=9216 out_dim=2560 bf16_weights=false elapsed_ms=0.000
kiln_profile_vulkan_backend_mlp_stage stage=weight_cache_gate batch=1 seq_len=23 hidden=2560 intermediate=9216 out_dim=2560 bf16_weights=false elapsed_ms=0.001
kiln_profile_vulkan_backend_mlp_stage stage=weight_cache_up batch=1 seq_len=23 hidden=2560 intermediate=9216 out_dim=2560 bf16_weights=false elapsed_ms=0.000
kiln_profile_vulkan_backend_mlp_stage stage=weight_cache_down batch=1 seq_len=23 hidden=2560 intermediate=9216 out_dim=2560 bf16_weights=false elapsed_ms=0.000
kiln_profile_vulkan_backend_mlp_stage stage=kernel_dispatch batch=1 seq_len=23 hidden=2560 intermediate=9216 out_dim=2560 bf16_weights=false elapsed_ms=13.970
kiln_profile_vulkan_backend_mlp_stage stage=output_reshape batch=1 seq_len=23 hidden=2560 intermediate=9216 out_dim=2560 bf16_weights=false elapsed_ms=0.000
kiln_profile_vulkan_backend_mlp_stage stage=total batch=1 seq_len=23 hidden=2560 intermediate=9216 out_dim=2560 bf16_weights=false elapsed_ms=13.973
kiln_profile_vulkan_backend_mlp_stage stage=dispatch_x batch=1 seq_len=23 hidden=2560 intermediate=9216 out_dim=2560 bf16_weights=false elapsed_ms=0.000
kiln_profile_vulkan_backend_mlp_stage stage=weight_cache_gate batch=1 seq_len=23 hidden=2560 intermediate=9216 out_dim=2560 bf16_weights=false elapsed_ms=0.000
kiln_profile_vulkan_backend_mlp_stage stage=weight_cache_up batch=1 seq_len=23 hidden=2560 intermediate=9216 out_dim=2560 bf16_weights=false elapsed_ms=0.000
kiln_profile_vulkan_backend_mlp_stage stage=weight_cache_down batch=1 seq_len=23 hidden=2560 intermediate=9216 out_dim=2560 bf16_weights=false elapsed_ms=0.000
kiln_profile_vulkan_backend_mlp_stage stage=kernel_dispatch batch=1 seq_len=23 hidden=2560 intermediate=9216 out_dim=2560 bf16_weights=false elapsed_ms=37.659
kiln_profile_vulkan_backend_mlp_stage stage=output_reshape batch=1 seq_len=23 hidden=2560 intermediate=9216 out_dim=2560 bf16_weights=false elapsed_ms=0.000
kiln_profile_vulkan_backend_mlp_stage stage=total batch=1 seq_len=23 hidden=2560 intermediate=9216 out_dim=2560 bf16_weights=false elapsed_ms=37.662
kiln_profile_vulkan_backend_mlp_stage stage=dispatch_x batch=1 seq_len=23 hidden=2560 intermediate=9216 out_dim=2560 bf16_weights=false elapsed_ms=0.000
kiln_profile_vulkan_backend_mlp_stage stage=weight_cache_gate batch=1 seq_len=23 hidden=2560 intermediate=9216 out_dim=2560 bf16_weights=false elapsed_ms=0.000
kiln_profile_vulkan_backend_mlp_stage stage=weight_cache_up batch=1 seq_len=23 hidden=2560 intermediate=9216 out_dim=2560 bf16_weights=false elapsed_ms=0.000
kiln_profile_vulkan_backend_mlp_stage stage=weight_cache_down batch=1 seq_len=23 hidden=2560 intermediate=9216 out_dim=2560 bf16_weights=false elapsed_ms=0.000
kiln_profile_vulkan_backend_mlp_stage stage=kernel_dispatch batch=1 seq_len=23 hidden=2560 intermediate=9216 out_dim=2560 bf16_weights=false elapsed_ms=38.647
kiln_profile_vulkan_backend_mlp_stage stage=output_reshape batch=1 seq_len=23 hidden=2560 intermediate=9216 out_dim=2560 bf16_weights=false elapsed_ms=0.000
kiln_profile_vulkan_backend_mlp_stage stage=total batch=1 seq_len=23 hidden=2560 intermediate=9216 out_dim=2560 bf16_weights=false elapsed_ms=38.649
kiln_profile_vulkan_backend_mlp_stage stage=dispatch_x batch=1 seq_len=22 hidden=2560 intermediate=9216 out_dim=2560 bf16_weights=false elapsed_ms=0.000
kiln_profile_vulkan_backend_mlp_stage stage=weight_cache_gate batch=1 seq_len=22 hidden=2560 intermediate=9216 out_dim=2560 bf16_weights=false elapsed_ms=0.000
kiln_profile_vulkan_backend_mlp_stage stage=weight_cache_up batch=1 seq_len=22 hidden=2560 intermediate=9216 out_dim=2560 bf16_weights=false elapsed_ms=0.000
kiln_profile_vulkan_backend_mlp_stage stage=weight_cache_down batch=1 seq_len=22 hidden=2560 intermediate=9216 out_dim=2560 bf16_weights=false elapsed_ms=0.001
kiln_profile_vulkan_backend_mlp_stage stage=kernel_dispatch batch=1 seq_len=22 hidden=2560 intermediate=9216 out_dim=2560 bf16_weights=false elapsed_ms=11.186
kiln_profile_vulkan_backend_mlp_stage stage=output_reshape batch=1 seq_len=22 hidden=2560 intermediate=9216 out_dim=2560 bf16_weights=false elapsed_ms=0.001
kiln_profile_vulkan_backend_mlp_stage stage=total batch=1 seq_len=22 hidden=2560 intermediate=9216 out_dim=2560 bf16_weights=false elapsed_ms=11.192
kiln_profile_vulkan_backend_mlp_stage stage=dispatch_x batch=1 seq_len=23 hidden=2560 intermediate=9216 out_dim=2560 bf16_weights=false elapsed_ms=0.000
kiln_profile_vulkan_backend_mlp_stage stage=weight_cache_gate batch=1 seq_len=23 hidden=2560 intermediate=9216 out_dim=2560 bf16_weights=false elapsed_ms=0.001
kiln_profile_vulkan_backend_mlp_stage stage=weight_cache_up batch=1 seq_len=23 hidden=2560 intermediate=9216 out_dim=2560 bf16_weights=false elapsed_ms=0.001
kiln_profile_vulkan_backend_mlp_stage stage=weight_cache_down batch=1 seq_len=23 hidden=2560 intermediate=9216 out_dim=2560 bf16_weights=false elapsed_ms=0.000
kiln_profile_vulkan_backend_mlp_stage stage=kernel_dispatch batch=1 seq_len=23 hidden=2560 intermediate=9216 out_dim=2560 bf16_weights=false elapsed_ms=16.326
kiln_profile_vulkan_backend_mlp_stage stage=output_reshape batch=1 seq_len=23 hidden=2560 intermediate=9216 out_dim=2560 bf16_weights=false elapsed_ms=0.000
kiln_profile_vulkan_backend_mlp_stage stage=total batch=1 seq_len=23 hidden=2560 intermediate=9216 out_dim=2560 bf16_weights=false elapsed_ms=16.330
kiln_profile_vulkan_backend_mlp_stage stage=dispatch_x batch=1 seq_len=23 hidden=2560 intermediate=9216 out_dim=2560 bf16_weights=false elapsed_ms=0.000
kiln_profile_vulkan_backend_mlp_stage stage=weight_cache_gate batch=1 seq_len=23 hidden=2560 intermediate=9216 out_dim=2560 bf16_weights=false elapsed_ms=0.000
kiln_profile_vulkan_backend_mlp_stage stage=weight_cache_up batch=1 seq_len=23 hidden=2560 intermediate=9216 out_dim=2560 bf16_weights=false elapsed_ms=0.000
kiln_profile_vulkan_backend_mlp_stage stage=weight_cache_down batch=1 seq_len=23 hidden=2560 intermediate=9216 out_dim=2560 bf16_weights=false elapsed_ms=0.000
kiln_profile_vulkan_backend_mlp_stage stage=kernel_dispatch batch=1 seq_len=23 hidden=2560 intermediate=9216 out_dim=2560 bf16_weights=false elapsed_ms=13.411
kiln_profile_vulkan_backend_mlp_stage stage=output_reshape batch=1 seq_len=23 hidden=2560 intermediate=9216 out_dim=2560 bf16_weights=false elapsed_ms=0.000
kiln_profile_vulkan_backend_mlp_stage stage=total batch=1 seq_len=23 hidden=2560 intermediate=9216 out_dim=2560 bf16_weights=false elapsed_ms=13.413
kiln_profile_vulkan_backend_mlp_stage stage=dispatch_x batch=1 seq_len=23 hidden=2560 intermediate=9216 out_dim=2560 bf16_weights=false elapsed_ms=0.000
kiln_profile_vulkan_backend_mlp_stage stage=weight_cache_gate batch=1 seq_len=23 hidden=2560 intermediate=9216 out_dim=2560 bf16_weights=false elapsed_ms=0.000
kiln_profile_vulkan_backend_mlp_stage stage=weight_cache_up batch=1 seq_len=23 hidden=2560 intermediate=9216 out_dim=2560 bf16_weights=false elapsed_ms=0.000
kiln_profile_vulkan_backend_mlp_stage stage=weight_cache_down batch=1 seq_len=23 hidden=2560 intermediate=9216 out_dim=2560 bf16_weights=false elapsed_ms=0.000
kiln_profile_vulkan_backend_mlp_stage stage=kernel_dispatch batch=1 seq_len=23 hidden=2560 intermediate=9216 out_dim=2560 bf16_weights=false elapsed_ms=19.514
kiln_profile_vulkan_backend_mlp_stage stage=output_reshape batch=1 seq_len=23 hidden=2560 intermediate=9216 out_dim=2560 bf16_weights=false elapsed_ms=0.001
kiln_profile_vulkan_backend_mlp_stage stage=total batch=1 seq_len=23 hidden=2560 intermediate=9216 out_dim=2560 bf16_weights=false elapsed_ms=19.517
kiln_profile_vulkan_backend_mlp_stage stage=dispatch_x batch=1 seq_len=23 hidden=2560 intermediate=9216 out_dim=2560 bf16_weights=false elapsed_ms=0.000
kiln_profile_vulkan_backend_mlp_stage stage=weight_cache_gate batch=1 seq_len=23 hidden=2560 intermediate=9216 out_dim=2560 bf16_weights=false elapsed_ms=0.000
kiln_profile_vulkan_backend_mlp_stage stage=weight_cache_up batch=1 seq_len=23 hidden=2560 intermediate=9216 out_dim=2560 bf16_weights=false elapsed_ms=0.000
kiln_profile_vulkan_backend_mlp_stage stage=weight_cache_down batch=1 seq_len=23 hidden=2560 intermediate=9216 out_dim=2560 bf16_weights=false elapsed_ms=0.001
kiln_profile_vulkan_backend_mlp_stage stage=kernel_dispatch batch=1 seq_len=23 hidden=2560 intermediate=9216 out_dim=2560 bf16_weights=false elapsed_ms=25.092
kiln_profile_vulkan_backend_mlp_stage stage=output_reshape batch=1 seq_len=23 hidden=2560 intermediate=9216 out_dim=2560 bf16_weights=false elapsed_ms=0.000
kiln_profile_vulkan_backend_mlp_stage stage=total batch=1 seq_len=23 hidden=2560 intermediate=9216 out_dim=2560 bf16_weights=false elapsed_ms=25.095
kiln_profile_vulkan_backend_mlp_stage stage=dispatch_x batch=1 seq_len=22 hidden=2560 intermediate=9216 out_dim=2560 bf16_weights=false elapsed_ms=0.000
kiln_profile_vulkan_backend_mlp_stage stage=weight_cache_gate batch=1 seq_len=22 hidden=2560 intermediate=9216 out_dim=2560 bf16_weights=false elapsed_ms=0.001
kiln_profile_vulkan_backend_mlp_stage stage=weight_cache_up batch=1 seq_len=22 hidden=2560 intermediate=9216 out_dim=2560 bf16_weights=false elapsed_ms=0.000
kiln_profile_vulkan_backend_mlp_stage stage=weight_cache_down batch=1 seq_len=22 hidden=2560 intermediate=9216 out_dim=2560 bf16_weights=false elapsed_ms=0.001
kiln_profile_vulkan_backend_mlp_stage stage=kernel_dispatch batch=1 seq_len=22 hidden=2560 intermediate=9216 out_dim=2560 bf16_weights=false elapsed_ms=23.698
kiln_profile_vulkan_backend_mlp_stage stage=output_reshape batch=1 seq_len=22 hidden=2560 intermediate=9216 out_dim=2560 bf16_weights=false elapsed_ms=0.000
kiln_profile_vulkan_backend_mlp_stage stage=total batch=1 seq_len=22 hidden=2560 intermediate=9216 out_dim=2560 bf16_weights=false elapsed_ms=23.704
kiln_profile_vulkan_backend_mlp_stage stage=dispatch_x batch=1 seq_len=23 hidden=2560 intermediate=9216 out_dim=2560 bf16_weights=false elapsed_ms=0.000
kiln_profile_vulkan_backend_mlp_stage stage=weight_cache_gate batch=1 seq_len=23 hidden=2560 intermediate=9216 out_dim=2560 bf16_weights=false elapsed_ms=0.001
kiln_profile_vulkan_backend_mlp_stage stage=weight_cache_up batch=1 seq_len=23 hidden=2560 intermediate=9216 out_dim=2560 bf16_weights=false elapsed_ms=0.000
kiln_profile_vulkan_backend_mlp_stage stage=weight_cache_down batch=1 seq_len=23 hidden=2560 intermediate=9216 out_dim=2560 bf16_weights=false elapsed_ms=0.000
kiln_profile_vulkan_backend_mlp_stage stage=kernel_dispatch batch=1 seq_len=23 hidden=2560 intermediate=9216 out_dim=2560 bf16_weights=false elapsed_ms=10.524
kiln_profile_vulkan_backend_mlp_stage stage=output_reshape batch=1 seq_len=23 hidden=2560 intermediate=9216 out_dim=2560 bf16_weights=false elapsed_ms=0.000
kiln_profile_vulkan_backend_mlp_stage stage=total batch=1 seq_len=23 hidden=2560 intermediate=9216 out_dim=2560 bf16_weights=false elapsed_ms=10.527
kiln_profile_vulkan_backend_mlp_stage stage=dispatch_x batch=1 seq_len=22 hidden=2560 intermediate=9216 out_dim=2560 bf16_weights=false elapsed_ms=0.000
kiln_profile_vulkan_backend_mlp_stage stage=weight_cache_gate batch=1 seq_len=22 hidden=2560 intermediate=9216 out_dim=2560 bf16_weights=false elapsed_ms=0.001
kiln_profile_vulkan_backend_mlp_stage stage=weight_cache_up batch=1 seq_len=22 hidden=2560 intermediate=9216 out_dim=2560 bf16_weights=false elapsed_ms=0.000
kiln_profile_vulkan_backend_mlp_stage stage=weight_cache_down batch=1 seq_len=22 hidden=2560 intermediate=9216 out_dim=2560 bf16_weights=false elapsed_ms=0.001
kiln_profile_vulkan_backend_mlp_stage stage=kernel_dispatch batch=1 seq_len=22 hidden=2560 intermediate=9216 out_dim=2560 bf16_weights=false elapsed_ms=18.386
kiln_profile_vulkan_backend_mlp_stage stage=output_reshape batch=1 seq_len=22 hidden=2560 intermediate=9216 out_dim=2560 bf16_weights=false elapsed_ms=0.000
kiln_profile_vulkan_backend_mlp_stage stage=total batch=1 seq_len=22 hidden=2560 intermediate=9216 out_dim=2560 bf16_weights=false elapsed_ms=18.389
kiln_profile_vulkan_backend_mlp_stage stage=dispatch_x batch=1 seq_len=23 hidden=2560 intermediate=9216 out_dim=2560 bf16_weights=false elapsed_ms=0.000
kiln_profile_vulkan_backend_mlp_stage stage=weight_cache_gate batch=1 seq_len=23 hidden=2560 intermediate=9216 out_dim=2560 bf16_weights=false elapsed_ms=0.000
kiln_profile_vulkan_backend_mlp_stage stage=weight_cache_up batch=1 seq_len=23 hidden=2560 intermediate=9216 out_dim=2560 bf16_weights=false elapsed_ms=0.000
kiln_profile_vulkan_backend_mlp_stage stage=weight_cache_down batch=1 seq_len=23 hidden=2560 intermediate=9216 out_dim=2560 bf16_weights=false elapsed_ms=0.000
kiln_profile_vulkan_backend_mlp_stage stage=kernel_dispatch batch=1 seq_len=23 hidden=2560 intermediate=9216 out_dim=2560 bf16_weights=false elapsed_ms=23.917
kiln_profile_vulkan_backend_mlp_stage stage=output_reshape batch=1 seq_len=23 hidden=2560 intermediate=9216 out_dim=2560 bf16_weights=false elapsed_ms=0.000
kiln_profile_vulkan_backend_mlp_stage stage=total batch=1 seq_len=23 hidden=2560 intermediate=9216 out_dim=2560 bf16_weights=false elapsed_ms=23.920
kiln_profile_vulkan_backend_mlp_stage stage=dispatch_x batch=1 seq_len=23 hidden=2560 intermediate=9216 out_dim=2560 bf16_weights=false elapsed_ms=0.000
kiln_profile_vulkan_backend_mlp_stage stage=weight_cache_gate batch=1 seq_len=23 hidden=2560 intermediate=9216 out_dim=2560 bf16_weights=false elapsed_ms=0.000
kiln_profile_vulkan_backend_mlp_stage stage=weight_cache_up batch=1 seq_len=23 hidden=2560 intermediate=9216 out_dim=2560 bf16_weights=false elapsed_ms=0.000
kiln_profile_vulkan_backend_mlp_stage stage=weight_cache_down batch=1 seq_len=23 hidden=2560 intermediate=9216 out_dim=2560 bf16_weights=false elapsed_ms=0.001
kiln_profile_vulkan_backend_mlp_stage stage=kernel_dispatch batch=1 seq_len=23 hidden=2560 intermediate=9216 out_dim=2560 bf16_weights=false elapsed_ms=21.255
kiln_profile_vulkan_backend_mlp_stage stage=output_reshape batch=1 seq_len=23 hidden=2560 intermediate=9216 out_dim=2560 bf16_weights=false elapsed_ms=0.000
kiln_profile_vulkan_backend_mlp_stage stage=total batch=1 seq_len=23 hidden=2560 intermediate=9216 out_dim=2560 bf16_weights=false elapsed_ms=21.258
kiln_profile_vulkan_backend_mlp_stage stage=dispatch_x batch=1 seq_len=23 hidden=2560 intermediate=9216 out_dim=2560 bf16_weights=false elapsed_ms=0.000
kiln_profile_vulkan_backend_mlp_stage stage=weight_cache_gate batch=1 seq_len=23 hidden=2560 intermediate=9216 out_dim=2560 bf16_weights=false elapsed_ms=0.000
kiln_profile_vulkan_backend_mlp_stage stage=weight_cache_up batch=1 seq_len=23 hidden=2560 intermediate=9216 out_dim=2560 bf16_weights=false elapsed_ms=0.000
kiln_profile_vulkan_backend_mlp_stage stage=weight_cache_down batch=1 seq_len=23 hidden=2560 intermediate=9216 out_dim=2560 bf16_weights=false elapsed_ms=0.000
kiln_profile_vulkan_backend_mlp_stage stage=kernel_dispatch batch=1 seq_len=23 hidden=2560 intermediate=9216 out_dim=2560 bf16_weights=false elapsed_ms=17.655
kiln_profile_vulkan_backend_mlp_stage stage=output_reshape batch=1 seq_len=23 hidden=2560 intermediate=9216 out_dim=2560 bf16_weights=false elapsed_ms=0.000
kiln_profile_vulkan_backend_mlp_stage stage=total batch=1 seq_len=23 hidden=2560 intermediate=9216 out_dim=2560 bf16_weights=false elapsed_ms=17.657
kiln_profile_vulkan_backend_mlp_stage stage=dispatch_x batch=1 seq_len=23 hidden=2560 intermediate=9216 out_dim=2560 bf16_weights=false elapsed_ms=0.000
kiln_profile_vulkan_backend_mlp_stage stage=weight_cache_gate batch=1 seq_len=23 hidden=2560 intermediate=9216 out_dim=2560 bf16_weights=false elapsed_ms=0.000
kiln_profile_vulkan_backend_mlp_stage stage=weight_cache_up batch=1 seq_len=23 hidden=2560 intermediate=9216 out_dim=2560 bf16_weights=false elapsed_ms=0.000
kiln_profile_vulkan_backend_mlp_stage stage=weight_cache_down batch=1 seq_len=23 hidden=2560 intermediate=9216 out_dim=2560 bf16_weights=false elapsed_ms=0.000
kiln_profile_vulkan_backend_mlp_stage stage=kernel_dispatch batch=1 seq_len=23 hidden=2560 intermediate=9216 out_dim=2560 bf16_weights=false elapsed_ms=24.337
kiln_profile_vulkan_backend_mlp_stage stage=output_reshape batch=1 seq_len=23 hidden=2560 intermediate=9216 out_dim=2560 bf16_weights=false elapsed_ms=0.000
kiln_profile_vulkan_backend_mlp_stage stage=total batch=1 seq_len=23 hidden=2560 intermediate=9216 out_dim=2560 bf16_weights=false elapsed_ms=24.339
kiln_profile_vulkan_backend_mlp_stage stage=dispatch_x batch=1 seq_len=22 hidden=2560 intermediate=9216 out_dim=2560 bf16_weights=false elapsed_ms=0.000
kiln_profile_vulkan_backend_mlp_stage stage=weight_cache_gate batch=1 seq_len=22 hidden=2560 intermediate=9216 out_dim=2560 bf16_weights=false elapsed_ms=0.001
kiln_profile_vulkan_backend_mlp_stage stage=weight_cache_up batch=1 seq_len=22 hidden=2560 intermediate=9216 out_dim=2560 bf16_weights=false elapsed_ms=0.000
kiln_profile_vulkan_backend_mlp_stage stage=weight_cache_down batch=1 seq_len=22 hidden=2560 intermediate=9216 out_dim=2560 bf16_weights=false elapsed_ms=0.000
kiln_profile_vulkan_backend_mlp_stage stage=kernel_dispatch batch=1 seq_len=22 hidden=2560 intermediate=9216 out_dim=2560 bf16_weights=false elapsed_ms=14.590
kiln_profile_vulkan_backend_mlp_stage stage=output_reshape batch=1 seq_len=22 hidden=2560 intermediate=9216 out_dim=2560 bf16_weights=false elapsed_ms=0.000
kiln_profile_vulkan_backend_mlp_stage stage=total batch=1 seq_len=22 hidden=2560 intermediate=9216 out_dim=2560 bf16_weights=false elapsed_ms=14.592
kiln_profile_vulkan_backend_mlp_stage stage=dispatch_x batch=1 seq_len=23 hidden=2560 intermediate=9216 out_dim=2560 bf16_weights=false elapsed_ms=0.000
kiln_profile_vulkan_backend_mlp_stage stage=weight_cache_gate batch=1 seq_len=23 hidden=2560 intermediate=9216 out_dim=2560 bf16_weights=false elapsed_ms=0.000
kiln_profile_vulkan_backend_mlp_stage stage=weight_cache_up batch=1 seq_len=23 hidden=2560 intermediate=9216 out_dim=2560 bf16_weights=false elapsed_ms=0.000
kiln_profile_vulkan_backend_mlp_stage stage=weight_cache_down batch=1 seq_len=23 hidden=2560 intermediate=9216 out_dim=2560 bf16_weights=false elapsed_ms=0.000
kiln_profile_vulkan_backend_mlp_stage stage=kernel_dispatch batch=1 seq_len=23 hidden=2560 intermediate=9216 out_dim=2560 bf16_weights=false elapsed_ms=19.048
kiln_profile_vulkan_backend_mlp_stage stage=output_reshape batch=1 seq_len=23 hidden=2560 intermediate=9216 out_dim=2560 bf16_weights=false elapsed_ms=0.000
kiln_profile_vulkan_backend_mlp_stage stage=total batch=1 seq_len=23 hidden=2560 intermediate=9216 out_dim=2560 bf16_weights=false elapsed_ms=19.052
kiln_profile_vulkan_backend_mlp_stage stage=dispatch_x batch=1 seq_len=23 hidden=2560 intermediate=9216 out_dim=2560 bf16_weights=false elapsed_ms=0.000
kiln_profile_vulkan_backend_mlp_stage stage=weight_cache_gate batch=1 seq_len=23 hidden=2560 intermediate=9216 out_dim=2560 bf16_weights=false elapsed_ms=0.000
kiln_profile_vulkan_backend_mlp_stage stage=weight_cache_up batch=1 seq_len=23 hidden=2560 intermediate=9216 out_dim=2560 bf16_weights=false elapsed_ms=0.000
kiln_profile_vulkan_backend_mlp_stage stage=weight_cache_down batch=1 seq_len=23 hidden=2560 intermediate=9216 out_dim=2560 bf16_weights=false elapsed_ms=0.000
kiln_profile_vulkan_backend_mlp_stage stage=kernel_dispatch batch=1 seq_len=23 hidden=2560 intermediate=9216 out_dim=2560 bf16_weights=false elapsed_ms=23.181
kiln_profile_vulkan_backend_mlp_stage stage=output_reshape batch=1 seq_len=23 hidden=2560 intermediate=9216 out_dim=2560 bf16_weights=false elapsed_ms=0.000
kiln_profile_vulkan_backend_mlp_stage stage=total batch=1 seq_len=23 hidden=2560 intermediate=9216 out_dim=2560 bf16_weights=false elapsed_ms=23.183
kiln_profile_vulkan_backend_mlp_stage stage=dispatch_x batch=1 seq_len=23 hidden=2560 intermediate=9216 out_dim=2560 bf16_weights=false elapsed_ms=0.000
kiln_profile_vulkan_backend_mlp_stage stage=weight_cache_gate batch=1 seq_len=23 hidden=2560 intermediate=9216 out_dim=2560 bf16_weights=false elapsed_ms=0.001
kiln_profile_vulkan_backend_mlp_stage stage=weight_cache_up batch=1 seq_len=23 hidden=2560 intermediate=9216 out_dim=2560 bf16_weights=false elapsed_ms=0.000
kiln_profile_vulkan_backend_mlp_stage stage=weight_cache_down batch=1 seq_len=23 hidden=2560 intermediate=9216 out_dim=2560 bf16_weights=false elapsed_ms=0.000
kiln_profile_vulkan_backend_mlp_stage stage=kernel_dispatch batch=1 seq_len=23 hidden=2560 intermediate=9216 out_dim=2560 bf16_weights=false elapsed_ms=9.433
kiln_profile_vulkan_backend_mlp_stage stage=output_reshape batch=1 seq_len=23 hidden=2560 intermediate=9216 out_dim=2560 bf16_weights=false elapsed_ms=0.001
kiln_profile_vulkan_backend_mlp_stage stage=total batch=1 seq_len=23 hidden=2560 intermediate=9216 out_dim=2560 bf16_weights=false elapsed_ms=9.438
kiln_profile_vulkan_backend_mlp_stage stage=dispatch_x batch=1 seq_len=23 hidden=2560 intermediate=9216 out_dim=2560 bf16_weights=false elapsed_ms=0.000
kiln_profile_vulkan_backend_mlp_stage stage=weight_cache_gate batch=1 seq_len=23 hidden=2560 intermediate=9216 out_dim=2560 bf16_weights=false elapsed_ms=0.001
kiln_profile_vulkan_backend_mlp_stage stage=weight_cache_up batch=1 seq_len=23 hidden=2560 intermediate=9216 out_dim=2560 bf16_weights=false elapsed_ms=0.000
kiln_profile_vulkan_backend_mlp_stage stage=weight_cache_down batch=1 seq_len=23 hidden=2560 intermediate=9216 out_dim=2560 bf16_weights=false elapsed_ms=0.000
kiln_profile_vulkan_backend_mlp_stage stage=kernel_dispatch batch=1 seq_len=23 hidden=2560 intermediate=9216 out_dim=2560 bf16_weights=false elapsed_ms=11.594
kiln_profile_vulkan_backend_mlp_stage stage=output_reshape batch=1 seq_len=23 hidden=2560 intermediate=9216 out_dim=2560 bf16_weights=false elapsed_ms=0.000
kiln_profile_vulkan_backend_mlp_stage stage=total batch=1 seq_len=23 hidden=2560 intermediate=9216 out_dim=2560 bf16_weights=false elapsed_ms=11.596
kiln_profile_vulkan_backend_mlp_stage stage=dispatch_x batch=1 seq_len=22 hidden=2560 intermediate=9216 out_dim=2560 bf16_weights=false elapsed_ms=0.000
kiln_profile_vulkan_backend_mlp_stage stage=weight_cache_gate batch=1 seq_len=22 hidden=2560 intermediate=9216 out_dim=2560 bf16_weights=false elapsed_ms=0.000
kiln_profile_vulkan_backend_mlp_stage stage=weight_cache_up batch=1 seq_len=22 hidden=2560 intermediate=9216 out_dim=2560 bf16_weights=false elapsed_ms=0.000
kiln_profile_vulkan_backend_mlp_stage stage=weight_cache_down batch=1 seq_len=22 hidden=2560 intermediate=9216 out_dim=2560 bf16_weights=false elapsed_ms=0.000
kiln_profile_vulkan_backend_mlp_stage stage=kernel_dispatch batch=1 seq_len=22 hidden=2560 intermediate=9216 out_dim=2560 bf16_weights=false elapsed_ms=21.372
kiln_profile_vulkan_backend_mlp_stage stage=output_reshape batch=1 seq_len=22 hidden=2560 intermediate=9216 out_dim=2560 bf16_weights=false elapsed_ms=0.000
kiln_profile_vulkan_backend_mlp_stage stage=total batch=1 seq_len=22 hidden=2560 intermediate=9216 out_dim=2560 bf16_weights=false elapsed_ms=21.374
kiln_profile_vulkan_backend_mlp_stage stage=dispatch_x batch=1 seq_len=23 hidden=2560 intermediate=9216 out_dim=2560 bf16_weights=false elapsed_ms=0.000
kiln_profile_vulkan_backend_mlp_stage stage=weight_cache_gate batch=1 seq_len=23 hidden=2560 intermediate=9216 out_dim=2560 bf16_weights=false elapsed_ms=0.001
kiln_profile_vulkan_backend_mlp_stage stage=weight_cache_up batch=1 seq_len=23 hidden=2560 intermediate=9216 out_dim=2560 bf16_weights=false elapsed_ms=0.000
kiln_profile_vulkan_backend_mlp_stage stage=weight_cache_down batch=1 seq_len=23 hidden=2560 intermediate=9216 out_dim=2560 bf16_weights=false elapsed_ms=0.000
kiln_profile_vulkan_backend_mlp_stage stage=kernel_dispatch batch=1 seq_len=23 hidden=2560 intermediate=9216 out_dim=2560 bf16_weights=false elapsed_ms=32.909
kiln_profile_vulkan_backend_mlp_stage stage=output_reshape batch=1 seq_len=23 hidden=2560 intermediate=9216 out_dim=2560 bf16_weights=false elapsed_ms=0.000
kiln_profile_vulkan_backend_mlp_stage stage=total batch=1 seq_len=23 hidden=2560 intermediate=9216 out_dim=2560 bf16_weights=false elapsed_ms=32.912
kiln_profile_vulkan_backend_mlp_stage stage=dispatch_x batch=1 seq_len=23 hidden=2560 intermediate=9216 out_dim=2560 bf16_weights=false elapsed_ms=0.000
kiln_profile_vulkan_backend_mlp_stage stage=weight_cache_gate batch=1 seq_len=23 hidden=2560 intermediate=9216 out_dim=2560 bf16_weights=false elapsed_ms=0.000
kiln_profile_vulkan_backend_mlp_stage stage=weight_cache_up batch=1 seq_len=23 hidden=2560 intermediate=9216 out_dim=2560 bf16_weights=false elapsed_ms=0.000
kiln_profile_vulkan_backend_mlp_stage stage=weight_cache_down batch=1 seq_len=23 hidden=2560 intermediate=9216 out_dim=2560 bf16_weights=false elapsed_ms=0.000
kiln_profile_vulkan_backend_mlp_stage stage=kernel_dispatch batch=1 seq_len=23 hidden=2560 intermediate=9216 out_dim=2560 bf16_weights=false elapsed_ms=10.594
kiln_profile_vulkan_backend_mlp_stage stage=output_reshape batch=1 seq_len=23 hidden=2560 intermediate=9216 out_dim=2560 bf16_weights=false elapsed_ms=0.000
kiln_profile_vulkan_backend_mlp_stage stage=total batch=1 seq_len=23 hidden=2560 intermediate=9216 out_dim=2560 bf16_weights=false elapsed_ms=10.596
kiln_profile_vulkan_backend_mlp_stage stage=dispatch_x batch=1 seq_len=23 hidden=2560 intermediate=9216 out_dim=2560 bf16_weights=false elapsed_ms=0.000
kiln_profile_vulkan_backend_mlp_stage stage=weight_cache_gate batch=1 seq_len=23 hidden=2560 intermediate=9216 out_dim=2560 bf16_weights=false elapsed_ms=0.001
kiln_profile_vulkan_backend_mlp_stage stage=weight_cache_up batch=1 seq_len=23 hidden=2560 intermediate=9216 out_dim=2560 bf16_weights=false elapsed_ms=0.001
kiln_profile_vulkan_backend_mlp_stage stage=weight_cache_down batch=1 seq_len=23 hidden=2560 intermediate=9216 out_dim=2560 bf16_weights=false elapsed_ms=0.000
kiln_profile_vulkan_backend_mlp_stage stage=kernel_dispatch batch=1 seq_len=23 hidden=2560 intermediate=9216 out_dim=2560 bf16_weights=false elapsed_ms=19.686
kiln_profile_vulkan_backend_mlp_stage stage=output_reshape batch=1 seq_len=23 hidden=2560 intermediate=9216 out_dim=2560 bf16_weights=false elapsed_ms=0.000
kiln_profile_vulkan_backend_mlp_stage stage=total batch=1 seq_len=23 hidden=2560 intermediate=9216 out_dim=2560 bf16_weights=false elapsed_ms=19.691
kiln_profile_vulkan_backend_mlp_stage stage=dispatch_x batch=1 seq_len=22 hidden=2560 intermediate=9216 out_dim=2560 bf16_weights=false elapsed_ms=0.000
kiln_profile_vulkan_backend_mlp_stage stage=weight_cache_gate batch=1 seq_len=22 hidden=2560 intermediate=9216 out_dim=2560 bf16_weights=false elapsed_ms=0.001
kiln_profile_vulkan_backend_mlp_stage stage=weight_cache_up batch=1 seq_len=22 hidden=2560 intermediate=9216 out_dim=2560 bf16_weights=false elapsed_ms=0.001
kiln_profile_vulkan_backend_mlp_stage stage=weight_cache_down batch=1 seq_len=22 hidden=2560 intermediate=9216 out_dim=2560 bf16_weights=false elapsed_ms=0.000
kiln_profile_vulkan_backend_mlp_stage stage=kernel_dispatch batch=1 seq_len=22 hidden=2560 intermediate=9216 out_dim=2560 bf16_weights=false elapsed_ms=15.221
kiln_profile_vulkan_backend_mlp_stage stage=output_reshape batch=1 seq_len=22 hidden=2560 intermediate=9216 out_dim=2560 bf16_weights=false elapsed_ms=0.000
kiln_profile_vulkan_backend_mlp_stage stage=total batch=1 seq_len=22 hidden=2560 intermediate=9216 out_dim=2560 bf16_weights=false elapsed_ms=15.223
kiln_profile_vulkan_backend_mlp_stage stage=dispatch_x batch=1 seq_len=23 hidden=2560 intermediate=9216 out_dim=2560 bf16_weights=false elapsed_ms=0.000
kiln_profile_vulkan_backend_mlp_stage stage=weight_cache_gate batch=1 seq_len=23 hidden=2560 intermediate=9216 out_dim=2560 bf16_weights=false elapsed_ms=0.000
kiln_profile_vulkan_backend_mlp_stage stage=weight_cache_up batch=1 seq_len=23 hidden=2560 intermediate=9216 out_dim=2560 bf16_weights=false elapsed_ms=0.000
kiln_profile_vulkan_backend_mlp_stage stage=weight_cache_down batch=1 seq_len=23 hidden=2560 intermediate=9216 out_dim=2560 bf16_weights=false elapsed_ms=0.000
kiln_profile_vulkan_backend_mlp_stage stage=kernel_dispatch batch=1 seq_len=23 hidden=2560 intermediate=9216 out_dim=2560 bf16_weights=false elapsed_ms=15.228
kiln_profile_vulkan_backend_mlp_stage stage=output_reshape batch=1 seq_len=23 hidden=2560 intermediate=9216 out_dim=2560 bf16_weights=false elapsed_ms=0.000
kiln_profile_vulkan_backend_mlp_stage stage=total batch=1 seq_len=23 hidden=2560 intermediate=9216 out_dim=2560 bf16_weights=false elapsed_ms=15.230
kiln_profile_vulkan_backend_mlp_stage stage=dispatch_x batch=1 seq_len=23 hidden=2560 intermediate=9216 out_dim=2560 bf16_weights=false elapsed_ms=0.000
kiln_profile_vulkan_backend_mlp_stage stage=weight_cache_gate batch=1 seq_len=23 hidden=2560 intermediate=9216 out_dim=2560 bf16_weights=false elapsed_ms=0.001
kiln_profile_vulkan_backend_mlp_stage stage=weight_cache_up batch=1 seq_len=23 hidden=2560 intermediate=9216 out_dim=2560 bf16_weights=false elapsed_ms=0.000
kiln_profile_vulkan_backend_mlp_stage stage=weight_cache_down batch=1 seq_len=23 hidden=2560 intermediate=9216 out_dim=2560 bf16_weights=false elapsed_ms=0.000
kiln_profile_vulkan_backend_mlp_stage stage=kernel_dispatch batch=1 seq_len=23 hidden=2560 intermediate=9216 out_dim=2560 bf16_weights=false elapsed_ms=14.783
kiln_profile_vulkan_backend_mlp_stage stage=output_reshape batch=1 seq_len=23 hidden=2560 intermediate=9216 out_dim=2560 bf16_weights=false elapsed_ms=0.000
kiln_profile_vulkan_backend_mlp_stage stage=total batch=1 seq_len=23 hidden=2560 intermediate=9216 out_dim=2560 bf16_weights=false elapsed_ms=14.787
kiln_profile_vulkan_backend_mlp_stage stage=dispatch_x batch=1 seq_len=22 hidden=2560 intermediate=9216 out_dim=2560 bf16_weights=false elapsed_ms=0.000
kiln_profile_vulkan_backend_mlp_stage stage=weight_cache_gate batch=1 seq_len=22 hidden=2560 intermediate=9216 out_dim=2560 bf16_weights=false elapsed_ms=0.001
kiln_profile_vulkan_backend_mlp_stage stage=weight_cache_up batch=1 seq_len=22 hidden=2560 intermediate=9216 out_dim=2560 bf16_weights=false elapsed_ms=0.000
kiln_profile_vulkan_backend_mlp_stage stage=weight_cache_down batch=1 seq_len=22 hidden=2560 intermediate=9216 out_dim=2560 bf16_weights=false elapsed_ms=0.000
kiln_profile_vulkan_backend_mlp_stage stage=kernel_dispatch batch=1 seq_len=22 hidden=2560 intermediate=9216 out_dim=2560 bf16_weights=false elapsed_ms=17.655
kiln_profile_vulkan_backend_mlp_stage stage=output_reshape batch=1 seq_len=22 hidden=2560 intermediate=9216 out_dim=2560 bf16_weights=false elapsed_ms=0.000
kiln_profile_vulkan_backend_mlp_stage stage=total batch=1 seq_len=22 hidden=2560 intermediate=9216 out_dim=2560 bf16_weights=false elapsed_ms=17.658
kiln_profile_vulkan_backend_mlp_stage stage=dispatch_x batch=1 seq_len=23 hidden=2560 intermediate=9216 out_dim=2560 bf16_weights=false elapsed_ms=0.000
kiln_profile_vulkan_backend_mlp_stage stage=weight_cache_gate batch=1 seq_len=23 hidden=2560 intermediate=9216 out_dim=2560 bf16_weights=false elapsed_ms=0.000
kiln_profile_vulkan_backend_mlp_stage stage=weight_cache_up batch=1 seq_len=23 hidden=2560 intermediate=9216 out_dim=2560 bf16_weights=false elapsed_ms=0.000
kiln_profile_vulkan_backend_mlp_stage stage=weight_cache_down batch=1 seq_len=23 hidden=2560 intermediate=9216 out_dim=2560 bf16_weights=false elapsed_ms=0.000
kiln_profile_vulkan_backend_mlp_stage stage=kernel_dispatch batch=1 seq_len=23 hidden=2560 intermediate=9216 out_dim=2560 bf16_weights=false elapsed_ms=25.568
kiln_profile_vulkan_backend_mlp_stage stage=output_reshape batch=1 seq_len=23 hidden=2560 intermediate=9216 out_dim=2560 bf16_weights=false elapsed_ms=0.000
kiln_profile_vulkan_backend_mlp_stage stage=total batch=1 seq_len=23 hidden=2560 intermediate=9216 out_dim=2560 bf16_weights=false elapsed_ms=25.570
kiln_profile_vulkan_backend_mlp_stage stage=dispatch_x batch=1 seq_len=23 hidden=2560 intermediate=9216 out_dim=2560 bf16_weights=false elapsed_ms=0.000
kiln_profile_vulkan_backend_mlp_stage stage=weight_cache_gate batch=1 seq_len=23 hidden=2560 intermediate=9216 out_dim=2560 bf16_weights=false elapsed_ms=0.001
kiln_profile_vulkan_backend_mlp_stage stage=weight_cache_up batch=1 seq_len=23 hidden=2560 intermediate=9216 out_dim=2560 bf16_weights=false elapsed_ms=0.000
kiln_profile_vulkan_backend_mlp_stage stage=weight_cache_down batch=1 seq_len=23 hidden=2560 intermediate=9216 out_dim=2560 bf16_weights=false elapsed_ms=0.000
kiln_profile_vulkan_backend_mlp_stage stage=kernel_dispatch batch=1 seq_len=23 hidden=2560 intermediate=9216 out_dim=2560 bf16_weights=false elapsed_ms=42.822
kiln_profile_vulkan_backend_mlp_stage stage=output_reshape batch=1 seq_len=23 hidden=2560 intermediate=9216 out_dim=2560 bf16_weights=false elapsed_ms=0.000
kiln_profile_vulkan_backend_mlp_stage stage=total batch=1 seq_len=23 hidden=2560 intermediate=9216 out_dim=2560 bf16_weights=false elapsed_ms=42.825
kiln_profile_vulkan_backend_mlp_stage stage=dispatch_x batch=1 seq_len=23 hidden=2560 intermediate=9216 out_dim=2560 bf16_weights=false elapsed_ms=0.000
kiln_profile_vulkan_backend_mlp_stage stage=weight_cache_gate batch=1 seq_len=23 hidden=2560 intermediate=9216 out_dim=2560 bf16_weights=false elapsed_ms=0.000
kiln_profile_vulkan_backend_mlp_stage stage=weight_cache_up batch=1 seq_len=23 hidden=2560 intermediate=9216 out_dim=2560 bf16_weights=false elapsed_ms=0.001
kiln_profile_vulkan_backend_mlp_stage stage=weight_cache_down batch=1 seq_len=23 hidden=2560 intermediate=9216 out_dim=2560 bf16_weights=false elapsed_ms=0.000
kiln_profile_vulkan_backend_mlp_stage stage=kernel_dispatch batch=1 seq_len=23 hidden=2560 intermediate=9216 out_dim=2560 bf16_weights=false elapsed_ms=9.461
kiln_profile_vulkan_backend_mlp_stage stage=output_reshape batch=1 seq_len=23 hidden=2560 intermediate=9216 out_dim=2560 bf16_weights=false elapsed_ms=0.001
kiln_profile_vulkan_backend_mlp_stage stage=total batch=1 seq_len=23 hidden=2560 intermediate=9216 out_dim=2560 bf16_weights=false elapsed_ms=9.466
kiln_profile_vulkan_backend_mlp_stage stage=dispatch_x batch=1 seq_len=23 hidden=2560 intermediate=9216 out_dim=2560 bf16_weights=false elapsed_ms=0.000
kiln_profile_vulkan_backend_mlp_stage stage=weight_cache_gate batch=1 seq_len=23 hidden=2560 intermediate=9216 out_dim=2560 bf16_weights=false elapsed_ms=0.000
kiln_profile_vulkan_backend_mlp_stage stage=weight_cache_up batch=1 seq_len=23 hidden=2560 intermediate=9216 out_dim=2560 bf16_weights=false elapsed_ms=0.000
kiln_profile_vulkan_backend_mlp_stage stage=weight_cache_down batch=1 seq_len=23 hidden=2560 intermediate=9216 out_dim=2560 bf16_weights=false elapsed_ms=0.000
kiln_profile_vulkan_backend_mlp_stage stage=kernel_dispatch batch=1 seq_len=23 hidden=2560 intermediate=9216 out_dim=2560 bf16_weights=false elapsed_ms=10.626
kiln_profile_vulkan_backend_mlp_stage stage=output_reshape batch=1 seq_len=23 hidden=2560 intermediate=9216 out_dim=2560 bf16_weights=false elapsed_ms=0.000
kiln_profile_vulkan_backend_mlp_stage stage=total batch=1 seq_len=23 hidden=2560 intermediate=9216 out_dim=2560 bf16_weights=false elapsed_ms=10.629
kiln_profile_vulkan_backend_mlp_stage stage=dispatch_x batch=1 seq_len=22 hidden=2560 intermediate=9216 out_dim=2560 bf16_weights=false elapsed_ms=0.000
kiln_profile_vulkan_backend_mlp_stage stage=weight_cache_gate batch=1 seq_len=22 hidden=2560 intermediate=9216 out_dim=2560 bf16_weights=false elapsed_ms=0.000
kiln_profile_vulkan_backend_mlp_stage stage=weight_cache_up batch=1 seq_len=22 hidden=2560 intermediate=9216 out_dim=2560 bf16_weights=false elapsed_ms=0.000
kiln_profile_vulkan_backend_mlp_stage stage=weight_cache_down batch=1 seq_len=22 hidden=2560 intermediate=9216 out_dim=2560 bf16_weights=false elapsed_ms=0.000
kiln_profile_vulkan_backend_mlp_stage stage=kernel_dispatch batch=1 seq_len=22 hidden=2560 intermediate=9216 out_dim=2560 bf16_weights=false elapsed_ms=24.931
kiln_profile_vulkan_backend_mlp_stage stage=output_reshape batch=1 seq_len=22 hidden=2560 intermediate=9216 out_dim=2560 bf16_weights=false elapsed_ms=0.000
kiln_profile_vulkan_backend_mlp_stage stage=total batch=1 seq_len=22 hidden=2560 intermediate=9216 out_dim=2560 bf16_weights=false elapsed_ms=24.933
kiln_profile_vulkan_backend_mlp_stage stage=dispatch_x batch=1 seq_len=23 hidden=2560 intermediate=9216 out_dim=2560 bf16_weights=false elapsed_ms=0.000
kiln_profile_vulkan_backend_mlp_stage stage=weight_cache_gate batch=1 seq_len=23 hidden=2560 intermediate=9216 out_dim=2560 bf16_weights=false elapsed_ms=0.001
kiln_profile_vulkan_backend_mlp_stage stage=weight_cache_up batch=1 seq_len=23 hidden=2560 intermediate=9216 out_dim=2560 bf16_weights=false elapsed_ms=0.001
kiln_profile_vulkan_backend_mlp_stage stage=weight_cache_down batch=1 seq_len=23 hidden=2560 intermediate=9216 out_dim=2560 bf16_weights=false elapsed_ms=0.000
kiln_profile_vulkan_backend_mlp_stage stage=kernel_dispatch batch=1 seq_len=23 hidden=2560 intermediate=9216 out_dim=2560 bf16_weights=false elapsed_ms=40.434
kiln_profile_vulkan_backend_mlp_stage stage=output_reshape batch=1 seq_len=23 hidden=2560 intermediate=9216 out_dim=2560 bf16_weights=false elapsed_ms=0.000
kiln_profile_vulkan_backend_mlp_stage stage=total batch=1 seq_len=23 hidden=2560 intermediate=9216 out_dim=2560 bf16_weights=false elapsed_ms=40.437
kiln_profile_vulkan_backend_mlp_stage stage=dispatch_x batch=1 seq_len=23 hidden=2560 intermediate=9216 out_dim=2560 bf16_weights=false elapsed_ms=0.000
kiln_profile_vulkan_backend_mlp_stage stage=weight_cache_gate batch=1 seq_len=23 hidden=2560 intermediate=9216 out_dim=2560 bf16_weights=false elapsed_ms=0.001
kiln_profile_vulkan_backend_mlp_stage stage=weight_cache_up batch=1 seq_len=23 hidden=2560 intermediate=9216 out_dim=2560 bf16_weights=false elapsed_ms=0.000
kiln_profile_vulkan_backend_mlp_stage stage=weight_cache_down batch=1 seq_len=23 hidden=2560 intermediate=9216 out_dim=2560 bf16_weights=false elapsed_ms=0.000
kiln_profile_vulkan_backend_mlp_stage stage=kernel_dispatch batch=1 seq_len=23 hidden=2560 intermediate=9216 out_dim=2560 bf16_weights=false elapsed_ms=17.336
kiln_profile_vulkan_backend_mlp_stage stage=output_reshape batch=1 seq_len=23 hidden=2560 intermediate=9216 out_dim=2560 bf16_weights=false elapsed_ms=0.000
kiln_profile_vulkan_backend_mlp_stage stage=total batch=1 seq_len=23 hidden=2560 intermediate=9216 out_dim=2560 bf16_weights=false elapsed_ms=17.339
kiln_profile_vulkan_backend_mlp_stage stage=dispatch_x batch=1 seq_len=23 hidden=2560 intermediate=9216 out_dim=2560 bf16_weights=false elapsed_ms=0.000
kiln_profile_vulkan_backend_mlp_stage stage=weight_cache_gate batch=1 seq_len=23 hidden=2560 intermediate=9216 out_dim=2560 bf16_weights=false elapsed_ms=0.001
kiln_profile_vulkan_backend_mlp_stage stage=weight_cache_up batch=1 seq_len=23 hidden=2560 intermediate=9216 out_dim=2560 bf16_weights=false elapsed_ms=0.001
kiln_profile_vulkan_backend_mlp_stage stage=weight_cache_down batch=1 seq_len=23 hidden=2560 intermediate=9216 out_dim=2560 bf16_weights=false elapsed_ms=0.000
kiln_profile_vulkan_backend_mlp_stage stage=kernel_dispatch batch=1 seq_len=23 hidden=2560 intermediate=9216 out_dim=2560 bf16_weights=false elapsed_ms=18.932
kiln_profile_vulkan_backend_mlp_stage stage=output_reshape batch=1 seq_len=23 hidden=2560 intermediate=9216 out_dim=2560 bf16_weights=false elapsed_ms=0.000
kiln_profile_vulkan_backend_mlp_stage stage=total batch=1 seq_len=23 hidden=2560 intermediate=9216 out_dim=2560 bf16_weights=false elapsed_ms=18.936
kiln_profile_vulkan_backend_mlp_stage stage=dispatch_x batch=1 seq_len=22 hidden=2560 intermediate=9216 out_dim=2560 bf16_weights=false elapsed_ms=0.000
kiln_profile_vulkan_backend_mlp_stage stage=weight_cache_gate batch=1 seq_len=22 hidden=2560 intermediate=9216 out_dim=2560 bf16_weights=false elapsed_ms=0.001
kiln_profile_vulkan_backend_mlp_stage stage=weight_cache_up batch=1 seq_len=22 hidden=2560 intermediate=9216 out_dim=2560 bf16_weights=false elapsed_ms=0.000
kiln_profile_vulkan_backend_mlp_stage stage=weight_cache_down batch=1 seq_len=22 hidden=2560 intermediate=9216 out_dim=2560 bf16_weights=false elapsed_ms=0.000
kiln_profile_vulkan_backend_mlp_stage stage=kernel_dispatch batch=1 seq_len=22 hidden=2560 intermediate=9216 out_dim=2560 bf16_weights=false elapsed_ms=16.897
kiln_profile_vulkan_backend_mlp_stage stage=output_reshape batch=1 seq_len=22 hidden=2560 intermediate=9216 out_dim=2560 bf16_weights=false elapsed_ms=0.000
kiln_profile_vulkan_backend_mlp_stage stage=total batch=1 seq_len=22 hidden=2560 intermediate=9216 out_dim=2560 bf16_weights=false elapsed_ms=16.901
kiln_profile_vulkan_backend_mlp_stage stage=dispatch_x batch=1 seq_len=23 hidden=2560 intermediate=9216 out_dim=2560 bf16_weights=false elapsed_ms=0.000
kiln_profile_vulkan_backend_mlp_stage stage=weight_cache_gate batch=1 seq_len=23 hidden=2560 intermediate=9216 out_dim=2560 bf16_weights=false elapsed_ms=0.001
kiln_profile_vulkan_backend_mlp_stage stage=weight_cache_up batch=1 seq_len=23 hidden=2560 intermediate=9216 out_dim=2560 bf16_weights=false elapsed_ms=0.000
kiln_profile_vulkan_backend_mlp_stage stage=weight_cache_down batch=1 seq_len=23 hidden=2560 intermediate=9216 out_dim=2560 bf16_weights=false elapsed_ms=0.000
kiln_profile_vulkan_backend_mlp_stage stage=kernel_dispatch batch=1 seq_len=23 hidden=2560 intermediate=9216 out_dim=2560 bf16_weights=false elapsed_ms=16.343
kiln_profile_vulkan_backend_mlp_stage stage=output_reshape batch=1 seq_len=23 hidden=2560 intermediate=9216 out_dim=2560 bf16_weights=false elapsed_ms=0.000
kiln_profile_vulkan_backend_mlp_stage stage=total batch=1 seq_len=23 hidden=2560 intermediate=9216 out_dim=2560 bf16_weights=false elapsed_ms=16.346
kiln_profile_vulkan_backend_mlp_stage stage=dispatch_x batch=1 seq_len=23 hidden=2560 intermediate=9216 out_dim=2560 bf16_weights=false elapsed_ms=0.000
kiln_profile_vulkan_backend_mlp_stage stage=weight_cache_gate batch=1 seq_len=23 hidden=2560 intermediate=9216 out_dim=2560 bf16_weights=false elapsed_ms=0.002
kiln_profile_vulkan_backend_mlp_stage stage=weight_cache_up batch=1 seq_len=23 hidden=2560 intermediate=9216 out_dim=2560 bf16_weights=false elapsed_ms=0.001
kiln_profile_vulkan_backend_mlp_stage stage=weight_cache_down batch=1 seq_len=23 hidden=2560 intermediate=9216 out_dim=2560 bf16_weights=false elapsed_ms=0.001
kiln_profile_vulkan_backend_mlp_stage stage=kernel_dispatch batch=1 seq_len=23 hidden=2560 intermediate=9216 out_dim=2560 bf16_weights=false elapsed_ms=20.420
kiln_profile_vulkan_backend_mlp_stage stage=output_reshape batch=1 seq_len=23 hidden=2560 intermediate=9216 out_dim=2560 bf16_weights=false elapsed_ms=0.000
kiln_profile_vulkan_backend_mlp_stage stage=total batch=1 seq_len=23 hidden=2560 intermediate=9216 out_dim=2560 bf16_weights=false elapsed_ms=20.426
kiln_profile_vulkan_backend_mlp_stage stage=dispatch_x batch=1 seq_len=23 hidden=2560 intermediate=9216 out_dim=2560 bf16_weights=false elapsed_ms=0.000
kiln_profile_vulkan_backend_mlp_stage stage=weight_cache_gate batch=1 seq_len=23 hidden=2560 intermediate=9216 out_dim=2560 bf16_weights=false elapsed_ms=0.000
kiln_profile_vulkan_backend_mlp_stage stage=weight_cache_up batch=1 seq_len=23 hidden=2560 intermediate=9216 out_dim=2560 bf16_weights=false elapsed_ms=0.001
kiln_profile_vulkan_backend_mlp_stage stage=weight_cache_down batch=1 seq_len=23 hidden=2560 intermediate=9216 out_dim=2560 bf16_weights=false elapsed_ms=0.000
kiln_profile_vulkan_backend_mlp_stage stage=kernel_dispatch batch=1 seq_len=23 hidden=2560 intermediate=9216 out_dim=2560 bf16_weights=false elapsed_ms=18.595
kiln_profile_vulkan_backend_mlp_stage stage=output_reshape batch=1 seq_len=23 hidden=2560 intermediate=9216 out_dim=2560 bf16_weights=false elapsed_ms=0.000
kiln_profile_vulkan_backend_mlp_stage stage=total batch=1 seq_len=23 hidden=2560 intermediate=9216 out_dim=2560 bf16_weights=false elapsed_ms=18.598
kiln_profile_vulkan_backend_mlp_stage stage=dispatch_x batch=1 seq_len=23 hidden=2560 intermediate=9216 out_dim=2560 bf16_weights=false elapsed_ms=0.000
kiln_profile_vulkan_backend_mlp_stage stage=weight_cache_gate batch=1 seq_len=23 hidden=2560 intermediate=9216 out_dim=2560 bf16_weights=false elapsed_ms=0.000
kiln_profile_vulkan_backend_mlp_stage stage=weight_cache_up batch=1 seq_len=23 hidden=2560 intermediate=9216 out_dim=2560 bf16_weights=false elapsed_ms=0.000
kiln_profile_vulkan_backend_mlp_stage stage=weight_cache_down batch=1 seq_len=23 hidden=2560 intermediate=9216 out_dim=2560 bf16_weights=false elapsed_ms=0.000
kiln_profile_vulkan_backend_mlp_stage stage=kernel_dispatch batch=1 seq_len=23 hidden=2560 intermediate=9216 out_dim=2560 bf16_weights=false elapsed_ms=24.152
kiln_profile_vulkan_backend_mlp_stage stage=output_reshape batch=1 seq_len=23 hidden=2560 intermediate=9216 out_dim=2560 bf16_weights=false elapsed_ms=0.000
kiln_profile_vulkan_backend_mlp_stage stage=total batch=1 seq_len=23 hidden=2560 intermediate=9216 out_dim=2560 bf16_weights=false elapsed_ms=24.153
kiln_profile_vulkan_backend_mlp_stage stage=dispatch_x batch=1 seq_len=22 hidden=2560 intermediate=9216 out_dim=2560 bf16_weights=false elapsed_ms=0.000
kiln_profile_vulkan_backend_mlp_stage stage=weight_cache_gate batch=1 seq_len=22 hidden=2560 intermediate=9216 out_dim=2560 bf16_weights=false elapsed_ms=0.000
kiln_profile_vulkan_backend_mlp_stage stage=weight_cache_up batch=1 seq_len=22 hidden=2560 intermediate=9216 out_dim=2560 bf16_weights=false elapsed_ms=0.000
kiln_profile_vulkan_backend_mlp_stage stage=weight_cache_down batch=1 seq_len=22 hidden=2560 intermediate=9216 out_dim=2560 bf16_weights=false elapsed_ms=0.000
kiln_profile_vulkan_backend_mlp_stage stage=kernel_dispatch batch=1 seq_len=22 hidden=2560 intermediate=9216 out_dim=2560 bf16_weights=false elapsed_ms=47.602
kiln_profile_vulkan_backend_mlp_stage stage=output_reshape batch=1 seq_len=22 hidden=2560 intermediate=9216 out_dim=2560 bf16_weights=false elapsed_ms=0.000
kiln_profile_vulkan_backend_mlp_stage stage=total batch=1 seq_len=22 hidden=2560 intermediate=9216 out_dim=2560 bf16_weights=false elapsed_ms=47.606
kiln_profile_vulkan_backend_mlp_stage stage=dispatch_x batch=1 seq_len=23 hidden=2560 intermediate=9216 out_dim=2560 bf16_weights=false elapsed_ms=0.000
kiln_profile_vulkan_backend_mlp_stage stage=weight_cache_gate batch=1 seq_len=23 hidden=2560 intermediate=9216 out_dim=2560 bf16_weights=false elapsed_ms=0.000
kiln_profile_vulkan_backend_mlp_stage stage=weight_cache_up batch=1 seq_len=23 hidden=2560 intermediate=9216 out_dim=2560 bf16_weights=false elapsed_ms=0.000
kiln_profile_vulkan_backend_mlp_stage stage=weight_cache_down batch=1 seq_len=23 hidden=2560 intermediate=9216 out_dim=2560 bf16_weights=false elapsed_ms=0.000
kiln_profile_vulkan_backend_mlp_stage stage=kernel_dispatch batch=1 seq_len=23 hidden=2560 intermediate=9216 out_dim=2560 bf16_weights=false elapsed_ms=17.855
kiln_profile_vulkan_backend_mlp_stage stage=output_reshape batch=1 seq_len=23 hidden=2560 intermediate=9216 out_dim=2560 bf16_weights=false elapsed_ms=0.000
kiln_profile_vulkan_backend_mlp_stage stage=total batch=1 seq_len=23 hidden=2560 intermediate=9216 out_dim=2560 bf16_weights=false elapsed_ms=17.858
kiln_profile_vulkan_backend_mlp_stage stage=dispatch_x batch=1 seq_len=23 hidden=2560 intermediate=9216 out_dim=2560 bf16_weights=false elapsed_ms=0.000
kiln_profile_vulkan_backend_mlp_stage stage=weight_cache_gate batch=1 seq_len=23 hidden=2560 intermediate=9216 out_dim=2560 bf16_weights=false elapsed_ms=0.000
kiln_profile_vulkan_backend_mlp_stage stage=weight_cache_up batch=1 seq_len=23 hidden=2560 intermediate=9216 out_dim=2560 bf16_weights=false elapsed_ms=0.001
kiln_profile_vulkan_backend_mlp_stage stage=weight_cache_down batch=1 seq_len=23 hidden=2560 intermediate=9216 out_dim=2560 bf16_weights=false elapsed_ms=0.001
kiln_profile_vulkan_backend_mlp_stage stage=kernel_dispatch batch=1 seq_len=23 hidden=2560 intermediate=9216 out_dim=2560 bf16_weights=false elapsed_ms=22.314
kiln_profile_vulkan_backend_mlp_stage stage=output_reshape batch=1 seq_len=23 hidden=2560 intermediate=9216 out_dim=2560 bf16_weights=false elapsed_ms=0.000
kiln_profile_vulkan_backend_mlp_stage stage=total batch=1 seq_len=23 hidden=2560 intermediate=9216 out_dim=2560 bf16_weights=false elapsed_ms=22.318
kiln_profile_vulkan_backend_mlp_stage stage=dispatch_x batch=1 seq_len=23 hidden=2560 intermediate=9216 out_dim=2560 bf16_weights=false elapsed_ms=0.000
kiln_profile_vulkan_backend_mlp_stage stage=weight_cache_gate batch=1 seq_len=23 hidden=2560 intermediate=9216 out_dim=2560 bf16_weights=false elapsed_ms=0.001
kiln_profile_vulkan_backend_mlp_stage stage=weight_cache_up batch=1 seq_len=23 hidden=2560 intermediate=9216 out_dim=2560 bf16_weights=false elapsed_ms=0.000
kiln_profile_vulkan_backend_mlp_stage stage=weight_cache_down batch=1 seq_len=23 hidden=2560 intermediate=9216 out_dim=2560 bf16_weights=false elapsed_ms=0.000
kiln_profile_vulkan_backend_mlp_stage stage=kernel_dispatch batch=1 seq_len=23 hidden=2560 intermediate=9216 out_dim=2560 bf16_weights=false elapsed_ms=32.131
kiln_profile_vulkan_backend_mlp_stage stage=output_reshape batch=1 seq_len=23 hidden=2560 intermediate=9216 out_dim=2560 bf16_weights=false elapsed_ms=0.000
kiln_profile_vulkan_backend_mlp_stage stage=total batch=1 seq_len=23 hidden=2560 intermediate=9216 out_dim=2560 bf16_weights=false elapsed_ms=32.134
kiln_profile_vulkan_backend_mlp_stage stage=dispatch_x batch=1 seq_len=22 hidden=2560 intermediate=9216 out_dim=2560 bf16_weights=false elapsed_ms=0.000
kiln_profile_vulkan_backend_mlp_stage stage=weight_cache_gate batch=1 seq_len=22 hidden=2560 intermediate=9216 out_dim=2560 bf16_weights=false elapsed_ms=0.000
kiln_profile_vulkan_backend_mlp_stage stage=weight_cache_up batch=1 seq_len=22 hidden=2560 intermediate=9216 out_dim=2560 bf16_weights=false elapsed_ms=0.000
kiln_profile_vulkan_backend_mlp_stage stage=weight_cache_down batch=1 seq_len=22 hidden=2560 intermediate=9216 out_dim=2560 bf16_weights=false elapsed_ms=0.001
kiln_profile_vulkan_backend_mlp_stage stage=kernel_dispatch batch=1 seq_len=22 hidden=2560 intermediate=9216 out_dim=2560 bf16_weights=false elapsed_ms=34.755
kiln_profile_vulkan_backend_mlp_stage stage=output_reshape batch=1 seq_len=22 hidden=2560 intermediate=9216 out_dim=2560 bf16_weights=false elapsed_ms=0.000
kiln_profile_vulkan_backend_mlp_stage stage=total batch=1 seq_len=22 hidden=2560 intermediate=9216 out_dim=2560 bf16_weights=false elapsed_ms=34.758
kiln_profile_vulkan_backend_mlp_stage stage=dispatch_x batch=1 seq_len=23 hidden=2560 intermediate=9216 out_dim=2560 bf16_weights=false elapsed_ms=0.000
kiln_profile_vulkan_backend_mlp_stage stage=weight_cache_gate batch=1 seq_len=23 hidden=2560 intermediate=9216 out_dim=2560 bf16_weights=false elapsed_ms=0.000
kiln_profile_vulkan_backend_mlp_stage stage=weight_cache_up batch=1 seq_len=23 hidden=2560 intermediate=9216 out_dim=2560 bf16_weights=false elapsed_ms=0.000
kiln_profile_vulkan_backend_mlp_stage stage=weight_cache_down batch=1 seq_len=23 hidden=2560 intermediate=9216 out_dim=2560 bf16_weights=false elapsed_ms=0.000
kiln_profile_vulkan_backend_mlp_stage stage=kernel_dispatch batch=1 seq_len=23 hidden=2560 intermediate=9216 out_dim=2560 bf16_weights=false elapsed_ms=13.518
kiln_profile_vulkan_backend_mlp_stage stage=output_reshape batch=1 seq_len=23 hidden=2560 intermediate=9216 out_dim=2560 bf16_weights=false elapsed_ms=0.001
kiln_profile_vulkan_backend_mlp_stage stage=total batch=1 seq_len=23 hidden=2560 intermediate=9216 out_dim=2560 bf16_weights=false elapsed_ms=13.522
kiln_profile_vulkan_backend_mlp_stage stage=dispatch_x batch=1 seq_len=23 hidden=2560 intermediate=9216 out_dim=2560 bf16_weights=false elapsed_ms=0.000
kiln_profile_vulkan_backend_mlp_stage stage=weight_cache_gate batch=1 seq_len=23 hidden=2560 intermediate=9216 out_dim=2560 bf16_weights=false elapsed_ms=0.000
kiln_profile_vulkan_backend_mlp_stage stage=weight_cache_up batch=1 seq_len=23 hidden=2560 intermediate=9216 out_dim=2560 bf16_weights=false elapsed_ms=0.000
kiln_profile_vulkan_backend_mlp_stage stage=weight_cache_down batch=1 seq_len=23 hidden=2560 intermediate=9216 out_dim=2560 bf16_weights=false elapsed_ms=0.000
kiln_profile_vulkan_backend_mlp_stage stage=kernel_dispatch batch=1 seq_len=23 hidden=2560 intermediate=9216 out_dim=2560 bf16_weights=false elapsed_ms=18.315
kiln_profile_vulkan_backend_mlp_stage stage=output_reshape batch=1 seq_len=23 hidden=2560 intermediate=9216 out_dim=2560 bf16_weights=false elapsed_ms=0.000
kiln_profile_vulkan_backend_mlp_stage stage=total batch=1 seq_len=23 hidden=2560 intermediate=9216 out_dim=2560 bf16_weights=false elapsed_ms=18.318
kiln_profile_vulkan_backend_mlp_stage stage=dispatch_x batch=1 seq_len=22 hidden=2560 intermediate=9216 out_dim=2560 bf16_weights=false elapsed_ms=0.000
kiln_profile_vulkan_backend_mlp_stage stage=weight_cache_gate batch=1 seq_len=22 hidden=2560 intermediate=9216 out_dim=2560 bf16_weights=false elapsed_ms=0.000
kiln_profile_vulkan_backend_mlp_stage stage=weight_cache_up batch=1 seq_len=22 hidden=2560 intermediate=9216 out_dim=2560 bf16_weights=false elapsed_ms=0.000
kiln_profile_vulkan_backend_mlp_stage stage=weight_cache_down batch=1 seq_len=22 hidden=2560 intermediate=9216 out_dim=2560 bf16_weights=false elapsed_ms=0.000
kiln_profile_vulkan_backend_mlp_stage stage=kernel_dispatch batch=1 seq_len=22 hidden=2560 intermediate=9216 out_dim=2560 bf16_weights=false elapsed_ms=13.537
kiln_profile_vulkan_backend_mlp_stage stage=output_reshape batch=1 seq_len=22 hidden=2560 intermediate=9216 out_dim=2560 bf16_weights=false elapsed_ms=0.000
kiln_profile_vulkan_backend_mlp_stage stage=total batch=1 seq_len=22 hidden=2560 intermediate=9216 out_dim=2560 bf16_weights=false elapsed_ms=13.540
kiln_profile_vulkan_backend_mlp_stage stage=dispatch_x batch=1 seq_len=23 hidden=2560 intermediate=9216 out_dim=2560 bf16_weights=false elapsed_ms=0.000
kiln_profile_vulkan_backend_mlp_stage stage=weight_cache_gate batch=1 seq_len=23 hidden=2560 intermediate=9216 out_dim=2560 bf16_weights=false elapsed_ms=0.000
kiln_profile_vulkan_backend_mlp_stage stage=weight_cache_up batch=1 seq_len=23 hidden=2560 intermediate=9216 out_dim=2560 bf16_weights=false elapsed_ms=0.000
kiln_profile_vulkan_backend_mlp_stage stage=weight_cache_down batch=1 seq_len=23 hidden=2560 intermediate=9216 out_dim=2560 bf16_weights=false elapsed_ms=0.000
kiln_profile_vulkan_backend_mlp_stage stage=kernel_dispatch batch=1 seq_len=23 hidden=2560 intermediate=9216 out_dim=2560 bf16_weights=false elapsed_ms=18.198
kiln_profile_vulkan_backend_mlp_stage stage=output_reshape batch=1 seq_len=23 hidden=2560 intermediate=9216 out_dim=2560 bf16_weights=false elapsed_ms=0.001
kiln_profile_vulkan_backend_mlp_stage stage=total batch=1 seq_len=23 hidden=2560 intermediate=9216 out_dim=2560 bf16_weights=false elapsed_ms=18.201
kiln_profile_vulkan_backend_mlp_stage stage=dispatch_x batch=1 seq_len=23 hidden=2560 intermediate=9216 out_dim=2560 bf16_weights=false elapsed_ms=0.000
kiln_profile_vulkan_backend_mlp_stage stage=weight_cache_gate batch=1 seq_len=23 hidden=2560 intermediate=9216 out_dim=2560 bf16_weights=false elapsed_ms=0.000
kiln_profile_vulkan_backend_mlp_stage stage=weight_cache_up batch=1 seq_len=23 hidden=2560 intermediate=9216 out_dim=2560 bf16_weights=false elapsed_ms=0.000
kiln_profile_vulkan_backend_mlp_stage stage=weight_cache_down batch=1 seq_len=23 hidden=2560 intermediate=9216 out_dim=2560 bf16_weights=false elapsed_ms=0.000
kiln_profile_vulkan_backend_mlp_stage stage=kernel_dispatch batch=1 seq_len=23 hidden=2560 intermediate=9216 out_dim=2560 bf16_weights=false elapsed_ms=8.675
kiln_profile_vulkan_backend_mlp_stage stage=output_reshape batch=1 seq_len=23 hidden=2560 intermediate=9216 out_dim=2560 bf16_weights=false elapsed_ms=0.000
kiln_profile_vulkan_backend_mlp_stage stage=total batch=1 seq_len=23 hidden=2560 intermediate=9216 out_dim=2560 bf16_weights=false elapsed_ms=8.678
kiln_profile_vulkan_backend_mlp_stage stage=dispatch_x batch=1 seq_len=23 hidden=2560 intermediate=9216 out_dim=2560 bf16_weights=false elapsed_ms=0.000
kiln_profile_vulkan_backend_mlp_stage stage=weight_cache_gate batch=1 seq_len=23 hidden=2560 intermediate=9216 out_dim=2560 bf16_weights=false elapsed_ms=0.000
kiln_profile_vulkan_backend_mlp_stage stage=weight_cache_up batch=1 seq_len=23 hidden=2560 intermediate=9216 out_dim=2560 bf16_weights=false elapsed_ms=0.000
kiln_profile_vulkan_backend_mlp_stage stage=weight_cache_down batch=1 seq_len=23 hidden=2560 intermediate=9216 out_dim=2560 bf16_weights=false elapsed_ms=0.000
kiln_profile_vulkan_backend_mlp_stage stage=kernel_dispatch batch=1 seq_len=23 hidden=2560 intermediate=9216 out_dim=2560 bf16_weights=false elapsed_ms=14.959
kiln_profile_vulkan_backend_mlp_stage stage=output_reshape batch=1 seq_len=23 hidden=2560 intermediate=9216 out_dim=2560 bf16_weights=false elapsed_ms=0.000
kiln_profile_vulkan_backend_mlp_stage stage=total batch=1 seq_len=23 hidden=2560 intermediate=9216 out_dim=2560 bf16_weights=false elapsed_ms=14.962
kiln_profile_vulkan_backend_mlp_stage stage=dispatch_x batch=1 seq_len=22 hidden=2560 intermediate=9216 out_dim=2560 bf16_weights=false elapsed_ms=0.000
kiln_profile_vulkan_backend_mlp_stage stage=weight_cache_gate batch=1 seq_len=22 hidden=2560 intermediate=9216 out_dim=2560 bf16_weights=false elapsed_ms=0.000
kiln_profile_vulkan_backend_mlp_stage stage=weight_cache_up batch=1 seq_len=22 hidden=2560 intermediate=9216 out_dim=2560 bf16_weights=false elapsed_ms=0.000
kiln_profile_vulkan_backend_mlp_stage stage=weight_cache_down batch=1 seq_len=22 hidden=2560 intermediate=9216 out_dim=2560 bf16_weights=false elapsed_ms=0.000
kiln_profile_vulkan_backend_mlp_stage stage=kernel_dispatch batch=1 seq_len=22 hidden=2560 intermediate=9216 out_dim=2560 bf16_weights=false elapsed_ms=20.564
kiln_profile_vulkan_backend_mlp_stage stage=output_reshape batch=1 seq_len=22 hidden=2560 intermediate=9216 out_dim=2560 bf16_weights=false elapsed_ms=0.000
kiln_profile_vulkan_backend_mlp_stage stage=total batch=1 seq_len=22 hidden=2560 intermediate=9216 out_dim=2560 bf16_weights=false elapsed_ms=20.567
kiln_profile_vulkan_backend_mlp_stage stage=dispatch_x batch=1 seq_len=23 hidden=2560 intermediate=9216 out_dim=2560 bf16_weights=false elapsed_ms=0.000
kiln_profile_vulkan_backend_mlp_stage stage=weight_cache_gate batch=1 seq_len=23 hidden=2560 intermediate=9216 out_dim=2560 bf16_weights=false elapsed_ms=0.001
kiln_profile_vulkan_backend_mlp_stage stage=weight_cache_up batch=1 seq_len=23 hidden=2560 intermediate=9216 out_dim=2560 bf16_weights=false elapsed_ms=0.000
kiln_profile_vulkan_backend_mlp_stage stage=weight_cache_down batch=1 seq_len=23 hidden=2560 intermediate=9216 out_dim=2560 bf16_weights=false elapsed_ms=0.000
kiln_profile_vulkan_backend_mlp_stage stage=kernel_dispatch batch=1 seq_len=23 hidden=2560 intermediate=9216 out_dim=2560 bf16_weights=false elapsed_ms=17.023
kiln_profile_vulkan_backend_mlp_stage stage=output_reshape batch=1 seq_len=23 hidden=2560 intermediate=9216 out_dim=2560 bf16_weights=false elapsed_ms=0.000
kiln_profile_vulkan_backend_mlp_stage stage=total batch=1 seq_len=23 hidden=2560 intermediate=9216 out_dim=2560 bf16_weights=false elapsed_ms=17.026
kiln_profile_vulkan_backend_mlp_stage stage=dispatch_x batch=1 seq_len=23 hidden=2560 intermediate=9216 out_dim=2560 bf16_weights=false elapsed_ms=0.000
kiln_profile_vulkan_backend_mlp_stage stage=weight_cache_gate batch=1 seq_len=23 hidden=2560 intermediate=9216 out_dim=2560 bf16_weights=false elapsed_ms=0.001
kiln_profile_vulkan_backend_mlp_stage stage=weight_cache_up batch=1 seq_len=23 hidden=2560 intermediate=9216 out_dim=2560 bf16_weights=false elapsed_ms=0.002
kiln_profile_vulkan_backend_mlp_stage stage=weight_cache_down batch=1 seq_len=23 hidden=2560 intermediate=9216 out_dim=2560 bf16_weights=false elapsed_ms=0.001
kiln_profile_vulkan_backend_mlp_stage stage=kernel_dispatch batch=1 seq_len=23 hidden=2560 intermediate=9216 out_dim=2560 bf16_weights=false elapsed_ms=17.281
kiln_profile_vulkan_backend_mlp_stage stage=output_reshape batch=1 seq_len=23 hidden=2560 intermediate=9216 out_dim=2560 bf16_weights=false elapsed_ms=0.000
kiln_profile_vulkan_backend_mlp_stage stage=total batch=1 seq_len=23 hidden=2560 intermediate=9216 out_dim=2560 bf16_weights=false elapsed_ms=17.287
kiln_profile_vulkan_backend_mlp_stage stage=dispatch_x batch=1 seq_len=23 hidden=2560 intermediate=9216 out_dim=2560 bf16_weights=false elapsed_ms=0.000
kiln_profile_vulkan_backend_mlp_stage stage=weight_cache_gate batch=1 seq_len=23 hidden=2560 intermediate=9216 out_dim=2560 bf16_weights=false elapsed_ms=0.001
kiln_profile_vulkan_backend_mlp_stage stage=weight_cache_up batch=1 seq_len=23 hidden=2560 intermediate=9216 out_dim=2560 bf16_weights=false elapsed_ms=0.000
kiln_profile_vulkan_backend_mlp_stage stage=weight_cache_down batch=1 seq_len=23 hidden=2560 intermediate=9216 out_dim=2560 bf16_weights=false elapsed_ms=0.000
kiln_profile_vulkan_backend_mlp_stage stage=kernel_dispatch batch=1 seq_len=23 hidden=2560 intermediate=9216 out_dim=2560 bf16_weights=false elapsed_ms=19.947
kiln_profile_vulkan_backend_mlp_stage stage=output_reshape batch=1 seq_len=23 hidden=2560 intermediate=9216 out_dim=2560 bf16_weights=false elapsed_ms=0.000
kiln_profile_vulkan_backend_mlp_stage stage=total batch=1 seq_len=23 hidden=2560 intermediate=9216 out_dim=2560 bf16_weights=false elapsed_ms=19.950
kiln_profile_vulkan_backend_mlp_stage stage=dispatch_x batch=1 seq_len=22 hidden=2560 intermediate=9216 out_dim=2560 bf16_weights=false elapsed_ms=0.000
kiln_profile_vulkan_backend_mlp_stage stage=weight_cache_gate batch=1 seq_len=22 hidden=2560 intermediate=9216 out_dim=2560 bf16_weights=false elapsed_ms=0.000
kiln_profile_vulkan_backend_mlp_stage stage=weight_cache_up batch=1 seq_len=22 hidden=2560 intermediate=9216 out_dim=2560 bf16_weights=false elapsed_ms=0.000
kiln_profile_vulkan_backend_mlp_stage stage=weight_cache_down batch=1 seq_len=22 hidden=2560 intermediate=9216 out_dim=2560 bf16_weights=false elapsed_ms=0.000
kiln_profile_vulkan_backend_mlp_stage stage=kernel_dispatch batch=1 seq_len=22 hidden=2560 intermediate=9216 out_dim=2560 bf16_weights=false elapsed_ms=21.832
kiln_profile_vulkan_backend_mlp_stage stage=output_reshape batch=1 seq_len=22 hidden=2560 intermediate=9216 out_dim=2560 bf16_weights=false elapsed_ms=0.000
kiln_profile_vulkan_backend_mlp_stage stage=total batch=1 seq_len=22 hidden=2560 intermediate=9216 out_dim=2560 bf16_weights=false elapsed_ms=21.834
kiln_profile_vulkan_backend_mlp_stage stage=dispatch_x batch=1 seq_len=23 hidden=2560 intermediate=9216 out_dim=2560 bf16_weights=false elapsed_ms=0.000
kiln_profile_vulkan_backend_mlp_stage stage=weight_cache_gate batch=1 seq_len=23 hidden=2560 intermediate=9216 out_dim=2560 bf16_weights=false elapsed_ms=0.001
kiln_profile_vulkan_backend_mlp_stage stage=weight_cache_up batch=1 seq_len=23 hidden=2560 intermediate=9216 out_dim=2560 bf16_weights=false elapsed_ms=0.000
kiln_profile_vulkan_backend_mlp_stage stage=weight_cache_down batch=1 seq_len=23 hidden=2560 intermediate=9216 out_dim=2560 bf16_weights=false elapsed_ms=0.000
kiln_profile_vulkan_backend_mlp_stage stage=kernel_dispatch batch=1 seq_len=23 hidden=2560 intermediate=9216 out_dim=2560 bf16_weights=false elapsed_ms=34.530
kiln_profile_vulkan_backend_mlp_stage stage=output_reshape batch=1 seq_len=23 hidden=2560 intermediate=9216 out_dim=2560 bf16_weights=false elapsed_ms=0.000
kiln_profile_vulkan_backend_mlp_stage stage=total batch=1 seq_len=23 hidden=2560 intermediate=9216 out_dim=2560 bf16_weights=false elapsed_ms=34.533
kiln_profile_vulkan_backend_mlp_stage stage=dispatch_x batch=1 seq_len=23 hidden=2560 intermediate=9216 out_dim=2560 bf16_weights=false elapsed_ms=0.000
kiln_profile_vulkan_backend_mlp_stage stage=weight_cache_gate batch=1 seq_len=23 hidden=2560 intermediate=9216 out_dim=2560 bf16_weights=false elapsed_ms=0.001
kiln_profile_vulkan_backend_mlp_stage stage=weight_cache_up batch=1 seq_len=23 hidden=2560 intermediate=9216 out_dim=2560 bf16_weights=false elapsed_ms=0.000
kiln_profile_vulkan_backend_mlp_stage stage=weight_cache_down batch=1 seq_len=23 hidden=2560 intermediate=9216 out_dim=2560 bf16_weights=false elapsed_ms=0.001
kiln_profile_vulkan_backend_mlp_stage stage=kernel_dispatch batch=1 seq_len=23 hidden=2560 intermediate=9216 out_dim=2560 bf16_weights=false elapsed_ms=12.934
kiln_profile_vulkan_backend_mlp_stage stage=output_reshape batch=1 seq_len=23 hidden=2560 intermediate=9216 out_dim=2560 bf16_weights=false elapsed_ms=0.000
kiln_profile_vulkan_backend_mlp_stage stage=total batch=1 seq_len=23 hidden=2560 intermediate=9216 out_dim=2560 bf16_weights=false elapsed_ms=12.938
kiln_profile_vulkan_backend_mlp_stage stage=dispatch_x batch=1 seq_len=22 hidden=2560 intermediate=9216 out_dim=2560 bf16_weights=false elapsed_ms=0.000
kiln_profile_vulkan_backend_mlp_stage stage=weight_cache_gate batch=1 seq_len=22 hidden=2560 intermediate=9216 out_dim=2560 bf16_weights=false elapsed_ms=0.000
kiln_profile_vulkan_backend_mlp_stage stage=weight_cache_up batch=1 seq_len=22 hidden=2560 intermediate=9216 out_dim=2560 bf16_weights=false elapsed_ms=0.000
kiln_profile_vulkan_backend_mlp_stage stage=weight_cache_down batch=1 seq_len=22 hidden=2560 intermediate=9216 out_dim=2560 bf16_weights=false elapsed_ms=0.000
kiln_profile_vulkan_backend_mlp_stage stage=kernel_dispatch batch=1 seq_len=22 hidden=2560 intermediate=9216 out_dim=2560 bf16_weights=false elapsed_ms=16.985
kiln_profile_vulkan_backend_mlp_stage stage=output_reshape batch=1 seq_len=22 hidden=2560 intermediate=9216 out_dim=2560 bf16_weights=false elapsed_ms=0.001
kiln_profile_vulkan_backend_mlp_stage stage=total batch=1 seq_len=22 hidden=2560 intermediate=9216 out_dim=2560 bf16_weights=false elapsed_ms=16.987
kiln_profile_vulkan_backend_mlp_stage stage=dispatch_x batch=1 seq_len=23 hidden=2560 intermediate=9216 out_dim=2560 bf16_weights=false elapsed_ms=0.000
kiln_profile_vulkan_backend_mlp_stage stage=weight_cache_gate batch=1 seq_len=23 hidden=2560 intermediate=9216 out_dim=2560 bf16_weights=false elapsed_ms=0.000
kiln_profile_vulkan_backend_mlp_stage stage=weight_cache_up batch=1 seq_len=23 hidden=2560 intermediate=9216 out_dim=2560 bf16_weights=false elapsed_ms=0.000
kiln_profile_vulkan_backend_mlp_stage stage=weight_cache_down batch=1 seq_len=23 hidden=2560 intermediate=9216 out_dim=2560 bf16_weights=false elapsed_ms=0.000
kiln_profile_vulkan_backend_mlp_stage stage=kernel_dispatch batch=1 seq_len=23 hidden=2560 intermediate=9216 out_dim=2560 bf16_weights=false elapsed_ms=22.831
kiln_profile_vulkan_backend_mlp_stage stage=output_reshape batch=1 seq_len=23 hidden=2560 intermediate=9216 out_dim=2560 bf16_weights=false elapsed_ms=0.000
kiln_profile_vulkan_backend_mlp_stage stage=total batch=1 seq_len=23 hidden=2560 intermediate=9216 out_dim=2560 bf16_weights=false elapsed_ms=22.833
kiln_profile_vulkan_backend_mlp_stage stage=dispatch_x batch=1 seq_len=23 hidden=2560 intermediate=9216 out_dim=2560 bf16_weights=false elapsed_ms=0.000
kiln_profile_vulkan_backend_mlp_stage stage=weight_cache_gate batch=1 seq_len=23 hidden=2560 intermediate=9216 out_dim=2560 bf16_weights=false elapsed_ms=0.002
kiln_profile_vulkan_backend_mlp_stage stage=weight_cache_up batch=1 seq_len=23 hidden=2560 intermediate=9216 out_dim=2560 bf16_weights=false elapsed_ms=0.000
kiln_profile_vulkan_backend_mlp_stage stage=weight_cache_down batch=1 seq_len=23 hidden=2560 intermediate=9216 out_dim=2560 bf16_weights=false elapsed_ms=0.000
kiln_profile_vulkan_backend_mlp_stage stage=kernel_dispatch batch=1 seq_len=23 hidden=2560 intermediate=9216 out_dim=2560 bf16_weights=false elapsed_ms=8.402
kiln_profile_vulkan_backend_mlp_stage stage=output_reshape batch=1 seq_len=23 hidden=2560 intermediate=9216 out_dim=2560 bf16_weights=false elapsed_ms=0.000
kiln_profile_vulkan_backend_mlp_stage stage=total batch=1 seq_len=23 hidden=2560 intermediate=9216 out_dim=2560 bf16_weights=false elapsed_ms=8.406
kiln_profile_vulkan_backend_mlp_stage stage=dispatch_x batch=1 seq_len=22 hidden=2560 intermediate=9216 out_dim=2560 bf16_weights=false elapsed_ms=0.000
kiln_profile_vulkan_backend_mlp_stage stage=weight_cache_gate batch=1 seq_len=22 hidden=2560 intermediate=9216 out_dim=2560 bf16_weights=false elapsed_ms=0.001
kiln_profile_vulkan_backend_mlp_stage stage=weight_cache_up batch=1 seq_len=22 hidden=2560 intermediate=9216 out_dim=2560 bf16_weights=false elapsed_ms=0.000
kiln_profile_vulkan_backend_mlp_stage stage=weight_cache_down batch=1 seq_len=22 hidden=2560 intermediate=9216 out_dim=2560 bf16_weights=false elapsed_ms=0.000
kiln_profile_vulkan_backend_mlp_stage stage=kernel_dispatch batch=1 seq_len=22 hidden=2560 intermediate=9216 out_dim=2560 bf16_weights=false elapsed_ms=10.565
kiln_profile_vulkan_backend_mlp_stage stage=output_reshape batch=1 seq_len=22 hidden=2560 intermediate=9216 out_dim=2560 bf16_weights=false elapsed_ms=0.000
kiln_profile_vulkan_backend_mlp_stage stage=total batch=1 seq_len=22 hidden=2560 intermediate=9216 out_dim=2560 bf16_weights=false elapsed_ms=10.568
kiln_profile_vulkan_backend_mlp_stage stage=dispatch_x batch=1 seq_len=23 hidden=2560 intermediate=9216 out_dim=2560 bf16_weights=false elapsed_ms=0.000
kiln_profile_vulkan_backend_mlp_stage stage=weight_cache_gate batch=1 seq_len=23 hidden=2560 intermediate=9216 out_dim=2560 bf16_weights=false elapsed_ms=0.000
kiln_profile_vulkan_backend_mlp_stage stage=weight_cache_up batch=1 seq_len=23 hidden=2560 intermediate=9216 out_dim=2560 bf16_weights=false elapsed_ms=0.000
kiln_profile_vulkan_backend_mlp_stage stage=weight_cache_down batch=1 seq_len=23 hidden=2560 intermediate=9216 out_dim=2560 bf16_weights=false elapsed_ms=0.000
kiln_profile_vulkan_backend_mlp_stage stage=kernel_dispatch batch=1 seq_len=23 hidden=2560 intermediate=9216 out_dim=2560 bf16_weights=false elapsed_ms=28.376
kiln_profile_vulkan_backend_mlp_stage stage=output_reshape batch=1 seq_len=23 hidden=2560 intermediate=9216 out_dim=2560 bf16_weights=false elapsed_ms=0.000
kiln_profile_vulkan_backend_mlp_stage stage=total batch=1 seq_len=23 hidden=2560 intermediate=9216 out_dim=2560 bf16_weights=false elapsed_ms=28.378
kiln_profile_vulkan_backend_mlp_stage stage=dispatch_x batch=1 seq_len=23 hidden=2560 intermediate=9216 out_dim=2560 bf16_weights=false elapsed_ms=0.000
kiln_profile_vulkan_backend_mlp_stage stage=weight_cache_gate batch=1 seq_len=23 hidden=2560 intermediate=9216 out_dim=2560 bf16_weights=false elapsed_ms=0.001
kiln_profile_vulkan_backend_mlp_stage stage=weight_cache_up batch=1 seq_len=23 hidden=2560 intermediate=9216 out_dim=2560 bf16_weights=false elapsed_ms=0.001
kiln_profile_vulkan_backend_mlp_stage stage=weight_cache_down batch=1 seq_len=23 hidden=2560 intermediate=9216 out_dim=2560 bf16_weights=false elapsed_ms=0.000
kiln_profile_vulkan_backend_mlp_stage stage=kernel_dispatch batch=1 seq_len=23 hidden=2560 intermediate=9216 out_dim=2560 bf16_weights=false elapsed_ms=25.310
kiln_profile_vulkan_backend_mlp_stage stage=output_reshape batch=1 seq_len=23 hidden=2560 intermediate=9216 out_dim=2560 bf16_weights=false elapsed_ms=0.000
kiln_profile_vulkan_backend_mlp_stage stage=total batch=1 seq_len=23 hidden=2560 intermediate=9216 out_dim=2560 bf16_weights=false elapsed_ms=25.313
kiln_profile_vulkan_backend_mlp_stage stage=dispatch_x batch=1 seq_len=23 hidden=2560 intermediate=9216 out_dim=2560 bf16_weights=false elapsed_ms=0.000
kiln_profile_vulkan_backend_mlp_stage stage=weight_cache_gate batch=1 seq_len=23 hidden=2560 intermediate=9216 out_dim=2560 bf16_weights=false elapsed_ms=0.001
kiln_profile_vulkan_backend_mlp_stage stage=weight_cache_up batch=1 seq_len=23 hidden=2560 intermediate=9216 out_dim=2560 bf16_weights=false elapsed_ms=0.000
kiln_profile_vulkan_backend_mlp_stage stage=weight_cache_down batch=1 seq_len=23 hidden=2560 intermediate=9216 out_dim=2560 bf16_weights=false elapsed_ms=0.000
kiln_profile_vulkan_backend_mlp_stage stage=kernel_dispatch batch=1 seq_len=23 hidden=2560 intermediate=9216 out_dim=2560 bf16_weights=false elapsed_ms=35.661
kiln_profile_vulkan_backend_mlp_stage stage=output_reshape batch=1 seq_len=23 hidden=2560 intermediate=9216 out_dim=2560 bf16_weights=false elapsed_ms=0.001
kiln_profile_vulkan_backend_mlp_stage stage=total batch=1 seq_len=23 hidden=2560 intermediate=9216 out_dim=2560 bf16_weights=false elapsed_ms=35.667
kiln_profile_vulkan_backend_mlp_stage stage=dispatch_x batch=1 seq_len=22 hidden=2560 intermediate=9216 out_dim=2560 bf16_weights=false elapsed_ms=0.000
kiln_profile_vulkan_backend_mlp_stage stage=weight_cache_gate batch=1 seq_len=22 hidden=2560 intermediate=9216 out_dim=2560 bf16_weights=false elapsed_ms=0.001
kiln_profile_vulkan_backend_mlp_stage stage=weight_cache_up batch=1 seq_len=22 hidden=2560 intermediate=9216 out_dim=2560 bf16_weights=false elapsed_ms=0.001
kiln_profile_vulkan_backend_mlp_stage stage=weight_cache_down batch=1 seq_len=22 hidden=2560 intermediate=9216 out_dim=2560 bf16_weights=false elapsed_ms=0.000
kiln_profile_vulkan_backend_mlp_stage stage=kernel_dispatch batch=1 seq_len=22 hidden=2560 intermediate=9216 out_dim=2560 bf16_weights=false elapsed_ms=12.632
kiln_profile_vulkan_backend_mlp_stage stage=output_reshape batch=1 seq_len=22 hidden=2560 intermediate=9216 out_dim=2560 bf16_weights=false elapsed_ms=0.000
kiln_profile_vulkan_backend_mlp_stage stage=total batch=1 seq_len=22 hidden=2560 intermediate=9216 out_dim=2560 bf16_weights=false elapsed_ms=12.636
kiln_profile_vulkan_backend_mlp_stage stage=dispatch_x batch=1 seq_len=23 hidden=2560 intermediate=9216 out_dim=2560 bf16_weights=false elapsed_ms=0.000
kiln_profile_vulkan_backend_mlp_stage stage=weight_cache_gate batch=1 seq_len=23 hidden=2560 intermediate=9216 out_dim=2560 bf16_weights=false elapsed_ms=0.000
kiln_profile_vulkan_backend_mlp_stage stage=weight_cache_up batch=1 seq_len=23 hidden=2560 intermediate=9216 out_dim=2560 bf16_weights=false elapsed_ms=0.000
kiln_profile_vulkan_backend_mlp_stage stage=weight_cache_down batch=1 seq_len=23 hidden=2560 intermediate=9216 out_dim=2560 bf16_weights=false elapsed_ms=0.000
kiln_profile_vulkan_backend_mlp_stage stage=kernel_dispatch batch=1 seq_len=23 hidden=2560 intermediate=9216 out_dim=2560 bf16_weights=false elapsed_ms=26.457
kiln_profile_vulkan_backend_mlp_stage stage=output_reshape batch=1 seq_len=23 hidden=2560 intermediate=9216 out_dim=2560 bf16_weights=false elapsed_ms=0.000
kiln_profile_vulkan_backend_mlp_stage stage=total batch=1 seq_len=23 hidden=2560 intermediate=9216 out_dim=2560 bf16_weights=false elapsed_ms=26.459
kiln_profile_vulkan_backend_mlp_stage stage=dispatch_x batch=1 seq_len=23 hidden=2560 intermediate=9216 out_dim=2560 bf16_weights=false elapsed_ms=0.000
kiln_profile_vulkan_backend_mlp_stage stage=weight_cache_gate batch=1 seq_len=23 hidden=2560 intermediate=9216 out_dim=2560 bf16_weights=false elapsed_ms=0.000
kiln_profile_vulkan_backend_mlp_stage stage=weight_cache_up batch=1 seq_len=23 hidden=2560 intermediate=9216 out_dim=2560 bf16_weights=false elapsed_ms=0.001
kiln_profile_vulkan_backend_mlp_stage stage=weight_cache_down batch=1 seq_len=23 hidden=2560 intermediate=9216 out_dim=2560 bf16_weights=false elapsed_ms=0.001
kiln_profile_vulkan_backend_mlp_stage stage=kernel_dispatch batch=1 seq_len=23 hidden=2560 intermediate=9216 out_dim=2560 bf16_weights=false elapsed_ms=23.975
kiln_profile_vulkan_backend_mlp_stage stage=output_reshape batch=1 seq_len=23 hidden=2560 intermediate=9216 out_dim=2560 bf16_weights=false elapsed_ms=0.000
kiln_profile_vulkan_backend_mlp_stage stage=total batch=1 seq_len=23 hidden=2560 intermediate=9216 out_dim=2560 bf16_weights=false elapsed_ms=23.978
kiln_profile_vulkan_backend_mlp_stage stage=dispatch_x batch=1 seq_len=23 hidden=2560 intermediate=9216 out_dim=2560 bf16_weights=false elapsed_ms=0.000
kiln_profile_vulkan_backend_mlp_stage stage=weight_cache_gate batch=1 seq_len=23 hidden=2560 intermediate=9216 out_dim=2560 bf16_weights=false elapsed_ms=0.001
kiln_profile_vulkan_backend_mlp_stage stage=weight_cache_up batch=1 seq_len=23 hidden=2560 intermediate=9216 out_dim=2560 bf16_weights=false elapsed_ms=0.000
kiln_profile_vulkan_backend_mlp_stage stage=weight_cache_down batch=1 seq_len=23 hidden=2560 intermediate=9216 out_dim=2560 bf16_weights=false elapsed_ms=0.000
kiln_profile_vulkan_backend_mlp_stage stage=kernel_dispatch batch=1 seq_len=23 hidden=2560 intermediate=9216 out_dim=2560 bf16_weights=false elapsed_ms=14.573
kiln_profile_vulkan_backend_mlp_stage stage=output_reshape batch=1 seq_len=23 hidden=2560 intermediate=9216 out_dim=2560 bf16_weights=false elapsed_ms=0.000
kiln_profile_vulkan_backend_mlp_stage stage=total batch=1 seq_len=23 hidden=2560 intermediate=9216 out_dim=2560 bf16_weights=false elapsed_ms=14.576
kiln_profile_vulkan_backend_mlp_stage stage=dispatch_x batch=1 seq_len=22 hidden=2560 intermediate=9216 out_dim=2560 bf16_weights=false elapsed_ms=0.000
kiln_profile_vulkan_backend_mlp_stage stage=weight_cache_gate batch=1 seq_len=22 hidden=2560 intermediate=9216 out_dim=2560 bf16_weights=false elapsed_ms=0.000
kiln_profile_vulkan_backend_mlp_stage stage=weight_cache_up batch=1 seq_len=22 hidden=2560 intermediate=9216 out_dim=2560 bf16_weights=false elapsed_ms=0.000
kiln_profile_vulkan_backend_mlp_stage stage=weight_cache_down batch=1 seq_len=22 hidden=2560 intermediate=9216 out_dim=2560 bf16_weights=false elapsed_ms=0.000
kiln_profile_vulkan_backend_mlp_stage stage=kernel_dispatch batch=1 seq_len=22 hidden=2560 intermediate=9216 out_dim=2560 bf16_weights=false elapsed_ms=18.962
kiln_profile_vulkan_backend_mlp_stage stage=output_reshape batch=1 seq_len=22 hidden=2560 intermediate=9216 out_dim=2560 bf16_weights=false elapsed_ms=0.000
kiln_profile_vulkan_backend_mlp_stage stage=total batch=1 seq_len=22 hidden=2560 intermediate=9216 out_dim=2560 bf16_weights=false elapsed_ms=18.965
kiln_profile_vulkan_backend_mlp_stage stage=dispatch_x batch=1 seq_len=23 hidden=2560 intermediate=9216 out_dim=2560 bf16_weights=false elapsed_ms=0.000
kiln_profile_vulkan_backend_mlp_stage stage=weight_cache_gate batch=1 seq_len=23 hidden=2560 intermediate=9216 out_dim=2560 bf16_weights=false elapsed_ms=0.000
kiln_profile_vulkan_backend_mlp_stage stage=weight_cache_up batch=1 seq_len=23 hidden=2560 intermediate=9216 out_dim=2560 bf16_weights=false elapsed_ms=0.000
kiln_profile_vulkan_backend_mlp_stage stage=weight_cache_down batch=1 seq_len=23 hidden=2560 intermediate=9216 out_dim=2560 bf16_weights=false elapsed_ms=0.000
kiln_profile_vulkan_backend_mlp_stage stage=kernel_dispatch batch=1 seq_len=23 hidden=2560 intermediate=9216 out_dim=2560 bf16_weights=false elapsed_ms=23.915
kiln_profile_vulkan_backend_mlp_stage stage=output_reshape batch=1 seq_len=23 hidden=2560 intermediate=9216 out_dim=2560 bf16_weights=false elapsed_ms=0.000
kiln_profile_vulkan_backend_mlp_stage stage=total batch=1 seq_len=23 hidden=2560 intermediate=9216 out_dim=2560 bf16_weights=false elapsed_ms=23.917
kiln_profile_vulkan_backend_mlp_stage stage=dispatch_x batch=1 seq_len=23 hidden=2560 intermediate=9216 out_dim=2560 bf16_weights=false elapsed_ms=0.000
kiln_profile_vulkan_backend_mlp_stage stage=weight_cache_gate batch=1 seq_len=23 hidden=2560 intermediate=9216 out_dim=2560 bf16_weights=false elapsed_ms=0.000
kiln_profile_vulkan_backend_mlp_stage stage=weight_cache_up batch=1 seq_len=23 hidden=2560 intermediate=9216 out_dim=2560 bf16_weights=false elapsed_ms=0.000
kiln_profile_vulkan_backend_mlp_stage stage=weight_cache_down batch=1 seq_len=23 hidden=2560 intermediate=9216 out_dim=2560 bf16_weights=false elapsed_ms=0.000
kiln_profile_vulkan_backend_mlp_stage stage=kernel_dispatch batch=1 seq_len=23 hidden=2560 intermediate=9216 out_dim=2560 bf16_weights=false elapsed_ms=31.570
kiln_profile_vulkan_backend_mlp_stage stage=output_reshape batch=1 seq_len=23 hidden=2560 intermediate=9216 out_dim=2560 bf16_weights=false elapsed_ms=0.000
kiln_profile_vulkan_backend_mlp_stage stage=total batch=1 seq_len=23 hidden=2560 intermediate=9216 out_dim=2560 bf16_weights=false elapsed_ms=31.573
kiln_profile_vulkan_backend_mlp_stage stage=dispatch_x batch=1 seq_len=23 hidden=2560 intermediate=9216 out_dim=2560 bf16_weights=false elapsed_ms=0.000
kiln_profile_vulkan_backend_mlp_stage stage=weight_cache_gate batch=1 seq_len=23 hidden=2560 intermediate=9216 out_dim=2560 bf16_weights=false elapsed_ms=0.000
kiln_profile_vulkan_backend_mlp_stage stage=weight_cache_up batch=1 seq_len=23 hidden=2560 intermediate=9216 out_dim=2560 bf16_weights=false elapsed_ms=0.000
kiln_profile_vulkan_backend_mlp_stage stage=weight_cache_down batch=1 seq_len=23 hidden=2560 intermediate=9216 out_dim=2560 bf16_weights=false elapsed_ms=0.000
kiln_profile_vulkan_backend_mlp_stage stage=kernel_dispatch batch=1 seq_len=23 hidden=2560 intermediate=9216 out_dim=2560 bf16_weights=false elapsed_ms=10.286
kiln_profile_vulkan_backend_mlp_stage stage=output_reshape batch=1 seq_len=23 hidden=2560 intermediate=9216 out_dim=2560 bf16_weights=false elapsed_ms=0.000
kiln_profile_vulkan_backend_mlp_stage stage=total batch=1 seq_len=23 hidden=2560 intermediate=9216 out_dim=2560 bf16_weights=false elapsed_ms=10.288
kiln_profile_vulkan_backend_mlp_stage stage=dispatch_x batch=1 seq_len=22 hidden=2560 intermediate=9216 out_dim=2560 bf16_weights=false elapsed_ms=0.000
kiln_profile_vulkan_backend_mlp_stage stage=weight_cache_gate batch=1 seq_len=22 hidden=2560 intermediate=9216 out_dim=2560 bf16_weights=false elapsed_ms=0.000
kiln_profile_vulkan_backend_mlp_stage stage=weight_cache_up batch=1 seq_len=22 hidden=2560 intermediate=9216 out_dim=2560 bf16_weights=false elapsed_ms=0.000
kiln_profile_vulkan_backend_mlp_stage stage=weight_cache_down batch=1 seq_len=22 hidden=2560 intermediate=9216 out_dim=2560 bf16_weights=false elapsed_ms=0.000
kiln_profile_vulkan_backend_mlp_stage stage=kernel_dispatch batch=1 seq_len=22 hidden=2560 intermediate=9216 out_dim=2560 bf16_weights=false elapsed_ms=22.844
kiln_profile_vulkan_backend_mlp_stage stage=output_reshape batch=1 seq_len=22 hidden=2560 intermediate=9216 out_dim=2560 bf16_weights=false elapsed_ms=0.000
kiln_profile_vulkan_backend_mlp_stage stage=total batch=1 seq_len=22 hidden=2560 intermediate=9216 out_dim=2560 bf16_weights=false elapsed_ms=22.846
kiln_profile_vulkan_backend_mlp_stage stage=dispatch_x batch=1 seq_len=23 hidden=2560 intermediate=9216 out_dim=2560 bf16_weights=false elapsed_ms=0.000
kiln_profile_vulkan_backend_mlp_stage stage=weight_cache_gate batch=1 seq_len=23 hidden=2560 intermediate=9216 out_dim=2560 bf16_weights=false elapsed_ms=0.001
kiln_profile_vulkan_backend_mlp_stage stage=weight_cache_up batch=1 seq_len=23 hidden=2560 intermediate=9216 out_dim=2560 bf16_weights=false elapsed_ms=0.000
kiln_profile_vulkan_backend_mlp_stage stage=weight_cache_down batch=1 seq_len=23 hidden=2560 intermediate=9216 out_dim=2560 bf16_weights=false elapsed_ms=0.000
kiln_profile_vulkan_backend_mlp_stage stage=kernel_dispatch batch=1 seq_len=23 hidden=2560 intermediate=9216 out_dim=2560 bf16_weights=false elapsed_ms=21.831
kiln_profile_vulkan_backend_mlp_stage stage=output_reshape batch=1 seq_len=23 hidden=2560 intermediate=9216 out_dim=2560 bf16_weights=false elapsed_ms=0.000
kiln_profile_vulkan_backend_mlp_stage stage=total batch=1 seq_len=23 hidden=2560 intermediate=9216 out_dim=2560 bf16_weights=false elapsed_ms=21.833
kiln_profile_vulkan_backend_mlp_stage stage=dispatch_x batch=1 seq_len=1 hidden=2560 intermediate=9216 out_dim=2560 bf16_weights=true elapsed_ms=0.000
kiln_profile_vulkan_backend_mlp_stage stage=weight_cache_gate batch=1 seq_len=1 hidden=2560 intermediate=9216 out_dim=2560 bf16_weights=true elapsed_ms=0.001
kiln_profile_vulkan_backend_mlp_stage stage=weight_cache_up batch=1 seq_len=1 hidden=2560 intermediate=9216 out_dim=2560 bf16_weights=true elapsed_ms=0.000
kiln_profile_vulkan_backend_mlp_stage stage=weight_cache_down batch=1 seq_len=1 hidden=2560 intermediate=9216 out_dim=2560 bf16_weights=true elapsed_ms=0.000
kiln_profile_vulkan_backend_mlp_stage stage=kernel_dispatch batch=1 seq_len=1 hidden=2560 intermediate=9216 out_dim=2560 bf16_weights=true elapsed_ms=1.007
kiln_profile_vulkan_backend_mlp_stage stage=output_reshape batch=1 seq_len=1 hidden=2560 intermediate=9216 out_dim=2560 bf16_weights=true elapsed_ms=0.000
kiln_profile_vulkan_backend_mlp_stage stage=total batch=1 seq_len=1 hidden=2560 intermediate=9216 out_dim=2560 bf16_weights=true elapsed_ms=1.010
kiln_profile_vulkan_backend_mlp_stage stage=dispatch_x batch=1 seq_len=23 hidden=2560 intermediate=9216 out_dim=2560 bf16_weights=false elapsed_ms=0.000
kiln_profile_vulkan_backend_mlp_stage stage=weight_cache_gate batch=1 seq_len=23 hidden=2560 intermediate=9216 out_dim=2560 bf16_weights=false elapsed_ms=0.001
kiln_profile_vulkan_backend_mlp_stage stage=weight_cache_up batch=1 seq_len=23 hidden=2560 intermediate=9216 out_dim=2560 bf16_weights=false elapsed_ms=0.000
kiln_profile_vulkan_backend_mlp_stage stage=weight_cache_down batch=1 seq_len=23 hidden=2560 intermediate=9216 out_dim=2560 bf16_weights=false elapsed_ms=0.000
kiln_profile_vulkan_backend_mlp_stage stage=kernel_dispatch batch=1 seq_len=23 hidden=2560 intermediate=9216 out_dim=2560 bf16_weights=false elapsed_ms=9.125
kiln_profile_vulkan_backend_mlp_stage stage=output_reshape batch=1 seq_len=23 hidden=2560 intermediate=9216 out_dim=2560 bf16_weights=false elapsed_ms=0.001
kiln_profile_vulkan_backend_mlp_stage stage=total batch=1 seq_len=23 hidden=2560 intermediate=9216 out_dim=2560 bf16_weights=false elapsed_ms=9.129
kiln_profile_vulkan_backend_mlp_stage stage=dispatch_x batch=1 seq_len=1 hidden=2560 intermediate=9216 out_dim=2560 bf16_weights=true elapsed_ms=0.000
kiln_profile_vulkan_backend_mlp_stage stage=weight_cache_gate batch=1 seq_len=1 hidden=2560 intermediate=9216 out_dim=2560 bf16_weights=true elapsed_ms=0.001
kiln_profile_vulkan_backend_mlp_stage stage=weight_cache_up batch=1 seq_len=1 hidden=2560 intermediate=9216 out_dim=2560 bf16_weights=true elapsed_ms=0.000
kiln_profile_vulkan_backend_mlp_stage stage=weight_cache_down batch=1 seq_len=1 hidden=2560 intermediate=9216 out_dim=2560 bf16_weights=true elapsed_ms=0.001
kiln_profile_vulkan_backend_mlp_stage stage=kernel_dispatch batch=1 seq_len=1 hidden=2560 intermediate=9216 out_dim=2560 bf16_weights=true elapsed_ms=9.596
kiln_profile_vulkan_backend_mlp_stage stage=output_reshape batch=1 seq_len=1 hidden=2560 intermediate=9216 out_dim=2560 bf16_weights=true elapsed_ms=0.000
kiln_profile_vulkan_backend_mlp_stage stage=total batch=1 seq_len=1 hidden=2560 intermediate=9216 out_dim=2560 bf16_weights=true elapsed_ms=9.600
kiln_profile_vulkan_backend_mlp_stage stage=dispatch_x batch=1 seq_len=23 hidden=2560 intermediate=9216 out_dim=2560 bf16_weights=false elapsed_ms=0.000
kiln_profile_vulkan_backend_mlp_stage stage=weight_cache_gate batch=1 seq_len=23 hidden=2560 intermediate=9216 out_dim=2560 bf16_weights=false elapsed_ms=0.001
kiln_profile_vulkan_backend_mlp_stage stage=weight_cache_up batch=1 seq_len=23 hidden=2560 intermediate=9216 out_dim=2560 bf16_weights=false elapsed_ms=0.000
kiln_profile_vulkan_backend_mlp_stage stage=weight_cache_down batch=1 seq_len=23 hidden=2560 intermediate=9216 out_dim=2560 bf16_weights=false elapsed_ms=0.000
kiln_profile_vulkan_backend_mlp_stage stage=kernel_dispatch batch=1 seq_len=23 hidden=2560 intermediate=9216 out_dim=2560 bf16_weights=false elapsed_ms=7.697
kiln_profile_vulkan_backend_mlp_stage stage=output_reshape batch=1 seq_len=23 hidden=2560 intermediate=9216 out_dim=2560 bf16_weights=false elapsed_ms=0.001
kiln_profile_vulkan_backend_mlp_stage stage=total batch=1 seq_len=23 hidden=2560 intermediate=9216 out_dim=2560 bf16_weights=false elapsed_ms=7.702
kiln_profile_vulkan_backend_mlp_stage stage=dispatch_x batch=1 seq_len=1 hidden=2560 intermediate=9216 out_dim=2560 bf16_weights=true elapsed_ms=0.000
kiln_profile_vulkan_backend_mlp_stage stage=weight_cache_gate batch=1 seq_len=1 hidden=2560 intermediate=9216 out_dim=2560 bf16_weights=true elapsed_ms=0.001
kiln_profile_vulkan_backend_mlp_stage stage=weight_cache_up batch=1 seq_len=1 hidden=2560 intermediate=9216 out_dim=2560 bf16_weights=true elapsed_ms=0.000
kiln_profile_vulkan_backend_mlp_stage stage=weight_cache_down batch=1 seq_len=1 hidden=2560 intermediate=9216 out_dim=2560 bf16_weights=true elapsed_ms=0.001
kiln_profile_vulkan_backend_mlp_stage stage=kernel_dispatch batch=1 seq_len=1 hidden=2560 intermediate=9216 out_dim=2560 bf16_weights=true elapsed_ms=1.550
kiln_profile_vulkan_backend_mlp_stage stage=output_reshape batch=1 seq_len=1 hidden=2560 intermediate=9216 out_dim=2560 bf16_weights=true elapsed_ms=0.000
kiln_profile_vulkan_backend_mlp_stage stage=total batch=1 seq_len=1 hidden=2560 intermediate=9216 out_dim=2560 bf16_weights=true elapsed_ms=1.553
kiln_profile_vulkan_backend_mlp_stage stage=dispatch_x batch=1 seq_len=1 hidden=2560 intermediate=9216 out_dim=2560 bf16_weights=true elapsed_ms=0.000
kiln_profile_vulkan_backend_mlp_stage stage=weight_cache_gate batch=1 seq_len=1 hidden=2560 intermediate=9216 out_dim=2560 bf16_weights=true elapsed_ms=0.001
kiln_profile_vulkan_backend_mlp_stage stage=weight_cache_up batch=1 seq_len=1 hidden=2560 intermediate=9216 out_dim=2560 bf16_weights=true elapsed_ms=0.001
kiln_profile_vulkan_backend_mlp_stage stage=weight_cache_down batch=1 seq_len=1 hidden=2560 intermediate=9216 out_dim=2560 bf16_weights=true elapsed_ms=0.000
kiln_profile_vulkan_backend_mlp_stage stage=kernel_dispatch batch=1 seq_len=1 hidden=2560 intermediate=9216 out_dim=2560 bf16_weights=true elapsed_ms=0.994
kiln_profile_vulkan_backend_mlp_stage stage=output_reshape batch=1 seq_len=1 hidden=2560 intermediate=9216 out_dim=2560 bf16_weights=true elapsed_ms=0.000
kiln_profile_vulkan_backend_mlp_stage stage=total batch=1 seq_len=1 hidden=2560 intermediate=9216 out_dim=2560 bf16_weights=true elapsed_ms=0.997
kiln_profile_vulkan_backend_mlp_stage stage=dispatch_x batch=1 seq_len=1 hidden=2560 intermediate=9216 out_dim=2560 bf16_weights=true elapsed_ms=0.000
kiln_profile_vulkan_backend_mlp_stage stage=weight_cache_gate batch=1 seq_len=1 hidden=2560 intermediate=9216 out_dim=2560 bf16_weights=true elapsed_ms=0.000
kiln_profile_vulkan_backend_mlp_stage stage=weight_cache_up batch=1 seq_len=1 hidden=2560 intermediate=9216 out_dim=2560 bf16_weights=true elapsed_ms=0.001
kiln_profile_vulkan_backend_mlp_stage stage=weight_cache_down batch=1 seq_len=1 hidden=2560 intermediate=9216 out_dim=2560 bf16_weights=true elapsed_ms=0.000
kiln_profile_vulkan_backend_mlp_stage stage=kernel_dispatch batch=1 seq_len=1 hidden=2560 intermediate=9216 out_dim=2560 bf16_weights=true elapsed_ms=0.980
kiln_profile_vulkan_backend_mlp_stage stage=output_reshape batch=1 seq_len=1 hidden=2560 intermediate=9216 out_dim=2560 bf16_weights=true elapsed_ms=0.000
kiln_profile_vulkan_backend_mlp_stage stage=total batch=1 seq_len=1 hidden=2560 intermediate=9216 out_dim=2560 bf16_weights=true elapsed_ms=0.982
kiln_profile_vulkan_backend_mlp_stage stage=dispatch_x batch=1 seq_len=1 hidden=2560 intermediate=9216 out_dim=2560 bf16_weights=true elapsed_ms=0.000
kiln_profile_vulkan_backend_mlp_stage stage=weight_cache_gate batch=1 seq_len=1 hidden=2560 intermediate=9216 out_dim=2560 bf16_weights=true elapsed_ms=0.000
kiln_profile_vulkan_backend_mlp_stage stage=weight_cache_up batch=1 seq_len=1 hidden=2560 intermediate=9216 out_dim=2560 bf16_weights=true elapsed_ms=0.000
kiln_profile_vulkan_backend_mlp_stage stage=weight_cache_down batch=1 seq_len=1 hidden=2560 intermediate=9216 out_dim=2560 bf16_weights=true elapsed_ms=0.000
kiln_profile_vulkan_backend_mlp_stage stage=kernel_dispatch batch=1 seq_len=1 hidden=2560 intermediate=9216 out_dim=2560 bf16_weights=true elapsed_ms=0.971
kiln_profile_vulkan_backend_mlp_stage stage=output_reshape batch=1 seq_len=1 hidden=2560 intermediate=9216 out_dim=2560 bf16_weights=true elapsed_ms=0.000
kiln_profile_vulkan_backend_mlp_stage stage=total batch=1 seq_len=1 hidden=2560 intermediate=9216 out_dim=2560 bf16_weights=true elapsed_ms=0.972
kiln_profile_vulkan_backend_mlp_stage stage=dispatch_x batch=1 seq_len=1 hidden=2560 intermediate=9216 out_dim=2560 bf16_weights=true elapsed_ms=0.000
kiln_profile_vulkan_backend_mlp_stage stage=weight_cache_gate batch=1 seq_len=1 hidden=2560 intermediate=9216 out_dim=2560 bf16_weights=true elapsed_ms=0.000
kiln_profile_vulkan_backend_mlp_stage stage=weight_cache_up batch=1 seq_len=1 hidden=2560 intermediate=9216 out_dim=2560 bf16_weights=true elapsed_ms=0.000
kiln_profile_vulkan_backend_mlp_stage stage=weight_cache_down batch=1 seq_len=1 hidden=2560 intermediate=9216 out_dim=2560 bf16_weights=true elapsed_ms=0.000
kiln_profile_vulkan_backend_mlp_stage stage=kernel_dispatch batch=1 seq_len=1 hidden=2560 intermediate=9216 out_dim=2560 bf16_weights=true elapsed_ms=1.101
kiln_profile_vulkan_backend_mlp_stage stage=output_reshape batch=1 seq_len=1 hidden=2560 intermediate=9216 out_dim=2560 bf16_weights=true elapsed_ms=0.000
kiln_profile_vulkan_backend_mlp_stage stage=total batch=1 seq_len=1 hidden=2560 intermediate=9216 out_dim=2560 bf16_weights=true elapsed_ms=1.103
kiln_profile_vulkan_backend_mlp_stage stage=dispatch_x batch=1 seq_len=1 hidden=2560 intermediate=9216 out_dim=2560 bf16_weights=true elapsed_ms=0.000
kiln_profile_vulkan_backend_mlp_stage stage=weight_cache_gate batch=1 seq_len=1 hidden=2560 intermediate=9216 out_dim=2560 bf16_weights=true elapsed_ms=0.000
kiln_profile_vulkan_backend_mlp_stage stage=weight_cache_up batch=1 seq_len=1 hidden=2560 intermediate=9216 out_dim=2560 bf16_weights=true elapsed_ms=0.000
kiln_profile_vulkan_backend_mlp_stage stage=weight_cache_down batch=1 seq_len=1 hidden=2560 intermediate=9216 out_dim=2560 bf16_weights=true elapsed_ms=0.000
kiln_profile_vulkan_backend_mlp_stage stage=kernel_dispatch batch=1 seq_len=1 hidden=2560 intermediate=9216 out_dim=2560 bf16_weights=true elapsed_ms=1.166
kiln_profile_vulkan_backend_mlp_stage stage=output_reshape batch=1 seq_len=1 hidden=2560 intermediate=9216 out_dim=2560 bf16_weights=true elapsed_ms=0.000
kiln_profile_vulkan_backend_mlp_stage stage=total batch=1 seq_len=1 hidden=2560 intermediate=9216 out_dim=2560 bf16_weights=true elapsed_ms=1.168
kiln_profile_vulkan_backend_mlp_stage stage=dispatch_x batch=1 seq_len=1 hidden=2560 intermediate=9216 out_dim=2560 bf16_weights=true elapsed_ms=0.000
kiln_profile_vulkan_backend_mlp_stage stage=weight_cache_gate batch=1 seq_len=1 hidden=2560 intermediate=9216 out_dim=2560 bf16_weights=true elapsed_ms=0.000
kiln_profile_vulkan_backend_mlp_stage stage=weight_cache_up batch=1 seq_len=1 hidden=2560 intermediate=9216 out_dim=2560 bf16_weights=true elapsed_ms=0.000
kiln_profile_vulkan_backend_mlp_stage stage=weight_cache_down batch=1 seq_len=1 hidden=2560 intermediate=9216 out_dim=2560 bf16_weights=true elapsed_ms=0.000
kiln_profile_vulkan_backend_mlp_stage stage=kernel_dispatch batch=1 seq_len=1 hidden=2560 intermediate=9216 out_dim=2560 bf16_weights=true elapsed_ms=0.981
kiln_profile_vulkan_backend_mlp_stage stage=output_reshape batch=1 seq_len=1 hidden=2560 intermediate=9216 out_dim=2560 bf16_weights=true elapsed_ms=0.000
kiln_profile_vulkan_backend_mlp_stage stage=total batch=1 seq_len=1 hidden=2560 intermediate=9216 out_dim=2560 bf16_weights=true elapsed_ms=0.983
kiln_profile_vulkan_backend_mlp_stage stage=dispatch_x batch=1 seq_len=1 hidden=2560 intermediate=9216 out_dim=2560 bf16_weights=true elapsed_ms=0.000
kiln_profile_vulkan_backend_mlp_stage stage=weight_cache_gate batch=1 seq_len=1 hidden=2560 intermediate=9216 out_dim=2560 bf16_weights=true elapsed_ms=0.001
kiln_profile_vulkan_backend_mlp_stage stage=weight_cache_up batch=1 seq_len=1 hidden=2560 intermediate=9216 out_dim=2560 bf16_weights=true elapsed_ms=0.000
kiln_profile_vulkan_backend_mlp_stage stage=weight_cache_down batch=1 seq_len=1 hidden=2560 intermediate=9216 out_dim=2560 bf16_weights=true elapsed_ms=0.001
kiln_profile_vulkan_backend_mlp_stage stage=kernel_dispatch batch=1 seq_len=1 hidden=2560 intermediate=9216 out_dim=2560 bf16_weights=true elapsed_ms=0.978
kiln_profile_vulkan_backend_mlp_stage stage=output_reshape batch=1 seq_len=1 hidden=2560 intermediate=9216 out_dim=2560 bf16_weights=true elapsed_ms=0.000
kiln_profile_vulkan_backend_mlp_stage stage=total batch=1 seq_len=1 hidden=2560 intermediate=9216 out_dim=2560 bf16_weights=true elapsed_ms=0.980
kiln_profile_vulkan_backend_mlp_stage stage=dispatch_x batch=1 seq_len=1 hidden=2560 intermediate=9216 out_dim=2560 bf16_weights=true elapsed_ms=0.000
kiln_profile_vulkan_backend_mlp_stage stage=weight_cache_gate batch=1 seq_len=1 hidden=2560 intermediate=9216 out_dim=2560 bf16_weights=true elapsed_ms=0.000
kiln_profile_vulkan_backend_mlp_stage stage=weight_cache_up batch=1 seq_len=1 hidden=2560 intermediate=9216 out_dim=2560 bf16_weights=true elapsed_ms=0.000
kiln_profile_vulkan_backend_mlp_stage stage=weight_cache_down batch=1 seq_len=1 hidden=2560 intermediate=9216 out_dim=2560 bf16_weights=true elapsed_ms=0.000
kiln_profile_vulkan_backend_mlp_stage stage=kernel_dispatch batch=1 seq_len=1 hidden=2560 intermediate=9216 out_dim=2560 bf16_weights=true elapsed_ms=0.990
kiln_profile_vulkan_backend_mlp_stage stage=output_reshape batch=1 seq_len=1 hidden=2560 intermediate=9216 out_dim=2560 bf16_weights=true elapsed_ms=0.000
kiln_profile_vulkan_backend_mlp_stage stage=total batch=1 seq_len=1 hidden=2560 intermediate=9216 out_dim=2560 bf16_weights=true elapsed_ms=0.991
kiln_profile_vulkan_backend_mlp_stage stage=dispatch_x batch=1 seq_len=1 hidden=2560 intermediate=9216 out_dim=2560 bf16_weights=true elapsed_ms=0.000
kiln_profile_vulkan_backend_mlp_stage stage=weight_cache_gate batch=1 seq_len=1 hidden=2560 intermediate=9216 out_dim=2560 bf16_weights=true elapsed_ms=0.000
kiln_profile_vulkan_backend_mlp_stage stage=weight_cache_up batch=1 seq_len=1 hidden=2560 intermediate=9216 out_dim=2560 bf16_weights=true elapsed_ms=0.000
kiln_profile_vulkan_backend_mlp_stage stage=weight_cache_down batch=1 seq_len=1 hidden=2560 intermediate=9216 out_dim=2560 bf16_weights=true elapsed_ms=0.001
kiln_profile_vulkan_backend_mlp_stage stage=kernel_dispatch batch=1 seq_len=1 hidden=2560 intermediate=9216 out_dim=2560 bf16_weights=true elapsed_ms=0.953
kiln_profile_vulkan_backend_mlp_stage stage=output_reshape batch=1 seq_len=1 hidden=2560 intermediate=9216 out_dim=2560 bf16_weights=true elapsed_ms=0.000
kiln_profile_vulkan_backend_mlp_stage stage=total batch=1 seq_len=1 hidden=2560 intermediate=9216 out_dim=2560 bf16_weights=true elapsed_ms=0.955
kiln_profile_vulkan_backend_mlp_stage stage=dispatch_x batch=1 seq_len=1 hidden=2560 intermediate=9216 out_dim=2560 bf16_weights=true elapsed_ms=0.000
kiln_profile_vulkan_backend_mlp_stage stage=weight_cache_gate batch=1 seq_len=1 hidden=2560 intermediate=9216 out_dim=2560 bf16_weights=true elapsed_ms=0.000
kiln_profile_vulkan_backend_mlp_stage stage=weight_cache_up batch=1 seq_len=1 hidden=2560 intermediate=9216 out_dim=2560 bf16_weights=true elapsed_ms=0.000
kiln_profile_vulkan_backend_mlp_stage stage=weight_cache_down batch=1 seq_len=1 hidden=2560 intermediate=9216 out_dim=2560 bf16_weights=true elapsed_ms=0.000
kiln_profile_vulkan_backend_mlp_stage stage=kernel_dispatch batch=1 seq_len=1 hidden=2560 intermediate=9216 out_dim=2560 bf16_weights=true elapsed_ms=0.950
kiln_profile_vulkan_backend_mlp_stage stage=output_reshape batch=1 seq_len=1 hidden=2560 intermediate=9216 out_dim=2560 bf16_weights=true elapsed_ms=0.000
kiln_profile_vulkan_backend_mlp_stage stage=total batch=1 seq_len=1 hidden=2560 intermediate=9216 out_dim=2560 bf16_weights=true elapsed_ms=0.951
kiln_profile_vulkan_backend_mlp_stage stage=dispatch_x batch=1 seq_len=1 hidden=2560 intermediate=9216 out_dim=2560 bf16_weights=true elapsed_ms=0.000
kiln_profile_vulkan_backend_mlp_stage stage=weight_cache_gate batch=1 seq_len=1 hidden=2560 intermediate=9216 out_dim=2560 bf16_weights=true elapsed_ms=0.000
kiln_profile_vulkan_backend_mlp_stage stage=weight_cache_up batch=1 seq_len=1 hidden=2560 intermediate=9216 out_dim=2560 bf16_weights=true elapsed_ms=0.000
kiln_profile_vulkan_backend_mlp_stage stage=weight_cache_down batch=1 seq_len=1 hidden=2560 intermediate=9216 out_dim=2560 bf16_weights=true elapsed_ms=0.000
kiln_profile_vulkan_backend_mlp_stage stage=kernel_dispatch batch=1 seq_len=1 hidden=2560 intermediate=9216 out_dim=2560 bf16_weights=true elapsed_ms=0.968
kiln_profile_vulkan_backend_mlp_stage stage=output_reshape batch=1 seq_len=1 hidden=2560 intermediate=9216 out_dim=2560 bf16_weights=true elapsed_ms=0.000
kiln_profile_vulkan_backend_mlp_stage stage=total batch=1 seq_len=1 hidden=2560 intermediate=9216 out_dim=2560 bf16_weights=true elapsed_ms=0.969
kiln_profile_vulkan_backend_mlp_stage stage=dispatch_x batch=1 seq_len=1 hidden=2560 intermediate=9216 out_dim=2560 bf16_weights=true elapsed_ms=0.000
kiln_profile_vulkan_backend_mlp_stage stage=weight_cache_gate batch=1 seq_len=1 hidden=2560 intermediate=9216 out_dim=2560 bf16_weights=true elapsed_ms=0.000
kiln_profile_vulkan_backend_mlp_stage stage=weight_cache_up batch=1 seq_len=1 hidden=2560 intermediate=9216 out_dim=2560 bf16_weights=true elapsed_ms=0.000
kiln_profile_vulkan_backend_mlp_stage stage=weight_cache_down batch=1 seq_len=1 hidden=2560 intermediate=9216 out_dim=2560 bf16_weights=true elapsed_ms=0.001
kiln_profile_vulkan_backend_mlp_stage stage=kernel_dispatch batch=1 seq_len=1 hidden=2560 intermediate=9216 out_dim=2560 bf16_weights=true elapsed_ms=1.176
kiln_profile_vulkan_backend_mlp_stage stage=output_reshape batch=1 seq_len=1 hidden=2560 intermediate=9216 out_dim=2560 bf16_weights=true elapsed_ms=0.000
kiln_profile_vulkan_backend_mlp_stage stage=total batch=1 seq_len=1 hidden=2560 intermediate=9216 out_dim=2560 bf16_weights=true elapsed_ms=1.178
kiln_profile_vulkan_backend_mlp_stage stage=dispatch_x batch=1 seq_len=1 hidden=2560 intermediate=9216 out_dim=2560 bf16_weights=true elapsed_ms=0.000
kiln_profile_vulkan_backend_mlp_stage stage=weight_cache_gate batch=1 seq_len=1 hidden=2560 intermediate=9216 out_dim=2560 bf16_weights=true elapsed_ms=0.000
kiln_profile_vulkan_backend_mlp_stage stage=weight_cache_up batch=1 seq_len=1 hidden=2560 intermediate=9216 out_dim=2560 bf16_weights=true elapsed_ms=0.000
kiln_profile_vulkan_backend_mlp_stage stage=weight_cache_down batch=1 seq_len=1 hidden=2560 intermediate=9216 out_dim=2560 bf16_weights=true elapsed_ms=0.000
kiln_profile_vulkan_backend_mlp_stage stage=kernel_dispatch batch=1 seq_len=1 hidden=2560 intermediate=9216 out_dim=2560 bf16_weights=true elapsed_ms=0.969
kiln_profile_vulkan_backend_mlp_stage stage=output_reshape batch=1 seq_len=1 hidden=2560 intermediate=9216 out_dim=2560 bf16_weights=true elapsed_ms=0.000
kiln_profile_vulkan_backend_mlp_stage stage=total batch=1 seq_len=1 hidden=2560 intermediate=9216 out_dim=2560 bf16_weights=true elapsed_ms=0.971
kiln_profile_vulkan_backend_mlp_stage stage=dispatch_x batch=1 seq_len=1 hidden=2560 intermediate=9216 out_dim=2560 bf16_weights=true elapsed_ms=0.000
kiln_profile_vulkan_backend_mlp_stage stage=weight_cache_gate batch=1 seq_len=1 hidden=2560 intermediate=9216 out_dim=2560 bf16_weights=true elapsed_ms=0.000
kiln_profile_vulkan_backend_mlp_stage stage=weight_cache_up batch=1 seq_len=1 hidden=2560 intermediate=9216 out_dim=2560 bf16_weights=true elapsed_ms=0.000
kiln_profile_vulkan_backend_mlp_stage stage=weight_cache_down batch=1 seq_len=1 hidden=2560 intermediate=9216 out_dim=2560 bf16_weights=true elapsed_ms=0.000
kiln_profile_vulkan_backend_mlp_stage stage=kernel_dispatch batch=1 seq_len=1 hidden=2560 intermediate=9216 out_dim=2560 bf16_weights=true elapsed_ms=0.973
kiln_profile_vulkan_backend_mlp_stage stage=output_reshape batch=1 seq_len=1 hidden=2560 intermediate=9216 out_dim=2560 bf16_weights=true elapsed_ms=0.000
kiln_profile_vulkan_backend_mlp_stage stage=total batch=1 seq_len=1 hidden=2560 intermediate=9216 out_dim=2560 bf16_weights=true elapsed_ms=0.974
kiln_profile_vulkan_backend_mlp_stage stage=dispatch_x batch=1 seq_len=1 hidden=2560 intermediate=9216 out_dim=2560 bf16_weights=true elapsed_ms=0.000
kiln_profile_vulkan_backend_mlp_stage stage=weight_cache_gate batch=1 seq_len=1 hidden=2560 intermediate=9216 out_dim=2560 bf16_weights=true elapsed_ms=0.000
kiln_profile_vulkan_backend_mlp_stage stage=weight_cache_up batch=1 seq_len=1 hidden=2560 intermediate=9216 out_dim=2560 bf16_weights=true elapsed_ms=0.000
kiln_profile_vulkan_backend_mlp_stage stage=weight_cache_down batch=1 seq_len=1 hidden=2560 intermediate=9216 out_dim=2560 bf16_weights=true elapsed_ms=0.000
kiln_profile_vulkan_backend_mlp_stage stage=kernel_dispatch batch=1 seq_len=1 hidden=2560 intermediate=9216 out_dim=2560 bf16_weights=true elapsed_ms=1.061
kiln_profile_vulkan_backend_mlp_stage stage=output_reshape batch=1 seq_len=1 hidden=2560 intermediate=9216 out_dim=2560 bf16_weights=true elapsed_ms=0.000
kiln_profile_vulkan_backend_mlp_stage stage=total batch=1 seq_len=1 hidden=2560 intermediate=9216 out_dim=2560 bf16_weights=true elapsed_ms=1.062
kiln_profile_vulkan_backend_mlp_stage stage=dispatch_x batch=1 seq_len=1 hidden=2560 intermediate=9216 out_dim=2560 bf16_weights=true elapsed_ms=0.000
kiln_profile_vulkan_backend_mlp_stage stage=weight_cache_gate batch=1 seq_len=1 hidden=2560 intermediate=9216 out_dim=2560 bf16_weights=true elapsed_ms=0.000
kiln_profile_vulkan_backend_mlp_stage stage=weight_cache_up batch=1 seq_len=1 hidden=2560 intermediate=9216 out_dim=2560 bf16_weights=true elapsed_ms=0.000
kiln_profile_vulkan_backend_mlp_stage stage=weight_cache_down batch=1 seq_len=1 hidden=2560 intermediate=9216 out_dim=2560 bf16_weights=true elapsed_ms=0.000
kiln_profile_vulkan_backend_mlp_stage stage=kernel_dispatch batch=1 seq_len=1 hidden=2560 intermediate=9216 out_dim=2560 bf16_weights=true elapsed_ms=0.944
kiln_profile_vulkan_backend_mlp_stage stage=output_reshape batch=1 seq_len=1 hidden=2560 intermediate=9216 out_dim=2560 bf16_weights=true elapsed_ms=0.000
kiln_profile_vulkan_backend_mlp_stage stage=total batch=1 seq_len=1 hidden=2560 intermediate=9216 out_dim=2560 bf16_weights=true elapsed_ms=0.946
kiln_profile_vulkan_backend_mlp_stage stage=dispatch_x batch=1 seq_len=1 hidden=2560 intermediate=9216 out_dim=2560 bf16_weights=true elapsed_ms=0.000
kiln_profile_vulkan_backend_mlp_stage stage=weight_cache_gate batch=1 seq_len=1 hidden=2560 intermediate=9216 out_dim=2560 bf16_weights=true elapsed_ms=0.000
kiln_profile_vulkan_backend_mlp_stage stage=weight_cache_up batch=1 seq_len=1 hidden=2560 intermediate=9216 out_dim=2560 bf16_weights=true elapsed_ms=0.001
kiln_profile_vulkan_backend_mlp_stage stage=weight_cache_down batch=1 seq_len=1 hidden=2560 intermediate=9216 out_dim=2560 bf16_weights=true elapsed_ms=0.000
kiln_profile_vulkan_backend_mlp_stage stage=kernel_dispatch batch=1 seq_len=1 hidden=2560 intermediate=9216 out_dim=2560 bf16_weights=true elapsed_ms=0.968
kiln_profile_vulkan_backend_mlp_stage stage=output_reshape batch=1 seq_len=1 hidden=2560 intermediate=9216 out_dim=2560 bf16_weights=true elapsed_ms=0.000
kiln_profile_vulkan_backend_mlp_stage stage=total batch=1 seq_len=1 hidden=2560 intermediate=9216 out_dim=2560 bf16_weights=true elapsed_ms=0.970
kiln_profile_vulkan_backend_mlp_stage stage=dispatch_x batch=1 seq_len=1 hidden=2560 intermediate=9216 out_dim=2560 bf16_weights=true elapsed_ms=0.000
kiln_profile_vulkan_backend_mlp_stage stage=weight_cache_gate batch=1 seq_len=1 hidden=2560 intermediate=9216 out_dim=2560 bf16_weights=true elapsed_ms=0.000
kiln_profile_vulkan_backend_mlp_stage stage=weight_cache_up batch=1 seq_len=1 hidden=2560 intermediate=9216 out_dim=2560 bf16_weights=true elapsed_ms=0.000
kiln_profile_vulkan_backend_mlp_stage stage=weight_cache_down batch=1 seq_len=1 hidden=2560 intermediate=9216 out_dim=2560 bf16_weights=true elapsed_ms=0.000
kiln_profile_vulkan_backend_mlp_stage stage=kernel_dispatch batch=1 seq_len=1 hidden=2560 intermediate=9216 out_dim=2560 bf16_weights=true elapsed_ms=0.953
kiln_profile_vulkan_backend_mlp_stage stage=output_reshape batch=1 seq_len=1 hidden=2560 intermediate=9216 out_dim=2560 bf16_weights=true elapsed_ms=0.000
kiln_profile_vulkan_backend_mlp_stage stage=total batch=1 seq_len=1 hidden=2560 intermediate=9216 out_dim=2560 bf16_weights=true elapsed_ms=0.955
kiln_profile_vulkan_backend_mlp_stage stage=dispatch_x batch=1 seq_len=1 hidden=2560 intermediate=9216 out_dim=2560 bf16_weights=true elapsed_ms=0.000
kiln_profile_vulkan_backend_mlp_stage stage=weight_cache_gate batch=1 seq_len=1 hidden=2560 intermediate=9216 out_dim=2560 bf16_weights=true elapsed_ms=0.000
kiln_profile_vulkan_backend_mlp_stage stage=weight_cache_up batch=1 seq_len=1 hidden=2560 intermediate=9216 out_dim=2560 bf16_weights=true elapsed_ms=0.000
kiln_profile_vulkan_backend_mlp_stage stage=weight_cache_down batch=1 seq_len=1 hidden=2560 intermediate=9216 out_dim=2560 bf16_weights=true elapsed_ms=0.000
kiln_profile_vulkan_backend_mlp_stage stage=kernel_dispatch batch=1 seq_len=1 hidden=2560 intermediate=9216 out_dim=2560 bf16_weights=true elapsed_ms=1.383
kiln_profile_vulkan_backend_mlp_stage stage=output_reshape batch=1 seq_len=1 hidden=2560 intermediate=9216 out_dim=2560 bf16_weights=true elapsed_ms=0.000
kiln_profile_vulkan_backend_mlp_stage stage=total batch=1 seq_len=1 hidden=2560 intermediate=9216 out_dim=2560 bf16_weights=true elapsed_ms=1.385
kiln_profile_vulkan_backend_mlp_stage stage=dispatch_x batch=1 seq_len=1 hidden=2560 intermediate=9216 out_dim=2560 bf16_weights=true elapsed_ms=0.000
kiln_profile_vulkan_backend_mlp_stage stage=weight_cache_gate batch=1 seq_len=1 hidden=2560 intermediate=9216 out_dim=2560 bf16_weights=true elapsed_ms=0.000
kiln_profile_vulkan_backend_mlp_stage stage=weight_cache_up batch=1 seq_len=1 hidden=2560 intermediate=9216 out_dim=2560 bf16_weights=true elapsed_ms=0.000
kiln_profile_vulkan_backend_mlp_stage stage=weight_cache_down batch=1 seq_len=1 hidden=2560 intermediate=9216 out_dim=2560 bf16_weights=true elapsed_ms=0.000
kiln_profile_vulkan_backend_mlp_stage stage=kernel_dispatch batch=1 seq_len=1 hidden=2560 intermediate=9216 out_dim=2560 bf16_weights=true elapsed_ms=0.931
kiln_profile_vulkan_backend_mlp_stage stage=output_reshape batch=1 seq_len=1 hidden=2560 intermediate=9216 out_dim=2560 bf16_weights=true elapsed_ms=0.000
kiln_profile_vulkan_backend_mlp_stage stage=total batch=1 seq_len=1 hidden=2560 intermediate=9216 out_dim=2560 bf16_weights=true elapsed_ms=0.933
kiln_profile_vulkan_backend_mlp_stage stage=dispatch_x batch=1 seq_len=1 hidden=2560 intermediate=9216 out_dim=2560 bf16_weights=true elapsed_ms=0.000
kiln_profile_vulkan_backend_mlp_stage stage=weight_cache_gate batch=1 seq_len=1 hidden=2560 intermediate=9216 out_dim=2560 bf16_weights=true elapsed_ms=0.000
kiln_profile_vulkan_backend_mlp_stage stage=weight_cache_up batch=1 seq_len=1 hidden=2560 intermediate=9216 out_dim=2560 bf16_weights=true elapsed_ms=0.000
kiln_profile_vulkan_backend_mlp_stage stage=weight_cache_down batch=1 seq_len=1 hidden=2560 intermediate=9216 out_dim=2560 bf16_weights=true elapsed_ms=0.001
kiln_profile_vulkan_backend_mlp_stage stage=kernel_dispatch batch=1 seq_len=1 hidden=2560 intermediate=9216 out_dim=2560 bf16_weights=true elapsed_ms=0.910
kiln_profile_vulkan_backend_mlp_stage stage=output_reshape batch=1 seq_len=1 hidden=2560 intermediate=9216 out_dim=2560 bf16_weights=true elapsed_ms=0.000
kiln_profile_vulkan_backend_mlp_stage stage=total batch=1 seq_len=1 hidden=2560 intermediate=9216 out_dim=2560 bf16_weights=true elapsed_ms=0.912
kiln_profile_vulkan_backend_mlp_stage stage=dispatch_x batch=1 seq_len=1 hidden=2560 intermediate=9216 out_dim=2560 bf16_weights=true elapsed_ms=0.000
kiln_profile_vulkan_backend_mlp_stage stage=weight_cache_gate batch=1 seq_len=1 hidden=2560 intermediate=9216 out_dim=2560 bf16_weights=true elapsed_ms=0.000
kiln_profile_vulkan_backend_mlp_stage stage=weight_cache_up batch=1 seq_len=1 hidden=2560 intermediate=9216 out_dim=2560 bf16_weights=true elapsed_ms=0.000
kiln_profile_vulkan_backend_mlp_stage stage=weight_cache_down batch=1 seq_len=1 hidden=2560 intermediate=9216 out_dim=2560 bf16_weights=true elapsed_ms=0.000
kiln_profile_vulkan_backend_mlp_stage stage=kernel_dispatch batch=1 seq_len=1 hidden=2560 intermediate=9216 out_dim=2560 bf16_weights=true elapsed_ms=0.905
kiln_profile_vulkan_backend_mlp_stage stage=output_reshape batch=1 seq_len=1 hidden=2560 intermediate=9216 out_dim=2560 bf16_weights=true elapsed_ms=0.000
kiln_profile_vulkan_backend_mlp_stage stage=total batch=1 seq_len=1 hidden=2560 intermediate=9216 out_dim=2560 bf16_weights=true elapsed_ms=0.907
kiln_profile_vulkan_backend_mlp_stage stage=dispatch_x batch=1 seq_len=1 hidden=2560 intermediate=9216 out_dim=2560 bf16_weights=true elapsed_ms=0.000
kiln_profile_vulkan_backend_mlp_stage stage=weight_cache_gate batch=1 seq_len=1 hidden=2560 intermediate=9216 out_dim=2560 bf16_weights=true elapsed_ms=0.000
kiln_profile_vulkan_backend_mlp_stage stage=weight_cache_up batch=1 seq_len=1 hidden=2560 intermediate=9216 out_dim=2560 bf16_weights=true elapsed_ms=0.000
kiln_profile_vulkan_backend_mlp_stage stage=weight_cache_down batch=1 seq_len=1 hidden=2560 intermediate=9216 out_dim=2560 bf16_weights=true elapsed_ms=0.000
kiln_profile_vulkan_backend_mlp_stage stage=kernel_dispatch batch=1 seq_len=1 hidden=2560 intermediate=9216 out_dim=2560 bf16_weights=true elapsed_ms=1.059
kiln_profile_vulkan_backend_mlp_stage stage=output_reshape batch=1 seq_len=1 hidden=2560 intermediate=9216 out_dim=2560 bf16_weights=true elapsed_ms=0.000
kiln_profile_vulkan_backend_mlp_stage stage=total batch=1 seq_len=1 hidden=2560 intermediate=9216 out_dim=2560 bf16_weights=true elapsed_ms=1.061
kiln_profile_vulkan_backend_mlp_stage stage=dispatch_x batch=1 seq_len=1 hidden=2560 intermediate=9216 out_dim=2560 bf16_weights=true elapsed_ms=0.000
kiln_profile_vulkan_backend_mlp_stage stage=weight_cache_gate batch=1 seq_len=1 hidden=2560 intermediate=9216 out_dim=2560 bf16_weights=true elapsed_ms=0.000
kiln_profile_vulkan_backend_mlp_stage stage=weight_cache_up batch=1 seq_len=1 hidden=2560 intermediate=9216 out_dim=2560 bf16_weights=true elapsed_ms=0.000
kiln_profile_vulkan_backend_mlp_stage stage=weight_cache_down batch=1 seq_len=1 hidden=2560 intermediate=9216 out_dim=2560 bf16_weights=true elapsed_ms=0.000
kiln_profile_vulkan_backend_mlp_stage stage=kernel_dispatch batch=1 seq_len=1 hidden=2560 intermediate=9216 out_dim=2560 bf16_weights=true elapsed_ms=0.954
kiln_profile_vulkan_backend_mlp_stage stage=output_reshape batch=1 seq_len=1 hidden=2560 intermediate=9216 out_dim=2560 bf16_weights=true elapsed_ms=0.000
kiln_profile_vulkan_backend_mlp_stage stage=total batch=1 seq_len=1 hidden=2560 intermediate=9216 out_dim=2560 bf16_weights=true elapsed_ms=0.956
kiln_profile_vulkan_backend_mlp_stage stage=dispatch_x batch=1 seq_len=1 hidden=2560 intermediate=9216 out_dim=2560 bf16_weights=true elapsed_ms=0.000
kiln_profile_vulkan_backend_mlp_stage stage=weight_cache_gate batch=1 seq_len=1 hidden=2560 intermediate=9216 out_dim=2560 bf16_weights=true elapsed_ms=0.000
kiln_profile_vulkan_backend_mlp_stage stage=weight_cache_up batch=1 seq_len=1 hidden=2560 intermediate=9216 out_dim=2560 bf16_weights=true elapsed_ms=0.000
kiln_profile_vulkan_backend_mlp_stage stage=weight_cache_down batch=1 seq_len=1 hidden=2560 intermediate=9216 out_dim=2560 bf16_weights=true elapsed_ms=0.000
kiln_profile_vulkan_backend_mlp_stage stage=kernel_dispatch batch=1 seq_len=1 hidden=2560 intermediate=9216 out_dim=2560 bf16_weights=true elapsed_ms=0.905
kiln_profile_vulkan_backend_mlp_stage stage=output_reshape batch=1 seq_len=1 hidden=2560 intermediate=9216 out_dim=2560 bf16_weights=true elapsed_ms=0.000
kiln_profile_vulkan_backend_mlp_stage stage=total batch=1 seq_len=1 hidden=2560 intermediate=9216 out_dim=2560 bf16_weights=true elapsed_ms=0.907
kiln_profile_vulkan_backend_mlp_stage stage=dispatch_x batch=1 seq_len=1 hidden=2560 intermediate=9216 out_dim=2560 bf16_weights=true elapsed_ms=0.000
kiln_profile_vulkan_backend_mlp_stage stage=weight_cache_gate batch=1 seq_len=1 hidden=2560 intermediate=9216 out_dim=2560 bf16_weights=true elapsed_ms=0.000
kiln_profile_vulkan_backend_mlp_stage stage=weight_cache_up batch=1 seq_len=1 hidden=2560 intermediate=9216 out_dim=2560 bf16_weights=true elapsed_ms=0.000
kiln_profile_vulkan_backend_mlp_stage stage=weight_cache_down batch=1 seq_len=1 hidden=2560 intermediate=9216 out_dim=2560 bf16_weights=true elapsed_ms=0.000
kiln_profile_vulkan_backend_mlp_stage stage=kernel_dispatch batch=1 seq_len=1 hidden=2560 intermediate=9216 out_dim=2560 bf16_weights=true elapsed_ms=0.927
kiln_profile_vulkan_backend_mlp_stage stage=output_reshape batch=1 seq_len=1 hidden=2560 intermediate=9216 out_dim=2560 bf16_weights=true elapsed_ms=0.000
kiln_profile_vulkan_backend_mlp_stage stage=total batch=1 seq_len=1 hidden=2560 intermediate=9216 out_dim=2560 bf16_weights=true elapsed_ms=0.929
kiln_profile_vulkan_backend_mlp_stage stage=dispatch_x batch=1 seq_len=1 hidden=2560 intermediate=9216 out_dim=2560 bf16_weights=true elapsed_ms=0.000
kiln_profile_vulkan_backend_mlp_stage stage=weight_cache_gate batch=1 seq_len=1 hidden=2560 intermediate=9216 out_dim=2560 bf16_weights=true elapsed_ms=0.000
kiln_profile_vulkan_backend_mlp_stage stage=weight_cache_up batch=1 seq_len=1 hidden=2560 intermediate=9216 out_dim=2560 bf16_weights=true elapsed_ms=0.000
kiln_profile_vulkan_backend_mlp_stage stage=weight_cache_down batch=1 seq_len=1 hidden=2560 intermediate=9216 out_dim=2560 bf16_weights=true elapsed_ms=0.000
kiln_profile_vulkan_backend_mlp_stage stage=kernel_dispatch batch=1 seq_len=1 hidden=2560 intermediate=9216 out_dim=2560 bf16_weights=true elapsed_ms=0.914
kiln_profile_vulkan_backend_mlp_stage stage=output_reshape batch=1 seq_len=1 hidden=2560 intermediate=9216 out_dim=2560 bf16_weights=true elapsed_ms=0.000
kiln_profile_vulkan_backend_mlp_stage stage=total batch=1 seq_len=1 hidden=2560 intermediate=9216 out_dim=2560 bf16_weights=true elapsed_ms=0.916
kiln_profile_vulkan_backend_mlp_stage stage=dispatch_x batch=1 seq_len=1 hidden=2560 intermediate=9216 out_dim=2560 bf16_weights=true elapsed_ms=0.000
kiln_profile_vulkan_backend_mlp_stage stage=weight_cache_gate batch=1 seq_len=1 hidden=2560 intermediate=9216 out_dim=2560 bf16_weights=true elapsed_ms=0.000
kiln_profile_vulkan_backend_mlp_stage stage=weight_cache_up batch=1 seq_len=1 hidden=2560 intermediate=9216 out_dim=2560 bf16_weights=true elapsed_ms=0.000
kiln_profile_vulkan_backend_mlp_stage stage=weight_cache_down batch=1 seq_len=1 hidden=2560 intermediate=9216 out_dim=2560 bf16_weights=true elapsed_ms=0.000
kiln_profile_vulkan_backend_mlp_stage stage=kernel_dispatch batch=1 seq_len=1 hidden=2560 intermediate=9216 out_dim=2560 bf16_weights=true elapsed_ms=0.912
kiln_profile_vulkan_backend_mlp_stage stage=output_reshape batch=1 seq_len=1 hidden=2560 intermediate=9216 out_dim=2560 bf16_weights=true elapsed_ms=0.000
kiln_profile_vulkan_backend_mlp_stage stage=total batch=1 seq_len=1 hidden=2560 intermediate=9216 out_dim=2560 bf16_weights=true elapsed_ms=0.914
kiln_profile_vulkan_backend_mlp_stage stage=dispatch_x batch=1 seq_len=1 hidden=2560 intermediate=9216 out_dim=2560 bf16_weights=true elapsed_ms=0.000
kiln_profile_vulkan_backend_mlp_stage stage=weight_cache_gate batch=1 seq_len=1 hidden=2560 intermediate=9216 out_dim=2560 bf16_weights=true elapsed_ms=0.000
kiln_profile_vulkan_backend_mlp_stage stage=weight_cache_up batch=1 seq_len=1 hidden=2560 intermediate=9216 out_dim=2560 bf16_weights=true elapsed_ms=0.000
kiln_profile_vulkan_backend_mlp_stage stage=weight_cache_down batch=1 seq_len=1 hidden=2560 intermediate=9216 out_dim=2560 bf16_weights=true elapsed_ms=0.000
kiln_profile_vulkan_backend_mlp_stage stage=kernel_dispatch batch=1 seq_len=1 hidden=2560 intermediate=9216 out_dim=2560 bf16_weights=true elapsed_ms=0.920
kiln_profile_vulkan_backend_mlp_stage stage=output_reshape batch=1 seq_len=1 hidden=2560 intermediate=9216 out_dim=2560 bf16_weights=true elapsed_ms=0.000
kiln_profile_vulkan_backend_mlp_stage stage=total batch=1 seq_len=1 hidden=2560 intermediate=9216 out_dim=2560 bf16_weights=true elapsed_ms=0.922
kiln_profile_vulkan_backend_mlp_stage stage=dispatch_x batch=4 seq_len=1 hidden=2560 intermediate=9216 out_dim=2560 bf16_weights=true elapsed_ms=0.000
kiln_profile_vulkan_backend_mlp_stage stage=weight_cache_gate batch=4 seq_len=1 hidden=2560 intermediate=9216 out_dim=2560 bf16_weights=true elapsed_ms=0.001
kiln_profile_vulkan_backend_mlp_stage stage=weight_cache_up batch=4 seq_len=1 hidden=2560 intermediate=9216 out_dim=2560 bf16_weights=true elapsed_ms=0.000
kiln_profile_vulkan_backend_mlp_stage stage=weight_cache_down batch=4 seq_len=1 hidden=2560 intermediate=9216 out_dim=2560 bf16_weights=true elapsed_ms=0.000
kiln_profile_vulkan_backend_mlp_stage stage=kernel_dispatch batch=4 seq_len=1 hidden=2560 intermediate=9216 out_dim=2560 bf16_weights=true elapsed_ms=1.326
kiln_profile_vulkan_backend_mlp_stage stage=output_reshape batch=4 seq_len=1 hidden=2560 intermediate=9216 out_dim=2560 bf16_weights=true elapsed_ms=0.000
kiln_profile_vulkan_backend_mlp_stage stage=total batch=4 seq_len=1 hidden=2560 intermediate=9216 out_dim=2560 bf16_weights=true elapsed_ms=1.329
kiln_profile_vulkan_backend_mlp_stage stage=dispatch_x batch=4 seq_len=1 hidden=2560 intermediate=9216 out_dim=2560 bf16_weights=true elapsed_ms=0.000
kiln_profile_vulkan_backend_mlp_stage stage=weight_cache_gate batch=4 seq_len=1 hidden=2560 intermediate=9216 out_dim=2560 bf16_weights=true elapsed_ms=0.000
kiln_profile_vulkan_backend_mlp_stage stage=weight_cache_up batch=4 seq_len=1 hidden=2560 intermediate=9216 out_dim=2560 bf16_weights=true elapsed_ms=0.001
kiln_profile_vulkan_backend_mlp_stage stage=weight_cache_down batch=4 seq_len=1 hidden=2560 intermediate=9216 out_dim=2560 bf16_weights=true elapsed_ms=0.001
kiln_profile_vulkan_backend_mlp_stage stage=kernel_dispatch batch=4 seq_len=1 hidden=2560 intermediate=9216 out_dim=2560 bf16_weights=true elapsed_ms=1.210
kiln_profile_vulkan_backend_mlp_stage stage=output_reshape batch=4 seq_len=1 hidden=2560 intermediate=9216 out_dim=2560 bf16_weights=true elapsed_ms=0.000
kiln_profile_vulkan_backend_mlp_stage stage=total batch=4 seq_len=1 hidden=2560 intermediate=9216 out_dim=2560 bf16_weights=true elapsed_ms=1.212
kiln_profile_vulkan_backend_mlp_stage stage=dispatch_x batch=4 seq_len=1 hidden=2560 intermediate=9216 out_dim=2560 bf16_weights=true elapsed_ms=0.000
kiln_profile_vulkan_backend_mlp_stage stage=weight_cache_gate batch=4 seq_len=1 hidden=2560 intermediate=9216 out_dim=2560 bf16_weights=true elapsed_ms=0.001
kiln_profile_vulkan_backend_mlp_stage stage=weight_cache_up batch=4 seq_len=1 hidden=2560 intermediate=9216 out_dim=2560 bf16_weights=true elapsed_ms=0.000
kiln_profile_vulkan_backend_mlp_stage stage=weight_cache_down batch=4 seq_len=1 hidden=2560 intermediate=9216 out_dim=2560 bf16_weights=true elapsed_ms=0.001
kiln_profile_vulkan_backend_mlp_stage stage=kernel_dispatch batch=4 seq_len=1 hidden=2560 intermediate=9216 out_dim=2560 bf16_weights=true elapsed_ms=1.366
kiln_profile_vulkan_backend_mlp_stage stage=output_reshape batch=4 seq_len=1 hidden=2560 intermediate=9216 out_dim=2560 bf16_weights=true elapsed_ms=0.000
kiln_profile_vulkan_backend_mlp_stage stage=total batch=4 seq_len=1 hidden=2560 intermediate=9216 out_dim=2560 bf16_weights=true elapsed_ms=1.368
kiln_profile_vulkan_backend_mlp_stage stage=dispatch_x batch=4 seq_len=1 hidden=2560 intermediate=9216 out_dim=2560 bf16_weights=true elapsed_ms=0.000
kiln_profile_vulkan_backend_mlp_stage stage=weight_cache_gate batch=4 seq_len=1 hidden=2560 intermediate=9216 out_dim=2560 bf16_weights=true elapsed_ms=0.000
kiln_profile_vulkan_backend_mlp_stage stage=weight_cache_up batch=4 seq_len=1 hidden=2560 intermediate=9216 out_dim=2560 bf16_weights=true elapsed_ms=0.000
kiln_profile_vulkan_backend_mlp_stage stage=weight_cache_down batch=4 seq_len=1 hidden=2560 intermediate=9216 out_dim=2560 bf16_weights=true elapsed_ms=0.001
kiln_profile_vulkan_backend_mlp_stage stage=kernel_dispatch batch=4 seq_len=1 hidden=2560 intermediate=9216 out_dim=2560 bf16_weights=true elapsed_ms=1.346
kiln_profile_vulkan_backend_mlp_stage stage=output_reshape batch=4 seq_len=1 hidden=2560 intermediate=9216 out_dim=2560 bf16_weights=true elapsed_ms=0.000
kiln_profile_vulkan_backend_mlp_stage stage=total batch=4 seq_len=1 hidden=2560 intermediate=9216 out_dim=2560 bf16_weights=true elapsed_ms=1.347
kiln_profile_vulkan_backend_mlp_stage stage=dispatch_x batch=4 seq_len=1 hidden=2560 intermediate=9216 out_dim=2560 bf16_weights=true elapsed_ms=0.000
kiln_profile_vulkan_backend_mlp_stage stage=weight_cache_gate batch=4 seq_len=1 hidden=2560 intermediate=9216 out_dim=2560 bf16_weights=true elapsed_ms=0.001
kiln_profile_vulkan_backend_mlp_stage stage=weight_cache_up batch=4 seq_len=1 hidden=2560 intermediate=9216 out_dim=2560 bf16_weights=true elapsed_ms=0.000
kiln_profile_vulkan_backend_mlp_stage stage=weight_cache_down batch=4 seq_len=1 hidden=2560 intermediate=9216 out_dim=2560 bf16_weights=true elapsed_ms=0.000
kiln_profile_vulkan_backend_mlp_stage stage=kernel_dispatch batch=4 seq_len=1 hidden=2560 intermediate=9216 out_dim=2560 bf16_weights=true elapsed_ms=1.227
kiln_profile_vulkan_backend_mlp_stage stage=output_reshape batch=4 seq_len=1 hidden=2560 intermediate=9216 out_dim=2560 bf16_weights=true elapsed_ms=0.000
kiln_profile_vulkan_backend_mlp_stage stage=total batch=4 seq_len=1 hidden=2560 intermediate=9216 out_dim=2560 bf16_weights=true elapsed_ms=1.230
kiln_profile_vulkan_backend_mlp_stage stage=dispatch_x batch=4 seq_len=1 hidden=2560 intermediate=9216 out_dim=2560 bf16_weights=true elapsed_ms=0.000
kiln_profile_vulkan_backend_mlp_stage stage=weight_cache_gate batch=4 seq_len=1 hidden=2560 intermediate=9216 out_dim=2560 bf16_weights=true elapsed_ms=0.000
kiln_profile_vulkan_backend_mlp_stage stage=weight_cache_up batch=4 seq_len=1 hidden=2560 intermediate=9216 out_dim=2560 bf16_weights=true elapsed_ms=0.000
kiln_profile_vulkan_backend_mlp_stage stage=weight_cache_down batch=4 seq_len=1 hidden=2560 intermediate=9216 out_dim=2560 bf16_weights=true elapsed_ms=0.000
kiln_profile_vulkan_backend_mlp_stage stage=kernel_dispatch batch=4 seq_len=1 hidden=2560 intermediate=9216 out_dim=2560 bf16_weights=true elapsed_ms=1.278
kiln_profile_vulkan_backend_mlp_stage stage=output_reshape batch=4 seq_len=1 hidden=2560 intermediate=9216 out_dim=2560 bf16_weights=true elapsed_ms=0.000
kiln_profile_vulkan_backend_mlp_stage stage=total batch=4 seq_len=1 hidden=2560 intermediate=9216 out_dim=2560 bf16_weights=true elapsed_ms=1.280
kiln_profile_vulkan_backend_mlp_stage stage=dispatch_x batch=4 seq_len=1 hidden=2560 intermediate=9216 out_dim=2560 bf16_weights=true elapsed_ms=0.000
kiln_profile_vulkan_backend_mlp_stage stage=weight_cache_gate batch=4 seq_len=1 hidden=2560 intermediate=9216 out_dim=2560 bf16_weights=true elapsed_ms=0.000
kiln_profile_vulkan_backend_mlp_stage stage=weight_cache_up batch=4 seq_len=1 hidden=2560 intermediate=9216 out_dim=2560 bf16_weights=true elapsed_ms=0.000
kiln_profile_vulkan_backend_mlp_stage stage=weight_cache_down batch=4 seq_len=1 hidden=2560 intermediate=9216 out_dim=2560 bf16_weights=true elapsed_ms=0.000
kiln_profile_vulkan_backend_mlp_stage stage=kernel_dispatch batch=4 seq_len=1 hidden=2560 intermediate=9216 out_dim=2560 bf16_weights=true elapsed_ms=1.358
kiln_profile_vulkan_backend_mlp_stage stage=output_reshape batch=4 seq_len=1 hidden=2560 intermediate=9216 out_dim=2560 bf16_weights=true elapsed_ms=0.000
kiln_profile_vulkan_backend_mlp_stage stage=total batch=4 seq_len=1 hidden=2560 intermediate=9216 out_dim=2560 bf16_weights=true elapsed_ms=1.360
kiln_profile_vulkan_backend_mlp_stage stage=dispatch_x batch=4 seq_len=1 hidden=2560 intermediate=9216 out_dim=2560 bf16_weights=true elapsed_ms=0.000
kiln_profile_vulkan_backend_mlp_stage stage=weight_cache_gate batch=4 seq_len=1 hidden=2560 intermediate=9216 out_dim=2560 bf16_weights=true elapsed_ms=0.000
kiln_profile_vulkan_backend_mlp_stage stage=weight_cache_up batch=4 seq_len=1 hidden=2560 intermediate=9216 out_dim=2560 bf16_weights=true elapsed_ms=0.000
kiln_profile_vulkan_backend_mlp_stage stage=weight_cache_down batch=4 seq_len=1 hidden=2560 intermediate=9216 out_dim=2560 bf16_weights=true elapsed_ms=0.000
kiln_profile_vulkan_backend_mlp_stage stage=kernel_dispatch batch=4 seq_len=1 hidden=2560 intermediate=9216 out_dim=2560 bf16_weights=true elapsed_ms=1.371
kiln_profile_vulkan_backend_mlp_stage stage=output_reshape batch=4 seq_len=1 hidden=2560 intermediate=9216 out_dim=2560 bf16_weights=true elapsed_ms=0.000
kiln_profile_vulkan_backend_mlp_stage stage=total batch=4 seq_len=1 hidden=2560 intermediate=9216 out_dim=2560 bf16_weights=true elapsed_ms=1.373
kiln_profile_vulkan_backend_mlp_stage stage=dispatch_x batch=4 seq_len=1 hidden=2560 intermediate=9216 out_dim=2560 bf16_weights=true elapsed_ms=0.000
kiln_profile_vulkan_backend_mlp_stage stage=weight_cache_gate batch=4 seq_len=1 hidden=2560 intermediate=9216 out_dim=2560 bf16_weights=true elapsed_ms=0.000
kiln_profile_vulkan_backend_mlp_stage stage=weight_cache_up batch=4 seq_len=1 hidden=2560 intermediate=9216 out_dim=2560 bf16_weights=true elapsed_ms=0.000
kiln_profile_vulkan_backend_mlp_stage stage=weight_cache_down batch=4 seq_len=1 hidden=2560 intermediate=9216 out_dim=2560 bf16_weights=true elapsed_ms=0.000
kiln_profile_vulkan_backend_mlp_stage stage=kernel_dispatch batch=4 seq_len=1 hidden=2560 intermediate=9216 out_dim=2560 bf16_weights=true elapsed_ms=1.241
kiln_profile_vulkan_backend_mlp_stage stage=output_reshape batch=4 seq_len=1 hidden=2560 intermediate=9216 out_dim=2560 bf16_weights=true elapsed_ms=0.000
kiln_profile_vulkan_backend_mlp_stage stage=total batch=4 seq_len=1 hidden=2560 intermediate=9216 out_dim=2560 bf16_weights=true elapsed_ms=1.244
kiln_profile_vulkan_backend_mlp_stage stage=dispatch_x batch=4 seq_len=1 hidden=2560 intermediate=9216 out_dim=2560 bf16_weights=true elapsed_ms=0.000
kiln_profile_vulkan_backend_mlp_stage stage=weight_cache_gate batch=4 seq_len=1 hidden=2560 intermediate=9216 out_dim=2560 bf16_weights=true elapsed_ms=0.001
kiln_profile_vulkan_backend_mlp_stage stage=weight_cache_up batch=4 seq_len=1 hidden=2560 intermediate=9216 out_dim=2560 bf16_weights=true elapsed_ms=0.000
kiln_profile_vulkan_backend_mlp_stage stage=weight_cache_down batch=4 seq_len=1 hidden=2560 intermediate=9216 out_dim=2560 bf16_weights=true elapsed_ms=0.001
kiln_profile_vulkan_backend_mlp_stage stage=kernel_dispatch batch=4 seq_len=1 hidden=2560 intermediate=9216 out_dim=2560 bf16_weights=true elapsed_ms=1.226
kiln_profile_vulkan_backend_mlp_stage stage=output_reshape batch=4 seq_len=1 hidden=2560 intermediate=9216 out_dim=2560 bf16_weights=true elapsed_ms=0.000
kiln_profile_vulkan_backend_mlp_stage stage=total batch=4 seq_len=1 hidden=2560 intermediate=9216 out_dim=2560 bf16_weights=true elapsed_ms=1.229
kiln_profile_vulkan_backend_mlp_stage stage=dispatch_x batch=4 seq_len=1 hidden=2560 intermediate=9216 out_dim=2560 bf16_weights=true elapsed_ms=0.000
kiln_profile_vulkan_backend_mlp_stage stage=weight_cache_gate batch=4 seq_len=1 hidden=2560 intermediate=9216 out_dim=2560 bf16_weights=true elapsed_ms=0.001
kiln_profile_vulkan_backend_mlp_stage stage=weight_cache_up batch=4 seq_len=1 hidden=2560 intermediate=9216 out_dim=2560 bf16_weights=true elapsed_ms=0.000
kiln_profile_vulkan_backend_mlp_stage stage=weight_cache_down batch=4 seq_len=1 hidden=2560 intermediate=9216 out_dim=2560 bf16_weights=true elapsed_ms=0.001
kiln_profile_vulkan_backend_mlp_stage stage=kernel_dispatch batch=4 seq_len=1 hidden=2560 intermediate=9216 out_dim=2560 bf16_weights=true elapsed_ms=1.387
kiln_profile_vulkan_backend_mlp_stage stage=output_reshape batch=4 seq_len=1 hidden=2560 intermediate=9216 out_dim=2560 bf16_weights=true elapsed_ms=0.000
kiln_profile_vulkan_backend_mlp_stage stage=total batch=4 seq_len=1 hidden=2560 intermediate=9216 out_dim=2560 bf16_weights=true elapsed_ms=1.390
kiln_profile_vulkan_backend_mlp_stage stage=dispatch_x batch=4 seq_len=1 hidden=2560 intermediate=9216 out_dim=2560 bf16_weights=true elapsed_ms=0.000
kiln_profile_vulkan_backend_mlp_stage stage=weight_cache_gate batch=4 seq_len=1 hidden=2560 intermediate=9216 out_dim=2560 bf16_weights=true elapsed_ms=0.001
kiln_profile_vulkan_backend_mlp_stage stage=weight_cache_up batch=4 seq_len=1 hidden=2560 intermediate=9216 out_dim=2560 bf16_weights=true elapsed_ms=0.000
kiln_profile_vulkan_backend_mlp_stage stage=weight_cache_down batch=4 seq_len=1 hidden=2560 intermediate=9216 out_dim=2560 bf16_weights=true elapsed_ms=0.000
kiln_profile_vulkan_backend_mlp_stage stage=kernel_dispatch batch=4 seq_len=1 hidden=2560 intermediate=9216 out_dim=2560 bf16_weights=true elapsed_ms=1.330
kiln_profile_vulkan_backend_mlp_stage stage=output_reshape batch=4 seq_len=1 hidden=2560 intermediate=9216 out_dim=2560 bf16_weights=true elapsed_ms=0.000
kiln_profile_vulkan_backend_mlp_stage stage=total batch=4 seq_len=1 hidden=2560 intermediate=9216 out_dim=2560 bf16_weights=true elapsed_ms=1.332
kiln_profile_vulkan_backend_mlp_stage stage=dispatch_x batch=4 seq_len=1 hidden=2560 intermediate=9216 out_dim=2560 bf16_weights=true elapsed_ms=0.000
kiln_profile_vulkan_backend_mlp_stage stage=weight_cache_gate batch=4 seq_len=1 hidden=2560 intermediate=9216 out_dim=2560 bf16_weights=true elapsed_ms=0.001
kiln_profile_vulkan_backend_mlp_stage stage=weight_cache_up batch=4 seq_len=1 hidden=2560 intermediate=9216 out_dim=2560 bf16_weights=true elapsed_ms=0.001
kiln_profile_vulkan_backend_mlp_stage stage=weight_cache_down batch=4 seq_len=1 hidden=2560 intermediate=9216 out_dim=2560 bf16_weights=true elapsed_ms=0.000
kiln_profile_vulkan_backend_mlp_stage stage=kernel_dispatch batch=4 seq_len=1 hidden=2560 intermediate=9216 out_dim=2560 bf16_weights=true elapsed_ms=1.310
kiln_profile_vulkan_backend_mlp_stage stage=output_reshape batch=4 seq_len=1 hidden=2560 intermediate=9216 out_dim=2560 bf16_weights=true elapsed_ms=0.000
kiln_profile_vulkan_backend_mlp_stage stage=total batch=4 seq_len=1 hidden=2560 intermediate=9216 out_dim=2560 bf16_weights=true elapsed_ms=1.313
kiln_profile_vulkan_backend_mlp_stage stage=dispatch_x batch=4 seq_len=1 hidden=2560 intermediate=9216 out_dim=2560 bf16_weights=true elapsed_ms=0.000
kiln_profile_vulkan_backend_mlp_stage stage=weight_cache_gate batch=4 seq_len=1 hidden=2560 intermediate=9216 out_dim=2560 bf16_weights=true elapsed_ms=0.000
kiln_profile_vulkan_backend_mlp_stage stage=weight_cache_up batch=4 seq_len=1 hidden=2560 intermediate=9216 out_dim=2560 bf16_weights=true elapsed_ms=0.001
kiln_profile_vulkan_backend_mlp_stage stage=weight_cache_down batch=4 seq_len=1 hidden=2560 intermediate=9216 out_dim=2560 bf16_weights=true elapsed_ms=0.001
kiln_profile_vulkan_backend_mlp_stage stage=kernel_dispatch batch=4 seq_len=1 hidden=2560 intermediate=9216 out_dim=2560 bf16_weights=true elapsed_ms=1.298
kiln_profile_vulkan_backend_mlp_stage stage=output_reshape batch=4 seq_len=1 hidden=2560 intermediate=9216 out_dim=2560 bf16_weights=true elapsed_ms=0.000
kiln_profile_vulkan_backend_mlp_stage stage=total batch=4 seq_len=1 hidden=2560 intermediate=9216 out_dim=2560 bf16_weights=true elapsed_ms=1.301
kiln_profile_vulkan_backend_mlp_stage stage=dispatch_x batch=4 seq_len=1 hidden=2560 intermediate=9216 out_dim=2560 bf16_weights=true elapsed_ms=0.000
kiln_profile_vulkan_backend_mlp_stage stage=weight_cache_gate batch=4 seq_len=1 hidden=2560 intermediate=9216 out_dim=2560 bf16_weights=true elapsed_ms=0.001
kiln_profile_vulkan_backend_mlp_stage stage=weight_cache_up batch=4 seq_len=1 hidden=2560 intermediate=9216 out_dim=2560 bf16_weights=true elapsed_ms=0.000
kiln_profile_vulkan_backend_mlp_stage stage=weight_cache_down batch=4 seq_len=1 hidden=2560 intermediate=9216 out_dim=2560 bf16_weights=true elapsed_ms=0.000
kiln_profile_vulkan_backend_mlp_stage stage=kernel_dispatch batch=4 seq_len=1 hidden=2560 intermediate=9216 out_dim=2560 bf16_weights=true elapsed_ms=1.483
kiln_profile_vulkan_backend_mlp_stage stage=output_reshape batch=4 seq_len=1 hidden=2560 intermediate=9216 out_dim=2560 bf16_weights=true elapsed_ms=0.000
kiln_profile_vulkan_backend_mlp_stage stage=total batch=4 seq_len=1 hidden=2560 intermediate=9216 out_dim=2560 bf16_weights=true elapsed_ms=1.486
kiln_profile_vulkan_backend_mlp_stage stage=dispatch_x batch=4 seq_len=1 hidden=2560 intermediate=9216 out_dim=2560 bf16_weights=true elapsed_ms=0.000
kiln_profile_vulkan_backend_mlp_stage stage=weight_cache_gate batch=4 seq_len=1 hidden=2560 intermediate=9216 out_dim=2560 bf16_weights=true elapsed_ms=0.000
kiln_profile_vulkan_backend_mlp_stage stage=weight_cache_up batch=4 seq_len=1 hidden=2560 intermediate=9216 out_dim=2560 bf16_weights=true elapsed_ms=0.000
kiln_profile_vulkan_backend_mlp_stage stage=weight_cache_down batch=4 seq_len=1 hidden=2560 intermediate=9216 out_dim=2560 bf16_weights=true elapsed_ms=0.001
kiln_profile_vulkan_backend_mlp_stage stage=kernel_dispatch batch=4 seq_len=1 hidden=2560 intermediate=9216 out_dim=2560 bf16_weights=true elapsed_ms=1.370
kiln_profile_vulkan_backend_mlp_stage stage=output_reshape batch=4 seq_len=1 hidden=2560 intermediate=9216 out_dim=2560 bf16_weights=true elapsed_ms=0.000
kiln_profile_vulkan_backend_mlp_stage stage=total batch=4 seq_len=1 hidden=2560 intermediate=9216 out_dim=2560 bf16_weights=true elapsed_ms=1.372
kiln_profile_vulkan_backend_mlp_stage stage=dispatch_x batch=4 seq_len=1 hidden=2560 intermediate=9216 out_dim=2560 bf16_weights=true elapsed_ms=0.000
kiln_profile_vulkan_backend_mlp_stage stage=weight_cache_gate batch=4 seq_len=1 hidden=2560 intermediate=9216 out_dim=2560 bf16_weights=true elapsed_ms=0.001
kiln_profile_vulkan_backend_mlp_stage stage=weight_cache_up batch=4 seq_len=1 hidden=2560 intermediate=9216 out_dim=2560 bf16_weights=true elapsed_ms=0.000
kiln_profile_vulkan_backend_mlp_stage stage=weight_cache_down batch=4 seq_len=1 hidden=2560 intermediate=9216 out_dim=2560 bf16_weights=true elapsed_ms=0.000
kiln_profile_vulkan_backend_mlp_stage stage=kernel_dispatch batch=4 seq_len=1 hidden=2560 intermediate=9216 out_dim=2560 bf16_weights=true elapsed_ms=1.230
kiln_profile_vulkan_backend_mlp_stage stage=output_reshape batch=4 seq_len=1 hidden=2560 intermediate=9216 out_dim=2560 bf16_weights=true elapsed_ms=0.000
kiln_profile_vulkan_backend_mlp_stage stage=total batch=4 seq_len=1 hidden=2560 intermediate=9216 out_dim=2560 bf16_weights=true elapsed_ms=1.233
kiln_profile_vulkan_backend_mlp_stage stage=dispatch_x batch=4 seq_len=1 hidden=2560 intermediate=9216 out_dim=2560 bf16_weights=true elapsed_ms=0.000
kiln_profile_vulkan_backend_mlp_stage stage=weight_cache_gate batch=4 seq_len=1 hidden=2560 intermediate=9216 out_dim=2560 bf16_weights=true elapsed_ms=0.001
kiln_profile_vulkan_backend_mlp_stage stage=weight_cache_up batch=4 seq_len=1 hidden=2560 intermediate=9216 out_dim=2560 bf16_weights=true elapsed_ms=0.001
kiln_profile_vulkan_backend_mlp_stage stage=weight_cache_down batch=4 seq_len=1 hidden=2560 intermediate=9216 out_dim=2560 bf16_weights=true elapsed_ms=0.000
kiln_profile_vulkan_backend_mlp_stage stage=kernel_dispatch batch=4 seq_len=1 hidden=2560 intermediate=9216 out_dim=2560 bf16_weights=true elapsed_ms=1.226
kiln_profile_vulkan_backend_mlp_stage stage=output_reshape batch=4 seq_len=1 hidden=2560 intermediate=9216 out_dim=2560 bf16_weights=true elapsed_ms=0.000
kiln_profile_vulkan_backend_mlp_stage stage=total batch=4 seq_len=1 hidden=2560 intermediate=9216 out_dim=2560 bf16_weights=true elapsed_ms=1.229
kiln_profile_vulkan_backend_mlp_stage stage=dispatch_x batch=4 seq_len=1 hidden=2560 intermediate=9216 out_dim=2560 bf16_weights=true elapsed_ms=0.000
kiln_profile_vulkan_backend_mlp_stage stage=weight_cache_gate batch=4 seq_len=1 hidden=2560 intermediate=9216 out_dim=2560 bf16_weights=true elapsed_ms=0.000
kiln_profile_vulkan_backend_mlp_stage stage=weight_cache_up batch=4 seq_len=1 hidden=2560 intermediate=9216 out_dim=2560 bf16_weights=true elapsed_ms=0.001
kiln_profile_vulkan_backend_mlp_stage stage=weight_cache_down batch=4 seq_len=1 hidden=2560 intermediate=9216 out_dim=2560 bf16_weights=true elapsed_ms=0.000
kiln_profile_vulkan_backend_mlp_stage stage=kernel_dispatch batch=4 seq_len=1 hidden=2560 intermediate=9216 out_dim=2560 bf16_weights=true elapsed_ms=1.795
kiln_profile_vulkan_backend_mlp_stage stage=output_reshape batch=4 seq_len=1 hidden=2560 intermediate=9216 out_dim=2560 bf16_weights=true elapsed_ms=0.000
kiln_profile_vulkan_backend_mlp_stage stage=total batch=4 seq_len=1 hidden=2560 intermediate=9216 out_dim=2560 bf16_weights=true elapsed_ms=1.798
kiln_profile_vulkan_backend_mlp_stage stage=dispatch_x batch=4 seq_len=1 hidden=2560 intermediate=9216 out_dim=2560 bf16_weights=true elapsed_ms=0.000
kiln_profile_vulkan_backend_mlp_stage stage=weight_cache_gate batch=4 seq_len=1 hidden=2560 intermediate=9216 out_dim=2560 bf16_weights=true elapsed_ms=0.000
kiln_profile_vulkan_backend_mlp_stage stage=weight_cache_up batch=4 seq_len=1 hidden=2560 intermediate=9216 out_dim=2560 bf16_weights=true elapsed_ms=0.000
kiln_profile_vulkan_backend_mlp_stage stage=weight_cache_down batch=4 seq_len=1 hidden=2560 intermediate=9216 out_dim=2560 bf16_weights=true elapsed_ms=0.001
kiln_profile_vulkan_backend_mlp_stage stage=kernel_dispatch batch=4 seq_len=1 hidden=2560 intermediate=9216 out_dim=2560 bf16_weights=true elapsed_ms=1.333
kiln_profile_vulkan_backend_mlp_stage stage=output_reshape batch=4 seq_len=1 hidden=2560 intermediate=9216 out_dim=2560 bf16_weights=true elapsed_ms=0.000
kiln_profile_vulkan_backend_mlp_stage stage=total batch=4 seq_len=1 hidden=2560 intermediate=9216 out_dim=2560 bf16_weights=true elapsed_ms=1.335
kiln_profile_vulkan_backend_mlp_stage stage=dispatch_x batch=4 seq_len=1 hidden=2560 intermediate=9216 out_dim=2560 bf16_weights=true elapsed_ms=0.000
kiln_profile_vulkan_backend_mlp_stage stage=weight_cache_gate batch=4 seq_len=1 hidden=2560 intermediate=9216 out_dim=2560 bf16_weights=true elapsed_ms=0.000
kiln_profile_vulkan_backend_mlp_stage stage=weight_cache_up batch=4 seq_len=1 hidden=2560 intermediate=9216 out_dim=2560 bf16_weights=true elapsed_ms=0.000
kiln_profile_vulkan_backend_mlp_stage stage=weight_cache_down batch=4 seq_len=1 hidden=2560 intermediate=9216 out_dim=2560 bf16_weights=true elapsed_ms=0.001
kiln_profile_vulkan_backend_mlp_stage stage=kernel_dispatch batch=4 seq_len=1 hidden=2560 intermediate=9216 out_dim=2560 bf16_weights=true elapsed_ms=1.304
kiln_profile_vulkan_backend_mlp_stage stage=output_reshape batch=4 seq_len=1 hidden=2560 intermediate=9216 out_dim=2560 bf16_weights=true elapsed_ms=0.000
kiln_profile_vulkan_backend_mlp_stage stage=total batch=4 seq_len=1 hidden=2560 intermediate=9216 out_dim=2560 bf16_weights=true elapsed_ms=1.307
kiln_profile_vulkan_backend_mlp_stage stage=dispatch_x batch=4 seq_len=1 hidden=2560 intermediate=9216 out_dim=2560 bf16_weights=true elapsed_ms=0.000
kiln_profile_vulkan_backend_mlp_stage stage=weight_cache_gate batch=4 seq_len=1 hidden=2560 intermediate=9216 out_dim=2560 bf16_weights=true elapsed_ms=0.001
kiln_profile_vulkan_backend_mlp_stage stage=weight_cache_up batch=4 seq_len=1 hidden=2560 intermediate=9216 out_dim=2560 bf16_weights=true elapsed_ms=0.001
kiln_profile_vulkan_backend_mlp_stage stage=weight_cache_down batch=4 seq_len=1 hidden=2560 intermediate=9216 out_dim=2560 bf16_weights=true elapsed_ms=0.001
kiln_profile_vulkan_backend_mlp_stage stage=kernel_dispatch batch=4 seq_len=1 hidden=2560 intermediate=9216 out_dim=2560 bf16_weights=true elapsed_ms=1.280
kiln_profile_vulkan_backend_mlp_stage stage=output_reshape batch=4 seq_len=1 hidden=2560 intermediate=9216 out_dim=2560 bf16_weights=true elapsed_ms=0.000
kiln_profile_vulkan_backend_mlp_stage stage=total batch=4 seq_len=1 hidden=2560 intermediate=9216 out_dim=2560 bf16_weights=true elapsed_ms=1.282
kiln_profile_vulkan_backend_mlp_stage stage=dispatch_x batch=4 seq_len=1 hidden=2560 intermediate=9216 out_dim=2560 bf16_weights=true elapsed_ms=0.000
kiln_profile_vulkan_backend_mlp_stage stage=weight_cache_gate batch=4 seq_len=1 hidden=2560 intermediate=9216 out_dim=2560 bf16_weights=true elapsed_ms=0.001
kiln_profile_vulkan_backend_mlp_stage stage=weight_cache_up batch=4 seq_len=1 hidden=2560 intermediate=9216 out_dim=2560 bf16_weights=true elapsed_ms=0.000
kiln_profile_vulkan_backend_mlp_stage stage=weight_cache_down batch=4 seq_len=1 hidden=2560 intermediate=9216 out_dim=2560 bf16_weights=true elapsed_ms=0.000
kiln_profile_vulkan_backend_mlp_stage stage=kernel_dispatch batch=4 seq_len=1 hidden=2560 intermediate=9216 out_dim=2560 bf16_weights=true elapsed_ms=1.369
kiln_profile_vulkan_backend_mlp_stage stage=output_reshape batch=4 seq_len=1 hidden=2560 intermediate=9216 out_dim=2560 bf16_weights=true elapsed_ms=0.000
kiln_profile_vulkan_backend_mlp_stage stage=total batch=4 seq_len=1 hidden=2560 intermediate=9216 out_dim=2560 bf16_weights=true elapsed_ms=1.372
kiln_profile_vulkan_backend_mlp_stage stage=dispatch_x batch=4 seq_len=1 hidden=2560 intermediate=9216 out_dim=2560 bf16_weights=true elapsed_ms=0.000
kiln_profile_vulkan_backend_mlp_stage stage=weight_cache_gate batch=4 seq_len=1 hidden=2560 intermediate=9216 out_dim=2560 bf16_weights=true elapsed_ms=0.000
kiln_profile_vulkan_backend_mlp_stage stage=weight_cache_up batch=4 seq_len=1 hidden=2560 intermediate=9216 out_dim=2560 bf16_weights=true elapsed_ms=0.000
kiln_profile_vulkan_backend_mlp_stage stage=weight_cache_down batch=4 seq_len=1 hidden=2560 intermediate=9216 out_dim=2560 bf16_weights=true elapsed_ms=0.001
kiln_profile_vulkan_backend_mlp_stage stage=kernel_dispatch batch=4 seq_len=1 hidden=2560 intermediate=9216 out_dim=2560 bf16_weights=true elapsed_ms=1.416
kiln_profile_vulkan_backend_mlp_stage stage=output_reshape batch=4 seq_len=1 hidden=2560 intermediate=9216 out_dim=2560 bf16_weights=true elapsed_ms=0.000
kiln_profile_vulkan_backend_mlp_stage stage=total batch=4 seq_len=1 hidden=2560 intermediate=9216 out_dim=2560 bf16_weights=true elapsed_ms=1.418
kiln_profile_vulkan_backend_mlp_stage stage=dispatch_x batch=4 seq_len=1 hidden=2560 intermediate=9216 out_dim=2560 bf16_weights=true elapsed_ms=0.000
kiln_profile_vulkan_backend_mlp_stage stage=weight_cache_gate batch=4 seq_len=1 hidden=2560 intermediate=9216 out_dim=2560 bf16_weights=true elapsed_ms=0.001
kiln_profile_vulkan_backend_mlp_stage stage=weight_cache_up batch=4 seq_len=1 hidden=2560 intermediate=9216 out_dim=2560 bf16_weights=true elapsed_ms=0.000
kiln_profile_vulkan_backend_mlp_stage stage=weight_cache_down batch=4 seq_len=1 hidden=2560 intermediate=9216 out_dim=2560 bf16_weights=true elapsed_ms=0.000
kiln_profile_vulkan_backend_mlp_stage stage=kernel_dispatch batch=4 seq_len=1 hidden=2560 intermediate=9216 out_dim=2560 bf16_weights=true elapsed_ms=1.250
kiln_profile_vulkan_backend_mlp_stage stage=output_reshape batch=4 seq_len=1 hidden=2560 intermediate=9216 out_dim=2560 bf16_weights=true elapsed_ms=0.000
kiln_profile_vulkan_backend_mlp_stage stage=total batch=4 seq_len=1 hidden=2560 intermediate=9216 out_dim=2560 bf16_weights=true elapsed_ms=1.252
kiln_profile_vulkan_backend_mlp_stage stage=dispatch_x batch=4 seq_len=1 hidden=2560 intermediate=9216 out_dim=2560 bf16_weights=true elapsed_ms=0.000
kiln_profile_vulkan_backend_mlp_stage stage=weight_cache_gate batch=4 seq_len=1 hidden=2560 intermediate=9216 out_dim=2560 bf16_weights=true elapsed_ms=0.000
kiln_profile_vulkan_backend_mlp_stage stage=weight_cache_up batch=4 seq_len=1 hidden=2560 intermediate=9216 out_dim=2560 bf16_weights=true elapsed_ms=0.001
kiln_profile_vulkan_backend_mlp_stage stage=weight_cache_down batch=4 seq_len=1 hidden=2560 intermediate=9216 out_dim=2560 bf16_weights=true elapsed_ms=0.000
kiln_profile_vulkan_backend_mlp_stage stage=kernel_dispatch batch=4 seq_len=1 hidden=2560 intermediate=9216 out_dim=2560 bf16_weights=true elapsed_ms=1.235
kiln_profile_vulkan_backend_mlp_stage stage=output_reshape batch=4 seq_len=1 hidden=2560 intermediate=9216 out_dim=2560 bf16_weights=true elapsed_ms=0.000
kiln_profile_vulkan_backend_mlp_stage stage=total batch=4 seq_len=1 hidden=2560 intermediate=9216 out_dim=2560 bf16_weights=true elapsed_ms=1.237
kiln_profile_vulkan_backend_mlp_stage stage=dispatch_x batch=4 seq_len=1 hidden=2560 intermediate=9216 out_dim=2560 bf16_weights=true elapsed_ms=0.000
kiln_profile_vulkan_backend_mlp_stage stage=weight_cache_gate batch=4 seq_len=1 hidden=2560 intermediate=9216 out_dim=2560 bf16_weights=true elapsed_ms=0.000
kiln_profile_vulkan_backend_mlp_stage stage=weight_cache_up batch=4 seq_len=1 hidden=2560 intermediate=9216 out_dim=2560 bf16_weights=true elapsed_ms=0.001
kiln_profile_vulkan_backend_mlp_stage stage=weight_cache_down batch=4 seq_len=1 hidden=2560 intermediate=9216 out_dim=2560 bf16_weights=true elapsed_ms=0.000
kiln_profile_vulkan_backend_mlp_stage stage=kernel_dispatch batch=4 seq_len=1 hidden=2560 intermediate=9216 out_dim=2560 bf16_weights=true elapsed_ms=1.251
kiln_profile_vulkan_backend_mlp_stage stage=output_reshape batch=4 seq_len=1 hidden=2560 intermediate=9216 out_dim=2560 bf16_weights=true elapsed_ms=0.000
kiln_profile_vulkan_backend_mlp_stage stage=total batch=4 seq_len=1 hidden=2560 intermediate=9216 out_dim=2560 bf16_weights=true elapsed_ms=1.253
kiln_profile_vulkan_backend_mlp_stage stage=dispatch_x batch=4 seq_len=1 hidden=2560 intermediate=9216 out_dim=2560 bf16_weights=true elapsed_ms=0.000
kiln_profile_vulkan_backend_mlp_stage stage=weight_cache_gate batch=4 seq_len=1 hidden=2560 intermediate=9216 out_dim=2560 bf16_weights=true elapsed_ms=0.001
kiln_profile_vulkan_backend_mlp_stage stage=weight_cache_up batch=4 seq_len=1 hidden=2560 intermediate=9216 out_dim=2560 bf16_weights=true elapsed_ms=0.000
kiln_profile_vulkan_backend_mlp_stage stage=weight_cache_down batch=4 seq_len=1 hidden=2560 intermediate=9216 out_dim=2560 bf16_weights=true elapsed_ms=0.000
kiln_profile_vulkan_backend_mlp_stage stage=kernel_dispatch batch=4 seq_len=1 hidden=2560 intermediate=9216 out_dim=2560 bf16_weights=true elapsed_ms=1.365
kiln_profile_vulkan_backend_mlp_stage stage=output_reshape batch=4 seq_len=1 hidden=2560 intermediate=9216 out_dim=2560 bf16_weights=true elapsed_ms=0.000
kiln_profile_vulkan_backend_mlp_stage stage=total batch=4 seq_len=1 hidden=2560 intermediate=9216 out_dim=2560 bf16_weights=true elapsed_ms=1.368
kiln_profile_vulkan_backend_mlp_stage stage=dispatch_x batch=4 seq_len=1 hidden=2560 intermediate=9216 out_dim=2560 bf16_weights=true elapsed_ms=0.000
kiln_profile_vulkan_backend_mlp_stage stage=weight_cache_gate batch=4 seq_len=1 hidden=2560 intermediate=9216 out_dim=2560 bf16_weights=true elapsed_ms=0.000
kiln_profile_vulkan_backend_mlp_stage stage=weight_cache_up batch=4 seq_len=1 hidden=2560 intermediate=9216 out_dim=2560 bf16_weights=true elapsed_ms=0.000
kiln_profile_vulkan_backend_mlp_stage stage=weight_cache_down batch=4 seq_len=1 hidden=2560 intermediate=9216 out_dim=2560 bf16_weights=true elapsed_ms=0.000
kiln_profile_vulkan_backend_mlp_stage stage=kernel_dispatch batch=4 seq_len=1 hidden=2560 intermediate=9216 out_dim=2560 bf16_weights=true elapsed_ms=1.259
kiln_profile_vulkan_backend_mlp_stage stage=output_reshape batch=4 seq_len=1 hidden=2560 intermediate=9216 out_dim=2560 bf16_weights=true elapsed_ms=0.000
kiln_profile_vulkan_backend_mlp_stage stage=total batch=4 seq_len=1 hidden=2560 intermediate=9216 out_dim=2560 bf16_weights=true elapsed_ms=1.261
kiln_profile_vulkan_backend_mlp_stage stage=dispatch_x batch=4 seq_len=1 hidden=2560 intermediate=9216 out_dim=2560 bf16_weights=true elapsed_ms=0.000
kiln_profile_vulkan_backend_mlp_stage stage=weight_cache_gate batch=4 seq_len=1 hidden=2560 intermediate=9216 out_dim=2560 bf16_weights=true elapsed_ms=0.001
kiln_profile_vulkan_backend_mlp_stage stage=weight_cache_up batch=4 seq_len=1 hidden=2560 intermediate=9216 out_dim=2560 bf16_weights=true elapsed_ms=0.000
kiln_profile_vulkan_backend_mlp_stage stage=weight_cache_down batch=4 seq_len=1 hidden=2560 intermediate=9216 out_dim=2560 bf16_weights=true elapsed_ms=0.001
kiln_profile_vulkan_backend_mlp_stage stage=kernel_dispatch batch=4 seq_len=1 hidden=2560 intermediate=9216 out_dim=2560 bf16_weights=true elapsed_ms=1.234
kiln_profile_vulkan_backend_mlp_stage stage=output_reshape batch=4 seq_len=1 hidden=2560 intermediate=9216 out_dim=2560 bf16_weights=true elapsed_ms=0.000
kiln_profile_vulkan_backend_mlp_stage stage=total batch=4 seq_len=1 hidden=2560 intermediate=9216 out_dim=2560 bf16_weights=true elapsed_ms=1.237
kiln_profile_vulkan_backend_mlp_stage stage=dispatch_x batch=4 seq_len=1 hidden=2560 intermediate=9216 out_dim=2560 bf16_weights=true elapsed_ms=0.000
kiln_profile_vulkan_backend_mlp_stage stage=weight_cache_gate batch=4 seq_len=1 hidden=2560 intermediate=9216 out_dim=2560 bf16_weights=true elapsed_ms=0.000
kiln_profile_vulkan_backend_mlp_stage stage=weight_cache_up batch=4 seq_len=1 hidden=2560 intermediate=9216 out_dim=2560 bf16_weights=true elapsed_ms=0.000
kiln_profile_vulkan_backend_mlp_stage stage=weight_cache_down batch=4 seq_len=1 hidden=2560 intermediate=9216 out_dim=2560 bf16_weights=true elapsed_ms=0.000
kiln_profile_vulkan_backend_mlp_stage stage=kernel_dispatch batch=4 seq_len=1 hidden=2560 intermediate=9216 out_dim=2560 bf16_weights=true elapsed_ms=1.337
kiln_profile_vulkan_backend_mlp_stage stage=output_reshape batch=4 seq_len=1 hidden=2560 intermediate=9216 out_dim=2560 bf16_weights=true elapsed_ms=0.000
kiln_profile_vulkan_backend_mlp_stage stage=total batch=4 seq_len=1 hidden=2560 intermediate=9216 out_dim=2560 bf16_weights=true elapsed_ms=1.340
kiln_profile_vulkan_backend_mlp_stage stage=dispatch_x batch=4 seq_len=1 hidden=2560 intermediate=9216 out_dim=2560 bf16_weights=true elapsed_ms=0.000
kiln_profile_vulkan_backend_mlp_stage stage=weight_cache_gate batch=4 seq_len=1 hidden=2560 intermediate=9216 out_dim=2560 bf16_weights=true elapsed_ms=0.000
kiln_profile_vulkan_backend_mlp_stage stage=weight_cache_up batch=4 seq_len=1 hidden=2560 intermediate=9216 out_dim=2560 bf16_weights=true elapsed_ms=0.000
kiln_profile_vulkan_backend_mlp_stage stage=weight_cache_down batch=4 seq_len=1 hidden=2560 intermediate=9216 out_dim=2560 bf16_weights=true elapsed_ms=0.000
kiln_profile_vulkan_backend_mlp_stage stage=kernel_dispatch batch=4 seq_len=1 hidden=2560 intermediate=9216 out_dim=2560 bf16_weights=true elapsed_ms=1.359
kiln_profile_vulkan_backend_mlp_stage stage=output_reshape batch=4 seq_len=1 hidden=2560 intermediate=9216 out_dim=2560 bf16_weights=true elapsed_ms=0.000
kiln_profile_vulkan_backend_mlp_stage stage=total batch=4 seq_len=1 hidden=2560 intermediate=9216 out_dim=2560 bf16_weights=true elapsed_ms=1.361
kiln_profile_vulkan_backend_mlp_stage stage=dispatch_x batch=2 seq_len=1 hidden=2560 intermediate=9216 out_dim=2560 bf16_weights=true elapsed_ms=0.000
kiln_profile_vulkan_backend_mlp_stage stage=weight_cache_gate batch=2 seq_len=1 hidden=2560 intermediate=9216 out_dim=2560 bf16_weights=true elapsed_ms=0.001
kiln_profile_vulkan_backend_mlp_stage stage=weight_cache_up batch=2 seq_len=1 hidden=2560 intermediate=9216 out_dim=2560 bf16_weights=true elapsed_ms=0.001
kiln_profile_vulkan_backend_mlp_stage stage=weight_cache_down batch=2 seq_len=1 hidden=2560 intermediate=9216 out_dim=2560 bf16_weights=true elapsed_ms=0.001
kiln_profile_vulkan_backend_mlp_stage stage=kernel_dispatch batch=2 seq_len=1 hidden=2560 intermediate=9216 out_dim=2560 bf16_weights=true elapsed_ms=1.304
kiln_profile_vulkan_backend_mlp_stage stage=output_reshape batch=2 seq_len=1 hidden=2560 intermediate=9216 out_dim=2560 bf16_weights=true elapsed_ms=0.000
kiln_profile_vulkan_backend_mlp_stage stage=total batch=2 seq_len=1 hidden=2560 intermediate=9216 out_dim=2560 bf16_weights=true elapsed_ms=1.307
kiln_profile_vulkan_backend_mlp_stage stage=dispatch_x batch=2 seq_len=1 hidden=2560 intermediate=9216 out_dim=2560 bf16_weights=true elapsed_ms=0.000
kiln_profile_vulkan_backend_mlp_stage stage=weight_cache_gate batch=2 seq_len=1 hidden=2560 intermediate=9216 out_dim=2560 bf16_weights=true elapsed_ms=0.001
kiln_profile_vulkan_backend_mlp_stage stage=weight_cache_up batch=2 seq_len=1 hidden=2560 intermediate=9216 out_dim=2560 bf16_weights=true elapsed_ms=0.000
kiln_profile_vulkan_backend_mlp_stage stage=weight_cache_down batch=2 seq_len=1 hidden=2560 intermediate=9216 out_dim=2560 bf16_weights=true elapsed_ms=0.001
kiln_profile_vulkan_backend_mlp_stage stage=kernel_dispatch batch=2 seq_len=1 hidden=2560 intermediate=9216 out_dim=2560 bf16_weights=true elapsed_ms=1.349
kiln_profile_vulkan_backend_mlp_stage stage=output_reshape batch=2 seq_len=1 hidden=2560 intermediate=9216 out_dim=2560 bf16_weights=true elapsed_ms=0.000
kiln_profile_vulkan_backend_mlp_stage stage=total batch=2 seq_len=1 hidden=2560 intermediate=9216 out_dim=2560 bf16_weights=true elapsed_ms=1.352
kiln_profile_vulkan_backend_mlp_stage stage=dispatch_x batch=2 seq_len=1 hidden=2560 intermediate=9216 out_dim=2560 bf16_weights=true elapsed_ms=0.000
kiln_profile_vulkan_backend_mlp_stage stage=weight_cache_gate batch=2 seq_len=1 hidden=2560 intermediate=9216 out_dim=2560 bf16_weights=true elapsed_ms=0.001
kiln_profile_vulkan_backend_mlp_stage stage=weight_cache_up batch=2 seq_len=1 hidden=2560 intermediate=9216 out_dim=2560 bf16_weights=true elapsed_ms=0.000
kiln_profile_vulkan_backend_mlp_stage stage=weight_cache_down batch=2 seq_len=1 hidden=2560 intermediate=9216 out_dim=2560 bf16_weights=true elapsed_ms=0.001
kiln_profile_vulkan_backend_mlp_stage stage=kernel_dispatch batch=2 seq_len=1 hidden=2560 intermediate=9216 out_dim=2560 bf16_weights=true elapsed_ms=1.331
kiln_profile_vulkan_backend_mlp_stage stage=output_reshape batch=2 seq_len=1 hidden=2560 intermediate=9216 out_dim=2560 bf16_weights=true elapsed_ms=0.000
kiln_profile_vulkan_backend_mlp_stage stage=total batch=2 seq_len=1 hidden=2560 intermediate=9216 out_dim=2560 bf16_weights=true elapsed_ms=1.333
kiln_profile_vulkan_backend_mlp_stage stage=dispatch_x batch=2 seq_len=1 hidden=2560 intermediate=9216 out_dim=2560 bf16_weights=true elapsed_ms=0.000
kiln_profile_vulkan_backend_mlp_stage stage=weight_cache_gate batch=2 seq_len=1 hidden=2560 intermediate=9216 out_dim=2560 bf16_weights=true elapsed_ms=0.000
kiln_profile_vulkan_backend_mlp_stage stage=weight_cache_up batch=2 seq_len=1 hidden=2560 intermediate=9216 out_dim=2560 bf16_weights=true elapsed_ms=0.000
kiln_profile_vulkan_backend_mlp_stage stage=weight_cache_down batch=2 seq_len=1 hidden=2560 intermediate=9216 out_dim=2560 bf16_weights=true elapsed_ms=0.000
kiln_profile_vulkan_backend_mlp_stage stage=kernel_dispatch batch=2 seq_len=1 hidden=2560 intermediate=9216 out_dim=2560 bf16_weights=true elapsed_ms=1.262
kiln_profile_vulkan_backend_mlp_stage stage=output_reshape batch=2 seq_len=1 hidden=2560 intermediate=9216 out_dim=2560 bf16_weights=true elapsed_ms=0.000
kiln_profile_vulkan_backend_mlp_stage stage=total batch=2 seq_len=1 hidden=2560 intermediate=9216 out_dim=2560 bf16_weights=true elapsed_ms=1.264
kiln_profile_vulkan_backend_mlp_stage stage=dispatch_x batch=2 seq_len=1 hidden=2560 intermediate=9216 out_dim=2560 bf16_weights=true elapsed_ms=0.000
kiln_profile_vulkan_backend_mlp_stage stage=weight_cache_gate batch=2 seq_len=1 hidden=2560 intermediate=9216 out_dim=2560 bf16_weights=true elapsed_ms=0.000
kiln_profile_vulkan_backend_mlp_stage stage=weight_cache_up batch=2 seq_len=1 hidden=2560 intermediate=9216 out_dim=2560 bf16_weights=true elapsed_ms=0.000
kiln_profile_vulkan_backend_mlp_stage stage=weight_cache_down batch=2 seq_len=1 hidden=2560 intermediate=9216 out_dim=2560 bf16_weights=true elapsed_ms=0.000
kiln_profile_vulkan_backend_mlp_stage stage=kernel_dispatch batch=2 seq_len=1 hidden=2560 intermediate=9216 out_dim=2560 bf16_weights=true elapsed_ms=1.271
kiln_profile_vulkan_backend_mlp_stage stage=output_reshape batch=2 seq_len=1 hidden=2560 intermediate=9216 out_dim=2560 bf16_weights=true elapsed_ms=0.000
kiln_profile_vulkan_backend_mlp_stage stage=total batch=2 seq_len=1 hidden=2560 intermediate=9216 out_dim=2560 bf16_weights=true elapsed_ms=1.273
kiln_profile_vulkan_backend_mlp_stage stage=dispatch_x batch=2 seq_len=1 hidden=2560 intermediate=9216 out_dim=2560 bf16_weights=true elapsed_ms=0.000
kiln_profile_vulkan_backend_mlp_stage stage=weight_cache_gate batch=2 seq_len=1 hidden=2560 intermediate=9216 out_dim=2560 bf16_weights=true elapsed_ms=0.000
kiln_profile_vulkan_backend_mlp_stage stage=weight_cache_up batch=2 seq_len=1 hidden=2560 intermediate=9216 out_dim=2560 bf16_weights=true elapsed_ms=0.000
kiln_profile_vulkan_backend_mlp_stage stage=weight_cache_down batch=2 seq_len=1 hidden=2560 intermediate=9216 out_dim=2560 bf16_weights=true elapsed_ms=0.000
kiln_profile_vulkan_backend_mlp_stage stage=kernel_dispatch batch=2 seq_len=1 hidden=2560 intermediate=9216 out_dim=2560 bf16_weights=true elapsed_ms=1.233
kiln_profile_vulkan_backend_mlp_stage stage=output_reshape batch=2 seq_len=1 hidden=2560 intermediate=9216 out_dim=2560 bf16_weights=true elapsed_ms=0.000
kiln_profile_vulkan_backend_mlp_stage stage=total batch=2 seq_len=1 hidden=2560 intermediate=9216 out_dim=2560 bf16_weights=true elapsed_ms=1.234
kiln_profile_vulkan_backend_mlp_stage stage=dispatch_x batch=2 seq_len=1 hidden=2560 intermediate=9216 out_dim=2560 bf16_weights=true elapsed_ms=0.000
kiln_profile_vulkan_backend_mlp_stage stage=weight_cache_gate batch=2 seq_len=1 hidden=2560 intermediate=9216 out_dim=2560 bf16_weights=true elapsed_ms=0.000
kiln_profile_vulkan_backend_mlp_stage stage=weight_cache_up batch=2 seq_len=1 hidden=2560 intermediate=9216 out_dim=2560 bf16_weights=true elapsed_ms=0.000
kiln_profile_vulkan_backend_mlp_stage stage=weight_cache_down batch=2 seq_len=1 hidden=2560 intermediate=9216 out_dim=2560 bf16_weights=true elapsed_ms=0.000
kiln_profile_vulkan_backend_mlp_stage stage=kernel_dispatch batch=2 seq_len=1 hidden=2560 intermediate=9216 out_dim=2560 bf16_weights=true elapsed_ms=1.273
kiln_profile_vulkan_backend_mlp_stage stage=output_reshape batch=2 seq_len=1 hidden=2560 intermediate=9216 out_dim=2560 bf16_weights=true elapsed_ms=0.000
kiln_profile_vulkan_backend_mlp_stage stage=total batch=2 seq_len=1 hidden=2560 intermediate=9216 out_dim=2560 bf16_weights=true elapsed_ms=1.275
kiln_profile_vulkan_backend_mlp_stage stage=dispatch_x batch=2 seq_len=1 hidden=2560 intermediate=9216 out_dim=2560 bf16_weights=true elapsed_ms=0.000
kiln_profile_vulkan_backend_mlp_stage stage=weight_cache_gate batch=2 seq_len=1 hidden=2560 intermediate=9216 out_dim=2560 bf16_weights=true elapsed_ms=0.000
kiln_profile_vulkan_backend_mlp_stage stage=weight_cache_up batch=2 seq_len=1 hidden=2560 intermediate=9216 out_dim=2560 bf16_weights=true elapsed_ms=0.000
kiln_profile_vulkan_backend_mlp_stage stage=weight_cache_down batch=2 seq_len=1 hidden=2560 intermediate=9216 out_dim=2560 bf16_weights=true elapsed_ms=0.000
kiln_profile_vulkan_backend_mlp_stage stage=kernel_dispatch batch=2 seq_len=1 hidden=2560 intermediate=9216 out_dim=2560 bf16_weights=true elapsed_ms=1.232
kiln_profile_vulkan_backend_mlp_stage stage=output_reshape batch=2 seq_len=1 hidden=2560 intermediate=9216 out_dim=2560 bf16_weights=true elapsed_ms=0.000
kiln_profile_vulkan_backend_mlp_stage stage=total batch=2 seq_len=1 hidden=2560 intermediate=9216 out_dim=2560 bf16_weights=true elapsed_ms=1.234
kiln_profile_vulkan_backend_mlp_stage stage=dispatch_x batch=2 seq_len=1 hidden=2560 intermediate=9216 out_dim=2560 bf16_weights=true elapsed_ms=0.000
kiln_profile_vulkan_backend_mlp_stage stage=weight_cache_gate batch=2 seq_len=1 hidden=2560 intermediate=9216 out_dim=2560 bf16_weights=true elapsed_ms=0.000
kiln_profile_vulkan_backend_mlp_stage stage=weight_cache_up batch=2 seq_len=1 hidden=2560 intermediate=9216 out_dim=2560 bf16_weights=true elapsed_ms=0.000
kiln_profile_vulkan_backend_mlp_stage stage=weight_cache_down batch=2 seq_len=1 hidden=2560 intermediate=9216 out_dim=2560 bf16_weights=true elapsed_ms=0.000
kiln_profile_vulkan_backend_mlp_stage stage=kernel_dispatch batch=2 seq_len=1 hidden=2560 intermediate=9216 out_dim=2560 bf16_weights=true elapsed_ms=1.331
kiln_profile_vulkan_backend_mlp_stage stage=output_reshape batch=2 seq_len=1 hidden=2560 intermediate=9216 out_dim=2560 bf16_weights=true elapsed_ms=0.000
kiln_profile_vulkan_backend_mlp_stage stage=total batch=2 seq_len=1 hidden=2560 intermediate=9216 out_dim=2560 bf16_weights=true elapsed_ms=1.333
kiln_profile_vulkan_backend_mlp_stage stage=dispatch_x batch=2 seq_len=1 hidden=2560 intermediate=9216 out_dim=2560 bf16_weights=true elapsed_ms=0.000
kiln_profile_vulkan_backend_mlp_stage stage=weight_cache_gate batch=2 seq_len=1 hidden=2560 intermediate=9216 out_dim=2560 bf16_weights=true elapsed_ms=0.000
kiln_profile_vulkan_backend_mlp_stage stage=weight_cache_up batch=2 seq_len=1 hidden=2560 intermediate=9216 out_dim=2560 bf16_weights=true elapsed_ms=0.000
kiln_profile_vulkan_backend_mlp_stage stage=weight_cache_down batch=2 seq_len=1 hidden=2560 intermediate=9216 out_dim=2560 bf16_weights=true elapsed_ms=0.000
kiln_profile_vulkan_backend_mlp_stage stage=kernel_dispatch batch=2 seq_len=1 hidden=2560 intermediate=9216 out_dim=2560 bf16_weights=true elapsed_ms=1.246
kiln_profile_vulkan_backend_mlp_stage stage=output_reshape batch=2 seq_len=1 hidden=2560 intermediate=9216 out_dim=2560 bf16_weights=true elapsed_ms=0.000
kiln_profile_vulkan_backend_mlp_stage stage=total batch=2 seq_len=1 hidden=2560 intermediate=9216 out_dim=2560 bf16_weights=true elapsed_ms=1.247
kiln_profile_vulkan_backend_mlp_stage stage=dispatch_x batch=2 seq_len=1 hidden=2560 intermediate=9216 out_dim=2560 bf16_weights=true elapsed_ms=0.000
kiln_profile_vulkan_backend_mlp_stage stage=weight_cache_gate batch=2 seq_len=1 hidden=2560 intermediate=9216 out_dim=2560 bf16_weights=true elapsed_ms=0.000
kiln_profile_vulkan_backend_mlp_stage stage=weight_cache_up batch=2 seq_len=1 hidden=2560 intermediate=9216 out_dim=2560 bf16_weights=true elapsed_ms=0.000
kiln_profile_vulkan_backend_mlp_stage stage=weight_cache_down batch=2 seq_len=1 hidden=2560 intermediate=9216 out_dim=2560 bf16_weights=true elapsed_ms=0.000
kiln_profile_vulkan_backend_mlp_stage stage=kernel_dispatch batch=2 seq_len=1 hidden=2560 intermediate=9216 out_dim=2560 bf16_weights=true elapsed_ms=1.256
kiln_profile_vulkan_backend_mlp_stage stage=output_reshape batch=2 seq_len=1 hidden=2560 intermediate=9216 out_dim=2560 bf16_weights=true elapsed_ms=0.000
kiln_profile_vulkan_backend_mlp_stage stage=total batch=2 seq_len=1 hidden=2560 intermediate=9216 out_dim=2560 bf16_weights=true elapsed_ms=1.258
kiln_profile_vulkan_backend_mlp_stage stage=dispatch_x batch=2 seq_len=1 hidden=2560 intermediate=9216 out_dim=2560 bf16_weights=true elapsed_ms=0.000
kiln_profile_vulkan_backend_mlp_stage stage=weight_cache_gate batch=2 seq_len=1 hidden=2560 intermediate=9216 out_dim=2560 bf16_weights=true elapsed_ms=0.000
kiln_profile_vulkan_backend_mlp_stage stage=weight_cache_up batch=2 seq_len=1 hidden=2560 intermediate=9216 out_dim=2560 bf16_weights=true elapsed_ms=0.000
kiln_profile_vulkan_backend_mlp_stage stage=weight_cache_down batch=2 seq_len=1 hidden=2560 intermediate=9216 out_dim=2560 bf16_weights=true elapsed_ms=0.001
kiln_profile_vulkan_backend_mlp_stage stage=kernel_dispatch batch=2 seq_len=1 hidden=2560 intermediate=9216 out_dim=2560 bf16_weights=true elapsed_ms=1.219
kiln_profile_vulkan_backend_mlp_stage stage=output_reshape batch=2 seq_len=1 hidden=2560 intermediate=9216 out_dim=2560 bf16_weights=true elapsed_ms=0.000
kiln_profile_vulkan_backend_mlp_stage stage=total batch=2 seq_len=1 hidden=2560 intermediate=9216 out_dim=2560 bf16_weights=true elapsed_ms=1.221
kiln_profile_vulkan_backend_mlp_stage stage=dispatch_x batch=2 seq_len=1 hidden=2560 intermediate=9216 out_dim=2560 bf16_weights=true elapsed_ms=0.000
kiln_profile_vulkan_backend_mlp_stage stage=weight_cache_gate batch=2 seq_len=1 hidden=2560 intermediate=9216 out_dim=2560 bf16_weights=true elapsed_ms=0.000
kiln_profile_vulkan_backend_mlp_stage stage=weight_cache_up batch=2 seq_len=1 hidden=2560 intermediate=9216 out_dim=2560 bf16_weights=true elapsed_ms=0.001
kiln_profile_vulkan_backend_mlp_stage stage=weight_cache_down batch=2 seq_len=1 hidden=2560 intermediate=9216 out_dim=2560 bf16_weights=true elapsed_ms=0.000
kiln_profile_vulkan_backend_mlp_stage stage=kernel_dispatch batch=2 seq_len=1 hidden=2560 intermediate=9216 out_dim=2560 bf16_weights=true elapsed_ms=1.252
kiln_profile_vulkan_backend_mlp_stage stage=output_reshape batch=2 seq_len=1 hidden=2560 intermediate=9216 out_dim=2560 bf16_weights=true elapsed_ms=0.000
kiln_profile_vulkan_backend_mlp_stage stage=total batch=2 seq_len=1 hidden=2560 intermediate=9216 out_dim=2560 bf16_weights=true elapsed_ms=1.253
kiln_profile_vulkan_backend_mlp_stage stage=dispatch_x batch=2 seq_len=1 hidden=2560 intermediate=9216 out_dim=2560 bf16_weights=true elapsed_ms=0.000
kiln_profile_vulkan_backend_mlp_stage stage=weight_cache_gate batch=2 seq_len=1 hidden=2560 intermediate=9216 out_dim=2560 bf16_weights=true elapsed_ms=0.000
kiln_profile_vulkan_backend_mlp_stage stage=weight_cache_up batch=2 seq_len=1 hidden=2560 intermediate=9216 out_dim=2560 bf16_weights=true elapsed_ms=0.000
kiln_profile_vulkan_backend_mlp_stage stage=weight_cache_down batch=2 seq_len=1 hidden=2560 intermediate=9216 out_dim=2560 bf16_weights=true elapsed_ms=0.000
kiln_profile_vulkan_backend_mlp_stage stage=kernel_dispatch batch=2 seq_len=1 hidden=2560 intermediate=9216 out_dim=2560 bf16_weights=true elapsed_ms=1.281
kiln_profile_vulkan_backend_mlp_stage stage=output_reshape batch=2 seq_len=1 hidden=2560 intermediate=9216 out_dim=2560 bf16_weights=true elapsed_ms=0.000
kiln_profile_vulkan_backend_mlp_stage stage=total batch=2 seq_len=1 hidden=2560 intermediate=9216 out_dim=2560 bf16_weights=true elapsed_ms=1.282
kiln_profile_vulkan_backend_mlp_stage stage=dispatch_x batch=2 seq_len=1 hidden=2560 intermediate=9216 out_dim=2560 bf16_weights=true elapsed_ms=0.000
kiln_profile_vulkan_backend_mlp_stage stage=weight_cache_gate batch=2 seq_len=1 hidden=2560 intermediate=9216 out_dim=2560 bf16_weights=true elapsed_ms=0.000
kiln_profile_vulkan_backend_mlp_stage stage=weight_cache_up batch=2 seq_len=1 hidden=2560 intermediate=9216 out_dim=2560 bf16_weights=true elapsed_ms=0.000
kiln_profile_vulkan_backend_mlp_stage stage=weight_cache_down batch=2 seq_len=1 hidden=2560 intermediate=9216 out_dim=2560 bf16_weights=true elapsed_ms=0.000
kiln_profile_vulkan_backend_mlp_stage stage=kernel_dispatch batch=2 seq_len=1 hidden=2560 intermediate=9216 out_dim=2560 bf16_weights=true elapsed_ms=1.374
kiln_profile_vulkan_backend_mlp_stage stage=output_reshape batch=2 seq_len=1 hidden=2560 intermediate=9216 out_dim=2560 bf16_weights=true elapsed_ms=0.000
kiln_profile_vulkan_backend_mlp_stage stage=total batch=2 seq_len=1 hidden=2560 intermediate=9216 out_dim=2560 bf16_weights=true elapsed_ms=1.375
kiln_profile_vulkan_backend_mlp_stage stage=dispatch_x batch=2 seq_len=1 hidden=2560 intermediate=9216 out_dim=2560 bf16_weights=true elapsed_ms=0.000
kiln_profile_vulkan_backend_mlp_stage stage=weight_cache_gate batch=2 seq_len=1 hidden=2560 intermediate=9216 out_dim=2560 bf16_weights=true elapsed_ms=0.000
kiln_profile_vulkan_backend_mlp_stage stage=weight_cache_up batch=2 seq_len=1 hidden=2560 intermediate=9216 out_dim=2560 bf16_weights=true elapsed_ms=0.000
kiln_profile_vulkan_backend_mlp_stage stage=weight_cache_down batch=2 seq_len=1 hidden=2560 intermediate=9216 out_dim=2560 bf16_weights=true elapsed_ms=0.000
kiln_profile_vulkan_backend_mlp_stage stage=kernel_dispatch batch=2 seq_len=1 hidden=2560 intermediate=9216 out_dim=2560 bf16_weights=true elapsed_ms=1.269
kiln_profile_vulkan_backend_mlp_stage stage=output_reshape batch=2 seq_len=1 hidden=2560 intermediate=9216 out_dim=2560 bf16_weights=true elapsed_ms=0.000
kiln_profile_vulkan_backend_mlp_stage stage=total batch=2 seq_len=1 hidden=2560 intermediate=9216 out_dim=2560 bf16_weights=true elapsed_ms=1.271
kiln_profile_vulkan_backend_mlp_stage stage=dispatch_x batch=2 seq_len=1 hidden=2560 intermediate=9216 out_dim=2560 bf16_weights=true elapsed_ms=0.000
kiln_profile_vulkan_backend_mlp_stage stage=weight_cache_gate batch=2 seq_len=1 hidden=2560 intermediate=9216 out_dim=2560 bf16_weights=true elapsed_ms=0.000
kiln_profile_vulkan_backend_mlp_stage stage=weight_cache_up batch=2 seq_len=1 hidden=2560 intermediate=9216 out_dim=2560 bf16_weights=true elapsed_ms=0.000
kiln_profile_vulkan_backend_mlp_stage stage=weight_cache_down batch=2 seq_len=1 hidden=2560 intermediate=9216 out_dim=2560 bf16_weights=true elapsed_ms=0.000
kiln_profile_vulkan_backend_mlp_stage stage=kernel_dispatch batch=2 seq_len=1 hidden=2560 intermediate=9216 out_dim=2560 bf16_weights=true elapsed_ms=1.398
kiln_profile_vulkan_backend_mlp_stage stage=output_reshape batch=2 seq_len=1 hidden=2560 intermediate=9216 out_dim=2560 bf16_weights=true elapsed_ms=0.000
kiln_profile_vulkan_backend_mlp_stage stage=total batch=2 seq_len=1 hidden=2560 intermediate=9216 out_dim=2560 bf16_weights=true elapsed_ms=1.400
kiln_profile_vulkan_backend_mlp_stage stage=dispatch_x batch=2 seq_len=1 hidden=2560 intermediate=9216 out_dim=2560 bf16_weights=true elapsed_ms=0.000
kiln_profile_vulkan_backend_mlp_stage stage=weight_cache_gate batch=2 seq_len=1 hidden=2560 intermediate=9216 out_dim=2560 bf16_weights=true elapsed_ms=0.000
kiln_profile_vulkan_backend_mlp_stage stage=weight_cache_up batch=2 seq_len=1 hidden=2560 intermediate=9216 out_dim=2560 bf16_weights=true elapsed_ms=0.000
kiln_profile_vulkan_backend_mlp_stage stage=weight_cache_down batch=2 seq_len=1 hidden=2560 intermediate=9216 out_dim=2560 bf16_weights=true elapsed_ms=0.000
kiln_profile_vulkan_backend_mlp_stage stage=kernel_dispatch batch=2 seq_len=1 hidden=2560 intermediate=9216 out_dim=2560 bf16_weights=true elapsed_ms=1.279
kiln_profile_vulkan_backend_mlp_stage stage=output_reshape batch=2 seq_len=1 hidden=2560 intermediate=9216 out_dim=2560 bf16_weights=true elapsed_ms=0.000
kiln_profile_vulkan_backend_mlp_stage stage=total batch=2 seq_len=1 hidden=2560 intermediate=9216 out_dim=2560 bf16_weights=true elapsed_ms=1.281
kiln_profile_vulkan_backend_mlp_stage stage=dispatch_x batch=2 seq_len=1 hidden=2560 intermediate=9216 out_dim=2560 bf16_weights=true elapsed_ms=0.000
kiln_profile_vulkan_backend_mlp_stage stage=weight_cache_gate batch=2 seq_len=1 hidden=2560 intermediate=9216 out_dim=2560 bf16_weights=true elapsed_ms=0.000
kiln_profile_vulkan_backend_mlp_stage stage=weight_cache_up batch=2 seq_len=1 hidden=2560 intermediate=9216 out_dim=2560 bf16_weights=true elapsed_ms=0.000
kiln_profile_vulkan_backend_mlp_stage stage=weight_cache_down batch=2 seq_len=1 hidden=2560 intermediate=9216 out_dim=2560 bf16_weights=true elapsed_ms=0.000
kiln_profile_vulkan_backend_mlp_stage stage=kernel_dispatch batch=2 seq_len=1 hidden=2560 intermediate=9216 out_dim=2560 bf16_weights=true elapsed_ms=1.242
kiln_profile_vulkan_backend_mlp_stage stage=output_reshape batch=2 seq_len=1 hidden=2560 intermediate=9216 out_dim=2560 bf16_weights=true elapsed_ms=0.000
kiln_profile_vulkan_backend_mlp_stage stage=total batch=2 seq_len=1 hidden=2560 intermediate=9216 out_dim=2560 bf16_weights=true elapsed_ms=1.243
kiln_profile_vulkan_backend_mlp_stage stage=dispatch_x batch=2 seq_len=1 hidden=2560 intermediate=9216 out_dim=2560 bf16_weights=true elapsed_ms=0.000
kiln_profile_vulkan_backend_mlp_stage stage=weight_cache_gate batch=2 seq_len=1 hidden=2560 intermediate=9216 out_dim=2560 bf16_weights=true elapsed_ms=0.000
kiln_profile_vulkan_backend_mlp_stage stage=weight_cache_up batch=2 seq_len=1 hidden=2560 intermediate=9216 out_dim=2560 bf16_weights=true elapsed_ms=0.000
kiln_profile_vulkan_backend_mlp_stage stage=weight_cache_down batch=2 seq_len=1 hidden=2560 intermediate=9216 out_dim=2560 bf16_weights=true elapsed_ms=0.000
kiln_profile_vulkan_backend_mlp_stage stage=kernel_dispatch batch=2 seq_len=1 hidden=2560 intermediate=9216 out_dim=2560 bf16_weights=true elapsed_ms=1.157
kiln_profile_vulkan_backend_mlp_stage stage=output_reshape batch=2 seq_len=1 hidden=2560 intermediate=9216 out_dim=2560 bf16_weights=true elapsed_ms=0.000
kiln_profile_vulkan_backend_mlp_stage stage=total batch=2 seq_len=1 hidden=2560 intermediate=9216 out_dim=2560 bf16_weights=true elapsed_ms=1.159
kiln_profile_vulkan_backend_mlp_stage stage=dispatch_x batch=2 seq_len=1 hidden=2560 intermediate=9216 out_dim=2560 bf16_weights=true elapsed_ms=0.000
kiln_profile_vulkan_backend_mlp_stage stage=weight_cache_gate batch=2 seq_len=1 hidden=2560 intermediate=9216 out_dim=2560 bf16_weights=true elapsed_ms=0.000
kiln_profile_vulkan_backend_mlp_stage stage=weight_cache_up batch=2 seq_len=1 hidden=2560 intermediate=9216 out_dim=2560 bf16_weights=true elapsed_ms=0.000
kiln_profile_vulkan_backend_mlp_stage stage=weight_cache_down batch=2 seq_len=1 hidden=2560 intermediate=9216 out_dim=2560 bf16_weights=true elapsed_ms=0.001
kiln_profile_vulkan_backend_mlp_stage stage=kernel_dispatch batch=2 seq_len=1 hidden=2560 intermediate=9216 out_dim=2560 bf16_weights=true elapsed_ms=1.277
kiln_profile_vulkan_backend_mlp_stage stage=output_reshape batch=2 seq_len=1 hidden=2560 intermediate=9216 out_dim=2560 bf16_weights=true elapsed_ms=0.000
kiln_profile_vulkan_backend_mlp_stage stage=total batch=2 seq_len=1 hidden=2560 intermediate=9216 out_dim=2560 bf16_weights=true elapsed_ms=1.279
kiln_profile_vulkan_backend_mlp_stage stage=dispatch_x batch=2 seq_len=1 hidden=2560 intermediate=9216 out_dim=2560 bf16_weights=true elapsed_ms=0.000
kiln_profile_vulkan_backend_mlp_stage stage=weight_cache_gate batch=2 seq_len=1 hidden=2560 intermediate=9216 out_dim=2560 bf16_weights=true elapsed_ms=0.000
kiln_profile_vulkan_backend_mlp_stage stage=weight_cache_up batch=2 seq_len=1 hidden=2560 intermediate=9216 out_dim=2560 bf16_weights=true elapsed_ms=0.000
kiln_profile_vulkan_backend_mlp_stage stage=weight_cache_down batch=2 seq_len=1 hidden=2560 intermediate=9216 out_dim=2560 bf16_weights=true elapsed_ms=0.000
kiln_profile_vulkan_backend_mlp_stage stage=kernel_dispatch batch=2 seq_len=1 hidden=2560 intermediate=9216 out_dim=2560 bf16_weights=true elapsed_ms=1.271
kiln_profile_vulkan_backend_mlp_stage stage=output_reshape batch=2 seq_len=1 hidden=2560 intermediate=9216 out_dim=2560 bf16_weights=true elapsed_ms=0.000
kiln_profile_vulkan_backend_mlp_stage stage=total batch=2 seq_len=1 hidden=2560 intermediate=9216 out_dim=2560 bf16_weights=true elapsed_ms=1.273
kiln_profile_vulkan_backend_mlp_stage stage=dispatch_x batch=2 seq_len=1 hidden=2560 intermediate=9216 out_dim=2560 bf16_weights=true elapsed_ms=0.000
kiln_profile_vulkan_backend_mlp_stage stage=weight_cache_gate batch=2 seq_len=1 hidden=2560 intermediate=9216 out_dim=2560 bf16_weights=true elapsed_ms=0.000
kiln_profile_vulkan_backend_mlp_stage stage=weight_cache_up batch=2 seq_len=1 hidden=2560 intermediate=9216 out_dim=2560 bf16_weights=true elapsed_ms=0.000
kiln_profile_vulkan_backend_mlp_stage stage=weight_cache_down batch=2 seq_len=1 hidden=2560 intermediate=9216 out_dim=2560 bf16_weights=true elapsed_ms=0.000
kiln_profile_vulkan_backend_mlp_stage stage=kernel_dispatch batch=2 seq_len=1 hidden=2560 intermediate=9216 out_dim=2560 bf16_weights=true elapsed_ms=1.309
kiln_profile_vulkan_backend_mlp_stage stage=output_reshape batch=2 seq_len=1 hidden=2560 intermediate=9216 out_dim=2560 bf16_weights=true elapsed_ms=0.000
kiln_profile_vulkan_backend_mlp_stage stage=total batch=2 seq_len=1 hidden=2560 intermediate=9216 out_dim=2560 bf16_weights=true elapsed_ms=1.310
kiln_profile_vulkan_backend_mlp_stage stage=dispatch_x batch=2 seq_len=1 hidden=2560 intermediate=9216 out_dim=2560 bf16_weights=true elapsed_ms=0.000
kiln_profile_vulkan_backend_mlp_stage stage=weight_cache_gate batch=2 seq_len=1 hidden=2560 intermediate=9216 out_dim=2560 bf16_weights=true elapsed_ms=0.000
kiln_profile_vulkan_backend_mlp_stage stage=weight_cache_up batch=2 seq_len=1 hidden=2560 intermediate=9216 out_dim=2560 bf16_weights=true elapsed_ms=0.000
kiln_profile_vulkan_backend_mlp_stage stage=weight_cache_down batch=2 seq_len=1 hidden=2560 intermediate=9216 out_dim=2560 bf16_weights=true elapsed_ms=0.001
kiln_profile_vulkan_backend_mlp_stage stage=kernel_dispatch batch=2 seq_len=1 hidden=2560 intermediate=9216 out_dim=2560 bf16_weights=true elapsed_ms=1.226
kiln_profile_vulkan_backend_mlp_stage stage=output_reshape batch=2 seq_len=1 hidden=2560 intermediate=9216 out_dim=2560 bf16_weights=true elapsed_ms=0.000
kiln_profile_vulkan_backend_mlp_stage stage=total batch=2 seq_len=1 hidden=2560 intermediate=9216 out_dim=2560 bf16_weights=true elapsed_ms=1.229
kiln_profile_vulkan_backend_mlp_stage stage=dispatch_x batch=2 seq_len=1 hidden=2560 intermediate=9216 out_dim=2560 bf16_weights=true elapsed_ms=0.000
kiln_profile_vulkan_backend_mlp_stage stage=weight_cache_gate batch=2 seq_len=1 hidden=2560 intermediate=9216 out_dim=2560 bf16_weights=true elapsed_ms=0.000
kiln_profile_vulkan_backend_mlp_stage stage=weight_cache_up batch=2 seq_len=1 hidden=2560 intermediate=9216 out_dim=2560 bf16_weights=true elapsed_ms=0.000
kiln_profile_vulkan_backend_mlp_stage stage=weight_cache_down batch=2 seq_len=1 hidden=2560 intermediate=9216 out_dim=2560 bf16_weights=true elapsed_ms=0.000
kiln_profile_vulkan_backend_mlp_stage stage=kernel_dispatch batch=2 seq_len=1 hidden=2560 intermediate=9216 out_dim=2560 bf16_weights=true elapsed_ms=1.321
kiln_profile_vulkan_backend_mlp_stage stage=output_reshape batch=2 seq_len=1 hidden=2560 intermediate=9216 out_dim=2560 bf16_weights=true elapsed_ms=0.000
kiln_profile_vulkan_backend_mlp_stage stage=total batch=2 seq_len=1 hidden=2560 intermediate=9216 out_dim=2560 bf16_weights=true elapsed_ms=1.323
kiln_profile_vulkan_backend_mlp_stage stage=dispatch_x batch=2 seq_len=1 hidden=2560 intermediate=9216 out_dim=2560 bf16_weights=true elapsed_ms=0.000
kiln_profile_vulkan_backend_mlp_stage stage=weight_cache_gate batch=2 seq_len=1 hidden=2560 intermediate=9216 out_dim=2560 bf16_weights=true elapsed_ms=0.000
kiln_profile_vulkan_backend_mlp_stage stage=weight_cache_up batch=2 seq_len=1 hidden=2560 intermediate=9216 out_dim=2560 bf16_weights=true elapsed_ms=0.000
kiln_profile_vulkan_backend_mlp_stage stage=weight_cache_down batch=2 seq_len=1 hidden=2560 intermediate=9216 out_dim=2560 bf16_weights=true elapsed_ms=0.000
kiln_profile_vulkan_backend_mlp_stage stage=kernel_dispatch batch=2 seq_len=1 hidden=2560 intermediate=9216 out_dim=2560 bf16_weights=true elapsed_ms=1.306
kiln_profile_vulkan_backend_mlp_stage stage=output_reshape batch=2 seq_len=1 hidden=2560 intermediate=9216 out_dim=2560 bf16_weights=true elapsed_ms=0.000
kiln_profile_vulkan_backend_mlp_stage stage=total batch=2 seq_len=1 hidden=2560 intermediate=9216 out_dim=2560 bf16_weights=true elapsed_ms=1.307
kiln_profile_vulkan_backend_mlp_stage stage=dispatch_x batch=2 seq_len=1 hidden=2560 intermediate=9216 out_dim=2560 bf16_weights=true elapsed_ms=0.000
kiln_profile_vulkan_backend_mlp_stage stage=weight_cache_gate batch=2 seq_len=1 hidden=2560 intermediate=9216 out_dim=2560 bf16_weights=true elapsed_ms=0.000
kiln_profile_vulkan_backend_mlp_stage stage=weight_cache_up batch=2 seq_len=1 hidden=2560 intermediate=9216 out_dim=2560 bf16_weights=true elapsed_ms=0.000
kiln_profile_vulkan_backend_mlp_stage stage=weight_cache_down batch=2 seq_len=1 hidden=2560 intermediate=9216 out_dim=2560 bf16_weights=true elapsed_ms=0.000
kiln_profile_vulkan_backend_mlp_stage stage=kernel_dispatch batch=2 seq_len=1 hidden=2560 intermediate=9216 out_dim=2560 bf16_weights=true elapsed_ms=1.291
kiln_profile_vulkan_backend_mlp_stage stage=output_reshape batch=2 seq_len=1 hidden=2560 intermediate=9216 out_dim=2560 bf16_weights=true elapsed_ms=0.000
kiln_profile_vulkan_backend_mlp_stage stage=total batch=2 seq_len=1 hidden=2560 intermediate=9216 out_dim=2560 bf16_weights=true elapsed_ms=1.293
kiln_profile_vulkan_backend_mlp_stage stage=dispatch_x batch=2 seq_len=1 hidden=2560 intermediate=9216 out_dim=2560 bf16_weights=true elapsed_ms=0.000
kiln_profile_vulkan_backend_mlp_stage stage=weight_cache_gate batch=2 seq_len=1 hidden=2560 intermediate=9216 out_dim=2560 bf16_weights=true elapsed_ms=0.000
kiln_profile_vulkan_backend_mlp_stage stage=weight_cache_up batch=2 seq_len=1 hidden=2560 intermediate=9216 out_dim=2560 bf16_weights=true elapsed_ms=0.000
kiln_profile_vulkan_backend_mlp_stage stage=weight_cache_down batch=2 seq_len=1 hidden=2560 intermediate=9216 out_dim=2560 bf16_weights=true elapsed_ms=0.000
kiln_profile_vulkan_backend_mlp_stage stage=kernel_dispatch batch=2 seq_len=1 hidden=2560 intermediate=9216 out_dim=2560 bf16_weights=true elapsed_ms=1.296
kiln_profile_vulkan_backend_mlp_stage stage=output_reshape batch=2 seq_len=1 hidden=2560 intermediate=9216 out_dim=2560 bf16_weights=true elapsed_ms=0.000
kiln_profile_vulkan_backend_mlp_stage stage=total batch=2 seq_len=1 hidden=2560 intermediate=9216 out_dim=2560 bf16_weights=true elapsed_ms=1.298
kiln_profile_vulkan_backend_mlp_stage stage=dispatch_x batch=2 seq_len=1 hidden=2560 intermediate=9216 out_dim=2560 bf16_weights=true elapsed_ms=0.000
kiln_profile_vulkan_backend_mlp_stage stage=weight_cache_gate batch=2 seq_len=1 hidden=2560 intermediate=9216 out_dim=2560 bf16_weights=true elapsed_ms=0.000
kiln_profile_vulkan_backend_mlp_stage stage=weight_cache_up batch=2 seq_len=1 hidden=2560 intermediate=9216 out_dim=2560 bf16_weights=true elapsed_ms=0.000
kiln_profile_vulkan_backend_mlp_stage stage=weight_cache_down batch=2 seq_len=1 hidden=2560 intermediate=9216 out_dim=2560 bf16_weights=true elapsed_ms=0.000
kiln_profile_vulkan_backend_mlp_stage stage=kernel_dispatch batch=2 seq_len=1 hidden=2560 intermediate=9216 out_dim=2560 bf16_weights=true elapsed_ms=1.232
kiln_profile_vulkan_backend_mlp_stage stage=output_reshape batch=2 seq_len=1 hidden=2560 intermediate=9216 out_dim=2560 bf16_weights=true elapsed_ms=0.000
kiln_profile_vulkan_backend_mlp_stage stage=total batch=2 seq_len=1 hidden=2560 intermediate=9216 out_dim=2560 bf16_weights=true elapsed_ms=1.233
kiln_profile_vulkan_backend_mlp_stage stage=dispatch_x batch=2 seq_len=1 hidden=2560 intermediate=9216 out_dim=2560 bf16_weights=true elapsed_ms=0.000
kiln_profile_vulkan_backend_mlp_stage stage=weight_cache_gate batch=2 seq_len=1 hidden=2560 intermediate=9216 out_dim=2560 bf16_weights=true elapsed_ms=0.000
kiln_profile_vulkan_backend_mlp_stage stage=weight_cache_up batch=2 seq_len=1 hidden=2560 intermediate=9216 out_dim=2560 bf16_weights=true elapsed_ms=0.000
kiln_profile_vulkan_backend_mlp_stage stage=weight_cache_down batch=2 seq_len=1 hidden=2560 intermediate=9216 out_dim=2560 bf16_weights=true elapsed_ms=0.000
kiln_profile_vulkan_backend_mlp_stage stage=kernel_dispatch batch=2 seq_len=1 hidden=2560 intermediate=9216 out_dim=2560 bf16_weights=true elapsed_ms=1.303
kiln_profile_vulkan_backend_mlp_stage stage=output_reshape batch=2 seq_len=1 hidden=2560 intermediate=9216 out_dim=2560 bf16_weights=true elapsed_ms=0.000
kiln_profile_vulkan_backend_mlp_stage stage=total batch=2 seq_len=1 hidden=2560 intermediate=9216 out_dim=2560 bf16_weights=true elapsed_ms=1.304
kiln_profile_vulkan_backend_mlp_stage stage=dispatch_x batch=2 seq_len=1 hidden=2560 intermediate=9216 out_dim=2560 bf16_weights=true elapsed_ms=0.000
kiln_profile_vulkan_backend_mlp_stage stage=weight_cache_gate batch=2 seq_len=1 hidden=2560 intermediate=9216 out_dim=2560 bf16_weights=true elapsed_ms=0.000
kiln_profile_vulkan_backend_mlp_stage stage=weight_cache_up batch=2 seq_len=1 hidden=2560 intermediate=9216 out_dim=2560 bf16_weights=true elapsed_ms=0.000
kiln_profile_vulkan_backend_mlp_stage stage=weight_cache_down batch=2 seq_len=1 hidden=2560 intermediate=9216 out_dim=2560 bf16_weights=true elapsed_ms=0.000
kiln_profile_vulkan_backend_mlp_stage stage=kernel_dispatch batch=2 seq_len=1 hidden=2560 intermediate=9216 out_dim=2560 bf16_weights=true elapsed_ms=1.279
kiln_profile_vulkan_backend_mlp_stage stage=output_reshape batch=2 seq_len=1 hidden=2560 intermediate=9216 out_dim=2560 bf16_weights=true elapsed_ms=0.000
kiln_profile_vulkan_backend_mlp_stage stage=total batch=2 seq_len=1 hidden=2560 intermediate=9216 out_dim=2560 bf16_weights=true elapsed_ms=1.281
kiln_profile_vulkan_backend_mlp_stage stage=dispatch_x batch=2 seq_len=1 hidden=2560 intermediate=9216 out_dim=2560 bf16_weights=true elapsed_ms=0.000
kiln_profile_vulkan_backend_mlp_stage stage=weight_cache_gate batch=2 seq_len=1 hidden=2560 intermediate=9216 out_dim=2560 bf16_weights=true elapsed_ms=0.000
kiln_profile_vulkan_backend_mlp_stage stage=weight_cache_up batch=2 seq_len=1 hidden=2560 intermediate=9216 out_dim=2560 bf16_weights=true elapsed_ms=0.000
kiln_profile_vulkan_backend_mlp_stage stage=weight_cache_down batch=2 seq_len=1 hidden=2560 intermediate=9216 out_dim=2560 bf16_weights=true elapsed_ms=0.000
kiln_profile_vulkan_backend_mlp_stage stage=kernel_dispatch batch=2 seq_len=1 hidden=2560 intermediate=9216 out_dim=2560 bf16_weights=true elapsed_ms=1.262
kiln_profile_vulkan_backend_mlp_stage stage=output_reshape batch=2 seq_len=1 hidden=2560 intermediate=9216 out_dim=2560 bf16_weights=true elapsed_ms=0.000
kiln_profile_vulkan_backend_mlp_stage stage=total batch=2 seq_len=1 hidden=2560 intermediate=9216 out_dim=2560 bf16_weights=true elapsed_ms=1.264
{"timestamp":"2026-05-09T10:13:57.358588Z","level":"INFO","fields":{"message":"response","status":200,"duration_ms":0.09848699999999999},"target":"kiln_server::api","span":{"duration_ms":0.098487,"method":"GET","path":"/metrics","status":200,"name":"http_request"},"spans":[{"duration_ms":0.098487,"method":"GET","path":"/metrics","status":200,"name":"http_request"}]}
{"timestamp":"2026-05-09T10:13:57.359018Z","level":"INFO","fields":{"message":"received SIGTERM — initiating graceful shutdown"},"target":"kiln"}
{"timestamp":"2026-05-09T10:13:57.713174Z","level":"INFO","fields":{"message":"training worker shutting down"},"target":"kiln_server::training_queue"}
