
  ┌─────────────────────────────────────┐
  │           🔥 K I L N 🔥             │
  │   inference · training · adapters   │
  └─────────────────────────────────────┘

  Version: 0.2.13
  Mode: GPU inference
  Model: Qwen3.5-4B
  CUDA: not available
  Listen: http://127.0.0.1:8421

  Endpoints: /ui, /v1/chat/completions, /v1/train/sft, /health, /metrics

{"timestamp":"2026-05-09T13:15:24.999893Z","level":"INFO","fields":{"message":"Vulkan available — using Vulkan GPU (AMD/Intel)"},"target":"kiln_server::device"}
{"timestamp":"2026-05-09T13:15:25.000470Z","level":"INFO","fields":{"message":"Loading model from Qwen3.5-4B (2 shards)"},"target":"kiln_model::loader"}
{"timestamp":"2026-05-09T13:15:25.001621Z","level":"INFO","fields":{"message":"Using weight name prefix: \"model.language_model.\""},"target":"kiln_model::loader"}
{"timestamp":"2026-05-09T13:15:25.001719Z","level":"INFO","fields":{"message":"Native MTP head detected; deferring CPU load until first use","mtp_prefix":"mtp."},"target":"kiln_model::loader"}
{"timestamp":"2026-05-09T13:15:25.001725Z","level":"INFO","fields":{"message":"Loaded 4206M parameters (8022 MB) across 32 layers"},"target":"kiln_model::loader"}
{"timestamp":"2026-05-09T13:15:38.144530Z","level":"INFO","fields":{"message":"selected first Vulkan device","device":"AMD Radeon 8060S Graphics (RADV STRIX_HALO)"},"target":"kiln_vulkan_kernel::device"}
{"timestamp":"2026-05-09T13:15:38.164856Z","level":"INFO","fields":{"message":"Vulkan compute pipelines prewarmed","elapsed_ms":19},"target":"kiln_model::backend::vulkan"}
{"timestamp":"2026-05-09T13:15:38.164865Z","level":"INFO","fields":{"message":"Vulkan device initialized","vendor":"AMD","device":"AMD Radeon 8060S Graphics (RADV STRIX_HALO)"},"target":"kiln_model::backend::vulkan"}
{"timestamp":"2026-05-09T13:15:38.165605Z","level":"WARN","fields":{"message":"post-load CUDA residency unavailable; falling back to static model memory estimate for KV sizing","estimated_model_gb":9.15668992},"target":"kiln_server::state"}
{"timestamp":"2026-05-09T13:15:38.165613Z","level":"INFO","fields":{"message":"memory-aware KV cache sizing","total_vram_gb":103.079215104,"model_gb":9.15668992,"post_load_used_vram_gb":0.0,"sizing_residency_gb":9.15668992,"inference_fraction":0.7},"target":"kiln_server::state"}
{"timestamp":"2026-05-09T13:15:38.165616Z","level":"INFO","fields":{"message":"allocating paged KV cache","num_blocks":125400,"block_size":16,"kv_dtype":"BF16","fp8_enabled":false},"target":"kiln_server::state"}
{"timestamp":"2026-05-09T13:15:38.165661Z","level":"INFO","fields":{"message":"KV cache auto-sizer succeeded on first attempt","inference_fraction":0.7,"num_blocks":125400},"target":"kiln_server::state"}
{"timestamp":"2026-05-09T13:15:38.165719Z","level":"INFO","fields":{"message":"GPU memory budget","total_vram_gb":103.079215104,"model_gb":9.15668992,"estimated_model_gb":9.15668992,"post_load_used_vram_gb":0.0,"kv_cache_gb":65.7457152,"training_budget_gb":28.176809984,"inference_fraction":0.7},"target":"kiln_server::state"}
{"timestamp":"2026-05-09T13:15:38.165722Z","level":"INFO","fields":{"message":"prefix cache budget","max_blocks":31350,"max_entries":20,"state_bytes_per_entry":52690944,"max_state_bytes":1053818880,"min_register_tokens":64},"target":"kiln_server::state"}
{"timestamp":"2026-05-09T13:15:38.165725Z","level":"INFO","fields":{"message":"KILN_BATCHING_ENGINE enabled — routing streaming and non-streaming real completions through batching actor"},"target":"kiln_server::state"}
{"timestamp":"2026-05-09T13:15:38.165762Z","level":"INFO","fields":{"message":"live greedy decode batcher enabled","backend":"vulkan","max_batch":8,"wait_us":5000,"mixed_seq_lens":true},"target":"kiln_server::state"}
  ✓ Ready on http://127.0.0.1:8421

{"timestamp":"2026-05-09T13:15:38.221672Z","level":"INFO","fields":{"message":"starting background inference prewarm"},"target":"kiln"}
{"timestamp":"2026-05-09T13:15:38.222021Z","level":"INFO","fields":{"message":"tokenizer warmup complete","elapsed_ms":0,"tokens":8},"target":"kiln"}
{"timestamp":"2026-05-09T13:15:38.223769Z","level":"INFO","fields":{"message":"selected first Vulkan device","device":"AMD Radeon 8060S Graphics (RADV STRIX_HALO)"},"target":"kiln_vulkan_kernel::device"}
{"timestamp":"2026-05-09T13:15:38.225512Z","level":"INFO","fields":{"message":"Vulkan shader and pipeline verification complete"},"target":"kiln_model::backend::vulkan"}
{"timestamp":"2026-05-09T13:15:38.225771Z","level":"INFO","fields":{"message":"Vulkan custom kernels precompiled during background prewarm","elapsed_ms":3},"target":"kiln"}
{"timestamp":"2026-05-09T13:15:38.705046Z","level":"INFO","fields":{"message":"response","status":200,"duration_ms":0.242644},"target":"kiln_server::api","span":{"duration_ms":0.242644,"method":"GET","path":"/health","status":200,"name":"http_request"},"spans":[{"duration_ms":0.242644,"method":"GET","path":"/health","status":200,"name":"http_request"}]}
{"timestamp":"2026-05-09T13:15:39.708177Z","level":"INFO","fields":{"message":"response","status":200,"duration_ms":0.206704},"target":"kiln_server::api","span":{"duration_ms":0.206704,"method":"GET","path":"/health","status":200,"name":"http_request"},"spans":[{"duration_ms":0.206704,"method":"GET","path":"/health","status":200,"name":"http_request"}]}
{"timestamp":"2026-05-09T13:15:40.711246Z","level":"INFO","fields":{"message":"response","status":200,"duration_ms":0.16281600000000002},"target":"kiln_server::api","span":{"duration_ms":0.16281600000000002,"method":"GET","path":"/health","status":200,"name":"http_request"},"spans":[{"duration_ms":0.16281600000000002,"method":"GET","path":"/health","status":200,"name":"http_request"}]}
{"timestamp":"2026-05-09T13:15:41.714172Z","level":"INFO","fields":{"message":"response","status":200,"duration_ms":0.224294},"target":"kiln_server::api","span":{"duration_ms":0.224294,"method":"GET","path":"/health","status":200,"name":"http_request"},"spans":[{"duration_ms":0.224294,"method":"GET","path":"/health","status":200,"name":"http_request"}]}
{"timestamp":"2026-05-09T13:15:42.716680Z","level":"INFO","fields":{"message":"response","status":200,"duration_ms":0.178555},"target":"kiln_server::api","span":{"duration_ms":0.178555,"method":"GET","path":"/health","status":200,"name":"http_request"},"spans":[{"duration_ms":0.178555,"method":"GET","path":"/health","status":200,"name":"http_request"}]}
{"timestamp":"2026-05-09T13:15:43.719674Z","level":"INFO","fields":{"message":"response","status":200,"duration_ms":0.231604},"target":"kiln_server::api","span":{"duration_ms":0.231604,"method":"GET","path":"/health","status":200,"name":"http_request"},"spans":[{"duration_ms":0.231604,"method":"GET","path":"/health","status":200,"name":"http_request"}]}
{"timestamp":"2026-05-09T13:15:44.722596Z","level":"INFO","fields":{"message":"response","status":200,"duration_ms":0.28021300000000005},"target":"kiln_server::api","span":{"duration_ms":0.28021300000000005,"method":"GET","path":"/health","status":200,"name":"http_request"},"spans":[{"duration_ms":0.28021300000000005,"method":"GET","path":"/health","status":200,"name":"http_request"}]}
{"timestamp":"2026-05-09T13:15:45.725578Z","level":"INFO","fields":{"message":"response","status":200,"duration_ms":0.24505399999999997},"target":"kiln_server::api","span":{"duration_ms":0.24505399999999997,"method":"GET","path":"/health","status":200,"name":"http_request"},"spans":[{"duration_ms":0.24505399999999997,"method":"GET","path":"/health","status":200,"name":"http_request"}]}
{"timestamp":"2026-05-09T13:15:46.728249Z","level":"INFO","fields":{"message":"response","status":200,"duration_ms":0.233184},"target":"kiln_server::api","span":{"duration_ms":0.233184,"method":"GET","path":"/health","status":200,"name":"http_request"},"spans":[{"duration_ms":0.233184,"method":"GET","path":"/health","status":200,"name":"http_request"}]}
{"timestamp":"2026-05-09T13:15:47.110116Z","level":"INFO","fields":{"message":"Vulkan decode weight cache prewarmed","weights":96,"f32_cache_mb":8640,"bf16_packed_weights":249,"bf16_packed_cache_mb":8020,"elapsed_ms":8884},"target":"kiln_model::backend::vulkan"}
kiln_profile_gdn_stage layer=0 stage=in_proj seq_len=64 start_pos=0 elapsed_ms=17.753
kiln_profile_gdn_stage layer=0 stage=conv seq_len=64 start_pos=0 elapsed_ms=10.059
kiln_profile_gdn_stage layer=0 stage=qkv_split seq_len=64 start_pos=0 elapsed_ms=0.403
kiln_profile_gdn_stage layer=0 stage=qk_norm seq_len=64 start_pos=0 elapsed_ms=1.008
kiln_profile_gdn_stage layer=0 stage=gates seq_len=64 start_pos=0 elapsed_ms=1.687
kiln_profile_gdn_stage layer=0 stage=recurrent seq_len=64 start_pos=0 elapsed_ms=18.444
kiln_profile_gdn_stage layer=0 stage=post_transpose seq_len=64 start_pos=0 elapsed_ms=0.001
kiln_profile_gdn_stage layer=0 stage=gated_norm seq_len=64 start_pos=0 elapsed_ms=2.241
kiln_profile_gdn_stage layer=0 stage=out_proj seq_len=64 start_pos=0 elapsed_ms=4.707
kiln_profile_mlp_stage layer=0 stage=fused seq_len=64 start_pos=0 elapsed_ms=26.530
kiln_profile_paged_layer layer=0 kind=linear seq_len=64 start_pos=0 elapsed_ms=83.741
kiln_profile_gdn_stage layer=1 stage=in_proj seq_len=64 start_pos=0 elapsed_ms=17.173
kiln_profile_gdn_stage layer=1 stage=conv seq_len=64 start_pos=0 elapsed_ms=8.750
kiln_profile_gdn_stage layer=1 stage=qkv_split seq_len=64 start_pos=0 elapsed_ms=0.370
kiln_profile_gdn_stage layer=1 stage=qk_norm seq_len=64 start_pos=0 elapsed_ms=0.607
kiln_profile_gdn_stage layer=1 stage=gates seq_len=64 start_pos=0 elapsed_ms=1.005
kiln_profile_gdn_stage layer=1 stage=recurrent seq_len=64 start_pos=0 elapsed_ms=9.279
kiln_profile_gdn_stage layer=1 stage=post_transpose seq_len=64 start_pos=0 elapsed_ms=0.000
kiln_profile_gdn_stage layer=1 stage=gated_norm seq_len=64 start_pos=0 elapsed_ms=4.737
kiln_profile_gdn_stage layer=1 stage=out_proj seq_len=64 start_pos=0 elapsed_ms=5.619
kiln_profile_mlp_stage layer=1 stage=fused seq_len=64 start_pos=0 elapsed_ms=26.880
kiln_profile_paged_layer layer=1 kind=linear seq_len=64 start_pos=0 elapsed_ms=75.135
kiln_profile_gdn_stage layer=2 stage=in_proj seq_len=64 start_pos=0 elapsed_ms=16.910
kiln_profile_gdn_stage layer=2 stage=conv seq_len=64 start_pos=0 elapsed_ms=6.158
kiln_profile_gdn_stage layer=2 stage=qkv_split seq_len=64 start_pos=0 elapsed_ms=0.337
kiln_profile_gdn_stage layer=2 stage=qk_norm seq_len=64 start_pos=0 elapsed_ms=0.578
kiln_profile_gdn_stage layer=2 stage=gates seq_len=64 start_pos=0 elapsed_ms=0.423
kiln_profile_gdn_stage layer=2 stage=recurrent seq_len=64 start_pos=0 elapsed_ms=9.325
kiln_profile_gdn_stage layer=2 stage=post_transpose seq_len=64 start_pos=0 elapsed_ms=0.000
kiln_profile_gdn_stage layer=2 stage=gated_norm seq_len=64 start_pos=0 elapsed_ms=4.923
kiln_profile_gdn_stage layer=2 stage=out_proj seq_len=64 start_pos=0 elapsed_ms=3.890
kiln_profile_mlp_stage layer=2 stage=fused seq_len=64 start_pos=0 elapsed_ms=25.682
kiln_profile_paged_layer layer=2 kind=linear seq_len=64 start_pos=0 elapsed_ms=68.922
kiln_profile_full_attn_stage full_attn_layer=0 stage=qkv_proj seq_len=64 start_pos=0 elapsed_ms=22.561
kiln_profile_full_attn_stage full_attn_layer=0 stage=qkv_split seq_len=64 start_pos=0 elapsed_ms=0.054
kiln_profile_full_attn_stage full_attn_layer=0 stage=qk_norm seq_len=64 start_pos=0 elapsed_ms=0.553
kiln_profile_full_attn_stage full_attn_layer=0 stage=rope seq_len=64 start_pos=0 elapsed_ms=0.748
kiln_profile_full_attn_stage full_attn_layer=0 stage=q_transpose seq_len=64 start_pos=0 elapsed_ms=0.537
kiln_profile_full_attn_stage full_attn_layer=0 stage=kv_write seq_len=64 start_pos=0 elapsed_ms=0.157
kiln_profile_full_attn_stage full_attn_layer=0 stage=kv_read seq_len=64 start_pos=0 elapsed_ms=0.020
kiln_profile_mlp_stage layer=3 stage=fused seq_len=64 start_pos=0 elapsed_ms=24.110
kiln_profile_paged_layer layer=3 kind=full seq_len=64 start_pos=0 elapsed_ms=57.745
kiln_profile_gdn_stage layer=4 stage=in_proj seq_len=64 start_pos=0 elapsed_ms=9.893
kiln_profile_gdn_stage layer=4 stage=conv seq_len=64 start_pos=0 elapsed_ms=8.665
kiln_profile_gdn_stage layer=4 stage=qkv_split seq_len=64 start_pos=0 elapsed_ms=0.370
kiln_profile_gdn_stage layer=4 stage=qk_norm seq_len=64 start_pos=0 elapsed_ms=0.537
kiln_profile_gdn_stage layer=4 stage=gates seq_len=64 start_pos=0 elapsed_ms=0.778
kiln_profile_gdn_stage layer=4 stage=recurrent seq_len=64 start_pos=0 elapsed_ms=10.221
kiln_profile_gdn_stage layer=4 stage=post_transpose seq_len=64 start_pos=0 elapsed_ms=0.001
kiln_profile_gdn_stage layer=4 stage=gated_norm seq_len=64 start_pos=0 elapsed_ms=5.053
kiln_profile_gdn_stage layer=4 stage=out_proj seq_len=64 start_pos=0 elapsed_ms=5.135
kiln_profile_mlp_stage layer=4 stage=fused seq_len=64 start_pos=0 elapsed_ms=26.231
kiln_profile_paged_layer layer=4 kind=linear seq_len=64 start_pos=0 elapsed_ms=67.579
kiln_profile_gdn_stage layer=5 stage=in_proj seq_len=64 start_pos=0 elapsed_ms=11.326
kiln_profile_gdn_stage layer=5 stage=conv seq_len=64 start_pos=0 elapsed_ms=8.524
kiln_profile_gdn_stage layer=5 stage=qkv_split seq_len=64 start_pos=0 elapsed_ms=0.354
kiln_profile_gdn_stage layer=5 stage=qk_norm seq_len=64 start_pos=0 elapsed_ms=0.554
kiln_profile_gdn_stage layer=5 stage=gates seq_len=64 start_pos=0 elapsed_ms=0.744
kiln_profile_gdn_stage layer=5 stage=recurrent seq_len=64 start_pos=0 elapsed_ms=10.064
kiln_profile_gdn_stage layer=5 stage=post_transpose seq_len=64 start_pos=0 elapsed_ms=0.000
kiln_profile_gdn_stage layer=5 stage=gated_norm seq_len=64 start_pos=0 elapsed_ms=2.300
kiln_profile_gdn_stage layer=5 stage=out_proj seq_len=64 start_pos=0 elapsed_ms=2.838
kiln_profile_mlp_stage layer=5 stage=fused seq_len=64 start_pos=0 elapsed_ms=28.132
kiln_profile_paged_layer layer=5 kind=linear seq_len=64 start_pos=0 elapsed_ms=65.583
kiln_profile_gdn_stage layer=6 stage=in_proj seq_len=64 start_pos=0 elapsed_ms=17.151
kiln_profile_gdn_stage layer=6 stage=conv seq_len=64 start_pos=0 elapsed_ms=8.883
kiln_profile_gdn_stage layer=6 stage=qkv_split seq_len=64 start_pos=0 elapsed_ms=0.327
kiln_profile_gdn_stage layer=6 stage=qk_norm seq_len=64 start_pos=0 elapsed_ms=0.545
kiln_profile_gdn_stage layer=6 stage=gates seq_len=64 start_pos=0 elapsed_ms=1.214
kiln_profile_gdn_stage layer=6 stage=recurrent seq_len=64 start_pos=0 elapsed_ms=10.667
kiln_profile_gdn_stage layer=6 stage=post_transpose seq_len=64 start_pos=0 elapsed_ms=0.001
kiln_profile_gdn_stage layer=6 stage=gated_norm seq_len=64 start_pos=0 elapsed_ms=2.126
kiln_profile_gdn_stage layer=6 stage=out_proj seq_len=64 start_pos=0 elapsed_ms=4.718
kiln_profile_mlp_stage layer=6 stage=fused seq_len=64 start_pos=0 elapsed_ms=27.949
kiln_profile_paged_layer layer=6 kind=linear seq_len=64 start_pos=0 elapsed_ms=74.291
kiln_profile_full_attn_stage full_attn_layer=1 stage=qkv_proj seq_len=64 start_pos=0 elapsed_ms=24.553
kiln_profile_full_attn_stage full_attn_layer=1 stage=qkv_split seq_len=64 start_pos=0 elapsed_ms=0.063
kiln_profile_full_attn_stage full_attn_layer=1 stage=qk_norm seq_len=64 start_pos=0 elapsed_ms=0.541
kiln_profile_full_attn_stage full_attn_layer=1 stage=rope seq_len=64 start_pos=0 elapsed_ms=0.741
kiln_profile_full_attn_stage full_attn_layer=1 stage=q_transpose seq_len=64 start_pos=0 elapsed_ms=0.557
kiln_profile_full_attn_stage full_attn_layer=1 stage=kv_write seq_len=64 start_pos=0 elapsed_ms=0.182
kiln_profile_full_attn_stage full_attn_layer=1 stage=kv_read seq_len=64 start_pos=0 elapsed_ms=0.015
kiln_profile_mlp_stage layer=7 stage=fused seq_len=64 start_pos=0 elapsed_ms=28.435
kiln_profile_paged_layer layer=7 kind=full seq_len=64 start_pos=0 elapsed_ms=64.113
kiln_profile_gdn_stage layer=8 stage=in_proj seq_len=64 start_pos=0 elapsed_ms=9.812
kiln_profile_gdn_stage layer=8 stage=conv seq_len=64 start_pos=0 elapsed_ms=9.188
kiln_profile_gdn_stage layer=8 stage=qkv_split seq_len=64 start_pos=0 elapsed_ms=0.356
kiln_profile_gdn_stage layer=8 stage=qk_norm seq_len=64 start_pos=0 elapsed_ms=0.546
kiln_profile_gdn_stage layer=8 stage=gates seq_len=64 start_pos=0 elapsed_ms=0.427
kiln_profile_gdn_stage layer=8 stage=recurrent seq_len=64 start_pos=0 elapsed_ms=8.712
kiln_profile_gdn_stage layer=8 stage=post_transpose seq_len=64 start_pos=0 elapsed_ms=0.000
kiln_profile_gdn_stage layer=8 stage=gated_norm seq_len=64 start_pos=0 elapsed_ms=2.092
kiln_profile_gdn_stage layer=8 stage=out_proj seq_len=64 start_pos=0 elapsed_ms=4.623
{"timestamp":"2026-05-09T13:15:47.730940Z","level":"INFO","fields":{"message":"response","status":200,"duration_ms":0.253983},"target":"kiln_server::api","span":{"duration_ms":0.253983,"method":"GET","path":"/health","status":200,"name":"http_request"},"spans":[{"duration_ms":0.253983,"method":"GET","path":"/health","status":200,"name":"http_request"}]}
kiln_profile_mlp_stage layer=8 stage=fused seq_len=64 start_pos=0 elapsed_ms=29.171
kiln_profile_paged_layer layer=8 kind=linear seq_len=64 start_pos=0 elapsed_ms=65.655
kiln_profile_gdn_stage layer=9 stage=in_proj seq_len=64 start_pos=0 elapsed_ms=9.203
kiln_profile_gdn_stage layer=9 stage=conv seq_len=64 start_pos=0 elapsed_ms=8.852
kiln_profile_gdn_stage layer=9 stage=qkv_split seq_len=64 start_pos=0 elapsed_ms=0.340
kiln_profile_gdn_stage layer=9 stage=qk_norm seq_len=64 start_pos=0 elapsed_ms=0.522
kiln_profile_gdn_stage layer=9 stage=gates seq_len=64 start_pos=0 elapsed_ms=0.523
kiln_profile_gdn_stage layer=9 stage=recurrent seq_len=64 start_pos=0 elapsed_ms=8.258
kiln_profile_gdn_stage layer=9 stage=post_transpose seq_len=64 start_pos=0 elapsed_ms=0.000
kiln_profile_gdn_stage layer=9 stage=gated_norm seq_len=64 start_pos=0 elapsed_ms=2.064
kiln_profile_gdn_stage layer=9 stage=out_proj seq_len=64 start_pos=0 elapsed_ms=4.679
kiln_profile_mlp_stage layer=9 stage=fused seq_len=64 start_pos=0 elapsed_ms=27.471
kiln_profile_paged_layer layer=9 kind=linear seq_len=64 start_pos=0 elapsed_ms=62.619
kiln_profile_gdn_stage layer=10 stage=in_proj seq_len=64 start_pos=0 elapsed_ms=18.489
kiln_profile_gdn_stage layer=10 stage=conv seq_len=64 start_pos=0 elapsed_ms=9.101
kiln_profile_gdn_stage layer=10 stage=qkv_split seq_len=64 start_pos=0 elapsed_ms=0.374
kiln_profile_gdn_stage layer=10 stage=qk_norm seq_len=64 start_pos=0 elapsed_ms=0.577
kiln_profile_gdn_stage layer=10 stage=gates seq_len=64 start_pos=0 elapsed_ms=0.791
kiln_profile_gdn_stage layer=10 stage=recurrent seq_len=64 start_pos=0 elapsed_ms=7.987
kiln_profile_gdn_stage layer=10 stage=post_transpose seq_len=64 start_pos=0 elapsed_ms=0.001
kiln_profile_gdn_stage layer=10 stage=gated_norm seq_len=64 start_pos=0 elapsed_ms=4.844
kiln_profile_gdn_stage layer=10 stage=out_proj seq_len=64 start_pos=0 elapsed_ms=5.654
kiln_profile_mlp_stage layer=10 stage=fused seq_len=64 start_pos=0 elapsed_ms=28.540
kiln_profile_paged_layer layer=10 kind=linear seq_len=64 start_pos=0 elapsed_ms=77.073
kiln_profile_full_attn_stage full_attn_layer=2 stage=qkv_proj seq_len=64 start_pos=0 elapsed_ms=18.597
kiln_profile_full_attn_stage full_attn_layer=2 stage=qkv_split seq_len=64 start_pos=0 elapsed_ms=0.073
kiln_profile_full_attn_stage full_attn_layer=2 stage=qk_norm seq_len=64 start_pos=0 elapsed_ms=0.561
kiln_profile_full_attn_stage full_attn_layer=2 stage=rope seq_len=64 start_pos=0 elapsed_ms=0.763
kiln_profile_full_attn_stage full_attn_layer=2 stage=q_transpose seq_len=64 start_pos=0 elapsed_ms=0.565
kiln_profile_full_attn_stage full_attn_layer=2 stage=kv_write seq_len=64 start_pos=0 elapsed_ms=0.155
kiln_profile_full_attn_stage full_attn_layer=2 stage=kv_read seq_len=64 start_pos=0 elapsed_ms=0.017
kiln_profile_mlp_stage layer=11 stage=fused seq_len=64 start_pos=0 elapsed_ms=27.575
kiln_profile_paged_layer layer=11 kind=full seq_len=64 start_pos=0 elapsed_ms=56.904
kiln_profile_gdn_stage layer=12 stage=in_proj seq_len=64 start_pos=0 elapsed_ms=9.305
kiln_profile_gdn_stage layer=12 stage=conv seq_len=64 start_pos=0 elapsed_ms=9.138
kiln_profile_gdn_stage layer=12 stage=qkv_split seq_len=64 start_pos=0 elapsed_ms=0.360
kiln_profile_gdn_stage layer=12 stage=qk_norm seq_len=64 start_pos=0 elapsed_ms=0.576
kiln_profile_gdn_stage layer=12 stage=gates seq_len=64 start_pos=0 elapsed_ms=1.580
kiln_profile_gdn_stage layer=12 stage=recurrent seq_len=64 start_pos=0 elapsed_ms=8.084
kiln_profile_gdn_stage layer=12 stage=post_transpose seq_len=64 start_pos=0 elapsed_ms=0.000
kiln_profile_gdn_stage layer=12 stage=gated_norm seq_len=64 start_pos=0 elapsed_ms=5.380
kiln_profile_gdn_stage layer=12 stage=out_proj seq_len=64 start_pos=0 elapsed_ms=5.520
kiln_profile_mlp_stage layer=12 stage=fused seq_len=64 start_pos=0 elapsed_ms=28.794
kiln_profile_paged_layer layer=12 kind=linear seq_len=64 start_pos=0 elapsed_ms=69.465
kiln_profile_gdn_stage layer=13 stage=in_proj seq_len=64 start_pos=0 elapsed_ms=10.547
kiln_profile_gdn_stage layer=13 stage=conv seq_len=64 start_pos=0 elapsed_ms=8.757
kiln_profile_gdn_stage layer=13 stage=qkv_split seq_len=64 start_pos=0 elapsed_ms=0.367
kiln_profile_gdn_stage layer=13 stage=qk_norm seq_len=64 start_pos=0 elapsed_ms=0.633
kiln_profile_gdn_stage layer=13 stage=gates seq_len=64 start_pos=0 elapsed_ms=1.022
kiln_profile_gdn_stage layer=13 stage=recurrent seq_len=64 start_pos=0 elapsed_ms=8.590
kiln_profile_gdn_stage layer=13 stage=post_transpose seq_len=64 start_pos=0 elapsed_ms=0.000
kiln_profile_gdn_stage layer=13 stage=gated_norm seq_len=64 start_pos=0 elapsed_ms=2.331
kiln_profile_gdn_stage layer=13 stage=out_proj seq_len=64 start_pos=0 elapsed_ms=4.712
kiln_profile_mlp_stage layer=13 stage=fused seq_len=64 start_pos=0 elapsed_ms=30.438
kiln_profile_paged_layer layer=13 kind=linear seq_len=64 start_pos=0 elapsed_ms=68.121
kiln_profile_gdn_stage layer=14 stage=in_proj seq_len=64 start_pos=0 elapsed_ms=10.457
kiln_profile_gdn_stage layer=14 stage=conv seq_len=64 start_pos=0 elapsed_ms=6.071
kiln_profile_gdn_stage layer=14 stage=qkv_split seq_len=64 start_pos=0 elapsed_ms=0.343
kiln_profile_gdn_stage layer=14 stage=qk_norm seq_len=64 start_pos=0 elapsed_ms=0.557
kiln_profile_gdn_stage layer=14 stage=gates seq_len=64 start_pos=0 elapsed_ms=0.393
kiln_profile_gdn_stage layer=14 stage=recurrent seq_len=64 start_pos=0 elapsed_ms=12.072
kiln_profile_gdn_stage layer=14 stage=post_transpose seq_len=64 start_pos=0 elapsed_ms=0.000
kiln_profile_gdn_stage layer=14 stage=gated_norm seq_len=64 start_pos=0 elapsed_ms=5.108
kiln_profile_gdn_stage layer=14 stage=out_proj seq_len=64 start_pos=0 elapsed_ms=3.533
kiln_profile_mlp_stage layer=14 stage=fused seq_len=64 start_pos=0 elapsed_ms=28.641
kiln_profile_paged_layer layer=14 kind=linear seq_len=64 start_pos=0 elapsed_ms=67.870
kiln_profile_full_attn_stage full_attn_layer=3 stage=qkv_proj seq_len=64 start_pos=0 elapsed_ms=18.934
kiln_profile_full_attn_stage full_attn_layer=3 stage=qkv_split seq_len=64 start_pos=0 elapsed_ms=0.098
kiln_profile_full_attn_stage full_attn_layer=3 stage=qk_norm seq_len=64 start_pos=0 elapsed_ms=0.649
kiln_profile_full_attn_stage full_attn_layer=3 stage=rope seq_len=64 start_pos=0 elapsed_ms=0.754
kiln_profile_full_attn_stage full_attn_layer=3 stage=q_transpose seq_len=64 start_pos=0 elapsed_ms=0.513
kiln_profile_full_attn_stage full_attn_layer=3 stage=kv_write seq_len=64 start_pos=0 elapsed_ms=0.200
kiln_profile_full_attn_stage full_attn_layer=3 stage=kv_read seq_len=64 start_pos=0 elapsed_ms=0.022
kiln_profile_mlp_stage layer=15 stage=fused seq_len=64 start_pos=0 elapsed_ms=27.075
kiln_profile_paged_layer layer=15 kind=full seq_len=64 start_pos=0 elapsed_ms=55.913
kiln_profile_gdn_stage layer=16 stage=in_proj seq_len=64 start_pos=0 elapsed_ms=8.365
kiln_profile_gdn_stage layer=16 stage=conv seq_len=64 start_pos=0 elapsed_ms=8.543
kiln_profile_gdn_stage layer=16 stage=qkv_split seq_len=64 start_pos=0 elapsed_ms=0.346
kiln_profile_gdn_stage layer=16 stage=qk_norm seq_len=64 start_pos=0 elapsed_ms=0.592
kiln_profile_gdn_stage layer=16 stage=gates seq_len=64 start_pos=0 elapsed_ms=0.785
kiln_profile_gdn_stage layer=16 stage=recurrent seq_len=64 start_pos=0 elapsed_ms=8.253
kiln_profile_gdn_stage layer=16 stage=post_transpose seq_len=64 start_pos=0 elapsed_ms=0.001
kiln_profile_gdn_stage layer=16 stage=gated_norm seq_len=64 start_pos=0 elapsed_ms=4.840
kiln_profile_gdn_stage layer=16 stage=out_proj seq_len=64 start_pos=0 elapsed_ms=5.819
kiln_profile_mlp_stage layer=16 stage=fused seq_len=64 start_pos=0 elapsed_ms=29.048
kiln_profile_paged_layer layer=16 kind=linear seq_len=64 start_pos=0 elapsed_ms=67.282
kiln_profile_gdn_stage layer=17 stage=in_proj seq_len=64 start_pos=0 elapsed_ms=9.363
kiln_profile_gdn_stage layer=17 stage=conv seq_len=64 start_pos=0 elapsed_ms=9.077
kiln_profile_gdn_stage layer=17 stage=qkv_split seq_len=64 start_pos=0 elapsed_ms=0.331
kiln_profile_gdn_stage layer=17 stage=qk_norm seq_len=64 start_pos=0 elapsed_ms=0.561
kiln_profile_gdn_stage layer=17 stage=gates seq_len=64 start_pos=0 elapsed_ms=0.830
kiln_profile_gdn_stage layer=17 stage=recurrent seq_len=64 start_pos=0 elapsed_ms=8.716
kiln_profile_gdn_stage layer=17 stage=post_transpose seq_len=64 start_pos=0 elapsed_ms=0.001
kiln_profile_gdn_stage layer=17 stage=gated_norm seq_len=64 start_pos=0 elapsed_ms=4.687
kiln_profile_gdn_stage layer=17 stage=out_proj seq_len=64 start_pos=0 elapsed_ms=5.641
kiln_profile_mlp_stage layer=17 stage=fused seq_len=64 start_pos=0 elapsed_ms=27.385
kiln_profile_paged_layer layer=17 kind=linear seq_len=64 start_pos=0 elapsed_ms=67.281
kiln_profile_gdn_stage layer=18 stage=in_proj seq_len=64 start_pos=0 elapsed_ms=9.170
kiln_profile_gdn_stage layer=18 stage=conv seq_len=64 start_pos=0 elapsed_ms=8.554
kiln_profile_gdn_stage layer=18 stage=qkv_split seq_len=64 start_pos=0 elapsed_ms=0.349
kiln_profile_gdn_stage layer=18 stage=qk_norm seq_len=64 start_pos=0 elapsed_ms=0.585
kiln_profile_gdn_stage layer=18 stage=gates seq_len=64 start_pos=0 elapsed_ms=0.829
kiln_profile_gdn_stage layer=18 stage=recurrent seq_len=64 start_pos=0 elapsed_ms=8.395
kiln_profile_gdn_stage layer=18 stage=post_transpose seq_len=64 start_pos=0 elapsed_ms=0.001
kiln_profile_gdn_stage layer=18 stage=gated_norm seq_len=64 start_pos=0 elapsed_ms=4.791
kiln_profile_gdn_stage layer=18 stage=out_proj seq_len=64 start_pos=0 elapsed_ms=5.140
kiln_profile_mlp_stage layer=18 stage=fused seq_len=64 start_pos=0 elapsed_ms=28.646
kiln_profile_paged_layer layer=18 kind=linear seq_len=64 start_pos=0 elapsed_ms=67.160
kiln_profile_full_attn_stage full_attn_layer=4 stage=qkv_proj seq_len=64 start_pos=0 elapsed_ms=17.827
kiln_profile_full_attn_stage full_attn_layer=4 stage=qkv_split seq_len=64 start_pos=0 elapsed_ms=0.080
kiln_profile_full_attn_stage full_attn_layer=4 stage=qk_norm seq_len=64 start_pos=0 elapsed_ms=0.854
kiln_profile_full_attn_stage full_attn_layer=4 stage=rope seq_len=64 start_pos=0 elapsed_ms=0.752
kiln_profile_full_attn_stage full_attn_layer=4 stage=q_transpose seq_len=64 start_pos=0 elapsed_ms=0.527
kiln_profile_full_attn_stage full_attn_layer=4 stage=kv_write seq_len=64 start_pos=0 elapsed_ms=0.151
kiln_profile_full_attn_stage full_attn_layer=4 stage=kv_read seq_len=64 start_pos=0 elapsed_ms=0.014
kiln_profile_mlp_stage layer=19 stage=fused seq_len=64 start_pos=0 elapsed_ms=25.833
kiln_profile_paged_layer layer=19 kind=full seq_len=64 start_pos=0 elapsed_ms=54.759
kiln_profile_gdn_stage layer=20 stage=in_proj seq_len=64 start_pos=0 elapsed_ms=9.444
kiln_profile_gdn_stage layer=20 stage=conv seq_len=64 start_pos=0 elapsed_ms=6.458
kiln_profile_gdn_stage layer=20 stage=qkv_split seq_len=64 start_pos=0 elapsed_ms=0.353
kiln_profile_gdn_stage layer=20 stage=qk_norm seq_len=64 start_pos=0 elapsed_ms=0.564
kiln_profile_gdn_stage layer=20 stage=gates seq_len=64 start_pos=0 elapsed_ms=0.790
kiln_profile_gdn_stage layer=20 stage=recurrent seq_len=64 start_pos=0 elapsed_ms=8.009
kiln_profile_gdn_stage layer=20 stage=post_transpose seq_len=64 start_pos=0 elapsed_ms=0.000
kiln_profile_gdn_stage layer=20 stage=gated_norm seq_len=64 start_pos=0 elapsed_ms=5.569
kiln_profile_gdn_stage layer=20 stage=out_proj seq_len=64 start_pos=0 elapsed_ms=5.912
kiln_profile_mlp_stage layer=20 stage=fused seq_len=64 start_pos=0 elapsed_ms=26.754
kiln_profile_paged_layer layer=20 kind=linear seq_len=64 start_pos=0 elapsed_ms=64.564
kiln_profile_gdn_stage layer=21 stage=in_proj seq_len=64 start_pos=0 elapsed_ms=9.820
kiln_profile_gdn_stage layer=21 stage=conv seq_len=64 start_pos=0 elapsed_ms=8.610
kiln_profile_gdn_stage layer=21 stage=qkv_split seq_len=64 start_pos=0 elapsed_ms=0.362
kiln_profile_gdn_stage layer=21 stage=qk_norm seq_len=64 start_pos=0 elapsed_ms=0.580
kiln_profile_gdn_stage layer=21 stage=gates seq_len=64 start_pos=0 elapsed_ms=0.796
kiln_profile_gdn_stage layer=21 stage=recurrent seq_len=64 start_pos=0 elapsed_ms=7.997
kiln_profile_gdn_stage layer=21 stage=post_transpose seq_len=64 start_pos=0 elapsed_ms=0.001
kiln_profile_gdn_stage layer=21 stage=gated_norm seq_len=64 start_pos=0 elapsed_ms=5.211
kiln_profile_gdn_stage layer=21 stage=out_proj seq_len=64 start_pos=0 elapsed_ms=5.287
kiln_profile_mlp_stage layer=21 stage=fused seq_len=64 start_pos=0 elapsed_ms=26.198
kiln_profile_paged_layer layer=21 kind=linear seq_len=64 start_pos=0 elapsed_ms=65.591
kiln_profile_gdn_stage layer=22 stage=in_proj seq_len=64 start_pos=0 elapsed_ms=8.212
kiln_profile_gdn_stage layer=22 stage=conv seq_len=64 start_pos=0 elapsed_ms=8.431
kiln_profile_gdn_stage layer=22 stage=qkv_split seq_len=64 start_pos=0 elapsed_ms=0.337
kiln_profile_gdn_stage layer=22 stage=qk_norm seq_len=64 start_pos=0 elapsed_ms=0.537
kiln_profile_gdn_stage layer=22 stage=gates seq_len=64 start_pos=0 elapsed_ms=1.072
kiln_profile_gdn_stage layer=22 stage=recurrent seq_len=64 start_pos=0 elapsed_ms=8.507
kiln_profile_gdn_stage layer=22 stage=post_transpose seq_len=64 start_pos=0 elapsed_ms=0.000
kiln_profile_gdn_stage layer=22 stage=gated_norm seq_len=64 start_pos=0 elapsed_ms=5.214
kiln_profile_gdn_stage layer=22 stage=out_proj seq_len=64 start_pos=0 elapsed_ms=5.323
kiln_profile_mlp_stage layer=22 stage=fused seq_len=64 start_pos=0 elapsed_ms=25.139
kiln_profile_paged_layer layer=22 kind=linear seq_len=64 start_pos=0 elapsed_ms=63.503
kiln_profile_full_attn_stage full_attn_layer=5 stage=qkv_proj seq_len=64 start_pos=0 elapsed_ms=17.248
kiln_profile_full_attn_stage full_attn_layer=5 stage=qkv_split seq_len=64 start_pos=0 elapsed_ms=0.064
kiln_profile_full_attn_stage full_attn_layer=5 stage=qk_norm seq_len=64 start_pos=0 elapsed_ms=0.568
kiln_profile_full_attn_stage full_attn_layer=5 stage=rope seq_len=64 start_pos=0 elapsed_ms=0.744
kiln_profile_full_attn_stage full_attn_layer=5 stage=q_transpose seq_len=64 start_pos=0 elapsed_ms=0.577
kiln_profile_full_attn_stage full_attn_layer=5 stage=kv_write seq_len=64 start_pos=0 elapsed_ms=0.209
kiln_profile_full_attn_stage full_attn_layer=5 stage=kv_read seq_len=64 start_pos=0 elapsed_ms=0.025
kiln_profile_mlp_stage layer=23 stage=fused seq_len=64 start_pos=0 elapsed_ms=28.412
kiln_profile_paged_layer layer=23 kind=full seq_len=64 start_pos=0 elapsed_ms=56.781
kiln_profile_gdn_stage layer=24 stage=in_proj seq_len=64 start_pos=0 elapsed_ms=8.359
kiln_profile_gdn_stage layer=24 stage=conv seq_len=64 start_pos=0 elapsed_ms=5.889
kiln_profile_gdn_stage layer=24 stage=qkv_split seq_len=64 start_pos=0 elapsed_ms=0.334
kiln_profile_gdn_stage layer=24 stage=qk_norm seq_len=64 start_pos=0 elapsed_ms=0.579
kiln_profile_gdn_stage layer=24 stage=gates seq_len=64 start_pos=0 elapsed_ms=0.789
kiln_profile_gdn_stage layer=24 stage=recurrent seq_len=64 start_pos=0 elapsed_ms=8.230
kiln_profile_gdn_stage layer=24 stage=post_transpose seq_len=64 start_pos=0 elapsed_ms=0.000
kiln_profile_gdn_stage layer=24 stage=gated_norm seq_len=64 start_pos=0 elapsed_ms=4.668
{"timestamp":"2026-05-09T13:15:48.733418Z","level":"INFO","fields":{"message":"response","status":200,"duration_ms":0.265523},"target":"kiln_server::api","span":{"duration_ms":0.265523,"method":"GET","path":"/health","status":200,"name":"http_request"},"spans":[{"duration_ms":0.265523,"method":"GET","path":"/health","status":200,"name":"http_request"}]}
kiln_profile_gdn_stage layer=24 stage=out_proj seq_len=64 start_pos=0 elapsed_ms=6.071
kiln_profile_mlp_stage layer=24 stage=fused seq_len=64 start_pos=0 elapsed_ms=26.472
kiln_profile_paged_layer layer=24 kind=linear seq_len=64 start_pos=0 elapsed_ms=62.098
kiln_profile_gdn_stage layer=25 stage=in_proj seq_len=64 start_pos=0 elapsed_ms=8.844
kiln_profile_gdn_stage layer=25 stage=conv seq_len=64 start_pos=0 elapsed_ms=5.866
kiln_profile_gdn_stage layer=25 stage=qkv_split seq_len=64 start_pos=0 elapsed_ms=0.329
kiln_profile_gdn_stage layer=25 stage=qk_norm seq_len=64 start_pos=0 elapsed_ms=0.600
kiln_profile_gdn_stage layer=25 stage=gates seq_len=64 start_pos=0 elapsed_ms=0.759
kiln_profile_gdn_stage layer=25 stage=recurrent seq_len=64 start_pos=0 elapsed_ms=8.457
kiln_profile_gdn_stage layer=25 stage=post_transpose seq_len=64 start_pos=0 elapsed_ms=0.001
kiln_profile_gdn_stage layer=25 stage=gated_norm seq_len=64 start_pos=0 elapsed_ms=4.889
kiln_profile_gdn_stage layer=25 stage=out_proj seq_len=64 start_pos=0 elapsed_ms=5.129
kiln_profile_mlp_stage layer=25 stage=fused seq_len=64 start_pos=0 elapsed_ms=28.439
kiln_profile_paged_layer layer=25 kind=linear seq_len=64 start_pos=0 elapsed_ms=64.039
kiln_profile_gdn_stage layer=26 stage=in_proj seq_len=64 start_pos=0 elapsed_ms=9.659
kiln_profile_gdn_stage layer=26 stage=conv seq_len=64 start_pos=0 elapsed_ms=5.933
kiln_profile_gdn_stage layer=26 stage=qkv_split seq_len=64 start_pos=0 elapsed_ms=0.323
kiln_profile_gdn_stage layer=26 stage=qk_norm seq_len=64 start_pos=0 elapsed_ms=0.569
kiln_profile_gdn_stage layer=26 stage=gates seq_len=64 start_pos=0 elapsed_ms=0.447
kiln_profile_gdn_stage layer=26 stage=recurrent seq_len=64 start_pos=0 elapsed_ms=7.892
kiln_profile_gdn_stage layer=26 stage=post_transpose seq_len=64 start_pos=0 elapsed_ms=0.001
kiln_profile_gdn_stage layer=26 stage=gated_norm seq_len=64 start_pos=0 elapsed_ms=4.854
kiln_profile_gdn_stage layer=26 stage=out_proj seq_len=64 start_pos=0 elapsed_ms=3.939
kiln_profile_mlp_stage layer=26 stage=fused seq_len=64 start_pos=0 elapsed_ms=27.894
kiln_profile_paged_layer layer=26 kind=linear seq_len=64 start_pos=0 elapsed_ms=62.263
kiln_profile_full_attn_stage full_attn_layer=6 stage=qkv_proj seq_len=64 start_pos=0 elapsed_ms=18.229
kiln_profile_full_attn_stage full_attn_layer=6 stage=qkv_split seq_len=64 start_pos=0 elapsed_ms=0.085
kiln_profile_full_attn_stage full_attn_layer=6 stage=qk_norm seq_len=64 start_pos=0 elapsed_ms=0.552
kiln_profile_full_attn_stage full_attn_layer=6 stage=rope seq_len=64 start_pos=0 elapsed_ms=0.747
kiln_profile_full_attn_stage full_attn_layer=6 stage=q_transpose seq_len=64 start_pos=0 elapsed_ms=0.588
kiln_profile_full_attn_stage full_attn_layer=6 stage=kv_write seq_len=64 start_pos=0 elapsed_ms=0.157
kiln_profile_full_attn_stage full_attn_layer=6 stage=kv_read seq_len=64 start_pos=0 elapsed_ms=0.016
kiln_profile_mlp_stage layer=27 stage=fused seq_len=64 start_pos=0 elapsed_ms=28.386
kiln_profile_paged_layer layer=27 kind=full seq_len=64 start_pos=0 elapsed_ms=57.342
kiln_profile_gdn_stage layer=28 stage=in_proj seq_len=64 start_pos=0 elapsed_ms=9.644
kiln_profile_gdn_stage layer=28 stage=conv seq_len=64 start_pos=0 elapsed_ms=6.453
kiln_profile_gdn_stage layer=28 stage=qkv_split seq_len=64 start_pos=0 elapsed_ms=0.334
kiln_profile_gdn_stage layer=28 stage=qk_norm seq_len=64 start_pos=0 elapsed_ms=0.565
kiln_profile_gdn_stage layer=28 stage=gates seq_len=64 start_pos=0 elapsed_ms=0.850
kiln_profile_gdn_stage layer=28 stage=recurrent seq_len=64 start_pos=0 elapsed_ms=7.995
kiln_profile_gdn_stage layer=28 stage=post_transpose seq_len=64 start_pos=0 elapsed_ms=0.001
kiln_profile_gdn_stage layer=28 stage=gated_norm seq_len=64 start_pos=0 elapsed_ms=4.985
kiln_profile_gdn_stage layer=28 stage=out_proj seq_len=64 start_pos=0 elapsed_ms=5.224
kiln_profile_mlp_stage layer=28 stage=fused seq_len=64 start_pos=0 elapsed_ms=28.702
kiln_profile_paged_layer layer=28 kind=linear seq_len=64 start_pos=0 elapsed_ms=65.452
kiln_profile_gdn_stage layer=29 stage=in_proj seq_len=64 start_pos=0 elapsed_ms=10.737
kiln_profile_gdn_stage layer=29 stage=conv seq_len=64 start_pos=0 elapsed_ms=6.042
kiln_profile_gdn_stage layer=29 stage=qkv_split seq_len=64 start_pos=0 elapsed_ms=0.337
kiln_profile_gdn_stage layer=29 stage=qk_norm seq_len=64 start_pos=0 elapsed_ms=0.601
kiln_profile_gdn_stage layer=29 stage=gates seq_len=64 start_pos=0 elapsed_ms=0.439
kiln_profile_gdn_stage layer=29 stage=recurrent seq_len=64 start_pos=0 elapsed_ms=8.443
kiln_profile_gdn_stage layer=29 stage=post_transpose seq_len=64 start_pos=0 elapsed_ms=0.001
kiln_profile_gdn_stage layer=29 stage=gated_norm seq_len=64 start_pos=0 elapsed_ms=5.020
kiln_profile_gdn_stage layer=29 stage=out_proj seq_len=64 start_pos=0 elapsed_ms=5.821
kiln_profile_mlp_stage layer=29 stage=fused seq_len=64 start_pos=0 elapsed_ms=28.425
kiln_profile_paged_layer layer=29 kind=linear seq_len=64 start_pos=0 elapsed_ms=66.587
kiln_profile_gdn_stage layer=30 stage=in_proj seq_len=64 start_pos=0 elapsed_ms=8.969
kiln_profile_gdn_stage layer=30 stage=conv seq_len=64 start_pos=0 elapsed_ms=8.623
kiln_profile_gdn_stage layer=30 stage=qkv_split seq_len=64 start_pos=0 elapsed_ms=0.359
kiln_profile_gdn_stage layer=30 stage=qk_norm seq_len=64 start_pos=0 elapsed_ms=0.599
kiln_profile_gdn_stage layer=30 stage=gates seq_len=64 start_pos=0 elapsed_ms=0.858
kiln_profile_gdn_stage layer=30 stage=recurrent seq_len=64 start_pos=0 elapsed_ms=9.063
kiln_profile_gdn_stage layer=30 stage=post_transpose seq_len=64 start_pos=0 elapsed_ms=0.000
kiln_profile_gdn_stage layer=30 stage=gated_norm seq_len=64 start_pos=0 elapsed_ms=2.286
kiln_profile_gdn_stage layer=30 stage=out_proj seq_len=64 start_pos=0 elapsed_ms=2.962
kiln_profile_mlp_stage layer=30 stage=fused seq_len=64 start_pos=0 elapsed_ms=27.563
kiln_profile_paged_layer layer=30 kind=linear seq_len=64 start_pos=0 elapsed_ms=61.990
kiln_profile_full_attn_stage full_attn_layer=7 stage=qkv_proj seq_len=64 start_pos=0 elapsed_ms=16.950
kiln_profile_full_attn_stage full_attn_layer=7 stage=qkv_split seq_len=64 start_pos=0 elapsed_ms=0.067
kiln_profile_full_attn_stage full_attn_layer=7 stage=qk_norm seq_len=64 start_pos=0 elapsed_ms=0.556
kiln_profile_full_attn_stage full_attn_layer=7 stage=rope seq_len=64 start_pos=0 elapsed_ms=0.754
kiln_profile_full_attn_stage full_attn_layer=7 stage=q_transpose seq_len=64 start_pos=0 elapsed_ms=0.535
kiln_profile_full_attn_stage full_attn_layer=7 stage=kv_write seq_len=64 start_pos=0 elapsed_ms=0.221
kiln_profile_full_attn_stage full_attn_layer=7 stage=kv_read seq_len=64 start_pos=0 elapsed_ms=0.016
kiln_profile_mlp_stage layer=31 stage=fused seq_len=64 start_pos=0 elapsed_ms=29.115
kiln_profile_paged_layer layer=31 kind=full seq_len=64 start_pos=0 elapsed_ms=56.655
kiln_profile_gdn_stage layer=0 stage=in_proj seq_len=1 start_pos=64 elapsed_ms=1.638
kiln_profile_gdn_stage layer=0 stage=conv seq_len=1 start_pos=64 elapsed_ms=0.132
kiln_profile_gdn_stage layer=0 stage=qkv_split seq_len=1 start_pos=64 elapsed_ms=0.002
kiln_profile_gdn_stage layer=0 stage=qk_norm seq_len=1 start_pos=64 elapsed_ms=0.025
kiln_profile_gdn_stage layer=0 stage=gates seq_len=1 start_pos=64 elapsed_ms=0.324
kiln_profile_gdn_stage layer=0 stage=recurrent seq_len=1 start_pos=64 elapsed_ms=0.645
kiln_profile_gdn_stage layer=0 stage=post_transpose seq_len=1 start_pos=64 elapsed_ms=0.000
kiln_profile_gdn_stage layer=0 stage=gated_norm seq_len=1 start_pos=64 elapsed_ms=0.660
kiln_profile_gdn_stage layer=0 stage=out_proj seq_len=1 start_pos=64 elapsed_ms=0.452
kiln_profile_mlp_stage layer=0 stage=fused seq_len=1 start_pos=64 elapsed_ms=1.091
kiln_profile_paged_layer layer=0 kind=linear seq_len=1 start_pos=64 elapsed_ms=5.041
kiln_profile_gdn_stage layer=1 stage=in_proj seq_len=1 start_pos=64 elapsed_ms=0.751
kiln_profile_gdn_stage layer=1 stage=conv seq_len=1 start_pos=64 elapsed_ms=0.077
kiln_profile_gdn_stage layer=1 stage=qkv_split seq_len=1 start_pos=64 elapsed_ms=0.001
kiln_profile_gdn_stage layer=1 stage=qk_norm seq_len=1 start_pos=64 elapsed_ms=0.013
kiln_profile_gdn_stage layer=1 stage=gates seq_len=1 start_pos=64 elapsed_ms=0.184
kiln_profile_gdn_stage layer=1 stage=recurrent seq_len=1 start_pos=64 elapsed_ms=0.524
kiln_profile_gdn_stage layer=1 stage=post_transpose seq_len=1 start_pos=64 elapsed_ms=0.000
kiln_profile_gdn_stage layer=1 stage=gated_norm seq_len=1 start_pos=64 elapsed_ms=0.230
kiln_profile_gdn_stage layer=1 stage=out_proj seq_len=1 start_pos=64 elapsed_ms=0.312
kiln_profile_mlp_stage layer=1 stage=fused seq_len=1 start_pos=64 elapsed_ms=0.922
kiln_profile_paged_layer layer=1 kind=linear seq_len=1 start_pos=64 elapsed_ms=3.058
kiln_profile_gdn_stage layer=2 stage=in_proj seq_len=1 start_pos=64 elapsed_ms=0.702
kiln_profile_gdn_stage layer=2 stage=conv seq_len=1 start_pos=64 elapsed_ms=0.075
kiln_profile_gdn_stage layer=2 stage=qkv_split seq_len=1 start_pos=64 elapsed_ms=0.000
kiln_profile_gdn_stage layer=2 stage=qk_norm seq_len=1 start_pos=64 elapsed_ms=0.012
kiln_profile_gdn_stage layer=2 stage=gates seq_len=1 start_pos=64 elapsed_ms=0.270
kiln_profile_gdn_stage layer=2 stage=recurrent seq_len=1 start_pos=64 elapsed_ms=0.518
kiln_profile_gdn_stage layer=2 stage=post_transpose seq_len=1 start_pos=64 elapsed_ms=0.000
kiln_profile_gdn_stage layer=2 stage=gated_norm seq_len=1 start_pos=64 elapsed_ms=0.238
kiln_profile_gdn_stage layer=2 stage=out_proj seq_len=1 start_pos=64 elapsed_ms=0.285
kiln_profile_mlp_stage layer=2 stage=fused seq_len=1 start_pos=64 elapsed_ms=0.961
kiln_profile_paged_layer layer=2 kind=linear seq_len=1 start_pos=64 elapsed_ms=3.112
kiln_profile_full_attn_stage full_attn_layer=0 stage=qkv_proj seq_len=1 start_pos=64 elapsed_ms=0.594
kiln_profile_full_attn_stage full_attn_layer=0 stage=qkv_split seq_len=1 start_pos=64 elapsed_ms=0.002
kiln_profile_full_attn_stage full_attn_layer=0 stage=qk_norm seq_len=1 start_pos=64 elapsed_ms=0.015
kiln_profile_full_attn_stage full_attn_layer=0 stage=rope seq_len=1 start_pos=64 elapsed_ms=0.025
kiln_profile_full_attn_stage full_attn_layer=0 stage=q_transpose seq_len=1 start_pos=64 elapsed_ms=0.003
kiln_profile_full_attn_stage full_attn_layer=0 stage=kv_write seq_len=1 start_pos=64 elapsed_ms=0.011
kiln_profile_full_attn_stage full_attn_layer=0 stage=kv_read seq_len=1 start_pos=64 elapsed_ms=0.044
kiln_profile_full_attn_stage full_attn_layer=0 stage=decode_group_layout seq_len=1 start_pos=64 elapsed_ms=0.002
kiln_profile_full_attn_stage full_attn_layer=0 stage=decode_scores seq_len=1 start_pos=64 elapsed_ms=0.125
kiln_profile_full_attn_stage full_attn_layer=0 stage=decode_softmax seq_len=1 start_pos=64 elapsed_ms=0.007
kiln_profile_full_attn_stage full_attn_layer=0 stage=decode_weighted_sum seq_len=1 start_pos=64 elapsed_ms=0.027
kiln_profile_full_attn_stage full_attn_layer=0 stage=attn_gate seq_len=1 start_pos=64 elapsed_ms=0.007
kiln_profile_full_attn_stage full_attn_layer=0 stage=o_proj seq_len=1 start_pos=64 elapsed_ms=0.314
kiln_profile_mlp_stage layer=3 stage=fused seq_len=1 start_pos=64 elapsed_ms=0.934
kiln_profile_paged_layer layer=3 kind=full seq_len=1 start_pos=64 elapsed_ms=2.166
kiln_profile_gdn_stage layer=4 stage=in_proj seq_len=1 start_pos=64 elapsed_ms=0.719
kiln_profile_gdn_stage layer=4 stage=conv seq_len=1 start_pos=64 elapsed_ms=0.073
kiln_profile_gdn_stage layer=4 stage=qkv_split seq_len=1 start_pos=64 elapsed_ms=0.000
kiln_profile_gdn_stage layer=4 stage=qk_norm seq_len=1 start_pos=64 elapsed_ms=0.011
kiln_profile_gdn_stage layer=4 stage=gates seq_len=1 start_pos=64 elapsed_ms=0.178
kiln_profile_gdn_stage layer=4 stage=recurrent seq_len=1 start_pos=64 elapsed_ms=0.528
kiln_profile_gdn_stage layer=4 stage=post_transpose seq_len=1 start_pos=64 elapsed_ms=0.000
kiln_profile_gdn_stage layer=4 stage=gated_norm seq_len=1 start_pos=64 elapsed_ms=0.227
kiln_profile_gdn_stage layer=4 stage=out_proj seq_len=1 start_pos=64 elapsed_ms=0.305
kiln_profile_mlp_stage layer=4 stage=fused seq_len=1 start_pos=64 elapsed_ms=0.910
kiln_profile_paged_layer layer=4 kind=linear seq_len=1 start_pos=64 elapsed_ms=2.994
kiln_profile_gdn_stage layer=5 stage=in_proj seq_len=1 start_pos=64 elapsed_ms=0.735
kiln_profile_gdn_stage layer=5 stage=conv seq_len=1 start_pos=64 elapsed_ms=0.073
kiln_profile_gdn_stage layer=5 stage=qkv_split seq_len=1 start_pos=64 elapsed_ms=0.000
kiln_profile_gdn_stage layer=5 stage=qk_norm seq_len=1 start_pos=64 elapsed_ms=0.011
kiln_profile_gdn_stage layer=5 stage=gates seq_len=1 start_pos=64 elapsed_ms=0.155
kiln_profile_gdn_stage layer=5 stage=recurrent seq_len=1 start_pos=64 elapsed_ms=0.597
kiln_profile_gdn_stage layer=5 stage=post_transpose seq_len=1 start_pos=64 elapsed_ms=0.000
kiln_profile_gdn_stage layer=5 stage=gated_norm seq_len=1 start_pos=64 elapsed_ms=0.257
kiln_profile_gdn_stage layer=5 stage=out_proj seq_len=1 start_pos=64 elapsed_ms=0.320
kiln_profile_mlp_stage layer=5 stage=fused seq_len=1 start_pos=64 elapsed_ms=0.885
kiln_profile_paged_layer layer=5 kind=linear seq_len=1 start_pos=64 elapsed_ms=3.079
kiln_profile_gdn_stage layer=6 stage=in_proj seq_len=1 start_pos=64 elapsed_ms=0.692
kiln_profile_gdn_stage layer=6 stage=conv seq_len=1 start_pos=64 elapsed_ms=0.075
kiln_profile_gdn_stage layer=6 stage=qkv_split seq_len=1 start_pos=64 elapsed_ms=0.000
kiln_profile_gdn_stage layer=6 stage=qk_norm seq_len=1 start_pos=64 elapsed_ms=0.011
kiln_profile_gdn_stage layer=6 stage=gates seq_len=1 start_pos=64 elapsed_ms=0.156
kiln_profile_gdn_stage layer=6 stage=recurrent seq_len=1 start_pos=64 elapsed_ms=0.527
kiln_profile_gdn_stage layer=6 stage=post_transpose seq_len=1 start_pos=64 elapsed_ms=0.000
kiln_profile_gdn_stage layer=6 stage=gated_norm seq_len=1 start_pos=64 elapsed_ms=0.213
kiln_profile_gdn_stage layer=6 stage=out_proj seq_len=1 start_pos=64 elapsed_ms=0.330
kiln_profile_mlp_stage layer=6 stage=fused seq_len=1 start_pos=64 elapsed_ms=0.946
kiln_profile_paged_layer layer=6 kind=linear seq_len=1 start_pos=64 elapsed_ms=2.992
kiln_profile_full_attn_stage full_attn_layer=1 stage=qkv_proj seq_len=1 start_pos=64 elapsed_ms=0.602
kiln_profile_full_attn_stage full_attn_layer=1 stage=qkv_split seq_len=1 start_pos=64 elapsed_ms=0.002
kiln_profile_full_attn_stage full_attn_layer=1 stage=qk_norm seq_len=1 start_pos=64 elapsed_ms=0.014
kiln_profile_full_attn_stage full_attn_layer=1 stage=rope seq_len=1 start_pos=64 elapsed_ms=0.021
kiln_profile_full_attn_stage full_attn_layer=1 stage=q_transpose seq_len=1 start_pos=64 elapsed_ms=0.003
kiln_profile_full_attn_stage full_attn_layer=1 stage=kv_write seq_len=1 start_pos=64 elapsed_ms=0.007
kiln_profile_full_attn_stage full_attn_layer=1 stage=kv_read seq_len=1 start_pos=64 elapsed_ms=0.041
kiln_profile_full_attn_stage full_attn_layer=1 stage=decode_group_layout seq_len=1 start_pos=64 elapsed_ms=0.001
kiln_profile_full_attn_stage full_attn_layer=1 stage=decode_scores seq_len=1 start_pos=64 elapsed_ms=0.103
kiln_profile_full_attn_stage full_attn_layer=1 stage=decode_softmax seq_len=1 start_pos=64 elapsed_ms=0.006
kiln_profile_full_attn_stage full_attn_layer=1 stage=decode_weighted_sum seq_len=1 start_pos=64 elapsed_ms=0.026
kiln_profile_full_attn_stage full_attn_layer=1 stage=attn_gate seq_len=1 start_pos=64 elapsed_ms=0.007
kiln_profile_full_attn_stage full_attn_layer=1 stage=o_proj seq_len=1 start_pos=64 elapsed_ms=0.265
kiln_profile_mlp_stage layer=7 stage=fused seq_len=1 start_pos=64 elapsed_ms=0.923
kiln_profile_paged_layer layer=7 kind=full seq_len=1 start_pos=64 elapsed_ms=2.073
kiln_profile_gdn_stage layer=8 stage=in_proj seq_len=1 start_pos=64 elapsed_ms=0.690
kiln_profile_gdn_stage layer=8 stage=conv seq_len=1 start_pos=64 elapsed_ms=0.078
kiln_profile_gdn_stage layer=8 stage=qkv_split seq_len=1 start_pos=64 elapsed_ms=0.000
kiln_profile_gdn_stage layer=8 stage=qk_norm seq_len=1 start_pos=64 elapsed_ms=0.011
kiln_profile_gdn_stage layer=8 stage=gates seq_len=1 start_pos=64 elapsed_ms=0.167
kiln_profile_gdn_stage layer=8 stage=recurrent seq_len=1 start_pos=64 elapsed_ms=0.534
kiln_profile_gdn_stage layer=8 stage=post_transpose seq_len=1 start_pos=64 elapsed_ms=0.000
kiln_profile_gdn_stage layer=8 stage=gated_norm seq_len=1 start_pos=64 elapsed_ms=0.236
kiln_profile_gdn_stage layer=8 stage=out_proj seq_len=1 start_pos=64 elapsed_ms=0.301
kiln_profile_mlp_stage layer=8 stage=fused seq_len=1 start_pos=64 elapsed_ms=0.912
kiln_profile_paged_layer layer=8 kind=linear seq_len=1 start_pos=64 elapsed_ms=2.970
kiln_profile_gdn_stage layer=9 stage=in_proj seq_len=1 start_pos=64 elapsed_ms=0.593
kiln_profile_gdn_stage layer=9 stage=conv seq_len=1 start_pos=64 elapsed_ms=0.075
kiln_profile_gdn_stage layer=9 stage=qkv_split seq_len=1 start_pos=64 elapsed_ms=0.000
kiln_profile_gdn_stage layer=9 stage=qk_norm seq_len=1 start_pos=64 elapsed_ms=0.011
kiln_profile_gdn_stage layer=9 stage=gates seq_len=1 start_pos=64 elapsed_ms=0.157
kiln_profile_gdn_stage layer=9 stage=recurrent seq_len=1 start_pos=64 elapsed_ms=0.557
kiln_profile_gdn_stage layer=9 stage=post_transpose seq_len=1 start_pos=64 elapsed_ms=0.000
kiln_profile_gdn_stage layer=9 stage=gated_norm seq_len=1 start_pos=64 elapsed_ms=0.194
kiln_profile_gdn_stage layer=9 stage=out_proj seq_len=1 start_pos=64 elapsed_ms=0.249
kiln_profile_mlp_stage layer=9 stage=fused seq_len=1 start_pos=64 elapsed_ms=0.904
kiln_profile_paged_layer layer=9 kind=linear seq_len=1 start_pos=64 elapsed_ms=2.785
kiln_profile_gdn_stage layer=10 stage=in_proj seq_len=1 start_pos=64 elapsed_ms=0.565
kiln_profile_gdn_stage layer=10 stage=conv seq_len=1 start_pos=64 elapsed_ms=0.079
kiln_profile_gdn_stage layer=10 stage=qkv_split seq_len=1 start_pos=64 elapsed_ms=0.000
kiln_profile_gdn_stage layer=10 stage=qk_norm seq_len=1 start_pos=64 elapsed_ms=0.012
kiln_profile_gdn_stage layer=10 stage=gates seq_len=1 start_pos=64 elapsed_ms=0.185
kiln_profile_gdn_stage layer=10 stage=recurrent seq_len=1 start_pos=64 elapsed_ms=0.588
kiln_profile_gdn_stage layer=10 stage=post_transpose seq_len=1 start_pos=64 elapsed_ms=0.000
kiln_profile_gdn_stage layer=10 stage=gated_norm seq_len=1 start_pos=64 elapsed_ms=0.194
kiln_profile_gdn_stage layer=10 stage=out_proj seq_len=1 start_pos=64 elapsed_ms=0.281
kiln_profile_mlp_stage layer=10 stage=fused seq_len=1 start_pos=64 elapsed_ms=0.931
kiln_profile_paged_layer layer=10 kind=linear seq_len=1 start_pos=64 elapsed_ms=2.877
kiln_profile_full_attn_stage full_attn_layer=2 stage=qkv_proj seq_len=1 start_pos=64 elapsed_ms=0.588
kiln_profile_full_attn_stage full_attn_layer=2 stage=qkv_split seq_len=1 start_pos=64 elapsed_ms=0.002
kiln_profile_full_attn_stage full_attn_layer=2 stage=qk_norm seq_len=1 start_pos=64 elapsed_ms=0.014
kiln_profile_full_attn_stage full_attn_layer=2 stage=rope seq_len=1 start_pos=64 elapsed_ms=0.021
kiln_profile_full_attn_stage full_attn_layer=2 stage=q_transpose seq_len=1 start_pos=64 elapsed_ms=0.003
kiln_profile_full_attn_stage full_attn_layer=2 stage=kv_write seq_len=1 start_pos=64 elapsed_ms=0.008
kiln_profile_full_attn_stage full_attn_layer=2 stage=kv_read seq_len=1 start_pos=64 elapsed_ms=0.043
kiln_profile_full_attn_stage full_attn_layer=2 stage=decode_group_layout seq_len=1 start_pos=64 elapsed_ms=0.001
kiln_profile_full_attn_stage full_attn_layer=2 stage=decode_scores seq_len=1 start_pos=64 elapsed_ms=0.106
kiln_profile_full_attn_stage full_attn_layer=2 stage=decode_softmax seq_len=1 start_pos=64 elapsed_ms=0.006
kiln_profile_full_attn_stage full_attn_layer=2 stage=decode_weighted_sum seq_len=1 start_pos=64 elapsed_ms=0.025
kiln_profile_full_attn_stage full_attn_layer=2 stage=attn_gate seq_len=1 start_pos=64 elapsed_ms=0.008
kiln_profile_full_attn_stage full_attn_layer=2 stage=o_proj seq_len=1 start_pos=64 elapsed_ms=0.268
kiln_profile_mlp_stage layer=11 stage=fused seq_len=1 start_pos=64 elapsed_ms=0.914
kiln_profile_paged_layer layer=11 kind=full seq_len=1 start_pos=64 elapsed_ms=2.061
kiln_profile_gdn_stage layer=12 stage=in_proj seq_len=1 start_pos=64 elapsed_ms=0.687
kiln_profile_gdn_stage layer=12 stage=conv seq_len=1 start_pos=64 elapsed_ms=0.080
kiln_profile_gdn_stage layer=12 stage=qkv_split seq_len=1 start_pos=64 elapsed_ms=0.000
kiln_profile_gdn_stage layer=12 stage=qk_norm seq_len=1 start_pos=64 elapsed_ms=0.011
kiln_profile_gdn_stage layer=12 stage=gates seq_len=1 start_pos=64 elapsed_ms=0.166
kiln_profile_gdn_stage layer=12 stage=recurrent seq_len=1 start_pos=64 elapsed_ms=0.494
kiln_profile_gdn_stage layer=12 stage=post_transpose seq_len=1 start_pos=64 elapsed_ms=0.000
kiln_profile_gdn_stage layer=12 stage=gated_norm seq_len=1 start_pos=64 elapsed_ms=0.197
kiln_profile_gdn_stage layer=12 stage=out_proj seq_len=1 start_pos=64 elapsed_ms=0.252
kiln_profile_mlp_stage layer=12 stage=fused seq_len=1 start_pos=64 elapsed_ms=0.901
kiln_profile_paged_layer layer=12 kind=linear seq_len=1 start_pos=64 elapsed_ms=2.831
kiln_profile_gdn_stage layer=13 stage=in_proj seq_len=1 start_pos=64 elapsed_ms=0.708
kiln_profile_gdn_stage layer=13 stage=conv seq_len=1 start_pos=64 elapsed_ms=0.074
kiln_profile_gdn_stage layer=13 stage=qkv_split seq_len=1 start_pos=64 elapsed_ms=0.000
kiln_profile_gdn_stage layer=13 stage=qk_norm seq_len=1 start_pos=64 elapsed_ms=0.011
kiln_profile_gdn_stage layer=13 stage=gates seq_len=1 start_pos=64 elapsed_ms=0.545
kiln_profile_gdn_stage layer=13 stage=recurrent seq_len=1 start_pos=64 elapsed_ms=0.485
kiln_profile_gdn_stage layer=13 stage=post_transpose seq_len=1 start_pos=64 elapsed_ms=0.000
kiln_profile_gdn_stage layer=13 stage=gated_norm seq_len=1 start_pos=64 elapsed_ms=0.201
kiln_profile_gdn_stage layer=13 stage=out_proj seq_len=1 start_pos=64 elapsed_ms=0.250
kiln_profile_mlp_stage layer=13 stage=fused seq_len=1 start_pos=64 elapsed_ms=0.893
kiln_profile_paged_layer layer=13 kind=linear seq_len=1 start_pos=64 elapsed_ms=3.212
kiln_profile_gdn_stage layer=14 stage=in_proj seq_len=1 start_pos=64 elapsed_ms=0.683
kiln_profile_gdn_stage layer=14 stage=conv seq_len=1 start_pos=64 elapsed_ms=0.073
kiln_profile_gdn_stage layer=14 stage=qkv_split seq_len=1 start_pos=64 elapsed_ms=0.000
kiln_profile_gdn_stage layer=14 stage=qk_norm seq_len=1 start_pos=64 elapsed_ms=0.011
kiln_profile_gdn_stage layer=14 stage=gates seq_len=1 start_pos=64 elapsed_ms=0.163
kiln_profile_gdn_stage layer=14 stage=recurrent seq_len=1 start_pos=64 elapsed_ms=0.520
kiln_profile_gdn_stage layer=14 stage=post_transpose seq_len=1 start_pos=64 elapsed_ms=0.000
kiln_profile_gdn_stage layer=14 stage=gated_norm seq_len=1 start_pos=64 elapsed_ms=0.192
kiln_profile_gdn_stage layer=14 stage=out_proj seq_len=1 start_pos=64 elapsed_ms=0.284
kiln_profile_mlp_stage layer=14 stage=fused seq_len=1 start_pos=64 elapsed_ms=0.973
kiln_profile_paged_layer layer=14 kind=linear seq_len=1 start_pos=64 elapsed_ms=2.941
kiln_profile_full_attn_stage full_attn_layer=3 stage=qkv_proj seq_len=1 start_pos=64 elapsed_ms=0.584
kiln_profile_full_attn_stage full_attn_layer=3 stage=qkv_split seq_len=1 start_pos=64 elapsed_ms=0.002
kiln_profile_full_attn_stage full_attn_layer=3 stage=qk_norm seq_len=1 start_pos=64 elapsed_ms=0.015
kiln_profile_full_attn_stage full_attn_layer=3 stage=rope seq_len=1 start_pos=64 elapsed_ms=0.020
kiln_profile_full_attn_stage full_attn_layer=3 stage=q_transpose seq_len=1 start_pos=64 elapsed_ms=0.003
kiln_profile_full_attn_stage full_attn_layer=3 stage=kv_write seq_len=1 start_pos=64 elapsed_ms=0.006
kiln_profile_full_attn_stage full_attn_layer=3 stage=kv_read seq_len=1 start_pos=64 elapsed_ms=0.044
kiln_profile_full_attn_stage full_attn_layer=3 stage=decode_group_layout seq_len=1 start_pos=64 elapsed_ms=0.001
kiln_profile_full_attn_stage full_attn_layer=3 stage=decode_scores seq_len=1 start_pos=64 elapsed_ms=0.109
kiln_profile_full_attn_stage full_attn_layer=3 stage=decode_softmax seq_len=1 start_pos=64 elapsed_ms=0.005
kiln_profile_full_attn_stage full_attn_layer=3 stage=decode_weighted_sum seq_len=1 start_pos=64 elapsed_ms=0.026
kiln_profile_full_attn_stage full_attn_layer=3 stage=attn_gate seq_len=1 start_pos=64 elapsed_ms=0.008
kiln_profile_full_attn_stage full_attn_layer=3 stage=o_proj seq_len=1 start_pos=64 elapsed_ms=0.256
kiln_profile_mlp_stage layer=15 stage=fused seq_len=1 start_pos=64 elapsed_ms=1.080
kiln_profile_paged_layer layer=15 kind=full seq_len=1 start_pos=64 elapsed_ms=2.212
kiln_profile_gdn_stage layer=16 stage=in_proj seq_len=1 start_pos=64 elapsed_ms=0.744
kiln_profile_gdn_stage layer=16 stage=conv seq_len=1 start_pos=64 elapsed_ms=0.082
kiln_profile_gdn_stage layer=16 stage=qkv_split seq_len=1 start_pos=64 elapsed_ms=0.001
kiln_profile_gdn_stage layer=16 stage=qk_norm seq_len=1 start_pos=64 elapsed_ms=0.011
kiln_profile_gdn_stage layer=16 stage=gates seq_len=1 start_pos=64 elapsed_ms=0.171
kiln_profile_gdn_stage layer=16 stage=recurrent seq_len=1 start_pos=64 elapsed_ms=0.494
kiln_profile_gdn_stage layer=16 stage=post_transpose seq_len=1 start_pos=64 elapsed_ms=0.000
kiln_profile_gdn_stage layer=16 stage=gated_norm seq_len=1 start_pos=64 elapsed_ms=0.178
kiln_profile_gdn_stage layer=16 stage=out_proj seq_len=1 start_pos=64 elapsed_ms=0.253
kiln_profile_mlp_stage layer=16 stage=fused seq_len=1 start_pos=64 elapsed_ms=0.982
kiln_profile_paged_layer layer=16 kind=linear seq_len=1 start_pos=64 elapsed_ms=2.960
kiln_profile_gdn_stage layer=17 stage=in_proj seq_len=1 start_pos=64 elapsed_ms=0.750
kiln_profile_gdn_stage layer=17 stage=conv seq_len=1 start_pos=64 elapsed_ms=0.075
kiln_profile_gdn_stage layer=17 stage=qkv_split seq_len=1 start_pos=64 elapsed_ms=0.000
kiln_profile_gdn_stage layer=17 stage=qk_norm seq_len=1 start_pos=64 elapsed_ms=0.011
kiln_profile_gdn_stage layer=17 stage=gates seq_len=1 start_pos=64 elapsed_ms=0.148
kiln_profile_gdn_stage layer=17 stage=recurrent seq_len=1 start_pos=64 elapsed_ms=0.485
kiln_profile_gdn_stage layer=17 stage=post_transpose seq_len=1 start_pos=64 elapsed_ms=0.000
kiln_profile_gdn_stage layer=17 stage=gated_norm seq_len=1 start_pos=64 elapsed_ms=0.468
kiln_profile_gdn_stage layer=17 stage=out_proj seq_len=1 start_pos=64 elapsed_ms=0.249
kiln_profile_mlp_stage layer=17 stage=fused seq_len=1 start_pos=64 elapsed_ms=0.889
kiln_profile_paged_layer layer=17 kind=linear seq_len=1 start_pos=64 elapsed_ms=3.117
kiln_profile_gdn_stage layer=18 stage=in_proj seq_len=1 start_pos=64 elapsed_ms=0.680
kiln_profile_gdn_stage layer=18 stage=conv seq_len=1 start_pos=64 elapsed_ms=0.077
kiln_profile_gdn_stage layer=18 stage=qkv_split seq_len=1 start_pos=64 elapsed_ms=0.000
kiln_profile_gdn_stage layer=18 stage=qk_norm seq_len=1 start_pos=64 elapsed_ms=0.011
kiln_profile_gdn_stage layer=18 stage=gates seq_len=1 start_pos=64 elapsed_ms=0.157
kiln_profile_gdn_stage layer=18 stage=recurrent seq_len=1 start_pos=64 elapsed_ms=0.486
kiln_profile_gdn_stage layer=18 stage=post_transpose seq_len=1 start_pos=64 elapsed_ms=0.000
kiln_profile_gdn_stage layer=18 stage=gated_norm seq_len=1 start_pos=64 elapsed_ms=0.178
kiln_profile_gdn_stage layer=18 stage=out_proj seq_len=1 start_pos=64 elapsed_ms=0.279
kiln_profile_mlp_stage layer=18 stage=fused seq_len=1 start_pos=64 elapsed_ms=0.935
kiln_profile_paged_layer layer=18 kind=linear seq_len=1 start_pos=64 elapsed_ms=2.847
kiln_profile_full_attn_stage full_attn_layer=4 stage=qkv_proj seq_len=1 start_pos=64 elapsed_ms=0.591
kiln_profile_full_attn_stage full_attn_layer=4 stage=qkv_split seq_len=1 start_pos=64 elapsed_ms=0.002
kiln_profile_full_attn_stage full_attn_layer=4 stage=qk_norm seq_len=1 start_pos=64 elapsed_ms=0.014
kiln_profile_full_attn_stage full_attn_layer=4 stage=rope seq_len=1 start_pos=64 elapsed_ms=0.020
kiln_profile_full_attn_stage full_attn_layer=4 stage=q_transpose seq_len=1 start_pos=64 elapsed_ms=0.003
kiln_profile_full_attn_stage full_attn_layer=4 stage=kv_write seq_len=1 start_pos=64 elapsed_ms=0.007
kiln_profile_full_attn_stage full_attn_layer=4 stage=kv_read seq_len=1 start_pos=64 elapsed_ms=0.042
kiln_profile_full_attn_stage full_attn_layer=4 stage=decode_group_layout seq_len=1 start_pos=64 elapsed_ms=0.001
kiln_profile_full_attn_stage full_attn_layer=4 stage=decode_scores seq_len=1 start_pos=64 elapsed_ms=0.103
kiln_profile_full_attn_stage full_attn_layer=4 stage=decode_softmax seq_len=1 start_pos=64 elapsed_ms=0.006
kiln_profile_full_attn_stage full_attn_layer=4 stage=decode_weighted_sum seq_len=1 start_pos=64 elapsed_ms=0.027
kiln_profile_full_attn_stage full_attn_layer=4 stage=attn_gate seq_len=1 start_pos=64 elapsed_ms=0.008
kiln_profile_full_attn_stage full_attn_layer=4 stage=o_proj seq_len=1 start_pos=64 elapsed_ms=0.268
kiln_profile_mlp_stage layer=19 stage=fused seq_len=1 start_pos=64 elapsed_ms=0.918
kiln_profile_paged_layer layer=19 kind=full seq_len=1 start_pos=64 elapsed_ms=2.062
kiln_profile_gdn_stage layer=20 stage=in_proj seq_len=1 start_pos=64 elapsed_ms=0.838
kiln_profile_gdn_stage layer=20 stage=conv seq_len=1 start_pos=64 elapsed_ms=0.074
kiln_profile_gdn_stage layer=20 stage=qkv_split seq_len=1 start_pos=64 elapsed_ms=0.000
kiln_profile_gdn_stage layer=20 stage=qk_norm seq_len=1 start_pos=64 elapsed_ms=0.015
kiln_profile_gdn_stage layer=20 stage=gates seq_len=1 start_pos=64 elapsed_ms=0.153
kiln_profile_gdn_stage layer=20 stage=recurrent seq_len=1 start_pos=64 elapsed_ms=0.487
kiln_profile_gdn_stage layer=20 stage=post_transpose seq_len=1 start_pos=64 elapsed_ms=0.000
kiln_profile_gdn_stage layer=20 stage=gated_norm seq_len=1 start_pos=64 elapsed_ms=0.189
kiln_profile_gdn_stage layer=20 stage=out_proj seq_len=1 start_pos=64 elapsed_ms=0.249
kiln_profile_mlp_stage layer=20 stage=fused seq_len=1 start_pos=64 elapsed_ms=0.912
kiln_profile_paged_layer layer=20 kind=linear seq_len=1 start_pos=64 elapsed_ms=2.958
kiln_profile_gdn_stage layer=21 stage=in_proj seq_len=1 start_pos=64 elapsed_ms=0.685
kiln_profile_gdn_stage layer=21 stage=conv seq_len=1 start_pos=64 elapsed_ms=0.075
kiln_profile_gdn_stage layer=21 stage=qkv_split seq_len=1 start_pos=64 elapsed_ms=0.000
kiln_profile_gdn_stage layer=21 stage=qk_norm seq_len=1 start_pos=64 elapsed_ms=0.011
kiln_profile_gdn_stage layer=21 stage=gates seq_len=1 start_pos=64 elapsed_ms=0.151
kiln_profile_gdn_stage layer=21 stage=recurrent seq_len=1 start_pos=64 elapsed_ms=0.484
kiln_profile_gdn_stage layer=21 stage=post_transpose seq_len=1 start_pos=64 elapsed_ms=0.000
kiln_profile_gdn_stage layer=21 stage=gated_norm seq_len=1 start_pos=64 elapsed_ms=0.206
kiln_profile_gdn_stage layer=21 stage=out_proj seq_len=1 start_pos=64 elapsed_ms=0.246
kiln_profile_mlp_stage layer=21 stage=fused seq_len=1 start_pos=64 elapsed_ms=0.885
kiln_profile_paged_layer layer=21 kind=linear seq_len=1 start_pos=64 elapsed_ms=2.782
kiln_profile_gdn_stage layer=22 stage=in_proj seq_len=1 start_pos=64 elapsed_ms=0.680
kiln_profile_gdn_stage layer=22 stage=conv seq_len=1 start_pos=64 elapsed_ms=0.079
kiln_profile_gdn_stage layer=22 stage=qkv_split seq_len=1 start_pos=64 elapsed_ms=0.000
kiln_profile_gdn_stage layer=22 stage=qk_norm seq_len=1 start_pos=64 elapsed_ms=0.018
kiln_profile_gdn_stage layer=22 stage=gates seq_len=1 start_pos=64 elapsed_ms=0.155
kiln_profile_gdn_stage layer=22 stage=recurrent seq_len=1 start_pos=64 elapsed_ms=0.515
kiln_profile_gdn_stage layer=22 stage=post_transpose seq_len=1 start_pos=64 elapsed_ms=0.000
kiln_profile_gdn_stage layer=22 stage=gated_norm seq_len=1 start_pos=64 elapsed_ms=0.188
kiln_profile_gdn_stage layer=22 stage=out_proj seq_len=1 start_pos=64 elapsed_ms=0.268
kiln_profile_mlp_stage layer=22 stage=fused seq_len=1 start_pos=64 elapsed_ms=0.937
kiln_profile_paged_layer layer=22 kind=linear seq_len=1 start_pos=64 elapsed_ms=2.883
kiln_profile_full_attn_stage full_attn_layer=5 stage=qkv_proj seq_len=1 start_pos=64 elapsed_ms=0.640
kiln_profile_full_attn_stage full_attn_layer=5 stage=qkv_split seq_len=1 start_pos=64 elapsed_ms=0.002
kiln_profile_full_attn_stage full_attn_layer=5 stage=qk_norm seq_len=1 start_pos=64 elapsed_ms=0.014
kiln_profile_full_attn_stage full_attn_layer=5 stage=rope seq_len=1 start_pos=64 elapsed_ms=0.020
kiln_profile_full_attn_stage full_attn_layer=5 stage=q_transpose seq_len=1 start_pos=64 elapsed_ms=0.003
kiln_profile_full_attn_stage full_attn_layer=5 stage=kv_write seq_len=1 start_pos=64 elapsed_ms=0.006
kiln_profile_full_attn_stage full_attn_layer=5 stage=kv_read seq_len=1 start_pos=64 elapsed_ms=0.041
kiln_profile_full_attn_stage full_attn_layer=5 stage=decode_group_layout seq_len=1 start_pos=64 elapsed_ms=0.001
kiln_profile_full_attn_stage full_attn_layer=5 stage=decode_scores seq_len=1 start_pos=64 elapsed_ms=0.102
kiln_profile_full_attn_stage full_attn_layer=5 stage=decode_softmax seq_len=1 start_pos=64 elapsed_ms=0.006
kiln_profile_full_attn_stage full_attn_layer=5 stage=decode_weighted_sum seq_len=1 start_pos=64 elapsed_ms=0.029
kiln_profile_full_attn_stage full_attn_layer=5 stage=attn_gate seq_len=1 start_pos=64 elapsed_ms=0.008
kiln_profile_full_attn_stage full_attn_layer=5 stage=o_proj seq_len=1 start_pos=64 elapsed_ms=0.258
kiln_profile_mlp_stage layer=23 stage=fused seq_len=1 start_pos=64 elapsed_ms=0.916
kiln_profile_paged_layer layer=23 kind=full seq_len=1 start_pos=64 elapsed_ms=2.097
kiln_profile_gdn_stage layer=24 stage=in_proj seq_len=1 start_pos=64 elapsed_ms=0.715
kiln_profile_gdn_stage layer=24 stage=conv seq_len=1 start_pos=64 elapsed_ms=0.084
kiln_profile_gdn_stage layer=24 stage=qkv_split seq_len=1 start_pos=64 elapsed_ms=0.000
kiln_profile_gdn_stage layer=24 stage=qk_norm seq_len=1 start_pos=64 elapsed_ms=0.016
kiln_profile_gdn_stage layer=24 stage=gates seq_len=1 start_pos=64 elapsed_ms=0.152
kiln_profile_gdn_stage layer=24 stage=recurrent seq_len=1 start_pos=64 elapsed_ms=0.483
kiln_profile_gdn_stage layer=24 stage=post_transpose seq_len=1 start_pos=64 elapsed_ms=0.000
kiln_profile_gdn_stage layer=24 stage=gated_norm seq_len=1 start_pos=64 elapsed_ms=0.193
kiln_profile_gdn_stage layer=24 stage=out_proj seq_len=1 start_pos=64 elapsed_ms=0.258
kiln_profile_mlp_stage layer=24 stage=fused seq_len=1 start_pos=64 elapsed_ms=0.921
kiln_profile_paged_layer layer=24 kind=linear seq_len=1 start_pos=64 elapsed_ms=2.866
kiln_profile_gdn_stage layer=25 stage=in_proj seq_len=1 start_pos=64 elapsed_ms=0.704
kiln_profile_gdn_stage layer=25 stage=conv seq_len=1 start_pos=64 elapsed_ms=0.079
kiln_profile_gdn_stage layer=25 stage=qkv_split seq_len=1 start_pos=64 elapsed_ms=0.000
kiln_profile_gdn_stage layer=25 stage=qk_norm seq_len=1 start_pos=64 elapsed_ms=0.015
kiln_profile_gdn_stage layer=25 stage=gates seq_len=1 start_pos=64 elapsed_ms=0.181
kiln_profile_gdn_stage layer=25 stage=recurrent seq_len=1 start_pos=64 elapsed_ms=0.491
kiln_profile_gdn_stage layer=25 stage=post_transpose seq_len=1 start_pos=64 elapsed_ms=0.000
kiln_profile_gdn_stage layer=25 stage=gated_norm seq_len=1 start_pos=64 elapsed_ms=0.186
kiln_profile_gdn_stage layer=25 stage=out_proj seq_len=1 start_pos=64 elapsed_ms=0.248
kiln_profile_mlp_stage layer=25 stage=fused seq_len=1 start_pos=64 elapsed_ms=0.896
kiln_profile_paged_layer layer=25 kind=linear seq_len=1 start_pos=64 elapsed_ms=2.844
kiln_profile_gdn_stage layer=26 stage=in_proj seq_len=1 start_pos=64 elapsed_ms=0.677
kiln_profile_gdn_stage layer=26 stage=conv seq_len=1 start_pos=64 elapsed_ms=0.073
kiln_profile_gdn_stage layer=26 stage=qkv_split seq_len=1 start_pos=64 elapsed_ms=0.000
kiln_profile_gdn_stage layer=26 stage=qk_norm seq_len=1 start_pos=64 elapsed_ms=0.016
kiln_profile_gdn_stage layer=26 stage=gates seq_len=1 start_pos=64 elapsed_ms=0.154
kiln_profile_gdn_stage layer=26 stage=recurrent seq_len=1 start_pos=64 elapsed_ms=0.491
kiln_profile_gdn_stage layer=26 stage=post_transpose seq_len=1 start_pos=64 elapsed_ms=0.000
kiln_profile_gdn_stage layer=26 stage=gated_norm seq_len=1 start_pos=64 elapsed_ms=0.191
kiln_profile_gdn_stage layer=26 stage=out_proj seq_len=1 start_pos=64 elapsed_ms=0.279
kiln_profile_mlp_stage layer=26 stage=fused seq_len=1 start_pos=64 elapsed_ms=0.938
kiln_profile_paged_layer layer=26 kind=linear seq_len=1 start_pos=64 elapsed_ms=2.860
kiln_profile_full_attn_stage full_attn_layer=6 stage=qkv_proj seq_len=1 start_pos=64 elapsed_ms=0.588
kiln_profile_full_attn_stage full_attn_layer=6 stage=qkv_split seq_len=1 start_pos=64 elapsed_ms=0.002
kiln_profile_full_attn_stage full_attn_layer=6 stage=qk_norm seq_len=1 start_pos=64 elapsed_ms=0.014
kiln_profile_full_attn_stage full_attn_layer=6 stage=rope seq_len=1 start_pos=64 elapsed_ms=0.020
kiln_profile_full_attn_stage full_attn_layer=6 stage=q_transpose seq_len=1 start_pos=64 elapsed_ms=0.003
kiln_profile_full_attn_stage full_attn_layer=6 stage=kv_write seq_len=1 start_pos=64 elapsed_ms=0.007
kiln_profile_full_attn_stage full_attn_layer=6 stage=kv_read seq_len=1 start_pos=64 elapsed_ms=0.042
kiln_profile_full_attn_stage full_attn_layer=6 stage=decode_group_layout seq_len=1 start_pos=64 elapsed_ms=0.001
kiln_profile_full_attn_stage full_attn_layer=6 stage=decode_scores seq_len=1 start_pos=64 elapsed_ms=0.104
kiln_profile_full_attn_stage full_attn_layer=6 stage=decode_softmax seq_len=1 start_pos=64 elapsed_ms=0.005
kiln_profile_full_attn_stage full_attn_layer=6 stage=decode_weighted_sum seq_len=1 start_pos=64 elapsed_ms=0.027
kiln_profile_full_attn_stage full_attn_layer=6 stage=attn_gate seq_len=1 start_pos=64 elapsed_ms=0.007
kiln_profile_full_attn_stage full_attn_layer=6 stage=o_proj seq_len=1 start_pos=64 elapsed_ms=0.268
kiln_profile_mlp_stage layer=27 stage=fused seq_len=1 start_pos=64 elapsed_ms=0.924
kiln_profile_paged_layer layer=27 kind=full seq_len=1 start_pos=64 elapsed_ms=2.065
kiln_profile_gdn_stage layer=28 stage=in_proj seq_len=1 start_pos=64 elapsed_ms=0.706
kiln_profile_gdn_stage layer=28 stage=conv seq_len=1 start_pos=64 elapsed_ms=0.081
kiln_profile_gdn_stage layer=28 stage=qkv_split seq_len=1 start_pos=64 elapsed_ms=0.000
kiln_profile_gdn_stage layer=28 stage=qk_norm seq_len=1 start_pos=64 elapsed_ms=0.014
kiln_profile_gdn_stage layer=28 stage=gates seq_len=1 start_pos=64 elapsed_ms=0.152
kiln_profile_gdn_stage layer=28 stage=recurrent seq_len=1 start_pos=64 elapsed_ms=0.502
kiln_profile_gdn_stage layer=28 stage=post_transpose seq_len=1 start_pos=64 elapsed_ms=0.000
kiln_profile_gdn_stage layer=28 stage=gated_norm seq_len=1 start_pos=64 elapsed_ms=0.191
kiln_profile_gdn_stage layer=28 stage=out_proj seq_len=1 start_pos=64 elapsed_ms=0.250
kiln_profile_mlp_stage layer=28 stage=fused seq_len=1 start_pos=64 elapsed_ms=0.928
kiln_profile_paged_layer layer=28 kind=linear seq_len=1 start_pos=64 elapsed_ms=2.869
kiln_profile_gdn_stage layer=29 stage=in_proj seq_len=1 start_pos=64 elapsed_ms=0.721
kiln_profile_gdn_stage layer=29 stage=conv seq_len=1 start_pos=64 elapsed_ms=0.079
kiln_profile_gdn_stage layer=29 stage=qkv_split seq_len=1 start_pos=64 elapsed_ms=0.000
kiln_profile_gdn_stage layer=29 stage=qk_norm seq_len=1 start_pos=64 elapsed_ms=0.015
kiln_profile_gdn_stage layer=29 stage=gates seq_len=1 start_pos=64 elapsed_ms=0.165
kiln_profile_gdn_stage layer=29 stage=recurrent seq_len=1 start_pos=64 elapsed_ms=0.494
kiln_profile_gdn_stage layer=29 stage=post_transpose seq_len=1 start_pos=64 elapsed_ms=0.000
kiln_profile_gdn_stage layer=29 stage=gated_norm seq_len=1 start_pos=64 elapsed_ms=0.195
kiln_profile_gdn_stage layer=29 stage=out_proj seq_len=1 start_pos=64 elapsed_ms=0.255
kiln_profile_mlp_stage layer=29 stage=fused seq_len=1 start_pos=64 elapsed_ms=0.902
kiln_profile_paged_layer layer=29 kind=linear seq_len=1 start_pos=64 elapsed_ms=2.867
kiln_profile_gdn_stage layer=30 stage=in_proj seq_len=1 start_pos=64 elapsed_ms=0.686
kiln_profile_gdn_stage layer=30 stage=conv seq_len=1 start_pos=64 elapsed_ms=0.089
kiln_profile_gdn_stage layer=30 stage=qkv_split seq_len=1 start_pos=64 elapsed_ms=0.000
kiln_profile_gdn_stage layer=30 stage=qk_norm seq_len=1 start_pos=64 elapsed_ms=0.017
kiln_profile_gdn_stage layer=30 stage=gates seq_len=1 start_pos=64 elapsed_ms=0.177
kiln_profile_gdn_stage layer=30 stage=recurrent seq_len=1 start_pos=64 elapsed_ms=0.504
kiln_profile_gdn_stage layer=30 stage=post_transpose seq_len=1 start_pos=64 elapsed_ms=0.000
kiln_profile_gdn_stage layer=30 stage=gated_norm seq_len=1 start_pos=64 elapsed_ms=0.201
kiln_profile_gdn_stage layer=30 stage=out_proj seq_len=1 start_pos=64 elapsed_ms=0.277
kiln_profile_mlp_stage layer=30 stage=fused seq_len=1 start_pos=64 elapsed_ms=0.956
kiln_profile_paged_layer layer=30 kind=linear seq_len=1 start_pos=64 elapsed_ms=2.950
kiln_profile_full_attn_stage full_attn_layer=7 stage=qkv_proj seq_len=1 start_pos=64 elapsed_ms=0.609
kiln_profile_full_attn_stage full_attn_layer=7 stage=qkv_split seq_len=1 start_pos=64 elapsed_ms=0.002
kiln_profile_full_attn_stage full_attn_layer=7 stage=qk_norm seq_len=1 start_pos=64 elapsed_ms=0.014
kiln_profile_full_attn_stage full_attn_layer=7 stage=rope seq_len=1 start_pos=64 elapsed_ms=0.020
kiln_profile_full_attn_stage full_attn_layer=7 stage=q_transpose seq_len=1 start_pos=64 elapsed_ms=0.003
kiln_profile_full_attn_stage full_attn_layer=7 stage=kv_write seq_len=1 start_pos=64 elapsed_ms=0.006
kiln_profile_full_attn_stage full_attn_layer=7 stage=kv_read seq_len=1 start_pos=64 elapsed_ms=0.042
kiln_profile_full_attn_stage full_attn_layer=7 stage=decode_group_layout seq_len=1 start_pos=64 elapsed_ms=0.001
kiln_profile_full_attn_stage full_attn_layer=7 stage=decode_scores seq_len=1 start_pos=64 elapsed_ms=0.102
kiln_profile_full_attn_stage full_attn_layer=7 stage=decode_softmax seq_len=1 start_pos=64 elapsed_ms=0.005
kiln_profile_full_attn_stage full_attn_layer=7 stage=decode_weighted_sum seq_len=1 start_pos=64 elapsed_ms=0.028
kiln_profile_full_attn_stage full_attn_layer=7 stage=attn_gate seq_len=1 start_pos=64 elapsed_ms=0.007
kiln_profile_full_attn_stage full_attn_layer=7 stage=o_proj seq_len=1 start_pos=64 elapsed_ms=0.321
kiln_profile_mlp_stage layer=31 stage=fused seq_len=1 start_pos=64 elapsed_ms=1.013
kiln_profile_paged_layer layer=31 kind=full seq_len=1 start_pos=64 elapsed_ms=2.230
{"timestamp":"2026-05-09T13:15:49.307735Z","level":"INFO","fields":{"message":"background inference prewarm complete","elapsed_ms":11086},"target":"kiln"}
{"timestamp":"2026-05-09T13:15:49.737762Z","level":"INFO","fields":{"message":"response","status":200,"duration_ms":0.254293},"target":"kiln_server::api","span":{"duration_ms":0.254293,"method":"GET","path":"/health","status":200,"name":"http_request"},"spans":[{"duration_ms":0.254293,"method":"GET","path":"/health","status":200,"name":"http_request"}]}
{"timestamp":"2026-05-09T13:15:49.739814Z","level":"INFO","fields":{"message":"response","status":200,"duration_ms":0.088338},"target":"kiln_server::api","span":{"duration_ms":0.088338,"method":"GET","path":"/metrics","status":200,"name":"http_request"},"spans":[{"duration_ms":0.088338,"method":"GET","path":"/metrics","status":200,"name":"http_request"}]}
{"timestamp":"2026-05-09T13:15:49.749358Z","level":"INFO","fields":{"message":"response","status":200,"duration_ms":1.426073},"target":"kiln_server::api","span":{"duration_ms":1.426073,"method":"POST","path":"/v1/chat/completions","status":200,"name":"http_request"},"spans":[{"duration_ms":1.426073,"method":"POST","path":"/v1/chat/completions","status":200,"name":"http_request"}]}
{"timestamp":"2026-05-09T13:15:49.749824Z","level":"INFO","fields":{"message":"response","status":200,"duration_ms":0.262413},"target":"kiln_server::api","span":{"duration_ms":0.262413,"method":"POST","path":"/v1/chat/completions","status":200,"name":"http_request"},"spans":[{"duration_ms":0.262413,"method":"POST","path":"/v1/chat/completions","status":200,"name":"http_request"}]}
{"timestamp":"2026-05-09T13:15:49.750187Z","level":"INFO","fields":{"message":"response","status":200,"duration_ms":0.698372},"target":"kiln_server::api","span":{"duration_ms":0.698372,"method":"POST","path":"/v1/chat/completions","status":200,"name":"http_request"},"spans":[{"duration_ms":0.698372,"method":"POST","path":"/v1/chat/completions","status":200,"name":"http_request"}]}
{"timestamp":"2026-05-09T13:15:49.750747Z","level":"INFO","fields":{"message":"response","status":200,"duration_ms":1.152541},"target":"kiln_server::api","span":{"duration_ms":1.152541,"method":"POST","path":"/v1/chat/completions","status":200,"name":"http_request"},"spans":[{"duration_ms":1.152541,"method":"POST","path":"/v1/chat/completions","status":200,"name":"http_request"}]}
{"timestamp":"2026-05-09T13:15:49.752082Z","level":"INFO","fields":{"message":"response","status":200,"duration_ms":0.642544},"target":"kiln_server::api","span":{"duration_ms":0.642544,"method":"POST","path":"/v1/chat/completions","status":200,"name":"http_request"},"spans":[{"duration_ms":0.642544,"method":"POST","path":"/v1/chat/completions","status":200,"name":"http_request"}]}
{"timestamp":"2026-05-09T13:15:49.752719Z","level":"INFO","fields":{"message":"response","status":200,"duration_ms":0.567175},"target":"kiln_server::api","span":{"duration_ms":0.567175,"method":"POST","path":"/v1/chat/completions","status":200,"name":"http_request"},"spans":[{"duration_ms":0.567175,"method":"POST","path":"/v1/chat/completions","status":200,"name":"http_request"}]}
{"timestamp":"2026-05-09T13:15:49.753481Z","level":"INFO","fields":{"message":"response","status":200,"duration_ms":0.26365299999999997},"target":"kiln_server::api","span":{"duration_ms":0.26365299999999997,"method":"POST","path":"/v1/chat/completions","status":200,"name":"http_request"},"spans":[{"duration_ms":0.26365299999999997,"method":"POST","path":"/v1/chat/completions","status":200,"name":"http_request"}]}
{"timestamp":"2026-05-09T13:15:49.753739Z","level":"INFO","fields":{"message":"response","status":200,"duration_ms":0.257353},"target":"kiln_server::api","span":{"duration_ms":0.257353,"method":"POST","path":"/v1/chat/completions","status":200,"name":"http_request"},"spans":[{"duration_ms":0.257353,"method":"POST","path":"/v1/chat/completions","status":200,"name":"http_request"}]}
kiln_profile_gdn_stage layer=0 stage=in_proj seq_len=29 start_pos=0 elapsed_ms=9.590
kiln_profile_gdn_stage layer=0 stage=conv seq_len=29 start_pos=0 elapsed_ms=4.189
kiln_profile_gdn_stage layer=0 stage=qkv_split seq_len=29 start_pos=0 elapsed_ms=0.163
kiln_profile_gdn_stage layer=0 stage=qk_norm seq_len=29 start_pos=0 elapsed_ms=0.276
kiln_profile_gdn_stage layer=0 stage=gates seq_len=29 start_pos=0 elapsed_ms=0.564
kiln_profile_gdn_stage layer=0 stage=recurrent seq_len=29 start_pos=0 elapsed_ms=4.764
kiln_profile_gdn_stage layer=0 stage=post_transpose seq_len=29 start_pos=0 elapsed_ms=0.000
kiln_profile_gdn_stage layer=0 stage=gated_norm seq_len=29 start_pos=0 elapsed_ms=2.423
kiln_profile_gdn_stage layer=0 stage=out_proj seq_len=29 start_pos=0 elapsed_ms=3.013
kiln_profile_mlp_stage layer=0 stage=fused seq_len=29 start_pos=0 elapsed_ms=11.805
kiln_profile_paged_layer layer=0 kind=linear seq_len=29 start_pos=0 elapsed_ms=37.353
kiln_profile_gdn_stage layer=1 stage=in_proj seq_len=29 start_pos=0 elapsed_ms=4.245
kiln_profile_gdn_stage layer=1 stage=conv seq_len=29 start_pos=0 elapsed_ms=3.159
kiln_profile_gdn_stage layer=1 stage=qkv_split seq_len=29 start_pos=0 elapsed_ms=0.161
kiln_profile_gdn_stage layer=1 stage=qk_norm seq_len=29 start_pos=0 elapsed_ms=0.275
kiln_profile_gdn_stage layer=1 stage=gates seq_len=29 start_pos=0 elapsed_ms=0.511
kiln_profile_gdn_stage layer=1 stage=recurrent seq_len=29 start_pos=0 elapsed_ms=3.738
kiln_profile_gdn_stage layer=1 stage=post_transpose seq_len=29 start_pos=0 elapsed_ms=0.000
kiln_profile_gdn_stage layer=1 stage=gated_norm seq_len=29 start_pos=0 elapsed_ms=2.347
kiln_profile_gdn_stage layer=1 stage=out_proj seq_len=29 start_pos=0 elapsed_ms=3.137
kiln_profile_mlp_stage layer=1 stage=fused seq_len=29 start_pos=0 elapsed_ms=10.913
kiln_profile_paged_layer layer=1 kind=linear seq_len=29 start_pos=0 elapsed_ms=28.886
kiln_profile_gdn_stage layer=2 stage=in_proj seq_len=29 start_pos=0 elapsed_ms=3.966
kiln_profile_gdn_stage layer=2 stage=conv seq_len=29 start_pos=0 elapsed_ms=3.979
kiln_profile_gdn_stage layer=2 stage=qkv_split seq_len=29 start_pos=0 elapsed_ms=0.159
kiln_profile_gdn_stage layer=2 stage=qk_norm seq_len=29 start_pos=0 elapsed_ms=0.271
kiln_profile_gdn_stage layer=2 stage=gates seq_len=29 start_pos=0 elapsed_ms=0.561
kiln_profile_gdn_stage layer=2 stage=recurrent seq_len=29 start_pos=0 elapsed_ms=3.367
kiln_profile_gdn_stage layer=2 stage=post_transpose seq_len=29 start_pos=0 elapsed_ms=0.000
kiln_profile_gdn_stage layer=2 stage=gated_norm seq_len=29 start_pos=0 elapsed_ms=2.328
kiln_profile_gdn_stage layer=2 stage=out_proj seq_len=29 start_pos=0 elapsed_ms=3.112
kiln_profile_mlp_stage layer=2 stage=fused seq_len=29 start_pos=0 elapsed_ms=9.963
kiln_profile_paged_layer layer=2 kind=linear seq_len=29 start_pos=0 elapsed_ms=28.164
kiln_profile_full_attn_stage full_attn_layer=0 stage=qkv_proj seq_len=29 start_pos=0 elapsed_ms=10.718
kiln_profile_full_attn_stage full_attn_layer=0 stage=qkv_split seq_len=29 start_pos=0 elapsed_ms=0.033
kiln_profile_full_attn_stage full_attn_layer=0 stage=qk_norm seq_len=29 start_pos=0 elapsed_ms=0.302
kiln_profile_full_attn_stage full_attn_layer=0 stage=rope seq_len=29 start_pos=0 elapsed_ms=0.403
kiln_profile_full_attn_stage full_attn_layer=0 stage=q_transpose seq_len=29 start_pos=0 elapsed_ms=0.090
kiln_profile_full_attn_stage full_attn_layer=0 stage=kv_write seq_len=29 start_pos=0 elapsed_ms=0.074
kiln_profile_full_attn_stage full_attn_layer=0 stage=kv_read seq_len=29 start_pos=0 elapsed_ms=0.009
kiln_profile_mlp_stage layer=3 stage=fused seq_len=29 start_pos=0 elapsed_ms=10.500
kiln_profile_paged_layer layer=3 kind=full seq_len=29 start_pos=0 elapsed_ms=26.302
kiln_profile_gdn_stage layer=4 stage=in_proj seq_len=29 start_pos=0 elapsed_ms=7.683
kiln_profile_gdn_stage layer=4 stage=conv seq_len=29 start_pos=0 elapsed_ms=5.308
kiln_profile_gdn_stage layer=4 stage=qkv_split seq_len=29 start_pos=0 elapsed_ms=0.284
kiln_profile_gdn_stage layer=4 stage=qk_norm seq_len=29 start_pos=0 elapsed_ms=0.238
kiln_profile_gdn_stage layer=4 stage=gates seq_len=29 start_pos=0 elapsed_ms=0.599
kiln_profile_gdn_stage layer=4 stage=recurrent seq_len=29 start_pos=0 elapsed_ms=4.321
kiln_profile_gdn_stage layer=4 stage=post_transpose seq_len=29 start_pos=0 elapsed_ms=0.000
kiln_profile_gdn_stage layer=4 stage=gated_norm seq_len=29 start_pos=0 elapsed_ms=2.489
kiln_profile_gdn_stage layer=4 stage=out_proj seq_len=29 start_pos=0 elapsed_ms=2.477
kiln_profile_mlp_stage layer=4 stage=fused seq_len=29 start_pos=0 elapsed_ms=9.213
kiln_profile_paged_layer layer=4 kind=linear seq_len=29 start_pos=0 elapsed_ms=33.052
kiln_profile_gdn_stage layer=5 stage=in_proj seq_len=29 start_pos=0 elapsed_ms=7.463
kiln_profile_gdn_stage layer=5 stage=conv seq_len=29 start_pos=0 elapsed_ms=3.549
kiln_profile_gdn_stage layer=5 stage=qkv_split seq_len=29 start_pos=0 elapsed_ms=0.140
kiln_profile_gdn_stage layer=5 stage=qk_norm seq_len=29 start_pos=0 elapsed_ms=0.230
kiln_profile_gdn_stage layer=5 stage=gates seq_len=29 start_pos=0 elapsed_ms=0.292
kiln_profile_gdn_stage layer=5 stage=recurrent seq_len=29 start_pos=0 elapsed_ms=3.004
kiln_profile_gdn_stage layer=5 stage=post_transpose seq_len=29 start_pos=0 elapsed_ms=0.000
kiln_profile_gdn_stage layer=5 stage=gated_norm seq_len=29 start_pos=0 elapsed_ms=2.363
kiln_profile_gdn_stage layer=5 stage=out_proj seq_len=29 start_pos=0 elapsed_ms=2.405
kiln_profile_mlp_stage layer=5 stage=fused seq_len=29 start_pos=0 elapsed_ms=11.024
kiln_profile_paged_layer layer=5 kind=linear seq_len=29 start_pos=0 elapsed_ms=30.881
kiln_profile_gdn_stage layer=6 stage=in_proj seq_len=29 start_pos=0 elapsed_ms=7.412
kiln_profile_gdn_stage layer=6 stage=conv seq_len=29 start_pos=0 elapsed_ms=3.126
kiln_profile_gdn_stage layer=6 stage=qkv_split seq_len=29 start_pos=0 elapsed_ms=0.140
kiln_profile_gdn_stage layer=6 stage=qk_norm seq_len=29 start_pos=0 elapsed_ms=0.229
kiln_profile_gdn_stage layer=6 stage=gates seq_len=29 start_pos=0 elapsed_ms=0.281
kiln_profile_gdn_stage layer=6 stage=recurrent seq_len=29 start_pos=0 elapsed_ms=2.944
kiln_profile_gdn_stage layer=6 stage=post_transpose seq_len=29 start_pos=0 elapsed_ms=0.000
kiln_profile_gdn_stage layer=6 stage=gated_norm seq_len=29 start_pos=0 elapsed_ms=2.351
kiln_profile_gdn_stage layer=6 stage=out_proj seq_len=29 start_pos=0 elapsed_ms=3.033
kiln_profile_mlp_stage layer=6 stage=fused seq_len=29 start_pos=0 elapsed_ms=8.853
kiln_profile_paged_layer layer=6 kind=linear seq_len=29 start_pos=0 elapsed_ms=28.685
kiln_profile_full_attn_stage full_attn_layer=1 stage=qkv_proj seq_len=29 start_pos=0 elapsed_ms=7.249
kiln_profile_full_attn_stage full_attn_layer=1 stage=qkv_split seq_len=29 start_pos=0 elapsed_ms=0.021
kiln_profile_full_attn_stage full_attn_layer=1 stage=qk_norm seq_len=29 start_pos=0 elapsed_ms=0.250
kiln_profile_full_attn_stage full_attn_layer=1 stage=rope seq_len=29 start_pos=0 elapsed_ms=0.344
kiln_profile_full_attn_stage full_attn_layer=1 stage=q_transpose seq_len=29 start_pos=0 elapsed_ms=0.075
kiln_profile_full_attn_stage full_attn_layer=1 stage=kv_write seq_len=29 start_pos=0 elapsed_ms=0.046
kiln_profile_full_attn_stage full_attn_layer=1 stage=kv_read seq_len=29 start_pos=0 elapsed_ms=0.005
kiln_profile_mlp_stage layer=7 stage=fused seq_len=29 start_pos=0 elapsed_ms=9.688
kiln_profile_paged_layer layer=7 kind=full seq_len=29 start_pos=0 elapsed_ms=21.439
kiln_profile_gdn_stage layer=8 stage=in_proj seq_len=29 start_pos=0 elapsed_ms=7.437
kiln_profile_gdn_stage layer=8 stage=conv seq_len=29 start_pos=0 elapsed_ms=2.502
kiln_profile_gdn_stage layer=8 stage=qkv_split seq_len=29 start_pos=0 elapsed_ms=0.136
kiln_profile_gdn_stage layer=8 stage=qk_norm seq_len=29 start_pos=0 elapsed_ms=0.233
kiln_profile_gdn_stage layer=8 stage=gates seq_len=29 start_pos=0 elapsed_ms=0.537
kiln_profile_gdn_stage layer=8 stage=recurrent seq_len=29 start_pos=0 elapsed_ms=3.552
kiln_profile_gdn_stage layer=8 stage=post_transpose seq_len=29 start_pos=0 elapsed_ms=0.000
kiln_profile_gdn_stage layer=8 stage=gated_norm seq_len=29 start_pos=0 elapsed_ms=1.254
kiln_profile_gdn_stage layer=8 stage=out_proj seq_len=29 start_pos=0 elapsed_ms=1.729
kiln_profile_mlp_stage layer=8 stage=fused seq_len=29 start_pos=0 elapsed_ms=10.594
kiln_profile_paged_layer layer=8 kind=linear seq_len=29 start_pos=0 elapsed_ms=28.303
kiln_profile_gdn_stage layer=9 stage=in_proj seq_len=29 start_pos=0 elapsed_ms=7.411
kiln_profile_gdn_stage layer=9 stage=conv seq_len=29 start_pos=0 elapsed_ms=3.123
kiln_profile_gdn_stage layer=9 stage=qkv_split seq_len=29 start_pos=0 elapsed_ms=0.144
kiln_profile_gdn_stage layer=9 stage=qk_norm seq_len=29 start_pos=0 elapsed_ms=0.228
kiln_profile_gdn_stage layer=9 stage=gates seq_len=29 start_pos=0 elapsed_ms=0.529
kiln_profile_gdn_stage layer=9 stage=recurrent seq_len=29 start_pos=0 elapsed_ms=2.940
kiln_profile_gdn_stage layer=9 stage=post_transpose seq_len=29 start_pos=0 elapsed_ms=0.000
kiln_profile_gdn_stage layer=9 stage=gated_norm seq_len=29 start_pos=0 elapsed_ms=2.309
kiln_profile_gdn_stage layer=9 stage=out_proj seq_len=29 start_pos=0 elapsed_ms=3.118
kiln_profile_mlp_stage layer=9 stage=fused seq_len=29 start_pos=0 elapsed_ms=7.808
kiln_profile_paged_layer layer=9 kind=linear seq_len=29 start_pos=0 elapsed_ms=27.948
kiln_profile_gdn_stage layer=10 stage=in_proj seq_len=29 start_pos=0 elapsed_ms=8.021
kiln_profile_gdn_stage layer=10 stage=conv seq_len=29 start_pos=0 elapsed_ms=2.606
kiln_profile_gdn_stage layer=10 stage=qkv_split seq_len=29 start_pos=0 elapsed_ms=0.145
kiln_profile_gdn_stage layer=10 stage=qk_norm seq_len=29 start_pos=0 elapsed_ms=0.241
kiln_profile_gdn_stage layer=10 stage=gates seq_len=29 start_pos=0 elapsed_ms=0.493
kiln_profile_gdn_stage layer=10 stage=recurrent seq_len=29 start_pos=0 elapsed_ms=3.314
kiln_profile_gdn_stage layer=10 stage=post_transpose seq_len=29 start_pos=0 elapsed_ms=0.000
kiln_profile_gdn_stage layer=10 stage=gated_norm seq_len=29 start_pos=0 elapsed_ms=1.489
kiln_profile_gdn_stage layer=10 stage=out_proj seq_len=29 start_pos=0 elapsed_ms=2.230
kiln_profile_mlp_stage layer=10 stage=fused seq_len=29 start_pos=0 elapsed_ms=8.622
kiln_profile_paged_layer layer=10 kind=linear seq_len=29 start_pos=0 elapsed_ms=27.507
kiln_profile_full_attn_stage full_attn_layer=2 stage=qkv_proj seq_len=29 start_pos=0 elapsed_ms=6.831
kiln_profile_full_attn_stage full_attn_layer=2 stage=qkv_split seq_len=29 start_pos=0 elapsed_ms=0.026
kiln_profile_full_attn_stage full_attn_layer=2 stage=qk_norm seq_len=29 start_pos=0 elapsed_ms=0.252
kiln_profile_full_attn_stage full_attn_layer=2 stage=rope seq_len=29 start_pos=0 elapsed_ms=0.360
kiln_profile_full_attn_stage full_attn_layer=2 stage=q_transpose seq_len=29 start_pos=0 elapsed_ms=0.084
kiln_profile_full_attn_stage full_attn_layer=2 stage=kv_write seq_len=29 start_pos=0 elapsed_ms=0.063
kiln_profile_full_attn_stage full_attn_layer=2 stage=kv_read seq_len=29 start_pos=0 elapsed_ms=0.005
kiln_profile_mlp_stage layer=11 stage=fused seq_len=29 start_pos=0 elapsed_ms=10.013
kiln_profile_paged_layer layer=11 kind=full seq_len=29 start_pos=0 elapsed_ms=21.612
kiln_profile_gdn_stage layer=12 stage=in_proj seq_len=29 start_pos=0 elapsed_ms=7.319
kiln_profile_gdn_stage layer=12 stage=conv seq_len=29 start_pos=0 elapsed_ms=2.539
kiln_profile_gdn_stage layer=12 stage=qkv_split seq_len=29 start_pos=0 elapsed_ms=0.139
kiln_profile_gdn_stage layer=12 stage=qk_norm seq_len=29 start_pos=0 elapsed_ms=0.232
kiln_profile_gdn_stage layer=12 stage=gates seq_len=29 start_pos=0 elapsed_ms=0.470
kiln_profile_gdn_stage layer=12 stage=recurrent seq_len=29 start_pos=0 elapsed_ms=3.394
kiln_profile_gdn_stage layer=12 stage=post_transpose seq_len=29 start_pos=0 elapsed_ms=0.000
kiln_profile_gdn_stage layer=12 stage=gated_norm seq_len=29 start_pos=0 elapsed_ms=1.411
kiln_profile_gdn_stage layer=12 stage=out_proj seq_len=29 start_pos=0 elapsed_ms=1.557
kiln_profile_mlp_stage layer=12 stage=fused seq_len=29 start_pos=0 elapsed_ms=10.727
kiln_profile_paged_layer layer=12 kind=linear seq_len=29 start_pos=0 elapsed_ms=28.115
kiln_profile_gdn_stage layer=13 stage=in_proj seq_len=29 start_pos=0 elapsed_ms=7.444
kiln_profile_gdn_stage layer=13 stage=conv seq_len=29 start_pos=0 elapsed_ms=3.140
kiln_profile_gdn_stage layer=13 stage=qkv_split seq_len=29 start_pos=0 elapsed_ms=0.139
kiln_profile_gdn_stage layer=13 stage=qk_norm seq_len=29 start_pos=0 elapsed_ms=0.233
kiln_profile_gdn_stage layer=13 stage=gates seq_len=29 start_pos=0 elapsed_ms=0.499
kiln_profile_gdn_stage layer=13 stage=recurrent seq_len=29 start_pos=0 elapsed_ms=3.209
kiln_profile_gdn_stage layer=13 stage=post_transpose seq_len=29 start_pos=0 elapsed_ms=0.000
kiln_profile_gdn_stage layer=13 stage=gated_norm seq_len=29 start_pos=0 elapsed_ms=2.341
kiln_profile_gdn_stage layer=13 stage=out_proj seq_len=29 start_pos=0 elapsed_ms=2.354
kiln_profile_mlp_stage layer=13 stage=fused seq_len=29 start_pos=0 elapsed_ms=8.097
kiln_profile_paged_layer layer=13 kind=linear seq_len=29 start_pos=0 elapsed_ms=27.782
kiln_profile_gdn_stage layer=14 stage=in_proj seq_len=29 start_pos=0 elapsed_ms=7.547
kiln_profile_gdn_stage layer=14 stage=conv seq_len=29 start_pos=0 elapsed_ms=2.523
kiln_profile_gdn_stage layer=14 stage=qkv_split seq_len=29 start_pos=0 elapsed_ms=0.138
kiln_profile_gdn_stage layer=14 stage=qk_norm seq_len=29 start_pos=0 elapsed_ms=0.233
kiln_profile_gdn_stage layer=14 stage=gates seq_len=29 start_pos=0 elapsed_ms=0.672
kiln_profile_gdn_stage layer=14 stage=recurrent seq_len=29 start_pos=0 elapsed_ms=3.060
kiln_profile_gdn_stage layer=14 stage=post_transpose seq_len=29 start_pos=0 elapsed_ms=0.000
kiln_profile_gdn_stage layer=14 stage=gated_norm seq_len=29 start_pos=0 elapsed_ms=1.313
kiln_profile_gdn_stage layer=14 stage=out_proj seq_len=29 start_pos=0 elapsed_ms=2.380
kiln_profile_mlp_stage layer=14 stage=fused seq_len=29 start_pos=0 elapsed_ms=11.025
kiln_profile_paged_layer layer=14 kind=linear seq_len=29 start_pos=0 elapsed_ms=29.224
kiln_profile_full_attn_stage full_attn_layer=3 stage=qkv_proj seq_len=29 start_pos=0 elapsed_ms=7.214
kiln_profile_full_attn_stage full_attn_layer=3 stage=qkv_split seq_len=29 start_pos=0 elapsed_ms=0.026
kiln_profile_full_attn_stage full_attn_layer=3 stage=qk_norm seq_len=29 start_pos=0 elapsed_ms=0.253
kiln_profile_full_attn_stage full_attn_layer=3 stage=rope seq_len=29 start_pos=0 elapsed_ms=0.362
kiln_profile_full_attn_stage full_attn_layer=3 stage=q_transpose seq_len=29 start_pos=0 elapsed_ms=0.081
kiln_profile_full_attn_stage full_attn_layer=3 stage=kv_write seq_len=29 start_pos=0 elapsed_ms=0.047
kiln_profile_full_attn_stage full_attn_layer=3 stage=kv_read seq_len=29 start_pos=0 elapsed_ms=0.005
kiln_profile_mlp_stage layer=15 stage=fused seq_len=29 start_pos=0 elapsed_ms=11.784
kiln_profile_paged_layer layer=15 kind=full seq_len=29 start_pos=0 elapsed_ms=22.854
kiln_profile_gdn_stage layer=16 stage=in_proj seq_len=29 start_pos=0 elapsed_ms=8.154
kiln_profile_gdn_stage layer=16 stage=conv seq_len=29 start_pos=0 elapsed_ms=2.507
kiln_profile_gdn_stage layer=16 stage=qkv_split seq_len=29 start_pos=0 elapsed_ms=0.136
kiln_profile_gdn_stage layer=16 stage=qk_norm seq_len=29 start_pos=0 elapsed_ms=0.403
kiln_profile_gdn_stage layer=16 stage=gates seq_len=29 start_pos=0 elapsed_ms=1.126
kiln_profile_gdn_stage layer=16 stage=recurrent seq_len=29 start_pos=0 elapsed_ms=3.984
kiln_profile_gdn_stage layer=16 stage=post_transpose seq_len=29 start_pos=0 elapsed_ms=0.000
kiln_profile_gdn_stage layer=16 stage=gated_norm seq_len=29 start_pos=0 elapsed_ms=1.247
kiln_profile_gdn_stage layer=16 stage=out_proj seq_len=29 start_pos=0 elapsed_ms=1.750
kiln_profile_mlp_stage layer=16 stage=fused seq_len=29 start_pos=0 elapsed_ms=10.268
kiln_profile_paged_layer layer=16 kind=linear seq_len=29 start_pos=0 elapsed_ms=29.910
kiln_profile_gdn_stage layer=17 stage=in_proj seq_len=29 start_pos=0 elapsed_ms=7.403
kiln_profile_gdn_stage layer=17 stage=conv seq_len=29 start_pos=0 elapsed_ms=3.134
kiln_profile_gdn_stage layer=17 stage=qkv_split seq_len=29 start_pos=0 elapsed_ms=0.141
kiln_profile_gdn_stage layer=17 stage=qk_norm seq_len=29 start_pos=0 elapsed_ms=0.295
kiln_profile_gdn_stage layer=17 stage=gates seq_len=29 start_pos=0 elapsed_ms=0.497
kiln_profile_gdn_stage layer=17 stage=recurrent seq_len=29 start_pos=0 elapsed_ms=3.295
kiln_profile_gdn_stage layer=17 stage=post_transpose seq_len=29 start_pos=0 elapsed_ms=0.000
kiln_profile_gdn_stage layer=17 stage=gated_norm seq_len=29 start_pos=0 elapsed_ms=3.525
kiln_profile_gdn_stage layer=17 stage=out_proj seq_len=29 start_pos=0 elapsed_ms=2.456
kiln_profile_mlp_stage layer=17 stage=fused seq_len=29 start_pos=0 elapsed_ms=9.951
kiln_profile_paged_layer layer=17 kind=linear seq_len=29 start_pos=0 elapsed_ms=31.034
kiln_profile_gdn_stage layer=18 stage=in_proj seq_len=29 start_pos=0 elapsed_ms=7.611
kiln_profile_gdn_stage layer=18 stage=conv seq_len=29 start_pos=0 elapsed_ms=2.542
kiln_profile_gdn_stage layer=18 stage=qkv_split seq_len=29 start_pos=0 elapsed_ms=0.138
kiln_profile_gdn_stage layer=18 stage=qk_norm seq_len=29 start_pos=0 elapsed_ms=0.286
kiln_profile_gdn_stage layer=18 stage=gates seq_len=29 start_pos=0 elapsed_ms=0.608
kiln_profile_gdn_stage layer=18 stage=recurrent seq_len=29 start_pos=0 elapsed_ms=3.076
kiln_profile_gdn_stage layer=18 stage=post_transpose seq_len=29 start_pos=0 elapsed_ms=0.000
kiln_profile_gdn_stage layer=18 stage=gated_norm seq_len=29 start_pos=0 elapsed_ms=1.141
kiln_profile_gdn_stage layer=18 stage=out_proj seq_len=29 start_pos=0 elapsed_ms=2.478
kiln_profile_mlp_stage layer=18 stage=fused seq_len=29 start_pos=0 elapsed_ms=10.026
kiln_profile_paged_layer layer=18 kind=linear seq_len=29 start_pos=0 elapsed_ms=28.248
kiln_profile_full_attn_stage full_attn_layer=4 stage=qkv_proj seq_len=29 start_pos=0 elapsed_ms=7.136
kiln_profile_full_attn_stage full_attn_layer=4 stage=qkv_split seq_len=29 start_pos=0 elapsed_ms=0.025
kiln_profile_full_attn_stage full_attn_layer=4 stage=qk_norm seq_len=29 start_pos=0 elapsed_ms=0.255
kiln_profile_full_attn_stage full_attn_layer=4 stage=rope seq_len=29 start_pos=0 elapsed_ms=0.348
kiln_profile_full_attn_stage full_attn_layer=4 stage=q_transpose seq_len=29 start_pos=0 elapsed_ms=0.082
kiln_profile_full_attn_stage full_attn_layer=4 stage=kv_write seq_len=29 start_pos=0 elapsed_ms=0.065
kiln_profile_full_attn_stage full_attn_layer=4 stage=kv_read seq_len=29 start_pos=0 elapsed_ms=0.005
kiln_profile_mlp_stage layer=19 stage=fused seq_len=29 start_pos=0 elapsed_ms=10.381
kiln_profile_paged_layer layer=19 kind=full seq_len=29 start_pos=0 elapsed_ms=21.364
kiln_profile_gdn_stage layer=20 stage=in_proj seq_len=29 start_pos=0 elapsed_ms=7.821
kiln_profile_gdn_stage layer=20 stage=conv seq_len=29 start_pos=0 elapsed_ms=2.583
kiln_profile_gdn_stage layer=20 stage=qkv_split seq_len=29 start_pos=0 elapsed_ms=0.136
kiln_profile_gdn_stage layer=20 stage=qk_norm seq_len=29 start_pos=0 elapsed_ms=0.233
kiln_profile_gdn_stage layer=20 stage=gates seq_len=29 start_pos=0 elapsed_ms=0.499
kiln_profile_gdn_stage layer=20 stage=recurrent seq_len=29 start_pos=0 elapsed_ms=3.535
kiln_profile_gdn_stage layer=20 stage=post_transpose seq_len=29 start_pos=0 elapsed_ms=0.000
kiln_profile_gdn_stage layer=20 stage=gated_norm seq_len=29 start_pos=0 elapsed_ms=1.232
kiln_profile_gdn_stage layer=20 stage=out_proj seq_len=29 start_pos=0 elapsed_ms=1.853
kiln_profile_mlp_stage layer=20 stage=fused seq_len=29 start_pos=0 elapsed_ms=9.700
kiln_profile_paged_layer layer=20 kind=linear seq_len=29 start_pos=0 elapsed_ms=27.917
kiln_profile_gdn_stage layer=21 stage=in_proj seq_len=29 start_pos=0 elapsed_ms=7.609
kiln_profile_gdn_stage layer=21 stage=conv seq_len=29 start_pos=0 elapsed_ms=3.194
kiln_profile_gdn_stage layer=21 stage=qkv_split seq_len=29 start_pos=0 elapsed_ms=0.142
kiln_profile_gdn_stage layer=21 stage=qk_norm seq_len=29 start_pos=0 elapsed_ms=0.235
kiln_profile_gdn_stage layer=21 stage=gates seq_len=29 start_pos=0 elapsed_ms=0.550
kiln_profile_gdn_stage layer=21 stage=recurrent seq_len=29 start_pos=0 elapsed_ms=3.306
kiln_profile_gdn_stage layer=21 stage=post_transpose seq_len=29 start_pos=0 elapsed_ms=0.000
kiln_profile_gdn_stage layer=21 stage=gated_norm seq_len=29 start_pos=0 elapsed_ms=2.353
kiln_profile_gdn_stage layer=21 stage=out_proj seq_len=29 start_pos=0 elapsed_ms=3.193
kiln_profile_mlp_stage layer=21 stage=fused seq_len=29 start_pos=0 elapsed_ms=9.702
kiln_profile_paged_layer layer=21 kind=linear seq_len=29 start_pos=0 elapsed_ms=30.616
kiln_profile_gdn_stage layer=22 stage=in_proj seq_len=29 start_pos=0 elapsed_ms=7.571
kiln_profile_gdn_stage layer=22 stage=conv seq_len=29 start_pos=0 elapsed_ms=2.547
kiln_profile_gdn_stage layer=22 stage=qkv_split seq_len=29 start_pos=0 elapsed_ms=0.141
kiln_profile_gdn_stage layer=22 stage=qk_norm seq_len=29 start_pos=0 elapsed_ms=0.295
kiln_profile_gdn_stage layer=22 stage=gates seq_len=29 start_pos=0 elapsed_ms=0.189
kiln_profile_gdn_stage layer=22 stage=recurrent seq_len=29 start_pos=0 elapsed_ms=3.262
kiln_profile_gdn_stage layer=22 stage=post_transpose seq_len=29 start_pos=0 elapsed_ms=0.000
kiln_profile_gdn_stage layer=22 stage=gated_norm seq_len=29 start_pos=0 elapsed_ms=1.041
kiln_profile_gdn_stage layer=22 stage=out_proj seq_len=29 start_pos=0 elapsed_ms=2.664
kiln_profile_mlp_stage layer=22 stage=fused seq_len=29 start_pos=0 elapsed_ms=10.045
kiln_profile_paged_layer layer=22 kind=linear seq_len=29 start_pos=0 elapsed_ms=28.098
kiln_profile_full_attn_stage full_attn_layer=5 stage=qkv_proj seq_len=29 start_pos=0 elapsed_ms=6.997
kiln_profile_full_attn_stage full_attn_layer=5 stage=qkv_split seq_len=29 start_pos=0 elapsed_ms=0.019
kiln_profile_full_attn_stage full_attn_layer=5 stage=qk_norm seq_len=29 start_pos=0 elapsed_ms=0.253
kiln_profile_full_attn_stage full_attn_layer=5 stage=rope seq_len=29 start_pos=0 elapsed_ms=0.348
kiln_profile_full_attn_stage full_attn_layer=5 stage=q_transpose seq_len=29 start_pos=0 elapsed_ms=0.085
kiln_profile_full_attn_stage full_attn_layer=5 stage=kv_write seq_len=29 start_pos=0 elapsed_ms=0.046
kiln_profile_full_attn_stage full_attn_layer=5 stage=kv_read seq_len=29 start_pos=0 elapsed_ms=0.006
kiln_profile_mlp_stage layer=23 stage=fused seq_len=29 start_pos=0 elapsed_ms=10.021
kiln_profile_paged_layer layer=23 kind=full seq_len=29 start_pos=0 elapsed_ms=20.815
kiln_profile_gdn_stage layer=24 stage=in_proj seq_len=29 start_pos=0 elapsed_ms=7.392
kiln_profile_gdn_stage layer=24 stage=conv seq_len=29 start_pos=0 elapsed_ms=2.522
kiln_profile_gdn_stage layer=24 stage=qkv_split seq_len=29 start_pos=0 elapsed_ms=0.135
kiln_profile_gdn_stage layer=24 stage=qk_norm seq_len=29 start_pos=0 elapsed_ms=0.291
kiln_profile_gdn_stage layer=24 stage=gates seq_len=29 start_pos=0 elapsed_ms=0.548
kiln_profile_gdn_stage layer=24 stage=recurrent seq_len=29 start_pos=0 elapsed_ms=3.199
kiln_profile_gdn_stage layer=24 stage=post_transpose seq_len=29 start_pos=0 elapsed_ms=0.000
kiln_profile_gdn_stage layer=24 stage=gated_norm seq_len=29 start_pos=0 elapsed_ms=1.247
kiln_profile_gdn_stage layer=24 stage=out_proj seq_len=29 start_pos=0 elapsed_ms=1.655
kiln_profile_mlp_stage layer=24 stage=fused seq_len=29 start_pos=0 elapsed_ms=10.647
kiln_profile_paged_layer layer=24 kind=linear seq_len=29 start_pos=0 elapsed_ms=27.964
kiln_profile_gdn_stage layer=25 stage=in_proj seq_len=29 start_pos=0 elapsed_ms=7.388
kiln_profile_gdn_stage layer=25 stage=conv seq_len=29 start_pos=0 elapsed_ms=3.158
kiln_profile_gdn_stage layer=25 stage=qkv_split seq_len=29 start_pos=0 elapsed_ms=0.141
kiln_profile_gdn_stage layer=25 stage=qk_norm seq_len=29 start_pos=0 elapsed_ms=0.235
kiln_profile_gdn_stage layer=25 stage=gates seq_len=29 start_pos=0 elapsed_ms=0.478
kiln_profile_gdn_stage layer=25 stage=recurrent seq_len=29 start_pos=0 elapsed_ms=3.270
kiln_profile_gdn_stage layer=25 stage=post_transpose seq_len=29 start_pos=0 elapsed_ms=0.000
kiln_profile_gdn_stage layer=25 stage=gated_norm seq_len=29 start_pos=0 elapsed_ms=2.527
kiln_profile_gdn_stage layer=25 stage=out_proj seq_len=29 start_pos=0 elapsed_ms=3.139
kiln_profile_mlp_stage layer=25 stage=fused seq_len=29 start_pos=0 elapsed_ms=9.351
kiln_profile_paged_layer layer=25 kind=linear seq_len=29 start_pos=0 elapsed_ms=30.014
kiln_profile_gdn_stage layer=26 stage=in_proj seq_len=29 start_pos=0 elapsed_ms=8.128
kiln_profile_gdn_stage layer=26 stage=conv seq_len=29 start_pos=0 elapsed_ms=2.564
kiln_profile_gdn_stage layer=26 stage=qkv_split seq_len=29 start_pos=0 elapsed_ms=0.142
kiln_profile_gdn_stage layer=26 stage=qk_norm seq_len=29 start_pos=0 elapsed_ms=0.238
kiln_profile_gdn_stage layer=26 stage=gates seq_len=29 start_pos=0 elapsed_ms=0.563
kiln_profile_gdn_stage layer=26 stage=recurrent seq_len=29 start_pos=0 elapsed_ms=3.251
kiln_profile_gdn_stage layer=26 stage=post_transpose seq_len=29 start_pos=0 elapsed_ms=0.000
kiln_profile_gdn_stage layer=26 stage=gated_norm seq_len=29 start_pos=0 elapsed_ms=1.084
kiln_profile_gdn_stage layer=26 stage=out_proj seq_len=29 start_pos=0 elapsed_ms=2.475
kiln_profile_mlp_stage layer=26 stage=fused seq_len=29 start_pos=0 elapsed_ms=8.757
kiln_profile_paged_layer layer=26 kind=linear seq_len=29 start_pos=0 elapsed_ms=27.560
kiln_profile_full_attn_stage full_attn_layer=6 stage=qkv_proj seq_len=29 start_pos=0 elapsed_ms=7.152
kiln_profile_full_attn_stage full_attn_layer=6 stage=qkv_split seq_len=29 start_pos=0 elapsed_ms=0.025
kiln_profile_full_attn_stage full_attn_layer=6 stage=qk_norm seq_len=29 start_pos=0 elapsed_ms=0.259
kiln_profile_full_attn_stage full_attn_layer=6 stage=rope seq_len=29 start_pos=0 elapsed_ms=0.348
kiln_profile_full_attn_stage full_attn_layer=6 stage=q_transpose seq_len=29 start_pos=0 elapsed_ms=0.081
kiln_profile_full_attn_stage full_attn_layer=6 stage=kv_write seq_len=29 start_pos=0 elapsed_ms=0.060
kiln_profile_full_attn_stage full_attn_layer=6 stage=kv_read seq_len=29 start_pos=0 elapsed_ms=0.006
kiln_profile_mlp_stage layer=27 stage=fused seq_len=29 start_pos=0 elapsed_ms=10.834
kiln_profile_paged_layer layer=27 kind=full seq_len=29 start_pos=0 elapsed_ms=21.813
kiln_profile_gdn_stage layer=28 stage=in_proj seq_len=29 start_pos=0 elapsed_ms=7.392
kiln_profile_gdn_stage layer=28 stage=conv seq_len=29 start_pos=0 elapsed_ms=2.540
kiln_profile_gdn_stage layer=28 stage=qkv_split seq_len=29 start_pos=0 elapsed_ms=0.141
kiln_profile_gdn_stage layer=28 stage=qk_norm seq_len=29 start_pos=0 elapsed_ms=0.233
kiln_profile_gdn_stage layer=28 stage=gates seq_len=29 start_pos=0 elapsed_ms=0.220
kiln_profile_gdn_stage layer=28 stage=recurrent seq_len=29 start_pos=0 elapsed_ms=3.240
kiln_profile_gdn_stage layer=28 stage=post_transpose seq_len=29 start_pos=0 elapsed_ms=0.000
kiln_profile_gdn_stage layer=28 stage=gated_norm seq_len=29 start_pos=0 elapsed_ms=1.258
kiln_profile_gdn_stage layer=28 stage=out_proj seq_len=29 start_pos=0 elapsed_ms=1.714
kiln_profile_mlp_stage layer=28 stage=fused seq_len=29 start_pos=0 elapsed_ms=10.247
kiln_profile_paged_layer layer=28 kind=linear seq_len=29 start_pos=0 elapsed_ms=27.313
kiln_profile_gdn_stage layer=29 stage=in_proj seq_len=29 start_pos=0 elapsed_ms=7.483
kiln_profile_gdn_stage layer=29 stage=conv seq_len=29 start_pos=0 elapsed_ms=3.178
kiln_profile_gdn_stage layer=29 stage=qkv_split seq_len=29 start_pos=0 elapsed_ms=0.143
kiln_profile_gdn_stage layer=29 stage=qk_norm seq_len=29 start_pos=0 elapsed_ms=0.233
kiln_profile_gdn_stage layer=29 stage=gates seq_len=29 start_pos=0 elapsed_ms=0.503
kiln_profile_gdn_stage layer=29 stage=recurrent seq_len=29 start_pos=0 elapsed_ms=3.234
kiln_profile_gdn_stage layer=29 stage=post_transpose seq_len=29 start_pos=0 elapsed_ms=0.000
kiln_profile_gdn_stage layer=29 stage=gated_norm seq_len=29 start_pos=0 elapsed_ms=2.335
kiln_profile_gdn_stage layer=29 stage=out_proj seq_len=29 start_pos=0 elapsed_ms=2.401
kiln_profile_mlp_stage layer=29 stage=fused seq_len=29 start_pos=0 elapsed_ms=9.847
kiln_profile_paged_layer layer=29 kind=linear seq_len=29 start_pos=0 elapsed_ms=29.731
kiln_profile_gdn_stage layer=30 stage=in_proj seq_len=29 start_pos=0 elapsed_ms=7.469
kiln_profile_gdn_stage layer=30 stage=conv seq_len=29 start_pos=0 elapsed_ms=2.573
kiln_profile_gdn_stage layer=30 stage=qkv_split seq_len=29 start_pos=0 elapsed_ms=0.154
kiln_profile_gdn_stage layer=30 stage=qk_norm seq_len=29 start_pos=0 elapsed_ms=0.238
kiln_profile_gdn_stage layer=30 stage=gates seq_len=29 start_pos=0 elapsed_ms=0.356
kiln_profile_gdn_stage layer=30 stage=recurrent seq_len=29 start_pos=0 elapsed_ms=3.353
kiln_profile_gdn_stage layer=30 stage=post_transpose seq_len=29 start_pos=0 elapsed_ms=0.000
kiln_profile_gdn_stage layer=30 stage=gated_norm seq_len=29 start_pos=0 elapsed_ms=1.060
kiln_profile_gdn_stage layer=30 stage=out_proj seq_len=29 start_pos=0 elapsed_ms=2.657
kiln_profile_mlp_stage layer=30 stage=fused seq_len=29 start_pos=0 elapsed_ms=10.732
kiln_profile_paged_layer layer=30 kind=linear seq_len=29 start_pos=0 elapsed_ms=28.942
kiln_profile_full_attn_stage full_attn_layer=7 stage=qkv_proj seq_len=29 start_pos=0 elapsed_ms=6.831
kiln_profile_full_attn_stage full_attn_layer=7 stage=qkv_split seq_len=29 start_pos=0 elapsed_ms=0.025
kiln_profile_full_attn_stage full_attn_layer=7 stage=qk_norm seq_len=29 start_pos=0 elapsed_ms=0.253
kiln_profile_full_attn_stage full_attn_layer=7 stage=rope seq_len=29 start_pos=0 elapsed_ms=0.347
kiln_profile_full_attn_stage full_attn_layer=7 stage=q_transpose seq_len=29 start_pos=0 elapsed_ms=0.087
kiln_profile_full_attn_stage full_attn_layer=7 stage=kv_write seq_len=29 start_pos=0 elapsed_ms=0.046
kiln_profile_full_attn_stage full_attn_layer=7 stage=kv_read seq_len=29 start_pos=0 elapsed_ms=0.005
kiln_profile_mlp_stage layer=31 stage=fused seq_len=29 start_pos=0 elapsed_ms=10.176
kiln_profile_paged_layer layer=31 kind=full seq_len=29 start_pos=0 elapsed_ms=21.568
kiln_profile_gdn_stage layer=0 stage=in_proj seq_len=29 start_pos=0 elapsed_ms=8.217
kiln_profile_gdn_stage layer=0 stage=conv seq_len=29 start_pos=0 elapsed_ms=3.295
kiln_profile_gdn_stage layer=0 stage=qkv_split seq_len=29 start_pos=0 elapsed_ms=0.143
kiln_profile_gdn_stage layer=0 stage=qk_norm seq_len=29 start_pos=0 elapsed_ms=0.235
kiln_profile_gdn_stage layer=0 stage=gates seq_len=29 start_pos=0 elapsed_ms=0.469
kiln_profile_gdn_stage layer=0 stage=recurrent seq_len=29 start_pos=0 elapsed_ms=4.163
kiln_profile_gdn_stage layer=0 stage=post_transpose seq_len=29 start_pos=0 elapsed_ms=0.000
kiln_profile_gdn_stage layer=0 stage=gated_norm seq_len=29 start_pos=0 elapsed_ms=2.327
kiln_profile_gdn_stage layer=0 stage=out_proj seq_len=29 start_pos=0 elapsed_ms=2.451
kiln_profile_mlp_stage layer=0 stage=fused seq_len=29 start_pos=0 elapsed_ms=10.833
kiln_profile_paged_layer layer=0 kind=linear seq_len=29 start_pos=0 elapsed_ms=32.527
kiln_profile_gdn_stage layer=1 stage=in_proj seq_len=29 start_pos=0 elapsed_ms=7.828
kiln_profile_gdn_stage layer=1 stage=conv seq_len=29 start_pos=0 elapsed_ms=2.539
kiln_profile_gdn_stage layer=1 stage=qkv_split seq_len=29 start_pos=0 elapsed_ms=0.143
kiln_profile_gdn_stage layer=1 stage=qk_norm seq_len=29 start_pos=0 elapsed_ms=0.230
kiln_profile_gdn_stage layer=1 stage=gates seq_len=29 start_pos=0 elapsed_ms=0.555
kiln_profile_gdn_stage layer=1 stage=recurrent seq_len=29 start_pos=0 elapsed_ms=2.989
kiln_profile_gdn_stage layer=1 stage=post_transpose seq_len=29 start_pos=0 elapsed_ms=0.000
kiln_profile_gdn_stage layer=1 stage=gated_norm seq_len=29 start_pos=0 elapsed_ms=2.360
kiln_profile_gdn_stage layer=1 stage=out_proj seq_len=29 start_pos=0 elapsed_ms=3.182
kiln_profile_mlp_stage layer=1 stage=fused seq_len=29 start_pos=0 elapsed_ms=10.055
kiln_profile_paged_layer layer=1 kind=linear seq_len=29 start_pos=0 elapsed_ms=30.221
kiln_profile_gdn_stage layer=2 stage=in_proj seq_len=29 start_pos=0 elapsed_ms=7.952
kiln_profile_gdn_stage layer=2 stage=conv seq_len=29 start_pos=0 elapsed_ms=2.571
kiln_profile_gdn_stage layer=2 stage=qkv_split seq_len=29 start_pos=0 elapsed_ms=0.143
kiln_profile_gdn_stage layer=2 stage=qk_norm seq_len=29 start_pos=0 elapsed_ms=0.233
kiln_profile_gdn_stage layer=2 stage=gates seq_len=29 start_pos=0 elapsed_ms=0.671
kiln_profile_gdn_stage layer=2 stage=recurrent seq_len=29 start_pos=0 elapsed_ms=3.255
kiln_profile_gdn_stage layer=2 stage=post_transpose seq_len=29 start_pos=0 elapsed_ms=0.000
kiln_profile_gdn_stage layer=2 stage=gated_norm seq_len=29 start_pos=0 elapsed_ms=2.300
kiln_profile_gdn_stage layer=2 stage=out_proj seq_len=29 start_pos=0 elapsed_ms=2.303
kiln_profile_mlp_stage layer=2 stage=fused seq_len=29 start_pos=0 elapsed_ms=10.840
kiln_profile_paged_layer layer=2 kind=linear seq_len=29 start_pos=0 elapsed_ms=30.625
kiln_profile_full_attn_stage full_attn_layer=0 stage=qkv_proj seq_len=29 start_pos=0 elapsed_ms=10.599
kiln_profile_full_attn_stage full_attn_layer=0 stage=qkv_split seq_len=29 start_pos=0 elapsed_ms=0.025
kiln_profile_full_attn_stage full_attn_layer=0 stage=qk_norm seq_len=29 start_pos=0 elapsed_ms=0.255
kiln_profile_full_attn_stage full_attn_layer=0 stage=rope seq_len=29 start_pos=0 elapsed_ms=0.345
kiln_profile_full_attn_stage full_attn_layer=0 stage=q_transpose seq_len=29 start_pos=0 elapsed_ms=0.081
kiln_profile_full_attn_stage full_attn_layer=0 stage=kv_write seq_len=29 start_pos=0 elapsed_ms=0.065
kiln_profile_full_attn_stage full_attn_layer=0 stage=kv_read seq_len=29 start_pos=0 elapsed_ms=0.007
kiln_profile_mlp_stage layer=3 stage=fused seq_len=29 start_pos=0 elapsed_ms=11.260
kiln_profile_paged_layer layer=3 kind=full seq_len=29 start_pos=0 elapsed_ms=25.626
kiln_profile_gdn_stage layer=4 stage=in_proj seq_len=29 start_pos=0 elapsed_ms=7.944
kiln_profile_gdn_stage layer=4 stage=conv seq_len=29 start_pos=0 elapsed_ms=2.499
kiln_profile_gdn_stage layer=4 stage=qkv_split seq_len=29 start_pos=0 elapsed_ms=0.157
kiln_profile_gdn_stage layer=4 stage=qk_norm seq_len=29 start_pos=0 elapsed_ms=0.229
kiln_profile_gdn_stage layer=4 stage=gates seq_len=29 start_pos=0 elapsed_ms=0.485
kiln_profile_gdn_stage layer=4 stage=recurrent seq_len=29 start_pos=0 elapsed_ms=2.972
kiln_profile_gdn_stage layer=4 stage=post_transpose seq_len=29 start_pos=0 elapsed_ms=0.000
kiln_profile_gdn_stage layer=4 stage=gated_norm seq_len=29 start_pos=0 elapsed_ms=2.199
kiln_profile_gdn_stage layer=4 stage=out_proj seq_len=29 start_pos=0 elapsed_ms=2.214
kiln_profile_mlp_stage layer=4 stage=fused seq_len=29 start_pos=0 elapsed_ms=9.509
kiln_profile_paged_layer layer=4 kind=linear seq_len=29 start_pos=0 elapsed_ms=28.545
kiln_profile_gdn_stage layer=5 stage=in_proj seq_len=29 start_pos=0 elapsed_ms=7.582
kiln_profile_gdn_stage layer=5 stage=conv seq_len=29 start_pos=0 elapsed_ms=2.550
kiln_profile_gdn_stage layer=5 stage=qkv_split seq_len=29 start_pos=0 elapsed_ms=0.141
kiln_profile_gdn_stage layer=5 stage=qk_norm seq_len=29 start_pos=0 elapsed_ms=0.244
kiln_profile_gdn_stage layer=5 stage=gates seq_len=29 start_pos=0 elapsed_ms=0.470
kiln_profile_gdn_stage layer=5 stage=recurrent seq_len=29 start_pos=0 elapsed_ms=3.263
kiln_profile_gdn_stage layer=5 stage=post_transpose seq_len=29 start_pos=0 elapsed_ms=0.000
kiln_profile_gdn_stage layer=5 stage=gated_norm seq_len=29 start_pos=0 elapsed_ms=1.053
kiln_profile_gdn_stage layer=5 stage=out_proj seq_len=29 start_pos=0 elapsed_ms=2.755
kiln_profile_mlp_stage layer=5 stage=fused seq_len=29 start_pos=0 elapsed_ms=10.310
kiln_profile_paged_layer layer=5 kind=linear seq_len=29 start_pos=0 elapsed_ms=28.702
kiln_profile_gdn_stage layer=6 stage=in_proj seq_len=29 start_pos=0 elapsed_ms=7.649
kiln_profile_gdn_stage layer=6 stage=conv seq_len=29 start_pos=0 elapsed_ms=2.537
kiln_profile_gdn_stage layer=6 stage=qkv_split seq_len=29 start_pos=0 elapsed_ms=0.139
kiln_profile_gdn_stage layer=6 stage=qk_norm seq_len=29 start_pos=0 elapsed_ms=0.236
kiln_profile_gdn_stage layer=6 stage=gates seq_len=29 start_pos=0 elapsed_ms=0.230
kiln_profile_gdn_stage layer=6 stage=recurrent seq_len=29 start_pos=0 elapsed_ms=2.902
kiln_profile_gdn_stage layer=6 stage=post_transpose seq_len=29 start_pos=0 elapsed_ms=0.000
kiln_profile_gdn_stage layer=6 stage=gated_norm seq_len=29 start_pos=0 elapsed_ms=1.053
kiln_profile_gdn_stage layer=6 stage=out_proj seq_len=29 start_pos=0 elapsed_ms=2.470
kiln_profile_mlp_stage layer=6 stage=fused seq_len=29 start_pos=0 elapsed_ms=9.826
kiln_profile_paged_layer layer=6 kind=linear seq_len=29 start_pos=0 elapsed_ms=27.385
kiln_profile_full_attn_stage full_attn_layer=1 stage=qkv_proj seq_len=29 start_pos=0 elapsed_ms=7.181
kiln_profile_full_attn_stage full_attn_layer=1 stage=qkv_split seq_len=29 start_pos=0 elapsed_ms=0.023
kiln_profile_full_attn_stage full_attn_layer=1 stage=qk_norm seq_len=29 start_pos=0 elapsed_ms=0.259
kiln_profile_full_attn_stage full_attn_layer=1 stage=rope seq_len=29 start_pos=0 elapsed_ms=0.346
kiln_profile_full_attn_stage full_attn_layer=1 stage=q_transpose seq_len=29 start_pos=0 elapsed_ms=0.093
kiln_profile_full_attn_stage full_attn_layer=1 stage=kv_write seq_len=29 start_pos=0 elapsed_ms=0.108
kiln_profile_full_attn_stage full_attn_layer=1 stage=kv_read seq_len=29 start_pos=0 elapsed_ms=0.008
kiln_profile_mlp_stage layer=7 stage=fused seq_len=29 start_pos=0 elapsed_ms=9.426
kiln_profile_paged_layer layer=7 kind=full seq_len=29 start_pos=0 elapsed_ms=20.460
kiln_profile_gdn_stage layer=8 stage=in_proj seq_len=29 start_pos=0 elapsed_ms=7.818
kiln_profile_gdn_stage layer=8 stage=conv seq_len=29 start_pos=0 elapsed_ms=2.525
kiln_profile_gdn_stage layer=8 stage=qkv_split seq_len=29 start_pos=0 elapsed_ms=0.145
kiln_profile_gdn_stage layer=8 stage=qk_norm seq_len=29 start_pos=0 elapsed_ms=0.231
kiln_profile_gdn_stage layer=8 stage=gates seq_len=29 start_pos=0 elapsed_ms=0.484
kiln_profile_gdn_stage layer=8 stage=recurrent seq_len=29 start_pos=0 elapsed_ms=2.912
kiln_profile_gdn_stage layer=8 stage=post_transpose seq_len=29 start_pos=0 elapsed_ms=0.000
kiln_profile_gdn_stage layer=8 stage=gated_norm seq_len=29 start_pos=0 elapsed_ms=1.083
kiln_profile_gdn_stage layer=8 stage=out_proj seq_len=29 start_pos=0 elapsed_ms=2.497
kiln_profile_mlp_stage layer=8 stage=fused seq_len=29 start_pos=0 elapsed_ms=10.808
kiln_profile_paged_layer layer=8 kind=linear seq_len=29 start_pos=0 elapsed_ms=28.835
kiln_profile_gdn_stage layer=9 stage=in_proj seq_len=29 start_pos=0 elapsed_ms=7.609
kiln_profile_gdn_stage layer=9 stage=conv seq_len=29 start_pos=0 elapsed_ms=2.541
kiln_profile_gdn_stage layer=9 stage=qkv_split seq_len=29 start_pos=0 elapsed_ms=0.142
kiln_profile_gdn_stage layer=9 stage=qk_norm seq_len=29 start_pos=0 elapsed_ms=0.232
kiln_profile_gdn_stage layer=9 stage=gates seq_len=29 start_pos=0 elapsed_ms=0.497
kiln_profile_gdn_stage layer=9 stage=recurrent seq_len=29 start_pos=0 elapsed_ms=3.164
kiln_profile_gdn_stage layer=9 stage=post_transpose seq_len=29 start_pos=0 elapsed_ms=0.000
kiln_profile_gdn_stage layer=9 stage=gated_norm seq_len=29 start_pos=0 elapsed_ms=1.107
kiln_profile_gdn_stage layer=9 stage=out_proj seq_len=29 start_pos=0 elapsed_ms=2.906
kiln_profile_mlp_stage layer=9 stage=fused seq_len=29 start_pos=0 elapsed_ms=11.163
kiln_profile_paged_layer layer=9 kind=linear seq_len=29 start_pos=0 elapsed_ms=29.703
kiln_profile_gdn_stage layer=10 stage=in_proj seq_len=29 start_pos=0 elapsed_ms=7.681
kiln_profile_gdn_stage layer=10 stage=conv seq_len=29 start_pos=0 elapsed_ms=2.554
kiln_profile_gdn_stage layer=10 stage=qkv_split seq_len=29 start_pos=0 elapsed_ms=0.153
kiln_profile_gdn_stage layer=10 stage=qk_norm seq_len=29 start_pos=0 elapsed_ms=0.231
kiln_profile_gdn_stage layer=10 stage=gates seq_len=29 start_pos=0 elapsed_ms=0.541
kiln_profile_gdn_stage layer=10 stage=recurrent seq_len=29 start_pos=0 elapsed_ms=2.931
kiln_profile_gdn_stage layer=10 stage=post_transpose seq_len=29 start_pos=0 elapsed_ms=0.000
kiln_profile_gdn_stage layer=10 stage=gated_norm seq_len=29 start_pos=0 elapsed_ms=1.201
kiln_profile_gdn_stage layer=10 stage=out_proj seq_len=29 start_pos=0 elapsed_ms=2.349
kiln_profile_mlp_stage layer=10 stage=fused seq_len=29 start_pos=0 elapsed_ms=8.743
kiln_profile_paged_layer layer=10 kind=linear seq_len=29 start_pos=0 elapsed_ms=26.723
kiln_profile_full_attn_stage full_attn_layer=2 stage=qkv_proj seq_len=29 start_pos=0 elapsed_ms=7.094
kiln_profile_full_attn_stage full_attn_layer=2 stage=qkv_split seq_len=29 start_pos=0 elapsed_ms=0.022
kiln_profile_full_attn_stage full_attn_layer=2 stage=qk_norm seq_len=29 start_pos=0 elapsed_ms=0.256
kiln_profile_full_attn_stage full_attn_layer=2 stage=rope seq_len=29 start_pos=0 elapsed_ms=0.354
kiln_profile_full_attn_stage full_attn_layer=2 stage=q_transpose seq_len=29 start_pos=0 elapsed_ms=0.092
kiln_profile_full_attn_stage full_attn_layer=2 stage=kv_write seq_len=29 start_pos=0 elapsed_ms=0.064
kiln_profile_full_attn_stage full_attn_layer=2 stage=kv_read seq_len=29 start_pos=0 elapsed_ms=0.007
kiln_profile_mlp_stage layer=11 stage=fused seq_len=29 start_pos=0 elapsed_ms=8.943
kiln_profile_paged_layer layer=11 kind=full seq_len=29 start_pos=0 elapsed_ms=19.866
kiln_profile_gdn_stage layer=12 stage=in_proj seq_len=29 start_pos=0 elapsed_ms=8.025
kiln_profile_gdn_stage layer=12 stage=conv seq_len=29 start_pos=0 elapsed_ms=2.506
kiln_profile_gdn_stage layer=12 stage=qkv_split seq_len=29 start_pos=0 elapsed_ms=0.136
kiln_profile_gdn_stage layer=12 stage=qk_norm seq_len=29 start_pos=0 elapsed_ms=0.241
kiln_profile_gdn_stage layer=12 stage=gates seq_len=29 start_pos=0 elapsed_ms=0.469
kiln_profile_gdn_stage layer=12 stage=recurrent seq_len=29 start_pos=0 elapsed_ms=3.310
kiln_profile_gdn_stage layer=12 stage=post_transpose seq_len=29 start_pos=0 elapsed_ms=0.000
kiln_profile_gdn_stage layer=12 stage=gated_norm seq_len=29 start_pos=0 elapsed_ms=1.093
kiln_profile_gdn_stage layer=12 stage=out_proj seq_len=29 start_pos=0 elapsed_ms=2.895
kiln_profile_mlp_stage layer=12 stage=fused seq_len=29 start_pos=0 elapsed_ms=10.276
kiln_profile_paged_layer layer=12 kind=linear seq_len=29 start_pos=0 elapsed_ms=29.289
kiln_profile_gdn_stage layer=13 stage=in_proj seq_len=29 start_pos=0 elapsed_ms=7.706
kiln_profile_gdn_stage layer=13 stage=conv seq_len=29 start_pos=0 elapsed_ms=2.519
kiln_profile_gdn_stage layer=13 stage=qkv_split seq_len=29 start_pos=0 elapsed_ms=0.148
kiln_profile_gdn_stage layer=13 stage=qk_norm seq_len=29 start_pos=0 elapsed_ms=0.239
kiln_profile_gdn_stage layer=13 stage=gates seq_len=29 start_pos=0 elapsed_ms=0.642
kiln_profile_gdn_stage layer=13 stage=recurrent seq_len=29 start_pos=0 elapsed_ms=3.204
kiln_profile_gdn_stage layer=13 stage=post_transpose seq_len=29 start_pos=0 elapsed_ms=0.000
kiln_profile_gdn_stage layer=13 stage=gated_norm seq_len=29 start_pos=0 elapsed_ms=1.057
kiln_profile_gdn_stage layer=13 stage=out_proj seq_len=29 start_pos=0 elapsed_ms=2.443
kiln_profile_mlp_stage layer=13 stage=fused seq_len=29 start_pos=0 elapsed_ms=11.271
kiln_profile_paged_layer layer=13 kind=linear seq_len=29 start_pos=0 elapsed_ms=29.560
kiln_profile_gdn_stage layer=14 stage=in_proj seq_len=29 start_pos=0 elapsed_ms=7.941
kiln_profile_gdn_stage layer=14 stage=conv seq_len=29 start_pos=0 elapsed_ms=2.520
kiln_profile_gdn_stage layer=14 stage=qkv_split seq_len=29 start_pos=0 elapsed_ms=0.137
kiln_profile_gdn_stage layer=14 stage=qk_norm seq_len=29 start_pos=0 elapsed_ms=0.238
kiln_profile_gdn_stage layer=14 stage=gates seq_len=29 start_pos=0 elapsed_ms=0.613
kiln_profile_gdn_stage layer=14 stage=recurrent seq_len=29 start_pos=0 elapsed_ms=3.166
kiln_profile_gdn_stage layer=14 stage=post_transpose seq_len=29 start_pos=0 elapsed_ms=0.000
kiln_profile_gdn_stage layer=14 stage=gated_norm seq_len=29 start_pos=0 elapsed_ms=1.041
kiln_profile_gdn_stage layer=14 stage=out_proj seq_len=29 start_pos=0 elapsed_ms=2.753
kiln_profile_mlp_stage layer=14 stage=fused seq_len=29 start_pos=0 elapsed_ms=10.178
kiln_profile_paged_layer layer=14 kind=linear seq_len=29 start_pos=0 elapsed_ms=28.978
kiln_profile_full_attn_stage full_attn_layer=3 stage=qkv_proj seq_len=29 start_pos=0 elapsed_ms=8.086
kiln_profile_full_attn_stage full_attn_layer=3 stage=qkv_split seq_len=29 start_pos=0 elapsed_ms=0.024
kiln_profile_full_attn_stage full_attn_layer=3 stage=qk_norm seq_len=29 start_pos=0 elapsed_ms=0.258
kiln_profile_full_attn_stage full_attn_layer=3 stage=rope seq_len=29 start_pos=0 elapsed_ms=0.347
kiln_profile_full_attn_stage full_attn_layer=3 stage=q_transpose seq_len=29 start_pos=0 elapsed_ms=0.087
kiln_profile_full_attn_stage full_attn_layer=3 stage=kv_write seq_len=29 start_pos=0 elapsed_ms=0.113
kiln_profile_full_attn_stage full_attn_layer=3 stage=kv_read seq_len=29 start_pos=0 elapsed_ms=0.009
kiln_profile_mlp_stage layer=15 stage=fused seq_len=29 start_pos=0 elapsed_ms=9.030
kiln_profile_paged_layer layer=15 kind=full seq_len=29 start_pos=0 elapsed_ms=21.172
kiln_profile_gdn_stage layer=16 stage=in_proj seq_len=29 start_pos=0 elapsed_ms=8.082
kiln_profile_gdn_stage layer=16 stage=conv seq_len=29 start_pos=0 elapsed_ms=2.519
kiln_profile_gdn_stage layer=16 stage=qkv_split seq_len=29 start_pos=0 elapsed_ms=0.151
kiln_profile_gdn_stage layer=16 stage=qk_norm seq_len=29 start_pos=0 elapsed_ms=0.231
kiln_profile_gdn_stage layer=16 stage=gates seq_len=29 start_pos=0 elapsed_ms=0.235
kiln_profile_gdn_stage layer=16 stage=recurrent seq_len=29 start_pos=0 elapsed_ms=3.296
kiln_profile_gdn_stage layer=16 stage=post_transpose seq_len=29 start_pos=0 elapsed_ms=0.000
kiln_profile_gdn_stage layer=16 stage=gated_norm seq_len=29 start_pos=0 elapsed_ms=1.055
kiln_profile_gdn_stage layer=16 stage=out_proj seq_len=29 start_pos=0 elapsed_ms=2.753
kiln_profile_mlp_stage layer=16 stage=fused seq_len=29 start_pos=0 elapsed_ms=10.113
kiln_profile_paged_layer layer=16 kind=linear seq_len=29 start_pos=0 elapsed_ms=28.784
kiln_profile_gdn_stage layer=17 stage=in_proj seq_len=29 start_pos=0 elapsed_ms=7.680
kiln_profile_gdn_stage layer=17 stage=conv seq_len=29 start_pos=0 elapsed_ms=2.564
kiln_profile_gdn_stage layer=17 stage=qkv_split seq_len=29 start_pos=0 elapsed_ms=0.139
kiln_profile_gdn_stage layer=17 stage=qk_norm seq_len=29 start_pos=0 elapsed_ms=0.240
kiln_profile_gdn_stage layer=17 stage=gates seq_len=29 start_pos=0 elapsed_ms=0.492
kiln_profile_gdn_stage layer=17 stage=recurrent seq_len=29 start_pos=0 elapsed_ms=3.280
kiln_profile_gdn_stage layer=17 stage=post_transpose seq_len=29 start_pos=0 elapsed_ms=0.000
kiln_profile_gdn_stage layer=17 stage=gated_norm seq_len=29 start_pos=0 elapsed_ms=0.825
kiln_profile_gdn_stage layer=17 stage=out_proj seq_len=29 start_pos=0 elapsed_ms=2.324
kiln_profile_mlp_stage layer=17 stage=fused seq_len=29 start_pos=0 elapsed_ms=8.736
kiln_profile_paged_layer layer=17 kind=linear seq_len=29 start_pos=0 elapsed_ms=26.625
kiln_profile_gdn_stage layer=18 stage=in_proj seq_len=29 start_pos=0 elapsed_ms=7.557
kiln_profile_gdn_stage layer=18 stage=conv seq_len=29 start_pos=0 elapsed_ms=2.526
kiln_profile_gdn_stage layer=18 stage=qkv_split seq_len=29 start_pos=0 elapsed_ms=0.147
kiln_profile_gdn_stage layer=18 stage=qk_norm seq_len=29 start_pos=0 elapsed_ms=0.237
kiln_profile_gdn_stage layer=18 stage=gates seq_len=29 start_pos=0 elapsed_ms=0.222
kiln_profile_gdn_stage layer=18 stage=recurrent seq_len=29 start_pos=0 elapsed_ms=3.283
kiln_profile_gdn_stage layer=18 stage=post_transpose seq_len=29 start_pos=0 elapsed_ms=0.000
kiln_profile_gdn_stage layer=18 stage=gated_norm seq_len=29 start_pos=0 elapsed_ms=1.829
kiln_profile_gdn_stage layer=18 stage=out_proj seq_len=29 start_pos=0 elapsed_ms=2.398
kiln_profile_mlp_stage layer=18 stage=fused seq_len=29 start_pos=0 elapsed_ms=10.519
kiln_profile_paged_layer layer=18 kind=linear seq_len=29 start_pos=0 elapsed_ms=29.063
kiln_profile_full_attn_stage full_attn_layer=4 stage=qkv_proj seq_len=29 start_pos=0 elapsed_ms=7.034
kiln_profile_full_attn_stage full_attn_layer=4 stage=qkv_split seq_len=29 start_pos=0 elapsed_ms=0.021
kiln_profile_full_attn_stage full_attn_layer=4 stage=qk_norm seq_len=29 start_pos=0 elapsed_ms=0.258
kiln_profile_full_attn_stage full_attn_layer=4 stage=rope seq_len=29 start_pos=0 elapsed_ms=0.346
kiln_profile_full_attn_stage full_attn_layer=4 stage=q_transpose seq_len=29 start_pos=0 elapsed_ms=0.083
kiln_profile_full_attn_stage full_attn_layer=4 stage=kv_write seq_len=29 start_pos=0 elapsed_ms=0.062
kiln_profile_full_attn_stage full_attn_layer=4 stage=kv_read seq_len=29 start_pos=0 elapsed_ms=0.007
kiln_profile_mlp_stage layer=19 stage=fused seq_len=29 start_pos=0 elapsed_ms=12.074
kiln_profile_paged_layer layer=19 kind=full seq_len=29 start_pos=0 elapsed_ms=22.896
kiln_profile_gdn_stage layer=20 stage=in_proj seq_len=29 start_pos=0 elapsed_ms=7.674
kiln_profile_gdn_stage layer=20 stage=conv seq_len=29 start_pos=0 elapsed_ms=2.504
kiln_profile_gdn_stage layer=20 stage=qkv_split seq_len=29 start_pos=0 elapsed_ms=0.139
kiln_profile_gdn_stage layer=20 stage=qk_norm seq_len=29 start_pos=0 elapsed_ms=0.256
kiln_profile_gdn_stage layer=20 stage=gates seq_len=29 start_pos=0 elapsed_ms=0.226
kiln_profile_gdn_stage layer=20 stage=recurrent seq_len=29 start_pos=0 elapsed_ms=3.268
kiln_profile_gdn_stage layer=20 stage=post_transpose seq_len=29 start_pos=0 elapsed_ms=0.000
kiln_profile_gdn_stage layer=20 stage=gated_norm seq_len=29 start_pos=0 elapsed_ms=1.264
kiln_profile_gdn_stage layer=20 stage=out_proj seq_len=29 start_pos=0 elapsed_ms=2.285
kiln_profile_mlp_stage layer=20 stage=fused seq_len=29 start_pos=0 elapsed_ms=11.163
kiln_profile_paged_layer layer=20 kind=linear seq_len=29 start_pos=0 elapsed_ms=29.119
kiln_profile_gdn_stage layer=21 stage=in_proj seq_len=29 start_pos=0 elapsed_ms=8.036
kiln_profile_gdn_stage layer=21 stage=conv seq_len=29 start_pos=0 elapsed_ms=2.520
kiln_profile_gdn_stage layer=21 stage=qkv_split seq_len=29 start_pos=0 elapsed_ms=0.150
kiln_profile_gdn_stage layer=21 stage=qk_norm seq_len=29 start_pos=0 elapsed_ms=0.236
kiln_profile_gdn_stage layer=21 stage=gates seq_len=29 start_pos=0 elapsed_ms=0.485
kiln_profile_gdn_stage layer=21 stage=recurrent seq_len=29 start_pos=0 elapsed_ms=3.141
kiln_profile_gdn_stage layer=21 stage=post_transpose seq_len=29 start_pos=0 elapsed_ms=0.000
kiln_profile_gdn_stage layer=21 stage=gated_norm seq_len=29 start_pos=0 elapsed_ms=1.013
kiln_profile_gdn_stage layer=21 stage=out_proj seq_len=29 start_pos=0 elapsed_ms=2.542
kiln_profile_mlp_stage layer=21 stage=fused seq_len=29 start_pos=0 elapsed_ms=11.317
kiln_profile_paged_layer layer=21 kind=linear seq_len=29 start_pos=0 elapsed_ms=33.993
kiln_profile_gdn_stage layer=22 stage=in_proj seq_len=29 start_pos=0 elapsed_ms=8.422
kiln_profile_gdn_stage layer=22 stage=conv seq_len=29 start_pos=0 elapsed_ms=2.547
kiln_profile_gdn_stage layer=22 stage=qkv_split seq_len=29 start_pos=0 elapsed_ms=0.146
kiln_profile_gdn_stage layer=22 stage=qk_norm seq_len=29 start_pos=0 elapsed_ms=0.242
kiln_profile_gdn_stage layer=22 stage=gates seq_len=29 start_pos=0 elapsed_ms=0.665
kiln_profile_gdn_stage layer=22 stage=recurrent seq_len=29 start_pos=0 elapsed_ms=3.233
kiln_profile_gdn_stage layer=22 stage=post_transpose seq_len=29 start_pos=0 elapsed_ms=0.000
kiln_profile_gdn_stage layer=22 stage=gated_norm seq_len=29 start_pos=0 elapsed_ms=1.060
kiln_profile_gdn_stage layer=22 stage=out_proj seq_len=29 start_pos=0 elapsed_ms=2.563
kiln_profile_mlp_stage layer=22 stage=fused seq_len=29 start_pos=0 elapsed_ms=10.719
kiln_profile_paged_layer layer=22 kind=linear seq_len=29 start_pos=0 elapsed_ms=29.931
kiln_profile_full_attn_stage full_attn_layer=5 stage=qkv_proj seq_len=29 start_pos=0 elapsed_ms=7.395
kiln_profile_full_attn_stage full_attn_layer=5 stage=qkv_split seq_len=29 start_pos=0 elapsed_ms=0.023
kiln_profile_full_attn_stage full_attn_layer=5 stage=qk_norm seq_len=29 start_pos=0 elapsed_ms=0.254
kiln_profile_full_attn_stage full_attn_layer=5 stage=rope seq_len=29 start_pos=0 elapsed_ms=0.345
kiln_profile_full_attn_stage full_attn_layer=5 stage=q_transpose seq_len=29 start_pos=0 elapsed_ms=0.088
kiln_profile_full_attn_stage full_attn_layer=5 stage=kv_write seq_len=29 start_pos=0 elapsed_ms=0.122
kiln_profile_full_attn_stage full_attn_layer=5 stage=kv_read seq_len=29 start_pos=0 elapsed_ms=0.011
kiln_profile_mlp_stage layer=23 stage=fused seq_len=29 start_pos=0 elapsed_ms=11.144
kiln_profile_paged_layer layer=23 kind=full seq_len=29 start_pos=0 elapsed_ms=22.395
kiln_profile_gdn_stage layer=24 stage=in_proj seq_len=29 start_pos=0 elapsed_ms=7.683
kiln_profile_gdn_stage layer=24 stage=conv seq_len=29 start_pos=0 elapsed_ms=2.488
kiln_profile_gdn_stage layer=24 stage=qkv_split seq_len=29 start_pos=0 elapsed_ms=0.135
kiln_profile_gdn_stage layer=24 stage=qk_norm seq_len=29 start_pos=0 elapsed_ms=0.232
kiln_profile_gdn_stage layer=24 stage=gates seq_len=29 start_pos=0 elapsed_ms=0.511
kiln_profile_gdn_stage layer=24 stage=recurrent seq_len=29 start_pos=0 elapsed_ms=3.254
kiln_profile_gdn_stage layer=24 stage=post_transpose seq_len=29 start_pos=0 elapsed_ms=0.000
kiln_profile_gdn_stage layer=24 stage=gated_norm seq_len=29 start_pos=0 elapsed_ms=1.566
kiln_profile_gdn_stage layer=24 stage=out_proj seq_len=29 start_pos=0 elapsed_ms=2.328
kiln_profile_mlp_stage layer=24 stage=fused seq_len=29 start_pos=0 elapsed_ms=10.497
kiln_profile_paged_layer layer=24 kind=linear seq_len=29 start_pos=0 elapsed_ms=29.029
kiln_profile_gdn_stage layer=25 stage=in_proj seq_len=29 start_pos=0 elapsed_ms=7.674
kiln_profile_gdn_stage layer=25 stage=conv seq_len=29 start_pos=0 elapsed_ms=2.794
kiln_profile_gdn_stage layer=25 stage=qkv_split seq_len=29 start_pos=0 elapsed_ms=0.151
kiln_profile_gdn_stage layer=25 stage=qk_norm seq_len=29 start_pos=0 elapsed_ms=0.234
kiln_profile_gdn_stage layer=25 stage=gates seq_len=29 start_pos=0 elapsed_ms=0.521
kiln_profile_gdn_stage layer=25 stage=recurrent seq_len=29 start_pos=0 elapsed_ms=3.314
kiln_profile_gdn_stage layer=25 stage=post_transpose seq_len=29 start_pos=0 elapsed_ms=0.000
kiln_profile_gdn_stage layer=25 stage=gated_norm seq_len=29 start_pos=0 elapsed_ms=1.249
kiln_profile_gdn_stage layer=25 stage=out_proj seq_len=29 start_pos=0 elapsed_ms=2.512
kiln_profile_mlp_stage layer=25 stage=fused seq_len=29 start_pos=0 elapsed_ms=9.323
kiln_profile_paged_layer layer=25 kind=linear seq_len=29 start_pos=0 elapsed_ms=28.120
kiln_profile_gdn_stage layer=26 stage=in_proj seq_len=29 start_pos=0 elapsed_ms=7.810
kiln_profile_gdn_stage layer=26 stage=conv seq_len=29 start_pos=0 elapsed_ms=2.575
kiln_profile_gdn_stage layer=26 stage=qkv_split seq_len=29 start_pos=0 elapsed_ms=0.142
kiln_profile_gdn_stage layer=26 stage=qk_norm seq_len=29 start_pos=0 elapsed_ms=0.237
kiln_profile_gdn_stage layer=26 stage=gates seq_len=29 start_pos=0 elapsed_ms=0.549
kiln_profile_gdn_stage layer=26 stage=recurrent seq_len=29 start_pos=0 elapsed_ms=3.357
kiln_profile_gdn_stage layer=26 stage=post_transpose seq_len=29 start_pos=0 elapsed_ms=0.000
kiln_profile_gdn_stage layer=26 stage=gated_norm seq_len=29 start_pos=0 elapsed_ms=0.870
kiln_profile_gdn_stage layer=26 stage=out_proj seq_len=29 start_pos=0 elapsed_ms=2.348
kiln_profile_mlp_stage layer=26 stage=fused seq_len=29 start_pos=0 elapsed_ms=9.324
kiln_profile_paged_layer layer=26 kind=linear seq_len=29 start_pos=0 elapsed_ms=27.561
kiln_profile_full_attn_stage full_attn_layer=6 stage=qkv_proj seq_len=29 start_pos=0 elapsed_ms=7.033
kiln_profile_full_attn_stage full_attn_layer=6 stage=qkv_split seq_len=29 start_pos=0 elapsed_ms=0.021
kiln_profile_full_attn_stage full_attn_layer=6 stage=qk_norm seq_len=29 start_pos=0 elapsed_ms=0.264
kiln_profile_full_attn_stage full_attn_layer=6 stage=rope seq_len=29 start_pos=0 elapsed_ms=0.347
kiln_profile_full_attn_stage full_attn_layer=6 stage=q_transpose seq_len=29 start_pos=0 elapsed_ms=0.084
kiln_profile_full_attn_stage full_attn_layer=6 stage=kv_write seq_len=29 start_pos=0 elapsed_ms=0.061
kiln_profile_full_attn_stage full_attn_layer=6 stage=kv_read seq_len=29 start_pos=0 elapsed_ms=0.007
kiln_profile_mlp_stage layer=27 stage=fused seq_len=29 start_pos=0 elapsed_ms=11.044
kiln_profile_paged_layer layer=27 kind=full seq_len=29 start_pos=0 elapsed_ms=21.845
kiln_profile_gdn_stage layer=28 stage=in_proj seq_len=29 start_pos=0 elapsed_ms=7.782
kiln_profile_gdn_stage layer=28 stage=conv seq_len=29 start_pos=0 elapsed_ms=2.512
kiln_profile_gdn_stage layer=28 stage=qkv_split seq_len=29 start_pos=0 elapsed_ms=0.144
kiln_profile_gdn_stage layer=28 stage=qk_norm seq_len=29 start_pos=0 elapsed_ms=0.238
kiln_profile_gdn_stage layer=28 stage=gates seq_len=29 start_pos=0 elapsed_ms=0.524
kiln_profile_gdn_stage layer=28 stage=recurrent seq_len=29 start_pos=0 elapsed_ms=3.259
kiln_profile_gdn_stage layer=28 stage=post_transpose seq_len=29 start_pos=0 elapsed_ms=0.000
kiln_profile_gdn_stage layer=28 stage=gated_norm seq_len=29 start_pos=0 elapsed_ms=1.082
kiln_profile_gdn_stage layer=28 stage=out_proj seq_len=29 start_pos=0 elapsed_ms=2.515
kiln_profile_mlp_stage layer=28 stage=fused seq_len=29 start_pos=0 elapsed_ms=9.730
kiln_profile_paged_layer layer=28 kind=linear seq_len=29 start_pos=0 elapsed_ms=28.114
kiln_profile_gdn_stage layer=29 stage=in_proj seq_len=29 start_pos=0 elapsed_ms=8.750
kiln_profile_gdn_stage layer=29 stage=conv seq_len=29 start_pos=0 elapsed_ms=2.578
kiln_profile_gdn_stage layer=29 stage=qkv_split seq_len=29 start_pos=0 elapsed_ms=0.136
kiln_profile_gdn_stage layer=29 stage=qk_norm seq_len=29 start_pos=0 elapsed_ms=0.236
kiln_profile_gdn_stage layer=29 stage=gates seq_len=29 start_pos=0 elapsed_ms=0.493
kiln_profile_gdn_stage layer=29 stage=recurrent seq_len=29 start_pos=0 elapsed_ms=3.229
kiln_profile_gdn_stage layer=29 stage=post_transpose seq_len=29 start_pos=0 elapsed_ms=0.000
kiln_profile_gdn_stage layer=29 stage=gated_norm seq_len=29 start_pos=0 elapsed_ms=1.061
kiln_profile_gdn_stage layer=29 stage=out_proj seq_len=29 start_pos=0 elapsed_ms=2.485
kiln_profile_mlp_stage layer=29 stage=fused seq_len=29 start_pos=0 elapsed_ms=8.810
kiln_profile_paged_layer layer=29 kind=linear seq_len=29 start_pos=0 elapsed_ms=28.114
kiln_profile_gdn_stage layer=30 stage=in_proj seq_len=29 start_pos=0 elapsed_ms=7.674
kiln_profile_gdn_stage layer=30 stage=conv seq_len=29 start_pos=0 elapsed_ms=2.528
kiln_profile_gdn_stage layer=30 stage=qkv_split seq_len=29 start_pos=0 elapsed_ms=0.144
kiln_profile_gdn_stage layer=30 stage=qk_norm seq_len=29 start_pos=0 elapsed_ms=0.236
kiln_profile_gdn_stage layer=30 stage=gates seq_len=29 start_pos=0 elapsed_ms=0.495
kiln_profile_gdn_stage layer=30 stage=recurrent seq_len=29 start_pos=0 elapsed_ms=3.192
kiln_profile_gdn_stage layer=30 stage=post_transpose seq_len=29 start_pos=0 elapsed_ms=0.000
kiln_profile_gdn_stage layer=30 stage=gated_norm seq_len=29 start_pos=0 elapsed_ms=1.780
kiln_profile_gdn_stage layer=30 stage=out_proj seq_len=29 start_pos=0 elapsed_ms=2.343
kiln_profile_mlp_stage layer=30 stage=fused seq_len=29 start_pos=0 elapsed_ms=11.170
kiln_profile_paged_layer layer=30 kind=linear seq_len=29 start_pos=0 elapsed_ms=29.895
kiln_profile_full_attn_stage full_attn_layer=7 stage=qkv_proj seq_len=29 start_pos=0 elapsed_ms=7.368
kiln_profile_full_attn_stage full_attn_layer=7 stage=qkv_split seq_len=29 start_pos=0 elapsed_ms=0.023
kiln_profile_full_attn_stage full_attn_layer=7 stage=qk_norm seq_len=29 start_pos=0 elapsed_ms=0.256
kiln_profile_full_attn_stage full_attn_layer=7 stage=rope seq_len=29 start_pos=0 elapsed_ms=0.346
kiln_profile_full_attn_stage full_attn_layer=7 stage=q_transpose seq_len=29 start_pos=0 elapsed_ms=0.086
kiln_profile_full_attn_stage full_attn_layer=7 stage=kv_write seq_len=29 start_pos=0 elapsed_ms=0.129
kiln_profile_full_attn_stage full_attn_layer=7 stage=kv_read seq_len=29 start_pos=0 elapsed_ms=0.012
kiln_profile_mlp_stage layer=31 stage=fused seq_len=29 start_pos=0 elapsed_ms=11.064
kiln_profile_paged_layer layer=31 kind=full seq_len=29 start_pos=0 elapsed_ms=22.517
kiln_profile_gdn_stage layer=0 stage=in_proj seq_len=29 start_pos=0 elapsed_ms=8.152
kiln_profile_gdn_stage layer=0 stage=conv seq_len=29 start_pos=0 elapsed_ms=3.175
kiln_profile_gdn_stage layer=0 stage=qkv_split seq_len=29 start_pos=0 elapsed_ms=0.149
kiln_profile_gdn_stage layer=0 stage=qk_norm seq_len=29 start_pos=0 elapsed_ms=0.230
kiln_profile_gdn_stage layer=0 stage=gates seq_len=29 start_pos=0 elapsed_ms=0.511
kiln_profile_gdn_stage layer=0 stage=recurrent seq_len=29 start_pos=0 elapsed_ms=3.911
kiln_profile_gdn_stage layer=0 stage=post_transpose seq_len=29 start_pos=0 elapsed_ms=0.000
kiln_profile_gdn_stage layer=0 stage=gated_norm seq_len=29 start_pos=0 elapsed_ms=2.384
kiln_profile_gdn_stage layer=0 stage=out_proj seq_len=29 start_pos=0 elapsed_ms=2.344
kiln_profile_mlp_stage layer=0 stage=fused seq_len=29 start_pos=0 elapsed_ms=8.230
kiln_profile_paged_layer layer=0 kind=linear seq_len=29 start_pos=0 elapsed_ms=29.463
kiln_profile_gdn_stage layer=1 stage=in_proj seq_len=29 start_pos=0 elapsed_ms=7.901
kiln_profile_gdn_stage layer=1 stage=conv seq_len=29 start_pos=0 elapsed_ms=2.495
kiln_profile_gdn_stage layer=1 stage=qkv_split seq_len=29 start_pos=0 elapsed_ms=0.146
kiln_profile_gdn_stage layer=1 stage=qk_norm seq_len=29 start_pos=0 elapsed_ms=0.228
kiln_profile_gdn_stage layer=1 stage=gates seq_len=29 start_pos=0 elapsed_ms=0.243
kiln_profile_gdn_stage layer=1 stage=recurrent seq_len=29 start_pos=0 elapsed_ms=3.150
kiln_profile_gdn_stage layer=1 stage=post_transpose seq_len=29 start_pos=0 elapsed_ms=0.000
kiln_profile_gdn_stage layer=1 stage=gated_norm seq_len=29 start_pos=0 elapsed_ms=2.383
kiln_profile_gdn_stage layer=1 stage=out_proj seq_len=29 start_pos=0 elapsed_ms=2.345
kiln_profile_mlp_stage layer=1 stage=fused seq_len=29 start_pos=0 elapsed_ms=10.952
kiln_profile_paged_layer layer=1 kind=linear seq_len=29 start_pos=0 elapsed_ms=30.188
kiln_profile_gdn_stage layer=2 stage=in_proj seq_len=29 start_pos=0 elapsed_ms=7.868
kiln_profile_gdn_stage layer=2 stage=conv seq_len=29 start_pos=0 elapsed_ms=2.531
kiln_profile_gdn_stage layer=2 stage=qkv_split seq_len=29 start_pos=0 elapsed_ms=0.135
kiln_profile_gdn_stage layer=2 stage=qk_norm seq_len=29 start_pos=0 elapsed_ms=0.235
kiln_profile_gdn_stage layer=2 stage=gates seq_len=29 start_pos=0 elapsed_ms=0.694
kiln_profile_gdn_stage layer=2 stage=recurrent seq_len=29 start_pos=0 elapsed_ms=2.900
kiln_profile_gdn_stage layer=2 stage=post_transpose seq_len=29 start_pos=0 elapsed_ms=0.000
kiln_profile_gdn_stage layer=2 stage=gated_norm seq_len=29 start_pos=0 elapsed_ms=1.068
kiln_profile_gdn_stage layer=2 stage=out_proj seq_len=29 start_pos=0 elapsed_ms=2.266
kiln_profile_mlp_stage layer=2 stage=fused seq_len=29 start_pos=0 elapsed_ms=10.670
kiln_profile_paged_layer layer=2 kind=linear seq_len=29 start_pos=0 elapsed_ms=28.702
kiln_profile_full_attn_stage full_attn_layer=0 stage=qkv_proj seq_len=29 start_pos=0 elapsed_ms=10.800
kiln_profile_full_attn_stage full_attn_layer=0 stage=qkv_split seq_len=29 start_pos=0 elapsed_ms=0.022
kiln_profile_full_attn_stage full_attn_layer=0 stage=qk_norm seq_len=29 start_pos=0 elapsed_ms=0.261
kiln_profile_full_attn_stage full_attn_layer=0 stage=rope seq_len=29 start_pos=0 elapsed_ms=0.362
kiln_profile_full_attn_stage full_attn_layer=0 stage=q_transpose seq_len=29 start_pos=0 elapsed_ms=0.080
kiln_profile_full_attn_stage full_attn_layer=0 stage=kv_write seq_len=29 start_pos=0 elapsed_ms=0.060
kiln_profile_full_attn_stage full_attn_layer=0 stage=kv_read seq_len=29 start_pos=0 elapsed_ms=0.005
kiln_profile_mlp_stage layer=3 stage=fused seq_len=29 start_pos=0 elapsed_ms=10.305
kiln_profile_paged_layer layer=3 kind=full seq_len=29 start_pos=0 elapsed_ms=24.930
kiln_profile_gdn_stage layer=4 stage=in_proj seq_len=29 start_pos=0 elapsed_ms=7.752
kiln_profile_gdn_stage layer=4 stage=conv seq_len=29 start_pos=0 elapsed_ms=2.755
kiln_profile_gdn_stage layer=4 stage=qkv_split seq_len=29 start_pos=0 elapsed_ms=0.135
kiln_profile_gdn_stage layer=4 stage=qk_norm seq_len=29 start_pos=0 elapsed_ms=0.228
kiln_profile_gdn_stage layer=4 stage=gates seq_len=29 start_pos=0 elapsed_ms=0.502
kiln_profile_gdn_stage layer=4 stage=recurrent seq_len=29 start_pos=0 elapsed_ms=2.921
kiln_profile_gdn_stage layer=4 stage=post_transpose seq_len=29 start_pos=0 elapsed_ms=0.000
kiln_profile_gdn_stage layer=4 stage=gated_norm seq_len=29 start_pos=0 elapsed_ms=2.362
kiln_profile_gdn_stage layer=4 stage=out_proj seq_len=29 start_pos=0 elapsed_ms=1.483
kiln_profile_mlp_stage layer=4 stage=fused seq_len=29 start_pos=0 elapsed_ms=12.020
kiln_profile_paged_layer layer=4 kind=linear seq_len=29 start_pos=0 elapsed_ms=30.491
kiln_profile_gdn_stage layer=5 stage=in_proj seq_len=29 start_pos=0 elapsed_ms=8.053
kiln_profile_gdn_stage layer=5 stage=conv seq_len=29 start_pos=0 elapsed_ms=2.727
kiln_profile_gdn_stage layer=5 stage=qkv_split seq_len=29 start_pos=0 elapsed_ms=0.148
kiln_profile_gdn_stage layer=5 stage=qk_norm seq_len=29 start_pos=0 elapsed_ms=0.230
kiln_profile_gdn_stage layer=5 stage=gates seq_len=29 start_pos=0 elapsed_ms=0.484
kiln_profile_gdn_stage layer=5 stage=recurrent seq_len=29 start_pos=0 elapsed_ms=2.924
kiln_profile_gdn_stage layer=5 stage=post_transpose seq_len=29 start_pos=0 elapsed_ms=0.000
kiln_profile_gdn_stage layer=5 stage=gated_norm seq_len=29 start_pos=0 elapsed_ms=2.352
kiln_profile_gdn_stage layer=5 stage=out_proj seq_len=29 start_pos=0 elapsed_ms=3.275
kiln_profile_mlp_stage layer=5 stage=fused seq_len=29 start_pos=0 elapsed_ms=8.384
kiln_profile_paged_layer layer=5 kind=linear seq_len=29 start_pos=0 elapsed_ms=28.910
kiln_profile_gdn_stage layer=6 stage=in_proj seq_len=29 start_pos=0 elapsed_ms=8.120
kiln_profile_gdn_stage layer=6 stage=conv seq_len=29 start_pos=0 elapsed_ms=2.558
kiln_profile_gdn_stage layer=6 stage=qkv_split seq_len=29 start_pos=0 elapsed_ms=0.138
kiln_profile_gdn_stage layer=6 stage=qk_norm seq_len=29 start_pos=0 elapsed_ms=0.241
kiln_profile_gdn_stage layer=6 stage=gates seq_len=29 start_pos=0 elapsed_ms=0.487
kiln_profile_gdn_stage layer=6 stage=recurrent seq_len=29 start_pos=0 elapsed_ms=2.912
kiln_profile_gdn_stage layer=6 stage=post_transpose seq_len=29 start_pos=0 elapsed_ms=0.000
kiln_profile_gdn_stage layer=6 stage=gated_norm seq_len=29 start_pos=0 elapsed_ms=1.041
kiln_profile_gdn_stage layer=6 stage=out_proj seq_len=29 start_pos=0 elapsed_ms=1.842
kiln_profile_mlp_stage layer=6 stage=fused seq_len=29 start_pos=0 elapsed_ms=10.321
kiln_profile_paged_layer layer=6 kind=linear seq_len=29 start_pos=0 elapsed_ms=27.996
kiln_profile_full_attn_stage full_attn_layer=1 stage=qkv_proj seq_len=29 start_pos=0 elapsed_ms=10.492
kiln_profile_full_attn_stage full_attn_layer=1 stage=qkv_split seq_len=29 start_pos=0 elapsed_ms=0.023
kiln_profile_full_attn_stage full_attn_layer=1 stage=qk_norm seq_len=29 start_pos=0 elapsed_ms=0.255
kiln_profile_full_attn_stage full_attn_layer=1 stage=rope seq_len=29 start_pos=0 elapsed_ms=0.343
kiln_profile_full_attn_stage full_attn_layer=1 stage=q_transpose seq_len=29 start_pos=0 elapsed_ms=0.083
kiln_profile_full_attn_stage full_attn_layer=1 stage=kv_write seq_len=29 start_pos=0 elapsed_ms=0.031
kiln_profile_full_attn_stage full_attn_layer=1 stage=kv_read seq_len=29 start_pos=0 elapsed_ms=0.006
kiln_profile_mlp_stage layer=7 stage=fused seq_len=29 start_pos=0 elapsed_ms=8.514
kiln_profile_paged_layer layer=7 kind=full seq_len=29 start_pos=0 elapsed_ms=22.747
kiln_profile_gdn_stage layer=8 stage=in_proj seq_len=29 start_pos=0 elapsed_ms=7.768
kiln_profile_gdn_stage layer=8 stage=conv seq_len=29 start_pos=0 elapsed_ms=2.484
kiln_profile_gdn_stage layer=8 stage=qkv_split seq_len=29 start_pos=0 elapsed_ms=0.136
kiln_profile_gdn_stage layer=8 stage=qk_norm seq_len=29 start_pos=0 elapsed_ms=0.229
kiln_profile_gdn_stage layer=8 stage=gates seq_len=29 start_pos=0 elapsed_ms=0.522
kiln_profile_gdn_stage layer=8 stage=recurrent seq_len=29 start_pos=0 elapsed_ms=2.907
kiln_profile_gdn_stage layer=8 stage=post_transpose seq_len=29 start_pos=0 elapsed_ms=0.000
kiln_profile_gdn_stage layer=8 stage=gated_norm seq_len=29 start_pos=0 elapsed_ms=1.317
kiln_profile_gdn_stage layer=8 stage=out_proj seq_len=29 start_pos=0 elapsed_ms=1.467
kiln_profile_mlp_stage layer=8 stage=fused seq_len=29 start_pos=0 elapsed_ms=9.618
kiln_profile_paged_layer layer=8 kind=linear seq_len=29 start_pos=0 elapsed_ms=26.783
kiln_profile_gdn_stage layer=9 stage=in_proj seq_len=29 start_pos=0 elapsed_ms=7.813
kiln_profile_gdn_stage layer=9 stage=conv seq_len=29 start_pos=0 elapsed_ms=2.772
kiln_profile_gdn_stage layer=9 stage=qkv_split seq_len=29 start_pos=0 elapsed_ms=0.142
kiln_profile_gdn_stage layer=9 stage=qk_norm seq_len=29 start_pos=0 elapsed_ms=0.231
kiln_profile_gdn_stage layer=9 stage=gates seq_len=29 start_pos=0 elapsed_ms=0.481
kiln_profile_gdn_stage layer=9 stage=recurrent seq_len=29 start_pos=0 elapsed_ms=2.882
kiln_profile_gdn_stage layer=9 stage=post_transpose seq_len=29 start_pos=0 elapsed_ms=0.000
kiln_profile_gdn_stage layer=9 stage=gated_norm seq_len=29 start_pos=0 elapsed_ms=2.303
kiln_profile_gdn_stage layer=9 stage=out_proj seq_len=29 start_pos=0 elapsed_ms=2.305
kiln_profile_mlp_stage layer=9 stage=fused seq_len=29 start_pos=0 elapsed_ms=8.978
kiln_profile_paged_layer layer=9 kind=linear seq_len=29 start_pos=0 elapsed_ms=28.248
kiln_profile_gdn_stage layer=10 stage=in_proj seq_len=29 start_pos=0 elapsed_ms=7.743
kiln_profile_gdn_stage layer=10 stage=conv seq_len=29 start_pos=0 elapsed_ms=2.794
kiln_profile_gdn_stage layer=10 stage=qkv_split seq_len=29 start_pos=0 elapsed_ms=0.140
kiln_profile_gdn_stage layer=10 stage=qk_norm seq_len=29 start_pos=0 elapsed_ms=0.237
kiln_profile_gdn_stage layer=10 stage=gates seq_len=29 start_pos=0 elapsed_ms=0.403
kiln_profile_gdn_stage layer=10 stage=recurrent seq_len=29 start_pos=0 elapsed_ms=3.157
kiln_profile_gdn_stage layer=10 stage=post_transpose seq_len=29 start_pos=0 elapsed_ms=0.000
kiln_profile_gdn_stage layer=10 stage=gated_norm seq_len=29 start_pos=0 elapsed_ms=2.520
kiln_profile_gdn_stage layer=10 stage=out_proj seq_len=29 start_pos=0 elapsed_ms=2.391
kiln_profile_mlp_stage layer=10 stage=fused seq_len=29 start_pos=0 elapsed_ms=8.597
kiln_profile_paged_layer layer=10 kind=linear seq_len=29 start_pos=0 elapsed_ms=28.322
kiln_profile_full_attn_stage full_attn_layer=2 stage=qkv_proj seq_len=29 start_pos=0 elapsed_ms=11.261
kiln_profile_full_attn_stage full_attn_layer=2 stage=qkv_split seq_len=29 start_pos=0 elapsed_ms=0.032
kiln_profile_full_attn_stage full_attn_layer=2 stage=qk_norm seq_len=29 start_pos=0 elapsed_ms=0.258
kiln_profile_full_attn_stage full_attn_layer=2 stage=rope seq_len=29 start_pos=0 elapsed_ms=0.347
kiln_profile_full_attn_stage full_attn_layer=2 stage=q_transpose seq_len=29 start_pos=0 elapsed_ms=0.085
kiln_profile_full_attn_stage full_attn_layer=2 stage=kv_write seq_len=29 start_pos=0 elapsed_ms=0.059
kiln_profile_full_attn_stage full_attn_layer=2 stage=kv_read seq_len=29 start_pos=0 elapsed_ms=0.005
kiln_profile_mlp_stage layer=11 stage=fused seq_len=29 start_pos=0 elapsed_ms=9.877
kiln_profile_paged_layer layer=11 kind=full seq_len=29 start_pos=0 elapsed_ms=24.122
kiln_profile_gdn_stage layer=12 stage=in_proj seq_len=29 start_pos=0 elapsed_ms=7.924
kiln_profile_gdn_stage layer=12 stage=conv seq_len=29 start_pos=0 elapsed_ms=2.787
kiln_profile_gdn_stage layer=12 stage=qkv_split seq_len=29 start_pos=0 elapsed_ms=0.134
kiln_profile_gdn_stage layer=12 stage=qk_norm seq_len=29 start_pos=0 elapsed_ms=0.229
kiln_profile_gdn_stage layer=12 stage=gates seq_len=29 start_pos=0 elapsed_ms=0.578
kiln_profile_gdn_stage layer=12 stage=recurrent seq_len=29 start_pos=0 elapsed_ms=3.683
kiln_profile_gdn_stage layer=12 stage=post_transpose seq_len=29 start_pos=0 elapsed_ms=0.000
kiln_profile_gdn_stage layer=12 stage=gated_norm seq_len=29 start_pos=0 elapsed_ms=2.280
kiln_profile_gdn_stage layer=12 stage=out_proj seq_len=29 start_pos=0 elapsed_ms=2.348
kiln_profile_mlp_stage layer=12 stage=fused seq_len=29 start_pos=0 elapsed_ms=9.005
kiln_profile_paged_layer layer=12 kind=linear seq_len=29 start_pos=0 elapsed_ms=29.337
kiln_profile_gdn_stage layer=13 stage=in_proj seq_len=29 start_pos=0 elapsed_ms=7.898
kiln_profile_gdn_stage layer=13 stage=conv seq_len=29 start_pos=0 elapsed_ms=2.751
kiln_profile_gdn_stage layer=13 stage=qkv_split seq_len=29 start_pos=0 elapsed_ms=0.139
kiln_profile_gdn_stage layer=13 stage=qk_norm seq_len=29 start_pos=0 elapsed_ms=0.232
kiln_profile_gdn_stage layer=13 stage=gates seq_len=29 start_pos=0 elapsed_ms=0.413
kiln_profile_gdn_stage layer=13 stage=recurrent seq_len=29 start_pos=0 elapsed_ms=2.892
kiln_profile_gdn_stage layer=13 stage=post_transpose seq_len=29 start_pos=0 elapsed_ms=0.000
kiln_profile_gdn_stage layer=13 stage=gated_norm seq_len=29 start_pos=0 elapsed_ms=2.515
kiln_profile_gdn_stage layer=13 stage=out_proj seq_len=29 start_pos=0 elapsed_ms=3.256
kiln_profile_mlp_stage layer=13 stage=fused seq_len=29 start_pos=0 elapsed_ms=10.990
kiln_profile_paged_layer layer=13 kind=linear seq_len=29 start_pos=0 elapsed_ms=31.430
kiln_profile_gdn_stage layer=14 stage=in_proj seq_len=29 start_pos=0 elapsed_ms=7.964
kiln_profile_gdn_stage layer=14 stage=conv seq_len=29 start_pos=0 elapsed_ms=2.803
kiln_profile_gdn_stage layer=14 stage=qkv_split seq_len=29 start_pos=0 elapsed_ms=0.141
kiln_profile_gdn_stage layer=14 stage=qk_norm seq_len=29 start_pos=0 elapsed_ms=0.231
kiln_profile_gdn_stage layer=14 stage=gates seq_len=29 start_pos=0 elapsed_ms=0.486
kiln_profile_gdn_stage layer=14 stage=recurrent seq_len=29 start_pos=0 elapsed_ms=3.207
kiln_profile_gdn_stage layer=14 stage=post_transpose seq_len=29 start_pos=0 elapsed_ms=0.000
kiln_profile_gdn_stage layer=14 stage=gated_norm seq_len=29 start_pos=0 elapsed_ms=2.928
kiln_profile_gdn_stage layer=14 stage=out_proj seq_len=29 start_pos=0 elapsed_ms=3.151
kiln_profile_mlp_stage layer=14 stage=fused seq_len=29 start_pos=0 elapsed_ms=10.022
kiln_profile_paged_layer layer=14 kind=linear seq_len=29 start_pos=0 elapsed_ms=31.288
kiln_profile_full_attn_stage full_attn_layer=3 stage=qkv_proj seq_len=29 start_pos=0 elapsed_ms=11.031
kiln_profile_full_attn_stage full_attn_layer=3 stage=qkv_split seq_len=29 start_pos=0 elapsed_ms=0.033
kiln_profile_full_attn_stage full_attn_layer=3 stage=qk_norm seq_len=29 start_pos=0 elapsed_ms=0.257
kiln_profile_full_attn_stage full_attn_layer=3 stage=rope seq_len=29 start_pos=0 elapsed_ms=0.346
kiln_profile_full_attn_stage full_attn_layer=3 stage=q_transpose seq_len=29 start_pos=0 elapsed_ms=0.091
kiln_profile_full_attn_stage full_attn_layer=3 stage=kv_write seq_len=29 start_pos=0 elapsed_ms=0.031
kiln_profile_full_attn_stage full_attn_layer=3 stage=kv_read seq_len=29 start_pos=0 elapsed_ms=0.005
kiln_profile_mlp_stage layer=15 stage=fused seq_len=29 start_pos=0 elapsed_ms=8.269
kiln_profile_paged_layer layer=15 kind=full seq_len=29 start_pos=0 elapsed_ms=22.510
kiln_profile_gdn_stage layer=16 stage=in_proj seq_len=29 start_pos=0 elapsed_ms=7.746
kiln_profile_gdn_stage layer=16 stage=conv seq_len=29 start_pos=0 elapsed_ms=2.832
kiln_profile_gdn_stage layer=16 stage=qkv_split seq_len=29 start_pos=0 elapsed_ms=0.144
kiln_profile_gdn_stage layer=16 stage=qk_norm seq_len=29 start_pos=0 elapsed_ms=0.232
kiln_profile_gdn_stage layer=16 stage=gates seq_len=29 start_pos=0 elapsed_ms=0.619
kiln_profile_gdn_stage layer=16 stage=recurrent seq_len=29 start_pos=0 elapsed_ms=2.892
kiln_profile_gdn_stage layer=16 stage=post_transpose seq_len=29 start_pos=0 elapsed_ms=0.000
kiln_profile_gdn_stage layer=16 stage=gated_norm seq_len=29 start_pos=0 elapsed_ms=2.238
kiln_profile_gdn_stage layer=16 stage=out_proj seq_len=29 start_pos=0 elapsed_ms=3.325
kiln_profile_mlp_stage layer=16 stage=fused seq_len=29 start_pos=0 elapsed_ms=10.708
kiln_profile_paged_layer layer=16 kind=linear seq_len=29 start_pos=0 elapsed_ms=31.099
kiln_profile_gdn_stage layer=17 stage=in_proj seq_len=29 start_pos=0 elapsed_ms=7.891
kiln_profile_gdn_stage layer=17 stage=conv seq_len=29 start_pos=0 elapsed_ms=2.805
kiln_profile_gdn_stage layer=17 stage=qkv_split seq_len=29 start_pos=0 elapsed_ms=0.140
kiln_profile_gdn_stage layer=17 stage=qk_norm seq_len=29 start_pos=0 elapsed_ms=0.231
kiln_profile_gdn_stage layer=17 stage=gates seq_len=29 start_pos=0 elapsed_ms=0.515
kiln_profile_gdn_stage layer=17 stage=recurrent seq_len=29 start_pos=0 elapsed_ms=3.197
kiln_profile_gdn_stage layer=17 stage=post_transpose seq_len=29 start_pos=0 elapsed_ms=0.000
kiln_profile_gdn_stage layer=17 stage=gated_norm seq_len=29 start_pos=0 elapsed_ms=2.292
kiln_profile_gdn_stage layer=17 stage=out_proj seq_len=29 start_pos=0 elapsed_ms=2.350
kiln_profile_mlp_stage layer=17 stage=fused seq_len=29 start_pos=0 elapsed_ms=10.216
kiln_profile_paged_layer layer=17 kind=linear seq_len=29 start_pos=0 elapsed_ms=29.972
kiln_profile_gdn_stage layer=18 stage=in_proj seq_len=29 start_pos=0 elapsed_ms=7.808
kiln_profile_gdn_stage layer=18 stage=conv seq_len=29 start_pos=0 elapsed_ms=2.747
kiln_profile_gdn_stage layer=18 stage=qkv_split seq_len=29 start_pos=0 elapsed_ms=0.141
kiln_profile_gdn_stage layer=18 stage=qk_norm seq_len=29 start_pos=0 elapsed_ms=0.230
kiln_profile_gdn_stage layer=18 stage=gates seq_len=29 start_pos=0 elapsed_ms=0.604
kiln_profile_gdn_stage layer=18 stage=recurrent seq_len=29 start_pos=0 elapsed_ms=3.143
kiln_profile_gdn_stage layer=18 stage=post_transpose seq_len=29 start_pos=0 elapsed_ms=0.000
kiln_profile_gdn_stage layer=18 stage=gated_norm seq_len=29 start_pos=0 elapsed_ms=2.321
kiln_profile_gdn_stage layer=18 stage=out_proj seq_len=29 start_pos=0 elapsed_ms=2.321
kiln_profile_mlp_stage layer=18 stage=fused seq_len=29 start_pos=0 elapsed_ms=8.950
kiln_profile_paged_layer layer=18 kind=linear seq_len=29 start_pos=0 elapsed_ms=28.616
kiln_profile_full_attn_stage full_attn_layer=4 stage=qkv_proj seq_len=29 start_pos=0 elapsed_ms=10.383
kiln_profile_full_attn_stage full_attn_layer=4 stage=qkv_split seq_len=29 start_pos=0 elapsed_ms=0.049
kiln_profile_full_attn_stage full_attn_layer=4 stage=qk_norm seq_len=29 start_pos=0 elapsed_ms=0.267
kiln_profile_full_attn_stage full_attn_layer=4 stage=rope seq_len=29 start_pos=0 elapsed_ms=0.360
kiln_profile_full_attn_stage full_attn_layer=4 stage=q_transpose seq_len=29 start_pos=0 elapsed_ms=0.095
kiln_profile_full_attn_stage full_attn_layer=4 stage=kv_write seq_len=29 start_pos=0 elapsed_ms=0.062
kiln_profile_full_attn_stage full_attn_layer=4 stage=kv_read seq_len=29 start_pos=0 elapsed_ms=0.006
kiln_profile_mlp_stage layer=19 stage=fused seq_len=29 start_pos=0 elapsed_ms=10.436
kiln_profile_paged_layer layer=19 kind=full seq_len=29 start_pos=0 elapsed_ms=24.845
kiln_profile_gdn_stage layer=20 stage=in_proj seq_len=29 start_pos=0 elapsed_ms=7.745
kiln_profile_gdn_stage layer=20 stage=conv seq_len=29 start_pos=0 elapsed_ms=2.765
kiln_profile_gdn_stage layer=20 stage=qkv_split seq_len=29 start_pos=0 elapsed_ms=0.141
kiln_profile_gdn_stage layer=20 stage=qk_norm seq_len=29 start_pos=0 elapsed_ms=0.232
kiln_profile_gdn_stage layer=20 stage=gates seq_len=29 start_pos=0 elapsed_ms=0.542
kiln_profile_gdn_stage layer=20 stage=recurrent seq_len=29 start_pos=0 elapsed_ms=3.355
kiln_profile_gdn_stage layer=20 stage=post_transpose seq_len=29 start_pos=0 elapsed_ms=0.000
kiln_profile_gdn_stage layer=20 stage=gated_norm seq_len=29 start_pos=0 elapsed_ms=1.017
kiln_profile_gdn_stage layer=20 stage=out_proj seq_len=29 start_pos=0 elapsed_ms=2.426
kiln_profile_mlp_stage layer=20 stage=fused seq_len=29 start_pos=0 elapsed_ms=9.763
kiln_profile_paged_layer layer=20 kind=linear seq_len=29 start_pos=0 elapsed_ms=28.335
kiln_profile_gdn_stage layer=21 stage=in_proj seq_len=29 start_pos=0 elapsed_ms=7.975
kiln_profile_gdn_stage layer=21 stage=conv seq_len=29 start_pos=0 elapsed_ms=2.787
kiln_profile_gdn_stage layer=21 stage=qkv_split seq_len=29 start_pos=0 elapsed_ms=0.142
kiln_profile_gdn_stage layer=21 stage=qk_norm seq_len=29 start_pos=0 elapsed_ms=0.230
kiln_profile_gdn_stage layer=21 stage=gates seq_len=29 start_pos=0 elapsed_ms=0.524
kiln_profile_gdn_stage layer=21 stage=recurrent seq_len=29 start_pos=0 elapsed_ms=3.082
kiln_profile_gdn_stage layer=21 stage=post_transpose seq_len=29 start_pos=0 elapsed_ms=0.000
kiln_profile_gdn_stage layer=21 stage=gated_norm seq_len=29 start_pos=0 elapsed_ms=2.379
kiln_profile_gdn_stage layer=21 stage=out_proj seq_len=29 start_pos=0 elapsed_ms=2.518
kiln_profile_mlp_stage layer=21 stage=fused seq_len=29 start_pos=0 elapsed_ms=10.023
kiln_profile_paged_layer layer=21 kind=linear seq_len=29 start_pos=0 elapsed_ms=30.136
kiln_profile_gdn_stage layer=22 stage=in_proj seq_len=29 start_pos=0 elapsed_ms=7.835
kiln_profile_gdn_stage layer=22 stage=conv seq_len=29 start_pos=0 elapsed_ms=2.769
kiln_profile_gdn_stage layer=22 stage=qkv_split seq_len=29 start_pos=0 elapsed_ms=0.142
kiln_profile_gdn_stage layer=22 stage=qk_norm seq_len=29 start_pos=0 elapsed_ms=0.231
kiln_profile_gdn_stage layer=22 stage=gates seq_len=29 start_pos=0 elapsed_ms=0.598
kiln_profile_gdn_stage layer=22 stage=recurrent seq_len=29 start_pos=0 elapsed_ms=3.145
kiln_profile_gdn_stage layer=22 stage=post_transpose seq_len=29 start_pos=0 elapsed_ms=0.000
kiln_profile_gdn_stage layer=22 stage=gated_norm seq_len=29 start_pos=0 elapsed_ms=2.264
kiln_profile_gdn_stage layer=22 stage=out_proj seq_len=29 start_pos=0 elapsed_ms=3.085
kiln_profile_mlp_stage layer=22 stage=fused seq_len=29 start_pos=0 elapsed_ms=9.166
kiln_profile_paged_layer layer=22 kind=linear seq_len=29 start_pos=0 elapsed_ms=29.581
kiln_profile_full_attn_stage full_attn_layer=5 stage=qkv_proj seq_len=29 start_pos=0 elapsed_ms=11.177
kiln_profile_full_attn_stage full_attn_layer=5 stage=qkv_split seq_len=29 start_pos=0 elapsed_ms=0.033
kiln_profile_full_attn_stage full_attn_layer=5 stage=qk_norm seq_len=29 start_pos=0 elapsed_ms=0.264
kiln_profile_full_attn_stage full_attn_layer=5 stage=rope seq_len=29 start_pos=0 elapsed_ms=0.346
kiln_profile_full_attn_stage full_attn_layer=5 stage=q_transpose seq_len=29 start_pos=0 elapsed_ms=0.092
kiln_profile_full_attn_stage full_attn_layer=5 stage=kv_write seq_len=29 start_pos=0 elapsed_ms=0.032
kiln_profile_full_attn_stage full_attn_layer=5 stage=kv_read seq_len=29 start_pos=0 elapsed_ms=0.005
kiln_profile_mlp_stage layer=23 stage=fused seq_len=29 start_pos=0 elapsed_ms=10.402
kiln_profile_paged_layer layer=23 kind=full seq_len=29 start_pos=0 elapsed_ms=24.788
kiln_profile_gdn_stage layer=24 stage=in_proj seq_len=29 start_pos=0 elapsed_ms=7.869
kiln_profile_gdn_stage layer=24 stage=conv seq_len=29 start_pos=0 elapsed_ms=2.888
kiln_profile_gdn_stage layer=24 stage=qkv_split seq_len=29 start_pos=0 elapsed_ms=0.136
kiln_profile_gdn_stage layer=24 stage=qk_norm seq_len=29 start_pos=0 elapsed_ms=0.231
kiln_profile_gdn_stage layer=24 stage=gates seq_len=29 start_pos=0 elapsed_ms=0.498
kiln_profile_gdn_stage layer=24 stage=recurrent seq_len=29 start_pos=0 elapsed_ms=2.931
kiln_profile_gdn_stage layer=24 stage=post_transpose seq_len=29 start_pos=0 elapsed_ms=0.000
kiln_profile_gdn_stage layer=24 stage=gated_norm seq_len=29 start_pos=0 elapsed_ms=2.403
kiln_profile_gdn_stage layer=24 stage=out_proj seq_len=29 start_pos=0 elapsed_ms=2.283
kiln_profile_mlp_stage layer=24 stage=fused seq_len=29 start_pos=0 elapsed_ms=8.908
kiln_profile_paged_layer layer=24 kind=linear seq_len=29 start_pos=0 elapsed_ms=28.473
kiln_profile_gdn_stage layer=25 stage=in_proj seq_len=29 start_pos=0 elapsed_ms=8.144
kiln_profile_gdn_stage layer=25 stage=conv seq_len=29 start_pos=0 elapsed_ms=2.732
kiln_profile_gdn_stage layer=25 stage=qkv_split seq_len=29 start_pos=0 elapsed_ms=0.142
kiln_profile_gdn_stage layer=25 stage=qk_norm seq_len=29 start_pos=0 elapsed_ms=0.230
kiln_profile_gdn_stage layer=25 stage=gates seq_len=29 start_pos=0 elapsed_ms=0.494
kiln_profile_gdn_stage layer=25 stage=recurrent seq_len=29 start_pos=0 elapsed_ms=3.139
kiln_profile_gdn_stage layer=25 stage=post_transpose seq_len=29 start_pos=0 elapsed_ms=0.000
kiln_profile_gdn_stage layer=25 stage=gated_norm seq_len=29 start_pos=0 elapsed_ms=2.276
kiln_profile_gdn_stage layer=25 stage=out_proj seq_len=29 start_pos=0 elapsed_ms=2.409
kiln_profile_mlp_stage layer=25 stage=fused seq_len=29 start_pos=0 elapsed_ms=8.554
kiln_profile_paged_layer layer=25 kind=linear seq_len=29 start_pos=0 elapsed_ms=28.454
kiln_profile_gdn_stage layer=26 stage=in_proj seq_len=29 start_pos=0 elapsed_ms=7.999
kiln_profile_gdn_stage layer=26 stage=conv seq_len=29 start_pos=0 elapsed_ms=2.764
kiln_profile_gdn_stage layer=26 stage=qkv_split seq_len=29 start_pos=0 elapsed_ms=0.151
kiln_profile_gdn_stage layer=26 stage=qk_norm seq_len=29 start_pos=0 elapsed_ms=0.234
kiln_profile_gdn_stage layer=26 stage=gates seq_len=29 start_pos=0 elapsed_ms=0.227
kiln_profile_gdn_stage layer=26 stage=recurrent seq_len=29 start_pos=0 elapsed_ms=3.211
kiln_profile_gdn_stage layer=26 stage=post_transpose seq_len=29 start_pos=0 elapsed_ms=0.000
kiln_profile_gdn_stage layer=26 stage=gated_norm seq_len=29 start_pos=0 elapsed_ms=1.379
kiln_profile_gdn_stage layer=26 stage=out_proj seq_len=29 start_pos=0 elapsed_ms=2.413
kiln_profile_mlp_stage layer=26 stage=fused seq_len=29 start_pos=0 elapsed_ms=10.625
kiln_profile_paged_layer layer=26 kind=linear seq_len=29 start_pos=0 elapsed_ms=29.345
kiln_profile_full_attn_stage full_attn_layer=6 stage=qkv_proj seq_len=29 start_pos=0 elapsed_ms=10.921
kiln_profile_full_attn_stage full_attn_layer=6 stage=qkv_split seq_len=29 start_pos=0 elapsed_ms=0.034
kiln_profile_full_attn_stage full_attn_layer=6 stage=qk_norm seq_len=29 start_pos=0 elapsed_ms=0.258
kiln_profile_full_attn_stage full_attn_layer=6 stage=rope seq_len=29 start_pos=0 elapsed_ms=0.348
kiln_profile_full_attn_stage full_attn_layer=6 stage=q_transpose seq_len=29 start_pos=0 elapsed_ms=0.094
kiln_profile_full_attn_stage full_attn_layer=6 stage=kv_write seq_len=29 start_pos=0 elapsed_ms=0.058
kiln_profile_full_attn_stage full_attn_layer=6 stage=kv_read seq_len=29 start_pos=0 elapsed_ms=0.007
kiln_profile_mlp_stage layer=27 stage=fused seq_len=29 start_pos=0 elapsed_ms=8.465
kiln_profile_paged_layer layer=27 kind=full seq_len=29 start_pos=0 elapsed_ms=23.239
kiln_profile_gdn_stage layer=28 stage=in_proj seq_len=29 start_pos=0 elapsed_ms=7.803
kiln_profile_gdn_stage layer=28 stage=conv seq_len=29 start_pos=0 elapsed_ms=2.713
kiln_profile_gdn_stage layer=28 stage=qkv_split seq_len=29 start_pos=0 elapsed_ms=0.155
kiln_profile_gdn_stage layer=28 stage=qk_norm seq_len=29 start_pos=0 elapsed_ms=0.232
kiln_profile_gdn_stage layer=28 stage=gates seq_len=29 start_pos=0 elapsed_ms=0.487
kiln_profile_gdn_stage layer=28 stage=recurrent seq_len=29 start_pos=0 elapsed_ms=3.257
kiln_profile_gdn_stage layer=28 stage=post_transpose seq_len=29 start_pos=0 elapsed_ms=0.000
kiln_profile_gdn_stage layer=28 stage=gated_norm seq_len=29 start_pos=0 elapsed_ms=2.319
kiln_profile_gdn_stage layer=28 stage=out_proj seq_len=29 start_pos=0 elapsed_ms=3.047
kiln_profile_mlp_stage layer=28 stage=fused seq_len=29 start_pos=0 elapsed_ms=9.745
kiln_profile_paged_layer layer=28 kind=linear seq_len=29 start_pos=0 elapsed_ms=30.097
kiln_profile_gdn_stage layer=29 stage=in_proj seq_len=29 start_pos=0 elapsed_ms=7.825
kiln_profile_gdn_stage layer=29 stage=conv seq_len=29 start_pos=0 elapsed_ms=2.767
kiln_profile_gdn_stage layer=29 stage=qkv_split seq_len=29 start_pos=0 elapsed_ms=0.148
kiln_profile_gdn_stage layer=29 stage=qk_norm seq_len=29 start_pos=0 elapsed_ms=0.233
kiln_profile_gdn_stage layer=29 stage=gates seq_len=29 start_pos=0 elapsed_ms=0.563
kiln_profile_gdn_stage layer=29 stage=recurrent seq_len=29 start_pos=0 elapsed_ms=3.211
kiln_profile_gdn_stage layer=29 stage=post_transpose seq_len=29 start_pos=0 elapsed_ms=0.000
kiln_profile_gdn_stage layer=29 stage=gated_norm seq_len=29 start_pos=0 elapsed_ms=2.300
kiln_profile_gdn_stage layer=29 stage=out_proj seq_len=29 start_pos=0 elapsed_ms=2.287
kiln_profile_mlp_stage layer=29 stage=fused seq_len=29 start_pos=0 elapsed_ms=9.955
kiln_profile_paged_layer layer=29 kind=linear seq_len=29 start_pos=0 elapsed_ms=29.652
kiln_profile_gdn_stage layer=30 stage=in_proj seq_len=29 start_pos=0 elapsed_ms=8.849
kiln_profile_gdn_stage layer=30 stage=conv seq_len=29 start_pos=0 elapsed_ms=2.824
kiln_profile_gdn_stage layer=30 stage=qkv_split seq_len=29 start_pos=0 elapsed_ms=0.142
kiln_profile_gdn_stage layer=30 stage=qk_norm seq_len=29 start_pos=0 elapsed_ms=0.235
kiln_profile_gdn_stage layer=30 stage=gates seq_len=29 start_pos=0 elapsed_ms=1.101
kiln_profile_gdn_stage layer=30 stage=recurrent seq_len=29 start_pos=0 elapsed_ms=3.156
kiln_profile_gdn_stage layer=30 stage=post_transpose seq_len=29 start_pos=0 elapsed_ms=0.000
kiln_profile_gdn_stage layer=30 stage=gated_norm seq_len=29 start_pos=0 elapsed_ms=1.180
kiln_profile_gdn_stage layer=30 stage=out_proj seq_len=29 start_pos=0 elapsed_ms=2.311
kiln_profile_mlp_stage layer=30 stage=fused seq_len=29 start_pos=0 elapsed_ms=10.175
kiln_profile_paged_layer layer=30 kind=linear seq_len=29 start_pos=0 elapsed_ms=30.348
kiln_profile_full_attn_stage full_attn_layer=7 stage=qkv_proj seq_len=29 start_pos=0 elapsed_ms=10.972
kiln_profile_full_attn_stage full_attn_layer=7 stage=qkv_split seq_len=29 start_pos=0 elapsed_ms=0.033
kiln_profile_full_attn_stage full_attn_layer=7 stage=qk_norm seq_len=29 start_pos=0 elapsed_ms=0.250
kiln_profile_full_attn_stage full_attn_layer=7 stage=rope seq_len=29 start_pos=0 elapsed_ms=0.344
kiln_profile_full_attn_stage full_attn_layer=7 stage=q_transpose seq_len=29 start_pos=0 elapsed_ms=0.090
kiln_profile_full_attn_stage full_attn_layer=7 stage=kv_write seq_len=29 start_pos=0 elapsed_ms=0.033
kiln_profile_full_attn_stage full_attn_layer=7 stage=kv_read seq_len=29 start_pos=0 elapsed_ms=0.008
kiln_profile_mlp_stage layer=31 stage=fused seq_len=29 start_pos=0 elapsed_ms=10.141
kiln_profile_paged_layer layer=31 kind=full seq_len=29 start_pos=0 elapsed_ms=25.938
kiln_profile_gdn_stage layer=0 stage=in_proj seq_len=32 start_pos=0 elapsed_ms=8.562
kiln_profile_gdn_stage layer=0 stage=conv seq_len=32 start_pos=0 elapsed_ms=3.975
kiln_profile_gdn_stage layer=0 stage=qkv_split seq_len=32 start_pos=0 elapsed_ms=0.149
kiln_profile_gdn_stage layer=0 stage=qk_norm seq_len=32 start_pos=0 elapsed_ms=0.273
kiln_profile_gdn_stage layer=0 stage=gates seq_len=32 start_pos=0 elapsed_ms=0.524
kiln_profile_gdn_stage layer=0 stage=recurrent seq_len=32 start_pos=0 elapsed_ms=4.380
kiln_profile_gdn_stage layer=0 stage=post_transpose seq_len=32 start_pos=0 elapsed_ms=0.000
kiln_profile_gdn_stage layer=0 stage=gated_norm seq_len=32 start_pos=0 elapsed_ms=1.093
kiln_profile_gdn_stage layer=0 stage=out_proj seq_len=32 start_pos=0 elapsed_ms=1.651
kiln_profile_mlp_stage layer=0 stage=fused seq_len=32 start_pos=0 elapsed_ms=11.691
kiln_profile_paged_layer layer=0 kind=linear seq_len=32 start_pos=0 elapsed_ms=32.722
kiln_profile_gdn_stage layer=1 stage=in_proj seq_len=32 start_pos=0 elapsed_ms=8.932
kiln_profile_gdn_stage layer=1 stage=conv seq_len=32 start_pos=0 elapsed_ms=2.803
kiln_profile_gdn_stage layer=1 stage=qkv_split seq_len=32 start_pos=0 elapsed_ms=0.153
kiln_profile_gdn_stage layer=1 stage=qk_norm seq_len=32 start_pos=0 elapsed_ms=0.254
kiln_profile_gdn_stage layer=1 stage=gates seq_len=32 start_pos=0 elapsed_ms=0.525
kiln_profile_gdn_stage layer=1 stage=recurrent seq_len=32 start_pos=0 elapsed_ms=3.209
kiln_profile_gdn_stage layer=1 stage=post_transpose seq_len=32 start_pos=0 elapsed_ms=0.000
kiln_profile_gdn_stage layer=1 stage=gated_norm seq_len=32 start_pos=0 elapsed_ms=2.494
kiln_profile_gdn_stage layer=1 stage=out_proj seq_len=32 start_pos=0 elapsed_ms=2.278
kiln_profile_mlp_stage layer=1 stage=fused seq_len=32 start_pos=0 elapsed_ms=10.937
kiln_profile_paged_layer layer=1 kind=linear seq_len=32 start_pos=0 elapsed_ms=31.952
kiln_profile_gdn_stage layer=2 stage=in_proj seq_len=32 start_pos=0 elapsed_ms=8.022
kiln_profile_gdn_stage layer=2 stage=conv seq_len=32 start_pos=0 elapsed_ms=2.806
kiln_profile_gdn_stage layer=2 stage=qkv_split seq_len=32 start_pos=0 elapsed_ms=0.153
kiln_profile_gdn_stage layer=2 stage=qk_norm seq_len=32 start_pos=0 elapsed_ms=0.257
kiln_profile_gdn_stage layer=2 stage=gates seq_len=32 start_pos=0 elapsed_ms=0.496
kiln_profile_gdn_stage layer=2 stage=recurrent seq_len=32 start_pos=0 elapsed_ms=3.261
kiln_profile_gdn_stage layer=2 stage=post_transpose seq_len=32 start_pos=0 elapsed_ms=0.000
kiln_profile_gdn_stage layer=2 stage=gated_norm seq_len=32 start_pos=0 elapsed_ms=2.450
kiln_profile_gdn_stage layer=2 stage=out_proj seq_len=32 start_pos=0 elapsed_ms=2.323
kiln_profile_mlp_stage layer=2 stage=fused seq_len=32 start_pos=0 elapsed_ms=10.930
kiln_profile_paged_layer layer=2 kind=linear seq_len=32 start_pos=0 elapsed_ms=31.075
kiln_profile_full_attn_stage full_attn_layer=0 stage=qkv_proj seq_len=32 start_pos=0 elapsed_ms=12.107
kiln_profile_full_attn_stage full_attn_layer=0 stage=qkv_split seq_len=32 start_pos=0 elapsed_ms=0.030
kiln_profile_full_attn_stage full_attn_layer=0 stage=qk_norm seq_len=32 start_pos=0 elapsed_ms=0.281
kiln_profile_full_attn_stage full_attn_layer=0 stage=rope seq_len=32 start_pos=0 elapsed_ms=0.383
kiln_profile_full_attn_stage full_attn_layer=0 stage=q_transpose seq_len=32 start_pos=0 elapsed_ms=0.117
kiln_profile_full_attn_stage full_attn_layer=0 stage=kv_write seq_len=32 start_pos=0 elapsed_ms=0.071
kiln_profile_full_attn_stage full_attn_layer=0 stage=kv_read seq_len=32 start_pos=0 elapsed_ms=0.007
kiln_profile_mlp_stage layer=3 stage=fused seq_len=32 start_pos=0 elapsed_ms=10.087
kiln_profile_paged_layer layer=3 kind=full seq_len=32 start_pos=0 elapsed_ms=26.361
kiln_profile_gdn_stage layer=4 stage=in_proj seq_len=32 start_pos=0 elapsed_ms=8.747
kiln_profile_gdn_stage layer=4 stage=conv seq_len=32 start_pos=0 elapsed_ms=2.769
kiln_profile_gdn_stage layer=4 stage=qkv_split seq_len=32 start_pos=0 elapsed_ms=0.153
kiln_profile_gdn_stage layer=4 stage=qk_norm seq_len=32 start_pos=0 elapsed_ms=0.259
kiln_profile_gdn_stage layer=4 stage=gates seq_len=32 start_pos=0 elapsed_ms=0.467
kiln_profile_gdn_stage layer=4 stage=recurrent seq_len=32 start_pos=0 elapsed_ms=3.634
kiln_profile_gdn_stage layer=4 stage=post_transpose seq_len=32 start_pos=0 elapsed_ms=0.000
kiln_profile_gdn_stage layer=4 stage=gated_norm seq_len=32 start_pos=0 elapsed_ms=2.474
kiln_profile_gdn_stage layer=4 stage=out_proj seq_len=32 start_pos=0 elapsed_ms=2.378
kiln_profile_mlp_stage layer=4 stage=fused seq_len=32 start_pos=0 elapsed_ms=10.799
kiln_profile_paged_layer layer=4 kind=linear seq_len=32 start_pos=0 elapsed_ms=32.077
kiln_profile_gdn_stage layer=5 stage=in_proj seq_len=32 start_pos=0 elapsed_ms=8.264
kiln_profile_gdn_stage layer=5 stage=conv seq_len=32 start_pos=0 elapsed_ms=3.717
kiln_profile_gdn_stage layer=5 stage=qkv_split seq_len=32 start_pos=0 elapsed_ms=0.153
kiln_profile_gdn_stage layer=5 stage=qk_norm seq_len=32 start_pos=0 elapsed_ms=0.266
kiln_profile_gdn_stage layer=5 stage=gates seq_len=32 start_pos=0 elapsed_ms=0.503
kiln_profile_gdn_stage layer=5 stage=recurrent seq_len=32 start_pos=0 elapsed_ms=3.331
kiln_profile_gdn_stage layer=5 stage=post_transpose seq_len=32 start_pos=0 elapsed_ms=0.000
kiln_profile_gdn_stage layer=5 stage=gated_norm seq_len=32 start_pos=0 elapsed_ms=2.399
kiln_profile_gdn_stage layer=5 stage=out_proj seq_len=32 start_pos=0 elapsed_ms=3.266
kiln_profile_mlp_stage layer=5 stage=fused seq_len=32 start_pos=0 elapsed_ms=11.726
kiln_profile_paged_layer layer=5 kind=linear seq_len=32 start_pos=0 elapsed_ms=34.016
kiln_profile_gdn_stage layer=6 stage=in_proj seq_len=32 start_pos=0 elapsed_ms=8.331
kiln_profile_gdn_stage layer=6 stage=conv seq_len=32 start_pos=0 elapsed_ms=4.497
kiln_profile_gdn_stage layer=6 stage=qkv_split seq_len=32 start_pos=0 elapsed_ms=0.158
kiln_profile_gdn_stage layer=6 stage=qk_norm seq_len=32 start_pos=0 elapsed_ms=0.260
kiln_profile_gdn_stage layer=6 stage=gates seq_len=32 start_pos=0 elapsed_ms=0.486
kiln_profile_gdn_stage layer=6 stage=recurrent seq_len=32 start_pos=0 elapsed_ms=3.366
kiln_profile_gdn_stage layer=6 stage=post_transpose seq_len=32 start_pos=0 elapsed_ms=0.000
kiln_profile_gdn_stage layer=6 stage=gated_norm seq_len=32 start_pos=0 elapsed_ms=2.466
kiln_profile_gdn_stage layer=6 stage=out_proj seq_len=32 start_pos=0 elapsed_ms=2.466
kiln_profile_mlp_stage layer=6 stage=fused seq_len=32 start_pos=0 elapsed_ms=10.421
kiln_profile_paged_layer layer=6 kind=linear seq_len=32 start_pos=0 elapsed_ms=32.829
kiln_profile_full_attn_stage full_attn_layer=1 stage=qkv_proj seq_len=32 start_pos=0 elapsed_ms=12.463
kiln_profile_full_attn_stage full_attn_layer=1 stage=qkv_split seq_len=32 start_pos=0 elapsed_ms=0.027
kiln_profile_full_attn_stage full_attn_layer=1 stage=qk_norm seq_len=32 start_pos=0 elapsed_ms=0.288
kiln_profile_full_attn_stage full_attn_layer=1 stage=rope seq_len=32 start_pos=0 elapsed_ms=0.384
kiln_profile_full_attn_stage full_attn_layer=1 stage=q_transpose seq_len=32 start_pos=0 elapsed_ms=0.115
kiln_profile_full_attn_stage full_attn_layer=1 stage=kv_write seq_len=32 start_pos=0 elapsed_ms=0.038
kiln_profile_full_attn_stage full_attn_layer=1 stage=kv_read seq_len=32 start_pos=0 elapsed_ms=0.009
kiln_profile_mlp_stage layer=7 stage=fused seq_len=32 start_pos=0 elapsed_ms=12.184
kiln_profile_paged_layer layer=7 kind=full seq_len=32 start_pos=0 elapsed_ms=28.800
kiln_profile_gdn_stage layer=8 stage=in_proj seq_len=32 start_pos=0 elapsed_ms=8.964
kiln_profile_gdn_stage layer=8 stage=conv seq_len=32 start_pos=0 elapsed_ms=3.444
kiln_profile_gdn_stage layer=8 stage=qkv_split seq_len=32 start_pos=0 elapsed_ms=0.152
kiln_profile_gdn_stage layer=8 stage=qk_norm seq_len=32 start_pos=0 elapsed_ms=0.260
kiln_profile_gdn_stage layer=8 stage=gates seq_len=32 start_pos=0 elapsed_ms=0.514
kiln_profile_gdn_stage layer=8 stage=recurrent seq_len=32 start_pos=0 elapsed_ms=3.309
kiln_profile_gdn_stage layer=8 stage=post_transpose seq_len=32 start_pos=0 elapsed_ms=0.000
kiln_profile_gdn_stage layer=8 stage=gated_norm seq_len=32 start_pos=0 elapsed_ms=2.420
kiln_profile_gdn_stage layer=8 stage=out_proj seq_len=32 start_pos=0 elapsed_ms=2.331
kiln_profile_mlp_stage layer=8 stage=fused seq_len=32 start_pos=0 elapsed_ms=10.192
kiln_profile_paged_layer layer=8 kind=linear seq_len=32 start_pos=0 elapsed_ms=31.946
kiln_profile_gdn_stage layer=9 stage=in_proj seq_len=32 start_pos=0 elapsed_ms=8.935
kiln_profile_gdn_stage layer=9 stage=conv seq_len=32 start_pos=0 elapsed_ms=3.481
kiln_profile_gdn_stage layer=9 stage=qkv_split seq_len=32 start_pos=0 elapsed_ms=0.155
kiln_profile_gdn_stage layer=9 stage=qk_norm seq_len=32 start_pos=0 elapsed_ms=0.267
kiln_profile_gdn_stage layer=9 stage=gates seq_len=32 start_pos=0 elapsed_ms=0.237
kiln_profile_gdn_stage layer=9 stage=recurrent seq_len=32 start_pos=0 elapsed_ms=3.425
kiln_profile_gdn_stage layer=9 stage=post_transpose seq_len=32 start_pos=0 elapsed_ms=0.000
kiln_profile_gdn_stage layer=9 stage=gated_norm seq_len=32 start_pos=0 elapsed_ms=2.482
kiln_profile_gdn_stage layer=9 stage=out_proj seq_len=32 start_pos=0 elapsed_ms=3.282
kiln_profile_mlp_stage layer=9 stage=fused seq_len=32 start_pos=0 elapsed_ms=10.813
kiln_profile_paged_layer layer=9 kind=linear seq_len=32 start_pos=0 elapsed_ms=33.449
kiln_profile_gdn_stage layer=10 stage=in_proj seq_len=32 start_pos=0 elapsed_ms=8.187
kiln_profile_gdn_stage layer=10 stage=conv seq_len=32 start_pos=0 elapsed_ms=3.452
kiln_profile_gdn_stage layer=10 stage=qkv_split seq_len=32 start_pos=0 elapsed_ms=0.155
kiln_profile_gdn_stage layer=10 stage=qk_norm seq_len=32 start_pos=0 elapsed_ms=0.261
kiln_profile_gdn_stage layer=10 stage=gates seq_len=32 start_pos=0 elapsed_ms=0.263
kiln_profile_gdn_stage layer=10 stage=recurrent seq_len=32 start_pos=0 elapsed_ms=3.867
kiln_profile_gdn_stage layer=10 stage=post_transpose seq_len=32 start_pos=0 elapsed_ms=0.000
kiln_profile_gdn_stage layer=10 stage=gated_norm seq_len=32 start_pos=0 elapsed_ms=2.503
kiln_profile_gdn_stage layer=10 stage=out_proj seq_len=32 start_pos=0 elapsed_ms=2.576
kiln_profile_mlp_stage layer=10 stage=fused seq_len=32 start_pos=0 elapsed_ms=8.853
kiln_profile_paged_layer layer=10 kind=linear seq_len=32 start_pos=0 elapsed_ms=30.489
kiln_profile_full_attn_stage full_attn_layer=2 stage=qkv_proj seq_len=32 start_pos=0 elapsed_ms=12.261
kiln_profile_full_attn_stage full_attn_layer=2 stage=qkv_split seq_len=32 start_pos=0 elapsed_ms=0.031
kiln_profile_full_attn_stage full_attn_layer=2 stage=qk_norm seq_len=32 start_pos=0 elapsed_ms=0.287
kiln_profile_full_attn_stage full_attn_layer=2 stage=rope seq_len=32 start_pos=0 elapsed_ms=0.383
kiln_profile_full_attn_stage full_attn_layer=2 stage=q_transpose seq_len=32 start_pos=0 elapsed_ms=0.111
kiln_profile_full_attn_stage full_attn_layer=2 stage=kv_write seq_len=32 start_pos=0 elapsed_ms=0.096
kiln_profile_full_attn_stage full_attn_layer=2 stage=kv_read seq_len=32 start_pos=0 elapsed_ms=0.008
kiln_profile_mlp_stage layer=11 stage=fused seq_len=32 start_pos=0 elapsed_ms=11.736
kiln_profile_paged_layer layer=11 kind=full seq_len=32 start_pos=0 elapsed_ms=27.244
kiln_profile_gdn_stage layer=12 stage=in_proj seq_len=32 start_pos=0 elapsed_ms=8.077
kiln_profile_gdn_stage layer=12 stage=conv seq_len=32 start_pos=0 elapsed_ms=3.412
kiln_profile_gdn_stage layer=12 stage=qkv_split seq_len=32 start_pos=0 elapsed_ms=0.151
kiln_profile_gdn_stage layer=12 stage=qk_norm seq_len=32 start_pos=0 elapsed_ms=0.254
kiln_profile_gdn_stage layer=12 stage=gates seq_len=32 start_pos=0 elapsed_ms=0.549
kiln_profile_gdn_stage layer=12 stage=recurrent seq_len=32 start_pos=0 elapsed_ms=3.569
kiln_profile_gdn_stage layer=12 stage=post_transpose seq_len=32 start_pos=0 elapsed_ms=0.000
kiln_profile_gdn_stage layer=12 stage=gated_norm seq_len=32 start_pos=0 elapsed_ms=2.576
kiln_profile_gdn_stage layer=12 stage=out_proj seq_len=32 start_pos=0 elapsed_ms=1.741
kiln_profile_mlp_stage layer=12 stage=fused seq_len=32 start_pos=0 elapsed_ms=11.830
kiln_profile_paged_layer layer=12 kind=linear seq_len=32 start_pos=0 elapsed_ms=32.538
kiln_profile_gdn_stage layer=13 stage=in_proj seq_len=32 start_pos=0 elapsed_ms=8.203
kiln_profile_gdn_stage layer=13 stage=conv seq_len=32 start_pos=0 elapsed_ms=3.482
kiln_profile_gdn_stage layer=13 stage=qkv_split seq_len=32 start_pos=0 elapsed_ms=0.150
kiln_profile_gdn_stage layer=13 stage=qk_norm seq_len=32 start_pos=0 elapsed_ms=0.266
kiln_profile_gdn_stage layer=13 stage=gates seq_len=32 start_pos=0 elapsed_ms=0.512
kiln_profile_gdn_stage layer=13 stage=recurrent seq_len=32 start_pos=0 elapsed_ms=3.673
kiln_profile_gdn_stage layer=13 stage=post_transpose seq_len=32 start_pos=0 elapsed_ms=0.000
kiln_profile_gdn_stage layer=13 stage=gated_norm seq_len=32 start_pos=0 elapsed_ms=2.589
kiln_profile_gdn_stage layer=13 stage=out_proj seq_len=32 start_pos=0 elapsed_ms=2.653
kiln_profile_mlp_stage layer=13 stage=fused seq_len=32 start_pos=0 elapsed_ms=8.773
kiln_profile_paged_layer layer=13 kind=linear seq_len=32 start_pos=0 elapsed_ms=30.691
kiln_profile_gdn_stage layer=14 stage=in_proj seq_len=32 start_pos=0 elapsed_ms=8.116
kiln_profile_gdn_stage layer=14 stage=conv seq_len=32 start_pos=0 elapsed_ms=3.523
kiln_profile_gdn_stage layer=14 stage=qkv_split seq_len=32 start_pos=0 elapsed_ms=0.159
kiln_profile_gdn_stage layer=14 stage=qk_norm seq_len=32 start_pos=0 elapsed_ms=0.273
kiln_profile_gdn_stage layer=14 stage=gates seq_len=32 start_pos=0 elapsed_ms=0.492
kiln_profile_gdn_stage layer=14 stage=recurrent seq_len=32 start_pos=0 elapsed_ms=3.526
kiln_profile_gdn_stage layer=14 stage=post_transpose seq_len=32 start_pos=0 elapsed_ms=0.000
kiln_profile_gdn_stage layer=14 stage=gated_norm seq_len=32 start_pos=0 elapsed_ms=2.437
kiln_profile_gdn_stage layer=14 stage=out_proj seq_len=32 start_pos=0 elapsed_ms=3.472
kiln_profile_mlp_stage layer=14 stage=fused seq_len=32 start_pos=0 elapsed_ms=9.129
kiln_profile_paged_layer layer=14 kind=linear seq_len=32 start_pos=0 elapsed_ms=31.502
kiln_profile_full_attn_stage full_attn_layer=3 stage=qkv_proj seq_len=32 start_pos=0 elapsed_ms=12.582
kiln_profile_full_attn_stage full_attn_layer=3 stage=qkv_split seq_len=32 start_pos=0 elapsed_ms=0.036
kiln_profile_full_attn_stage full_attn_layer=3 stage=qk_norm seq_len=32 start_pos=0 elapsed_ms=0.486
kiln_profile_full_attn_stage full_attn_layer=3 stage=rope seq_len=32 start_pos=0 elapsed_ms=0.518
kiln_profile_full_attn_stage full_attn_layer=3 stage=q_transpose seq_len=32 start_pos=0 elapsed_ms=0.113
kiln_profile_full_attn_stage full_attn_layer=3 stage=kv_write seq_len=32 start_pos=0 elapsed_ms=0.035
kiln_profile_full_attn_stage full_attn_layer=3 stage=kv_read seq_len=32 start_pos=0 elapsed_ms=0.008
kiln_profile_mlp_stage layer=15 stage=fused seq_len=32 start_pos=0 elapsed_ms=9.332
kiln_profile_paged_layer layer=15 kind=full seq_len=32 start_pos=0 elapsed_ms=27.253
kiln_profile_gdn_stage layer=16 stage=in_proj seq_len=32 start_pos=0 elapsed_ms=9.030
kiln_profile_gdn_stage layer=16 stage=conv seq_len=32 start_pos=0 elapsed_ms=3.331
kiln_profile_gdn_stage layer=16 stage=qkv_split seq_len=32 start_pos=0 elapsed_ms=0.150
kiln_profile_gdn_stage layer=16 stage=qk_norm seq_len=32 start_pos=0 elapsed_ms=0.252
kiln_profile_gdn_stage layer=16 stage=gates seq_len=32 start_pos=0 elapsed_ms=0.502
kiln_profile_gdn_stage layer=16 stage=recurrent seq_len=32 start_pos=0 elapsed_ms=3.640
kiln_profile_gdn_stage layer=16 stage=post_transpose seq_len=32 start_pos=0 elapsed_ms=0.000
kiln_profile_gdn_stage layer=16 stage=gated_norm seq_len=32 start_pos=0 elapsed_ms=2.436
kiln_profile_gdn_stage layer=16 stage=out_proj seq_len=32 start_pos=0 elapsed_ms=1.475
kiln_profile_mlp_stage layer=16 stage=fused seq_len=32 start_pos=0 elapsed_ms=10.463
kiln_profile_paged_layer layer=16 kind=linear seq_len=32 start_pos=0 elapsed_ms=31.649
kiln_profile_gdn_stage layer=17 stage=in_proj seq_len=32 start_pos=0 elapsed_ms=8.277
kiln_profile_gdn_stage layer=17 stage=conv seq_len=32 start_pos=0 elapsed_ms=3.374
kiln_profile_gdn_stage layer=17 stage=qkv_split seq_len=32 start_pos=0 elapsed_ms=0.159
kiln_profile_gdn_stage layer=17 stage=qk_norm seq_len=32 start_pos=0 elapsed_ms=0.260
kiln_profile_gdn_stage layer=17 stage=gates seq_len=32 start_pos=0 elapsed_ms=0.521
kiln_profile_gdn_stage layer=17 stage=recurrent seq_len=32 start_pos=0 elapsed_ms=3.226
kiln_profile_gdn_stage layer=17 stage=post_transpose seq_len=32 start_pos=0 elapsed_ms=0.000
kiln_profile_gdn_stage layer=17 stage=gated_norm seq_len=32 start_pos=0 elapsed_ms=2.440
kiln_profile_gdn_stage layer=17 stage=out_proj seq_len=32 start_pos=0 elapsed_ms=2.458
kiln_profile_mlp_stage layer=17 stage=fused seq_len=32 start_pos=0 elapsed_ms=9.503
kiln_profile_paged_layer layer=17 kind=linear seq_len=32 start_pos=0 elapsed_ms=30.592
kiln_profile_gdn_stage layer=18 stage=in_proj seq_len=32 start_pos=0 elapsed_ms=8.859
kiln_profile_gdn_stage layer=18 stage=conv seq_len=32 start_pos=0 elapsed_ms=3.387
kiln_profile_gdn_stage layer=18 stage=qkv_split seq_len=32 start_pos=0 elapsed_ms=0.153
kiln_profile_gdn_stage layer=18 stage=qk_norm seq_len=32 start_pos=0 elapsed_ms=0.260
kiln_profile_gdn_stage layer=18 stage=gates seq_len=32 start_pos=0 elapsed_ms=0.537
kiln_profile_gdn_stage layer=18 stage=recurrent seq_len=32 start_pos=0 elapsed_ms=3.744
kiln_profile_gdn_stage layer=18 stage=post_transpose seq_len=32 start_pos=0 elapsed_ms=0.000
kiln_profile_gdn_stage layer=18 stage=gated_norm seq_len=32 start_pos=0 elapsed_ms=2.466
kiln_profile_gdn_stage layer=18 stage=out_proj seq_len=32 start_pos=0 elapsed_ms=3.406
kiln_profile_mlp_stage layer=18 stage=fused seq_len=32 start_pos=0 elapsed_ms=11.799
kiln_profile_paged_layer layer=18 kind=linear seq_len=32 start_pos=0 elapsed_ms=34.976
kiln_profile_full_attn_stage full_attn_layer=4 stage=qkv_proj seq_len=32 start_pos=0 elapsed_ms=12.032
kiln_profile_full_attn_stage full_attn_layer=4 stage=qkv_split seq_len=32 start_pos=0 elapsed_ms=0.022
kiln_profile_full_attn_stage full_attn_layer=4 stage=qk_norm seq_len=32 start_pos=0 elapsed_ms=0.280
kiln_profile_full_attn_stage full_attn_layer=4 stage=rope seq_len=32 start_pos=0 elapsed_ms=0.384
kiln_profile_full_attn_stage full_attn_layer=4 stage=q_transpose seq_len=32 start_pos=0 elapsed_ms=0.113
kiln_profile_full_attn_stage full_attn_layer=4 stage=kv_write seq_len=32 start_pos=0 elapsed_ms=0.064
kiln_profile_full_attn_stage full_attn_layer=4 stage=kv_read seq_len=32 start_pos=0 elapsed_ms=0.007
kiln_profile_mlp_stage layer=19 stage=fused seq_len=32 start_pos=0 elapsed_ms=11.503
kiln_profile_paged_layer layer=19 kind=full seq_len=32 start_pos=0 elapsed_ms=27.527
kiln_profile_gdn_stage layer=20 stage=in_proj seq_len=32 start_pos=0 elapsed_ms=9.407
kiln_profile_gdn_stage layer=20 stage=conv seq_len=32 start_pos=0 elapsed_ms=3.362
kiln_profile_gdn_stage layer=20 stage=qkv_split seq_len=32 start_pos=0 elapsed_ms=0.161
kiln_profile_gdn_stage layer=20 stage=qk_norm seq_len=32 start_pos=0 elapsed_ms=0.257
kiln_profile_gdn_stage layer=20 stage=gates seq_len=32 start_pos=0 elapsed_ms=0.484
kiln_profile_gdn_stage layer=20 stage=recurrent seq_len=32 start_pos=0 elapsed_ms=3.595
kiln_profile_gdn_stage layer=20 stage=post_transpose seq_len=32 start_pos=0 elapsed_ms=0.000
kiln_profile_gdn_stage layer=20 stage=gated_norm seq_len=32 start_pos=0 elapsed_ms=2.645
kiln_profile_gdn_stage layer=20 stage=out_proj seq_len=32 start_pos=0 elapsed_ms=2.380
kiln_profile_mlp_stage layer=20 stage=fused seq_len=32 start_pos=0 elapsed_ms=9.630
kiln_profile_paged_layer layer=20 kind=linear seq_len=32 start_pos=0 elapsed_ms=32.301
kiln_profile_gdn_stage layer=21 stage=in_proj seq_len=32 start_pos=0 elapsed_ms=8.440
kiln_profile_gdn_stage layer=21 stage=conv seq_len=32 start_pos=0 elapsed_ms=3.481
kiln_profile_gdn_stage layer=21 stage=qkv_split seq_len=32 start_pos=0 elapsed_ms=0.152
kiln_profile_gdn_stage layer=21 stage=qk_norm seq_len=32 start_pos=0 elapsed_ms=0.266
kiln_profile_gdn_stage layer=21 stage=gates seq_len=32 start_pos=0 elapsed_ms=0.513
kiln_profile_gdn_stage layer=21 stage=recurrent seq_len=32 start_pos=0 elapsed_ms=3.247
kiln_profile_gdn_stage layer=21 stage=post_transpose seq_len=32 start_pos=0 elapsed_ms=0.000
kiln_profile_gdn_stage layer=21 stage=gated_norm seq_len=32 start_pos=0 elapsed_ms=2.624
kiln_profile_gdn_stage layer=21 stage=out_proj seq_len=32 start_pos=0 elapsed_ms=3.360
kiln_profile_mlp_stage layer=21 stage=fused seq_len=32 start_pos=0 elapsed_ms=12.591
kiln_profile_paged_layer layer=21 kind=linear seq_len=32 start_pos=0 elapsed_ms=35.057
kiln_profile_gdn_stage layer=22 stage=in_proj seq_len=32 start_pos=0 elapsed_ms=8.732
kiln_profile_gdn_stage layer=22 stage=conv seq_len=32 start_pos=0 elapsed_ms=3.452
kiln_profile_gdn_stage layer=22 stage=qkv_split seq_len=32 start_pos=0 elapsed_ms=0.152
kiln_profile_gdn_stage layer=22 stage=qk_norm seq_len=32 start_pos=0 elapsed_ms=0.264
kiln_profile_gdn_stage layer=22 stage=gates seq_len=32 start_pos=0 elapsed_ms=0.519
kiln_profile_gdn_stage layer=22 stage=recurrent seq_len=32 start_pos=0 elapsed_ms=3.488
kiln_profile_gdn_stage layer=22 stage=post_transpose seq_len=32 start_pos=0 elapsed_ms=0.000
kiln_profile_gdn_stage layer=22 stage=gated_norm seq_len=32 start_pos=0 elapsed_ms=2.448
kiln_profile_gdn_stage layer=22 stage=out_proj seq_len=32 start_pos=0 elapsed_ms=3.255
kiln_profile_mlp_stage layer=22 stage=fused seq_len=32 start_pos=0 elapsed_ms=11.399
kiln_profile_paged_layer layer=22 kind=linear seq_len=32 start_pos=0 elapsed_ms=34.086
kiln_profile_full_attn_stage full_attn_layer=5 stage=qkv_proj seq_len=32 start_pos=0 elapsed_ms=11.807
kiln_profile_full_attn_stage full_attn_layer=5 stage=qkv_split seq_len=32 start_pos=0 elapsed_ms=0.023
kiln_profile_full_attn_stage full_attn_layer=5 stage=qk_norm seq_len=32 start_pos=0 elapsed_ms=0.290
kiln_profile_full_attn_stage full_attn_layer=5 stage=rope seq_len=32 start_pos=0 elapsed_ms=0.378
kiln_profile_full_attn_stage full_attn_layer=5 stage=q_transpose seq_len=32 start_pos=0 elapsed_ms=0.112
kiln_profile_full_attn_stage full_attn_layer=5 stage=kv_write seq_len=32 start_pos=0 elapsed_ms=0.035
kiln_profile_full_attn_stage full_attn_layer=5 stage=kv_read seq_len=32 start_pos=0 elapsed_ms=0.008
kiln_profile_mlp_stage layer=23 stage=fused seq_len=32 start_pos=0 elapsed_ms=11.280
kiln_profile_paged_layer layer=23 kind=full seq_len=32 start_pos=0 elapsed_ms=27.242
kiln_profile_gdn_stage layer=24 stage=in_proj seq_len=32 start_pos=0 elapsed_ms=8.255
kiln_profile_gdn_stage layer=24 stage=conv seq_len=32 start_pos=0 elapsed_ms=3.479
kiln_profile_gdn_stage layer=24 stage=qkv_split seq_len=32 start_pos=0 elapsed_ms=0.156
kiln_profile_gdn_stage layer=24 stage=qk_norm seq_len=32 start_pos=0 elapsed_ms=0.261
kiln_profile_gdn_stage layer=24 stage=gates seq_len=32 start_pos=0 elapsed_ms=0.506
kiln_profile_gdn_stage layer=24 stage=recurrent seq_len=32 start_pos=0 elapsed_ms=3.504
kiln_profile_gdn_stage layer=24 stage=post_transpose seq_len=32 start_pos=0 elapsed_ms=0.000
kiln_profile_gdn_stage layer=24 stage=gated_norm seq_len=32 start_pos=0 elapsed_ms=2.349
kiln_profile_gdn_stage layer=24 stage=out_proj seq_len=32 start_pos=0 elapsed_ms=2.292
kiln_profile_mlp_stage layer=24 stage=fused seq_len=32 start_pos=0 elapsed_ms=10.661
kiln_profile_paged_layer layer=24 kind=linear seq_len=32 start_pos=0 elapsed_ms=31.829
kiln_profile_gdn_stage layer=25 stage=in_proj seq_len=32 start_pos=0 elapsed_ms=8.270
kiln_profile_gdn_stage layer=25 stage=conv seq_len=32 start_pos=0 elapsed_ms=3.450
kiln_profile_gdn_stage layer=25 stage=qkv_split seq_len=32 start_pos=0 elapsed_ms=0.151
kiln_profile_gdn_stage layer=25 stage=qk_norm seq_len=32 start_pos=0 elapsed_ms=0.265
kiln_profile_gdn_stage layer=25 stage=gates seq_len=32 start_pos=0 elapsed_ms=0.253
kiln_profile_gdn_stage layer=25 stage=recurrent seq_len=32 start_pos=0 elapsed_ms=3.628
kiln_profile_gdn_stage layer=25 stage=post_transpose seq_len=32 start_pos=0 elapsed_ms=0.000
kiln_profile_gdn_stage layer=25 stage=gated_norm seq_len=32 start_pos=0 elapsed_ms=2.485
kiln_profile_gdn_stage layer=25 stage=out_proj seq_len=32 start_pos=0 elapsed_ms=3.295
kiln_profile_mlp_stage layer=25 stage=fused seq_len=32 start_pos=0 elapsed_ms=9.906
kiln_profile_paged_layer layer=25 kind=linear seq_len=32 start_pos=0 elapsed_ms=32.082
kiln_profile_gdn_stage layer=26 stage=in_proj seq_len=32 start_pos=0 elapsed_ms=8.168
kiln_profile_gdn_stage layer=26 stage=conv seq_len=32 start_pos=0 elapsed_ms=3.431
kiln_profile_gdn_stage layer=26 stage=qkv_split seq_len=32 start_pos=0 elapsed_ms=0.152
kiln_profile_gdn_stage layer=26 stage=qk_norm seq_len=32 start_pos=0 elapsed_ms=0.262
kiln_profile_gdn_stage layer=26 stage=gates seq_len=32 start_pos=0 elapsed_ms=0.227
kiln_profile_gdn_stage layer=26 stage=recurrent seq_len=32 start_pos=0 elapsed_ms=3.617
kiln_profile_gdn_stage layer=26 stage=post_transpose seq_len=32 start_pos=0 elapsed_ms=0.000
kiln_profile_gdn_stage layer=26 stage=gated_norm seq_len=32 start_pos=0 elapsed_ms=2.481
kiln_profile_gdn_stage layer=26 stage=out_proj seq_len=32 start_pos=0 elapsed_ms=3.337
kiln_profile_mlp_stage layer=26 stage=fused seq_len=32 start_pos=0 elapsed_ms=11.092
kiln_profile_paged_layer layer=26 kind=linear seq_len=32 start_pos=0 elapsed_ms=33.146
kiln_profile_full_attn_stage full_attn_layer=6 stage=qkv_proj seq_len=32 start_pos=0 elapsed_ms=11.484
kiln_profile_full_attn_stage full_attn_layer=6 stage=qkv_split seq_len=32 start_pos=0 elapsed_ms=0.030
kiln_profile_full_attn_stage full_attn_layer=6 stage=qk_norm seq_len=32 start_pos=0 elapsed_ms=0.287
kiln_profile_full_attn_stage full_attn_layer=6 stage=rope seq_len=32 start_pos=0 elapsed_ms=0.391
kiln_profile_full_attn_stage full_attn_layer=6 stage=q_transpose seq_len=32 start_pos=0 elapsed_ms=0.114
kiln_profile_full_attn_stage full_attn_layer=6 stage=kv_write seq_len=32 start_pos=0 elapsed_ms=0.072
kiln_profile_full_attn_stage full_attn_layer=6 stage=kv_read seq_len=32 start_pos=0 elapsed_ms=0.008
kiln_profile_mlp_stage layer=27 stage=fused seq_len=32 start_pos=0 elapsed_ms=11.059
kiln_profile_paged_layer layer=27 kind=full seq_len=32 start_pos=0 elapsed_ms=25.789
kiln_profile_gdn_stage layer=28 stage=in_proj seq_len=32 start_pos=0 elapsed_ms=8.163
kiln_profile_gdn_stage layer=28 stage=conv seq_len=32 start_pos=0 elapsed_ms=3.390
kiln_profile_gdn_stage layer=28 stage=qkv_split seq_len=32 start_pos=0 elapsed_ms=0.153
kiln_profile_gdn_stage layer=28 stage=qk_norm seq_len=32 start_pos=0 elapsed_ms=0.259
kiln_profile_gdn_stage layer=28 stage=gates seq_len=32 start_pos=0 elapsed_ms=0.525
kiln_profile_gdn_stage layer=28 stage=recurrent seq_len=32 start_pos=0 elapsed_ms=3.611
kiln_profile_gdn_stage layer=28 stage=post_transpose seq_len=32 start_pos=0 elapsed_ms=0.000
kiln_profile_gdn_stage layer=28 stage=gated_norm seq_len=32 start_pos=0 elapsed_ms=2.600
kiln_profile_gdn_stage layer=28 stage=out_proj seq_len=32 start_pos=0 elapsed_ms=1.500
kiln_profile_mlp_stage layer=28 stage=fused seq_len=32 start_pos=0 elapsed_ms=11.009
kiln_profile_paged_layer layer=28 kind=linear seq_len=32 start_pos=0 elapsed_ms=31.585
kiln_profile_gdn_stage layer=29 stage=in_proj seq_len=32 start_pos=0 elapsed_ms=8.269
kiln_profile_gdn_stage layer=29 stage=conv seq_len=32 start_pos=0 elapsed_ms=3.417
kiln_profile_gdn_stage layer=29 stage=qkv_split seq_len=32 start_pos=0 elapsed_ms=0.149
kiln_profile_gdn_stage layer=29 stage=qk_norm seq_len=32 start_pos=0 elapsed_ms=0.262
kiln_profile_gdn_stage layer=29 stage=gates seq_len=32 start_pos=0 elapsed_ms=0.520
kiln_profile_gdn_stage layer=29 stage=recurrent seq_len=32 start_pos=0 elapsed_ms=3.587
kiln_profile_gdn_stage layer=29 stage=post_transpose seq_len=32 start_pos=0 elapsed_ms=0.000
kiln_profile_gdn_stage layer=29 stage=gated_norm seq_len=32 start_pos=0 elapsed_ms=2.532
kiln_profile_gdn_stage layer=29 stage=out_proj seq_len=32 start_pos=0 elapsed_ms=3.463
kiln_profile_mlp_stage layer=29 stage=fused seq_len=32 start_pos=0 elapsed_ms=10.744
kiln_profile_paged_layer layer=29 kind=linear seq_len=32 start_pos=0 elapsed_ms=33.362
kiln_profile_gdn_stage layer=30 stage=in_proj seq_len=32 start_pos=0 elapsed_ms=8.201
kiln_profile_gdn_stage layer=30 stage=conv seq_len=32 start_pos=0 elapsed_ms=3.446
kiln_profile_gdn_stage layer=30 stage=qkv_split seq_len=32 start_pos=0 elapsed_ms=0.151
kiln_profile_gdn_stage layer=30 stage=qk_norm seq_len=32 start_pos=0 elapsed_ms=0.264
kiln_profile_gdn_stage layer=30 stage=gates seq_len=32 start_pos=0 elapsed_ms=0.468
kiln_profile_gdn_stage layer=30 stage=recurrent seq_len=32 start_pos=0 elapsed_ms=3.507
kiln_profile_gdn_stage layer=30 stage=post_transpose seq_len=32 start_pos=0 elapsed_ms=0.000
kiln_profile_gdn_stage layer=30 stage=gated_norm seq_len=32 start_pos=0 elapsed_ms=2.565
kiln_profile_gdn_stage layer=30 stage=out_proj seq_len=32 start_pos=0 elapsed_ms=3.489
kiln_profile_mlp_stage layer=30 stage=fused seq_len=32 start_pos=0 elapsed_ms=11.921
kiln_profile_paged_layer layer=30 kind=linear seq_len=32 start_pos=0 elapsed_ms=34.395
kiln_profile_full_attn_stage full_attn_layer=7 stage=qkv_proj seq_len=32 start_pos=0 elapsed_ms=12.096
kiln_profile_full_attn_stage full_attn_layer=7 stage=qkv_split seq_len=32 start_pos=0 elapsed_ms=0.025
kiln_profile_full_attn_stage full_attn_layer=7 stage=qk_norm seq_len=32 start_pos=0 elapsed_ms=0.288
kiln_profile_full_attn_stage full_attn_layer=7 stage=rope seq_len=32 start_pos=0 elapsed_ms=0.381
kiln_profile_full_attn_stage full_attn_layer=7 stage=q_transpose seq_len=32 start_pos=0 elapsed_ms=0.113
kiln_profile_full_attn_stage full_attn_layer=7 stage=kv_write seq_len=32 start_pos=0 elapsed_ms=0.037
kiln_profile_full_attn_stage full_attn_layer=7 stage=kv_read seq_len=32 start_pos=0 elapsed_ms=0.008
kiln_profile_mlp_stage layer=31 stage=fused seq_len=32 start_pos=0 elapsed_ms=8.650
kiln_profile_paged_layer layer=31 kind=full seq_len=32 start_pos=0 elapsed_ms=24.905
kiln_profile_gdn_stage layer=0 stage=in_proj seq_len=30 start_pos=0 elapsed_ms=5.208
kiln_profile_gdn_stage layer=0 stage=conv seq_len=30 start_pos=0 elapsed_ms=4.021
kiln_profile_gdn_stage layer=0 stage=qkv_split seq_len=30 start_pos=0 elapsed_ms=0.151
kiln_profile_gdn_stage layer=0 stage=qk_norm seq_len=30 start_pos=0 elapsed_ms=0.263
kiln_profile_gdn_stage layer=0 stage=gates seq_len=30 start_pos=0 elapsed_ms=1.114
kiln_profile_gdn_stage layer=0 stage=recurrent seq_len=30 start_pos=0 elapsed_ms=4.130
kiln_profile_gdn_stage layer=0 stage=post_transpose seq_len=30 start_pos=0 elapsed_ms=0.000
kiln_profile_gdn_stage layer=0 stage=gated_norm seq_len=30 start_pos=0 elapsed_ms=2.863
kiln_profile_gdn_stage layer=0 stage=out_proj seq_len=30 start_pos=0 elapsed_ms=3.097
kiln_profile_mlp_stage layer=0 stage=fused seq_len=30 start_pos=0 elapsed_ms=9.731
kiln_profile_paged_layer layer=0 kind=linear seq_len=30 start_pos=0 elapsed_ms=31.092
kiln_profile_gdn_stage layer=1 stage=in_proj seq_len=30 start_pos=0 elapsed_ms=9.285
kiln_profile_gdn_stage layer=1 stage=conv seq_len=30 start_pos=0 elapsed_ms=3.460
kiln_profile_gdn_stage layer=1 stage=qkv_split seq_len=30 start_pos=0 elapsed_ms=0.147
kiln_profile_gdn_stage layer=1 stage=qk_norm seq_len=30 start_pos=0 elapsed_ms=0.248
kiln_profile_gdn_stage layer=1 stage=gates seq_len=30 start_pos=0 elapsed_ms=0.251
kiln_profile_gdn_stage layer=1 stage=recurrent seq_len=30 start_pos=0 elapsed_ms=3.335
kiln_profile_gdn_stage layer=1 stage=post_transpose seq_len=30 start_pos=0 elapsed_ms=0.000
kiln_profile_gdn_stage layer=1 stage=gated_norm seq_len=30 start_pos=0 elapsed_ms=2.533
kiln_profile_gdn_stage layer=1 stage=out_proj seq_len=30 start_pos=0 elapsed_ms=2.395
kiln_profile_mlp_stage layer=1 stage=fused seq_len=30 start_pos=0 elapsed_ms=10.018
kiln_profile_paged_layer layer=1 kind=linear seq_len=30 start_pos=0 elapsed_ms=32.025
kiln_profile_gdn_stage layer=2 stage=in_proj seq_len=30 start_pos=0 elapsed_ms=8.343
kiln_profile_gdn_stage layer=2 stage=conv seq_len=30 start_pos=0 elapsed_ms=3.568
kiln_profile_gdn_stage layer=2 stage=qkv_split seq_len=30 start_pos=0 elapsed_ms=0.153
kiln_profile_gdn_stage layer=2 stage=qk_norm seq_len=30 start_pos=0 elapsed_ms=0.247
kiln_profile_gdn_stage layer=2 stage=gates seq_len=30 start_pos=0 elapsed_ms=0.499
kiln_profile_gdn_stage layer=2 stage=recurrent seq_len=30 start_pos=0 elapsed_ms=3.051
kiln_profile_gdn_stage layer=2 stage=post_transpose seq_len=30 start_pos=0 elapsed_ms=0.000
kiln_profile_gdn_stage layer=2 stage=gated_norm seq_len=30 start_pos=0 elapsed_ms=1.095
kiln_profile_gdn_stage layer=2 stage=out_proj seq_len=30 start_pos=0 elapsed_ms=2.972
kiln_profile_mlp_stage layer=2 stage=fused seq_len=30 start_pos=0 elapsed_ms=9.241
kiln_profile_paged_layer layer=2 kind=linear seq_len=30 start_pos=0 elapsed_ms=29.531
kiln_profile_full_attn_stage full_attn_layer=0 stage=qkv_proj seq_len=30 start_pos=0 elapsed_ms=7.631
kiln_profile_full_attn_stage full_attn_layer=0 stage=qkv_split seq_len=30 start_pos=0 elapsed_ms=0.041
kiln_profile_full_attn_stage full_attn_layer=0 stage=qk_norm seq_len=30 start_pos=0 elapsed_ms=0.268
kiln_profile_full_attn_stage full_attn_layer=0 stage=rope seq_len=30 start_pos=0 elapsed_ms=0.358
kiln_profile_full_attn_stage full_attn_layer=0 stage=q_transpose seq_len=30 start_pos=0 elapsed_ms=0.087
kiln_profile_full_attn_stage full_attn_layer=0 stage=kv_write seq_len=30 start_pos=0 elapsed_ms=0.131
kiln_profile_full_attn_stage full_attn_layer=0 stage=kv_read seq_len=30 start_pos=0 elapsed_ms=0.007
kiln_profile_mlp_stage layer=3 stage=fused seq_len=30 start_pos=0 elapsed_ms=10.213
kiln_profile_paged_layer layer=3 kind=full seq_len=30 start_pos=0 elapsed_ms=23.325
kiln_profile_gdn_stage layer=4 stage=in_proj seq_len=30 start_pos=0 elapsed_ms=8.704
kiln_profile_gdn_stage layer=4 stage=conv seq_len=30 start_pos=0 elapsed_ms=3.244
kiln_profile_gdn_stage layer=4 stage=qkv_split seq_len=30 start_pos=0 elapsed_ms=0.146
kiln_profile_gdn_stage layer=4 stage=qk_norm seq_len=30 start_pos=0 elapsed_ms=0.242
kiln_profile_gdn_stage layer=4 stage=gates seq_len=30 start_pos=0 elapsed_ms=0.519
kiln_profile_gdn_stage layer=4 stage=recurrent seq_len=30 start_pos=0 elapsed_ms=3.139
kiln_profile_gdn_stage layer=4 stage=post_transpose seq_len=30 start_pos=0 elapsed_ms=0.000
kiln_profile_gdn_stage layer=4 stage=gated_norm seq_len=30 start_pos=0 elapsed_ms=1.200
kiln_profile_gdn_stage layer=4 stage=out_proj seq_len=30 start_pos=0 elapsed_ms=3.014
kiln_profile_mlp_stage layer=4 stage=fused seq_len=30 start_pos=0 elapsed_ms=8.832
kiln_profile_paged_layer layer=4 kind=linear seq_len=30 start_pos=0 elapsed_ms=29.391
kiln_profile_gdn_stage layer=5 stage=in_proj seq_len=30 start_pos=0 elapsed_ms=9.050
kiln_profile_gdn_stage layer=5 stage=conv seq_len=30 start_pos=0 elapsed_ms=3.033
kiln_profile_gdn_stage layer=5 stage=qkv_split seq_len=30 start_pos=0 elapsed_ms=0.144
kiln_profile_gdn_stage layer=5 stage=qk_norm seq_len=30 start_pos=0 elapsed_ms=0.240
kiln_profile_gdn_stage layer=5 stage=gates seq_len=30 start_pos=0 elapsed_ms=0.504
kiln_profile_gdn_stage layer=5 stage=recurrent seq_len=30 start_pos=0 elapsed_ms=2.959
kiln_profile_gdn_stage layer=5 stage=post_transpose seq_len=30 start_pos=0 elapsed_ms=0.000
kiln_profile_gdn_stage layer=5 stage=gated_norm seq_len=30 start_pos=0 elapsed_ms=1.070
kiln_profile_gdn_stage layer=5 stage=out_proj seq_len=30 start_pos=0 elapsed_ms=2.597
kiln_profile_mlp_stage layer=5 stage=fused seq_len=30 start_pos=0 elapsed_ms=10.674
kiln_profile_paged_layer layer=5 kind=linear seq_len=30 start_pos=0 elapsed_ms=30.620
kiln_profile_gdn_stage layer=6 stage=in_proj seq_len=30 start_pos=0 elapsed_ms=8.493
kiln_profile_gdn_stage layer=6 stage=conv seq_len=30 start_pos=0 elapsed_ms=3.403
kiln_profile_gdn_stage layer=6 stage=qkv_split seq_len=30 start_pos=0 elapsed_ms=0.142
kiln_profile_gdn_stage layer=6 stage=qk_norm seq_len=30 start_pos=0 elapsed_ms=0.241
kiln_profile_gdn_stage layer=6 stage=gates seq_len=30 start_pos=0 elapsed_ms=0.490
kiln_profile_gdn_stage layer=6 stage=recurrent seq_len=30 start_pos=0 elapsed_ms=3.273
kiln_profile_gdn_stage layer=6 stage=post_transpose seq_len=30 start_pos=0 elapsed_ms=0.000
kiln_profile_gdn_stage layer=6 stage=gated_norm seq_len=30 start_pos=0 elapsed_ms=2.541
kiln_profile_gdn_stage layer=6 stage=out_proj seq_len=30 start_pos=0 elapsed_ms=3.245
kiln_profile_mlp_stage layer=6 stage=fused seq_len=30 start_pos=0 elapsed_ms=10.739
kiln_profile_paged_layer layer=6 kind=linear seq_len=30 start_pos=0 elapsed_ms=32.919
kiln_profile_full_attn_stage full_attn_layer=1 stage=qkv_proj seq_len=30 start_pos=0 elapsed_ms=11.393
kiln_profile_full_attn_stage full_attn_layer=1 stage=qkv_split seq_len=30 start_pos=0 elapsed_ms=0.023
kiln_profile_full_attn_stage full_attn_layer=1 stage=qk_norm seq_len=30 start_pos=0 elapsed_ms=0.270
kiln_profile_full_attn_stage full_attn_layer=1 stage=rope seq_len=30 start_pos=0 elapsed_ms=0.357
kiln_profile_full_attn_stage full_attn_layer=1 stage=q_transpose seq_len=30 start_pos=0 elapsed_ms=0.086
kiln_profile_full_attn_stage full_attn_layer=1 stage=kv_write seq_len=30 start_pos=0 elapsed_ms=0.030
kiln_profile_full_attn_stage full_attn_layer=1 stage=kv_read seq_len=30 start_pos=0 elapsed_ms=0.005
kiln_profile_mlp_stage layer=7 stage=fused seq_len=30 start_pos=0 elapsed_ms=11.224
kiln_profile_paged_layer layer=7 kind=full seq_len=30 start_pos=0 elapsed_ms=26.476
kiln_profile_gdn_stage layer=8 stage=in_proj seq_len=30 start_pos=0 elapsed_ms=7.739
kiln_profile_gdn_stage layer=8 stage=conv seq_len=30 start_pos=0 elapsed_ms=3.558
kiln_profile_gdn_stage layer=8 stage=qkv_split seq_len=30 start_pos=0 elapsed_ms=0.161
kiln_profile_gdn_stage layer=8 stage=qk_norm seq_len=30 start_pos=0 elapsed_ms=0.246
kiln_profile_gdn_stage layer=8 stage=gates seq_len=30 start_pos=0 elapsed_ms=0.707
kiln_profile_gdn_stage layer=8 stage=recurrent seq_len=30 start_pos=0 elapsed_ms=3.505
kiln_profile_gdn_stage layer=8 stage=post_transpose seq_len=30 start_pos=0 elapsed_ms=0.000
kiln_profile_gdn_stage layer=8 stage=gated_norm seq_len=30 start_pos=0 elapsed_ms=3.558
kiln_profile_gdn_stage layer=8 stage=out_proj seq_len=30 start_pos=0 elapsed_ms=2.471
kiln_profile_mlp_stage layer=8 stage=fused seq_len=30 start_pos=0 elapsed_ms=10.087
kiln_profile_paged_layer layer=8 kind=linear seq_len=30 start_pos=0 elapsed_ms=32.382
kiln_profile_gdn_stage layer=9 stage=in_proj seq_len=30 start_pos=0 elapsed_ms=7.812
kiln_profile_gdn_stage layer=9 stage=conv seq_len=30 start_pos=0 elapsed_ms=3.541
kiln_profile_gdn_stage layer=9 stage=qkv_split seq_len=30 start_pos=0 elapsed_ms=0.145
kiln_profile_gdn_stage layer=9 stage=qk_norm seq_len=30 start_pos=0 elapsed_ms=0.250
kiln_profile_gdn_stage layer=9 stage=gates seq_len=30 start_pos=0 elapsed_ms=1.097
kiln_profile_gdn_stage layer=9 stage=recurrent seq_len=30 start_pos=0 elapsed_ms=3.364
kiln_profile_gdn_stage layer=9 stage=post_transpose seq_len=30 start_pos=0 elapsed_ms=0.000
kiln_profile_gdn_stage layer=9 stage=gated_norm seq_len=30 start_pos=0 elapsed_ms=2.756
kiln_profile_gdn_stage layer=9 stage=out_proj seq_len=30 start_pos=0 elapsed_ms=2.572
kiln_profile_mlp_stage layer=9 stage=fused seq_len=30 start_pos=0 elapsed_ms=10.447
kiln_profile_paged_layer layer=9 kind=linear seq_len=30 start_pos=0 elapsed_ms=32.327
kiln_profile_gdn_stage layer=10 stage=in_proj seq_len=30 start_pos=0 elapsed_ms=7.741
kiln_profile_gdn_stage layer=10 stage=conv seq_len=30 start_pos=0 elapsed_ms=3.359
kiln_profile_gdn_stage layer=10 stage=qkv_split seq_len=30 start_pos=0 elapsed_ms=0.145
kiln_profile_gdn_stage layer=10 stage=qk_norm seq_len=30 start_pos=0 elapsed_ms=0.245
kiln_profile_gdn_stage layer=10 stage=gates seq_len=30 start_pos=0 elapsed_ms=0.495
kiln_profile_gdn_stage layer=10 stage=recurrent seq_len=30 start_pos=0 elapsed_ms=3.258
kiln_profile_gdn_stage layer=10 stage=post_transpose seq_len=30 start_pos=0 elapsed_ms=0.000
kiln_profile_gdn_stage layer=10 stage=gated_norm seq_len=30 start_pos=0 elapsed_ms=2.591
kiln_profile_gdn_stage layer=10 stage=out_proj seq_len=30 start_pos=0 elapsed_ms=2.366
kiln_profile_mlp_stage layer=10 stage=fused seq_len=30 start_pos=0 elapsed_ms=10.017
kiln_profile_paged_layer layer=10 kind=linear seq_len=30 start_pos=0 elapsed_ms=30.565
kiln_profile_full_attn_stage full_attn_layer=2 stage=qkv_proj seq_len=30 start_pos=0 elapsed_ms=10.954
kiln_profile_full_attn_stage full_attn_layer=2 stage=qkv_split seq_len=30 start_pos=0 elapsed_ms=0.027
kiln_profile_full_attn_stage full_attn_layer=2 stage=qk_norm seq_len=30 start_pos=0 elapsed_ms=0.266
kiln_profile_full_attn_stage full_attn_layer=2 stage=rope seq_len=30 start_pos=0 elapsed_ms=0.358
kiln_profile_full_attn_stage full_attn_layer=2 stage=q_transpose seq_len=30 start_pos=0 elapsed_ms=0.089
kiln_profile_full_attn_stage full_attn_layer=2 stage=kv_write seq_len=30 start_pos=0 elapsed_ms=0.114
kiln_profile_full_attn_stage full_attn_layer=2 stage=kv_read seq_len=30 start_pos=0 elapsed_ms=0.006
kiln_profile_mlp_stage layer=11 stage=fused seq_len=30 start_pos=0 elapsed_ms=10.051
kiln_profile_paged_layer layer=11 kind=full seq_len=30 start_pos=0 elapsed_ms=25.129
kiln_profile_gdn_stage layer=12 stage=in_proj seq_len=30 start_pos=0 elapsed_ms=7.740
kiln_profile_gdn_stage layer=12 stage=conv seq_len=30 start_pos=0 elapsed_ms=2.966
kiln_profile_gdn_stage layer=12 stage=qkv_split seq_len=30 start_pos=0 elapsed_ms=0.151
kiln_profile_gdn_stage layer=12 stage=qk_norm seq_len=30 start_pos=0 elapsed_ms=0.237
kiln_profile_gdn_stage layer=12 stage=gates seq_len=30 start_pos=0 elapsed_ms=0.541
kiln_profile_gdn_stage layer=12 stage=recurrent seq_len=30 start_pos=0 elapsed_ms=3.495
kiln_profile_gdn_stage layer=12 stage=post_transpose seq_len=30 start_pos=0 elapsed_ms=0.000
kiln_profile_gdn_stage layer=12 stage=gated_norm seq_len=30 start_pos=0 elapsed_ms=0.856
kiln_profile_gdn_stage layer=12 stage=out_proj seq_len=30 start_pos=0 elapsed_ms=3.040
kiln_profile_mlp_stage layer=12 stage=fused seq_len=30 start_pos=0 elapsed_ms=10.535
kiln_profile_paged_layer layer=12 kind=linear seq_len=30 start_pos=0 elapsed_ms=29.939
kiln_profile_gdn_stage layer=13 stage=in_proj seq_len=30 start_pos=0 elapsed_ms=8.094
kiln_profile_gdn_stage layer=13 stage=conv seq_len=30 start_pos=0 elapsed_ms=3.338
kiln_profile_gdn_stage layer=13 stage=qkv_split seq_len=30 start_pos=0 elapsed_ms=0.143
kiln_profile_gdn_stage layer=13 stage=qk_norm seq_len=30 start_pos=0 elapsed_ms=0.243
kiln_profile_gdn_stage layer=13 stage=gates seq_len=30 start_pos=0 elapsed_ms=0.505
kiln_profile_gdn_stage layer=13 stage=recurrent seq_len=30 start_pos=0 elapsed_ms=3.270
kiln_profile_gdn_stage layer=13 stage=post_transpose seq_len=30 start_pos=0 elapsed_ms=0.000
kiln_profile_gdn_stage layer=13 stage=gated_norm seq_len=30 start_pos=0 elapsed_ms=2.345
kiln_profile_gdn_stage layer=13 stage=out_proj seq_len=30 start_pos=0 elapsed_ms=2.493
kiln_profile_mlp_stage layer=13 stage=fused seq_len=30 start_pos=0 elapsed_ms=9.669
kiln_profile_paged_layer layer=13 kind=linear seq_len=30 start_pos=0 elapsed_ms=30.437
kiln_profile_gdn_stage layer=14 stage=in_proj seq_len=30 start_pos=0 elapsed_ms=7.647
kiln_profile_gdn_stage layer=14 stage=conv seq_len=30 start_pos=0 elapsed_ms=3.427
kiln_profile_gdn_stage layer=14 stage=qkv_split seq_len=30 start_pos=0 elapsed_ms=0.153
kiln_profile_gdn_stage layer=14 stage=qk_norm seq_len=30 start_pos=0 elapsed_ms=0.248
kiln_profile_gdn_stage layer=14 stage=gates seq_len=30 start_pos=0 elapsed_ms=0.481
kiln_profile_gdn_stage layer=14 stage=recurrent seq_len=30 start_pos=0 elapsed_ms=3.252
kiln_profile_gdn_stage layer=14 stage=post_transpose seq_len=30 start_pos=0 elapsed_ms=0.000
kiln_profile_gdn_stage layer=14 stage=gated_norm seq_len=30 start_pos=0 elapsed_ms=2.877
kiln_profile_gdn_stage layer=14 stage=out_proj seq_len=30 start_pos=0 elapsed_ms=2.468
kiln_profile_mlp_stage layer=14 stage=fused seq_len=30 start_pos=0 elapsed_ms=10.508
kiln_profile_paged_layer layer=14 kind=linear seq_len=30 start_pos=0 elapsed_ms=31.401
kiln_profile_full_attn_stage full_attn_layer=3 stage=qkv_proj seq_len=30 start_pos=0 elapsed_ms=11.675
kiln_profile_full_attn_stage full_attn_layer=3 stage=qkv_split seq_len=30 start_pos=0 elapsed_ms=0.028
kiln_profile_full_attn_stage full_attn_layer=3 stage=qk_norm seq_len=30 start_pos=0 elapsed_ms=0.274
kiln_profile_full_attn_stage full_attn_layer=3 stage=rope seq_len=30 start_pos=0 elapsed_ms=0.359
kiln_profile_full_attn_stage full_attn_layer=3 stage=q_transpose seq_len=30 start_pos=0 elapsed_ms=0.088
kiln_profile_full_attn_stage full_attn_layer=3 stage=kv_write seq_len=30 start_pos=0 elapsed_ms=0.031
kiln_profile_full_attn_stage full_attn_layer=3 stage=kv_read seq_len=30 start_pos=0 elapsed_ms=0.005
kiln_profile_mlp_stage layer=15 stage=fused seq_len=30 start_pos=0 elapsed_ms=10.094
kiln_profile_paged_layer layer=15 kind=full seq_len=30 start_pos=0 elapsed_ms=25.741
kiln_profile_gdn_stage layer=16 stage=in_proj seq_len=30 start_pos=0 elapsed_ms=8.392
kiln_profile_gdn_stage layer=16 stage=conv seq_len=30 start_pos=0 elapsed_ms=2.988
kiln_profile_gdn_stage layer=16 stage=qkv_split seq_len=30 start_pos=0 elapsed_ms=0.145
kiln_profile_gdn_stage layer=16 stage=qk_norm seq_len=30 start_pos=0 elapsed_ms=0.236
kiln_profile_gdn_stage layer=16 stage=gates seq_len=30 start_pos=0 elapsed_ms=0.530
kiln_profile_gdn_stage layer=16 stage=recurrent seq_len=30 start_pos=0 elapsed_ms=3.232
kiln_profile_gdn_stage layer=16 stage=post_transpose seq_len=30 start_pos=0 elapsed_ms=0.000
kiln_profile_gdn_stage layer=16 stage=gated_norm seq_len=30 start_pos=0 elapsed_ms=2.552
kiln_profile_gdn_stage layer=16 stage=out_proj seq_len=30 start_pos=0 elapsed_ms=3.045
kiln_profile_mlp_stage layer=16 stage=fused seq_len=30 start_pos=0 elapsed_ms=9.705
kiln_profile_paged_layer layer=16 kind=linear seq_len=30 start_pos=0 elapsed_ms=31.187
kiln_profile_gdn_stage layer=17 stage=in_proj seq_len=30 start_pos=0 elapsed_ms=8.067
kiln_profile_gdn_stage layer=17 stage=conv seq_len=30 start_pos=0 elapsed_ms=3.349
kiln_profile_gdn_stage layer=17 stage=qkv_split seq_len=30 start_pos=0 elapsed_ms=0.142
kiln_profile_gdn_stage layer=17 stage=qk_norm seq_len=30 start_pos=0 elapsed_ms=0.241
kiln_profile_gdn_stage layer=17 stage=gates seq_len=30 start_pos=0 elapsed_ms=0.236
kiln_profile_gdn_stage layer=17 stage=recurrent seq_len=30 start_pos=0 elapsed_ms=3.270
kiln_profile_gdn_stage layer=17 stage=post_transpose seq_len=30 start_pos=0 elapsed_ms=0.000
kiln_profile_gdn_stage layer=17 stage=gated_norm seq_len=30 start_pos=0 elapsed_ms=2.396
kiln_profile_gdn_stage layer=17 stage=out_proj seq_len=30 start_pos=0 elapsed_ms=3.321
kiln_profile_mlp_stage layer=17 stage=fused seq_len=30 start_pos=0 elapsed_ms=10.320
kiln_profile_paged_layer layer=17 kind=linear seq_len=30 start_pos=0 elapsed_ms=31.681
kiln_profile_gdn_stage layer=18 stage=in_proj seq_len=30 start_pos=0 elapsed_ms=7.794
kiln_profile_gdn_stage layer=18 stage=conv seq_len=30 start_pos=0 elapsed_ms=3.396
kiln_profile_gdn_stage layer=18 stage=qkv_split seq_len=30 start_pos=0 elapsed_ms=0.152
kiln_profile_gdn_stage layer=18 stage=qk_norm seq_len=30 start_pos=0 elapsed_ms=0.243
kiln_profile_gdn_stage layer=18 stage=gates seq_len=30 start_pos=0 elapsed_ms=0.497
kiln_profile_gdn_stage layer=18 stage=recurrent seq_len=30 start_pos=0 elapsed_ms=3.299
kiln_profile_gdn_stage layer=18 stage=post_transpose seq_len=30 start_pos=0 elapsed_ms=0.000
kiln_profile_gdn_stage layer=18 stage=gated_norm seq_len=30 start_pos=0 elapsed_ms=2.576
kiln_profile_gdn_stage layer=18 stage=out_proj seq_len=30 start_pos=0 elapsed_ms=3.186
kiln_profile_mlp_stage layer=18 stage=fused seq_len=30 start_pos=0 elapsed_ms=10.807
kiln_profile_paged_layer layer=18 kind=linear seq_len=30 start_pos=0 elapsed_ms=32.312
kiln_profile_full_attn_stage full_attn_layer=4 stage=qkv_proj seq_len=30 start_pos=0 elapsed_ms=10.917
kiln_profile_full_attn_stage full_attn_layer=4 stage=qkv_split seq_len=30 start_pos=0 elapsed_ms=0.024
kiln_profile_full_attn_stage full_attn_layer=4 stage=qk_norm seq_len=30 start_pos=0 elapsed_ms=0.274
kiln_profile_full_attn_stage full_attn_layer=4 stage=rope seq_len=30 start_pos=0 elapsed_ms=0.362
kiln_profile_full_attn_stage full_attn_layer=4 stage=q_transpose seq_len=30 start_pos=0 elapsed_ms=0.081
kiln_profile_full_attn_stage full_attn_layer=4 stage=kv_write seq_len=30 start_pos=0 elapsed_ms=0.112
kiln_profile_full_attn_stage full_attn_layer=4 stage=kv_read seq_len=30 start_pos=0 elapsed_ms=0.006
kiln_profile_mlp_stage layer=19 stage=fused seq_len=30 start_pos=0 elapsed_ms=10.507
kiln_profile_paged_layer layer=19 kind=full seq_len=30 start_pos=0 elapsed_ms=24.511
kiln_profile_gdn_stage layer=20 stage=in_proj seq_len=30 start_pos=0 elapsed_ms=7.656
kiln_profile_gdn_stage layer=20 stage=conv seq_len=30 start_pos=0 elapsed_ms=3.000
kiln_profile_gdn_stage layer=20 stage=qkv_split seq_len=30 start_pos=0 elapsed_ms=0.145
kiln_profile_gdn_stage layer=20 stage=qk_norm seq_len=30 start_pos=0 elapsed_ms=0.236
kiln_profile_gdn_stage layer=20 stage=gates seq_len=30 start_pos=0 elapsed_ms=0.513
kiln_profile_gdn_stage layer=20 stage=recurrent seq_len=30 start_pos=0 elapsed_ms=3.301
kiln_profile_gdn_stage layer=20 stage=post_transpose seq_len=30 start_pos=0 elapsed_ms=0.000
kiln_profile_gdn_stage layer=20 stage=gated_norm seq_len=30 start_pos=0 elapsed_ms=1.091
kiln_profile_gdn_stage layer=20 stage=out_proj seq_len=30 start_pos=0 elapsed_ms=2.381
kiln_profile_mlp_stage layer=20 stage=fused seq_len=30 start_pos=0 elapsed_ms=10.262
kiln_profile_paged_layer layer=20 kind=linear seq_len=30 start_pos=0 elapsed_ms=28.976
kiln_profile_gdn_stage layer=21 stage=in_proj seq_len=30 start_pos=0 elapsed_ms=7.795
kiln_profile_gdn_stage layer=21 stage=conv seq_len=30 start_pos=0 elapsed_ms=3.482
kiln_profile_gdn_stage layer=21 stage=qkv_split seq_len=30 start_pos=0 elapsed_ms=0.147
kiln_profile_gdn_stage layer=21 stage=qk_norm seq_len=30 start_pos=0 elapsed_ms=0.242
kiln_profile_gdn_stage layer=21 stage=gates seq_len=30 start_pos=0 elapsed_ms=0.260
kiln_profile_gdn_stage layer=21 stage=recurrent seq_len=30 start_pos=0 elapsed_ms=3.441
kiln_profile_gdn_stage layer=21 stage=post_transpose seq_len=30 start_pos=0 elapsed_ms=0.000
kiln_profile_gdn_stage layer=21 stage=gated_norm seq_len=30 start_pos=0 elapsed_ms=2.561
kiln_profile_gdn_stage layer=21 stage=out_proj seq_len=30 start_pos=0 elapsed_ms=2.427
kiln_profile_mlp_stage layer=21 stage=fused seq_len=30 start_pos=0 elapsed_ms=10.112
kiln_profile_paged_layer layer=21 kind=linear seq_len=30 start_pos=0 elapsed_ms=30.945
kiln_profile_gdn_stage layer=22 stage=in_proj seq_len=30 start_pos=0 elapsed_ms=7.841
kiln_profile_gdn_stage layer=22 stage=conv seq_len=30 start_pos=0 elapsed_ms=3.305
kiln_profile_gdn_stage layer=22 stage=qkv_split seq_len=30 start_pos=0 elapsed_ms=0.152
kiln_profile_gdn_stage layer=22 stage=qk_norm seq_len=30 start_pos=0 elapsed_ms=0.244
kiln_profile_gdn_stage layer=22 stage=gates seq_len=30 start_pos=0 elapsed_ms=0.493
kiln_profile_gdn_stage layer=22 stage=recurrent seq_len=30 start_pos=0 elapsed_ms=3.300
kiln_profile_gdn_stage layer=22 stage=post_transpose seq_len=30 start_pos=0 elapsed_ms=0.000
kiln_profile_gdn_stage layer=22 stage=gated_norm seq_len=30 start_pos=0 elapsed_ms=2.458
kiln_profile_gdn_stage layer=22 stage=out_proj seq_len=30 start_pos=0 elapsed_ms=2.651
kiln_profile_mlp_stage layer=22 stage=fused seq_len=30 start_pos=0 elapsed_ms=9.718
kiln_profile_paged_layer layer=22 kind=linear seq_len=30 start_pos=0 elapsed_ms=30.513
kiln_profile_full_attn_stage full_attn_layer=5 stage=qkv_proj seq_len=30 start_pos=0 elapsed_ms=10.821
kiln_profile_full_attn_stage full_attn_layer=5 stage=qkv_split seq_len=30 start_pos=0 elapsed_ms=0.026
kiln_profile_full_attn_stage full_attn_layer=5 stage=qk_norm seq_len=30 start_pos=0 elapsed_ms=0.273
kiln_profile_full_attn_stage full_attn_layer=5 stage=rope seq_len=30 start_pos=0 elapsed_ms=0.358
kiln_profile_full_attn_stage full_attn_layer=5 stage=q_transpose seq_len=30 start_pos=0 elapsed_ms=0.087
kiln_profile_full_attn_stage full_attn_layer=5 stage=kv_write seq_len=30 start_pos=0 elapsed_ms=0.031
kiln_profile_full_attn_stage full_attn_layer=5 stage=kv_read seq_len=30 start_pos=0 elapsed_ms=0.005
kiln_profile_mlp_stage layer=23 stage=fused seq_len=30 start_pos=0 elapsed_ms=7.837
kiln_profile_paged_layer layer=23 kind=full seq_len=30 start_pos=0 elapsed_ms=22.729
kiln_profile_gdn_stage layer=24 stage=in_proj seq_len=30 start_pos=0 elapsed_ms=8.266
kiln_profile_gdn_stage layer=24 stage=conv seq_len=30 start_pos=0 elapsed_ms=3.383
kiln_profile_gdn_stage layer=24 stage=qkv_split seq_len=30 start_pos=0 elapsed_ms=0.143
kiln_profile_gdn_stage layer=24 stage=qk_norm seq_len=30 start_pos=0 elapsed_ms=0.241
kiln_profile_gdn_stage layer=24 stage=gates seq_len=30 start_pos=0 elapsed_ms=0.599
kiln_profile_gdn_stage layer=24 stage=recurrent seq_len=30 start_pos=0 elapsed_ms=3.448
kiln_profile_gdn_stage layer=24 stage=post_transpose seq_len=30 start_pos=0 elapsed_ms=0.000
kiln_profile_gdn_stage layer=24 stage=gated_norm seq_len=30 start_pos=0 elapsed_ms=1.097
kiln_profile_gdn_stage layer=24 stage=out_proj seq_len=30 start_pos=0 elapsed_ms=2.665
kiln_profile_mlp_stage layer=24 stage=fused seq_len=30 start_pos=0 elapsed_ms=7.486
kiln_profile_paged_layer layer=24 kind=linear seq_len=30 start_pos=0 elapsed_ms=27.668
kiln_profile_gdn_stage layer=25 stage=in_proj seq_len=30 start_pos=0 elapsed_ms=7.671
kiln_profile_gdn_stage layer=25 stage=conv seq_len=30 start_pos=0 elapsed_ms=3.403
kiln_profile_gdn_stage layer=25 stage=qkv_split seq_len=30 start_pos=0 elapsed_ms=0.144
kiln_profile_gdn_stage layer=25 stage=qk_norm seq_len=30 start_pos=0 elapsed_ms=0.240
kiln_profile_gdn_stage layer=25 stage=gates seq_len=30 start_pos=0 elapsed_ms=0.530
kiln_profile_gdn_stage layer=25 stage=recurrent seq_len=30 start_pos=0 elapsed_ms=3.334
kiln_profile_gdn_stage layer=25 stage=post_transpose seq_len=30 start_pos=0 elapsed_ms=0.000
kiln_profile_gdn_stage layer=25 stage=gated_norm seq_len=30 start_pos=0 elapsed_ms=2.504
kiln_profile_gdn_stage layer=25 stage=out_proj seq_len=30 start_pos=0 elapsed_ms=3.334
kiln_profile_mlp_stage layer=25 stage=fused seq_len=30 start_pos=0 elapsed_ms=8.433
kiln_profile_paged_layer layer=25 kind=linear seq_len=30 start_pos=0 elapsed_ms=29.959
kiln_profile_gdn_stage layer=26 stage=in_proj seq_len=30 start_pos=0 elapsed_ms=7.794
kiln_profile_gdn_stage layer=26 stage=conv seq_len=30 start_pos=0 elapsed_ms=3.310
kiln_profile_gdn_stage layer=26 stage=qkv_split seq_len=30 start_pos=0 elapsed_ms=0.145
kiln_profile_gdn_stage layer=26 stage=qk_norm seq_len=30 start_pos=0 elapsed_ms=0.244
kiln_profile_gdn_stage layer=26 stage=gates seq_len=30 start_pos=0 elapsed_ms=0.492
kiln_profile_gdn_stage layer=26 stage=recurrent seq_len=30 start_pos=0 elapsed_ms=3.366
kiln_profile_gdn_stage layer=26 stage=post_transpose seq_len=30 start_pos=0 elapsed_ms=0.000
kiln_profile_gdn_stage layer=26 stage=gated_norm seq_len=30 start_pos=0 elapsed_ms=2.336
kiln_profile_gdn_stage layer=26 stage=out_proj seq_len=30 start_pos=0 elapsed_ms=3.458
kiln_profile_mlp_stage layer=26 stage=fused seq_len=30 start_pos=0 elapsed_ms=8.150
kiln_profile_paged_layer layer=26 kind=linear seq_len=30 start_pos=0 elapsed_ms=29.639
kiln_profile_full_attn_stage full_attn_layer=6 stage=qkv_proj seq_len=30 start_pos=0 elapsed_ms=10.806
kiln_profile_full_attn_stage full_attn_layer=6 stage=qkv_split seq_len=30 start_pos=0 elapsed_ms=0.021
kiln_profile_full_attn_stage full_attn_layer=6 stage=qk_norm seq_len=30 start_pos=0 elapsed_ms=0.267
kiln_profile_full_attn_stage full_attn_layer=6 stage=rope seq_len=30 start_pos=0 elapsed_ms=0.367
kiln_profile_full_attn_stage full_attn_layer=6 stage=q_transpose seq_len=30 start_pos=0 elapsed_ms=0.084
kiln_profile_full_attn_stage full_attn_layer=6 stage=kv_write seq_len=30 start_pos=0 elapsed_ms=0.116
kiln_profile_full_attn_stage full_attn_layer=6 stage=kv_read seq_len=30 start_pos=0 elapsed_ms=0.006
kiln_profile_mlp_stage layer=27 stage=fused seq_len=30 start_pos=0 elapsed_ms=7.862
kiln_profile_paged_layer layer=27 kind=full seq_len=30 start_pos=0 elapsed_ms=22.679
kiln_profile_gdn_stage layer=28 stage=in_proj seq_len=30 start_pos=0 elapsed_ms=8.190
kiln_profile_gdn_stage layer=28 stage=conv seq_len=30 start_pos=0 elapsed_ms=3.019
kiln_profile_gdn_stage layer=28 stage=qkv_split seq_len=30 start_pos=0 elapsed_ms=0.145
kiln_profile_gdn_stage layer=28 stage=qk_norm seq_len=30 start_pos=0 elapsed_ms=0.236
kiln_profile_gdn_stage layer=28 stage=gates seq_len=30 start_pos=0 elapsed_ms=0.481
kiln_profile_gdn_stage layer=28 stage=recurrent seq_len=30 start_pos=0 elapsed_ms=3.301
kiln_profile_gdn_stage layer=28 stage=post_transpose seq_len=30 start_pos=0 elapsed_ms=0.000
kiln_profile_gdn_stage layer=28 stage=gated_norm seq_len=30 start_pos=0 elapsed_ms=1.109
kiln_profile_gdn_stage layer=28 stage=out_proj seq_len=30 start_pos=0 elapsed_ms=2.544
kiln_profile_mlp_stage layer=28 stage=fused seq_len=30 start_pos=0 elapsed_ms=10.107
kiln_profile_paged_layer layer=28 kind=linear seq_len=30 start_pos=0 elapsed_ms=29.495
kiln_profile_gdn_stage layer=29 stage=in_proj seq_len=30 start_pos=0 elapsed_ms=7.526
kiln_profile_gdn_stage layer=29 stage=conv seq_len=30 start_pos=0 elapsed_ms=3.219
kiln_profile_gdn_stage layer=29 stage=qkv_split seq_len=30 start_pos=0 elapsed_ms=0.141
kiln_profile_gdn_stage layer=29 stage=qk_norm seq_len=30 start_pos=0 elapsed_ms=0.245
kiln_profile_gdn_stage layer=29 stage=gates seq_len=30 start_pos=0 elapsed_ms=0.507
kiln_profile_gdn_stage layer=29 stage=recurrent seq_len=30 start_pos=0 elapsed_ms=3.253
kiln_profile_gdn_stage layer=29 stage=post_transpose seq_len=30 start_pos=0 elapsed_ms=0.000
kiln_profile_gdn_stage layer=29 stage=gated_norm seq_len=30 start_pos=0 elapsed_ms=2.452
kiln_profile_gdn_stage layer=29 stage=out_proj seq_len=30 start_pos=0 elapsed_ms=3.284
kiln_profile_mlp_stage layer=29 stage=fused seq_len=30 start_pos=0 elapsed_ms=9.655
kiln_profile_paged_layer layer=29 kind=linear seq_len=30 start_pos=0 elapsed_ms=30.644
kiln_profile_gdn_stage layer=30 stage=in_proj seq_len=30 start_pos=0 elapsed_ms=7.888
kiln_profile_gdn_stage layer=30 stage=conv seq_len=30 start_pos=0 elapsed_ms=3.164
kiln_profile_gdn_stage layer=30 stage=qkv_split seq_len=30 start_pos=0 elapsed_ms=0.147
kiln_profile_gdn_stage layer=30 stage=qk_norm seq_len=30 start_pos=0 elapsed_ms=0.236
kiln_profile_gdn_stage layer=30 stage=gates seq_len=30 start_pos=0 elapsed_ms=1.117
kiln_profile_gdn_stage layer=30 stage=recurrent seq_len=30 start_pos=0 elapsed_ms=3.209
kiln_profile_gdn_stage layer=30 stage=post_transpose seq_len=30 start_pos=0 elapsed_ms=0.000
kiln_profile_gdn_stage layer=30 stage=gated_norm seq_len=30 start_pos=0 elapsed_ms=2.423
kiln_profile_gdn_stage layer=30 stage=out_proj seq_len=30 start_pos=0 elapsed_ms=3.255
kiln_profile_mlp_stage layer=30 stage=fused seq_len=30 start_pos=0 elapsed_ms=11.433
kiln_profile_paged_layer layer=30 kind=linear seq_len=30 start_pos=0 elapsed_ms=33.214
kiln_profile_full_attn_stage full_attn_layer=7 stage=qkv_proj seq_len=30 start_pos=0 elapsed_ms=11.007
kiln_profile_full_attn_stage full_attn_layer=7 stage=qkv_split seq_len=30 start_pos=0 elapsed_ms=0.023
kiln_profile_full_attn_stage full_attn_layer=7 stage=qk_norm seq_len=30 start_pos=0 elapsed_ms=0.262
kiln_profile_full_attn_stage full_attn_layer=7 stage=rope seq_len=30 start_pos=0 elapsed_ms=0.354
kiln_profile_full_attn_stage full_attn_layer=7 stage=q_transpose seq_len=30 start_pos=0 elapsed_ms=0.086
kiln_profile_full_attn_stage full_attn_layer=7 stage=kv_write seq_len=30 start_pos=0 elapsed_ms=0.030
kiln_profile_full_attn_stage full_attn_layer=7 stage=kv_read seq_len=30 start_pos=0 elapsed_ms=0.007
kiln_profile_mlp_stage layer=31 stage=fused seq_len=30 start_pos=0 elapsed_ms=10.646
kiln_profile_paged_layer layer=31 kind=full seq_len=30 start_pos=0 elapsed_ms=25.612
kiln_profile_gdn_stage layer=0 stage=in_proj seq_len=29 start_pos=0 elapsed_ms=8.121
kiln_profile_gdn_stage layer=0 stage=conv seq_len=29 start_pos=0 elapsed_ms=2.730
kiln_profile_gdn_stage layer=0 stage=qkv_split seq_len=29 start_pos=0 elapsed_ms=0.139
kiln_profile_gdn_stage layer=0 stage=qk_norm seq_len=29 start_pos=0 elapsed_ms=0.232
kiln_profile_gdn_stage layer=0 stage=gates seq_len=29 start_pos=0 elapsed_ms=0.488
kiln_profile_gdn_stage layer=0 stage=recurrent seq_len=29 start_pos=0 elapsed_ms=3.884
kiln_profile_gdn_stage layer=0 stage=post_transpose seq_len=29 start_pos=0 elapsed_ms=0.000
kiln_profile_gdn_stage layer=0 stage=gated_norm seq_len=29 start_pos=0 elapsed_ms=2.461
kiln_profile_gdn_stage layer=0 stage=out_proj seq_len=29 start_pos=0 elapsed_ms=2.296
kiln_profile_mlp_stage layer=0 stage=fused seq_len=29 start_pos=0 elapsed_ms=11.352
kiln_profile_paged_layer layer=0 kind=linear seq_len=29 start_pos=0 elapsed_ms=32.074
kiln_profile_gdn_stage layer=1 stage=in_proj seq_len=29 start_pos=0 elapsed_ms=7.639
kiln_profile_gdn_stage layer=1 stage=conv seq_len=29 start_pos=0 elapsed_ms=3.155
kiln_profile_gdn_stage layer=1 stage=qkv_split seq_len=29 start_pos=0 elapsed_ms=0.171
kiln_profile_gdn_stage layer=1 stage=qk_norm seq_len=29 start_pos=0 elapsed_ms=0.240
kiln_profile_gdn_stage layer=1 stage=gates seq_len=29 start_pos=0 elapsed_ms=0.499
kiln_profile_gdn_stage layer=1 stage=recurrent seq_len=29 start_pos=0 elapsed_ms=3.243
kiln_profile_gdn_stage layer=1 stage=post_transpose seq_len=29 start_pos=0 elapsed_ms=0.000
kiln_profile_gdn_stage layer=1 stage=gated_norm seq_len=29 start_pos=0 elapsed_ms=2.308
kiln_profile_gdn_stage layer=1 stage=out_proj seq_len=29 start_pos=0 elapsed_ms=2.318
kiln_profile_mlp_stage layer=1 stage=fused seq_len=29 start_pos=0 elapsed_ms=11.254
kiln_profile_paged_layer layer=1 kind=linear seq_len=29 start_pos=0 elapsed_ms=31.176
kiln_profile_gdn_stage layer=2 stage=in_proj seq_len=29 start_pos=0 elapsed_ms=7.849
kiln_profile_gdn_stage layer=2 stage=conv seq_len=29 start_pos=0 elapsed_ms=3.104
kiln_profile_gdn_stage layer=2 stage=qkv_split seq_len=29 start_pos=0 elapsed_ms=0.137
kiln_profile_gdn_stage layer=2 stage=qk_norm seq_len=29 start_pos=0 elapsed_ms=0.240
kiln_profile_gdn_stage layer=2 stage=gates seq_len=29 start_pos=0 elapsed_ms=0.494
kiln_profile_gdn_stage layer=2 stage=recurrent seq_len=29 start_pos=0 elapsed_ms=2.914
kiln_profile_gdn_stage layer=2 stage=post_transpose seq_len=29 start_pos=0 elapsed_ms=0.000
kiln_profile_gdn_stage layer=2 stage=gated_norm seq_len=29 start_pos=0 elapsed_ms=2.697
kiln_profile_gdn_stage layer=2 stage=out_proj seq_len=29 start_pos=0 elapsed_ms=3.147
kiln_profile_mlp_stage layer=2 stage=fused seq_len=29 start_pos=0 elapsed_ms=8.019
kiln_profile_paged_layer layer=2 kind=linear seq_len=29 start_pos=0 elapsed_ms=28.955
kiln_profile_full_attn_stage full_attn_layer=0 stage=qkv_proj seq_len=29 start_pos=0 elapsed_ms=9.947
kiln_profile_full_attn_stage full_attn_layer=0 stage=qkv_split seq_len=29 start_pos=0 elapsed_ms=0.034
kiln_profile_full_attn_stage full_attn_layer=0 stage=qk_norm seq_len=29 start_pos=0 elapsed_ms=0.264
kiln_profile_full_attn_stage full_attn_layer=0 stage=rope seq_len=29 start_pos=0 elapsed_ms=0.357
kiln_profile_full_attn_stage full_attn_layer=0 stage=q_transpose seq_len=29 start_pos=0 elapsed_ms=0.089
kiln_profile_full_attn_stage full_attn_layer=0 stage=kv_write seq_len=29 start_pos=0 elapsed_ms=0.047
kiln_profile_full_attn_stage full_attn_layer=0 stage=kv_read seq_len=29 start_pos=0 elapsed_ms=0.005
kiln_profile_mlp_stage layer=3 stage=fused seq_len=29 start_pos=0 elapsed_ms=9.544
kiln_profile_paged_layer layer=3 kind=full seq_len=29 start_pos=0 elapsed_ms=23.244
kiln_profile_gdn_stage layer=4 stage=in_proj seq_len=29 start_pos=0 elapsed_ms=7.702
kiln_profile_gdn_stage layer=4 stage=conv seq_len=29 start_pos=0 elapsed_ms=2.505
kiln_profile_gdn_stage layer=4 stage=qkv_split seq_len=29 start_pos=0 elapsed_ms=0.134
kiln_profile_gdn_stage layer=4 stage=qk_norm seq_len=29 start_pos=0 elapsed_ms=0.233
kiln_profile_gdn_stage layer=4 stage=gates seq_len=29 start_pos=0 elapsed_ms=0.548
kiln_profile_gdn_stage layer=4 stage=recurrent seq_len=29 start_pos=0 elapsed_ms=2.877
kiln_profile_gdn_stage layer=4 stage=post_transpose seq_len=29 start_pos=0 elapsed_ms=0.000
kiln_profile_gdn_stage layer=4 stage=gated_norm seq_len=29 start_pos=0 elapsed_ms=2.324
kiln_profile_gdn_stage layer=4 stage=out_proj seq_len=29 start_pos=0 elapsed_ms=2.289
kiln_profile_mlp_stage layer=4 stage=fused seq_len=29 start_pos=0 elapsed_ms=9.354
kiln_profile_paged_layer layer=4 kind=linear seq_len=29 start_pos=0 elapsed_ms=28.310
kiln_profile_gdn_stage layer=5 stage=in_proj seq_len=29 start_pos=0 elapsed_ms=7.557
kiln_profile_gdn_stage layer=5 stage=conv seq_len=29 start_pos=0 elapsed_ms=3.172
kiln_profile_gdn_stage layer=5 stage=qkv_split seq_len=29 start_pos=0 elapsed_ms=0.144
kiln_profile_gdn_stage layer=5 stage=qk_norm seq_len=29 start_pos=0 elapsed_ms=0.235
kiln_profile_gdn_stage layer=5 stage=gates seq_len=29 start_pos=0 elapsed_ms=0.665
kiln_profile_gdn_stage layer=5 stage=recurrent seq_len=29 start_pos=0 elapsed_ms=2.946
kiln_profile_gdn_stage layer=5 stage=post_transpose seq_len=29 start_pos=0 elapsed_ms=0.000
kiln_profile_gdn_stage layer=5 stage=gated_norm seq_len=29 start_pos=0 elapsed_ms=2.767
kiln_profile_gdn_stage layer=5 stage=out_proj seq_len=29 start_pos=0 elapsed_ms=2.450
kiln_profile_mlp_stage layer=5 stage=fused seq_len=29 start_pos=0 elapsed_ms=10.206
kiln_profile_paged_layer layer=5 kind=linear seq_len=29 start_pos=0 elapsed_ms=30.483
kiln_profile_gdn_stage layer=6 stage=in_proj seq_len=29 start_pos=0 elapsed_ms=7.644
kiln_profile_gdn_stage layer=6 stage=conv seq_len=29 start_pos=0 elapsed_ms=3.180
kiln_profile_gdn_stage layer=6 stage=qkv_split seq_len=29 start_pos=0 elapsed_ms=0.144
kiln_profile_gdn_stage layer=6 stage=qk_norm seq_len=29 start_pos=0 elapsed_ms=0.237
kiln_profile_gdn_stage layer=6 stage=gates seq_len=29 start_pos=0 elapsed_ms=0.485
kiln_profile_gdn_stage layer=6 stage=recurrent seq_len=29 start_pos=0 elapsed_ms=2.906
kiln_profile_gdn_stage layer=6 stage=post_transpose seq_len=29 start_pos=0 elapsed_ms=0.000
kiln_profile_gdn_stage layer=6 stage=gated_norm seq_len=29 start_pos=0 elapsed_ms=2.569
kiln_profile_gdn_stage layer=6 stage=out_proj seq_len=29 start_pos=0 elapsed_ms=2.661
kiln_profile_mlp_stage layer=6 stage=fused seq_len=29 start_pos=0 elapsed_ms=9.546
kiln_profile_paged_layer layer=6 kind=linear seq_len=29 start_pos=0 elapsed_ms=29.728
kiln_profile_full_attn_stage full_attn_layer=1 stage=qkv_proj seq_len=29 start_pos=0 elapsed_ms=10.105
kiln_profile_full_attn_stage full_attn_layer=1 stage=qkv_split seq_len=29 start_pos=0 elapsed_ms=0.028
kiln_profile_full_attn_stage full_attn_layer=1 stage=qk_norm seq_len=29 start_pos=0 elapsed_ms=0.254
kiln_profile_full_attn_stage full_attn_layer=1 stage=rope seq_len=29 start_pos=0 elapsed_ms=0.349
kiln_profile_full_attn_stage full_attn_layer=1 stage=q_transpose seq_len=29 start_pos=0 elapsed_ms=0.085
kiln_profile_full_attn_stage full_attn_layer=1 stage=kv_write seq_len=29 start_pos=0 elapsed_ms=0.030
kiln_profile_full_attn_stage full_attn_layer=1 stage=kv_read seq_len=29 start_pos=0 elapsed_ms=0.006
kiln_profile_mlp_stage layer=7 stage=fused seq_len=29 start_pos=0 elapsed_ms=7.893
kiln_profile_paged_layer layer=7 kind=full seq_len=29 start_pos=0 elapsed_ms=21.764
kiln_profile_gdn_stage layer=8 stage=in_proj seq_len=29 start_pos=0 elapsed_ms=7.477
kiln_profile_gdn_stage layer=8 stage=conv seq_len=29 start_pos=0 elapsed_ms=3.131
kiln_profile_gdn_stage layer=8 stage=qkv_split seq_len=29 start_pos=0 elapsed_ms=0.135
kiln_profile_gdn_stage layer=8 stage=qk_norm seq_len=29 start_pos=0 elapsed_ms=0.237
kiln_profile_gdn_stage layer=8 stage=gates seq_len=29 start_pos=0 elapsed_ms=0.486
kiln_profile_gdn_stage layer=8 stage=recurrent seq_len=29 start_pos=0 elapsed_ms=3.277
kiln_profile_gdn_stage layer=8 stage=post_transpose seq_len=29 start_pos=0 elapsed_ms=0.000
kiln_profile_gdn_stage layer=8 stage=gated_norm seq_len=29 start_pos=0 elapsed_ms=2.569
kiln_profile_gdn_stage layer=8 stage=out_proj seq_len=29 start_pos=0 elapsed_ms=2.307
kiln_profile_mlp_stage layer=8 stage=fused seq_len=29 start_pos=0 elapsed_ms=9.644
kiln_profile_paged_layer layer=8 kind=linear seq_len=29 start_pos=0 elapsed_ms=29.591
kiln_profile_gdn_stage layer=9 stage=in_proj seq_len=29 start_pos=0 elapsed_ms=7.587
kiln_profile_gdn_stage layer=9 stage=conv seq_len=29 start_pos=0 elapsed_ms=3.124
kiln_profile_gdn_stage layer=9 stage=qkv_split seq_len=29 start_pos=0 elapsed_ms=0.135
kiln_profile_gdn_stage layer=9 stage=qk_norm seq_len=29 start_pos=0 elapsed_ms=0.242
kiln_profile_gdn_stage layer=9 stage=gates seq_len=29 start_pos=0 elapsed_ms=0.485
kiln_profile_gdn_stage layer=9 stage=recurrent seq_len=29 start_pos=0 elapsed_ms=3.199
kiln_profile_gdn_stage layer=9 stage=post_transpose seq_len=29 start_pos=0 elapsed_ms=0.000
kiln_profile_gdn_stage layer=9 stage=gated_norm seq_len=29 start_pos=0 elapsed_ms=2.546
kiln_profile_gdn_stage layer=9 stage=out_proj seq_len=29 start_pos=0 elapsed_ms=3.147
kiln_profile_mlp_stage layer=9 stage=fused seq_len=29 start_pos=0 elapsed_ms=11.325
kiln_profile_paged_layer layer=9 kind=linear seq_len=29 start_pos=0 elapsed_ms=32.125
kiln_profile_gdn_stage layer=10 stage=in_proj seq_len=29 start_pos=0 elapsed_ms=8.137
kiln_profile_gdn_stage layer=10 stage=conv seq_len=29 start_pos=0 elapsed_ms=3.162
kiln_profile_gdn_stage layer=10 stage=qkv_split seq_len=29 start_pos=0 elapsed_ms=0.140
kiln_profile_gdn_stage layer=10 stage=qk_norm seq_len=29 start_pos=0 elapsed_ms=0.241
kiln_profile_gdn_stage layer=10 stage=gates seq_len=29 start_pos=0 elapsed_ms=0.491
kiln_profile_gdn_stage layer=10 stage=recurrent seq_len=29 start_pos=0 elapsed_ms=3.226
kiln_profile_gdn_stage layer=10 stage=post_transpose seq_len=29 start_pos=0 elapsed_ms=0.000
kiln_profile_gdn_stage layer=10 stage=gated_norm seq_len=29 start_pos=0 elapsed_ms=2.586
kiln_profile_gdn_stage layer=10 stage=out_proj seq_len=29 start_pos=0 elapsed_ms=2.363
kiln_profile_mlp_stage layer=10 stage=fused seq_len=29 start_pos=0 elapsed_ms=10.260
kiln_profile_paged_layer layer=10 kind=linear seq_len=29 start_pos=0 elapsed_ms=30.947
kiln_profile_full_attn_stage full_attn_layer=2 stage=qkv_proj seq_len=29 start_pos=0 elapsed_ms=10.115
kiln_profile_full_attn_stage full_attn_layer=2 stage=qkv_split seq_len=29 start_pos=0 elapsed_ms=0.031
kiln_profile_full_attn_stage full_attn_layer=2 stage=qk_norm seq_len=29 start_pos=0 elapsed_ms=0.254
kiln_profile_full_attn_stage full_attn_layer=2 stage=rope seq_len=29 start_pos=0 elapsed_ms=0.349
kiln_profile_full_attn_stage full_attn_layer=2 stage=q_transpose seq_len=29 start_pos=0 elapsed_ms=0.078
kiln_profile_full_attn_stage full_attn_layer=2 stage=kv_write seq_len=29 start_pos=0 elapsed_ms=0.046
kiln_profile_full_attn_stage full_attn_layer=2 stage=kv_read seq_len=29 start_pos=0 elapsed_ms=0.005
kiln_profile_mlp_stage layer=11 stage=fused seq_len=29 start_pos=0 elapsed_ms=10.028
kiln_profile_paged_layer layer=11 kind=full seq_len=29 start_pos=0 elapsed_ms=23.913
kiln_profile_gdn_stage layer=12 stage=in_proj seq_len=29 start_pos=0 elapsed_ms=7.408
kiln_profile_gdn_stage layer=12 stage=conv seq_len=29 start_pos=0 elapsed_ms=3.161
kiln_profile_gdn_stage layer=12 stage=qkv_split seq_len=29 start_pos=0 elapsed_ms=0.134
kiln_profile_gdn_stage layer=12 stage=qk_norm seq_len=29 start_pos=0 elapsed_ms=0.233
kiln_profile_gdn_stage layer=12 stage=gates seq_len=29 start_pos=0 elapsed_ms=0.475
kiln_profile_gdn_stage layer=12 stage=recurrent seq_len=29 start_pos=0 elapsed_ms=3.333
kiln_profile_gdn_stage layer=12 stage=post_transpose seq_len=29 start_pos=0 elapsed_ms=0.000
kiln_profile_gdn_stage layer=12 stage=gated_norm seq_len=29 start_pos=0 elapsed_ms=1.391
kiln_profile_gdn_stage layer=12 stage=out_proj seq_len=29 start_pos=0 elapsed_ms=2.387
kiln_profile_mlp_stage layer=12 stage=fused seq_len=29 start_pos=0 elapsed_ms=10.605
kiln_profile_paged_layer layer=12 kind=linear seq_len=29 start_pos=0 elapsed_ms=29.464
kiln_profile_gdn_stage layer=13 stage=in_proj seq_len=29 start_pos=0 elapsed_ms=7.477
kiln_profile_gdn_stage layer=13 stage=conv seq_len=29 start_pos=0 elapsed_ms=3.114
kiln_profile_gdn_stage layer=13 stage=qkv_split seq_len=29 start_pos=0 elapsed_ms=0.143
kiln_profile_gdn_stage layer=13 stage=qk_norm seq_len=29 start_pos=0 elapsed_ms=0.237
kiln_profile_gdn_stage layer=13 stage=gates seq_len=29 start_pos=0 elapsed_ms=0.492
kiln_profile_gdn_stage layer=13 stage=recurrent seq_len=29 start_pos=0 elapsed_ms=3.198
kiln_profile_gdn_stage layer=13 stage=post_transpose seq_len=29 start_pos=0 elapsed_ms=0.000
kiln_profile_gdn_stage layer=13 stage=gated_norm seq_len=29 start_pos=0 elapsed_ms=1.042
kiln_profile_gdn_stage layer=13 stage=out_proj seq_len=29 start_pos=0 elapsed_ms=2.607
kiln_profile_mlp_stage layer=13 stage=fused seq_len=29 start_pos=0 elapsed_ms=10.849
kiln_profile_paged_layer layer=13 kind=linear seq_len=29 start_pos=0 elapsed_ms=29.495
kiln_profile_gdn_stage layer=14 stage=in_proj seq_len=29 start_pos=0 elapsed_ms=7.756
kiln_profile_gdn_stage layer=14 stage=conv seq_len=29 start_pos=0 elapsed_ms=3.135
kiln_profile_gdn_stage layer=14 stage=qkv_split seq_len=29 start_pos=0 elapsed_ms=0.139
kiln_profile_gdn_stage layer=14 stage=qk_norm seq_len=29 start_pos=0 elapsed_ms=0.245
kiln_profile_gdn_stage layer=14 stage=gates seq_len=29 start_pos=0 elapsed_ms=0.471
kiln_profile_gdn_stage layer=14 stage=recurrent seq_len=29 start_pos=0 elapsed_ms=3.273
kiln_profile_gdn_stage layer=14 stage=post_transpose seq_len=29 start_pos=0 elapsed_ms=0.000
kiln_profile_gdn_stage layer=14 stage=gated_norm seq_len=29 start_pos=0 elapsed_ms=1.067
kiln_profile_gdn_stage layer=14 stage=out_proj seq_len=29 start_pos=0 elapsed_ms=2.687
kiln_profile_mlp_stage layer=14 stage=fused seq_len=29 start_pos=0 elapsed_ms=11.878
kiln_profile_paged_layer layer=14 kind=linear seq_len=29 start_pos=0 elapsed_ms=30.995
kiln_profile_full_attn_stage full_attn_layer=3 stage=qkv_proj seq_len=29 start_pos=0 elapsed_ms=9.861
kiln_profile_full_attn_stage full_attn_layer=3 stage=qkv_split seq_len=29 start_pos=0 elapsed_ms=0.033
kiln_profile_full_attn_stage full_attn_layer=3 stage=qk_norm seq_len=29 start_pos=0 elapsed_ms=0.258
kiln_profile_full_attn_stage full_attn_layer=3 stage=rope seq_len=29 start_pos=0 elapsed_ms=0.350
kiln_profile_full_attn_stage full_attn_layer=3 stage=q_transpose seq_len=29 start_pos=0 elapsed_ms=0.085
kiln_profile_full_attn_stage full_attn_layer=3 stage=kv_write seq_len=29 start_pos=0 elapsed_ms=0.030
kiln_profile_full_attn_stage full_attn_layer=3 stage=kv_read seq_len=29 start_pos=0 elapsed_ms=0.007
kiln_profile_mlp_stage layer=15 stage=fused seq_len=29 start_pos=0 elapsed_ms=9.709
kiln_profile_paged_layer layer=15 kind=full seq_len=29 start_pos=0 elapsed_ms=23.399
kiln_profile_gdn_stage layer=16 stage=in_proj seq_len=29 start_pos=0 elapsed_ms=7.802
kiln_profile_gdn_stage layer=16 stage=conv seq_len=29 start_pos=0 elapsed_ms=3.114
kiln_profile_gdn_stage layer=16 stage=qkv_split seq_len=29 start_pos=0 elapsed_ms=0.135
kiln_profile_gdn_stage layer=16 stage=qk_norm seq_len=29 start_pos=0 elapsed_ms=0.238
kiln_profile_gdn_stage layer=16 stage=gates seq_len=29 start_pos=0 elapsed_ms=0.637
kiln_profile_gdn_stage layer=16 stage=recurrent seq_len=29 start_pos=0 elapsed_ms=3.039
kiln_profile_gdn_stage layer=16 stage=post_transpose seq_len=29 start_pos=0 elapsed_ms=0.000
kiln_profile_gdn_stage layer=16 stage=gated_norm seq_len=29 start_pos=0 elapsed_ms=2.271
kiln_profile_gdn_stage layer=16 stage=out_proj seq_len=29 start_pos=0 elapsed_ms=3.074
kiln_profile_mlp_stage layer=16 stage=fused seq_len=29 start_pos=0 elapsed_ms=10.299
kiln_profile_paged_layer layer=16 kind=linear seq_len=29 start_pos=0 elapsed_ms=30.936
kiln_profile_gdn_stage layer=17 stage=in_proj seq_len=29 start_pos=0 elapsed_ms=8.195
kiln_profile_gdn_stage layer=17 stage=conv seq_len=29 start_pos=0 elapsed_ms=3.208
kiln_profile_gdn_stage layer=17 stage=qkv_split seq_len=29 start_pos=0 elapsed_ms=0.136
kiln_profile_gdn_stage layer=17 stage=qk_norm seq_len=29 start_pos=0 elapsed_ms=0.240
kiln_profile_gdn_stage layer=17 stage=gates seq_len=29 start_pos=0 elapsed_ms=0.516
kiln_profile_gdn_stage layer=17 stage=recurrent seq_len=29 start_pos=0 elapsed_ms=3.832
kiln_profile_gdn_stage layer=17 stage=post_transpose seq_len=29 start_pos=0 elapsed_ms=0.000
kiln_profile_gdn_stage layer=17 stage=gated_norm seq_len=29 start_pos=0 elapsed_ms=2.341
kiln_profile_gdn_stage layer=17 stage=out_proj seq_len=29 start_pos=0 elapsed_ms=2.364
kiln_profile_mlp_stage layer=17 stage=fused seq_len=29 start_pos=0 elapsed_ms=7.817
kiln_profile_paged_layer layer=17 kind=linear seq_len=29 start_pos=0 elapsed_ms=28.997
kiln_profile_gdn_stage layer=18 stage=in_proj seq_len=29 start_pos=0 elapsed_ms=7.559
kiln_profile_gdn_stage layer=18 stage=conv seq_len=29 start_pos=0 elapsed_ms=3.148
kiln_profile_gdn_stage layer=18 stage=qkv_split seq_len=29 start_pos=0 elapsed_ms=0.136
kiln_profile_gdn_stage layer=18 stage=qk_norm seq_len=29 start_pos=0 elapsed_ms=0.236
kiln_profile_gdn_stage layer=18 stage=gates seq_len=29 start_pos=0 elapsed_ms=0.552
kiln_profile_gdn_stage layer=18 stage=recurrent seq_len=29 start_pos=0 elapsed_ms=3.066
kiln_profile_gdn_stage layer=18 stage=post_transpose seq_len=29 start_pos=0 elapsed_ms=0.000
kiln_profile_gdn_stage layer=18 stage=gated_norm seq_len=29 start_pos=0 elapsed_ms=2.219
kiln_profile_gdn_stage layer=18 stage=out_proj seq_len=29 start_pos=0 elapsed_ms=3.228
kiln_profile_mlp_stage layer=18 stage=fused seq_len=29 start_pos=0 elapsed_ms=9.207
kiln_profile_paged_layer layer=18 kind=linear seq_len=29 start_pos=0 elapsed_ms=29.677
kiln_profile_full_attn_stage full_attn_layer=4 stage=qkv_proj seq_len=29 start_pos=0 elapsed_ms=9.870
kiln_profile_full_attn_stage full_attn_layer=4 stage=qkv_split seq_len=29 start_pos=0 elapsed_ms=0.034
kiln_profile_full_attn_stage full_attn_layer=4 stage=qk_norm seq_len=29 start_pos=0 elapsed_ms=0.265
kiln_profile_full_attn_stage full_attn_layer=4 stage=rope seq_len=29 start_pos=0 elapsed_ms=0.346
kiln_profile_full_attn_stage full_attn_layer=4 stage=q_transpose seq_len=29 start_pos=0 elapsed_ms=0.080
kiln_profile_full_attn_stage full_attn_layer=4 stage=kv_write seq_len=29 start_pos=0 elapsed_ms=0.047
kiln_profile_full_attn_stage full_attn_layer=4 stage=kv_read seq_len=29 start_pos=0 elapsed_ms=0.005
kiln_profile_mlp_stage layer=19 stage=fused seq_len=29 start_pos=0 elapsed_ms=11.055
kiln_profile_paged_layer layer=19 kind=full seq_len=29 start_pos=0 elapsed_ms=25.031
kiln_profile_gdn_stage layer=20 stage=in_proj seq_len=29 start_pos=0 elapsed_ms=7.465
kiln_profile_gdn_stage layer=20 stage=conv seq_len=29 start_pos=0 elapsed_ms=2.885
kiln_profile_gdn_stage layer=20 stage=qkv_split seq_len=29 start_pos=0 elapsed_ms=0.140
kiln_profile_gdn_stage layer=20 stage=qk_norm seq_len=29 start_pos=0 elapsed_ms=0.230
kiln_profile_gdn_stage layer=20 stage=gates seq_len=29 start_pos=0 elapsed_ms=0.649
kiln_profile_gdn_stage layer=20 stage=recurrent seq_len=29 start_pos=0 elapsed_ms=3.195
kiln_profile_gdn_stage layer=20 stage=post_transpose seq_len=29 start_pos=0 elapsed_ms=0.000
kiln_profile_gdn_stage layer=20 stage=gated_norm seq_len=29 start_pos=0 elapsed_ms=2.447
kiln_profile_gdn_stage layer=20 stage=out_proj seq_len=29 start_pos=0 elapsed_ms=2.302
kiln_profile_mlp_stage layer=20 stage=fused seq_len=29 start_pos=0 elapsed_ms=11.007
kiln_profile_paged_layer layer=20 kind=linear seq_len=29 start_pos=0 elapsed_ms=30.647
kiln_profile_gdn_stage layer=21 stage=in_proj seq_len=29 start_pos=0 elapsed_ms=7.913
kiln_profile_gdn_stage layer=21 stage=conv seq_len=29 start_pos=0 elapsed_ms=2.908
kiln_profile_gdn_stage layer=21 stage=qkv_split seq_len=29 start_pos=0 elapsed_ms=0.141
kiln_profile_gdn_stage layer=21 stage=qk_norm seq_len=29 start_pos=0 elapsed_ms=0.229
kiln_profile_gdn_stage layer=21 stage=gates seq_len=29 start_pos=0 elapsed_ms=0.510
kiln_profile_gdn_stage layer=21 stage=recurrent seq_len=29 start_pos=0 elapsed_ms=3.025
kiln_profile_gdn_stage layer=21 stage=post_transpose seq_len=29 start_pos=0 elapsed_ms=0.000
kiln_profile_gdn_stage layer=21 stage=gated_norm seq_len=29 start_pos=0 elapsed_ms=2.361
kiln_profile_gdn_stage layer=21 stage=out_proj seq_len=29 start_pos=0 elapsed_ms=2.310
kiln_profile_mlp_stage layer=21 stage=fused seq_len=29 start_pos=0 elapsed_ms=10.748
kiln_profile_paged_layer layer=21 kind=linear seq_len=29 start_pos=0 elapsed_ms=30.480
kiln_profile_gdn_stage layer=22 stage=in_proj seq_len=29 start_pos=0 elapsed_ms=7.606
kiln_profile_gdn_stage layer=22 stage=conv seq_len=29 start_pos=0 elapsed_ms=2.902
kiln_profile_gdn_stage layer=22 stage=qkv_split seq_len=29 start_pos=0 elapsed_ms=0.138
kiln_profile_gdn_stage layer=22 stage=qk_norm seq_len=29 start_pos=0 elapsed_ms=0.232
kiln_profile_gdn_stage layer=22 stage=gates seq_len=29 start_pos=0 elapsed_ms=0.482
kiln_profile_gdn_stage layer=22 stage=recurrent seq_len=29 start_pos=0 elapsed_ms=3.372
kiln_profile_gdn_stage layer=22 stage=post_transpose seq_len=29 start_pos=0 elapsed_ms=0.000
kiln_profile_gdn_stage layer=22 stage=gated_norm seq_len=29 start_pos=0 elapsed_ms=2.580
kiln_profile_gdn_stage layer=22 stage=out_proj seq_len=29 start_pos=0 elapsed_ms=2.311
kiln_profile_mlp_stage layer=22 stage=fused seq_len=29 start_pos=0 elapsed_ms=10.239
kiln_profile_paged_layer layer=22 kind=linear seq_len=29 start_pos=0 elapsed_ms=30.196
kiln_profile_full_attn_stage full_attn_layer=5 stage=qkv_proj seq_len=29 start_pos=0 elapsed_ms=10.818
kiln_profile_full_attn_stage full_attn_layer=5 stage=qkv_split seq_len=29 start_pos=0 elapsed_ms=0.028
kiln_profile_full_attn_stage full_attn_layer=5 stage=qk_norm seq_len=29 start_pos=0 elapsed_ms=0.252
kiln_profile_full_attn_stage full_attn_layer=5 stage=rope seq_len=29 start_pos=0 elapsed_ms=0.349
kiln_profile_full_attn_stage full_attn_layer=5 stage=q_transpose seq_len=29 start_pos=0 elapsed_ms=0.076
kiln_profile_full_attn_stage full_attn_layer=5 stage=kv_write seq_len=29 start_pos=0 elapsed_ms=0.031
kiln_profile_full_attn_stage full_attn_layer=5 stage=kv_read seq_len=29 start_pos=0 elapsed_ms=0.006
kiln_profile_mlp_stage layer=23 stage=fused seq_len=29 start_pos=0 elapsed_ms=10.703
kiln_profile_paged_layer layer=23 kind=full seq_len=29 start_pos=0 elapsed_ms=25.242
kiln_profile_gdn_stage layer=24 stage=in_proj seq_len=29 start_pos=0 elapsed_ms=8.111
kiln_profile_gdn_stage layer=24 stage=conv seq_len=29 start_pos=0 elapsed_ms=3.045
kiln_profile_gdn_stage layer=24 stage=qkv_split seq_len=29 start_pos=0 elapsed_ms=0.155
kiln_profile_gdn_stage layer=24 stage=qk_norm seq_len=29 start_pos=0 elapsed_ms=0.241
kiln_profile_gdn_stage layer=24 stage=gates seq_len=29 start_pos=0 elapsed_ms=0.481
kiln_profile_gdn_stage layer=24 stage=recurrent seq_len=29 start_pos=0 elapsed_ms=3.108
kiln_profile_gdn_stage layer=24 stage=post_transpose seq_len=29 start_pos=0 elapsed_ms=0.000
kiln_profile_gdn_stage layer=24 stage=gated_norm seq_len=29 start_pos=0 elapsed_ms=2.550
kiln_profile_gdn_stage layer=24 stage=out_proj seq_len=29 start_pos=0 elapsed_ms=2.303
kiln_profile_mlp_stage layer=24 stage=fused seq_len=29 start_pos=0 elapsed_ms=10.285
kiln_profile_paged_layer layer=24 kind=linear seq_len=29 start_pos=0 elapsed_ms=30.619
kiln_profile_gdn_stage layer=25 stage=in_proj seq_len=29 start_pos=0 elapsed_ms=7.707
kiln_profile_gdn_stage layer=25 stage=conv seq_len=29 start_pos=0 elapsed_ms=2.910
kiln_profile_gdn_stage layer=25 stage=qkv_split seq_len=29 start_pos=0 elapsed_ms=0.140
kiln_profile_gdn_stage layer=25 stage=qk_norm seq_len=29 start_pos=0 elapsed_ms=0.231
kiln_profile_gdn_stage layer=25 stage=gates seq_len=29 start_pos=0 elapsed_ms=0.512
kiln_profile_gdn_stage layer=25 stage=recurrent seq_len=29 start_pos=0 elapsed_ms=3.429
kiln_profile_gdn_stage layer=25 stage=post_transpose seq_len=29 start_pos=0 elapsed_ms=0.000
kiln_profile_gdn_stage layer=25 stage=gated_norm seq_len=29 start_pos=0 elapsed_ms=2.428
kiln_profile_gdn_stage layer=25 stage=out_proj seq_len=29 start_pos=0 elapsed_ms=2.359
kiln_profile_mlp_stage layer=25 stage=fused seq_len=29 start_pos=0 elapsed_ms=10.848
kiln_profile_paged_layer layer=25 kind=linear seq_len=29 start_pos=0 elapsed_ms=30.890
kiln_profile_gdn_stage layer=26 stage=in_proj seq_len=29 start_pos=0 elapsed_ms=7.636
kiln_profile_gdn_stage layer=26 stage=conv seq_len=29 start_pos=0 elapsed_ms=3.078
kiln_profile_gdn_stage layer=26 stage=qkv_split seq_len=29 start_pos=0 elapsed_ms=0.143
kiln_profile_gdn_stage layer=26 stage=qk_norm seq_len=29 start_pos=0 elapsed_ms=0.381
kiln_profile_gdn_stage layer=26 stage=gates seq_len=29 start_pos=0 elapsed_ms=0.518
kiln_profile_gdn_stage layer=26 stage=recurrent seq_len=29 start_pos=0 elapsed_ms=3.196
kiln_profile_gdn_stage layer=26 stage=post_transpose seq_len=29 start_pos=0 elapsed_ms=0.000
kiln_profile_gdn_stage layer=26 stage=gated_norm seq_len=29 start_pos=0 elapsed_ms=2.401
kiln_profile_gdn_stage layer=26 stage=out_proj seq_len=29 start_pos=0 elapsed_ms=2.332
kiln_profile_mlp_stage layer=26 stage=fused seq_len=29 start_pos=0 elapsed_ms=8.411
kiln_profile_paged_layer layer=26 kind=linear seq_len=29 start_pos=0 elapsed_ms=28.490
kiln_profile_full_attn_stage full_attn_layer=6 stage=qkv_proj seq_len=29 start_pos=0 elapsed_ms=10.392
kiln_profile_full_attn_stage full_attn_layer=6 stage=qkv_split seq_len=29 start_pos=0 elapsed_ms=0.027
kiln_profile_full_attn_stage full_attn_layer=6 stage=qk_norm seq_len=29 start_pos=0 elapsed_ms=0.253
kiln_profile_full_attn_stage full_attn_layer=6 stage=rope seq_len=29 start_pos=0 elapsed_ms=0.349
kiln_profile_full_attn_stage full_attn_layer=6 stage=q_transpose seq_len=29 start_pos=0 elapsed_ms=0.077
kiln_profile_full_attn_stage full_attn_layer=6 stage=kv_write seq_len=29 start_pos=0 elapsed_ms=0.048
kiln_profile_full_attn_stage full_attn_layer=6 stage=kv_read seq_len=29 start_pos=0 elapsed_ms=0.005
kiln_profile_mlp_stage layer=27 stage=fused seq_len=29 start_pos=0 elapsed_ms=11.140
kiln_profile_paged_layer layer=27 kind=full seq_len=29 start_pos=0 elapsed_ms=24.811
kiln_profile_gdn_stage layer=28 stage=in_proj seq_len=29 start_pos=0 elapsed_ms=8.281
kiln_profile_gdn_stage layer=28 stage=conv seq_len=29 start_pos=0 elapsed_ms=2.907
kiln_profile_gdn_stage layer=28 stage=qkv_split seq_len=29 start_pos=0 elapsed_ms=0.135
kiln_profile_gdn_stage layer=28 stage=qk_norm seq_len=29 start_pos=0 elapsed_ms=0.226
kiln_profile_gdn_stage layer=28 stage=gates seq_len=29 start_pos=0 elapsed_ms=0.472
kiln_profile_gdn_stage layer=28 stage=recurrent seq_len=29 start_pos=0 elapsed_ms=3.210
kiln_profile_gdn_stage layer=28 stage=post_transpose seq_len=29 start_pos=0 elapsed_ms=0.000
kiln_profile_gdn_stage layer=28 stage=gated_norm seq_len=29 start_pos=0 elapsed_ms=2.373
kiln_profile_gdn_stage layer=28 stage=out_proj seq_len=29 start_pos=0 elapsed_ms=1.485
kiln_profile_mlp_stage layer=28 stage=fused seq_len=29 start_pos=0 elapsed_ms=10.882
kiln_profile_paged_layer layer=28 kind=linear seq_len=29 start_pos=0 elapsed_ms=30.303
kiln_profile_gdn_stage layer=29 stage=in_proj seq_len=29 start_pos=0 elapsed_ms=7.573
kiln_profile_gdn_stage layer=29 stage=conv seq_len=29 start_pos=0 elapsed_ms=2.975
kiln_profile_gdn_stage layer=29 stage=qkv_split seq_len=29 start_pos=0 elapsed_ms=0.144
kiln_profile_gdn_stage layer=29 stage=qk_norm seq_len=29 start_pos=0 elapsed_ms=0.234
kiln_profile_gdn_stage layer=29 stage=gates seq_len=29 start_pos=0 elapsed_ms=0.492
kiln_profile_gdn_stage layer=29 stage=recurrent seq_len=29 start_pos=0 elapsed_ms=2.989
kiln_profile_gdn_stage layer=29 stage=post_transpose seq_len=29 start_pos=0 elapsed_ms=0.000
kiln_profile_gdn_stage layer=29 stage=gated_norm seq_len=29 start_pos=0 elapsed_ms=2.416
kiln_profile_gdn_stage layer=29 stage=out_proj seq_len=29 start_pos=0 elapsed_ms=2.304
kiln_profile_mlp_stage layer=29 stage=fused seq_len=29 start_pos=0 elapsed_ms=11.165
kiln_profile_paged_layer layer=29 kind=linear seq_len=29 start_pos=0 elapsed_ms=30.617
kiln_profile_gdn_stage layer=30 stage=in_proj seq_len=29 start_pos=0 elapsed_ms=7.471
kiln_profile_gdn_stage layer=30 stage=conv seq_len=29 start_pos=0 elapsed_ms=3.199
kiln_profile_gdn_stage layer=30 stage=qkv_split seq_len=29 start_pos=0 elapsed_ms=0.134
kiln_profile_gdn_stage layer=30 stage=qk_norm seq_len=29 start_pos=0 elapsed_ms=0.228
kiln_profile_gdn_stage layer=30 stage=gates seq_len=29 start_pos=0 elapsed_ms=0.530
kiln_profile_gdn_stage layer=30 stage=recurrent seq_len=29 start_pos=0 elapsed_ms=3.361
kiln_profile_gdn_stage layer=30 stage=post_transpose seq_len=29 start_pos=0 elapsed_ms=0.000
kiln_profile_gdn_stage layer=30 stage=gated_norm seq_len=29 start_pos=0 elapsed_ms=2.567
kiln_profile_gdn_stage layer=30 stage=out_proj seq_len=29 start_pos=0 elapsed_ms=1.480
kiln_profile_mlp_stage layer=30 stage=fused seq_len=29 start_pos=0 elapsed_ms=11.358
kiln_profile_paged_layer layer=30 kind=linear seq_len=29 start_pos=0 elapsed_ms=30.661
kiln_profile_full_attn_stage full_attn_layer=7 stage=qkv_proj seq_len=29 start_pos=0 elapsed_ms=6.595
kiln_profile_full_attn_stage full_attn_layer=7 stage=qkv_split seq_len=29 start_pos=0 elapsed_ms=0.022
kiln_profile_full_attn_stage full_attn_layer=7 stage=qk_norm seq_len=29 start_pos=0 elapsed_ms=0.255
kiln_profile_full_attn_stage full_attn_layer=7 stage=rope seq_len=29 start_pos=0 elapsed_ms=0.351
kiln_profile_full_attn_stage full_attn_layer=7 stage=q_transpose seq_len=29 start_pos=0 elapsed_ms=0.081
kiln_profile_full_attn_stage full_attn_layer=7 stage=kv_write seq_len=29 start_pos=0 elapsed_ms=0.029
kiln_profile_full_attn_stage full_attn_layer=7 stage=kv_read seq_len=29 start_pos=0 elapsed_ms=0.007
kiln_profile_mlp_stage layer=31 stage=fused seq_len=29 start_pos=0 elapsed_ms=9.479
kiln_profile_paged_layer layer=31 kind=full seq_len=29 start_pos=0 elapsed_ms=19.013
kiln_profile_gdn_stage layer=0 stage=in_proj seq_len=29 start_pos=0 elapsed_ms=7.794
kiln_profile_gdn_stage layer=0 stage=conv seq_len=29 start_pos=0 elapsed_ms=2.757
kiln_profile_gdn_stage layer=0 stage=qkv_split seq_len=29 start_pos=0 elapsed_ms=0.137
kiln_profile_gdn_stage layer=0 stage=qk_norm seq_len=29 start_pos=0 elapsed_ms=0.234
kiln_profile_gdn_stage layer=0 stage=gates seq_len=29 start_pos=0 elapsed_ms=0.617
kiln_profile_gdn_stage layer=0 stage=recurrent seq_len=29 start_pos=0 elapsed_ms=3.923
kiln_profile_gdn_stage layer=0 stage=post_transpose seq_len=29 start_pos=0 elapsed_ms=0.000
kiln_profile_gdn_stage layer=0 stage=gated_norm seq_len=29 start_pos=0 elapsed_ms=2.321
kiln_profile_gdn_stage layer=0 stage=out_proj seq_len=29 start_pos=0 elapsed_ms=3.035
kiln_profile_mlp_stage layer=0 stage=fused seq_len=29 start_pos=0 elapsed_ms=10.286
kiln_profile_paged_layer layer=0 kind=linear seq_len=29 start_pos=0 elapsed_ms=31.517
kiln_profile_gdn_stage layer=1 stage=in_proj seq_len=29 start_pos=0 elapsed_ms=8.070
kiln_profile_gdn_stage layer=1 stage=conv seq_len=29 start_pos=0 elapsed_ms=2.607
kiln_profile_gdn_stage layer=1 stage=qkv_split seq_len=29 start_pos=0 elapsed_ms=0.134
kiln_profile_gdn_stage layer=1 stage=qk_norm seq_len=29 start_pos=0 elapsed_ms=0.230
kiln_profile_gdn_stage layer=1 stage=gates seq_len=29 start_pos=0 elapsed_ms=0.222
kiln_profile_gdn_stage layer=1 stage=recurrent seq_len=29 start_pos=0 elapsed_ms=3.227
kiln_profile_gdn_stage layer=1 stage=post_transpose seq_len=29 start_pos=0 elapsed_ms=0.000
kiln_profile_gdn_stage layer=1 stage=gated_norm seq_len=29 start_pos=0 elapsed_ms=2.393
kiln_profile_gdn_stage layer=1 stage=out_proj seq_len=29 start_pos=0 elapsed_ms=3.159
kiln_profile_mlp_stage layer=1 stage=fused seq_len=29 start_pos=0 elapsed_ms=11.658
kiln_profile_paged_layer layer=1 kind=linear seq_len=29 start_pos=0 elapsed_ms=32.032
kiln_profile_gdn_stage layer=2 stage=in_proj seq_len=29 start_pos=0 elapsed_ms=8.372
kiln_profile_gdn_stage layer=2 stage=conv seq_len=29 start_pos=0 elapsed_ms=2.651
kiln_profile_gdn_stage layer=2 stage=qkv_split seq_len=29 start_pos=0 elapsed_ms=0.138
kiln_profile_gdn_stage layer=2 stage=qk_norm seq_len=29 start_pos=0 elapsed_ms=0.235
kiln_profile_gdn_stage layer=2 stage=gates seq_len=29 start_pos=0 elapsed_ms=0.481
kiln_profile_gdn_stage layer=2 stage=recurrent seq_len=29 start_pos=0 elapsed_ms=2.882
kiln_profile_gdn_stage layer=2 stage=post_transpose seq_len=29 start_pos=0 elapsed_ms=0.000
kiln_profile_gdn_stage layer=2 stage=gated_norm seq_len=29 start_pos=0 elapsed_ms=1.466
kiln_profile_gdn_stage layer=2 stage=out_proj seq_len=29 start_pos=0 elapsed_ms=2.566
kiln_profile_mlp_stage layer=2 stage=fused seq_len=29 start_pos=0 elapsed_ms=8.650
kiln_profile_paged_layer layer=2 kind=linear seq_len=29 start_pos=0 elapsed_ms=27.776
kiln_profile_full_attn_stage full_attn_layer=0 stage=qkv_proj seq_len=29 start_pos=0 elapsed_ms=9.374
kiln_profile_full_attn_stage full_attn_layer=0 stage=qkv_split seq_len=29 start_pos=0 elapsed_ms=0.021
kiln_profile_full_attn_stage full_attn_layer=0 stage=qk_norm seq_len=29 start_pos=0 elapsed_ms=0.260
kiln_profile_full_attn_stage full_attn_layer=0 stage=rope seq_len=29 start_pos=0 elapsed_ms=0.353
kiln_profile_full_attn_stage full_attn_layer=0 stage=q_transpose seq_len=29 start_pos=0 elapsed_ms=0.090
kiln_profile_full_attn_stage full_attn_layer=0 stage=kv_write seq_len=29 start_pos=0 elapsed_ms=0.127
kiln_profile_full_attn_stage full_attn_layer=0 stage=kv_read seq_len=29 start_pos=0 elapsed_ms=0.010
kiln_profile_mlp_stage layer=3 stage=fused seq_len=29 start_pos=0 elapsed_ms=7.780
kiln_profile_paged_layer layer=3 kind=full seq_len=29 start_pos=0 elapsed_ms=21.096
kiln_profile_gdn_stage layer=4 stage=in_proj seq_len=29 start_pos=0 elapsed_ms=7.689
kiln_profile_gdn_stage layer=4 stage=conv seq_len=29 start_pos=0 elapsed_ms=2.978
kiln_profile_gdn_stage layer=4 stage=qkv_split seq_len=29 start_pos=0 elapsed_ms=0.136
kiln_profile_gdn_stage layer=4 stage=qk_norm seq_len=29 start_pos=0 elapsed_ms=0.230
kiln_profile_gdn_stage layer=4 stage=gates seq_len=29 start_pos=0 elapsed_ms=0.488
kiln_profile_gdn_stage layer=4 stage=recurrent seq_len=29 start_pos=0 elapsed_ms=2.894
kiln_profile_gdn_stage layer=4 stage=post_transpose seq_len=29 start_pos=0 elapsed_ms=0.000
kiln_profile_gdn_stage layer=4 stage=gated_norm seq_len=29 start_pos=0 elapsed_ms=2.511
kiln_profile_gdn_stage layer=4 stage=out_proj seq_len=29 start_pos=0 elapsed_ms=3.186
kiln_profile_mlp_stage layer=4 stage=fused seq_len=29 start_pos=0 elapsed_ms=9.310
kiln_profile_paged_layer layer=4 kind=linear seq_len=29 start_pos=0 elapsed_ms=29.768
kiln_profile_gdn_stage layer=5 stage=in_proj seq_len=29 start_pos=0 elapsed_ms=7.758
kiln_profile_gdn_stage layer=5 stage=conv seq_len=29 start_pos=0 elapsed_ms=3.003
kiln_profile_gdn_stage layer=5 stage=qkv_split seq_len=29 start_pos=0 elapsed_ms=0.135
kiln_profile_gdn_stage layer=5 stage=qk_norm seq_len=29 start_pos=0 elapsed_ms=0.242
kiln_profile_gdn_stage layer=5 stage=gates seq_len=29 start_pos=0 elapsed_ms=0.487
kiln_profile_gdn_stage layer=5 stage=recurrent seq_len=29 start_pos=0 elapsed_ms=2.895
kiln_profile_gdn_stage layer=5 stage=post_transpose seq_len=29 start_pos=0 elapsed_ms=0.000
kiln_profile_gdn_stage layer=5 stage=gated_norm seq_len=29 start_pos=0 elapsed_ms=2.425
kiln_profile_gdn_stage layer=5 stage=out_proj seq_len=29 start_pos=0 elapsed_ms=2.255
kiln_profile_mlp_stage layer=5 stage=fused seq_len=29 start_pos=0 elapsed_ms=10.868
kiln_profile_paged_layer layer=5 kind=linear seq_len=29 start_pos=0 elapsed_ms=30.411
kiln_profile_gdn_stage layer=6 stage=in_proj seq_len=29 start_pos=0 elapsed_ms=8.019
kiln_profile_gdn_stage layer=6 stage=conv seq_len=29 start_pos=0 elapsed_ms=3.021
kiln_profile_gdn_stage layer=6 stage=qkv_split seq_len=29 start_pos=0 elapsed_ms=0.136
kiln_profile_gdn_stage layer=6 stage=qk_norm seq_len=29 start_pos=0 elapsed_ms=0.253
kiln_profile_gdn_stage layer=6 stage=gates seq_len=29 start_pos=0 elapsed_ms=0.480
kiln_profile_gdn_stage layer=6 stage=recurrent seq_len=29 start_pos=0 elapsed_ms=2.869
kiln_profile_gdn_stage layer=6 stage=post_transpose seq_len=29 start_pos=0 elapsed_ms=0.000
kiln_profile_gdn_stage layer=6 stage=gated_norm seq_len=29 start_pos=0 elapsed_ms=2.418
kiln_profile_gdn_stage layer=6 stage=out_proj seq_len=29 start_pos=0 elapsed_ms=3.333
kiln_profile_mlp_stage layer=6 stage=fused seq_len=29 start_pos=0 elapsed_ms=9.446
kiln_profile_paged_layer layer=6 kind=linear seq_len=29 start_pos=0 elapsed_ms=30.313
kiln_profile_full_attn_stage full_attn_layer=1 stage=qkv_proj seq_len=29 start_pos=0 elapsed_ms=10.796
kiln_profile_full_attn_stage full_attn_layer=1 stage=qkv_split seq_len=29 start_pos=0 elapsed_ms=0.034
kiln_profile_full_attn_stage full_attn_layer=1 stage=qk_norm seq_len=29 start_pos=0 elapsed_ms=0.256
kiln_profile_full_attn_stage full_attn_layer=1 stage=rope seq_len=29 start_pos=0 elapsed_ms=0.350
kiln_profile_full_attn_stage full_attn_layer=1 stage=q_transpose seq_len=29 start_pos=0 elapsed_ms=0.080
kiln_profile_full_attn_stage full_attn_layer=1 stage=kv_write seq_len=29 start_pos=0 elapsed_ms=0.031
kiln_profile_full_attn_stage full_attn_layer=1 stage=kv_read seq_len=29 start_pos=0 elapsed_ms=0.008
kiln_profile_mlp_stage layer=7 stage=fused seq_len=29 start_pos=0 elapsed_ms=9.208
kiln_profile_paged_layer layer=7 kind=full seq_len=29 start_pos=0 elapsed_ms=23.923
kiln_profile_gdn_stage layer=8 stage=in_proj seq_len=29 start_pos=0 elapsed_ms=8.365
kiln_profile_gdn_stage layer=8 stage=conv seq_len=29 start_pos=0 elapsed_ms=3.179
kiln_profile_gdn_stage layer=8 stage=qkv_split seq_len=29 start_pos=0 elapsed_ms=0.134
kiln_profile_gdn_stage layer=8 stage=qk_norm seq_len=29 start_pos=0 elapsed_ms=0.235
kiln_profile_gdn_stage layer=8 stage=gates seq_len=29 start_pos=0 elapsed_ms=0.472
kiln_profile_gdn_stage layer=8 stage=recurrent seq_len=29 start_pos=0 elapsed_ms=2.936
kiln_profile_gdn_stage layer=8 stage=post_transpose seq_len=29 start_pos=0 elapsed_ms=0.000
kiln_profile_gdn_stage layer=8 stage=gated_norm seq_len=29 start_pos=0 elapsed_ms=2.349
kiln_profile_gdn_stage layer=8 stage=out_proj seq_len=29 start_pos=0 elapsed_ms=3.144
kiln_profile_mlp_stage layer=8 stage=fused seq_len=29 start_pos=0 elapsed_ms=10.348
kiln_profile_paged_layer layer=8 kind=linear seq_len=29 start_pos=0 elapsed_ms=31.490
kiln_profile_gdn_stage layer=9 stage=in_proj seq_len=29 start_pos=0 elapsed_ms=7.963
kiln_profile_gdn_stage layer=9 stage=conv seq_len=29 start_pos=0 elapsed_ms=2.991
kiln_profile_gdn_stage layer=9 stage=qkv_split seq_len=29 start_pos=0 elapsed_ms=0.143
kiln_profile_gdn_stage layer=9 stage=qk_norm seq_len=29 start_pos=0 elapsed_ms=0.241
kiln_profile_gdn_stage layer=9 stage=gates seq_len=29 start_pos=0 elapsed_ms=0.484
kiln_profile_gdn_stage layer=9 stage=recurrent seq_len=29 start_pos=0 elapsed_ms=3.265
kiln_profile_gdn_stage layer=9 stage=post_transpose seq_len=29 start_pos=0 elapsed_ms=0.000
kiln_profile_gdn_stage layer=9 stage=gated_norm seq_len=29 start_pos=0 elapsed_ms=2.373
kiln_profile_gdn_stage layer=9 stage=out_proj seq_len=29 start_pos=0 elapsed_ms=3.065
kiln_profile_mlp_stage layer=9 stage=fused seq_len=29 start_pos=0 elapsed_ms=11.261
kiln_profile_paged_layer layer=9 kind=linear seq_len=29 start_pos=0 elapsed_ms=32.126
kiln_profile_gdn_stage layer=10 stage=in_proj seq_len=29 start_pos=0 elapsed_ms=7.818
kiln_profile_gdn_stage layer=10 stage=conv seq_len=29 start_pos=0 elapsed_ms=2.959
kiln_profile_gdn_stage layer=10 stage=qkv_split seq_len=29 start_pos=0 elapsed_ms=0.139
kiln_profile_gdn_stage layer=10 stage=qk_norm seq_len=29 start_pos=0 elapsed_ms=0.232
kiln_profile_gdn_stage layer=10 stage=gates seq_len=29 start_pos=0 elapsed_ms=0.459
kiln_profile_gdn_stage layer=10 stage=recurrent seq_len=29 start_pos=0 elapsed_ms=2.836
kiln_profile_gdn_stage layer=10 stage=post_transpose seq_len=29 start_pos=0 elapsed_ms=0.000
kiln_profile_gdn_stage layer=10 stage=gated_norm seq_len=29 start_pos=0 elapsed_ms=2.438
kiln_profile_gdn_stage layer=10 stage=out_proj seq_len=29 start_pos=0 elapsed_ms=2.339
kiln_profile_mlp_stage layer=10 stage=fused seq_len=29 start_pos=0 elapsed_ms=10.435
kiln_profile_paged_layer layer=10 kind=linear seq_len=29 start_pos=0 elapsed_ms=29.977
kiln_profile_full_attn_stage full_attn_layer=2 stage=qkv_proj seq_len=29 start_pos=0 elapsed_ms=10.626
kiln_profile_full_attn_stage full_attn_layer=2 stage=qkv_split seq_len=29 start_pos=0 elapsed_ms=0.032
kiln_profile_full_attn_stage full_attn_layer=2 stage=qk_norm seq_len=29 start_pos=0 elapsed_ms=0.276
kiln_profile_full_attn_stage full_attn_layer=2 stage=rope seq_len=29 start_pos=0 elapsed_ms=0.354
kiln_profile_full_attn_stage full_attn_layer=2 stage=q_transpose seq_len=29 start_pos=0 elapsed_ms=0.079
kiln_profile_full_attn_stage full_attn_layer=2 stage=kv_write seq_len=29 start_pos=0 elapsed_ms=0.118
kiln_profile_full_attn_stage full_attn_layer=2 stage=kv_read seq_len=29 start_pos=0 elapsed_ms=0.009
kiln_profile_mlp_stage layer=11 stage=fused seq_len=29 start_pos=0 elapsed_ms=10.324
kiln_profile_paged_layer layer=11 kind=full seq_len=29 start_pos=0 elapsed_ms=25.592
kiln_profile_gdn_stage layer=12 stage=in_proj seq_len=29 start_pos=0 elapsed_ms=7.687
kiln_profile_gdn_stage layer=12 stage=conv seq_len=29 start_pos=0 elapsed_ms=2.970
kiln_profile_gdn_stage layer=12 stage=qkv_split seq_len=29 start_pos=0 elapsed_ms=0.160
kiln_profile_gdn_stage layer=12 stage=qk_norm seq_len=29 start_pos=0 elapsed_ms=0.251
kiln_profile_gdn_stage layer=12 stage=gates seq_len=29 start_pos=0 elapsed_ms=0.464
kiln_profile_gdn_stage layer=12 stage=recurrent seq_len=29 start_pos=0 elapsed_ms=3.176
kiln_profile_gdn_stage layer=12 stage=post_transpose seq_len=29 start_pos=0 elapsed_ms=0.000
kiln_profile_gdn_stage layer=12 stage=gated_norm seq_len=29 start_pos=0 elapsed_ms=2.478
kiln_profile_gdn_stage layer=12 stage=out_proj seq_len=29 start_pos=0 elapsed_ms=2.422
kiln_profile_mlp_stage layer=12 stage=fused seq_len=29 start_pos=0 elapsed_ms=10.207
kiln_profile_paged_layer layer=12 kind=linear seq_len=29 start_pos=0 elapsed_ms=30.144
kiln_profile_gdn_stage layer=13 stage=in_proj seq_len=29 start_pos=0 elapsed_ms=7.700
kiln_profile_gdn_stage layer=13 stage=conv seq_len=29 start_pos=0 elapsed_ms=2.969
kiln_profile_gdn_stage layer=13 stage=qkv_split seq_len=29 start_pos=0 elapsed_ms=0.135
kiln_profile_gdn_stage layer=13 stage=qk_norm seq_len=29 start_pos=0 elapsed_ms=0.235
kiln_profile_gdn_stage layer=13 stage=gates seq_len=29 start_pos=0 elapsed_ms=0.474
kiln_profile_gdn_stage layer=13 stage=recurrent seq_len=29 start_pos=0 elapsed_ms=2.975
kiln_profile_gdn_stage layer=13 stage=post_transpose seq_len=29 start_pos=0 elapsed_ms=0.000
kiln_profile_gdn_stage layer=13 stage=gated_norm seq_len=29 start_pos=0 elapsed_ms=3.157
kiln_profile_gdn_stage layer=13 stage=out_proj seq_len=29 start_pos=0 elapsed_ms=3.133
kiln_profile_mlp_stage layer=13 stage=fused seq_len=29 start_pos=0 elapsed_ms=11.184
kiln_profile_paged_layer layer=13 kind=linear seq_len=29 start_pos=0 elapsed_ms=32.299
kiln_profile_gdn_stage layer=14 stage=in_proj seq_len=29 start_pos=0 elapsed_ms=8.406
kiln_profile_gdn_stage layer=14 stage=conv seq_len=29 start_pos=0 elapsed_ms=3.011
kiln_profile_gdn_stage layer=14 stage=qkv_split seq_len=29 start_pos=0 elapsed_ms=0.137
kiln_profile_gdn_stage layer=14 stage=qk_norm seq_len=29 start_pos=0 elapsed_ms=0.233
kiln_profile_gdn_stage layer=14 stage=gates seq_len=29 start_pos=0 elapsed_ms=0.479
kiln_profile_gdn_stage layer=14 stage=recurrent seq_len=29 start_pos=0 elapsed_ms=3.511
kiln_profile_gdn_stage layer=14 stage=post_transpose seq_len=29 start_pos=0 elapsed_ms=0.000
kiln_profile_gdn_stage layer=14 stage=gated_norm seq_len=29 start_pos=0 elapsed_ms=2.390
kiln_profile_gdn_stage layer=14 stage=out_proj seq_len=29 start_pos=0 elapsed_ms=3.128
kiln_profile_mlp_stage layer=14 stage=fused seq_len=29 start_pos=0 elapsed_ms=9.017
kiln_profile_paged_layer layer=14 kind=linear seq_len=29 start_pos=0 elapsed_ms=30.640
kiln_profile_full_attn_stage full_attn_layer=3 stage=qkv_proj seq_len=29 start_pos=0 elapsed_ms=9.817
kiln_profile_full_attn_stage full_attn_layer=3 stage=qkv_split seq_len=29 start_pos=0 elapsed_ms=0.025
kiln_profile_full_attn_stage full_attn_layer=3 stage=qk_norm seq_len=29 start_pos=0 elapsed_ms=0.254
kiln_profile_full_attn_stage full_attn_layer=3 stage=rope seq_len=29 start_pos=0 elapsed_ms=0.349
kiln_profile_full_attn_stage full_attn_layer=3 stage=q_transpose seq_len=29 start_pos=0 elapsed_ms=0.082
kiln_profile_full_attn_stage full_attn_layer=3 stage=kv_write seq_len=29 start_pos=0 elapsed_ms=0.030
kiln_profile_full_attn_stage full_attn_layer=3 stage=kv_read seq_len=29 start_pos=0 elapsed_ms=0.005
kiln_profile_mlp_stage layer=15 stage=fused seq_len=29 start_pos=0 elapsed_ms=10.286
kiln_profile_paged_layer layer=15 kind=full seq_len=29 start_pos=0 elapsed_ms=23.903
kiln_profile_gdn_stage layer=16 stage=in_proj seq_len=29 start_pos=0 elapsed_ms=7.998
kiln_profile_gdn_stage layer=16 stage=conv seq_len=29 start_pos=0 elapsed_ms=3.178
kiln_profile_gdn_stage layer=16 stage=qkv_split seq_len=29 start_pos=0 elapsed_ms=0.136
kiln_profile_gdn_stage layer=16 stage=qk_norm seq_len=29 start_pos=0 elapsed_ms=0.233
kiln_profile_gdn_stage layer=16 stage=gates seq_len=29 start_pos=0 elapsed_ms=0.633
kiln_profile_gdn_stage layer=16 stage=recurrent seq_len=29 start_pos=0 elapsed_ms=2.949
kiln_profile_gdn_stage layer=16 stage=post_transpose seq_len=29 start_pos=0 elapsed_ms=0.000
kiln_profile_gdn_stage layer=16 stage=gated_norm seq_len=29 start_pos=0 elapsed_ms=2.342
kiln_profile_gdn_stage layer=16 stage=out_proj seq_len=29 start_pos=0 elapsed_ms=3.113
kiln_profile_mlp_stage layer=16 stage=fused seq_len=29 start_pos=0 elapsed_ms=10.610
kiln_profile_paged_layer layer=16 kind=linear seq_len=29 start_pos=0 elapsed_ms=31.514
kiln_profile_gdn_stage layer=17 stage=in_proj seq_len=29 start_pos=0 elapsed_ms=8.850
kiln_profile_gdn_stage layer=17 stage=conv seq_len=29 start_pos=0 elapsed_ms=2.946
kiln_profile_gdn_stage layer=17 stage=qkv_split seq_len=29 start_pos=0 elapsed_ms=0.137
kiln_profile_gdn_stage layer=17 stage=qk_norm seq_len=29 start_pos=0 elapsed_ms=0.236
kiln_profile_gdn_stage layer=17 stage=gates seq_len=29 start_pos=0 elapsed_ms=0.476
kiln_profile_gdn_stage layer=17 stage=recurrent seq_len=29 start_pos=0 elapsed_ms=3.194
kiln_profile_gdn_stage layer=17 stage=post_transpose seq_len=29 start_pos=0 elapsed_ms=0.000
kiln_profile_gdn_stage layer=17 stage=gated_norm seq_len=29 start_pos=0 elapsed_ms=2.367
kiln_profile_gdn_stage layer=17 stage=out_proj seq_len=29 start_pos=0 elapsed_ms=3.138
kiln_profile_mlp_stage layer=17 stage=fused seq_len=29 start_pos=0 elapsed_ms=10.218
kiln_profile_paged_layer layer=17 kind=linear seq_len=29 start_pos=0 elapsed_ms=31.885
kiln_profile_gdn_stage layer=18 stage=in_proj seq_len=29 start_pos=0 elapsed_ms=8.008
kiln_profile_gdn_stage layer=18 stage=conv seq_len=29 start_pos=0 elapsed_ms=2.954
kiln_profile_gdn_stage layer=18 stage=qkv_split seq_len=29 start_pos=0 elapsed_ms=0.138
kiln_profile_gdn_stage layer=18 stage=qk_norm seq_len=29 start_pos=0 elapsed_ms=0.235
kiln_profile_gdn_stage layer=18 stage=gates seq_len=29 start_pos=0 elapsed_ms=0.473
kiln_profile_gdn_stage layer=18 stage=recurrent seq_len=29 start_pos=0 elapsed_ms=3.002
kiln_profile_gdn_stage layer=18 stage=post_transpose seq_len=29 start_pos=0 elapsed_ms=0.000
kiln_profile_gdn_stage layer=18 stage=gated_norm seq_len=29 start_pos=0 elapsed_ms=2.392
kiln_profile_gdn_stage layer=18 stage=out_proj seq_len=29 start_pos=0 elapsed_ms=3.087
kiln_profile_mlp_stage layer=18 stage=fused seq_len=29 start_pos=0 elapsed_ms=8.995
kiln_profile_paged_layer layer=18 kind=linear seq_len=29 start_pos=0 elapsed_ms=29.616
kiln_profile_full_attn_stage full_attn_layer=4 stage=qkv_proj seq_len=29 start_pos=0 elapsed_ms=9.677
kiln_profile_full_attn_stage full_attn_layer=4 stage=qkv_split seq_len=29 start_pos=0 elapsed_ms=0.024
kiln_profile_full_attn_stage full_attn_layer=4 stage=qk_norm seq_len=29 start_pos=0 elapsed_ms=0.257
kiln_profile_full_attn_stage full_attn_layer=4 stage=rope seq_len=29 start_pos=0 elapsed_ms=0.351
kiln_profile_full_attn_stage full_attn_layer=4 stage=q_transpose seq_len=29 start_pos=0 elapsed_ms=0.080
kiln_profile_full_attn_stage full_attn_layer=4 stage=kv_write seq_len=29 start_pos=0 elapsed_ms=0.112
kiln_profile_full_attn_stage full_attn_layer=4 stage=kv_read seq_len=29 start_pos=0 elapsed_ms=0.011
kiln_profile_mlp_stage layer=19 stage=fused seq_len=29 start_pos=0 elapsed_ms=8.995
kiln_profile_paged_layer layer=19 kind=full seq_len=29 start_pos=0 elapsed_ms=22.606
kiln_profile_gdn_stage layer=20 stage=in_proj seq_len=29 start_pos=0 elapsed_ms=7.559
kiln_profile_gdn_stage layer=20 stage=conv seq_len=29 start_pos=0 elapsed_ms=2.947
kiln_profile_gdn_stage layer=20 stage=qkv_split seq_len=29 start_pos=0 elapsed_ms=0.136
kiln_profile_gdn_stage layer=20 stage=qk_norm seq_len=29 start_pos=0 elapsed_ms=0.229
kiln_profile_gdn_stage layer=20 stage=gates seq_len=29 start_pos=0 elapsed_ms=0.477
kiln_profile_gdn_stage layer=20 stage=recurrent seq_len=29 start_pos=0 elapsed_ms=3.496
kiln_profile_gdn_stage layer=20 stage=post_transpose seq_len=29 start_pos=0 elapsed_ms=0.000
kiln_profile_gdn_stage layer=20 stage=gated_norm seq_len=29 start_pos=0 elapsed_ms=2.481
kiln_profile_gdn_stage layer=20 stage=out_proj seq_len=29 start_pos=0 elapsed_ms=2.395
kiln_profile_mlp_stage layer=20 stage=fused seq_len=29 start_pos=0 elapsed_ms=8.861
kiln_profile_paged_layer layer=20 kind=linear seq_len=29 start_pos=0 elapsed_ms=28.910
kiln_profile_gdn_stage layer=21 stage=in_proj seq_len=29 start_pos=0 elapsed_ms=7.683
kiln_profile_gdn_stage layer=21 stage=conv seq_len=29 start_pos=0 elapsed_ms=2.964
kiln_profile_gdn_stage layer=21 stage=qkv_split seq_len=29 start_pos=0 elapsed_ms=0.136
kiln_profile_gdn_stage layer=21 stage=qk_norm seq_len=29 start_pos=0 elapsed_ms=0.234
kiln_profile_gdn_stage layer=21 stage=gates seq_len=29 start_pos=0 elapsed_ms=0.493
kiln_profile_gdn_stage layer=21 stage=recurrent seq_len=29 start_pos=0 elapsed_ms=3.009
kiln_profile_gdn_stage layer=21 stage=post_transpose seq_len=29 start_pos=0 elapsed_ms=0.000
kiln_profile_gdn_stage layer=21 stage=gated_norm seq_len=29 start_pos=0 elapsed_ms=2.377
kiln_profile_gdn_stage layer=21 stage=out_proj seq_len=29 start_pos=0 elapsed_ms=3.164
kiln_profile_mlp_stage layer=21 stage=fused seq_len=29 start_pos=0 elapsed_ms=10.210
kiln_profile_paged_layer layer=21 kind=linear seq_len=29 start_pos=0 elapsed_ms=30.600
kiln_profile_gdn_stage layer=22 stage=in_proj seq_len=29 start_pos=0 elapsed_ms=7.928
kiln_profile_gdn_stage layer=22 stage=conv seq_len=29 start_pos=0 elapsed_ms=2.951
kiln_profile_gdn_stage layer=22 stage=qkv_split seq_len=29 start_pos=0 elapsed_ms=0.141
kiln_profile_gdn_stage layer=22 stage=qk_norm seq_len=29 start_pos=0 elapsed_ms=0.234
kiln_profile_gdn_stage layer=22 stage=gates seq_len=29 start_pos=0 elapsed_ms=0.612
kiln_profile_gdn_stage layer=22 stage=recurrent seq_len=29 start_pos=0 elapsed_ms=3.432
kiln_profile_gdn_stage layer=22 stage=post_transpose seq_len=29 start_pos=0 elapsed_ms=0.000
kiln_profile_gdn_stage layer=22 stage=gated_norm seq_len=29 start_pos=0 elapsed_ms=2.409
kiln_profile_gdn_stage layer=22 stage=out_proj seq_len=29 start_pos=0 elapsed_ms=3.159
kiln_profile_mlp_stage layer=22 stage=fused seq_len=29 start_pos=0 elapsed_ms=11.540
kiln_profile_paged_layer layer=22 kind=linear seq_len=29 start_pos=0 elapsed_ms=32.743
kiln_profile_full_attn_stage full_attn_layer=5 stage=qkv_proj seq_len=29 start_pos=0 elapsed_ms=10.075
kiln_profile_full_attn_stage full_attn_layer=5 stage=qkv_split seq_len=29 start_pos=0 elapsed_ms=0.028
kiln_profile_full_attn_stage full_attn_layer=5 stage=qk_norm seq_len=29 start_pos=0 elapsed_ms=0.256
kiln_profile_full_attn_stage full_attn_layer=5 stage=rope seq_len=29 start_pos=0 elapsed_ms=0.353
kiln_profile_full_attn_stage full_attn_layer=5 stage=q_transpose seq_len=29 start_pos=0 elapsed_ms=0.078
kiln_profile_full_attn_stage full_attn_layer=5 stage=kv_write seq_len=29 start_pos=0 elapsed_ms=0.030
kiln_profile_full_attn_stage full_attn_layer=5 stage=kv_read seq_len=29 start_pos=0 elapsed_ms=0.005
kiln_profile_mlp_stage layer=23 stage=fused seq_len=29 start_pos=0 elapsed_ms=8.871
kiln_profile_paged_layer layer=23 kind=full seq_len=29 start_pos=0 elapsed_ms=22.703
kiln_profile_gdn_stage layer=24 stage=in_proj seq_len=29 start_pos=0 elapsed_ms=8.118
kiln_profile_gdn_stage layer=24 stage=conv seq_len=29 start_pos=0 elapsed_ms=2.944
kiln_profile_gdn_stage layer=24 stage=qkv_split seq_len=29 start_pos=0 elapsed_ms=0.135
kiln_profile_gdn_stage layer=24 stage=qk_norm seq_len=29 start_pos=0 elapsed_ms=0.229
kiln_profile_gdn_stage layer=24 stage=gates seq_len=29 start_pos=0 elapsed_ms=0.493
kiln_profile_gdn_stage layer=24 stage=recurrent seq_len=29 start_pos=0 elapsed_ms=3.267
kiln_profile_gdn_stage layer=24 stage=post_transpose seq_len=29 start_pos=0 elapsed_ms=0.000
kiln_profile_gdn_stage layer=24 stage=gated_norm seq_len=29 start_pos=0 elapsed_ms=2.402
kiln_profile_gdn_stage layer=24 stage=out_proj seq_len=29 start_pos=0 elapsed_ms=2.995
kiln_profile_mlp_stage layer=24 stage=fused seq_len=29 start_pos=0 elapsed_ms=10.538
kiln_profile_paged_layer layer=24 kind=linear seq_len=29 start_pos=0 elapsed_ms=31.448
kiln_profile_gdn_stage layer=25 stage=in_proj seq_len=29 start_pos=0 elapsed_ms=8.177
kiln_profile_gdn_stage layer=25 stage=conv seq_len=29 start_pos=0 elapsed_ms=2.992
kiln_profile_gdn_stage layer=25 stage=qkv_split seq_len=29 start_pos=0 elapsed_ms=0.139
kiln_profile_gdn_stage layer=25 stage=qk_norm seq_len=29 start_pos=0 elapsed_ms=0.240
kiln_profile_gdn_stage layer=25 stage=gates seq_len=29 start_pos=0 elapsed_ms=0.501
kiln_profile_gdn_stage layer=25 stage=recurrent seq_len=29 start_pos=0 elapsed_ms=3.205
kiln_profile_gdn_stage layer=25 stage=post_transpose seq_len=29 start_pos=0 elapsed_ms=0.000
kiln_profile_gdn_stage layer=25 stage=gated_norm seq_len=29 start_pos=0 elapsed_ms=2.502
kiln_profile_gdn_stage layer=25 stage=out_proj seq_len=29 start_pos=0 elapsed_ms=2.320
kiln_profile_mlp_stage layer=25 stage=fused seq_len=29 start_pos=0 elapsed_ms=11.022
kiln_profile_paged_layer layer=25 kind=linear seq_len=29 start_pos=0 elapsed_ms=31.432
kiln_profile_gdn_stage layer=26 stage=in_proj seq_len=29 start_pos=0 elapsed_ms=8.495
kiln_profile_gdn_stage layer=26 stage=conv seq_len=29 start_pos=0 elapsed_ms=3.011
kiln_profile_gdn_stage layer=26 stage=qkv_split seq_len=29 start_pos=0 elapsed_ms=0.145
kiln_profile_gdn_stage layer=26 stage=qk_norm seq_len=29 start_pos=0 elapsed_ms=0.238
kiln_profile_gdn_stage layer=26 stage=gates seq_len=29 start_pos=0 elapsed_ms=0.262
kiln_profile_gdn_stage layer=26 stage=recurrent seq_len=29 start_pos=0 elapsed_ms=2.994
kiln_profile_gdn_stage layer=26 stage=post_transpose seq_len=29 start_pos=0 elapsed_ms=0.000
kiln_profile_gdn_stage layer=26 stage=gated_norm seq_len=29 start_pos=0 elapsed_ms=2.479
kiln_profile_gdn_stage layer=26 stage=out_proj seq_len=29 start_pos=0 elapsed_ms=2.325
kiln_profile_mlp_stage layer=26 stage=fused seq_len=29 start_pos=0 elapsed_ms=8.499
kiln_profile_paged_layer layer=26 kind=linear seq_len=29 start_pos=0 elapsed_ms=28.782
kiln_profile_full_attn_stage full_attn_layer=6 stage=qkv_proj seq_len=29 start_pos=0 elapsed_ms=10.183
kiln_profile_full_attn_stage full_attn_layer=6 stage=qkv_split seq_len=29 start_pos=0 elapsed_ms=0.034
kiln_profile_full_attn_stage full_attn_layer=6 stage=qk_norm seq_len=29 start_pos=0 elapsed_ms=0.260
kiln_profile_full_attn_stage full_attn_layer=6 stage=rope seq_len=29 start_pos=0 elapsed_ms=0.354
kiln_profile_full_attn_stage full_attn_layer=6 stage=q_transpose seq_len=29 start_pos=0 elapsed_ms=0.079
kiln_profile_full_attn_stage full_attn_layer=6 stage=kv_write seq_len=29 start_pos=0 elapsed_ms=0.123
kiln_profile_full_attn_stage full_attn_layer=6 stage=kv_read seq_len=29 start_pos=0 elapsed_ms=0.010
kiln_profile_mlp_stage layer=27 stage=fused seq_len=29 start_pos=0 elapsed_ms=11.371
kiln_profile_paged_layer layer=27 kind=full seq_len=29 start_pos=0 elapsed_ms=25.695
kiln_profile_gdn_stage layer=28 stage=in_proj seq_len=29 start_pos=0 elapsed_ms=7.904
kiln_profile_gdn_stage layer=28 stage=conv seq_len=29 start_pos=0 elapsed_ms=2.951
kiln_profile_gdn_stage layer=28 stage=qkv_split seq_len=29 start_pos=0 elapsed_ms=0.134
kiln_profile_gdn_stage layer=28 stage=qk_norm seq_len=29 start_pos=0 elapsed_ms=0.230
kiln_profile_gdn_stage layer=28 stage=gates seq_len=29 start_pos=0 elapsed_ms=0.486
kiln_profile_gdn_stage layer=28 stage=recurrent seq_len=29 start_pos=0 elapsed_ms=3.483
kiln_profile_gdn_stage layer=28 stage=post_transpose seq_len=29 start_pos=0 elapsed_ms=0.000
kiln_profile_gdn_stage layer=28 stage=gated_norm seq_len=29 start_pos=0 elapsed_ms=2.403
kiln_profile_gdn_stage layer=28 stage=out_proj seq_len=29 start_pos=0 elapsed_ms=3.084
kiln_profile_mlp_stage layer=28 stage=fused seq_len=29 start_pos=0 elapsed_ms=11.747
kiln_profile_paged_layer layer=28 kind=linear seq_len=29 start_pos=0 elapsed_ms=32.746
kiln_profile_gdn_stage layer=29 stage=in_proj seq_len=29 start_pos=0 elapsed_ms=8.057
kiln_profile_gdn_stage layer=29 stage=conv seq_len=29 start_pos=0 elapsed_ms=2.981
kiln_profile_gdn_stage layer=29 stage=qkv_split seq_len=29 start_pos=0 elapsed_ms=0.135
kiln_profile_gdn_stage layer=29 stage=qk_norm seq_len=29 start_pos=0 elapsed_ms=0.233
kiln_profile_gdn_stage layer=29 stage=gates seq_len=29 start_pos=0 elapsed_ms=0.507
kiln_profile_gdn_stage layer=29 stage=recurrent seq_len=29 start_pos=0 elapsed_ms=3.453
kiln_profile_gdn_stage layer=29 stage=post_transpose seq_len=29 start_pos=0 elapsed_ms=0.000
kiln_profile_gdn_stage layer=29 stage=gated_norm seq_len=29 start_pos=0 elapsed_ms=2.365
kiln_profile_gdn_stage layer=29 stage=out_proj seq_len=29 start_pos=0 elapsed_ms=3.104
kiln_profile_mlp_stage layer=29 stage=fused seq_len=29 start_pos=0 elapsed_ms=10.158
kiln_profile_paged_layer layer=29 kind=linear seq_len=29 start_pos=0 elapsed_ms=31.329
kiln_profile_gdn_stage layer=30 stage=in_proj seq_len=29 start_pos=0 elapsed_ms=7.879
kiln_profile_gdn_stage layer=30 stage=conv seq_len=29 start_pos=0 elapsed_ms=2.999
kiln_profile_gdn_stage layer=30 stage=qkv_split seq_len=29 start_pos=0 elapsed_ms=0.141
kiln_profile_gdn_stage layer=30 stage=qk_norm seq_len=29 start_pos=0 elapsed_ms=0.235
kiln_profile_gdn_stage layer=30 stage=gates seq_len=29 start_pos=0 elapsed_ms=0.471
kiln_profile_gdn_stage layer=30 stage=recurrent seq_len=29 start_pos=0 elapsed_ms=3.409
kiln_profile_gdn_stage layer=30 stage=post_transpose seq_len=29 start_pos=0 elapsed_ms=0.000
kiln_profile_gdn_stage layer=30 stage=gated_norm seq_len=29 start_pos=0 elapsed_ms=2.410
kiln_profile_gdn_stage layer=30 stage=out_proj seq_len=29 start_pos=0 elapsed_ms=3.145
kiln_profile_mlp_stage layer=30 stage=fused seq_len=29 start_pos=0 elapsed_ms=9.818
kiln_profile_paged_layer layer=30 kind=linear seq_len=29 start_pos=0 elapsed_ms=30.844
kiln_profile_full_attn_stage full_attn_layer=7 stage=qkv_proj seq_len=29 start_pos=0 elapsed_ms=9.921
kiln_profile_full_attn_stage full_attn_layer=7 stage=qkv_split seq_len=29 start_pos=0 elapsed_ms=0.021
kiln_profile_full_attn_stage full_attn_layer=7 stage=qk_norm seq_len=29 start_pos=0 elapsed_ms=0.255
kiln_profile_full_attn_stage full_attn_layer=7 stage=rope seq_len=29 start_pos=0 elapsed_ms=0.359
kiln_profile_full_attn_stage full_attn_layer=7 stage=q_transpose seq_len=29 start_pos=0 elapsed_ms=0.085
kiln_profile_full_attn_stage full_attn_layer=7 stage=kv_write seq_len=29 start_pos=0 elapsed_ms=0.029
kiln_profile_full_attn_stage full_attn_layer=7 stage=kv_read seq_len=29 start_pos=0 elapsed_ms=0.008
kiln_profile_mlp_stage layer=31 stage=fused seq_len=29 start_pos=0 elapsed_ms=11.659
kiln_profile_paged_layer layer=31 kind=full seq_len=29 start_pos=0 elapsed_ms=30.931
kiln_profile_gdn_stage layer=0 stage=in_proj seq_len=29 start_pos=0 elapsed_ms=8.211
kiln_profile_gdn_stage layer=0 stage=conv seq_len=29 start_pos=0 elapsed_ms=3.217
kiln_profile_gdn_stage layer=0 stage=qkv_split seq_len=29 start_pos=0 elapsed_ms=0.133
kiln_profile_gdn_stage layer=0 stage=qk_norm seq_len=29 start_pos=0 elapsed_ms=0.244
kiln_profile_gdn_stage layer=0 stage=gates seq_len=29 start_pos=0 elapsed_ms=0.522
kiln_profile_gdn_stage layer=0 stage=recurrent seq_len=29 start_pos=0 elapsed_ms=4.169
kiln_profile_gdn_stage layer=0 stage=post_transpose seq_len=29 start_pos=0 elapsed_ms=0.000
kiln_profile_gdn_stage layer=0 stage=gated_norm seq_len=29 start_pos=0 elapsed_ms=3.112
kiln_profile_gdn_stage layer=0 stage=out_proj seq_len=29 start_pos=0 elapsed_ms=2.415
kiln_profile_mlp_stage layer=0 stage=fused seq_len=29 start_pos=0 elapsed_ms=10.282
kiln_profile_paged_layer layer=0 kind=linear seq_len=29 start_pos=0 elapsed_ms=32.699
kiln_profile_gdn_stage layer=1 stage=in_proj seq_len=29 start_pos=0 elapsed_ms=7.624
kiln_profile_gdn_stage layer=1 stage=conv seq_len=29 start_pos=0 elapsed_ms=2.699
kiln_profile_gdn_stage layer=1 stage=qkv_split seq_len=29 start_pos=0 elapsed_ms=0.135
kiln_profile_gdn_stage layer=1 stage=qk_norm seq_len=29 start_pos=0 elapsed_ms=0.240
kiln_profile_gdn_stage layer=1 stage=gates seq_len=29 start_pos=0 elapsed_ms=0.553
kiln_profile_gdn_stage layer=1 stage=recurrent seq_len=29 start_pos=0 elapsed_ms=3.157
kiln_profile_gdn_stage layer=1 stage=post_transpose seq_len=29 start_pos=0 elapsed_ms=0.000
kiln_profile_gdn_stage layer=1 stage=gated_norm seq_len=29 start_pos=0 elapsed_ms=2.356
kiln_profile_gdn_stage layer=1 stage=out_proj seq_len=29 start_pos=0 elapsed_ms=3.274
kiln_profile_mlp_stage layer=1 stage=fused seq_len=29 start_pos=0 elapsed_ms=10.486
kiln_profile_paged_layer layer=1 kind=linear seq_len=29 start_pos=0 elapsed_ms=30.859
kiln_profile_gdn_stage layer=2 stage=in_proj seq_len=29 start_pos=0 elapsed_ms=7.781
kiln_profile_gdn_stage layer=2 stage=conv seq_len=29 start_pos=0 elapsed_ms=2.661
kiln_profile_gdn_stage layer=2 stage=qkv_split seq_len=29 start_pos=0 elapsed_ms=0.135
kiln_profile_gdn_stage layer=2 stage=qk_norm seq_len=29 start_pos=0 elapsed_ms=0.236
kiln_profile_gdn_stage layer=2 stage=gates seq_len=29 start_pos=0 elapsed_ms=0.226
kiln_profile_gdn_stage layer=2 stage=recurrent seq_len=29 start_pos=0 elapsed_ms=2.892
kiln_profile_gdn_stage layer=2 stage=post_transpose seq_len=29 start_pos=0 elapsed_ms=0.000
kiln_profile_gdn_stage layer=2 stage=gated_norm seq_len=29 start_pos=0 elapsed_ms=2.372
kiln_profile_gdn_stage layer=2 stage=out_proj seq_len=29 start_pos=0 elapsed_ms=3.261
kiln_profile_mlp_stage layer=2 stage=fused seq_len=29 start_pos=0 elapsed_ms=10.955
kiln_profile_paged_layer layer=2 kind=linear seq_len=29 start_pos=0 elapsed_ms=30.868
kiln_profile_full_attn_stage full_attn_layer=0 stage=qkv_proj seq_len=29 start_pos=0 elapsed_ms=10.025
kiln_profile_full_attn_stage full_attn_layer=0 stage=qkv_split seq_len=29 start_pos=0 elapsed_ms=0.024
kiln_profile_full_attn_stage full_attn_layer=0 stage=qk_norm seq_len=29 start_pos=0 elapsed_ms=0.254
kiln_profile_full_attn_stage full_attn_layer=0 stage=rope seq_len=29 start_pos=0 elapsed_ms=0.366
kiln_profile_full_attn_stage full_attn_layer=0 stage=q_transpose seq_len=29 start_pos=0 elapsed_ms=0.085
kiln_profile_full_attn_stage full_attn_layer=0 stage=kv_write seq_len=29 start_pos=0 elapsed_ms=0.032
kiln_profile_full_attn_stage full_attn_layer=0 stage=kv_read seq_len=29 start_pos=0 elapsed_ms=0.005
kiln_profile_mlp_stage layer=3 stage=fused seq_len=29 start_pos=0 elapsed_ms=8.924
kiln_profile_paged_layer layer=3 kind=full seq_len=29 start_pos=0 elapsed_ms=22.872
kiln_profile_gdn_stage layer=4 stage=in_proj seq_len=29 start_pos=0 elapsed_ms=7.683
kiln_profile_gdn_stage layer=4 stage=conv seq_len=29 start_pos=0 elapsed_ms=3.150
kiln_profile_gdn_stage layer=4 stage=qkv_split seq_len=29 start_pos=0 elapsed_ms=0.146
kiln_profile_gdn_stage layer=4 stage=qk_norm seq_len=29 start_pos=0 elapsed_ms=0.236
kiln_profile_gdn_stage layer=4 stage=gates seq_len=29 start_pos=0 elapsed_ms=0.498
kiln_profile_gdn_stage layer=4 stage=recurrent seq_len=29 start_pos=0 elapsed_ms=3.210
kiln_profile_gdn_stage layer=4 stage=post_transpose seq_len=29 start_pos=0 elapsed_ms=0.000
kiln_profile_gdn_stage layer=4 stage=gated_norm seq_len=29 start_pos=0 elapsed_ms=2.399
kiln_profile_gdn_stage layer=4 stage=out_proj seq_len=29 start_pos=0 elapsed_ms=2.333
kiln_profile_mlp_stage layer=4 stage=fused seq_len=29 start_pos=0 elapsed_ms=11.424
kiln_profile_paged_layer layer=4 kind=linear seq_len=29 start_pos=0 elapsed_ms=31.422
kiln_profile_gdn_stage layer=5 stage=in_proj seq_len=29 start_pos=0 elapsed_ms=8.093
kiln_profile_gdn_stage layer=5 stage=conv seq_len=29 start_pos=0 elapsed_ms=3.303
kiln_profile_gdn_stage layer=5 stage=qkv_split seq_len=29 start_pos=0 elapsed_ms=0.143
kiln_profile_gdn_stage layer=5 stage=qk_norm seq_len=29 start_pos=0 elapsed_ms=0.235
kiln_profile_gdn_stage layer=5 stage=gates seq_len=29 start_pos=0 elapsed_ms=0.482
kiln_profile_gdn_stage layer=5 stage=recurrent seq_len=29 start_pos=0 elapsed_ms=2.894
kiln_profile_gdn_stage layer=5 stage=post_transpose seq_len=29 start_pos=0 elapsed_ms=0.000
kiln_profile_gdn_stage layer=5 stage=gated_norm seq_len=29 start_pos=0 elapsed_ms=2.297
kiln_profile_gdn_stage layer=5 stage=out_proj seq_len=29 start_pos=0 elapsed_ms=3.159
kiln_profile_mlp_stage layer=5 stage=fused seq_len=29 start_pos=0 elapsed_ms=10.185
kiln_profile_paged_layer layer=5 kind=linear seq_len=29 start_pos=0 elapsed_ms=31.124
kiln_profile_gdn_stage layer=6 stage=in_proj seq_len=29 start_pos=0 elapsed_ms=7.847
kiln_profile_gdn_stage layer=6 stage=conv seq_len=29 start_pos=0 elapsed_ms=3.143
kiln_profile_gdn_stage layer=6 stage=qkv_split seq_len=29 start_pos=0 elapsed_ms=0.139
kiln_profile_gdn_stage layer=6 stage=qk_norm seq_len=29 start_pos=0 elapsed_ms=0.235
kiln_profile_gdn_stage layer=6 stage=gates seq_len=29 start_pos=0 elapsed_ms=0.515
kiln_profile_gdn_stage layer=6 stage=recurrent seq_len=29 start_pos=0 elapsed_ms=2.889
kiln_profile_gdn_stage layer=6 stage=post_transpose seq_len=29 start_pos=0 elapsed_ms=0.000
kiln_profile_gdn_stage layer=6 stage=gated_norm seq_len=29 start_pos=0 elapsed_ms=2.286
kiln_profile_gdn_stage layer=6 stage=out_proj seq_len=29 start_pos=0 elapsed_ms=3.154
kiln_profile_mlp_stage layer=6 stage=fused seq_len=29 start_pos=0 elapsed_ms=9.866
kiln_profile_paged_layer layer=6 kind=linear seq_len=29 start_pos=0 elapsed_ms=30.411
kiln_profile_full_attn_stage full_attn_layer=1 stage=qkv_proj seq_len=29 start_pos=0 elapsed_ms=10.388
kiln_profile_full_attn_stage full_attn_layer=1 stage=qkv_split seq_len=29 start_pos=0 elapsed_ms=0.027
kiln_profile_full_attn_stage full_attn_layer=1 stage=qk_norm seq_len=29 start_pos=0 elapsed_ms=0.253
kiln_profile_full_attn_stage full_attn_layer=1 stage=rope seq_len=29 start_pos=0 elapsed_ms=0.352
kiln_profile_full_attn_stage full_attn_layer=1 stage=q_transpose seq_len=29 start_pos=0 elapsed_ms=0.081
kiln_profile_full_attn_stage full_attn_layer=1 stage=kv_write seq_len=29 start_pos=0 elapsed_ms=0.030
kiln_profile_full_attn_stage full_attn_layer=1 stage=kv_read seq_len=29 start_pos=0 elapsed_ms=0.005
kiln_profile_mlp_stage layer=7 stage=fused seq_len=29 start_pos=0 elapsed_ms=10.919
kiln_profile_paged_layer layer=7 kind=full seq_len=29 start_pos=0 elapsed_ms=25.055
kiln_profile_gdn_stage layer=8 stage=in_proj seq_len=29 start_pos=0 elapsed_ms=7.522
kiln_profile_gdn_stage layer=8 stage=conv seq_len=29 start_pos=0 elapsed_ms=3.152
kiln_profile_gdn_stage layer=8 stage=qkv_split seq_len=29 start_pos=0 elapsed_ms=0.136
kiln_profile_gdn_stage layer=8 stage=qk_norm seq_len=29 start_pos=0 elapsed_ms=0.235
kiln_profile_gdn_stage layer=8 stage=gates seq_len=29 start_pos=0 elapsed_ms=0.220
kiln_profile_gdn_stage layer=8 stage=recurrent seq_len=29 start_pos=0 elapsed_ms=3.213
kiln_profile_gdn_stage layer=8 stage=post_transpose seq_len=29 start_pos=0 elapsed_ms=0.000
kiln_profile_gdn_stage layer=8 stage=gated_norm seq_len=29 start_pos=0 elapsed_ms=2.340
kiln_profile_gdn_stage layer=8 stage=out_proj seq_len=29 start_pos=0 elapsed_ms=3.408
kiln_profile_mlp_stage layer=8 stage=fused seq_len=29 start_pos=0 elapsed_ms=11.349
kiln_profile_paged_layer layer=8 kind=linear seq_len=29 start_pos=0 elapsed_ms=31.913
kiln_profile_gdn_stage layer=9 stage=in_proj seq_len=29 start_pos=0 elapsed_ms=7.742
kiln_profile_gdn_stage layer=9 stage=conv seq_len=29 start_pos=0 elapsed_ms=3.160
kiln_profile_gdn_stage layer=9 stage=qkv_split seq_len=29 start_pos=0 elapsed_ms=0.139
kiln_profile_gdn_stage layer=9 stage=qk_norm seq_len=29 start_pos=0 elapsed_ms=0.230
kiln_profile_gdn_stage layer=9 stage=gates seq_len=29 start_pos=0 elapsed_ms=0.514
kiln_profile_gdn_stage layer=9 stage=recurrent seq_len=29 start_pos=0 elapsed_ms=3.154
kiln_profile_gdn_stage layer=9 stage=post_transpose seq_len=29 start_pos=0 elapsed_ms=0.000
kiln_profile_gdn_stage layer=9 stage=gated_norm seq_len=29 start_pos=0 elapsed_ms=2.416
kiln_profile_gdn_stage layer=9 stage=out_proj seq_len=29 start_pos=0 elapsed_ms=2.465
kiln_profile_mlp_stage layer=9 stage=fused seq_len=29 start_pos=0 elapsed_ms=11.570
kiln_profile_paged_layer layer=9 kind=linear seq_len=29 start_pos=0 elapsed_ms=31.742
kiln_profile_gdn_stage layer=10 stage=in_proj seq_len=29 start_pos=0 elapsed_ms=7.643
kiln_profile_gdn_stage layer=10 stage=conv seq_len=29 start_pos=0 elapsed_ms=3.201
kiln_profile_gdn_stage layer=10 stage=qkv_split seq_len=29 start_pos=0 elapsed_ms=0.144
kiln_profile_gdn_stage layer=10 stage=qk_norm seq_len=29 start_pos=0 elapsed_ms=0.237
kiln_profile_gdn_stage layer=10 stage=gates seq_len=29 start_pos=0 elapsed_ms=0.506
kiln_profile_gdn_stage layer=10 stage=recurrent seq_len=29 start_pos=0 elapsed_ms=2.929
kiln_profile_gdn_stage layer=10 stage=post_transpose seq_len=29 start_pos=0 elapsed_ms=0.000
kiln_profile_gdn_stage layer=10 stage=gated_norm seq_len=29 start_pos=0 elapsed_ms=2.198
kiln_profile_gdn_stage layer=10 stage=out_proj seq_len=29 start_pos=0 elapsed_ms=2.405
kiln_profile_mlp_stage layer=10 stage=fused seq_len=29 start_pos=0 elapsed_ms=10.208
kiln_profile_paged_layer layer=10 kind=linear seq_len=29 start_pos=0 elapsed_ms=29.810
kiln_profile_full_attn_stage full_attn_layer=2 stage=qkv_proj seq_len=29 start_pos=0 elapsed_ms=10.571
kiln_profile_full_attn_stage full_attn_layer=2 stage=qkv_split seq_len=29 start_pos=0 elapsed_ms=0.026
kiln_profile_full_attn_stage full_attn_layer=2 stage=qk_norm seq_len=29 start_pos=0 elapsed_ms=0.253
kiln_profile_full_attn_stage full_attn_layer=2 stage=rope seq_len=29 start_pos=0 elapsed_ms=0.348
kiln_profile_full_attn_stage full_attn_layer=2 stage=q_transpose seq_len=29 start_pos=0 elapsed_ms=0.080
kiln_profile_full_attn_stage full_attn_layer=2 stage=kv_write seq_len=29 start_pos=0 elapsed_ms=0.030
kiln_profile_full_attn_stage full_attn_layer=2 stage=kv_read seq_len=29 start_pos=0 elapsed_ms=0.008
kiln_profile_mlp_stage layer=11 stage=fused seq_len=29 start_pos=0 elapsed_ms=8.740
kiln_profile_paged_layer layer=11 kind=full seq_len=29 start_pos=0 elapsed_ms=23.066
kiln_profile_gdn_stage layer=12 stage=in_proj seq_len=29 start_pos=0 elapsed_ms=7.756
kiln_profile_gdn_stage layer=12 stage=conv seq_len=29 start_pos=0 elapsed_ms=3.094
kiln_profile_gdn_stage layer=12 stage=qkv_split seq_len=29 start_pos=0 elapsed_ms=0.134
kiln_profile_gdn_stage layer=12 stage=qk_norm seq_len=29 start_pos=0 elapsed_ms=0.231
kiln_profile_gdn_stage layer=12 stage=gates seq_len=29 start_pos=0 elapsed_ms=1.577
kiln_profile_gdn_stage layer=12 stage=recurrent seq_len=29 start_pos=0 elapsed_ms=3.158
kiln_profile_gdn_stage layer=12 stage=post_transpose seq_len=29 start_pos=0 elapsed_ms=0.000
kiln_profile_gdn_stage layer=12 stage=gated_norm seq_len=29 start_pos=0 elapsed_ms=2.261
kiln_profile_gdn_stage layer=12 stage=out_proj seq_len=29 start_pos=0 elapsed_ms=3.542
kiln_profile_mlp_stage layer=12 stage=fused seq_len=29 start_pos=0 elapsed_ms=10.519
kiln_profile_paged_layer layer=12 kind=linear seq_len=29 start_pos=0 elapsed_ms=32.605
kiln_profile_gdn_stage layer=13 stage=in_proj seq_len=29 start_pos=0 elapsed_ms=7.992
kiln_profile_gdn_stage layer=13 stage=conv seq_len=29 start_pos=0 elapsed_ms=3.150
kiln_profile_gdn_stage layer=13 stage=qkv_split seq_len=29 start_pos=0 elapsed_ms=0.138
kiln_profile_gdn_stage layer=13 stage=qk_norm seq_len=29 start_pos=0 elapsed_ms=0.233
kiln_profile_gdn_stage layer=13 stage=gates seq_len=29 start_pos=0 elapsed_ms=0.496
kiln_profile_gdn_stage layer=13 stage=recurrent seq_len=29 start_pos=0 elapsed_ms=3.173
kiln_profile_gdn_stage layer=13 stage=post_transpose seq_len=29 start_pos=0 elapsed_ms=0.000
kiln_profile_gdn_stage layer=13 stage=gated_norm seq_len=29 start_pos=0 elapsed_ms=2.323
kiln_profile_gdn_stage layer=13 stage=out_proj seq_len=29 start_pos=0 elapsed_ms=3.209
kiln_profile_mlp_stage layer=13 stage=fused seq_len=29 start_pos=0 elapsed_ms=8.697
kiln_profile_paged_layer layer=13 kind=linear seq_len=29 start_pos=0 elapsed_ms=29.740
kiln_profile_gdn_stage layer=14 stage=in_proj seq_len=29 start_pos=0 elapsed_ms=8.119
kiln_profile_gdn_stage layer=14 stage=conv seq_len=29 start_pos=0 elapsed_ms=3.188
kiln_profile_gdn_stage layer=14 stage=qkv_split seq_len=29 start_pos=0 elapsed_ms=0.137
kiln_profile_gdn_stage layer=14 stage=qk_norm seq_len=29 start_pos=0 elapsed_ms=0.236
kiln_profile_gdn_stage layer=14 stage=gates seq_len=29 start_pos=0 elapsed_ms=0.503
kiln_profile_gdn_stage layer=14 stage=recurrent seq_len=29 start_pos=0 elapsed_ms=3.136
kiln_profile_gdn_stage layer=14 stage=post_transpose seq_len=29 start_pos=0 elapsed_ms=0.000
kiln_profile_gdn_stage layer=14 stage=gated_norm seq_len=29 start_pos=0 elapsed_ms=2.431
kiln_profile_gdn_stage layer=14 stage=out_proj seq_len=29 start_pos=0 elapsed_ms=3.234
kiln_profile_mlp_stage layer=14 stage=fused seq_len=29 start_pos=0 elapsed_ms=9.928
kiln_profile_paged_layer layer=14 kind=linear seq_len=29 start_pos=0 elapsed_ms=31.246
kiln_profile_full_attn_stage full_attn_layer=3 stage=qkv_proj seq_len=29 start_pos=0 elapsed_ms=10.121
kiln_profile_full_attn_stage full_attn_layer=3 stage=qkv_split seq_len=29 start_pos=0 elapsed_ms=0.022
kiln_profile_full_attn_stage full_attn_layer=3 stage=qk_norm seq_len=29 start_pos=0 elapsed_ms=0.254
kiln_profile_full_attn_stage full_attn_layer=3 stage=rope seq_len=29 start_pos=0 elapsed_ms=0.354
kiln_profile_full_attn_stage full_attn_layer=3 stage=q_transpose seq_len=29 start_pos=0 elapsed_ms=0.091
kiln_profile_full_attn_stage full_attn_layer=3 stage=kv_write seq_len=29 start_pos=0 elapsed_ms=0.031
kiln_profile_full_attn_stage full_attn_layer=3 stage=kv_read seq_len=29 start_pos=0 elapsed_ms=0.007
kiln_profile_mlp_stage layer=15 stage=fused seq_len=29 start_pos=0 elapsed_ms=11.084
kiln_profile_paged_layer layer=15 kind=full seq_len=29 start_pos=0 elapsed_ms=25.114
kiln_profile_gdn_stage layer=16 stage=in_proj seq_len=29 start_pos=0 elapsed_ms=7.521
kiln_profile_gdn_stage layer=16 stage=conv seq_len=29 start_pos=0 elapsed_ms=3.109
kiln_profile_gdn_stage layer=16 stage=qkv_split seq_len=29 start_pos=0 elapsed_ms=0.136
kiln_profile_gdn_stage layer=16 stage=qk_norm seq_len=29 start_pos=0 elapsed_ms=0.236
kiln_profile_gdn_stage layer=16 stage=gates seq_len=29 start_pos=0 elapsed_ms=0.222
kiln_profile_gdn_stage layer=16 stage=recurrent seq_len=29 start_pos=0 elapsed_ms=3.216
kiln_profile_gdn_stage layer=16 stage=post_transpose seq_len=29 start_pos=0 elapsed_ms=0.000
kiln_profile_gdn_stage layer=16 stage=gated_norm seq_len=29 start_pos=0 elapsed_ms=2.279
kiln_profile_gdn_stage layer=16 stage=out_proj seq_len=29 start_pos=0 elapsed_ms=3.113
kiln_profile_mlp_stage layer=16 stage=fused seq_len=29 start_pos=0 elapsed_ms=11.583
kiln_profile_paged_layer layer=16 kind=linear seq_len=29 start_pos=0 elapsed_ms=31.741
kiln_profile_gdn_stage layer=17 stage=in_proj seq_len=29 start_pos=0 elapsed_ms=7.697
kiln_profile_gdn_stage layer=17 stage=conv seq_len=29 start_pos=0 elapsed_ms=3.146
kiln_profile_gdn_stage layer=17 stage=qkv_split seq_len=29 start_pos=0 elapsed_ms=0.136
kiln_profile_gdn_stage layer=17 stage=qk_norm seq_len=29 start_pos=0 elapsed_ms=0.260
kiln_profile_gdn_stage layer=17 stage=gates seq_len=29 start_pos=0 elapsed_ms=0.473
kiln_profile_gdn_stage layer=17 stage=recurrent seq_len=29 start_pos=0 elapsed_ms=3.141
kiln_profile_gdn_stage layer=17 stage=post_transpose seq_len=29 start_pos=0 elapsed_ms=0.000
kiln_profile_gdn_stage layer=17 stage=gated_norm seq_len=29 start_pos=0 elapsed_ms=2.361
kiln_profile_gdn_stage layer=17 stage=out_proj seq_len=29 start_pos=0 elapsed_ms=2.414
kiln_profile_mlp_stage layer=17 stage=fused seq_len=29 start_pos=0 elapsed_ms=11.571
kiln_profile_paged_layer layer=17 kind=linear seq_len=29 start_pos=0 elapsed_ms=31.533
kiln_profile_gdn_stage layer=18 stage=in_proj seq_len=29 start_pos=0 elapsed_ms=7.636
kiln_profile_gdn_stage layer=18 stage=conv seq_len=29 start_pos=0 elapsed_ms=3.231
kiln_profile_gdn_stage layer=18 stage=qkv_split seq_len=29 start_pos=0 elapsed_ms=0.139
kiln_profile_gdn_stage layer=18 stage=qk_norm seq_len=29 start_pos=0 elapsed_ms=0.238
kiln_profile_gdn_stage layer=18 stage=gates seq_len=29 start_pos=0 elapsed_ms=0.213
kiln_profile_gdn_stage layer=18 stage=recurrent seq_len=29 start_pos=0 elapsed_ms=2.886
kiln_profile_gdn_stage layer=18 stage=post_transpose seq_len=29 start_pos=0 elapsed_ms=0.000
kiln_profile_gdn_stage layer=18 stage=gated_norm seq_len=29 start_pos=0 elapsed_ms=2.339
kiln_profile_gdn_stage layer=18 stage=out_proj seq_len=29 start_pos=0 elapsed_ms=3.356
kiln_profile_mlp_stage layer=18 stage=fused seq_len=29 start_pos=0 elapsed_ms=10.917
kiln_profile_paged_layer layer=18 kind=linear seq_len=29 start_pos=0 elapsed_ms=31.283
kiln_profile_full_attn_stage full_attn_layer=4 stage=qkv_proj seq_len=29 start_pos=0 elapsed_ms=10.992
kiln_profile_full_attn_stage full_attn_layer=4 stage=qkv_split seq_len=29 start_pos=0 elapsed_ms=0.025
kiln_profile_full_attn_stage full_attn_layer=4 stage=qk_norm seq_len=29 start_pos=0 elapsed_ms=0.268
kiln_profile_full_attn_stage full_attn_layer=4 stage=rope seq_len=29 start_pos=0 elapsed_ms=0.349
kiln_profile_full_attn_stage full_attn_layer=4 stage=q_transpose seq_len=29 start_pos=0 elapsed_ms=0.079
kiln_profile_full_attn_stage full_attn_layer=4 stage=kv_write seq_len=29 start_pos=0 elapsed_ms=0.030
kiln_profile_full_attn_stage full_attn_layer=4 stage=kv_read seq_len=29 start_pos=0 elapsed_ms=0.008
kiln_profile_mlp_stage layer=19 stage=fused seq_len=29 start_pos=0 elapsed_ms=10.262
kiln_profile_paged_layer layer=19 kind=full seq_len=29 start_pos=0 elapsed_ms=25.104
kiln_profile_gdn_stage layer=20 stage=in_proj seq_len=29 start_pos=0 elapsed_ms=7.389
kiln_profile_gdn_stage layer=20 stage=conv seq_len=29 start_pos=0 elapsed_ms=3.111
kiln_profile_gdn_stage layer=20 stage=qkv_split seq_len=29 start_pos=0 elapsed_ms=0.135
kiln_profile_gdn_stage layer=20 stage=qk_norm seq_len=29 start_pos=0 elapsed_ms=0.233
kiln_profile_gdn_stage layer=20 stage=gates seq_len=29 start_pos=0 elapsed_ms=0.468
kiln_profile_gdn_stage layer=20 stage=recurrent seq_len=29 start_pos=0 elapsed_ms=3.160
kiln_profile_gdn_stage layer=20 stage=post_transpose seq_len=29 start_pos=0 elapsed_ms=0.000
kiln_profile_gdn_stage layer=20 stage=gated_norm seq_len=29 start_pos=0 elapsed_ms=2.412
kiln_profile_gdn_stage layer=20 stage=out_proj seq_len=29 start_pos=0 elapsed_ms=3.304
kiln_profile_mlp_stage layer=20 stage=fused seq_len=29 start_pos=0 elapsed_ms=11.391
kiln_profile_paged_layer layer=20 kind=linear seq_len=29 start_pos=0 elapsed_ms=31.936
kiln_profile_gdn_stage layer=21 stage=in_proj seq_len=29 start_pos=0 elapsed_ms=7.576
kiln_profile_gdn_stage layer=21 stage=conv seq_len=29 start_pos=0 elapsed_ms=3.184
kiln_profile_gdn_stage layer=21 stage=qkv_split seq_len=29 start_pos=0 elapsed_ms=0.136
kiln_profile_gdn_stage layer=21 stage=qk_norm seq_len=29 start_pos=0 elapsed_ms=0.236
kiln_profile_gdn_stage layer=21 stage=gates seq_len=29 start_pos=0 elapsed_ms=0.491
kiln_profile_gdn_stage layer=21 stage=recurrent seq_len=29 start_pos=0 elapsed_ms=3.161
kiln_profile_gdn_stage layer=21 stage=post_transpose seq_len=29 start_pos=0 elapsed_ms=0.000
kiln_profile_gdn_stage layer=21 stage=gated_norm seq_len=29 start_pos=0 elapsed_ms=2.419
kiln_profile_gdn_stage layer=21 stage=out_proj seq_len=29 start_pos=0 elapsed_ms=3.154
kiln_profile_mlp_stage layer=21 stage=fused seq_len=29 start_pos=0 elapsed_ms=10.933
kiln_profile_paged_layer layer=21 kind=linear seq_len=29 start_pos=0 elapsed_ms=31.638
kiln_profile_gdn_stage layer=22 stage=in_proj seq_len=29 start_pos=0 elapsed_ms=7.606
kiln_profile_gdn_stage layer=22 stage=conv seq_len=29 start_pos=0 elapsed_ms=3.190
kiln_profile_gdn_stage layer=22 stage=qkv_split seq_len=29 start_pos=0 elapsed_ms=0.136
kiln_profile_gdn_stage layer=22 stage=qk_norm seq_len=29 start_pos=0 elapsed_ms=0.235
kiln_profile_gdn_stage layer=22 stage=gates seq_len=29 start_pos=0 elapsed_ms=0.483
kiln_profile_gdn_stage layer=22 stage=recurrent seq_len=29 start_pos=0 elapsed_ms=3.183
kiln_profile_gdn_stage layer=22 stage=post_transpose seq_len=29 start_pos=0 elapsed_ms=0.000
kiln_profile_gdn_stage layer=22 stage=gated_norm seq_len=29 start_pos=0 elapsed_ms=2.363
kiln_profile_gdn_stage layer=22 stage=out_proj seq_len=29 start_pos=0 elapsed_ms=3.116
kiln_profile_mlp_stage layer=22 stage=fused seq_len=29 start_pos=0 elapsed_ms=9.719
kiln_profile_paged_layer layer=22 kind=linear seq_len=29 start_pos=0 elapsed_ms=30.365
kiln_profile_full_attn_stage full_attn_layer=5 stage=qkv_proj seq_len=29 start_pos=0 elapsed_ms=9.981
kiln_profile_full_attn_stage full_attn_layer=5 stage=qkv_split seq_len=29 start_pos=0 elapsed_ms=0.025
kiln_profile_full_attn_stage full_attn_layer=5 stage=qk_norm seq_len=29 start_pos=0 elapsed_ms=0.258
kiln_profile_full_attn_stage full_attn_layer=5 stage=rope seq_len=29 start_pos=0 elapsed_ms=0.348
kiln_profile_full_attn_stage full_attn_layer=5 stage=q_transpose seq_len=29 start_pos=0 elapsed_ms=0.082
kiln_profile_full_attn_stage full_attn_layer=5 stage=kv_write seq_len=29 start_pos=0 elapsed_ms=0.032
kiln_profile_full_attn_stage full_attn_layer=5 stage=kv_read seq_len=29 start_pos=0 elapsed_ms=0.007
kiln_profile_mlp_stage layer=23 stage=fused seq_len=29 start_pos=0 elapsed_ms=9.408
kiln_profile_paged_layer layer=23 kind=full seq_len=29 start_pos=0 elapsed_ms=23.203
kiln_profile_gdn_stage layer=24 stage=in_proj seq_len=29 start_pos=0 elapsed_ms=7.605
kiln_profile_gdn_stage layer=24 stage=conv seq_len=29 start_pos=0 elapsed_ms=3.126
kiln_profile_gdn_stage layer=24 stage=qkv_split seq_len=29 start_pos=0 elapsed_ms=0.141
kiln_profile_gdn_stage layer=24 stage=qk_norm seq_len=29 start_pos=0 elapsed_ms=0.237
kiln_profile_gdn_stage layer=24 stage=gates seq_len=29 start_pos=0 elapsed_ms=0.247
kiln_profile_gdn_stage layer=24 stage=recurrent seq_len=29 start_pos=0 elapsed_ms=3.179
kiln_profile_gdn_stage layer=24 stage=post_transpose seq_len=29 start_pos=0 elapsed_ms=0.000
kiln_profile_gdn_stage layer=24 stage=gated_norm seq_len=29 start_pos=0 elapsed_ms=2.300
kiln_profile_gdn_stage layer=24 stage=out_proj seq_len=29 start_pos=0 elapsed_ms=2.306
kiln_profile_mlp_stage layer=24 stage=fused seq_len=29 start_pos=0 elapsed_ms=9.446
kiln_profile_paged_layer layer=24 kind=linear seq_len=29 start_pos=0 elapsed_ms=28.914
kiln_profile_gdn_stage layer=25 stage=in_proj seq_len=29 start_pos=0 elapsed_ms=7.500
kiln_profile_gdn_stage layer=25 stage=conv seq_len=29 start_pos=0 elapsed_ms=3.116
kiln_profile_gdn_stage layer=25 stage=qkv_split seq_len=29 start_pos=0 elapsed_ms=0.135
kiln_profile_gdn_stage layer=25 stage=qk_norm seq_len=29 start_pos=0 elapsed_ms=0.236
kiln_profile_gdn_stage layer=25 stage=gates seq_len=29 start_pos=0 elapsed_ms=0.505
kiln_profile_gdn_stage layer=25 stage=recurrent seq_len=29 start_pos=0 elapsed_ms=3.110
kiln_profile_gdn_stage layer=25 stage=post_transpose seq_len=29 start_pos=0 elapsed_ms=0.000
kiln_profile_gdn_stage layer=25 stage=gated_norm seq_len=29 start_pos=0 elapsed_ms=2.282
kiln_profile_gdn_stage layer=25 stage=out_proj seq_len=29 start_pos=0 elapsed_ms=1.482
kiln_profile_mlp_stage layer=25 stage=fused seq_len=29 start_pos=0 elapsed_ms=11.599
kiln_profile_paged_layer layer=25 kind=linear seq_len=29 start_pos=0 elapsed_ms=30.305
kiln_profile_gdn_stage layer=26 stage=in_proj seq_len=29 start_pos=0 elapsed_ms=7.627
kiln_profile_gdn_stage layer=26 stage=conv seq_len=29 start_pos=0 elapsed_ms=3.232
kiln_profile_gdn_stage layer=26 stage=qkv_split seq_len=29 start_pos=0 elapsed_ms=0.139
kiln_profile_gdn_stage layer=26 stage=qk_norm seq_len=29 start_pos=0 elapsed_ms=0.238
kiln_profile_gdn_stage layer=26 stage=gates seq_len=29 start_pos=0 elapsed_ms=0.487
kiln_profile_gdn_stage layer=26 stage=recurrent seq_len=29 start_pos=0 elapsed_ms=3.121
kiln_profile_gdn_stage layer=26 stage=post_transpose seq_len=29 start_pos=0 elapsed_ms=0.000
kiln_profile_gdn_stage layer=26 stage=gated_norm seq_len=29 start_pos=0 elapsed_ms=2.292
kiln_profile_gdn_stage layer=26 stage=out_proj seq_len=29 start_pos=0 elapsed_ms=2.338
kiln_profile_mlp_stage layer=26 stage=fused seq_len=29 start_pos=0 elapsed_ms=9.491
kiln_profile_paged_layer layer=26 kind=linear seq_len=29 start_pos=0 elapsed_ms=29.299
kiln_profile_full_attn_stage full_attn_layer=6 stage=qkv_proj seq_len=29 start_pos=0 elapsed_ms=10.212
kiln_profile_full_attn_stage full_attn_layer=6 stage=qkv_split seq_len=29 start_pos=0 elapsed_ms=0.028
kiln_profile_full_attn_stage full_attn_layer=6 stage=qk_norm seq_len=29 start_pos=0 elapsed_ms=0.256
kiln_profile_full_attn_stage full_attn_layer=6 stage=rope seq_len=29 start_pos=0 elapsed_ms=0.359
kiln_profile_full_attn_stage full_attn_layer=6 stage=q_transpose seq_len=29 start_pos=0 elapsed_ms=0.080
kiln_profile_full_attn_stage full_attn_layer=6 stage=kv_write seq_len=29 start_pos=0 elapsed_ms=0.030
kiln_profile_full_attn_stage full_attn_layer=6 stage=kv_read seq_len=29 start_pos=0 elapsed_ms=0.007
kiln_profile_mlp_stage layer=27 stage=fused seq_len=29 start_pos=0 elapsed_ms=10.447
kiln_profile_paged_layer layer=27 kind=full seq_len=29 start_pos=0 elapsed_ms=24.490
kiln_profile_gdn_stage layer=28 stage=in_proj seq_len=29 start_pos=0 elapsed_ms=8.398
kiln_profile_gdn_stage layer=28 stage=conv seq_len=29 start_pos=0 elapsed_ms=3.170
kiln_profile_gdn_stage layer=28 stage=qkv_split seq_len=29 start_pos=0 elapsed_ms=0.209
kiln_profile_gdn_stage layer=28 stage=qk_norm seq_len=29 start_pos=0 elapsed_ms=0.235
kiln_profile_gdn_stage layer=28 stage=gates seq_len=29 start_pos=0 elapsed_ms=0.567
kiln_profile_gdn_stage layer=28 stage=recurrent seq_len=29 start_pos=0 elapsed_ms=3.224
kiln_profile_gdn_stage layer=28 stage=post_transpose seq_len=29 start_pos=0 elapsed_ms=0.000
kiln_profile_gdn_stage layer=28 stage=gated_norm seq_len=29 start_pos=0 elapsed_ms=2.405
kiln_profile_gdn_stage layer=28 stage=out_proj seq_len=29 start_pos=0 elapsed_ms=2.504
kiln_profile_mlp_stage layer=28 stage=fused seq_len=29 start_pos=0 elapsed_ms=10.571
kiln_profile_paged_layer layer=28 kind=linear seq_len=29 start_pos=0 elapsed_ms=31.620
kiln_profile_gdn_stage layer=29 stage=in_proj seq_len=29 start_pos=0 elapsed_ms=8.590
kiln_profile_gdn_stage layer=29 stage=conv seq_len=29 start_pos=0 elapsed_ms=3.279
kiln_profile_gdn_stage layer=29 stage=qkv_split seq_len=29 start_pos=0 elapsed_ms=0.140
kiln_profile_gdn_stage layer=29 stage=qk_norm seq_len=29 start_pos=0 elapsed_ms=0.239
kiln_profile_gdn_stage layer=29 stage=gates seq_len=29 start_pos=0 elapsed_ms=0.486
kiln_profile_gdn_stage layer=29 stage=recurrent seq_len=29 start_pos=0 elapsed_ms=3.204
kiln_profile_gdn_stage layer=29 stage=post_transpose seq_len=29 start_pos=0 elapsed_ms=0.000
kiln_profile_gdn_stage layer=29 stage=gated_norm seq_len=29 start_pos=0 elapsed_ms=2.407
kiln_profile_gdn_stage layer=29 stage=out_proj seq_len=29 start_pos=0 elapsed_ms=3.230
kiln_profile_mlp_stage layer=29 stage=fused seq_len=29 start_pos=0 elapsed_ms=10.458
kiln_profile_paged_layer layer=29 kind=linear seq_len=29 start_pos=0 elapsed_ms=32.366
kiln_profile_gdn_stage layer=30 stage=in_proj seq_len=29 start_pos=0 elapsed_ms=7.549
kiln_profile_gdn_stage layer=30 stage=conv seq_len=29 start_pos=0 elapsed_ms=3.160
kiln_profile_gdn_stage layer=30 stage=qkv_split seq_len=29 start_pos=0 elapsed_ms=0.138
kiln_profile_gdn_stage layer=30 stage=qk_norm seq_len=29 start_pos=0 elapsed_ms=0.244
kiln_profile_gdn_stage layer=30 stage=gates seq_len=29 start_pos=0 elapsed_ms=0.480
kiln_profile_gdn_stage layer=30 stage=recurrent seq_len=29 start_pos=0 elapsed_ms=3.113
kiln_profile_gdn_stage layer=30 stage=post_transpose seq_len=29 start_pos=0 elapsed_ms=0.000
kiln_profile_gdn_stage layer=30 stage=gated_norm seq_len=29 start_pos=0 elapsed_ms=2.347
kiln_profile_gdn_stage layer=30 stage=out_proj seq_len=29 start_pos=0 elapsed_ms=2.348
kiln_profile_mlp_stage layer=30 stage=fused seq_len=29 start_pos=0 elapsed_ms=11.965
kiln_profile_paged_layer layer=30 kind=linear seq_len=29 start_pos=0 elapsed_ms=31.685
kiln_profile_full_attn_stage full_attn_layer=7 stage=qkv_proj seq_len=29 start_pos=0 elapsed_ms=10.275
kiln_profile_full_attn_stage full_attn_layer=7 stage=qkv_split seq_len=29 start_pos=0 elapsed_ms=0.026
kiln_profile_full_attn_stage full_attn_layer=7 stage=qk_norm seq_len=29 start_pos=0 elapsed_ms=0.254
kiln_profile_full_attn_stage full_attn_layer=7 stage=rope seq_len=29 start_pos=0 elapsed_ms=0.348
kiln_profile_full_attn_stage full_attn_layer=7 stage=q_transpose seq_len=29 start_pos=0 elapsed_ms=0.084
kiln_profile_full_attn_stage full_attn_layer=7 stage=kv_write seq_len=29 start_pos=0 elapsed_ms=0.034
kiln_profile_full_attn_stage full_attn_layer=7 stage=kv_read seq_len=29 start_pos=0 elapsed_ms=0.008
kiln_profile_mlp_stage layer=31 stage=fused seq_len=29 start_pos=0 elapsed_ms=10.783
kiln_profile_paged_layer layer=31 kind=full seq_len=29 start_pos=0 elapsed_ms=24.845
kiln_profile_gdn_stage layer=0 stage=in_proj seq_len=1 start_pos=29 elapsed_ms=7.235
kiln_profile_gdn_stage layer=0 stage=conv seq_len=1 start_pos=29 elapsed_ms=0.302
kiln_profile_gdn_stage layer=0 stage=qkv_split seq_len=1 start_pos=29 elapsed_ms=0.005
kiln_profile_gdn_stage layer=0 stage=qk_norm seq_len=1 start_pos=29 elapsed_ms=0.044
kiln_profile_gdn_stage layer=0 stage=gates seq_len=1 start_pos=29 elapsed_ms=0.274
kiln_profile_gdn_stage layer=0 stage=recurrent seq_len=1 start_pos=29 elapsed_ms=4.018
kiln_profile_gdn_stage layer=0 stage=post_transpose seq_len=1 start_pos=29 elapsed_ms=0.000
kiln_profile_gdn_stage layer=0 stage=gated_norm seq_len=1 start_pos=29 elapsed_ms=0.690
kiln_profile_gdn_stage layer=0 stage=out_proj seq_len=1 start_pos=29 elapsed_ms=0.742
kiln_profile_mlp_stage layer=0 stage=fused seq_len=1 start_pos=29 elapsed_ms=1.339
kiln_profile_gdn_stage layer=1 stage=in_proj seq_len=1 start_pos=29 elapsed_ms=1.475
kiln_profile_gdn_stage layer=1 stage=conv seq_len=1 start_pos=29 elapsed_ms=0.294
kiln_profile_gdn_stage layer=1 stage=qkv_split seq_len=1 start_pos=29 elapsed_ms=0.003
kiln_profile_gdn_stage layer=1 stage=qk_norm seq_len=1 start_pos=29 elapsed_ms=0.032
kiln_profile_gdn_stage layer=1 stage=gates seq_len=1 start_pos=29 elapsed_ms=0.206
kiln_profile_gdn_stage layer=1 stage=recurrent seq_len=1 start_pos=29 elapsed_ms=1.767
kiln_profile_gdn_stage layer=1 stage=post_transpose seq_len=1 start_pos=29 elapsed_ms=0.000
kiln_profile_gdn_stage layer=1 stage=gated_norm seq_len=1 start_pos=29 elapsed_ms=0.396
kiln_profile_gdn_stage layer=1 stage=out_proj seq_len=1 start_pos=29 elapsed_ms=0.516
kiln_profile_mlp_stage layer=1 stage=fused seq_len=1 start_pos=29 elapsed_ms=1.625
kiln_profile_gdn_stage layer=2 stage=in_proj seq_len=1 start_pos=29 elapsed_ms=1.645
kiln_profile_gdn_stage layer=2 stage=conv seq_len=1 start_pos=29 elapsed_ms=0.289
kiln_profile_gdn_stage layer=2 stage=qkv_split seq_len=1 start_pos=29 elapsed_ms=0.004
kiln_profile_gdn_stage layer=2 stage=qk_norm seq_len=1 start_pos=29 elapsed_ms=0.032
kiln_profile_gdn_stage layer=2 stage=gates seq_len=1 start_pos=29 elapsed_ms=0.214
kiln_profile_gdn_stage layer=2 stage=recurrent seq_len=1 start_pos=29 elapsed_ms=1.706
kiln_profile_gdn_stage layer=2 stage=post_transpose seq_len=1 start_pos=29 elapsed_ms=0.000
kiln_profile_gdn_stage layer=2 stage=gated_norm seq_len=1 start_pos=29 elapsed_ms=0.687
kiln_profile_gdn_stage layer=2 stage=out_proj seq_len=1 start_pos=29 elapsed_ms=0.820
kiln_profile_mlp_stage layer=2 stage=fused seq_len=1 start_pos=29 elapsed_ms=1.342
kiln_profile_full_attn_stage full_attn_layer=0 stage=qkv_proj_batch seq_len=1 start_pos=29 elapsed_ms=1.527
kiln_profile_full_attn_stage full_attn_layer=0 stage=qkv_split_batch seq_len=1 start_pos=29 elapsed_ms=0.006
kiln_profile_full_attn_stage full_attn_layer=0 stage=qk_norm_batch seq_len=1 start_pos=29 elapsed_ms=0.034
kiln_profile_full_attn_stage full_attn_layer=0 stage=rope_batch seq_len=1 start_pos=29 elapsed_ms=0.069
kiln_profile_full_attn_stage full_attn_layer=0 stage=kv_write_batch seq_len=1 start_pos=29 elapsed_ms=0.016
kiln_profile_full_attn_stage full_attn_layer=0 stage=q_transpose_batch seq_len=1 start_pos=29 elapsed_ms=0.000
kiln_profile_full_attn_stage full_attn_layer=0 stage=decode_attn_contiguous_batch seq_len=1 start_pos=29 elapsed_ms=0.685
kiln_profile_full_attn_stage full_attn_layer=0 stage=attn_gate_batch seq_len=1 start_pos=29 elapsed_ms=0.022
kiln_profile_full_attn_stage full_attn_layer=0 stage=o_proj_batch seq_len=1 start_pos=29 elapsed_ms=0.518
kiln_profile_mlp_stage layer=3 stage=fused seq_len=1 start_pos=29 elapsed_ms=1.415
kiln_profile_gdn_stage layer=4 stage=in_proj seq_len=1 start_pos=29 elapsed_ms=1.436
kiln_profile_gdn_stage layer=4 stage=conv seq_len=1 start_pos=29 elapsed_ms=0.279
kiln_profile_gdn_stage layer=4 stage=qkv_split seq_len=1 start_pos=29 elapsed_ms=0.003
kiln_profile_gdn_stage layer=4 stage=qk_norm seq_len=1 start_pos=29 elapsed_ms=0.030
kiln_profile_gdn_stage layer=4 stage=gates seq_len=1 start_pos=29 elapsed_ms=0.287
kiln_profile_gdn_stage layer=4 stage=recurrent seq_len=1 start_pos=29 elapsed_ms=1.652
kiln_profile_gdn_stage layer=4 stage=post_transpose seq_len=1 start_pos=29 elapsed_ms=0.000
kiln_profile_gdn_stage layer=4 stage=gated_norm seq_len=1 start_pos=29 elapsed_ms=0.839
kiln_profile_gdn_stage layer=4 stage=out_proj seq_len=1 start_pos=29 elapsed_ms=0.734
kiln_profile_mlp_stage layer=4 stage=fused seq_len=1 start_pos=29 elapsed_ms=1.352
kiln_profile_gdn_stage layer=5 stage=in_proj seq_len=1 start_pos=29 elapsed_ms=1.510
kiln_profile_gdn_stage layer=5 stage=conv seq_len=1 start_pos=29 elapsed_ms=0.292
kiln_profile_gdn_stage layer=5 stage=qkv_split seq_len=1 start_pos=29 elapsed_ms=0.003
kiln_profile_gdn_stage layer=5 stage=qk_norm seq_len=1 start_pos=29 elapsed_ms=0.032
kiln_profile_gdn_stage layer=5 stage=gates seq_len=1 start_pos=29 elapsed_ms=0.244
kiln_profile_gdn_stage layer=5 stage=recurrent seq_len=1 start_pos=29 elapsed_ms=1.669
kiln_profile_gdn_stage layer=5 stage=post_transpose seq_len=1 start_pos=29 elapsed_ms=0.000
kiln_profile_gdn_stage layer=5 stage=gated_norm seq_len=1 start_pos=29 elapsed_ms=0.441
kiln_profile_gdn_stage layer=5 stage=out_proj seq_len=1 start_pos=29 elapsed_ms=1.174
kiln_profile_mlp_stage layer=5 stage=fused seq_len=1 start_pos=29 elapsed_ms=1.336
kiln_profile_gdn_stage layer=6 stage=in_proj seq_len=1 start_pos=29 elapsed_ms=1.472
kiln_profile_gdn_stage layer=6 stage=conv seq_len=1 start_pos=29 elapsed_ms=0.320
kiln_profile_gdn_stage layer=6 stage=qkv_split seq_len=1 start_pos=29 elapsed_ms=0.003
kiln_profile_gdn_stage layer=6 stage=qk_norm seq_len=1 start_pos=29 elapsed_ms=0.032
kiln_profile_gdn_stage layer=6 stage=gates seq_len=1 start_pos=29 elapsed_ms=0.215
kiln_profile_gdn_stage layer=6 stage=recurrent seq_len=1 start_pos=29 elapsed_ms=1.727
kiln_profile_gdn_stage layer=6 stage=post_transpose seq_len=1 start_pos=29 elapsed_ms=0.000
kiln_profile_gdn_stage layer=6 stage=gated_norm seq_len=1 start_pos=29 elapsed_ms=0.444
kiln_profile_gdn_stage layer=6 stage=out_proj seq_len=1 start_pos=29 elapsed_ms=0.916
kiln_profile_mlp_stage layer=6 stage=fused seq_len=1 start_pos=29 elapsed_ms=1.617
kiln_profile_full_attn_stage full_attn_layer=1 stage=qkv_proj_batch seq_len=1 start_pos=29 elapsed_ms=1.560
kiln_profile_full_attn_stage full_attn_layer=1 stage=qkv_split_batch seq_len=1 start_pos=29 elapsed_ms=0.006
kiln_profile_full_attn_stage full_attn_layer=1 stage=qk_norm_batch seq_len=1 start_pos=29 elapsed_ms=0.035
kiln_profile_full_attn_stage full_attn_layer=1 stage=rope_batch seq_len=1 start_pos=29 elapsed_ms=0.069
kiln_profile_full_attn_stage full_attn_layer=1 stage=kv_write_batch seq_len=1 start_pos=29 elapsed_ms=0.011
kiln_profile_full_attn_stage full_attn_layer=1 stage=q_transpose_batch seq_len=1 start_pos=29 elapsed_ms=0.000
kiln_profile_full_attn_stage full_attn_layer=1 stage=decode_attn_contiguous_batch seq_len=1 start_pos=29 elapsed_ms=0.688
kiln_profile_full_attn_stage full_attn_layer=1 stage=attn_gate_batch seq_len=1 start_pos=29 elapsed_ms=0.023
kiln_profile_full_attn_stage full_attn_layer=1 stage=o_proj_batch seq_len=1 start_pos=29 elapsed_ms=0.530
kiln_profile_mlp_stage layer=7 stage=fused seq_len=1 start_pos=29 elapsed_ms=1.309
kiln_profile_gdn_stage layer=8 stage=in_proj seq_len=1 start_pos=29 elapsed_ms=1.472
kiln_profile_gdn_stage layer=8 stage=conv seq_len=1 start_pos=29 elapsed_ms=0.280
kiln_profile_gdn_stage layer=8 stage=qkv_split seq_len=1 start_pos=29 elapsed_ms=0.005
kiln_profile_gdn_stage layer=8 stage=qk_norm seq_len=1 start_pos=29 elapsed_ms=0.030
kiln_profile_gdn_stage layer=8 stage=gates seq_len=1 start_pos=29 elapsed_ms=0.188
kiln_profile_gdn_stage layer=8 stage=recurrent seq_len=1 start_pos=29 elapsed_ms=1.740
kiln_profile_gdn_stage layer=8 stage=post_transpose seq_len=1 start_pos=29 elapsed_ms=0.000
kiln_profile_gdn_stage layer=8 stage=gated_norm seq_len=1 start_pos=29 elapsed_ms=0.413
kiln_profile_gdn_stage layer=8 stage=out_proj seq_len=1 start_pos=29 elapsed_ms=0.523
kiln_profile_mlp_stage layer=8 stage=fused seq_len=1 start_pos=29 elapsed_ms=1.864
kiln_profile_gdn_stage layer=9 stage=in_proj seq_len=1 start_pos=29 elapsed_ms=1.458
kiln_profile_gdn_stage layer=9 stage=conv seq_len=1 start_pos=29 elapsed_ms=0.291
kiln_profile_gdn_stage layer=9 stage=qkv_split seq_len=1 start_pos=29 elapsed_ms=0.004
kiln_profile_gdn_stage layer=9 stage=qk_norm seq_len=1 start_pos=29 elapsed_ms=0.032
kiln_profile_gdn_stage layer=9 stage=gates seq_len=1 start_pos=29 elapsed_ms=0.213
kiln_profile_gdn_stage layer=9 stage=recurrent seq_len=1 start_pos=29 elapsed_ms=1.672
kiln_profile_gdn_stage layer=9 stage=post_transpose seq_len=1 start_pos=29 elapsed_ms=0.000
kiln_profile_gdn_stage layer=9 stage=gated_norm seq_len=1 start_pos=29 elapsed_ms=0.422
kiln_profile_gdn_stage layer=9 stage=out_proj seq_len=1 start_pos=29 elapsed_ms=0.481
kiln_profile_mlp_stage layer=9 stage=fused seq_len=1 start_pos=29 elapsed_ms=1.350
kiln_profile_gdn_stage layer=10 stage=in_proj seq_len=1 start_pos=29 elapsed_ms=1.493
kiln_profile_gdn_stage layer=10 stage=conv seq_len=1 start_pos=29 elapsed_ms=0.302
kiln_profile_gdn_stage layer=10 stage=qkv_split seq_len=1 start_pos=29 elapsed_ms=0.004
kiln_profile_gdn_stage layer=10 stage=qk_norm seq_len=1 start_pos=29 elapsed_ms=0.032
kiln_profile_gdn_stage layer=10 stage=gates seq_len=1 start_pos=29 elapsed_ms=0.211
kiln_profile_gdn_stage layer=10 stage=recurrent seq_len=1 start_pos=29 elapsed_ms=1.701
kiln_profile_gdn_stage layer=10 stage=post_transpose seq_len=1 start_pos=29 elapsed_ms=0.001
kiln_profile_gdn_stage layer=10 stage=gated_norm seq_len=1 start_pos=29 elapsed_ms=0.431
kiln_profile_gdn_stage layer=10 stage=out_proj seq_len=1 start_pos=29 elapsed_ms=0.469
kiln_profile_mlp_stage layer=10 stage=fused seq_len=1 start_pos=29 elapsed_ms=1.336
kiln_profile_full_attn_stage full_attn_layer=2 stage=qkv_proj_batch seq_len=1 start_pos=29 elapsed_ms=1.548
kiln_profile_full_attn_stage full_attn_layer=2 stage=qkv_split_batch seq_len=1 start_pos=29 elapsed_ms=0.005
kiln_profile_full_attn_stage full_attn_layer=2 stage=qk_norm_batch seq_len=1 start_pos=29 elapsed_ms=0.034
kiln_profile_full_attn_stage full_attn_layer=2 stage=rope_batch seq_len=1 start_pos=29 elapsed_ms=0.069
kiln_profile_full_attn_stage full_attn_layer=2 stage=kv_write_batch seq_len=1 start_pos=29 elapsed_ms=0.019
kiln_profile_full_attn_stage full_attn_layer=2 stage=q_transpose_batch seq_len=1 start_pos=29 elapsed_ms=0.000
kiln_profile_full_attn_stage full_attn_layer=2 stage=decode_attn_contiguous_batch seq_len=1 start_pos=29 elapsed_ms=0.703
kiln_profile_full_attn_stage full_attn_layer=2 stage=attn_gate_batch seq_len=1 start_pos=29 elapsed_ms=0.024
kiln_profile_full_attn_stage full_attn_layer=2 stage=o_proj_batch seq_len=1 start_pos=29 elapsed_ms=0.528
kiln_profile_mlp_stage layer=11 stage=fused seq_len=1 start_pos=29 elapsed_ms=1.791
kiln_profile_gdn_stage layer=12 stage=in_proj seq_len=1 start_pos=29 elapsed_ms=1.417
kiln_profile_gdn_stage layer=12 stage=conv seq_len=1 start_pos=29 elapsed_ms=0.289
kiln_profile_gdn_stage layer=12 stage=qkv_split seq_len=1 start_pos=29 elapsed_ms=0.003
kiln_profile_gdn_stage layer=12 stage=qk_norm seq_len=1 start_pos=29 elapsed_ms=0.030
kiln_profile_gdn_stage layer=12 stage=gates seq_len=1 start_pos=29 elapsed_ms=0.204
kiln_profile_gdn_stage layer=12 stage=recurrent seq_len=1 start_pos=29 elapsed_ms=1.784
kiln_profile_gdn_stage layer=12 stage=post_transpose seq_len=1 start_pos=29 elapsed_ms=0.001
kiln_profile_gdn_stage layer=12 stage=gated_norm seq_len=1 start_pos=29 elapsed_ms=0.415
kiln_profile_gdn_stage layer=12 stage=out_proj seq_len=1 start_pos=29 elapsed_ms=0.519
kiln_profile_mlp_stage layer=12 stage=fused seq_len=1 start_pos=29 elapsed_ms=1.319
kiln_profile_gdn_stage layer=13 stage=in_proj seq_len=1 start_pos=29 elapsed_ms=1.452
kiln_profile_gdn_stage layer=13 stage=conv seq_len=1 start_pos=29 elapsed_ms=0.304
kiln_profile_gdn_stage layer=13 stage=qkv_split seq_len=1 start_pos=29 elapsed_ms=0.004
kiln_profile_gdn_stage layer=13 stage=qk_norm seq_len=1 start_pos=29 elapsed_ms=0.033
kiln_profile_gdn_stage layer=13 stage=gates seq_len=1 start_pos=29 elapsed_ms=0.211
kiln_profile_gdn_stage layer=13 stage=recurrent seq_len=1 start_pos=29 elapsed_ms=1.730
kiln_profile_gdn_stage layer=13 stage=post_transpose seq_len=1 start_pos=29 elapsed_ms=0.000
kiln_profile_gdn_stage layer=13 stage=gated_norm seq_len=1 start_pos=29 elapsed_ms=0.426
kiln_profile_gdn_stage layer=13 stage=out_proj seq_len=1 start_pos=29 elapsed_ms=0.475
kiln_profile_mlp_stage layer=13 stage=fused seq_len=1 start_pos=29 elapsed_ms=1.244
kiln_profile_gdn_stage layer=14 stage=in_proj seq_len=1 start_pos=29 elapsed_ms=1.470
kiln_profile_gdn_stage layer=14 stage=conv seq_len=1 start_pos=29 elapsed_ms=0.298
kiln_profile_gdn_stage layer=14 stage=qkv_split seq_len=1 start_pos=29 elapsed_ms=0.004
kiln_profile_gdn_stage layer=14 stage=qk_norm seq_len=1 start_pos=29 elapsed_ms=0.032
kiln_profile_gdn_stage layer=14 stage=gates seq_len=1 start_pos=29 elapsed_ms=0.375
kiln_profile_gdn_stage layer=14 stage=recurrent seq_len=1 start_pos=29 elapsed_ms=1.717
kiln_profile_gdn_stage layer=14 stage=post_transpose seq_len=1 start_pos=29 elapsed_ms=0.000
kiln_profile_gdn_stage layer=14 stage=gated_norm seq_len=1 start_pos=29 elapsed_ms=0.433
kiln_profile_gdn_stage layer=14 stage=out_proj seq_len=1 start_pos=29 elapsed_ms=0.477
kiln_profile_mlp_stage layer=14 stage=fused seq_len=1 start_pos=29 elapsed_ms=1.215
kiln_profile_full_attn_stage full_attn_layer=3 stage=qkv_proj_batch seq_len=1 start_pos=29 elapsed_ms=1.720
kiln_profile_full_attn_stage full_attn_layer=3 stage=qkv_split_batch seq_len=1 start_pos=29 elapsed_ms=0.005
kiln_profile_full_attn_stage full_attn_layer=3 stage=qk_norm_batch seq_len=1 start_pos=29 elapsed_ms=0.049
kiln_profile_full_attn_stage full_attn_layer=3 stage=rope_batch seq_len=1 start_pos=29 elapsed_ms=0.070
kiln_profile_full_attn_stage full_attn_layer=3 stage=kv_write_batch seq_len=1 start_pos=29 elapsed_ms=0.013
kiln_profile_full_attn_stage full_attn_layer=3 stage=q_transpose_batch seq_len=1 start_pos=29 elapsed_ms=0.000
kiln_profile_full_attn_stage full_attn_layer=3 stage=decode_attn_contiguous_batch seq_len=1 start_pos=29 elapsed_ms=0.689
kiln_profile_full_attn_stage full_attn_layer=3 stage=attn_gate_batch seq_len=1 start_pos=29 elapsed_ms=0.022
kiln_profile_full_attn_stage full_attn_layer=3 stage=o_proj_batch seq_len=1 start_pos=29 elapsed_ms=0.529
kiln_profile_mlp_stage layer=15 stage=fused seq_len=1 start_pos=29 elapsed_ms=1.331
kiln_profile_gdn_stage layer=16 stage=in_proj seq_len=1 start_pos=29 elapsed_ms=1.468
kiln_profile_gdn_stage layer=16 stage=conv seq_len=1 start_pos=29 elapsed_ms=0.291
kiln_profile_gdn_stage layer=16 stage=qkv_split seq_len=1 start_pos=29 elapsed_ms=0.003
kiln_profile_gdn_stage layer=16 stage=qk_norm seq_len=1 start_pos=29 elapsed_ms=0.029
kiln_profile_gdn_stage layer=16 stage=gates seq_len=1 start_pos=29 elapsed_ms=0.199
kiln_profile_gdn_stage layer=16 stage=recurrent seq_len=1 start_pos=29 elapsed_ms=1.730
kiln_profile_gdn_stage layer=16 stage=post_transpose seq_len=1 start_pos=29 elapsed_ms=0.001
kiln_profile_gdn_stage layer=16 stage=gated_norm seq_len=1 start_pos=29 elapsed_ms=0.425
kiln_profile_gdn_stage layer=16 stage=out_proj seq_len=1 start_pos=29 elapsed_ms=1.092
kiln_profile_mlp_stage layer=16 stage=fused seq_len=1 start_pos=29 elapsed_ms=1.248
kiln_profile_gdn_stage layer=17 stage=in_proj seq_len=1 start_pos=29 elapsed_ms=1.452
kiln_profile_gdn_stage layer=17 stage=conv seq_len=1 start_pos=29 elapsed_ms=0.297
kiln_profile_gdn_stage layer=17 stage=qkv_split seq_len=1 start_pos=29 elapsed_ms=0.005
kiln_profile_gdn_stage layer=17 stage=qk_norm seq_len=1 start_pos=29 elapsed_ms=0.030
kiln_profile_gdn_stage layer=17 stage=gates seq_len=1 start_pos=29 elapsed_ms=0.222
kiln_profile_gdn_stage layer=17 stage=recurrent seq_len=1 start_pos=29 elapsed_ms=1.653
kiln_profile_gdn_stage layer=17 stage=post_transpose seq_len=1 start_pos=29 elapsed_ms=0.000
kiln_profile_gdn_stage layer=17 stage=gated_norm seq_len=1 start_pos=29 elapsed_ms=0.407
kiln_profile_gdn_stage layer=17 stage=out_proj seq_len=1 start_pos=29 elapsed_ms=0.486
kiln_profile_mlp_stage layer=17 stage=fused seq_len=1 start_pos=29 elapsed_ms=1.238
kiln_profile_gdn_stage layer=18 stage=in_proj seq_len=1 start_pos=29 elapsed_ms=1.451
kiln_profile_gdn_stage layer=18 stage=conv seq_len=1 start_pos=29 elapsed_ms=0.301
kiln_profile_gdn_stage layer=18 stage=qkv_split seq_len=1 start_pos=29 elapsed_ms=0.005
kiln_profile_gdn_stage layer=18 stage=qk_norm seq_len=1 start_pos=29 elapsed_ms=0.034
kiln_profile_gdn_stage layer=18 stage=gates seq_len=1 start_pos=29 elapsed_ms=0.171
kiln_profile_gdn_stage layer=18 stage=recurrent seq_len=1 start_pos=29 elapsed_ms=1.835
kiln_profile_gdn_stage layer=18 stage=post_transpose seq_len=1 start_pos=29 elapsed_ms=0.000
kiln_profile_gdn_stage layer=18 stage=gated_norm seq_len=1 start_pos=29 elapsed_ms=0.408
kiln_profile_gdn_stage layer=18 stage=out_proj seq_len=1 start_pos=29 elapsed_ms=0.489
kiln_profile_mlp_stage layer=18 stage=fused seq_len=1 start_pos=29 elapsed_ms=1.274
kiln_profile_full_attn_stage full_attn_layer=4 stage=qkv_proj_batch seq_len=1 start_pos=29 elapsed_ms=1.454
kiln_profile_full_attn_stage full_attn_layer=4 stage=qkv_split_batch seq_len=1 start_pos=29 elapsed_ms=0.005
kiln_profile_full_attn_stage full_attn_layer=4 stage=qk_norm_batch seq_len=1 start_pos=29 elapsed_ms=0.034
kiln_profile_full_attn_stage full_attn_layer=4 stage=rope_batch seq_len=1 start_pos=29 elapsed_ms=0.070
kiln_profile_full_attn_stage full_attn_layer=4 stage=kv_write_batch seq_len=1 start_pos=29 elapsed_ms=0.015
kiln_profile_full_attn_stage full_attn_layer=4 stage=q_transpose_batch seq_len=1 start_pos=29 elapsed_ms=0.000
kiln_profile_full_attn_stage full_attn_layer=4 stage=decode_attn_contiguous_batch seq_len=1 start_pos=29 elapsed_ms=0.687
kiln_profile_full_attn_stage full_attn_layer=4 stage=attn_gate_batch seq_len=1 start_pos=29 elapsed_ms=0.022
kiln_profile_full_attn_stage full_attn_layer=4 stage=o_proj_batch seq_len=1 start_pos=29 elapsed_ms=0.532
kiln_profile_mlp_stage layer=19 stage=fused seq_len=1 start_pos=29 elapsed_ms=1.317
kiln_profile_gdn_stage layer=20 stage=in_proj seq_len=1 start_pos=29 elapsed_ms=1.479
kiln_profile_gdn_stage layer=20 stage=conv seq_len=1 start_pos=29 elapsed_ms=0.273
kiln_profile_gdn_stage layer=20 stage=qkv_split seq_len=1 start_pos=29 elapsed_ms=0.003
kiln_profile_gdn_stage layer=20 stage=qk_norm seq_len=1 start_pos=29 elapsed_ms=0.030
kiln_profile_gdn_stage layer=20 stage=gates seq_len=1 start_pos=29 elapsed_ms=0.213
kiln_profile_gdn_stage layer=20 stage=recurrent seq_len=1 start_pos=29 elapsed_ms=1.707
kiln_profile_gdn_stage layer=20 stage=post_transpose seq_len=1 start_pos=29 elapsed_ms=0.000
kiln_profile_gdn_stage layer=20 stage=gated_norm seq_len=1 start_pos=29 elapsed_ms=0.411
kiln_profile_gdn_stage layer=20 stage=out_proj seq_len=1 start_pos=29 elapsed_ms=0.887
kiln_profile_mlp_stage layer=20 stage=fused seq_len=1 start_pos=29 elapsed_ms=1.512
kiln_profile_gdn_stage layer=21 stage=in_proj seq_len=1 start_pos=29 elapsed_ms=1.443
kiln_profile_gdn_stage layer=21 stage=conv seq_len=1 start_pos=29 elapsed_ms=0.283
kiln_profile_gdn_stage layer=21 stage=qkv_split seq_len=1 start_pos=29 elapsed_ms=0.004
kiln_profile_gdn_stage layer=21 stage=qk_norm seq_len=1 start_pos=29 elapsed_ms=0.032
kiln_profile_gdn_stage layer=21 stage=gates seq_len=1 start_pos=29 elapsed_ms=0.210
kiln_profile_gdn_stage layer=21 stage=recurrent seq_len=1 start_pos=29 elapsed_ms=1.794
kiln_profile_gdn_stage layer=21 stage=post_transpose seq_len=1 start_pos=29 elapsed_ms=0.000
kiln_profile_gdn_stage layer=21 stage=gated_norm seq_len=1 start_pos=29 elapsed_ms=0.433
kiln_profile_gdn_stage layer=21 stage=out_proj seq_len=1 start_pos=29 elapsed_ms=0.472
kiln_profile_mlp_stage layer=21 stage=fused seq_len=1 start_pos=29 elapsed_ms=1.211
kiln_profile_gdn_stage layer=22 stage=in_proj seq_len=1 start_pos=29 elapsed_ms=1.458
kiln_profile_gdn_stage layer=22 stage=conv seq_len=1 start_pos=29 elapsed_ms=0.281
kiln_profile_gdn_stage layer=22 stage=qkv_split seq_len=1 start_pos=29 elapsed_ms=0.004
kiln_profile_gdn_stage layer=22 stage=qk_norm seq_len=1 start_pos=29 elapsed_ms=0.034
kiln_profile_gdn_stage layer=22 stage=gates seq_len=1 start_pos=29 elapsed_ms=0.214
kiln_profile_gdn_stage layer=22 stage=recurrent seq_len=1 start_pos=29 elapsed_ms=1.705
kiln_profile_gdn_stage layer=22 stage=post_transpose seq_len=1 start_pos=29 elapsed_ms=0.000
kiln_profile_gdn_stage layer=22 stage=gated_norm seq_len=1 start_pos=29 elapsed_ms=0.418
kiln_profile_gdn_stage layer=22 stage=out_proj seq_len=1 start_pos=29 elapsed_ms=0.465
kiln_profile_mlp_stage layer=22 stage=fused seq_len=1 start_pos=29 elapsed_ms=1.369
kiln_profile_full_attn_stage full_attn_layer=5 stage=qkv_proj_batch seq_len=1 start_pos=29 elapsed_ms=1.461
kiln_profile_full_attn_stage full_attn_layer=5 stage=qkv_split_batch seq_len=1 start_pos=29 elapsed_ms=0.005
kiln_profile_full_attn_stage full_attn_layer=5 stage=qk_norm_batch seq_len=1 start_pos=29 elapsed_ms=0.033
kiln_profile_full_attn_stage full_attn_layer=5 stage=rope_batch seq_len=1 start_pos=29 elapsed_ms=0.068
kiln_profile_full_attn_stage full_attn_layer=5 stage=kv_write_batch seq_len=1 start_pos=29 elapsed_ms=0.013
kiln_profile_full_attn_stage full_attn_layer=5 stage=q_transpose_batch seq_len=1 start_pos=29 elapsed_ms=0.000
kiln_profile_full_attn_stage full_attn_layer=5 stage=decode_attn_contiguous_batch seq_len=1 start_pos=29 elapsed_ms=0.705
kiln_profile_full_attn_stage full_attn_layer=5 stage=attn_gate_batch seq_len=1 start_pos=29 elapsed_ms=0.027
kiln_profile_full_attn_stage full_attn_layer=5 stage=o_proj_batch seq_len=1 start_pos=29 elapsed_ms=0.489
kiln_profile_mlp_stage layer=23 stage=fused seq_len=1 start_pos=29 elapsed_ms=1.414
kiln_profile_gdn_stage layer=24 stage=in_proj seq_len=1 start_pos=29 elapsed_ms=1.490
kiln_profile_gdn_stage layer=24 stage=conv seq_len=1 start_pos=29 elapsed_ms=0.327
kiln_profile_gdn_stage layer=24 stage=qkv_split seq_len=1 start_pos=29 elapsed_ms=0.003
kiln_profile_gdn_stage layer=24 stage=qk_norm seq_len=1 start_pos=29 elapsed_ms=0.036
kiln_profile_gdn_stage layer=24 stage=gates seq_len=1 start_pos=29 elapsed_ms=0.227
kiln_profile_gdn_stage layer=24 stage=recurrent seq_len=1 start_pos=29 elapsed_ms=1.764
kiln_profile_gdn_stage layer=24 stage=post_transpose seq_len=1 start_pos=29 elapsed_ms=0.001
kiln_profile_gdn_stage layer=24 stage=gated_norm seq_len=1 start_pos=29 elapsed_ms=0.465
kiln_profile_gdn_stage layer=24 stage=out_proj seq_len=1 start_pos=29 elapsed_ms=1.225
kiln_profile_mlp_stage layer=24 stage=fused seq_len=1 start_pos=29 elapsed_ms=1.263
kiln_profile_gdn_stage layer=25 stage=in_proj seq_len=1 start_pos=29 elapsed_ms=1.434
kiln_profile_gdn_stage layer=25 stage=conv seq_len=1 start_pos=29 elapsed_ms=0.276
kiln_profile_gdn_stage layer=25 stage=qkv_split seq_len=1 start_pos=29 elapsed_ms=0.004
kiln_profile_gdn_stage layer=25 stage=qk_norm seq_len=1 start_pos=29 elapsed_ms=0.032
kiln_profile_gdn_stage layer=25 stage=gates seq_len=1 start_pos=29 elapsed_ms=0.214
kiln_profile_gdn_stage layer=25 stage=recurrent seq_len=1 start_pos=29 elapsed_ms=1.677
kiln_profile_gdn_stage layer=25 stage=post_transpose seq_len=1 start_pos=29 elapsed_ms=0.000
kiln_profile_gdn_stage layer=25 stage=gated_norm seq_len=1 start_pos=29 elapsed_ms=0.442
kiln_profile_gdn_stage layer=25 stage=out_proj seq_len=1 start_pos=29 elapsed_ms=0.461
kiln_profile_mlp_stage layer=25 stage=fused seq_len=1 start_pos=29 elapsed_ms=1.251
kiln_profile_gdn_stage layer=26 stage=in_proj seq_len=1 start_pos=29 elapsed_ms=1.460
kiln_profile_gdn_stage layer=26 stage=conv seq_len=1 start_pos=29 elapsed_ms=0.272
kiln_profile_gdn_stage layer=26 stage=qkv_split seq_len=1 start_pos=29 elapsed_ms=0.003
kiln_profile_gdn_stage layer=26 stage=qk_norm seq_len=1 start_pos=29 elapsed_ms=0.032
kiln_profile_gdn_stage layer=26 stage=gates seq_len=1 start_pos=29 elapsed_ms=0.206
kiln_profile_gdn_stage layer=26 stage=recurrent seq_len=1 start_pos=29 elapsed_ms=1.684
kiln_profile_gdn_stage layer=26 stage=post_transpose seq_len=1 start_pos=29 elapsed_ms=0.000
kiln_profile_gdn_stage layer=26 stage=gated_norm seq_len=1 start_pos=29 elapsed_ms=0.429
kiln_profile_gdn_stage layer=26 stage=out_proj seq_len=1 start_pos=29 elapsed_ms=0.478
kiln_profile_mlp_stage layer=26 stage=fused seq_len=1 start_pos=29 elapsed_ms=1.222
kiln_profile_full_attn_stage full_attn_layer=6 stage=qkv_proj_batch seq_len=1 start_pos=29 elapsed_ms=1.478
kiln_profile_full_attn_stage full_attn_layer=6 stage=qkv_split_batch seq_len=1 start_pos=29 elapsed_ms=0.005
kiln_profile_full_attn_stage full_attn_layer=6 stage=qk_norm_batch seq_len=1 start_pos=29 elapsed_ms=0.034
kiln_profile_full_attn_stage full_attn_layer=6 stage=rope_batch seq_len=1 start_pos=29 elapsed_ms=0.068
kiln_profile_full_attn_stage full_attn_layer=6 stage=kv_write_batch seq_len=1 start_pos=29 elapsed_ms=0.015
kiln_profile_full_attn_stage full_attn_layer=6 stage=q_transpose_batch seq_len=1 start_pos=29 elapsed_ms=0.000
kiln_profile_full_attn_stage full_attn_layer=6 stage=decode_attn_contiguous_batch seq_len=1 start_pos=29 elapsed_ms=0.716
kiln_profile_full_attn_stage full_attn_layer=6 stage=attn_gate_batch seq_len=1 start_pos=29 elapsed_ms=0.022
kiln_profile_full_attn_stage full_attn_layer=6 stage=o_proj_batch seq_len=1 start_pos=29 elapsed_ms=0.520
kiln_profile_mlp_stage layer=27 stage=fused seq_len=1 start_pos=29 elapsed_ms=1.300
kiln_profile_gdn_stage layer=28 stage=in_proj seq_len=1 start_pos=29 elapsed_ms=1.488
kiln_profile_gdn_stage layer=28 stage=conv seq_len=1 start_pos=29 elapsed_ms=0.271
kiln_profile_gdn_stage layer=28 stage=qkv_split seq_len=1 start_pos=29 elapsed_ms=0.003
kiln_profile_gdn_stage layer=28 stage=qk_norm seq_len=1 start_pos=29 elapsed_ms=0.031
kiln_profile_gdn_stage layer=28 stage=gates seq_len=1 start_pos=29 elapsed_ms=0.762
kiln_profile_gdn_stage layer=28 stage=recurrent seq_len=1 start_pos=29 elapsed_ms=1.725
kiln_profile_gdn_stage layer=28 stage=post_transpose seq_len=1 start_pos=29 elapsed_ms=0.001
kiln_profile_gdn_stage layer=28 stage=gated_norm seq_len=1 start_pos=29 elapsed_ms=0.836
kiln_profile_gdn_stage layer=28 stage=out_proj seq_len=1 start_pos=29 elapsed_ms=0.724
kiln_profile_mlp_stage layer=28 stage=fused seq_len=1 start_pos=29 elapsed_ms=1.267
kiln_profile_gdn_stage layer=29 stage=in_proj seq_len=1 start_pos=29 elapsed_ms=1.446
kiln_profile_gdn_stage layer=29 stage=conv seq_len=1 start_pos=29 elapsed_ms=0.287
kiln_profile_gdn_stage layer=29 stage=qkv_split seq_len=1 start_pos=29 elapsed_ms=0.005
kiln_profile_gdn_stage layer=29 stage=qk_norm seq_len=1 start_pos=29 elapsed_ms=0.037
kiln_profile_gdn_stage layer=29 stage=gates seq_len=1 start_pos=29 elapsed_ms=0.205
kiln_profile_gdn_stage layer=29 stage=recurrent seq_len=1 start_pos=29 elapsed_ms=1.730
kiln_profile_gdn_stage layer=29 stage=post_transpose seq_len=1 start_pos=29 elapsed_ms=0.000
kiln_profile_gdn_stage layer=29 stage=gated_norm seq_len=1 start_pos=29 elapsed_ms=0.412
kiln_profile_gdn_stage layer=29 stage=out_proj seq_len=1 start_pos=29 elapsed_ms=0.514
kiln_profile_mlp_stage layer=29 stage=fused seq_len=1 start_pos=29 elapsed_ms=1.350
kiln_profile_gdn_stage layer=30 stage=in_proj seq_len=1 start_pos=29 elapsed_ms=1.463
kiln_profile_gdn_stage layer=30 stage=conv seq_len=1 start_pos=29 elapsed_ms=0.290
kiln_profile_gdn_stage layer=30 stage=qkv_split seq_len=1 start_pos=29 elapsed_ms=0.003
kiln_profile_gdn_stage layer=30 stage=qk_norm seq_len=1 start_pos=29 elapsed_ms=0.037
kiln_profile_gdn_stage layer=30 stage=gates seq_len=1 start_pos=29 elapsed_ms=0.220
kiln_profile_gdn_stage layer=30 stage=recurrent seq_len=1 start_pos=29 elapsed_ms=1.675
kiln_profile_gdn_stage layer=30 stage=post_transpose seq_len=1 start_pos=29 elapsed_ms=0.000
kiln_profile_gdn_stage layer=30 stage=gated_norm seq_len=1 start_pos=29 elapsed_ms=0.416
kiln_profile_gdn_stage layer=30 stage=out_proj seq_len=1 start_pos=29 elapsed_ms=1.227
kiln_profile_mlp_stage layer=30 stage=fused seq_len=1 start_pos=29 elapsed_ms=1.226
kiln_profile_full_attn_stage full_attn_layer=7 stage=qkv_proj_batch seq_len=1 start_pos=29 elapsed_ms=1.676
kiln_profile_full_attn_stage full_attn_layer=7 stage=qkv_split_batch seq_len=1 start_pos=29 elapsed_ms=0.004
kiln_profile_full_attn_stage full_attn_layer=7 stage=qk_norm_batch seq_len=1 start_pos=29 elapsed_ms=0.033
kiln_profile_full_attn_stage full_attn_layer=7 stage=rope_batch seq_len=1 start_pos=29 elapsed_ms=0.066
kiln_profile_full_attn_stage full_attn_layer=7 stage=kv_write_batch seq_len=1 start_pos=29 elapsed_ms=0.013
kiln_profile_full_attn_stage full_attn_layer=7 stage=q_transpose_batch seq_len=1 start_pos=29 elapsed_ms=0.000
kiln_profile_full_attn_stage full_attn_layer=7 stage=decode_attn_contiguous_batch seq_len=1 start_pos=29 elapsed_ms=0.677
kiln_profile_full_attn_stage full_attn_layer=7 stage=attn_gate_batch seq_len=1 start_pos=29 elapsed_ms=0.021
kiln_profile_full_attn_stage full_attn_layer=7 stage=o_proj_batch seq_len=1 start_pos=29 elapsed_ms=0.537
kiln_profile_mlp_stage layer=31 stage=fused seq_len=1 start_pos=29 elapsed_ms=1.826
{"timestamp":"2026-05-09T13:16:00.838094Z","level":"INFO","fields":{"message":"response","status":200,"duration_ms":0.093768},"target":"kiln_server::api","span":{"duration_ms":0.093768,"method":"GET","path":"/metrics","status":200,"name":"http_request"},"spans":[{"duration_ms":0.093768,"method":"GET","path":"/metrics","status":200,"name":"http_request"}]}
{"timestamp":"2026-05-09T13:16:00.877233Z","level":"INFO","fields":{"message":"received SIGTERM — initiating graceful shutdown"},"target":"kiln"}
{"timestamp":"2026-05-09T13:16:01.279238Z","level":"INFO","fields":{"message":"training worker shutting down"},"target":"kiln_server::training_queue"}
