
  ┌─────────────────────────────────────┐
  │           🔥 K I L N 🔥             │
  │   inference · training · adapters   │
  └─────────────────────────────────────┘

  Version: 0.2.13
  Mode: GPU inference
  Model: /Users/ericflo/.cache/huggingface/hub/models--Qwen--Qwen3.5-4B/snapshots/851bf6e806efd8d0a36b00ddf55e13ccb7b8cd0a
  CUDA: not available
  Listen: http://127.0.0.1:8479

  Endpoints: /ui, /v1/chat/completions, /v1/train/sft, /health, /metrics

{"timestamp":"2026-05-09T09:07:02.270304Z","level":"INFO","fields":{"message":"Metal available — using Apple Silicon GPU"},"target":"kiln_server::device"}
{"timestamp":"2026-05-09T09:07:02.290180Z","level":"INFO","fields":{"message":"Loading model from /Users/ericflo/.cache/huggingface/hub/models--Qwen--Qwen3.5-4B/snapshots/851bf6e806efd8d0a36b00ddf55e13ccb7b8cd0a (2 shards)"},"target":"kiln_model::loader"}
{"timestamp":"2026-05-09T09:07:02.290883Z","level":"INFO","fields":{"message":"Using weight name prefix: \"model.language_model.\""},"target":"kiln_model::loader"}
{"timestamp":"2026-05-09T09:07:02.291040Z","level":"INFO","fields":{"message":"Native MTP head detected; deferring CPU load until first use","mtp_prefix":"mtp."},"target":"kiln_model::loader"}
{"timestamp":"2026-05-09T09:07:02.291047Z","level":"INFO","fields":{"message":"Loaded 4206M parameters (8022 MB) across 32 layers"},"target":"kiln_model::loader"}
{"timestamp":"2026-05-09T09:07:15.148982Z","level":"INFO","fields":{"message":"unified memory detected (Apple Silicon)","total_gb":10.73741824,"source":"apple-silicon-unified"},"target":"kiln_server::state"}
{"timestamp":"2026-05-09T09:07:15.149167Z","level":"WARN","fields":{"message":"post-load CUDA residency unavailable; falling back to static model memory estimate for KV sizing","estimated_model_gb":9.15668992},"target":"kiln_server::state"}
{"timestamp":"2026-05-09T09:07:15.149184Z","level":"INFO","fields":{"message":"memory-aware KV cache sizing","total_vram_gb":10.73741824,"model_gb":9.15668992,"post_load_used_vram_gb":0.0,"sizing_residency_gb":9.15668992,"inference_fraction":0.7},"target":"kiln_server::state"}
{"timestamp":"2026-05-09T09:07:15.149190Z","level":"INFO","fields":{"message":"allocating paged KV cache","num_blocks":512,"block_size":16,"kv_dtype":"BF16","fp8_enabled":false},"target":"kiln_server::state"}
{"timestamp":"2026-05-09T09:07:15.149357Z","level":"INFO","fields":{"message":"KV cache auto-sizer succeeded on first attempt","inference_fraction":0.7,"num_blocks":512},"target":"kiln_server::state"}
{"timestamp":"2026-05-09T09:07:15.149369Z","level":"INFO","fields":{"message":"GPU memory budget","total_vram_gb":10.73741824,"model_gb":9.15668992,"estimated_model_gb":9.15668992,"post_load_used_vram_gb":0.0,"kv_cache_gb":0.268435456,"training_budget_gb":1.312292864,"inference_fraction":0.7},"target":"kiln_server::state"}
{"timestamp":"2026-05-09T09:07:15.149374Z","level":"INFO","fields":{"message":"prefix cache budget","max_blocks":128,"max_entries":9,"state_bytes_per_entry":27525120,"max_state_bytes":247726080,"min_register_tokens":64},"target":"kiln_server::state"}
{"timestamp":"2026-05-09T09:07:15.149389Z","level":"INFO","fields":{"message":"live greedy decode batcher enabled","backend":"metal","max_batch":8,"wait_us":100,"mixed_seq_lens":true},"target":"kiln_server::state"}
  ✓ Ready on http://127.0.0.1:8479

{"timestamp":"2026-05-09T09:07:15.150598Z","level":"INFO","fields":{"message":"starting background inference prewarm"},"target":"kiln"}
{"timestamp":"2026-05-09T09:07:15.151421Z","level":"INFO","fields":{"message":"tokenizer warmup complete","elapsed_ms":0,"tokens":8},"target":"kiln"}
{"timestamp":"2026-05-09T09:07:15.152723Z","level":"INFO","fields":{"message":"Metal custom kernels precompiled during background prewarm","elapsed_ms":1},"target":"kiln"}
{"timestamp":"2026-05-09T09:07:15.152738Z","level":"INFO","fields":{"message":"Metal custom kernels precompiled during background prewarm","elapsed_ms":0},"target":"kiln"}
{"timestamp":"2026-05-09T09:07:15.564864Z","level":"INFO","fields":{"message":"response","status":200,"duration_ms":0.32699999999999996},"target":"kiln_server::api","span":{"duration_ms":0.32699999999999996,"method":"GET","path":"/health","status":200,"name":"http_request"},"spans":[{"duration_ms":0.32699999999999996,"method":"GET","path":"/health","status":200,"name":"http_request"}]}
{"timestamp":"2026-05-09T09:07:16.076421Z","level":"INFO","fields":{"message":"response","status":200,"duration_ms":0.10320800000000001},"target":"kiln_server::api","span":{"duration_ms":0.103208,"method":"GET","path":"/health","status":200,"name":"http_request"},"spans":[{"duration_ms":0.103208,"method":"GET","path":"/health","status":200,"name":"http_request"}]}
{"timestamp":"2026-05-09T09:07:16.587341Z","level":"INFO","fields":{"message":"response","status":200,"duration_ms":0.120667},"target":"kiln_server::api","span":{"duration_ms":0.120667,"method":"GET","path":"/health","status":200,"name":"http_request"},"spans":[{"duration_ms":0.120667,"method":"GET","path":"/health","status":200,"name":"http_request"}]}
{"timestamp":"2026-05-09T09:07:17.093666Z","level":"INFO","fields":{"message":"response","status":200,"duration_ms":0.12291599999999998},"target":"kiln_server::api","span":{"duration_ms":0.12291599999999998,"method":"GET","path":"/health","status":200,"name":"http_request"},"spans":[{"duration_ms":0.12291599999999998,"method":"GET","path":"/health","status":200,"name":"http_request"}]}
{"timestamp":"2026-05-09T09:07:17.604406Z","level":"INFO","fields":{"message":"response","status":200,"duration_ms":0.13275},"target":"kiln_server::api","span":{"duration_ms":0.13275,"method":"GET","path":"/health","status":200,"name":"http_request"},"spans":[{"duration_ms":0.13275,"method":"GET","path":"/health","status":200,"name":"http_request"}]}
{"timestamp":"2026-05-09T09:07:18.115418Z","level":"INFO","fields":{"message":"response","status":200,"duration_ms":0.14612499999999998},"target":"kiln_server::api","span":{"duration_ms":0.14612499999999998,"method":"GET","path":"/health","status":200,"name":"http_request"},"spans":[{"duration_ms":0.14612499999999998,"method":"GET","path":"/health","status":200,"name":"http_request"}]}
{"timestamp":"2026-05-09T09:07:18.626000Z","level":"INFO","fields":{"message":"response","status":200,"duration_ms":0.108958},"target":"kiln_server::api","span":{"duration_ms":0.108958,"method":"GET","path":"/health","status":200,"name":"http_request"},"spans":[{"duration_ms":0.108958,"method":"GET","path":"/health","status":200,"name":"http_request"}]}
{"timestamp":"2026-05-09T09:07:19.131650Z","level":"INFO","fields":{"message":"response","status":200,"duration_ms":0.11587499999999999},"target":"kiln_server::api","span":{"duration_ms":0.115875,"method":"GET","path":"/health","status":200,"name":"http_request"},"spans":[{"duration_ms":0.115875,"method":"GET","path":"/health","status":200,"name":"http_request"}]}
{"timestamp":"2026-05-09T09:07:19.642551Z","level":"INFO","fields":{"message":"response","status":200,"duration_ms":0.08925},"target":"kiln_server::api","span":{"duration_ms":0.08925,"method":"GET","path":"/health","status":200,"name":"http_request"},"spans":[{"duration_ms":0.08925,"method":"GET","path":"/health","status":200,"name":"http_request"}]}
kiln_profile_gdn_stage layer=0 stage=in_proj seq_len=64 start_pos=0 elapsed_ms=385.660
kiln_profile_gdn_stage layer=0 stage=qkv_conv_split_norm seq_len=64 start_pos=0 elapsed_ms=2.797
kiln_profile_gdn_stage layer=0 stage=gates seq_len=64 start_pos=0 elapsed_ms=1.249
kiln_profile_gdn_stage layer=0 stage=recurrent seq_len=64 start_pos=0 elapsed_ms=8.196
kiln_profile_gdn_stage layer=0 stage=post_transpose seq_len=64 start_pos=0 elapsed_ms=0.000
kiln_profile_gdn_stage layer=0 stage=gated_norm seq_len=64 start_pos=0 elapsed_ms=0.352
kiln_profile_gdn_stage layer=0 stage=out_proj seq_len=64 start_pos=0 elapsed_ms=25.082
{"timestamp":"2026-05-09T09:07:20.153458Z","level":"INFO","fields":{"message":"response","status":200,"duration_ms":0.123917},"target":"kiln_server::api","span":{"duration_ms":0.123917,"method":"GET","path":"/health","status":200,"name":"http_request"},"spans":[{"duration_ms":0.123917,"method":"GET","path":"/health","status":200,"name":"http_request"}]}
kiln_profile_mlp_stage layer=0 stage=gate_proj seq_len=64 start_pos=0 elapsed_ms=320.894
kiln_profile_mlp_stage layer=0 stage=gate_silu seq_len=64 start_pos=0 elapsed_ms=2.481
kiln_profile_mlp_stage layer=0 stage=up_proj seq_len=64 start_pos=0 elapsed_ms=198.934
kiln_profile_mlp_stage layer=0 stage=hidden_mul seq_len=64 start_pos=0 elapsed_ms=0.312
kiln_profile_mlp_stage layer=0 stage=down_proj seq_len=64 start_pos=0 elapsed_ms=60.260
{"timestamp":"2026-05-09T09:07:20.664285Z","level":"INFO","fields":{"message":"response","status":200,"duration_ms":0.12045800000000001},"target":"kiln_server::api","span":{"duration_ms":0.120458,"method":"GET","path":"/health","status":200,"name":"http_request"},"spans":[{"duration_ms":0.120458,"method":"GET","path":"/health","status":200,"name":"http_request"}]}
kiln_profile_gdn_stage layer=1 stage=in_proj seq_len=64 start_pos=0 elapsed_ms=289.929
kiln_profile_gdn_stage layer=1 stage=qkv_conv_split_norm seq_len=64 start_pos=0 elapsed_ms=0.860
kiln_profile_gdn_stage layer=1 stage=gates seq_len=64 start_pos=0 elapsed_ms=0.540
kiln_profile_gdn_stage layer=1 stage=recurrent seq_len=64 start_pos=0 elapsed_ms=1.893
kiln_profile_gdn_stage layer=1 stage=post_transpose seq_len=64 start_pos=0 elapsed_ms=0.000
kiln_profile_gdn_stage layer=1 stage=gated_norm seq_len=64 start_pos=0 elapsed_ms=0.302
kiln_profile_gdn_stage layer=1 stage=out_proj seq_len=64 start_pos=0 elapsed_ms=38.188
kiln_profile_mlp_stage layer=1 stage=gate_proj seq_len=64 start_pos=0 elapsed_ms=276.427
kiln_profile_mlp_stage layer=1 stage=gate_silu seq_len=64 start_pos=0 elapsed_ms=0.535
{"timestamp":"2026-05-09T09:07:21.175164Z","level":"INFO","fields":{"message":"response","status":200,"duration_ms":0.102875},"target":"kiln_server::api","span":{"duration_ms":0.102875,"method":"GET","path":"/health","status":200,"name":"http_request"},"spans":[{"duration_ms":0.102875,"method":"GET","path":"/health","status":200,"name":"http_request"}]}
kiln_profile_mlp_stage layer=1 stage=up_proj seq_len=64 start_pos=0 elapsed_ms=147.903
kiln_profile_mlp_stage layer=1 stage=hidden_mul seq_len=64 start_pos=0 elapsed_ms=0.356
kiln_profile_mlp_stage layer=1 stage=down_proj seq_len=64 start_pos=0 elapsed_ms=66.864
kiln_profile_gdn_stage layer=2 stage=in_proj seq_len=64 start_pos=0 elapsed_ms=136.961
kiln_profile_gdn_stage layer=2 stage=qkv_conv_split_norm seq_len=64 start_pos=0 elapsed_ms=0.837
kiln_profile_gdn_stage layer=2 stage=gates seq_len=64 start_pos=0 elapsed_ms=0.526
kiln_profile_gdn_stage layer=2 stage=recurrent seq_len=64 start_pos=0 elapsed_ms=1.876
kiln_profile_gdn_stage layer=2 stage=post_transpose seq_len=64 start_pos=0 elapsed_ms=0.000
kiln_profile_gdn_stage layer=2 stage=gated_norm seq_len=64 start_pos=0 elapsed_ms=0.334
kiln_profile_gdn_stage layer=2 stage=out_proj seq_len=64 start_pos=0 elapsed_ms=20.157
kiln_profile_mlp_stage layer=2 stage=gate_proj seq_len=64 start_pos=0 elapsed_ms=14.910
kiln_profile_mlp_stage layer=2 stage=gate_silu seq_len=64 start_pos=0 elapsed_ms=0.600
kiln_profile_mlp_stage layer=2 stage=up_proj seq_len=64 start_pos=0 elapsed_ms=17.809
kiln_profile_mlp_stage layer=2 stage=hidden_mul seq_len=64 start_pos=0 elapsed_ms=1.885
kiln_profile_mlp_stage layer=2 stage=down_proj seq_len=64 start_pos=0 elapsed_ms=15.163
kiln_profile_full_attn_stage full_attn_layer=0 stage=qkv_proj seq_len=64 start_pos=0 elapsed_ms=21.262
kiln_profile_full_attn_stage full_attn_layer=0 stage=qkv_split seq_len=64 start_pos=0 elapsed_ms=1.923
kiln_profile_full_attn_stage full_attn_layer=0 stage=qk_norm seq_len=64 start_pos=0 elapsed_ms=0.333
kiln_profile_full_attn_stage full_attn_layer=0 stage=rope seq_len=64 start_pos=0 elapsed_ms=0.333
kiln_profile_full_attn_stage full_attn_layer=0 stage=q_transpose seq_len=64 start_pos=0 elapsed_ms=0.635
kiln_profile_full_attn_stage full_attn_layer=0 stage=prefill_kv_head_layout seq_len=64 start_pos=0 elapsed_ms=0.413
kiln_profile_full_attn_stage full_attn_layer=0 stage=prefill_attn_head_major seq_len=64 start_pos=0 elapsed_ms=0.002
kiln_profile_full_attn_stage full_attn_layer=0 stage=prefill_attn_fallback seq_len=64 start_pos=0 elapsed_ms=2.040
kiln_profile_full_attn_stage full_attn_layer=0 stage=kv_write seq_len=64 start_pos=0 elapsed_ms=1.969
kiln_profile_full_attn_stage full_attn_layer=0 stage=kv_read seq_len=64 start_pos=0 elapsed_ms=0.546
kiln_profile_mlp_stage layer=3 stage=gate_proj seq_len=64 start_pos=0 elapsed_ms=16.218
kiln_profile_mlp_stage layer=3 stage=gate_silu seq_len=64 start_pos=0 elapsed_ms=0.456
kiln_profile_mlp_stage layer=3 stage=up_proj seq_len=64 start_pos=0 elapsed_ms=18.115
kiln_profile_mlp_stage layer=3 stage=hidden_mul seq_len=64 start_pos=0 elapsed_ms=0.420
{"timestamp":"2026-05-09T09:07:21.686140Z","level":"INFO","fields":{"message":"response","status":200,"duration_ms":0.151583},"target":"kiln_server::api","span":{"duration_ms":0.151583,"method":"GET","path":"/health","status":200,"name":"http_request"},"spans":[{"duration_ms":0.151583,"method":"GET","path":"/health","status":200,"name":"http_request"}]}
kiln_profile_mlp_stage layer=3 stage=down_proj seq_len=64 start_pos=0 elapsed_ms=13.788
kiln_profile_gdn_stage layer=4 stage=in_proj seq_len=64 start_pos=0 elapsed_ms=24.155
kiln_profile_gdn_stage layer=4 stage=qkv_conv_split_norm seq_len=64 start_pos=0 elapsed_ms=0.980
kiln_profile_gdn_stage layer=4 stage=gates seq_len=64 start_pos=0 elapsed_ms=0.606
kiln_profile_gdn_stage layer=4 stage=recurrent seq_len=64 start_pos=0 elapsed_ms=3.871
kiln_profile_gdn_stage layer=4 stage=post_transpose seq_len=64 start_pos=0 elapsed_ms=0.000
kiln_profile_gdn_stage layer=4 stage=gated_norm seq_len=64 start_pos=0 elapsed_ms=0.408
kiln_profile_gdn_stage layer=4 stage=out_proj seq_len=64 start_pos=0 elapsed_ms=6.559
kiln_profile_mlp_stage layer=4 stage=gate_proj seq_len=64 start_pos=0 elapsed_ms=16.914
kiln_profile_mlp_stage layer=4 stage=gate_silu seq_len=64 start_pos=0 elapsed_ms=0.499
kiln_profile_mlp_stage layer=4 stage=up_proj seq_len=64 start_pos=0 elapsed_ms=14.378
kiln_profile_mlp_stage layer=4 stage=hidden_mul seq_len=64 start_pos=0 elapsed_ms=0.387
kiln_profile_mlp_stage layer=4 stage=down_proj seq_len=64 start_pos=0 elapsed_ms=18.612
kiln_profile_gdn_stage layer=5 stage=in_proj seq_len=64 start_pos=0 elapsed_ms=25.684
kiln_profile_gdn_stage layer=5 stage=qkv_conv_split_norm seq_len=64 start_pos=0 elapsed_ms=0.829
kiln_profile_gdn_stage layer=5 stage=gates seq_len=64 start_pos=0 elapsed_ms=0.467
kiln_profile_gdn_stage layer=5 stage=recurrent seq_len=64 start_pos=0 elapsed_ms=1.773
kiln_profile_gdn_stage layer=5 stage=post_transpose seq_len=64 start_pos=0 elapsed_ms=0.000
kiln_profile_gdn_stage layer=5 stage=gated_norm seq_len=64 start_pos=0 elapsed_ms=0.299
kiln_profile_gdn_stage layer=5 stage=out_proj seq_len=64 start_pos=0 elapsed_ms=5.511
kiln_profile_mlp_stage layer=5 stage=gate_proj seq_len=64 start_pos=0 elapsed_ms=13.642
kiln_profile_mlp_stage layer=5 stage=gate_silu seq_len=64 start_pos=0 elapsed_ms=0.629
kiln_profile_mlp_stage layer=5 stage=up_proj seq_len=64 start_pos=0 elapsed_ms=14.279
kiln_profile_mlp_stage layer=5 stage=hidden_mul seq_len=64 start_pos=0 elapsed_ms=0.419
kiln_profile_mlp_stage layer=5 stage=down_proj seq_len=64 start_pos=0 elapsed_ms=15.024
kiln_profile_gdn_stage layer=6 stage=in_proj seq_len=64 start_pos=0 elapsed_ms=20.378
kiln_profile_gdn_stage layer=6 stage=qkv_conv_split_norm seq_len=64 start_pos=0 elapsed_ms=0.775
kiln_profile_gdn_stage layer=6 stage=gates seq_len=64 start_pos=0 elapsed_ms=0.400
kiln_profile_gdn_stage layer=6 stage=recurrent seq_len=64 start_pos=0 elapsed_ms=1.658
kiln_profile_gdn_stage layer=6 stage=post_transpose seq_len=64 start_pos=0 elapsed_ms=0.000
kiln_profile_gdn_stage layer=6 stage=gated_norm seq_len=64 start_pos=0 elapsed_ms=0.335
kiln_profile_gdn_stage layer=6 stage=out_proj seq_len=64 start_pos=0 elapsed_ms=5.364
kiln_profile_mlp_stage layer=6 stage=gate_proj seq_len=64 start_pos=0 elapsed_ms=21.745
kiln_profile_mlp_stage layer=6 stage=gate_silu seq_len=64 start_pos=0 elapsed_ms=0.499
kiln_profile_mlp_stage layer=6 stage=up_proj seq_len=64 start_pos=0 elapsed_ms=16.083
kiln_profile_mlp_stage layer=6 stage=hidden_mul seq_len=64 start_pos=0 elapsed_ms=0.453
kiln_profile_mlp_stage layer=6 stage=down_proj seq_len=64 start_pos=0 elapsed_ms=15.982
kiln_profile_full_attn_stage full_attn_layer=1 stage=qkv_proj seq_len=64 start_pos=0 elapsed_ms=17.139
kiln_profile_full_attn_stage full_attn_layer=1 stage=qkv_split seq_len=64 start_pos=0 elapsed_ms=2.819
kiln_profile_full_attn_stage full_attn_layer=1 stage=qk_norm seq_len=64 start_pos=0 elapsed_ms=0.550
kiln_profile_full_attn_stage full_attn_layer=1 stage=rope seq_len=64 start_pos=0 elapsed_ms=0.426
kiln_profile_full_attn_stage full_attn_layer=1 stage=q_transpose seq_len=64 start_pos=0 elapsed_ms=1.116
kiln_profile_full_attn_stage full_attn_layer=1 stage=prefill_kv_head_layout seq_len=64 start_pos=0 elapsed_ms=0.630
kiln_profile_full_attn_stage full_attn_layer=1 stage=prefill_attn_head_major seq_len=64 start_pos=0 elapsed_ms=0.001
kiln_profile_full_attn_stage full_attn_layer=1 stage=prefill_attn_fallback seq_len=64 start_pos=0 elapsed_ms=5.669
kiln_profile_full_attn_stage full_attn_layer=1 stage=kv_write seq_len=64 start_pos=0 elapsed_ms=1.890
kiln_profile_full_attn_stage full_attn_layer=1 stage=kv_read seq_len=64 start_pos=0 elapsed_ms=0.495
kiln_profile_mlp_stage layer=7 stage=gate_proj seq_len=64 start_pos=0 elapsed_ms=19.181
kiln_profile_mlp_stage layer=7 stage=gate_silu seq_len=64 start_pos=0 elapsed_ms=0.516
kiln_profile_mlp_stage layer=7 stage=up_proj seq_len=64 start_pos=0 elapsed_ms=19.090
kiln_profile_mlp_stage layer=7 stage=hidden_mul seq_len=64 start_pos=0 elapsed_ms=0.435
kiln_profile_mlp_stage layer=7 stage=down_proj seq_len=64 start_pos=0 elapsed_ms=15.430
kiln_profile_gdn_stage layer=8 stage=in_proj seq_len=64 start_pos=0 elapsed_ms=28.538
kiln_profile_gdn_stage layer=8 stage=qkv_conv_split_norm seq_len=64 start_pos=0 elapsed_ms=0.770
kiln_profile_gdn_stage layer=8 stage=gates seq_len=64 start_pos=0 elapsed_ms=0.465
kiln_profile_gdn_stage layer=8 stage=recurrent seq_len=64 start_pos=0 elapsed_ms=1.810
kiln_profile_gdn_stage layer=8 stage=post_transpose seq_len=64 start_pos=0 elapsed_ms=0.000
kiln_profile_gdn_stage layer=8 stage=gated_norm seq_len=64 start_pos=0 elapsed_ms=0.307
kiln_profile_gdn_stage layer=8 stage=out_proj seq_len=64 start_pos=0 elapsed_ms=5.474
kiln_profile_mlp_stage layer=8 stage=gate_proj seq_len=64 start_pos=0 elapsed_ms=21.628
kiln_profile_mlp_stage layer=8 stage=gate_silu seq_len=64 start_pos=0 elapsed_ms=0.553
kiln_profile_mlp_stage layer=8 stage=up_proj seq_len=64 start_pos=0 elapsed_ms=18.497
kiln_profile_mlp_stage layer=8 stage=hidden_mul seq_len=64 start_pos=0 elapsed_ms=0.483
kiln_profile_mlp_stage layer=8 stage=down_proj seq_len=64 start_pos=0 elapsed_ms=18.175
kiln_profile_gdn_stage layer=9 stage=in_proj seq_len=64 start_pos=0 elapsed_ms=26.920
kiln_profile_gdn_stage layer=9 stage=qkv_conv_split_norm seq_len=64 start_pos=0 elapsed_ms=0.766
kiln_profile_gdn_stage layer=9 stage=gates seq_len=64 start_pos=0 elapsed_ms=0.479
kiln_profile_gdn_stage layer=9 stage=recurrent seq_len=64 start_pos=0 elapsed_ms=1.792
kiln_profile_gdn_stage layer=9 stage=post_transpose seq_len=64 start_pos=0 elapsed_ms=0.000
kiln_profile_gdn_stage layer=9 stage=gated_norm seq_len=64 start_pos=0 elapsed_ms=0.325
kiln_profile_gdn_stage layer=9 stage=out_proj seq_len=64 start_pos=0 elapsed_ms=5.182
{"timestamp":"2026-05-09T09:07:22.197102Z","level":"INFO","fields":{"message":"response","status":200,"duration_ms":0.137792},"target":"kiln_server::api","span":{"duration_ms":0.137792,"method":"GET","path":"/health","status":200,"name":"http_request"},"spans":[{"duration_ms":0.137792,"method":"GET","path":"/health","status":200,"name":"http_request"}]}
kiln_profile_mlp_stage layer=9 stage=gate_proj seq_len=64 start_pos=0 elapsed_ms=16.688
kiln_profile_mlp_stage layer=9 stage=gate_silu seq_len=64 start_pos=0 elapsed_ms=0.473
kiln_profile_mlp_stage layer=9 stage=up_proj seq_len=64 start_pos=0 elapsed_ms=16.795
kiln_profile_mlp_stage layer=9 stage=hidden_mul seq_len=64 start_pos=0 elapsed_ms=0.417
kiln_profile_mlp_stage layer=9 stage=down_proj seq_len=64 start_pos=0 elapsed_ms=13.423
kiln_profile_gdn_stage layer=10 stage=in_proj seq_len=64 start_pos=0 elapsed_ms=25.492
kiln_profile_gdn_stage layer=10 stage=qkv_conv_split_norm seq_len=64 start_pos=0 elapsed_ms=1.172
kiln_profile_gdn_stage layer=10 stage=gates seq_len=64 start_pos=0 elapsed_ms=0.626
kiln_profile_gdn_stage layer=10 stage=recurrent seq_len=64 start_pos=0 elapsed_ms=3.887
kiln_profile_gdn_stage layer=10 stage=post_transpose seq_len=64 start_pos=0 elapsed_ms=0.000
kiln_profile_gdn_stage layer=10 stage=gated_norm seq_len=64 start_pos=0 elapsed_ms=0.350
kiln_profile_gdn_stage layer=10 stage=out_proj seq_len=64 start_pos=0 elapsed_ms=5.541
kiln_profile_mlp_stage layer=10 stage=gate_proj seq_len=64 start_pos=0 elapsed_ms=18.672
kiln_profile_mlp_stage layer=10 stage=gate_silu seq_len=64 start_pos=0 elapsed_ms=0.661
kiln_profile_mlp_stage layer=10 stage=up_proj seq_len=64 start_pos=0 elapsed_ms=23.962
kiln_profile_mlp_stage layer=10 stage=hidden_mul seq_len=64 start_pos=0 elapsed_ms=0.491
kiln_profile_mlp_stage layer=10 stage=down_proj seq_len=64 start_pos=0 elapsed_ms=14.550
kiln_profile_full_attn_stage full_attn_layer=2 stage=qkv_proj seq_len=64 start_pos=0 elapsed_ms=18.779
kiln_profile_full_attn_stage full_attn_layer=2 stage=qkv_split seq_len=64 start_pos=0 elapsed_ms=2.793
kiln_profile_full_attn_stage full_attn_layer=2 stage=qk_norm seq_len=64 start_pos=0 elapsed_ms=0.434
kiln_profile_full_attn_stage full_attn_layer=2 stage=rope seq_len=64 start_pos=0 elapsed_ms=0.425
kiln_profile_full_attn_stage full_attn_layer=2 stage=q_transpose seq_len=64 start_pos=0 elapsed_ms=0.916
kiln_profile_full_attn_stage full_attn_layer=2 stage=prefill_kv_head_layout seq_len=64 start_pos=0 elapsed_ms=0.553
kiln_profile_full_attn_stage full_attn_layer=2 stage=prefill_attn_head_major seq_len=64 start_pos=0 elapsed_ms=0.002
kiln_profile_full_attn_stage full_attn_layer=2 stage=prefill_attn_fallback seq_len=64 start_pos=0 elapsed_ms=2.395
kiln_profile_full_attn_stage full_attn_layer=2 stage=kv_write seq_len=64 start_pos=0 elapsed_ms=1.857
kiln_profile_full_attn_stage full_attn_layer=2 stage=kv_read seq_len=64 start_pos=0 elapsed_ms=0.474
kiln_profile_mlp_stage layer=11 stage=gate_proj seq_len=64 start_pos=0 elapsed_ms=16.979
kiln_profile_mlp_stage layer=11 stage=gate_silu seq_len=64 start_pos=0 elapsed_ms=0.437
kiln_profile_mlp_stage layer=11 stage=up_proj seq_len=64 start_pos=0 elapsed_ms=17.829
kiln_profile_mlp_stage layer=11 stage=hidden_mul seq_len=64 start_pos=0 elapsed_ms=0.363
kiln_profile_mlp_stage layer=11 stage=down_proj seq_len=64 start_pos=0 elapsed_ms=12.575
kiln_profile_gdn_stage layer=12 stage=in_proj seq_len=64 start_pos=0 elapsed_ms=26.593
kiln_profile_gdn_stage layer=12 stage=qkv_conv_split_norm seq_len=64 start_pos=0 elapsed_ms=1.224
kiln_profile_gdn_stage layer=12 stage=gates seq_len=64 start_pos=0 elapsed_ms=0.616
kiln_profile_gdn_stage layer=12 stage=recurrent seq_len=64 start_pos=0 elapsed_ms=3.672
kiln_profile_gdn_stage layer=12 stage=post_transpose seq_len=64 start_pos=0 elapsed_ms=0.000
kiln_profile_gdn_stage layer=12 stage=gated_norm seq_len=64 start_pos=0 elapsed_ms=0.447
kiln_profile_gdn_stage layer=12 stage=out_proj seq_len=64 start_pos=0 elapsed_ms=6.310
kiln_profile_mlp_stage layer=12 stage=gate_proj seq_len=64 start_pos=0 elapsed_ms=18.210
kiln_profile_mlp_stage layer=12 stage=gate_silu seq_len=64 start_pos=0 elapsed_ms=0.590
kiln_profile_mlp_stage layer=12 stage=up_proj seq_len=64 start_pos=0 elapsed_ms=19.260
kiln_profile_mlp_stage layer=12 stage=hidden_mul seq_len=64 start_pos=0 elapsed_ms=0.451
kiln_profile_mlp_stage layer=12 stage=down_proj seq_len=64 start_pos=0 elapsed_ms=15.208
kiln_profile_gdn_stage layer=13 stage=in_proj seq_len=64 start_pos=0 elapsed_ms=26.612
kiln_profile_gdn_stage layer=13 stage=qkv_conv_split_norm seq_len=64 start_pos=0 elapsed_ms=0.679
kiln_profile_gdn_stage layer=13 stage=gates seq_len=64 start_pos=0 elapsed_ms=0.448
kiln_profile_gdn_stage layer=13 stage=recurrent seq_len=64 start_pos=0 elapsed_ms=1.674
kiln_profile_gdn_stage layer=13 stage=post_transpose seq_len=64 start_pos=0 elapsed_ms=0.000
kiln_profile_gdn_stage layer=13 stage=gated_norm seq_len=64 start_pos=0 elapsed_ms=0.259
kiln_profile_gdn_stage layer=13 stage=out_proj seq_len=64 start_pos=0 elapsed_ms=5.233
kiln_profile_mlp_stage layer=13 stage=gate_proj seq_len=64 start_pos=0 elapsed_ms=21.341
kiln_profile_mlp_stage layer=13 stage=gate_silu seq_len=64 start_pos=0 elapsed_ms=0.623
kiln_profile_mlp_stage layer=13 stage=up_proj seq_len=64 start_pos=0 elapsed_ms=17.648
kiln_profile_mlp_stage layer=13 stage=hidden_mul seq_len=64 start_pos=0 elapsed_ms=0.403
kiln_profile_mlp_stage layer=13 stage=down_proj seq_len=64 start_pos=0 elapsed_ms=15.927
kiln_profile_gdn_stage layer=14 stage=in_proj seq_len=64 start_pos=0 elapsed_ms=25.217
kiln_profile_gdn_stage layer=14 stage=qkv_conv_split_norm seq_len=64 start_pos=0 elapsed_ms=1.224
kiln_profile_gdn_stage layer=14 stage=gates seq_len=64 start_pos=0 elapsed_ms=4.187
kiln_profile_gdn_stage layer=14 stage=recurrent seq_len=64 start_pos=0 elapsed_ms=2.459
kiln_profile_gdn_stage layer=14 stage=post_transpose seq_len=64 start_pos=0 elapsed_ms=0.000
kiln_profile_gdn_stage layer=14 stage=gated_norm seq_len=64 start_pos=0 elapsed_ms=0.418
kiln_profile_gdn_stage layer=14 stage=out_proj seq_len=64 start_pos=0 elapsed_ms=6.629
kiln_profile_mlp_stage layer=14 stage=gate_proj seq_len=64 start_pos=0 elapsed_ms=22.989
kiln_profile_mlp_stage layer=14 stage=gate_silu seq_len=64 start_pos=0 elapsed_ms=2.039
kiln_profile_mlp_stage layer=14 stage=up_proj seq_len=64 start_pos=0 elapsed_ms=18.792
kiln_profile_mlp_stage layer=14 stage=hidden_mul seq_len=64 start_pos=0 elapsed_ms=0.452
{"timestamp":"2026-05-09T09:07:22.708074Z","level":"INFO","fields":{"message":"response","status":200,"duration_ms":0.136375},"target":"kiln_server::api","span":{"duration_ms":0.136375,"method":"GET","path":"/health","status":200,"name":"http_request"},"spans":[{"duration_ms":0.136375,"method":"GET","path":"/health","status":200,"name":"http_request"}]}
kiln_profile_mlp_stage layer=14 stage=down_proj seq_len=64 start_pos=0 elapsed_ms=16.241
kiln_profile_full_attn_stage full_attn_layer=3 stage=qkv_proj seq_len=64 start_pos=0 elapsed_ms=18.846
kiln_profile_full_attn_stage full_attn_layer=3 stage=qkv_split seq_len=64 start_pos=0 elapsed_ms=2.139
kiln_profile_full_attn_stage full_attn_layer=3 stage=qk_norm seq_len=64 start_pos=0 elapsed_ms=0.332
kiln_profile_full_attn_stage full_attn_layer=3 stage=rope seq_len=64 start_pos=0 elapsed_ms=0.325
kiln_profile_full_attn_stage full_attn_layer=3 stage=q_transpose seq_len=64 start_pos=0 elapsed_ms=1.034
kiln_profile_full_attn_stage full_attn_layer=3 stage=prefill_kv_head_layout seq_len=64 start_pos=0 elapsed_ms=0.583
kiln_profile_full_attn_stage full_attn_layer=3 stage=prefill_attn_head_major seq_len=64 start_pos=0 elapsed_ms=0.001
kiln_profile_full_attn_stage full_attn_layer=3 stage=prefill_attn_fallback seq_len=64 start_pos=0 elapsed_ms=6.956
kiln_profile_full_attn_stage full_attn_layer=3 stage=kv_write seq_len=64 start_pos=0 elapsed_ms=1.741
kiln_profile_full_attn_stage full_attn_layer=3 stage=kv_read seq_len=64 start_pos=0 elapsed_ms=0.469
kiln_profile_mlp_stage layer=15 stage=gate_proj seq_len=64 start_pos=0 elapsed_ms=16.463
kiln_profile_mlp_stage layer=15 stage=gate_silu seq_len=64 start_pos=0 elapsed_ms=0.440
kiln_profile_mlp_stage layer=15 stage=up_proj seq_len=64 start_pos=0 elapsed_ms=22.796
kiln_profile_mlp_stage layer=15 stage=hidden_mul seq_len=64 start_pos=0 elapsed_ms=0.331
kiln_profile_mlp_stage layer=15 stage=down_proj seq_len=64 start_pos=0 elapsed_ms=13.388
kiln_profile_gdn_stage layer=16 stage=in_proj seq_len=64 start_pos=0 elapsed_ms=23.381
kiln_profile_gdn_stage layer=16 stage=qkv_conv_split_norm seq_len=64 start_pos=0 elapsed_ms=4.528
kiln_profile_gdn_stage layer=16 stage=gates seq_len=64 start_pos=0 elapsed_ms=0.548
kiln_profile_gdn_stage layer=16 stage=recurrent seq_len=64 start_pos=0 elapsed_ms=2.389
kiln_profile_gdn_stage layer=16 stage=post_transpose seq_len=64 start_pos=0 elapsed_ms=0.000
kiln_profile_gdn_stage layer=16 stage=gated_norm seq_len=64 start_pos=0 elapsed_ms=0.436
kiln_profile_gdn_stage layer=16 stage=out_proj seq_len=64 start_pos=0 elapsed_ms=6.166
kiln_profile_mlp_stage layer=16 stage=gate_proj seq_len=64 start_pos=0 elapsed_ms=21.296
kiln_profile_mlp_stage layer=16 stage=gate_silu seq_len=64 start_pos=0 elapsed_ms=2.625
kiln_profile_mlp_stage layer=16 stage=up_proj seq_len=64 start_pos=0 elapsed_ms=19.131
kiln_profile_mlp_stage layer=16 stage=hidden_mul seq_len=64 start_pos=0 elapsed_ms=0.473
kiln_profile_mlp_stage layer=16 stage=down_proj seq_len=64 start_pos=0 elapsed_ms=17.144
kiln_profile_gdn_stage layer=17 stage=in_proj seq_len=64 start_pos=0 elapsed_ms=23.051
kiln_profile_gdn_stage layer=17 stage=qkv_conv_split_norm seq_len=64 start_pos=0 elapsed_ms=0.678
kiln_profile_gdn_stage layer=17 stage=gates seq_len=64 start_pos=0 elapsed_ms=1.583
kiln_profile_gdn_stage layer=17 stage=recurrent seq_len=64 start_pos=0 elapsed_ms=2.273
kiln_profile_gdn_stage layer=17 stage=post_transpose seq_len=64 start_pos=0 elapsed_ms=0.000
kiln_profile_gdn_stage layer=17 stage=gated_norm seq_len=64 start_pos=0 elapsed_ms=0.344
kiln_profile_gdn_stage layer=17 stage=out_proj seq_len=64 start_pos=0 elapsed_ms=5.271
kiln_profile_mlp_stage layer=17 stage=gate_proj seq_len=64 start_pos=0 elapsed_ms=19.136
kiln_profile_mlp_stage layer=17 stage=gate_silu seq_len=64 start_pos=0 elapsed_ms=0.589
kiln_profile_mlp_stage layer=17 stage=up_proj seq_len=64 start_pos=0 elapsed_ms=17.890
kiln_profile_mlp_stage layer=17 stage=hidden_mul seq_len=64 start_pos=0 elapsed_ms=0.470
kiln_profile_mlp_stage layer=17 stage=down_proj seq_len=64 start_pos=0 elapsed_ms=14.087
kiln_profile_gdn_stage layer=18 stage=in_proj seq_len=64 start_pos=0 elapsed_ms=24.891
kiln_profile_gdn_stage layer=18 stage=qkv_conv_split_norm seq_len=64 start_pos=0 elapsed_ms=0.760
kiln_profile_gdn_stage layer=18 stage=gates seq_len=64 start_pos=0 elapsed_ms=0.513
kiln_profile_gdn_stage layer=18 stage=recurrent seq_len=64 start_pos=0 elapsed_ms=1.914
kiln_profile_gdn_stage layer=18 stage=post_transpose seq_len=64 start_pos=0 elapsed_ms=0.000
kiln_profile_gdn_stage layer=18 stage=gated_norm seq_len=64 start_pos=0 elapsed_ms=0.366
kiln_profile_gdn_stage layer=18 stage=out_proj seq_len=64 start_pos=0 elapsed_ms=4.980
kiln_profile_mlp_stage layer=18 stage=gate_proj seq_len=64 start_pos=0 elapsed_ms=18.319
kiln_profile_mlp_stage layer=18 stage=gate_silu seq_len=64 start_pos=0 elapsed_ms=0.521
kiln_profile_mlp_stage layer=18 stage=up_proj seq_len=64 start_pos=0 elapsed_ms=16.719
kiln_profile_mlp_stage layer=18 stage=hidden_mul seq_len=64 start_pos=0 elapsed_ms=0.378
kiln_profile_mlp_stage layer=18 stage=down_proj seq_len=64 start_pos=0 elapsed_ms=13.951
kiln_profile_full_attn_stage full_attn_layer=4 stage=qkv_proj seq_len=64 start_pos=0 elapsed_ms=18.421
kiln_profile_full_attn_stage full_attn_layer=4 stage=qkv_split seq_len=64 start_pos=0 elapsed_ms=4.947
kiln_profile_full_attn_stage full_attn_layer=4 stage=qk_norm seq_len=64 start_pos=0 elapsed_ms=0.409
kiln_profile_full_attn_stage full_attn_layer=4 stage=rope seq_len=64 start_pos=0 elapsed_ms=0.347
kiln_profile_full_attn_stage full_attn_layer=4 stage=q_transpose seq_len=64 start_pos=0 elapsed_ms=0.785
kiln_profile_full_attn_stage full_attn_layer=4 stage=prefill_kv_head_layout seq_len=64 start_pos=0 elapsed_ms=0.548
kiln_profile_full_attn_stage full_attn_layer=4 stage=prefill_attn_head_major seq_len=64 start_pos=0 elapsed_ms=0.001
kiln_profile_full_attn_stage full_attn_layer=4 stage=prefill_attn_fallback seq_len=64 start_pos=0 elapsed_ms=2.362
kiln_profile_full_attn_stage full_attn_layer=4 stage=kv_write seq_len=64 start_pos=0 elapsed_ms=1.719
kiln_profile_full_attn_stage full_attn_layer=4 stage=kv_read seq_len=64 start_pos=0 elapsed_ms=0.556
kiln_profile_mlp_stage layer=19 stage=gate_proj seq_len=64 start_pos=0 elapsed_ms=16.685
kiln_profile_mlp_stage layer=19 stage=gate_silu seq_len=64 start_pos=0 elapsed_ms=0.441
kiln_profile_mlp_stage layer=19 stage=up_proj seq_len=64 start_pos=0 elapsed_ms=14.656
kiln_profile_mlp_stage layer=19 stage=hidden_mul seq_len=64 start_pos=0 elapsed_ms=0.408
kiln_profile_mlp_stage layer=19 stage=down_proj seq_len=64 start_pos=0 elapsed_ms=15.317
kiln_profile_gdn_stage layer=20 stage=in_proj seq_len=64 start_pos=0 elapsed_ms=22.149
kiln_profile_gdn_stage layer=20 stage=qkv_conv_split_norm seq_len=64 start_pos=0 elapsed_ms=0.954
kiln_profile_gdn_stage layer=20 stage=gates seq_len=64 start_pos=0 elapsed_ms=0.575
kiln_profile_gdn_stage layer=20 stage=recurrent seq_len=64 start_pos=0 elapsed_ms=3.909
kiln_profile_gdn_stage layer=20 stage=post_transpose seq_len=64 start_pos=0 elapsed_ms=0.000
kiln_profile_gdn_stage layer=20 stage=gated_norm seq_len=64 start_pos=0 elapsed_ms=1.857
kiln_profile_gdn_stage layer=20 stage=out_proj seq_len=64 start_pos=0 elapsed_ms=5.291
{"timestamp":"2026-05-09T09:07:23.218970Z","level":"INFO","fields":{"message":"response","status":200,"duration_ms":0.15537499999999999},"target":"kiln_server::api","span":{"duration_ms":0.155375,"method":"GET","path":"/health","status":200,"name":"http_request"},"spans":[{"duration_ms":0.155375,"method":"GET","path":"/health","status":200,"name":"http_request"}]}
kiln_profile_mlp_stage layer=20 stage=gate_proj seq_len=64 start_pos=0 elapsed_ms=17.174
kiln_profile_mlp_stage layer=20 stage=gate_silu seq_len=64 start_pos=0 elapsed_ms=0.540
kiln_profile_mlp_stage layer=20 stage=up_proj seq_len=64 start_pos=0 elapsed_ms=16.762
kiln_profile_mlp_stage layer=20 stage=hidden_mul seq_len=64 start_pos=0 elapsed_ms=0.425
kiln_profile_mlp_stage layer=20 stage=down_proj seq_len=64 start_pos=0 elapsed_ms=14.696
kiln_profile_gdn_stage layer=21 stage=in_proj seq_len=64 start_pos=0 elapsed_ms=23.255
kiln_profile_gdn_stage layer=21 stage=qkv_conv_split_norm seq_len=64 start_pos=0 elapsed_ms=1.036
kiln_profile_gdn_stage layer=21 stage=gates seq_len=64 start_pos=0 elapsed_ms=0.586
kiln_profile_gdn_stage layer=21 stage=recurrent seq_len=64 start_pos=0 elapsed_ms=3.273
kiln_profile_gdn_stage layer=21 stage=post_transpose seq_len=64 start_pos=0 elapsed_ms=0.000
kiln_profile_gdn_stage layer=21 stage=gated_norm seq_len=64 start_pos=0 elapsed_ms=0.345
kiln_profile_gdn_stage layer=21 stage=out_proj seq_len=64 start_pos=0 elapsed_ms=8.802
kiln_profile_mlp_stage layer=21 stage=gate_proj seq_len=64 start_pos=0 elapsed_ms=21.056
kiln_profile_mlp_stage layer=21 stage=gate_silu seq_len=64 start_pos=0 elapsed_ms=0.615
kiln_profile_mlp_stage layer=21 stage=up_proj seq_len=64 start_pos=0 elapsed_ms=21.252
kiln_profile_mlp_stage layer=21 stage=hidden_mul seq_len=64 start_pos=0 elapsed_ms=1.267
kiln_profile_mlp_stage layer=21 stage=down_proj seq_len=64 start_pos=0 elapsed_ms=13.313
kiln_profile_gdn_stage layer=22 stage=in_proj seq_len=64 start_pos=0 elapsed_ms=25.103
kiln_profile_gdn_stage layer=22 stage=qkv_conv_split_norm seq_len=64 start_pos=0 elapsed_ms=0.969
kiln_profile_gdn_stage layer=22 stage=gates seq_len=64 start_pos=0 elapsed_ms=0.638
kiln_profile_gdn_stage layer=22 stage=recurrent seq_len=64 start_pos=0 elapsed_ms=3.049
kiln_profile_gdn_stage layer=22 stage=post_transpose seq_len=64 start_pos=0 elapsed_ms=0.000
kiln_profile_gdn_stage layer=22 stage=gated_norm seq_len=64 start_pos=0 elapsed_ms=0.347
kiln_profile_gdn_stage layer=22 stage=out_proj seq_len=64 start_pos=0 elapsed_ms=5.888
kiln_profile_mlp_stage layer=22 stage=gate_proj seq_len=64 start_pos=0 elapsed_ms=18.710
kiln_profile_mlp_stage layer=22 stage=gate_silu seq_len=64 start_pos=0 elapsed_ms=0.503
kiln_profile_mlp_stage layer=22 stage=up_proj seq_len=64 start_pos=0 elapsed_ms=17.830
kiln_profile_mlp_stage layer=22 stage=hidden_mul seq_len=64 start_pos=0 elapsed_ms=0.501
kiln_profile_mlp_stage layer=22 stage=down_proj seq_len=64 start_pos=0 elapsed_ms=15.478
kiln_profile_full_attn_stage full_attn_layer=5 stage=qkv_proj seq_len=64 start_pos=0 elapsed_ms=19.516
kiln_profile_full_attn_stage full_attn_layer=5 stage=qkv_split seq_len=64 start_pos=0 elapsed_ms=6.252
kiln_profile_full_attn_stage full_attn_layer=5 stage=qk_norm seq_len=64 start_pos=0 elapsed_ms=0.350
kiln_profile_full_attn_stage full_attn_layer=5 stage=rope seq_len=64 start_pos=0 elapsed_ms=0.311
kiln_profile_full_attn_stage full_attn_layer=5 stage=q_transpose seq_len=64 start_pos=0 elapsed_ms=0.883
kiln_profile_full_attn_stage full_attn_layer=5 stage=prefill_kv_head_layout seq_len=64 start_pos=0 elapsed_ms=0.489
kiln_profile_full_attn_stage full_attn_layer=5 stage=prefill_attn_head_major seq_len=64 start_pos=0 elapsed_ms=0.002
kiln_profile_full_attn_stage full_attn_layer=5 stage=prefill_attn_fallback seq_len=64 start_pos=0 elapsed_ms=2.415
kiln_profile_full_attn_stage full_attn_layer=5 stage=kv_write seq_len=64 start_pos=0 elapsed_ms=1.890
kiln_profile_full_attn_stage full_attn_layer=5 stage=kv_read seq_len=64 start_pos=0 elapsed_ms=0.594
kiln_profile_mlp_stage layer=23 stage=gate_proj seq_len=64 start_pos=0 elapsed_ms=20.418
kiln_profile_mlp_stage layer=23 stage=gate_silu seq_len=64 start_pos=0 elapsed_ms=0.624
kiln_profile_mlp_stage layer=23 stage=up_proj seq_len=64 start_pos=0 elapsed_ms=18.691
kiln_profile_mlp_stage layer=23 stage=hidden_mul seq_len=64 start_pos=0 elapsed_ms=0.348
kiln_profile_mlp_stage layer=23 stage=down_proj seq_len=64 start_pos=0 elapsed_ms=20.761
kiln_profile_gdn_stage layer=24 stage=in_proj seq_len=64 start_pos=0 elapsed_ms=27.463
kiln_profile_gdn_stage layer=24 stage=qkv_conv_split_norm seq_len=64 start_pos=0 elapsed_ms=0.864
kiln_profile_gdn_stage layer=24 stage=gates seq_len=64 start_pos=0 elapsed_ms=0.570
kiln_profile_gdn_stage layer=24 stage=recurrent seq_len=64 start_pos=0 elapsed_ms=1.949
kiln_profile_gdn_stage layer=24 stage=post_transpose seq_len=64 start_pos=0 elapsed_ms=0.000
kiln_profile_gdn_stage layer=24 stage=gated_norm seq_len=64 start_pos=0 elapsed_ms=0.403
kiln_profile_gdn_stage layer=24 stage=out_proj seq_len=64 start_pos=0 elapsed_ms=5.489
kiln_profile_mlp_stage layer=24 stage=gate_proj seq_len=64 start_pos=0 elapsed_ms=17.191
kiln_profile_mlp_stage layer=24 stage=gate_silu seq_len=64 start_pos=0 elapsed_ms=0.601
kiln_profile_mlp_stage layer=24 stage=up_proj seq_len=64 start_pos=0 elapsed_ms=19.014
kiln_profile_mlp_stage layer=24 stage=hidden_mul seq_len=64 start_pos=0 elapsed_ms=0.446
kiln_profile_mlp_stage layer=24 stage=down_proj seq_len=64 start_pos=0 elapsed_ms=15.699
kiln_profile_gdn_stage layer=25 stage=in_proj seq_len=64 start_pos=0 elapsed_ms=26.944
kiln_profile_gdn_stage layer=25 stage=qkv_conv_split_norm seq_len=64 start_pos=0 elapsed_ms=0.652
kiln_profile_gdn_stage layer=25 stage=gates seq_len=64 start_pos=0 elapsed_ms=0.396
kiln_profile_gdn_stage layer=25 stage=recurrent seq_len=64 start_pos=0 elapsed_ms=1.570
kiln_profile_gdn_stage layer=25 stage=post_transpose seq_len=64 start_pos=0 elapsed_ms=0.000
kiln_profile_gdn_stage layer=25 stage=gated_norm seq_len=64 start_pos=0 elapsed_ms=0.305
kiln_profile_gdn_stage layer=25 stage=out_proj seq_len=64 start_pos=0 elapsed_ms=5.567
kiln_profile_mlp_stage layer=25 stage=gate_proj seq_len=64 start_pos=0 elapsed_ms=22.065
kiln_profile_mlp_stage layer=25 stage=gate_silu seq_len=64 start_pos=0 elapsed_ms=1.809
kiln_profile_mlp_stage layer=25 stage=up_proj seq_len=64 start_pos=0 elapsed_ms=19.264
kiln_profile_mlp_stage layer=25 stage=hidden_mul seq_len=64 start_pos=0 elapsed_ms=0.429
{"timestamp":"2026-05-09T09:07:23.729902Z","level":"INFO","fields":{"message":"response","status":200,"duration_ms":0.148125},"target":"kiln_server::api","span":{"duration_ms":0.148125,"method":"GET","path":"/health","status":200,"name":"http_request"},"spans":[{"duration_ms":0.148125,"method":"GET","path":"/health","status":200,"name":"http_request"}]}
kiln_profile_mlp_stage layer=25 stage=down_proj seq_len=64 start_pos=0 elapsed_ms=16.215
kiln_profile_gdn_stage layer=26 stage=in_proj seq_len=64 start_pos=0 elapsed_ms=21.756
kiln_profile_gdn_stage layer=26 stage=qkv_conv_split_norm seq_len=64 start_pos=0 elapsed_ms=0.870
kiln_profile_gdn_stage layer=26 stage=gates seq_len=64 start_pos=0 elapsed_ms=0.428
kiln_profile_gdn_stage layer=26 stage=recurrent seq_len=64 start_pos=0 elapsed_ms=3.927
kiln_profile_gdn_stage layer=26 stage=post_transpose seq_len=64 start_pos=0 elapsed_ms=0.000
kiln_profile_gdn_stage layer=26 stage=gated_norm seq_len=64 start_pos=0 elapsed_ms=0.781
kiln_profile_gdn_stage layer=26 stage=out_proj seq_len=64 start_pos=0 elapsed_ms=5.229
kiln_profile_mlp_stage layer=26 stage=gate_proj seq_len=64 start_pos=0 elapsed_ms=17.146
kiln_profile_mlp_stage layer=26 stage=gate_silu seq_len=64 start_pos=0 elapsed_ms=0.445
kiln_profile_mlp_stage layer=26 stage=up_proj seq_len=64 start_pos=0 elapsed_ms=16.787
kiln_profile_mlp_stage layer=26 stage=hidden_mul seq_len=64 start_pos=0 elapsed_ms=0.296
kiln_profile_mlp_stage layer=26 stage=down_proj seq_len=64 start_pos=0 elapsed_ms=14.147
kiln_profile_full_attn_stage full_attn_layer=6 stage=qkv_proj seq_len=64 start_pos=0 elapsed_ms=17.447
kiln_profile_full_attn_stage full_attn_layer=6 stage=qkv_split seq_len=64 start_pos=0 elapsed_ms=2.818
kiln_profile_full_attn_stage full_attn_layer=6 stage=qk_norm seq_len=64 start_pos=0 elapsed_ms=0.344
kiln_profile_full_attn_stage full_attn_layer=6 stage=rope seq_len=64 start_pos=0 elapsed_ms=0.320
kiln_profile_full_attn_stage full_attn_layer=6 stage=q_transpose seq_len=64 start_pos=0 elapsed_ms=1.283
kiln_profile_full_attn_stage full_attn_layer=6 stage=prefill_kv_head_layout seq_len=64 start_pos=0 elapsed_ms=0.618
kiln_profile_full_attn_stage full_attn_layer=6 stage=prefill_attn_head_major seq_len=64 start_pos=0 elapsed_ms=0.001
kiln_profile_full_attn_stage full_attn_layer=6 stage=prefill_attn_fallback seq_len=64 start_pos=0 elapsed_ms=4.980
kiln_profile_full_attn_stage full_attn_layer=6 stage=kv_write seq_len=64 start_pos=0 elapsed_ms=1.601
kiln_profile_full_attn_stage full_attn_layer=6 stage=kv_read seq_len=64 start_pos=0 elapsed_ms=0.617
kiln_profile_mlp_stage layer=27 stage=gate_proj seq_len=64 start_pos=0 elapsed_ms=16.784
kiln_profile_mlp_stage layer=27 stage=gate_silu seq_len=64 start_pos=0 elapsed_ms=0.493
kiln_profile_mlp_stage layer=27 stage=up_proj seq_len=64 start_pos=0 elapsed_ms=15.830
kiln_profile_mlp_stage layer=27 stage=hidden_mul seq_len=64 start_pos=0 elapsed_ms=0.357
kiln_profile_mlp_stage layer=27 stage=down_proj seq_len=64 start_pos=0 elapsed_ms=12.810
kiln_profile_gdn_stage layer=28 stage=in_proj seq_len=64 start_pos=0 elapsed_ms=21.834
kiln_profile_gdn_stage layer=28 stage=qkv_conv_split_norm seq_len=64 start_pos=0 elapsed_ms=0.981
kiln_profile_gdn_stage layer=28 stage=gates seq_len=64 start_pos=0 elapsed_ms=0.460
kiln_profile_gdn_stage layer=28 stage=recurrent seq_len=64 start_pos=0 elapsed_ms=2.351
kiln_profile_gdn_stage layer=28 stage=post_transpose seq_len=64 start_pos=0 elapsed_ms=0.000
kiln_profile_gdn_stage layer=28 stage=gated_norm seq_len=64 start_pos=0 elapsed_ms=0.309
kiln_profile_gdn_stage layer=28 stage=out_proj seq_len=64 start_pos=0 elapsed_ms=5.559
kiln_profile_mlp_stage layer=28 stage=gate_proj seq_len=64 start_pos=0 elapsed_ms=18.195
kiln_profile_mlp_stage layer=28 stage=gate_silu seq_len=64 start_pos=0 elapsed_ms=0.586
kiln_profile_mlp_stage layer=28 stage=up_proj seq_len=64 start_pos=0 elapsed_ms=18.351
kiln_profile_mlp_stage layer=28 stage=hidden_mul seq_len=64 start_pos=0 elapsed_ms=0.423
kiln_profile_mlp_stage layer=28 stage=down_proj seq_len=64 start_pos=0 elapsed_ms=14.538
kiln_profile_gdn_stage layer=29 stage=in_proj seq_len=64 start_pos=0 elapsed_ms=27.212
kiln_profile_gdn_stage layer=29 stage=qkv_conv_split_norm seq_len=64 start_pos=0 elapsed_ms=12.060
kiln_profile_gdn_stage layer=29 stage=gates seq_len=64 start_pos=0 elapsed_ms=0.480
kiln_profile_gdn_stage layer=29 stage=recurrent seq_len=64 start_pos=0 elapsed_ms=2.374
kiln_profile_gdn_stage layer=29 stage=post_transpose seq_len=64 start_pos=0 elapsed_ms=0.000
kiln_profile_gdn_stage layer=29 stage=gated_norm seq_len=64 start_pos=0 elapsed_ms=0.407
kiln_profile_gdn_stage layer=29 stage=out_proj seq_len=64 start_pos=0 elapsed_ms=5.591
kiln_profile_mlp_stage layer=29 stage=gate_proj seq_len=64 start_pos=0 elapsed_ms=15.855
kiln_profile_mlp_stage layer=29 stage=gate_silu seq_len=64 start_pos=0 elapsed_ms=0.566
kiln_profile_mlp_stage layer=29 stage=up_proj seq_len=64 start_pos=0 elapsed_ms=17.646
kiln_profile_mlp_stage layer=29 stage=hidden_mul seq_len=64 start_pos=0 elapsed_ms=0.432
kiln_profile_mlp_stage layer=29 stage=down_proj seq_len=64 start_pos=0 elapsed_ms=15.185
kiln_profile_gdn_stage layer=30 stage=in_proj seq_len=64 start_pos=0 elapsed_ms=22.003
kiln_profile_gdn_stage layer=30 stage=qkv_conv_split_norm seq_len=64 start_pos=0 elapsed_ms=3.339
kiln_profile_gdn_stage layer=30 stage=gates seq_len=64 start_pos=0 elapsed_ms=0.453
kiln_profile_gdn_stage layer=30 stage=recurrent seq_len=64 start_pos=0 elapsed_ms=2.254
kiln_profile_gdn_stage layer=30 stage=post_transpose seq_len=64 start_pos=0 elapsed_ms=0.000
kiln_profile_gdn_stage layer=30 stage=gated_norm seq_len=64 start_pos=0 elapsed_ms=0.287
kiln_profile_gdn_stage layer=30 stage=out_proj seq_len=64 start_pos=0 elapsed_ms=5.455
kiln_profile_mlp_stage layer=30 stage=gate_proj seq_len=64 start_pos=0 elapsed_ms=15.813
kiln_profile_mlp_stage layer=30 stage=gate_silu seq_len=64 start_pos=0 elapsed_ms=0.509
kiln_profile_mlp_stage layer=30 stage=up_proj seq_len=64 start_pos=0 elapsed_ms=14.895
kiln_profile_mlp_stage layer=30 stage=hidden_mul seq_len=64 start_pos=0 elapsed_ms=0.351
kiln_profile_mlp_stage layer=30 stage=down_proj seq_len=64 start_pos=0 elapsed_ms=14.021
kiln_profile_full_attn_stage full_attn_layer=7 stage=qkv_proj seq_len=64 start_pos=0 elapsed_ms=21.242
kiln_profile_full_attn_stage full_attn_layer=7 stage=qkv_split seq_len=64 start_pos=0 elapsed_ms=2.270
kiln_profile_full_attn_stage full_attn_layer=7 stage=qk_norm seq_len=64 start_pos=0 elapsed_ms=0.344
kiln_profile_full_attn_stage full_attn_layer=7 stage=rope seq_len=64 start_pos=0 elapsed_ms=0.330
kiln_profile_full_attn_stage full_attn_layer=7 stage=q_transpose seq_len=64 start_pos=0 elapsed_ms=0.853
kiln_profile_full_attn_stage full_attn_layer=7 stage=prefill_kv_head_layout seq_len=64 start_pos=0 elapsed_ms=0.496
kiln_profile_full_attn_stage full_attn_layer=7 stage=prefill_attn_head_major seq_len=64 start_pos=0 elapsed_ms=0.001
kiln_profile_full_attn_stage full_attn_layer=7 stage=prefill_attn_fallback seq_len=64 start_pos=0 elapsed_ms=2.322
kiln_profile_full_attn_stage full_attn_layer=7 stage=kv_write seq_len=64 start_pos=0 elapsed_ms=1.584
kiln_profile_full_attn_stage full_attn_layer=7 stage=kv_read seq_len=64 start_pos=0 elapsed_ms=0.410
{"timestamp":"2026-05-09T09:07:24.240755Z","level":"INFO","fields":{"message":"response","status":200,"duration_ms":0.11225},"target":"kiln_server::api","span":{"duration_ms":0.11225,"method":"GET","path":"/health","status":200,"name":"http_request"},"spans":[{"duration_ms":0.11225,"method":"GET","path":"/health","status":200,"name":"http_request"}]}
kiln_profile_mlp_stage layer=31 stage=gate_proj seq_len=64 start_pos=0 elapsed_ms=15.969
kiln_profile_mlp_stage layer=31 stage=gate_silu seq_len=64 start_pos=0 elapsed_ms=0.595
kiln_profile_mlp_stage layer=31 stage=up_proj seq_len=64 start_pos=0 elapsed_ms=19.633
kiln_profile_mlp_stage layer=31 stage=hidden_mul seq_len=64 start_pos=0 elapsed_ms=0.366
kiln_profile_mlp_stage layer=31 stage=down_proj seq_len=64 start_pos=0 elapsed_ms=14.895
kiln_profile_gdn_stage layer=0 stage=in_proj seq_len=1 start_pos=64 elapsed_ms=3.055
kiln_profile_gdn_stage layer=0 stage=qkv_conv_norm seq_len=1 start_pos=64 elapsed_ms=0.206
kiln_profile_gdn_stage layer=0 stage=gates_recur_gated_norm seq_len=1 start_pos=64 elapsed_ms=0.309
kiln_profile_gdn_stage layer=0 stage=post_transpose seq_len=1 start_pos=64 elapsed_ms=0.000
kiln_profile_gdn_stage layer=0 stage=gated_norm seq_len=1 start_pos=64 elapsed_ms=0.001
kiln_profile_gdn_stage layer=0 stage=out_proj seq_len=1 start_pos=64 elapsed_ms=1.159
kiln_profile_mlp_stage layer=0 stage=gate_up_fused seq_len=1 start_pos=64 elapsed_ms=4.428
kiln_profile_mlp_stage layer=0 stage=down_proj seq_len=1 start_pos=64 elapsed_ms=2.404
kiln_profile_gdn_stage layer=1 stage=in_proj seq_len=1 start_pos=64 elapsed_ms=3.070
kiln_profile_gdn_stage layer=1 stage=qkv_conv_norm seq_len=1 start_pos=64 elapsed_ms=0.331
kiln_profile_gdn_stage layer=1 stage=gates_recur_gated_norm seq_len=1 start_pos=64 elapsed_ms=0.508
kiln_profile_gdn_stage layer=1 stage=post_transpose seq_len=1 start_pos=64 elapsed_ms=0.000
kiln_profile_gdn_stage layer=1 stage=gated_norm seq_len=1 start_pos=64 elapsed_ms=0.001
kiln_profile_gdn_stage layer=1 stage=out_proj seq_len=1 start_pos=64 elapsed_ms=1.223
kiln_profile_mlp_stage layer=1 stage=gate_up_fused seq_len=1 start_pos=64 elapsed_ms=4.140
kiln_profile_mlp_stage layer=1 stage=down_proj seq_len=1 start_pos=64 elapsed_ms=2.282
kiln_profile_gdn_stage layer=2 stage=in_proj seq_len=1 start_pos=64 elapsed_ms=2.961
kiln_profile_gdn_stage layer=2 stage=qkv_conv_norm seq_len=1 start_pos=64 elapsed_ms=0.208
kiln_profile_gdn_stage layer=2 stage=gates_recur_gated_norm seq_len=1 start_pos=64 elapsed_ms=0.321
kiln_profile_gdn_stage layer=2 stage=post_transpose seq_len=1 start_pos=64 elapsed_ms=0.000
kiln_profile_gdn_stage layer=2 stage=gated_norm seq_len=1 start_pos=64 elapsed_ms=0.001
kiln_profile_gdn_stage layer=2 stage=out_proj seq_len=1 start_pos=64 elapsed_ms=1.161
kiln_profile_mlp_stage layer=2 stage=gate_up_fused seq_len=1 start_pos=64 elapsed_ms=4.161
kiln_profile_mlp_stage layer=2 stage=down_proj seq_len=1 start_pos=64 elapsed_ms=2.283
kiln_profile_full_attn_stage full_attn_layer=0 stage=qkv_proj seq_len=1 start_pos=64 elapsed_ms=2.639
kiln_profile_full_attn_stage full_attn_layer=0 stage=qkv_split seq_len=1 start_pos=64 elapsed_ms=0.249
kiln_profile_full_attn_stage full_attn_layer=0 stage=qk_norm seq_len=1 start_pos=64 elapsed_ms=0.198
kiln_profile_full_attn_stage full_attn_layer=0 stage=rope seq_len=1 start_pos=64 elapsed_ms=0.203
kiln_profile_full_attn_stage full_attn_layer=0 stage=q_transpose seq_len=1 start_pos=64 elapsed_ms=0.003
kiln_profile_full_attn_stage full_attn_layer=0 stage=kv_write seq_len=1 start_pos=64 elapsed_ms=1.038
kiln_profile_full_attn_stage full_attn_layer=0 stage=decode_attn_contiguous seq_len=1 start_pos=64 elapsed_ms=0.233
kiln_profile_full_attn_stage full_attn_layer=0 stage=attn_gate seq_len=1 start_pos=64 elapsed_ms=0.182
kiln_profile_full_attn_stage full_attn_layer=0 stage=o_proj seq_len=1 start_pos=64 elapsed_ms=1.156
kiln_profile_mlp_stage layer=3 stage=gate_up_fused seq_len=1 start_pos=64 elapsed_ms=4.147
kiln_profile_mlp_stage layer=3 stage=down_proj seq_len=1 start_pos=64 elapsed_ms=3.076
kiln_profile_gdn_stage layer=4 stage=in_proj seq_len=1 start_pos=64 elapsed_ms=2.963
kiln_profile_gdn_stage layer=4 stage=qkv_conv_norm seq_len=1 start_pos=64 elapsed_ms=0.256
kiln_profile_gdn_stage layer=4 stage=gates_recur_gated_norm seq_len=1 start_pos=64 elapsed_ms=0.311
kiln_profile_gdn_stage layer=4 stage=post_transpose seq_len=1 start_pos=64 elapsed_ms=0.000
kiln_profile_gdn_stage layer=4 stage=gated_norm seq_len=1 start_pos=64 elapsed_ms=0.001
kiln_profile_gdn_stage layer=4 stage=out_proj seq_len=1 start_pos=64 elapsed_ms=1.163
kiln_profile_mlp_stage layer=4 stage=gate_up_fused seq_len=1 start_pos=64 elapsed_ms=4.171
kiln_profile_mlp_stage layer=4 stage=down_proj seq_len=1 start_pos=64 elapsed_ms=2.382
kiln_profile_gdn_stage layer=5 stage=in_proj seq_len=1 start_pos=64 elapsed_ms=3.022
kiln_profile_gdn_stage layer=5 stage=qkv_conv_norm seq_len=1 start_pos=64 elapsed_ms=0.210
kiln_profile_gdn_stage layer=5 stage=gates_recur_gated_norm seq_len=1 start_pos=64 elapsed_ms=0.322
kiln_profile_gdn_stage layer=5 stage=post_transpose seq_len=1 start_pos=64 elapsed_ms=0.000
kiln_profile_gdn_stage layer=5 stage=gated_norm seq_len=1 start_pos=64 elapsed_ms=0.001
kiln_profile_gdn_stage layer=5 stage=out_proj seq_len=1 start_pos=64 elapsed_ms=1.190
kiln_profile_mlp_stage layer=5 stage=gate_up_fused seq_len=1 start_pos=64 elapsed_ms=4.327
kiln_profile_mlp_stage layer=5 stage=down_proj seq_len=1 start_pos=64 elapsed_ms=2.338
kiln_profile_gdn_stage layer=6 stage=in_proj seq_len=1 start_pos=64 elapsed_ms=2.981
kiln_profile_gdn_stage layer=6 stage=qkv_conv_norm seq_len=1 start_pos=64 elapsed_ms=0.215
kiln_profile_gdn_stage layer=6 stage=gates_recur_gated_norm seq_len=1 start_pos=64 elapsed_ms=0.325
kiln_profile_gdn_stage layer=6 stage=post_transpose seq_len=1 start_pos=64 elapsed_ms=0.000
kiln_profile_gdn_stage layer=6 stage=gated_norm seq_len=1 start_pos=64 elapsed_ms=0.001
kiln_profile_gdn_stage layer=6 stage=out_proj seq_len=1 start_pos=64 elapsed_ms=1.177
kiln_profile_mlp_stage layer=6 stage=gate_up_fused seq_len=1 start_pos=64 elapsed_ms=4.758
kiln_profile_mlp_stage layer=6 stage=down_proj seq_len=1 start_pos=64 elapsed_ms=2.345
kiln_profile_full_attn_stage full_attn_layer=1 stage=qkv_proj seq_len=1 start_pos=64 elapsed_ms=2.667
kiln_profile_full_attn_stage full_attn_layer=1 stage=qkv_split seq_len=1 start_pos=64 elapsed_ms=0.252
kiln_profile_full_attn_stage full_attn_layer=1 stage=qk_norm seq_len=1 start_pos=64 elapsed_ms=0.212
kiln_profile_full_attn_stage full_attn_layer=1 stage=rope seq_len=1 start_pos=64 elapsed_ms=0.191
kiln_profile_full_attn_stage full_attn_layer=1 stage=q_transpose seq_len=1 start_pos=64 elapsed_ms=0.002
kiln_profile_full_attn_stage full_attn_layer=1 stage=kv_write seq_len=1 start_pos=64 elapsed_ms=0.988
kiln_profile_full_attn_stage full_attn_layer=1 stage=decode_attn_contiguous seq_len=1 start_pos=64 elapsed_ms=0.229
kiln_profile_full_attn_stage full_attn_layer=1 stage=attn_gate seq_len=1 start_pos=64 elapsed_ms=0.191
kiln_profile_full_attn_stage full_attn_layer=1 stage=o_proj seq_len=1 start_pos=64 elapsed_ms=1.208
kiln_profile_mlp_stage layer=7 stage=gate_up_fused seq_len=1 start_pos=64 elapsed_ms=4.413
kiln_profile_mlp_stage layer=7 stage=down_proj seq_len=1 start_pos=64 elapsed_ms=2.357
kiln_profile_gdn_stage layer=8 stage=in_proj seq_len=1 start_pos=64 elapsed_ms=3.027
kiln_profile_gdn_stage layer=8 stage=qkv_conv_norm seq_len=1 start_pos=64 elapsed_ms=0.224
kiln_profile_gdn_stage layer=8 stage=gates_recur_gated_norm seq_len=1 start_pos=64 elapsed_ms=0.333
kiln_profile_gdn_stage layer=8 stage=post_transpose seq_len=1 start_pos=64 elapsed_ms=0.000
kiln_profile_gdn_stage layer=8 stage=gated_norm seq_len=1 start_pos=64 elapsed_ms=0.001
kiln_profile_gdn_stage layer=8 stage=out_proj seq_len=1 start_pos=64 elapsed_ms=1.216
kiln_profile_mlp_stage layer=8 stage=gate_up_fused seq_len=1 start_pos=64 elapsed_ms=4.358
kiln_profile_mlp_stage layer=8 stage=down_proj seq_len=1 start_pos=64 elapsed_ms=2.359
kiln_profile_gdn_stage layer=9 stage=in_proj seq_len=1 start_pos=64 elapsed_ms=4.025
kiln_profile_gdn_stage layer=9 stage=qkv_conv_norm seq_len=1 start_pos=64 elapsed_ms=0.215
kiln_profile_gdn_stage layer=9 stage=gates_recur_gated_norm seq_len=1 start_pos=64 elapsed_ms=0.335
kiln_profile_gdn_stage layer=9 stage=post_transpose seq_len=1 start_pos=64 elapsed_ms=0.000
kiln_profile_gdn_stage layer=9 stage=gated_norm seq_len=1 start_pos=64 elapsed_ms=0.002
kiln_profile_gdn_stage layer=9 stage=out_proj seq_len=1 start_pos=64 elapsed_ms=1.218
kiln_profile_mlp_stage layer=9 stage=gate_up_fused seq_len=1 start_pos=64 elapsed_ms=4.464
kiln_profile_mlp_stage layer=9 stage=down_proj seq_len=1 start_pos=64 elapsed_ms=2.444
kiln_profile_gdn_stage layer=10 stage=in_proj seq_len=1 start_pos=64 elapsed_ms=3.156
kiln_profile_gdn_stage layer=10 stage=qkv_conv_norm seq_len=1 start_pos=64 elapsed_ms=0.228
kiln_profile_gdn_stage layer=10 stage=gates_recur_gated_norm seq_len=1 start_pos=64 elapsed_ms=0.350
kiln_profile_gdn_stage layer=10 stage=post_transpose seq_len=1 start_pos=64 elapsed_ms=0.000
kiln_profile_gdn_stage layer=10 stage=gated_norm seq_len=1 start_pos=64 elapsed_ms=0.001
kiln_profile_gdn_stage layer=10 stage=out_proj seq_len=1 start_pos=64 elapsed_ms=1.261
kiln_profile_mlp_stage layer=10 stage=gate_up_fused seq_len=1 start_pos=64 elapsed_ms=4.585
kiln_profile_mlp_stage layer=10 stage=down_proj seq_len=1 start_pos=64 elapsed_ms=2.348
kiln_profile_full_attn_stage full_attn_layer=2 stage=qkv_proj seq_len=1 start_pos=64 elapsed_ms=2.743
kiln_profile_full_attn_stage full_attn_layer=2 stage=qkv_split seq_len=1 start_pos=64 elapsed_ms=0.242
kiln_profile_full_attn_stage full_attn_layer=2 stage=qk_norm seq_len=1 start_pos=64 elapsed_ms=0.242
kiln_profile_full_attn_stage full_attn_layer=2 stage=rope seq_len=1 start_pos=64 elapsed_ms=0.230
kiln_profile_full_attn_stage full_attn_layer=2 stage=q_transpose seq_len=1 start_pos=64 elapsed_ms=0.002
kiln_profile_full_attn_stage full_attn_layer=2 stage=kv_write seq_len=1 start_pos=64 elapsed_ms=1.118
kiln_profile_full_attn_stage full_attn_layer=2 stage=decode_attn_contiguous seq_len=1 start_pos=64 elapsed_ms=0.279
kiln_profile_full_attn_stage full_attn_layer=2 stage=attn_gate seq_len=1 start_pos=64 elapsed_ms=0.269
kiln_profile_full_attn_stage full_attn_layer=2 stage=o_proj seq_len=1 start_pos=64 elapsed_ms=1.425
kiln_profile_mlp_stage layer=11 stage=gate_up_fused seq_len=1 start_pos=64 elapsed_ms=4.918
kiln_profile_mlp_stage layer=11 stage=down_proj seq_len=1 start_pos=64 elapsed_ms=2.374
kiln_profile_gdn_stage layer=12 stage=in_proj seq_len=1 start_pos=64 elapsed_ms=3.131
kiln_profile_gdn_stage layer=12 stage=qkv_conv_norm seq_len=1 start_pos=64 elapsed_ms=10.497
kiln_profile_gdn_stage layer=12 stage=gates_recur_gated_norm seq_len=1 start_pos=64 elapsed_ms=0.538
kiln_profile_gdn_stage layer=12 stage=post_transpose seq_len=1 start_pos=64 elapsed_ms=0.000
kiln_profile_gdn_stage layer=12 stage=gated_norm seq_len=1 start_pos=64 elapsed_ms=0.002
kiln_profile_gdn_stage layer=12 stage=out_proj seq_len=1 start_pos=64 elapsed_ms=1.660
kiln_profile_mlp_stage layer=12 stage=gate_up_fused seq_len=1 start_pos=64 elapsed_ms=5.904
kiln_profile_mlp_stage layer=12 stage=down_proj seq_len=1 start_pos=64 elapsed_ms=2.833
kiln_profile_gdn_stage layer=13 stage=in_proj seq_len=1 start_pos=64 elapsed_ms=6.251
kiln_profile_gdn_stage layer=13 stage=qkv_conv_norm seq_len=1 start_pos=64 elapsed_ms=0.254
kiln_profile_gdn_stage layer=13 stage=gates_recur_gated_norm seq_len=1 start_pos=64 elapsed_ms=0.375
kiln_profile_gdn_stage layer=13 stage=post_transpose seq_len=1 start_pos=64 elapsed_ms=0.000
kiln_profile_gdn_stage layer=13 stage=gated_norm seq_len=1 start_pos=64 elapsed_ms=0.002
kiln_profile_gdn_stage layer=13 stage=out_proj seq_len=1 start_pos=64 elapsed_ms=1.305
kiln_profile_mlp_stage layer=13 stage=gate_up_fused seq_len=1 start_pos=64 elapsed_ms=5.810
kiln_profile_mlp_stage layer=13 stage=down_proj seq_len=1 start_pos=64 elapsed_ms=2.618
kiln_profile_gdn_stage layer=14 stage=in_proj seq_len=1 start_pos=64 elapsed_ms=3.711
kiln_profile_gdn_stage layer=14 stage=qkv_conv_norm seq_len=1 start_pos=64 elapsed_ms=0.233
kiln_profile_gdn_stage layer=14 stage=gates_recur_gated_norm seq_len=1 start_pos=64 elapsed_ms=0.386
kiln_profile_gdn_stage layer=14 stage=post_transpose seq_len=1 start_pos=64 elapsed_ms=0.000
kiln_profile_gdn_stage layer=14 stage=gated_norm seq_len=1 start_pos=64 elapsed_ms=0.001
kiln_profile_gdn_stage layer=14 stage=out_proj seq_len=1 start_pos=64 elapsed_ms=1.261
kiln_profile_mlp_stage layer=14 stage=gate_up_fused seq_len=1 start_pos=64 elapsed_ms=5.673
kiln_profile_mlp_stage layer=14 stage=down_proj seq_len=1 start_pos=64 elapsed_ms=2.541
kiln_profile_full_attn_stage full_attn_layer=3 stage=qkv_proj seq_len=1 start_pos=64 elapsed_ms=3.239
kiln_profile_full_attn_stage full_attn_layer=3 stage=qkv_split seq_len=1 start_pos=64 elapsed_ms=1.712
kiln_profile_full_attn_stage full_attn_layer=3 stage=qk_norm seq_len=1 start_pos=64 elapsed_ms=0.397
kiln_profile_full_attn_stage full_attn_layer=3 stage=rope seq_len=1 start_pos=64 elapsed_ms=0.817
kiln_profile_full_attn_stage full_attn_layer=3 stage=q_transpose seq_len=1 start_pos=64 elapsed_ms=0.001
kiln_profile_full_attn_stage full_attn_layer=3 stage=kv_write seq_len=1 start_pos=64 elapsed_ms=1.279
kiln_profile_full_attn_stage full_attn_layer=3 stage=decode_attn_contiguous seq_len=1 start_pos=64 elapsed_ms=0.368
kiln_profile_full_attn_stage full_attn_layer=3 stage=attn_gate seq_len=1 start_pos=64 elapsed_ms=0.296
kiln_profile_full_attn_stage full_attn_layer=3 stage=o_proj seq_len=1 start_pos=64 elapsed_ms=1.708
kiln_profile_mlp_stage layer=15 stage=gate_up_fused seq_len=1 start_pos=64 elapsed_ms=6.546
kiln_profile_mlp_stage layer=15 stage=down_proj seq_len=1 start_pos=64 elapsed_ms=3.065
kiln_profile_gdn_stage layer=16 stage=in_proj seq_len=1 start_pos=64 elapsed_ms=4.288
kiln_profile_gdn_stage layer=16 stage=qkv_conv_norm seq_len=1 start_pos=64 elapsed_ms=0.352
kiln_profile_gdn_stage layer=16 stage=gates_recur_gated_norm seq_len=1 start_pos=64 elapsed_ms=0.563
kiln_profile_gdn_stage layer=16 stage=post_transpose seq_len=1 start_pos=64 elapsed_ms=0.000
kiln_profile_gdn_stage layer=16 stage=gated_norm seq_len=1 start_pos=64 elapsed_ms=0.002
kiln_profile_gdn_stage layer=16 stage=out_proj seq_len=1 start_pos=64 elapsed_ms=1.664
kiln_profile_mlp_stage layer=16 stage=gate_up_fused seq_len=1 start_pos=64 elapsed_ms=6.696
kiln_profile_mlp_stage layer=16 stage=down_proj seq_len=1 start_pos=64 elapsed_ms=4.455
kiln_profile_gdn_stage layer=17 stage=in_proj seq_len=1 start_pos=64 elapsed_ms=4.240
kiln_profile_gdn_stage layer=17 stage=qkv_conv_norm seq_len=1 start_pos=64 elapsed_ms=0.355
kiln_profile_gdn_stage layer=17 stage=gates_recur_gated_norm seq_len=1 start_pos=64 elapsed_ms=0.562
kiln_profile_gdn_stage layer=17 stage=post_transpose seq_len=1 start_pos=64 elapsed_ms=0.000
kiln_profile_gdn_stage layer=17 stage=gated_norm seq_len=1 start_pos=64 elapsed_ms=0.002
kiln_profile_gdn_stage layer=17 stage=out_proj seq_len=1 start_pos=64 elapsed_ms=1.676
kiln_profile_mlp_stage layer=17 stage=gate_up_fused seq_len=1 start_pos=64 elapsed_ms=6.461
kiln_profile_mlp_stage layer=17 stage=down_proj seq_len=1 start_pos=64 elapsed_ms=3.298
kiln_profile_gdn_stage layer=18 stage=in_proj seq_len=1 start_pos=64 elapsed_ms=4.485
kiln_profile_gdn_stage layer=18 stage=qkv_conv_norm seq_len=1 start_pos=64 elapsed_ms=0.266
kiln_profile_gdn_stage layer=18 stage=gates_recur_gated_norm seq_len=1 start_pos=64 elapsed_ms=0.463
kiln_profile_gdn_stage layer=18 stage=post_transpose seq_len=1 start_pos=64 elapsed_ms=0.000
kiln_profile_gdn_stage layer=18 stage=gated_norm seq_len=1 start_pos=64 elapsed_ms=0.001
kiln_profile_gdn_stage layer=18 stage=out_proj seq_len=1 start_pos=64 elapsed_ms=1.488
kiln_profile_mlp_stage layer=18 stage=gate_up_fused seq_len=1 start_pos=64 elapsed_ms=9.652
kiln_profile_mlp_stage layer=18 stage=down_proj seq_len=1 start_pos=64 elapsed_ms=3.309
kiln_profile_full_attn_stage full_attn_layer=4 stage=qkv_proj seq_len=1 start_pos=64 elapsed_ms=3.842
kiln_profile_full_attn_stage full_attn_layer=4 stage=qkv_split seq_len=1 start_pos=64 elapsed_ms=0.405
kiln_profile_full_attn_stage full_attn_layer=4 stage=qk_norm seq_len=1 start_pos=64 elapsed_ms=0.364
kiln_profile_full_attn_stage full_attn_layer=4 stage=rope seq_len=1 start_pos=64 elapsed_ms=0.311
kiln_profile_full_attn_stage full_attn_layer=4 stage=q_transpose seq_len=1 start_pos=64 elapsed_ms=0.003
kiln_profile_full_attn_stage full_attn_layer=4 stage=kv_write seq_len=1 start_pos=64 elapsed_ms=1.591
kiln_profile_full_attn_stage full_attn_layer=4 stage=decode_attn_contiguous seq_len=1 start_pos=64 elapsed_ms=0.402
kiln_profile_full_attn_stage full_attn_layer=4 stage=attn_gate seq_len=1 start_pos=64 elapsed_ms=0.303
kiln_profile_full_attn_stage full_attn_layer=4 stage=o_proj seq_len=1 start_pos=64 elapsed_ms=2.034
kiln_profile_mlp_stage layer=19 stage=gate_up_fused seq_len=1 start_pos=64 elapsed_ms=7.110
kiln_profile_mlp_stage layer=19 stage=down_proj seq_len=1 start_pos=64 elapsed_ms=3.404
kiln_profile_gdn_stage layer=20 stage=in_proj seq_len=1 start_pos=64 elapsed_ms=6.351
kiln_profile_gdn_stage layer=20 stage=qkv_conv_norm seq_len=1 start_pos=64 elapsed_ms=0.504
kiln_profile_gdn_stage layer=20 stage=gates_recur_gated_norm seq_len=1 start_pos=64 elapsed_ms=1.604
kiln_profile_gdn_stage layer=20 stage=post_transpose seq_len=1 start_pos=64 elapsed_ms=0.000
kiln_profile_gdn_stage layer=20 stage=gated_norm seq_len=1 start_pos=64 elapsed_ms=0.003
kiln_profile_gdn_stage layer=20 stage=out_proj seq_len=1 start_pos=64 elapsed_ms=1.700
kiln_profile_mlp_stage layer=20 stage=gate_up_fused seq_len=1 start_pos=64 elapsed_ms=7.545
kiln_profile_mlp_stage layer=20 stage=down_proj seq_len=1 start_pos=64 elapsed_ms=3.519
kiln_profile_gdn_stage layer=21 stage=in_proj seq_len=1 start_pos=64 elapsed_ms=4.777
kiln_profile_gdn_stage layer=21 stage=qkv_conv_norm seq_len=1 start_pos=64 elapsed_ms=0.359
kiln_profile_gdn_stage layer=21 stage=gates_recur_gated_norm seq_len=1 start_pos=64 elapsed_ms=0.579
kiln_profile_gdn_stage layer=21 stage=post_transpose seq_len=1 start_pos=64 elapsed_ms=0.000
kiln_profile_gdn_stage layer=21 stage=gated_norm seq_len=1 start_pos=64 elapsed_ms=0.002
kiln_profile_gdn_stage layer=21 stage=out_proj seq_len=1 start_pos=64 elapsed_ms=1.711
kiln_profile_mlp_stage layer=21 stage=gate_up_fused seq_len=1 start_pos=64 elapsed_ms=8.087
kiln_profile_mlp_stage layer=21 stage=down_proj seq_len=1 start_pos=64 elapsed_ms=3.208
kiln_profile_gdn_stage layer=22 stage=in_proj seq_len=1 start_pos=64 elapsed_ms=4.177
kiln_profile_gdn_stage layer=22 stage=qkv_conv_norm seq_len=1 start_pos=64 elapsed_ms=0.291
kiln_profile_gdn_stage layer=22 stage=gates_recur_gated_norm seq_len=1 start_pos=64 elapsed_ms=0.499
kiln_profile_gdn_stage layer=22 stage=post_transpose seq_len=1 start_pos=64 elapsed_ms=0.000
kiln_profile_gdn_stage layer=22 stage=gated_norm seq_len=1 start_pos=64 elapsed_ms=0.002
kiln_profile_gdn_stage layer=22 stage=out_proj seq_len=1 start_pos=64 elapsed_ms=1.670
{"timestamp":"2026-05-09T09:07:24.751866Z","level":"INFO","fields":{"message":"response","status":200,"duration_ms":0.176542},"target":"kiln_server::api","span":{"duration_ms":0.176542,"method":"GET","path":"/health","status":200,"name":"http_request"},"spans":[{"duration_ms":0.176542,"method":"GET","path":"/health","status":200,"name":"http_request"}]}
kiln_profile_mlp_stage layer=22 stage=gate_up_fused seq_len=1 start_pos=64 elapsed_ms=6.673
kiln_profile_mlp_stage layer=22 stage=down_proj seq_len=1 start_pos=64 elapsed_ms=3.660
kiln_profile_full_attn_stage full_attn_layer=5 stage=qkv_proj seq_len=1 start_pos=64 elapsed_ms=3.785
kiln_profile_full_attn_stage full_attn_layer=5 stage=qkv_split seq_len=1 start_pos=64 elapsed_ms=0.436
kiln_profile_full_attn_stage full_attn_layer=5 stage=qk_norm seq_len=1 start_pos=64 elapsed_ms=0.353
kiln_profile_full_attn_stage full_attn_layer=5 stage=rope seq_len=1 start_pos=64 elapsed_ms=0.305
kiln_profile_full_attn_stage full_attn_layer=5 stage=q_transpose seq_len=1 start_pos=64 elapsed_ms=0.002
kiln_profile_full_attn_stage full_attn_layer=5 stage=kv_write seq_len=1 start_pos=64 elapsed_ms=1.494
kiln_profile_full_attn_stage full_attn_layer=5 stage=decode_attn_contiguous seq_len=1 start_pos=64 elapsed_ms=0.386
kiln_profile_full_attn_stage full_attn_layer=5 stage=attn_gate seq_len=1 start_pos=64 elapsed_ms=0.278
kiln_profile_full_attn_stage full_attn_layer=5 stage=o_proj seq_len=1 start_pos=64 elapsed_ms=2.246
kiln_profile_mlp_stage layer=23 stage=gate_up_fused seq_len=1 start_pos=64 elapsed_ms=8.988
kiln_profile_mlp_stage layer=23 stage=down_proj seq_len=1 start_pos=64 elapsed_ms=1.361
kiln_profile_gdn_stage layer=24 stage=in_proj seq_len=1 start_pos=64 elapsed_ms=2.129
kiln_profile_gdn_stage layer=24 stage=qkv_conv_norm seq_len=1 start_pos=64 elapsed_ms=0.365
kiln_profile_gdn_stage layer=24 stage=gates_recur_gated_norm seq_len=1 start_pos=64 elapsed_ms=0.539
kiln_profile_gdn_stage layer=24 stage=post_transpose seq_len=1 start_pos=64 elapsed_ms=0.000
kiln_profile_gdn_stage layer=24 stage=gated_norm seq_len=1 start_pos=64 elapsed_ms=0.002
kiln_profile_gdn_stage layer=24 stage=out_proj seq_len=1 start_pos=64 elapsed_ms=0.825
kiln_profile_mlp_stage layer=24 stage=gate_up_fused seq_len=1 start_pos=64 elapsed_ms=3.295
kiln_profile_mlp_stage layer=24 stage=down_proj seq_len=1 start_pos=64 elapsed_ms=1.206
kiln_profile_gdn_stage layer=25 stage=in_proj seq_len=1 start_pos=64 elapsed_ms=2.026
kiln_profile_gdn_stage layer=25 stage=qkv_conv_norm seq_len=1 start_pos=64 elapsed_ms=0.317
kiln_profile_gdn_stage layer=25 stage=gates_recur_gated_norm seq_len=1 start_pos=64 elapsed_ms=0.488
kiln_profile_gdn_stage layer=25 stage=post_transpose seq_len=1 start_pos=64 elapsed_ms=0.001
kiln_profile_gdn_stage layer=25 stage=gated_norm seq_len=1 start_pos=64 elapsed_ms=0.003
kiln_profile_gdn_stage layer=25 stage=out_proj seq_len=1 start_pos=64 elapsed_ms=4.773
kiln_profile_mlp_stage layer=25 stage=gate_up_fused seq_len=1 start_pos=64 elapsed_ms=9.169
kiln_profile_mlp_stage layer=25 stage=down_proj seq_len=1 start_pos=64 elapsed_ms=3.366
kiln_profile_gdn_stage layer=26 stage=in_proj seq_len=1 start_pos=64 elapsed_ms=4.274
kiln_profile_gdn_stage layer=26 stage=qkv_conv_norm seq_len=1 start_pos=64 elapsed_ms=0.460
kiln_profile_gdn_stage layer=26 stage=gates_recur_gated_norm seq_len=1 start_pos=64 elapsed_ms=0.623
kiln_profile_gdn_stage layer=26 stage=post_transpose seq_len=1 start_pos=64 elapsed_ms=0.000
kiln_profile_gdn_stage layer=26 stage=gated_norm seq_len=1 start_pos=64 elapsed_ms=0.002
kiln_profile_gdn_stage layer=26 stage=out_proj seq_len=1 start_pos=64 elapsed_ms=1.882
kiln_profile_mlp_stage layer=26 stage=gate_up_fused seq_len=1 start_pos=64 elapsed_ms=3.357
kiln_profile_mlp_stage layer=26 stage=down_proj seq_len=1 start_pos=64 elapsed_ms=1.411
kiln_profile_full_attn_stage full_attn_layer=6 stage=qkv_proj seq_len=1 start_pos=64 elapsed_ms=1.527
kiln_profile_full_attn_stage full_attn_layer=6 stage=qkv_split seq_len=1 start_pos=64 elapsed_ms=0.419
kiln_profile_full_attn_stage full_attn_layer=6 stage=qk_norm seq_len=1 start_pos=64 elapsed_ms=0.387
kiln_profile_full_attn_stage full_attn_layer=6 stage=rope seq_len=1 start_pos=64 elapsed_ms=0.404
kiln_profile_full_attn_stage full_attn_layer=6 stage=q_transpose seq_len=1 start_pos=64 elapsed_ms=0.005
kiln_profile_full_attn_stage full_attn_layer=6 stage=kv_write seq_len=1 start_pos=64 elapsed_ms=0.358
kiln_profile_full_attn_stage full_attn_layer=6 stage=decode_attn_contiguous seq_len=1 start_pos=64 elapsed_ms=0.390
kiln_profile_full_attn_stage full_attn_layer=6 stage=attn_gate seq_len=1 start_pos=64 elapsed_ms=0.286
kiln_profile_full_attn_stage full_attn_layer=6 stage=o_proj seq_len=1 start_pos=64 elapsed_ms=0.861
kiln_profile_mlp_stage layer=27 stage=gate_up_fused seq_len=1 start_pos=64 elapsed_ms=3.408
kiln_profile_mlp_stage layer=27 stage=down_proj seq_len=1 start_pos=64 elapsed_ms=3.898
kiln_profile_gdn_stage layer=28 stage=in_proj seq_len=1 start_pos=64 elapsed_ms=2.004
kiln_profile_gdn_stage layer=28 stage=qkv_conv_norm seq_len=1 start_pos=64 elapsed_ms=0.448
kiln_profile_gdn_stage layer=28 stage=gates_recur_gated_norm seq_len=1 start_pos=64 elapsed_ms=0.519
kiln_profile_gdn_stage layer=28 stage=post_transpose seq_len=1 start_pos=64 elapsed_ms=0.000
kiln_profile_gdn_stage layer=28 stage=gated_norm seq_len=1 start_pos=64 elapsed_ms=0.003
kiln_profile_gdn_stage layer=28 stage=out_proj seq_len=1 start_pos=64 elapsed_ms=1.013
kiln_profile_mlp_stage layer=28 stage=gate_up_fused seq_len=1 start_pos=64 elapsed_ms=2.645
kiln_profile_mlp_stage layer=28 stage=down_proj seq_len=1 start_pos=64 elapsed_ms=1.473
kiln_profile_gdn_stage layer=29 stage=in_proj seq_len=1 start_pos=64 elapsed_ms=1.986
kiln_profile_gdn_stage layer=29 stage=qkv_conv_norm seq_len=1 start_pos=64 elapsed_ms=0.511
kiln_profile_gdn_stage layer=29 stage=gates_recur_gated_norm seq_len=1 start_pos=64 elapsed_ms=0.529
kiln_profile_gdn_stage layer=29 stage=post_transpose seq_len=1 start_pos=64 elapsed_ms=0.000
kiln_profile_gdn_stage layer=29 stage=gated_norm seq_len=1 start_pos=64 elapsed_ms=0.004
kiln_profile_gdn_stage layer=29 stage=out_proj seq_len=1 start_pos=64 elapsed_ms=0.989
kiln_profile_mlp_stage layer=29 stage=gate_up_fused seq_len=1 start_pos=64 elapsed_ms=2.892
kiln_profile_mlp_stage layer=29 stage=down_proj seq_len=1 start_pos=64 elapsed_ms=1.582
kiln_profile_gdn_stage layer=30 stage=in_proj seq_len=1 start_pos=64 elapsed_ms=1.875
kiln_profile_gdn_stage layer=30 stage=qkv_conv_norm seq_len=1 start_pos=64 elapsed_ms=0.356
kiln_profile_gdn_stage layer=30 stage=gates_recur_gated_norm seq_len=1 start_pos=64 elapsed_ms=0.402
kiln_profile_gdn_stage layer=30 stage=post_transpose seq_len=1 start_pos=64 elapsed_ms=0.000
kiln_profile_gdn_stage layer=30 stage=gated_norm seq_len=1 start_pos=64 elapsed_ms=0.003
kiln_profile_gdn_stage layer=30 stage=out_proj seq_len=1 start_pos=64 elapsed_ms=0.764
kiln_profile_mlp_stage layer=30 stage=gate_up_fused seq_len=1 start_pos=64 elapsed_ms=2.714
kiln_profile_mlp_stage layer=30 stage=down_proj seq_len=1 start_pos=64 elapsed_ms=2.539
kiln_profile_full_attn_stage full_attn_layer=7 stage=qkv_proj seq_len=1 start_pos=64 elapsed_ms=2.297
kiln_profile_full_attn_stage full_attn_layer=7 stage=qkv_split seq_len=1 start_pos=64 elapsed_ms=0.381
kiln_profile_full_attn_stage full_attn_layer=7 stage=qk_norm seq_len=1 start_pos=64 elapsed_ms=0.253
kiln_profile_full_attn_stage full_attn_layer=7 stage=rope seq_len=1 start_pos=64 elapsed_ms=0.211
kiln_profile_full_attn_stage full_attn_layer=7 stage=q_transpose seq_len=1 start_pos=64 elapsed_ms=0.002
kiln_profile_full_attn_stage full_attn_layer=7 stage=kv_write seq_len=1 start_pos=64 elapsed_ms=0.224
kiln_profile_full_attn_stage full_attn_layer=7 stage=decode_attn_contiguous seq_len=1 start_pos=64 elapsed_ms=0.292
kiln_profile_full_attn_stage full_attn_layer=7 stage=attn_gate seq_len=1 start_pos=64 elapsed_ms=0.238
kiln_profile_full_attn_stage full_attn_layer=7 stage=o_proj seq_len=1 start_pos=64 elapsed_ms=0.731
kiln_profile_mlp_stage layer=31 stage=gate_up_fused seq_len=1 start_pos=64 elapsed_ms=2.197
kiln_profile_mlp_stage layer=31 stage=down_proj seq_len=1 start_pos=64 elapsed_ms=1.204
{"timestamp":"2026-05-09T09:07:24.910639Z","level":"INFO","fields":{"message":"background inference prewarm complete","elapsed_ms":9760},"target":"kiln"}
{"timestamp":"2026-05-09T09:07:25.264004Z","level":"INFO","fields":{"message":"response","status":200,"duration_ms":0.443625},"target":"kiln_server::api","span":{"duration_ms":0.443625,"method":"GET","path":"/health","status":200,"name":"http_request"},"spans":[{"duration_ms":0.443625,"method":"GET","path":"/health","status":200,"name":"http_request"}]}
E370_MEASURE_START
{"timestamp":"2026-05-09T09:07:25.275187Z","level":"INFO","fields":{"message":"response","status":200,"duration_ms":3.011917},"target":"kiln_server::api","span":{"duration_ms":3.011917,"method":"POST","path":"/v1/chat/completions","status":200,"name":"http_request"},"spans":[{"duration_ms":3.011917,"method":"POST","path":"/v1/chat/completions","status":200,"name":"http_request"}]}
{"timestamp":"2026-05-09T09:07:25.275204Z","level":"INFO","fields":{"message":"response","status":200,"duration_ms":3.0386670000000002},"target":"kiln_server::api","span":{"duration_ms":3.038667,"method":"POST","path":"/v1/chat/completions","status":200,"name":"http_request"},"spans":[{"duration_ms":3.038667,"method":"POST","path":"/v1/chat/completions","status":200,"name":"http_request"}]}
{"timestamp":"2026-05-09T09:07:25.275403Z","level":"INFO","fields":{"message":"response","status":200,"duration_ms":3.0601249999999998},"target":"kiln_server::api","span":{"duration_ms":3.060125,"method":"POST","path":"/v1/chat/completions","status":200,"name":"http_request"},"spans":[{"duration_ms":3.060125,"method":"POST","path":"/v1/chat/completions","status":200,"name":"http_request"}]}
{"timestamp":"2026-05-09T09:07:25.276693Z","level":"INFO","fields":{"message":"response","status":200,"duration_ms":1.321375},"target":"kiln_server::api","span":{"duration_ms":1.321375,"method":"POST","path":"/v1/chat/completions","status":200,"name":"http_request"},"spans":[{"duration_ms":1.321375,"method":"POST","path":"/v1/chat/completions","status":200,"name":"http_request"}]}
kiln_profile_gdn_stage layer=0 stage=in_proj seq_len=128 start_pos=0 elapsed_ms=14.267
kiln_profile_gdn_stage layer=0 stage=qkv_conv_split_norm seq_len=128 start_pos=0 elapsed_ms=3.588
kiln_profile_gdn_stage layer=0 stage=in_proj seq_len=40 start_pos=0 elapsed_ms=9.732
kiln_profile_gdn_stage layer=0 stage=gates seq_len=128 start_pos=0 elapsed_ms=17.667
kiln_profile_gdn_stage layer=0 stage=qkv_conv_split_norm seq_len=40 start_pos=0 elapsed_ms=1.308
kiln_profile_gdn_stage layer=0 stage=recurrent seq_len=128 start_pos=0 elapsed_ms=14.546
kiln_profile_gdn_stage layer=0 stage=post_transpose seq_len=128 start_pos=0 elapsed_ms=0.005
kiln_profile_gdn_stage layer=0 stage=in_proj seq_len=80 start_pos=0 elapsed_ms=10.309
kiln_profile_gdn_stage layer=0 stage=in_proj seq_len=192 start_pos=0 elapsed_ms=25.970
kiln_profile_gdn_stage layer=0 stage=gated_norm seq_len=128 start_pos=0 elapsed_ms=1.119
kiln_profile_gdn_stage layer=0 stage=qkv_conv_split_norm seq_len=80 start_pos=0 elapsed_ms=1.065
kiln_profile_gdn_stage layer=0 stage=out_proj seq_len=128 start_pos=0 elapsed_ms=3.977
kiln_profile_gdn_stage layer=0 stage=qkv_conv_split_norm seq_len=192 start_pos=0 elapsed_ms=5.721
kiln_profile_mlp_stage layer=0 stage=gate_proj seq_len=128 start_pos=0 elapsed_ms=9.599
kiln_profile_mlp_stage layer=0 stage=gate_silu seq_len=128 start_pos=0 elapsed_ms=1.863
kiln_profile_gdn_stage layer=0 stage=gates seq_len=40 start_pos=0 elapsed_ms=46.448
kiln_profile_gdn_stage layer=0 stage=recurrent seq_len=40 start_pos=0 elapsed_ms=6.301
kiln_profile_mlp_stage layer=0 stage=up_proj seq_len=128 start_pos=0 elapsed_ms=6.897
kiln_profile_gdn_stage layer=0 stage=post_transpose seq_len=40 start_pos=0 elapsed_ms=0.004
kiln_profile_mlp_stage layer=0 stage=hidden_mul seq_len=128 start_pos=0 elapsed_ms=1.423
kiln_profile_gdn_stage layer=0 stage=gated_norm seq_len=40 start_pos=0 elapsed_ms=0.818
kiln_profile_gdn_stage layer=0 stage=gates seq_len=80 start_pos=0 elapsed_ms=28.556
kiln_profile_mlp_stage layer=0 stage=down_proj seq_len=128 start_pos=0 elapsed_ms=6.028
kiln_profile_gdn_stage layer=0 stage=recurrent seq_len=80 start_pos=0 elapsed_ms=3.641
kiln_profile_gdn_stage layer=0 stage=gates seq_len=192 start_pos=0 elapsed_ms=37.489
kiln_profile_gdn_stage layer=0 stage=out_proj seq_len=40 start_pos=0 elapsed_ms=3.338
kiln_profile_gdn_stage layer=0 stage=post_transpose seq_len=80 start_pos=0 elapsed_ms=0.003
kiln_profile_gdn_stage layer=0 stage=recurrent seq_len=192 start_pos=0 elapsed_ms=6.412
kiln_profile_gdn_stage layer=0 stage=gated_norm seq_len=80 start_pos=0 elapsed_ms=0.997
kiln_profile_mlp_stage layer=0 stage=gate_proj seq_len=40 start_pos=0 elapsed_ms=3.069
kiln_profile_gdn_stage layer=1 stage=in_proj seq_len=128 start_pos=0 elapsed_ms=16.516
kiln_profile_gdn_stage layer=0 stage=post_transpose seq_len=192 start_pos=0 elapsed_ms=3.080
kiln_profile_gdn_stage layer=0 stage=out_proj seq_len=80 start_pos=0 elapsed_ms=2.386
kiln_profile_gdn_stage layer=0 stage=gated_norm seq_len=192 start_pos=0 elapsed_ms=1.706
kiln_profile_gdn_stage layer=1 stage=qkv_conv_split_norm seq_len=128 start_pos=0 elapsed_ms=6.463
kiln_profile_mlp_stage layer=0 stage=gate_silu seq_len=40 start_pos=0 elapsed_ms=7.231
kiln_profile_mlp_stage layer=0 stage=gate_proj seq_len=80 start_pos=0 elapsed_ms=4.565
kiln_profile_gdn_stage layer=0 stage=out_proj seq_len=192 start_pos=0 elapsed_ms=3.038
kiln_profile_mlp_stage layer=0 stage=gate_silu seq_len=80 start_pos=0 elapsed_ms=5.256
kiln_profile_mlp_stage layer=0 stage=up_proj seq_len=40 start_pos=0 elapsed_ms=14.735
kiln_profile_mlp_stage layer=0 stage=gate_proj seq_len=192 start_pos=0 elapsed_ms=10.156
kiln_profile_mlp_stage layer=0 stage=up_proj seq_len=80 start_pos=0 elapsed_ms=5.468
kiln_profile_mlp_stage layer=0 stage=hidden_mul seq_len=40 start_pos=0 elapsed_ms=5.245
kiln_profile_mlp_stage layer=0 stage=gate_silu seq_len=192 start_pos=0 elapsed_ms=1.804
kiln_profile_mlp_stage layer=0 stage=hidden_mul seq_len=80 start_pos=0 elapsed_ms=0.528
kiln_profile_mlp_stage layer=0 stage=down_proj seq_len=40 start_pos=0 elapsed_ms=3.087
kiln_profile_mlp_stage layer=0 stage=up_proj seq_len=192 start_pos=0 elapsed_ms=6.164
kiln_profile_mlp_stage layer=0 stage=down_proj seq_len=80 start_pos=0 elapsed_ms=5.553
kiln_profile_gdn_stage layer=1 stage=gates seq_len=128 start_pos=0 elapsed_ms=37.781
kiln_profile_mlp_stage layer=0 stage=hidden_mul seq_len=192 start_pos=0 elapsed_ms=2.360
kiln_profile_gdn_stage layer=1 stage=recurrent seq_len=128 start_pos=0 elapsed_ms=11.622
kiln_profile_gdn_stage layer=1 stage=in_proj seq_len=40 start_pos=0 elapsed_ms=16.808
kiln_profile_gdn_stage layer=1 stage=post_transpose seq_len=128 start_pos=0 elapsed_ms=0.004
kiln_profile_mlp_stage layer=0 stage=down_proj seq_len=192 start_pos=0 elapsed_ms=6.834
kiln_profile_gdn_stage layer=1 stage=in_proj seq_len=80 start_pos=0 elapsed_ms=17.288
kiln_profile_gdn_stage layer=1 stage=qkv_conv_split_norm seq_len=40 start_pos=0 elapsed_ms=0.563
kiln_profile_gdn_stage layer=1 stage=gated_norm seq_len=128 start_pos=0 elapsed_ms=0.664
kiln_profile_gdn_stage layer=1 stage=qkv_conv_split_norm seq_len=80 start_pos=0 elapsed_ms=1.648
kiln_profile_gdn_stage layer=1 stage=out_proj seq_len=128 start_pos=0 elapsed_ms=5.715
kiln_profile_gdn_stage layer=1 stage=in_proj seq_len=192 start_pos=0 elapsed_ms=12.169
kiln_profile_gdn_stage layer=1 stage=qkv_conv_split_norm seq_len=192 start_pos=0 elapsed_ms=6.272
kiln_profile_mlp_stage layer=1 stage=gate_proj seq_len=128 start_pos=0 elapsed_ms=6.797
kiln_profile_gdn_stage layer=1 stage=gates seq_len=40 start_pos=0 elapsed_ms=22.970
kiln_profile_gdn_stage layer=1 stage=gates seq_len=80 start_pos=0 elapsed_ms=15.136
kiln_profile_mlp_stage layer=1 stage=gate_silu seq_len=128 start_pos=0 elapsed_ms=2.335
kiln_profile_gdn_stage layer=1 stage=recurrent seq_len=80 start_pos=0 elapsed_ms=6.756
kiln_profile_gdn_stage layer=1 stage=recurrent seq_len=40 start_pos=0 elapsed_ms=6.984
kiln_profile_mlp_stage layer=1 stage=up_proj seq_len=128 start_pos=0 elapsed_ms=4.924
kiln_profile_gdn_stage layer=1 stage=post_transpose seq_len=80 start_pos=0 elapsed_ms=0.002
kiln_profile_gdn_stage layer=1 stage=gates seq_len=192 start_pos=0 elapsed_ms=10.968
kiln_profile_gdn_stage layer=1 stage=post_transpose seq_len=40 start_pos=0 elapsed_ms=0.300
kiln_profile_mlp_stage layer=1 stage=hidden_mul seq_len=128 start_pos=0 elapsed_ms=0.714
kiln_profile_gdn_stage layer=1 stage=gated_norm seq_len=80 start_pos=0 elapsed_ms=0.324
kiln_profile_gdn_stage layer=1 stage=recurrent seq_len=192 start_pos=0 elapsed_ms=3.555
kiln_profile_gdn_stage layer=1 stage=gated_norm seq_len=40 start_pos=0 elapsed_ms=2.506
kiln_profile_gdn_stage layer=1 stage=post_transpose seq_len=192 start_pos=0 elapsed_ms=0.003
kiln_profile_gdn_stage layer=1 stage=out_proj seq_len=80 start_pos=0 elapsed_ms=6.410
kiln_profile_mlp_stage layer=1 stage=down_proj seq_len=128 start_pos=0 elapsed_ms=6.776
kiln_profile_gdn_stage layer=1 stage=gated_norm seq_len=192 start_pos=0 elapsed_ms=1.694
kiln_profile_gdn_stage layer=1 stage=out_proj seq_len=40 start_pos=0 elapsed_ms=1.728
kiln_profile_gdn_stage layer=1 stage=out_proj seq_len=192 start_pos=0 elapsed_ms=12.405
kiln_profile_mlp_stage layer=1 stage=gate_proj seq_len=80 start_pos=0 elapsed_ms=14.700
kiln_profile_mlp_stage layer=1 stage=gate_proj seq_len=40 start_pos=0 elapsed_ms=8.777
kiln_profile_gdn_stage layer=2 stage=in_proj seq_len=128 start_pos=0 elapsed_ms=16.789
kiln_profile_mlp_stage layer=1 stage=gate_proj seq_len=192 start_pos=0 elapsed_ms=5.162
kiln_profile_mlp_stage layer=1 stage=gate_silu seq_len=80 start_pos=0 elapsed_ms=7.886
kiln_profile_mlp_stage layer=1 stage=gate_silu seq_len=40 start_pos=0 elapsed_ms=4.101
kiln_profile_gdn_stage layer=2 stage=qkv_conv_split_norm seq_len=128 start_pos=0 elapsed_ms=6.233
kiln_profile_mlp_stage layer=1 stage=gate_silu seq_len=192 start_pos=0 elapsed_ms=7.833
kiln_profile_mlp_stage layer=1 stage=up_proj seq_len=80 start_pos=0 elapsed_ms=5.619
kiln_profile_mlp_stage layer=1 stage=up_proj seq_len=40 start_pos=0 elapsed_ms=2.274
kiln_profile_mlp_stage layer=1 stage=hidden_mul seq_len=40 start_pos=0 elapsed_ms=0.288
kiln_profile_mlp_stage layer=1 stage=hidden_mul seq_len=80 start_pos=0 elapsed_ms=0.683
kiln_profile_mlp_stage layer=1 stage=down_proj seq_len=80 start_pos=0 elapsed_ms=4.799
kiln_profile_mlp_stage layer=1 stage=down_proj seq_len=40 start_pos=0 elapsed_ms=7.668
kiln_profile_mlp_stage layer=1 stage=up_proj seq_len=192 start_pos=0 elapsed_ms=13.183
kiln_profile_gdn_stage layer=2 stage=gates seq_len=128 start_pos=0 elapsed_ms=15.338
kiln_profile_mlp_stage layer=1 stage=hidden_mul seq_len=192 start_pos=0 elapsed_ms=0.464
kiln_profile_gdn_stage layer=2 stage=recurrent seq_len=128 start_pos=0 elapsed_ms=5.895
kiln_profile_mlp_stage layer=1 stage=down_proj seq_len=192 start_pos=0 elapsed_ms=10.957
kiln_profile_gdn_stage layer=2 stage=post_transpose seq_len=128 start_pos=0 elapsed_ms=0.003
kiln_profile_gdn_stage layer=2 stage=in_proj seq_len=80 start_pos=0 elapsed_ms=18.233
kiln_profile_gdn_stage layer=2 stage=in_proj seq_len=40 start_pos=0 elapsed_ms=16.797
kiln_profile_gdn_stage layer=2 stage=gated_norm seq_len=128 start_pos=0 elapsed_ms=6.596
kiln_profile_gdn_stage layer=2 stage=qkv_conv_split_norm seq_len=80 start_pos=0 elapsed_ms=3.937
kiln_profile_gdn_stage layer=2 stage=out_proj seq_len=128 start_pos=0 elapsed_ms=4.269
kiln_profile_gdn_stage layer=2 stage=in_proj seq_len=192 start_pos=0 elapsed_ms=14.424
kiln_profile_gdn_stage layer=2 stage=qkv_conv_split_norm seq_len=40 start_pos=0 elapsed_ms=7.149
kiln_profile_mlp_stage layer=2 stage=gate_proj seq_len=128 start_pos=0 elapsed_ms=6.797
kiln_profile_gdn_stage layer=2 stage=qkv_conv_split_norm seq_len=192 start_pos=0 elapsed_ms=2.082
kiln_profile_mlp_stage layer=2 stage=gate_silu seq_len=128 start_pos=0 elapsed_ms=1.449
kiln_profile_mlp_stage layer=2 stage=up_proj seq_len=128 start_pos=0 elapsed_ms=5.918
kiln_profile_gdn_stage layer=2 stage=gates seq_len=80 start_pos=0 elapsed_ms=17.605
kiln_profile_gdn_stage layer=2 stage=recurrent seq_len=80 start_pos=0 elapsed_ms=2.250
kiln_profile_mlp_stage layer=2 stage=hidden_mul seq_len=128 start_pos=0 elapsed_ms=3.184
kiln_profile_gdn_stage layer=2 stage=post_transpose seq_len=80 start_pos=0 elapsed_ms=0.003
kiln_profile_gdn_stage layer=2 stage=gates seq_len=40 start_pos=0 elapsed_ms=23.060
kiln_profile_gdn_stage layer=2 stage=gated_norm seq_len=80 start_pos=0 elapsed_ms=6.687
kiln_profile_mlp_stage layer=2 stage=down_proj seq_len=128 start_pos=0 elapsed_ms=7.169
kiln_profile_gdn_stage layer=2 stage=gates seq_len=192 start_pos=0 elapsed_ms=20.362
kiln_profile_gdn_stage layer=2 stage=recurrent seq_len=40 start_pos=0 elapsed_ms=1.297
kiln_profile_gdn_stage layer=2 stage=out_proj seq_len=80 start_pos=0 elapsed_ms=5.784
kiln_profile_gdn_stage layer=2 stage=post_transpose seq_len=40 start_pos=0 elapsed_ms=0.003
kiln_profile_gdn_stage layer=2 stage=recurrent seq_len=192 start_pos=0 elapsed_ms=4.072
kiln_profile_gdn_stage layer=2 stage=post_transpose seq_len=192 start_pos=0 elapsed_ms=0.003
kiln_profile_gdn_stage layer=2 stage=gated_norm seq_len=40 start_pos=0 elapsed_ms=5.266
kiln_profile_full_attn_stage full_attn_layer=0 stage=qkv_proj seq_len=128 start_pos=0 elapsed_ms=11.991
kiln_profile_mlp_stage layer=2 stage=gate_proj seq_len=80 start_pos=0 elapsed_ms=6.414
kiln_profile_gdn_stage layer=2 stage=gated_norm seq_len=192 start_pos=0 elapsed_ms=6.550
kiln_profile_gdn_stage layer=2 stage=out_proj seq_len=40 start_pos=0 elapsed_ms=1.717
kiln_profile_full_attn_stage full_attn_layer=0 stage=qkv_split seq_len=128 start_pos=0 elapsed_ms=2.492
kiln_profile_mlp_stage layer=2 stage=gate_silu seq_len=80 start_pos=0 elapsed_ms=4.596
kiln_profile_gdn_stage layer=2 stage=out_proj seq_len=192 start_pos=0 elapsed_ms=3.662
kiln_profile_full_attn_stage full_attn_layer=0 stage=qk_norm seq_len=128 start_pos=0 elapsed_ms=9.375
kiln_profile_mlp_stage layer=2 stage=up_proj seq_len=80 start_pos=0 elapsed_ms=6.466
kiln_profile_mlp_stage layer=2 stage=gate_proj seq_len=40 start_pos=0 elapsed_ms=6.108
kiln_profile_full_attn_stage full_attn_layer=0 stage=rope seq_len=128 start_pos=0 elapsed_ms=0.939
kiln_profile_mlp_stage layer=2 stage=hidden_mul seq_len=80 start_pos=0 elapsed_ms=6.327
kiln_profile_mlp_stage layer=2 stage=gate_proj seq_len=192 start_pos=0 elapsed_ms=6.636
kiln_profile_full_attn_stage full_attn_layer=0 stage=q_transpose seq_len=128 start_pos=0 elapsed_ms=1.315
kiln_profile_mlp_stage layer=2 stage=gate_silu seq_len=40 start_pos=0 elapsed_ms=12.849
kiln_profile_mlp_stage layer=2 stage=down_proj seq_len=80 start_pos=0 elapsed_ms=6.035
kiln_profile_mlp_stage layer=2 stage=gate_silu seq_len=192 start_pos=0 elapsed_ms=7.544
kiln_profile_full_attn_stage full_attn_layer=0 stage=prefill_kv_head_layout seq_len=128 start_pos=0 elapsed_ms=3.975
kiln_profile_mlp_stage layer=2 stage=up_proj seq_len=40 start_pos=0 elapsed_ms=3.826
kiln_profile_full_attn_stage full_attn_layer=0 stage=prefill_attn_head_major seq_len=128 start_pos=0 elapsed_ms=0.011
kiln_profile_mlp_stage layer=2 stage=up_proj seq_len=192 start_pos=0 elapsed_ms=10.763
kiln_profile_mlp_stage layer=2 stage=hidden_mul seq_len=40 start_pos=0 elapsed_ms=4.261
kiln_profile_full_attn_stage full_attn_layer=0 stage=qkv_proj seq_len=80 start_pos=0 elapsed_ms=13.903
kiln_profile_mlp_stage layer=2 stage=hidden_mul seq_len=192 start_pos=0 elapsed_ms=3.642
kiln_profile_full_attn_stage full_attn_layer=0 stage=prefill_attn_fallback seq_len=128 start_pos=0 elapsed_ms=8.340
kiln_profile_mlp_stage layer=2 stage=down_proj seq_len=40 start_pos=0 elapsed_ms=3.987
kiln_profile_full_attn_stage full_attn_layer=0 stage=qkv_split seq_len=80 start_pos=0 elapsed_ms=3.985
kiln_profile_mlp_stage layer=2 stage=down_proj seq_len=192 start_pos=0 elapsed_ms=7.859
kiln_profile_full_attn_stage full_attn_layer=0 stage=kv_write seq_len=128 start_pos=0 elapsed_ms=7.867
kiln_profile_full_attn_stage full_attn_layer=0 stage=qk_norm seq_len=80 start_pos=0 elapsed_ms=3.672
kiln_profile_full_attn_stage full_attn_layer=0 stage=kv_read seq_len=128 start_pos=0 elapsed_ms=2.582
kiln_profile_full_attn_stage full_attn_layer=0 stage=qkv_proj seq_len=40 start_pos=0 elapsed_ms=4.580
kiln_profile_full_attn_stage full_attn_layer=0 stage=rope seq_len=80 start_pos=0 elapsed_ms=3.249
kiln_profile_full_attn_stage full_attn_layer=0 stage=qkv_split seq_len=40 start_pos=0 elapsed_ms=2.618
kiln_profile_full_attn_stage full_attn_layer=0 stage=qkv_proj seq_len=192 start_pos=0 elapsed_ms=11.828
kiln_profile_full_attn_stage full_attn_layer=0 stage=q_transpose seq_len=80 start_pos=0 elapsed_ms=2.233
kiln_profile_full_attn_stage full_attn_layer=0 stage=qkv_split seq_len=192 start_pos=0 elapsed_ms=4.132
kiln_profile_full_attn_stage full_attn_layer=0 stage=qk_norm seq_len=40 start_pos=0 elapsed_ms=7.780
kiln_profile_full_attn_stage full_attn_layer=0 stage=prefill_kv_head_layout seq_len=80 start_pos=0 elapsed_ms=1.749
kiln_profile_full_attn_stage full_attn_layer=0 stage=qk_norm seq_len=192 start_pos=0 elapsed_ms=1.646
kiln_profile_full_attn_stage full_attn_layer=0 stage=prefill_attn_head_major seq_len=80 start_pos=0 elapsed_ms=0.694
kiln_profile_full_attn_stage full_attn_layer=0 stage=rope seq_len=40 start_pos=0 elapsed_ms=1.588
kiln_profile_full_attn_stage full_attn_layer=0 stage=rope seq_len=192 start_pos=0 elapsed_ms=1.733
kiln_profile_full_attn_stage full_attn_layer=0 stage=q_transpose seq_len=40 start_pos=0 elapsed_ms=1.828
kiln_profile_full_attn_stage full_attn_layer=0 stage=prefill_attn_fallback seq_len=80 start_pos=0 elapsed_ms=5.863
kiln_profile_full_attn_stage full_attn_layer=0 stage=q_transpose seq_len=192 start_pos=0 elapsed_ms=4.462
kiln_profile_full_attn_stage full_attn_layer=0 stage=prefill_kv_head_layout seq_len=40 start_pos=0 elapsed_ms=3.304
kiln_profile_full_attn_stage full_attn_layer=0 stage=prefill_attn_head_major seq_len=40 start_pos=0 elapsed_ms=0.005
kiln_profile_full_attn_stage full_attn_layer=0 stage=kv_write seq_len=80 start_pos=0 elapsed_ms=0.999
kiln_profile_full_attn_stage full_attn_layer=0 stage=kv_read seq_len=80 start_pos=0 elapsed_ms=0.476
kiln_profile_full_attn_stage full_attn_layer=0 stage=prefill_kv_head_layout seq_len=192 start_pos=0 elapsed_ms=3.625
kiln_profile_full_attn_stage full_attn_layer=0 stage=prefill_attn_fallback seq_len=40 start_pos=0 elapsed_ms=6.328
kiln_profile_full_attn_stage full_attn_layer=0 stage=prefill_attn_head_major seq_len=192 start_pos=0 elapsed_ms=0.007
kiln_profile_full_attn_stage full_attn_layer=0 stage=kv_write seq_len=40 start_pos=0 elapsed_ms=8.447
kiln_profile_mlp_stage layer=3 stage=gate_proj seq_len=128 start_pos=0 elapsed_ms=7.948
kiln_profile_full_attn_stage full_attn_layer=0 stage=prefill_attn_fallback seq_len=192 start_pos=0 elapsed_ms=15.265
kiln_profile_full_attn_stage full_attn_layer=0 stage=kv_read seq_len=40 start_pos=0 elapsed_ms=5.845
kiln_profile_full_attn_stage full_attn_layer=0 stage=kv_write seq_len=192 start_pos=0 elapsed_ms=1.806
kiln_profile_mlp_stage layer=3 stage=gate_silu seq_len=128 start_pos=0 elapsed_ms=5.074
kiln_profile_full_attn_stage full_attn_layer=0 stage=kv_read seq_len=192 start_pos=0 elapsed_ms=1.794
kiln_profile_mlp_stage layer=3 stage=up_proj seq_len=128 start_pos=0 elapsed_ms=28.680
kiln_profile_mlp_stage layer=3 stage=hidden_mul seq_len=128 start_pos=0 elapsed_ms=1.120
kiln_profile_mlp_stage layer=3 stage=gate_proj seq_len=80 start_pos=0 elapsed_ms=5.752
kiln_profile_mlp_stage layer=3 stage=down_proj seq_len=128 start_pos=0 elapsed_ms=12.072
kiln_profile_mlp_stage layer=3 stage=gate_silu seq_len=80 start_pos=0 elapsed_ms=4.048
kiln_profile_mlp_stage layer=3 stage=up_proj seq_len=80 start_pos=0 elapsed_ms=14.330
kiln_profile_mlp_stage layer=3 stage=gate_proj seq_len=40 start_pos=0 elapsed_ms=9.286
kiln_profile_mlp_stage layer=3 stage=hidden_mul seq_len=80 start_pos=0 elapsed_ms=10.419
kiln_profile_gdn_stage layer=4 stage=in_proj seq_len=128 start_pos=0 elapsed_ms=24.106
kiln_profile_mlp_stage layer=3 stage=gate_proj seq_len=192 start_pos=0 elapsed_ms=9.878
kiln_profile_mlp_stage layer=3 stage=gate_silu seq_len=40 start_pos=0 elapsed_ms=0.970
kiln_profile_mlp_stage layer=3 stage=down_proj seq_len=80 start_pos=0 elapsed_ms=5.679
kiln_profile_mlp_stage layer=3 stage=up_proj seq_len=40 start_pos=0 elapsed_ms=2.504
kiln_profile_gdn_stage layer=4 stage=qkv_conv_split_norm seq_len=128 start_pos=0 elapsed_ms=4.969
kiln_profile_mlp_stage layer=3 stage=gate_silu seq_len=192 start_pos=0 elapsed_ms=5.700
kiln_profile_gdn_stage layer=4 stage=gates seq_len=128 start_pos=0 elapsed_ms=1.435
kiln_profile_gdn_stage layer=4 stage=recurrent seq_len=128 start_pos=0 elapsed_ms=2.667
kiln_profile_mlp_stage layer=3 stage=up_proj seq_len=192 start_pos=0 elapsed_ms=6.024
kiln_profile_gdn_stage layer=4 stage=post_transpose seq_len=128 start_pos=0 elapsed_ms=0.004
kiln_profile_mlp_stage layer=3 stage=hidden_mul seq_len=40 start_pos=0 elapsed_ms=11.060
kiln_profile_gdn_stage layer=4 stage=in_proj seq_len=80 start_pos=0 elapsed_ms=19.484
kiln_profile_mlp_stage layer=3 stage=down_proj seq_len=40 start_pos=0 elapsed_ms=3.150
kiln_profile_gdn_stage layer=4 stage=qkv_conv_split_norm seq_len=80 start_pos=0 elapsed_ms=1.336
kiln_profile_mlp_stage layer=3 stage=hidden_mul seq_len=192 start_pos=0 elapsed_ms=5.480
kiln_profile_gdn_stage layer=4 stage=in_proj seq_len=40 start_pos=0 elapsed_ms=4.741
kiln_profile_mlp_stage layer=3 stage=down_proj seq_len=192 start_pos=0 elapsed_ms=7.895
kiln_profile_gdn_stage layer=4 stage=in_proj seq_len=192 start_pos=0 elapsed_ms=8.619
kiln_profile_gdn_stage layer=4 stage=gated_norm seq_len=128 start_pos=0 elapsed_ms=0.892
kiln_profile_gdn_stage layer=4 stage=qkv_conv_split_norm seq_len=192 start_pos=0 elapsed_ms=1.340
kiln_profile_gdn_stage layer=4 stage=out_proj seq_len=128 start_pos=0 elapsed_ms=3.315
kiln_profile_gdn_stage layer=4 stage=qkv_conv_split_norm seq_len=40 start_pos=0 elapsed_ms=5.731
kiln_profile_mlp_stage layer=4 stage=gate_proj seq_len=128 start_pos=0 elapsed_ms=7.657
kiln_profile_mlp_stage layer=4 stage=gate_silu seq_len=128 start_pos=0 elapsed_ms=1.880
kiln_profile_gdn_stage layer=4 stage=gates seq_len=192 start_pos=0 elapsed_ms=12.027
kiln_profile_gdn_stage layer=4 stage=gates seq_len=80 start_pos=0 elapsed_ms=16.399
kiln_profile_gdn_stage layer=4 stage=gates seq_len=40 start_pos=0 elapsed_ms=12.583
kiln_profile_gdn_stage layer=4 stage=recurrent seq_len=80 start_pos=0 elapsed_ms=3.091
kiln_profile_gdn_stage layer=4 stage=recurrent seq_len=40 start_pos=0 elapsed_ms=7.886
kiln_profile_mlp_stage layer=4 stage=up_proj seq_len=128 start_pos=0 elapsed_ms=7.898
kiln_profile_gdn_stage layer=4 stage=post_transpose seq_len=80 start_pos=0 elapsed_ms=0.005
kiln_profile_gdn_stage layer=4 stage=recurrent seq_len=192 start_pos=0 elapsed_ms=4.944
kiln_profile_gdn_stage layer=4 stage=post_transpose seq_len=40 start_pos=0 elapsed_ms=0.001
kiln_profile_mlp_stage layer=4 stage=hidden_mul seq_len=128 start_pos=0 elapsed_ms=0.649
kiln_profile_gdn_stage layer=4 stage=post_transpose seq_len=192 start_pos=0 elapsed_ms=0.341
kiln_profile_gdn_stage layer=4 stage=gated_norm seq_len=80 start_pos=0 elapsed_ms=0.655
kiln_profile_mlp_stage layer=4 stage=down_proj seq_len=128 start_pos=0 elapsed_ms=7.843
kiln_profile_gdn_stage layer=4 stage=out_proj seq_len=80 start_pos=0 elapsed_ms=2.735
kiln_profile_gdn_stage layer=4 stage=gated_norm seq_len=40 start_pos=0 elapsed_ms=10.887
kiln_profile_gdn_stage layer=4 stage=gated_norm seq_len=192 start_pos=0 elapsed_ms=3.236
kiln_profile_gdn_stage layer=4 stage=out_proj seq_len=192 start_pos=0 elapsed_ms=7.445
kiln_profile_gdn_stage layer=4 stage=out_proj seq_len=40 start_pos=0 elapsed_ms=7.462
kiln_profile_mlp_stage layer=4 stage=gate_proj seq_len=80 start_pos=0 elapsed_ms=16.198
kiln_profile_mlp_stage layer=4 stage=gate_proj seq_len=192 start_pos=0 elapsed_ms=6.113
kiln_profile_gdn_stage layer=5 stage=in_proj seq_len=128 start_pos=0 elapsed_ms=31.852
kiln_profile_mlp_stage layer=4 stage=gate_proj seq_len=40 start_pos=0 elapsed_ms=4.060
kiln_profile_gdn_stage layer=5 stage=qkv_conv_split_norm seq_len=128 start_pos=0 elapsed_ms=1.769
kiln_profile_mlp_stage layer=4 stage=gate_silu seq_len=192 start_pos=0 elapsed_ms=4.176
kiln_profile_mlp_stage layer=4 stage=gate_silu seq_len=80 start_pos=0 elapsed_ms=8.885
kiln_profile_mlp_stage layer=4 stage=gate_silu seq_len=40 start_pos=0 elapsed_ms=3.609
kiln_profile_mlp_stage layer=4 stage=up_proj seq_len=80 start_pos=0 elapsed_ms=4.014
kiln_profile_mlp_stage layer=4 stage=up_proj seq_len=192 start_pos=0 elapsed_ms=10.390
kiln_profile_mlp_stage layer=4 stage=hidden_mul seq_len=80 start_pos=0 elapsed_ms=0.522
kiln_profile_mlp_stage layer=4 stage=down_proj seq_len=80 start_pos=0 elapsed_ms=4.417
kiln_profile_mlp_stage layer=4 stage=hidden_mul seq_len=192 start_pos=0 elapsed_ms=5.327
kiln_profile_mlp_stage layer=4 stage=up_proj seq_len=40 start_pos=0 elapsed_ms=8.454
kiln_profile_gdn_stage layer=5 stage=gates seq_len=128 start_pos=0 elapsed_ms=21.451
kiln_profile_mlp_stage layer=4 stage=hidden_mul seq_len=40 start_pos=0 elapsed_ms=3.135
kiln_profile_gdn_stage layer=5 stage=recurrent seq_len=128 start_pos=0 elapsed_ms=8.487
kiln_profile_gdn_stage layer=5 stage=in_proj seq_len=80 start_pos=0 elapsed_ms=7.018
kiln_profile_gdn_stage layer=5 stage=post_transpose seq_len=128 start_pos=0 elapsed_ms=0.004
kiln_profile_mlp_stage layer=4 stage=down_proj seq_len=192 start_pos=0 elapsed_ms=15.862
kiln_profile_mlp_stage layer=4 stage=down_proj seq_len=40 start_pos=0 elapsed_ms=2.429
kiln_profile_gdn_stage layer=5 stage=gated_norm seq_len=128 start_pos=0 elapsed_ms=0.914
kiln_profile_gdn_stage layer=5 stage=qkv_conv_split_norm seq_len=80 start_pos=0 elapsed_ms=1.640
kiln_profile_gdn_stage layer=5 stage=out_proj seq_len=128 start_pos=0 elapsed_ms=5.268
kiln_profile_gdn_stage layer=5 stage=in_proj seq_len=192 start_pos=0 elapsed_ms=13.352
kiln_profile_mlp_stage layer=5 stage=gate_proj seq_len=128 start_pos=0 elapsed_ms=7.179
kiln_profile_gdn_stage layer=5 stage=in_proj seq_len=40 start_pos=0 elapsed_ms=14.119
kiln_profile_gdn_stage layer=5 stage=qkv_conv_split_norm seq_len=192 start_pos=0 elapsed_ms=8.705
kiln_profile_mlp_stage layer=5 stage=gate_silu seq_len=128 start_pos=0 elapsed_ms=2.932
kiln_profile_gdn_stage layer=5 stage=qkv_conv_split_norm seq_len=40 start_pos=0 elapsed_ms=3.009
kiln_profile_mlp_stage layer=5 stage=up_proj seq_len=128 start_pos=0 elapsed_ms=6.473
kiln_profile_gdn_stage layer=5 stage=gates seq_len=80 start_pos=0 elapsed_ms=31.517
kiln_profile_mlp_stage layer=5 stage=hidden_mul seq_len=128 start_pos=0 elapsed_ms=0.649
kiln_profile_gdn_stage layer=5 stage=recurrent seq_len=80 start_pos=0 elapsed_ms=2.152
kiln_profile_gdn_stage layer=5 stage=gates seq_len=192 start_pos=0 elapsed_ms=19.524
kiln_profile_mlp_stage layer=5 stage=down_proj seq_len=128 start_pos=0 elapsed_ms=6.402
kiln_profile_gdn_stage layer=5 stage=post_transpose seq_len=80 start_pos=0 elapsed_ms=0.003
kiln_profile_gdn_stage layer=5 stage=recurrent seq_len=192 start_pos=0 elapsed_ms=3.954
kiln_profile_gdn_stage layer=5 stage=gated_norm seq_len=80 start_pos=0 elapsed_ms=3.965
kiln_profile_gdn_stage layer=5 stage=post_transpose seq_len=192 start_pos=0 elapsed_ms=0.002
kiln_profile_gdn_stage layer=5 stage=out_proj seq_len=80 start_pos=0 elapsed_ms=10.264
kiln_profile_gdn_stage layer=5 stage=gates seq_len=40 start_pos=0 elapsed_ms=33.370
kiln_profile_gdn_stage layer=5 stage=gated_norm seq_len=192 start_pos=0 elapsed_ms=1.481
kiln_profile_gdn_stage layer=6 stage=in_proj seq_len=128 start_pos=0 elapsed_ms=12.927
kiln_profile_mlp_stage layer=5 stage=gate_proj seq_len=80 start_pos=0 elapsed_ms=7.615
kiln_profile_gdn_stage layer=5 stage=out_proj seq_len=192 start_pos=0 elapsed_ms=6.772
kiln_profile_gdn_stage layer=5 stage=recurrent seq_len=40 start_pos=0 elapsed_ms=8.645
kiln_profile_gdn_stage layer=6 stage=qkv_conv_split_norm seq_len=128 start_pos=0 elapsed_ms=7.654
kiln_profile_mlp_stage layer=5 stage=gate_silu seq_len=80 start_pos=0 elapsed_ms=0.613
kiln_profile_gdn_stage layer=5 stage=post_transpose seq_len=40 start_pos=0 elapsed_ms=0.002
kiln_profile_mlp_stage layer=5 stage=up_proj seq_len=80 start_pos=0 elapsed_ms=9.158
kiln_profile_gdn_stage layer=5 stage=gated_norm seq_len=40 start_pos=0 elapsed_ms=5.785
kiln_profile_mlp_stage layer=5 stage=gate_proj seq_len=192 start_pos=0 elapsed_ms=5.808
kiln_profile_mlp_stage layer=5 stage=hidden_mul seq_len=80 start_pos=0 elapsed_ms=1.610
kiln_profile_gdn_stage layer=5 stage=out_proj seq_len=40 start_pos=0 elapsed_ms=2.207
kiln_profile_mlp_stage layer=5 stage=gate_silu seq_len=192 start_pos=0 elapsed_ms=3.016
kiln_profile_mlp_stage layer=5 stage=down_proj seq_len=80 start_pos=0 elapsed_ms=5.930
kiln_profile_mlp_stage layer=5 stage=up_proj seq_len=192 start_pos=0 elapsed_ms=7.602
kiln_profile_mlp_stage layer=5 stage=gate_proj seq_len=40 start_pos=0 elapsed_ms=7.876
kiln_profile_mlp_stage layer=5 stage=hidden_mul seq_len=192 start_pos=0 elapsed_ms=2.886
kiln_profile_gdn_stage layer=6 stage=in_proj seq_len=80 start_pos=0 elapsed_ms=7.795
kiln_profile_mlp_stage layer=5 stage=gate_silu seq_len=40 start_pos=0 elapsed_ms=2.659
kiln_profile_mlp_stage layer=5 stage=down_proj seq_len=192 start_pos=0 elapsed_ms=6.641
kiln_profile_gdn_stage layer=6 stage=gates seq_len=128 start_pos=0 elapsed_ms=43.179
kiln_profile_gdn_stage layer=6 stage=qkv_conv_split_norm seq_len=80 start_pos=0 elapsed_ms=6.752
kiln_profile_mlp_stage layer=5 stage=up_proj seq_len=40 start_pos=0 elapsed_ms=2.598
kiln_profile_gdn_stage layer=6 stage=recurrent seq_len=128 start_pos=0 elapsed_ms=3.410
kiln_profile_mlp_stage layer=5 stage=hidden_mul seq_len=40 start_pos=0 elapsed_ms=0.501
kiln_profile_gdn_stage layer=6 stage=post_transpose seq_len=128 start_pos=0 elapsed_ms=0.004
kiln_profile_gdn_stage layer=6 stage=gated_norm seq_len=128 start_pos=0 elapsed_ms=3.320
kiln_profile_mlp_stage layer=5 stage=down_proj seq_len=40 start_pos=0 elapsed_ms=6.111
kiln_profile_gdn_stage layer=6 stage=in_proj seq_len=192 start_pos=0 elapsed_ms=14.039
kiln_profile_gdn_stage layer=6 stage=out_proj seq_len=128 start_pos=0 elapsed_ms=4.536
kiln_profile_gdn_stage layer=6 stage=qkv_conv_split_norm seq_len=192 start_pos=0 elapsed_ms=6.614
kiln_profile_gdn_stage layer=6 stage=in_proj seq_len=40 start_pos=0 elapsed_ms=5.713
kiln_profile_mlp_stage layer=6 stage=gate_proj seq_len=128 start_pos=0 elapsed_ms=5.889
kiln_profile_gdn_stage layer=6 stage=gates seq_len=80 start_pos=0 elapsed_ms=35.305
kiln_profile_gdn_stage layer=6 stage=qkv_conv_split_norm seq_len=40 start_pos=0 elapsed_ms=2.434
kiln_profile_mlp_stage layer=6 stage=gate_silu seq_len=128 start_pos=0 elapsed_ms=1.996
kiln_profile_gdn_stage layer=6 stage=recurrent seq_len=80 start_pos=0 elapsed_ms=3.913
kiln_profile_gdn_stage layer=6 stage=post_transpose seq_len=80 start_pos=0 elapsed_ms=0.002
kiln_profile_mlp_stage layer=6 stage=up_proj seq_len=128 start_pos=0 elapsed_ms=6.487
kiln_profile_gdn_stage layer=6 stage=gates seq_len=192 start_pos=0 elapsed_ms=21.902
kiln_profile_gdn_stage layer=6 stage=gated_norm seq_len=80 start_pos=0 elapsed_ms=1.729
kiln_profile_mlp_stage layer=6 stage=hidden_mul seq_len=128 start_pos=0 elapsed_ms=0.805
kiln_profile_gdn_stage layer=6 stage=recurrent seq_len=192 start_pos=0 elapsed_ms=6.529
kiln_profile_gdn_stage layer=6 stage=out_proj seq_len=80 start_pos=0 elapsed_ms=12.978
kiln_profile_mlp_stage layer=6 stage=down_proj seq_len=128 start_pos=0 elapsed_ms=10.141
kiln_profile_gdn_stage layer=6 stage=post_transpose seq_len=192 start_pos=0 elapsed_ms=0.003
kiln_profile_gdn_stage layer=6 stage=gates seq_len=40 start_pos=0 elapsed_ms=31.792
kiln_profile_gdn_stage layer=6 stage=gated_norm seq_len=192 start_pos=0 elapsed_ms=0.713
kiln_profile_mlp_stage layer=6 stage=gate_proj seq_len=80 start_pos=0 elapsed_ms=5.533
kiln_profile_gdn_stage layer=6 stage=recurrent seq_len=40 start_pos=0 elapsed_ms=6.787
kiln_profile_gdn_stage layer=6 stage=out_proj seq_len=192 start_pos=0 elapsed_ms=4.406
kiln_profile_gdn_stage layer=6 stage=post_transpose seq_len=40 start_pos=0 elapsed_ms=0.003
kiln_profile_full_attn_stage full_attn_layer=1 stage=qkv_proj seq_len=128 start_pos=0 elapsed_ms=12.813
kiln_profile_gdn_stage layer=6 stage=gated_norm seq_len=40 start_pos=0 elapsed_ms=2.116
kiln_profile_mlp_stage layer=6 stage=gate_silu seq_len=80 start_pos=0 elapsed_ms=4.671
kiln_profile_full_attn_stage full_attn_layer=1 stage=qkv_split seq_len=128 start_pos=0 elapsed_ms=8.510
kiln_profile_mlp_stage layer=6 stage=gate_proj seq_len=192 start_pos=0 elapsed_ms=7.325
kiln_profile_mlp_stage layer=6 stage=up_proj seq_len=80 start_pos=0 elapsed_ms=6.556
kiln_profile_gdn_stage layer=6 stage=out_proj seq_len=40 start_pos=0 elapsed_ms=6.574
kiln_profile_full_attn_stage full_attn_layer=1 stage=qk_norm seq_len=128 start_pos=0 elapsed_ms=1.171
kiln_profile_mlp_stage layer=6 stage=gate_silu seq_len=192 start_pos=0 elapsed_ms=2.039
kiln_profile_mlp_stage layer=6 stage=hidden_mul seq_len=80 start_pos=0 elapsed_ms=0.722
kiln_profile_full_attn_stage full_attn_layer=1 stage=rope seq_len=128 start_pos=0 elapsed_ms=1.013
kiln_profile_mlp_stage layer=6 stage=up_proj seq_len=192 start_pos=0 elapsed_ms=7.458
kiln_profile_full_attn_stage full_attn_layer=1 stage=q_transpose seq_len=128 start_pos=0 elapsed_ms=7.553
kiln_profile_mlp_stage layer=6 stage=gate_proj seq_len=40 start_pos=0 elapsed_ms=7.572
kiln_profile_mlp_stage layer=6 stage=down_proj seq_len=80 start_pos=0 elapsed_ms=7.583
kiln_profile_mlp_stage layer=6 stage=hidden_mul seq_len=192 start_pos=0 elapsed_ms=0.569
kiln_profile_full_attn_stage full_attn_layer=1 stage=prefill_kv_head_layout seq_len=128 start_pos=0 elapsed_ms=1.465
kiln_profile_mlp_stage layer=6 stage=gate_silu seq_len=40 start_pos=0 elapsed_ms=7.335
kiln_profile_mlp_stage layer=6 stage=down_proj seq_len=192 start_pos=0 elapsed_ms=6.194
kiln_profile_full_attn_stage full_attn_layer=1 stage=prefill_attn_head_major seq_len=128 start_pos=0 elapsed_ms=0.006
kiln_profile_mlp_stage layer=6 stage=up_proj seq_len=40 start_pos=0 elapsed_ms=5.398
kiln_profile_full_attn_stage full_attn_layer=1 stage=qkv_proj seq_len=80 start_pos=0 elapsed_ms=8.898
kiln_profile_full_attn_stage full_attn_layer=1 stage=prefill_attn_fallback seq_len=128 start_pos=0 elapsed_ms=13.981
kiln_profile_full_attn_stage full_attn_layer=1 stage=qkv_proj seq_len=192 start_pos=0 elapsed_ms=11.186
kiln_profile_mlp_stage layer=6 stage=hidden_mul seq_len=40 start_pos=0 elapsed_ms=1.312
kiln_profile_full_attn_stage full_attn_layer=1 stage=kv_write seq_len=128 start_pos=0 elapsed_ms=2.641
kiln_profile_full_attn_stage full_attn_layer=1 stage=qkv_split seq_len=80 start_pos=0 elapsed_ms=7.683
kiln_profile_full_attn_stage full_attn_layer=1 stage=qkv_split seq_len=192 start_pos=0 elapsed_ms=6.788
kiln_profile_mlp_stage layer=6 stage=down_proj seq_len=40 start_pos=0 elapsed_ms=6.004
kiln_profile_full_attn_stage full_attn_layer=1 stage=kv_read seq_len=128 start_pos=0 elapsed_ms=0.657
kiln_profile_full_attn_stage full_attn_layer=1 stage=qk_norm seq_len=192 start_pos=0 elapsed_ms=0.940
kiln_profile_full_attn_stage full_attn_layer=1 stage=qk_norm seq_len=80 start_pos=0 elapsed_ms=0.956
kiln_profile_full_attn_stage full_attn_layer=1 stage=rope seq_len=192 start_pos=0 elapsed_ms=0.864
kiln_profile_full_attn_stage full_attn_layer=1 stage=rope seq_len=80 start_pos=0 elapsed_ms=3.173
kiln_profile_full_attn_stage full_attn_layer=1 stage=qkv_proj seq_len=40 start_pos=0 elapsed_ms=9.397
kiln_profile_full_attn_stage full_attn_layer=1 stage=q_transpose seq_len=192 start_pos=0 elapsed_ms=2.191
kiln_profile_full_attn_stage full_attn_layer=1 stage=q_transpose seq_len=80 start_pos=0 elapsed_ms=3.097
kiln_profile_full_attn_stage full_attn_layer=1 stage=qkv_split seq_len=40 start_pos=0 elapsed_ms=4.671
kiln_profile_full_attn_stage full_attn_layer=1 stage=prefill_kv_head_layout seq_len=192 start_pos=0 elapsed_ms=4.231
kiln_profile_full_attn_stage full_attn_layer=1 stage=qk_norm seq_len=40 start_pos=0 elapsed_ms=0.902
kiln_profile_full_attn_stage full_attn_layer=1 stage=prefill_kv_head_layout seq_len=80 start_pos=0 elapsed_ms=2.122
kiln_profile_full_attn_stage full_attn_layer=1 stage=prefill_attn_head_major seq_len=192 start_pos=0 elapsed_ms=0.006
kiln_profile_full_attn_stage full_attn_layer=1 stage=prefill_attn_head_major seq_len=80 start_pos=0 elapsed_ms=0.006
kiln_profile_full_attn_stage full_attn_layer=1 stage=rope seq_len=40 start_pos=0 elapsed_ms=7.932
kiln_profile_full_attn_stage full_attn_layer=1 stage=prefill_attn_fallback seq_len=192 start_pos=0 elapsed_ms=8.128
kiln_profile_full_attn_stage full_attn_layer=1 stage=prefill_attn_fallback seq_len=80 start_pos=0 elapsed_ms=7.546
kiln_profile_full_attn_stage full_attn_layer=1 stage=q_transpose seq_len=40 start_pos=0 elapsed_ms=4.058
kiln_profile_full_attn_stage full_attn_layer=1 stage=kv_write seq_len=192 start_pos=0 elapsed_ms=1.819
kiln_profile_full_attn_stage full_attn_layer=1 stage=kv_write seq_len=80 start_pos=0 elapsed_ms=7.126
kiln_profile_mlp_stage layer=7 stage=gate_proj seq_len=128 start_pos=0 elapsed_ms=6.356
kiln_profile_full_attn_stage full_attn_layer=1 stage=prefill_kv_head_layout seq_len=40 start_pos=0 elapsed_ms=6.464
kiln_profile_full_attn_stage full_attn_layer=1 stage=prefill_attn_head_major seq_len=40 start_pos=0 elapsed_ms=0.007
kiln_profile_full_attn_stage full_attn_layer=1 stage=kv_read seq_len=80 start_pos=0 elapsed_ms=0.719
kiln_profile_full_attn_stage full_attn_layer=1 stage=kv_read seq_len=192 start_pos=0 elapsed_ms=2.268
kiln_profile_full_attn_stage full_attn_layer=1 stage=prefill_attn_fallback seq_len=40 start_pos=0 elapsed_ms=2.146
kiln_profile_mlp_stage layer=7 stage=gate_silu seq_len=128 start_pos=0 elapsed_ms=6.642
kiln_profile_full_attn_stage full_attn_layer=1 stage=kv_write seq_len=40 start_pos=0 elapsed_ms=14.288
kiln_profile_mlp_stage layer=7 stage=up_proj seq_len=128 start_pos=0 elapsed_ms=10.858
kiln_profile_mlp_stage layer=7 stage=hidden_mul seq_len=128 start_pos=0 elapsed_ms=1.278
kiln_profile_full_attn_stage full_attn_layer=1 stage=kv_read seq_len=40 start_pos=0 elapsed_ms=1.805
kiln_profile_mlp_stage layer=7 stage=down_proj seq_len=128 start_pos=0 elapsed_ms=11.704
kiln_profile_mlp_stage layer=7 stage=gate_proj seq_len=192 start_pos=0 elapsed_ms=15.094
kiln_profile_mlp_stage layer=7 stage=gate_proj seq_len=80 start_pos=0 elapsed_ms=15.109
kiln_profile_gdn_stage layer=8 stage=in_proj seq_len=128 start_pos=0 elapsed_ms=21.097
kiln_profile_mlp_stage layer=7 stage=gate_silu seq_len=192 start_pos=0 elapsed_ms=1.885
kiln_profile_mlp_stage layer=7 stage=gate_silu seq_len=80 start_pos=0 elapsed_ms=9.593
kiln_profile_mlp_stage layer=7 stage=up_proj seq_len=192 start_pos=0 elapsed_ms=6.989
kiln_profile_gdn_stage layer=8 stage=qkv_conv_split_norm seq_len=128 start_pos=0 elapsed_ms=8.039
kiln_profile_mlp_stage layer=7 stage=hidden_mul seq_len=192 start_pos=0 elapsed_ms=4.493
kiln_profile_mlp_stage layer=7 stage=up_proj seq_len=80 start_pos=0 elapsed_ms=5.105
kiln_profile_mlp_stage layer=7 stage=down_proj seq_len=192 start_pos=0 elapsed_ms=5.783
kiln_profile_mlp_stage layer=7 stage=hidden_mul seq_len=80 start_pos=0 elapsed_ms=1.861
kiln_profile_mlp_stage layer=7 stage=gate_proj seq_len=40 start_pos=0 elapsed_ms=11.072
kiln_profile_mlp_stage layer=7 stage=down_proj seq_len=80 start_pos=0 elapsed_ms=7.271
kiln_profile_gdn_stage layer=8 stage=in_proj seq_len=192 start_pos=0 elapsed_ms=17.713
kiln_profile_mlp_stage layer=7 stage=gate_silu seq_len=40 start_pos=0 elapsed_ms=2.306
kiln_profile_gdn_stage layer=8 stage=qkv_conv_split_norm seq_len=192 start_pos=0 elapsed_ms=4.908
kiln_profile_gdn_stage layer=8 stage=gates seq_len=128 start_pos=0 elapsed_ms=37.164
kiln_profile_gdn_stage layer=8 stage=in_proj seq_len=80 start_pos=0 elapsed_ms=11.329
kiln_profile_mlp_stage layer=7 stage=up_proj seq_len=40 start_pos=0 elapsed_ms=4.326
kiln_profile_gdn_stage layer=8 stage=recurrent seq_len=128 start_pos=0 elapsed_ms=3.046
kiln_profile_mlp_stage layer=7 stage=hidden_mul seq_len=40 start_pos=0 elapsed_ms=0.594
kiln_profile_gdn_stage layer=8 stage=post_transpose seq_len=128 start_pos=0 elapsed_ms=0.002
kiln_profile_gdn_stage layer=8 stage=qkv_conv_split_norm seq_len=80 start_pos=0 elapsed_ms=4.259
kiln_profile_mlp_stage layer=7 stage=down_proj seq_len=40 start_pos=0 elapsed_ms=3.823
kiln_profile_gdn_stage layer=8 stage=gates seq_len=80 start_pos=0 elapsed_ms=1.205
kiln_profile_gdn_stage layer=8 stage=gated_norm seq_len=128 start_pos=0 elapsed_ms=4.012
kiln_profile_gdn_stage layer=8 stage=gates seq_len=192 start_pos=0 elapsed_ms=13.501
kiln_profile_gdn_stage layer=8 stage=recurrent seq_len=192 start_pos=0 elapsed_ms=6.718
kiln_profile_gdn_stage layer=8 stage=recurrent seq_len=80 start_pos=0 elapsed_ms=8.522
kiln_profile_gdn_stage layer=8 stage=out_proj seq_len=128 start_pos=0 elapsed_ms=10.595
kiln_profile_gdn_stage layer=8 stage=post_transpose seq_len=192 start_pos=0 elapsed_ms=0.004
kiln_profile_gdn_stage layer=8 stage=post_transpose seq_len=80 start_pos=0 elapsed_ms=0.723
kiln_profile_gdn_stage layer=8 stage=in_proj seq_len=40 start_pos=0 elapsed_ms=5.380
kiln_profile_gdn_stage layer=8 stage=gated_norm seq_len=192 start_pos=0 elapsed_ms=6.486
kiln_profile_gdn_stage layer=8 stage=gated_norm seq_len=80 start_pos=0 elapsed_ms=6.181
kiln_profile_mlp_stage layer=8 stage=gate_proj seq_len=128 start_pos=0 elapsed_ms=5.888
kiln_profile_gdn_stage layer=8 stage=qkv_conv_split_norm seq_len=40 start_pos=0 elapsed_ms=3.609
kiln_profile_gdn_stage layer=8 stage=out_proj seq_len=192 start_pos=0 elapsed_ms=2.747
kiln_profile_gdn_stage layer=8 stage=out_proj seq_len=80 start_pos=0 elapsed_ms=2.466
kiln_profile_mlp_stage layer=8 stage=gate_silu seq_len=128 start_pos=0 elapsed_ms=1.333
kiln_profile_mlp_stage layer=8 stage=gate_proj seq_len=192 start_pos=0 elapsed_ms=7.048
kiln_profile_mlp_stage layer=8 stage=up_proj seq_len=128 start_pos=0 elapsed_ms=6.745
kiln_profile_mlp_stage layer=8 stage=hidden_mul seq_len=128 start_pos=0 elapsed_ms=0.900
kiln_profile_mlp_stage layer=8 stage=gate_proj seq_len=80 start_pos=0 elapsed_ms=12.754
kiln_profile_mlp_stage layer=8 stage=down_proj seq_len=128 start_pos=0 elapsed_ms=11.591
kiln_profile_mlp_stage layer=8 stage=gate_silu seq_len=192 start_pos=0 elapsed_ms=14.518
kiln_profile_mlp_stage layer=8 stage=gate_silu seq_len=80 start_pos=0 elapsed_ms=8.735
kiln_profile_mlp_stage layer=8 stage=up_proj seq_len=192 start_pos=0 elapsed_ms=16.227
kiln_profile_mlp_stage layer=8 stage=up_proj seq_len=80 start_pos=0 elapsed_ms=4.972
kiln_profile_gdn_stage layer=9 stage=in_proj seq_len=128 start_pos=0 elapsed_ms=23.346
kiln_profile_mlp_stage layer=8 stage=hidden_mul seq_len=192 start_pos=0 elapsed_ms=0.879
kiln_profile_mlp_stage layer=8 stage=hidden_mul seq_len=80 start_pos=0 elapsed_ms=0.582
kiln_profile_gdn_stage layer=8 stage=gates seq_len=40 start_pos=0 elapsed_ms=48.146
kiln_profile_gdn_stage layer=9 stage=qkv_conv_split_norm seq_len=128 start_pos=0 elapsed_ms=8.293
kiln_profile_mlp_stage layer=8 stage=down_proj seq_len=80 start_pos=0 elapsed_ms=15.524
kiln_profile_mlp_stage layer=8 stage=down_proj seq_len=192 start_pos=0 elapsed_ms=17.299
kiln_profile_gdn_stage layer=8 stage=recurrent seq_len=40 start_pos=0 elapsed_ms=10.417
kiln_profile_gdn_stage layer=8 stage=post_transpose seq_len=40 start_pos=0 elapsed_ms=0.002
kiln_profile_gdn_stage layer=9 stage=in_proj seq_len=80 start_pos=0 elapsed_ms=15.280
kiln_profile_gdn_stage layer=8 stage=gated_norm seq_len=40 start_pos=0 elapsed_ms=7.686
kiln_profile_gdn_stage layer=9 stage=in_proj seq_len=192 start_pos=0 elapsed_ms=9.869
kiln_profile_gdn_stage layer=8 stage=out_proj seq_len=40 start_pos=0 elapsed_ms=2.388
kiln_profile_gdn_stage layer=9 stage=qkv_conv_split_norm seq_len=80 start_pos=0 elapsed_ms=3.570
kiln_profile_gdn_stage layer=9 stage=gates seq_len=128 start_pos=0 elapsed_ms=21.687
kiln_profile_gdn_stage layer=9 stage=qkv_conv_split_norm seq_len=192 start_pos=0 elapsed_ms=2.447
kiln_profile_gdn_stage layer=9 stage=recurrent seq_len=128 start_pos=0 elapsed_ms=3.165
kiln_profile_gdn_stage layer=9 stage=post_transpose seq_len=128 start_pos=0 elapsed_ms=0.002
kiln_profile_mlp_stage layer=8 stage=gate_proj seq_len=40 start_pos=0 elapsed_ms=2.715
kiln_profile_gdn_stage layer=9 stage=gated_norm seq_len=128 start_pos=0 elapsed_ms=1.307
kiln_profile_mlp_stage layer=8 stage=gate_silu seq_len=40 start_pos=0 elapsed_ms=2.900
kiln_profile_mlp_stage layer=8 stage=up_proj seq_len=40 start_pos=0 elapsed_ms=2.715
kiln_profile_gdn_stage layer=9 stage=gates seq_len=192 start_pos=0 elapsed_ms=17.611
kiln_profile_gdn_stage layer=9 stage=out_proj seq_len=128 start_pos=0 elapsed_ms=6.385
kiln_profile_mlp_stage layer=8 stage=hidden_mul seq_len=40 start_pos=0 elapsed_ms=0.724
kiln_profile_gdn_stage layer=9 stage=recurrent seq_len=192 start_pos=0 elapsed_ms=4.648
kiln_profile_gdn_stage layer=9 stage=gates seq_len=80 start_pos=0 elapsed_ms=25.966
kiln_profile_mlp_stage layer=8 stage=down_proj seq_len=40 start_pos=0 elapsed_ms=8.594
kiln_profile_gdn_stage layer=9 stage=post_transpose seq_len=192 start_pos=0 elapsed_ms=0.004
kiln_profile_mlp_stage layer=9 stage=gate_proj seq_len=128 start_pos=0 elapsed_ms=8.615
kiln_profile_gdn_stage layer=9 stage=recurrent seq_len=80 start_pos=0 elapsed_ms=2.025
kiln_profile_gdn_stage layer=9 stage=post_transpose seq_len=80 start_pos=0 elapsed_ms=0.003
kiln_profile_gdn_stage layer=9 stage=gated_norm seq_len=192 start_pos=0 elapsed_ms=1.206
kiln_profile_gdn_stage layer=9 stage=gated_norm seq_len=80 start_pos=0 elapsed_ms=6.049
kiln_profile_mlp_stage layer=9 stage=gate_silu seq_len=128 start_pos=0 elapsed_ms=10.977
kiln_profile_gdn_stage layer=9 stage=out_proj seq_len=192 start_pos=0 elapsed_ms=9.589
kiln_profile_gdn_stage layer=9 stage=in_proj seq_len=40 start_pos=0 elapsed_ms=12.986
kiln_profile_gdn_stage layer=9 stage=out_proj seq_len=80 start_pos=0 elapsed_ms=9.229
kiln_profile_mlp_stage layer=9 stage=up_proj seq_len=128 start_pos=0 elapsed_ms=8.968
kiln_profile_gdn_stage layer=9 stage=qkv_conv_split_norm seq_len=40 start_pos=0 elapsed_ms=0.877
kiln_profile_mlp_stage layer=9 stage=hidden_mul seq_len=128 start_pos=0 elapsed_ms=0.665
kiln_profile_mlp_stage layer=9 stage=gate_proj seq_len=80 start_pos=0 elapsed_ms=5.445
kiln_profile_mlp_stage layer=9 stage=gate_proj seq_len=192 start_pos=0 elapsed_ms=13.550
kiln_profile_mlp_stage layer=9 stage=down_proj seq_len=128 start_pos=0 elapsed_ms=13.271
kiln_profile_mlp_stage layer=9 stage=gate_silu seq_len=80 start_pos=0 elapsed_ms=7.379
kiln_profile_mlp_stage layer=9 stage=gate_silu seq_len=192 start_pos=0 elapsed_ms=11.625
kiln_profile_gdn_stage layer=10 stage=in_proj seq_len=128 start_pos=0 elapsed_ms=11.794
kiln_profile_mlp_stage layer=9 stage=up_proj seq_len=192 start_pos=0 elapsed_ms=6.119
kiln_profile_mlp_stage layer=9 stage=up_proj seq_len=80 start_pos=0 elapsed_ms=11.613
kiln_profile_mlp_stage layer=9 stage=hidden_mul seq_len=192 start_pos=0 elapsed_ms=0.706
kiln_profile_gdn_stage layer=9 stage=gates seq_len=40 start_pos=0 elapsed_ms=45.309
kiln_profile_mlp_stage layer=9 stage=hidden_mul seq_len=80 start_pos=0 elapsed_ms=1.027
kiln_profile_gdn_stage layer=10 stage=qkv_conv_split_norm seq_len=128 start_pos=0 elapsed_ms=11.643
kiln_profile_mlp_stage layer=9 stage=down_proj seq_len=192 start_pos=0 elapsed_ms=10.359
kiln_profile_gdn_stage layer=9 stage=recurrent seq_len=40 start_pos=0 elapsed_ms=9.946
kiln_profile_mlp_stage layer=9 stage=down_proj seq_len=80 start_pos=0 elapsed_ms=5.454
kiln_profile_gdn_stage layer=9 stage=post_transpose seq_len=40 start_pos=0 elapsed_ms=0.003
kiln_profile_gdn_stage layer=9 stage=gated_norm seq_len=40 start_pos=0 elapsed_ms=10.337
kiln_profile_gdn_stage layer=10 stage=in_proj seq_len=80 start_pos=0 elapsed_ms=15.474
kiln_profile_gdn_stage layer=10 stage=in_proj seq_len=192 start_pos=0 elapsed_ms=16.509
kiln_profile_gdn_stage layer=9 stage=out_proj seq_len=40 start_pos=0 elapsed_ms=2.244
kiln_profile_gdn_stage layer=10 stage=gates seq_len=128 start_pos=0 elapsed_ms=25.988
kiln_profile_gdn_stage layer=10 stage=qkv_conv_split_norm seq_len=80 start_pos=0 elapsed_ms=2.657
kiln_profile_gdn_stage layer=10 stage=qkv_conv_split_norm seq_len=192 start_pos=0 elapsed_ms=2.901
kiln_profile_mlp_stage layer=9 stage=gate_proj seq_len=40 start_pos=0 elapsed_ms=5.181
kiln_profile_gdn_stage layer=10 stage=recurrent seq_len=128 start_pos=0 elapsed_ms=6.034
kiln_profile_gdn_stage layer=10 stage=post_transpose seq_len=128 start_pos=0 elapsed_ms=0.003
kiln_profile_mlp_stage layer=9 stage=gate_silu seq_len=40 start_pos=0 elapsed_ms=1.021
kiln_profile_gdn_stage layer=10 stage=gated_norm seq_len=128 start_pos=0 elapsed_ms=3.400
kiln_profile_gdn_stage layer=10 stage=gates seq_len=192 start_pos=0 elapsed_ms=11.081
kiln_profile_gdn_stage layer=10 stage=out_proj seq_len=128 start_pos=0 elapsed_ms=2.901
kiln_profile_mlp_stage layer=9 stage=up_proj seq_len=40 start_pos=0 elapsed_ms=6.543
kiln_profile_gdn_stage layer=10 stage=recurrent seq_len=192 start_pos=0 elapsed_ms=5.286
kiln_profile_mlp_stage layer=9 stage=hidden_mul seq_len=40 start_pos=0 elapsed_ms=0.509
kiln_profile_gdn_stage layer=10 stage=post_transpose seq_len=192 start_pos=0 elapsed_ms=0.005
kiln_profile_mlp_stage layer=10 stage=gate_proj seq_len=128 start_pos=0 elapsed_ms=6.015
kiln_profile_gdn_stage layer=10 stage=gated_norm seq_len=192 start_pos=0 elapsed_ms=1.044
kiln_profile_gdn_stage layer=10 stage=gates seq_len=80 start_pos=0 elapsed_ms=30.075
kiln_profile_mlp_stage layer=9 stage=down_proj seq_len=40 start_pos=0 elapsed_ms=4.038
kiln_profile_mlp_stage layer=10 stage=gate_silu seq_len=128 start_pos=0 elapsed_ms=8.853
kiln_profile_gdn_stage layer=10 stage=out_proj seq_len=192 start_pos=0 elapsed_ms=5.301
kiln_profile_gdn_stage layer=10 stage=recurrent seq_len=80 start_pos=0 elapsed_ms=8.508
kiln_profile_gdn_stage layer=10 stage=post_transpose seq_len=80 start_pos=0 elapsed_ms=0.003
kiln_profile_mlp_stage layer=10 stage=up_proj seq_len=128 start_pos=0 elapsed_ms=7.713
kiln_profile_gdn_stage layer=10 stage=in_proj seq_len=40 start_pos=0 elapsed_ms=13.349
kiln_profile_gdn_stage layer=10 stage=gated_norm seq_len=80 start_pos=0 elapsed_ms=0.829
kiln_profile_mlp_stage layer=10 stage=hidden_mul seq_len=128 start_pos=0 elapsed_ms=1.236
kiln_profile_gdn_stage layer=10 stage=qkv_conv_split_norm seq_len=40 start_pos=0 elapsed_ms=3.624
kiln_profile_gdn_stage layer=10 stage=out_proj seq_len=80 start_pos=0 elapsed_ms=8.173
kiln_profile_mlp_stage layer=10 stage=gate_proj seq_len=192 start_pos=0 elapsed_ms=8.536
kiln_profile_mlp_stage layer=10 stage=down_proj seq_len=128 start_pos=0 elapsed_ms=7.950
kiln_profile_mlp_stage layer=10 stage=gate_proj seq_len=80 start_pos=0 elapsed_ms=4.617
kiln_profile_mlp_stage layer=10 stage=gate_silu seq_len=192 start_pos=0 elapsed_ms=6.536
kiln_profile_mlp_stage layer=10 stage=up_proj seq_len=192 start_pos=0 elapsed_ms=6.630
kiln_profile_full_attn_stage full_attn_layer=2 stage=qkv_proj seq_len=128 start_pos=0 elapsed_ms=13.397
kiln_profile_mlp_stage layer=10 stage=gate_silu seq_len=80 start_pos=0 elapsed_ms=15.237
kiln_profile_mlp_stage layer=10 stage=hidden_mul seq_len=192 start_pos=0 elapsed_ms=0.713
kiln_profile_full_attn_stage full_attn_layer=2 stage=qkv_split seq_len=128 start_pos=0 elapsed_ms=8.948
kiln_profile_mlp_stage layer=10 stage=down_proj seq_len=192 start_pos=0 elapsed_ms=10.880
kiln_profile_mlp_stage layer=10 stage=up_proj seq_len=80 start_pos=0 elapsed_ms=12.683
kiln_profile_full_attn_stage full_attn_layer=2 stage=qk_norm seq_len=128 start_pos=0 elapsed_ms=1.144
kiln_profile_gdn_stage layer=10 stage=gates seq_len=40 start_pos=0 elapsed_ms=37.931
kiln_profile_mlp_stage layer=10 stage=hidden_mul seq_len=80 start_pos=0 elapsed_ms=4.852
kiln_profile_gdn_stage layer=10 stage=recurrent seq_len=40 start_pos=0 elapsed_ms=1.408
kiln_profile_full_attn_stage full_attn_layer=2 stage=rope seq_len=128 start_pos=0 elapsed_ms=3.370
kiln_profile_gdn_stage layer=10 stage=post_transpose seq_len=40 start_pos=0 elapsed_ms=0.008
kiln_profile_mlp_stage layer=10 stage=down_proj seq_len=80 start_pos=0 elapsed_ms=4.442
kiln_profile_full_attn_stage full_attn_layer=2 stage=qkv_proj seq_len=192 start_pos=0 elapsed_ms=12.933
kiln_profile_full_attn_stage full_attn_layer=2 stage=q_transpose seq_len=128 start_pos=0 elapsed_ms=1.080
kiln_profile_gdn_stage layer=10 stage=gated_norm seq_len=40 start_pos=0 elapsed_ms=0.559
kiln_profile_full_attn_stage full_attn_layer=2 stage=prefill_kv_head_layout seq_len=128 start_pos=0 elapsed_ms=3.991
kiln_profile_full_attn_stage full_attn_layer=2 stage=qkv_split seq_len=192 start_pos=0 elapsed_ms=7.682
kiln_profile_full_attn_stage full_attn_layer=2 stage=prefill_attn_head_major seq_len=128 start_pos=0 elapsed_ms=0.008
kiln_profile_gdn_stage layer=10 stage=out_proj seq_len=40 start_pos=0 elapsed_ms=2.146
kiln_profile_full_attn_stage full_attn_layer=2 stage=qk_norm seq_len=192 start_pos=0 elapsed_ms=5.354
kiln_profile_full_attn_stage full_attn_layer=2 stage=qkv_proj seq_len=80 start_pos=0 elapsed_ms=12.881
kiln_profile_full_attn_stage full_attn_layer=2 stage=prefill_attn_fallback seq_len=128 start_pos=0 elapsed_ms=6.835
kiln_profile_full_attn_stage full_attn_layer=2 stage=rope seq_len=192 start_pos=0 elapsed_ms=3.353
kiln_profile_mlp_stage layer=10 stage=gate_proj seq_len=40 start_pos=0 elapsed_ms=3.364
kiln_profile_full_attn_stage full_attn_layer=2 stage=qkv_split seq_len=80 start_pos=0 elapsed_ms=6.634
kiln_profile_full_attn_stage full_attn_layer=2 stage=kv_write seq_len=128 start_pos=0 elapsed_ms=3.632
kiln_profile_full_attn_stage full_attn_layer=2 stage=q_transpose seq_len=192 start_pos=0 elapsed_ms=2.719
kiln_profile_full_attn_stage full_attn_layer=2 stage=qk_norm seq_len=80 start_pos=0 elapsed_ms=0.663
kiln_profile_full_attn_stage full_attn_layer=2 stage=kv_read seq_len=128 start_pos=0 elapsed_ms=1.430
kiln_profile_mlp_stage layer=10 stage=gate_silu seq_len=40 start_pos=0 elapsed_ms=14.200
kiln_profile_full_attn_stage full_attn_layer=2 stage=prefill_kv_head_layout seq_len=192 start_pos=0 elapsed_ms=19.736
kiln_profile_full_attn_stage full_attn_layer=2 stage=rope seq_len=80 start_pos=0 elapsed_ms=19.252
kiln_profile_mlp_stage layer=11 stage=gate_proj seq_len=128 start_pos=0 elapsed_ms=6.881
kiln_profile_mlp_stage layer=10 stage=up_proj seq_len=40 start_pos=0 elapsed_ms=2.834
kiln_profile_full_attn_stage full_attn_layer=2 stage=prefill_attn_head_major seq_len=192 start_pos=0 elapsed_ms=0.011
kiln_profile_mlp_stage layer=10 stage=hidden_mul seq_len=40 start_pos=0 elapsed_ms=0.298
kiln_profile_full_attn_stage full_attn_layer=2 stage=q_transpose seq_len=80 start_pos=0 elapsed_ms=3.662
kiln_profile_full_attn_stage full_attn_layer=2 stage=prefill_attn_fallback seq_len=192 start_pos=0 elapsed_ms=6.350
kiln_profile_mlp_stage layer=10 stage=down_proj seq_len=40 start_pos=0 elapsed_ms=3.213
kiln_profile_mlp_stage layer=11 stage=gate_silu seq_len=128 start_pos=0 elapsed_ms=11.037
kiln_profile_full_attn_stage full_attn_layer=2 stage=kv_write seq_len=192 start_pos=0 elapsed_ms=1.889
kiln_profile_full_attn_stage full_attn_layer=2 stage=prefill_kv_head_layout seq_len=80 start_pos=0 elapsed_ms=4.299
kiln_profile_full_attn_stage full_attn_layer=2 stage=prefill_attn_head_major seq_len=80 start_pos=0 elapsed_ms=0.011
kiln_profile_mlp_stage layer=11 stage=up_proj seq_len=128 start_pos=0 elapsed_ms=8.184
kiln_profile_full_attn_stage full_attn_layer=2 stage=kv_read seq_len=192 start_pos=0 elapsed_ms=6.715
kiln_profile_mlp_stage layer=11 stage=hidden_mul seq_len=128 start_pos=0 elapsed_ms=1.703
kiln_profile_full_attn_stage full_attn_layer=2 stage=prefill_attn_fallback seq_len=80 start_pos=0 elapsed_ms=10.743
kiln_profile_full_attn_stage full_attn_layer=2 stage=qkv_proj seq_len=40 start_pos=0 elapsed_ms=19.487
kiln_profile_mlp_stage layer=11 stage=down_proj seq_len=128 start_pos=0 elapsed_ms=6.231
kiln_profile_full_attn_stage full_attn_layer=2 stage=kv_write seq_len=80 start_pos=0 elapsed_ms=4.642
kiln_profile_full_attn_stage full_attn_layer=2 stage=qkv_split seq_len=40 start_pos=0 elapsed_ms=4.644
kiln_profile_full_attn_stage full_attn_layer=2 stage=kv_read seq_len=80 start_pos=0 elapsed_ms=9.569
kiln_profile_full_attn_stage full_attn_layer=2 stage=qk_norm seq_len=40 start_pos=0 elapsed_ms=5.309
kiln_profile_gdn_stage layer=12 stage=in_proj seq_len=128 start_pos=0 elapsed_ms=11.708
kiln_profile_full_attn_stage full_attn_layer=2 stage=rope seq_len=40 start_pos=0 elapsed_ms=5.865
kiln_profile_gdn_stage layer=12 stage=qkv_conv_split_norm seq_len=128 start_pos=0 elapsed_ms=6.248
kiln_profile_full_attn_stage full_attn_layer=2 stage=q_transpose seq_len=40 start_pos=0 elapsed_ms=1.075
kiln_profile_mlp_stage layer=11 stage=gate_proj seq_len=192 start_pos=0 elapsed_ms=6.352
kiln_profile_gdn_stage layer=12 stage=gates seq_len=128 start_pos=0 elapsed_ms=11.960
kiln_profile_full_attn_stage full_attn_layer=2 stage=prefill_kv_head_layout seq_len=40 start_pos=0 elapsed_ms=2.497
kiln_profile_full_attn_stage full_attn_layer=2 stage=prefill_attn_head_major seq_len=40 start_pos=0 elapsed_ms=0.007
kiln_profile_mlp_stage layer=11 stage=gate_silu seq_len=192 start_pos=0 elapsed_ms=3.647
kiln_profile_gdn_stage layer=12 stage=recurrent seq_len=128 start_pos=0 elapsed_ms=6.005
kiln_profile_mlp_stage layer=11 stage=gate_proj seq_len=80 start_pos=0 elapsed_ms=6.363
kiln_profile_gdn_stage layer=12 stage=post_transpose seq_len=128 start_pos=0 elapsed_ms=0.001
kiln_profile_mlp_stage layer=11 stage=up_proj seq_len=192 start_pos=0 elapsed_ms=5.855
kiln_profile_full_attn_stage full_attn_layer=2 stage=prefill_attn_fallback seq_len=40 start_pos=0 elapsed_ms=12.265
kiln_profile_gdn_stage layer=12 stage=gated_norm seq_len=128 start_pos=0 elapsed_ms=0.315
kiln_profile_full_attn_stage full_attn_layer=2 stage=kv_write seq_len=40 start_pos=0 elapsed_ms=1.121
kiln_profile_mlp_stage layer=11 stage=hidden_mul seq_len=192 start_pos=0 elapsed_ms=4.124
kiln_profile_gdn_stage layer=12 stage=out_proj seq_len=128 start_pos=0 elapsed_ms=3.869
kiln_profile_full_attn_stage full_attn_layer=2 stage=kv_read seq_len=40 start_pos=0 elapsed_ms=0.703
kiln_profile_mlp_stage layer=11 stage=gate_silu seq_len=80 start_pos=0 elapsed_ms=11.863
kiln_profile_mlp_stage layer=11 stage=down_proj seq_len=192 start_pos=0 elapsed_ms=6.465
kiln_profile_mlp_stage layer=11 stage=up_proj seq_len=80 start_pos=0 elapsed_ms=12.102
kiln_profile_mlp_stage layer=12 stage=gate_proj seq_len=128 start_pos=0 elapsed_ms=8.261
kiln_profile_mlp_stage layer=11 stage=hidden_mul seq_len=80 start_pos=0 elapsed_ms=0.906
kiln_profile_mlp_stage layer=12 stage=gate_silu seq_len=128 start_pos=0 elapsed_ms=8.675
kiln_profile_mlp_stage layer=11 stage=down_proj seq_len=80 start_pos=0 elapsed_ms=10.412
kiln_profile_gdn_stage layer=12 stage=in_proj seq_len=192 start_pos=0 elapsed_ms=20.206
kiln_profile_mlp_stage layer=12 stage=up_proj seq_len=128 start_pos=0 elapsed_ms=6.268
kiln_profile_gdn_stage layer=12 stage=qkv_conv_split_norm seq_len=192 start_pos=0 elapsed_ms=6.329
kiln_profile_mlp_stage layer=12 stage=hidden_mul seq_len=128 start_pos=0 elapsed_ms=1.484
kiln_profile_gdn_stage layer=12 stage=in_proj seq_len=80 start_pos=0 elapsed_ms=10.490
kiln_profile_mlp_stage layer=11 stage=gate_proj seq_len=40 start_pos=0 elapsed_ms=2.368
kiln_profile_mlp_stage layer=12 stage=down_proj seq_len=128 start_pos=0 elapsed_ms=6.437
kiln_profile_gdn_stage layer=12 stage=qkv_conv_split_norm seq_len=80 start_pos=0 elapsed_ms=1.801
kiln_profile_mlp_stage layer=11 stage=gate_silu seq_len=40 start_pos=0 elapsed_ms=1.465
kiln_profile_mlp_stage layer=11 stage=up_proj seq_len=40 start_pos=0 elapsed_ms=6.431
kiln_profile_gdn_stage layer=13 stage=in_proj seq_len=128 start_pos=0 elapsed_ms=12.558
kiln_profile_gdn_stage layer=12 stage=gates seq_len=192 start_pos=0 elapsed_ms=23.600
kiln_profile_mlp_stage layer=11 stage=hidden_mul seq_len=40 start_pos=0 elapsed_ms=0.491
kiln_profile_gdn_stage layer=13 stage=qkv_conv_split_norm seq_len=128 start_pos=0 elapsed_ms=8.845
kiln_profile_gdn_stage layer=12 stage=recurrent seq_len=192 start_pos=0 elapsed_ms=8.907
kiln_profile_mlp_stage layer=11 stage=down_proj seq_len=40 start_pos=0 elapsed_ms=9.130
kiln_profile_gdn_stage layer=12 stage=post_transpose seq_len=192 start_pos=0 elapsed_ms=0.002
kiln_profile_gdn_stage layer=12 stage=gates seq_len=80 start_pos=0 elapsed_ms=18.192
kiln_profile_gdn_stage layer=12 stage=gated_norm seq_len=192 start_pos=0 elapsed_ms=0.415
kiln_profile_gdn_stage layer=12 stage=recurrent seq_len=80 start_pos=0 elapsed_ms=4.043
kiln_profile_gdn_stage layer=12 stage=out_proj seq_len=192 start_pos=0 elapsed_ms=4.539
kiln_profile_gdn_stage layer=12 stage=post_transpose seq_len=80 start_pos=0 elapsed_ms=0.004
kiln_profile_gdn_stage layer=12 stage=in_proj seq_len=40 start_pos=0 elapsed_ms=14.725
kiln_profile_mlp_stage layer=12 stage=gate_proj seq_len=192 start_pos=0 elapsed_ms=6.731
kiln_profile_gdn_stage layer=12 stage=gated_norm seq_len=80 start_pos=0 elapsed_ms=6.079
kiln_profile_gdn_stage layer=12 stage=out_proj seq_len=80 start_pos=0 elapsed_ms=3.074
kiln_profile_gdn_stage layer=12 stage=qkv_conv_split_norm seq_len=40 start_pos=0 elapsed_ms=3.833
kiln_profile_mlp_stage layer=12 stage=gate_silu seq_len=192 start_pos=0 elapsed_ms=4.555
kiln_profile_gdn_stage layer=13 stage=gates seq_len=128 start_pos=0 elapsed_ms=24.527
kiln_profile_mlp_stage layer=12 stage=up_proj seq_len=192 start_pos=0 elapsed_ms=10.519
kiln_profile_gdn_stage layer=13 stage=recurrent seq_len=128 start_pos=0 elapsed_ms=7.401
kiln_profile_mlp_stage layer=12 stage=gate_proj seq_len=80 start_pos=0 elapsed_ms=13.390
kiln_profile_mlp_stage layer=12 stage=hidden_mul seq_len=192 start_pos=0 elapsed_ms=0.770
kiln_profile_gdn_stage layer=13 stage=post_transpose seq_len=128 start_pos=0 elapsed_ms=0.002
kiln_profile_gdn_stage layer=13 stage=gated_norm seq_len=128 start_pos=0 elapsed_ms=0.664
kiln_profile_mlp_stage layer=12 stage=down_proj seq_len=192 start_pos=0 elapsed_ms=6.857
kiln_profile_mlp_stage layer=12 stage=gate_silu seq_len=80 start_pos=0 elapsed_ms=7.934
kiln_profile_gdn_stage layer=13 stage=out_proj seq_len=128 start_pos=0 elapsed_ms=7.484
kiln_profile_mlp_stage layer=12 stage=up_proj seq_len=80 start_pos=0 elapsed_ms=4.384
kiln_profile_mlp_stage layer=12 stage=hidden_mul seq_len=80 start_pos=0 elapsed_ms=6.268
kiln_profile_mlp_stage layer=13 stage=gate_proj seq_len=128 start_pos=0 elapsed_ms=9.229
kiln_profile_gdn_stage layer=13 stage=in_proj seq_len=192 start_pos=0 elapsed_ms=15.575
kiln_profile_gdn_stage layer=12 stage=gates seq_len=40 start_pos=0 elapsed_ms=45.660
kiln_profile_mlp_stage layer=12 stage=down_proj seq_len=80 start_pos=0 elapsed_ms=5.312
kiln_profile_mlp_stage layer=13 stage=gate_silu seq_len=128 start_pos=0 elapsed_ms=5.864
kiln_profile_gdn_stage layer=12 stage=recurrent seq_len=40 start_pos=0 elapsed_ms=2.678
kiln_profile_gdn_stage layer=13 stage=qkv_conv_split_norm seq_len=192 start_pos=0 elapsed_ms=6.491
kiln_profile_gdn_stage layer=12 stage=post_transpose seq_len=40 start_pos=0 elapsed_ms=0.003
kiln_profile_mlp_stage layer=13 stage=up_proj seq_len=128 start_pos=0 elapsed_ms=10.790
kiln_profile_mlp_stage layer=13 stage=hidden_mul seq_len=128 start_pos=0 elapsed_ms=0.620
kiln_profile_gdn_stage layer=12 stage=gated_norm seq_len=40 start_pos=0 elapsed_ms=1.154
kiln_profile_gdn_stage layer=13 stage=in_proj seq_len=80 start_pos=0 elapsed_ms=14.096
kiln_profile_mlp_stage layer=13 stage=down_proj seq_len=128 start_pos=0 elapsed_ms=8.300
kiln_profile_gdn_stage layer=12 stage=out_proj seq_len=40 start_pos=0 elapsed_ms=1.647
kiln_profile_gdn_stage layer=13 stage=qkv_conv_split_norm seq_len=80 start_pos=0 elapsed_ms=1.215
kiln_profile_mlp_stage layer=12 stage=gate_proj seq_len=40 start_pos=0 elapsed_ms=6.980
kiln_profile_mlp_stage layer=12 stage=gate_silu seq_len=40 start_pos=0 elapsed_ms=7.854
kiln_profile_gdn_stage layer=13 stage=gates seq_len=192 start_pos=0 elapsed_ms=27.972
kiln_profile_gdn_stage layer=14 stage=in_proj seq_len=128 start_pos=0 elapsed_ms=13.650
kiln_profile_gdn_stage layer=13 stage=recurrent seq_len=192 start_pos=0 elapsed_ms=6.180
kiln_profile_mlp_stage layer=12 stage=up_proj seq_len=40 start_pos=0 elapsed_ms=7.702
kiln_profile_gdn_stage layer=13 stage=post_transpose seq_len=192 start_pos=0 elapsed_ms=0.002
kiln_profile_gdn_stage layer=14 stage=qkv_conv_split_norm seq_len=128 start_pos=0 elapsed_ms=8.126
kiln_profile_mlp_stage layer=12 stage=hidden_mul seq_len=40 start_pos=0 elapsed_ms=0.768
kiln_profile_gdn_stage layer=13 stage=gated_norm seq_len=192 start_pos=0 elapsed_ms=0.761
kiln_profile_gdn_stage layer=13 stage=out_proj seq_len=192 start_pos=0 elapsed_ms=3.613
kiln_profile_mlp_stage layer=12 stage=down_proj seq_len=40 start_pos=0 elapsed_ms=7.454
kiln_profile_gdn_stage layer=13 stage=gates seq_len=80 start_pos=0 elapsed_ms=31.273
kiln_profile_mlp_stage layer=13 stage=gate_proj seq_len=192 start_pos=0 elapsed_ms=7.181
kiln_profile_mlp_stage layer=13 stage=gate_silu seq_len=192 start_pos=0 elapsed_ms=1.131
kiln_profile_gdn_stage layer=13 stage=recurrent seq_len=80 start_pos=0 elapsed_ms=6.059
kiln_profile_mlp_stage layer=13 stage=up_proj seq_len=192 start_pos=0 elapsed_ms=5.474
kiln_profile_gdn_stage layer=13 stage=post_transpose seq_len=80 start_pos=0 elapsed_ms=0.004
kiln_profile_gdn_stage layer=13 stage=in_proj seq_len=40 start_pos=0 elapsed_ms=14.817
kiln_profile_gdn_stage layer=14 stage=gates seq_len=128 start_pos=0 elapsed_ms=32.048
kiln_profile_mlp_stage layer=13 stage=hidden_mul seq_len=192 start_pos=0 elapsed_ms=0.772
kiln_profile_gdn_stage layer=13 stage=gated_norm seq_len=80 start_pos=0 elapsed_ms=0.705
kiln_profile_gdn_stage layer=13 stage=qkv_conv_split_norm seq_len=40 start_pos=0 elapsed_ms=0.722
kiln_profile_gdn_stage layer=14 stage=recurrent seq_len=128 start_pos=0 elapsed_ms=10.434
kiln_profile_mlp_stage layer=13 stage=down_proj seq_len=192 start_pos=0 elapsed_ms=10.443
kiln_profile_gdn_stage layer=13 stage=out_proj seq_len=80 start_pos=0 elapsed_ms=2.460
kiln_profile_gdn_stage layer=14 stage=post_transpose seq_len=128 start_pos=0 elapsed_ms=0.006
kiln_profile_gdn_stage layer=14 stage=gated_norm seq_len=128 start_pos=0 elapsed_ms=5.133
kiln_profile_mlp_stage layer=13 stage=gate_proj seq_len=80 start_pos=0 elapsed_ms=8.933
kiln_profile_gdn_stage layer=14 stage=out_proj seq_len=128 start_pos=0 elapsed_ms=3.506
kiln_profile_mlp_stage layer=13 stage=gate_silu seq_len=80 start_pos=0 elapsed_ms=4.119
kiln_profile_gdn_stage layer=14 stage=in_proj seq_len=192 start_pos=0 elapsed_ms=18.494
kiln_profile_gdn_stage layer=14 stage=qkv_conv_split_norm seq_len=192 start_pos=0 elapsed_ms=7.872
kiln_profile_mlp_stage layer=14 stage=gate_proj seq_len=128 start_pos=0 elapsed_ms=11.704
kiln_profile_gdn_stage layer=13 stage=gates seq_len=40 start_pos=0 elapsed_ms=34.378
kiln_profile_mlp_stage layer=13 stage=up_proj seq_len=80 start_pos=0 elapsed_ms=3.849
kiln_profile_mlp_stage layer=13 stage=hidden_mul seq_len=80 start_pos=0 elapsed_ms=0.750
kiln_profile_mlp_stage layer=14 stage=gate_silu seq_len=128 start_pos=0 elapsed_ms=2.155
kiln_profile_gdn_stage layer=13 stage=recurrent seq_len=40 start_pos=0 elapsed_ms=1.989
kiln_profile_mlp_stage layer=13 stage=down_proj seq_len=80 start_pos=0 elapsed_ms=11.304
kiln_profile_gdn_stage layer=13 stage=post_transpose seq_len=40 start_pos=0 elapsed_ms=0.003
kiln_profile_mlp_stage layer=14 stage=up_proj seq_len=128 start_pos=0 elapsed_ms=5.724
kiln_profile_gdn_stage layer=13 stage=gated_norm seq_len=40 start_pos=0 elapsed_ms=0.346
kiln_profile_gdn_stage layer=13 stage=out_proj seq_len=40 start_pos=0 elapsed_ms=7.326
kiln_profile_mlp_stage layer=14 stage=hidden_mul seq_len=128 start_pos=0 elapsed_ms=8.565
kiln_profile_mlp_stage layer=14 stage=down_proj seq_len=128 start_pos=0 elapsed_ms=6.061
kiln_profile_mlp_stage layer=13 stage=gate_proj seq_len=40 start_pos=0 elapsed_ms=3.763
kiln_profile_gdn_stage layer=14 stage=in_proj seq_len=80 start_pos=0 elapsed_ms=17.793
kiln_profile_gdn_stage layer=14 stage=gates seq_len=192 start_pos=0 elapsed_ms=47.143
kiln_profile_gdn_stage layer=14 stage=qkv_conv_split_norm seq_len=80 start_pos=0 elapsed_ms=0.890
kiln_profile_gdn_stage layer=14 stage=recurrent seq_len=192 start_pos=0 elapsed_ms=6.009
kiln_profile_gdn_stage layer=14 stage=post_transpose seq_len=192 start_pos=0 elapsed_ms=0.005
kiln_profile_mlp_stage layer=13 stage=gate_silu seq_len=40 start_pos=0 elapsed_ms=8.692
kiln_profile_full_attn_stage full_attn_layer=3 stage=qkv_proj seq_len=128 start_pos=0 elapsed_ms=15.442
kiln_profile_gdn_stage layer=14 stage=gated_norm seq_len=192 start_pos=0 elapsed_ms=1.220
kiln_profile_mlp_stage layer=13 stage=up_proj seq_len=40 start_pos=0 elapsed_ms=3.499
kiln_profile_full_attn_stage full_attn_layer=3 stage=qkv_split seq_len=128 start_pos=0 elapsed_ms=5.774
kiln_profile_gdn_stage layer=14 stage=out_proj seq_len=192 start_pos=0 elapsed_ms=5.770
kiln_profile_mlp_stage layer=13 stage=hidden_mul seq_len=40 start_pos=0 elapsed_ms=0.700
kiln_profile_full_attn_stage full_attn_layer=3 stage=qk_norm seq_len=128 start_pos=0 elapsed_ms=5.460
kiln_profile_gdn_stage layer=14 stage=gates seq_len=80 start_pos=0 elapsed_ms=26.182
kiln_profile_mlp_stage layer=13 stage=down_proj seq_len=40 start_pos=0 elapsed_ms=4.832
kiln_profile_mlp_stage layer=14 stage=gate_proj seq_len=192 start_pos=0 elapsed_ms=7.474
kiln_profile_full_attn_stage full_attn_layer=3 stage=rope seq_len=128 start_pos=0 elapsed_ms=3.293
kiln_profile_gdn_stage layer=14 stage=recurrent seq_len=80 start_pos=0 elapsed_ms=3.294
kiln_profile_gdn_stage layer=14 stage=post_transpose seq_len=80 start_pos=0 elapsed_ms=5.787
kiln_profile_gdn_stage layer=14 stage=gated_norm seq_len=80 start_pos=0 elapsed_ms=2.175
kiln_profile_full_attn_stage full_attn_layer=3 stage=q_transpose seq_len=128 start_pos=0 elapsed_ms=9.086
kiln_profile_gdn_stage layer=14 stage=out_proj seq_len=80 start_pos=0 elapsed_ms=4.301
kiln_profile_gdn_stage layer=14 stage=in_proj seq_len=40 start_pos=0 elapsed_ms=17.691
kiln_profile_full_attn_stage full_attn_layer=3 stage=prefill_kv_head_layout seq_len=128 start_pos=0 elapsed_ms=2.628
kiln_profile_mlp_stage layer=14 stage=gate_silu seq_len=192 start_pos=0 elapsed_ms=18.448
kiln_profile_full_attn_stage full_attn_layer=3 stage=prefill_attn_head_major seq_len=128 start_pos=0 elapsed_ms=0.005
kiln_profile_mlp_stage layer=14 stage=gate_proj seq_len=80 start_pos=0 elapsed_ms=14.452
kiln_profile_mlp_stage layer=14 stage=up_proj seq_len=192 start_pos=0 elapsed_ms=14.469
kiln_profile_gdn_stage layer=14 stage=qkv_conv_split_norm seq_len=40 start_pos=0 elapsed_ms=14.505
kiln_profile_full_attn_stage full_attn_layer=3 stage=prefill_attn_fallback seq_len=128 start_pos=0 elapsed_ms=4.196
kiln_profile_full_attn_stage full_attn_layer=3 stage=kv_write seq_len=128 start_pos=0 elapsed_ms=1.801
kiln_profile_mlp_stage layer=14 stage=hidden_mul seq_len=192 start_pos=0 elapsed_ms=1.497
kiln_profile_mlp_stage layer=14 stage=gate_silu seq_len=80 start_pos=0 elapsed_ms=13.008
kiln_profile_full_attn_stage full_attn_layer=3 stage=kv_read seq_len=128 start_pos=0 elapsed_ms=7.860
kiln_profile_mlp_stage layer=14 stage=down_proj seq_len=192 start_pos=0 elapsed_ms=7.234
kiln_profile_mlp_stage layer=14 stage=up_proj seq_len=80 start_pos=0 elapsed_ms=6.224
kiln_profile_full_attn_stage full_attn_layer=3 stage=qkv_proj seq_len=192 start_pos=0 elapsed_ms=10.091
kiln_profile_gdn_stage layer=14 stage=gates seq_len=40 start_pos=0 elapsed_ms=32.810
kiln_profile_full_attn_stage full_attn_layer=3 stage=qkv_split seq_len=192 start_pos=0 elapsed_ms=3.181
kiln_profile_mlp_stage layer=14 stage=hidden_mul seq_len=80 start_pos=0 elapsed_ms=7.086
kiln_profile_gdn_stage layer=14 stage=recurrent seq_len=40 start_pos=0 elapsed_ms=2.036
kiln_profile_full_attn_stage full_attn_layer=3 stage=qk_norm seq_len=192 start_pos=0 elapsed_ms=2.037
kiln_profile_mlp_stage layer=14 stage=down_proj seq_len=80 start_pos=0 elapsed_ms=5.703
kiln_profile_gdn_stage layer=14 stage=post_transpose seq_len=40 start_pos=0 elapsed_ms=0.003
kiln_profile_full_attn_stage full_attn_layer=3 stage=rope seq_len=192 start_pos=0 elapsed_ms=0.663
kiln_profile_gdn_stage layer=14 stage=gated_norm seq_len=40 start_pos=0 elapsed_ms=1.113
kiln_profile_full_attn_stage full_attn_layer=3 stage=q_transpose seq_len=192 start_pos=0 elapsed_ms=2.854
kiln_profile_gdn_stage layer=14 stage=out_proj seq_len=40 start_pos=0 elapsed_ms=1.173
kiln_profile_full_attn_stage full_attn_layer=3 stage=qkv_proj seq_len=80 start_pos=0 elapsed_ms=8.979
kiln_profile_full_attn_stage full_attn_layer=3 stage=prefill_kv_head_layout seq_len=192 start_pos=0 elapsed_ms=1.283
kiln_profile_full_attn_stage full_attn_layer=3 stage=qkv_split seq_len=80 start_pos=0 elapsed_ms=1.420
kiln_profile_full_attn_stage full_attn_layer=3 stage=prefill_attn_head_major seq_len=192 start_pos=0 elapsed_ms=0.014
kiln_profile_mlp_stage layer=14 stage=gate_proj seq_len=40 start_pos=0 elapsed_ms=2.549
kiln_profile_mlp_stage layer=14 stage=gate_silu seq_len=40 start_pos=0 elapsed_ms=0.739
kiln_profile_mlp_stage layer=14 stage=up_proj seq_len=40 start_pos=0 elapsed_ms=2.876
kiln_profile_mlp_stage layer=14 stage=hidden_mul seq_len=40 start_pos=0 elapsed_ms=0.753
kiln_profile_full_attn_stage full_attn_layer=3 stage=prefill_attn_fallback seq_len=192 start_pos=0 elapsed_ms=11.726
kiln_profile_full_attn_stage full_attn_layer=3 stage=qk_norm seq_len=80 start_pos=0 elapsed_ms=14.667
kiln_profile_mlp_stage layer=14 stage=down_proj seq_len=40 start_pos=0 elapsed_ms=12.839
kiln_profile_mlp_stage layer=15 stage=gate_proj seq_len=128 start_pos=0 elapsed_ms=19.998
kiln_profile_full_attn_stage full_attn_layer=3 stage=kv_write seq_len=192 start_pos=0 elapsed_ms=0.611
kiln_profile_full_attn_stage full_attn_layer=3 stage=rope seq_len=80 start_pos=0 elapsed_ms=2.073
kiln_profile_full_attn_stage full_attn_layer=3 stage=kv_read seq_len=192 start_pos=0 elapsed_ms=1.615
kiln_profile_mlp_stage layer=15 stage=gate_silu seq_len=128 start_pos=0 elapsed_ms=2.273
kiln_profile_full_attn_stage full_attn_layer=3 stage=qkv_proj seq_len=40 start_pos=0 elapsed_ms=11.003
kiln_profile_mlp_stage layer=15 stage=up_proj seq_len=128 start_pos=0 elapsed_ms=6.444
kiln_profile_full_attn_stage full_attn_layer=3 stage=q_transpose seq_len=80 start_pos=0 elapsed_ms=10.378
kiln_profile_full_attn_stage full_attn_layer=3 stage=prefill_kv_head_layout seq_len=80 start_pos=0 elapsed_ms=3.248
kiln_profile_full_attn_stage full_attn_layer=3 stage=qkv_split seq_len=40 start_pos=0 elapsed_ms=6.194
kiln_profile_mlp_stage layer=15 stage=hidden_mul seq_len=128 start_pos=0 elapsed_ms=6.192
kiln_profile_full_attn_stage full_attn_layer=3 stage=prefill_attn_head_major seq_len=80 start_pos=0 elapsed_ms=0.723
kiln_profile_mlp_stage layer=15 stage=down_proj seq_len=128 start_pos=0 elapsed_ms=6.994
kiln_profile_full_attn_stage full_attn_layer=3 stage=qk_norm seq_len=40 start_pos=0 elapsed_ms=9.709
kiln_profile_full_attn_stage full_attn_layer=3 stage=prefill_attn_fallback seq_len=80 start_pos=0 elapsed_ms=12.673
kiln_profile_full_attn_stage full_attn_layer=3 stage=rope seq_len=40 start_pos=0 elapsed_ms=7.105
kiln_profile_gdn_stage layer=16 stage=in_proj seq_len=128 start_pos=0 elapsed_ms=20.010
kiln_profile_full_attn_stage full_attn_layer=3 stage=q_transpose seq_len=40 start_pos=0 elapsed_ms=0.528
kiln_profile_full_attn_stage full_attn_layer=3 stage=kv_write seq_len=80 start_pos=0 elapsed_ms=5.433
kiln_profile_full_attn_stage full_attn_layer=3 stage=prefill_kv_head_layout seq_len=40 start_pos=0 elapsed_ms=7.041
kiln_profile_mlp_stage layer=15 stage=gate_proj seq_len=192 start_pos=0 elapsed_ms=7.075
kiln_profile_gdn_stage layer=16 stage=qkv_conv_split_norm seq_len=128 start_pos=0 elapsed_ms=7.484
kiln_profile_full_attn_stage full_attn_layer=3 stage=prefill_attn_head_major seq_len=40 start_pos=0 elapsed_ms=0.008
kiln_profile_full_attn_stage full_attn_layer=3 stage=kv_read seq_len=80 start_pos=0 elapsed_ms=1.361
kiln_profile_mlp_stage layer=15 stage=gate_silu seq_len=192 start_pos=0 elapsed_ms=2.055
kiln_profile_full_attn_stage full_attn_layer=3 stage=prefill_attn_fallback seq_len=40 start_pos=0 elapsed_ms=2.769
kiln_profile_mlp_stage layer=15 stage=up_proj seq_len=192 start_pos=0 elapsed_ms=9.544
kiln_profile_mlp_stage layer=15 stage=hidden_mul seq_len=192 start_pos=0 elapsed_ms=0.989
kiln_profile_full_attn_stage full_attn_layer=3 stage=kv_write seq_len=40 start_pos=0 elapsed_ms=1.631
kiln_profile_mlp_stage layer=15 stage=down_proj seq_len=192 start_pos=0 elapsed_ms=6.572
kiln_profile_gdn_stage layer=16 stage=gates seq_len=128 start_pos=0 elapsed_ms=25.024
kiln_profile_full_attn_stage full_attn_layer=3 stage=kv_read seq_len=40 start_pos=0 elapsed_ms=0.610
kiln_profile_gdn_stage layer=16 stage=recurrent seq_len=128 start_pos=0 elapsed_ms=3.145
kiln_profile_gdn_stage layer=16 stage=post_transpose seq_len=128 start_pos=0 elapsed_ms=0.005
kiln_profile_gdn_stage layer=16 stage=gated_norm seq_len=128 start_pos=0 elapsed_ms=1.152
kiln_profile_mlp_stage layer=15 stage=gate_proj seq_len=80 start_pos=0 elapsed_ms=5.469
kiln_profile_gdn_stage layer=16 stage=in_proj seq_len=192 start_pos=0 elapsed_ms=18.546
kiln_profile_gdn_stage layer=16 stage=out_proj seq_len=128 start_pos=0 elapsed_ms=3.977
kiln_profile_gdn_stage layer=16 stage=qkv_conv_split_norm seq_len=192 start_pos=0 elapsed_ms=1.909
kiln_profile_mlp_stage layer=15 stage=gate_silu seq_len=80 start_pos=0 elapsed_ms=5.615
kiln_profile_mlp_stage layer=15 stage=up_proj seq_len=80 start_pos=0 elapsed_ms=9.713
kiln_profile_mlp_stage layer=16 stage=gate_proj seq_len=128 start_pos=0 elapsed_ms=9.971
kiln_profile_mlp_stage layer=15 stage=hidden_mul seq_len=80 start_pos=0 elapsed_ms=0.672
kiln_profile_mlp_stage layer=16 stage=gate_silu seq_len=128 start_pos=0 elapsed_ms=2.328
kiln_profile_mlp_stage layer=15 stage=down_proj seq_len=80 start_pos=0 elapsed_ms=4.337
kiln_profile_mlp_stage layer=16 stage=up_proj seq_len=128 start_pos=0 elapsed_ms=6.772
kiln_profile_mlp_stage layer=15 stage=gate_proj seq_len=40 start_pos=0 elapsed_ms=3.296
kiln_profile_mlp_stage layer=16 stage=hidden_mul seq_len=128 start_pos=0 elapsed_ms=2.705
kiln_profile_gdn_stage layer=16 stage=in_proj seq_len=80 start_pos=0 elapsed_ms=7.644
kiln_profile_gdn_stage layer=16 stage=gates seq_len=192 start_pos=0 elapsed_ms=36.156
kiln_profile_mlp_stage layer=16 stage=down_proj seq_len=128 start_pos=0 elapsed_ms=6.030
kiln_profile_mlp_stage layer=15 stage=gate_silu seq_len=40 start_pos=0 elapsed_ms=12.204
kiln_profile_gdn_stage layer=16 stage=recurrent seq_len=192 start_pos=0 elapsed_ms=5.087
kiln_profile_mlp_stage layer=15 stage=up_proj seq_len=40 start_pos=0 elapsed_ms=2.222
kiln_profile_gdn_stage layer=16 stage=post_transpose seq_len=192 start_pos=0 elapsed_ms=0.002
kiln_profile_mlp_stage layer=15 stage=hidden_mul seq_len=40 start_pos=0 elapsed_ms=3.178
kiln_profile_gdn_stage layer=16 stage=qkv_conv_split_norm seq_len=80 start_pos=0 elapsed_ms=15.464
kiln_profile_gdn_stage layer=16 stage=gated_norm seq_len=192 start_pos=0 elapsed_ms=1.539
kiln_profile_gdn_stage layer=17 stage=in_proj seq_len=128 start_pos=0 elapsed_ms=15.863
kiln_profile_mlp_stage layer=15 stage=down_proj seq_len=40 start_pos=0 elapsed_ms=2.777
kiln_profile_gdn_stage layer=16 stage=out_proj seq_len=192 start_pos=0 elapsed_ms=3.269
kiln_profile_gdn_stage layer=17 stage=qkv_conv_split_norm seq_len=128 start_pos=0 elapsed_ms=6.104
kiln_profile_mlp_stage layer=16 stage=gate_proj seq_len=192 start_pos=0 elapsed_ms=6.635
kiln_profile_gdn_stage layer=16 stage=in_proj seq_len=40 start_pos=0 elapsed_ms=11.355
kiln_profile_mlp_stage layer=16 stage=gate_silu seq_len=192 start_pos=0 elapsed_ms=2.064
kiln_profile_gdn_stage layer=16 stage=qkv_conv_split_norm seq_len=40 start_pos=0 elapsed_ms=1.851
kiln_profile_gdn_stage layer=16 stage=gates seq_len=80 start_pos=0 elapsed_ms=20.831
kiln_profile_mlp_stage layer=16 stage=up_proj seq_len=192 start_pos=0 elapsed_ms=5.427
kiln_profile_gdn_stage layer=16 stage=recurrent seq_len=80 start_pos=0 elapsed_ms=2.137
kiln_profile_mlp_stage layer=16 stage=hidden_mul seq_len=192 start_pos=0 elapsed_ms=0.624
kiln_profile_gdn_stage layer=16 stage=post_transpose seq_len=80 start_pos=0 elapsed_ms=0.002
kiln_profile_gdn_stage layer=17 stage=gates seq_len=128 start_pos=0 elapsed_ms=11.995
kiln_profile_gdn_stage layer=16 stage=gated_norm seq_len=80 start_pos=0 elapsed_ms=0.300
kiln_profile_gdn_stage layer=17 stage=recurrent seq_len=128 start_pos=0 elapsed_ms=2.924
kiln_profile_gdn_stage layer=16 stage=out_proj seq_len=80 start_pos=0 elapsed_ms=2.214
kiln_profile_gdn_stage layer=17 stage=post_transpose seq_len=128 start_pos=0 elapsed_ms=0.003
kiln_profile_mlp_stage layer=16 stage=down_proj seq_len=192 start_pos=0 elapsed_ms=11.694
kiln_profile_gdn_stage layer=16 stage=gates seq_len=40 start_pos=0 elapsed_ms=17.966
kiln_profile_gdn_stage layer=16 stage=recurrent seq_len=40 start_pos=0 elapsed_ms=3.869
kiln_profile_gdn_stage layer=16 stage=post_transpose seq_len=40 start_pos=0 elapsed_ms=0.002
kiln_profile_gdn_stage layer=16 stage=gated_norm seq_len=40 start_pos=0 elapsed_ms=1.473
kiln_profile_gdn_stage layer=17 stage=gated_norm seq_len=128 start_pos=0 elapsed_ms=11.706
kiln_profile_gdn_stage layer=16 stage=out_proj seq_len=40 start_pos=0 elapsed_ms=13.542
kiln_profile_gdn_stage layer=17 stage=in_proj seq_len=192 start_pos=0 elapsed_ms=17.922
kiln_profile_mlp_stage layer=16 stage=gate_proj seq_len=80 start_pos=0 elapsed_ms=8.520
kiln_profile_gdn_stage layer=17 stage=out_proj seq_len=128 start_pos=0 elapsed_ms=4.031
kiln_profile_gdn_stage layer=17 stage=qkv_conv_split_norm seq_len=192 start_pos=0 elapsed_ms=2.141
kiln_profile_mlp_stage layer=16 stage=gate_proj seq_len=40 start_pos=0 elapsed_ms=2.932
kiln_profile_mlp_stage layer=16 stage=gate_silu seq_len=80 start_pos=0 elapsed_ms=11.756
kiln_profile_mlp_stage layer=17 stage=gate_proj seq_len=128 start_pos=0 elapsed_ms=8.848
kiln_profile_mlp_stage layer=16 stage=gate_silu seq_len=40 start_pos=0 elapsed_ms=9.935
kiln_profile_mlp_stage layer=16 stage=up_proj seq_len=80 start_pos=0 elapsed_ms=5.717
kiln_profile_mlp_stage layer=17 stage=gate_silu seq_len=128 start_pos=0 elapsed_ms=5.773
kiln_profile_mlp_stage layer=16 stage=hidden_mul seq_len=80 start_pos=0 elapsed_ms=2.829
kiln_profile_mlp_stage layer=17 stage=up_proj seq_len=128 start_pos=0 elapsed_ms=9.651
kiln_profile_mlp_stage layer=16 stage=up_proj seq_len=40 start_pos=0 elapsed_ms=10.002
kiln_profile_mlp_stage layer=17 stage=hidden_mul seq_len=128 start_pos=0 elapsed_ms=4.818
kiln_profile_mlp_stage layer=16 stage=down_proj seq_len=80 start_pos=0 elapsed_ms=6.084
kiln_profile_mlp_stage layer=16 stage=hidden_mul seq_len=40 start_pos=0 elapsed_ms=7.652
kiln_profile_mlp_stage layer=17 stage=down_proj seq_len=128 start_pos=0 elapsed_ms=7.476
kiln_profile_mlp_stage layer=16 stage=down_proj seq_len=40 start_pos=0 elapsed_ms=8.617
kiln_profile_gdn_stage layer=17 stage=gates seq_len=192 start_pos=0 elapsed_ms=59.675
kiln_profile_gdn_stage layer=17 stage=in_proj seq_len=80 start_pos=0 elapsed_ms=17.882
kiln_profile_gdn_stage layer=18 stage=in_proj seq_len=128 start_pos=0 elapsed_ms=13.270
kiln_profile_gdn_stage layer=17 stage=recurrent seq_len=192 start_pos=0 elapsed_ms=5.923
kiln_profile_gdn_stage layer=17 stage=qkv_conv_split_norm seq_len=80 start_pos=0 elapsed_ms=5.663
kiln_profile_gdn_stage layer=18 stage=qkv_conv_split_norm seq_len=128 start_pos=0 elapsed_ms=3.600
kiln_profile_gdn_stage layer=17 stage=in_proj seq_len=40 start_pos=0 elapsed_ms=5.704
kiln_profile_gdn_stage layer=17 stage=post_transpose seq_len=192 start_pos=0 elapsed_ms=0.001
kiln_profile_gdn_stage layer=17 stage=qkv_conv_split_norm seq_len=40 start_pos=0 elapsed_ms=1.216
kiln_profile_gdn_stage layer=17 stage=gated_norm seq_len=192 start_pos=0 elapsed_ms=1.159
kiln_profile_gdn_stage layer=17 stage=out_proj seq_len=192 start_pos=0 elapsed_ms=3.082
kiln_profile_mlp_stage layer=17 stage=gate_proj seq_len=192 start_pos=0 elapsed_ms=5.898
kiln_profile_gdn_stage layer=17 stage=gates seq_len=80 start_pos=0 elapsed_ms=15.257
kiln_profile_gdn_stage layer=17 stage=gates seq_len=40 start_pos=0 elapsed_ms=18.433
kiln_profile_gdn_stage layer=17 stage=recurrent seq_len=80 start_pos=0 elapsed_ms=5.310
kiln_profile_mlp_stage layer=17 stage=gate_silu seq_len=192 start_pos=0 elapsed_ms=6.412
kiln_profile_gdn_stage layer=18 stage=gates seq_len=128 start_pos=0 elapsed_ms=22.340
kiln_profile_gdn_stage layer=17 stage=post_transpose seq_len=80 start_pos=0 elapsed_ms=0.003
kiln_profile_gdn_stage layer=17 stage=recurrent seq_len=40 start_pos=0 elapsed_ms=1.167
kiln_profile_mlp_stage layer=17 stage=up_proj seq_len=192 start_pos=0 elapsed_ms=5.716
kiln_profile_gdn_stage layer=17 stage=post_transpose seq_len=40 start_pos=0 elapsed_ms=0.004
kiln_profile_gdn_stage layer=17 stage=gated_norm seq_len=80 start_pos=0 elapsed_ms=0.492
kiln_profile_gdn_stage layer=18 stage=recurrent seq_len=128 start_pos=0 elapsed_ms=3.385
kiln_profile_mlp_stage layer=17 stage=hidden_mul seq_len=192 start_pos=0 elapsed_ms=0.761
kiln_profile_gdn_stage layer=18 stage=post_transpose seq_len=128 start_pos=0 elapsed_ms=0.366
kiln_profile_gdn_stage layer=17 stage=gated_norm seq_len=40 start_pos=0 elapsed_ms=0.398
kiln_profile_gdn_stage layer=17 stage=out_proj seq_len=80 start_pos=0 elapsed_ms=2.200
kiln_profile_gdn_stage layer=17 stage=out_proj seq_len=40 start_pos=0 elapsed_ms=2.087
kiln_profile_mlp_stage layer=17 stage=down_proj seq_len=192 start_pos=0 elapsed_ms=8.743
kiln_profile_gdn_stage layer=18 stage=gated_norm seq_len=128 start_pos=0 elapsed_ms=2.366
kiln_profile_mlp_stage layer=17 stage=gate_proj seq_len=80 start_pos=0 elapsed_ms=4.209
kiln_profile_mlp_stage layer=17 stage=gate_proj seq_len=40 start_pos=0 elapsed_ms=6.641
kiln_profile_gdn_stage layer=18 stage=out_proj seq_len=128 start_pos=0 elapsed_ms=7.504
kiln_profile_mlp_stage layer=18 stage=gate_proj seq_len=128 start_pos=0 elapsed_ms=7.886
kiln_profile_mlp_stage layer=17 stage=gate_silu seq_len=40 start_pos=0 elapsed_ms=13.681
kiln_profile_mlp_stage layer=17 stage=gate_silu seq_len=80 start_pos=0 elapsed_ms=26.395
kiln_profile_gdn_stage layer=18 stage=in_proj seq_len=192 start_pos=0 elapsed_ms=19.753
kiln_profile_mlp_stage layer=18 stage=gate_silu seq_len=128 start_pos=0 elapsed_ms=0.750
kiln_profile_mlp_stage layer=17 stage=up_proj seq_len=40 start_pos=0 elapsed_ms=6.810
kiln_profile_mlp_stage layer=17 stage=up_proj seq_len=80 start_pos=0 elapsed_ms=6.817
kiln_profile_gdn_stage layer=18 stage=qkv_conv_split_norm seq_len=192 start_pos=0 elapsed_ms=10.835
kiln_profile_mlp_stage layer=18 stage=up_proj seq_len=128 start_pos=0 elapsed_ms=10.841
kiln_profile_mlp_stage layer=17 stage=hidden_mul seq_len=40 start_pos=0 elapsed_ms=0.900
kiln_profile_mlp_stage layer=17 stage=hidden_mul seq_len=80 start_pos=0 elapsed_ms=0.908
kiln_profile_mlp_stage layer=18 stage=hidden_mul seq_len=128 start_pos=0 elapsed_ms=3.852
kiln_profile_mlp_stage layer=17 stage=down_proj seq_len=40 start_pos=0 elapsed_ms=8.855
kiln_profile_mlp_stage layer=17 stage=down_proj seq_len=80 start_pos=0 elapsed_ms=9.147
kiln_profile_mlp_stage layer=18 stage=down_proj seq_len=128 start_pos=0 elapsed_ms=8.037
kiln_profile_gdn_stage layer=18 stage=in_proj seq_len=80 start_pos=0 elapsed_ms=13.744
kiln_profile_gdn_stage layer=18 stage=gates seq_len=192 start_pos=0 elapsed_ms=33.167
kiln_profile_full_attn_stage full_attn_layer=4 stage=qkv_proj seq_len=128 start_pos=0 elapsed_ms=10.757
kiln_profile_gdn_stage layer=18 stage=in_proj seq_len=40 start_pos=0 elapsed_ms=22.495
kiln_profile_gdn_stage layer=18 stage=recurrent seq_len=192 start_pos=0 elapsed_ms=5.721
kiln_profile_gdn_stage layer=18 stage=qkv_conv_split_norm seq_len=40 start_pos=0 elapsed_ms=2.217
kiln_profile_gdn_stage layer=18 stage=qkv_conv_split_norm seq_len=80 start_pos=0 elapsed_ms=8.433
kiln_profile_gdn_stage layer=18 stage=post_transpose seq_len=192 start_pos=0 elapsed_ms=0.001
kiln_profile_full_attn_stage full_attn_layer=4 stage=qkv_split seq_len=128 start_pos=0 elapsed_ms=3.795
kiln_profile_gdn_stage layer=18 stage=gates seq_len=80 start_pos=0 elapsed_ms=0.634
kiln_profile_gdn_stage layer=18 stage=recurrent seq_len=80 start_pos=0 elapsed_ms=6.861
kiln_profile_gdn_stage layer=18 stage=gated_norm seq_len=192 start_pos=0 elapsed_ms=0.583
kiln_profile_gdn_stage layer=18 stage=post_transpose seq_len=80 start_pos=0 elapsed_ms=0.002
kiln_profile_full_attn_stage full_attn_layer=4 stage=qk_norm seq_len=128 start_pos=0 elapsed_ms=9.064
kiln_profile_gdn_stage layer=18 stage=gated_norm seq_len=80 start_pos=0 elapsed_ms=3.931
kiln_profile_gdn_stage layer=18 stage=out_proj seq_len=192 start_pos=0 elapsed_ms=4.187
kiln_profile_full_attn_stage full_attn_layer=4 stage=rope seq_len=128 start_pos=0 elapsed_ms=0.833
kiln_profile_full_attn_stage full_attn_layer=4 stage=q_transpose seq_len=128 start_pos=0 elapsed_ms=4.286
kiln_profile_mlp_stage layer=18 stage=gate_proj seq_len=192 start_pos=0 elapsed_ms=7.187
kiln_profile_gdn_stage layer=18 stage=out_proj seq_len=80 start_pos=0 elapsed_ms=12.572
kiln_profile_full_attn_stage full_attn_layer=4 stage=prefill_kv_head_layout seq_len=128 start_pos=0 elapsed_ms=2.234
kiln_profile_full_attn_stage full_attn_layer=4 stage=prefill_attn_head_major seq_len=128 start_pos=0 elapsed_ms=0.007
kiln_profile_mlp_stage layer=18 stage=gate_silu seq_len=192 start_pos=0 elapsed_ms=8.110
kiln_profile_mlp_stage layer=18 stage=gate_proj seq_len=80 start_pos=0 elapsed_ms=6.444
kiln_profile_gdn_stage layer=18 stage=gates seq_len=40 start_pos=0 elapsed_ms=47.400
kiln_profile_full_attn_stage full_attn_layer=4 stage=prefill_attn_fallback seq_len=128 start_pos=0 elapsed_ms=18.798
kiln_profile_mlp_stage layer=18 stage=up_proj seq_len=192 start_pos=0 elapsed_ms=17.796
kiln_profile_mlp_stage layer=18 stage=hidden_mul seq_len=192 start_pos=0 elapsed_ms=1.999
kiln_profile_mlp_stage layer=18 stage=gate_silu seq_len=80 start_pos=0 elapsed_ms=13.058
kiln_profile_full_attn_stage full_attn_layer=4 stage=kv_write seq_len=128 start_pos=0 elapsed_ms=4.779
kiln_profile_gdn_stage layer=18 stage=recurrent seq_len=40 start_pos=0 elapsed_ms=5.165
kiln_profile_mlp_stage layer=18 stage=down_proj seq_len=192 start_pos=0 elapsed_ms=6.754
kiln_profile_gdn_stage layer=18 stage=post_transpose seq_len=40 start_pos=0 elapsed_ms=0.009
kiln_profile_mlp_stage layer=18 stage=up_proj seq_len=80 start_pos=0 elapsed_ms=4.223
kiln_profile_full_attn_stage full_attn_layer=4 stage=kv_read seq_len=128 start_pos=0 elapsed_ms=1.927
kiln_profile_gdn_stage layer=18 stage=gated_norm seq_len=40 start_pos=0 elapsed_ms=6.654
kiln_profile_mlp_stage layer=18 stage=hidden_mul seq_len=80 start_pos=0 elapsed_ms=5.224
kiln_profile_full_attn_stage full_attn_layer=4 stage=qkv_proj seq_len=192 start_pos=0 elapsed_ms=12.935
kiln_profile_gdn_stage layer=18 stage=out_proj seq_len=40 start_pos=0 elapsed_ms=2.514
kiln_profile_mlp_stage layer=18 stage=down_proj seq_len=80 start_pos=0 elapsed_ms=6.038
kiln_profile_full_attn_stage full_attn_layer=4 stage=qkv_split seq_len=192 start_pos=0 elapsed_ms=3.445
kiln_profile_mlp_stage layer=18 stage=gate_proj seq_len=40 start_pos=0 elapsed_ms=7.247
kiln_profile_full_attn_stage full_attn_layer=4 stage=qk_norm seq_len=192 start_pos=0 elapsed_ms=6.919
kiln_profile_full_attn_stage full_attn_layer=4 stage=qkv_proj seq_len=80 start_pos=0 elapsed_ms=7.339
kiln_profile_full_attn_stage full_attn_layer=4 stage=qkv_split seq_len=80 start_pos=0 elapsed_ms=3.361
kiln_profile_mlp_stage layer=18 stage=gate_silu seq_len=40 start_pos=0 elapsed_ms=4.566
kiln_profile_full_attn_stage full_attn_layer=4 stage=rope seq_len=192 start_pos=0 elapsed_ms=2.606
kiln_profile_full_attn_stage full_attn_layer=4 stage=q_transpose seq_len=192 start_pos=0 elapsed_ms=3.829
kiln_profile_full_attn_stage full_attn_layer=4 stage=qk_norm seq_len=80 start_pos=0 elapsed_ms=4.290
kiln_profile_mlp_stage layer=18 stage=up_proj seq_len=40 start_pos=0 elapsed_ms=3.880
kiln_profile_full_attn_stage full_attn_layer=4 stage=rope seq_len=80 start_pos=0 elapsed_ms=7.080
kiln_profile_full_attn_stage full_attn_layer=4 stage=prefill_kv_head_layout seq_len=192 start_pos=0 elapsed_ms=7.735
kiln_profile_mlp_stage layer=19 stage=gate_proj seq_len=128 start_pos=0 elapsed_ms=7.749
kiln_profile_full_attn_stage full_attn_layer=4 stage=q_transpose seq_len=80 start_pos=0 elapsed_ms=0.740
kiln_profile_mlp_stage layer=18 stage=hidden_mul seq_len=40 start_pos=0 elapsed_ms=0.727
kiln_profile_full_attn_stage full_attn_layer=4 stage=prefill_attn_head_major seq_len=192 start_pos=0 elapsed_ms=0.009
kiln_profile_full_attn_stage full_attn_layer=4 stage=prefill_kv_head_layout seq_len=80 start_pos=0 elapsed_ms=1.344
kiln_profile_full_attn_stage full_attn_layer=4 stage=prefill_attn_fallback seq_len=192 start_pos=0 elapsed_ms=7.322
kiln_profile_mlp_stage layer=19 stage=gate_silu seq_len=128 start_pos=0 elapsed_ms=9.048
kiln_profile_full_attn_stage full_attn_layer=4 stage=prefill_attn_head_major seq_len=80 start_pos=0 elapsed_ms=0.015
kiln_profile_mlp_stage layer=18 stage=down_proj seq_len=40 start_pos=0 elapsed_ms=10.141
kiln_profile_full_attn_stage full_attn_layer=4 stage=kv_write seq_len=192 start_pos=0 elapsed_ms=7.166
kiln_profile_mlp_stage layer=19 stage=up_proj seq_len=128 start_pos=0 elapsed_ms=7.178
kiln_profile_full_attn_stage full_attn_layer=4 stage=prefill_attn_fallback seq_len=80 start_pos=0 elapsed_ms=2.679
kiln_profile_mlp_stage layer=19 stage=hidden_mul seq_len=128 start_pos=0 elapsed_ms=3.779
kiln_profile_full_attn_stage full_attn_layer=4 stage=kv_read seq_len=192 start_pos=0 elapsed_ms=3.288
kiln_profile_full_attn_stage full_attn_layer=4 stage=kv_write seq_len=80 start_pos=0 elapsed_ms=2.660
kiln_profile_full_attn_stage full_attn_layer=4 stage=qkv_proj seq_len=40 start_pos=0 elapsed_ms=5.378
kiln_profile_mlp_stage layer=19 stage=down_proj seq_len=128 start_pos=0 elapsed_ms=7.563
kiln_profile_full_attn_stage full_attn_layer=4 stage=qkv_split seq_len=40 start_pos=0 elapsed_ms=7.665
kiln_profile_full_attn_stage full_attn_layer=4 stage=kv_read seq_len=80 start_pos=0 elapsed_ms=14.517
kiln_profile_full_attn_stage full_attn_layer=4 stage=qk_norm seq_len=40 start_pos=0 elapsed_ms=2.836
kiln_profile_gdn_stage layer=20 stage=in_proj seq_len=128 start_pos=0 elapsed_ms=17.672
kiln_profile_full_attn_stage full_attn_layer=4 stage=rope seq_len=40 start_pos=0 elapsed_ms=0.790
kiln_profile_full_attn_stage full_attn_layer=4 stage=q_transpose seq_len=40 start_pos=0 elapsed_ms=5.512
kiln_profile_full_attn_stage full_attn_layer=4 stage=prefill_kv_head_layout seq_len=40 start_pos=0 elapsed_ms=0.330
kiln_profile_gdn_stage layer=20 stage=qkv_conv_split_norm seq_len=128 start_pos=0 elapsed_ms=13.656
kiln_profile_full_attn_stage full_attn_layer=4 stage=prefill_attn_head_major seq_len=40 start_pos=0 elapsed_ms=5.938
kiln_profile_mlp_stage layer=19 stage=gate_proj seq_len=192 start_pos=0 elapsed_ms=6.554
kiln_profile_full_attn_stage full_attn_layer=4 stage=prefill_attn_fallback seq_len=40 start_pos=0 elapsed_ms=2.132
kiln_profile_mlp_stage layer=19 stage=gate_silu seq_len=192 start_pos=0 elapsed_ms=2.844
kiln_profile_full_attn_stage full_attn_layer=4 stage=kv_write seq_len=40 start_pos=0 elapsed_ms=8.183
kiln_profile_mlp_stage layer=19 stage=gate_proj seq_len=80 start_pos=0 elapsed_ms=9.016
kiln_profile_mlp_stage layer=19 stage=up_proj seq_len=192 start_pos=0 elapsed_ms=12.827
kiln_profile_gdn_stage layer=20 stage=gates seq_len=128 start_pos=0 elapsed_ms=16.269
kiln_profile_mlp_stage layer=19 stage=hidden_mul seq_len=192 start_pos=0 elapsed_ms=0.787
kiln_profile_full_attn_stage full_attn_layer=4 stage=kv_read seq_len=40 start_pos=0 elapsed_ms=1.785
kiln_profile_mlp_stage layer=19 stage=gate_silu seq_len=80 start_pos=0 elapsed_ms=1.779
kiln_profile_gdn_stage layer=20 stage=recurrent seq_len=128 start_pos=0 elapsed_ms=2.527
kiln_profile_mlp_stage layer=19 stage=up_proj seq_len=80 start_pos=0 elapsed_ms=10.903
kiln_profile_gdn_stage layer=20 stage=post_transpose seq_len=128 start_pos=0 elapsed_ms=0.008
kiln_profile_mlp_stage layer=19 stage=down_proj seq_len=192 start_pos=0 elapsed_ms=11.989
kiln_profile_mlp_stage layer=19 stage=hidden_mul seq_len=80 start_pos=0 elapsed_ms=1.597
kiln_profile_gdn_stage layer=20 stage=gated_norm seq_len=128 start_pos=0 elapsed_ms=2.231
kiln_profile_gdn_stage layer=20 stage=out_proj seq_len=128 start_pos=0 elapsed_ms=8.580
kiln_profile_mlp_stage layer=19 stage=down_proj seq_len=80 start_pos=0 elapsed_ms=12.689
kiln_profile_gdn_stage layer=20 stage=in_proj seq_len=192 start_pos=0 elapsed_ms=17.587
kiln_profile_mlp_stage layer=20 stage=gate_proj seq_len=128 start_pos=0 elapsed_ms=13.823
kiln_profile_gdn_stage layer=20 stage=in_proj seq_len=80 start_pos=0 elapsed_ms=14.362
kiln_profile_gdn_stage layer=20 stage=qkv_conv_split_norm seq_len=192 start_pos=0 elapsed_ms=2.737
kiln_profile_mlp_stage layer=20 stage=gate_silu seq_len=128 start_pos=0 elapsed_ms=2.133
kiln_profile_mlp_stage layer=20 stage=up_proj seq_len=128 start_pos=0 elapsed_ms=5.687
kiln_profile_mlp_stage layer=20 stage=hidden_mul seq_len=128 start_pos=0 elapsed_ms=0.655
kiln_profile_gdn_stage layer=20 stage=qkv_conv_split_norm seq_len=80 start_pos=0 elapsed_ms=10.361
kiln_profile_mlp_stage layer=20 stage=down_proj seq_len=128 start_pos=0 elapsed_ms=8.443
kiln_profile_mlp_stage layer=19 stage=gate_proj seq_len=40 start_pos=0 elapsed_ms=3.175
kiln_profile_gdn_stage layer=20 stage=gates seq_len=192 start_pos=0 elapsed_ms=34.205
kiln_profile_gdn_stage layer=21 stage=in_proj seq_len=128 start_pos=0 elapsed_ms=11.690
kiln_profile_gdn_stage layer=20 stage=recurrent seq_len=192 start_pos=0 elapsed_ms=4.169
kiln_profile_mlp_stage layer=19 stage=gate_silu seq_len=40 start_pos=0 elapsed_ms=7.056
kiln_profile_gdn_stage layer=21 stage=qkv_conv_split_norm seq_len=128 start_pos=0 elapsed_ms=1.718
kiln_profile_gdn_stage layer=20 stage=post_transpose seq_len=192 start_pos=0 elapsed_ms=0.003
kiln_profile_mlp_stage layer=19 stage=up_proj seq_len=40 start_pos=0 elapsed_ms=2.340
kiln_profile_gdn_stage layer=20 stage=gates seq_len=80 start_pos=0 elapsed_ms=26.075
kiln_profile_mlp_stage layer=19 stage=hidden_mul seq_len=40 start_pos=0 elapsed_ms=0.548
kiln_profile_gdn_stage layer=20 stage=gated_norm seq_len=192 start_pos=0 elapsed_ms=0.944
kiln_profile_mlp_stage layer=19 stage=down_proj seq_len=40 start_pos=0 elapsed_ms=2.593
kiln_profile_gdn_stage layer=20 stage=recurrent seq_len=80 start_pos=0 elapsed_ms=4.364
kiln_profile_gdn_stage layer=20 stage=out_proj seq_len=192 start_pos=0 elapsed_ms=3.428
kiln_profile_gdn_stage layer=20 stage=post_transpose seq_len=80 start_pos=0 elapsed_ms=0.003
kiln_profile_mlp_stage layer=20 stage=gate_proj seq_len=192 start_pos=0 elapsed_ms=5.651
kiln_profile_gdn_stage layer=20 stage=gated_norm seq_len=80 start_pos=0 elapsed_ms=7.424
kiln_profile_gdn_stage layer=20 stage=in_proj seq_len=40 start_pos=0 elapsed_ms=13.831
kiln_profile_mlp_stage layer=20 stage=gate_silu seq_len=192 start_pos=0 elapsed_ms=4.907
kiln_profile_gdn_stage layer=20 stage=out_proj seq_len=80 start_pos=0 elapsed_ms=4.092
kiln_profile_mlp_stage layer=20 stage=up_proj seq_len=192 start_pos=0 elapsed_ms=5.609
kiln_profile_gdn_stage layer=20 stage=qkv_conv_split_norm seq_len=40 start_pos=0 elapsed_ms=7.040
kiln_profile_gdn_stage layer=21 stage=gates seq_len=128 start_pos=0 elapsed_ms=33.925
kiln_profile_mlp_stage layer=20 stage=hidden_mul seq_len=192 start_pos=0 elapsed_ms=0.592
kiln_profile_mlp_stage layer=20 stage=gate_proj seq_len=80 start_pos=0 elapsed_ms=3.819
kiln_profile_mlp_stage layer=20 stage=down_proj seq_len=192 start_pos=0 elapsed_ms=6.506
kiln_profile_gdn_stage layer=21 stage=recurrent seq_len=128 start_pos=0 elapsed_ms=9.453
kiln_profile_gdn_stage layer=21 stage=post_transpose seq_len=128 start_pos=0 elapsed_ms=0.005
kiln_profile_gdn_stage layer=21 stage=gated_norm seq_len=128 start_pos=0 elapsed_ms=0.617
kiln_profile_mlp_stage layer=20 stage=gate_silu seq_len=80 start_pos=0 elapsed_ms=9.997
kiln_profile_gdn_stage layer=21 stage=in_proj seq_len=192 start_pos=0 elapsed_ms=9.851
kiln_profile_gdn_stage layer=21 stage=out_proj seq_len=128 start_pos=0 elapsed_ms=7.097
kiln_profile_mlp_stage layer=20 stage=up_proj seq_len=80 start_pos=0 elapsed_ms=8.865
kiln_profile_gdn_stage layer=21 stage=qkv_conv_split_norm seq_len=192 start_pos=0 elapsed_ms=6.109
kiln_profile_mlp_stage layer=20 stage=hidden_mul seq_len=80 start_pos=0 elapsed_ms=0.637
kiln_profile_gdn_stage layer=20 stage=gates seq_len=40 start_pos=0 elapsed_ms=39.553
kiln_profile_mlp_stage layer=20 stage=down_proj seq_len=80 start_pos=0 elapsed_ms=4.755
kiln_profile_mlp_stage layer=21 stage=gate_proj seq_len=128 start_pos=0 elapsed_ms=12.705
kiln_profile_gdn_stage layer=20 stage=recurrent seq_len=40 start_pos=0 elapsed_ms=2.469
kiln_profile_gdn_stage layer=20 stage=post_transpose seq_len=40 start_pos=0 elapsed_ms=0.006
kiln_profile_gdn_stage layer=21 stage=in_proj seq_len=80 start_pos=0 elapsed_ms=7.190
kiln_profile_gdn_stage layer=20 stage=gated_norm seq_len=40 start_pos=0 elapsed_ms=0.951
kiln_profile_mlp_stage layer=21 stage=gate_silu seq_len=128 start_pos=0 elapsed_ms=9.142
kiln_profile_gdn_stage layer=21 stage=qkv_conv_split_norm seq_len=80 start_pos=0 elapsed_ms=1.216
kiln_profile_gdn_stage layer=20 stage=out_proj seq_len=40 start_pos=0 elapsed_ms=8.805
kiln_profile_gdn_stage layer=21 stage=gates seq_len=192 start_pos=0 elapsed_ms=33.369
kiln_profile_mlp_stage layer=21 stage=up_proj seq_len=128 start_pos=0 elapsed_ms=9.266
kiln_profile_gdn_stage layer=21 stage=recurrent seq_len=192 start_pos=0 elapsed_ms=4.812
kiln_profile_mlp_stage layer=20 stage=gate_proj seq_len=40 start_pos=0 elapsed_ms=4.019
kiln_profile_mlp_stage layer=21 stage=hidden_mul seq_len=128 start_pos=0 elapsed_ms=4.575
kiln_profile_gdn_stage layer=21 stage=post_transpose seq_len=192 start_pos=0 elapsed_ms=0.004
kiln_profile_mlp_stage layer=21 stage=down_proj seq_len=128 start_pos=0 elapsed_ms=8.144
kiln_profile_gdn_stage layer=21 stage=gated_norm seq_len=192 start_pos=0 elapsed_ms=1.558
kiln_profile_mlp_stage layer=20 stage=gate_silu seq_len=40 start_pos=0 elapsed_ms=9.793
kiln_profile_mlp_stage layer=20 stage=up_proj seq_len=40 start_pos=0 elapsed_ms=8.806
kiln_profile_gdn_stage layer=21 stage=out_proj seq_len=192 start_pos=0 elapsed_ms=9.068
kiln_profile_gdn_stage layer=21 stage=gates seq_len=80 start_pos=0 elapsed_ms=36.908
kiln_profile_gdn_stage layer=22 stage=in_proj seq_len=128 start_pos=0 elapsed_ms=17.480
kiln_profile_mlp_stage layer=20 stage=hidden_mul seq_len=40 start_pos=0 elapsed_ms=1.178
kiln_profile_mlp_stage layer=21 stage=gate_proj seq_len=192 start_pos=0 elapsed_ms=11.320
kiln_profile_gdn_stage layer=21 stage=recurrent seq_len=80 start_pos=0 elapsed_ms=6.003
kiln_profile_mlp_stage layer=20 stage=down_proj seq_len=40 start_pos=0 elapsed_ms=4.209
kiln_profile_gdn_stage layer=21 stage=post_transpose seq_len=80 start_pos=0 elapsed_ms=0.003
kiln_profile_gdn_stage layer=22 stage=qkv_conv_split_norm seq_len=128 start_pos=0 elapsed_ms=4.698
kiln_profile_mlp_stage layer=21 stage=gate_silu seq_len=192 start_pos=0 elapsed_ms=1.782
kiln_profile_mlp_stage layer=21 stage=up_proj seq_len=192 start_pos=0 elapsed_ms=6.313
kiln_profile_gdn_stage layer=21 stage=gated_norm seq_len=80 start_pos=0 elapsed_ms=5.966
kiln_profile_gdn_stage layer=21 stage=in_proj seq_len=40 start_pos=0 elapsed_ms=12.238
kiln_profile_mlp_stage layer=21 stage=hidden_mul seq_len=192 start_pos=0 elapsed_ms=0.804
kiln_profile_gdn_stage layer=21 stage=qkv_conv_split_norm seq_len=40 start_pos=0 elapsed_ms=0.711
kiln_profile_gdn_stage layer=21 stage=out_proj seq_len=80 start_pos=0 elapsed_ms=3.200
kiln_profile_mlp_stage layer=21 stage=down_proj seq_len=192 start_pos=0 elapsed_ms=8.719
kiln_profile_gdn_stage layer=22 stage=gates seq_len=128 start_pos=0 elapsed_ms=23.936
kiln_profile_gdn_stage layer=22 stage=recurrent seq_len=128 start_pos=0 elapsed_ms=6.717
kiln_profile_mlp_stage layer=21 stage=gate_proj seq_len=80 start_pos=0 elapsed_ms=7.822
kiln_profile_gdn_stage layer=22 stage=post_transpose seq_len=128 start_pos=0 elapsed_ms=0.010
kiln_profile_gdn_stage layer=22 stage=in_proj seq_len=192 start_pos=0 elapsed_ms=10.634
kiln_profile_gdn_stage layer=22 stage=gated_norm seq_len=128 start_pos=0 elapsed_ms=1.556
kiln_profile_gdn_stage layer=22 stage=out_proj seq_len=128 start_pos=0 elapsed_ms=3.928
kiln_profile_mlp_stage layer=21 stage=gate_silu seq_len=80 start_pos=0 elapsed_ms=10.642
kiln_profile_gdn_stage layer=22 stage=qkv_conv_split_norm seq_len=192 start_pos=0 elapsed_ms=8.164
kiln_profile_gdn_stage layer=21 stage=gates seq_len=40 start_pos=0 elapsed_ms=37.392
kiln_profile_gdn_stage layer=21 stage=recurrent seq_len=40 start_pos=0 elapsed_ms=12.980
kiln_profile_mlp_stage layer=21 stage=up_proj seq_len=80 start_pos=0 elapsed_ms=13.738
kiln_profile_mlp_stage layer=22 stage=gate_proj seq_len=128 start_pos=0 elapsed_ms=9.323
kiln_profile_gdn_stage layer=21 stage=post_transpose seq_len=40 start_pos=0 elapsed_ms=0.006
kiln_profile_gdn_stage layer=21 stage=gated_norm seq_len=40 start_pos=0 elapsed_ms=0.948
kiln_profile_mlp_stage layer=21 stage=hidden_mul seq_len=80 start_pos=0 elapsed_ms=1.449
kiln_profile_mlp_stage layer=21 stage=down_proj seq_len=80 start_pos=0 elapsed_ms=6.891
kiln_profile_mlp_stage layer=22 stage=gate_silu seq_len=128 start_pos=0 elapsed_ms=10.885
kiln_profile_gdn_stage layer=21 stage=out_proj seq_len=40 start_pos=0 elapsed_ms=8.110
kiln_profile_gdn_stage layer=22 stage=gates seq_len=192 start_pos=0 elapsed_ms=41.112
kiln_profile_mlp_stage layer=22 stage=up_proj seq_len=128 start_pos=0 elapsed_ms=11.571
kiln_profile_gdn_stage layer=22 stage=in_proj seq_len=80 start_pos=0 elapsed_ms=26.614
kiln_profile_gdn_stage layer=22 stage=recurrent seq_len=192 start_pos=0 elapsed_ms=10.095
kiln_profile_mlp_stage layer=21 stage=gate_proj seq_len=40 start_pos=0 elapsed_ms=11.850
kiln_profile_mlp_stage layer=22 stage=hidden_mul seq_len=128 start_pos=0 elapsed_ms=0.752
kiln_profile_gdn_stage layer=22 stage=post_transpose seq_len=192 start_pos=0 elapsed_ms=0.001
kiln_profile_gdn_stage layer=22 stage=qkv_conv_split_norm seq_len=80 start_pos=0 elapsed_ms=1.064
kiln_profile_gdn_stage layer=22 stage=gated_norm seq_len=192 start_pos=0 elapsed_ms=1.467
kiln_profile_mlp_stage layer=21 stage=gate_silu seq_len=40 start_pos=0 elapsed_ms=7.830
kiln_profile_gdn_stage layer=22 stage=out_proj seq_len=192 start_pos=0 elapsed_ms=4.841
kiln_profile_mlp_stage layer=21 stage=up_proj seq_len=40 start_pos=0 elapsed_ms=6.341
kiln_profile_mlp_stage layer=22 stage=down_proj seq_len=128 start_pos=0 elapsed_ms=22.011
kiln_profile_mlp_stage layer=21 stage=hidden_mul seq_len=40 start_pos=0 elapsed_ms=0.936
kiln_profile_mlp_stage layer=22 stage=gate_proj seq_len=192 start_pos=0 elapsed_ms=10.393
kiln_profile_full_attn_stage full_attn_layer=5 stage=qkv_proj seq_len=128 start_pos=0 elapsed_ms=14.267
kiln_profile_mlp_stage layer=21 stage=down_proj seq_len=40 start_pos=0 elapsed_ms=7.675
kiln_profile_mlp_stage layer=22 stage=gate_silu seq_len=192 start_pos=0 elapsed_ms=6.205
kiln_profile_gdn_stage layer=22 stage=gates seq_len=80 start_pos=0 elapsed_ms=51.438
kiln_profile_full_attn_stage full_attn_layer=5 stage=qkv_split seq_len=128 start_pos=0 elapsed_ms=3.363
kiln_profile_mlp_stage layer=22 stage=up_proj seq_len=192 start_pos=0 elapsed_ms=8.390
kiln_profile_gdn_stage layer=22 stage=recurrent seq_len=80 start_pos=0 elapsed_ms=2.745
kiln_profile_full_attn_stage full_attn_layer=5 stage=qk_norm seq_len=128 start_pos=0 elapsed_ms=0.908
kiln_profile_mlp_stage layer=22 stage=hidden_mul seq_len=192 start_pos=0 elapsed_ms=2.959
kiln_profile_gdn_stage layer=22 stage=post_transpose seq_len=80 start_pos=0 elapsed_ms=0.006
kiln_profile_full_attn_stage full_attn_layer=5 stage=rope seq_len=128 start_pos=0 elapsed_ms=1.425
kiln_profile_gdn_stage layer=22 stage=in_proj seq_len=40 start_pos=0 elapsed_ms=15.391
kiln_profile_mlp_stage layer=22 stage=down_proj seq_len=192 start_pos=0 elapsed_ms=7.944
kiln_profile_gdn_stage layer=22 stage=gated_norm seq_len=80 start_pos=0 elapsed_ms=1.952
kiln_profile_full_attn_stage full_attn_layer=5 stage=q_transpose seq_len=128 start_pos=0 elapsed_ms=1.955
kiln_profile_gdn_stage layer=22 stage=out_proj seq_len=80 start_pos=0 elapsed_ms=4.740
kiln_profile_full_attn_stage full_attn_layer=5 stage=qkv_proj seq_len=192 start_pos=0 elapsed_ms=10.504
kiln_profile_full_attn_stage full_attn_layer=5 stage=prefill_kv_head_layout seq_len=128 start_pos=0 elapsed_ms=4.755
kiln_profile_gdn_stage layer=22 stage=qkv_conv_split_norm seq_len=40 start_pos=0 elapsed_ms=11.482
kiln_profile_mlp_stage layer=22 stage=gate_proj seq_len=80 start_pos=0 elapsed_ms=5.854
kiln_profile_full_attn_stage full_attn_layer=5 stage=qkv_split seq_len=192 start_pos=0 elapsed_ms=8.085
kiln_profile_full_attn_stage full_attn_layer=5 stage=prefill_attn_head_major seq_len=128 start_pos=0 elapsed_ms=2.197
kiln_profile_full_attn_stage full_attn_layer=5 stage=qk_norm seq_len=192 start_pos=0 elapsed_ms=3.075
kiln_profile_full_attn_stage full_attn_layer=5 stage=prefill_attn_fallback seq_len=128 start_pos=0 elapsed_ms=6.306
kiln_profile_full_attn_stage full_attn_layer=5 stage=rope seq_len=192 start_pos=0 elapsed_ms=2.236
kiln_profile_full_attn_stage full_attn_layer=5 stage=kv_write seq_len=128 start_pos=0 elapsed_ms=4.004
kiln_profile_mlp_stage layer=22 stage=gate_silu seq_len=80 start_pos=0 elapsed_ms=11.258
kiln_profile_full_attn_stage full_attn_layer=5 stage=q_transpose seq_len=192 start_pos=0 elapsed_ms=2.706
kiln_profile_gdn_stage layer=22 stage=gates seq_len=40 start_pos=0 elapsed_ms=21.550
kiln_profile_mlp_stage layer=22 stage=up_proj seq_len=80 start_pos=0 elapsed_ms=5.425
kiln_profile_full_attn_stage full_attn_layer=5 stage=kv_read seq_len=128 start_pos=0 elapsed_ms=6.701
kiln_profile_gdn_stage layer=22 stage=recurrent seq_len=40 start_pos=0 elapsed_ms=1.924
kiln_profile_full_attn_stage full_attn_layer=5 stage=prefill_kv_head_layout seq_len=192 start_pos=0 elapsed_ms=2.965
kiln_profile_mlp_stage layer=22 stage=hidden_mul seq_len=80 start_pos=0 elapsed_ms=1.557
kiln_profile_gdn_stage layer=22 stage=post_transpose seq_len=40 start_pos=0 elapsed_ms=0.003
kiln_profile_full_attn_stage full_attn_layer=5 stage=prefill_attn_head_major seq_len=192 start_pos=0 elapsed_ms=0.591
kiln_profile_gdn_stage layer=22 stage=gated_norm seq_len=40 start_pos=0 elapsed_ms=7.105
kiln_profile_mlp_stage layer=22 stage=down_proj seq_len=80 start_pos=0 elapsed_ms=16.545
kiln_profile_full_attn_stage full_attn_layer=5 stage=prefill_attn_fallback seq_len=192 start_pos=0 elapsed_ms=11.646
kiln_profile_gdn_stage layer=22 stage=out_proj seq_len=40 start_pos=0 elapsed_ms=5.898
kiln_profile_full_attn_stage full_attn_layer=5 stage=kv_write seq_len=192 start_pos=0 elapsed_ms=8.033
kiln_profile_full_attn_stage full_attn_layer=5 stage=qkv_proj seq_len=80 start_pos=0 elapsed_ms=7.322
kiln_profile_full_attn_stage full_attn_layer=5 stage=qkv_split seq_len=80 start_pos=0 elapsed_ms=7.589
kiln_profile_mlp_stage layer=22 stage=gate_proj seq_len=40 start_pos=0 elapsed_ms=8.015
kiln_profile_full_attn_stage full_attn_layer=5 stage=kv_read seq_len=192 start_pos=0 elapsed_ms=8.367
kiln_profile_mlp_stage layer=22 stage=gate_silu seq_len=40 start_pos=0 elapsed_ms=6.707
kiln_profile_mlp_stage layer=23 stage=gate_proj seq_len=128 start_pos=0 elapsed_ms=17.316
kiln_profile_full_attn_stage full_attn_layer=5 stage=qk_norm seq_len=80 start_pos=0 elapsed_ms=19.523
kiln_profile_full_attn_stage full_attn_layer=5 stage=rope seq_len=80 start_pos=0 elapsed_ms=3.053
kiln_profile_mlp_stage layer=22 stage=up_proj seq_len=40 start_pos=0 elapsed_ms=3.981
kiln_profile_full_attn_stage full_attn_layer=5 stage=q_transpose seq_len=80 start_pos=0 elapsed_ms=1.648
kiln_profile_mlp_stage layer=23 stage=gate_silu seq_len=128 start_pos=0 elapsed_ms=6.389
kiln_profile_mlp_stage layer=22 stage=hidden_mul seq_len=40 start_pos=0 elapsed_ms=1.658
kiln_profile_mlp_stage layer=23 stage=up_proj seq_len=128 start_pos=0 elapsed_ms=9.489
kiln_profile_full_attn_stage full_attn_layer=5 stage=prefill_kv_head_layout seq_len=80 start_pos=0 elapsed_ms=10.889
kiln_profile_mlp_stage layer=22 stage=down_proj seq_len=40 start_pos=0 elapsed_ms=9.530
kiln_profile_full_attn_stage full_attn_layer=5 stage=prefill_attn_head_major seq_len=80 start_pos=0 elapsed_ms=0.010
kiln_profile_mlp_stage layer=23 stage=hidden_mul seq_len=128 start_pos=0 elapsed_ms=2.567
kiln_profile_mlp_stage layer=23 stage=down_proj seq_len=128 start_pos=0 elapsed_ms=8.679
kiln_profile_full_attn_stage full_attn_layer=5 stage=prefill_attn_fallback seq_len=80 start_pos=0 elapsed_ms=16.779
kiln_profile_full_attn_stage full_attn_layer=5 stage=qkv_proj seq_len=40 start_pos=0 elapsed_ms=18.005
kiln_profile_mlp_stage layer=23 stage=gate_proj seq_len=192 start_pos=0 elapsed_ms=14.744
kiln_profile_full_attn_stage full_attn_layer=5 stage=kv_write seq_len=80 start_pos=0 elapsed_ms=18.857
kiln_profile_full_attn_stage full_attn_layer=5 stage=qkv_split seq_len=40 start_pos=0 elapsed_ms=21.414
kiln_profile_gdn_stage layer=24 stage=in_proj seq_len=128 start_pos=0 elapsed_ms=21.961
kiln_profile_full_attn_stage full_attn_layer=5 stage=kv_read seq_len=80 start_pos=0 elapsed_ms=1.647
kiln_profile_full_attn_stage full_attn_layer=5 stage=qk_norm seq_len=40 start_pos=0 elapsed_ms=1.970
kiln_profile_mlp_stage layer=23 stage=gate_silu seq_len=192 start_pos=0 elapsed_ms=6.209
kiln_profile_gdn_stage layer=24 stage=qkv_conv_split_norm seq_len=128 start_pos=0 elapsed_ms=3.171
kiln_profile_mlp_stage layer=23 stage=up_proj seq_len=192 start_pos=0 elapsed_ms=8.812
kiln_profile_full_attn_stage full_attn_layer=5 stage=rope seq_len=40 start_pos=0 elapsed_ms=9.635
kiln_profile_mlp_stage layer=23 stage=hidden_mul seq_len=192 start_pos=0 elapsed_ms=1.455
kiln_profile_full_attn_stage full_attn_layer=5 stage=q_transpose seq_len=40 start_pos=0 elapsed_ms=1.927
kiln_profile_mlp_stage layer=23 stage=down_proj seq_len=192 start_pos=0 elapsed_ms=6.887
kiln_profile_full_attn_stage full_attn_layer=5 stage=prefill_kv_head_layout seq_len=40 start_pos=0 elapsed_ms=2.811
kiln_profile_full_attn_stage full_attn_layer=5 stage=prefill_attn_head_major seq_len=40 start_pos=0 elapsed_ms=0.013
kiln_profile_gdn_stage layer=24 stage=in_proj seq_len=192 start_pos=0 elapsed_ms=15.404
kiln_profile_full_attn_stage full_attn_layer=5 stage=prefill_attn_fallback seq_len=40 start_pos=0 elapsed_ms=12.601
kiln_profile_gdn_stage layer=24 stage=gates seq_len=128 start_pos=0 elapsed_ms=58.538
kiln_profile_gdn_stage layer=24 stage=qkv_conv_split_norm seq_len=192 start_pos=0 elapsed_ms=10.614
kiln_profile_mlp_stage layer=23 stage=gate_proj seq_len=80 start_pos=0 elapsed_ms=10.607
kiln_profile_full_attn_stage full_attn_layer=5 stage=kv_write seq_len=40 start_pos=0 elapsed_ms=0.458
kiln_profile_gdn_stage layer=24 stage=recurrent seq_len=128 start_pos=0 elapsed_ms=4.138
kiln_profile_gdn_stage layer=24 stage=post_transpose seq_len=128 start_pos=0 elapsed_ms=0.003
kiln_profile_full_attn_stage full_attn_layer=5 stage=kv_read seq_len=40 start_pos=0 elapsed_ms=1.642
kiln_profile_mlp_stage layer=23 stage=gate_silu seq_len=80 start_pos=0 elapsed_ms=2.793
kiln_profile_gdn_stage layer=24 stage=gated_norm seq_len=128 start_pos=0 elapsed_ms=1.641
kiln_profile_mlp_stage layer=23 stage=up_proj seq_len=80 start_pos=0 elapsed_ms=7.371
kiln_profile_gdn_stage layer=24 stage=out_proj seq_len=128 start_pos=0 elapsed_ms=8.627
kiln_profile_mlp_stage layer=23 stage=hidden_mul seq_len=80 start_pos=0 elapsed_ms=6.907
kiln_profile_gdn_stage layer=24 stage=gates seq_len=192 start_pos=0 elapsed_ms=22.698
kiln_profile_mlp_stage layer=24 stage=gate_proj seq_len=128 start_pos=0 elapsed_ms=11.488
kiln_profile_gdn_stage layer=24 stage=recurrent seq_len=192 start_pos=0 elapsed_ms=6.712
kiln_profile_mlp_stage layer=23 stage=down_proj seq_len=80 start_pos=0 elapsed_ms=26.421
kiln_profile_gdn_stage layer=24 stage=post_transpose seq_len=192 start_pos=0 elapsed_ms=0.004
kiln_profile_mlp_stage layer=24 stage=gate_silu seq_len=128 start_pos=0 elapsed_ms=2.143
kiln_profile_gdn_stage layer=24 stage=gated_norm seq_len=192 start_pos=0 elapsed_ms=9.737
kiln_profile_gdn_stage layer=24 stage=in_proj seq_len=80 start_pos=0 elapsed_ms=14.819
kiln_profile_gdn_stage layer=24 stage=out_proj seq_len=192 start_pos=0 elapsed_ms=13.980
kiln_profile_mlp_stage layer=24 stage=up_proj seq_len=128 start_pos=0 elapsed_ms=16.986
kiln_profile_mlp_stage layer=24 stage=hidden_mul seq_len=128 start_pos=0 elapsed_ms=3.730
kiln_profile_gdn_stage layer=24 stage=qkv_conv_split_norm seq_len=80 start_pos=0 elapsed_ms=5.286
kiln_profile_mlp_stage layer=23 stage=gate_proj seq_len=40 start_pos=0 elapsed_ms=3.316
kiln_profile_mlp_stage layer=24 stage=gate_proj seq_len=192 start_pos=0 elapsed_ms=7.411
kiln_profile_mlp_stage layer=24 stage=down_proj seq_len=128 start_pos=0 elapsed_ms=10.666
kiln_profile_mlp_stage layer=23 stage=gate_silu seq_len=40 start_pos=0 elapsed_ms=15.102
kiln_profile_gdn_stage layer=25 stage=in_proj seq_len=128 start_pos=0 elapsed_ms=15.498
kiln_profile_mlp_stage layer=24 stage=gate_silu seq_len=192 start_pos=0 elapsed_ms=17.070
kiln_profile_gdn_stage layer=24 stage=gates seq_len=80 start_pos=0 elapsed_ms=33.259
kiln_profile_mlp_stage layer=23 stage=up_proj seq_len=40 start_pos=0 elapsed_ms=7.072
kiln_profile_mlp_stage layer=24 stage=up_proj seq_len=192 start_pos=0 elapsed_ms=8.868
kiln_profile_mlp_stage layer=23 stage=hidden_mul seq_len=40 start_pos=0 elapsed_ms=0.469
kiln_profile_gdn_stage layer=24 stage=recurrent seq_len=80 start_pos=0 elapsed_ms=3.305
kiln_profile_mlp_stage layer=24 stage=hidden_mul seq_len=192 start_pos=0 elapsed_ms=0.862
kiln_profile_gdn_stage layer=25 stage=qkv_conv_split_norm seq_len=128 start_pos=0 elapsed_ms=16.492
kiln_profile_gdn_stage layer=24 stage=post_transpose seq_len=80 start_pos=0 elapsed_ms=0.004
kiln_profile_mlp_stage layer=23 stage=down_proj seq_len=40 start_pos=0 elapsed_ms=3.035
kiln_profile_mlp_stage layer=24 stage=down_proj seq_len=192 start_pos=0 elapsed_ms=7.610
kiln_profile_gdn_stage layer=24 stage=gated_norm seq_len=80 start_pos=0 elapsed_ms=0.783
kiln_profile_gdn_stage layer=24 stage=in_proj seq_len=40 start_pos=0 elapsed_ms=14.849
kiln_profile_gdn_stage layer=24 stage=out_proj seq_len=80 start_pos=0 elapsed_ms=7.740
kiln_profile_gdn_stage layer=25 stage=in_proj seq_len=192 start_pos=0 elapsed_ms=15.255
kiln_profile_gdn_stage layer=25 stage=qkv_conv_split_norm seq_len=192 start_pos=0 elapsed_ms=2.197
kiln_profile_gdn_stage layer=24 stage=qkv_conv_split_norm seq_len=40 start_pos=0 elapsed_ms=3.170
kiln_profile_gdn_stage layer=25 stage=gates seq_len=128 start_pos=0 elapsed_ms=32.735
kiln_profile_mlp_stage layer=24 stage=gate_proj seq_len=80 start_pos=0 elapsed_ms=5.032
kiln_profile_gdn_stage layer=25 stage=recurrent seq_len=128 start_pos=0 elapsed_ms=3.631
kiln_profile_gdn_stage layer=25 stage=post_transpose seq_len=128 start_pos=0 elapsed_ms=0.002
kiln_profile_mlp_stage layer=24 stage=gate_silu seq_len=80 start_pos=0 elapsed_ms=4.482
kiln_profile_gdn_stage layer=25 stage=gated_norm seq_len=128 start_pos=0 elapsed_ms=0.763
kiln_profile_mlp_stage layer=24 stage=up_proj seq_len=80 start_pos=0 elapsed_ms=4.456
kiln_profile_gdn_stage layer=25 stage=out_proj seq_len=128 start_pos=0 elapsed_ms=3.857
kiln_profile_gdn_stage layer=24 stage=gates seq_len=40 start_pos=0 elapsed_ms=16.639
kiln_profile_gdn_stage layer=25 stage=gates seq_len=192 start_pos=0 elapsed_ms=20.799
kiln_profile_mlp_stage layer=24 stage=hidden_mul seq_len=80 start_pos=0 elapsed_ms=0.816
kiln_profile_gdn_stage layer=24 stage=recurrent seq_len=40 start_pos=0 elapsed_ms=9.462
kiln_profile_gdn_stage layer=25 stage=recurrent seq_len=192 start_pos=0 elapsed_ms=9.461
kiln_profile_mlp_stage layer=24 stage=down_proj seq_len=80 start_pos=0 elapsed_ms=11.401
kiln_profile_mlp_stage layer=25 stage=gate_proj seq_len=128 start_pos=0 elapsed_ms=15.185
kiln_profile_gdn_stage layer=24 stage=post_transpose seq_len=40 start_pos=0 elapsed_ms=0.001
kiln_profile_gdn_stage layer=25 stage=post_transpose seq_len=192 start_pos=0 elapsed_ms=0.001
kiln_profile_gdn_stage layer=25 stage=gated_norm seq_len=192 start_pos=0 elapsed_ms=4.178
kiln_profile_gdn_stage layer=24 stage=gated_norm seq_len=40 start_pos=0 elapsed_ms=4.093
kiln_profile_mlp_stage layer=25 stage=gate_silu seq_len=128 start_pos=0 elapsed_ms=7.972
kiln_profile_gdn_stage layer=25 stage=in_proj seq_len=80 start_pos=0 elapsed_ms=9.978
kiln_profile_gdn_stage layer=24 stage=out_proj seq_len=40 start_pos=0 elapsed_ms=9.429
kiln_profile_mlp_stage layer=25 stage=up_proj seq_len=128 start_pos=0 elapsed_ms=8.150
kiln_profile_gdn_stage layer=25 stage=out_proj seq_len=192 start_pos=0 elapsed_ms=2.775
kiln_profile_gdn_stage layer=25 stage=qkv_conv_split_norm seq_len=80 start_pos=0 elapsed_ms=0.786
kiln_profile_mlp_stage layer=25 stage=hidden_mul seq_len=128 start_pos=0 elapsed_ms=0.783
kiln_profile_mlp_stage layer=25 stage=gate_proj seq_len=192 start_pos=0 elapsed_ms=12.681
kiln_profile_mlp_stage layer=25 stage=down_proj seq_len=128 start_pos=0 elapsed_ms=9.542
kiln_profile_mlp_stage layer=24 stage=gate_proj seq_len=40 start_pos=0 elapsed_ms=2.494
kiln_profile_mlp_stage layer=24 stage=gate_silu seq_len=40 start_pos=0 elapsed_ms=18.174
kiln_profile_gdn_stage layer=26 stage=in_proj seq_len=128 start_pos=0 elapsed_ms=17.798
kiln_profile_mlp_stage layer=25 stage=gate_silu seq_len=192 start_pos=0 elapsed_ms=19.344
kiln_profile_mlp_stage layer=24 stage=up_proj seq_len=40 start_pos=0 elapsed_ms=3.726
kiln_profile_gdn_stage layer=26 stage=qkv_conv_split_norm seq_len=128 start_pos=0 elapsed_ms=3.888
kiln_profile_mlp_stage layer=25 stage=up_proj seq_len=192 start_pos=0 elapsed_ms=6.262
kiln_profile_mlp_stage layer=24 stage=hidden_mul seq_len=40 start_pos=0 elapsed_ms=0.806
kiln_profile_mlp_stage layer=25 stage=hidden_mul seq_len=192 start_pos=0 elapsed_ms=0.724
kiln_profile_mlp_stage layer=24 stage=down_proj seq_len=40 start_pos=0 elapsed_ms=2.915
kiln_profile_gdn_stage layer=25 stage=gates seq_len=80 start_pos=0 elapsed_ms=51.548
kiln_profile_mlp_stage layer=25 stage=down_proj seq_len=192 start_pos=0 elapsed_ms=10.222
kiln_profile_gdn_stage layer=25 stage=in_proj seq_len=40 start_pos=0 elapsed_ms=6.261
kiln_profile_gdn_stage layer=26 stage=gates seq_len=128 start_pos=0 elapsed_ms=20.087
kiln_profile_gdn_stage layer=25 stage=recurrent seq_len=80 start_pos=0 elapsed_ms=6.741
kiln_profile_gdn_stage layer=25 stage=post_transpose seq_len=80 start_pos=0 elapsed_ms=0.003
kiln_profile_gdn_stage layer=26 stage=recurrent seq_len=128 start_pos=0 elapsed_ms=3.133
kiln_profile_gdn_stage layer=25 stage=qkv_conv_split_norm seq_len=40 start_pos=0 elapsed_ms=8.401
kiln_profile_gdn_stage layer=26 stage=post_transpose seq_len=128 start_pos=0 elapsed_ms=0.004
kiln_profile_gdn_stage layer=25 stage=gated_norm seq_len=80 start_pos=0 elapsed_ms=5.659
kiln_profile_gdn_stage layer=26 stage=gated_norm seq_len=128 start_pos=0 elapsed_ms=1.207
kiln_profile_gdn_stage layer=26 stage=in_proj seq_len=192 start_pos=0 elapsed_ms=14.402
kiln_profile_gdn_stage layer=26 stage=out_proj seq_len=128 start_pos=0 elapsed_ms=4.060
kiln_profile_gdn_stage layer=25 stage=out_proj seq_len=80 start_pos=0 elapsed_ms=3.775
kiln_profile_gdn_stage layer=26 stage=qkv_conv_split_norm seq_len=192 start_pos=0 elapsed_ms=5.117
kiln_profile_mlp_stage layer=25 stage=gate_proj seq_len=80 start_pos=0 elapsed_ms=4.529
kiln_profile_mlp_stage layer=26 stage=gate_proj seq_len=128 start_pos=0 elapsed_ms=12.235
kiln_profile_mlp_stage layer=26 stage=gate_silu seq_len=128 start_pos=0 elapsed_ms=1.877
kiln_profile_mlp_stage layer=25 stage=gate_silu seq_len=80 start_pos=0 elapsed_ms=3.946
kiln_profile_gdn_stage layer=25 stage=gates seq_len=40 start_pos=0 elapsed_ms=38.118
kiln_profile_gdn_stage layer=26 stage=gates seq_len=192 start_pos=0 elapsed_ms=28.674
kiln_profile_mlp_stage layer=25 stage=up_proj seq_len=80 start_pos=0 elapsed_ms=5.000
kiln_profile_mlp_stage layer=26 stage=up_proj seq_len=128 start_pos=0 elapsed_ms=11.797
kiln_profile_gdn_stage layer=25 stage=recurrent seq_len=40 start_pos=0 elapsed_ms=1.206
kiln_profile_gdn_stage layer=26 stage=recurrent seq_len=192 start_pos=0 elapsed_ms=7.122
kiln_profile_gdn_stage layer=25 stage=post_transpose seq_len=40 start_pos=0 elapsed_ms=0.005
kiln_profile_mlp_stage layer=26 stage=hidden_mul seq_len=128 start_pos=0 elapsed_ms=1.512
kiln_profile_mlp_stage layer=25 stage=hidden_mul seq_len=80 start_pos=0 elapsed_ms=0.571
kiln_profile_gdn_stage layer=26 stage=post_transpose seq_len=192 start_pos=0 elapsed_ms=0.001
kiln_profile_gdn_stage layer=25 stage=gated_norm seq_len=40 start_pos=0 elapsed_ms=0.475
kiln_profile_mlp_stage layer=26 stage=down_proj seq_len=128 start_pos=0 elapsed_ms=13.688
kiln_profile_mlp_stage layer=25 stage=down_proj seq_len=80 start_pos=0 elapsed_ms=13.685
kiln_profile_gdn_stage layer=26 stage=gated_norm seq_len=192 start_pos=0 elapsed_ms=2.162
kiln_profile_gdn_stage layer=25 stage=out_proj seq_len=40 start_pos=0 elapsed_ms=2.267
kiln_profile_full_attn_stage full_attn_layer=6 stage=qkv_proj seq_len=128 start_pos=0 elapsed_ms=8.163
kiln_profile_gdn_stage layer=26 stage=out_proj seq_len=192 start_pos=0 elapsed_ms=13.668
kiln_profile_mlp_stage layer=25 stage=gate_proj seq_len=40 start_pos=0 elapsed_ms=3.991
kiln_profile_full_attn_stage full_attn_layer=6 stage=qkv_split seq_len=128 start_pos=0 elapsed_ms=17.387
kiln_profile_gdn_stage layer=26 stage=in_proj seq_len=80 start_pos=0 elapsed_ms=18.711
kiln_profile_full_attn_stage full_attn_layer=6 stage=qk_norm seq_len=128 start_pos=0 elapsed_ms=7.682
kiln_profile_gdn_stage layer=26 stage=qkv_conv_split_norm seq_len=80 start_pos=0 elapsed_ms=7.697
kiln_profile_mlp_stage layer=26 stage=gate_proj seq_len=192 start_pos=0 elapsed_ms=7.249
kiln_profile_mlp_stage layer=25 stage=gate_silu seq_len=40 start_pos=0 elapsed_ms=9.792
kiln_profile_full_attn_stage full_attn_layer=6 stage=rope seq_len=128 start_pos=0 elapsed_ms=1.765
kiln_profile_mlp_stage layer=26 stage=gate_silu seq_len=192 start_pos=0 elapsed_ms=3.224
kiln_profile_mlp_stage layer=25 stage=up_proj seq_len=40 start_pos=0 elapsed_ms=5.241
kiln_profile_full_attn_stage full_attn_layer=6 stage=q_transpose seq_len=128 start_pos=0 elapsed_ms=5.160
kiln_profile_mlp_stage layer=26 stage=up_proj seq_len=192 start_pos=0 elapsed_ms=6.103
kiln_profile_mlp_stage layer=25 stage=hidden_mul seq_len=40 start_pos=0 elapsed_ms=0.633
kiln_profile_mlp_stage layer=25 stage=down_proj seq_len=40 start_pos=0 elapsed_ms=2.706
kiln_profile_full_attn_stage full_attn_layer=6 stage=prefill_kv_head_layout seq_len=128 start_pos=0 elapsed_ms=3.875
kiln_profile_mlp_stage layer=26 stage=hidden_mul seq_len=192 start_pos=0 elapsed_ms=0.786
kiln_profile_full_attn_stage full_attn_layer=6 stage=prefill_attn_head_major seq_len=128 start_pos=0 elapsed_ms=0.008
kiln_profile_mlp_stage layer=26 stage=down_proj seq_len=192 start_pos=0 elapsed_ms=6.000
kiln_profile_gdn_stage layer=26 stage=in_proj seq_len=40 start_pos=0 elapsed_ms=7.958
kiln_profile_full_attn_stage full_attn_layer=6 stage=prefill_attn_fallback seq_len=128 start_pos=0 elapsed_ms=7.956
kiln_profile_gdn_stage layer=26 stage=gates seq_len=80 start_pos=0 elapsed_ms=34.467
kiln_profile_full_attn_stage full_attn_layer=6 stage=kv_write seq_len=128 start_pos=0 elapsed_ms=4.956
kiln_profile_gdn_stage layer=26 stage=recurrent seq_len=80 start_pos=0 elapsed_ms=2.624
kiln_profile_gdn_stage layer=26 stage=post_transpose seq_len=80 start_pos=0 elapsed_ms=0.003
kiln_profile_full_attn_stage full_attn_layer=6 stage=kv_read seq_len=128 start_pos=0 elapsed_ms=9.902
kiln_profile_gdn_stage layer=26 stage=qkv_conv_split_norm seq_len=40 start_pos=0 elapsed_ms=29.362
kiln_profile_full_attn_stage full_attn_layer=6 stage=qkv_proj seq_len=192 start_pos=0 elapsed_ms=29.391
kiln_profile_gdn_stage layer=26 stage=gated_norm seq_len=80 start_pos=0 elapsed_ms=8.407
kiln_profile_full_attn_stage full_attn_layer=6 stage=qkv_split seq_len=192 start_pos=0 elapsed_ms=4.101
kiln_profile_full_attn_stage full_attn_layer=6 stage=qk_norm seq_len=192 start_pos=0 elapsed_ms=0.609
kiln_profile_gdn_stage layer=26 stage=out_proj seq_len=80 start_pos=0 elapsed_ms=4.168
kiln_profile_full_attn_stage full_attn_layer=6 stage=rope seq_len=192 start_pos=0 elapsed_ms=1.019
kiln_profile_full_attn_stage full_attn_layer=6 stage=q_transpose seq_len=192 start_pos=0 elapsed_ms=3.951
kiln_profile_mlp_stage layer=26 stage=gate_proj seq_len=80 start_pos=0 elapsed_ms=5.452
kiln_profile_full_attn_stage full_attn_layer=6 stage=prefill_kv_head_layout seq_len=192 start_pos=0 elapsed_ms=1.616
kiln_profile_full_attn_stage full_attn_layer=6 stage=prefill_attn_head_major seq_len=192 start_pos=0 elapsed_ms=4.940
kiln_profile_mlp_stage layer=26 stage=gate_silu seq_len=80 start_pos=0 elapsed_ms=6.134
kiln_profile_full_attn_stage full_attn_layer=6 stage=prefill_attn_fallback seq_len=192 start_pos=0 elapsed_ms=8.030
kiln_profile_mlp_stage layer=27 stage=gate_proj seq_len=128 start_pos=0 elapsed_ms=16.844
kiln_profile_mlp_stage layer=26 stage=up_proj seq_len=80 start_pos=0 elapsed_ms=17.550
kiln_profile_gdn_stage layer=26 stage=gates seq_len=40 start_pos=0 elapsed_ms=51.906
kiln_profile_mlp_stage layer=26 stage=hidden_mul seq_len=80 start_pos=0 elapsed_ms=0.726
kiln_profile_full_attn_stage full_attn_layer=6 stage=kv_write seq_len=192 start_pos=0 elapsed_ms=1.860
kiln_profile_gdn_stage layer=26 stage=recurrent seq_len=40 start_pos=0 elapsed_ms=2.419
kiln_profile_mlp_stage layer=26 stage=down_proj seq_len=80 start_pos=0 elapsed_ms=6.633
kiln_profile_mlp_stage layer=27 stage=gate_silu seq_len=128 start_pos=0 elapsed_ms=10.885
kiln_profile_gdn_stage layer=26 stage=post_transpose seq_len=40 start_pos=0 elapsed_ms=0.004
kiln_profile_full_attn_stage full_attn_layer=6 stage=kv_read seq_len=192 start_pos=0 elapsed_ms=7.361
kiln_profile_mlp_stage layer=27 stage=up_proj seq_len=128 start_pos=0 elapsed_ms=17.418
kiln_profile_gdn_stage layer=26 stage=gated_norm seq_len=40 start_pos=0 elapsed_ms=5.048
kiln_profile_mlp_stage layer=27 stage=hidden_mul seq_len=128 start_pos=0 elapsed_ms=6.438
kiln_profile_full_attn_stage full_attn_layer=6 stage=qkv_proj seq_len=80 start_pos=0 elapsed_ms=31.255
kiln_profile_mlp_stage layer=27 stage=down_proj seq_len=128 start_pos=0 elapsed_ms=16.172
kiln_profile_gdn_stage layer=26 stage=out_proj seq_len=40 start_pos=0 elapsed_ms=20.941
kiln_profile_full_attn_stage full_attn_layer=6 stage=qkv_split seq_len=80 start_pos=0 elapsed_ms=19.010
kiln_profile_full_attn_stage full_attn_layer=6 stage=qk_norm seq_len=80 start_pos=0 elapsed_ms=12.063
kiln_profile_full_attn_stage full_attn_layer=6 stage=rope seq_len=80 start_pos=0 elapsed_ms=1.801
kiln_profile_mlp_stage layer=26 stage=gate_proj seq_len=40 start_pos=0 elapsed_ms=5.528
kiln_profile_full_attn_stage full_attn_layer=6 stage=q_transpose seq_len=80 start_pos=0 elapsed_ms=1.779
kiln_profile_gdn_stage layer=28 stage=in_proj seq_len=128 start_pos=0 elapsed_ms=30.344
kiln_profile_full_attn_stage full_attn_layer=6 stage=prefill_kv_head_layout seq_len=80 start_pos=0 elapsed_ms=3.754
kiln_profile_mlp_stage layer=26 stage=gate_silu seq_len=40 start_pos=0 elapsed_ms=17.060
kiln_profile_mlp_stage layer=27 stage=gate_proj seq_len=192 start_pos=0 elapsed_ms=10.387
kiln_profile_full_attn_stage full_attn_layer=6 stage=prefill_attn_head_major seq_len=80 start_pos=0 elapsed_ms=0.010
kiln_profile_gdn_stage layer=28 stage=qkv_conv_split_norm seq_len=128 start_pos=0 elapsed_ms=11.455
kiln_profile_mlp_stage layer=26 stage=up_proj seq_len=40 start_pos=0 elapsed_ms=3.070
kiln_profile_mlp_stage layer=26 stage=hidden_mul seq_len=40 start_pos=0 elapsed_ms=4.540
kiln_profile_full_attn_stage full_attn_layer=6 stage=prefill_attn_fallback seq_len=80 start_pos=0 elapsed_ms=4.117
kiln_profile_mlp_stage layer=27 stage=gate_silu seq_len=192 start_pos=0 elapsed_ms=8.881
kiln_profile_mlp_stage layer=26 stage=down_proj seq_len=40 start_pos=0 elapsed_ms=3.767
kiln_profile_full_attn_stage full_attn_layer=6 stage=kv_write seq_len=80 start_pos=0 elapsed_ms=11.616
kiln_profile_mlp_stage layer=27 stage=up_proj seq_len=192 start_pos=0 elapsed_ms=8.139
kiln_profile_full_attn_stage full_attn_layer=6 stage=qkv_proj seq_len=40 start_pos=0 elapsed_ms=6.099
kiln_profile_full_attn_stage full_attn_layer=6 stage=kv_read seq_len=80 start_pos=0 elapsed_ms=2.349
kiln_profile_mlp_stage layer=27 stage=hidden_mul seq_len=192 start_pos=0 elapsed_ms=0.971
kiln_profile_mlp_stage layer=27 stage=down_proj seq_len=192 start_pos=0 elapsed_ms=8.613
kiln_profile_gdn_stage layer=28 stage=gates seq_len=128 start_pos=0 elapsed_ms=35.439
kiln_profile_full_attn_stage full_attn_layer=6 stage=qkv_split seq_len=40 start_pos=0 elapsed_ms=10.409
kiln_profile_gdn_stage layer=28 stage=recurrent seq_len=128 start_pos=0 elapsed_ms=3.353
kiln_profile_full_attn_stage full_attn_layer=6 stage=qk_norm seq_len=40 start_pos=0 elapsed_ms=2.164
kiln_profile_gdn_stage layer=28 stage=post_transpose seq_len=128 start_pos=0 elapsed_ms=0.009
kiln_profile_full_attn_stage full_attn_layer=6 stage=rope seq_len=40 start_pos=0 elapsed_ms=3.083
kiln_profile_gdn_stage layer=28 stage=gated_norm seq_len=128 start_pos=0 elapsed_ms=4.246
kiln_profile_gdn_stage layer=28 stage=in_proj seq_len=192 start_pos=0 elapsed_ms=12.522
kiln_profile_gdn_stage layer=28 stage=out_proj seq_len=128 start_pos=0 elapsed_ms=4.303
kiln_profile_full_attn_stage full_attn_layer=6 stage=q_transpose seq_len=40 start_pos=0 elapsed_ms=4.911
kiln_profile_gdn_stage layer=28 stage=qkv_conv_split_norm seq_len=192 start_pos=0 elapsed_ms=1.659
kiln_profile_full_attn_stage full_attn_layer=6 stage=prefill_kv_head_layout seq_len=40 start_pos=0 elapsed_ms=8.969
kiln_profile_mlp_stage layer=28 stage=gate_proj seq_len=128 start_pos=0 elapsed_ms=8.952
kiln_profile_full_attn_stage full_attn_layer=6 stage=prefill_attn_head_major seq_len=40 start_pos=0 elapsed_ms=0.008
kiln_profile_full_attn_stage full_attn_layer=6 stage=prefill_attn_fallback seq_len=40 start_pos=0 elapsed_ms=2.033
kiln_profile_mlp_stage layer=28 stage=gate_silu seq_len=128 start_pos=0 elapsed_ms=5.790
kiln_profile_full_attn_stage full_attn_layer=6 stage=kv_write seq_len=40 start_pos=0 elapsed_ms=0.293
kiln_profile_mlp_stage layer=28 stage=up_proj seq_len=128 start_pos=0 elapsed_ms=7.153
kiln_profile_mlp_stage layer=27 stage=gate_proj seq_len=80 start_pos=0 elapsed_ms=5.048
kiln_profile_full_attn_stage full_attn_layer=6 stage=kv_read seq_len=40 start_pos=0 elapsed_ms=5.060
kiln_profile_mlp_stage layer=28 stage=hidden_mul seq_len=128 start_pos=0 elapsed_ms=1.824
kiln_profile_gdn_stage layer=28 stage=gates seq_len=192 start_pos=0 elapsed_ms=31.752
kiln_profile_mlp_stage layer=27 stage=gate_silu seq_len=80 start_pos=0 elapsed_ms=9.478
kiln_profile_gdn_stage layer=28 stage=recurrent seq_len=192 start_pos=0 elapsed_ms=7.556
kiln_profile_mlp_stage layer=28 stage=down_proj seq_len=128 start_pos=0 elapsed_ms=16.419
kiln_profile_gdn_stage layer=28 stage=post_transpose seq_len=192 start_pos=0 elapsed_ms=4.596
kiln_profile_mlp_stage layer=27 stage=up_proj seq_len=80 start_pos=0 elapsed_ms=5.012
kiln_profile_mlp_stage layer=27 stage=hidden_mul seq_len=80 start_pos=0 elapsed_ms=0.653
kiln_profile_gdn_stage layer=28 stage=gated_norm seq_len=192 start_pos=0 elapsed_ms=8.489
kiln_profile_gdn_stage layer=29 stage=in_proj seq_len=128 start_pos=0 elapsed_ms=14.410
kiln_profile_mlp_stage layer=27 stage=down_proj seq_len=80 start_pos=0 elapsed_ms=8.849
kiln_profile_gdn_stage layer=28 stage=out_proj seq_len=192 start_pos=0 elapsed_ms=10.917
kiln_profile_gdn_stage layer=29 stage=qkv_conv_split_norm seq_len=128 start_pos=0 elapsed_ms=7.192
kiln_profile_mlp_stage layer=28 stage=gate_proj seq_len=192 start_pos=0 elapsed_ms=7.521
kiln_profile_gdn_stage layer=28 stage=in_proj seq_len=80 start_pos=0 elapsed_ms=13.895
kiln_profile_mlp_stage layer=27 stage=gate_proj seq_len=40 start_pos=0 elapsed_ms=3.043
kiln_profile_gdn_stage layer=28 stage=qkv_conv_split_norm seq_len=80 start_pos=0 elapsed_ms=4.439
kiln_profile_mlp_stage layer=28 stage=gate_silu seq_len=192 start_pos=0 elapsed_ms=7.766
kiln_profile_gdn_stage layer=29 stage=gates seq_len=128 start_pos=0 elapsed_ms=17.253
kiln_profile_mlp_stage layer=27 stage=gate_silu seq_len=40 start_pos=0 elapsed_ms=2.582
kiln_profile_mlp_stage layer=28 stage=up_proj seq_len=192 start_pos=0 elapsed_ms=8.216
kiln_profile_gdn_stage layer=29 stage=recurrent seq_len=128 start_pos=0 elapsed_ms=5.130
kiln_profile_mlp_stage layer=27 stage=up_proj seq_len=40 start_pos=0 elapsed_ms=2.608
kiln_profile_mlp_stage layer=28 stage=hidden_mul seq_len=192 start_pos=0 elapsed_ms=0.521
kiln_profile_gdn_stage layer=29 stage=post_transpose seq_len=128 start_pos=0 elapsed_ms=0.012
kiln_profile_mlp_stage layer=27 stage=hidden_mul seq_len=40 start_pos=0 elapsed_ms=0.754
kiln_profile_gdn_stage layer=29 stage=gated_norm seq_len=128 start_pos=0 elapsed_ms=0.772
kiln_profile_mlp_stage layer=27 stage=down_proj seq_len=40 start_pos=0 elapsed_ms=8.739
kiln_profile_mlp_stage layer=28 stage=down_proj seq_len=192 start_pos=0 elapsed_ms=9.499
kiln_profile_gdn_stage layer=29 stage=out_proj seq_len=128 start_pos=0 elapsed_ms=4.072
kiln_profile_gdn_stage layer=28 stage=gates seq_len=80 start_pos=0 elapsed_ms=41.167
kiln_profile_gdn_stage layer=29 stage=in_proj seq_len=192 start_pos=0 elapsed_ms=12.991
kiln_profile_mlp_stage layer=29 stage=gate_proj seq_len=128 start_pos=0 elapsed_ms=9.135
kiln_profile_gdn_stage layer=28 stage=in_proj seq_len=40 start_pos=0 elapsed_ms=25.523
kiln_profile_gdn_stage layer=28 stage=recurrent seq_len=80 start_pos=0 elapsed_ms=4.303
kiln_profile_gdn_stage layer=28 stage=post_transpose seq_len=80 start_pos=0 elapsed_ms=0.002
kiln_profile_gdn_stage layer=29 stage=qkv_conv_split_norm seq_len=192 start_pos=0 elapsed_ms=4.550
kiln_profile_gdn_stage layer=28 stage=gated_norm seq_len=80 start_pos=0 elapsed_ms=0.296
kiln_profile_gdn_stage layer=28 stage=qkv_conv_split_norm seq_len=40 start_pos=0 elapsed_ms=1.329
kiln_profile_gdn_stage layer=28 stage=out_proj seq_len=80 start_pos=0 elapsed_ms=2.905
kiln_profile_mlp_stage layer=29 stage=gate_silu seq_len=128 start_pos=0 elapsed_ms=5.678
kiln_profile_mlp_stage layer=29 stage=up_proj seq_len=128 start_pos=0 elapsed_ms=7.778
kiln_profile_mlp_stage layer=29 stage=hidden_mul seq_len=128 start_pos=0 elapsed_ms=0.388
kiln_profile_mlp_stage layer=28 stage=gate_proj seq_len=80 start_pos=0 elapsed_ms=3.922
kiln_profile_mlp_stage layer=29 stage=down_proj seq_len=128 start_pos=0 elapsed_ms=7.949
kiln_profile_mlp_stage layer=28 stage=gate_silu seq_len=80 start_pos=0 elapsed_ms=1.491
kiln_profile_gdn_stage layer=28 stage=gates seq_len=40 start_pos=0 elapsed_ms=25.006
kiln_profile_gdn_stage layer=29 stage=gates seq_len=192 start_pos=0 elapsed_ms=28.156
kiln_profile_gdn_stage layer=29 stage=recurrent seq_len=192 start_pos=0 elapsed_ms=9.316
kiln_profile_mlp_stage layer=28 stage=up_proj seq_len=80 start_pos=0 elapsed_ms=21.814
kiln_profile_gdn_stage layer=28 stage=recurrent seq_len=40 start_pos=0 elapsed_ms=11.264
kiln_profile_gdn_stage layer=29 stage=post_transpose seq_len=192 start_pos=0 elapsed_ms=0.002
kiln_profile_gdn_stage layer=28 stage=post_transpose seq_len=40 start_pos=0 elapsed_ms=0.002
kiln_profile_gdn_stage layer=30 stage=in_proj seq_len=128 start_pos=0 elapsed_ms=23.687
kiln_profile_mlp_stage layer=28 stage=hidden_mul seq_len=80 start_pos=0 elapsed_ms=0.436
kiln_profile_gdn_stage layer=29 stage=gated_norm seq_len=192 start_pos=0 elapsed_ms=0.524
kiln_profile_mlp_stage layer=28 stage=down_proj seq_len=80 start_pos=0 elapsed_ms=5.474
kiln_profile_gdn_stage layer=28 stage=gated_norm seq_len=40 start_pos=0 elapsed_ms=5.890
kiln_profile_gdn_stage layer=30 stage=qkv_conv_split_norm seq_len=128 start_pos=0 elapsed_ms=8.733
kiln_profile_gdn_stage layer=29 stage=out_proj seq_len=192 start_pos=0 elapsed_ms=3.287
kiln_profile_gdn_stage layer=28 stage=out_proj seq_len=40 start_pos=0 elapsed_ms=1.681
kiln_profile_gdn_stage layer=29 stage=in_proj seq_len=80 start_pos=0 elapsed_ms=7.251
kiln_profile_mlp_stage layer=29 stage=gate_proj seq_len=192 start_pos=0 elapsed_ms=7.689
kiln_profile_gdn_stage layer=29 stage=qkv_conv_split_norm seq_len=80 start_pos=0 elapsed_ms=5.577
kiln_profile_mlp_stage layer=28 stage=gate_proj seq_len=40 start_pos=0 elapsed_ms=3.929
kiln_profile_mlp_stage layer=29 stage=gate_silu seq_len=192 start_pos=0 elapsed_ms=5.958
kiln_profile_mlp_stage layer=29 stage=up_proj seq_len=192 start_pos=0 elapsed_ms=5.748
kiln_profile_mlp_stage layer=29 stage=hidden_mul seq_len=192 start_pos=0 elapsed_ms=0.891
kiln_profile_mlp_stage layer=28 stage=gate_silu seq_len=40 start_pos=0 elapsed_ms=8.852
kiln_profile_gdn_stage layer=30 stage=gates seq_len=128 start_pos=0 elapsed_ms=33.041
kiln_profile_mlp_stage layer=29 stage=down_proj seq_len=192 start_pos=0 elapsed_ms=6.236
kiln_profile_mlp_stage layer=28 stage=up_proj seq_len=40 start_pos=0 elapsed_ms=2.815
kiln_profile_gdn_stage layer=30 stage=recurrent seq_len=128 start_pos=0 elapsed_ms=5.963
kiln_profile_mlp_stage layer=28 stage=hidden_mul seq_len=40 start_pos=0 elapsed_ms=0.876
kiln_profile_gdn_stage layer=30 stage=in_proj seq_len=192 start_pos=0 elapsed_ms=9.932
kiln_profile_gdn_stage layer=30 stage=post_transpose seq_len=128 start_pos=0 elapsed_ms=0.004
kiln_profile_mlp_stage layer=28 stage=down_proj seq_len=40 start_pos=0 elapsed_ms=4.967
kiln_profile_gdn_stage layer=30 stage=gated_norm seq_len=128 start_pos=0 elapsed_ms=0.823
kiln_profile_gdn_stage layer=29 stage=gates seq_len=80 start_pos=0 elapsed_ms=39.990
kiln_profile_gdn_stage layer=30 stage=qkv_conv_split_norm seq_len=192 start_pos=0 elapsed_ms=5.412
kiln_profile_gdn_stage layer=30 stage=out_proj seq_len=128 start_pos=0 elapsed_ms=7.853
kiln_profile_gdn_stage layer=29 stage=in_proj seq_len=40 start_pos=0 elapsed_ms=9.883
kiln_profile_gdn_stage layer=29 stage=recurrent seq_len=80 start_pos=0 elapsed_ms=3.420
kiln_profile_gdn_stage layer=29 stage=post_transpose seq_len=80 start_pos=0 elapsed_ms=0.002
kiln_profile_mlp_stage layer=30 stage=gate_proj seq_len=128 start_pos=0 elapsed_ms=9.076
kiln_profile_gdn_stage layer=29 stage=qkv_conv_split_norm seq_len=40 start_pos=0 elapsed_ms=10.171
kiln_profile_gdn_stage layer=29 stage=gated_norm seq_len=80 start_pos=0 elapsed_ms=0.849
kiln_profile_mlp_stage layer=30 stage=gate_silu seq_len=128 start_pos=0 elapsed_ms=5.756
kiln_profile_gdn_stage layer=29 stage=out_proj seq_len=80 start_pos=0 elapsed_ms=4.541
kiln_profile_mlp_stage layer=30 stage=up_proj seq_len=128 start_pos=0 elapsed_ms=10.419
kiln_profile_gdn_stage layer=30 stage=gates seq_len=192 start_pos=0 elapsed_ms=38.238
kiln_profile_mlp_stage layer=29 stage=gate_proj seq_len=80 start_pos=0 elapsed_ms=6.361
kiln_profile_mlp_stage layer=30 stage=hidden_mul seq_len=128 start_pos=0 elapsed_ms=0.789
kiln_profile_gdn_stage layer=30 stage=recurrent seq_len=192 start_pos=0 elapsed_ms=8.690
kiln_profile_gdn_stage layer=30 stage=post_transpose seq_len=192 start_pos=0 elapsed_ms=0.006
kiln_profile_mlp_stage layer=30 stage=down_proj seq_len=128 start_pos=0 elapsed_ms=9.695
kiln_profile_gdn_stage layer=29 stage=gates seq_len=40 start_pos=0 elapsed_ms=41.586
kiln_profile_mlp_stage layer=29 stage=gate_silu seq_len=80 start_pos=0 elapsed_ms=19.488
kiln_profile_gdn_stage layer=29 stage=recurrent seq_len=40 start_pos=0 elapsed_ms=2.166
kiln_profile_gdn_stage layer=30 stage=gated_norm seq_len=192 start_pos=0 elapsed_ms=9.511
kiln_profile_mlp_stage layer=29 stage=up_proj seq_len=80 start_pos=0 elapsed_ms=15.223
kiln_profile_gdn_stage layer=29 stage=post_transpose seq_len=40 start_pos=0 elapsed_ms=0.003
kiln_profile_full_attn_stage full_attn_layer=7 stage=qkv_proj seq_len=128 start_pos=0 elapsed_ms=19.418
kiln_profile_gdn_stage layer=30 stage=out_proj seq_len=192 start_pos=0 elapsed_ms=3.795
kiln_profile_mlp_stage layer=29 stage=hidden_mul seq_len=80 start_pos=0 elapsed_ms=0.862
kiln_profile_gdn_stage layer=29 stage=gated_norm seq_len=40 start_pos=0 elapsed_ms=1.849
kiln_profile_full_attn_stage full_attn_layer=7 stage=qkv_split seq_len=128 start_pos=0 elapsed_ms=2.698
kiln_profile_gdn_stage layer=29 stage=out_proj seq_len=40 start_pos=0 elapsed_ms=1.457
kiln_profile_mlp_stage layer=29 stage=down_proj seq_len=80 start_pos=0 elapsed_ms=6.654
kiln_profile_full_attn_stage full_attn_layer=7 stage=qk_norm seq_len=128 start_pos=0 elapsed_ms=1.347
kiln_profile_mlp_stage layer=30 stage=gate_proj seq_len=192 start_pos=0 elapsed_ms=7.642
kiln_profile_full_attn_stage full_attn_layer=7 stage=rope seq_len=128 start_pos=0 elapsed_ms=0.928
kiln_profile_mlp_stage layer=29 stage=gate_proj seq_len=40 start_pos=0 elapsed_ms=6.776
kiln_profile_mlp_stage layer=30 stage=gate_silu seq_len=192 start_pos=0 elapsed_ms=5.649
kiln_profile_full_attn_stage full_attn_layer=7 stage=q_transpose seq_len=128 start_pos=0 elapsed_ms=5.621
kiln_profile_mlp_stage layer=30 stage=up_proj seq_len=192 start_pos=0 elapsed_ms=5.783
kiln_profile_full_attn_stage full_attn_layer=7 stage=prefill_kv_head_layout seq_len=128 start_pos=0 elapsed_ms=2.152
kiln_profile_full_attn_stage full_attn_layer=7 stage=prefill_attn_head_major seq_len=128 start_pos=0 elapsed_ms=0.007
kiln_profile_gdn_stage layer=30 stage=in_proj seq_len=80 start_pos=0 elapsed_ms=21.786
kiln_profile_mlp_stage layer=29 stage=gate_silu seq_len=40 start_pos=0 elapsed_ms=9.886
kiln_profile_mlp_stage layer=30 stage=hidden_mul seq_len=192 start_pos=0 elapsed_ms=1.286
kiln_profile_full_attn_stage full_attn_layer=7 stage=prefill_attn_fallback seq_len=128 start_pos=0 elapsed_ms=3.657
kiln_profile_gdn_stage layer=30 stage=qkv_conv_split_norm seq_len=80 start_pos=0 elapsed_ms=3.047
kiln_profile_mlp_stage layer=29 stage=up_proj seq_len=40 start_pos=0 elapsed_ms=8.975
kiln_profile_mlp_stage layer=30 stage=down_proj seq_len=192 start_pos=0 elapsed_ms=5.974
kiln_profile_full_attn_stage full_attn_layer=7 stage=kv_write seq_len=128 start_pos=0 elapsed_ms=2.803
kiln_profile_mlp_stage layer=29 stage=hidden_mul seq_len=40 start_pos=0 elapsed_ms=0.579
kiln_profile_mlp_stage layer=29 stage=down_proj seq_len=40 start_pos=0 elapsed_ms=3.363
kiln_profile_full_attn_stage full_attn_layer=7 stage=kv_read seq_len=128 start_pos=0 elapsed_ms=5.068
kiln_profile_full_attn_stage full_attn_layer=7 stage=qkv_proj seq_len=192 start_pos=0 elapsed_ms=10.829
kiln_profile_gdn_stage layer=30 stage=in_proj seq_len=40 start_pos=0 elapsed_ms=10.437
kiln_profile_gdn_stage layer=30 stage=gates seq_len=80 start_pos=0 elapsed_ms=31.950
kiln_profile_full_attn_stage full_attn_layer=7 stage=qkv_split seq_len=192 start_pos=0 elapsed_ms=5.121
kiln_profile_gdn_stage layer=30 stage=qkv_conv_split_norm seq_len=40 start_pos=0 elapsed_ms=4.519
kiln_profile_gdn_stage layer=30 stage=recurrent seq_len=80 start_pos=0 elapsed_ms=2.410
kiln_profile_full_attn_stage full_attn_layer=7 stage=qk_norm seq_len=192 start_pos=0 elapsed_ms=1.133
kiln_profile_gdn_stage layer=30 stage=post_transpose seq_len=80 start_pos=0 elapsed_ms=0.006
kiln_profile_gdn_stage layer=30 stage=gated_norm seq_len=80 start_pos=0 elapsed_ms=1.312
kiln_profile_full_attn_stage full_attn_layer=7 stage=rope seq_len=192 start_pos=0 elapsed_ms=4.715
kiln_profile_full_attn_stage full_attn_layer=7 stage=q_transpose seq_len=192 start_pos=0 elapsed_ms=4.346
kiln_profile_full_attn_stage full_attn_layer=7 stage=prefill_kv_head_layout seq_len=192 start_pos=0 elapsed_ms=1.063
kiln_profile_full_attn_stage full_attn_layer=7 stage=prefill_attn_head_major seq_len=192 start_pos=0 elapsed_ms=0.008
kiln_profile_full_attn_stage full_attn_layer=7 stage=prefill_attn_fallback seq_len=192 start_pos=0 elapsed_ms=6.060
kiln_profile_gdn_stage layer=30 stage=out_proj seq_len=80 start_pos=0 elapsed_ms=16.820
kiln_profile_full_attn_stage full_attn_layer=7 stage=kv_write seq_len=192 start_pos=0 elapsed_ms=1.121
kiln_profile_mlp_stage layer=31 stage=gate_proj seq_len=128 start_pos=0 elapsed_ms=6.672
kiln_profile_gdn_stage layer=30 stage=gates seq_len=40 start_pos=0 elapsed_ms=32.805
kiln_profile_gdn_stage layer=30 stage=recurrent seq_len=40 start_pos=0 elapsed_ms=6.957
kiln_profile_full_attn_stage full_attn_layer=7 stage=kv_read seq_len=192 start_pos=0 elapsed_ms=9.077
kiln_profile_mlp_stage layer=31 stage=gate_silu seq_len=128 start_pos=0 elapsed_ms=9.159
kiln_profile_gdn_stage layer=30 stage=post_transpose seq_len=40 start_pos=0 elapsed_ms=0.002
kiln_profile_mlp_stage layer=30 stage=gate_proj seq_len=80 start_pos=0 elapsed_ms=8.301
kiln_profile_mlp_stage layer=31 stage=up_proj seq_len=128 start_pos=0 elapsed_ms=11.585
kiln_profile_gdn_stage layer=30 stage=gated_norm seq_len=40 start_pos=0 elapsed_ms=10.193
kiln_profile_mlp_stage layer=30 stage=gate_silu seq_len=80 start_pos=0 elapsed_ms=1.445
kiln_profile_mlp_stage layer=31 stage=hidden_mul seq_len=128 start_pos=0 elapsed_ms=0.713
kiln_profile_gdn_stage layer=30 stage=out_proj seq_len=40 start_pos=0 elapsed_ms=5.960
kiln_profile_mlp_stage layer=31 stage=down_proj seq_len=128 start_pos=0 elapsed_ms=10.732
kiln_profile_mlp_stage layer=30 stage=up_proj seq_len=80 start_pos=0 elapsed_ms=15.428
kiln_profile_mlp_stage layer=30 stage=hidden_mul seq_len=80 start_pos=0 elapsed_ms=126.697
kiln_profile_mlp_stage layer=30 stage=gate_proj seq_len=40 start_pos=0 elapsed_ms=128.421
kiln_profile_mlp_stage layer=30 stage=down_proj seq_len=80 start_pos=0 elapsed_ms=5.000
kiln_profile_mlp_stage layer=30 stage=gate_silu seq_len=40 start_pos=0 elapsed_ms=4.682
kiln_profile_mlp_stage layer=30 stage=up_proj seq_len=40 start_pos=0 elapsed_ms=2.604
kiln_profile_mlp_stage layer=30 stage=hidden_mul seq_len=40 start_pos=0 elapsed_ms=1.077
kiln_profile_full_attn_stage full_attn_layer=7 stage=qkv_proj seq_len=80 start_pos=0 elapsed_ms=10.918
kiln_profile_mlp_stage layer=31 stage=gate_proj seq_len=192 start_pos=0 elapsed_ms=6.015
kiln_profile_mlp_stage layer=30 stage=down_proj seq_len=40 start_pos=0 elapsed_ms=2.601
kiln_profile_full_attn_stage full_attn_layer=7 stage=qkv_split seq_len=80 start_pos=0 elapsed_ms=2.370
kiln_profile_gdn_stage layer=0 stage=in_proj seq_len=1 start_pos=128 elapsed_ms=4.592
kiln_profile_full_attn_stage full_attn_layer=7 stage=qk_norm seq_len=80 start_pos=0 elapsed_ms=0.659
kiln_profile_gdn_stage layer=0 stage=qkv_conv_norm seq_len=1 start_pos=128 elapsed_ms=0.721
kiln_profile_mlp_stage layer=31 stage=gate_silu seq_len=192 start_pos=0 elapsed_ms=8.774
kiln_profile_full_attn_stage full_attn_layer=7 stage=rope seq_len=80 start_pos=0 elapsed_ms=0.675
kiln_profile_mlp_stage layer=31 stage=up_proj seq_len=192 start_pos=0 elapsed_ms=5.402
kiln_profile_gdn_stage layer=0 stage=gates_recur_gated_norm seq_len=1 start_pos=128 elapsed_ms=5.418
kiln_profile_gdn_stage layer=0 stage=post_transpose seq_len=1 start_pos=128 elapsed_ms=0.002
kiln_profile_gdn_stage layer=0 stage=gated_norm seq_len=1 start_pos=128 elapsed_ms=0.004
kiln_profile_full_attn_stage full_attn_layer=7 stage=qkv_proj seq_len=40 start_pos=0 elapsed_ms=11.302
kiln_profile_mlp_stage layer=31 stage=hidden_mul seq_len=192 start_pos=0 elapsed_ms=0.524
kiln_profile_full_attn_stage full_attn_layer=7 stage=q_transpose seq_len=80 start_pos=0 elapsed_ms=1.913
kiln_profile_gdn_stage layer=0 stage=out_proj seq_len=1 start_pos=128 elapsed_ms=1.988
kiln_profile_full_attn_stage full_attn_layer=7 stage=qkv_split seq_len=40 start_pos=0 elapsed_ms=1.509
kiln_profile_full_attn_stage full_attn_layer=7 stage=prefill_kv_head_layout seq_len=80 start_pos=0 elapsed_ms=6.784
kiln_profile_mlp_stage layer=31 stage=down_proj seq_len=192 start_pos=0 elapsed_ms=6.177
kiln_profile_mlp_stage layer=0 stage=gate_up_fused seq_len=1 start_pos=128 elapsed_ms=8.051
kiln_profile_full_attn_stage full_attn_layer=7 stage=prefill_attn_head_major seq_len=80 start_pos=0 elapsed_ms=0.009
kiln_profile_full_attn_stage full_attn_layer=7 stage=qk_norm seq_len=40 start_pos=0 elapsed_ms=1.301
kiln_profile_mlp_stage layer=0 stage=down_proj seq_len=1 start_pos=128 elapsed_ms=60.536
kiln_profile_full_attn_stage full_attn_layer=7 stage=prefill_attn_fallback seq_len=80 start_pos=0 elapsed_ms=63.146
kiln_profile_full_attn_stage full_attn_layer=7 stage=rope seq_len=40 start_pos=0 elapsed_ms=2.264
kiln_profile_full_attn_stage full_attn_layer=7 stage=q_transpose seq_len=40 start_pos=0 elapsed_ms=6.078
kiln_profile_full_attn_stage full_attn_layer=7 stage=kv_write seq_len=80 start_pos=0 elapsed_ms=7.211
kiln_profile_gdn_stage layer=1 stage=in_proj seq_len=1 start_pos=128 elapsed_ms=7.254
kiln_profile_full_attn_stage full_attn_layer=7 stage=prefill_kv_head_layout seq_len=40 start_pos=0 elapsed_ms=0.451
kiln_profile_full_attn_stage full_attn_layer=7 stage=prefill_attn_head_major seq_len=40 start_pos=0 elapsed_ms=0.005
kiln_profile_full_attn_stage full_attn_layer=7 stage=kv_read seq_len=80 start_pos=0 elapsed_ms=0.974
kiln_profile_gdn_stage layer=1 stage=qkv_conv_norm seq_len=1 start_pos=128 elapsed_ms=0.630
kiln_profile_full_attn_stage full_attn_layer=7 stage=prefill_attn_fallback seq_len=40 start_pos=0 elapsed_ms=1.151
kiln_profile_gdn_stage layer=1 stage=gates_recur_gated_norm seq_len=1 start_pos=128 elapsed_ms=0.715
kiln_profile_gdn_stage layer=1 stage=post_transpose seq_len=1 start_pos=128 elapsed_ms=0.002
kiln_profile_full_attn_stage full_attn_layer=7 stage=kv_write seq_len=40 start_pos=0 elapsed_ms=1.742
kiln_profile_gdn_stage layer=1 stage=gated_norm seq_len=1 start_pos=128 elapsed_ms=0.003
kiln_profile_full_attn_stage full_attn_layer=7 stage=kv_read seq_len=40 start_pos=0 elapsed_ms=0.522
kiln_profile_gdn_stage layer=1 stage=out_proj seq_len=1 start_pos=128 elapsed_ms=2.357
kiln_profile_mlp_stage layer=1 stage=gate_up_fused seq_len=1 start_pos=128 elapsed_ms=8.155
kiln_profile_mlp_stage layer=31 stage=gate_proj seq_len=80 start_pos=0 elapsed_ms=4.071
kiln_profile_mlp_stage layer=1 stage=down_proj seq_len=1 start_pos=128 elapsed_ms=7.962
kiln_profile_gdn_stage layer=2 stage=in_proj seq_len=1 start_pos=128 elapsed_ms=4.987
kiln_profile_mlp_stage layer=31 stage=gate_silu seq_len=80 start_pos=0 elapsed_ms=7.781
kiln_profile_gdn_stage layer=2 stage=qkv_conv_norm seq_len=1 start_pos=128 elapsed_ms=4.401
kiln_profile_mlp_stage layer=31 stage=up_proj seq_len=80 start_pos=0 elapsed_ms=4.066
kiln_profile_mlp_stage layer=31 stage=gate_proj seq_len=40 start_pos=0 elapsed_ms=2.165
kiln_profile_mlp_stage layer=31 stage=hidden_mul seq_len=80 start_pos=0 elapsed_ms=0.799
kiln_profile_gdn_stage layer=2 stage=gates_recur_gated_norm seq_len=1 start_pos=128 elapsed_ms=1.104
kiln_profile_gdn_stage layer=2 stage=post_transpose seq_len=1 start_pos=128 elapsed_ms=0.008
kiln_profile_mlp_stage layer=31 stage=down_proj seq_len=80 start_pos=0 elapsed_ms=4.737
kiln_profile_gdn_stage layer=2 stage=gated_norm seq_len=1 start_pos=128 elapsed_ms=0.576
kiln_profile_mlp_stage layer=31 stage=gate_silu seq_len=40 start_pos=0 elapsed_ms=6.192
kiln_profile_gdn_stage layer=2 stage=out_proj seq_len=1 start_pos=128 elapsed_ms=5.355
kiln_profile_mlp_stage layer=31 stage=up_proj seq_len=40 start_pos=0 elapsed_ms=4.781
kiln_profile_mlp_stage layer=2 stage=gate_up_fused seq_len=1 start_pos=128 elapsed_ms=7.821
kiln_profile_mlp_stage layer=31 stage=hidden_mul seq_len=40 start_pos=0 elapsed_ms=0.368
kiln_profile_mlp_stage layer=2 stage=down_proj seq_len=1 start_pos=128 elapsed_ms=3.322
kiln_profile_mlp_stage layer=31 stage=down_proj seq_len=40 start_pos=0 elapsed_ms=2.393
kiln_profile_full_attn_stage full_attn_layer=0 stage=qkv_proj seq_len=1 start_pos=128 elapsed_ms=3.736
kiln_profile_full_attn_stage full_attn_layer=0 stage=qkv_split seq_len=1 start_pos=128 elapsed_ms=0.451
kiln_profile_full_attn_stage full_attn_layer=0 stage=qk_norm seq_len=1 start_pos=128 elapsed_ms=0.364
kiln_profile_full_attn_stage full_attn_layer=0 stage=rope seq_len=1 start_pos=128 elapsed_ms=0.321
kiln_profile_full_attn_stage full_attn_layer=0 stage=q_transpose seq_len=1 start_pos=128 elapsed_ms=0.007
kiln_profile_full_attn_stage full_attn_layer=0 stage=kv_write seq_len=1 start_pos=128 elapsed_ms=3.664
kiln_profile_full_attn_stage full_attn_layer=0 stage=decode_attn_contiguous seq_len=1 start_pos=128 elapsed_ms=0.529
kiln_profile_full_attn_stage full_attn_layer=0 stage=attn_gate seq_len=1 start_pos=128 elapsed_ms=0.654
kiln_profile_full_attn_stage full_attn_layer=0 stage=o_proj seq_len=1 start_pos=128 elapsed_ms=1.757
kiln_profile_mlp_stage layer=3 stage=gate_up_fused seq_len=1 start_pos=128 elapsed_ms=7.142
kiln_profile_mlp_stage layer=3 stage=down_proj seq_len=1 start_pos=128 elapsed_ms=3.476
kiln_profile_gdn_stage layer=4 stage=in_proj seq_len=1 start_pos=128 elapsed_ms=4.171
kiln_profile_gdn_stage layer=4 stage=qkv_conv_norm seq_len=1 start_pos=128 elapsed_ms=0.370
kiln_profile_gdn_stage layer=4 stage=gates_recur_gated_norm seq_len=1 start_pos=128 elapsed_ms=0.484
kiln_profile_gdn_stage layer=4 stage=post_transpose seq_len=1 start_pos=128 elapsed_ms=0.000
kiln_profile_gdn_stage layer=4 stage=gated_norm seq_len=1 start_pos=128 elapsed_ms=0.017
kiln_profile_gdn_stage layer=4 stage=out_proj seq_len=1 start_pos=128 elapsed_ms=1.823
kiln_profile_mlp_stage layer=4 stage=gate_up_fused seq_len=1 start_pos=128 elapsed_ms=6.666
kiln_profile_mlp_stage layer=4 stage=down_proj seq_len=1 start_pos=128 elapsed_ms=2.800
kiln_profile_gdn_stage layer=5 stage=in_proj seq_len=1 start_pos=128 elapsed_ms=4.287
kiln_profile_gdn_stage layer=5 stage=qkv_conv_norm seq_len=1 start_pos=128 elapsed_ms=0.299
kiln_profile_gdn_stage layer=5 stage=gates_recur_gated_norm seq_len=1 start_pos=128 elapsed_ms=0.401
kiln_profile_gdn_stage layer=5 stage=post_transpose seq_len=1 start_pos=128 elapsed_ms=0.000
kiln_profile_gdn_stage layer=5 stage=gated_norm seq_len=1 start_pos=128 elapsed_ms=0.002
kiln_profile_gdn_stage layer=5 stage=out_proj seq_len=1 start_pos=128 elapsed_ms=1.448
kiln_profile_mlp_stage layer=5 stage=gate_up_fused seq_len=1 start_pos=128 elapsed_ms=5.519
kiln_profile_mlp_stage layer=5 stage=down_proj seq_len=1 start_pos=128 elapsed_ms=2.762
kiln_profile_gdn_stage layer=6 stage=in_proj seq_len=1 start_pos=128 elapsed_ms=5.281
kiln_profile_gdn_stage layer=6 stage=qkv_conv_norm seq_len=1 start_pos=128 elapsed_ms=0.286
kiln_profile_gdn_stage layer=6 stage=gates_recur_gated_norm seq_len=1 start_pos=128 elapsed_ms=0.424
kiln_profile_gdn_stage layer=6 stage=post_transpose seq_len=1 start_pos=128 elapsed_ms=0.000
kiln_profile_gdn_stage layer=6 stage=gated_norm seq_len=1 start_pos=128 elapsed_ms=0.002
kiln_profile_gdn_stage layer=6 stage=out_proj seq_len=1 start_pos=128 elapsed_ms=1.982
kiln_profile_mlp_stage layer=6 stage=gate_up_fused seq_len=1 start_pos=128 elapsed_ms=5.109
kiln_profile_mlp_stage layer=6 stage=down_proj seq_len=1 start_pos=128 elapsed_ms=2.780
kiln_profile_full_attn_stage full_attn_layer=1 stage=qkv_proj seq_len=1 start_pos=128 elapsed_ms=3.692
kiln_profile_full_attn_stage full_attn_layer=1 stage=qkv_split seq_len=1 start_pos=128 elapsed_ms=0.897
kiln_profile_full_attn_stage full_attn_layer=1 stage=qk_norm seq_len=1 start_pos=128 elapsed_ms=0.329
kiln_profile_full_attn_stage full_attn_layer=1 stage=rope seq_len=1 start_pos=128 elapsed_ms=0.256
kiln_profile_full_attn_stage full_attn_layer=1 stage=q_transpose seq_len=1 start_pos=128 elapsed_ms=0.016
kiln_profile_full_attn_stage full_attn_layer=1 stage=kv_write seq_len=1 start_pos=128 elapsed_ms=1.373
kiln_profile_full_attn_stage full_attn_layer=1 stage=decode_attn_contiguous seq_len=1 start_pos=128 elapsed_ms=0.294
kiln_profile_full_attn_stage full_attn_layer=1 stage=attn_gate seq_len=1 start_pos=128 elapsed_ms=0.239
kiln_profile_full_attn_stage full_attn_layer=1 stage=o_proj seq_len=1 start_pos=128 elapsed_ms=1.477
kiln_profile_mlp_stage layer=7 stage=gate_up_fused seq_len=1 start_pos=128 elapsed_ms=5.276
kiln_profile_mlp_stage layer=7 stage=down_proj seq_len=1 start_pos=128 elapsed_ms=2.781
kiln_profile_gdn_stage layer=8 stage=in_proj seq_len=1 start_pos=128 elapsed_ms=3.642
kiln_profile_gdn_stage layer=8 stage=qkv_conv_norm seq_len=1 start_pos=128 elapsed_ms=0.296
kiln_profile_gdn_stage layer=8 stage=gates_recur_gated_norm seq_len=1 start_pos=128 elapsed_ms=0.412
kiln_profile_gdn_stage layer=8 stage=post_transpose seq_len=1 start_pos=128 elapsed_ms=0.000
kiln_profile_gdn_stage layer=8 stage=gated_norm seq_len=1 start_pos=128 elapsed_ms=0.002
kiln_profile_gdn_stage layer=8 stage=out_proj seq_len=1 start_pos=128 elapsed_ms=1.436
kiln_profile_mlp_stage layer=8 stage=gate_up_fused seq_len=1 start_pos=128 elapsed_ms=5.065
kiln_profile_mlp_stage layer=8 stage=down_proj seq_len=1 start_pos=128 elapsed_ms=2.814
kiln_profile_gdn_stage layer=9 stage=in_proj seq_len=1 start_pos=128 elapsed_ms=3.464
kiln_profile_gdn_stage layer=9 stage=qkv_conv_norm seq_len=1 start_pos=128 elapsed_ms=0.453
kiln_profile_gdn_stage layer=9 stage=gates_recur_gated_norm seq_len=1 start_pos=128 elapsed_ms=0.557
kiln_profile_gdn_stage layer=9 stage=post_transpose seq_len=1 start_pos=128 elapsed_ms=0.000
kiln_profile_gdn_stage layer=9 stage=gated_norm seq_len=1 start_pos=128 elapsed_ms=0.002
kiln_profile_gdn_stage layer=9 stage=out_proj seq_len=1 start_pos=128 elapsed_ms=1.528
kiln_profile_mlp_stage layer=9 stage=gate_up_fused seq_len=1 start_pos=128 elapsed_ms=5.372
kiln_profile_mlp_stage layer=9 stage=down_proj seq_len=1 start_pos=128 elapsed_ms=3.107
kiln_profile_gdn_stage layer=10 stage=in_proj seq_len=1 start_pos=128 elapsed_ms=3.813
kiln_profile_gdn_stage layer=10 stage=qkv_conv_norm seq_len=1 start_pos=128 elapsed_ms=0.322
kiln_profile_gdn_stage layer=10 stage=gates_recur_gated_norm seq_len=1 start_pos=128 elapsed_ms=0.519
kiln_profile_gdn_stage layer=10 stage=post_transpose seq_len=1 start_pos=128 elapsed_ms=0.000
kiln_profile_gdn_stage layer=10 stage=gated_norm seq_len=1 start_pos=128 elapsed_ms=0.009
kiln_profile_gdn_stage layer=10 stage=out_proj seq_len=1 start_pos=128 elapsed_ms=1.722
kiln_profile_mlp_stage layer=10 stage=gate_up_fused seq_len=1 start_pos=128 elapsed_ms=5.968
kiln_profile_mlp_stage layer=10 stage=down_proj seq_len=1 start_pos=128 elapsed_ms=3.187
kiln_profile_full_attn_stage full_attn_layer=2 stage=qkv_proj seq_len=1 start_pos=128 elapsed_ms=3.368
kiln_profile_full_attn_stage full_attn_layer=2 stage=qkv_split seq_len=1 start_pos=128 elapsed_ms=0.284
kiln_profile_full_attn_stage full_attn_layer=2 stage=qk_norm seq_len=1 start_pos=128 elapsed_ms=0.291
kiln_profile_full_attn_stage full_attn_layer=2 stage=rope seq_len=1 start_pos=128 elapsed_ms=1.007
kiln_profile_full_attn_stage full_attn_layer=2 stage=q_transpose seq_len=1 start_pos=128 elapsed_ms=0.002
kiln_profile_full_attn_stage full_attn_layer=2 stage=kv_write seq_len=1 start_pos=128 elapsed_ms=1.405
kiln_profile_full_attn_stage full_attn_layer=2 stage=decode_attn_contiguous seq_len=1 start_pos=128 elapsed_ms=0.341
kiln_profile_full_attn_stage full_attn_layer=2 stage=attn_gate seq_len=1 start_pos=128 elapsed_ms=0.260
kiln_profile_full_attn_stage full_attn_layer=2 stage=o_proj seq_len=1 start_pos=128 elapsed_ms=12.627
kiln_profile_mlp_stage layer=11 stage=gate_up_fused seq_len=1 start_pos=128 elapsed_ms=6.233
kiln_profile_mlp_stage layer=11 stage=down_proj seq_len=1 start_pos=128 elapsed_ms=2.984
kiln_profile_gdn_stage layer=12 stage=in_proj seq_len=1 start_pos=128 elapsed_ms=3.710
kiln_profile_gdn_stage layer=12 stage=qkv_conv_norm seq_len=1 start_pos=128 elapsed_ms=0.322
kiln_profile_gdn_stage layer=12 stage=gates_recur_gated_norm seq_len=1 start_pos=128 elapsed_ms=0.442
kiln_profile_gdn_stage layer=12 stage=post_transpose seq_len=1 start_pos=128 elapsed_ms=0.000
kiln_profile_gdn_stage layer=12 stage=gated_norm seq_len=1 start_pos=128 elapsed_ms=0.002
kiln_profile_gdn_stage layer=12 stage=out_proj seq_len=1 start_pos=128 elapsed_ms=1.803
kiln_profile_mlp_stage layer=12 stage=gate_up_fused seq_len=1 start_pos=128 elapsed_ms=6.199
kiln_profile_mlp_stage layer=12 stage=down_proj seq_len=1 start_pos=128 elapsed_ms=3.026
kiln_profile_gdn_stage layer=13 stage=in_proj seq_len=1 start_pos=128 elapsed_ms=4.547
kiln_profile_gdn_stage layer=13 stage=qkv_conv_norm seq_len=1 start_pos=128 elapsed_ms=0.401
kiln_profile_gdn_stage layer=13 stage=gates_recur_gated_norm seq_len=1 start_pos=128 elapsed_ms=0.615
kiln_profile_gdn_stage layer=13 stage=post_transpose seq_len=1 start_pos=128 elapsed_ms=0.000
kiln_profile_gdn_stage layer=13 stage=gated_norm seq_len=1 start_pos=128 elapsed_ms=0.002
kiln_profile_gdn_stage layer=13 stage=out_proj seq_len=1 start_pos=128 elapsed_ms=1.701
kiln_profile_mlp_stage layer=13 stage=gate_up_fused seq_len=1 start_pos=128 elapsed_ms=7.686
kiln_profile_mlp_stage layer=13 stage=down_proj seq_len=1 start_pos=128 elapsed_ms=3.298
kiln_profile_gdn_stage layer=14 stage=in_proj seq_len=1 start_pos=128 elapsed_ms=4.592
kiln_profile_gdn_stage layer=14 stage=qkv_conv_norm seq_len=1 start_pos=128 elapsed_ms=2.026
kiln_profile_gdn_stage layer=14 stage=gates_recur_gated_norm seq_len=1 start_pos=128 elapsed_ms=1.555
kiln_profile_gdn_stage layer=14 stage=post_transpose seq_len=1 start_pos=128 elapsed_ms=0.000
kiln_profile_gdn_stage layer=14 stage=gated_norm seq_len=1 start_pos=128 elapsed_ms=0.003
kiln_profile_gdn_stage layer=14 stage=out_proj seq_len=1 start_pos=128 elapsed_ms=1.690
kiln_profile_mlp_stage layer=14 stage=gate_up_fused seq_len=1 start_pos=128 elapsed_ms=8.063
kiln_profile_mlp_stage layer=14 stage=down_proj seq_len=1 start_pos=128 elapsed_ms=3.501
kiln_profile_full_attn_stage full_attn_layer=3 stage=qkv_proj seq_len=1 start_pos=128 elapsed_ms=4.015
kiln_profile_full_attn_stage full_attn_layer=3 stage=qkv_split seq_len=1 start_pos=128 elapsed_ms=0.472
kiln_profile_full_attn_stage full_attn_layer=3 stage=qk_norm seq_len=1 start_pos=128 elapsed_ms=0.417
kiln_profile_full_attn_stage full_attn_layer=3 stage=rope seq_len=1 start_pos=128 elapsed_ms=0.429
kiln_profile_full_attn_stage full_attn_layer=3 stage=q_transpose seq_len=1 start_pos=128 elapsed_ms=0.008
kiln_profile_full_attn_stage full_attn_layer=3 stage=kv_write seq_len=1 start_pos=128 elapsed_ms=1.795
kiln_profile_full_attn_stage full_attn_layer=3 stage=decode_attn_contiguous seq_len=1 start_pos=128 elapsed_ms=0.504
kiln_profile_full_attn_stage full_attn_layer=3 stage=attn_gate seq_len=1 start_pos=128 elapsed_ms=0.406
kiln_profile_full_attn_stage full_attn_layer=3 stage=o_proj seq_len=1 start_pos=128 elapsed_ms=2.426
kiln_profile_mlp_stage layer=15 stage=gate_up_fused seq_len=1 start_pos=128 elapsed_ms=8.848
kiln_profile_mlp_stage layer=15 stage=down_proj seq_len=1 start_pos=128 elapsed_ms=3.039
kiln_profile_gdn_stage layer=16 stage=in_proj seq_len=1 start_pos=128 elapsed_ms=4.227
kiln_profile_gdn_stage layer=16 stage=qkv_conv_norm seq_len=1 start_pos=128 elapsed_ms=0.385
kiln_profile_gdn_stage layer=16 stage=gates_recur_gated_norm seq_len=1 start_pos=128 elapsed_ms=0.541
kiln_profile_gdn_stage layer=16 stage=post_transpose seq_len=1 start_pos=128 elapsed_ms=0.000
kiln_profile_gdn_stage layer=16 stage=gated_norm seq_len=1 start_pos=128 elapsed_ms=0.002
kiln_profile_gdn_stage layer=16 stage=out_proj seq_len=1 start_pos=128 elapsed_ms=1.730
kiln_profile_mlp_stage layer=16 stage=gate_up_fused seq_len=1 start_pos=128 elapsed_ms=7.760
kiln_profile_mlp_stage layer=16 stage=down_proj seq_len=1 start_pos=128 elapsed_ms=3.494
kiln_profile_gdn_stage layer=17 stage=in_proj seq_len=1 start_pos=128 elapsed_ms=6.846
kiln_profile_gdn_stage layer=17 stage=qkv_conv_norm seq_len=1 start_pos=128 elapsed_ms=0.795
kiln_profile_gdn_stage layer=17 stage=gates_recur_gated_norm seq_len=1 start_pos=128 elapsed_ms=1.606
kiln_profile_gdn_stage layer=17 stage=post_transpose seq_len=1 start_pos=128 elapsed_ms=0.000
kiln_profile_gdn_stage layer=17 stage=gated_norm seq_len=1 start_pos=128 elapsed_ms=0.003
kiln_profile_gdn_stage layer=17 stage=out_proj seq_len=1 start_pos=128 elapsed_ms=1.798
kiln_profile_mlp_stage layer=17 stage=gate_up_fused seq_len=1 start_pos=128 elapsed_ms=10.158
kiln_profile_mlp_stage layer=17 stage=down_proj seq_len=1 start_pos=128 elapsed_ms=3.227
kiln_profile_gdn_stage layer=18 stage=in_proj seq_len=1 start_pos=128 elapsed_ms=4.288
kiln_profile_gdn_stage layer=18 stage=qkv_conv_norm seq_len=1 start_pos=128 elapsed_ms=0.346
kiln_profile_gdn_stage layer=18 stage=gates_recur_gated_norm seq_len=1 start_pos=128 elapsed_ms=0.528
kiln_profile_gdn_stage layer=18 stage=post_transpose seq_len=1 start_pos=128 elapsed_ms=0.000
kiln_profile_gdn_stage layer=18 stage=gated_norm seq_len=1 start_pos=128 elapsed_ms=0.002
kiln_profile_gdn_stage layer=18 stage=out_proj seq_len=1 start_pos=128 elapsed_ms=1.891
kiln_profile_mlp_stage layer=18 stage=gate_up_fused seq_len=1 start_pos=128 elapsed_ms=9.772
kiln_profile_mlp_stage layer=18 stage=down_proj seq_len=1 start_pos=128 elapsed_ms=3.616
kiln_profile_full_attn_stage full_attn_layer=4 stage=qkv_proj seq_len=1 start_pos=128 elapsed_ms=4.063
kiln_profile_full_attn_stage full_attn_layer=4 stage=qkv_split seq_len=1 start_pos=128 elapsed_ms=0.471
kiln_profile_full_attn_stage full_attn_layer=4 stage=qk_norm seq_len=1 start_pos=128 elapsed_ms=0.400
kiln_profile_full_attn_stage full_attn_layer=4 stage=rope seq_len=1 start_pos=128 elapsed_ms=0.337
kiln_profile_full_attn_stage full_attn_layer=4 stage=q_transpose seq_len=1 start_pos=128 elapsed_ms=0.003
kiln_profile_full_attn_stage full_attn_layer=4 stage=kv_write seq_len=1 start_pos=128 elapsed_ms=1.729
kiln_profile_full_attn_stage full_attn_layer=4 stage=decode_attn_contiguous seq_len=1 start_pos=128 elapsed_ms=0.504
kiln_profile_full_attn_stage full_attn_layer=4 stage=attn_gate seq_len=1 start_pos=128 elapsed_ms=0.374
kiln_profile_full_attn_stage full_attn_layer=4 stage=o_proj seq_len=1 start_pos=128 elapsed_ms=2.455
kiln_profile_mlp_stage layer=19 stage=gate_up_fused seq_len=1 start_pos=128 elapsed_ms=7.196
kiln_profile_mlp_stage layer=19 stage=down_proj seq_len=1 start_pos=128 elapsed_ms=3.604
kiln_profile_gdn_stage layer=20 stage=in_proj seq_len=1 start_pos=128 elapsed_ms=5.485
kiln_profile_gdn_stage layer=20 stage=qkv_conv_norm seq_len=1 start_pos=128 elapsed_ms=0.915
kiln_profile_gdn_stage layer=20 stage=gates_recur_gated_norm seq_len=1 start_pos=128 elapsed_ms=0.681
kiln_profile_gdn_stage layer=20 stage=post_transpose seq_len=1 start_pos=128 elapsed_ms=0.000
kiln_profile_gdn_stage layer=20 stage=gated_norm seq_len=1 start_pos=128 elapsed_ms=0.021
kiln_profile_gdn_stage layer=20 stage=out_proj seq_len=1 start_pos=128 elapsed_ms=1.904
kiln_profile_mlp_stage layer=20 stage=gate_up_fused seq_len=1 start_pos=128 elapsed_ms=8.159
kiln_profile_mlp_stage layer=20 stage=down_proj seq_len=1 start_pos=128 elapsed_ms=3.594
kiln_profile_gdn_stage layer=21 stage=in_proj seq_len=1 start_pos=128 elapsed_ms=5.026
kiln_profile_gdn_stage layer=21 stage=qkv_conv_norm seq_len=1 start_pos=128 elapsed_ms=0.345
kiln_profile_gdn_stage layer=21 stage=gates_recur_gated_norm seq_len=1 start_pos=128 elapsed_ms=0.517
kiln_profile_gdn_stage layer=21 stage=post_transpose seq_len=1 start_pos=128 elapsed_ms=0.000
kiln_profile_gdn_stage layer=21 stage=gated_norm seq_len=1 start_pos=128 elapsed_ms=0.003
kiln_profile_gdn_stage layer=21 stage=out_proj seq_len=1 start_pos=128 elapsed_ms=1.755
kiln_profile_mlp_stage layer=21 stage=gate_up_fused seq_len=1 start_pos=128 elapsed_ms=10.185
kiln_profile_mlp_stage layer=21 stage=down_proj seq_len=1 start_pos=128 elapsed_ms=3.269
kiln_profile_gdn_stage layer=22 stage=in_proj seq_len=1 start_pos=128 elapsed_ms=4.800
kiln_profile_gdn_stage layer=22 stage=qkv_conv_norm seq_len=1 start_pos=128 elapsed_ms=0.409
kiln_profile_gdn_stage layer=22 stage=gates_recur_gated_norm seq_len=1 start_pos=128 elapsed_ms=0.612
kiln_profile_gdn_stage layer=22 stage=post_transpose seq_len=1 start_pos=128 elapsed_ms=0.000
kiln_profile_gdn_stage layer=22 stage=gated_norm seq_len=1 start_pos=128 elapsed_ms=0.009
kiln_profile_gdn_stage layer=22 stage=out_proj seq_len=1 start_pos=128 elapsed_ms=1.842
kiln_profile_mlp_stage layer=22 stage=gate_up_fused seq_len=1 start_pos=128 elapsed_ms=20.721
kiln_profile_mlp_stage layer=22 stage=down_proj seq_len=1 start_pos=128 elapsed_ms=3.484
kiln_profile_full_attn_stage full_attn_layer=5 stage=qkv_proj seq_len=1 start_pos=128 elapsed_ms=4.073
kiln_profile_full_attn_stage full_attn_layer=5 stage=qkv_split seq_len=1 start_pos=128 elapsed_ms=0.508
kiln_profile_full_attn_stage full_attn_layer=5 stage=qk_norm seq_len=1 start_pos=128 elapsed_ms=0.412
kiln_profile_full_attn_stage full_attn_layer=5 stage=rope seq_len=1 start_pos=128 elapsed_ms=0.287
kiln_profile_full_attn_stage full_attn_layer=5 stage=q_transpose seq_len=1 start_pos=128 elapsed_ms=0.003
kiln_profile_full_attn_stage full_attn_layer=5 stage=kv_write seq_len=1 start_pos=128 elapsed_ms=2.265
kiln_profile_full_attn_stage full_attn_layer=5 stage=decode_attn_contiguous seq_len=1 start_pos=128 elapsed_ms=0.547
kiln_profile_full_attn_stage full_attn_layer=5 stage=attn_gate seq_len=1 start_pos=128 elapsed_ms=0.380
kiln_profile_full_attn_stage full_attn_layer=5 stage=o_proj seq_len=1 start_pos=128 elapsed_ms=2.791
kiln_profile_mlp_stage layer=23 stage=gate_up_fused seq_len=1 start_pos=128 elapsed_ms=8.222
kiln_profile_mlp_stage layer=23 stage=down_proj seq_len=1 start_pos=128 elapsed_ms=5.487
kiln_profile_gdn_stage layer=24 stage=in_proj seq_len=1 start_pos=128 elapsed_ms=4.497
kiln_profile_gdn_stage layer=24 stage=qkv_conv_norm seq_len=1 start_pos=128 elapsed_ms=0.295
kiln_profile_gdn_stage layer=24 stage=gates_recur_gated_norm seq_len=1 start_pos=128 elapsed_ms=0.470
kiln_profile_gdn_stage layer=24 stage=post_transpose seq_len=1 start_pos=128 elapsed_ms=0.000
kiln_profile_gdn_stage layer=24 stage=gated_norm seq_len=1 start_pos=128 elapsed_ms=0.002
kiln_profile_gdn_stage layer=24 stage=out_proj seq_len=1 start_pos=128 elapsed_ms=1.443
kiln_profile_mlp_stage layer=24 stage=gate_up_fused seq_len=1 start_pos=128 elapsed_ms=7.228
kiln_profile_mlp_stage layer=24 stage=down_proj seq_len=1 start_pos=128 elapsed_ms=3.455
kiln_profile_gdn_stage layer=25 stage=in_proj seq_len=1 start_pos=128 elapsed_ms=4.822
kiln_profile_gdn_stage layer=25 stage=qkv_conv_norm seq_len=1 start_pos=128 elapsed_ms=0.404
kiln_profile_gdn_stage layer=25 stage=gates_recur_gated_norm seq_len=1 start_pos=128 elapsed_ms=0.669
kiln_profile_gdn_stage layer=25 stage=post_transpose seq_len=1 start_pos=128 elapsed_ms=0.000
kiln_profile_gdn_stage layer=25 stage=gated_norm seq_len=1 start_pos=128 elapsed_ms=0.003
kiln_profile_gdn_stage layer=25 stage=out_proj seq_len=1 start_pos=128 elapsed_ms=1.959
kiln_profile_mlp_stage layer=25 stage=gate_up_fused seq_len=1 start_pos=128 elapsed_ms=8.856
kiln_profile_mlp_stage layer=25 stage=down_proj seq_len=1 start_pos=128 elapsed_ms=3.177
kiln_profile_gdn_stage layer=26 stage=in_proj seq_len=1 start_pos=128 elapsed_ms=4.770
kiln_profile_gdn_stage layer=26 stage=qkv_conv_norm seq_len=1 start_pos=128 elapsed_ms=0.414
kiln_profile_gdn_stage layer=26 stage=gates_recur_gated_norm seq_len=1 start_pos=128 elapsed_ms=0.583
kiln_profile_gdn_stage layer=26 stage=post_transpose seq_len=1 start_pos=128 elapsed_ms=0.000
kiln_profile_gdn_stage layer=26 stage=gated_norm seq_len=1 start_pos=128 elapsed_ms=0.003
kiln_profile_gdn_stage layer=26 stage=out_proj seq_len=1 start_pos=128 elapsed_ms=1.973
kiln_profile_mlp_stage layer=26 stage=gate_up_fused seq_len=1 start_pos=128 elapsed_ms=6.901
kiln_profile_mlp_stage layer=26 stage=down_proj seq_len=1 start_pos=128 elapsed_ms=2.864
kiln_profile_full_attn_stage full_attn_layer=6 stage=qkv_proj seq_len=1 start_pos=128 elapsed_ms=5.292
kiln_profile_full_attn_stage full_attn_layer=6 stage=qkv_split seq_len=1 start_pos=128 elapsed_ms=1.080
kiln_profile_full_attn_stage full_attn_layer=6 stage=qk_norm seq_len=1 start_pos=128 elapsed_ms=1.490
kiln_profile_full_attn_stage full_attn_layer=6 stage=rope seq_len=1 start_pos=128 elapsed_ms=0.331
kiln_profile_full_attn_stage full_attn_layer=6 stage=q_transpose seq_len=1 start_pos=128 elapsed_ms=0.009
kiln_profile_full_attn_stage full_attn_layer=6 stage=kv_write seq_len=1 start_pos=128 elapsed_ms=1.499
kiln_profile_full_attn_stage full_attn_layer=6 stage=decode_attn_contiguous seq_len=1 start_pos=128 elapsed_ms=0.440
kiln_profile_full_attn_stage full_attn_layer=6 stage=attn_gate seq_len=1 start_pos=128 elapsed_ms=0.380
kiln_profile_full_attn_stage full_attn_layer=6 stage=o_proj seq_len=1 start_pos=128 elapsed_ms=2.318
kiln_profile_mlp_stage layer=27 stage=gate_up_fused seq_len=1 start_pos=128 elapsed_ms=7.260
kiln_profile_mlp_stage layer=27 stage=down_proj seq_len=1 start_pos=128 elapsed_ms=3.253
kiln_profile_gdn_stage layer=28 stage=in_proj seq_len=1 start_pos=128 elapsed_ms=4.586
kiln_profile_gdn_stage layer=28 stage=qkv_conv_norm seq_len=1 start_pos=128 elapsed_ms=0.421
kiln_profile_gdn_stage layer=28 stage=gates_recur_gated_norm seq_len=1 start_pos=128 elapsed_ms=0.617
kiln_profile_gdn_stage layer=28 stage=post_transpose seq_len=1 start_pos=128 elapsed_ms=0.000
kiln_profile_gdn_stage layer=28 stage=gated_norm seq_len=1 start_pos=128 elapsed_ms=0.003
kiln_profile_gdn_stage layer=28 stage=out_proj seq_len=1 start_pos=128 elapsed_ms=1.916
kiln_profile_mlp_stage layer=28 stage=gate_up_fused seq_len=1 start_pos=128 elapsed_ms=9.392
kiln_profile_mlp_stage layer=28 stage=down_proj seq_len=1 start_pos=128 elapsed_ms=3.600
kiln_profile_gdn_stage layer=29 stage=in_proj seq_len=1 start_pos=128 elapsed_ms=4.637
kiln_profile_gdn_stage layer=29 stage=qkv_conv_norm seq_len=1 start_pos=128 elapsed_ms=0.376
kiln_profile_gdn_stage layer=29 stage=gates_recur_gated_norm seq_len=1 start_pos=128 elapsed_ms=0.562
kiln_profile_gdn_stage layer=29 stage=post_transpose seq_len=1 start_pos=128 elapsed_ms=0.000
kiln_profile_gdn_stage layer=29 stage=gated_norm seq_len=1 start_pos=128 elapsed_ms=0.002
kiln_profile_gdn_stage layer=29 stage=out_proj seq_len=1 start_pos=128 elapsed_ms=1.778
kiln_profile_mlp_stage layer=29 stage=gate_up_fused seq_len=1 start_pos=128 elapsed_ms=3.366
kiln_profile_mlp_stage layer=29 stage=down_proj seq_len=1 start_pos=128 elapsed_ms=1.405
kiln_profile_gdn_stage layer=30 stage=in_proj seq_len=1 start_pos=128 elapsed_ms=2.098
kiln_profile_gdn_stage layer=30 stage=qkv_conv_norm seq_len=1 start_pos=128 elapsed_ms=0.227
kiln_profile_gdn_stage layer=30 stage=gates_recur_gated_norm seq_len=1 start_pos=128 elapsed_ms=0.411
kiln_profile_gdn_stage layer=30 stage=post_transpose seq_len=1 start_pos=128 elapsed_ms=0.000
kiln_profile_gdn_stage layer=30 stage=gated_norm seq_len=1 start_pos=128 elapsed_ms=0.001
kiln_profile_gdn_stage layer=30 stage=out_proj seq_len=1 start_pos=128 elapsed_ms=0.647
kiln_profile_mlp_stage layer=30 stage=gate_up_fused seq_len=1 start_pos=128 elapsed_ms=3.109
kiln_profile_mlp_stage layer=30 stage=down_proj seq_len=1 start_pos=128 elapsed_ms=1.161
kiln_profile_full_attn_stage full_attn_layer=7 stage=qkv_proj seq_len=1 start_pos=128 elapsed_ms=5.977
kiln_profile_full_attn_stage full_attn_layer=7 stage=qkv_split seq_len=1 start_pos=128 elapsed_ms=0.310
kiln_profile_full_attn_stage full_attn_layer=7 stage=qk_norm seq_len=1 start_pos=128 elapsed_ms=0.265
kiln_profile_full_attn_stage full_attn_layer=7 stage=rope seq_len=1 start_pos=128 elapsed_ms=0.233
kiln_profile_full_attn_stage full_attn_layer=7 stage=q_transpose seq_len=1 start_pos=128 elapsed_ms=0.002
kiln_profile_full_attn_stage full_attn_layer=7 stage=kv_write seq_len=1 start_pos=128 elapsed_ms=0.215
kiln_profile_full_attn_stage full_attn_layer=7 stage=decode_attn_contiguous seq_len=1 start_pos=128 elapsed_ms=0.285
kiln_profile_full_attn_stage full_attn_layer=7 stage=attn_gate seq_len=1 start_pos=128 elapsed_ms=0.191
kiln_profile_full_attn_stage full_attn_layer=7 stage=o_proj seq_len=1 start_pos=128 elapsed_ms=0.864
kiln_profile_mlp_stage layer=31 stage=gate_up_fused seq_len=1 start_pos=128 elapsed_ms=3.321
kiln_profile_mlp_stage layer=31 stage=down_proj seq_len=1 start_pos=128 elapsed_ms=1.333
kiln_profile_gdn_stage layer=0 stage=in_proj seq_len=1 start_pos=192 elapsed_ms=1.594
kiln_profile_gdn_stage layer=0 stage=qkv_conv_norm seq_len=1 start_pos=192 elapsed_ms=0.263
kiln_profile_gdn_stage layer=0 stage=gates_recur_gated_norm seq_len=1 start_pos=192 elapsed_ms=0.444
kiln_profile_gdn_stage layer=0 stage=post_transpose seq_len=1 start_pos=192 elapsed_ms=0.000
kiln_profile_gdn_stage layer=0 stage=gated_norm seq_len=1 start_pos=192 elapsed_ms=0.015
kiln_profile_gdn_stage layer=0 stage=out_proj seq_len=1 start_pos=192 elapsed_ms=1.098
kiln_profile_mlp_stage layer=0 stage=gate_up_fused seq_len=1 start_pos=192 elapsed_ms=1.901
kiln_profile_mlp_stage layer=0 stage=down_proj seq_len=1 start_pos=192 elapsed_ms=2.038
kiln_profile_gdn_stage layer=1 stage=in_proj seq_len=1 start_pos=192 elapsed_ms=1.553
kiln_profile_gdn_stage layer=1 stage=qkv_conv_norm seq_len=1 start_pos=192 elapsed_ms=0.261
kiln_profile_gdn_stage layer=1 stage=gates_recur_gated_norm seq_len=1 start_pos=192 elapsed_ms=0.447
kiln_profile_gdn_stage layer=1 stage=post_transpose seq_len=1 start_pos=192 elapsed_ms=0.000
kiln_profile_gdn_stage layer=1 stage=gated_norm seq_len=1 start_pos=192 elapsed_ms=0.002
kiln_profile_gdn_stage layer=1 stage=out_proj seq_len=1 start_pos=192 elapsed_ms=1.151
kiln_profile_mlp_stage layer=1 stage=gate_up_fused seq_len=1 start_pos=192 elapsed_ms=2.871
kiln_profile_mlp_stage layer=1 stage=down_proj seq_len=1 start_pos=192 elapsed_ms=2.119
kiln_profile_gdn_stage layer=2 stage=in_proj seq_len=1 start_pos=192 elapsed_ms=1.582
kiln_profile_gdn_stage layer=2 stage=qkv_conv_norm seq_len=1 start_pos=192 elapsed_ms=0.233
kiln_profile_gdn_stage layer=2 stage=gates_recur_gated_norm seq_len=1 start_pos=192 elapsed_ms=0.415
kiln_profile_gdn_stage layer=2 stage=post_transpose seq_len=1 start_pos=192 elapsed_ms=0.000
kiln_profile_gdn_stage layer=2 stage=gated_norm seq_len=1 start_pos=192 elapsed_ms=0.002
kiln_profile_gdn_stage layer=2 stage=out_proj seq_len=1 start_pos=192 elapsed_ms=1.261
kiln_profile_mlp_stage layer=2 stage=gate_up_fused seq_len=1 start_pos=192 elapsed_ms=2.152
kiln_profile_mlp_stage layer=2 stage=down_proj seq_len=1 start_pos=192 elapsed_ms=2.039
kiln_profile_full_attn_stage full_attn_layer=0 stage=qkv_proj_batch seq_len=1 start_pos=192 elapsed_ms=2.034
kiln_profile_full_attn_stage full_attn_layer=0 stage=qkv_split_batch seq_len=1 start_pos=192 elapsed_ms=0.297
kiln_profile_full_attn_stage full_attn_layer=0 stage=qk_norm_batch seq_len=1 start_pos=192 elapsed_ms=0.230
kiln_profile_full_attn_stage full_attn_layer=0 stage=rope_batch seq_len=1 start_pos=192 elapsed_ms=1.029
kiln_profile_full_attn_stage full_attn_layer=0 stage=kv_write_batch seq_len=1 start_pos=192 elapsed_ms=0.243
kiln_profile_full_attn_stage full_attn_layer=0 stage=decode_attn_contiguous_batch seq_len=1 start_pos=192 elapsed_ms=0.304
kiln_profile_full_attn_stage full_attn_layer=0 stage=attn_gate_batch seq_len=1 start_pos=192 elapsed_ms=0.203
kiln_profile_full_attn_stage full_attn_layer=0 stage=o_proj_batch seq_len=1 start_pos=192 elapsed_ms=1.032
kiln_profile_mlp_stage layer=3 stage=gate_up_fused seq_len=1 start_pos=192 elapsed_ms=1.902
kiln_profile_mlp_stage layer=3 stage=down_proj seq_len=1 start_pos=192 elapsed_ms=1.969
kiln_profile_gdn_stage layer=4 stage=in_proj seq_len=1 start_pos=192 elapsed_ms=1.579
kiln_profile_gdn_stage layer=4 stage=qkv_conv_norm seq_len=1 start_pos=192 elapsed_ms=0.253
kiln_profile_gdn_stage layer=4 stage=gates_recur_gated_norm seq_len=1 start_pos=192 elapsed_ms=0.439
kiln_profile_gdn_stage layer=4 stage=post_transpose seq_len=1 start_pos=192 elapsed_ms=0.000
kiln_profile_gdn_stage layer=4 stage=gated_norm seq_len=1 start_pos=192 elapsed_ms=0.001
kiln_profile_gdn_stage layer=4 stage=out_proj seq_len=1 start_pos=192 elapsed_ms=1.102
kiln_profile_mlp_stage layer=4 stage=gate_up_fused seq_len=1 start_pos=192 elapsed_ms=1.912
kiln_profile_mlp_stage layer=4 stage=down_proj seq_len=1 start_pos=192 elapsed_ms=2.831
kiln_profile_gdn_stage layer=5 stage=in_proj seq_len=1 start_pos=192 elapsed_ms=1.633
kiln_profile_gdn_stage layer=5 stage=qkv_conv_norm seq_len=1 start_pos=192 elapsed_ms=0.332
kiln_profile_gdn_stage layer=5 stage=gates_recur_gated_norm seq_len=1 start_pos=192 elapsed_ms=0.456
kiln_profile_gdn_stage layer=5 stage=post_transpose seq_len=1 start_pos=192 elapsed_ms=0.000
kiln_profile_gdn_stage layer=5 stage=gated_norm seq_len=1 start_pos=192 elapsed_ms=0.002
kiln_profile_gdn_stage layer=5 stage=out_proj seq_len=1 start_pos=192 elapsed_ms=1.108
kiln_profile_mlp_stage layer=5 stage=gate_up_fused seq_len=1 start_pos=192 elapsed_ms=1.926
kiln_profile_mlp_stage layer=5 stage=down_proj seq_len=1 start_pos=192 elapsed_ms=1.990
kiln_profile_gdn_stage layer=6 stage=in_proj seq_len=1 start_pos=192 elapsed_ms=1.577
kiln_profile_gdn_stage layer=6 stage=qkv_conv_norm seq_len=1 start_pos=192 elapsed_ms=0.293
kiln_profile_gdn_stage layer=6 stage=gates_recur_gated_norm seq_len=1 start_pos=192 elapsed_ms=0.465
kiln_profile_gdn_stage layer=6 stage=post_transpose seq_len=1 start_pos=192 elapsed_ms=0.000
kiln_profile_gdn_stage layer=6 stage=gated_norm seq_len=1 start_pos=192 elapsed_ms=0.002
kiln_profile_gdn_stage layer=6 stage=out_proj seq_len=1 start_pos=192 elapsed_ms=1.109
kiln_profile_mlp_stage layer=6 stage=gate_up_fused seq_len=1 start_pos=192 elapsed_ms=1.931
kiln_profile_mlp_stage layer=6 stage=down_proj seq_len=1 start_pos=192 elapsed_ms=2.272
kiln_profile_full_attn_stage full_attn_layer=1 stage=qkv_proj_batch seq_len=1 start_pos=192 elapsed_ms=2.095
kiln_profile_full_attn_stage full_attn_layer=1 stage=qkv_split_batch seq_len=1 start_pos=192 elapsed_ms=0.326
kiln_profile_full_attn_stage full_attn_layer=1 stage=qk_norm_batch seq_len=1 start_pos=192 elapsed_ms=0.283
kiln_profile_full_attn_stage full_attn_layer=1 stage=rope_batch seq_len=1 start_pos=192 elapsed_ms=0.718
kiln_profile_full_attn_stage full_attn_layer=1 stage=kv_write_batch seq_len=1 start_pos=192 elapsed_ms=0.286
kiln_profile_full_attn_stage full_attn_layer=1 stage=decode_attn_contiguous_batch seq_len=1 start_pos=192 elapsed_ms=0.332
kiln_profile_full_attn_stage full_attn_layer=1 stage=attn_gate_batch seq_len=1 start_pos=192 elapsed_ms=0.226
kiln_profile_full_attn_stage full_attn_layer=1 stage=o_proj_batch seq_len=1 start_pos=192 elapsed_ms=1.019
kiln_profile_mlp_stage layer=7 stage=gate_up_fused seq_len=1 start_pos=192 elapsed_ms=1.942
kiln_profile_mlp_stage layer=7 stage=down_proj seq_len=1 start_pos=192 elapsed_ms=2.024
kiln_profile_gdn_stage layer=8 stage=in_proj seq_len=1 start_pos=192 elapsed_ms=1.631
kiln_profile_gdn_stage layer=8 stage=qkv_conv_norm seq_len=1 start_pos=192 elapsed_ms=0.258
kiln_profile_gdn_stage layer=8 stage=gates_recur_gated_norm seq_len=1 start_pos=192 elapsed_ms=0.453
kiln_profile_gdn_stage layer=8 stage=post_transpose seq_len=1 start_pos=192 elapsed_ms=0.000
kiln_profile_gdn_stage layer=8 stage=gated_norm seq_len=1 start_pos=192 elapsed_ms=0.002
kiln_profile_gdn_stage layer=8 stage=out_proj seq_len=1 start_pos=192 elapsed_ms=2.094
kiln_profile_mlp_stage layer=8 stage=gate_up_fused seq_len=1 start_pos=192 elapsed_ms=1.963
kiln_profile_mlp_stage layer=8 stage=down_proj seq_len=1 start_pos=192 elapsed_ms=2.016
kiln_profile_gdn_stage layer=9 stage=in_proj seq_len=1 start_pos=192 elapsed_ms=1.588
kiln_profile_gdn_stage layer=9 stage=qkv_conv_norm seq_len=1 start_pos=192 elapsed_ms=0.371
kiln_profile_gdn_stage layer=9 stage=gates_recur_gated_norm seq_len=1 start_pos=192 elapsed_ms=0.499
kiln_profile_gdn_stage layer=9 stage=post_transpose seq_len=1 start_pos=192 elapsed_ms=0.000
kiln_profile_gdn_stage layer=9 stage=gated_norm seq_len=1 start_pos=192 elapsed_ms=0.002
kiln_profile_gdn_stage layer=9 stage=out_proj seq_len=1 start_pos=192 elapsed_ms=1.181
kiln_profile_mlp_stage layer=9 stage=gate_up_fused seq_len=1 start_pos=192 elapsed_ms=1.965
kiln_profile_mlp_stage layer=9 stage=down_proj seq_len=1 start_pos=192 elapsed_ms=2.035
kiln_profile_gdn_stage layer=10 stage=in_proj seq_len=1 start_pos=192 elapsed_ms=1.594
kiln_profile_gdn_stage layer=10 stage=qkv_conv_norm seq_len=1 start_pos=192 elapsed_ms=0.320
kiln_profile_gdn_stage layer=10 stage=gates_recur_gated_norm seq_len=1 start_pos=192 elapsed_ms=0.501
kiln_profile_gdn_stage layer=10 stage=post_transpose seq_len=1 start_pos=192 elapsed_ms=0.000
kiln_profile_gdn_stage layer=10 stage=gated_norm seq_len=1 start_pos=192 elapsed_ms=0.002
kiln_profile_gdn_stage layer=10 stage=out_proj seq_len=1 start_pos=192 elapsed_ms=1.166
kiln_profile_mlp_stage layer=10 stage=gate_up_fused seq_len=1 start_pos=192 elapsed_ms=1.925
kiln_profile_mlp_stage layer=10 stage=down_proj seq_len=1 start_pos=192 elapsed_ms=1.967
kiln_profile_full_attn_stage full_attn_layer=2 stage=qkv_proj_batch seq_len=1 start_pos=192 elapsed_ms=2.025
kiln_profile_full_attn_stage full_attn_layer=2 stage=qkv_split_batch seq_len=1 start_pos=192 elapsed_ms=0.317
kiln_profile_full_attn_stage full_attn_layer=2 stage=qk_norm_batch seq_len=1 start_pos=192 elapsed_ms=0.262
kiln_profile_full_attn_stage full_attn_layer=2 stage=rope_batch seq_len=1 start_pos=192 elapsed_ms=0.807
kiln_profile_full_attn_stage full_attn_layer=2 stage=kv_write_batch seq_len=1 start_pos=192 elapsed_ms=0.297
kiln_profile_full_attn_stage full_attn_layer=2 stage=decode_attn_contiguous_batch seq_len=1 start_pos=192 elapsed_ms=0.317
kiln_profile_full_attn_stage full_attn_layer=2 stage=attn_gate_batch seq_len=1 start_pos=192 elapsed_ms=0.234
kiln_profile_full_attn_stage full_attn_layer=2 stage=o_proj_batch seq_len=1 start_pos=192 elapsed_ms=1.007
kiln_profile_mlp_stage layer=11 stage=gate_up_fused seq_len=1 start_pos=192 elapsed_ms=2.040
kiln_profile_mlp_stage layer=11 stage=down_proj seq_len=1 start_pos=192 elapsed_ms=2.383
kiln_profile_gdn_stage layer=12 stage=in_proj seq_len=1 start_pos=192 elapsed_ms=1.605
kiln_profile_gdn_stage layer=12 stage=qkv_conv_norm seq_len=1 start_pos=192 elapsed_ms=0.314
kiln_profile_gdn_stage layer=12 stage=gates_recur_gated_norm seq_len=1 start_pos=192 elapsed_ms=0.446
kiln_profile_gdn_stage layer=12 stage=post_transpose seq_len=1 start_pos=192 elapsed_ms=0.002
kiln_profile_gdn_stage layer=12 stage=gated_norm seq_len=1 start_pos=192 elapsed_ms=0.004
kiln_profile_gdn_stage layer=12 stage=out_proj seq_len=1 start_pos=192 elapsed_ms=1.123
kiln_profile_mlp_stage layer=12 stage=gate_up_fused seq_len=1 start_pos=192 elapsed_ms=1.953
kiln_profile_mlp_stage layer=12 stage=down_proj seq_len=1 start_pos=192 elapsed_ms=2.033
kiln_profile_gdn_stage layer=13 stage=in_proj seq_len=1 start_pos=192 elapsed_ms=1.600
kiln_profile_gdn_stage layer=13 stage=qkv_conv_norm seq_len=1 start_pos=192 elapsed_ms=0.377
kiln_profile_gdn_stage layer=13 stage=gates_recur_gated_norm seq_len=1 start_pos=192 elapsed_ms=0.548
kiln_profile_gdn_stage layer=13 stage=post_transpose seq_len=1 start_pos=192 elapsed_ms=0.000
kiln_profile_gdn_stage layer=13 stage=gated_norm seq_len=1 start_pos=192 elapsed_ms=0.004
kiln_profile_gdn_stage layer=13 stage=out_proj seq_len=1 start_pos=192 elapsed_ms=1.184
kiln_profile_mlp_stage layer=13 stage=gate_up_fused seq_len=1 start_pos=192 elapsed_ms=2.037
kiln_profile_mlp_stage layer=13 stage=down_proj seq_len=1 start_pos=192 elapsed_ms=2.399
kiln_profile_gdn_stage layer=14 stage=in_proj seq_len=1 start_pos=192 elapsed_ms=1.632
kiln_profile_gdn_stage layer=14 stage=qkv_conv_norm seq_len=1 start_pos=192 elapsed_ms=0.414
kiln_profile_gdn_stage layer=14 stage=gates_recur_gated_norm seq_len=1 start_pos=192 elapsed_ms=0.460
kiln_profile_gdn_stage layer=14 stage=post_transpose seq_len=1 start_pos=192 elapsed_ms=0.003
kiln_profile_gdn_stage layer=14 stage=gated_norm seq_len=1 start_pos=192 elapsed_ms=0.002
kiln_profile_gdn_stage layer=14 stage=out_proj seq_len=1 start_pos=192 elapsed_ms=1.116
kiln_profile_mlp_stage layer=14 stage=gate_up_fused seq_len=1 start_pos=192 elapsed_ms=1.961
kiln_profile_mlp_stage layer=14 stage=down_proj seq_len=1 start_pos=192 elapsed_ms=2.125
kiln_profile_full_attn_stage full_attn_layer=3 stage=qkv_proj_batch seq_len=1 start_pos=192 elapsed_ms=3.642
kiln_profile_full_attn_stage full_attn_layer=3 stage=qkv_split_batch seq_len=1 start_pos=192 elapsed_ms=0.379
kiln_profile_full_attn_stage full_attn_layer=3 stage=qk_norm_batch seq_len=1 start_pos=192 elapsed_ms=0.239
kiln_profile_full_attn_stage full_attn_layer=3 stage=rope_batch seq_len=1 start_pos=192 elapsed_ms=0.717
kiln_profile_full_attn_stage full_attn_layer=3 stage=kv_write_batch seq_len=1 start_pos=192 elapsed_ms=0.268
kiln_profile_full_attn_stage full_attn_layer=3 stage=decode_attn_contiguous_batch seq_len=1 start_pos=192 elapsed_ms=0.347
kiln_profile_full_attn_stage full_attn_layer=3 stage=attn_gate_batch seq_len=1 start_pos=192 elapsed_ms=0.232
kiln_profile_full_attn_stage full_attn_layer=3 stage=o_proj_batch seq_len=1 start_pos=192 elapsed_ms=1.117
kiln_profile_mlp_stage layer=15 stage=gate_up_fused seq_len=1 start_pos=192 elapsed_ms=1.936
kiln_profile_mlp_stage layer=15 stage=down_proj seq_len=1 start_pos=192 elapsed_ms=2.071
kiln_profile_gdn_stage layer=16 stage=in_proj seq_len=1 start_pos=192 elapsed_ms=1.824
kiln_profile_gdn_stage layer=16 stage=qkv_conv_norm seq_len=1 start_pos=192 elapsed_ms=9.105
kiln_profile_gdn_stage layer=16 stage=gates_recur_gated_norm seq_len=1 start_pos=192 elapsed_ms=0.900
kiln_profile_gdn_stage layer=16 stage=post_transpose seq_len=1 start_pos=192 elapsed_ms=0.000
kiln_profile_gdn_stage layer=16 stage=gated_norm seq_len=1 start_pos=192 elapsed_ms=0.003
kiln_profile_gdn_stage layer=16 stage=out_proj seq_len=1 start_pos=192 elapsed_ms=1.104
kiln_profile_mlp_stage layer=16 stage=gate_up_fused seq_len=1 start_pos=192 elapsed_ms=2.113
kiln_profile_mlp_stage layer=16 stage=down_proj seq_len=1 start_pos=192 elapsed_ms=2.114
kiln_profile_gdn_stage layer=17 stage=in_proj seq_len=1 start_pos=192 elapsed_ms=1.666
kiln_profile_gdn_stage layer=17 stage=qkv_conv_norm seq_len=1 start_pos=192 elapsed_ms=0.360
kiln_profile_gdn_stage layer=17 stage=gates_recur_gated_norm seq_len=1 start_pos=192 elapsed_ms=0.518
kiln_profile_gdn_stage layer=17 stage=post_transpose seq_len=1 start_pos=192 elapsed_ms=0.000
kiln_profile_gdn_stage layer=17 stage=gated_norm seq_len=1 start_pos=192 elapsed_ms=0.004
kiln_profile_gdn_stage layer=17 stage=out_proj seq_len=1 start_pos=192 elapsed_ms=2.098
kiln_profile_mlp_stage layer=17 stage=gate_up_fused seq_len=1 start_pos=192 elapsed_ms=2.205
kiln_profile_mlp_stage layer=17 stage=down_proj seq_len=1 start_pos=192 elapsed_ms=2.199
kiln_profile_gdn_stage layer=18 stage=in_proj seq_len=1 start_pos=192 elapsed_ms=2.260
kiln_profile_gdn_stage layer=18 stage=qkv_conv_norm seq_len=1 start_pos=192 elapsed_ms=0.468
kiln_profile_gdn_stage layer=18 stage=gates_recur_gated_norm seq_len=1 start_pos=192 elapsed_ms=0.590
kiln_profile_gdn_stage layer=18 stage=post_transpose seq_len=1 start_pos=192 elapsed_ms=0.000
kiln_profile_gdn_stage layer=18 stage=gated_norm seq_len=1 start_pos=192 elapsed_ms=0.003
kiln_profile_gdn_stage layer=18 stage=out_proj seq_len=1 start_pos=192 elapsed_ms=1.228
kiln_profile_mlp_stage layer=18 stage=gate_up_fused seq_len=1 start_pos=192 elapsed_ms=2.311
kiln_profile_mlp_stage layer=18 stage=down_proj seq_len=1 start_pos=192 elapsed_ms=2.347
kiln_profile_full_attn_stage full_attn_layer=4 stage=qkv_proj_batch seq_len=1 start_pos=192 elapsed_ms=2.081
kiln_profile_full_attn_stage full_attn_layer=4 stage=qkv_split_batch seq_len=1 start_pos=192 elapsed_ms=0.305
kiln_profile_full_attn_stage full_attn_layer=4 stage=qk_norm_batch seq_len=1 start_pos=192 elapsed_ms=0.293
kiln_profile_full_attn_stage full_attn_layer=4 stage=rope_batch seq_len=1 start_pos=192 elapsed_ms=0.859
kiln_profile_full_attn_stage full_attn_layer=4 stage=kv_write_batch seq_len=1 start_pos=192 elapsed_ms=0.302
kiln_profile_full_attn_stage full_attn_layer=4 stage=decode_attn_contiguous_batch seq_len=1 start_pos=192 elapsed_ms=0.418
kiln_profile_full_attn_stage full_attn_layer=4 stage=attn_gate_batch seq_len=1 start_pos=192 elapsed_ms=0.308
kiln_profile_full_attn_stage full_attn_layer=4 stage=o_proj_batch seq_len=1 start_pos=192 elapsed_ms=1.428
kiln_profile_mlp_stage layer=19 stage=gate_up_fused seq_len=1 start_pos=192 elapsed_ms=2.630
kiln_profile_mlp_stage layer=19 stage=down_proj seq_len=1 start_pos=192 elapsed_ms=2.264
kiln_profile_gdn_stage layer=20 stage=in_proj seq_len=1 start_pos=192 elapsed_ms=1.980
kiln_profile_gdn_stage layer=20 stage=qkv_conv_norm seq_len=1 start_pos=192 elapsed_ms=0.566
kiln_profile_gdn_stage layer=20 stage=gates_recur_gated_norm seq_len=1 start_pos=192 elapsed_ms=1.788
kiln_profile_gdn_stage layer=20 stage=post_transpose seq_len=1 start_pos=192 elapsed_ms=0.001
kiln_profile_gdn_stage layer=20 stage=gated_norm seq_len=1 start_pos=192 elapsed_ms=0.004
kiln_profile_gdn_stage layer=20 stage=out_proj seq_len=1 start_pos=192 elapsed_ms=1.255
kiln_profile_mlp_stage layer=20 stage=gate_up_fused seq_len=1 start_pos=192 elapsed_ms=2.294
kiln_profile_mlp_stage layer=20 stage=down_proj seq_len=1 start_pos=192 elapsed_ms=2.127
kiln_profile_gdn_stage layer=21 stage=in_proj seq_len=1 start_pos=192 elapsed_ms=1.931
kiln_profile_gdn_stage layer=21 stage=qkv_conv_norm seq_len=1 start_pos=192 elapsed_ms=0.352
kiln_profile_gdn_stage layer=21 stage=gates_recur_gated_norm seq_len=1 start_pos=192 elapsed_ms=0.532
kiln_profile_gdn_stage layer=21 stage=post_transpose seq_len=1 start_pos=192 elapsed_ms=0.002
kiln_profile_gdn_stage layer=21 stage=gated_norm seq_len=1 start_pos=192 elapsed_ms=0.004
kiln_profile_gdn_stage layer=21 stage=out_proj seq_len=1 start_pos=192 elapsed_ms=1.271
kiln_profile_mlp_stage layer=21 stage=gate_up_fused seq_len=1 start_pos=192 elapsed_ms=2.421
kiln_profile_mlp_stage layer=21 stage=down_proj seq_len=1 start_pos=192 elapsed_ms=2.233
kiln_profile_gdn_stage layer=22 stage=in_proj seq_len=1 start_pos=192 elapsed_ms=2.125
kiln_profile_gdn_stage layer=22 stage=qkv_conv_norm seq_len=1 start_pos=192 elapsed_ms=0.465
kiln_profile_gdn_stage layer=22 stage=gates_recur_gated_norm seq_len=1 start_pos=192 elapsed_ms=0.596
kiln_profile_gdn_stage layer=22 stage=post_transpose seq_len=1 start_pos=192 elapsed_ms=0.001
kiln_profile_gdn_stage layer=22 stage=gated_norm seq_len=1 start_pos=192 elapsed_ms=0.005
kiln_profile_gdn_stage layer=22 stage=out_proj seq_len=1 start_pos=192 elapsed_ms=1.225
kiln_profile_mlp_stage layer=22 stage=gate_up_fused seq_len=1 start_pos=192 elapsed_ms=2.319
kiln_profile_mlp_stage layer=22 stage=down_proj seq_len=1 start_pos=192 elapsed_ms=2.258
kiln_profile_full_attn_stage full_attn_layer=5 stage=qkv_proj_batch seq_len=1 start_pos=192 elapsed_ms=2.351
kiln_profile_full_attn_stage full_attn_layer=5 stage=qkv_split_batch seq_len=1 start_pos=192 elapsed_ms=0.600
kiln_profile_full_attn_stage full_attn_layer=5 stage=qk_norm_batch seq_len=1 start_pos=192 elapsed_ms=1.220
kiln_profile_full_attn_stage full_attn_layer=5 stage=rope_batch seq_len=1 start_pos=192 elapsed_ms=0.883
kiln_profile_full_attn_stage full_attn_layer=5 stage=kv_write_batch seq_len=1 start_pos=192 elapsed_ms=0.311
kiln_profile_full_attn_stage full_attn_layer=5 stage=decode_attn_contiguous_batch seq_len=1 start_pos=192 elapsed_ms=0.589
kiln_profile_full_attn_stage full_attn_layer=5 stage=attn_gate_batch seq_len=1 start_pos=192 elapsed_ms=0.355
kiln_profile_full_attn_stage full_attn_layer=5 stage=o_proj_batch seq_len=1 start_pos=192 elapsed_ms=1.214
kiln_profile_mlp_stage layer=23 stage=gate_up_fused seq_len=1 start_pos=192 elapsed_ms=2.377
kiln_profile_mlp_stage layer=23 stage=down_proj seq_len=1 start_pos=192 elapsed_ms=2.115
kiln_profile_gdn_stage layer=24 stage=in_proj seq_len=1 start_pos=192 elapsed_ms=2.286
kiln_profile_gdn_stage layer=24 stage=qkv_conv_norm seq_len=1 start_pos=192 elapsed_ms=0.365
kiln_profile_gdn_stage layer=24 stage=gates_recur_gated_norm seq_len=1 start_pos=192 elapsed_ms=0.589
kiln_profile_gdn_stage layer=24 stage=post_transpose seq_len=1 start_pos=192 elapsed_ms=0.001
kiln_profile_gdn_stage layer=24 stage=gated_norm seq_len=1 start_pos=192 elapsed_ms=0.004
kiln_profile_gdn_stage layer=24 stage=out_proj seq_len=1 start_pos=192 elapsed_ms=1.201
kiln_profile_mlp_stage layer=24 stage=gate_up_fused seq_len=1 start_pos=192 elapsed_ms=2.301
kiln_profile_mlp_stage layer=24 stage=down_proj seq_len=1 start_pos=192 elapsed_ms=2.268
kiln_profile_gdn_stage layer=25 stage=in_proj seq_len=1 start_pos=192 elapsed_ms=2.191
kiln_profile_gdn_stage layer=25 stage=qkv_conv_norm seq_len=1 start_pos=192 elapsed_ms=0.303
kiln_profile_gdn_stage layer=25 stage=gates_recur_gated_norm seq_len=1 start_pos=192 elapsed_ms=0.488
kiln_profile_gdn_stage layer=25 stage=post_transpose seq_len=1 start_pos=192 elapsed_ms=0.003
kiln_profile_gdn_stage layer=25 stage=gated_norm seq_len=1 start_pos=192 elapsed_ms=0.005
kiln_profile_gdn_stage layer=25 stage=out_proj seq_len=1 start_pos=192 elapsed_ms=1.241
kiln_profile_mlp_stage layer=25 stage=gate_up_fused seq_len=1 start_pos=192 elapsed_ms=2.717
kiln_profile_mlp_stage layer=25 stage=down_proj seq_len=1 start_pos=192 elapsed_ms=2.323
kiln_profile_gdn_stage layer=26 stage=in_proj seq_len=1 start_pos=192 elapsed_ms=3.671
kiln_profile_gdn_stage layer=26 stage=qkv_conv_norm seq_len=1 start_pos=192 elapsed_ms=0.411
kiln_profile_gdn_stage layer=26 stage=gates_recur_gated_norm seq_len=1 start_pos=192 elapsed_ms=0.525
kiln_profile_gdn_stage layer=26 stage=post_transpose seq_len=1 start_pos=192 elapsed_ms=0.003
kiln_profile_gdn_stage layer=26 stage=gated_norm seq_len=1 start_pos=192 elapsed_ms=0.019
kiln_profile_gdn_stage layer=26 stage=out_proj seq_len=1 start_pos=192 elapsed_ms=1.175
kiln_profile_mlp_stage layer=26 stage=gate_up_fused seq_len=1 start_pos=192 elapsed_ms=2.631
kiln_profile_mlp_stage layer=26 stage=down_proj seq_len=1 start_pos=192 elapsed_ms=2.168
kiln_profile_full_attn_stage full_attn_layer=6 stage=qkv_proj_batch seq_len=1 start_pos=192 elapsed_ms=2.203
kiln_profile_full_attn_stage full_attn_layer=6 stage=qkv_split_batch seq_len=1 start_pos=192 elapsed_ms=0.423
kiln_profile_full_attn_stage full_attn_layer=6 stage=qk_norm_batch seq_len=1 start_pos=192 elapsed_ms=0.372
kiln_profile_full_attn_stage full_attn_layer=6 stage=rope_batch seq_len=1 start_pos=192 elapsed_ms=1.144
kiln_profile_full_attn_stage full_attn_layer=6 stage=kv_write_batch seq_len=1 start_pos=192 elapsed_ms=0.470
kiln_profile_full_attn_stage full_attn_layer=6 stage=decode_attn_contiguous_batch seq_len=1 start_pos=192 elapsed_ms=0.594
kiln_profile_full_attn_stage full_attn_layer=6 stage=attn_gate_batch seq_len=1 start_pos=192 elapsed_ms=0.423
kiln_profile_full_attn_stage full_attn_layer=6 stage=o_proj_batch seq_len=1 start_pos=192 elapsed_ms=1.596
kiln_profile_mlp_stage layer=27 stage=gate_up_fused seq_len=1 start_pos=192 elapsed_ms=2.804
kiln_profile_mlp_stage layer=27 stage=down_proj seq_len=1 start_pos=192 elapsed_ms=2.575
kiln_profile_gdn_stage layer=28 stage=in_proj seq_len=1 start_pos=192 elapsed_ms=2.474
kiln_profile_gdn_stage layer=28 stage=qkv_conv_norm seq_len=1 start_pos=192 elapsed_ms=0.420
kiln_profile_gdn_stage layer=28 stage=gates_recur_gated_norm seq_len=1 start_pos=192 elapsed_ms=0.661
kiln_profile_gdn_stage layer=28 stage=post_transpose seq_len=1 start_pos=192 elapsed_ms=0.001
kiln_profile_gdn_stage layer=28 stage=gated_norm seq_len=1 start_pos=192 elapsed_ms=0.003
kiln_profile_gdn_stage layer=28 stage=out_proj seq_len=1 start_pos=192 elapsed_ms=1.265
kiln_profile_mlp_stage layer=28 stage=gate_up_fused seq_len=1 start_pos=192 elapsed_ms=4.129
kiln_profile_mlp_stage layer=28 stage=down_proj seq_len=1 start_pos=192 elapsed_ms=2.197
kiln_profile_gdn_stage layer=29 stage=in_proj seq_len=1 start_pos=192 elapsed_ms=3.209
kiln_profile_gdn_stage layer=29 stage=qkv_conv_norm seq_len=1 start_pos=192 elapsed_ms=0.392
kiln_profile_gdn_stage layer=29 stage=gates_recur_gated_norm seq_len=1 start_pos=192 elapsed_ms=0.614
kiln_profile_gdn_stage layer=29 stage=post_transpose seq_len=1 start_pos=192 elapsed_ms=0.003
kiln_profile_gdn_stage layer=29 stage=gated_norm seq_len=1 start_pos=192 elapsed_ms=0.017
kiln_profile_gdn_stage layer=29 stage=out_proj seq_len=1 start_pos=192 elapsed_ms=1.323
kiln_profile_mlp_stage layer=29 stage=gate_up_fused seq_len=1 start_pos=192 elapsed_ms=3.588
kiln_profile_mlp_stage layer=29 stage=down_proj seq_len=1 start_pos=192 elapsed_ms=2.472
kiln_profile_gdn_stage layer=30 stage=in_proj seq_len=1 start_pos=192 elapsed_ms=2.873
kiln_profile_gdn_stage layer=30 stage=qkv_conv_norm seq_len=1 start_pos=192 elapsed_ms=0.491
kiln_profile_gdn_stage layer=30 stage=gates_recur_gated_norm seq_len=1 start_pos=192 elapsed_ms=0.639
kiln_profile_gdn_stage layer=30 stage=post_transpose seq_len=1 start_pos=192 elapsed_ms=0.001
kiln_profile_gdn_stage layer=30 stage=gated_norm seq_len=1 start_pos=192 elapsed_ms=0.004
kiln_profile_gdn_stage layer=30 stage=out_proj seq_len=1 start_pos=192 elapsed_ms=1.277
kiln_profile_mlp_stage layer=30 stage=gate_up_fused seq_len=1 start_pos=192 elapsed_ms=3.329
kiln_profile_mlp_stage layer=30 stage=down_proj seq_len=1 start_pos=192 elapsed_ms=4.058
kiln_profile_full_attn_stage full_attn_layer=7 stage=qkv_proj_batch seq_len=1 start_pos=192 elapsed_ms=2.555
kiln_profile_full_attn_stage full_attn_layer=7 stage=qkv_split_batch seq_len=1 start_pos=192 elapsed_ms=0.480
kiln_profile_full_attn_stage full_attn_layer=7 stage=qk_norm_batch seq_len=1 start_pos=192 elapsed_ms=0.312
kiln_profile_full_attn_stage full_attn_layer=7 stage=rope_batch seq_len=1 start_pos=192 elapsed_ms=1.456
kiln_profile_full_attn_stage full_attn_layer=7 stage=kv_write_batch seq_len=1 start_pos=192 elapsed_ms=0.402
kiln_profile_full_attn_stage full_attn_layer=7 stage=decode_attn_contiguous_batch seq_len=1 start_pos=192 elapsed_ms=0.555
kiln_profile_full_attn_stage full_attn_layer=7 stage=attn_gate_batch seq_len=1 start_pos=192 elapsed_ms=0.322
kiln_profile_full_attn_stage full_attn_layer=7 stage=o_proj_batch seq_len=1 start_pos=192 elapsed_ms=1.418
kiln_profile_mlp_stage layer=31 stage=gate_up_fused seq_len=1 start_pos=192 elapsed_ms=4.353
kiln_profile_mlp_stage layer=31 stage=down_proj seq_len=1 start_pos=192 elapsed_ms=2.785
kiln_profile_gdn_stage layer=0 stage=in_proj seq_len=1 start_pos=193 elapsed_ms=1.559
kiln_profile_gdn_stage layer=0 stage=qkv_conv_norm seq_len=1 start_pos=193 elapsed_ms=0.266
kiln_profile_gdn_stage layer=0 stage=gates_recur_gated_norm seq_len=1 start_pos=193 elapsed_ms=0.420
kiln_profile_gdn_stage layer=0 stage=post_transpose seq_len=1 start_pos=193 elapsed_ms=0.000
kiln_profile_gdn_stage layer=0 stage=gated_norm seq_len=1 start_pos=193 elapsed_ms=0.002
kiln_profile_gdn_stage layer=0 stage=out_proj seq_len=1 start_pos=193 elapsed_ms=1.105
kiln_profile_mlp_stage layer=0 stage=gate_up_fused seq_len=1 start_pos=193 elapsed_ms=1.975
kiln_profile_mlp_stage layer=0 stage=down_proj seq_len=1 start_pos=193 elapsed_ms=2.022
kiln_profile_gdn_stage layer=1 stage=in_proj seq_len=1 start_pos=193 elapsed_ms=1.519
kiln_profile_gdn_stage layer=1 stage=qkv_conv_norm seq_len=1 start_pos=193 elapsed_ms=0.315
kiln_profile_gdn_stage layer=1 stage=gates_recur_gated_norm seq_len=1 start_pos=193 elapsed_ms=0.414
kiln_profile_gdn_stage layer=1 stage=post_transpose seq_len=1 start_pos=193 elapsed_ms=0.000
kiln_profile_gdn_stage layer=1 stage=gated_norm seq_len=1 start_pos=193 elapsed_ms=0.003
kiln_profile_gdn_stage layer=1 stage=out_proj seq_len=1 start_pos=193 elapsed_ms=1.144
kiln_profile_mlp_stage layer=1 stage=gate_up_fused seq_len=1 start_pos=193 elapsed_ms=3.104
kiln_profile_mlp_stage layer=1 stage=down_proj seq_len=1 start_pos=193 elapsed_ms=2.068
kiln_profile_gdn_stage layer=2 stage=in_proj seq_len=1 start_pos=193 elapsed_ms=1.569
kiln_profile_gdn_stage layer=2 stage=qkv_conv_norm seq_len=1 start_pos=193 elapsed_ms=0.343
kiln_profile_gdn_stage layer=2 stage=gates_recur_gated_norm seq_len=1 start_pos=193 elapsed_ms=0.463
kiln_profile_gdn_stage layer=2 stage=post_transpose seq_len=1 start_pos=193 elapsed_ms=0.000
kiln_profile_gdn_stage layer=2 stage=gated_norm seq_len=1 start_pos=193 elapsed_ms=0.006
kiln_profile_gdn_stage layer=2 stage=out_proj seq_len=1 start_pos=193 elapsed_ms=1.141
kiln_profile_mlp_stage layer=2 stage=gate_up_fused seq_len=1 start_pos=193 elapsed_ms=2.006
kiln_profile_mlp_stage layer=2 stage=down_proj seq_len=1 start_pos=193 elapsed_ms=1.991
kiln_profile_full_attn_stage full_attn_layer=0 stage=qkv_proj_batch seq_len=1 start_pos=193 elapsed_ms=2.055
kiln_profile_full_attn_stage full_attn_layer=0 stage=qkv_split_batch seq_len=1 start_pos=193 elapsed_ms=0.349
kiln_profile_full_attn_stage full_attn_layer=0 stage=qk_norm_batch seq_len=1 start_pos=193 elapsed_ms=0.266
kiln_profile_full_attn_stage full_attn_layer=0 stage=rope_batch seq_len=1 start_pos=193 elapsed_ms=0.786
kiln_profile_full_attn_stage full_attn_layer=0 stage=kv_write_batch seq_len=1 start_pos=193 elapsed_ms=0.292
kiln_profile_full_attn_stage full_attn_layer=0 stage=decode_attn_contiguous_batch seq_len=1 start_pos=193 elapsed_ms=0.309
kiln_profile_full_attn_stage full_attn_layer=0 stage=attn_gate_batch seq_len=1 start_pos=193 elapsed_ms=0.228
kiln_profile_full_attn_stage full_attn_layer=0 stage=o_proj_batch seq_len=1 start_pos=193 elapsed_ms=1.042
kiln_profile_mlp_stage layer=3 stage=gate_up_fused seq_len=1 start_pos=193 elapsed_ms=1.909
kiln_profile_mlp_stage layer=3 stage=down_proj seq_len=1 start_pos=193 elapsed_ms=2.001
kiln_profile_gdn_stage layer=4 stage=in_proj seq_len=1 start_pos=193 elapsed_ms=1.478
kiln_profile_gdn_stage layer=4 stage=qkv_conv_norm seq_len=1 start_pos=193 elapsed_ms=0.288
kiln_profile_gdn_stage layer=4 stage=gates_recur_gated_norm seq_len=1 start_pos=193 elapsed_ms=0.390
kiln_profile_gdn_stage layer=4 stage=post_transpose seq_len=1 start_pos=193 elapsed_ms=0.002
kiln_profile_gdn_stage layer=4 stage=gated_norm seq_len=1 start_pos=193 elapsed_ms=0.004
kiln_profile_gdn_stage layer=4 stage=out_proj seq_len=1 start_pos=193 elapsed_ms=1.085
kiln_profile_mlp_stage layer=4 stage=gate_up_fused seq_len=1 start_pos=193 elapsed_ms=1.912
kiln_profile_mlp_stage layer=4 stage=down_proj seq_len=1 start_pos=193 elapsed_ms=2.229
kiln_profile_gdn_stage layer=5 stage=in_proj seq_len=1 start_pos=193 elapsed_ms=1.858
kiln_profile_gdn_stage layer=5 stage=qkv_conv_norm seq_len=1 start_pos=193 elapsed_ms=0.317
kiln_profile_gdn_stage layer=5 stage=gates_recur_gated_norm seq_len=1 start_pos=193 elapsed_ms=0.421
kiln_profile_gdn_stage layer=5 stage=post_transpose seq_len=1 start_pos=193 elapsed_ms=0.001
kiln_profile_gdn_stage layer=5 stage=gated_norm seq_len=1 start_pos=193 elapsed_ms=0.003
kiln_profile_gdn_stage layer=5 stage=out_proj seq_len=1 start_pos=193 elapsed_ms=1.067
kiln_profile_mlp_stage layer=5 stage=gate_up_fused seq_len=1 start_pos=193 elapsed_ms=1.962
kiln_profile_mlp_stage layer=5 stage=down_proj seq_len=1 start_pos=193 elapsed_ms=2.030
kiln_profile_gdn_stage layer=6 stage=in_proj seq_len=1 start_pos=193 elapsed_ms=1.527
kiln_profile_gdn_stage layer=6 stage=qkv_conv_norm seq_len=1 start_pos=193 elapsed_ms=0.311
kiln_profile_gdn_stage layer=6 stage=gates_recur_gated_norm seq_len=1 start_pos=193 elapsed_ms=0.402
kiln_profile_gdn_stage layer=6 stage=post_transpose seq_len=1 start_pos=193 elapsed_ms=0.000
kiln_profile_gdn_stage layer=6 stage=gated_norm seq_len=1 start_pos=193 elapsed_ms=0.004
kiln_profile_gdn_stage layer=6 stage=out_proj seq_len=1 start_pos=193 elapsed_ms=1.081
kiln_profile_mlp_stage layer=6 stage=gate_up_fused seq_len=1 start_pos=193 elapsed_ms=1.987
kiln_profile_mlp_stage layer=6 stage=down_proj seq_len=1 start_pos=193 elapsed_ms=2.101
kiln_profile_full_attn_stage full_attn_layer=1 stage=qkv_proj_batch seq_len=1 start_pos=193 elapsed_ms=2.120
kiln_profile_full_attn_stage full_attn_layer=1 stage=qkv_split_batch seq_len=1 start_pos=193 elapsed_ms=0.377
kiln_profile_full_attn_stage full_attn_layer=1 stage=qk_norm_batch seq_len=1 start_pos=193 elapsed_ms=0.339
kiln_profile_full_attn_stage full_attn_layer=1 stage=rope_batch seq_len=1 start_pos=193 elapsed_ms=0.859
kiln_profile_full_attn_stage full_attn_layer=1 stage=kv_write_batch seq_len=1 start_pos=193 elapsed_ms=0.356
kiln_profile_full_attn_stage full_attn_layer=1 stage=decode_attn_contiguous_batch seq_len=1 start_pos=193 elapsed_ms=0.381
kiln_profile_full_attn_stage full_attn_layer=1 stage=attn_gate_batch seq_len=1 start_pos=193 elapsed_ms=0.300
kiln_profile_full_attn_stage full_attn_layer=1 stage=o_proj_batch seq_len=1 start_pos=193 elapsed_ms=1.073
kiln_profile_mlp_stage layer=7 stage=gate_up_fused seq_len=1 start_pos=193 elapsed_ms=2.018
kiln_profile_mlp_stage layer=7 stage=down_proj seq_len=1 start_pos=193 elapsed_ms=2.204
kiln_profile_gdn_stage layer=8 stage=in_proj seq_len=1 start_pos=193 elapsed_ms=2.267
kiln_profile_gdn_stage layer=8 stage=qkv_conv_norm seq_len=1 start_pos=193 elapsed_ms=0.464
kiln_profile_gdn_stage layer=8 stage=gates_recur_gated_norm seq_len=1 start_pos=193 elapsed_ms=0.461
kiln_profile_gdn_stage layer=8 stage=post_transpose seq_len=1 start_pos=193 elapsed_ms=0.000
kiln_profile_gdn_stage layer=8 stage=gated_norm seq_len=1 start_pos=193 elapsed_ms=0.003
kiln_profile_gdn_stage layer=8 stage=out_proj seq_len=1 start_pos=193 elapsed_ms=1.121
kiln_profile_mlp_stage layer=8 stage=gate_up_fused seq_len=1 start_pos=193 elapsed_ms=2.013
kiln_profile_mlp_stage layer=8 stage=down_proj seq_len=1 start_pos=193 elapsed_ms=2.206
kiln_profile_gdn_stage layer=9 stage=in_proj seq_len=1 start_pos=193 elapsed_ms=1.601
kiln_profile_gdn_stage layer=9 stage=qkv_conv_norm seq_len=1 start_pos=193 elapsed_ms=0.376
kiln_profile_gdn_stage layer=9 stage=gates_recur_gated_norm seq_len=1 start_pos=193 elapsed_ms=0.465
kiln_profile_gdn_stage layer=9 stage=post_transpose seq_len=1 start_pos=193 elapsed_ms=0.001
kiln_profile_gdn_stage layer=9 stage=gated_norm seq_len=1 start_pos=193 elapsed_ms=0.004
kiln_profile_gdn_stage layer=9 stage=out_proj seq_len=1 start_pos=193 elapsed_ms=1.194
kiln_profile_mlp_stage layer=9 stage=gate_up_fused seq_len=1 start_pos=193 elapsed_ms=1.968
kiln_profile_mlp_stage layer=9 stage=down_proj seq_len=1 start_pos=193 elapsed_ms=2.085
kiln_profile_gdn_stage layer=10 stage=in_proj seq_len=1 start_pos=193 elapsed_ms=1.578
kiln_profile_gdn_stage layer=10 stage=qkv_conv_norm seq_len=1 start_pos=193 elapsed_ms=0.316
kiln_profile_gdn_stage layer=10 stage=gates_recur_gated_norm seq_len=1 start_pos=193 elapsed_ms=0.398
kiln_profile_gdn_stage layer=10 stage=post_transpose seq_len=1 start_pos=193 elapsed_ms=0.001
kiln_profile_gdn_stage layer=10 stage=gated_norm seq_len=1 start_pos=193 elapsed_ms=0.003
kiln_profile_gdn_stage layer=10 stage=out_proj seq_len=1 start_pos=193 elapsed_ms=1.128
kiln_profile_mlp_stage layer=10 stage=gate_up_fused seq_len=1 start_pos=193 elapsed_ms=1.922
kiln_profile_mlp_stage layer=10 stage=down_proj seq_len=1 start_pos=193 elapsed_ms=2.052
kiln_profile_full_attn_stage full_attn_layer=2 stage=qkv_proj_batch seq_len=1 start_pos=193 elapsed_ms=2.031
kiln_profile_full_attn_stage full_attn_layer=2 stage=qkv_split_batch seq_len=1 start_pos=193 elapsed_ms=0.850
kiln_profile_full_attn_stage full_attn_layer=2 stage=qk_norm_batch seq_len=1 start_pos=193 elapsed_ms=0.356
kiln_profile_full_attn_stage full_attn_layer=2 stage=rope_batch seq_len=1 start_pos=193 elapsed_ms=0.791
kiln_profile_full_attn_stage full_attn_layer=2 stage=kv_write_batch seq_len=1 start_pos=193 elapsed_ms=0.414
kiln_profile_full_attn_stage full_attn_layer=2 stage=decode_attn_contiguous_batch seq_len=1 start_pos=193 elapsed_ms=0.391
kiln_profile_full_attn_stage full_attn_layer=2 stage=attn_gate_batch seq_len=1 start_pos=193 elapsed_ms=0.298
kiln_profile_full_attn_stage full_attn_layer=2 stage=o_proj_batch seq_len=1 start_pos=193 elapsed_ms=1.206
kiln_profile_mlp_stage layer=11 stage=gate_up_fused seq_len=1 start_pos=193 elapsed_ms=2.026
kiln_profile_mlp_stage layer=11 stage=down_proj seq_len=1 start_pos=193 elapsed_ms=2.152
kiln_profile_gdn_stage layer=12 stage=in_proj seq_len=1 start_pos=193 elapsed_ms=1.565
kiln_profile_gdn_stage layer=12 stage=qkv_conv_norm seq_len=1 start_pos=193 elapsed_ms=0.373
kiln_profile_gdn_stage layer=12 stage=gates_recur_gated_norm seq_len=1 start_pos=193 elapsed_ms=0.498
kiln_profile_gdn_stage layer=12 stage=post_transpose seq_len=1 start_pos=193 elapsed_ms=0.003
kiln_profile_gdn_stage layer=12 stage=gated_norm seq_len=1 start_pos=193 elapsed_ms=0.006
kiln_profile_gdn_stage layer=12 stage=out_proj seq_len=1 start_pos=193 elapsed_ms=1.145
kiln_profile_mlp_stage layer=12 stage=gate_up_fused seq_len=1 start_pos=193 elapsed_ms=1.941
kiln_profile_mlp_stage layer=12 stage=down_proj seq_len=1 start_pos=193 elapsed_ms=2.041
kiln_profile_gdn_stage layer=13 stage=in_proj seq_len=1 start_pos=193 elapsed_ms=1.557
kiln_profile_gdn_stage layer=13 stage=qkv_conv_norm seq_len=1 start_pos=193 elapsed_ms=0.324
kiln_profile_gdn_stage layer=13 stage=gates_recur_gated_norm seq_len=1 start_pos=193 elapsed_ms=0.450
kiln_profile_gdn_stage layer=13 stage=post_transpose seq_len=1 start_pos=193 elapsed_ms=0.001
kiln_profile_gdn_stage layer=13 stage=gated_norm seq_len=1 start_pos=193 elapsed_ms=0.005
kiln_profile_gdn_stage layer=13 stage=out_proj seq_len=1 start_pos=193 elapsed_ms=1.165
kiln_profile_mlp_stage layer=13 stage=gate_up_fused seq_len=1 start_pos=193 elapsed_ms=2.053
kiln_profile_mlp_stage layer=13 stage=down_proj seq_len=1 start_pos=193 elapsed_ms=2.133
kiln_profile_gdn_stage layer=14 stage=in_proj seq_len=1 start_pos=193 elapsed_ms=1.585
kiln_profile_gdn_stage layer=14 stage=qkv_conv_norm seq_len=1 start_pos=193 elapsed_ms=0.291
kiln_profile_gdn_stage layer=14 stage=gates_recur_gated_norm seq_len=1 start_pos=193 elapsed_ms=0.412
kiln_profile_gdn_stage layer=14 stage=post_transpose seq_len=1 start_pos=193 elapsed_ms=0.000
kiln_profile_gdn_stage layer=14 stage=gated_norm seq_len=1 start_pos=193 elapsed_ms=0.006
kiln_profile_gdn_stage layer=14 stage=out_proj seq_len=1 start_pos=193 elapsed_ms=1.913
kiln_profile_mlp_stage layer=14 stage=gate_up_fused seq_len=1 start_pos=193 elapsed_ms=2.052
kiln_profile_mlp_stage layer=14 stage=down_proj seq_len=1 start_pos=193 elapsed_ms=2.057
kiln_profile_full_attn_stage full_attn_layer=3 stage=qkv_proj_batch seq_len=1 start_pos=193 elapsed_ms=2.095
kiln_profile_full_attn_stage full_attn_layer=3 stage=qkv_split_batch seq_len=1 start_pos=193 elapsed_ms=0.409
kiln_profile_full_attn_stage full_attn_layer=3 stage=qk_norm_batch seq_len=1 start_pos=193 elapsed_ms=0.327
kiln_profile_full_attn_stage full_attn_layer=3 stage=rope_batch seq_len=1 start_pos=193 elapsed_ms=0.938
kiln_profile_full_attn_stage full_attn_layer=3 stage=kv_write_batch seq_len=1 start_pos=193 elapsed_ms=0.394
kiln_profile_full_attn_stage full_attn_layer=3 stage=decode_attn_contiguous_batch seq_len=1 start_pos=193 elapsed_ms=0.441
kiln_profile_full_attn_stage full_attn_layer=3 stage=attn_gate_batch seq_len=1 start_pos=193 elapsed_ms=0.322
kiln_profile_full_attn_stage full_attn_layer=3 stage=o_proj_batch seq_len=1 start_pos=193 elapsed_ms=1.089
kiln_profile_mlp_stage layer=15 stage=gate_up_fused seq_len=1 start_pos=193 elapsed_ms=2.021
kiln_profile_mlp_stage layer=15 stage=down_proj seq_len=1 start_pos=193 elapsed_ms=2.134
kiln_profile_gdn_stage layer=16 stage=in_proj seq_len=1 start_pos=193 elapsed_ms=1.579
kiln_profile_gdn_stage layer=16 stage=qkv_conv_norm seq_len=1 start_pos=193 elapsed_ms=0.355
kiln_profile_gdn_stage layer=16 stage=gates_recur_gated_norm seq_len=1 start_pos=193 elapsed_ms=0.479
kiln_profile_gdn_stage layer=16 stage=post_transpose seq_len=1 start_pos=193 elapsed_ms=0.003
kiln_profile_gdn_stage layer=16 stage=gated_norm seq_len=1 start_pos=193 elapsed_ms=0.006
kiln_profile_gdn_stage layer=16 stage=out_proj seq_len=1 start_pos=193 elapsed_ms=1.127
kiln_profile_mlp_stage layer=16 stage=gate_up_fused seq_len=1 start_pos=193 elapsed_ms=1.938
kiln_profile_mlp_stage layer=16 stage=down_proj seq_len=1 start_pos=193 elapsed_ms=1.992
kiln_profile_gdn_stage layer=17 stage=in_proj seq_len=1 start_pos=193 elapsed_ms=1.519
kiln_profile_gdn_stage layer=17 stage=qkv_conv_norm seq_len=1 start_pos=193 elapsed_ms=0.282
kiln_profile_gdn_stage layer=17 stage=gates_recur_gated_norm seq_len=1 start_pos=193 elapsed_ms=0.398
kiln_profile_gdn_stage layer=17 stage=post_transpose seq_len=1 start_pos=193 elapsed_ms=0.001
kiln_profile_gdn_stage layer=17 stage=gated_norm seq_len=1 start_pos=193 elapsed_ms=0.003
kiln_profile_gdn_stage layer=17 stage=out_proj seq_len=1 start_pos=193 elapsed_ms=1.811
kiln_profile_mlp_stage layer=17 stage=gate_up_fused seq_len=1 start_pos=193 elapsed_ms=2.053
kiln_profile_mlp_stage layer=17 stage=down_proj seq_len=1 start_pos=193 elapsed_ms=2.152
kiln_profile_gdn_stage layer=18 stage=in_proj seq_len=1 start_pos=193 elapsed_ms=1.598
kiln_profile_gdn_stage layer=18 stage=qkv_conv_norm seq_len=1 start_pos=193 elapsed_ms=0.417
kiln_profile_gdn_stage layer=18 stage=gates_recur_gated_norm seq_len=1 start_pos=193 elapsed_ms=0.493
kiln_profile_gdn_stage layer=18 stage=post_transpose seq_len=1 start_pos=193 elapsed_ms=0.001
kiln_profile_gdn_stage layer=18 stage=gated_norm seq_len=1 start_pos=193 elapsed_ms=0.004
kiln_profile_gdn_stage layer=18 stage=out_proj seq_len=1 start_pos=193 elapsed_ms=1.168
kiln_profile_mlp_stage layer=18 stage=gate_up_fused seq_len=1 start_pos=193 elapsed_ms=2.065
kiln_profile_mlp_stage layer=18 stage=down_proj seq_len=1 start_pos=193 elapsed_ms=2.224
kiln_profile_full_attn_stage full_attn_layer=4 stage=qkv_proj_batch seq_len=1 start_pos=193 elapsed_ms=2.040
kiln_profile_full_attn_stage full_attn_layer=4 stage=qkv_split_batch seq_len=1 start_pos=193 elapsed_ms=0.327
kiln_profile_full_attn_stage full_attn_layer=4 stage=qk_norm_batch seq_len=1 start_pos=193 elapsed_ms=0.232
kiln_profile_full_attn_stage full_attn_layer=4 stage=rope_batch seq_len=1 start_pos=193 elapsed_ms=0.675
kiln_profile_full_attn_stage full_attn_layer=4 stage=kv_write_batch seq_len=1 start_pos=193 elapsed_ms=0.296
kiln_profile_full_attn_stage full_attn_layer=4 stage=decode_attn_contiguous_batch seq_len=1 start_pos=193 elapsed_ms=0.306
kiln_profile_full_attn_stage full_attn_layer=4 stage=attn_gate_batch seq_len=1 start_pos=193 elapsed_ms=0.217
kiln_profile_full_attn_stage full_attn_layer=4 stage=o_proj_batch seq_len=1 start_pos=193 elapsed_ms=1.017
kiln_profile_mlp_stage layer=19 stage=gate_up_fused seq_len=1 start_pos=193 elapsed_ms=1.905
kiln_profile_mlp_stage layer=19 stage=down_proj seq_len=1 start_pos=193 elapsed_ms=2.096
kiln_profile_gdn_stage layer=20 stage=in_proj seq_len=1 start_pos=193 elapsed_ms=1.610
kiln_profile_gdn_stage layer=20 stage=qkv_conv_norm seq_len=1 start_pos=193 elapsed_ms=0.370
kiln_profile_gdn_stage layer=20 stage=gates_recur_gated_norm seq_len=1 start_pos=193 elapsed_ms=0.463
kiln_profile_gdn_stage layer=20 stage=post_transpose seq_len=1 start_pos=193 elapsed_ms=0.003
kiln_profile_gdn_stage layer=20 stage=gated_norm seq_len=1 start_pos=193 elapsed_ms=0.004
kiln_profile_gdn_stage layer=20 stage=out_proj seq_len=1 start_pos=193 elapsed_ms=1.274
kiln_profile_mlp_stage layer=20 stage=gate_up_fused seq_len=1 start_pos=193 elapsed_ms=2.600
kiln_profile_mlp_stage layer=20 stage=down_proj seq_len=1 start_pos=193 elapsed_ms=2.161
kiln_profile_gdn_stage layer=21 stage=in_proj seq_len=1 start_pos=193 elapsed_ms=1.538
kiln_profile_gdn_stage layer=21 stage=qkv_conv_norm seq_len=1 start_pos=193 elapsed_ms=0.335
kiln_profile_gdn_stage layer=21 stage=gates_recur_gated_norm seq_len=1 start_pos=193 elapsed_ms=0.477
kiln_profile_gdn_stage layer=21 stage=post_transpose seq_len=1 start_pos=193 elapsed_ms=0.001
kiln_profile_gdn_stage layer=21 stage=gated_norm seq_len=1 start_pos=193 elapsed_ms=0.005
kiln_profile_gdn_stage layer=21 stage=out_proj seq_len=1 start_pos=193 elapsed_ms=1.164
kiln_profile_mlp_stage layer=21 stage=gate_up_fused seq_len=1 start_pos=193 elapsed_ms=2.072
kiln_profile_mlp_stage layer=21 stage=down_proj seq_len=1 start_pos=193 elapsed_ms=2.048
kiln_profile_gdn_stage layer=22 stage=in_proj seq_len=1 start_pos=193 elapsed_ms=1.671
kiln_profile_gdn_stage layer=22 stage=qkv_conv_norm seq_len=1 start_pos=193 elapsed_ms=0.390
kiln_profile_gdn_stage layer=22 stage=gates_recur_gated_norm seq_len=1 start_pos=193 elapsed_ms=0.561
kiln_profile_gdn_stage layer=22 stage=post_transpose seq_len=1 start_pos=193 elapsed_ms=0.002
kiln_profile_gdn_stage layer=22 stage=gated_norm seq_len=1 start_pos=193 elapsed_ms=0.006
kiln_profile_gdn_stage layer=22 stage=out_proj seq_len=1 start_pos=193 elapsed_ms=1.189
kiln_profile_mlp_stage layer=22 stage=gate_up_fused seq_len=1 start_pos=193 elapsed_ms=1.990
kiln_profile_mlp_stage layer=22 stage=down_proj seq_len=1 start_pos=193 elapsed_ms=2.092
kiln_profile_full_attn_stage full_attn_layer=5 stage=qkv_proj_batch seq_len=1 start_pos=193 elapsed_ms=2.104
kiln_profile_full_attn_stage full_attn_layer=5 stage=qkv_split_batch seq_len=1 start_pos=193 elapsed_ms=0.441
kiln_profile_full_attn_stage full_attn_layer=5 stage=qk_norm_batch seq_len=1 start_pos=193 elapsed_ms=0.373
kiln_profile_full_attn_stage full_attn_layer=5 stage=rope_batch seq_len=1 start_pos=193 elapsed_ms=0.952
kiln_profile_full_attn_stage full_attn_layer=5 stage=kv_write_batch seq_len=1 start_pos=193 elapsed_ms=0.386
kiln_profile_full_attn_stage full_attn_layer=5 stage=decode_attn_contiguous_batch seq_len=1 start_pos=193 elapsed_ms=0.387
kiln_profile_full_attn_stage full_attn_layer=5 stage=attn_gate_batch seq_len=1 start_pos=193 elapsed_ms=0.302
kiln_profile_full_attn_stage full_attn_layer=5 stage=o_proj_batch seq_len=1 start_pos=193 elapsed_ms=2.007
kiln_profile_mlp_stage layer=23 stage=gate_up_fused seq_len=1 start_pos=193 elapsed_ms=2.145
kiln_profile_mlp_stage layer=23 stage=down_proj seq_len=1 start_pos=193 elapsed_ms=2.161
kiln_profile_gdn_stage layer=24 stage=in_proj seq_len=1 start_pos=193 elapsed_ms=1.716
kiln_profile_gdn_stage layer=24 stage=qkv_conv_norm seq_len=1 start_pos=193 elapsed_ms=0.384
kiln_profile_gdn_stage layer=24 stage=gates_recur_gated_norm seq_len=1 start_pos=193 elapsed_ms=0.520
kiln_profile_gdn_stage layer=24 stage=post_transpose seq_len=1 start_pos=193 elapsed_ms=0.002
kiln_profile_gdn_stage layer=24 stage=gated_norm seq_len=1 start_pos=193 elapsed_ms=0.005
kiln_profile_gdn_stage layer=24 stage=out_proj seq_len=1 start_pos=193 elapsed_ms=1.192
kiln_profile_mlp_stage layer=24 stage=gate_up_fused seq_len=1 start_pos=193 elapsed_ms=2.061
kiln_profile_mlp_stage layer=24 stage=down_proj seq_len=1 start_pos=193 elapsed_ms=2.150
kiln_profile_gdn_stage layer=25 stage=in_proj seq_len=1 start_pos=193 elapsed_ms=1.700
kiln_profile_gdn_stage layer=25 stage=qkv_conv_norm seq_len=1 start_pos=193 elapsed_ms=0.372
kiln_profile_gdn_stage layer=25 stage=gates_recur_gated_norm seq_len=1 start_pos=193 elapsed_ms=0.519
kiln_profile_gdn_stage layer=25 stage=post_transpose seq_len=1 start_pos=193 elapsed_ms=0.002
kiln_profile_gdn_stage layer=25 stage=gated_norm seq_len=1 start_pos=193 elapsed_ms=0.006
kiln_profile_gdn_stage layer=25 stage=out_proj seq_len=1 start_pos=193 elapsed_ms=1.202
kiln_profile_mlp_stage layer=25 stage=gate_up_fused seq_len=1 start_pos=193 elapsed_ms=2.239
kiln_profile_mlp_stage layer=25 stage=down_proj seq_len=1 start_pos=193 elapsed_ms=2.196
kiln_profile_gdn_stage layer=26 stage=in_proj seq_len=1 start_pos=193 elapsed_ms=1.700
kiln_profile_gdn_stage layer=26 stage=qkv_conv_norm seq_len=1 start_pos=193 elapsed_ms=0.353
kiln_profile_gdn_stage layer=26 stage=gates_recur_gated_norm seq_len=1 start_pos=193 elapsed_ms=0.483
kiln_profile_gdn_stage layer=26 stage=post_transpose seq_len=1 start_pos=193 elapsed_ms=0.001
kiln_profile_gdn_stage layer=26 stage=gated_norm seq_len=1 start_pos=193 elapsed_ms=0.008
kiln_profile_gdn_stage layer=26 stage=out_proj seq_len=1 start_pos=193 elapsed_ms=1.355
kiln_profile_mlp_stage layer=26 stage=gate_up_fused seq_len=1 start_pos=193 elapsed_ms=2.629
kiln_profile_mlp_stage layer=26 stage=down_proj seq_len=1 start_pos=193 elapsed_ms=2.169
kiln_profile_full_attn_stage full_attn_layer=6 stage=qkv_proj_batch seq_len=1 start_pos=193 elapsed_ms=2.198
kiln_profile_full_attn_stage full_attn_layer=6 stage=qkv_split_batch seq_len=1 start_pos=193 elapsed_ms=0.487
kiln_profile_full_attn_stage full_attn_layer=6 stage=qk_norm_batch seq_len=1 start_pos=193 elapsed_ms=0.403
kiln_profile_full_attn_stage full_attn_layer=6 stage=rope_batch seq_len=1 start_pos=193 elapsed_ms=0.966
kiln_profile_full_attn_stage full_attn_layer=6 stage=kv_write_batch seq_len=1 start_pos=193 elapsed_ms=0.413
kiln_profile_full_attn_stage full_attn_layer=6 stage=decode_attn_contiguous_batch seq_len=1 start_pos=193 elapsed_ms=0.419
kiln_profile_full_attn_stage full_attn_layer=6 stage=attn_gate_batch seq_len=1 start_pos=193 elapsed_ms=0.312
kiln_profile_full_attn_stage full_attn_layer=6 stage=o_proj_batch seq_len=1 start_pos=193 elapsed_ms=1.407
kiln_profile_mlp_stage layer=27 stage=gate_up_fused seq_len=1 start_pos=193 elapsed_ms=2.667
kiln_profile_mlp_stage layer=27 stage=down_proj seq_len=1 start_pos=193 elapsed_ms=2.651
kiln_profile_gdn_stage layer=28 stage=in_proj seq_len=1 start_pos=193 elapsed_ms=2.149
kiln_profile_gdn_stage layer=28 stage=qkv_conv_norm seq_len=1 start_pos=193 elapsed_ms=0.428
kiln_profile_gdn_stage layer=28 stage=gates_recur_gated_norm seq_len=1 start_pos=193 elapsed_ms=0.561
kiln_profile_gdn_stage layer=28 stage=post_transpose seq_len=1 start_pos=193 elapsed_ms=0.000
kiln_profile_gdn_stage layer=28 stage=gated_norm seq_len=1 start_pos=193 elapsed_ms=0.006
kiln_profile_gdn_stage layer=28 stage=out_proj seq_len=1 start_pos=193 elapsed_ms=1.117
kiln_profile_mlp_stage layer=28 stage=gate_up_fused seq_len=1 start_pos=193 elapsed_ms=2.327
kiln_profile_mlp_stage layer=28 stage=down_proj seq_len=1 start_pos=193 elapsed_ms=2.269
kiln_profile_gdn_stage layer=29 stage=in_proj seq_len=1 start_pos=193 elapsed_ms=2.846
kiln_profile_gdn_stage layer=29 stage=qkv_conv_norm seq_len=1 start_pos=193 elapsed_ms=0.435
kiln_profile_gdn_stage layer=29 stage=gates_recur_gated_norm seq_len=1 start_pos=193 elapsed_ms=0.519
kiln_profile_gdn_stage layer=29 stage=post_transpose seq_len=1 start_pos=193 elapsed_ms=0.002
kiln_profile_gdn_stage layer=29 stage=gated_norm seq_len=1 start_pos=193 elapsed_ms=0.006
kiln_profile_gdn_stage layer=29 stage=out_proj seq_len=1 start_pos=193 elapsed_ms=1.221
kiln_profile_mlp_stage layer=29 stage=gate_up_fused seq_len=1 start_pos=193 elapsed_ms=2.292
kiln_profile_mlp_stage layer=29 stage=down_proj seq_len=1 start_pos=193 elapsed_ms=2.105
kiln_profile_gdn_stage layer=30 stage=in_proj seq_len=1 start_pos=193 elapsed_ms=2.109
kiln_profile_gdn_stage layer=30 stage=qkv_conv_norm seq_len=1 start_pos=193 elapsed_ms=0.382
kiln_profile_gdn_stage layer=30 stage=gates_recur_gated_norm seq_len=1 start_pos=193 elapsed_ms=0.542
kiln_profile_gdn_stage layer=30 stage=post_transpose seq_len=1 start_pos=193 elapsed_ms=0.001
kiln_profile_gdn_stage layer=30 stage=gated_norm seq_len=1 start_pos=193 elapsed_ms=0.006
kiln_profile_gdn_stage layer=30 stage=out_proj seq_len=1 start_pos=193 elapsed_ms=1.215
kiln_profile_mlp_stage layer=30 stage=gate_up_fused seq_len=1 start_pos=193 elapsed_ms=2.290
kiln_profile_mlp_stage layer=30 stage=down_proj seq_len=1 start_pos=193 elapsed_ms=2.156
kiln_profile_full_attn_stage full_attn_layer=7 stage=qkv_proj_batch seq_len=1 start_pos=193 elapsed_ms=2.308
kiln_profile_full_attn_stage full_attn_layer=7 stage=qkv_split_batch seq_len=1 start_pos=193 elapsed_ms=0.455
kiln_profile_full_attn_stage full_attn_layer=7 stage=qk_norm_batch seq_len=1 start_pos=193 elapsed_ms=0.355
kiln_profile_full_attn_stage full_attn_layer=7 stage=rope_batch seq_len=1 start_pos=193 elapsed_ms=0.995
kiln_profile_full_attn_stage full_attn_layer=7 stage=kv_write_batch seq_len=1 start_pos=193 elapsed_ms=0.378
kiln_profile_full_attn_stage full_attn_layer=7 stage=decode_attn_contiguous_batch seq_len=1 start_pos=193 elapsed_ms=0.447
kiln_profile_full_attn_stage full_attn_layer=7 stage=attn_gate_batch seq_len=1 start_pos=193 elapsed_ms=0.316
kiln_profile_full_attn_stage full_attn_layer=7 stage=o_proj_batch seq_len=1 start_pos=193 elapsed_ms=1.286
kiln_profile_mlp_stage layer=31 stage=gate_up_fused seq_len=1 start_pos=193 elapsed_ms=4.876
kiln_profile_mlp_stage layer=31 stage=down_proj seq_len=1 start_pos=193 elapsed_ms=2.266
{"timestamp":"2026-05-09T09:07:32.307316Z","level":"INFO","fields":{"message":"response","status":200,"duration_ms":0.216541},"target":"kiln_server::api","span":{"duration_ms":0.216541,"method":"GET","path":"/metrics","status":200,"name":"http_request"},"spans":[{"duration_ms":0.216541,"method":"GET","path":"/metrics","status":200,"name":"http_request"}]}
{"timestamp":"2026-05-09T09:07:32.309490Z","level":"INFO","fields":{"message":"received SIGTERM — initiating graceful shutdown"},"target":"kiln"}
{"timestamp":"2026-05-09T09:07:32.737055Z","level":"INFO","fields":{"message":"training worker shutting down"},"target":"kiln_server::training_queue"}
