   Compiling kiln-model v0.2.13 (/Users/ericflo/Development/kiln/crates/kiln-model)
warning: function `compute_chunk_body_reference` is never used
    --> crates/kiln-model/src/forward.rs:3565:4
     |
3565 | fn compute_chunk_body_reference(
     |    ^^^^^^^^^^^^^^^^^^^^^^^^^^^^
     |
     = note: `#[warn(dead_code)]` (part of `#[warn(unused)]`) on by default

warning: function `apply_causal_mask` is never used
    --> crates/kiln-model/src/forward.rs:7087:4
     |
7087 | fn apply_causal_mask(scores: &Tensor, seq_len: usize) -> Result<Tensor> {
     |    ^^^^^^^^^^^^^^^^^

warning: function `model_forward_paged_with_graph_inputs` is never used
    --> crates/kiln-model/src/forward.rs:8227:15
     |
8227 | pub(crate) fn model_forward_paged_with_graph_inputs(
     |               ^^^^^^^^^^^^^^^^^^^^^^^^^^^^^^^^^^^^^

warning: field `fp8_scales` is never read
  --> crates/kiln-model/src/paged_kv_cache.rs:37:5
   |
25 | pub struct PagedKvCache {
   |            ------------ field in this struct
...
37 |     fp8_scales: Vec<(f32, f32)>,
   |     ^^^^^^^^^^

warning: calls to `std::mem::drop` with a reference instead of an owned value does nothing
    --> crates/kiln-model/src/generate.rs:2079:17
     |
2079 |                 drop(pc_guard);
     |                 ^^^^^--------^
     |                      |
     |                      argument has type `&PagedKvCache`
     |
     = note: `#[warn(dropping_references)]` on by default
help: use `let _ = ...` to ignore the expression or result
     |
2079 -                 drop(pc_guard);
2079 +                 let _ = pc_guard;
     |

   Compiling kiln-train v0.2.13 (/Users/ericflo/Development/kiln/crates/kiln-train)
warning: function `analytic_sft_tail_grad_pre_final_norm` is never used
    --> crates/kiln-train/src/trainer.rs:1062:4
     |
1062 | fn analytic_sft_tail_grad_pre_final_norm(
     |    ^^^^^^^^^^^^^^^^^^^^^^^^^^^^^^^^^^^^^
     |
     = note: `#[warn(dead_code)]` (part of `#[warn(unused)]`) on by default

   Compiling kiln-server v0.2.13 (/Users/ericflo/Development/kiln/crates/kiln-server)
warning: value assigned to `timed_out` is never read
    --> crates/kiln-server/src/api/completions.rs:3162:33
     |
3162 |             let mut timed_out = false;
     |                                 ^^^^^
     |
     = help: maybe it is overwritten before being read?
     = note: `#[warn(unused_assignments)]` (part of `#[warn(unused)]`) on by default

warning: `kiln-model` (lib) generated 5 warnings
warning: `kiln-train` (lib) generated 1 warning
warning: `kiln-server` (lib) generated 1 warning
    Finished `release` profile [optimized] target(s) in 18.31s
     Running `target/release/kiln-bench --model-path /Users/ericflo/.cache/huggingface/hub/models--Qwen--Qwen3.5-4B/snapshots/851bf6e806efd8d0a36b00ddf55e13ccb7b8cd0a --paged --latency-only --latency-warmup-runs 1 --prompt-tokens 64 --max-output-tokens 8 --seed 0 --quiet`

  kiln-bench v0.2.13
  GPU                    unknown (10240 MB)
  Model path             /Users/ericflo/.cache/huggingface/hub/models--Qwen--Qwen3.5-4B/snapshots/851bf6e806efd8d0a36b00ddf55e13ccb7b8cd0a
  Model loaded           12.46s (backend: metal, 0 MB VRAM)

  ▌ Latency warmup run 1/1 (not measured)

  ▌ Latency benchmark (PAGED — production path)
  Measuring latency [PAGED, block_size=16, blocks=5] (64 prompt tokens)...
kiln_profile_gdn_stage layer=0 stage=in_proj seq_len=64 start_pos=0 elapsed_ms=31.209
kiln_profile_gdn_stage layer=0 stage=qkv_conv_split_norm seq_len=64 start_pos=0 elapsed_ms=1.594
kiln_profile_gdn_stage layer=0 stage=gates seq_len=64 start_pos=0 elapsed_ms=1.125
kiln_profile_gdn_stage layer=0 stage=recurrent seq_len=64 start_pos=0 elapsed_ms=3.903
kiln_profile_gdn_stage layer=0 stage=post_transpose seq_len=64 start_pos=0 elapsed_ms=0.000
kiln_profile_gdn_stage layer=0 stage=gated_norm seq_len=64 start_pos=0 elapsed_ms=0.458
kiln_profile_gdn_stage layer=0 stage=out_proj seq_len=64 start_pos=0 elapsed_ms=6.325
kiln_profile_mlp_stage layer=0 stage=gate_proj seq_len=64 start_pos=0 elapsed_ms=14.969
kiln_profile_mlp_stage layer=0 stage=gate_silu seq_len=64 start_pos=0 elapsed_ms=3.852
kiln_profile_mlp_stage layer=0 stage=up_proj seq_len=64 start_pos=0 elapsed_ms=13.091
kiln_profile_mlp_stage layer=0 stage=hidden_mul seq_len=64 start_pos=0 elapsed_ms=0.359
kiln_profile_mlp_stage layer=0 stage=down_proj seq_len=64 start_pos=0 elapsed_ms=13.092
kiln_profile_gdn_stage layer=1 stage=in_proj seq_len=64 start_pos=0 elapsed_ms=20.810
kiln_profile_gdn_stage layer=1 stage=qkv_conv_split_norm seq_len=64 start_pos=0 elapsed_ms=0.877
kiln_profile_gdn_stage layer=1 stage=gates seq_len=64 start_pos=0 elapsed_ms=0.501
kiln_profile_gdn_stage layer=1 stage=recurrent seq_len=64 start_pos=0 elapsed_ms=2.334
kiln_profile_gdn_stage layer=1 stage=post_transpose seq_len=64 start_pos=0 elapsed_ms=0.000
kiln_profile_gdn_stage layer=1 stage=gated_norm seq_len=64 start_pos=0 elapsed_ms=0.412
kiln_profile_gdn_stage layer=1 stage=out_proj seq_len=64 start_pos=0 elapsed_ms=5.873
kiln_profile_mlp_stage layer=1 stage=gate_proj seq_len=64 start_pos=0 elapsed_ms=13.403
kiln_profile_mlp_stage layer=1 stage=gate_silu seq_len=64 start_pos=0 elapsed_ms=0.423
kiln_profile_mlp_stage layer=1 stage=up_proj seq_len=64 start_pos=0 elapsed_ms=13.683
kiln_profile_mlp_stage layer=1 stage=hidden_mul seq_len=64 start_pos=0 elapsed_ms=0.339
kiln_profile_mlp_stage layer=1 stage=down_proj seq_len=64 start_pos=0 elapsed_ms=15.214
kiln_profile_gdn_stage layer=2 stage=in_proj seq_len=64 start_pos=0 elapsed_ms=21.645
kiln_profile_gdn_stage layer=2 stage=qkv_conv_split_norm seq_len=64 start_pos=0 elapsed_ms=1.125
kiln_profile_gdn_stage layer=2 stage=gates seq_len=64 start_pos=0 elapsed_ms=0.582
kiln_profile_gdn_stage layer=2 stage=recurrent seq_len=64 start_pos=0 elapsed_ms=6.698
kiln_profile_gdn_stage layer=2 stage=post_transpose seq_len=64 start_pos=0 elapsed_ms=0.000
kiln_profile_gdn_stage layer=2 stage=gated_norm seq_len=64 start_pos=0 elapsed_ms=0.358
kiln_profile_gdn_stage layer=2 stage=out_proj seq_len=64 start_pos=0 elapsed_ms=6.658
kiln_profile_mlp_stage layer=2 stage=gate_proj seq_len=64 start_pos=0 elapsed_ms=15.790
kiln_profile_mlp_stage layer=2 stage=gate_silu seq_len=64 start_pos=0 elapsed_ms=0.471
kiln_profile_mlp_stage layer=2 stage=up_proj seq_len=64 start_pos=0 elapsed_ms=15.008
kiln_profile_mlp_stage layer=2 stage=hidden_mul seq_len=64 start_pos=0 elapsed_ms=0.321
kiln_profile_mlp_stage layer=2 stage=down_proj seq_len=64 start_pos=0 elapsed_ms=13.914
kiln_profile_full_attn_stage full_attn_layer=0 stage=qkv_proj seq_len=64 start_pos=0 elapsed_ms=19.664
kiln_profile_full_attn_stage full_attn_layer=0 stage=qkv_split seq_len=64 start_pos=0 elapsed_ms=3.557
kiln_profile_full_attn_stage full_attn_layer=0 stage=qk_norm seq_len=64 start_pos=0 elapsed_ms=0.366
kiln_profile_full_attn_stage full_attn_layer=0 stage=rope seq_len=64 start_pos=0 elapsed_ms=0.768
kiln_profile_full_attn_stage full_attn_layer=0 stage=q_transpose seq_len=64 start_pos=0 elapsed_ms=1.416
kiln_profile_full_attn_stage full_attn_layer=0 stage=prefill_kv_head_layout seq_len=64 start_pos=0 elapsed_ms=0.546
kiln_profile_full_attn_stage full_attn_layer=0 stage=prefill_attn_head_major seq_len=64 start_pos=0 elapsed_ms=0.001
kiln_profile_full_attn_stage full_attn_layer=0 stage=prefill_attn_fallback seq_len=64 start_pos=0 elapsed_ms=5.178
kiln_profile_full_attn_stage full_attn_layer=0 stage=kv_write seq_len=64 start_pos=0 elapsed_ms=0.391
kiln_profile_full_attn_stage full_attn_layer=0 stage=kv_read seq_len=64 start_pos=0 elapsed_ms=0.673
kiln_profile_mlp_stage layer=3 stage=gate_proj seq_len=64 start_pos=0 elapsed_ms=13.394
kiln_profile_mlp_stage layer=3 stage=gate_silu seq_len=64 start_pos=0 elapsed_ms=0.402
kiln_profile_mlp_stage layer=3 stage=up_proj seq_len=64 start_pos=0 elapsed_ms=12.866
kiln_profile_mlp_stage layer=3 stage=hidden_mul seq_len=64 start_pos=0 elapsed_ms=0.307
kiln_profile_mlp_stage layer=3 stage=down_proj seq_len=64 start_pos=0 elapsed_ms=12.047
kiln_profile_gdn_stage layer=4 stage=in_proj seq_len=64 start_pos=0 elapsed_ms=24.747
kiln_profile_gdn_stage layer=4 stage=qkv_conv_split_norm seq_len=64 start_pos=0 elapsed_ms=0.916
kiln_profile_gdn_stage layer=4 stage=gates seq_len=64 start_pos=0 elapsed_ms=0.522
kiln_profile_gdn_stage layer=4 stage=recurrent seq_len=64 start_pos=0 elapsed_ms=2.799
kiln_profile_gdn_stage layer=4 stage=post_transpose seq_len=64 start_pos=0 elapsed_ms=0.000
kiln_profile_gdn_stage layer=4 stage=gated_norm seq_len=64 start_pos=0 elapsed_ms=0.392
kiln_profile_gdn_stage layer=4 stage=out_proj seq_len=64 start_pos=0 elapsed_ms=6.303
kiln_profile_mlp_stage layer=4 stage=gate_proj seq_len=64 start_pos=0 elapsed_ms=18.903
kiln_profile_mlp_stage layer=4 stage=gate_silu seq_len=64 start_pos=0 elapsed_ms=0.479
kiln_profile_mlp_stage layer=4 stage=up_proj seq_len=64 start_pos=0 elapsed_ms=13.505
kiln_profile_mlp_stage layer=4 stage=hidden_mul seq_len=64 start_pos=0 elapsed_ms=0.359
kiln_profile_mlp_stage layer=4 stage=down_proj seq_len=64 start_pos=0 elapsed_ms=15.194
kiln_profile_gdn_stage layer=5 stage=in_proj seq_len=64 start_pos=0 elapsed_ms=18.742
kiln_profile_gdn_stage layer=5 stage=qkv_conv_split_norm seq_len=64 start_pos=0 elapsed_ms=1.004
kiln_profile_gdn_stage layer=5 stage=gates seq_len=64 start_pos=0 elapsed_ms=0.578
kiln_profile_gdn_stage layer=5 stage=recurrent seq_len=64 start_pos=0 elapsed_ms=3.058
kiln_profile_gdn_stage layer=5 stage=post_transpose seq_len=64 start_pos=0 elapsed_ms=0.000
kiln_profile_gdn_stage layer=5 stage=gated_norm seq_len=64 start_pos=0 elapsed_ms=0.438
kiln_profile_gdn_stage layer=5 stage=out_proj seq_len=64 start_pos=0 elapsed_ms=10.132
kiln_profile_mlp_stage layer=5 stage=gate_proj seq_len=64 start_pos=0 elapsed_ms=17.082
kiln_profile_mlp_stage layer=5 stage=gate_silu seq_len=64 start_pos=0 elapsed_ms=0.607
kiln_profile_mlp_stage layer=5 stage=up_proj seq_len=64 start_pos=0 elapsed_ms=17.474
kiln_profile_mlp_stage layer=5 stage=hidden_mul seq_len=64 start_pos=0 elapsed_ms=0.411
kiln_profile_mlp_stage layer=5 stage=down_proj seq_len=64 start_pos=0 elapsed_ms=14.359
kiln_profile_gdn_stage layer=6 stage=in_proj seq_len=64 start_pos=0 elapsed_ms=20.856
kiln_profile_gdn_stage layer=6 stage=qkv_conv_split_norm seq_len=64 start_pos=0 elapsed_ms=0.706
kiln_profile_gdn_stage layer=6 stage=gates seq_len=64 start_pos=0 elapsed_ms=0.445
kiln_profile_gdn_stage layer=6 stage=recurrent seq_len=64 start_pos=0 elapsed_ms=1.630
kiln_profile_gdn_stage layer=6 stage=post_transpose seq_len=64 start_pos=0 elapsed_ms=0.000
kiln_profile_gdn_stage layer=6 stage=gated_norm seq_len=64 start_pos=0 elapsed_ms=0.316
kiln_profile_gdn_stage layer=6 stage=out_proj seq_len=64 start_pos=0 elapsed_ms=5.329
kiln_profile_mlp_stage layer=6 stage=gate_proj seq_len=64 start_pos=0 elapsed_ms=13.452
kiln_profile_mlp_stage layer=6 stage=gate_silu seq_len=64 start_pos=0 elapsed_ms=2.101
kiln_profile_mlp_stage layer=6 stage=up_proj seq_len=64 start_pos=0 elapsed_ms=13.281
kiln_profile_mlp_stage layer=6 stage=hidden_mul seq_len=64 start_pos=0 elapsed_ms=0.488
kiln_profile_mlp_stage layer=6 stage=down_proj seq_len=64 start_pos=0 elapsed_ms=14.548
kiln_profile_full_attn_stage full_attn_layer=1 stage=qkv_proj seq_len=64 start_pos=0 elapsed_ms=16.107
kiln_profile_full_attn_stage full_attn_layer=1 stage=qkv_split seq_len=64 start_pos=0 elapsed_ms=2.257
kiln_profile_full_attn_stage full_attn_layer=1 stage=qk_norm seq_len=64 start_pos=0 elapsed_ms=0.368
kiln_profile_full_attn_stage full_attn_layer=1 stage=rope seq_len=64 start_pos=0 elapsed_ms=0.356
kiln_profile_full_attn_stage full_attn_layer=1 stage=q_transpose seq_len=64 start_pos=0 elapsed_ms=1.078
kiln_profile_full_attn_stage full_attn_layer=1 stage=prefill_kv_head_layout seq_len=64 start_pos=0 elapsed_ms=0.598
kiln_profile_full_attn_stage full_attn_layer=1 stage=prefill_attn_head_major seq_len=64 start_pos=0 elapsed_ms=0.002
kiln_profile_full_attn_stage full_attn_layer=1 stage=prefill_attn_fallback seq_len=64 start_pos=0 elapsed_ms=3.467
kiln_profile_full_attn_stage full_attn_layer=1 stage=kv_write seq_len=64 start_pos=0 elapsed_ms=0.406
kiln_profile_full_attn_stage full_attn_layer=1 stage=kv_read seq_len=64 start_pos=0 elapsed_ms=0.659
kiln_profile_mlp_stage layer=7 stage=gate_proj seq_len=64 start_pos=0 elapsed_ms=16.997
kiln_profile_mlp_stage layer=7 stage=gate_silu seq_len=64 start_pos=0 elapsed_ms=0.516
kiln_profile_mlp_stage layer=7 stage=up_proj seq_len=64 start_pos=0 elapsed_ms=14.011
kiln_profile_mlp_stage layer=7 stage=hidden_mul seq_len=64 start_pos=0 elapsed_ms=0.375
kiln_profile_mlp_stage layer=7 stage=down_proj seq_len=64 start_pos=0 elapsed_ms=12.686
kiln_profile_gdn_stage layer=8 stage=in_proj seq_len=64 start_pos=0 elapsed_ms=26.357
kiln_profile_gdn_stage layer=8 stage=qkv_conv_split_norm seq_len=64 start_pos=0 elapsed_ms=0.777
kiln_profile_gdn_stage layer=8 stage=gates seq_len=64 start_pos=0 elapsed_ms=0.418
kiln_profile_gdn_stage layer=8 stage=recurrent seq_len=64 start_pos=0 elapsed_ms=1.711
kiln_profile_gdn_stage layer=8 stage=post_transpose seq_len=64 start_pos=0 elapsed_ms=0.000
kiln_profile_gdn_stage layer=8 stage=gated_norm seq_len=64 start_pos=0 elapsed_ms=0.319
kiln_profile_gdn_stage layer=8 stage=out_proj seq_len=64 start_pos=0 elapsed_ms=6.274
kiln_profile_mlp_stage layer=8 stage=gate_proj seq_len=64 start_pos=0 elapsed_ms=17.924
kiln_profile_mlp_stage layer=8 stage=gate_silu seq_len=64 start_pos=0 elapsed_ms=0.621
kiln_profile_mlp_stage layer=8 stage=up_proj seq_len=64 start_pos=0 elapsed_ms=17.955
kiln_profile_mlp_stage layer=8 stage=hidden_mul seq_len=64 start_pos=0 elapsed_ms=0.435
kiln_profile_mlp_stage layer=8 stage=down_proj seq_len=64 start_pos=0 elapsed_ms=16.321
kiln_profile_gdn_stage layer=9 stage=in_proj seq_len=64 start_pos=0 elapsed_ms=23.334
kiln_profile_gdn_stage layer=9 stage=qkv_conv_split_norm seq_len=64 start_pos=0 elapsed_ms=2.813
kiln_profile_gdn_stage layer=9 stage=gates seq_len=64 start_pos=0 elapsed_ms=0.546
kiln_profile_gdn_stage layer=9 stage=recurrent seq_len=64 start_pos=0 elapsed_ms=2.258
kiln_profile_gdn_stage layer=9 stage=post_transpose seq_len=64 start_pos=0 elapsed_ms=0.000
kiln_profile_gdn_stage layer=9 stage=gated_norm seq_len=64 start_pos=0 elapsed_ms=0.301
kiln_profile_gdn_stage layer=9 stage=out_proj seq_len=64 start_pos=0 elapsed_ms=5.652
kiln_profile_mlp_stage layer=9 stage=gate_proj seq_len=64 start_pos=0 elapsed_ms=18.279
kiln_profile_mlp_stage layer=9 stage=gate_silu seq_len=64 start_pos=0 elapsed_ms=0.507
kiln_profile_mlp_stage layer=9 stage=up_proj seq_len=64 start_pos=0 elapsed_ms=17.084
kiln_profile_mlp_stage layer=9 stage=hidden_mul seq_len=64 start_pos=0 elapsed_ms=0.440
kiln_profile_mlp_stage layer=9 stage=down_proj seq_len=64 start_pos=0 elapsed_ms=17.866
kiln_profile_gdn_stage layer=10 stage=in_proj seq_len=64 start_pos=0 elapsed_ms=26.016
kiln_profile_gdn_stage layer=10 stage=qkv_conv_split_norm seq_len=64 start_pos=0 elapsed_ms=1.127
kiln_profile_gdn_stage layer=10 stage=gates seq_len=64 start_pos=0 elapsed_ms=0.506
kiln_profile_gdn_stage layer=10 stage=recurrent seq_len=64 start_pos=0 elapsed_ms=3.720
kiln_profile_gdn_stage layer=10 stage=post_transpose seq_len=64 start_pos=0 elapsed_ms=0.000
kiln_profile_gdn_stage layer=10 stage=gated_norm seq_len=64 start_pos=0 elapsed_ms=1.669
kiln_profile_gdn_stage layer=10 stage=out_proj seq_len=64 start_pos=0 elapsed_ms=5.787
kiln_profile_mlp_stage layer=10 stage=gate_proj seq_len=64 start_pos=0 elapsed_ms=19.300
kiln_profile_mlp_stage layer=10 stage=gate_silu seq_len=64 start_pos=0 elapsed_ms=0.607
kiln_profile_mlp_stage layer=10 stage=up_proj seq_len=64 start_pos=0 elapsed_ms=17.604
kiln_profile_mlp_stage layer=10 stage=hidden_mul seq_len=64 start_pos=0 elapsed_ms=0.435
kiln_profile_mlp_stage layer=10 stage=down_proj seq_len=64 start_pos=0 elapsed_ms=14.797
kiln_profile_full_attn_stage full_attn_layer=2 stage=qkv_proj seq_len=64 start_pos=0 elapsed_ms=17.923
kiln_profile_full_attn_stage full_attn_layer=2 stage=qkv_split seq_len=64 start_pos=0 elapsed_ms=2.765
kiln_profile_full_attn_stage full_attn_layer=2 stage=qk_norm seq_len=64 start_pos=0 elapsed_ms=0.413
kiln_profile_full_attn_stage full_attn_layer=2 stage=rope seq_len=64 start_pos=0 elapsed_ms=0.391
kiln_profile_full_attn_stage full_attn_layer=2 stage=q_transpose seq_len=64 start_pos=0 elapsed_ms=1.346
kiln_profile_full_attn_stage full_attn_layer=2 stage=prefill_kv_head_layout seq_len=64 start_pos=0 elapsed_ms=0.605
kiln_profile_full_attn_stage full_attn_layer=2 stage=prefill_attn_head_major seq_len=64 start_pos=0 elapsed_ms=0.001
kiln_profile_full_attn_stage full_attn_layer=2 stage=prefill_attn_fallback seq_len=64 start_pos=0 elapsed_ms=3.828
kiln_profile_full_attn_stage full_attn_layer=2 stage=kv_write seq_len=64 start_pos=0 elapsed_ms=0.310
kiln_profile_full_attn_stage full_attn_layer=2 stage=kv_read seq_len=64 start_pos=0 elapsed_ms=0.567
kiln_profile_mlp_stage layer=11 stage=gate_proj seq_len=64 start_pos=0 elapsed_ms=17.368
kiln_profile_mlp_stage layer=11 stage=gate_silu seq_len=64 start_pos=0 elapsed_ms=0.486
kiln_profile_mlp_stage layer=11 stage=up_proj seq_len=64 start_pos=0 elapsed_ms=17.097
kiln_profile_mlp_stage layer=11 stage=hidden_mul seq_len=64 start_pos=0 elapsed_ms=0.459
kiln_profile_mlp_stage layer=11 stage=down_proj seq_len=64 start_pos=0 elapsed_ms=13.771
kiln_profile_gdn_stage layer=12 stage=in_proj seq_len=64 start_pos=0 elapsed_ms=23.191
kiln_profile_gdn_stage layer=12 stage=qkv_conv_split_norm seq_len=64 start_pos=0 elapsed_ms=0.727
kiln_profile_gdn_stage layer=12 stage=gates seq_len=64 start_pos=0 elapsed_ms=0.462
kiln_profile_gdn_stage layer=12 stage=recurrent seq_len=64 start_pos=0 elapsed_ms=1.894
kiln_profile_gdn_stage layer=12 stage=post_transpose seq_len=64 start_pos=0 elapsed_ms=0.000
kiln_profile_gdn_stage layer=12 stage=gated_norm seq_len=64 start_pos=0 elapsed_ms=0.403
kiln_profile_gdn_stage layer=12 stage=out_proj seq_len=64 start_pos=0 elapsed_ms=26.018
kiln_profile_mlp_stage layer=12 stage=gate_proj seq_len=64 start_pos=0 elapsed_ms=19.667
kiln_profile_mlp_stage layer=12 stage=gate_silu seq_len=64 start_pos=0 elapsed_ms=0.506
kiln_profile_mlp_stage layer=12 stage=up_proj seq_len=64 start_pos=0 elapsed_ms=18.790
kiln_profile_mlp_stage layer=12 stage=hidden_mul seq_len=64 start_pos=0 elapsed_ms=0.482
kiln_profile_mlp_stage layer=12 stage=down_proj seq_len=64 start_pos=0 elapsed_ms=14.967
kiln_profile_gdn_stage layer=13 stage=in_proj seq_len=64 start_pos=0 elapsed_ms=22.515
kiln_profile_gdn_stage layer=13 stage=qkv_conv_split_norm seq_len=64 start_pos=0 elapsed_ms=0.909
kiln_profile_gdn_stage layer=13 stage=gates seq_len=64 start_pos=0 elapsed_ms=0.514
kiln_profile_gdn_stage layer=13 stage=recurrent seq_len=64 start_pos=0 elapsed_ms=2.863
kiln_profile_gdn_stage layer=13 stage=post_transpose seq_len=64 start_pos=0 elapsed_ms=0.000
kiln_profile_gdn_stage layer=13 stage=gated_norm seq_len=64 start_pos=0 elapsed_ms=0.373
kiln_profile_gdn_stage layer=13 stage=out_proj seq_len=64 start_pos=0 elapsed_ms=7.128
kiln_profile_mlp_stage layer=13 stage=gate_proj seq_len=64 start_pos=0 elapsed_ms=20.758
kiln_profile_mlp_stage layer=13 stage=gate_silu seq_len=64 start_pos=0 elapsed_ms=0.565
kiln_profile_mlp_stage layer=13 stage=up_proj seq_len=64 start_pos=0 elapsed_ms=18.259
kiln_profile_mlp_stage layer=13 stage=hidden_mul seq_len=64 start_pos=0 elapsed_ms=0.320
kiln_profile_mlp_stage layer=13 stage=down_proj seq_len=64 start_pos=0 elapsed_ms=14.403
kiln_profile_gdn_stage layer=14 stage=in_proj seq_len=64 start_pos=0 elapsed_ms=23.616
kiln_profile_gdn_stage layer=14 stage=qkv_conv_split_norm seq_len=64 start_pos=0 elapsed_ms=0.925
kiln_profile_gdn_stage layer=14 stage=gates seq_len=64 start_pos=0 elapsed_ms=0.535
kiln_profile_gdn_stage layer=14 stage=recurrent seq_len=64 start_pos=0 elapsed_ms=3.060
kiln_profile_gdn_stage layer=14 stage=post_transpose seq_len=64 start_pos=0 elapsed_ms=0.000
kiln_profile_gdn_stage layer=14 stage=gated_norm seq_len=64 start_pos=0 elapsed_ms=0.342
kiln_profile_gdn_stage layer=14 stage=out_proj seq_len=64 start_pos=0 elapsed_ms=5.790
kiln_profile_mlp_stage layer=14 stage=gate_proj seq_len=64 start_pos=0 elapsed_ms=18.424
kiln_profile_mlp_stage layer=14 stage=gate_silu seq_len=64 start_pos=0 elapsed_ms=0.527
kiln_profile_mlp_stage layer=14 stage=up_proj seq_len=64 start_pos=0 elapsed_ms=17.096
kiln_profile_mlp_stage layer=14 stage=hidden_mul seq_len=64 start_pos=0 elapsed_ms=0.363
kiln_profile_mlp_stage layer=14 stage=down_proj seq_len=64 start_pos=0 elapsed_ms=24.951
kiln_profile_full_attn_stage full_attn_layer=3 stage=qkv_proj seq_len=64 start_pos=0 elapsed_ms=21.438
kiln_profile_full_attn_stage full_attn_layer=3 stage=qkv_split seq_len=64 start_pos=0 elapsed_ms=1.425
kiln_profile_full_attn_stage full_attn_layer=3 stage=qk_norm seq_len=64 start_pos=0 elapsed_ms=0.379
kiln_profile_full_attn_stage full_attn_layer=3 stage=rope seq_len=64 start_pos=0 elapsed_ms=0.394
kiln_profile_full_attn_stage full_attn_layer=3 stage=q_transpose seq_len=64 start_pos=0 elapsed_ms=0.760
kiln_profile_full_attn_stage full_attn_layer=3 stage=prefill_kv_head_layout seq_len=64 start_pos=0 elapsed_ms=0.430
kiln_profile_full_attn_stage full_attn_layer=3 stage=prefill_attn_head_major seq_len=64 start_pos=0 elapsed_ms=0.001
kiln_profile_full_attn_stage full_attn_layer=3 stage=prefill_attn_fallback seq_len=64 start_pos=0 elapsed_ms=1.945
kiln_profile_full_attn_stage full_attn_layer=3 stage=kv_write seq_len=64 start_pos=0 elapsed_ms=0.314
kiln_profile_full_attn_stage full_attn_layer=3 stage=kv_read seq_len=64 start_pos=0 elapsed_ms=0.420
kiln_profile_mlp_stage layer=15 stage=gate_proj seq_len=64 start_pos=0 elapsed_ms=18.316
kiln_profile_mlp_stage layer=15 stage=gate_silu seq_len=64 start_pos=0 elapsed_ms=0.613
kiln_profile_mlp_stage layer=15 stage=up_proj seq_len=64 start_pos=0 elapsed_ms=18.555
kiln_profile_mlp_stage layer=15 stage=hidden_mul seq_len=64 start_pos=0 elapsed_ms=2.059
kiln_profile_mlp_stage layer=15 stage=down_proj seq_len=64 start_pos=0 elapsed_ms=14.356
kiln_profile_gdn_stage layer=16 stage=in_proj seq_len=64 start_pos=0 elapsed_ms=25.777
kiln_profile_gdn_stage layer=16 stage=qkv_conv_split_norm seq_len=64 start_pos=0 elapsed_ms=0.783
kiln_profile_gdn_stage layer=16 stage=gates seq_len=64 start_pos=0 elapsed_ms=0.474
kiln_profile_gdn_stage layer=16 stage=recurrent seq_len=64 start_pos=0 elapsed_ms=1.611
kiln_profile_gdn_stage layer=16 stage=post_transpose seq_len=64 start_pos=0 elapsed_ms=0.000
kiln_profile_gdn_stage layer=16 stage=gated_norm seq_len=64 start_pos=0 elapsed_ms=0.320
kiln_profile_gdn_stage layer=16 stage=out_proj seq_len=64 start_pos=0 elapsed_ms=5.171
kiln_profile_mlp_stage layer=16 stage=gate_proj seq_len=64 start_pos=0 elapsed_ms=16.491
kiln_profile_mlp_stage layer=16 stage=gate_silu seq_len=64 start_pos=0 elapsed_ms=2.909
kiln_profile_mlp_stage layer=16 stage=up_proj seq_len=64 start_pos=0 elapsed_ms=18.253
kiln_profile_mlp_stage layer=16 stage=hidden_mul seq_len=64 start_pos=0 elapsed_ms=0.460
kiln_profile_mlp_stage layer=16 stage=down_proj seq_len=64 start_pos=0 elapsed_ms=19.278
kiln_profile_gdn_stage layer=17 stage=in_proj seq_len=64 start_pos=0 elapsed_ms=28.025
kiln_profile_gdn_stage layer=17 stage=qkv_conv_split_norm seq_len=64 start_pos=0 elapsed_ms=0.669
kiln_profile_gdn_stage layer=17 stage=gates seq_len=64 start_pos=0 elapsed_ms=0.389
kiln_profile_gdn_stage layer=17 stage=recurrent seq_len=64 start_pos=0 elapsed_ms=1.846
kiln_profile_gdn_stage layer=17 stage=post_transpose seq_len=64 start_pos=0 elapsed_ms=0.000
kiln_profile_gdn_stage layer=17 stage=gated_norm seq_len=64 start_pos=0 elapsed_ms=0.288
kiln_profile_gdn_stage layer=17 stage=out_proj seq_len=64 start_pos=0 elapsed_ms=5.412
kiln_profile_mlp_stage layer=17 stage=gate_proj seq_len=64 start_pos=0 elapsed_ms=26.047
kiln_profile_mlp_stage layer=17 stage=gate_silu seq_len=64 start_pos=0 elapsed_ms=0.564
kiln_profile_mlp_stage layer=17 stage=up_proj seq_len=64 start_pos=0 elapsed_ms=18.347
kiln_profile_mlp_stage layer=17 stage=hidden_mul seq_len=64 start_pos=0 elapsed_ms=0.496
kiln_profile_mlp_stage layer=17 stage=down_proj seq_len=64 start_pos=0 elapsed_ms=17.599
kiln_profile_gdn_stage layer=18 stage=in_proj seq_len=64 start_pos=0 elapsed_ms=20.834
kiln_profile_gdn_stage layer=18 stage=qkv_conv_split_norm seq_len=64 start_pos=0 elapsed_ms=0.866
kiln_profile_gdn_stage layer=18 stage=gates seq_len=64 start_pos=0 elapsed_ms=0.529
kiln_profile_gdn_stage layer=18 stage=recurrent seq_len=64 start_pos=0 elapsed_ms=2.839
kiln_profile_gdn_stage layer=18 stage=post_transpose seq_len=64 start_pos=0 elapsed_ms=0.000
kiln_profile_gdn_stage layer=18 stage=gated_norm seq_len=64 start_pos=0 elapsed_ms=1.059
kiln_profile_gdn_stage layer=18 stage=out_proj seq_len=64 start_pos=0 elapsed_ms=6.347
kiln_profile_mlp_stage layer=18 stage=gate_proj seq_len=64 start_pos=0 elapsed_ms=18.070
kiln_profile_mlp_stage layer=18 stage=gate_silu seq_len=64 start_pos=0 elapsed_ms=0.507
kiln_profile_mlp_stage layer=18 stage=up_proj seq_len=64 start_pos=0 elapsed_ms=15.803
kiln_profile_mlp_stage layer=18 stage=hidden_mul seq_len=64 start_pos=0 elapsed_ms=0.423
kiln_profile_mlp_stage layer=18 stage=down_proj seq_len=64 start_pos=0 elapsed_ms=15.411
kiln_profile_full_attn_stage full_attn_layer=4 stage=qkv_proj seq_len=64 start_pos=0 elapsed_ms=17.546
kiln_profile_full_attn_stage full_attn_layer=4 stage=qkv_split seq_len=64 start_pos=0 elapsed_ms=2.096
kiln_profile_full_attn_stage full_attn_layer=4 stage=qk_norm seq_len=64 start_pos=0 elapsed_ms=0.309
kiln_profile_full_attn_stage full_attn_layer=4 stage=rope seq_len=64 start_pos=0 elapsed_ms=0.293
kiln_profile_full_attn_stage full_attn_layer=4 stage=q_transpose seq_len=64 start_pos=0 elapsed_ms=0.820
kiln_profile_full_attn_stage full_attn_layer=4 stage=prefill_kv_head_layout seq_len=64 start_pos=0 elapsed_ms=0.458
kiln_profile_full_attn_stage full_attn_layer=4 stage=prefill_attn_head_major seq_len=64 start_pos=0 elapsed_ms=0.001
kiln_profile_full_attn_stage full_attn_layer=4 stage=prefill_attn_fallback seq_len=64 start_pos=0 elapsed_ms=2.287
kiln_profile_full_attn_stage full_attn_layer=4 stage=kv_write seq_len=64 start_pos=0 elapsed_ms=0.270
kiln_profile_full_attn_stage full_attn_layer=4 stage=kv_read seq_len=64 start_pos=0 elapsed_ms=0.432
kiln_profile_mlp_stage layer=19 stage=gate_proj seq_len=64 start_pos=0 elapsed_ms=16.162
kiln_profile_mlp_stage layer=19 stage=gate_silu seq_len=64 start_pos=0 elapsed_ms=0.434
kiln_profile_mlp_stage layer=19 stage=up_proj seq_len=64 start_pos=0 elapsed_ms=16.522
kiln_profile_mlp_stage layer=19 stage=hidden_mul seq_len=64 start_pos=0 elapsed_ms=0.457
kiln_profile_mlp_stage layer=19 stage=down_proj seq_len=64 start_pos=0 elapsed_ms=14.150
kiln_profile_gdn_stage layer=20 stage=in_proj seq_len=64 start_pos=0 elapsed_ms=28.289
kiln_profile_gdn_stage layer=20 stage=qkv_conv_split_norm seq_len=64 start_pos=0 elapsed_ms=1.395
kiln_profile_gdn_stage layer=20 stage=gates seq_len=64 start_pos=0 elapsed_ms=0.589
kiln_profile_gdn_stage layer=20 stage=recurrent seq_len=64 start_pos=0 elapsed_ms=2.369
kiln_profile_gdn_stage layer=20 stage=post_transpose seq_len=64 start_pos=0 elapsed_ms=0.000
kiln_profile_gdn_stage layer=20 stage=gated_norm seq_len=64 start_pos=0 elapsed_ms=0.388
kiln_profile_gdn_stage layer=20 stage=out_proj seq_len=64 start_pos=0 elapsed_ms=5.785
kiln_profile_mlp_stage layer=20 stage=gate_proj seq_len=64 start_pos=0 elapsed_ms=21.564
kiln_profile_mlp_stage layer=20 stage=gate_silu seq_len=64 start_pos=0 elapsed_ms=0.677
kiln_profile_mlp_stage layer=20 stage=up_proj seq_len=64 start_pos=0 elapsed_ms=18.725
kiln_profile_mlp_stage layer=20 stage=hidden_mul seq_len=64 start_pos=0 elapsed_ms=2.040
kiln_profile_mlp_stage layer=20 stage=down_proj seq_len=64 start_pos=0 elapsed_ms=13.741
kiln_profile_gdn_stage layer=21 stage=in_proj seq_len=64 start_pos=0 elapsed_ms=25.232
kiln_profile_gdn_stage layer=21 stage=qkv_conv_split_norm seq_len=64 start_pos=0 elapsed_ms=1.032
kiln_profile_gdn_stage layer=21 stage=gates seq_len=64 start_pos=0 elapsed_ms=0.631
kiln_profile_gdn_stage layer=21 stage=recurrent seq_len=64 start_pos=0 elapsed_ms=2.459
kiln_profile_gdn_stage layer=21 stage=post_transpose seq_len=64 start_pos=0 elapsed_ms=0.000
kiln_profile_gdn_stage layer=21 stage=gated_norm seq_len=64 start_pos=0 elapsed_ms=0.477
kiln_profile_gdn_stage layer=21 stage=out_proj seq_len=64 start_pos=0 elapsed_ms=6.318
kiln_profile_mlp_stage layer=21 stage=gate_proj seq_len=64 start_pos=0 elapsed_ms=18.627
kiln_profile_mlp_stage layer=21 stage=gate_silu seq_len=64 start_pos=0 elapsed_ms=0.492
kiln_profile_mlp_stage layer=21 stage=up_proj seq_len=64 start_pos=0 elapsed_ms=17.685
kiln_profile_mlp_stage layer=21 stage=hidden_mul seq_len=64 start_pos=0 elapsed_ms=0.454
kiln_profile_mlp_stage layer=21 stage=down_proj seq_len=64 start_pos=0 elapsed_ms=15.600
kiln_profile_gdn_stage layer=22 stage=in_proj seq_len=64 start_pos=0 elapsed_ms=19.526
kiln_profile_gdn_stage layer=22 stage=qkv_conv_split_norm seq_len=64 start_pos=0 elapsed_ms=0.831
kiln_profile_gdn_stage layer=22 stage=gates seq_len=64 start_pos=0 elapsed_ms=0.381
kiln_profile_gdn_stage layer=22 stage=recurrent seq_len=64 start_pos=0 elapsed_ms=5.402
kiln_profile_gdn_stage layer=22 stage=post_transpose seq_len=64 start_pos=0 elapsed_ms=0.000
kiln_profile_gdn_stage layer=22 stage=gated_norm seq_len=64 start_pos=0 elapsed_ms=0.250
kiln_profile_gdn_stage layer=22 stage=out_proj seq_len=64 start_pos=0 elapsed_ms=5.577
kiln_profile_mlp_stage layer=22 stage=gate_proj seq_len=64 start_pos=0 elapsed_ms=15.641
kiln_profile_mlp_stage layer=22 stage=gate_silu seq_len=64 start_pos=0 elapsed_ms=0.422
kiln_profile_mlp_stage layer=22 stage=up_proj seq_len=64 start_pos=0 elapsed_ms=17.200
kiln_profile_mlp_stage layer=22 stage=hidden_mul seq_len=64 start_pos=0 elapsed_ms=0.288
kiln_profile_mlp_stage layer=22 stage=down_proj seq_len=64 start_pos=0 elapsed_ms=16.545
kiln_profile_full_attn_stage full_attn_layer=5 stage=qkv_proj seq_len=64 start_pos=0 elapsed_ms=19.705
kiln_profile_full_attn_stage full_attn_layer=5 stage=qkv_split seq_len=64 start_pos=0 elapsed_ms=2.181
kiln_profile_full_attn_stage full_attn_layer=5 stage=qk_norm seq_len=64 start_pos=0 elapsed_ms=0.302
kiln_profile_full_attn_stage full_attn_layer=5 stage=rope seq_len=64 start_pos=0 elapsed_ms=0.270
kiln_profile_full_attn_stage full_attn_layer=5 stage=q_transpose seq_len=64 start_pos=0 elapsed_ms=0.680
kiln_profile_full_attn_stage full_attn_layer=5 stage=prefill_kv_head_layout seq_len=64 start_pos=0 elapsed_ms=0.401
kiln_profile_full_attn_stage full_attn_layer=5 stage=prefill_attn_head_major seq_len=64 start_pos=0 elapsed_ms=0.001
kiln_profile_full_attn_stage full_attn_layer=5 stage=prefill_attn_fallback seq_len=64 start_pos=0 elapsed_ms=2.267
kiln_profile_full_attn_stage full_attn_layer=5 stage=kv_write seq_len=64 start_pos=0 elapsed_ms=0.252
kiln_profile_full_attn_stage full_attn_layer=5 stage=kv_read seq_len=64 start_pos=0 elapsed_ms=0.376
kiln_profile_mlp_stage layer=23 stage=gate_proj seq_len=64 start_pos=0 elapsed_ms=14.775
kiln_profile_mlp_stage layer=23 stage=gate_silu seq_len=64 start_pos=0 elapsed_ms=0.594
kiln_profile_mlp_stage layer=23 stage=up_proj seq_len=64 start_pos=0 elapsed_ms=14.031
kiln_profile_mlp_stage layer=23 stage=hidden_mul seq_len=64 start_pos=0 elapsed_ms=0.371
kiln_profile_mlp_stage layer=23 stage=down_proj seq_len=64 start_pos=0 elapsed_ms=14.001
kiln_profile_gdn_stage layer=24 stage=in_proj seq_len=64 start_pos=0 elapsed_ms=22.742
kiln_profile_gdn_stage layer=24 stage=qkv_conv_split_norm seq_len=64 start_pos=0 elapsed_ms=1.091
kiln_profile_gdn_stage layer=24 stage=gates seq_len=64 start_pos=0 elapsed_ms=0.479
kiln_profile_gdn_stage layer=24 stage=recurrent seq_len=64 start_pos=0 elapsed_ms=6.809
kiln_profile_gdn_stage layer=24 stage=post_transpose seq_len=64 start_pos=0 elapsed_ms=0.000
kiln_profile_gdn_stage layer=24 stage=gated_norm seq_len=64 start_pos=0 elapsed_ms=0.393
kiln_profile_gdn_stage layer=24 stage=out_proj seq_len=64 start_pos=0 elapsed_ms=6.159
kiln_profile_mlp_stage layer=24 stage=gate_proj seq_len=64 start_pos=0 elapsed_ms=18.395
kiln_profile_mlp_stage layer=24 stage=gate_silu seq_len=64 start_pos=0 elapsed_ms=0.455
kiln_profile_mlp_stage layer=24 stage=up_proj seq_len=64 start_pos=0 elapsed_ms=16.139
kiln_profile_mlp_stage layer=24 stage=hidden_mul seq_len=64 start_pos=0 elapsed_ms=0.306
kiln_profile_mlp_stage layer=24 stage=down_proj seq_len=64 start_pos=0 elapsed_ms=13.585
kiln_profile_gdn_stage layer=25 stage=in_proj seq_len=64 start_pos=0 elapsed_ms=22.252
kiln_profile_gdn_stage layer=25 stage=qkv_conv_split_norm seq_len=64 start_pos=0 elapsed_ms=1.157
kiln_profile_gdn_stage layer=25 stage=gates seq_len=64 start_pos=0 elapsed_ms=0.522
kiln_profile_gdn_stage layer=25 stage=recurrent seq_len=64 start_pos=0 elapsed_ms=3.004
kiln_profile_gdn_stage layer=25 stage=post_transpose seq_len=64 start_pos=0 elapsed_ms=0.000
kiln_profile_gdn_stage layer=25 stage=gated_norm seq_len=64 start_pos=0 elapsed_ms=0.354
kiln_profile_gdn_stage layer=25 stage=out_proj seq_len=64 start_pos=0 elapsed_ms=5.481
kiln_profile_mlp_stage layer=25 stage=gate_proj seq_len=64 start_pos=0 elapsed_ms=17.591
kiln_profile_mlp_stage layer=25 stage=gate_silu seq_len=64 start_pos=0 elapsed_ms=0.477
kiln_profile_mlp_stage layer=25 stage=up_proj seq_len=64 start_pos=0 elapsed_ms=16.001
kiln_profile_mlp_stage layer=25 stage=hidden_mul seq_len=64 start_pos=0 elapsed_ms=0.365
kiln_profile_mlp_stage layer=25 stage=down_proj seq_len=64 start_pos=0 elapsed_ms=13.922
kiln_profile_gdn_stage layer=26 stage=in_proj seq_len=64 start_pos=0 elapsed_ms=27.228
kiln_profile_gdn_stage layer=26 stage=qkv_conv_split_norm seq_len=64 start_pos=0 elapsed_ms=0.654
kiln_profile_gdn_stage layer=26 stage=gates seq_len=64 start_pos=0 elapsed_ms=0.388
kiln_profile_gdn_stage layer=26 stage=recurrent seq_len=64 start_pos=0 elapsed_ms=1.624
kiln_profile_gdn_stage layer=26 stage=post_transpose seq_len=64 start_pos=0 elapsed_ms=0.000
kiln_profile_gdn_stage layer=26 stage=gated_norm seq_len=64 start_pos=0 elapsed_ms=0.275
kiln_profile_gdn_stage layer=26 stage=out_proj seq_len=64 start_pos=0 elapsed_ms=4.897
kiln_profile_mlp_stage layer=26 stage=gate_proj seq_len=64 start_pos=0 elapsed_ms=15.238
kiln_profile_mlp_stage layer=26 stage=gate_silu seq_len=64 start_pos=0 elapsed_ms=0.551
kiln_profile_mlp_stage layer=26 stage=up_proj seq_len=64 start_pos=0 elapsed_ms=15.186
kiln_profile_mlp_stage layer=26 stage=hidden_mul seq_len=64 start_pos=0 elapsed_ms=0.384
kiln_profile_mlp_stage layer=26 stage=down_proj seq_len=64 start_pos=0 elapsed_ms=14.182
kiln_profile_full_attn_stage full_attn_layer=6 stage=qkv_proj seq_len=64 start_pos=0 elapsed_ms=16.853
kiln_profile_full_attn_stage full_attn_layer=6 stage=qkv_split seq_len=64 start_pos=0 elapsed_ms=1.333
kiln_profile_full_attn_stage full_attn_layer=6 stage=qk_norm seq_len=64 start_pos=0 elapsed_ms=0.340
kiln_profile_full_attn_stage full_attn_layer=6 stage=rope seq_len=64 start_pos=0 elapsed_ms=0.346
kiln_profile_full_attn_stage full_attn_layer=6 stage=q_transpose seq_len=64 start_pos=0 elapsed_ms=0.707
kiln_profile_full_attn_stage full_attn_layer=6 stage=prefill_kv_head_layout seq_len=64 start_pos=0 elapsed_ms=0.417
kiln_profile_full_attn_stage full_attn_layer=6 stage=prefill_attn_head_major seq_len=64 start_pos=0 elapsed_ms=0.001
kiln_profile_full_attn_stage full_attn_layer=6 stage=prefill_attn_fallback seq_len=64 start_pos=0 elapsed_ms=1.905
kiln_profile_full_attn_stage full_attn_layer=6 stage=kv_write seq_len=64 start_pos=0 elapsed_ms=0.308
kiln_profile_full_attn_stage full_attn_layer=6 stage=kv_read seq_len=64 start_pos=0 elapsed_ms=0.433
kiln_profile_mlp_stage layer=27 stage=gate_proj seq_len=64 start_pos=0 elapsed_ms=15.807
kiln_profile_mlp_stage layer=27 stage=gate_silu seq_len=64 start_pos=0 elapsed_ms=0.492
kiln_profile_mlp_stage layer=27 stage=up_proj seq_len=64 start_pos=0 elapsed_ms=15.050
kiln_profile_mlp_stage layer=27 stage=hidden_mul seq_len=64 start_pos=0 elapsed_ms=0.322
kiln_profile_mlp_stage layer=27 stage=down_proj seq_len=64 start_pos=0 elapsed_ms=18.071
kiln_profile_gdn_stage layer=28 stage=in_proj seq_len=64 start_pos=0 elapsed_ms=28.528
kiln_profile_gdn_stage layer=28 stage=qkv_conv_split_norm seq_len=64 start_pos=0 elapsed_ms=0.682
kiln_profile_gdn_stage layer=28 stage=gates seq_len=64 start_pos=0 elapsed_ms=0.380
kiln_profile_gdn_stage layer=28 stage=recurrent seq_len=64 start_pos=0 elapsed_ms=1.834
kiln_profile_gdn_stage layer=28 stage=post_transpose seq_len=64 start_pos=0 elapsed_ms=0.000
kiln_profile_gdn_stage layer=28 stage=gated_norm seq_len=64 start_pos=0 elapsed_ms=0.383
kiln_profile_gdn_stage layer=28 stage=out_proj seq_len=64 start_pos=0 elapsed_ms=5.108
kiln_profile_mlp_stage layer=28 stage=gate_proj seq_len=64 start_pos=0 elapsed_ms=16.094
kiln_profile_mlp_stage layer=28 stage=gate_silu seq_len=64 start_pos=0 elapsed_ms=0.475
kiln_profile_mlp_stage layer=28 stage=up_proj seq_len=64 start_pos=0 elapsed_ms=15.816
kiln_profile_mlp_stage layer=28 stage=hidden_mul seq_len=64 start_pos=0 elapsed_ms=0.382
kiln_profile_mlp_stage layer=28 stage=down_proj seq_len=64 start_pos=0 elapsed_ms=13.452
kiln_profile_gdn_stage layer=29 stage=in_proj seq_len=64 start_pos=0 elapsed_ms=26.748
kiln_profile_gdn_stage layer=29 stage=qkv_conv_split_norm seq_len=64 start_pos=0 elapsed_ms=0.962
kiln_profile_gdn_stage layer=29 stage=gates seq_len=64 start_pos=0 elapsed_ms=0.524
kiln_profile_gdn_stage layer=29 stage=recurrent seq_len=64 start_pos=0 elapsed_ms=2.990
kiln_profile_gdn_stage layer=29 stage=post_transpose seq_len=64 start_pos=0 elapsed_ms=0.000
kiln_profile_gdn_stage layer=29 stage=gated_norm seq_len=64 start_pos=0 elapsed_ms=0.358
kiln_profile_gdn_stage layer=29 stage=out_proj seq_len=64 start_pos=0 elapsed_ms=5.793
kiln_profile_mlp_stage layer=29 stage=gate_proj seq_len=64 start_pos=0 elapsed_ms=17.196
kiln_profile_mlp_stage layer=29 stage=gate_silu seq_len=64 start_pos=0 elapsed_ms=0.672
kiln_profile_mlp_stage layer=29 stage=up_proj seq_len=64 start_pos=0 elapsed_ms=15.867
kiln_profile_mlp_stage layer=29 stage=hidden_mul seq_len=64 start_pos=0 elapsed_ms=1.879
kiln_profile_mlp_stage layer=29 stage=down_proj seq_len=64 start_pos=0 elapsed_ms=13.220
kiln_profile_gdn_stage layer=30 stage=in_proj seq_len=64 start_pos=0 elapsed_ms=23.765
kiln_profile_gdn_stage layer=30 stage=qkv_conv_split_norm seq_len=64 start_pos=0 elapsed_ms=1.123
kiln_profile_gdn_stage layer=30 stage=gates seq_len=64 start_pos=0 elapsed_ms=0.401
kiln_profile_gdn_stage layer=30 stage=recurrent seq_len=64 start_pos=0 elapsed_ms=2.226
kiln_profile_gdn_stage layer=30 stage=post_transpose seq_len=64 start_pos=0 elapsed_ms=0.000
kiln_profile_gdn_stage layer=30 stage=gated_norm seq_len=64 start_pos=0 elapsed_ms=0.309
kiln_profile_gdn_stage layer=30 stage=out_proj seq_len=64 start_pos=0 elapsed_ms=4.587
kiln_profile_mlp_stage layer=30 stage=gate_proj seq_len=64 start_pos=0 elapsed_ms=15.521
kiln_profile_mlp_stage layer=30 stage=gate_silu seq_len=64 start_pos=0 elapsed_ms=0.526
kiln_profile_mlp_stage layer=30 stage=up_proj seq_len=64 start_pos=0 elapsed_ms=14.848
kiln_profile_mlp_stage layer=30 stage=hidden_mul seq_len=64 start_pos=0 elapsed_ms=0.357
kiln_profile_mlp_stage layer=30 stage=down_proj seq_len=64 start_pos=0 elapsed_ms=12.771
kiln_profile_full_attn_stage full_attn_layer=7 stage=qkv_proj seq_len=64 start_pos=0 elapsed_ms=18.269
kiln_profile_full_attn_stage full_attn_layer=7 stage=qkv_split seq_len=64 start_pos=0 elapsed_ms=2.045
kiln_profile_full_attn_stage full_attn_layer=7 stage=qk_norm seq_len=64 start_pos=0 elapsed_ms=0.330
kiln_profile_full_attn_stage full_attn_layer=7 stage=rope seq_len=64 start_pos=0 elapsed_ms=0.261
kiln_profile_full_attn_stage full_attn_layer=7 stage=q_transpose seq_len=64 start_pos=0 elapsed_ms=0.678
kiln_profile_full_attn_stage full_attn_layer=7 stage=prefill_kv_head_layout seq_len=64 start_pos=0 elapsed_ms=0.408
kiln_profile_full_attn_stage full_attn_layer=7 stage=prefill_attn_head_major seq_len=64 start_pos=0 elapsed_ms=0.001
kiln_profile_full_attn_stage full_attn_layer=7 stage=prefill_attn_fallback seq_len=64 start_pos=0 elapsed_ms=2.235
kiln_profile_full_attn_stage full_attn_layer=7 stage=kv_write seq_len=64 start_pos=0 elapsed_ms=0.244
kiln_profile_full_attn_stage full_attn_layer=7 stage=kv_read seq_len=64 start_pos=0 elapsed_ms=0.367
kiln_profile_mlp_stage layer=31 stage=gate_proj seq_len=64 start_pos=0 elapsed_ms=3.735
kiln_profile_mlp_stage layer=31 stage=gate_silu seq_len=64 start_pos=0 elapsed_ms=0.411
kiln_profile_mlp_stage layer=31 stage=up_proj seq_len=64 start_pos=0 elapsed_ms=4.250
kiln_profile_mlp_stage layer=31 stage=hidden_mul seq_len=64 start_pos=0 elapsed_ms=0.318
kiln_profile_mlp_stage layer=31 stage=down_proj seq_len=64 start_pos=0 elapsed_ms=4.177
    Prefill (paged): 4340.2ms (15 tok/s)
kiln_profile_gdn_stage layer=0 stage=in_proj seq_len=1 start_pos=64 elapsed_ms=3.295
kiln_profile_gdn_stage layer=0 stage=qkv_conv_norm seq_len=1 start_pos=64 elapsed_ms=0.349
kiln_profile_gdn_stage layer=0 stage=gates_recur_gated_norm seq_len=1 start_pos=64 elapsed_ms=0.397
kiln_profile_gdn_stage layer=0 stage=post_transpose seq_len=1 start_pos=64 elapsed_ms=0.000
kiln_profile_gdn_stage layer=0 stage=gated_norm seq_len=1 start_pos=64 elapsed_ms=0.002
kiln_profile_gdn_stage layer=0 stage=out_proj seq_len=1 start_pos=64 elapsed_ms=1.266
kiln_profile_mlp_stage layer=0 stage=gate_up_fused seq_len=1 start_pos=64 elapsed_ms=4.351
kiln_profile_mlp_stage layer=0 stage=down_proj seq_len=1 start_pos=64 elapsed_ms=2.430
kiln_profile_gdn_stage layer=1 stage=in_proj seq_len=1 start_pos=64 elapsed_ms=3.103
kiln_profile_gdn_stage layer=1 stage=qkv_conv_norm seq_len=1 start_pos=64 elapsed_ms=0.428
kiln_profile_gdn_stage layer=1 stage=gates_recur_gated_norm seq_len=1 start_pos=64 elapsed_ms=0.383
kiln_profile_gdn_stage layer=1 stage=post_transpose seq_len=1 start_pos=64 elapsed_ms=0.000
kiln_profile_gdn_stage layer=1 stage=gated_norm seq_len=1 start_pos=64 elapsed_ms=0.002
kiln_profile_gdn_stage layer=1 stage=out_proj seq_len=1 start_pos=64 elapsed_ms=1.233
kiln_profile_mlp_stage layer=1 stage=gate_up_fused seq_len=1 start_pos=64 elapsed_ms=4.270
kiln_profile_mlp_stage layer=1 stage=down_proj seq_len=1 start_pos=64 elapsed_ms=2.637
kiln_profile_gdn_stage layer=2 stage=in_proj seq_len=1 start_pos=64 elapsed_ms=3.130
kiln_profile_gdn_stage layer=2 stage=qkv_conv_norm seq_len=1 start_pos=64 elapsed_ms=0.265
kiln_profile_gdn_stage layer=2 stage=gates_recur_gated_norm seq_len=1 start_pos=64 elapsed_ms=0.378
kiln_profile_gdn_stage layer=2 stage=post_transpose seq_len=1 start_pos=64 elapsed_ms=0.000
kiln_profile_gdn_stage layer=2 stage=gated_norm seq_len=1 start_pos=64 elapsed_ms=0.001
kiln_profile_gdn_stage layer=2 stage=out_proj seq_len=1 start_pos=64 elapsed_ms=1.266
kiln_profile_mlp_stage layer=2 stage=gate_up_fused seq_len=1 start_pos=64 elapsed_ms=4.347
kiln_profile_mlp_stage layer=2 stage=down_proj seq_len=1 start_pos=64 elapsed_ms=2.425
kiln_profile_full_attn_stage full_attn_layer=0 stage=qkv_proj seq_len=1 start_pos=64 elapsed_ms=2.795
kiln_profile_full_attn_stage full_attn_layer=0 stage=qkv_split seq_len=1 start_pos=64 elapsed_ms=0.245
kiln_profile_full_attn_stage full_attn_layer=0 stage=qk_norm seq_len=1 start_pos=64 elapsed_ms=0.226
kiln_profile_full_attn_stage full_attn_layer=0 stage=rope seq_len=1 start_pos=64 elapsed_ms=0.206
kiln_profile_full_attn_stage full_attn_layer=0 stage=q_transpose seq_len=1 start_pos=64 elapsed_ms=0.001
kiln_profile_full_attn_stage full_attn_layer=0 stage=kv_write seq_len=1 start_pos=64 elapsed_ms=0.298
kiln_profile_full_attn_stage full_attn_layer=0 stage=decode_attn_contiguous seq_len=1 start_pos=64 elapsed_ms=0.305
kiln_profile_full_attn_stage full_attn_layer=0 stage=attn_gate seq_len=1 start_pos=64 elapsed_ms=0.246
kiln_profile_full_attn_stage full_attn_layer=0 stage=o_proj seq_len=1 start_pos=64 elapsed_ms=1.223
kiln_profile_mlp_stage layer=3 stage=gate_up_fused seq_len=1 start_pos=64 elapsed_ms=6.128
kiln_profile_mlp_stage layer=3 stage=down_proj seq_len=1 start_pos=64 elapsed_ms=2.403
kiln_profile_gdn_stage layer=4 stage=in_proj seq_len=1 start_pos=64 elapsed_ms=3.420
kiln_profile_gdn_stage layer=4 stage=qkv_conv_norm seq_len=1 start_pos=64 elapsed_ms=0.309
kiln_profile_gdn_stage layer=4 stage=gates_recur_gated_norm seq_len=1 start_pos=64 elapsed_ms=0.548
kiln_profile_gdn_stage layer=4 stage=post_transpose seq_len=1 start_pos=64 elapsed_ms=0.000
kiln_profile_gdn_stage layer=4 stage=gated_norm seq_len=1 start_pos=64 elapsed_ms=0.001
kiln_profile_gdn_stage layer=4 stage=out_proj seq_len=1 start_pos=64 elapsed_ms=1.246
kiln_profile_mlp_stage layer=4 stage=gate_up_fused seq_len=1 start_pos=64 elapsed_ms=4.476
kiln_profile_mlp_stage layer=4 stage=down_proj seq_len=1 start_pos=64 elapsed_ms=2.400
kiln_profile_gdn_stage layer=5 stage=in_proj seq_len=1 start_pos=64 elapsed_ms=3.134
kiln_profile_gdn_stage layer=5 stage=qkv_conv_norm seq_len=1 start_pos=64 elapsed_ms=0.254
kiln_profile_gdn_stage layer=5 stage=gates_recur_gated_norm seq_len=1 start_pos=64 elapsed_ms=0.359
kiln_profile_gdn_stage layer=5 stage=post_transpose seq_len=1 start_pos=64 elapsed_ms=0.000
kiln_profile_gdn_stage layer=5 stage=gated_norm seq_len=1 start_pos=64 elapsed_ms=0.002
kiln_profile_gdn_stage layer=5 stage=out_proj seq_len=1 start_pos=64 elapsed_ms=1.281
kiln_profile_mlp_stage layer=5 stage=gate_up_fused seq_len=1 start_pos=64 elapsed_ms=4.442
kiln_profile_mlp_stage layer=5 stage=down_proj seq_len=1 start_pos=64 elapsed_ms=2.449
kiln_profile_gdn_stage layer=6 stage=in_proj seq_len=1 start_pos=64 elapsed_ms=3.145
kiln_profile_gdn_stage layer=6 stage=qkv_conv_norm seq_len=1 start_pos=64 elapsed_ms=0.268
kiln_profile_gdn_stage layer=6 stage=gates_recur_gated_norm seq_len=1 start_pos=64 elapsed_ms=0.361
kiln_profile_gdn_stage layer=6 stage=post_transpose seq_len=1 start_pos=64 elapsed_ms=0.000
kiln_profile_gdn_stage layer=6 stage=gated_norm seq_len=1 start_pos=64 elapsed_ms=0.009
kiln_profile_gdn_stage layer=6 stage=out_proj seq_len=1 start_pos=64 elapsed_ms=1.259
kiln_profile_mlp_stage layer=6 stage=gate_up_fused seq_len=1 start_pos=64 elapsed_ms=4.572
kiln_profile_mlp_stage layer=6 stage=down_proj seq_len=1 start_pos=64 elapsed_ms=2.998
kiln_profile_full_attn_stage full_attn_layer=1 stage=qkv_proj seq_len=1 start_pos=64 elapsed_ms=2.887
kiln_profile_full_attn_stage full_attn_layer=1 stage=qkv_split seq_len=1 start_pos=64 elapsed_ms=0.273
kiln_profile_full_attn_stage full_attn_layer=1 stage=qk_norm seq_len=1 start_pos=64 elapsed_ms=0.278
kiln_profile_full_attn_stage full_attn_layer=1 stage=rope seq_len=1 start_pos=64 elapsed_ms=0.247
kiln_profile_full_attn_stage full_attn_layer=1 stage=q_transpose seq_len=1 start_pos=64 elapsed_ms=0.003
kiln_profile_full_attn_stage full_attn_layer=1 stage=kv_write seq_len=1 start_pos=64 elapsed_ms=0.283
kiln_profile_full_attn_stage full_attn_layer=1 stage=decode_attn_contiguous seq_len=1 start_pos=64 elapsed_ms=0.270
kiln_profile_full_attn_stage full_attn_layer=1 stage=attn_gate seq_len=1 start_pos=64 elapsed_ms=0.226
kiln_profile_full_attn_stage full_attn_layer=1 stage=o_proj seq_len=1 start_pos=64 elapsed_ms=1.298
kiln_profile_mlp_stage layer=7 stage=gate_up_fused seq_len=1 start_pos=64 elapsed_ms=4.621
kiln_profile_mlp_stage layer=7 stage=down_proj seq_len=1 start_pos=64 elapsed_ms=2.465
kiln_profile_gdn_stage layer=8 stage=in_proj seq_len=1 start_pos=64 elapsed_ms=3.314
kiln_profile_gdn_stage layer=8 stage=qkv_conv_norm seq_len=1 start_pos=64 elapsed_ms=0.259
kiln_profile_gdn_stage layer=8 stage=gates_recur_gated_norm seq_len=1 start_pos=64 elapsed_ms=0.410
kiln_profile_gdn_stage layer=8 stage=post_transpose seq_len=1 start_pos=64 elapsed_ms=0.000
kiln_profile_gdn_stage layer=8 stage=gated_norm seq_len=1 start_pos=64 elapsed_ms=0.002
kiln_profile_gdn_stage layer=8 stage=out_proj seq_len=1 start_pos=64 elapsed_ms=1.279
kiln_profile_mlp_stage layer=8 stage=gate_up_fused seq_len=1 start_pos=64 elapsed_ms=4.406
kiln_profile_mlp_stage layer=8 stage=down_proj seq_len=1 start_pos=64 elapsed_ms=2.478
kiln_profile_gdn_stage layer=9 stage=in_proj seq_len=1 start_pos=64 elapsed_ms=3.366
kiln_profile_gdn_stage layer=9 stage=qkv_conv_norm seq_len=1 start_pos=64 elapsed_ms=0.234
kiln_profile_gdn_stage layer=9 stage=gates_recur_gated_norm seq_len=1 start_pos=64 elapsed_ms=0.338
kiln_profile_gdn_stage layer=9 stage=post_transpose seq_len=1 start_pos=64 elapsed_ms=0.000
kiln_profile_gdn_stage layer=9 stage=gated_norm seq_len=1 start_pos=64 elapsed_ms=0.001
kiln_profile_gdn_stage layer=9 stage=out_proj seq_len=1 start_pos=64 elapsed_ms=1.448
kiln_profile_mlp_stage layer=9 stage=gate_up_fused seq_len=1 start_pos=64 elapsed_ms=4.473
kiln_profile_mlp_stage layer=9 stage=down_proj seq_len=1 start_pos=64 elapsed_ms=2.478
kiln_profile_gdn_stage layer=10 stage=in_proj seq_len=1 start_pos=64 elapsed_ms=3.297
kiln_profile_gdn_stage layer=10 stage=qkv_conv_norm seq_len=1 start_pos=64 elapsed_ms=0.254
kiln_profile_gdn_stage layer=10 stage=gates_recur_gated_norm seq_len=1 start_pos=64 elapsed_ms=0.388
kiln_profile_gdn_stage layer=10 stage=post_transpose seq_len=1 start_pos=64 elapsed_ms=0.000
kiln_profile_gdn_stage layer=10 stage=gated_norm seq_len=1 start_pos=64 elapsed_ms=0.002
kiln_profile_gdn_stage layer=10 stage=out_proj seq_len=1 start_pos=64 elapsed_ms=1.311
kiln_profile_mlp_stage layer=10 stage=gate_up_fused seq_len=1 start_pos=64 elapsed_ms=5.203
kiln_profile_mlp_stage layer=10 stage=down_proj seq_len=1 start_pos=64 elapsed_ms=2.586
kiln_profile_full_attn_stage full_attn_layer=2 stage=qkv_proj seq_len=1 start_pos=64 elapsed_ms=2.913
kiln_profile_full_attn_stage full_attn_layer=2 stage=qkv_split seq_len=1 start_pos=64 elapsed_ms=0.287
kiln_profile_full_attn_stage full_attn_layer=2 stage=qk_norm seq_len=1 start_pos=64 elapsed_ms=0.270
kiln_profile_full_attn_stage full_attn_layer=2 stage=rope seq_len=1 start_pos=64 elapsed_ms=0.274
kiln_profile_full_attn_stage full_attn_layer=2 stage=q_transpose seq_len=1 start_pos=64 elapsed_ms=0.001
kiln_profile_full_attn_stage full_attn_layer=2 stage=kv_write seq_len=1 start_pos=64 elapsed_ms=0.317
kiln_profile_full_attn_stage full_attn_layer=2 stage=decode_attn_contiguous seq_len=1 start_pos=64 elapsed_ms=0.309
kiln_profile_full_attn_stage full_attn_layer=2 stage=attn_gate seq_len=1 start_pos=64 elapsed_ms=0.258
kiln_profile_full_attn_stage full_attn_layer=2 stage=o_proj seq_len=1 start_pos=64 elapsed_ms=1.572
kiln_profile_mlp_stage layer=11 stage=gate_up_fused seq_len=1 start_pos=64 elapsed_ms=6.570
kiln_profile_mlp_stage layer=11 stage=down_proj seq_len=1 start_pos=64 elapsed_ms=2.656
kiln_profile_gdn_stage layer=12 stage=in_proj seq_len=1 start_pos=64 elapsed_ms=4.028
kiln_profile_gdn_stage layer=12 stage=qkv_conv_norm seq_len=1 start_pos=64 elapsed_ms=0.364
kiln_profile_gdn_stage layer=12 stage=gates_recur_gated_norm seq_len=1 start_pos=64 elapsed_ms=0.585
kiln_profile_gdn_stage layer=12 stage=post_transpose seq_len=1 start_pos=64 elapsed_ms=0.000
kiln_profile_gdn_stage layer=12 stage=gated_norm seq_len=1 start_pos=64 elapsed_ms=0.015
kiln_profile_gdn_stage layer=12 stage=out_proj seq_len=1 start_pos=64 elapsed_ms=1.654
kiln_profile_mlp_stage layer=12 stage=gate_up_fused seq_len=1 start_pos=64 elapsed_ms=5.815
kiln_profile_mlp_stage layer=12 stage=down_proj seq_len=1 start_pos=64 elapsed_ms=2.633
kiln_profile_gdn_stage layer=13 stage=in_proj seq_len=1 start_pos=64 elapsed_ms=3.457
kiln_profile_gdn_stage layer=13 stage=qkv_conv_norm seq_len=1 start_pos=64 elapsed_ms=0.268
kiln_profile_gdn_stage layer=13 stage=gates_recur_gated_norm seq_len=1 start_pos=64 elapsed_ms=0.388
kiln_profile_gdn_stage layer=13 stage=post_transpose seq_len=1 start_pos=64 elapsed_ms=0.000
kiln_profile_gdn_stage layer=13 stage=gated_norm seq_len=1 start_pos=64 elapsed_ms=0.002
kiln_profile_gdn_stage layer=13 stage=out_proj seq_len=1 start_pos=64 elapsed_ms=1.458
kiln_profile_mlp_stage layer=13 stage=gate_up_fused seq_len=1 start_pos=64 elapsed_ms=6.082
kiln_profile_mlp_stage layer=13 stage=down_proj seq_len=1 start_pos=64 elapsed_ms=2.758
kiln_profile_gdn_stage layer=14 stage=in_proj seq_len=1 start_pos=64 elapsed_ms=22.751
kiln_profile_gdn_stage layer=14 stage=qkv_conv_norm seq_len=1 start_pos=64 elapsed_ms=0.357
kiln_profile_gdn_stage layer=14 stage=gates_recur_gated_norm seq_len=1 start_pos=64 elapsed_ms=0.536
kiln_profile_gdn_stage layer=14 stage=post_transpose seq_len=1 start_pos=64 elapsed_ms=0.000
kiln_profile_gdn_stage layer=14 stage=gated_norm seq_len=1 start_pos=64 elapsed_ms=0.002
kiln_profile_gdn_stage layer=14 stage=out_proj seq_len=1 start_pos=64 elapsed_ms=2.174
kiln_profile_mlp_stage layer=14 stage=gate_up_fused seq_len=1 start_pos=64 elapsed_ms=8.175
kiln_profile_mlp_stage layer=14 stage=down_proj seq_len=1 start_pos=64 elapsed_ms=3.478
kiln_profile_full_attn_stage full_attn_layer=3 stage=qkv_proj seq_len=1 start_pos=64 elapsed_ms=3.932
kiln_profile_full_attn_stage full_attn_layer=3 stage=qkv_split seq_len=1 start_pos=64 elapsed_ms=0.483
kiln_profile_full_attn_stage full_attn_layer=3 stage=qk_norm seq_len=1 start_pos=64 elapsed_ms=0.399
kiln_profile_full_attn_stage full_attn_layer=3 stage=rope seq_len=1 start_pos=64 elapsed_ms=0.310
kiln_profile_full_attn_stage full_attn_layer=3 stage=q_transpose seq_len=1 start_pos=64 elapsed_ms=0.002
kiln_profile_full_attn_stage full_attn_layer=3 stage=kv_write seq_len=1 start_pos=64 elapsed_ms=0.379
kiln_profile_full_attn_stage full_attn_layer=3 stage=decode_attn_contiguous seq_len=1 start_pos=64 elapsed_ms=0.463
kiln_profile_full_attn_stage full_attn_layer=3 stage=attn_gate seq_len=1 start_pos=64 elapsed_ms=0.390
kiln_profile_full_attn_stage full_attn_layer=3 stage=o_proj seq_len=1 start_pos=64 elapsed_ms=2.183
kiln_profile_mlp_stage layer=15 stage=gate_up_fused seq_len=1 start_pos=64 elapsed_ms=7.106
kiln_profile_mlp_stage layer=15 stage=down_proj seq_len=1 start_pos=64 elapsed_ms=3.138
kiln_profile_gdn_stage layer=16 stage=in_proj seq_len=1 start_pos=64 elapsed_ms=6.481
kiln_profile_gdn_stage layer=16 stage=qkv_conv_norm seq_len=1 start_pos=64 elapsed_ms=0.785
kiln_profile_gdn_stage layer=16 stage=gates_recur_gated_norm seq_len=1 start_pos=64 elapsed_ms=0.493
kiln_profile_gdn_stage layer=16 stage=post_transpose seq_len=1 start_pos=64 elapsed_ms=0.000
kiln_profile_gdn_stage layer=16 stage=gated_norm seq_len=1 start_pos=64 elapsed_ms=0.002
kiln_profile_gdn_stage layer=16 stage=out_proj seq_len=1 start_pos=64 elapsed_ms=1.556
kiln_profile_mlp_stage layer=16 stage=gate_up_fused seq_len=1 start_pos=64 elapsed_ms=6.633
kiln_profile_mlp_stage layer=16 stage=down_proj seq_len=1 start_pos=64 elapsed_ms=3.486
kiln_profile_gdn_stage layer=17 stage=in_proj seq_len=1 start_pos=64 elapsed_ms=4.981
kiln_profile_gdn_stage layer=17 stage=qkv_conv_norm seq_len=1 start_pos=64 elapsed_ms=0.400
kiln_profile_gdn_stage layer=17 stage=gates_recur_gated_norm seq_len=1 start_pos=64 elapsed_ms=0.621
kiln_profile_gdn_stage layer=17 stage=post_transpose seq_len=1 start_pos=64 elapsed_ms=0.000
kiln_profile_gdn_stage layer=17 stage=gated_norm seq_len=1 start_pos=64 elapsed_ms=0.008
kiln_profile_gdn_stage layer=17 stage=out_proj seq_len=1 start_pos=64 elapsed_ms=1.842
kiln_profile_mlp_stage layer=17 stage=gate_up_fused seq_len=1 start_pos=64 elapsed_ms=6.179
kiln_profile_mlp_stage layer=17 stage=down_proj seq_len=1 start_pos=64 elapsed_ms=3.671
kiln_profile_gdn_stage layer=18 stage=in_proj seq_len=1 start_pos=64 elapsed_ms=4.603
kiln_profile_gdn_stage layer=18 stage=qkv_conv_norm seq_len=1 start_pos=64 elapsed_ms=0.406
kiln_profile_gdn_stage layer=18 stage=gates_recur_gated_norm seq_len=1 start_pos=64 elapsed_ms=0.630
kiln_profile_gdn_stage layer=18 stage=post_transpose seq_len=1 start_pos=64 elapsed_ms=0.000
kiln_profile_gdn_stage layer=18 stage=gated_norm seq_len=1 start_pos=64 elapsed_ms=0.002
kiln_profile_gdn_stage layer=18 stage=out_proj seq_len=1 start_pos=64 elapsed_ms=1.710
kiln_profile_mlp_stage layer=18 stage=gate_up_fused seq_len=1 start_pos=64 elapsed_ms=6.236
kiln_profile_mlp_stage layer=18 stage=down_proj seq_len=1 start_pos=64 elapsed_ms=3.376
kiln_profile_full_attn_stage full_attn_layer=4 stage=qkv_proj seq_len=1 start_pos=64 elapsed_ms=3.701
kiln_profile_full_attn_stage full_attn_layer=4 stage=qkv_split seq_len=1 start_pos=64 elapsed_ms=0.425
kiln_profile_full_attn_stage full_attn_layer=4 stage=qk_norm seq_len=1 start_pos=64 elapsed_ms=0.394
kiln_profile_full_attn_stage full_attn_layer=4 stage=rope seq_len=1 start_pos=64 elapsed_ms=0.393
kiln_profile_full_attn_stage full_attn_layer=4 stage=q_transpose seq_len=1 start_pos=64 elapsed_ms=0.006
kiln_profile_full_attn_stage full_attn_layer=4 stage=kv_write seq_len=1 start_pos=64 elapsed_ms=0.383
kiln_profile_full_attn_stage full_attn_layer=4 stage=decode_attn_contiguous seq_len=1 start_pos=64 elapsed_ms=0.545
kiln_profile_full_attn_stage full_attn_layer=4 stage=attn_gate seq_len=1 start_pos=64 elapsed_ms=0.344
kiln_profile_full_attn_stage full_attn_layer=4 stage=o_proj seq_len=1 start_pos=64 elapsed_ms=2.156
kiln_profile_mlp_stage layer=19 stage=gate_up_fused seq_len=1 start_pos=64 elapsed_ms=6.912
kiln_profile_mlp_stage layer=19 stage=down_proj seq_len=1 start_pos=64 elapsed_ms=2.861
kiln_profile_gdn_stage layer=20 stage=in_proj seq_len=1 start_pos=64 elapsed_ms=4.274
kiln_profile_gdn_stage layer=20 stage=qkv_conv_norm seq_len=1 start_pos=64 elapsed_ms=0.285
kiln_profile_gdn_stage layer=20 stage=gates_recur_gated_norm seq_len=1 start_pos=64 elapsed_ms=0.454
kiln_profile_gdn_stage layer=20 stage=post_transpose seq_len=1 start_pos=64 elapsed_ms=0.000
kiln_profile_gdn_stage layer=20 stage=gated_norm seq_len=1 start_pos=64 elapsed_ms=0.002
kiln_profile_gdn_stage layer=20 stage=out_proj seq_len=1 start_pos=64 elapsed_ms=1.468
kiln_profile_mlp_stage layer=20 stage=gate_up_fused seq_len=1 start_pos=64 elapsed_ms=6.299
kiln_profile_mlp_stage layer=20 stage=down_proj seq_len=1 start_pos=64 elapsed_ms=3.280
kiln_profile_gdn_stage layer=21 stage=in_proj seq_len=1 start_pos=64 elapsed_ms=4.774
kiln_profile_gdn_stage layer=21 stage=qkv_conv_norm seq_len=1 start_pos=64 elapsed_ms=0.412
kiln_profile_gdn_stage layer=21 stage=gates_recur_gated_norm seq_len=1 start_pos=64 elapsed_ms=0.595
kiln_profile_gdn_stage layer=21 stage=post_transpose seq_len=1 start_pos=64 elapsed_ms=0.000
kiln_profile_gdn_stage layer=21 stage=gated_norm seq_len=1 start_pos=64 elapsed_ms=0.002
kiln_profile_gdn_stage layer=21 stage=out_proj seq_len=1 start_pos=64 elapsed_ms=1.710
kiln_profile_mlp_stage layer=21 stage=gate_up_fused seq_len=1 start_pos=64 elapsed_ms=7.075
kiln_profile_mlp_stage layer=21 stage=down_proj seq_len=1 start_pos=64 elapsed_ms=3.487
kiln_profile_gdn_stage layer=22 stage=in_proj seq_len=1 start_pos=64 elapsed_ms=5.731
kiln_profile_gdn_stage layer=22 stage=qkv_conv_norm seq_len=1 start_pos=64 elapsed_ms=0.410
kiln_profile_gdn_stage layer=22 stage=gates_recur_gated_norm seq_len=1 start_pos=64 elapsed_ms=0.580
kiln_profile_gdn_stage layer=22 stage=post_transpose seq_len=1 start_pos=64 elapsed_ms=0.000
kiln_profile_gdn_stage layer=22 stage=gated_norm seq_len=1 start_pos=64 elapsed_ms=0.002
kiln_profile_gdn_stage layer=22 stage=out_proj seq_len=1 start_pos=64 elapsed_ms=1.999
kiln_profile_mlp_stage layer=22 stage=gate_up_fused seq_len=1 start_pos=64 elapsed_ms=6.991
kiln_profile_mlp_stage layer=22 stage=down_proj seq_len=1 start_pos=64 elapsed_ms=3.503
kiln_profile_full_attn_stage full_attn_layer=5 stage=qkv_proj seq_len=1 start_pos=64 elapsed_ms=1.402
kiln_profile_full_attn_stage full_attn_layer=5 stage=qkv_split seq_len=1 start_pos=64 elapsed_ms=1.523
kiln_profile_full_attn_stage full_attn_layer=5 stage=qk_norm seq_len=1 start_pos=64 elapsed_ms=0.359
kiln_profile_full_attn_stage full_attn_layer=5 stage=rope seq_len=1 start_pos=64 elapsed_ms=0.870
kiln_profile_full_attn_stage full_attn_layer=5 stage=q_transpose seq_len=1 start_pos=64 elapsed_ms=0.001
kiln_profile_full_attn_stage full_attn_layer=5 stage=kv_write seq_len=1 start_pos=64 elapsed_ms=1.494
kiln_profile_full_attn_stage full_attn_layer=5 stage=decode_attn_contiguous seq_len=1 start_pos=64 elapsed_ms=0.401
kiln_profile_full_attn_stage full_attn_layer=5 stage=attn_gate seq_len=1 start_pos=64 elapsed_ms=0.301
kiln_profile_full_attn_stage full_attn_layer=5 stage=o_proj seq_len=1 start_pos=64 elapsed_ms=0.801
kiln_profile_mlp_stage layer=23 stage=gate_up_fused seq_len=1 start_pos=64 elapsed_ms=2.510
kiln_profile_mlp_stage layer=23 stage=down_proj seq_len=1 start_pos=64 elapsed_ms=1.339
kiln_profile_gdn_stage layer=24 stage=in_proj seq_len=1 start_pos=64 elapsed_ms=2.210
kiln_profile_gdn_stage layer=24 stage=qkv_conv_norm seq_len=1 start_pos=64 elapsed_ms=0.334
kiln_profile_gdn_stage layer=24 stage=gates_recur_gated_norm seq_len=1 start_pos=64 elapsed_ms=0.520
kiln_profile_gdn_stage layer=24 stage=post_transpose seq_len=1 start_pos=64 elapsed_ms=0.000
kiln_profile_gdn_stage layer=24 stage=gated_norm seq_len=1 start_pos=64 elapsed_ms=0.002
kiln_profile_gdn_stage layer=24 stage=out_proj seq_len=1 start_pos=64 elapsed_ms=0.833
kiln_profile_mlp_stage layer=24 stage=gate_up_fused seq_len=1 start_pos=64 elapsed_ms=2.561
kiln_profile_mlp_stage layer=24 stage=down_proj seq_len=1 start_pos=64 elapsed_ms=1.333
kiln_profile_gdn_stage layer=25 stage=in_proj seq_len=1 start_pos=64 elapsed_ms=2.199
kiln_profile_gdn_stage layer=25 stage=qkv_conv_norm seq_len=1 start_pos=64 elapsed_ms=0.345
kiln_profile_gdn_stage layer=25 stage=gates_recur_gated_norm seq_len=1 start_pos=64 elapsed_ms=0.521
kiln_profile_gdn_stage layer=25 stage=post_transpose seq_len=1 start_pos=64 elapsed_ms=0.000
kiln_profile_gdn_stage layer=25 stage=gated_norm seq_len=1 start_pos=64 elapsed_ms=0.002
kiln_profile_gdn_stage layer=25 stage=out_proj seq_len=1 start_pos=64 elapsed_ms=0.818
kiln_profile_mlp_stage layer=25 stage=gate_up_fused seq_len=1 start_pos=64 elapsed_ms=2.522
kiln_profile_mlp_stage layer=25 stage=down_proj seq_len=1 start_pos=64 elapsed_ms=1.343
kiln_profile_gdn_stage layer=26 stage=in_proj seq_len=1 start_pos=64 elapsed_ms=2.191
kiln_profile_gdn_stage layer=26 stage=qkv_conv_norm seq_len=1 start_pos=64 elapsed_ms=0.358
kiln_profile_gdn_stage layer=26 stage=gates_recur_gated_norm seq_len=1 start_pos=64 elapsed_ms=0.620
kiln_profile_gdn_stage layer=26 stage=post_transpose seq_len=1 start_pos=64 elapsed_ms=0.000
kiln_profile_gdn_stage layer=26 stage=gated_norm seq_len=1 start_pos=64 elapsed_ms=0.002
kiln_profile_gdn_stage layer=26 stage=out_proj seq_len=1 start_pos=64 elapsed_ms=0.893
kiln_profile_mlp_stage layer=26 stage=gate_up_fused seq_len=1 start_pos=64 elapsed_ms=3.985
kiln_profile_mlp_stage layer=26 stage=down_proj seq_len=1 start_pos=64 elapsed_ms=1.536
kiln_profile_full_attn_stage full_attn_layer=6 stage=qkv_proj seq_len=1 start_pos=64 elapsed_ms=1.576
kiln_profile_full_attn_stage full_attn_layer=6 stage=qkv_split seq_len=1 start_pos=64 elapsed_ms=0.440
kiln_profile_full_attn_stage full_attn_layer=6 stage=qk_norm seq_len=1 start_pos=64 elapsed_ms=0.364
kiln_profile_full_attn_stage full_attn_layer=6 stage=rope seq_len=1 start_pos=64 elapsed_ms=0.330
kiln_profile_full_attn_stage full_attn_layer=6 stage=q_transpose seq_len=1 start_pos=64 elapsed_ms=0.002
kiln_profile_full_attn_stage full_attn_layer=6 stage=kv_write seq_len=1 start_pos=64 elapsed_ms=0.309
kiln_profile_full_attn_stage full_attn_layer=6 stage=decode_attn_contiguous seq_len=1 start_pos=64 elapsed_ms=0.400
kiln_profile_full_attn_stage full_attn_layer=6 stage=attn_gate seq_len=1 start_pos=64 elapsed_ms=0.366
kiln_profile_full_attn_stage full_attn_layer=6 stage=o_proj seq_len=1 start_pos=64 elapsed_ms=0.915
kiln_profile_mlp_stage layer=27 stage=gate_up_fused seq_len=1 start_pos=64 elapsed_ms=2.608
kiln_profile_mlp_stage layer=27 stage=down_proj seq_len=1 start_pos=64 elapsed_ms=1.462
kiln_profile_gdn_stage layer=28 stage=in_proj seq_len=1 start_pos=64 elapsed_ms=1.934
kiln_profile_gdn_stage layer=28 stage=qkv_conv_norm seq_len=1 start_pos=64 elapsed_ms=0.365
kiln_profile_gdn_stage layer=28 stage=gates_recur_gated_norm seq_len=1 start_pos=64 elapsed_ms=0.470
kiln_profile_gdn_stage layer=28 stage=post_transpose seq_len=1 start_pos=64 elapsed_ms=0.001
kiln_profile_gdn_stage layer=28 stage=gated_norm seq_len=1 start_pos=64 elapsed_ms=0.002
kiln_profile_gdn_stage layer=28 stage=out_proj seq_len=1 start_pos=64 elapsed_ms=0.822
kiln_profile_mlp_stage layer=28 stage=gate_up_fused seq_len=1 start_pos=64 elapsed_ms=2.512
kiln_profile_mlp_stage layer=28 stage=down_proj seq_len=1 start_pos=64 elapsed_ms=1.361
kiln_profile_gdn_stage layer=29 stage=in_proj seq_len=1 start_pos=64 elapsed_ms=1.931
kiln_profile_gdn_stage layer=29 stage=qkv_conv_norm seq_len=1 start_pos=64 elapsed_ms=0.337
kiln_profile_gdn_stage layer=29 stage=gates_recur_gated_norm seq_len=1 start_pos=64 elapsed_ms=0.414
kiln_profile_gdn_stage layer=29 stage=post_transpose seq_len=1 start_pos=64 elapsed_ms=0.000
kiln_profile_gdn_stage layer=29 stage=gated_norm seq_len=1 start_pos=64 elapsed_ms=0.003
kiln_profile_gdn_stage layer=29 stage=out_proj seq_len=1 start_pos=64 elapsed_ms=0.677
kiln_profile_mlp_stage layer=29 stage=gate_up_fused seq_len=1 start_pos=64 elapsed_ms=2.540
kiln_profile_mlp_stage layer=29 stage=down_proj seq_len=1 start_pos=64 elapsed_ms=4.004
kiln_profile_gdn_stage layer=30 stage=in_proj seq_len=1 start_pos=64 elapsed_ms=1.768
kiln_profile_gdn_stage layer=30 stage=qkv_conv_norm seq_len=1 start_pos=64 elapsed_ms=0.329
kiln_profile_gdn_stage layer=30 stage=gates_recur_gated_norm seq_len=1 start_pos=64 elapsed_ms=0.428
kiln_profile_gdn_stage layer=30 stage=post_transpose seq_len=1 start_pos=64 elapsed_ms=0.003
kiln_profile_gdn_stage layer=30 stage=gated_norm seq_len=1 start_pos=64 elapsed_ms=0.002
kiln_profile_gdn_stage layer=30 stage=out_proj seq_len=1 start_pos=64 elapsed_ms=0.697
kiln_profile_mlp_stage layer=30 stage=gate_up_fused seq_len=1 start_pos=64 elapsed_ms=1.950
kiln_profile_mlp_stage layer=30 stage=down_proj seq_len=1 start_pos=64 elapsed_ms=1.151
kiln_profile_full_attn_stage full_attn_layer=7 stage=qkv_proj seq_len=1 start_pos=64 elapsed_ms=1.316
kiln_profile_full_attn_stage full_attn_layer=7 stage=qkv_split seq_len=1 start_pos=64 elapsed_ms=0.299
kiln_profile_full_attn_stage full_attn_layer=7 stage=qk_norm seq_len=1 start_pos=64 elapsed_ms=0.263
kiln_profile_full_attn_stage full_attn_layer=7 stage=rope seq_len=1 start_pos=64 elapsed_ms=0.279
kiln_profile_full_attn_stage full_attn_layer=7 stage=q_transpose seq_len=1 start_pos=64 elapsed_ms=0.002
kiln_profile_full_attn_stage full_attn_layer=7 stage=kv_write seq_len=1 start_pos=64 elapsed_ms=0.249
kiln_profile_full_attn_stage full_attn_layer=7 stage=decode_attn_contiguous seq_len=1 start_pos=64 elapsed_ms=0.335
kiln_profile_full_attn_stage full_attn_layer=7 stage=attn_gate seq_len=1 start_pos=64 elapsed_ms=0.278
kiln_profile_full_attn_stage full_attn_layer=7 stage=o_proj seq_len=1 start_pos=64 elapsed_ms=0.809
kiln_profile_mlp_stage layer=31 stage=gate_up_fused seq_len=1 start_pos=64 elapsed_ms=1.916
kiln_profile_mlp_stage layer=31 stage=down_proj seq_len=1 start_pos=64 elapsed_ms=1.117
kiln_profile_gdn_stage layer=0 stage=in_proj seq_len=1 start_pos=65 elapsed_ms=1.541
kiln_profile_gdn_stage layer=0 stage=qkv_conv_norm seq_len=1 start_pos=65 elapsed_ms=0.427
kiln_profile_gdn_stage layer=0 stage=gates_recur_gated_norm seq_len=1 start_pos=65 elapsed_ms=0.423
kiln_profile_gdn_stage layer=0 stage=post_transpose seq_len=1 start_pos=65 elapsed_ms=0.002
kiln_profile_gdn_stage layer=0 stage=gated_norm seq_len=1 start_pos=65 elapsed_ms=0.004
kiln_profile_gdn_stage layer=0 stage=out_proj seq_len=1 start_pos=65 elapsed_ms=0.725
kiln_profile_mlp_stage layer=0 stage=gate_up_fused seq_len=1 start_pos=65 elapsed_ms=2.124
kiln_profile_mlp_stage layer=0 stage=down_proj seq_len=1 start_pos=65 elapsed_ms=1.183
kiln_profile_gdn_stage layer=1 stage=in_proj seq_len=1 start_pos=65 elapsed_ms=1.304
kiln_profile_gdn_stage layer=1 stage=qkv_conv_norm seq_len=1 start_pos=65 elapsed_ms=0.261
kiln_profile_gdn_stage layer=1 stage=gates_recur_gated_norm seq_len=1 start_pos=65 elapsed_ms=0.333
kiln_profile_gdn_stage layer=1 stage=post_transpose seq_len=1 start_pos=65 elapsed_ms=0.000
kiln_profile_gdn_stage layer=1 stage=gated_norm seq_len=1 start_pos=65 elapsed_ms=0.003
kiln_profile_gdn_stage layer=1 stage=out_proj seq_len=1 start_pos=65 elapsed_ms=0.673
kiln_profile_mlp_stage layer=1 stage=gate_up_fused seq_len=1 start_pos=65 elapsed_ms=1.786
kiln_profile_mlp_stage layer=1 stage=down_proj seq_len=1 start_pos=65 elapsed_ms=1.098
kiln_profile_gdn_stage layer=2 stage=in_proj seq_len=1 start_pos=65 elapsed_ms=1.331
kiln_profile_gdn_stage layer=2 stage=qkv_conv_norm seq_len=1 start_pos=65 elapsed_ms=0.344
kiln_profile_gdn_stage layer=2 stage=gates_recur_gated_norm seq_len=1 start_pos=65 elapsed_ms=0.527
kiln_profile_gdn_stage layer=2 stage=post_transpose seq_len=1 start_pos=65 elapsed_ms=0.001
kiln_profile_gdn_stage layer=2 stage=gated_norm seq_len=1 start_pos=65 elapsed_ms=0.004
kiln_profile_gdn_stage layer=2 stage=out_proj seq_len=1 start_pos=65 elapsed_ms=1.195
kiln_profile_mlp_stage layer=2 stage=gate_up_fused seq_len=1 start_pos=65 elapsed_ms=2.057
kiln_profile_mlp_stage layer=2 stage=down_proj seq_len=1 start_pos=65 elapsed_ms=1.337
kiln_profile_full_attn_stage full_attn_layer=0 stage=qkv_proj seq_len=1 start_pos=65 elapsed_ms=1.442
kiln_profile_full_attn_stage full_attn_layer=0 stage=qkv_split seq_len=1 start_pos=65 elapsed_ms=0.391
kiln_profile_full_attn_stage full_attn_layer=0 stage=qk_norm seq_len=1 start_pos=65 elapsed_ms=0.268
kiln_profile_full_attn_stage full_attn_layer=0 stage=rope seq_len=1 start_pos=65 elapsed_ms=0.270
kiln_profile_full_attn_stage full_attn_layer=0 stage=q_transpose seq_len=1 start_pos=65 elapsed_ms=0.003
kiln_profile_full_attn_stage full_attn_layer=0 stage=kv_write seq_len=1 start_pos=65 elapsed_ms=0.275
kiln_profile_full_attn_stage full_attn_layer=0 stage=decode_attn_contiguous seq_len=1 start_pos=65 elapsed_ms=0.333
kiln_profile_full_attn_stage full_attn_layer=0 stage=attn_gate seq_len=1 start_pos=65 elapsed_ms=0.232
kiln_profile_full_attn_stage full_attn_layer=0 stage=o_proj seq_len=1 start_pos=65 elapsed_ms=0.759
kiln_profile_mlp_stage layer=3 stage=gate_up_fused seq_len=1 start_pos=65 elapsed_ms=1.918
kiln_profile_mlp_stage layer=3 stage=down_proj seq_len=1 start_pos=65 elapsed_ms=1.205
kiln_profile_gdn_stage layer=4 stage=in_proj seq_len=1 start_pos=65 elapsed_ms=1.379
kiln_profile_gdn_stage layer=4 stage=qkv_conv_norm seq_len=1 start_pos=65 elapsed_ms=0.309
kiln_profile_gdn_stage layer=4 stage=gates_recur_gated_norm seq_len=1 start_pos=65 elapsed_ms=0.371
kiln_profile_gdn_stage layer=4 stage=post_transpose seq_len=1 start_pos=65 elapsed_ms=0.003
kiln_profile_gdn_stage layer=4 stage=gated_norm seq_len=1 start_pos=65 elapsed_ms=0.003
kiln_profile_gdn_stage layer=4 stage=out_proj seq_len=1 start_pos=65 elapsed_ms=0.726
kiln_profile_mlp_stage layer=4 stage=gate_up_fused seq_len=1 start_pos=65 elapsed_ms=1.915
kiln_profile_mlp_stage layer=4 stage=down_proj seq_len=1 start_pos=65 elapsed_ms=1.300
kiln_profile_gdn_stage layer=5 stage=in_proj seq_len=1 start_pos=65 elapsed_ms=1.472
kiln_profile_gdn_stage layer=5 stage=qkv_conv_norm seq_len=1 start_pos=65 elapsed_ms=0.426
kiln_profile_gdn_stage layer=5 stage=gates_recur_gated_norm seq_len=1 start_pos=65 elapsed_ms=0.437
kiln_profile_gdn_stage layer=5 stage=post_transpose seq_len=1 start_pos=65 elapsed_ms=0.001
kiln_profile_gdn_stage layer=5 stage=gated_norm seq_len=1 start_pos=65 elapsed_ms=0.009
kiln_profile_gdn_stage layer=5 stage=out_proj seq_len=1 start_pos=65 elapsed_ms=0.765
kiln_profile_mlp_stage layer=5 stage=gate_up_fused seq_len=1 start_pos=65 elapsed_ms=1.844
kiln_profile_mlp_stage layer=5 stage=down_proj seq_len=1 start_pos=65 elapsed_ms=1.195
kiln_profile_gdn_stage layer=6 stage=in_proj seq_len=1 start_pos=65 elapsed_ms=1.408
kiln_profile_gdn_stage layer=6 stage=qkv_conv_norm seq_len=1 start_pos=65 elapsed_ms=0.370
kiln_profile_gdn_stage layer=6 stage=gates_recur_gated_norm seq_len=1 start_pos=65 elapsed_ms=0.484
kiln_profile_gdn_stage layer=6 stage=post_transpose seq_len=1 start_pos=65 elapsed_ms=0.001
kiln_profile_gdn_stage layer=6 stage=gated_norm seq_len=1 start_pos=65 elapsed_ms=0.006
kiln_profile_gdn_stage layer=6 stage=out_proj seq_len=1 start_pos=65 elapsed_ms=1.135
kiln_profile_mlp_stage layer=6 stage=gate_up_fused seq_len=1 start_pos=65 elapsed_ms=1.892
kiln_profile_mlp_stage layer=6 stage=down_proj seq_len=1 start_pos=65 elapsed_ms=1.174
kiln_profile_full_attn_stage full_attn_layer=1 stage=qkv_proj seq_len=1 start_pos=65 elapsed_ms=1.399
kiln_profile_full_attn_stage full_attn_layer=1 stage=qkv_split seq_len=1 start_pos=65 elapsed_ms=0.372
kiln_profile_full_attn_stage full_attn_layer=1 stage=qk_norm seq_len=1 start_pos=65 elapsed_ms=0.345
kiln_profile_full_attn_stage full_attn_layer=1 stage=rope seq_len=1 start_pos=65 elapsed_ms=0.330
kiln_profile_full_attn_stage full_attn_layer=1 stage=q_transpose seq_len=1 start_pos=65 elapsed_ms=0.005
kiln_profile_full_attn_stage full_attn_layer=1 stage=kv_write seq_len=1 start_pos=65 elapsed_ms=0.339
kiln_profile_full_attn_stage full_attn_layer=1 stage=decode_attn_contiguous seq_len=1 start_pos=65 elapsed_ms=0.392
kiln_profile_full_attn_stage full_attn_layer=1 stage=attn_gate seq_len=1 start_pos=65 elapsed_ms=0.292
kiln_profile_full_attn_stage full_attn_layer=1 stage=o_proj seq_len=1 start_pos=65 elapsed_ms=0.669
kiln_profile_mlp_stage layer=7 stage=gate_up_fused seq_len=1 start_pos=65 elapsed_ms=1.849
kiln_profile_mlp_stage layer=7 stage=down_proj seq_len=1 start_pos=65 elapsed_ms=1.156
kiln_profile_gdn_stage layer=8 stage=in_proj seq_len=1 start_pos=65 elapsed_ms=1.372
kiln_profile_gdn_stage layer=8 stage=qkv_conv_norm seq_len=1 start_pos=65 elapsed_ms=0.337
kiln_profile_gdn_stage layer=8 stage=gates_recur_gated_norm seq_len=1 start_pos=65 elapsed_ms=0.381
kiln_profile_gdn_stage layer=8 stage=post_transpose seq_len=1 start_pos=65 elapsed_ms=0.000
kiln_profile_gdn_stage layer=8 stage=gated_norm seq_len=1 start_pos=65 elapsed_ms=0.004
kiln_profile_gdn_stage layer=8 stage=out_proj seq_len=1 start_pos=65 elapsed_ms=0.783
kiln_profile_mlp_stage layer=8 stage=gate_up_fused seq_len=1 start_pos=65 elapsed_ms=1.919
kiln_profile_mlp_stage layer=8 stage=down_proj seq_len=1 start_pos=65 elapsed_ms=1.426
kiln_profile_gdn_stage layer=9 stage=in_proj seq_len=1 start_pos=65 elapsed_ms=1.509
kiln_profile_gdn_stage layer=9 stage=qkv_conv_norm seq_len=1 start_pos=65 elapsed_ms=0.374
kiln_profile_gdn_stage layer=9 stage=gates_recur_gated_norm seq_len=1 start_pos=65 elapsed_ms=0.422
kiln_profile_gdn_stage layer=9 stage=post_transpose seq_len=1 start_pos=65 elapsed_ms=0.001
kiln_profile_gdn_stage layer=9 stage=gated_norm seq_len=1 start_pos=65 elapsed_ms=0.006
kiln_profile_gdn_stage layer=9 stage=out_proj seq_len=1 start_pos=65 elapsed_ms=0.748
kiln_profile_mlp_stage layer=9 stage=gate_up_fused seq_len=1 start_pos=65 elapsed_ms=1.888
kiln_profile_mlp_stage layer=9 stage=down_proj seq_len=1 start_pos=65 elapsed_ms=1.155
kiln_profile_gdn_stage layer=10 stage=in_proj seq_len=1 start_pos=65 elapsed_ms=1.459
kiln_profile_gdn_stage layer=10 stage=qkv_conv_norm seq_len=1 start_pos=65 elapsed_ms=0.349
kiln_profile_gdn_stage layer=10 stage=gates_recur_gated_norm seq_len=1 start_pos=65 elapsed_ms=0.868
kiln_profile_gdn_stage layer=10 stage=post_transpose seq_len=1 start_pos=65 elapsed_ms=0.001
kiln_profile_gdn_stage layer=10 stage=gated_norm seq_len=1 start_pos=65 elapsed_ms=0.004
kiln_profile_gdn_stage layer=10 stage=out_proj seq_len=1 start_pos=65 elapsed_ms=1.180
kiln_profile_mlp_stage layer=10 stage=gate_up_fused seq_len=1 start_pos=65 elapsed_ms=1.834
kiln_profile_mlp_stage layer=10 stage=down_proj seq_len=1 start_pos=65 elapsed_ms=1.170
kiln_profile_full_attn_stage full_attn_layer=2 stage=qkv_proj seq_len=1 start_pos=65 elapsed_ms=1.342
kiln_profile_full_attn_stage full_attn_layer=2 stage=qkv_split seq_len=1 start_pos=65 elapsed_ms=0.309
kiln_profile_full_attn_stage full_attn_layer=2 stage=qk_norm seq_len=1 start_pos=65 elapsed_ms=0.285
kiln_profile_full_attn_stage full_attn_layer=2 stage=rope seq_len=1 start_pos=65 elapsed_ms=0.254
kiln_profile_full_attn_stage full_attn_layer=2 stage=q_transpose seq_len=1 start_pos=65 elapsed_ms=0.003
kiln_profile_full_attn_stage full_attn_layer=2 stage=kv_write seq_len=1 start_pos=65 elapsed_ms=0.248
kiln_profile_full_attn_stage full_attn_layer=2 stage=decode_attn_contiguous seq_len=1 start_pos=65 elapsed_ms=0.326
kiln_profile_full_attn_stage full_attn_layer=2 stage=attn_gate seq_len=1 start_pos=65 elapsed_ms=0.304
kiln_profile_full_attn_stage full_attn_layer=2 stage=o_proj seq_len=1 start_pos=65 elapsed_ms=0.728
kiln_profile_mlp_stage layer=11 stage=gate_up_fused seq_len=1 start_pos=65 elapsed_ms=1.827
kiln_profile_mlp_stage layer=11 stage=down_proj seq_len=1 start_pos=65 elapsed_ms=1.195
kiln_profile_gdn_stage layer=12 stage=in_proj seq_len=1 start_pos=65 elapsed_ms=1.444
kiln_profile_gdn_stage layer=12 stage=qkv_conv_norm seq_len=1 start_pos=65 elapsed_ms=0.379
kiln_profile_gdn_stage layer=12 stage=gates_recur_gated_norm seq_len=1 start_pos=65 elapsed_ms=0.368
kiln_profile_gdn_stage layer=12 stage=post_transpose seq_len=1 start_pos=65 elapsed_ms=0.001
kiln_profile_gdn_stage layer=12 stage=gated_norm seq_len=1 start_pos=65 elapsed_ms=0.005
kiln_profile_gdn_stage layer=12 stage=out_proj seq_len=1 start_pos=65 elapsed_ms=0.701
kiln_profile_mlp_stage layer=12 stage=gate_up_fused seq_len=1 start_pos=65 elapsed_ms=1.877
kiln_profile_mlp_stage layer=12 stage=down_proj seq_len=1 start_pos=65 elapsed_ms=1.226
kiln_profile_gdn_stage layer=13 stage=in_proj seq_len=1 start_pos=65 elapsed_ms=1.350
kiln_profile_gdn_stage layer=13 stage=qkv_conv_norm seq_len=1 start_pos=65 elapsed_ms=0.309
kiln_profile_gdn_stage layer=13 stage=gates_recur_gated_norm seq_len=1 start_pos=65 elapsed_ms=0.371
kiln_profile_gdn_stage layer=13 stage=post_transpose seq_len=1 start_pos=65 elapsed_ms=0.000
kiln_profile_gdn_stage layer=13 stage=gated_norm seq_len=1 start_pos=65 elapsed_ms=0.003
kiln_profile_gdn_stage layer=13 stage=out_proj seq_len=1 start_pos=65 elapsed_ms=0.842
kiln_profile_mlp_stage layer=13 stage=gate_up_fused seq_len=1 start_pos=65 elapsed_ms=2.031
kiln_profile_mlp_stage layer=13 stage=down_proj seq_len=1 start_pos=65 elapsed_ms=1.262
kiln_profile_gdn_stage layer=14 stage=in_proj seq_len=1 start_pos=65 elapsed_ms=1.378
kiln_profile_gdn_stage layer=14 stage=qkv_conv_norm seq_len=1 start_pos=65 elapsed_ms=0.386
kiln_profile_gdn_stage layer=14 stage=gates_recur_gated_norm seq_len=1 start_pos=65 elapsed_ms=0.354
kiln_profile_gdn_stage layer=14 stage=post_transpose seq_len=1 start_pos=65 elapsed_ms=0.003
kiln_profile_gdn_stage layer=14 stage=gated_norm seq_len=1 start_pos=65 elapsed_ms=0.004
kiln_profile_gdn_stage layer=14 stage=out_proj seq_len=1 start_pos=65 elapsed_ms=1.697
kiln_profile_mlp_stage layer=14 stage=gate_up_fused seq_len=1 start_pos=65 elapsed_ms=1.853
kiln_profile_mlp_stage layer=14 stage=down_proj seq_len=1 start_pos=65 elapsed_ms=1.090
kiln_profile_full_attn_stage full_attn_layer=3 stage=qkv_proj seq_len=1 start_pos=65 elapsed_ms=1.281
kiln_profile_full_attn_stage full_attn_layer=3 stage=qkv_split seq_len=1 start_pos=65 elapsed_ms=0.286
kiln_profile_full_attn_stage full_attn_layer=3 stage=qk_norm seq_len=1 start_pos=65 elapsed_ms=0.235
kiln_profile_full_attn_stage full_attn_layer=3 stage=rope seq_len=1 start_pos=65 elapsed_ms=0.305
kiln_profile_full_attn_stage full_attn_layer=3 stage=q_transpose seq_len=1 start_pos=65 elapsed_ms=0.005
kiln_profile_full_attn_stage full_attn_layer=3 stage=kv_write seq_len=1 start_pos=65 elapsed_ms=0.255
kiln_profile_full_attn_stage full_attn_layer=3 stage=decode_attn_contiguous seq_len=1 start_pos=65 elapsed_ms=0.296
kiln_profile_full_attn_stage full_attn_layer=3 stage=attn_gate seq_len=1 start_pos=65 elapsed_ms=0.271
kiln_profile_full_attn_stage full_attn_layer=3 stage=o_proj seq_len=1 start_pos=65 elapsed_ms=0.766
kiln_profile_mlp_stage layer=15 stage=gate_up_fused seq_len=1 start_pos=65 elapsed_ms=1.838
kiln_profile_mlp_stage layer=15 stage=down_proj seq_len=1 start_pos=65 elapsed_ms=1.184
kiln_profile_gdn_stage layer=16 stage=in_proj seq_len=1 start_pos=65 elapsed_ms=1.395
kiln_profile_gdn_stage layer=16 stage=qkv_conv_norm seq_len=1 start_pos=65 elapsed_ms=0.437
kiln_profile_gdn_stage layer=16 stage=gates_recur_gated_norm seq_len=1 start_pos=65 elapsed_ms=0.483
kiln_profile_gdn_stage layer=16 stage=post_transpose seq_len=1 start_pos=65 elapsed_ms=0.001
kiln_profile_gdn_stage layer=16 stage=gated_norm seq_len=1 start_pos=65 elapsed_ms=0.007
kiln_profile_gdn_stage layer=16 stage=out_proj seq_len=1 start_pos=65 elapsed_ms=0.897
kiln_profile_mlp_stage layer=16 stage=gate_up_fused seq_len=1 start_pos=65 elapsed_ms=1.846
kiln_profile_mlp_stage layer=16 stage=down_proj seq_len=1 start_pos=65 elapsed_ms=1.129
kiln_profile_gdn_stage layer=17 stage=in_proj seq_len=1 start_pos=65 elapsed_ms=1.324
kiln_profile_gdn_stage layer=17 stage=qkv_conv_norm seq_len=1 start_pos=65 elapsed_ms=0.316
kiln_profile_gdn_stage layer=17 stage=gates_recur_gated_norm seq_len=1 start_pos=65 elapsed_ms=0.426
kiln_profile_gdn_stage layer=17 stage=post_transpose seq_len=1 start_pos=65 elapsed_ms=0.001
kiln_profile_gdn_stage layer=17 stage=gated_norm seq_len=1 start_pos=65 elapsed_ms=0.002
kiln_profile_gdn_stage layer=17 stage=out_proj seq_len=1 start_pos=65 elapsed_ms=0.736
kiln_profile_mlp_stage layer=17 stage=gate_up_fused seq_len=1 start_pos=65 elapsed_ms=1.811
kiln_profile_mlp_stage layer=17 stage=down_proj seq_len=1 start_pos=65 elapsed_ms=1.185
kiln_profile_gdn_stage layer=18 stage=in_proj seq_len=1 start_pos=65 elapsed_ms=1.445
kiln_profile_gdn_stage layer=18 stage=qkv_conv_norm seq_len=1 start_pos=65 elapsed_ms=0.352
kiln_profile_gdn_stage layer=18 stage=gates_recur_gated_norm seq_len=1 start_pos=65 elapsed_ms=0.401
kiln_profile_gdn_stage layer=18 stage=post_transpose seq_len=1 start_pos=65 elapsed_ms=0.002
kiln_profile_gdn_stage layer=18 stage=gated_norm seq_len=1 start_pos=65 elapsed_ms=0.006
kiln_profile_gdn_stage layer=18 stage=out_proj seq_len=1 start_pos=65 elapsed_ms=0.842
kiln_profile_mlp_stage layer=18 stage=gate_up_fused seq_len=1 start_pos=65 elapsed_ms=2.994
kiln_profile_mlp_stage layer=18 stage=down_proj seq_len=1 start_pos=65 elapsed_ms=1.379
kiln_profile_full_attn_stage full_attn_layer=4 stage=qkv_proj seq_len=1 start_pos=65 elapsed_ms=1.419
kiln_profile_full_attn_stage full_attn_layer=4 stage=qkv_split seq_len=1 start_pos=65 elapsed_ms=0.337
kiln_profile_full_attn_stage full_attn_layer=4 stage=qk_norm seq_len=1 start_pos=65 elapsed_ms=0.282
kiln_profile_full_attn_stage full_attn_layer=4 stage=rope seq_len=1 start_pos=65 elapsed_ms=0.246
kiln_profile_full_attn_stage full_attn_layer=4 stage=q_transpose seq_len=1 start_pos=65 elapsed_ms=0.002
kiln_profile_full_attn_stage full_attn_layer=4 stage=kv_write seq_len=1 start_pos=65 elapsed_ms=0.250
kiln_profile_full_attn_stage full_attn_layer=4 stage=decode_attn_contiguous seq_len=1 start_pos=65 elapsed_ms=0.285
kiln_profile_full_attn_stage full_attn_layer=4 stage=attn_gate seq_len=1 start_pos=65 elapsed_ms=0.241
kiln_profile_full_attn_stage full_attn_layer=4 stage=o_proj seq_len=1 start_pos=65 elapsed_ms=0.802
kiln_profile_mlp_stage layer=19 stage=gate_up_fused seq_len=1 start_pos=65 elapsed_ms=1.967
kiln_profile_mlp_stage layer=19 stage=down_proj seq_len=1 start_pos=65 elapsed_ms=1.204
kiln_profile_gdn_stage layer=20 stage=in_proj seq_len=1 start_pos=65 elapsed_ms=1.488
kiln_profile_gdn_stage layer=20 stage=qkv_conv_norm seq_len=1 start_pos=65 elapsed_ms=0.329
kiln_profile_gdn_stage layer=20 stage=gates_recur_gated_norm seq_len=1 start_pos=65 elapsed_ms=0.348
kiln_profile_gdn_stage layer=20 stage=post_transpose seq_len=1 start_pos=65 elapsed_ms=0.002
kiln_profile_gdn_stage layer=20 stage=gated_norm seq_len=1 start_pos=65 elapsed_ms=0.007
kiln_profile_gdn_stage layer=20 stage=out_proj seq_len=1 start_pos=65 elapsed_ms=0.691
kiln_profile_mlp_stage layer=20 stage=gate_up_fused seq_len=1 start_pos=65 elapsed_ms=1.812
kiln_profile_mlp_stage layer=20 stage=down_proj seq_len=1 start_pos=65 elapsed_ms=1.181
kiln_profile_gdn_stage layer=21 stage=in_proj seq_len=1 start_pos=65 elapsed_ms=1.419
kiln_profile_gdn_stage layer=21 stage=qkv_conv_norm seq_len=1 start_pos=65 elapsed_ms=0.351
kiln_profile_gdn_stage layer=21 stage=gates_recur_gated_norm seq_len=1 start_pos=65 elapsed_ms=0.461
kiln_profile_gdn_stage layer=21 stage=post_transpose seq_len=1 start_pos=65 elapsed_ms=0.003
kiln_profile_gdn_stage layer=21 stage=gated_norm seq_len=1 start_pos=65 elapsed_ms=0.007
kiln_profile_gdn_stage layer=21 stage=out_proj seq_len=1 start_pos=65 elapsed_ms=0.745
kiln_profile_mlp_stage layer=21 stage=gate_up_fused seq_len=1 start_pos=65 elapsed_ms=1.850
kiln_profile_mlp_stage layer=21 stage=down_proj seq_len=1 start_pos=65 elapsed_ms=1.234
kiln_profile_gdn_stage layer=22 stage=in_proj seq_len=1 start_pos=65 elapsed_ms=1.554
kiln_profile_gdn_stage layer=22 stage=qkv_conv_norm seq_len=1 start_pos=65 elapsed_ms=0.352
kiln_profile_gdn_stage layer=22 stage=gates_recur_gated_norm seq_len=1 start_pos=65 elapsed_ms=0.407
kiln_profile_gdn_stage layer=22 stage=post_transpose seq_len=1 start_pos=65 elapsed_ms=0.001
kiln_profile_gdn_stage layer=22 stage=gated_norm seq_len=1 start_pos=65 elapsed_ms=0.003
kiln_profile_gdn_stage layer=22 stage=out_proj seq_len=1 start_pos=65 elapsed_ms=0.829
kiln_profile_mlp_stage layer=22 stage=gate_up_fused seq_len=1 start_pos=65 elapsed_ms=2.947
kiln_profile_mlp_stage layer=22 stage=down_proj seq_len=1 start_pos=65 elapsed_ms=1.324
kiln_profile_full_attn_stage full_attn_layer=5 stage=qkv_proj seq_len=1 start_pos=65 elapsed_ms=1.445
kiln_profile_full_attn_stage full_attn_layer=5 stage=qkv_split seq_len=1 start_pos=65 elapsed_ms=0.368
kiln_profile_full_attn_stage full_attn_layer=5 stage=qk_norm seq_len=1 start_pos=65 elapsed_ms=0.402
kiln_profile_full_attn_stage full_attn_layer=5 stage=rope seq_len=1 start_pos=65 elapsed_ms=0.345
kiln_profile_full_attn_stage full_attn_layer=5 stage=q_transpose seq_len=1 start_pos=65 elapsed_ms=0.006
kiln_profile_full_attn_stage full_attn_layer=5 stage=kv_write seq_len=1 start_pos=65 elapsed_ms=0.324
kiln_profile_full_attn_stage full_attn_layer=5 stage=decode_attn_contiguous seq_len=1 start_pos=65 elapsed_ms=0.400
kiln_profile_full_attn_stage full_attn_layer=5 stage=attn_gate seq_len=1 start_pos=65 elapsed_ms=0.352
kiln_profile_full_attn_stage full_attn_layer=5 stage=o_proj seq_len=1 start_pos=65 elapsed_ms=0.908
kiln_profile_mlp_stage layer=23 stage=gate_up_fused seq_len=1 start_pos=65 elapsed_ms=1.842
kiln_profile_mlp_stage layer=23 stage=down_proj seq_len=1 start_pos=65 elapsed_ms=1.207
kiln_profile_gdn_stage layer=24 stage=in_proj seq_len=1 start_pos=65 elapsed_ms=1.511
kiln_profile_gdn_stage layer=24 stage=qkv_conv_norm seq_len=1 start_pos=65 elapsed_ms=0.401
kiln_profile_gdn_stage layer=24 stage=gates_recur_gated_norm seq_len=1 start_pos=65 elapsed_ms=0.484
kiln_profile_gdn_stage layer=24 stage=post_transpose seq_len=1 start_pos=65 elapsed_ms=0.003
kiln_profile_gdn_stage layer=24 stage=gated_norm seq_len=1 start_pos=65 elapsed_ms=0.006
kiln_profile_gdn_stage layer=24 stage=out_proj seq_len=1 start_pos=65 elapsed_ms=0.899
kiln_profile_mlp_stage layer=24 stage=gate_up_fused seq_len=1 start_pos=65 elapsed_ms=2.026
kiln_profile_mlp_stage layer=24 stage=down_proj seq_len=1 start_pos=65 elapsed_ms=1.338
kiln_profile_gdn_stage layer=25 stage=in_proj seq_len=1 start_pos=65 elapsed_ms=1.580
kiln_profile_gdn_stage layer=25 stage=qkv_conv_norm seq_len=1 start_pos=65 elapsed_ms=0.384
kiln_profile_gdn_stage layer=25 stage=gates_recur_gated_norm seq_len=1 start_pos=65 elapsed_ms=0.482
kiln_profile_gdn_stage layer=25 stage=post_transpose seq_len=1 start_pos=65 elapsed_ms=0.001
kiln_profile_gdn_stage layer=25 stage=gated_norm seq_len=1 start_pos=65 elapsed_ms=0.004
kiln_profile_gdn_stage layer=25 stage=out_proj seq_len=1 start_pos=65 elapsed_ms=0.959
kiln_profile_mlp_stage layer=25 stage=gate_up_fused seq_len=1 start_pos=65 elapsed_ms=2.299
kiln_profile_mlp_stage layer=25 stage=down_proj seq_len=1 start_pos=65 elapsed_ms=1.208
kiln_profile_gdn_stage layer=26 stage=in_proj seq_len=1 start_pos=65 elapsed_ms=2.903
kiln_profile_gdn_stage layer=26 stage=qkv_conv_norm seq_len=1 start_pos=65 elapsed_ms=0.540
kiln_profile_gdn_stage layer=26 stage=gates_recur_gated_norm seq_len=1 start_pos=65 elapsed_ms=0.463
kiln_profile_gdn_stage layer=26 stage=post_transpose seq_len=1 start_pos=65 elapsed_ms=0.000
kiln_profile_gdn_stage layer=26 stage=gated_norm seq_len=1 start_pos=65 elapsed_ms=0.003
kiln_profile_gdn_stage layer=26 stage=out_proj seq_len=1 start_pos=65 elapsed_ms=0.794
kiln_profile_mlp_stage layer=26 stage=gate_up_fused seq_len=1 start_pos=65 elapsed_ms=1.861
kiln_profile_mlp_stage layer=26 stage=down_proj seq_len=1 start_pos=65 elapsed_ms=1.192
kiln_profile_full_attn_stage full_attn_layer=6 stage=qkv_proj seq_len=1 start_pos=65 elapsed_ms=1.372
kiln_profile_full_attn_stage full_attn_layer=6 stage=qkv_split seq_len=1 start_pos=65 elapsed_ms=0.334
kiln_profile_full_attn_stage full_attn_layer=6 stage=qk_norm seq_len=1 start_pos=65 elapsed_ms=0.274
kiln_profile_full_attn_stage full_attn_layer=6 stage=rope seq_len=1 start_pos=65 elapsed_ms=0.264
kiln_profile_full_attn_stage full_attn_layer=6 stage=q_transpose seq_len=1 start_pos=65 elapsed_ms=0.006
kiln_profile_full_attn_stage full_attn_layer=6 stage=kv_write seq_len=1 start_pos=65 elapsed_ms=0.244
kiln_profile_full_attn_stage full_attn_layer=6 stage=decode_attn_contiguous seq_len=1 start_pos=65 elapsed_ms=0.311
kiln_profile_full_attn_stage full_attn_layer=6 stage=attn_gate seq_len=1 start_pos=65 elapsed_ms=0.278
kiln_profile_full_attn_stage full_attn_layer=6 stage=o_proj seq_len=1 start_pos=65 elapsed_ms=0.943
kiln_profile_mlp_stage layer=27 stage=gate_up_fused seq_len=1 start_pos=65 elapsed_ms=2.454
kiln_profile_mlp_stage layer=27 stage=down_proj seq_len=1 start_pos=65 elapsed_ms=1.384
kiln_profile_gdn_stage layer=28 stage=in_proj seq_len=1 start_pos=65 elapsed_ms=1.879
kiln_profile_gdn_stage layer=28 stage=qkv_conv_norm seq_len=1 start_pos=65 elapsed_ms=0.487
kiln_profile_gdn_stage layer=28 stage=gates_recur_gated_norm seq_len=1 start_pos=65 elapsed_ms=0.498
kiln_profile_gdn_stage layer=28 stage=post_transpose seq_len=1 start_pos=65 elapsed_ms=0.002
kiln_profile_gdn_stage layer=28 stage=gated_norm seq_len=1 start_pos=65 elapsed_ms=0.009
kiln_profile_gdn_stage layer=28 stage=out_proj seq_len=1 start_pos=65 elapsed_ms=0.896
kiln_profile_mlp_stage layer=28 stage=gate_up_fused seq_len=1 start_pos=65 elapsed_ms=2.463
kiln_profile_mlp_stage layer=28 stage=down_proj seq_len=1 start_pos=65 elapsed_ms=1.457
kiln_profile_gdn_stage layer=29 stage=in_proj seq_len=1 start_pos=65 elapsed_ms=1.868
kiln_profile_gdn_stage layer=29 stage=qkv_conv_norm seq_len=1 start_pos=65 elapsed_ms=0.444
kiln_profile_gdn_stage layer=29 stage=gates_recur_gated_norm seq_len=1 start_pos=65 elapsed_ms=0.546
kiln_profile_gdn_stage layer=29 stage=post_transpose seq_len=1 start_pos=65 elapsed_ms=0.001
kiln_profile_gdn_stage layer=29 stage=gated_norm seq_len=1 start_pos=65 elapsed_ms=0.006
kiln_profile_gdn_stage layer=29 stage=out_proj seq_len=1 start_pos=65 elapsed_ms=0.952
kiln_profile_mlp_stage layer=29 stage=gate_up_fused seq_len=1 start_pos=65 elapsed_ms=3.357
kiln_profile_mlp_stage layer=29 stage=down_proj seq_len=1 start_pos=65 elapsed_ms=2.414
kiln_profile_gdn_stage layer=30 stage=in_proj seq_len=1 start_pos=65 elapsed_ms=1.570
kiln_profile_gdn_stage layer=30 stage=qkv_conv_norm seq_len=1 start_pos=65 elapsed_ms=0.394
kiln_profile_gdn_stage layer=30 stage=gates_recur_gated_norm seq_len=1 start_pos=65 elapsed_ms=0.469
kiln_profile_gdn_stage layer=30 stage=post_transpose seq_len=1 start_pos=65 elapsed_ms=0.002
kiln_profile_gdn_stage layer=30 stage=gated_norm seq_len=1 start_pos=65 elapsed_ms=0.006
kiln_profile_gdn_stage layer=30 stage=out_proj seq_len=1 start_pos=65 elapsed_ms=0.898
kiln_profile_mlp_stage layer=30 stage=gate_up_fused seq_len=1 start_pos=65 elapsed_ms=2.177
kiln_profile_mlp_stage layer=30 stage=down_proj seq_len=1 start_pos=65 elapsed_ms=1.265
kiln_profile_full_attn_stage full_attn_layer=7 stage=qkv_proj seq_len=1 start_pos=65 elapsed_ms=1.372
kiln_profile_full_attn_stage full_attn_layer=7 stage=qkv_split seq_len=1 start_pos=65 elapsed_ms=0.366
kiln_profile_full_attn_stage full_attn_layer=7 stage=qk_norm seq_len=1 start_pos=65 elapsed_ms=0.351
kiln_profile_full_attn_stage full_attn_layer=7 stage=rope seq_len=1 start_pos=65 elapsed_ms=0.347
kiln_profile_full_attn_stage full_attn_layer=7 stage=q_transpose seq_len=1 start_pos=65 elapsed_ms=0.006
kiln_profile_full_attn_stage full_attn_layer=7 stage=kv_write seq_len=1 start_pos=65 elapsed_ms=0.317
kiln_profile_full_attn_stage full_attn_layer=7 stage=decode_attn_contiguous seq_len=1 start_pos=65 elapsed_ms=0.409
kiln_profile_full_attn_stage full_attn_layer=7 stage=attn_gate seq_len=1 start_pos=65 elapsed_ms=0.418
kiln_profile_full_attn_stage full_attn_layer=7 stage=o_proj seq_len=1 start_pos=65 elapsed_ms=1.126
kiln_profile_mlp_stage layer=31 stage=gate_up_fused seq_len=1 start_pos=65 elapsed_ms=2.535
kiln_profile_mlp_stage layer=31 stage=down_proj seq_len=1 start_pos=65 elapsed_ms=1.419
kiln_profile_gdn_stage layer=0 stage=in_proj seq_len=1 start_pos=66 elapsed_ms=1.480
kiln_profile_gdn_stage layer=0 stage=qkv_conv_norm seq_len=1 start_pos=66 elapsed_ms=0.380
kiln_profile_gdn_stage layer=0 stage=gates_recur_gated_norm seq_len=1 start_pos=66 elapsed_ms=0.392
kiln_profile_gdn_stage layer=0 stage=post_transpose seq_len=1 start_pos=66 elapsed_ms=0.001
kiln_profile_gdn_stage layer=0 stage=gated_norm seq_len=1 start_pos=66 elapsed_ms=0.003
kiln_profile_gdn_stage layer=0 stage=out_proj seq_len=1 start_pos=66 elapsed_ms=0.742
kiln_profile_mlp_stage layer=0 stage=gate_up_fused seq_len=1 start_pos=66 elapsed_ms=1.812
kiln_profile_mlp_stage layer=0 stage=down_proj seq_len=1 start_pos=66 elapsed_ms=1.257
kiln_profile_gdn_stage layer=1 stage=in_proj seq_len=1 start_pos=66 elapsed_ms=1.950
kiln_profile_gdn_stage layer=1 stage=qkv_conv_norm seq_len=1 start_pos=66 elapsed_ms=0.897
kiln_profile_gdn_stage layer=1 stage=gates_recur_gated_norm seq_len=1 start_pos=66 elapsed_ms=0.433
kiln_profile_gdn_stage layer=1 stage=post_transpose seq_len=1 start_pos=66 elapsed_ms=0.000
kiln_profile_gdn_stage layer=1 stage=gated_norm seq_len=1 start_pos=66 elapsed_ms=0.004
kiln_profile_gdn_stage layer=1 stage=out_proj seq_len=1 start_pos=66 elapsed_ms=0.720
kiln_profile_mlp_stage layer=1 stage=gate_up_fused seq_len=1 start_pos=66 elapsed_ms=1.969
kiln_profile_mlp_stage layer=1 stage=down_proj seq_len=1 start_pos=66 elapsed_ms=1.363
kiln_profile_gdn_stage layer=2 stage=in_proj seq_len=1 start_pos=66 elapsed_ms=1.442
kiln_profile_gdn_stage layer=2 stage=qkv_conv_norm seq_len=1 start_pos=66 elapsed_ms=0.366
kiln_profile_gdn_stage layer=2 stage=gates_recur_gated_norm seq_len=1 start_pos=66 elapsed_ms=0.349
kiln_profile_gdn_stage layer=2 stage=post_transpose seq_len=1 start_pos=66 elapsed_ms=0.002
kiln_profile_gdn_stage layer=2 stage=gated_norm seq_len=1 start_pos=66 elapsed_ms=0.003
kiln_profile_gdn_stage layer=2 stage=out_proj seq_len=1 start_pos=66 elapsed_ms=0.712
kiln_profile_mlp_stage layer=2 stage=gate_up_fused seq_len=1 start_pos=66 elapsed_ms=1.887
kiln_profile_mlp_stage layer=2 stage=down_proj seq_len=1 start_pos=66 elapsed_ms=1.333
kiln_profile_full_attn_stage full_attn_layer=0 stage=qkv_proj seq_len=1 start_pos=66 elapsed_ms=1.323
kiln_profile_full_attn_stage full_attn_layer=0 stage=qkv_split seq_len=1 start_pos=66 elapsed_ms=0.302
kiln_profile_full_attn_stage full_attn_layer=0 stage=qk_norm seq_len=1 start_pos=66 elapsed_ms=0.220
kiln_profile_full_attn_stage full_attn_layer=0 stage=rope seq_len=1 start_pos=66 elapsed_ms=0.208
kiln_profile_full_attn_stage full_attn_layer=0 stage=q_transpose seq_len=1 start_pos=66 elapsed_ms=0.007
kiln_profile_full_attn_stage full_attn_layer=0 stage=kv_write seq_len=1 start_pos=66 elapsed_ms=0.186
kiln_profile_full_attn_stage full_attn_layer=0 stage=decode_attn_contiguous seq_len=1 start_pos=66 elapsed_ms=0.244
kiln_profile_full_attn_stage full_attn_layer=0 stage=attn_gate seq_len=1 start_pos=66 elapsed_ms=0.228
kiln_profile_full_attn_stage full_attn_layer=0 stage=o_proj seq_len=1 start_pos=66 elapsed_ms=0.731
kiln_profile_mlp_stage layer=3 stage=gate_up_fused seq_len=1 start_pos=66 elapsed_ms=1.863
kiln_profile_mlp_stage layer=3 stage=down_proj seq_len=1 start_pos=66 elapsed_ms=1.189
kiln_profile_gdn_stage layer=4 stage=in_proj seq_len=1 start_pos=66 elapsed_ms=1.384
kiln_profile_gdn_stage layer=4 stage=qkv_conv_norm seq_len=1 start_pos=66 elapsed_ms=0.344
kiln_profile_gdn_stage layer=4 stage=gates_recur_gated_norm seq_len=1 start_pos=66 elapsed_ms=0.384
kiln_profile_gdn_stage layer=4 stage=post_transpose seq_len=1 start_pos=66 elapsed_ms=0.003
kiln_profile_gdn_stage layer=4 stage=gated_norm seq_len=1 start_pos=66 elapsed_ms=0.004
kiln_profile_gdn_stage layer=4 stage=out_proj seq_len=1 start_pos=66 elapsed_ms=0.751
kiln_profile_mlp_stage layer=4 stage=gate_up_fused seq_len=1 start_pos=66 elapsed_ms=1.811
kiln_profile_mlp_stage layer=4 stage=down_proj seq_len=1 start_pos=66 elapsed_ms=1.133
kiln_profile_gdn_stage layer=5 stage=in_proj seq_len=1 start_pos=66 elapsed_ms=2.136
kiln_profile_gdn_stage layer=5 stage=qkv_conv_norm seq_len=1 start_pos=66 elapsed_ms=0.701
kiln_profile_gdn_stage layer=5 stage=gates_recur_gated_norm seq_len=1 start_pos=66 elapsed_ms=0.388
kiln_profile_gdn_stage layer=5 stage=post_transpose seq_len=1 start_pos=66 elapsed_ms=0.002
kiln_profile_gdn_stage layer=5 stage=gated_norm seq_len=1 start_pos=66 elapsed_ms=0.006
kiln_profile_gdn_stage layer=5 stage=out_proj seq_len=1 start_pos=66 elapsed_ms=0.919
kiln_profile_mlp_stage layer=5 stage=gate_up_fused seq_len=1 start_pos=66 elapsed_ms=1.955
kiln_profile_mlp_stage layer=5 stage=down_proj seq_len=1 start_pos=66 elapsed_ms=1.185
kiln_profile_gdn_stage layer=6 stage=in_proj seq_len=1 start_pos=66 elapsed_ms=1.362
kiln_profile_gdn_stage layer=6 stage=qkv_conv_norm seq_len=1 start_pos=66 elapsed_ms=0.317
kiln_profile_gdn_stage layer=6 stage=gates_recur_gated_norm seq_len=1 start_pos=66 elapsed_ms=0.408
kiln_profile_gdn_stage layer=6 stage=post_transpose seq_len=1 start_pos=66 elapsed_ms=0.001
kiln_profile_gdn_stage layer=6 stage=gated_norm seq_len=1 start_pos=66 elapsed_ms=0.003
kiln_profile_gdn_stage layer=6 stage=out_proj seq_len=1 start_pos=66 elapsed_ms=0.713
kiln_profile_mlp_stage layer=6 stage=gate_up_fused seq_len=1 start_pos=66 elapsed_ms=1.881
kiln_profile_mlp_stage layer=6 stage=down_proj seq_len=1 start_pos=66 elapsed_ms=1.182
kiln_profile_full_attn_stage full_attn_layer=1 stage=qkv_proj seq_len=1 start_pos=66 elapsed_ms=1.421
kiln_profile_full_attn_stage full_attn_layer=1 stage=qkv_split seq_len=1 start_pos=66 elapsed_ms=0.394
kiln_profile_full_attn_stage full_attn_layer=1 stage=qk_norm seq_len=1 start_pos=66 elapsed_ms=0.327
kiln_profile_full_attn_stage full_attn_layer=1 stage=rope seq_len=1 start_pos=66 elapsed_ms=0.291
kiln_profile_full_attn_stage full_attn_layer=1 stage=q_transpose seq_len=1 start_pos=66 elapsed_ms=0.003
kiln_profile_full_attn_stage full_attn_layer=1 stage=kv_write seq_len=1 start_pos=66 elapsed_ms=0.282
kiln_profile_full_attn_stage full_attn_layer=1 stage=decode_attn_contiguous seq_len=1 start_pos=66 elapsed_ms=0.307
kiln_profile_full_attn_stage full_attn_layer=1 stage=attn_gate seq_len=1 start_pos=66 elapsed_ms=0.262
kiln_profile_full_attn_stage full_attn_layer=1 stage=o_proj seq_len=1 start_pos=66 elapsed_ms=0.659
kiln_profile_mlp_stage layer=7 stage=gate_up_fused seq_len=1 start_pos=66 elapsed_ms=1.801
kiln_profile_mlp_stage layer=7 stage=down_proj seq_len=1 start_pos=66 elapsed_ms=1.167
kiln_profile_gdn_stage layer=8 stage=in_proj seq_len=1 start_pos=66 elapsed_ms=1.345
kiln_profile_gdn_stage layer=8 stage=qkv_conv_norm seq_len=1 start_pos=66 elapsed_ms=0.312
kiln_profile_gdn_stage layer=8 stage=gates_recur_gated_norm seq_len=1 start_pos=66 elapsed_ms=0.360
kiln_profile_gdn_stage layer=8 stage=post_transpose seq_len=1 start_pos=66 elapsed_ms=0.001
kiln_profile_gdn_stage layer=8 stage=gated_norm seq_len=1 start_pos=66 elapsed_ms=0.003
kiln_profile_gdn_stage layer=8 stage=out_proj seq_len=1 start_pos=66 elapsed_ms=0.707
kiln_profile_mlp_stage layer=8 stage=gate_up_fused seq_len=1 start_pos=66 elapsed_ms=1.806
kiln_profile_mlp_stage layer=8 stage=down_proj seq_len=1 start_pos=66 elapsed_ms=1.143
kiln_profile_gdn_stage layer=9 stage=in_proj seq_len=1 start_pos=66 elapsed_ms=1.401
kiln_profile_gdn_stage layer=9 stage=qkv_conv_norm seq_len=1 start_pos=66 elapsed_ms=0.344
kiln_profile_gdn_stage layer=9 stage=gates_recur_gated_norm seq_len=1 start_pos=66 elapsed_ms=0.394
kiln_profile_gdn_stage layer=9 stage=post_transpose seq_len=1 start_pos=66 elapsed_ms=0.003
kiln_profile_gdn_stage layer=9 stage=gated_norm seq_len=1 start_pos=66 elapsed_ms=0.004
kiln_profile_gdn_stage layer=9 stage=out_proj seq_len=1 start_pos=66 elapsed_ms=1.569
kiln_profile_mlp_stage layer=9 stage=gate_up_fused seq_len=1 start_pos=66 elapsed_ms=1.938
kiln_profile_mlp_stage layer=9 stage=down_proj seq_len=1 start_pos=66 elapsed_ms=1.220
kiln_profile_gdn_stage layer=10 stage=in_proj seq_len=1 start_pos=66 elapsed_ms=1.400
kiln_profile_gdn_stage layer=10 stage=qkv_conv_norm seq_len=1 start_pos=66 elapsed_ms=0.366
kiln_profile_gdn_stage layer=10 stage=gates_recur_gated_norm seq_len=1 start_pos=66 elapsed_ms=0.426
kiln_profile_gdn_stage layer=10 stage=post_transpose seq_len=1 start_pos=66 elapsed_ms=0.001
kiln_profile_gdn_stage layer=10 stage=gated_norm seq_len=1 start_pos=66 elapsed_ms=0.009
kiln_profile_gdn_stage layer=10 stage=out_proj seq_len=1 start_pos=66 elapsed_ms=0.740
kiln_profile_mlp_stage layer=10 stage=gate_up_fused seq_len=1 start_pos=66 elapsed_ms=1.852
kiln_profile_mlp_stage layer=10 stage=down_proj seq_len=1 start_pos=66 elapsed_ms=1.178
kiln_profile_full_attn_stage full_attn_layer=2 stage=qkv_proj seq_len=1 start_pos=66 elapsed_ms=1.366
kiln_profile_full_attn_stage full_attn_layer=2 stage=qkv_split seq_len=1 start_pos=66 elapsed_ms=0.359
kiln_profile_full_attn_stage full_attn_layer=2 stage=qk_norm seq_len=1 start_pos=66 elapsed_ms=0.323
kiln_profile_full_attn_stage full_attn_layer=2 stage=rope seq_len=1 start_pos=66 elapsed_ms=0.339
kiln_profile_full_attn_stage full_attn_layer=2 stage=q_transpose seq_len=1 start_pos=66 elapsed_ms=0.003
kiln_profile_full_attn_stage full_attn_layer=2 stage=kv_write seq_len=1 start_pos=66 elapsed_ms=0.291
kiln_profile_full_attn_stage full_attn_layer=2 stage=decode_attn_contiguous seq_len=1 start_pos=66 elapsed_ms=0.346
kiln_profile_full_attn_stage full_attn_layer=2 stage=attn_gate seq_len=1 start_pos=66 elapsed_ms=0.292
kiln_profile_full_attn_stage full_attn_layer=2 stage=o_proj seq_len=1 start_pos=66 elapsed_ms=0.695
kiln_profile_mlp_stage layer=11 stage=gate_up_fused seq_len=1 start_pos=66 elapsed_ms=1.945
kiln_profile_mlp_stage layer=11 stage=down_proj seq_len=1 start_pos=66 elapsed_ms=1.182
kiln_profile_gdn_stage layer=12 stage=in_proj seq_len=1 start_pos=66 elapsed_ms=1.504
kiln_profile_gdn_stage layer=12 stage=qkv_conv_norm seq_len=1 start_pos=66 elapsed_ms=0.393
kiln_profile_gdn_stage layer=12 stage=gates_recur_gated_norm seq_len=1 start_pos=66 elapsed_ms=0.415
kiln_profile_gdn_stage layer=12 stage=post_transpose seq_len=1 start_pos=66 elapsed_ms=0.002
kiln_profile_gdn_stage layer=12 stage=gated_norm seq_len=1 start_pos=66 elapsed_ms=0.006
kiln_profile_gdn_stage layer=12 stage=out_proj seq_len=1 start_pos=66 elapsed_ms=0.989
kiln_profile_mlp_stage layer=12 stage=gate_up_fused seq_len=1 start_pos=66 elapsed_ms=4.509
kiln_profile_mlp_stage layer=12 stage=down_proj seq_len=1 start_pos=66 elapsed_ms=1.874
kiln_profile_gdn_stage layer=13 stage=in_proj seq_len=1 start_pos=66 elapsed_ms=1.564
kiln_profile_gdn_stage layer=13 stage=qkv_conv_norm seq_len=1 start_pos=66 elapsed_ms=0.363
kiln_profile_gdn_stage layer=13 stage=gates_recur_gated_norm seq_len=1 start_pos=66 elapsed_ms=0.401
kiln_profile_gdn_stage layer=13 stage=post_transpose seq_len=1 start_pos=66 elapsed_ms=0.001
kiln_profile_gdn_stage layer=13 stage=gated_norm seq_len=1 start_pos=66 elapsed_ms=0.004
kiln_profile_gdn_stage layer=13 stage=out_proj seq_len=1 start_pos=66 elapsed_ms=0.820
kiln_profile_mlp_stage layer=13 stage=gate_up_fused seq_len=1 start_pos=66 elapsed_ms=1.956
kiln_profile_mlp_stage layer=13 stage=down_proj seq_len=1 start_pos=66 elapsed_ms=1.271
kiln_profile_gdn_stage layer=14 stage=in_proj seq_len=1 start_pos=66 elapsed_ms=1.397
kiln_profile_gdn_stage layer=14 stage=qkv_conv_norm seq_len=1 start_pos=66 elapsed_ms=0.316
kiln_profile_gdn_stage layer=14 stage=gates_recur_gated_norm seq_len=1 start_pos=66 elapsed_ms=0.339
kiln_profile_gdn_stage layer=14 stage=post_transpose seq_len=1 start_pos=66 elapsed_ms=0.001
kiln_profile_gdn_stage layer=14 stage=gated_norm seq_len=1 start_pos=66 elapsed_ms=0.006
kiln_profile_gdn_stage layer=14 stage=out_proj seq_len=1 start_pos=66 elapsed_ms=0.752
kiln_profile_mlp_stage layer=14 stage=gate_up_fused seq_len=1 start_pos=66 elapsed_ms=2.090
kiln_profile_mlp_stage layer=14 stage=down_proj seq_len=1 start_pos=66 elapsed_ms=1.210
kiln_profile_full_attn_stage full_attn_layer=3 stage=qkv_proj seq_len=1 start_pos=66 elapsed_ms=1.401
kiln_profile_full_attn_stage full_attn_layer=3 stage=qkv_split seq_len=1 start_pos=66 elapsed_ms=0.357
kiln_profile_full_attn_stage full_attn_layer=3 stage=qk_norm seq_len=1 start_pos=66 elapsed_ms=0.249
kiln_profile_full_attn_stage full_attn_layer=3 stage=rope seq_len=1 start_pos=66 elapsed_ms=0.217
kiln_profile_full_attn_stage full_attn_layer=3 stage=q_transpose seq_len=1 start_pos=66 elapsed_ms=0.002
kiln_profile_full_attn_stage full_attn_layer=3 stage=kv_write seq_len=1 start_pos=66 elapsed_ms=0.211
kiln_profile_full_attn_stage full_attn_layer=3 stage=decode_attn_contiguous seq_len=1 start_pos=66 elapsed_ms=0.277
kiln_profile_full_attn_stage full_attn_layer=3 stage=attn_gate seq_len=1 start_pos=66 elapsed_ms=0.247
kiln_profile_full_attn_stage full_attn_layer=3 stage=o_proj seq_len=1 start_pos=66 elapsed_ms=0.811
kiln_profile_mlp_stage layer=15 stage=gate_up_fused seq_len=1 start_pos=66 elapsed_ms=1.840
kiln_profile_mlp_stage layer=15 stage=down_proj seq_len=1 start_pos=66 elapsed_ms=1.116
kiln_profile_gdn_stage layer=16 stage=in_proj seq_len=1 start_pos=66 elapsed_ms=1.429
kiln_profile_gdn_stage layer=16 stage=qkv_conv_norm seq_len=1 start_pos=66 elapsed_ms=0.258
kiln_profile_gdn_stage layer=16 stage=gates_recur_gated_norm seq_len=1 start_pos=66 elapsed_ms=0.356
kiln_profile_gdn_stage layer=16 stage=post_transpose seq_len=1 start_pos=66 elapsed_ms=0.000
kiln_profile_gdn_stage layer=16 stage=gated_norm seq_len=1 start_pos=66 elapsed_ms=0.002
kiln_profile_gdn_stage layer=16 stage=out_proj seq_len=1 start_pos=66 elapsed_ms=0.710
kiln_profile_mlp_stage layer=16 stage=gate_up_fused seq_len=1 start_pos=66 elapsed_ms=1.899
kiln_profile_mlp_stage layer=16 stage=down_proj seq_len=1 start_pos=66 elapsed_ms=1.279
kiln_profile_gdn_stage layer=17 stage=in_proj seq_len=1 start_pos=66 elapsed_ms=1.979
kiln_profile_gdn_stage layer=17 stage=qkv_conv_norm seq_len=1 start_pos=66 elapsed_ms=0.322
kiln_profile_gdn_stage layer=17 stage=gates_recur_gated_norm seq_len=1 start_pos=66 elapsed_ms=0.398
kiln_profile_gdn_stage layer=17 stage=post_transpose seq_len=1 start_pos=66 elapsed_ms=0.001
kiln_profile_gdn_stage layer=17 stage=gated_norm seq_len=1 start_pos=66 elapsed_ms=0.004
kiln_profile_gdn_stage layer=17 stage=out_proj seq_len=1 start_pos=66 elapsed_ms=0.714
kiln_profile_mlp_stage layer=17 stage=gate_up_fused seq_len=1 start_pos=66 elapsed_ms=1.836
kiln_profile_mlp_stage layer=17 stage=down_proj seq_len=1 start_pos=66 elapsed_ms=1.115
kiln_profile_gdn_stage layer=18 stage=in_proj seq_len=1 start_pos=66 elapsed_ms=1.621
kiln_profile_gdn_stage layer=18 stage=qkv_conv_norm seq_len=1 start_pos=66 elapsed_ms=0.386
kiln_profile_gdn_stage layer=18 stage=gates_recur_gated_norm seq_len=1 start_pos=66 elapsed_ms=0.350
kiln_profile_gdn_stage layer=18 stage=post_transpose seq_len=1 start_pos=66 elapsed_ms=0.001
kiln_profile_gdn_stage layer=18 stage=gated_norm seq_len=1 start_pos=66 elapsed_ms=0.003
kiln_profile_gdn_stage layer=18 stage=out_proj seq_len=1 start_pos=66 elapsed_ms=0.720
kiln_profile_mlp_stage layer=18 stage=gate_up_fused seq_len=1 start_pos=66 elapsed_ms=1.842
kiln_profile_mlp_stage layer=18 stage=down_proj seq_len=1 start_pos=66 elapsed_ms=1.316
kiln_profile_full_attn_stage full_attn_layer=4 stage=qkv_proj seq_len=1 start_pos=66 elapsed_ms=1.385
kiln_profile_full_attn_stage full_attn_layer=4 stage=qkv_split seq_len=1 start_pos=66 elapsed_ms=0.391
kiln_profile_full_attn_stage full_attn_layer=4 stage=qk_norm seq_len=1 start_pos=66 elapsed_ms=0.365
kiln_profile_full_attn_stage full_attn_layer=4 stage=rope seq_len=1 start_pos=66 elapsed_ms=0.371
kiln_profile_full_attn_stage full_attn_layer=4 stage=q_transpose seq_len=1 start_pos=66 elapsed_ms=0.003
kiln_profile_full_attn_stage full_attn_layer=4 stage=kv_write seq_len=1 start_pos=66 elapsed_ms=0.378
kiln_profile_full_attn_stage full_attn_layer=4 stage=decode_attn_contiguous seq_len=1 start_pos=66 elapsed_ms=0.411
kiln_profile_full_attn_stage full_attn_layer=4 stage=attn_gate seq_len=1 start_pos=66 elapsed_ms=0.361
kiln_profile_full_attn_stage full_attn_layer=4 stage=o_proj seq_len=1 start_pos=66 elapsed_ms=0.857
kiln_profile_mlp_stage layer=19 stage=gate_up_fused seq_len=1 start_pos=66 elapsed_ms=1.909
kiln_profile_mlp_stage layer=19 stage=down_proj seq_len=1 start_pos=66 elapsed_ms=1.239
kiln_profile_gdn_stage layer=20 stage=in_proj seq_len=1 start_pos=66 elapsed_ms=1.949
kiln_profile_gdn_stage layer=20 stage=qkv_conv_norm seq_len=1 start_pos=66 elapsed_ms=0.413
kiln_profile_gdn_stage layer=20 stage=gates_recur_gated_norm seq_len=1 start_pos=66 elapsed_ms=0.536
kiln_profile_gdn_stage layer=20 stage=post_transpose seq_len=1 start_pos=66 elapsed_ms=0.003
kiln_profile_gdn_stage layer=20 stage=gated_norm seq_len=1 start_pos=66 elapsed_ms=0.008
kiln_profile_gdn_stage layer=20 stage=out_proj seq_len=1 start_pos=66 elapsed_ms=0.921
kiln_profile_mlp_stage layer=20 stage=gate_up_fused seq_len=1 start_pos=66 elapsed_ms=2.002
kiln_profile_mlp_stage layer=20 stage=down_proj seq_len=1 start_pos=66 elapsed_ms=1.762
kiln_profile_gdn_stage layer=21 stage=in_proj seq_len=1 start_pos=66 elapsed_ms=1.601
kiln_profile_gdn_stage layer=21 stage=qkv_conv_norm seq_len=1 start_pos=66 elapsed_ms=0.475
kiln_profile_gdn_stage layer=21 stage=gates_recur_gated_norm seq_len=1 start_pos=66 elapsed_ms=0.437
kiln_profile_gdn_stage layer=21 stage=post_transpose seq_len=1 start_pos=66 elapsed_ms=0.001
kiln_profile_gdn_stage layer=21 stage=gated_norm seq_len=1 start_pos=66 elapsed_ms=0.004
kiln_profile_gdn_stage layer=21 stage=out_proj seq_len=1 start_pos=66 elapsed_ms=0.856
kiln_profile_mlp_stage layer=21 stage=gate_up_fused seq_len=1 start_pos=66 elapsed_ms=1.928
kiln_profile_mlp_stage layer=21 stage=down_proj seq_len=1 start_pos=66 elapsed_ms=1.283
kiln_profile_gdn_stage layer=22 stage=in_proj seq_len=1 start_pos=66 elapsed_ms=1.525
kiln_profile_gdn_stage layer=22 stage=qkv_conv_norm seq_len=1 start_pos=66 elapsed_ms=0.372
kiln_profile_gdn_stage layer=22 stage=gates_recur_gated_norm seq_len=1 start_pos=66 elapsed_ms=0.450
kiln_profile_gdn_stage layer=22 stage=post_transpose seq_len=1 start_pos=66 elapsed_ms=0.003
kiln_profile_gdn_stage layer=22 stage=gated_norm seq_len=1 start_pos=66 elapsed_ms=0.004
kiln_profile_gdn_stage layer=22 stage=out_proj seq_len=1 start_pos=66 elapsed_ms=0.823
kiln_profile_mlp_stage layer=22 stage=gate_up_fused seq_len=1 start_pos=66 elapsed_ms=2.011
kiln_profile_mlp_stage layer=22 stage=down_proj seq_len=1 start_pos=66 elapsed_ms=1.372
kiln_profile_full_attn_stage full_attn_layer=5 stage=qkv_proj seq_len=1 start_pos=66 elapsed_ms=1.336
kiln_profile_full_attn_stage full_attn_layer=5 stage=qkv_split seq_len=1 start_pos=66 elapsed_ms=0.311
kiln_profile_full_attn_stage full_attn_layer=5 stage=qk_norm seq_len=1 start_pos=66 elapsed_ms=0.231
kiln_profile_full_attn_stage full_attn_layer=5 stage=rope seq_len=1 start_pos=66 elapsed_ms=0.222
kiln_profile_full_attn_stage full_attn_layer=5 stage=q_transpose seq_len=1 start_pos=66 elapsed_ms=0.003
kiln_profile_full_attn_stage full_attn_layer=5 stage=kv_write seq_len=1 start_pos=66 elapsed_ms=0.207
kiln_profile_full_attn_stage full_attn_layer=5 stage=decode_attn_contiguous seq_len=1 start_pos=66 elapsed_ms=0.359
kiln_profile_full_attn_stage full_attn_layer=5 stage=attn_gate seq_len=1 start_pos=66 elapsed_ms=0.241
kiln_profile_full_attn_stage full_attn_layer=5 stage=o_proj seq_len=1 start_pos=66 elapsed_ms=0.795
kiln_profile_mlp_stage layer=23 stage=gate_up_fused seq_len=1 start_pos=66 elapsed_ms=1.814
kiln_profile_mlp_stage layer=23 stage=down_proj seq_len=1 start_pos=66 elapsed_ms=1.123
kiln_profile_gdn_stage layer=24 stage=in_proj seq_len=1 start_pos=66 elapsed_ms=1.383
kiln_profile_gdn_stage layer=24 stage=qkv_conv_norm seq_len=1 start_pos=66 elapsed_ms=0.306
kiln_profile_gdn_stage layer=24 stage=gates_recur_gated_norm seq_len=1 start_pos=66 elapsed_ms=0.386
kiln_profile_gdn_stage layer=24 stage=post_transpose seq_len=1 start_pos=66 elapsed_ms=0.003
kiln_profile_gdn_stage layer=24 stage=gated_norm seq_len=1 start_pos=66 elapsed_ms=0.003
kiln_profile_gdn_stage layer=24 stage=out_proj seq_len=1 start_pos=66 elapsed_ms=0.719
kiln_profile_mlp_stage layer=24 stage=gate_up_fused seq_len=1 start_pos=66 elapsed_ms=1.928
kiln_profile_mlp_stage layer=24 stage=down_proj seq_len=1 start_pos=66 elapsed_ms=2.899
kiln_profile_gdn_stage layer=25 stage=in_proj seq_len=1 start_pos=66 elapsed_ms=1.436
kiln_profile_gdn_stage layer=25 stage=qkv_conv_norm seq_len=1 start_pos=66 elapsed_ms=0.335
kiln_profile_gdn_stage layer=25 stage=gates_recur_gated_norm seq_len=1 start_pos=66 elapsed_ms=0.361
kiln_profile_gdn_stage layer=25 stage=post_transpose seq_len=1 start_pos=66 elapsed_ms=0.003
kiln_profile_gdn_stage layer=25 stage=gated_norm seq_len=1 start_pos=66 elapsed_ms=0.005
kiln_profile_gdn_stage layer=25 stage=out_proj seq_len=1 start_pos=66 elapsed_ms=0.714
kiln_profile_mlp_stage layer=25 stage=gate_up_fused seq_len=1 start_pos=66 elapsed_ms=1.903
kiln_profile_mlp_stage layer=25 stage=down_proj seq_len=1 start_pos=66 elapsed_ms=1.274
kiln_profile_gdn_stage layer=26 stage=in_proj seq_len=1 start_pos=66 elapsed_ms=1.531
kiln_profile_gdn_stage layer=26 stage=qkv_conv_norm seq_len=1 start_pos=66 elapsed_ms=0.379
kiln_profile_gdn_stage layer=26 stage=gates_recur_gated_norm seq_len=1 start_pos=66 elapsed_ms=0.419
kiln_profile_gdn_stage layer=26 stage=post_transpose seq_len=1 start_pos=66 elapsed_ms=0.001
kiln_profile_gdn_stage layer=26 stage=gated_norm seq_len=1 start_pos=66 elapsed_ms=0.004
kiln_profile_gdn_stage layer=26 stage=out_proj seq_len=1 start_pos=66 elapsed_ms=0.930
kiln_profile_mlp_stage layer=26 stage=gate_up_fused seq_len=1 start_pos=66 elapsed_ms=2.002
kiln_profile_mlp_stage layer=26 stage=down_proj seq_len=1 start_pos=66 elapsed_ms=1.236
kiln_profile_full_attn_stage full_attn_layer=6 stage=qkv_proj seq_len=1 start_pos=66 elapsed_ms=1.446
kiln_profile_full_attn_stage full_attn_layer=6 stage=qkv_split seq_len=1 start_pos=66 elapsed_ms=0.389
kiln_profile_full_attn_stage full_attn_layer=6 stage=qk_norm seq_len=1 start_pos=66 elapsed_ms=0.329
kiln_profile_full_attn_stage full_attn_layer=6 stage=rope seq_len=1 start_pos=66 elapsed_ms=0.302
kiln_profile_full_attn_stage full_attn_layer=6 stage=q_transpose seq_len=1 start_pos=66 elapsed_ms=0.003
kiln_profile_full_attn_stage full_attn_layer=6 stage=kv_write seq_len=1 start_pos=66 elapsed_ms=0.291
kiln_profile_full_attn_stage full_attn_layer=6 stage=decode_attn_contiguous seq_len=1 start_pos=66 elapsed_ms=0.330
kiln_profile_full_attn_stage full_attn_layer=6 stage=attn_gate seq_len=1 start_pos=66 elapsed_ms=0.306
kiln_profile_full_attn_stage full_attn_layer=6 stage=o_proj seq_len=1 start_pos=66 elapsed_ms=0.873
kiln_profile_mlp_stage layer=27 stage=gate_up_fused seq_len=1 start_pos=66 elapsed_ms=1.915
kiln_profile_mlp_stage layer=27 stage=down_proj seq_len=1 start_pos=66 elapsed_ms=1.165
kiln_profile_gdn_stage layer=28 stage=in_proj seq_len=1 start_pos=66 elapsed_ms=1.535
kiln_profile_gdn_stage layer=28 stage=qkv_conv_norm seq_len=1 start_pos=66 elapsed_ms=0.316
kiln_profile_gdn_stage layer=28 stage=gates_recur_gated_norm seq_len=1 start_pos=66 elapsed_ms=0.419
kiln_profile_gdn_stage layer=28 stage=post_transpose seq_len=1 start_pos=66 elapsed_ms=0.001
kiln_profile_gdn_stage layer=28 stage=gated_norm seq_len=1 start_pos=66 elapsed_ms=0.005
kiln_profile_gdn_stage layer=28 stage=out_proj seq_len=1 start_pos=66 elapsed_ms=0.724
kiln_profile_mlp_stage layer=28 stage=gate_up_fused seq_len=1 start_pos=66 elapsed_ms=3.975
kiln_profile_mlp_stage layer=28 stage=down_proj seq_len=1 start_pos=66 elapsed_ms=1.246
kiln_profile_gdn_stage layer=29 stage=in_proj seq_len=1 start_pos=66 elapsed_ms=1.595
kiln_profile_gdn_stage layer=29 stage=qkv_conv_norm seq_len=1 start_pos=66 elapsed_ms=0.304
kiln_profile_gdn_stage layer=29 stage=gates_recur_gated_norm seq_len=1 start_pos=66 elapsed_ms=0.417
kiln_profile_gdn_stage layer=29 stage=post_transpose seq_len=1 start_pos=66 elapsed_ms=0.001
kiln_profile_gdn_stage layer=29 stage=gated_norm seq_len=1 start_pos=66 elapsed_ms=0.005
kiln_profile_gdn_stage layer=29 stage=out_proj seq_len=1 start_pos=66 elapsed_ms=0.703
kiln_profile_mlp_stage layer=29 stage=gate_up_fused seq_len=1 start_pos=66 elapsed_ms=2.145
kiln_profile_mlp_stage layer=29 stage=down_proj seq_len=1 start_pos=66 elapsed_ms=1.175
kiln_profile_gdn_stage layer=30 stage=in_proj seq_len=1 start_pos=66 elapsed_ms=2.053
kiln_profile_gdn_stage layer=30 stage=qkv_conv_norm seq_len=1 start_pos=66 elapsed_ms=0.384
kiln_profile_gdn_stage layer=30 stage=gates_recur_gated_norm seq_len=1 start_pos=66 elapsed_ms=0.563
kiln_profile_gdn_stage layer=30 stage=post_transpose seq_len=1 start_pos=66 elapsed_ms=0.001
kiln_profile_gdn_stage layer=30 stage=gated_norm seq_len=1 start_pos=66 elapsed_ms=0.008
kiln_profile_gdn_stage layer=30 stage=out_proj seq_len=1 start_pos=66 elapsed_ms=0.943
kiln_profile_mlp_stage layer=30 stage=gate_up_fused seq_len=1 start_pos=66 elapsed_ms=2.550
kiln_profile_mlp_stage layer=30 stage=down_proj seq_len=1 start_pos=66 elapsed_ms=1.466
kiln_profile_full_attn_stage full_attn_layer=7 stage=qkv_proj seq_len=1 start_pos=66 elapsed_ms=1.607
kiln_profile_full_attn_stage full_attn_layer=7 stage=qkv_split seq_len=1 start_pos=66 elapsed_ms=0.495
kiln_profile_full_attn_stage full_attn_layer=7 stage=qk_norm seq_len=1 start_pos=66 elapsed_ms=0.439
kiln_profile_full_attn_stage full_attn_layer=7 stage=rope seq_len=1 start_pos=66 elapsed_ms=0.452
kiln_profile_full_attn_stage full_attn_layer=7 stage=q_transpose seq_len=1 start_pos=66 elapsed_ms=0.005
kiln_profile_full_attn_stage full_attn_layer=7 stage=kv_write seq_len=1 start_pos=66 elapsed_ms=0.375
kiln_profile_full_attn_stage full_attn_layer=7 stage=decode_attn_contiguous seq_len=1 start_pos=66 elapsed_ms=0.498
kiln_profile_full_attn_stage full_attn_layer=7 stage=attn_gate seq_len=1 start_pos=66 elapsed_ms=0.390
kiln_profile_full_attn_stage full_attn_layer=7 stage=o_proj seq_len=1 start_pos=66 elapsed_ms=1.088
kiln_profile_mlp_stage layer=31 stage=gate_up_fused seq_len=1 start_pos=66 elapsed_ms=2.561
kiln_profile_mlp_stage layer=31 stage=down_proj seq_len=1 start_pos=66 elapsed_ms=1.472
kiln_profile_gdn_stage layer=0 stage=in_proj seq_len=1 start_pos=67 elapsed_ms=1.972
kiln_profile_gdn_stage layer=0 stage=qkv_conv_norm seq_len=1 start_pos=67 elapsed_ms=0.331
kiln_profile_gdn_stage layer=0 stage=gates_recur_gated_norm seq_len=1 start_pos=67 elapsed_ms=0.338
kiln_profile_gdn_stage layer=0 stage=post_transpose seq_len=1 start_pos=67 elapsed_ms=0.000
kiln_profile_gdn_stage layer=0 stage=gated_norm seq_len=1 start_pos=67 elapsed_ms=0.005
kiln_profile_gdn_stage layer=0 stage=out_proj seq_len=1 start_pos=67 elapsed_ms=0.753
kiln_profile_mlp_stage layer=0 stage=gate_up_fused seq_len=1 start_pos=67 elapsed_ms=1.842
kiln_profile_mlp_stage layer=0 stage=down_proj seq_len=1 start_pos=67 elapsed_ms=1.224
kiln_profile_gdn_stage layer=1 stage=in_proj seq_len=1 start_pos=67 elapsed_ms=1.417
kiln_profile_gdn_stage layer=1 stage=qkv_conv_norm seq_len=1 start_pos=67 elapsed_ms=0.330
kiln_profile_gdn_stage layer=1 stage=gates_recur_gated_norm seq_len=1 start_pos=67 elapsed_ms=0.361
kiln_profile_gdn_stage layer=1 stage=post_transpose seq_len=1 start_pos=67 elapsed_ms=0.001
kiln_profile_gdn_stage layer=1 stage=gated_norm seq_len=1 start_pos=67 elapsed_ms=0.005
kiln_profile_gdn_stage layer=1 stage=out_proj seq_len=1 start_pos=67 elapsed_ms=0.709
kiln_profile_mlp_stage layer=1 stage=gate_up_fused seq_len=1 start_pos=67 elapsed_ms=1.865
kiln_profile_mlp_stage layer=1 stage=down_proj seq_len=1 start_pos=67 elapsed_ms=1.180
kiln_profile_gdn_stage layer=2 stage=in_proj seq_len=1 start_pos=67 elapsed_ms=1.379
kiln_profile_gdn_stage layer=2 stage=qkv_conv_norm seq_len=1 start_pos=67 elapsed_ms=0.366
kiln_profile_gdn_stage layer=2 stage=gates_recur_gated_norm seq_len=1 start_pos=67 elapsed_ms=0.401
kiln_profile_gdn_stage layer=2 stage=post_transpose seq_len=1 start_pos=67 elapsed_ms=0.002
kiln_profile_gdn_stage layer=2 stage=gated_norm seq_len=1 start_pos=67 elapsed_ms=0.004
kiln_profile_gdn_stage layer=2 stage=out_proj seq_len=1 start_pos=67 elapsed_ms=0.793
kiln_profile_mlp_stage layer=2 stage=gate_up_fused seq_len=1 start_pos=67 elapsed_ms=1.948
kiln_profile_mlp_stage layer=2 stage=down_proj seq_len=1 start_pos=67 elapsed_ms=1.204
kiln_profile_full_attn_stage full_attn_layer=0 stage=qkv_proj seq_len=1 start_pos=67 elapsed_ms=1.379
kiln_profile_full_attn_stage full_attn_layer=0 stage=qkv_split seq_len=1 start_pos=67 elapsed_ms=0.395
kiln_profile_full_attn_stage full_attn_layer=0 stage=qk_norm seq_len=1 start_pos=67 elapsed_ms=0.358
kiln_profile_full_attn_stage full_attn_layer=0 stage=rope seq_len=1 start_pos=67 elapsed_ms=0.310
kiln_profile_full_attn_stage full_attn_layer=0 stage=q_transpose seq_len=1 start_pos=67 elapsed_ms=0.010
kiln_profile_full_attn_stage full_attn_layer=0 stage=kv_write seq_len=1 start_pos=67 elapsed_ms=0.322
kiln_profile_full_attn_stage full_attn_layer=0 stage=decode_attn_contiguous seq_len=1 start_pos=67 elapsed_ms=0.337
kiln_profile_full_attn_stage full_attn_layer=0 stage=attn_gate seq_len=1 start_pos=67 elapsed_ms=0.272
kiln_profile_full_attn_stage full_attn_layer=0 stage=o_proj seq_len=1 start_pos=67 elapsed_ms=0.750
kiln_profile_mlp_stage layer=3 stage=gate_up_fused seq_len=1 start_pos=67 elapsed_ms=1.810
kiln_profile_mlp_stage layer=3 stage=down_proj seq_len=1 start_pos=67 elapsed_ms=1.111
kiln_profile_gdn_stage layer=4 stage=in_proj seq_len=1 start_pos=67 elapsed_ms=2.206
kiln_profile_gdn_stage layer=4 stage=qkv_conv_norm seq_len=1 start_pos=67 elapsed_ms=0.437
kiln_profile_gdn_stage layer=4 stage=gates_recur_gated_norm seq_len=1 start_pos=67 elapsed_ms=0.417
kiln_profile_gdn_stage layer=4 stage=post_transpose seq_len=1 start_pos=67 elapsed_ms=0.003
kiln_profile_gdn_stage layer=4 stage=gated_norm seq_len=1 start_pos=67 elapsed_ms=0.012
kiln_profile_gdn_stage layer=4 stage=out_proj seq_len=1 start_pos=67 elapsed_ms=0.800
kiln_profile_mlp_stage layer=4 stage=gate_up_fused seq_len=1 start_pos=67 elapsed_ms=1.870
kiln_profile_mlp_stage layer=4 stage=down_proj seq_len=1 start_pos=67 elapsed_ms=1.191
kiln_profile_gdn_stage layer=5 stage=in_proj seq_len=1 start_pos=67 elapsed_ms=1.449
kiln_profile_gdn_stage layer=5 stage=qkv_conv_norm seq_len=1 start_pos=67 elapsed_ms=0.312
kiln_profile_gdn_stage layer=5 stage=gates_recur_gated_norm seq_len=1 start_pos=67 elapsed_ms=0.337
kiln_profile_gdn_stage layer=5 stage=post_transpose seq_len=1 start_pos=67 elapsed_ms=0.001
kiln_profile_gdn_stage layer=5 stage=gated_norm seq_len=1 start_pos=67 elapsed_ms=0.003
kiln_profile_gdn_stage layer=5 stage=out_proj seq_len=1 start_pos=67 elapsed_ms=0.714
kiln_profile_mlp_stage layer=5 stage=gate_up_fused seq_len=1 start_pos=67 elapsed_ms=1.804
kiln_profile_mlp_stage layer=5 stage=down_proj seq_len=1 start_pos=67 elapsed_ms=1.132
kiln_profile_gdn_stage layer=6 stage=in_proj seq_len=1 start_pos=67 elapsed_ms=1.377
kiln_profile_gdn_stage layer=6 stage=qkv_conv_norm seq_len=1 start_pos=67 elapsed_ms=0.393
kiln_profile_gdn_stage layer=6 stage=gates_recur_gated_norm seq_len=1 start_pos=67 elapsed_ms=0.373
kiln_profile_gdn_stage layer=6 stage=post_transpose seq_len=1 start_pos=67 elapsed_ms=0.002
kiln_profile_gdn_stage layer=6 stage=gated_norm seq_len=1 start_pos=67 elapsed_ms=0.006
kiln_profile_gdn_stage layer=6 stage=out_proj seq_len=1 start_pos=67 elapsed_ms=0.700
kiln_profile_mlp_stage layer=6 stage=gate_up_fused seq_len=1 start_pos=67 elapsed_ms=1.924
kiln_profile_mlp_stage layer=6 stage=down_proj seq_len=1 start_pos=67 elapsed_ms=1.153
kiln_profile_full_attn_stage full_attn_layer=1 stage=qkv_proj seq_len=1 start_pos=67 elapsed_ms=1.289
kiln_profile_full_attn_stage full_attn_layer=1 stage=qkv_split seq_len=1 start_pos=67 elapsed_ms=0.304
kiln_profile_full_attn_stage full_attn_layer=1 stage=qk_norm seq_len=1 start_pos=67 elapsed_ms=0.261
kiln_profile_full_attn_stage full_attn_layer=1 stage=rope seq_len=1 start_pos=67 elapsed_ms=0.258
kiln_profile_full_attn_stage full_attn_layer=1 stage=q_transpose seq_len=1 start_pos=67 elapsed_ms=0.002
kiln_profile_full_attn_stage full_attn_layer=1 stage=kv_write seq_len=1 start_pos=67 elapsed_ms=0.276
kiln_profile_full_attn_stage full_attn_layer=1 stage=decode_attn_contiguous seq_len=1 start_pos=67 elapsed_ms=0.294
kiln_profile_full_attn_stage full_attn_layer=1 stage=attn_gate seq_len=1 start_pos=67 elapsed_ms=0.242
kiln_profile_full_attn_stage full_attn_layer=1 stage=o_proj seq_len=1 start_pos=67 elapsed_ms=0.691
kiln_profile_mlp_stage layer=7 stage=gate_up_fused seq_len=1 start_pos=67 elapsed_ms=1.899
kiln_profile_mlp_stage layer=7 stage=down_proj seq_len=1 start_pos=67 elapsed_ms=1.146
kiln_profile_gdn_stage layer=8 stage=in_proj seq_len=1 start_pos=67 elapsed_ms=1.362
kiln_profile_gdn_stage layer=8 stage=qkv_conv_norm seq_len=1 start_pos=67 elapsed_ms=0.468
kiln_profile_gdn_stage layer=8 stage=gates_recur_gated_norm seq_len=1 start_pos=67 elapsed_ms=0.480
kiln_profile_gdn_stage layer=8 stage=post_transpose seq_len=1 start_pos=67 elapsed_ms=0.000
kiln_profile_gdn_stage layer=8 stage=gated_norm seq_len=1 start_pos=67 elapsed_ms=0.003
kiln_profile_gdn_stage layer=8 stage=out_proj seq_len=1 start_pos=67 elapsed_ms=1.221
kiln_profile_mlp_stage layer=8 stage=gate_up_fused seq_len=1 start_pos=67 elapsed_ms=1.813
kiln_profile_mlp_stage layer=8 stage=down_proj seq_len=1 start_pos=67 elapsed_ms=1.148
kiln_profile_gdn_stage layer=9 stage=in_proj seq_len=1 start_pos=67 elapsed_ms=1.392
kiln_profile_gdn_stage layer=9 stage=qkv_conv_norm seq_len=1 start_pos=67 elapsed_ms=0.303
kiln_profile_gdn_stage layer=9 stage=gates_recur_gated_norm seq_len=1 start_pos=67 elapsed_ms=0.367
kiln_profile_gdn_stage layer=9 stage=post_transpose seq_len=1 start_pos=67 elapsed_ms=0.002
kiln_profile_gdn_stage layer=9 stage=gated_norm seq_len=1 start_pos=67 elapsed_ms=0.006
kiln_profile_gdn_stage layer=9 stage=out_proj seq_len=1 start_pos=67 elapsed_ms=0.704
kiln_profile_mlp_stage layer=9 stage=gate_up_fused seq_len=1 start_pos=67 elapsed_ms=1.832
kiln_profile_mlp_stage layer=9 stage=down_proj seq_len=1 start_pos=67 elapsed_ms=1.179
kiln_profile_gdn_stage layer=10 stage=in_proj seq_len=1 start_pos=67 elapsed_ms=1.450
kiln_profile_gdn_stage layer=10 stage=qkv_conv_norm seq_len=1 start_pos=67 elapsed_ms=0.370
kiln_profile_gdn_stage layer=10 stage=gates_recur_gated_norm seq_len=1 start_pos=67 elapsed_ms=0.390
kiln_profile_gdn_stage layer=10 stage=post_transpose seq_len=1 start_pos=67 elapsed_ms=0.001
kiln_profile_gdn_stage layer=10 stage=gated_norm seq_len=1 start_pos=67 elapsed_ms=0.004
kiln_profile_gdn_stage layer=10 stage=out_proj seq_len=1 start_pos=67 elapsed_ms=0.760
kiln_profile_mlp_stage layer=10 stage=gate_up_fused seq_len=1 start_pos=67 elapsed_ms=1.870
kiln_profile_mlp_stage layer=10 stage=down_proj seq_len=1 start_pos=67 elapsed_ms=1.233
kiln_profile_full_attn_stage full_attn_layer=2 stage=qkv_proj seq_len=1 start_pos=67 elapsed_ms=1.376
kiln_profile_full_attn_stage full_attn_layer=2 stage=qkv_split seq_len=1 start_pos=67 elapsed_ms=0.395
kiln_profile_full_attn_stage full_attn_layer=2 stage=qk_norm seq_len=1 start_pos=67 elapsed_ms=0.373
kiln_profile_full_attn_stage full_attn_layer=2 stage=rope seq_len=1 start_pos=67 elapsed_ms=0.299
kiln_profile_full_attn_stage full_attn_layer=2 stage=q_transpose seq_len=1 start_pos=67 elapsed_ms=0.004
kiln_profile_full_attn_stage full_attn_layer=2 stage=kv_write seq_len=1 start_pos=67 elapsed_ms=0.280
kiln_profile_full_attn_stage full_attn_layer=2 stage=decode_attn_contiguous seq_len=1 start_pos=67 elapsed_ms=0.306
kiln_profile_full_attn_stage full_attn_layer=2 stage=attn_gate seq_len=1 start_pos=67 elapsed_ms=0.285
kiln_profile_full_attn_stage full_attn_layer=2 stage=o_proj seq_len=1 start_pos=67 elapsed_ms=0.719
kiln_profile_mlp_stage layer=11 stage=gate_up_fused seq_len=1 start_pos=67 elapsed_ms=1.852
kiln_profile_mlp_stage layer=11 stage=down_proj seq_len=1 start_pos=67 elapsed_ms=1.119
kiln_profile_gdn_stage layer=12 stage=in_proj seq_len=1 start_pos=67 elapsed_ms=1.358
kiln_profile_gdn_stage layer=12 stage=qkv_conv_norm seq_len=1 start_pos=67 elapsed_ms=0.255
kiln_profile_gdn_stage layer=12 stage=gates_recur_gated_norm seq_len=1 start_pos=67 elapsed_ms=0.318
kiln_profile_gdn_stage layer=12 stage=post_transpose seq_len=1 start_pos=67 elapsed_ms=0.001
kiln_profile_gdn_stage layer=12 stage=gated_norm seq_len=1 start_pos=67 elapsed_ms=0.003
kiln_profile_gdn_stage layer=12 stage=out_proj seq_len=1 start_pos=67 elapsed_ms=0.688
kiln_profile_mlp_stage layer=12 stage=gate_up_fused seq_len=1 start_pos=67 elapsed_ms=2.663
kiln_profile_mlp_stage layer=12 stage=down_proj seq_len=1 start_pos=67 elapsed_ms=1.230
kiln_profile_gdn_stage layer=13 stage=in_proj seq_len=1 start_pos=67 elapsed_ms=1.384
kiln_profile_gdn_stage layer=13 stage=qkv_conv_norm seq_len=1 start_pos=67 elapsed_ms=0.396
kiln_profile_gdn_stage layer=13 stage=gates_recur_gated_norm seq_len=1 start_pos=67 elapsed_ms=0.437
kiln_profile_gdn_stage layer=13 stage=post_transpose seq_len=1 start_pos=67 elapsed_ms=0.001
kiln_profile_gdn_stage layer=13 stage=gated_norm seq_len=1 start_pos=67 elapsed_ms=0.006
kiln_profile_gdn_stage layer=13 stage=out_proj seq_len=1 start_pos=67 elapsed_ms=0.739
kiln_profile_mlp_stage layer=13 stage=gate_up_fused seq_len=1 start_pos=67 elapsed_ms=1.831
kiln_profile_mlp_stage layer=13 stage=down_proj seq_len=1 start_pos=67 elapsed_ms=1.207
kiln_profile_gdn_stage layer=14 stage=in_proj seq_len=1 start_pos=67 elapsed_ms=1.377
kiln_profile_gdn_stage layer=14 stage=qkv_conv_norm seq_len=1 start_pos=67 elapsed_ms=0.339
kiln_profile_gdn_stage layer=14 stage=gates_recur_gated_norm seq_len=1 start_pos=67 elapsed_ms=0.383
kiln_profile_gdn_stage layer=14 stage=post_transpose seq_len=1 start_pos=67 elapsed_ms=0.001
kiln_profile_gdn_stage layer=14 stage=gated_norm seq_len=1 start_pos=67 elapsed_ms=0.003
kiln_profile_gdn_stage layer=14 stage=out_proj seq_len=1 start_pos=67 elapsed_ms=0.721
kiln_profile_mlp_stage layer=14 stage=gate_up_fused seq_len=1 start_pos=67 elapsed_ms=1.831
kiln_profile_mlp_stage layer=14 stage=down_proj seq_len=1 start_pos=67 elapsed_ms=1.135
kiln_profile_full_attn_stage full_attn_layer=3 stage=qkv_proj seq_len=1 start_pos=67 elapsed_ms=1.337
kiln_profile_full_attn_stage full_attn_layer=3 stage=qkv_split seq_len=1 start_pos=67 elapsed_ms=0.291
kiln_profile_full_attn_stage full_attn_layer=3 stage=qk_norm seq_len=1 start_pos=67 elapsed_ms=0.267
kiln_profile_full_attn_stage full_attn_layer=3 stage=rope seq_len=1 start_pos=67 elapsed_ms=0.241
kiln_profile_full_attn_stage full_attn_layer=3 stage=q_transpose seq_len=1 start_pos=67 elapsed_ms=0.003
kiln_profile_full_attn_stage full_attn_layer=3 stage=kv_write seq_len=1 start_pos=67 elapsed_ms=0.258
kiln_profile_full_attn_stage full_attn_layer=3 stage=decode_attn_contiguous seq_len=1 start_pos=67 elapsed_ms=0.286
kiln_profile_full_attn_stage full_attn_layer=3 stage=attn_gate seq_len=1 start_pos=67 elapsed_ms=0.226
kiln_profile_full_attn_stage full_attn_layer=3 stage=o_proj seq_len=1 start_pos=67 elapsed_ms=0.670
kiln_profile_mlp_stage layer=15 stage=gate_up_fused seq_len=1 start_pos=67 elapsed_ms=1.942
kiln_profile_mlp_stage layer=15 stage=down_proj seq_len=1 start_pos=67 elapsed_ms=1.195
kiln_profile_gdn_stage layer=16 stage=in_proj seq_len=1 start_pos=67 elapsed_ms=1.594
kiln_profile_gdn_stage layer=16 stage=qkv_conv_norm seq_len=1 start_pos=67 elapsed_ms=0.350
kiln_profile_gdn_stage layer=16 stage=gates_recur_gated_norm seq_len=1 start_pos=67 elapsed_ms=0.350
kiln_profile_gdn_stage layer=16 stage=post_transpose seq_len=1 start_pos=67 elapsed_ms=0.001
kiln_profile_gdn_stage layer=16 stage=gated_norm seq_len=1 start_pos=67 elapsed_ms=0.005
kiln_profile_gdn_stage layer=16 stage=out_proj seq_len=1 start_pos=67 elapsed_ms=0.724
kiln_profile_mlp_stage layer=16 stage=gate_up_fused seq_len=1 start_pos=67 elapsed_ms=3.121
kiln_profile_mlp_stage layer=16 stage=down_proj seq_len=1 start_pos=67 elapsed_ms=1.317
kiln_profile_gdn_stage layer=17 stage=in_proj seq_len=1 start_pos=67 elapsed_ms=1.350
kiln_profile_gdn_stage layer=17 stage=qkv_conv_norm seq_len=1 start_pos=67 elapsed_ms=0.285
kiln_profile_gdn_stage layer=17 stage=gates_recur_gated_norm seq_len=1 start_pos=67 elapsed_ms=0.344
kiln_profile_gdn_stage layer=17 stage=post_transpose seq_len=1 start_pos=67 elapsed_ms=0.003
kiln_profile_gdn_stage layer=17 stage=gated_norm seq_len=1 start_pos=67 elapsed_ms=0.006
kiln_profile_gdn_stage layer=17 stage=out_proj seq_len=1 start_pos=67 elapsed_ms=0.688
kiln_profile_mlp_stage layer=17 stage=gate_up_fused seq_len=1 start_pos=67 elapsed_ms=1.842
kiln_profile_mlp_stage layer=17 stage=down_proj seq_len=1 start_pos=67 elapsed_ms=1.148
kiln_profile_gdn_stage layer=18 stage=in_proj seq_len=1 start_pos=67 elapsed_ms=1.323
kiln_profile_gdn_stage layer=18 stage=qkv_conv_norm seq_len=1 start_pos=67 elapsed_ms=0.304
kiln_profile_gdn_stage layer=18 stage=gates_recur_gated_norm seq_len=1 start_pos=67 elapsed_ms=0.374
kiln_profile_gdn_stage layer=18 stage=post_transpose seq_len=1 start_pos=67 elapsed_ms=0.000
kiln_profile_gdn_stage layer=18 stage=gated_norm seq_len=1 start_pos=67 elapsed_ms=0.002
kiln_profile_gdn_stage layer=18 stage=out_proj seq_len=1 start_pos=67 elapsed_ms=0.662
kiln_profile_mlp_stage layer=18 stage=gate_up_fused seq_len=1 start_pos=67 elapsed_ms=1.947
kiln_profile_mlp_stage layer=18 stage=down_proj seq_len=1 start_pos=67 elapsed_ms=1.297
kiln_profile_full_attn_stage full_attn_layer=4 stage=qkv_proj seq_len=1 start_pos=67 elapsed_ms=1.381
kiln_profile_full_attn_stage full_attn_layer=4 stage=qkv_split seq_len=1 start_pos=67 elapsed_ms=0.362
kiln_profile_full_attn_stage full_attn_layer=4 stage=qk_norm seq_len=1 start_pos=67 elapsed_ms=0.350
kiln_profile_full_attn_stage full_attn_layer=4 stage=rope seq_len=1 start_pos=67 elapsed_ms=0.318
kiln_profile_full_attn_stage full_attn_layer=4 stage=q_transpose seq_len=1 start_pos=67 elapsed_ms=0.010
kiln_profile_full_attn_stage full_attn_layer=4 stage=kv_write seq_len=1 start_pos=67 elapsed_ms=0.306
kiln_profile_full_attn_stage full_attn_layer=4 stage=decode_attn_contiguous seq_len=1 start_pos=67 elapsed_ms=0.356
kiln_profile_full_attn_stage full_attn_layer=4 stage=attn_gate seq_len=1 start_pos=67 elapsed_ms=0.315
kiln_profile_full_attn_stage full_attn_layer=4 stage=o_proj seq_len=1 start_pos=67 elapsed_ms=0.685
kiln_profile_mlp_stage layer=19 stage=gate_up_fused seq_len=1 start_pos=67 elapsed_ms=1.833
kiln_profile_mlp_stage layer=19 stage=down_proj seq_len=1 start_pos=67 elapsed_ms=1.148
kiln_profile_gdn_stage layer=20 stage=in_proj seq_len=1 start_pos=67 elapsed_ms=1.349
kiln_profile_gdn_stage layer=20 stage=qkv_conv_norm seq_len=1 start_pos=67 elapsed_ms=0.303
kiln_profile_gdn_stage layer=20 stage=gates_recur_gated_norm seq_len=1 start_pos=67 elapsed_ms=0.419
kiln_profile_gdn_stage layer=20 stage=post_transpose seq_len=1 start_pos=67 elapsed_ms=0.001
kiln_profile_gdn_stage layer=20 stage=gated_norm seq_len=1 start_pos=67 elapsed_ms=0.005
kiln_profile_gdn_stage layer=20 stage=out_proj seq_len=1 start_pos=67 elapsed_ms=0.703
kiln_profile_mlp_stage layer=20 stage=gate_up_fused seq_len=1 start_pos=67 elapsed_ms=1.848
kiln_profile_mlp_stage layer=20 stage=down_proj seq_len=1 start_pos=67 elapsed_ms=2.876
kiln_profile_gdn_stage layer=21 stage=in_proj seq_len=1 start_pos=67 elapsed_ms=1.372
kiln_profile_gdn_stage layer=21 stage=qkv_conv_norm seq_len=1 start_pos=67 elapsed_ms=0.301
kiln_profile_gdn_stage layer=21 stage=gates_recur_gated_norm seq_len=1 start_pos=67 elapsed_ms=0.386
kiln_profile_gdn_stage layer=21 stage=post_transpose seq_len=1 start_pos=67 elapsed_ms=0.003
kiln_profile_gdn_stage layer=21 stage=gated_norm seq_len=1 start_pos=67 elapsed_ms=0.005
kiln_profile_gdn_stage layer=21 stage=out_proj seq_len=1 start_pos=67 elapsed_ms=0.767
kiln_profile_mlp_stage layer=21 stage=gate_up_fused seq_len=1 start_pos=67 elapsed_ms=1.888
kiln_profile_mlp_stage layer=21 stage=down_proj seq_len=1 start_pos=67 elapsed_ms=1.219
kiln_profile_gdn_stage layer=22 stage=in_proj seq_len=1 start_pos=67 elapsed_ms=1.415
kiln_profile_gdn_stage layer=22 stage=qkv_conv_norm seq_len=1 start_pos=67 elapsed_ms=0.355
kiln_profile_gdn_stage layer=22 stage=gates_recur_gated_norm seq_len=1 start_pos=67 elapsed_ms=0.441
kiln_profile_gdn_stage layer=22 stage=post_transpose seq_len=1 start_pos=67 elapsed_ms=0.001
kiln_profile_gdn_stage layer=22 stage=gated_norm seq_len=1 start_pos=67 elapsed_ms=0.003
kiln_profile_gdn_stage layer=22 stage=out_proj seq_len=1 start_pos=67 elapsed_ms=0.974
kiln_profile_mlp_stage layer=22 stage=gate_up_fused seq_len=1 start_pos=67 elapsed_ms=1.899
kiln_profile_mlp_stage layer=22 stage=down_proj seq_len=1 start_pos=67 elapsed_ms=1.285
kiln_profile_full_attn_stage full_attn_layer=5 stage=qkv_proj seq_len=1 start_pos=67 elapsed_ms=1.390
kiln_profile_full_attn_stage full_attn_layer=5 stage=qkv_split seq_len=1 start_pos=67 elapsed_ms=0.368
kiln_profile_full_attn_stage full_attn_layer=5 stage=qk_norm seq_len=1 start_pos=67 elapsed_ms=0.254
kiln_profile_full_attn_stage full_attn_layer=5 stage=rope seq_len=1 start_pos=67 elapsed_ms=0.215
kiln_profile_full_attn_stage full_attn_layer=5 stage=q_transpose seq_len=1 start_pos=67 elapsed_ms=0.002
kiln_profile_full_attn_stage full_attn_layer=5 stage=kv_write seq_len=1 start_pos=67 elapsed_ms=0.216
kiln_profile_full_attn_stage full_attn_layer=5 stage=decode_attn_contiguous seq_len=1 start_pos=67 elapsed_ms=0.303
kiln_profile_full_attn_stage full_attn_layer=5 stage=attn_gate seq_len=1 start_pos=67 elapsed_ms=0.358
kiln_profile_full_attn_stage full_attn_layer=5 stage=o_proj seq_len=1 start_pos=67 elapsed_ms=0.897
kiln_profile_mlp_stage layer=23 stage=gate_up_fused seq_len=1 start_pos=67 elapsed_ms=1.981
kiln_profile_mlp_stage layer=23 stage=down_proj seq_len=1 start_pos=67 elapsed_ms=1.214
kiln_profile_gdn_stage layer=24 stage=in_proj seq_len=1 start_pos=67 elapsed_ms=1.459
kiln_profile_gdn_stage layer=24 stage=qkv_conv_norm seq_len=1 start_pos=67 elapsed_ms=0.234
kiln_profile_gdn_stage layer=24 stage=gates_recur_gated_norm seq_len=1 start_pos=67 elapsed_ms=0.320
kiln_profile_gdn_stage layer=24 stage=post_transpose seq_len=1 start_pos=67 elapsed_ms=0.000
kiln_profile_gdn_stage layer=24 stage=gated_norm seq_len=1 start_pos=67 elapsed_ms=0.002
kiln_profile_gdn_stage layer=24 stage=out_proj seq_len=1 start_pos=67 elapsed_ms=0.701
kiln_profile_mlp_stage layer=24 stage=gate_up_fused seq_len=1 start_pos=67 elapsed_ms=2.215
kiln_profile_mlp_stage layer=24 stage=down_proj seq_len=1 start_pos=67 elapsed_ms=1.942
kiln_profile_gdn_stage layer=25 stage=in_proj seq_len=1 start_pos=67 elapsed_ms=1.624
kiln_profile_gdn_stage layer=25 stage=qkv_conv_norm seq_len=1 start_pos=67 elapsed_ms=0.223
kiln_profile_gdn_stage layer=25 stage=gates_recur_gated_norm seq_len=1 start_pos=67 elapsed_ms=0.285
kiln_profile_gdn_stage layer=25 stage=post_transpose seq_len=1 start_pos=67 elapsed_ms=0.000
kiln_profile_gdn_stage layer=25 stage=gated_norm seq_len=1 start_pos=67 elapsed_ms=0.002
kiln_profile_gdn_stage layer=25 stage=out_proj seq_len=1 start_pos=67 elapsed_ms=0.836
kiln_profile_mlp_stage layer=25 stage=gate_up_fused seq_len=1 start_pos=67 elapsed_ms=1.985
kiln_profile_mlp_stage layer=25 stage=down_proj seq_len=1 start_pos=67 elapsed_ms=1.171
kiln_profile_gdn_stage layer=26 stage=in_proj seq_len=1 start_pos=67 elapsed_ms=1.716
kiln_profile_gdn_stage layer=26 stage=qkv_conv_norm seq_len=1 start_pos=67 elapsed_ms=0.268
kiln_profile_gdn_stage layer=26 stage=gates_recur_gated_norm seq_len=1 start_pos=67 elapsed_ms=0.439
kiln_profile_gdn_stage layer=26 stage=post_transpose seq_len=1 start_pos=67 elapsed_ms=0.000
kiln_profile_gdn_stage layer=26 stage=gated_norm seq_len=1 start_pos=67 elapsed_ms=0.002
kiln_profile_gdn_stage layer=26 stage=out_proj seq_len=1 start_pos=67 elapsed_ms=0.821
kiln_profile_mlp_stage layer=26 stage=gate_up_fused seq_len=1 start_pos=67 elapsed_ms=1.875
kiln_profile_mlp_stage layer=26 stage=down_proj seq_len=1 start_pos=67 elapsed_ms=1.144
kiln_profile_full_attn_stage full_attn_layer=6 stage=qkv_proj seq_len=1 start_pos=67 elapsed_ms=1.347
kiln_profile_full_attn_stage full_attn_layer=6 stage=qkv_split seq_len=1 start_pos=67 elapsed_ms=0.311
kiln_profile_full_attn_stage full_attn_layer=6 stage=qk_norm seq_len=1 start_pos=67 elapsed_ms=0.287
kiln_profile_full_attn_stage full_attn_layer=6 stage=rope seq_len=1 start_pos=67 elapsed_ms=0.269
kiln_profile_full_attn_stage full_attn_layer=6 stage=q_transpose seq_len=1 start_pos=67 elapsed_ms=0.002
kiln_profile_full_attn_stage full_attn_layer=6 stage=kv_write seq_len=1 start_pos=67 elapsed_ms=0.309
kiln_profile_full_attn_stage full_attn_layer=6 stage=decode_attn_contiguous seq_len=1 start_pos=67 elapsed_ms=0.332
kiln_profile_full_attn_stage full_attn_layer=6 stage=attn_gate seq_len=1 start_pos=67 elapsed_ms=0.248
kiln_profile_full_attn_stage full_attn_layer=6 stage=o_proj seq_len=1 start_pos=67 elapsed_ms=0.828
kiln_profile_mlp_stage layer=27 stage=gate_up_fused seq_len=1 start_pos=67 elapsed_ms=2.498
kiln_profile_mlp_stage layer=27 stage=down_proj seq_len=1 start_pos=67 elapsed_ms=1.384
kiln_profile_gdn_stage layer=28 stage=in_proj seq_len=1 start_pos=67 elapsed_ms=1.821
kiln_profile_gdn_stage layer=28 stage=qkv_conv_norm seq_len=1 start_pos=67 elapsed_ms=0.317
kiln_profile_gdn_stage layer=28 stage=gates_recur_gated_norm seq_len=1 start_pos=67 elapsed_ms=0.474
kiln_profile_gdn_stage layer=28 stage=post_transpose seq_len=1 start_pos=67 elapsed_ms=0.000
kiln_profile_gdn_stage layer=28 stage=gated_norm seq_len=1 start_pos=67 elapsed_ms=0.002
kiln_profile_gdn_stage layer=28 stage=out_proj seq_len=1 start_pos=67 elapsed_ms=0.834
kiln_profile_mlp_stage layer=28 stage=gate_up_fused seq_len=1 start_pos=67 elapsed_ms=2.498
kiln_profile_mlp_stage layer=28 stage=down_proj seq_len=1 start_pos=67 elapsed_ms=2.258
kiln_profile_gdn_stage layer=29 stage=in_proj seq_len=1 start_pos=67 elapsed_ms=1.907
kiln_profile_gdn_stage layer=29 stage=qkv_conv_norm seq_len=1 start_pos=67 elapsed_ms=0.350
kiln_profile_gdn_stage layer=29 stage=gates_recur_gated_norm seq_len=1 start_pos=67 elapsed_ms=0.503
kiln_profile_gdn_stage layer=29 stage=post_transpose seq_len=1 start_pos=67 elapsed_ms=0.000
kiln_profile_gdn_stage layer=29 stage=gated_norm seq_len=1 start_pos=67 elapsed_ms=0.002
kiln_profile_gdn_stage layer=29 stage=out_proj seq_len=1 start_pos=67 elapsed_ms=0.781
kiln_profile_mlp_stage layer=29 stage=gate_up_fused seq_len=1 start_pos=67 elapsed_ms=2.216
kiln_profile_mlp_stage layer=29 stage=down_proj seq_len=1 start_pos=67 elapsed_ms=1.208
kiln_profile_gdn_stage layer=30 stage=in_proj seq_len=1 start_pos=67 elapsed_ms=2.055
kiln_profile_gdn_stage layer=30 stage=qkv_conv_norm seq_len=1 start_pos=67 elapsed_ms=0.338
kiln_profile_gdn_stage layer=30 stage=gates_recur_gated_norm seq_len=1 start_pos=67 elapsed_ms=0.420
kiln_profile_gdn_stage layer=30 stage=post_transpose seq_len=1 start_pos=67 elapsed_ms=0.000
kiln_profile_gdn_stage layer=30 stage=gated_norm seq_len=1 start_pos=67 elapsed_ms=0.002
kiln_profile_gdn_stage layer=30 stage=out_proj seq_len=1 start_pos=67 elapsed_ms=0.694
kiln_profile_mlp_stage layer=30 stage=gate_up_fused seq_len=1 start_pos=67 elapsed_ms=2.111
kiln_profile_mlp_stage layer=30 stage=down_proj seq_len=1 start_pos=67 elapsed_ms=1.157
kiln_profile_full_attn_stage full_attn_layer=7 stage=qkv_proj seq_len=1 start_pos=67 elapsed_ms=1.349
kiln_profile_full_attn_stage full_attn_layer=7 stage=qkv_split seq_len=1 start_pos=67 elapsed_ms=0.328
kiln_profile_full_attn_stage full_attn_layer=7 stage=qk_norm seq_len=1 start_pos=67 elapsed_ms=0.255
kiln_profile_full_attn_stage full_attn_layer=7 stage=rope seq_len=1 start_pos=67 elapsed_ms=0.256
kiln_profile_full_attn_stage full_attn_layer=7 stage=q_transpose seq_len=1 start_pos=67 elapsed_ms=0.002
kiln_profile_full_attn_stage full_attn_layer=7 stage=kv_write seq_len=1 start_pos=67 elapsed_ms=0.235
kiln_profile_full_attn_stage full_attn_layer=7 stage=decode_attn_contiguous seq_len=1 start_pos=67 elapsed_ms=0.318
kiln_profile_full_attn_stage full_attn_layer=7 stage=attn_gate seq_len=1 start_pos=67 elapsed_ms=0.223
kiln_profile_full_attn_stage full_attn_layer=7 stage=o_proj seq_len=1 start_pos=67 elapsed_ms=0.828
kiln_profile_mlp_stage layer=31 stage=gate_up_fused seq_len=1 start_pos=67 elapsed_ms=2.518
kiln_profile_mlp_stage layer=31 stage=down_proj seq_len=1 start_pos=67 elapsed_ms=1.343
kiln_profile_gdn_stage layer=0 stage=in_proj seq_len=1 start_pos=68 elapsed_ms=1.465
kiln_profile_gdn_stage layer=0 stage=qkv_conv_norm seq_len=1 start_pos=68 elapsed_ms=0.354
kiln_profile_gdn_stage layer=0 stage=gates_recur_gated_norm seq_len=1 start_pos=68 elapsed_ms=0.404
kiln_profile_gdn_stage layer=0 stage=post_transpose seq_len=1 start_pos=68 elapsed_ms=0.002
kiln_profile_gdn_stage layer=0 stage=gated_norm seq_len=1 start_pos=68 elapsed_ms=0.004
kiln_profile_gdn_stage layer=0 stage=out_proj seq_len=1 start_pos=68 elapsed_ms=0.748
kiln_profile_mlp_stage layer=0 stage=gate_up_fused seq_len=1 start_pos=68 elapsed_ms=1.935
kiln_profile_mlp_stage layer=0 stage=down_proj seq_len=1 start_pos=68 elapsed_ms=1.358
kiln_profile_gdn_stage layer=1 stage=in_proj seq_len=1 start_pos=68 elapsed_ms=1.752
kiln_profile_gdn_stage layer=1 stage=qkv_conv_norm seq_len=1 start_pos=68 elapsed_ms=0.334
kiln_profile_gdn_stage layer=1 stage=gates_recur_gated_norm seq_len=1 start_pos=68 elapsed_ms=0.330
kiln_profile_gdn_stage layer=1 stage=post_transpose seq_len=1 start_pos=68 elapsed_ms=0.000
kiln_profile_gdn_stage layer=1 stage=gated_norm seq_len=1 start_pos=68 elapsed_ms=0.003
kiln_profile_gdn_stage layer=1 stage=out_proj seq_len=1 start_pos=68 elapsed_ms=0.676
kiln_profile_mlp_stage layer=1 stage=gate_up_fused seq_len=1 start_pos=68 elapsed_ms=2.115
kiln_profile_mlp_stage layer=1 stage=down_proj seq_len=1 start_pos=68 elapsed_ms=1.224
kiln_profile_gdn_stage layer=2 stage=in_proj seq_len=1 start_pos=68 elapsed_ms=1.366
kiln_profile_gdn_stage layer=2 stage=qkv_conv_norm seq_len=1 start_pos=68 elapsed_ms=0.275
kiln_profile_gdn_stage layer=2 stage=gates_recur_gated_norm seq_len=1 start_pos=68 elapsed_ms=0.345
kiln_profile_gdn_stage layer=2 stage=post_transpose seq_len=1 start_pos=68 elapsed_ms=0.002
kiln_profile_gdn_stage layer=2 stage=gated_norm seq_len=1 start_pos=68 elapsed_ms=0.003
kiln_profile_gdn_stage layer=2 stage=out_proj seq_len=1 start_pos=68 elapsed_ms=0.710
kiln_profile_mlp_stage layer=2 stage=gate_up_fused seq_len=1 start_pos=68 elapsed_ms=1.844
kiln_profile_mlp_stage layer=2 stage=down_proj seq_len=1 start_pos=68 elapsed_ms=1.280
kiln_profile_full_attn_stage full_attn_layer=0 stage=qkv_proj seq_len=1 start_pos=68 elapsed_ms=1.394
kiln_profile_full_attn_stage full_attn_layer=0 stage=qkv_split seq_len=1 start_pos=68 elapsed_ms=0.371
kiln_profile_full_attn_stage full_attn_layer=0 stage=qk_norm seq_len=1 start_pos=68 elapsed_ms=0.325
kiln_profile_full_attn_stage full_attn_layer=0 stage=rope seq_len=1 start_pos=68 elapsed_ms=0.311
kiln_profile_full_attn_stage full_attn_layer=0 stage=q_transpose seq_len=1 start_pos=68 elapsed_ms=0.005
kiln_profile_full_attn_stage full_attn_layer=0 stage=kv_write seq_len=1 start_pos=68 elapsed_ms=0.303
kiln_profile_full_attn_stage full_attn_layer=0 stage=decode_attn_contiguous seq_len=1 start_pos=68 elapsed_ms=0.337
kiln_profile_full_attn_stage full_attn_layer=0 stage=attn_gate seq_len=1 start_pos=68 elapsed_ms=0.250
kiln_profile_full_attn_stage full_attn_layer=0 stage=o_proj seq_len=1 start_pos=68 elapsed_ms=0.697
kiln_profile_mlp_stage layer=3 stage=gate_up_fused seq_len=1 start_pos=68 elapsed_ms=1.811
kiln_profile_mlp_stage layer=3 stage=down_proj seq_len=1 start_pos=68 elapsed_ms=1.199
kiln_profile_gdn_stage layer=4 stage=in_proj seq_len=1 start_pos=68 elapsed_ms=1.405
kiln_profile_gdn_stage layer=4 stage=qkv_conv_norm seq_len=1 start_pos=68 elapsed_ms=0.283
kiln_profile_gdn_stage layer=4 stage=gates_recur_gated_norm seq_len=1 start_pos=68 elapsed_ms=0.365
kiln_profile_gdn_stage layer=4 stage=post_transpose seq_len=1 start_pos=68 elapsed_ms=0.002
kiln_profile_gdn_stage layer=4 stage=gated_norm seq_len=1 start_pos=68 elapsed_ms=0.003
kiln_profile_gdn_stage layer=4 stage=out_proj seq_len=1 start_pos=68 elapsed_ms=0.712
kiln_profile_mlp_stage layer=4 stage=gate_up_fused seq_len=1 start_pos=68 elapsed_ms=1.846
kiln_profile_mlp_stage layer=4 stage=down_proj seq_len=1 start_pos=68 elapsed_ms=1.234
kiln_profile_gdn_stage layer=5 stage=in_proj seq_len=1 start_pos=68 elapsed_ms=1.976
kiln_profile_gdn_stage layer=5 stage=qkv_conv_norm seq_len=1 start_pos=68 elapsed_ms=0.715
kiln_profile_gdn_stage layer=5 stage=gates_recur_gated_norm seq_len=1 start_pos=68 elapsed_ms=0.435
kiln_profile_gdn_stage layer=5 stage=post_transpose seq_len=1 start_pos=68 elapsed_ms=0.003
kiln_profile_gdn_stage layer=5 stage=gated_norm seq_len=1 start_pos=68 elapsed_ms=0.006
kiln_profile_gdn_stage layer=5 stage=out_proj seq_len=1 start_pos=68 elapsed_ms=0.775
kiln_profile_mlp_stage layer=5 stage=gate_up_fused seq_len=1 start_pos=68 elapsed_ms=1.953
kiln_profile_mlp_stage layer=5 stage=down_proj seq_len=1 start_pos=68 elapsed_ms=1.330
kiln_profile_gdn_stage layer=6 stage=in_proj seq_len=1 start_pos=68 elapsed_ms=1.441
kiln_profile_gdn_stage layer=6 stage=qkv_conv_norm seq_len=1 start_pos=68 elapsed_ms=0.521
kiln_profile_gdn_stage layer=6 stage=gates_recur_gated_norm seq_len=1 start_pos=68 elapsed_ms=0.445
kiln_profile_gdn_stage layer=6 stage=post_transpose seq_len=1 start_pos=68 elapsed_ms=0.002
kiln_profile_gdn_stage layer=6 stage=gated_norm seq_len=1 start_pos=68 elapsed_ms=0.007
kiln_profile_gdn_stage layer=6 stage=out_proj seq_len=1 start_pos=68 elapsed_ms=0.808
kiln_profile_mlp_stage layer=6 stage=gate_up_fused seq_len=1 start_pos=68 elapsed_ms=1.834
kiln_profile_mlp_stage layer=6 stage=down_proj seq_len=1 start_pos=68 elapsed_ms=1.216
kiln_profile_full_attn_stage full_attn_layer=1 stage=qkv_proj seq_len=1 start_pos=68 elapsed_ms=1.368
kiln_profile_full_attn_stage full_attn_layer=1 stage=qkv_split seq_len=1 start_pos=68 elapsed_ms=0.408
kiln_profile_full_attn_stage full_attn_layer=1 stage=qk_norm seq_len=1 start_pos=68 elapsed_ms=0.322
kiln_profile_full_attn_stage full_attn_layer=1 stage=rope seq_len=1 start_pos=68 elapsed_ms=0.323
kiln_profile_full_attn_stage full_attn_layer=1 stage=q_transpose seq_len=1 start_pos=68 elapsed_ms=0.003
kiln_profile_full_attn_stage full_attn_layer=1 stage=kv_write seq_len=1 start_pos=68 elapsed_ms=0.306
kiln_profile_full_attn_stage full_attn_layer=1 stage=decode_attn_contiguous seq_len=1 start_pos=68 elapsed_ms=0.319
kiln_profile_full_attn_stage full_attn_layer=1 stage=attn_gate seq_len=1 start_pos=68 elapsed_ms=0.245
kiln_profile_full_attn_stage full_attn_layer=1 stage=o_proj seq_len=1 start_pos=68 elapsed_ms=0.680
kiln_profile_mlp_stage layer=7 stage=gate_up_fused seq_len=1 start_pos=68 elapsed_ms=1.897
kiln_profile_mlp_stage layer=7 stage=down_proj seq_len=1 start_pos=68 elapsed_ms=1.149
kiln_profile_gdn_stage layer=8 stage=in_proj seq_len=1 start_pos=68 elapsed_ms=1.349
kiln_profile_gdn_stage layer=8 stage=qkv_conv_norm seq_len=1 start_pos=68 elapsed_ms=0.254
kiln_profile_gdn_stage layer=8 stage=gates_recur_gated_norm seq_len=1 start_pos=68 elapsed_ms=0.348
kiln_profile_gdn_stage layer=8 stage=post_transpose seq_len=1 start_pos=68 elapsed_ms=0.001
kiln_profile_gdn_stage layer=8 stage=gated_norm seq_len=1 start_pos=68 elapsed_ms=0.005
kiln_profile_gdn_stage layer=8 stage=out_proj seq_len=1 start_pos=68 elapsed_ms=0.677
kiln_profile_mlp_stage layer=8 stage=gate_up_fused seq_len=1 start_pos=68 elapsed_ms=1.781
kiln_profile_mlp_stage layer=8 stage=down_proj seq_len=1 start_pos=68 elapsed_ms=1.155
kiln_profile_gdn_stage layer=9 stage=in_proj seq_len=1 start_pos=68 elapsed_ms=1.869
kiln_profile_gdn_stage layer=9 stage=qkv_conv_norm seq_len=1 start_pos=68 elapsed_ms=0.771
kiln_profile_gdn_stage layer=9 stage=gates_recur_gated_norm seq_len=1 start_pos=68 elapsed_ms=0.467
kiln_profile_gdn_stage layer=9 stage=post_transpose seq_len=1 start_pos=68 elapsed_ms=0.002
kiln_profile_gdn_stage layer=9 stage=gated_norm seq_len=1 start_pos=68 elapsed_ms=0.004
kiln_profile_gdn_stage layer=9 stage=out_proj seq_len=1 start_pos=68 elapsed_ms=0.772
kiln_profile_mlp_stage layer=9 stage=gate_up_fused seq_len=1 start_pos=68 elapsed_ms=1.871
kiln_profile_mlp_stage layer=9 stage=down_proj seq_len=1 start_pos=68 elapsed_ms=1.238
kiln_profile_gdn_stage layer=10 stage=in_proj seq_len=1 start_pos=68 elapsed_ms=1.395
kiln_profile_gdn_stage layer=10 stage=qkv_conv_norm seq_len=1 start_pos=68 elapsed_ms=0.339
kiln_profile_gdn_stage layer=10 stage=gates_recur_gated_norm seq_len=1 start_pos=68 elapsed_ms=0.416
kiln_profile_gdn_stage layer=10 stage=post_transpose seq_len=1 start_pos=68 elapsed_ms=0.003
kiln_profile_gdn_stage layer=10 stage=gated_norm seq_len=1 start_pos=68 elapsed_ms=0.003
kiln_profile_gdn_stage layer=10 stage=out_proj seq_len=1 start_pos=68 elapsed_ms=0.742
kiln_profile_mlp_stage layer=10 stage=gate_up_fused seq_len=1 start_pos=68 elapsed_ms=1.855
kiln_profile_mlp_stage layer=10 stage=down_proj seq_len=1 start_pos=68 elapsed_ms=1.189
kiln_profile_full_attn_stage full_attn_layer=2 stage=qkv_proj seq_len=1 start_pos=68 elapsed_ms=1.399
kiln_profile_full_attn_stage full_attn_layer=2 stage=qkv_split seq_len=1 start_pos=68 elapsed_ms=0.356
kiln_profile_full_attn_stage full_attn_layer=2 stage=qk_norm seq_len=1 start_pos=68 elapsed_ms=0.332
kiln_profile_full_attn_stage full_attn_layer=2 stage=rope seq_len=1 start_pos=68 elapsed_ms=0.332
kiln_profile_full_attn_stage full_attn_layer=2 stage=q_transpose seq_len=1 start_pos=68 elapsed_ms=0.005
kiln_profile_full_attn_stage full_attn_layer=2 stage=kv_write seq_len=1 start_pos=68 elapsed_ms=0.288
kiln_profile_full_attn_stage full_attn_layer=2 stage=decode_attn_contiguous seq_len=1 start_pos=68 elapsed_ms=0.318
kiln_profile_full_attn_stage full_attn_layer=2 stage=attn_gate seq_len=1 start_pos=68 elapsed_ms=0.262
kiln_profile_full_attn_stage full_attn_layer=2 stage=o_proj seq_len=1 start_pos=68 elapsed_ms=0.671
kiln_profile_mlp_stage layer=11 stage=gate_up_fused seq_len=1 start_pos=68 elapsed_ms=1.827
kiln_profile_mlp_stage layer=11 stage=down_proj seq_len=1 start_pos=68 elapsed_ms=1.288
kiln_profile_gdn_stage layer=12 stage=in_proj seq_len=1 start_pos=68 elapsed_ms=1.394
kiln_profile_gdn_stage layer=12 stage=qkv_conv_norm seq_len=1 start_pos=68 elapsed_ms=0.308
kiln_profile_gdn_stage layer=12 stage=gates_recur_gated_norm seq_len=1 start_pos=68 elapsed_ms=0.410
kiln_profile_gdn_stage layer=12 stage=post_transpose seq_len=1 start_pos=68 elapsed_ms=0.003
kiln_profile_gdn_stage layer=12 stage=gated_norm seq_len=1 start_pos=68 elapsed_ms=0.006
kiln_profile_gdn_stage layer=12 stage=out_proj seq_len=1 start_pos=68 elapsed_ms=0.749
kiln_profile_mlp_stage layer=12 stage=gate_up_fused seq_len=1 start_pos=68 elapsed_ms=2.128
kiln_profile_mlp_stage layer=12 stage=down_proj seq_len=1 start_pos=68 elapsed_ms=1.394
kiln_profile_gdn_stage layer=13 stage=in_proj seq_len=1 start_pos=68 elapsed_ms=1.986
kiln_profile_gdn_stage layer=13 stage=qkv_conv_norm seq_len=1 start_pos=68 elapsed_ms=0.505
kiln_profile_gdn_stage layer=13 stage=gates_recur_gated_norm seq_len=1 start_pos=68 elapsed_ms=0.447
kiln_profile_gdn_stage layer=13 stage=post_transpose seq_len=1 start_pos=68 elapsed_ms=0.002
kiln_profile_gdn_stage layer=13 stage=gated_norm seq_len=1 start_pos=68 elapsed_ms=0.004
kiln_profile_gdn_stage layer=13 stage=out_proj seq_len=1 start_pos=68 elapsed_ms=0.852
kiln_profile_mlp_stage layer=13 stage=gate_up_fused seq_len=1 start_pos=68 elapsed_ms=2.095
kiln_profile_mlp_stage layer=13 stage=down_proj seq_len=1 start_pos=68 elapsed_ms=1.382
kiln_profile_gdn_stage layer=14 stage=in_proj seq_len=1 start_pos=68 elapsed_ms=1.702
kiln_profile_gdn_stage layer=14 stage=qkv_conv_norm seq_len=1 start_pos=68 elapsed_ms=0.506
kiln_profile_gdn_stage layer=14 stage=gates_recur_gated_norm seq_len=1 start_pos=68 elapsed_ms=0.396
kiln_profile_gdn_stage layer=14 stage=post_transpose seq_len=1 start_pos=68 elapsed_ms=0.002
kiln_profile_gdn_stage layer=14 stage=gated_norm seq_len=1 start_pos=68 elapsed_ms=0.003
kiln_profile_gdn_stage layer=14 stage=out_proj seq_len=1 start_pos=68 elapsed_ms=0.902
kiln_profile_mlp_stage layer=14 stage=gate_up_fused seq_len=1 start_pos=68 elapsed_ms=2.046
kiln_profile_mlp_stage layer=14 stage=down_proj seq_len=1 start_pos=68 elapsed_ms=1.482
kiln_profile_full_attn_stage full_attn_layer=3 stage=qkv_proj seq_len=1 start_pos=68 elapsed_ms=1.400
kiln_profile_full_attn_stage full_attn_layer=3 stage=qkv_split seq_len=1 start_pos=68 elapsed_ms=0.383
kiln_profile_full_attn_stage full_attn_layer=3 stage=qk_norm seq_len=1 start_pos=68 elapsed_ms=0.296
kiln_profile_full_attn_stage full_attn_layer=3 stage=rope seq_len=1 start_pos=68 elapsed_ms=0.237
kiln_profile_full_attn_stage full_attn_layer=3 stage=q_transpose seq_len=1 start_pos=68 elapsed_ms=0.003
kiln_profile_full_attn_stage full_attn_layer=3 stage=kv_write seq_len=1 start_pos=68 elapsed_ms=0.257
kiln_profile_full_attn_stage full_attn_layer=3 stage=decode_attn_contiguous seq_len=1 start_pos=68 elapsed_ms=0.300
kiln_profile_full_attn_stage full_attn_layer=3 stage=attn_gate seq_len=1 start_pos=68 elapsed_ms=0.282
kiln_profile_full_attn_stage full_attn_layer=3 stage=o_proj seq_len=1 start_pos=68 elapsed_ms=0.828
kiln_profile_mlp_stage layer=15 stage=gate_up_fused seq_len=1 start_pos=68 elapsed_ms=1.846
kiln_profile_mlp_stage layer=15 stage=down_proj seq_len=1 start_pos=68 elapsed_ms=1.233
kiln_profile_gdn_stage layer=16 stage=in_proj seq_len=1 start_pos=68 elapsed_ms=1.325
kiln_profile_gdn_stage layer=16 stage=qkv_conv_norm seq_len=1 start_pos=68 elapsed_ms=0.254
kiln_profile_gdn_stage layer=16 stage=gates_recur_gated_norm seq_len=1 start_pos=68 elapsed_ms=0.384
kiln_profile_gdn_stage layer=16 stage=post_transpose seq_len=1 start_pos=68 elapsed_ms=0.001
kiln_profile_gdn_stage layer=16 stage=gated_norm seq_len=1 start_pos=68 elapsed_ms=0.006
kiln_profile_gdn_stage layer=16 stage=out_proj seq_len=1 start_pos=68 elapsed_ms=0.683
kiln_profile_mlp_stage layer=16 stage=gate_up_fused seq_len=1 start_pos=68 elapsed_ms=1.857
kiln_profile_mlp_stage layer=16 stage=down_proj seq_len=1 start_pos=68 elapsed_ms=1.413
kiln_profile_gdn_stage layer=17 stage=in_proj seq_len=1 start_pos=68 elapsed_ms=1.759
kiln_profile_gdn_stage layer=17 stage=qkv_conv_norm seq_len=1 start_pos=68 elapsed_ms=0.356
kiln_profile_gdn_stage layer=17 stage=gates_recur_gated_norm seq_len=1 start_pos=68 elapsed_ms=0.483
kiln_profile_gdn_stage layer=17 stage=post_transpose seq_len=1 start_pos=68 elapsed_ms=0.003
kiln_profile_gdn_stage layer=17 stage=gated_norm seq_len=1 start_pos=68 elapsed_ms=0.005
kiln_profile_gdn_stage layer=17 stage=out_proj seq_len=1 start_pos=68 elapsed_ms=0.878
kiln_profile_mlp_stage layer=17 stage=gate_up_fused seq_len=1 start_pos=68 elapsed_ms=1.839
kiln_profile_mlp_stage layer=17 stage=down_proj seq_len=1 start_pos=68 elapsed_ms=1.180
kiln_profile_gdn_stage layer=18 stage=in_proj seq_len=1 start_pos=68 elapsed_ms=1.418
kiln_profile_gdn_stage layer=18 stage=qkv_conv_norm seq_len=1 start_pos=68 elapsed_ms=0.343
kiln_profile_gdn_stage layer=18 stage=gates_recur_gated_norm seq_len=1 start_pos=68 elapsed_ms=0.538
kiln_profile_gdn_stage layer=18 stage=post_transpose seq_len=1 start_pos=68 elapsed_ms=0.001
kiln_profile_gdn_stage layer=18 stage=gated_norm seq_len=1 start_pos=68 elapsed_ms=0.003
kiln_profile_gdn_stage layer=18 stage=out_proj seq_len=1 start_pos=68 elapsed_ms=0.890
kiln_profile_mlp_stage layer=18 stage=gate_up_fused seq_len=1 start_pos=68 elapsed_ms=1.882
kiln_profile_mlp_stage layer=18 stage=down_proj seq_len=1 start_pos=68 elapsed_ms=1.208
kiln_profile_full_attn_stage full_attn_layer=4 stage=qkv_proj seq_len=1 start_pos=68 elapsed_ms=1.405
kiln_profile_full_attn_stage full_attn_layer=4 stage=qkv_split seq_len=1 start_pos=68 elapsed_ms=0.344
kiln_profile_full_attn_stage full_attn_layer=4 stage=qk_norm seq_len=1 start_pos=68 elapsed_ms=0.332
kiln_profile_full_attn_stage full_attn_layer=4 stage=rope seq_len=1 start_pos=68 elapsed_ms=0.298
kiln_profile_full_attn_stage full_attn_layer=4 stage=q_transpose seq_len=1 start_pos=68 elapsed_ms=0.003
kiln_profile_full_attn_stage full_attn_layer=4 stage=kv_write seq_len=1 start_pos=68 elapsed_ms=0.289
kiln_profile_full_attn_stage full_attn_layer=4 stage=decode_attn_contiguous seq_len=1 start_pos=68 elapsed_ms=0.326
kiln_profile_full_attn_stage full_attn_layer=4 stage=attn_gate seq_len=1 start_pos=68 elapsed_ms=0.274
kiln_profile_full_attn_stage full_attn_layer=4 stage=o_proj seq_len=1 start_pos=68 elapsed_ms=0.833
kiln_profile_mlp_stage layer=19 stage=gate_up_fused seq_len=1 start_pos=68 elapsed_ms=1.977
kiln_profile_mlp_stage layer=19 stage=down_proj seq_len=1 start_pos=68 elapsed_ms=1.292
kiln_profile_gdn_stage layer=20 stage=in_proj seq_len=1 start_pos=68 elapsed_ms=1.462
kiln_profile_gdn_stage layer=20 stage=qkv_conv_norm seq_len=1 start_pos=68 elapsed_ms=0.300
kiln_profile_gdn_stage layer=20 stage=gates_recur_gated_norm seq_len=1 start_pos=68 elapsed_ms=0.379
kiln_profile_gdn_stage layer=20 stage=post_transpose seq_len=1 start_pos=68 elapsed_ms=0.003
kiln_profile_gdn_stage layer=20 stage=gated_norm seq_len=1 start_pos=68 elapsed_ms=0.003
kiln_profile_gdn_stage layer=20 stage=out_proj seq_len=1 start_pos=68 elapsed_ms=0.694
kiln_profile_mlp_stage layer=20 stage=gate_up_fused seq_len=1 start_pos=68 elapsed_ms=2.223
kiln_profile_mlp_stage layer=20 stage=down_proj seq_len=1 start_pos=68 elapsed_ms=2.048
kiln_profile_gdn_stage layer=21 stage=in_proj seq_len=1 start_pos=68 elapsed_ms=1.506
kiln_profile_gdn_stage layer=21 stage=qkv_conv_norm seq_len=1 start_pos=68 elapsed_ms=0.402
kiln_profile_gdn_stage layer=21 stage=gates_recur_gated_norm seq_len=1 start_pos=68 elapsed_ms=0.429
kiln_profile_gdn_stage layer=21 stage=post_transpose seq_len=1 start_pos=68 elapsed_ms=0.001
kiln_profile_gdn_stage layer=21 stage=gated_norm seq_len=1 start_pos=68 elapsed_ms=0.009
kiln_profile_gdn_stage layer=21 stage=out_proj seq_len=1 start_pos=68 elapsed_ms=0.756
kiln_profile_mlp_stage layer=21 stage=gate_up_fused seq_len=1 start_pos=68 elapsed_ms=1.826
kiln_profile_mlp_stage layer=21 stage=down_proj seq_len=1 start_pos=68 elapsed_ms=1.150
kiln_profile_gdn_stage layer=22 stage=in_proj seq_len=1 start_pos=68 elapsed_ms=1.455
kiln_profile_gdn_stage layer=22 stage=qkv_conv_norm seq_len=1 start_pos=68 elapsed_ms=0.306
kiln_profile_gdn_stage layer=22 stage=gates_recur_gated_norm seq_len=1 start_pos=68 elapsed_ms=0.382
kiln_profile_gdn_stage layer=22 stage=post_transpose seq_len=1 start_pos=68 elapsed_ms=0.000
kiln_profile_gdn_stage layer=22 stage=gated_norm seq_len=1 start_pos=68 elapsed_ms=0.002
kiln_profile_gdn_stage layer=22 stage=out_proj seq_len=1 start_pos=68 elapsed_ms=0.785
kiln_profile_mlp_stage layer=22 stage=gate_up_fused seq_len=1 start_pos=68 elapsed_ms=1.935
kiln_profile_mlp_stage layer=22 stage=down_proj seq_len=1 start_pos=68 elapsed_ms=1.342
kiln_profile_full_attn_stage full_attn_layer=5 stage=qkv_proj seq_len=1 start_pos=68 elapsed_ms=1.405
kiln_profile_full_attn_stage full_attn_layer=5 stage=qkv_split seq_len=1 start_pos=68 elapsed_ms=0.341
kiln_profile_full_attn_stage full_attn_layer=5 stage=qk_norm seq_len=1 start_pos=68 elapsed_ms=0.328
kiln_profile_full_attn_stage full_attn_layer=5 stage=rope seq_len=1 start_pos=68 elapsed_ms=0.328
kiln_profile_full_attn_stage full_attn_layer=5 stage=q_transpose seq_len=1 start_pos=68 elapsed_ms=0.003
kiln_profile_full_attn_stage full_attn_layer=5 stage=kv_write seq_len=1 start_pos=68 elapsed_ms=0.318
kiln_profile_full_attn_stage full_attn_layer=5 stage=decode_attn_contiguous seq_len=1 start_pos=68 elapsed_ms=0.377
kiln_profile_full_attn_stage full_attn_layer=5 stage=attn_gate seq_len=1 start_pos=68 elapsed_ms=0.249
kiln_profile_full_attn_stage full_attn_layer=5 stage=o_proj seq_len=1 start_pos=68 elapsed_ms=0.852
kiln_profile_mlp_stage layer=23 stage=gate_up_fused seq_len=1 start_pos=68 elapsed_ms=3.208
kiln_profile_mlp_stage layer=23 stage=down_proj seq_len=1 start_pos=68 elapsed_ms=1.482
kiln_profile_gdn_stage layer=24 stage=in_proj seq_len=1 start_pos=68 elapsed_ms=1.771
kiln_profile_gdn_stage layer=24 stage=qkv_conv_norm seq_len=1 start_pos=68 elapsed_ms=0.323
kiln_profile_gdn_stage layer=24 stage=gates_recur_gated_norm seq_len=1 start_pos=68 elapsed_ms=0.463
kiln_profile_gdn_stage layer=24 stage=post_transpose seq_len=1 start_pos=68 elapsed_ms=0.001
kiln_profile_gdn_stage layer=24 stage=gated_norm seq_len=1 start_pos=68 elapsed_ms=0.007
kiln_profile_gdn_stage layer=24 stage=out_proj seq_len=1 start_pos=68 elapsed_ms=0.904
kiln_profile_mlp_stage layer=24 stage=gate_up_fused seq_len=1 start_pos=68 elapsed_ms=3.155
kiln_profile_mlp_stage layer=24 stage=down_proj seq_len=1 start_pos=68 elapsed_ms=1.281
kiln_profile_gdn_stage layer=25 stage=in_proj seq_len=1 start_pos=68 elapsed_ms=1.463
kiln_profile_gdn_stage layer=25 stage=qkv_conv_norm seq_len=1 start_pos=68 elapsed_ms=0.381
kiln_profile_gdn_stage layer=25 stage=gates_recur_gated_norm seq_len=1 start_pos=68 elapsed_ms=0.456
kiln_profile_gdn_stage layer=25 stage=post_transpose seq_len=1 start_pos=68 elapsed_ms=0.003
kiln_profile_gdn_stage layer=25 stage=gated_norm seq_len=1 start_pos=68 elapsed_ms=0.007
kiln_profile_gdn_stage layer=25 stage=out_proj seq_len=1 start_pos=68 elapsed_ms=0.856
kiln_profile_mlp_stage layer=25 stage=gate_up_fused seq_len=1 start_pos=68 elapsed_ms=1.944
kiln_profile_mlp_stage layer=25 stage=down_proj seq_len=1 start_pos=68 elapsed_ms=1.287
kiln_profile_gdn_stage layer=26 stage=in_proj seq_len=1 start_pos=68 elapsed_ms=1.635
kiln_profile_gdn_stage layer=26 stage=qkv_conv_norm seq_len=1 start_pos=68 elapsed_ms=0.460
kiln_profile_gdn_stage layer=26 stage=gates_recur_gated_norm seq_len=1 start_pos=68 elapsed_ms=0.472
kiln_profile_gdn_stage layer=26 stage=post_transpose seq_len=1 start_pos=68 elapsed_ms=0.000
kiln_profile_gdn_stage layer=26 stage=gated_norm seq_len=1 start_pos=68 elapsed_ms=0.003
kiln_profile_gdn_stage layer=26 stage=out_proj seq_len=1 start_pos=68 elapsed_ms=1.474
kiln_profile_mlp_stage layer=26 stage=gate_up_fused seq_len=1 start_pos=68 elapsed_ms=16.753
kiln_profile_mlp_stage layer=26 stage=down_proj seq_len=1 start_pos=68 elapsed_ms=1.562
kiln_profile_full_attn_stage full_attn_layer=6 stage=qkv_proj seq_len=1 start_pos=68 elapsed_ms=1.691
kiln_profile_full_attn_stage full_attn_layer=6 stage=qkv_split seq_len=1 start_pos=68 elapsed_ms=0.607
kiln_profile_full_attn_stage full_attn_layer=6 stage=qk_norm seq_len=1 start_pos=68 elapsed_ms=0.262
kiln_profile_full_attn_stage full_attn_layer=6 stage=rope seq_len=1 start_pos=68 elapsed_ms=0.206
kiln_profile_full_attn_stage full_attn_layer=6 stage=q_transpose seq_len=1 start_pos=68 elapsed_ms=0.002
kiln_profile_full_attn_stage full_attn_layer=6 stage=kv_write seq_len=1 start_pos=68 elapsed_ms=0.213
kiln_profile_full_attn_stage full_attn_layer=6 stage=decode_attn_contiguous seq_len=1 start_pos=68 elapsed_ms=0.264
kiln_profile_full_attn_stage full_attn_layer=6 stage=attn_gate seq_len=1 start_pos=68 elapsed_ms=0.239
kiln_profile_full_attn_stage full_attn_layer=6 stage=o_proj seq_len=1 start_pos=68 elapsed_ms=0.790
kiln_profile_mlp_stage layer=27 stage=gate_up_fused seq_len=1 start_pos=68 elapsed_ms=2.448
kiln_profile_mlp_stage layer=27 stage=down_proj seq_len=1 start_pos=68 elapsed_ms=1.394
kiln_profile_gdn_stage layer=28 stage=in_proj seq_len=1 start_pos=68 elapsed_ms=2.144
kiln_profile_gdn_stage layer=28 stage=qkv_conv_norm seq_len=1 start_pos=68 elapsed_ms=0.304
kiln_profile_gdn_stage layer=28 stage=gates_recur_gated_norm seq_len=1 start_pos=68 elapsed_ms=0.375
kiln_profile_gdn_stage layer=28 stage=post_transpose seq_len=1 start_pos=68 elapsed_ms=0.000
kiln_profile_gdn_stage layer=28 stage=gated_norm seq_len=1 start_pos=68 elapsed_ms=0.002
kiln_profile_gdn_stage layer=28 stage=out_proj seq_len=1 start_pos=68 elapsed_ms=0.650
kiln_profile_mlp_stage layer=28 stage=gate_up_fused seq_len=1 start_pos=68 elapsed_ms=2.095
kiln_profile_mlp_stage layer=28 stage=down_proj seq_len=1 start_pos=68 elapsed_ms=1.144
kiln_profile_gdn_stage layer=29 stage=in_proj seq_len=1 start_pos=68 elapsed_ms=2.054
kiln_profile_gdn_stage layer=29 stage=qkv_conv_norm seq_len=1 start_pos=68 elapsed_ms=0.203
kiln_profile_gdn_stage layer=29 stage=gates_recur_gated_norm seq_len=1 start_pos=68 elapsed_ms=0.368
kiln_profile_gdn_stage layer=29 stage=post_transpose seq_len=1 start_pos=68 elapsed_ms=0.000
kiln_profile_gdn_stage layer=29 stage=gated_norm seq_len=1 start_pos=68 elapsed_ms=0.001
kiln_profile_gdn_stage layer=29 stage=out_proj seq_len=1 start_pos=68 elapsed_ms=0.608
kiln_profile_mlp_stage layer=29 stage=gate_up_fused seq_len=1 start_pos=68 elapsed_ms=2.040
kiln_profile_mlp_stage layer=29 stage=down_proj seq_len=1 start_pos=68 elapsed_ms=1.099
kiln_profile_gdn_stage layer=30 stage=in_proj seq_len=1 start_pos=68 elapsed_ms=1.904
kiln_profile_gdn_stage layer=30 stage=qkv_conv_norm seq_len=1 start_pos=68 elapsed_ms=0.200
kiln_profile_gdn_stage layer=30 stage=gates_recur_gated_norm seq_len=1 start_pos=68 elapsed_ms=0.404
kiln_profile_gdn_stage layer=30 stage=post_transpose seq_len=1 start_pos=68 elapsed_ms=0.000
kiln_profile_gdn_stage layer=30 stage=gated_norm seq_len=1 start_pos=68 elapsed_ms=0.001
kiln_profile_gdn_stage layer=30 stage=out_proj seq_len=1 start_pos=68 elapsed_ms=0.631
kiln_profile_mlp_stage layer=30 stage=gate_up_fused seq_len=1 start_pos=68 elapsed_ms=2.872
kiln_profile_mlp_stage layer=30 stage=down_proj seq_len=1 start_pos=68 elapsed_ms=1.269
kiln_profile_full_attn_stage full_attn_layer=7 stage=qkv_proj seq_len=1 start_pos=68 elapsed_ms=1.334
kiln_profile_full_attn_stage full_attn_layer=7 stage=qkv_split seq_len=1 start_pos=68 elapsed_ms=0.308
kiln_profile_full_attn_stage full_attn_layer=7 stage=qk_norm seq_len=1 start_pos=68 elapsed_ms=0.240
kiln_profile_full_attn_stage full_attn_layer=7 stage=rope seq_len=1 start_pos=68 elapsed_ms=0.265
kiln_profile_full_attn_stage full_attn_layer=7 stage=q_transpose seq_len=1 start_pos=68 elapsed_ms=0.002
kiln_profile_full_attn_stage full_attn_layer=7 stage=kv_write seq_len=1 start_pos=68 elapsed_ms=0.265
kiln_profile_full_attn_stage full_attn_layer=7 stage=decode_attn_contiguous seq_len=1 start_pos=68 elapsed_ms=0.302
kiln_profile_full_attn_stage full_attn_layer=7 stage=attn_gate seq_len=1 start_pos=68 elapsed_ms=0.264
kiln_profile_full_attn_stage full_attn_layer=7 stage=o_proj seq_len=1 start_pos=68 elapsed_ms=0.728
kiln_profile_mlp_stage layer=31 stage=gate_up_fused seq_len=1 start_pos=68 elapsed_ms=1.890
kiln_profile_mlp_stage layer=31 stage=down_proj seq_len=1 start_pos=68 elapsed_ms=1.113
kiln_profile_gdn_stage layer=0 stage=in_proj seq_len=1 start_pos=69 elapsed_ms=1.432
kiln_profile_gdn_stage layer=0 stage=qkv_conv_norm seq_len=1 start_pos=69 elapsed_ms=0.239
kiln_profile_gdn_stage layer=0 stage=gates_recur_gated_norm seq_len=1 start_pos=69 elapsed_ms=0.317
kiln_profile_gdn_stage layer=0 stage=post_transpose seq_len=1 start_pos=69 elapsed_ms=0.000
kiln_profile_gdn_stage layer=0 stage=gated_norm seq_len=1 start_pos=69 elapsed_ms=0.005
kiln_profile_gdn_stage layer=0 stage=out_proj seq_len=1 start_pos=69 elapsed_ms=0.676
kiln_profile_mlp_stage layer=0 stage=gate_up_fused seq_len=1 start_pos=69 elapsed_ms=1.771
kiln_profile_mlp_stage layer=0 stage=down_proj seq_len=1 start_pos=69 elapsed_ms=1.152
kiln_profile_gdn_stage layer=1 stage=in_proj seq_len=1 start_pos=69 elapsed_ms=1.312
kiln_profile_gdn_stage layer=1 stage=qkv_conv_norm seq_len=1 start_pos=69 elapsed_ms=0.276
kiln_profile_gdn_stage layer=1 stage=gates_recur_gated_norm seq_len=1 start_pos=69 elapsed_ms=0.347
kiln_profile_gdn_stage layer=1 stage=post_transpose seq_len=1 start_pos=69 elapsed_ms=0.003
kiln_profile_gdn_stage layer=1 stage=gated_norm seq_len=1 start_pos=69 elapsed_ms=0.005
kiln_profile_gdn_stage layer=1 stage=out_proj seq_len=1 start_pos=69 elapsed_ms=0.673
kiln_profile_mlp_stage layer=1 stage=gate_up_fused seq_len=1 start_pos=69 elapsed_ms=1.858
kiln_profile_mlp_stage layer=1 stage=down_proj seq_len=1 start_pos=69 elapsed_ms=1.118
kiln_profile_gdn_stage layer=2 stage=in_proj seq_len=1 start_pos=69 elapsed_ms=1.307
kiln_profile_gdn_stage layer=2 stage=qkv_conv_norm seq_len=1 start_pos=69 elapsed_ms=0.262
kiln_profile_gdn_stage layer=2 stage=gates_recur_gated_norm seq_len=1 start_pos=69 elapsed_ms=0.340
kiln_profile_gdn_stage layer=2 stage=post_transpose seq_len=1 start_pos=69 elapsed_ms=0.000
kiln_profile_gdn_stage layer=2 stage=gated_norm seq_len=1 start_pos=69 elapsed_ms=0.002
kiln_profile_gdn_stage layer=2 stage=out_proj seq_len=1 start_pos=69 elapsed_ms=0.674
kiln_profile_mlp_stage layer=2 stage=gate_up_fused seq_len=1 start_pos=69 elapsed_ms=1.830
kiln_profile_mlp_stage layer=2 stage=down_proj seq_len=1 start_pos=69 elapsed_ms=1.160
kiln_profile_full_attn_stage full_attn_layer=0 stage=qkv_proj seq_len=1 start_pos=69 elapsed_ms=3.049
kiln_profile_full_attn_stage full_attn_layer=0 stage=qkv_split seq_len=1 start_pos=69 elapsed_ms=0.617
kiln_profile_full_attn_stage full_attn_layer=0 stage=qk_norm seq_len=1 start_pos=69 elapsed_ms=0.410
kiln_profile_full_attn_stage full_attn_layer=0 stage=rope seq_len=1 start_pos=69 elapsed_ms=0.530
kiln_profile_full_attn_stage full_attn_layer=0 stage=q_transpose seq_len=1 start_pos=69 elapsed_ms=0.002
kiln_profile_full_attn_stage full_attn_layer=0 stage=kv_write seq_len=1 start_pos=69 elapsed_ms=0.269
kiln_profile_full_attn_stage full_attn_layer=0 stage=decode_attn_contiguous seq_len=1 start_pos=69 elapsed_ms=0.286
kiln_profile_full_attn_stage full_attn_layer=0 stage=attn_gate seq_len=1 start_pos=69 elapsed_ms=0.255
kiln_profile_full_attn_stage full_attn_layer=0 stage=o_proj seq_len=1 start_pos=69 elapsed_ms=0.697
kiln_profile_mlp_stage layer=3 stage=gate_up_fused seq_len=1 start_pos=69 elapsed_ms=1.928
kiln_profile_mlp_stage layer=3 stage=down_proj seq_len=1 start_pos=69 elapsed_ms=1.138
kiln_profile_gdn_stage layer=4 stage=in_proj seq_len=1 start_pos=69 elapsed_ms=1.384
kiln_profile_gdn_stage layer=4 stage=qkv_conv_norm seq_len=1 start_pos=69 elapsed_ms=0.307
kiln_profile_gdn_stage layer=4 stage=gates_recur_gated_norm seq_len=1 start_pos=69 elapsed_ms=0.375
kiln_profile_gdn_stage layer=4 stage=post_transpose seq_len=1 start_pos=69 elapsed_ms=0.001
kiln_profile_gdn_stage layer=4 stage=gated_norm seq_len=1 start_pos=69 elapsed_ms=0.007
kiln_profile_gdn_stage layer=4 stage=out_proj seq_len=1 start_pos=69 elapsed_ms=0.697
kiln_profile_mlp_stage layer=4 stage=gate_up_fused seq_len=1 start_pos=69 elapsed_ms=1.959
kiln_profile_mlp_stage layer=4 stage=down_proj seq_len=1 start_pos=69 elapsed_ms=1.245
kiln_profile_gdn_stage layer=5 stage=in_proj seq_len=1 start_pos=69 elapsed_ms=1.399
kiln_profile_gdn_stage layer=5 stage=qkv_conv_norm seq_len=1 start_pos=69 elapsed_ms=0.283
kiln_profile_gdn_stage layer=5 stage=gates_recur_gated_norm seq_len=1 start_pos=69 elapsed_ms=0.344
kiln_profile_gdn_stage layer=5 stage=post_transpose seq_len=1 start_pos=69 elapsed_ms=0.000
kiln_profile_gdn_stage layer=5 stage=gated_norm seq_len=1 start_pos=69 elapsed_ms=0.003
kiln_profile_gdn_stage layer=5 stage=out_proj seq_len=1 start_pos=69 elapsed_ms=0.658
kiln_profile_mlp_stage layer=5 stage=gate_up_fused seq_len=1 start_pos=69 elapsed_ms=1.892
kiln_profile_mlp_stage layer=5 stage=down_proj seq_len=1 start_pos=69 elapsed_ms=1.181
kiln_profile_gdn_stage layer=6 stage=in_proj seq_len=1 start_pos=69 elapsed_ms=1.482
kiln_profile_gdn_stage layer=6 stage=qkv_conv_norm seq_len=1 start_pos=69 elapsed_ms=0.239
kiln_profile_gdn_stage layer=6 stage=gates_recur_gated_norm seq_len=1 start_pos=69 elapsed_ms=0.328
kiln_profile_gdn_stage layer=6 stage=post_transpose seq_len=1 start_pos=69 elapsed_ms=0.000
kiln_profile_gdn_stage layer=6 stage=gated_norm seq_len=1 start_pos=69 elapsed_ms=0.002
kiln_profile_gdn_stage layer=6 stage=out_proj seq_len=1 start_pos=69 elapsed_ms=0.666
kiln_profile_mlp_stage layer=6 stage=gate_up_fused seq_len=1 start_pos=69 elapsed_ms=1.769
kiln_profile_mlp_stage layer=6 stage=down_proj seq_len=1 start_pos=69 elapsed_ms=1.122
kiln_profile_full_attn_stage full_attn_layer=1 stage=qkv_proj seq_len=1 start_pos=69 elapsed_ms=1.297
kiln_profile_full_attn_stage full_attn_layer=1 stage=qkv_split seq_len=1 start_pos=69 elapsed_ms=0.250
kiln_profile_full_attn_stage full_attn_layer=1 stage=qk_norm seq_len=1 start_pos=69 elapsed_ms=0.222
kiln_profile_full_attn_stage full_attn_layer=1 stage=rope seq_len=1 start_pos=69 elapsed_ms=0.198
kiln_profile_full_attn_stage full_attn_layer=1 stage=q_transpose seq_len=1 start_pos=69 elapsed_ms=0.002
kiln_profile_full_attn_stage full_attn_layer=1 stage=kv_write seq_len=1 start_pos=69 elapsed_ms=0.204
kiln_profile_full_attn_stage full_attn_layer=1 stage=decode_attn_contiguous seq_len=1 start_pos=69 elapsed_ms=0.214
kiln_profile_full_attn_stage full_attn_layer=1 stage=attn_gate seq_len=1 start_pos=69 elapsed_ms=0.178
kiln_profile_full_attn_stage full_attn_layer=1 stage=o_proj seq_len=1 start_pos=69 elapsed_ms=0.663
kiln_profile_mlp_stage layer=7 stage=gate_up_fused seq_len=1 start_pos=69 elapsed_ms=2.776
kiln_profile_mlp_stage layer=7 stage=down_proj seq_len=1 start_pos=69 elapsed_ms=1.117
kiln_profile_gdn_stage layer=8 stage=in_proj seq_len=1 start_pos=69 elapsed_ms=1.314
kiln_profile_gdn_stage layer=8 stage=qkv_conv_norm seq_len=1 start_pos=69 elapsed_ms=0.237
kiln_profile_gdn_stage layer=8 stage=gates_recur_gated_norm seq_len=1 start_pos=69 elapsed_ms=0.310
kiln_profile_gdn_stage layer=8 stage=post_transpose seq_len=1 start_pos=69 elapsed_ms=0.000
kiln_profile_gdn_stage layer=8 stage=gated_norm seq_len=1 start_pos=69 elapsed_ms=0.002
kiln_profile_gdn_stage layer=8 stage=out_proj seq_len=1 start_pos=69 elapsed_ms=0.664
kiln_profile_mlp_stage layer=8 stage=gate_up_fused seq_len=1 start_pos=69 elapsed_ms=1.798
kiln_profile_mlp_stage layer=8 stage=down_proj seq_len=1 start_pos=69 elapsed_ms=1.078
kiln_profile_gdn_stage layer=9 stage=in_proj seq_len=1 start_pos=69 elapsed_ms=1.337
kiln_profile_gdn_stage layer=9 stage=qkv_conv_norm seq_len=1 start_pos=69 elapsed_ms=0.228
kiln_profile_gdn_stage layer=9 stage=gates_recur_gated_norm seq_len=1 start_pos=69 elapsed_ms=0.297
kiln_profile_gdn_stage layer=9 stage=post_transpose seq_len=1 start_pos=69 elapsed_ms=0.000
kiln_profile_gdn_stage layer=9 stage=gated_norm seq_len=1 start_pos=69 elapsed_ms=0.002
kiln_profile_gdn_stage layer=9 stage=out_proj seq_len=1 start_pos=69 elapsed_ms=0.655
kiln_profile_mlp_stage layer=9 stage=gate_up_fused seq_len=1 start_pos=69 elapsed_ms=1.792
kiln_profile_mlp_stage layer=9 stage=down_proj seq_len=1 start_pos=69 elapsed_ms=1.126
kiln_profile_gdn_stage layer=10 stage=in_proj seq_len=1 start_pos=69 elapsed_ms=1.305
kiln_profile_gdn_stage layer=10 stage=qkv_conv_norm seq_len=1 start_pos=69 elapsed_ms=0.277
kiln_profile_gdn_stage layer=10 stage=gates_recur_gated_norm seq_len=1 start_pos=69 elapsed_ms=0.342
kiln_profile_gdn_stage layer=10 stage=post_transpose seq_len=1 start_pos=69 elapsed_ms=0.000
kiln_profile_gdn_stage layer=10 stage=gated_norm seq_len=1 start_pos=69 elapsed_ms=0.002
kiln_profile_gdn_stage layer=10 stage=out_proj seq_len=1 start_pos=69 elapsed_ms=0.701
kiln_profile_mlp_stage layer=10 stage=gate_up_fused seq_len=1 start_pos=69 elapsed_ms=1.815
kiln_profile_mlp_stage layer=10 stage=down_proj seq_len=1 start_pos=69 elapsed_ms=1.072
kiln_profile_full_attn_stage full_attn_layer=2 stage=qkv_proj seq_len=1 start_pos=69 elapsed_ms=1.309
kiln_profile_full_attn_stage full_attn_layer=2 stage=qkv_split seq_len=1 start_pos=69 elapsed_ms=0.280
kiln_profile_full_attn_stage full_attn_layer=2 stage=qk_norm seq_len=1 start_pos=69 elapsed_ms=0.224
kiln_profile_full_attn_stage full_attn_layer=2 stage=rope seq_len=1 start_pos=69 elapsed_ms=0.196
kiln_profile_full_attn_stage full_attn_layer=2 stage=q_transpose seq_len=1 start_pos=69 elapsed_ms=0.002
kiln_profile_full_attn_stage full_attn_layer=2 stage=kv_write seq_len=1 start_pos=69 elapsed_ms=0.198
kiln_profile_full_attn_stage full_attn_layer=2 stage=decode_attn_contiguous seq_len=1 start_pos=69 elapsed_ms=0.263
kiln_profile_full_attn_stage full_attn_layer=2 stage=attn_gate seq_len=1 start_pos=69 elapsed_ms=0.215
kiln_profile_full_attn_stage full_attn_layer=2 stage=o_proj seq_len=1 start_pos=69 elapsed_ms=0.681
kiln_profile_mlp_stage layer=11 stage=gate_up_fused seq_len=1 start_pos=69 elapsed_ms=1.847
kiln_profile_mlp_stage layer=11 stage=down_proj seq_len=1 start_pos=69 elapsed_ms=1.118
kiln_profile_gdn_stage layer=12 stage=in_proj seq_len=1 start_pos=69 elapsed_ms=1.376
kiln_profile_gdn_stage layer=12 stage=qkv_conv_norm seq_len=1 start_pos=69 elapsed_ms=0.239
kiln_profile_gdn_stage layer=12 stage=gates_recur_gated_norm seq_len=1 start_pos=69 elapsed_ms=0.321
kiln_profile_gdn_stage layer=12 stage=post_transpose seq_len=1 start_pos=69 elapsed_ms=0.000
kiln_profile_gdn_stage layer=12 stage=gated_norm seq_len=1 start_pos=69 elapsed_ms=0.002
kiln_profile_gdn_stage layer=12 stage=out_proj seq_len=1 start_pos=69 elapsed_ms=0.707
kiln_profile_mlp_stage layer=12 stage=gate_up_fused seq_len=1 start_pos=69 elapsed_ms=2.365
kiln_profile_mlp_stage layer=12 stage=down_proj seq_len=1 start_pos=69 elapsed_ms=1.136
kiln_profile_gdn_stage layer=13 stage=in_proj seq_len=1 start_pos=69 elapsed_ms=1.337
kiln_profile_gdn_stage layer=13 stage=qkv_conv_norm seq_len=1 start_pos=69 elapsed_ms=0.255
kiln_profile_gdn_stage layer=13 stage=gates_recur_gated_norm seq_len=1 start_pos=69 elapsed_ms=0.334
kiln_profile_gdn_stage layer=13 stage=post_transpose seq_len=1 start_pos=69 elapsed_ms=0.000
kiln_profile_gdn_stage layer=13 stage=gated_norm seq_len=1 start_pos=69 elapsed_ms=0.002
kiln_profile_gdn_stage layer=13 stage=out_proj seq_len=1 start_pos=69 elapsed_ms=0.690
kiln_profile_mlp_stage layer=13 stage=gate_up_fused seq_len=1 start_pos=69 elapsed_ms=1.799
kiln_profile_mlp_stage layer=13 stage=down_proj seq_len=1 start_pos=69 elapsed_ms=1.133
kiln_profile_gdn_stage layer=14 stage=in_proj seq_len=1 start_pos=69 elapsed_ms=1.331
kiln_profile_gdn_stage layer=14 stage=qkv_conv_norm seq_len=1 start_pos=69 elapsed_ms=0.272
kiln_profile_gdn_stage layer=14 stage=gates_recur_gated_norm seq_len=1 start_pos=69 elapsed_ms=0.340
kiln_profile_gdn_stage layer=14 stage=post_transpose seq_len=1 start_pos=69 elapsed_ms=0.000
kiln_profile_gdn_stage layer=14 stage=gated_norm seq_len=1 start_pos=69 elapsed_ms=0.002
kiln_profile_gdn_stage layer=14 stage=out_proj seq_len=1 start_pos=69 elapsed_ms=0.681
kiln_profile_mlp_stage layer=14 stage=gate_up_fused seq_len=1 start_pos=69 elapsed_ms=1.798
kiln_profile_mlp_stage layer=14 stage=down_proj seq_len=1 start_pos=69 elapsed_ms=1.154
kiln_profile_full_attn_stage full_attn_layer=3 stage=qkv_proj seq_len=1 start_pos=69 elapsed_ms=1.313
kiln_profile_full_attn_stage full_attn_layer=3 stage=qkv_split seq_len=1 start_pos=69 elapsed_ms=0.314
kiln_profile_full_attn_stage full_attn_layer=3 stage=qk_norm seq_len=1 start_pos=69 elapsed_ms=0.262
kiln_profile_full_attn_stage full_attn_layer=3 stage=rope seq_len=1 start_pos=69 elapsed_ms=0.245
kiln_profile_full_attn_stage full_attn_layer=3 stage=q_transpose seq_len=1 start_pos=69 elapsed_ms=0.009
kiln_profile_full_attn_stage full_attn_layer=3 stage=kv_write seq_len=1 start_pos=69 elapsed_ms=0.257
kiln_profile_full_attn_stage full_attn_layer=3 stage=decode_attn_contiguous seq_len=1 start_pos=69 elapsed_ms=0.296
kiln_profile_full_attn_stage full_attn_layer=3 stage=attn_gate seq_len=1 start_pos=69 elapsed_ms=0.240
kiln_profile_full_attn_stage full_attn_layer=3 stage=o_proj seq_len=1 start_pos=69 elapsed_ms=0.708
kiln_profile_mlp_stage layer=15 stage=gate_up_fused seq_len=1 start_pos=69 elapsed_ms=1.795
kiln_profile_mlp_stage layer=15 stage=down_proj seq_len=1 start_pos=69 elapsed_ms=1.136
kiln_profile_gdn_stage layer=16 stage=in_proj seq_len=1 start_pos=69 elapsed_ms=1.407
kiln_profile_gdn_stage layer=16 stage=qkv_conv_norm seq_len=1 start_pos=69 elapsed_ms=0.258
kiln_profile_gdn_stage layer=16 stage=gates_recur_gated_norm seq_len=1 start_pos=69 elapsed_ms=1.827
kiln_profile_gdn_stage layer=16 stage=post_transpose seq_len=1 start_pos=69 elapsed_ms=0.000
kiln_profile_gdn_stage layer=16 stage=gated_norm seq_len=1 start_pos=69 elapsed_ms=0.002
kiln_profile_gdn_stage layer=16 stage=out_proj seq_len=1 start_pos=69 elapsed_ms=0.701
kiln_profile_mlp_stage layer=16 stage=gate_up_fused seq_len=1 start_pos=69 elapsed_ms=1.950
kiln_profile_mlp_stage layer=16 stage=down_proj seq_len=1 start_pos=69 elapsed_ms=1.159
kiln_profile_gdn_stage layer=17 stage=in_proj seq_len=1 start_pos=69 elapsed_ms=2.237
kiln_profile_gdn_stage layer=17 stage=qkv_conv_norm seq_len=1 start_pos=69 elapsed_ms=0.254
kiln_profile_gdn_stage layer=17 stage=gates_recur_gated_norm seq_len=1 start_pos=69 elapsed_ms=0.338
kiln_profile_gdn_stage layer=17 stage=post_transpose seq_len=1 start_pos=69 elapsed_ms=0.000
kiln_profile_gdn_stage layer=17 stage=gated_norm seq_len=1 start_pos=69 elapsed_ms=0.002
kiln_profile_gdn_stage layer=17 stage=out_proj seq_len=1 start_pos=69 elapsed_ms=0.677
kiln_profile_mlp_stage layer=17 stage=gate_up_fused seq_len=1 start_pos=69 elapsed_ms=1.929
kiln_profile_mlp_stage layer=17 stage=down_proj seq_len=1 start_pos=69 elapsed_ms=1.194
kiln_profile_gdn_stage layer=18 stage=in_proj seq_len=1 start_pos=69 elapsed_ms=1.362
kiln_profile_gdn_stage layer=18 stage=qkv_conv_norm seq_len=1 start_pos=69 elapsed_ms=0.311
kiln_profile_gdn_stage layer=18 stage=gates_recur_gated_norm seq_len=1 start_pos=69 elapsed_ms=0.378
kiln_profile_gdn_stage layer=18 stage=post_transpose seq_len=1 start_pos=69 elapsed_ms=0.000
kiln_profile_gdn_stage layer=18 stage=gated_norm seq_len=1 start_pos=69 elapsed_ms=0.002
kiln_profile_gdn_stage layer=18 stage=out_proj seq_len=1 start_pos=69 elapsed_ms=0.722
kiln_profile_mlp_stage layer=18 stage=gate_up_fused seq_len=1 start_pos=69 elapsed_ms=1.834
kiln_profile_mlp_stage layer=18 stage=down_proj seq_len=1 start_pos=69 elapsed_ms=1.138
kiln_profile_full_attn_stage full_attn_layer=4 stage=qkv_proj seq_len=1 start_pos=69 elapsed_ms=1.352
kiln_profile_full_attn_stage full_attn_layer=4 stage=qkv_split seq_len=1 start_pos=69 elapsed_ms=0.310
kiln_profile_full_attn_stage full_attn_layer=4 stage=qk_norm seq_len=1 start_pos=69 elapsed_ms=0.238
kiln_profile_full_attn_stage full_attn_layer=4 stage=rope seq_len=1 start_pos=69 elapsed_ms=0.224
kiln_profile_full_attn_stage full_attn_layer=4 stage=q_transpose seq_len=1 start_pos=69 elapsed_ms=0.002
kiln_profile_full_attn_stage full_attn_layer=4 stage=kv_write seq_len=1 start_pos=69 elapsed_ms=0.196
kiln_profile_full_attn_stage full_attn_layer=4 stage=decode_attn_contiguous seq_len=1 start_pos=69 elapsed_ms=0.254
kiln_profile_full_attn_stage full_attn_layer=4 stage=attn_gate seq_len=1 start_pos=69 elapsed_ms=0.198
kiln_profile_full_attn_stage full_attn_layer=4 stage=o_proj seq_len=1 start_pos=69 elapsed_ms=0.632
kiln_profile_mlp_stage layer=19 stage=gate_up_fused seq_len=1 start_pos=69 elapsed_ms=1.766
kiln_profile_mlp_stage layer=19 stage=down_proj seq_len=1 start_pos=69 elapsed_ms=1.107
kiln_profile_gdn_stage layer=20 stage=in_proj seq_len=1 start_pos=69 elapsed_ms=1.347
kiln_profile_gdn_stage layer=20 stage=qkv_conv_norm seq_len=1 start_pos=69 elapsed_ms=0.266
kiln_profile_gdn_stage layer=20 stage=gates_recur_gated_norm seq_len=1 start_pos=69 elapsed_ms=0.334
kiln_profile_gdn_stage layer=20 stage=post_transpose seq_len=1 start_pos=69 elapsed_ms=0.003
kiln_profile_gdn_stage layer=20 stage=gated_norm seq_len=1 start_pos=69 elapsed_ms=0.002
kiln_profile_gdn_stage layer=20 stage=out_proj seq_len=1 start_pos=69 elapsed_ms=0.661
kiln_profile_mlp_stage layer=20 stage=gate_up_fused seq_len=1 start_pos=69 elapsed_ms=1.781
kiln_profile_mlp_stage layer=20 stage=down_proj seq_len=1 start_pos=69 elapsed_ms=1.136
kiln_profile_gdn_stage layer=21 stage=in_proj seq_len=1 start_pos=69 elapsed_ms=1.285
kiln_profile_gdn_stage layer=21 stage=qkv_conv_norm seq_len=1 start_pos=69 elapsed_ms=0.237
kiln_profile_gdn_stage layer=21 stage=gates_recur_gated_norm seq_len=1 start_pos=69 elapsed_ms=0.323
kiln_profile_gdn_stage layer=21 stage=post_transpose seq_len=1 start_pos=69 elapsed_ms=0.000
kiln_profile_gdn_stage layer=21 stage=gated_norm seq_len=1 start_pos=69 elapsed_ms=0.003
kiln_profile_gdn_stage layer=21 stage=out_proj seq_len=1 start_pos=69 elapsed_ms=0.768
kiln_profile_mlp_stage layer=21 stage=gate_up_fused seq_len=1 start_pos=69 elapsed_ms=2.155
kiln_profile_mlp_stage layer=21 stage=down_proj seq_len=1 start_pos=69 elapsed_ms=1.150
kiln_profile_gdn_stage layer=22 stage=in_proj seq_len=1 start_pos=69 elapsed_ms=1.330
kiln_profile_gdn_stage layer=22 stage=qkv_conv_norm seq_len=1 start_pos=69 elapsed_ms=0.253
kiln_profile_gdn_stage layer=22 stage=gates_recur_gated_norm seq_len=1 start_pos=69 elapsed_ms=0.346
kiln_profile_gdn_stage layer=22 stage=post_transpose seq_len=1 start_pos=69 elapsed_ms=0.000
kiln_profile_gdn_stage layer=22 stage=gated_norm seq_len=1 start_pos=69 elapsed_ms=0.002
kiln_profile_gdn_stage layer=22 stage=out_proj seq_len=1 start_pos=69 elapsed_ms=0.671
kiln_profile_mlp_stage layer=22 stage=gate_up_fused seq_len=1 start_pos=69 elapsed_ms=1.852
kiln_profile_mlp_stage layer=22 stage=down_proj seq_len=1 start_pos=69 elapsed_ms=1.121
kiln_profile_full_attn_stage full_attn_layer=5 stage=qkv_proj seq_len=1 start_pos=69 elapsed_ms=1.335
kiln_profile_full_attn_stage full_attn_layer=5 stage=qkv_split seq_len=1 start_pos=69 elapsed_ms=0.302
kiln_profile_full_attn_stage full_attn_layer=5 stage=qk_norm seq_len=1 start_pos=69 elapsed_ms=0.278
kiln_profile_full_attn_stage full_attn_layer=5 stage=rope seq_len=1 start_pos=69 elapsed_ms=0.282
kiln_profile_full_attn_stage full_attn_layer=5 stage=q_transpose seq_len=1 start_pos=69 elapsed_ms=0.007
kiln_profile_full_attn_stage full_attn_layer=5 stage=kv_write seq_len=1 start_pos=69 elapsed_ms=0.305
kiln_profile_full_attn_stage full_attn_layer=5 stage=decode_attn_contiguous seq_len=1 start_pos=69 elapsed_ms=0.299
kiln_profile_full_attn_stage full_attn_layer=5 stage=attn_gate seq_len=1 start_pos=69 elapsed_ms=0.234
kiln_profile_full_attn_stage full_attn_layer=5 stage=o_proj seq_len=1 start_pos=69 elapsed_ms=0.699
kiln_profile_mlp_stage layer=23 stage=gate_up_fused seq_len=1 start_pos=69 elapsed_ms=1.826
kiln_profile_mlp_stage layer=23 stage=down_proj seq_len=1 start_pos=69 elapsed_ms=1.115
kiln_profile_gdn_stage layer=24 stage=in_proj seq_len=1 start_pos=69 elapsed_ms=1.339
kiln_profile_gdn_stage layer=24 stage=qkv_conv_norm seq_len=1 start_pos=69 elapsed_ms=0.288
kiln_profile_gdn_stage layer=24 stage=gates_recur_gated_norm seq_len=1 start_pos=69 elapsed_ms=0.361
kiln_profile_gdn_stage layer=24 stage=post_transpose seq_len=1 start_pos=69 elapsed_ms=0.001
kiln_profile_gdn_stage layer=24 stage=gated_norm seq_len=1 start_pos=69 elapsed_ms=0.005
kiln_profile_gdn_stage layer=24 stage=out_proj seq_len=1 start_pos=69 elapsed_ms=0.682
kiln_profile_mlp_stage layer=24 stage=gate_up_fused seq_len=1 start_pos=69 elapsed_ms=1.819
kiln_profile_mlp_stage layer=24 stage=down_proj seq_len=1 start_pos=69 elapsed_ms=1.131
kiln_profile_gdn_stage layer=25 stage=in_proj seq_len=1 start_pos=69 elapsed_ms=1.398
kiln_profile_gdn_stage layer=25 stage=qkv_conv_norm seq_len=1 start_pos=69 elapsed_ms=0.329
kiln_profile_gdn_stage layer=25 stage=gates_recur_gated_norm seq_len=1 start_pos=69 elapsed_ms=0.431
kiln_profile_gdn_stage layer=25 stage=post_transpose seq_len=1 start_pos=69 elapsed_ms=0.001
kiln_profile_gdn_stage layer=25 stage=gated_norm seq_len=1 start_pos=69 elapsed_ms=0.003
kiln_profile_gdn_stage layer=25 stage=out_proj seq_len=1 start_pos=69 elapsed_ms=0.728
kiln_profile_mlp_stage layer=25 stage=gate_up_fused seq_len=1 start_pos=69 elapsed_ms=2.024
kiln_profile_mlp_stage layer=25 stage=down_proj seq_len=1 start_pos=69 elapsed_ms=1.709
kiln_profile_gdn_stage layer=26 stage=in_proj seq_len=1 start_pos=69 elapsed_ms=1.621
kiln_profile_gdn_stage layer=26 stage=qkv_conv_norm seq_len=1 start_pos=69 elapsed_ms=0.259
kiln_profile_gdn_stage layer=26 stage=gates_recur_gated_norm seq_len=1 start_pos=69 elapsed_ms=0.348
kiln_profile_gdn_stage layer=26 stage=post_transpose seq_len=1 start_pos=69 elapsed_ms=0.000
kiln_profile_gdn_stage layer=26 stage=gated_norm seq_len=1 start_pos=69 elapsed_ms=0.003
kiln_profile_gdn_stage layer=26 stage=out_proj seq_len=1 start_pos=69 elapsed_ms=0.696
kiln_profile_mlp_stage layer=26 stage=gate_up_fused seq_len=1 start_pos=69 elapsed_ms=1.889
kiln_profile_mlp_stage layer=26 stage=down_proj seq_len=1 start_pos=69 elapsed_ms=1.131
kiln_profile_full_attn_stage full_attn_layer=6 stage=qkv_proj seq_len=1 start_pos=69 elapsed_ms=1.362
kiln_profile_full_attn_stage full_attn_layer=6 stage=qkv_split seq_len=1 start_pos=69 elapsed_ms=0.251
kiln_profile_full_attn_stage full_attn_layer=6 stage=qk_norm seq_len=1 start_pos=69 elapsed_ms=0.219
kiln_profile_full_attn_stage full_attn_layer=6 stage=rope seq_len=1 start_pos=69 elapsed_ms=0.209
kiln_profile_full_attn_stage full_attn_layer=6 stage=q_transpose seq_len=1 start_pos=69 elapsed_ms=0.002
kiln_profile_full_attn_stage full_attn_layer=6 stage=kv_write seq_len=1 start_pos=69 elapsed_ms=0.245
kiln_profile_full_attn_stage full_attn_layer=6 stage=decode_attn_contiguous seq_len=1 start_pos=69 elapsed_ms=0.231
kiln_profile_full_attn_stage full_attn_layer=6 stage=attn_gate seq_len=1 start_pos=69 elapsed_ms=0.211
kiln_profile_full_attn_stage full_attn_layer=6 stage=o_proj seq_len=1 start_pos=69 elapsed_ms=0.673
kiln_profile_mlp_stage layer=27 stage=gate_up_fused seq_len=1 start_pos=69 elapsed_ms=1.860
kiln_profile_mlp_stage layer=27 stage=down_proj seq_len=1 start_pos=69 elapsed_ms=1.128
kiln_profile_gdn_stage layer=28 stage=in_proj seq_len=1 start_pos=69 elapsed_ms=1.348
kiln_profile_gdn_stage layer=28 stage=qkv_conv_norm seq_len=1 start_pos=69 elapsed_ms=0.218
kiln_profile_gdn_stage layer=28 stage=gates_recur_gated_norm seq_len=1 start_pos=69 elapsed_ms=0.316
kiln_profile_gdn_stage layer=28 stage=post_transpose seq_len=1 start_pos=69 elapsed_ms=0.000
kiln_profile_gdn_stage layer=28 stage=gated_norm seq_len=1 start_pos=69 elapsed_ms=0.001
kiln_profile_gdn_stage layer=28 stage=out_proj seq_len=1 start_pos=69 elapsed_ms=0.631
kiln_profile_mlp_stage layer=28 stage=gate_up_fused seq_len=1 start_pos=69 elapsed_ms=1.773
kiln_profile_mlp_stage layer=28 stage=down_proj seq_len=1 start_pos=69 elapsed_ms=1.098
kiln_profile_gdn_stage layer=29 stage=in_proj seq_len=1 start_pos=69 elapsed_ms=1.347
kiln_profile_gdn_stage layer=29 stage=qkv_conv_norm seq_len=1 start_pos=69 elapsed_ms=0.199
kiln_profile_gdn_stage layer=29 stage=gates_recur_gated_norm seq_len=1 start_pos=69 elapsed_ms=0.285
kiln_profile_gdn_stage layer=29 stage=post_transpose seq_len=1 start_pos=69 elapsed_ms=0.000
kiln_profile_gdn_stage layer=29 stage=gated_norm seq_len=1 start_pos=69 elapsed_ms=0.001
kiln_profile_gdn_stage layer=29 stage=out_proj seq_len=1 start_pos=69 elapsed_ms=0.638
kiln_profile_mlp_stage layer=29 stage=gate_up_fused seq_len=1 start_pos=69 elapsed_ms=1.839
kiln_profile_mlp_stage layer=29 stage=down_proj seq_len=1 start_pos=69 elapsed_ms=1.078
kiln_profile_gdn_stage layer=30 stage=in_proj seq_len=1 start_pos=69 elapsed_ms=1.343
kiln_profile_gdn_stage layer=30 stage=qkv_conv_norm seq_len=1 start_pos=69 elapsed_ms=0.236
kiln_profile_gdn_stage layer=30 stage=gates_recur_gated_norm seq_len=1 start_pos=69 elapsed_ms=0.299
kiln_profile_gdn_stage layer=30 stage=post_transpose seq_len=1 start_pos=69 elapsed_ms=0.000
kiln_profile_gdn_stage layer=30 stage=gated_norm seq_len=1 start_pos=69 elapsed_ms=0.001
kiln_profile_gdn_stage layer=30 stage=out_proj seq_len=1 start_pos=69 elapsed_ms=0.629
kiln_profile_mlp_stage layer=30 stage=gate_up_fused seq_len=1 start_pos=69 elapsed_ms=1.854
kiln_profile_mlp_stage layer=30 stage=down_proj seq_len=1 start_pos=69 elapsed_ms=1.688
kiln_profile_full_attn_stage full_attn_layer=7 stage=qkv_proj seq_len=1 start_pos=69 elapsed_ms=1.344
kiln_profile_full_attn_stage full_attn_layer=7 stage=qkv_split seq_len=1 start_pos=69 elapsed_ms=0.240
kiln_profile_full_attn_stage full_attn_layer=7 stage=qk_norm seq_len=1 start_pos=69 elapsed_ms=0.291
kiln_profile_full_attn_stage full_attn_layer=7 stage=rope seq_len=1 start_pos=69 elapsed_ms=0.179
kiln_profile_full_attn_stage full_attn_layer=7 stage=q_transpose seq_len=1 start_pos=69 elapsed_ms=0.001
kiln_profile_full_attn_stage full_attn_layer=7 stage=kv_write seq_len=1 start_pos=69 elapsed_ms=0.211
kiln_profile_full_attn_stage full_attn_layer=7 stage=decode_attn_contiguous seq_len=1 start_pos=69 elapsed_ms=0.255
kiln_profile_full_attn_stage full_attn_layer=7 stage=attn_gate seq_len=1 start_pos=69 elapsed_ms=0.205
kiln_profile_full_attn_stage full_attn_layer=7 stage=o_proj seq_len=1 start_pos=69 elapsed_ms=0.773
kiln_profile_mlp_stage layer=31 stage=gate_up_fused seq_len=1 start_pos=69 elapsed_ms=1.880
kiln_profile_mlp_stage layer=31 stage=down_proj seq_len=1 start_pos=69 elapsed_ms=1.112
kiln_profile_gdn_stage layer=0 stage=in_proj seq_len=1 start_pos=70 elapsed_ms=1.332
kiln_profile_gdn_stage layer=0 stage=qkv_conv_norm seq_len=1 start_pos=70 elapsed_ms=0.212
kiln_profile_gdn_stage layer=0 stage=gates_recur_gated_norm seq_len=1 start_pos=70 elapsed_ms=0.288
kiln_profile_gdn_stage layer=0 stage=post_transpose seq_len=1 start_pos=70 elapsed_ms=0.000
kiln_profile_gdn_stage layer=0 stage=gated_norm seq_len=1 start_pos=70 elapsed_ms=0.001
kiln_profile_gdn_stage layer=0 stage=out_proj seq_len=1 start_pos=70 elapsed_ms=0.650
kiln_profile_mlp_stage layer=0 stage=gate_up_fused seq_len=1 start_pos=70 elapsed_ms=1.833
kiln_profile_mlp_stage layer=0 stage=down_proj seq_len=1 start_pos=70 elapsed_ms=1.077
kiln_profile_gdn_stage layer=1 stage=in_proj seq_len=1 start_pos=70 elapsed_ms=1.394
kiln_profile_gdn_stage layer=1 stage=qkv_conv_norm seq_len=1 start_pos=70 elapsed_ms=0.196
kiln_profile_gdn_stage layer=1 stage=gates_recur_gated_norm seq_len=1 start_pos=70 elapsed_ms=0.279
kiln_profile_gdn_stage layer=1 stage=post_transpose seq_len=1 start_pos=70 elapsed_ms=0.000
kiln_profile_gdn_stage layer=1 stage=gated_norm seq_len=1 start_pos=70 elapsed_ms=0.001
kiln_profile_gdn_stage layer=1 stage=out_proj seq_len=1 start_pos=70 elapsed_ms=0.634
kiln_profile_mlp_stage layer=1 stage=gate_up_fused seq_len=1 start_pos=70 elapsed_ms=1.832
kiln_profile_mlp_stage layer=1 stage=down_proj seq_len=1 start_pos=70 elapsed_ms=1.079
kiln_profile_gdn_stage layer=2 stage=in_proj seq_len=1 start_pos=70 elapsed_ms=1.365
kiln_profile_gdn_stage layer=2 stage=qkv_conv_norm seq_len=1 start_pos=70 elapsed_ms=0.224
kiln_profile_gdn_stage layer=2 stage=gates_recur_gated_norm seq_len=1 start_pos=70 elapsed_ms=0.292
kiln_profile_gdn_stage layer=2 stage=post_transpose seq_len=1 start_pos=70 elapsed_ms=0.000
kiln_profile_gdn_stage layer=2 stage=gated_norm seq_len=1 start_pos=70 elapsed_ms=0.001
kiln_profile_gdn_stage layer=2 stage=out_proj seq_len=1 start_pos=70 elapsed_ms=0.663
kiln_profile_mlp_stage layer=2 stage=gate_up_fused seq_len=1 start_pos=70 elapsed_ms=1.800
kiln_profile_mlp_stage layer=2 stage=down_proj seq_len=1 start_pos=70 elapsed_ms=1.084
kiln_profile_full_attn_stage full_attn_layer=0 stage=qkv_proj seq_len=1 start_pos=70 elapsed_ms=1.279
kiln_profile_full_attn_stage full_attn_layer=0 stage=qkv_split seq_len=1 start_pos=70 elapsed_ms=0.271
kiln_profile_full_attn_stage full_attn_layer=0 stage=qk_norm seq_len=1 start_pos=70 elapsed_ms=0.242
kiln_profile_full_attn_stage full_attn_layer=0 stage=rope seq_len=1 start_pos=70 elapsed_ms=0.204
kiln_profile_full_attn_stage full_attn_layer=0 stage=q_transpose seq_len=1 start_pos=70 elapsed_ms=0.001
kiln_profile_full_attn_stage full_attn_layer=0 stage=kv_write seq_len=1 start_pos=70 elapsed_ms=0.210
kiln_profile_full_attn_stage full_attn_layer=0 stage=decode_attn_contiguous seq_len=1 start_pos=70 elapsed_ms=0.245
kiln_profile_full_attn_stage full_attn_layer=0 stage=attn_gate seq_len=1 start_pos=70 elapsed_ms=0.219
kiln_profile_full_attn_stage full_attn_layer=0 stage=o_proj seq_len=1 start_pos=70 elapsed_ms=0.644
kiln_profile_mlp_stage layer=3 stage=gate_up_fused seq_len=1 start_pos=70 elapsed_ms=1.770
kiln_profile_mlp_stage layer=3 stage=down_proj seq_len=1 start_pos=70 elapsed_ms=1.091
kiln_profile_gdn_stage layer=4 stage=in_proj seq_len=1 start_pos=70 elapsed_ms=1.855
kiln_profile_gdn_stage layer=4 stage=qkv_conv_norm seq_len=1 start_pos=70 elapsed_ms=0.206
kiln_profile_gdn_stage layer=4 stage=gates_recur_gated_norm seq_len=1 start_pos=70 elapsed_ms=0.285
kiln_profile_gdn_stage layer=4 stage=post_transpose seq_len=1 start_pos=70 elapsed_ms=0.000
kiln_profile_gdn_stage layer=4 stage=gated_norm seq_len=1 start_pos=70 elapsed_ms=0.001
kiln_profile_gdn_stage layer=4 stage=out_proj seq_len=1 start_pos=70 elapsed_ms=0.623
kiln_profile_mlp_stage layer=4 stage=gate_up_fused seq_len=1 start_pos=70 elapsed_ms=1.897
kiln_profile_mlp_stage layer=4 stage=down_proj seq_len=1 start_pos=70 elapsed_ms=1.107
kiln_profile_gdn_stage layer=5 stage=in_proj seq_len=1 start_pos=70 elapsed_ms=1.387
kiln_profile_gdn_stage layer=5 stage=qkv_conv_norm seq_len=1 start_pos=70 elapsed_ms=0.211
kiln_profile_gdn_stage layer=5 stage=gates_recur_gated_norm seq_len=1 start_pos=70 elapsed_ms=0.274
kiln_profile_gdn_stage layer=5 stage=post_transpose seq_len=1 start_pos=70 elapsed_ms=0.000
kiln_profile_gdn_stage layer=5 stage=gated_norm seq_len=1 start_pos=70 elapsed_ms=0.001
kiln_profile_gdn_stage layer=5 stage=out_proj seq_len=1 start_pos=70 elapsed_ms=0.673
kiln_profile_mlp_stage layer=5 stage=gate_up_fused seq_len=1 start_pos=70 elapsed_ms=1.768
kiln_profile_mlp_stage layer=5 stage=down_proj seq_len=1 start_pos=70 elapsed_ms=1.105
kiln_profile_gdn_stage layer=6 stage=in_proj seq_len=1 start_pos=70 elapsed_ms=1.295
kiln_profile_gdn_stage layer=6 stage=qkv_conv_norm seq_len=1 start_pos=70 elapsed_ms=0.201
kiln_profile_gdn_stage layer=6 stage=gates_recur_gated_norm seq_len=1 start_pos=70 elapsed_ms=0.334
kiln_profile_gdn_stage layer=6 stage=post_transpose seq_len=1 start_pos=70 elapsed_ms=0.000
kiln_profile_gdn_stage layer=6 stage=gated_norm seq_len=1 start_pos=70 elapsed_ms=0.002
kiln_profile_gdn_stage layer=6 stage=out_proj seq_len=1 start_pos=70 elapsed_ms=0.671
kiln_profile_mlp_stage layer=6 stage=gate_up_fused seq_len=1 start_pos=70 elapsed_ms=1.783
kiln_profile_mlp_stage layer=6 stage=down_proj seq_len=1 start_pos=70 elapsed_ms=1.140
kiln_profile_full_attn_stage full_attn_layer=1 stage=qkv_proj seq_len=1 start_pos=70 elapsed_ms=1.313
kiln_profile_full_attn_stage full_attn_layer=1 stage=qkv_split seq_len=1 start_pos=70 elapsed_ms=0.310
kiln_profile_full_attn_stage full_attn_layer=1 stage=qk_norm seq_len=1 start_pos=70 elapsed_ms=0.292
kiln_profile_full_attn_stage full_attn_layer=1 stage=rope seq_len=1 start_pos=70 elapsed_ms=0.255
kiln_profile_full_attn_stage full_attn_layer=1 stage=q_transpose seq_len=1 start_pos=70 elapsed_ms=0.002
kiln_profile_full_attn_stage full_attn_layer=1 stage=kv_write seq_len=1 start_pos=70 elapsed_ms=0.272
kiln_profile_full_attn_stage full_attn_layer=1 stage=decode_attn_contiguous seq_len=1 start_pos=70 elapsed_ms=0.324
kiln_profile_full_attn_stage full_attn_layer=1 stage=attn_gate seq_len=1 start_pos=70 elapsed_ms=0.317
kiln_profile_full_attn_stage full_attn_layer=1 stage=o_proj seq_len=1 start_pos=70 elapsed_ms=0.676
kiln_profile_mlp_stage layer=7 stage=gate_up_fused seq_len=1 start_pos=70 elapsed_ms=1.835
kiln_profile_mlp_stage layer=7 stage=down_proj seq_len=1 start_pos=70 elapsed_ms=1.143
kiln_profile_gdn_stage layer=8 stage=in_proj seq_len=1 start_pos=70 elapsed_ms=1.388
kiln_profile_gdn_stage layer=8 stage=qkv_conv_norm seq_len=1 start_pos=70 elapsed_ms=0.285
kiln_profile_gdn_stage layer=8 stage=gates_recur_gated_norm seq_len=1 start_pos=70 elapsed_ms=0.357
kiln_profile_gdn_stage layer=8 stage=post_transpose seq_len=1 start_pos=70 elapsed_ms=0.000
kiln_profile_gdn_stage layer=8 stage=gated_norm seq_len=1 start_pos=70 elapsed_ms=0.002
kiln_profile_gdn_stage layer=8 stage=out_proj seq_len=1 start_pos=70 elapsed_ms=0.692
kiln_profile_mlp_stage layer=8 stage=gate_up_fused seq_len=1 start_pos=70 elapsed_ms=1.927
kiln_profile_mlp_stage layer=8 stage=down_proj seq_len=1 start_pos=70 elapsed_ms=1.603
kiln_profile_gdn_stage layer=9 stage=in_proj seq_len=1 start_pos=70 elapsed_ms=1.379
kiln_profile_gdn_stage layer=9 stage=qkv_conv_norm seq_len=1 start_pos=70 elapsed_ms=0.236
kiln_profile_gdn_stage layer=9 stage=gates_recur_gated_norm seq_len=1 start_pos=70 elapsed_ms=0.347
kiln_profile_gdn_stage layer=9 stage=post_transpose seq_len=1 start_pos=70 elapsed_ms=0.000
kiln_profile_gdn_stage layer=9 stage=gated_norm seq_len=1 start_pos=70 elapsed_ms=0.002
kiln_profile_gdn_stage layer=9 stage=out_proj seq_len=1 start_pos=70 elapsed_ms=0.653
kiln_profile_mlp_stage layer=9 stage=gate_up_fused seq_len=1 start_pos=70 elapsed_ms=1.970
kiln_profile_mlp_stage layer=9 stage=down_proj seq_len=1 start_pos=70 elapsed_ms=1.291
kiln_profile_gdn_stage layer=10 stage=in_proj seq_len=1 start_pos=70 elapsed_ms=1.345
kiln_profile_gdn_stage layer=10 stage=qkv_conv_norm seq_len=1 start_pos=70 elapsed_ms=0.231
kiln_profile_gdn_stage layer=10 stage=gates_recur_gated_norm seq_len=1 start_pos=70 elapsed_ms=0.313
kiln_profile_gdn_stage layer=10 stage=post_transpose seq_len=1 start_pos=70 elapsed_ms=0.000
kiln_profile_gdn_stage layer=10 stage=gated_norm seq_len=1 start_pos=70 elapsed_ms=0.002
kiln_profile_gdn_stage layer=10 stage=out_proj seq_len=1 start_pos=70 elapsed_ms=0.710
kiln_profile_mlp_stage layer=10 stage=gate_up_fused seq_len=1 start_pos=70 elapsed_ms=1.776
kiln_profile_mlp_stage layer=10 stage=down_proj seq_len=1 start_pos=70 elapsed_ms=1.079
kiln_profile_full_attn_stage full_attn_layer=2 stage=qkv_proj seq_len=1 start_pos=70 elapsed_ms=1.291
kiln_profile_full_attn_stage full_attn_layer=2 stage=qkv_split seq_len=1 start_pos=70 elapsed_ms=0.248
kiln_profile_full_attn_stage full_attn_layer=2 stage=qk_norm seq_len=1 start_pos=70 elapsed_ms=0.201
kiln_profile_full_attn_stage full_attn_layer=2 stage=rope seq_len=1 start_pos=70 elapsed_ms=0.185
kiln_profile_full_attn_stage full_attn_layer=2 stage=q_transpose seq_len=1 start_pos=70 elapsed_ms=0.002
kiln_profile_full_attn_stage full_attn_layer=2 stage=kv_write seq_len=1 start_pos=70 elapsed_ms=0.203
kiln_profile_full_attn_stage full_attn_layer=2 stage=decode_attn_contiguous seq_len=1 start_pos=70 elapsed_ms=0.258
kiln_profile_full_attn_stage full_attn_layer=2 stage=attn_gate seq_len=1 start_pos=70 elapsed_ms=0.240
kiln_profile_full_attn_stage full_attn_layer=2 stage=o_proj seq_len=1 start_pos=70 elapsed_ms=0.684
kiln_profile_mlp_stage layer=11 stage=gate_up_fused seq_len=1 start_pos=70 elapsed_ms=1.817
kiln_profile_mlp_stage layer=11 stage=down_proj seq_len=1 start_pos=70 elapsed_ms=1.126
kiln_profile_gdn_stage layer=12 stage=in_proj seq_len=1 start_pos=70 elapsed_ms=1.304
kiln_profile_gdn_stage layer=12 stage=qkv_conv_norm seq_len=1 start_pos=70 elapsed_ms=0.241
kiln_profile_gdn_stage layer=12 stage=gates_recur_gated_norm seq_len=1 start_pos=70 elapsed_ms=0.360
kiln_profile_gdn_stage layer=12 stage=post_transpose seq_len=1 start_pos=70 elapsed_ms=0.000
kiln_profile_gdn_stage layer=12 stage=gated_norm seq_len=1 start_pos=70 elapsed_ms=0.001
kiln_profile_gdn_stage layer=12 stage=out_proj seq_len=1 start_pos=70 elapsed_ms=0.698
kiln_profile_mlp_stage layer=12 stage=gate_up_fused seq_len=1 start_pos=70 elapsed_ms=1.785
kiln_profile_mlp_stage layer=12 stage=down_proj seq_len=1 start_pos=70 elapsed_ms=1.120
kiln_profile_gdn_stage layer=13 stage=in_proj seq_len=1 start_pos=70 elapsed_ms=1.290
kiln_profile_gdn_stage layer=13 stage=qkv_conv_norm seq_len=1 start_pos=70 elapsed_ms=0.251
kiln_profile_gdn_stage layer=13 stage=gates_recur_gated_norm seq_len=1 start_pos=70 elapsed_ms=0.308
kiln_profile_gdn_stage layer=13 stage=post_transpose seq_len=1 start_pos=70 elapsed_ms=0.000
kiln_profile_gdn_stage layer=13 stage=gated_norm seq_len=1 start_pos=70 elapsed_ms=0.001
kiln_profile_gdn_stage layer=13 stage=out_proj seq_len=1 start_pos=70 elapsed_ms=0.643
kiln_profile_mlp_stage layer=13 stage=gate_up_fused seq_len=1 start_pos=70 elapsed_ms=2.035
kiln_profile_mlp_stage layer=13 stage=down_proj seq_len=1 start_pos=70 elapsed_ms=1.541
kiln_profile_gdn_stage layer=14 stage=in_proj seq_len=1 start_pos=70 elapsed_ms=1.342
kiln_profile_gdn_stage layer=14 stage=qkv_conv_norm seq_len=1 start_pos=70 elapsed_ms=0.279
kiln_profile_gdn_stage layer=14 stage=gates_recur_gated_norm seq_len=1 start_pos=70 elapsed_ms=0.361
kiln_profile_gdn_stage layer=14 stage=post_transpose seq_len=1 start_pos=70 elapsed_ms=0.000
kiln_profile_gdn_stage layer=14 stage=gated_norm seq_len=1 start_pos=70 elapsed_ms=0.002
kiln_profile_gdn_stage layer=14 stage=out_proj seq_len=1 start_pos=70 elapsed_ms=0.686
kiln_profile_mlp_stage layer=14 stage=gate_up_fused seq_len=1 start_pos=70 elapsed_ms=1.818
kiln_profile_mlp_stage layer=14 stage=down_proj seq_len=1 start_pos=70 elapsed_ms=1.109
kiln_profile_full_attn_stage full_attn_layer=3 stage=qkv_proj seq_len=1 start_pos=70 elapsed_ms=1.298
kiln_profile_full_attn_stage full_attn_layer=3 stage=qkv_split seq_len=1 start_pos=70 elapsed_ms=0.269
kiln_profile_full_attn_stage full_attn_layer=3 stage=qk_norm seq_len=1 start_pos=70 elapsed_ms=0.227
kiln_profile_full_attn_stage full_attn_layer=3 stage=rope seq_len=1 start_pos=70 elapsed_ms=0.245
kiln_profile_full_attn_stage full_attn_layer=3 stage=q_transpose seq_len=1 start_pos=70 elapsed_ms=0.001
kiln_profile_full_attn_stage full_attn_layer=3 stage=kv_write seq_len=1 start_pos=70 elapsed_ms=0.240
kiln_profile_full_attn_stage full_attn_layer=3 stage=decode_attn_contiguous seq_len=1 start_pos=70 elapsed_ms=0.274
kiln_profile_full_attn_stage full_attn_layer=3 stage=attn_gate seq_len=1 start_pos=70 elapsed_ms=0.215
kiln_profile_full_attn_stage full_attn_layer=3 stage=o_proj seq_len=1 start_pos=70 elapsed_ms=0.659
kiln_profile_mlp_stage layer=15 stage=gate_up_fused seq_len=1 start_pos=70 elapsed_ms=1.830
kiln_profile_mlp_stage layer=15 stage=down_proj seq_len=1 start_pos=70 elapsed_ms=1.144
kiln_profile_gdn_stage layer=16 stage=in_proj seq_len=1 start_pos=70 elapsed_ms=1.334
kiln_profile_gdn_stage layer=16 stage=qkv_conv_norm seq_len=1 start_pos=70 elapsed_ms=0.303
kiln_profile_gdn_stage layer=16 stage=gates_recur_gated_norm seq_len=1 start_pos=70 elapsed_ms=0.368
kiln_profile_gdn_stage layer=16 stage=post_transpose seq_len=1 start_pos=70 elapsed_ms=0.000
kiln_profile_gdn_stage layer=16 stage=gated_norm seq_len=1 start_pos=70 elapsed_ms=0.002
kiln_profile_gdn_stage layer=16 stage=out_proj seq_len=1 start_pos=70 elapsed_ms=0.645
kiln_profile_mlp_stage layer=16 stage=gate_up_fused seq_len=1 start_pos=70 elapsed_ms=1.817
kiln_profile_mlp_stage layer=16 stage=down_proj seq_len=1 start_pos=70 elapsed_ms=1.117
kiln_profile_gdn_stage layer=17 stage=in_proj seq_len=1 start_pos=70 elapsed_ms=1.319
kiln_profile_gdn_stage layer=17 stage=qkv_conv_norm seq_len=1 start_pos=70 elapsed_ms=0.235
kiln_profile_gdn_stage layer=17 stage=gates_recur_gated_norm seq_len=1 start_pos=70 elapsed_ms=0.314
kiln_profile_gdn_stage layer=17 stage=post_transpose seq_len=1 start_pos=70 elapsed_ms=0.000
kiln_profile_gdn_stage layer=17 stage=gated_norm seq_len=1 start_pos=70 elapsed_ms=0.002
kiln_profile_gdn_stage layer=17 stage=out_proj seq_len=1 start_pos=70 elapsed_ms=0.677
kiln_profile_mlp_stage layer=17 stage=gate_up_fused seq_len=1 start_pos=70 elapsed_ms=1.849
kiln_profile_mlp_stage layer=17 stage=down_proj seq_len=1 start_pos=70 elapsed_ms=1.093
kiln_profile_gdn_stage layer=18 stage=in_proj seq_len=1 start_pos=70 elapsed_ms=1.379
kiln_profile_gdn_stage layer=18 stage=qkv_conv_norm seq_len=1 start_pos=70 elapsed_ms=0.223
kiln_profile_gdn_stage layer=18 stage=gates_recur_gated_norm seq_len=1 start_pos=70 elapsed_ms=0.311
kiln_profile_gdn_stage layer=18 stage=post_transpose seq_len=1 start_pos=70 elapsed_ms=0.000
kiln_profile_gdn_stage layer=18 stage=gated_norm seq_len=1 start_pos=70 elapsed_ms=0.002
kiln_profile_gdn_stage layer=18 stage=out_proj seq_len=1 start_pos=70 elapsed_ms=0.700
kiln_profile_mlp_stage layer=18 stage=gate_up_fused seq_len=1 start_pos=70 elapsed_ms=2.318
kiln_profile_mlp_stage layer=18 stage=down_proj seq_len=1 start_pos=70 elapsed_ms=1.162
kiln_profile_full_attn_stage full_attn_layer=4 stage=qkv_proj seq_len=1 start_pos=70 elapsed_ms=1.289
kiln_profile_full_attn_stage full_attn_layer=4 stage=qkv_split seq_len=1 start_pos=70 elapsed_ms=0.294
kiln_profile_full_attn_stage full_attn_layer=4 stage=qk_norm seq_len=1 start_pos=70 elapsed_ms=0.245
kiln_profile_full_attn_stage full_attn_layer=4 stage=rope seq_len=1 start_pos=70 elapsed_ms=0.208
kiln_profile_full_attn_stage full_attn_layer=4 stage=q_transpose seq_len=1 start_pos=70 elapsed_ms=0.002
kiln_profile_full_attn_stage full_attn_layer=4 stage=kv_write seq_len=1 start_pos=70 elapsed_ms=0.231
kiln_profile_full_attn_stage full_attn_layer=4 stage=decode_attn_contiguous seq_len=1 start_pos=70 elapsed_ms=0.266
kiln_profile_full_attn_stage full_attn_layer=4 stage=attn_gate seq_len=1 start_pos=70 elapsed_ms=0.224
kiln_profile_full_attn_stage full_attn_layer=4 stage=o_proj seq_len=1 start_pos=70 elapsed_ms=0.668
kiln_profile_mlp_stage layer=19 stage=gate_up_fused seq_len=1 start_pos=70 elapsed_ms=1.936
kiln_profile_mlp_stage layer=19 stage=down_proj seq_len=1 start_pos=70 elapsed_ms=1.195
kiln_profile_gdn_stage layer=20 stage=in_proj seq_len=1 start_pos=70 elapsed_ms=1.317
kiln_profile_gdn_stage layer=20 stage=qkv_conv_norm seq_len=1 start_pos=70 elapsed_ms=0.255
kiln_profile_gdn_stage layer=20 stage=gates_recur_gated_norm seq_len=1 start_pos=70 elapsed_ms=0.324
kiln_profile_gdn_stage layer=20 stage=post_transpose seq_len=1 start_pos=70 elapsed_ms=0.000
kiln_profile_gdn_stage layer=20 stage=gated_norm seq_len=1 start_pos=70 elapsed_ms=0.002
kiln_profile_gdn_stage layer=20 stage=out_proj seq_len=1 start_pos=70 elapsed_ms=0.674
kiln_profile_mlp_stage layer=20 stage=gate_up_fused seq_len=1 start_pos=70 elapsed_ms=1.837
kiln_profile_mlp_stage layer=20 stage=down_proj seq_len=1 start_pos=70 elapsed_ms=1.118
kiln_profile_gdn_stage layer=21 stage=in_proj seq_len=1 start_pos=70 elapsed_ms=1.361
kiln_profile_gdn_stage layer=21 stage=qkv_conv_norm seq_len=1 start_pos=70 elapsed_ms=0.288
kiln_profile_gdn_stage layer=21 stage=gates_recur_gated_norm seq_len=1 start_pos=70 elapsed_ms=0.384
kiln_profile_gdn_stage layer=21 stage=post_transpose seq_len=1 start_pos=70 elapsed_ms=0.000
kiln_profile_gdn_stage layer=21 stage=gated_norm seq_len=1 start_pos=70 elapsed_ms=0.002
kiln_profile_gdn_stage layer=21 stage=out_proj seq_len=1 start_pos=70 elapsed_ms=0.740
kiln_profile_mlp_stage layer=21 stage=gate_up_fused seq_len=1 start_pos=70 elapsed_ms=1.844
kiln_profile_mlp_stage layer=21 stage=down_proj seq_len=1 start_pos=70 elapsed_ms=1.151
kiln_profile_gdn_stage layer=22 stage=in_proj seq_len=1 start_pos=70 elapsed_ms=1.357
kiln_profile_gdn_stage layer=22 stage=qkv_conv_norm seq_len=1 start_pos=70 elapsed_ms=0.268
kiln_profile_gdn_stage layer=22 stage=gates_recur_gated_norm seq_len=1 start_pos=70 elapsed_ms=0.364
kiln_profile_gdn_stage layer=22 stage=post_transpose seq_len=1 start_pos=70 elapsed_ms=0.000
kiln_profile_gdn_stage layer=22 stage=gated_norm seq_len=1 start_pos=70 elapsed_ms=0.002
kiln_profile_gdn_stage layer=22 stage=out_proj seq_len=1 start_pos=70 elapsed_ms=0.724
kiln_profile_mlp_stage layer=22 stage=gate_up_fused seq_len=1 start_pos=70 elapsed_ms=1.837
kiln_profile_mlp_stage layer=22 stage=down_proj seq_len=1 start_pos=70 elapsed_ms=1.137
kiln_profile_full_attn_stage full_attn_layer=5 stage=qkv_proj seq_len=1 start_pos=70 elapsed_ms=1.995
kiln_profile_full_attn_stage full_attn_layer=5 stage=qkv_split seq_len=1 start_pos=70 elapsed_ms=0.711
kiln_profile_full_attn_stage full_attn_layer=5 stage=qk_norm seq_len=1 start_pos=70 elapsed_ms=0.274
kiln_profile_full_attn_stage full_attn_layer=5 stage=rope seq_len=1 start_pos=70 elapsed_ms=0.247
kiln_profile_full_attn_stage full_attn_layer=5 stage=q_transpose seq_len=1 start_pos=70 elapsed_ms=0.002
kiln_profile_full_attn_stage full_attn_layer=5 stage=kv_write seq_len=1 start_pos=70 elapsed_ms=0.192
kiln_profile_full_attn_stage full_attn_layer=5 stage=decode_attn_contiguous seq_len=1 start_pos=70 elapsed_ms=0.250
kiln_profile_full_attn_stage full_attn_layer=5 stage=attn_gate seq_len=1 start_pos=70 elapsed_ms=0.236
kiln_profile_full_attn_stage full_attn_layer=5 stage=o_proj seq_len=1 start_pos=70 elapsed_ms=0.669
kiln_profile_mlp_stage layer=23 stage=gate_up_fused seq_len=1 start_pos=70 elapsed_ms=1.842
kiln_profile_mlp_stage layer=23 stage=down_proj seq_len=1 start_pos=70 elapsed_ms=1.088
kiln_profile_gdn_stage layer=24 stage=in_proj seq_len=1 start_pos=70 elapsed_ms=1.337
kiln_profile_gdn_stage layer=24 stage=qkv_conv_norm seq_len=1 start_pos=70 elapsed_ms=0.248
kiln_profile_gdn_stage layer=24 stage=gates_recur_gated_norm seq_len=1 start_pos=70 elapsed_ms=0.356
kiln_profile_gdn_stage layer=24 stage=post_transpose seq_len=1 start_pos=70 elapsed_ms=0.000
kiln_profile_gdn_stage layer=24 stage=gated_norm seq_len=1 start_pos=70 elapsed_ms=0.002
kiln_profile_gdn_stage layer=24 stage=out_proj seq_len=1 start_pos=70 elapsed_ms=0.649
kiln_profile_mlp_stage layer=24 stage=gate_up_fused seq_len=1 start_pos=70 elapsed_ms=1.774
kiln_profile_mlp_stage layer=24 stage=down_proj seq_len=1 start_pos=70 elapsed_ms=1.193
kiln_profile_gdn_stage layer=25 stage=in_proj seq_len=1 start_pos=70 elapsed_ms=1.403
kiln_profile_gdn_stage layer=25 stage=qkv_conv_norm seq_len=1 start_pos=70 elapsed_ms=0.265
kiln_profile_gdn_stage layer=25 stage=gates_recur_gated_norm seq_len=1 start_pos=70 elapsed_ms=0.365
kiln_profile_gdn_stage layer=25 stage=post_transpose seq_len=1 start_pos=70 elapsed_ms=0.000
kiln_profile_gdn_stage layer=25 stage=gated_norm seq_len=1 start_pos=70 elapsed_ms=0.003
kiln_profile_gdn_stage layer=25 stage=out_proj seq_len=1 start_pos=70 elapsed_ms=0.706
kiln_profile_mlp_stage layer=25 stage=gate_up_fused seq_len=1 start_pos=70 elapsed_ms=1.944
kiln_profile_mlp_stage layer=25 stage=down_proj seq_len=1 start_pos=70 elapsed_ms=1.080
kiln_profile_gdn_stage layer=26 stage=in_proj seq_len=1 start_pos=70 elapsed_ms=1.401
kiln_profile_gdn_stage layer=26 stage=qkv_conv_norm seq_len=1 start_pos=70 elapsed_ms=0.201
kiln_profile_gdn_stage layer=26 stage=gates_recur_gated_norm seq_len=1 start_pos=70 elapsed_ms=0.326
kiln_profile_gdn_stage layer=26 stage=post_transpose seq_len=1 start_pos=70 elapsed_ms=0.000
kiln_profile_gdn_stage layer=26 stage=gated_norm seq_len=1 start_pos=70 elapsed_ms=0.002
kiln_profile_gdn_stage layer=26 stage=out_proj seq_len=1 start_pos=70 elapsed_ms=0.699
kiln_profile_mlp_stage layer=26 stage=gate_up_fused seq_len=1 start_pos=70 elapsed_ms=1.873
kiln_profile_mlp_stage layer=26 stage=down_proj seq_len=1 start_pos=70 elapsed_ms=1.108
kiln_profile_full_attn_stage full_attn_layer=6 stage=qkv_proj seq_len=1 start_pos=70 elapsed_ms=1.313
kiln_profile_full_attn_stage full_attn_layer=6 stage=qkv_split seq_len=1 start_pos=70 elapsed_ms=0.252
kiln_profile_full_attn_stage full_attn_layer=6 stage=qk_norm seq_len=1 start_pos=70 elapsed_ms=0.206
kiln_profile_full_attn_stage full_attn_layer=6 stage=rope seq_len=1 start_pos=70 elapsed_ms=0.213
kiln_profile_full_attn_stage full_attn_layer=6 stage=q_transpose seq_len=1 start_pos=70 elapsed_ms=0.001
kiln_profile_full_attn_stage full_attn_layer=6 stage=kv_write seq_len=1 start_pos=70 elapsed_ms=0.199
kiln_profile_full_attn_stage full_attn_layer=6 stage=decode_attn_contiguous seq_len=1 start_pos=70 elapsed_ms=0.225
kiln_profile_full_attn_stage full_attn_layer=6 stage=attn_gate seq_len=1 start_pos=70 elapsed_ms=0.173
kiln_profile_full_attn_stage full_attn_layer=6 stage=o_proj seq_len=1 start_pos=70 elapsed_ms=0.778
kiln_profile_mlp_stage layer=27 stage=gate_up_fused seq_len=1 start_pos=70 elapsed_ms=2.860
kiln_profile_mlp_stage layer=27 stage=down_proj seq_len=1 start_pos=70 elapsed_ms=1.097
kiln_profile_gdn_stage layer=28 stage=in_proj seq_len=1 start_pos=70 elapsed_ms=1.419
kiln_profile_gdn_stage layer=28 stage=qkv_conv_norm seq_len=1 start_pos=70 elapsed_ms=0.254
kiln_profile_gdn_stage layer=28 stage=gates_recur_gated_norm seq_len=1 start_pos=70 elapsed_ms=0.315
kiln_profile_gdn_stage layer=28 stage=post_transpose seq_len=1 start_pos=70 elapsed_ms=0.000
kiln_profile_gdn_stage layer=28 stage=gated_norm seq_len=1 start_pos=70 elapsed_ms=0.002
kiln_profile_gdn_stage layer=28 stage=out_proj seq_len=1 start_pos=70 elapsed_ms=0.720
kiln_profile_mlp_stage layer=28 stage=gate_up_fused seq_len=1 start_pos=70 elapsed_ms=1.807
kiln_profile_mlp_stage layer=28 stage=down_proj seq_len=1 start_pos=70 elapsed_ms=1.109
kiln_profile_gdn_stage layer=29 stage=in_proj seq_len=1 start_pos=70 elapsed_ms=1.331
kiln_profile_gdn_stage layer=29 stage=qkv_conv_norm seq_len=1 start_pos=70 elapsed_ms=0.332
kiln_profile_gdn_stage layer=29 stage=gates_recur_gated_norm seq_len=1 start_pos=70 elapsed_ms=0.408
kiln_profile_gdn_stage layer=29 stage=post_transpose seq_len=1 start_pos=70 elapsed_ms=0.000
kiln_profile_gdn_stage layer=29 stage=gated_norm seq_len=1 start_pos=70 elapsed_ms=0.002
kiln_profile_gdn_stage layer=29 stage=out_proj seq_len=1 start_pos=70 elapsed_ms=0.737
kiln_profile_mlp_stage layer=29 stage=gate_up_fused seq_len=1 start_pos=70 elapsed_ms=1.882
kiln_profile_mlp_stage layer=29 stage=down_proj seq_len=1 start_pos=70 elapsed_ms=1.126
kiln_profile_gdn_stage layer=30 stage=in_proj seq_len=1 start_pos=70 elapsed_ms=1.368
kiln_profile_gdn_stage layer=30 stage=qkv_conv_norm seq_len=1 start_pos=70 elapsed_ms=0.280
kiln_profile_gdn_stage layer=30 stage=gates_recur_gated_norm seq_len=1 start_pos=70 elapsed_ms=0.367
kiln_profile_gdn_stage layer=30 stage=post_transpose seq_len=1 start_pos=70 elapsed_ms=0.000
kiln_profile_gdn_stage layer=30 stage=gated_norm seq_len=1 start_pos=70 elapsed_ms=0.002
kiln_profile_gdn_stage layer=30 stage=out_proj seq_len=1 start_pos=70 elapsed_ms=0.774
kiln_profile_mlp_stage layer=30 stage=gate_up_fused seq_len=1 start_pos=70 elapsed_ms=1.834
kiln_profile_mlp_stage layer=30 stage=down_proj seq_len=1 start_pos=70 elapsed_ms=1.123
kiln_profile_full_attn_stage full_attn_layer=7 stage=qkv_proj seq_len=1 start_pos=70 elapsed_ms=1.389
kiln_profile_full_attn_stage full_attn_layer=7 stage=qkv_split seq_len=1 start_pos=70 elapsed_ms=0.343
kiln_profile_full_attn_stage full_attn_layer=7 stage=qk_norm seq_len=1 start_pos=70 elapsed_ms=0.283
kiln_profile_full_attn_stage full_attn_layer=7 stage=rope seq_len=1 start_pos=70 elapsed_ms=0.272
kiln_profile_full_attn_stage full_attn_layer=7 stage=q_transpose seq_len=1 start_pos=70 elapsed_ms=0.002
kiln_profile_full_attn_stage full_attn_layer=7 stage=kv_write seq_len=1 start_pos=70 elapsed_ms=0.292
kiln_profile_full_attn_stage full_attn_layer=7 stage=decode_attn_contiguous seq_len=1 start_pos=70 elapsed_ms=0.287
kiln_profile_full_attn_stage full_attn_layer=7 stage=attn_gate seq_len=1 start_pos=70 elapsed_ms=0.425
kiln_profile_full_attn_stage full_attn_layer=7 stage=o_proj seq_len=1 start_pos=70 elapsed_ms=0.837
kiln_profile_mlp_stage layer=31 stage=gate_up_fused seq_len=1 start_pos=70 elapsed_ms=1.949
kiln_profile_mlp_stage layer=31 stage=down_proj seq_len=1 start_pos=70 elapsed_ms=1.143
kiln_profile_gdn_stage layer=0 stage=in_proj seq_len=1 start_pos=71 elapsed_ms=1.567
kiln_profile_gdn_stage layer=0 stage=qkv_conv_norm seq_len=1 start_pos=71 elapsed_ms=0.683
kiln_profile_gdn_stage layer=0 stage=gates_recur_gated_norm seq_len=1 start_pos=71 elapsed_ms=1.020
kiln_profile_gdn_stage layer=0 stage=post_transpose seq_len=1 start_pos=71 elapsed_ms=0.001
kiln_profile_gdn_stage layer=0 stage=gated_norm seq_len=1 start_pos=71 elapsed_ms=0.007
kiln_profile_gdn_stage layer=0 stage=out_proj seq_len=1 start_pos=71 elapsed_ms=0.821
kiln_profile_mlp_stage layer=0 stage=gate_up_fused seq_len=1 start_pos=71 elapsed_ms=1.876
kiln_profile_mlp_stage layer=0 stage=down_proj seq_len=1 start_pos=71 elapsed_ms=1.155
kiln_profile_gdn_stage layer=1 stage=in_proj seq_len=1 start_pos=71 elapsed_ms=1.444
kiln_profile_gdn_stage layer=1 stage=qkv_conv_norm seq_len=1 start_pos=71 elapsed_ms=0.268
kiln_profile_gdn_stage layer=1 stage=gates_recur_gated_norm seq_len=1 start_pos=71 elapsed_ms=0.386
kiln_profile_gdn_stage layer=1 stage=post_transpose seq_len=1 start_pos=71 elapsed_ms=0.001
kiln_profile_gdn_stage layer=1 stage=gated_norm seq_len=1 start_pos=71 elapsed_ms=0.003
kiln_profile_gdn_stage layer=1 stage=out_proj seq_len=1 start_pos=71 elapsed_ms=0.693
kiln_profile_mlp_stage layer=1 stage=gate_up_fused seq_len=1 start_pos=71 elapsed_ms=1.841
kiln_profile_mlp_stage layer=1 stage=down_proj seq_len=1 start_pos=71 elapsed_ms=1.127
kiln_profile_gdn_stage layer=2 stage=in_proj seq_len=1 start_pos=71 elapsed_ms=1.350
kiln_profile_gdn_stage layer=2 stage=qkv_conv_norm seq_len=1 start_pos=71 elapsed_ms=0.294
kiln_profile_gdn_stage layer=2 stage=gates_recur_gated_norm seq_len=1 start_pos=71 elapsed_ms=0.375
kiln_profile_gdn_stage layer=2 stage=post_transpose seq_len=1 start_pos=71 elapsed_ms=0.002
kiln_profile_gdn_stage layer=2 stage=gated_norm seq_len=1 start_pos=71 elapsed_ms=0.010
kiln_profile_gdn_stage layer=2 stage=out_proj seq_len=1 start_pos=71 elapsed_ms=0.782
kiln_profile_mlp_stage layer=2 stage=gate_up_fused seq_len=1 start_pos=71 elapsed_ms=1.863
kiln_profile_mlp_stage layer=2 stage=down_proj seq_len=1 start_pos=71 elapsed_ms=1.175
kiln_profile_full_attn_stage full_attn_layer=0 stage=qkv_proj seq_len=1 start_pos=71 elapsed_ms=1.391
kiln_profile_full_attn_stage full_attn_layer=0 stage=qkv_split seq_len=1 start_pos=71 elapsed_ms=0.383
kiln_profile_full_attn_stage full_attn_layer=0 stage=qk_norm seq_len=1 start_pos=71 elapsed_ms=0.336
kiln_profile_full_attn_stage full_attn_layer=0 stage=rope seq_len=1 start_pos=71 elapsed_ms=0.310
kiln_profile_full_attn_stage full_attn_layer=0 stage=q_transpose seq_len=1 start_pos=71 elapsed_ms=0.003
kiln_profile_full_attn_stage full_attn_layer=0 stage=kv_write seq_len=1 start_pos=71 elapsed_ms=0.275
kiln_profile_full_attn_stage full_attn_layer=0 stage=decode_attn_contiguous seq_len=1 start_pos=71 elapsed_ms=0.323
kiln_profile_full_attn_stage full_attn_layer=0 stage=attn_gate seq_len=1 start_pos=71 elapsed_ms=0.229
kiln_profile_full_attn_stage full_attn_layer=0 stage=o_proj seq_len=1 start_pos=71 elapsed_ms=0.689
kiln_profile_mlp_stage layer=3 stage=gate_up_fused seq_len=1 start_pos=71 elapsed_ms=1.820
kiln_profile_mlp_stage layer=3 stage=down_proj seq_len=1 start_pos=71 elapsed_ms=1.118
kiln_profile_gdn_stage layer=4 stage=in_proj seq_len=1 start_pos=71 elapsed_ms=1.359
kiln_profile_gdn_stage layer=4 stage=qkv_conv_norm seq_len=1 start_pos=71 elapsed_ms=0.318
kiln_profile_gdn_stage layer=4 stage=gates_recur_gated_norm seq_len=1 start_pos=71 elapsed_ms=0.353
kiln_profile_gdn_stage layer=4 stage=post_transpose seq_len=1 start_pos=71 elapsed_ms=0.001
kiln_profile_gdn_stage layer=4 stage=gated_norm seq_len=1 start_pos=71 elapsed_ms=0.005
kiln_profile_gdn_stage layer=4 stage=out_proj seq_len=1 start_pos=71 elapsed_ms=1.780
kiln_profile_mlp_stage layer=4 stage=gate_up_fused seq_len=1 start_pos=71 elapsed_ms=1.919
kiln_profile_mlp_stage layer=4 stage=down_proj seq_len=1 start_pos=71 elapsed_ms=1.188
kiln_profile_gdn_stage layer=5 stage=in_proj seq_len=1 start_pos=71 elapsed_ms=1.392
kiln_profile_gdn_stage layer=5 stage=qkv_conv_norm seq_len=1 start_pos=71 elapsed_ms=0.349
kiln_profile_gdn_stage layer=5 stage=gates_recur_gated_norm seq_len=1 start_pos=71 elapsed_ms=0.433
kiln_profile_gdn_stage layer=5 stage=post_transpose seq_len=1 start_pos=71 elapsed_ms=0.003
kiln_profile_gdn_stage layer=5 stage=gated_norm seq_len=1 start_pos=71 elapsed_ms=0.006
kiln_profile_gdn_stage layer=5 stage=out_proj seq_len=1 start_pos=71 elapsed_ms=0.761
kiln_profile_mlp_stage layer=5 stage=gate_up_fused seq_len=1 start_pos=71 elapsed_ms=1.860
kiln_profile_mlp_stage layer=5 stage=down_proj seq_len=1 start_pos=71 elapsed_ms=1.185
kiln_profile_gdn_stage layer=6 stage=in_proj seq_len=1 start_pos=71 elapsed_ms=1.404
kiln_profile_gdn_stage layer=6 stage=qkv_conv_norm seq_len=1 start_pos=71 elapsed_ms=0.326
kiln_profile_gdn_stage layer=6 stage=gates_recur_gated_norm seq_len=1 start_pos=71 elapsed_ms=0.414
kiln_profile_gdn_stage layer=6 stage=post_transpose seq_len=1 start_pos=71 elapsed_ms=0.001
kiln_profile_gdn_stage layer=6 stage=gated_norm seq_len=1 start_pos=71 elapsed_ms=0.004
kiln_profile_gdn_stage layer=6 stage=out_proj seq_len=1 start_pos=71 elapsed_ms=0.776
kiln_profile_mlp_stage layer=6 stage=gate_up_fused seq_len=1 start_pos=71 elapsed_ms=1.864
kiln_profile_mlp_stage layer=6 stage=down_proj seq_len=1 start_pos=71 elapsed_ms=1.191
kiln_profile_full_attn_stage full_attn_layer=1 stage=qkv_proj seq_len=1 start_pos=71 elapsed_ms=1.385
kiln_profile_full_attn_stage full_attn_layer=1 stage=qkv_split seq_len=1 start_pos=71 elapsed_ms=0.372
kiln_profile_full_attn_stage full_attn_layer=1 stage=qk_norm seq_len=1 start_pos=71 elapsed_ms=0.328
kiln_profile_full_attn_stage full_attn_layer=1 stage=rope seq_len=1 start_pos=71 elapsed_ms=0.395
kiln_profile_full_attn_stage full_attn_layer=1 stage=q_transpose seq_len=1 start_pos=71 elapsed_ms=0.009
kiln_profile_full_attn_stage full_attn_layer=1 stage=kv_write seq_len=1 start_pos=71 elapsed_ms=0.302
kiln_profile_full_attn_stage full_attn_layer=1 stage=decode_attn_contiguous seq_len=1 start_pos=71 elapsed_ms=0.332
kiln_profile_full_attn_stage full_attn_layer=1 stage=attn_gate seq_len=1 start_pos=71 elapsed_ms=0.320
kiln_profile_full_attn_stage full_attn_layer=1 stage=o_proj seq_len=1 start_pos=71 elapsed_ms=0.716
kiln_profile_mlp_stage layer=7 stage=gate_up_fused seq_len=1 start_pos=71 elapsed_ms=1.905
kiln_profile_mlp_stage layer=7 stage=down_proj seq_len=1 start_pos=71 elapsed_ms=1.264
kiln_profile_gdn_stage layer=8 stage=in_proj seq_len=1 start_pos=71 elapsed_ms=1.486
kiln_profile_gdn_stage layer=8 stage=qkv_conv_norm seq_len=1 start_pos=71 elapsed_ms=0.485
kiln_profile_gdn_stage layer=8 stage=gates_recur_gated_norm seq_len=1 start_pos=71 elapsed_ms=0.706
kiln_profile_gdn_stage layer=8 stage=post_transpose seq_len=1 start_pos=71 elapsed_ms=0.001
kiln_profile_gdn_stage layer=8 stage=gated_norm seq_len=1 start_pos=71 elapsed_ms=0.011
kiln_profile_gdn_stage layer=8 stage=out_proj seq_len=1 start_pos=71 elapsed_ms=1.326
kiln_profile_mlp_stage layer=8 stage=gate_up_fused seq_len=1 start_pos=71 elapsed_ms=2.107
kiln_profile_mlp_stage layer=8 stage=down_proj seq_len=1 start_pos=71 elapsed_ms=1.314
kiln_profile_gdn_stage layer=9 stage=in_proj seq_len=1 start_pos=71 elapsed_ms=1.442
kiln_profile_gdn_stage layer=9 stage=qkv_conv_norm seq_len=1 start_pos=71 elapsed_ms=0.327
kiln_profile_gdn_stage layer=9 stage=gates_recur_gated_norm seq_len=1 start_pos=71 elapsed_ms=0.370
kiln_profile_gdn_stage layer=9 stage=post_transpose seq_len=1 start_pos=71 elapsed_ms=0.002
kiln_profile_gdn_stage layer=9 stage=gated_norm seq_len=1 start_pos=71 elapsed_ms=0.004
kiln_profile_gdn_stage layer=9 stage=out_proj seq_len=1 start_pos=71 elapsed_ms=0.767
kiln_profile_mlp_stage layer=9 stage=gate_up_fused seq_len=1 start_pos=71 elapsed_ms=1.926
kiln_profile_mlp_stage layer=9 stage=down_proj seq_len=1 start_pos=71 elapsed_ms=1.258
kiln_profile_gdn_stage layer=10 stage=in_proj seq_len=1 start_pos=71 elapsed_ms=1.470
kiln_profile_gdn_stage layer=10 stage=qkv_conv_norm seq_len=1 start_pos=71 elapsed_ms=0.344
kiln_profile_gdn_stage layer=10 stage=gates_recur_gated_norm seq_len=1 start_pos=71 elapsed_ms=0.361
kiln_profile_gdn_stage layer=10 stage=post_transpose seq_len=1 start_pos=71 elapsed_ms=0.002
kiln_profile_gdn_stage layer=10 stage=gated_norm seq_len=1 start_pos=71 elapsed_ms=0.003
kiln_profile_gdn_stage layer=10 stage=out_proj seq_len=1 start_pos=71 elapsed_ms=0.741
kiln_profile_mlp_stage layer=10 stage=gate_up_fused seq_len=1 start_pos=71 elapsed_ms=1.780
kiln_profile_mlp_stage layer=10 stage=down_proj seq_len=1 start_pos=71 elapsed_ms=1.104
kiln_profile_full_attn_stage full_attn_layer=2 stage=qkv_proj seq_len=1 start_pos=71 elapsed_ms=1.317
kiln_profile_full_attn_stage full_attn_layer=2 stage=qkv_split seq_len=1 start_pos=71 elapsed_ms=0.298
kiln_profile_full_attn_stage full_attn_layer=2 stage=qk_norm seq_len=1 start_pos=71 elapsed_ms=0.348
kiln_profile_full_attn_stage full_attn_layer=2 stage=rope seq_len=1 start_pos=71 elapsed_ms=0.329
kiln_profile_full_attn_stage full_attn_layer=2 stage=q_transpose seq_len=1 start_pos=71 elapsed_ms=0.005
kiln_profile_full_attn_stage full_attn_layer=2 stage=kv_write seq_len=1 start_pos=71 elapsed_ms=0.309
kiln_profile_full_attn_stage full_attn_layer=2 stage=decode_attn_contiguous seq_len=1 start_pos=71 elapsed_ms=0.371
kiln_profile_full_attn_stage full_attn_layer=2 stage=attn_gate seq_len=1 start_pos=71 elapsed_ms=0.309
kiln_profile_full_attn_stage full_attn_layer=2 stage=o_proj seq_len=1 start_pos=71 elapsed_ms=0.731
kiln_profile_mlp_stage layer=11 stage=gate_up_fused seq_len=1 start_pos=71 elapsed_ms=1.852
kiln_profile_mlp_stage layer=11 stage=down_proj seq_len=1 start_pos=71 elapsed_ms=1.224
kiln_profile_gdn_stage layer=12 stage=in_proj seq_len=1 start_pos=71 elapsed_ms=1.483
kiln_profile_gdn_stage layer=12 stage=qkv_conv_norm seq_len=1 start_pos=71 elapsed_ms=0.404
kiln_profile_gdn_stage layer=12 stage=gates_recur_gated_norm seq_len=1 start_pos=71 elapsed_ms=0.608
kiln_profile_gdn_stage layer=12 stage=post_transpose seq_len=1 start_pos=71 elapsed_ms=0.002
kiln_profile_gdn_stage layer=12 stage=gated_norm seq_len=1 start_pos=71 elapsed_ms=0.004
kiln_profile_gdn_stage layer=12 stage=out_proj seq_len=1 start_pos=71 elapsed_ms=1.028
kiln_profile_mlp_stage layer=12 stage=gate_up_fused seq_len=1 start_pos=71 elapsed_ms=1.840
kiln_profile_mlp_stage layer=12 stage=down_proj seq_len=1 start_pos=71 elapsed_ms=1.229
kiln_profile_gdn_stage layer=13 stage=in_proj seq_len=1 start_pos=71 elapsed_ms=1.441
kiln_profile_gdn_stage layer=13 stage=qkv_conv_norm seq_len=1 start_pos=71 elapsed_ms=0.587
kiln_profile_gdn_stage layer=13 stage=gates_recur_gated_norm seq_len=1 start_pos=71 elapsed_ms=0.461
kiln_profile_gdn_stage layer=13 stage=post_transpose seq_len=1 start_pos=71 elapsed_ms=0.005
kiln_profile_gdn_stage layer=13 stage=gated_norm seq_len=1 start_pos=71 elapsed_ms=0.009
kiln_profile_gdn_stage layer=13 stage=out_proj seq_len=1 start_pos=71 elapsed_ms=0.836
kiln_profile_mlp_stage layer=13 stage=gate_up_fused seq_len=1 start_pos=71 elapsed_ms=1.877
kiln_profile_mlp_stage layer=13 stage=down_proj seq_len=1 start_pos=71 elapsed_ms=1.330
kiln_profile_gdn_stage layer=14 stage=in_proj seq_len=1 start_pos=71 elapsed_ms=1.452
kiln_profile_gdn_stage layer=14 stage=qkv_conv_norm seq_len=1 start_pos=71 elapsed_ms=0.375
kiln_profile_gdn_stage layer=14 stage=gates_recur_gated_norm seq_len=1 start_pos=71 elapsed_ms=0.412
kiln_profile_gdn_stage layer=14 stage=post_transpose seq_len=1 start_pos=71 elapsed_ms=0.003
kiln_profile_gdn_stage layer=14 stage=gated_norm seq_len=1 start_pos=71 elapsed_ms=0.006
kiln_profile_gdn_stage layer=14 stage=out_proj seq_len=1 start_pos=71 elapsed_ms=0.876
kiln_profile_mlp_stage layer=14 stage=gate_up_fused seq_len=1 start_pos=71 elapsed_ms=1.838
kiln_profile_mlp_stage layer=14 stage=down_proj seq_len=1 start_pos=71 elapsed_ms=1.267
kiln_profile_full_attn_stage full_attn_layer=3 stage=qkv_proj seq_len=1 start_pos=71 elapsed_ms=1.382
kiln_profile_full_attn_stage full_attn_layer=3 stage=qkv_split seq_len=1 start_pos=71 elapsed_ms=0.316
kiln_profile_full_attn_stage full_attn_layer=3 stage=qk_norm seq_len=1 start_pos=71 elapsed_ms=0.272
kiln_profile_full_attn_stage full_attn_layer=3 stage=rope seq_len=1 start_pos=71 elapsed_ms=0.220
kiln_profile_full_attn_stage full_attn_layer=3 stage=q_transpose seq_len=1 start_pos=71 elapsed_ms=0.002
kiln_profile_full_attn_stage full_attn_layer=3 stage=kv_write seq_len=1 start_pos=71 elapsed_ms=0.208
kiln_profile_full_attn_stage full_attn_layer=3 stage=decode_attn_contiguous seq_len=1 start_pos=71 elapsed_ms=0.231
kiln_profile_full_attn_stage full_attn_layer=3 stage=attn_gate seq_len=1 start_pos=71 elapsed_ms=0.196
kiln_profile_full_attn_stage full_attn_layer=3 stage=o_proj seq_len=1 start_pos=71 elapsed_ms=0.799
kiln_profile_mlp_stage layer=15 stage=gate_up_fused seq_len=1 start_pos=71 elapsed_ms=1.880
kiln_profile_mlp_stage layer=15 stage=down_proj seq_len=1 start_pos=71 elapsed_ms=1.141
kiln_profile_gdn_stage layer=16 stage=in_proj seq_len=1 start_pos=71 elapsed_ms=1.439
kiln_profile_gdn_stage layer=16 stage=qkv_conv_norm seq_len=1 start_pos=71 elapsed_ms=0.800
kiln_profile_gdn_stage layer=16 stage=gates_recur_gated_norm seq_len=1 start_pos=71 elapsed_ms=0.542
kiln_profile_gdn_stage layer=16 stage=post_transpose seq_len=1 start_pos=71 elapsed_ms=0.000
kiln_profile_gdn_stage layer=16 stage=gated_norm seq_len=1 start_pos=71 elapsed_ms=0.002
kiln_profile_gdn_stage layer=16 stage=out_proj seq_len=1 start_pos=71 elapsed_ms=0.840
kiln_profile_mlp_stage layer=16 stage=gate_up_fused seq_len=1 start_pos=71 elapsed_ms=1.903
kiln_profile_mlp_stage layer=16 stage=down_proj seq_len=1 start_pos=71 elapsed_ms=1.211
kiln_profile_gdn_stage layer=17 stage=in_proj seq_len=1 start_pos=71 elapsed_ms=1.426
kiln_profile_gdn_stage layer=17 stage=qkv_conv_norm seq_len=1 start_pos=71 elapsed_ms=0.333
kiln_profile_gdn_stage layer=17 stage=gates_recur_gated_norm seq_len=1 start_pos=71 elapsed_ms=0.452
kiln_profile_gdn_stage layer=17 stage=post_transpose seq_len=1 start_pos=71 elapsed_ms=0.001
kiln_profile_gdn_stage layer=17 stage=gated_norm seq_len=1 start_pos=71 elapsed_ms=0.006
kiln_profile_gdn_stage layer=17 stage=out_proj seq_len=1 start_pos=71 elapsed_ms=0.794
kiln_profile_mlp_stage layer=17 stage=gate_up_fused seq_len=1 start_pos=71 elapsed_ms=1.850
kiln_profile_mlp_stage layer=17 stage=down_proj seq_len=1 start_pos=71 elapsed_ms=1.214
kiln_profile_gdn_stage layer=18 stage=in_proj seq_len=1 start_pos=71 elapsed_ms=1.466
kiln_profile_gdn_stage layer=18 stage=qkv_conv_norm seq_len=1 start_pos=71 elapsed_ms=0.350
kiln_profile_gdn_stage layer=18 stage=gates_recur_gated_norm seq_len=1 start_pos=71 elapsed_ms=0.398
kiln_profile_gdn_stage layer=18 stage=post_transpose seq_len=1 start_pos=71 elapsed_ms=0.001
kiln_profile_gdn_stage layer=18 stage=gated_norm seq_len=1 start_pos=71 elapsed_ms=0.010
kiln_profile_gdn_stage layer=18 stage=out_proj seq_len=1 start_pos=71 elapsed_ms=0.860
kiln_profile_mlp_stage layer=18 stage=gate_up_fused seq_len=1 start_pos=71 elapsed_ms=1.847
kiln_profile_mlp_stage layer=18 stage=down_proj seq_len=1 start_pos=71 elapsed_ms=1.239
kiln_profile_full_attn_stage full_attn_layer=4 stage=qkv_proj seq_len=1 start_pos=71 elapsed_ms=1.381
kiln_profile_full_attn_stage full_attn_layer=4 stage=qkv_split seq_len=1 start_pos=71 elapsed_ms=0.395
kiln_profile_full_attn_stage full_attn_layer=4 stage=qk_norm seq_len=1 start_pos=71 elapsed_ms=0.364
kiln_profile_full_attn_stage full_attn_layer=4 stage=rope seq_len=1 start_pos=71 elapsed_ms=0.347
kiln_profile_full_attn_stage full_attn_layer=4 stage=q_transpose seq_len=1 start_pos=71 elapsed_ms=0.009
kiln_profile_full_attn_stage full_attn_layer=4 stage=kv_write seq_len=1 start_pos=71 elapsed_ms=0.249
kiln_profile_full_attn_stage full_attn_layer=4 stage=decode_attn_contiguous seq_len=1 start_pos=71 elapsed_ms=0.296
kiln_profile_full_attn_stage full_attn_layer=4 stage=attn_gate seq_len=1 start_pos=71 elapsed_ms=0.249
kiln_profile_full_attn_stage full_attn_layer=4 stage=o_proj seq_len=1 start_pos=71 elapsed_ms=0.764
kiln_profile_mlp_stage layer=19 stage=gate_up_fused seq_len=1 start_pos=71 elapsed_ms=1.936
kiln_profile_mlp_stage layer=19 stage=down_proj seq_len=1 start_pos=71 elapsed_ms=1.368
kiln_profile_gdn_stage layer=20 stage=in_proj seq_len=1 start_pos=71 elapsed_ms=1.776
kiln_profile_gdn_stage layer=20 stage=qkv_conv_norm seq_len=1 start_pos=71 elapsed_ms=0.394
kiln_profile_gdn_stage layer=20 stage=gates_recur_gated_norm seq_len=1 start_pos=71 elapsed_ms=0.628
kiln_profile_gdn_stage layer=20 stage=post_transpose seq_len=1 start_pos=71 elapsed_ms=0.001
kiln_profile_gdn_stage layer=20 stage=gated_norm seq_len=1 start_pos=71 elapsed_ms=0.006
kiln_profile_gdn_stage layer=20 stage=out_proj seq_len=1 start_pos=71 elapsed_ms=0.920
kiln_profile_mlp_stage layer=20 stage=gate_up_fused seq_len=1 start_pos=71 elapsed_ms=1.979
kiln_profile_mlp_stage layer=20 stage=down_proj seq_len=1 start_pos=71 elapsed_ms=1.268
kiln_profile_gdn_stage layer=21 stage=in_proj seq_len=1 start_pos=71 elapsed_ms=1.460
kiln_profile_gdn_stage layer=21 stage=qkv_conv_norm seq_len=1 start_pos=71 elapsed_ms=0.360
kiln_profile_gdn_stage layer=21 stage=gates_recur_gated_norm seq_len=1 start_pos=71 elapsed_ms=0.438
kiln_profile_gdn_stage layer=21 stage=post_transpose seq_len=1 start_pos=71 elapsed_ms=0.001
kiln_profile_gdn_stage layer=21 stage=gated_norm seq_len=1 start_pos=71 elapsed_ms=0.006
kiln_profile_gdn_stage layer=21 stage=out_proj seq_len=1 start_pos=71 elapsed_ms=0.828
kiln_profile_mlp_stage layer=21 stage=gate_up_fused seq_len=1 start_pos=71 elapsed_ms=1.855
kiln_profile_mlp_stage layer=21 stage=down_proj seq_len=1 start_pos=71 elapsed_ms=1.258
kiln_profile_gdn_stage layer=22 stage=in_proj seq_len=1 start_pos=71 elapsed_ms=1.671
kiln_profile_gdn_stage layer=22 stage=qkv_conv_norm seq_len=1 start_pos=71 elapsed_ms=0.473
kiln_profile_gdn_stage layer=22 stage=gates_recur_gated_norm seq_len=1 start_pos=71 elapsed_ms=0.381
kiln_profile_gdn_stage layer=22 stage=post_transpose seq_len=1 start_pos=71 elapsed_ms=0.001
kiln_profile_gdn_stage layer=22 stage=gated_norm seq_len=1 start_pos=71 elapsed_ms=0.003
kiln_profile_gdn_stage layer=22 stage=out_proj seq_len=1 start_pos=71 elapsed_ms=0.810
kiln_profile_mlp_stage layer=22 stage=gate_up_fused seq_len=1 start_pos=71 elapsed_ms=1.838
kiln_profile_mlp_stage layer=22 stage=down_proj seq_len=1 start_pos=71 elapsed_ms=1.182
kiln_profile_full_attn_stage full_attn_layer=5 stage=qkv_proj seq_len=1 start_pos=71 elapsed_ms=1.317
kiln_profile_full_attn_stage full_attn_layer=5 stage=qkv_split seq_len=1 start_pos=71 elapsed_ms=0.284
kiln_profile_full_attn_stage full_attn_layer=5 stage=qk_norm seq_len=1 start_pos=71 elapsed_ms=0.252
kiln_profile_full_attn_stage full_attn_layer=5 stage=rope seq_len=1 start_pos=71 elapsed_ms=0.213
kiln_profile_full_attn_stage full_attn_layer=5 stage=q_transpose seq_len=1 start_pos=71 elapsed_ms=0.002
kiln_profile_full_attn_stage full_attn_layer=5 stage=kv_write seq_len=1 start_pos=71 elapsed_ms=0.291
kiln_profile_full_attn_stage full_attn_layer=5 stage=decode_attn_contiguous seq_len=1 start_pos=71 elapsed_ms=0.285
kiln_profile_full_attn_stage full_attn_layer=5 stage=attn_gate seq_len=1 start_pos=71 elapsed_ms=0.235
kiln_profile_full_attn_stage full_attn_layer=5 stage=o_proj seq_len=1 start_pos=71 elapsed_ms=0.750
kiln_profile_mlp_stage layer=23 stage=gate_up_fused seq_len=1 start_pos=71 elapsed_ms=1.901
kiln_profile_mlp_stage layer=23 stage=down_proj seq_len=1 start_pos=71 elapsed_ms=1.229
kiln_profile_gdn_stage layer=24 stage=in_proj seq_len=1 start_pos=71 elapsed_ms=1.554
kiln_profile_gdn_stage layer=24 stage=qkv_conv_norm seq_len=1 start_pos=71 elapsed_ms=0.365
kiln_profile_gdn_stage layer=24 stage=gates_recur_gated_norm seq_len=1 start_pos=71 elapsed_ms=0.541
kiln_profile_gdn_stage layer=24 stage=post_transpose seq_len=1 start_pos=71 elapsed_ms=0.001
kiln_profile_gdn_stage layer=24 stage=gated_norm seq_len=1 start_pos=71 elapsed_ms=0.004
kiln_profile_gdn_stage layer=24 stage=out_proj seq_len=1 start_pos=71 elapsed_ms=1.501
kiln_profile_mlp_stage layer=24 stage=gate_up_fused seq_len=1 start_pos=71 elapsed_ms=2.364
kiln_profile_mlp_stage layer=24 stage=down_proj seq_len=1 start_pos=71 elapsed_ms=1.329
kiln_profile_gdn_stage layer=25 stage=in_proj seq_len=1 start_pos=71 elapsed_ms=1.555
kiln_profile_gdn_stage layer=25 stage=qkv_conv_norm seq_len=1 start_pos=71 elapsed_ms=0.291
kiln_profile_gdn_stage layer=25 stage=gates_recur_gated_norm seq_len=1 start_pos=71 elapsed_ms=0.519
kiln_profile_gdn_stage layer=25 stage=post_transpose seq_len=1 start_pos=71 elapsed_ms=0.000
kiln_profile_gdn_stage layer=25 stage=gated_norm seq_len=1 start_pos=71 elapsed_ms=0.002
kiln_profile_gdn_stage layer=25 stage=out_proj seq_len=1 start_pos=71 elapsed_ms=0.713
kiln_profile_mlp_stage layer=25 stage=gate_up_fused seq_len=1 start_pos=71 elapsed_ms=1.812
kiln_profile_mlp_stage layer=25 stage=down_proj seq_len=1 start_pos=71 elapsed_ms=1.085
kiln_profile_gdn_stage layer=26 stage=in_proj seq_len=1 start_pos=71 elapsed_ms=1.466
kiln_profile_gdn_stage layer=26 stage=qkv_conv_norm seq_len=1 start_pos=71 elapsed_ms=0.272
kiln_profile_gdn_stage layer=26 stage=gates_recur_gated_norm seq_len=1 start_pos=71 elapsed_ms=0.391
kiln_profile_gdn_stage layer=26 stage=post_transpose seq_len=1 start_pos=71 elapsed_ms=0.000
kiln_profile_gdn_stage layer=26 stage=gated_norm seq_len=1 start_pos=71 elapsed_ms=0.002
kiln_profile_gdn_stage layer=26 stage=out_proj seq_len=1 start_pos=71 elapsed_ms=0.747
kiln_profile_mlp_stage layer=26 stage=gate_up_fused seq_len=1 start_pos=71 elapsed_ms=1.821
kiln_profile_mlp_stage layer=26 stage=down_proj seq_len=1 start_pos=71 elapsed_ms=1.131
kiln_profile_full_attn_stage full_attn_layer=6 stage=qkv_proj seq_len=1 start_pos=71 elapsed_ms=1.313
kiln_profile_full_attn_stage full_attn_layer=6 stage=qkv_split seq_len=1 start_pos=71 elapsed_ms=0.310
kiln_profile_full_attn_stage full_attn_layer=6 stage=qk_norm seq_len=1 start_pos=71 elapsed_ms=0.268
kiln_profile_full_attn_stage full_attn_layer=6 stage=rope seq_len=1 start_pos=71 elapsed_ms=0.332
kiln_profile_full_attn_stage full_attn_layer=6 stage=q_transpose seq_len=1 start_pos=71 elapsed_ms=0.013
kiln_profile_full_attn_stage full_attn_layer=6 stage=kv_write seq_len=1 start_pos=71 elapsed_ms=0.265
kiln_profile_full_attn_stage full_attn_layer=6 stage=decode_attn_contiguous seq_len=1 start_pos=71 elapsed_ms=0.294
kiln_profile_full_attn_stage full_attn_layer=6 stage=attn_gate seq_len=1 start_pos=71 elapsed_ms=0.236
kiln_profile_full_attn_stage full_attn_layer=6 stage=o_proj seq_len=1 start_pos=71 elapsed_ms=0.899
kiln_profile_mlp_stage layer=27 stage=gate_up_fused seq_len=1 start_pos=71 elapsed_ms=2.468
kiln_profile_mlp_stage layer=27 stage=down_proj seq_len=1 start_pos=71 elapsed_ms=1.567
kiln_profile_gdn_stage layer=28 stage=in_proj seq_len=1 start_pos=71 elapsed_ms=1.686
kiln_profile_gdn_stage layer=28 stage=qkv_conv_norm seq_len=1 start_pos=71 elapsed_ms=1.121
kiln_profile_gdn_stage layer=28 stage=gates_recur_gated_norm seq_len=1 start_pos=71 elapsed_ms=1.375
kiln_profile_gdn_stage layer=28 stage=post_transpose seq_len=1 start_pos=71 elapsed_ms=0.000
kiln_profile_gdn_stage layer=28 stage=gated_norm seq_len=1 start_pos=71 elapsed_ms=0.002
kiln_profile_gdn_stage layer=28 stage=out_proj seq_len=1 start_pos=71 elapsed_ms=1.555
kiln_profile_mlp_stage layer=28 stage=gate_up_fused seq_len=1 start_pos=71 elapsed_ms=2.164
kiln_profile_mlp_stage layer=28 stage=down_proj seq_len=1 start_pos=71 elapsed_ms=1.194
kiln_profile_gdn_stage layer=29 stage=in_proj seq_len=1 start_pos=71 elapsed_ms=2.029
kiln_profile_gdn_stage layer=29 stage=qkv_conv_norm seq_len=1 start_pos=71 elapsed_ms=0.294
kiln_profile_gdn_stage layer=29 stage=gates_recur_gated_norm seq_len=1 start_pos=71 elapsed_ms=0.452
kiln_profile_gdn_stage layer=29 stage=post_transpose seq_len=1 start_pos=71 elapsed_ms=0.000
kiln_profile_gdn_stage layer=29 stage=gated_norm seq_len=1 start_pos=71 elapsed_ms=0.003
kiln_profile_gdn_stage layer=29 stage=out_proj seq_len=1 start_pos=71 elapsed_ms=0.753
kiln_profile_mlp_stage layer=29 stage=gate_up_fused seq_len=1 start_pos=71 elapsed_ms=2.146
kiln_profile_mlp_stage layer=29 stage=down_proj seq_len=1 start_pos=71 elapsed_ms=1.202
kiln_profile_gdn_stage layer=30 stage=in_proj seq_len=1 start_pos=71 elapsed_ms=1.980
kiln_profile_gdn_stage layer=30 stage=qkv_conv_norm seq_len=1 start_pos=71 elapsed_ms=0.300
kiln_profile_gdn_stage layer=30 stage=gates_recur_gated_norm seq_len=1 start_pos=71 elapsed_ms=0.481
kiln_profile_gdn_stage layer=30 stage=post_transpose seq_len=1 start_pos=71 elapsed_ms=0.000
kiln_profile_gdn_stage layer=30 stage=gated_norm seq_len=1 start_pos=71 elapsed_ms=0.002
kiln_profile_gdn_stage layer=30 stage=out_proj seq_len=1 start_pos=71 elapsed_ms=0.746
kiln_profile_mlp_stage layer=30 stage=gate_up_fused seq_len=1 start_pos=71 elapsed_ms=2.188
kiln_profile_mlp_stage layer=30 stage=down_proj seq_len=1 start_pos=71 elapsed_ms=1.286
kiln_profile_full_attn_stage full_attn_layer=7 stage=qkv_proj seq_len=1 start_pos=71 elapsed_ms=1.339
kiln_profile_full_attn_stage full_attn_layer=7 stage=qkv_split seq_len=1 start_pos=71 elapsed_ms=0.304
kiln_profile_full_attn_stage full_attn_layer=7 stage=qk_norm seq_len=1 start_pos=71 elapsed_ms=0.276
kiln_profile_full_attn_stage full_attn_layer=7 stage=rope seq_len=1 start_pos=71 elapsed_ms=0.245
kiln_profile_full_attn_stage full_attn_layer=7 stage=q_transpose seq_len=1 start_pos=71 elapsed_ms=0.002
kiln_profile_full_attn_stage full_attn_layer=7 stage=kv_write seq_len=1 start_pos=71 elapsed_ms=0.222
kiln_profile_full_attn_stage full_attn_layer=7 stage=decode_attn_contiguous seq_len=1 start_pos=71 elapsed_ms=0.305
kiln_profile_full_attn_stage full_attn_layer=7 stage=attn_gate seq_len=1 start_pos=71 elapsed_ms=0.236
kiln_profile_full_attn_stage full_attn_layer=7 stage=o_proj seq_len=1 start_pos=71 elapsed_ms=0.795
kiln_profile_mlp_stage layer=31 stage=gate_up_fused seq_len=1 start_pos=71 elapsed_ms=2.108
kiln_profile_mlp_stage layer=31 stage=down_proj seq_len=1 start_pos=71 elapsed_ms=1.192
    Decode (paged): 9 tokens, mean ITL 319.6ms (3.1 tok/s)

  ▌ Latency benchmark (PAGED — production path)
  Measuring latency [PAGED, block_size=16, blocks=5] (64 prompt tokens)...
kiln_profile_gdn_stage layer=0 stage=in_proj seq_len=64 start_pos=0 elapsed_ms=3.538
kiln_profile_gdn_stage layer=0 stage=qkv_conv_split_norm seq_len=64 start_pos=0 elapsed_ms=0.666
kiln_profile_gdn_stage layer=0 stage=gates seq_len=64 start_pos=0 elapsed_ms=0.601
kiln_profile_gdn_stage layer=0 stage=recurrent seq_len=64 start_pos=0 elapsed_ms=1.440
kiln_profile_gdn_stage layer=0 stage=post_transpose seq_len=64 start_pos=0 elapsed_ms=0.000
kiln_profile_gdn_stage layer=0 stage=gated_norm seq_len=64 start_pos=0 elapsed_ms=0.281
kiln_profile_gdn_stage layer=0 stage=out_proj seq_len=64 start_pos=0 elapsed_ms=1.163
kiln_profile_mlp_stage layer=0 stage=gate_proj seq_len=64 start_pos=0 elapsed_ms=2.057
kiln_profile_mlp_stage layer=0 stage=gate_silu seq_len=64 start_pos=0 elapsed_ms=0.796
kiln_profile_mlp_stage layer=0 stage=up_proj seq_len=64 start_pos=0 elapsed_ms=2.030
kiln_profile_mlp_stage layer=0 stage=hidden_mul seq_len=64 start_pos=0 elapsed_ms=0.348
kiln_profile_mlp_stage layer=0 stage=down_proj seq_len=64 start_pos=0 elapsed_ms=2.198
kiln_profile_gdn_stage layer=1 stage=in_proj seq_len=64 start_pos=0 elapsed_ms=3.368
kiln_profile_gdn_stage layer=1 stage=qkv_conv_split_norm seq_len=64 start_pos=0 elapsed_ms=0.513
kiln_profile_gdn_stage layer=1 stage=gates seq_len=64 start_pos=0 elapsed_ms=0.454
kiln_profile_gdn_stage layer=1 stage=recurrent seq_len=64 start_pos=0 elapsed_ms=2.639
kiln_profile_gdn_stage layer=1 stage=post_transpose seq_len=64 start_pos=0 elapsed_ms=0.000
kiln_profile_gdn_stage layer=1 stage=gated_norm seq_len=64 start_pos=0 elapsed_ms=0.295
kiln_profile_gdn_stage layer=1 stage=out_proj seq_len=64 start_pos=0 elapsed_ms=1.096
kiln_profile_mlp_stage layer=1 stage=gate_proj seq_len=64 start_pos=0 elapsed_ms=1.939
kiln_profile_mlp_stage layer=1 stage=gate_silu seq_len=64 start_pos=0 elapsed_ms=0.427
kiln_profile_mlp_stage layer=1 stage=up_proj seq_len=64 start_pos=0 elapsed_ms=1.966
kiln_profile_mlp_stage layer=1 stage=hidden_mul seq_len=64 start_pos=0 elapsed_ms=0.330
kiln_profile_mlp_stage layer=1 stage=down_proj seq_len=64 start_pos=0 elapsed_ms=2.176
kiln_profile_gdn_stage layer=2 stage=in_proj seq_len=64 start_pos=0 elapsed_ms=3.321
kiln_profile_gdn_stage layer=2 stage=qkv_conv_split_norm seq_len=64 start_pos=0 elapsed_ms=0.527
kiln_profile_gdn_stage layer=2 stage=gates seq_len=64 start_pos=0 elapsed_ms=0.369
kiln_profile_gdn_stage layer=2 stage=recurrent seq_len=64 start_pos=0 elapsed_ms=1.352
kiln_profile_gdn_stage layer=2 stage=post_transpose seq_len=64 start_pos=0 elapsed_ms=0.000
kiln_profile_gdn_stage layer=2 stage=gated_norm seq_len=64 start_pos=0 elapsed_ms=0.246
kiln_profile_gdn_stage layer=2 stage=out_proj seq_len=64 start_pos=0 elapsed_ms=1.093
kiln_profile_mlp_stage layer=2 stage=gate_proj seq_len=64 start_pos=0 elapsed_ms=1.945
kiln_profile_mlp_stage layer=2 stage=gate_silu seq_len=64 start_pos=0 elapsed_ms=0.431
kiln_profile_mlp_stage layer=2 stage=up_proj seq_len=64 start_pos=0 elapsed_ms=1.951
kiln_profile_mlp_stage layer=2 stage=hidden_mul seq_len=64 start_pos=0 elapsed_ms=0.347
kiln_profile_mlp_stage layer=2 stage=down_proj seq_len=64 start_pos=0 elapsed_ms=2.171
kiln_profile_full_attn_stage full_attn_layer=0 stage=qkv_proj seq_len=64 start_pos=0 elapsed_ms=2.451
kiln_profile_full_attn_stage full_attn_layer=0 stage=qkv_split seq_len=64 start_pos=0 elapsed_ms=1.063
kiln_profile_full_attn_stage full_attn_layer=0 stage=qk_norm seq_len=64 start_pos=0 elapsed_ms=0.295
kiln_profile_full_attn_stage full_attn_layer=0 stage=rope seq_len=64 start_pos=0 elapsed_ms=0.321
kiln_profile_full_attn_stage full_attn_layer=0 stage=q_transpose seq_len=64 start_pos=0 elapsed_ms=0.582
kiln_profile_full_attn_stage full_attn_layer=0 stage=prefill_kv_head_layout seq_len=64 start_pos=0 elapsed_ms=0.446
kiln_profile_full_attn_stage full_attn_layer=0 stage=prefill_attn_head_major seq_len=64 start_pos=0 elapsed_ms=0.003
kiln_profile_full_attn_stage full_attn_layer=0 stage=prefill_attn_fallback seq_len=64 start_pos=0 elapsed_ms=3.142
kiln_profile_full_attn_stage full_attn_layer=0 stage=kv_write seq_len=64 start_pos=0 elapsed_ms=0.260
kiln_profile_full_attn_stage full_attn_layer=0 stage=kv_read seq_len=64 start_pos=0 elapsed_ms=0.372
kiln_profile_mlp_stage layer=3 stage=gate_proj seq_len=64 start_pos=0 elapsed_ms=1.973
kiln_profile_mlp_stage layer=3 stage=gate_silu seq_len=64 start_pos=0 elapsed_ms=0.462
kiln_profile_mlp_stage layer=3 stage=up_proj seq_len=64 start_pos=0 elapsed_ms=1.978
kiln_profile_mlp_stage layer=3 stage=hidden_mul seq_len=64 start_pos=0 elapsed_ms=0.314
kiln_profile_mlp_stage layer=3 stage=down_proj seq_len=64 start_pos=0 elapsed_ms=2.158
kiln_profile_gdn_stage layer=4 stage=in_proj seq_len=64 start_pos=0 elapsed_ms=3.438
kiln_profile_gdn_stage layer=4 stage=qkv_conv_split_norm seq_len=64 start_pos=0 elapsed_ms=0.612
kiln_profile_gdn_stage layer=4 stage=gates seq_len=64 start_pos=0 elapsed_ms=0.477
kiln_profile_gdn_stage layer=4 stage=recurrent seq_len=64 start_pos=0 elapsed_ms=1.372
kiln_profile_gdn_stage layer=4 stage=post_transpose seq_len=64 start_pos=0 elapsed_ms=0.000
kiln_profile_gdn_stage layer=4 stage=gated_norm seq_len=64 start_pos=0 elapsed_ms=0.298
kiln_profile_gdn_stage layer=4 stage=out_proj seq_len=64 start_pos=0 elapsed_ms=1.128
kiln_profile_mlp_stage layer=4 stage=gate_proj seq_len=64 start_pos=0 elapsed_ms=1.922
kiln_profile_mlp_stage layer=4 stage=gate_silu seq_len=64 start_pos=0 elapsed_ms=0.454
kiln_profile_mlp_stage layer=4 stage=up_proj seq_len=64 start_pos=0 elapsed_ms=1.977
kiln_profile_mlp_stage layer=4 stage=hidden_mul seq_len=64 start_pos=0 elapsed_ms=0.355
kiln_profile_mlp_stage layer=4 stage=down_proj seq_len=64 start_pos=0 elapsed_ms=2.192
kiln_profile_gdn_stage layer=5 stage=in_proj seq_len=64 start_pos=0 elapsed_ms=4.436
kiln_profile_gdn_stage layer=5 stage=qkv_conv_split_norm seq_len=64 start_pos=0 elapsed_ms=0.538
kiln_profile_gdn_stage layer=5 stage=gates seq_len=64 start_pos=0 elapsed_ms=0.409
kiln_profile_gdn_stage layer=5 stage=recurrent seq_len=64 start_pos=0 elapsed_ms=1.364
kiln_profile_gdn_stage layer=5 stage=post_transpose seq_len=64 start_pos=0 elapsed_ms=0.000
kiln_profile_gdn_stage layer=5 stage=gated_norm seq_len=64 start_pos=0 elapsed_ms=0.303
kiln_profile_gdn_stage layer=5 stage=out_proj seq_len=64 start_pos=0 elapsed_ms=1.119
kiln_profile_mlp_stage layer=5 stage=gate_proj seq_len=64 start_pos=0 elapsed_ms=1.960
kiln_profile_mlp_stage layer=5 stage=gate_silu seq_len=64 start_pos=0 elapsed_ms=0.449
kiln_profile_mlp_stage layer=5 stage=up_proj seq_len=64 start_pos=0 elapsed_ms=1.987
kiln_profile_mlp_stage layer=5 stage=hidden_mul seq_len=64 start_pos=0 elapsed_ms=0.384
kiln_profile_mlp_stage layer=5 stage=down_proj seq_len=64 start_pos=0 elapsed_ms=2.187
kiln_profile_gdn_stage layer=6 stage=in_proj seq_len=64 start_pos=0 elapsed_ms=3.589
kiln_profile_gdn_stage layer=6 stage=qkv_conv_split_norm seq_len=64 start_pos=0 elapsed_ms=0.622
kiln_profile_gdn_stage layer=6 stage=gates seq_len=64 start_pos=0 elapsed_ms=0.553
kiln_profile_gdn_stage layer=6 stage=recurrent seq_len=64 start_pos=0 elapsed_ms=1.361
kiln_profile_gdn_stage layer=6 stage=post_transpose seq_len=64 start_pos=0 elapsed_ms=0.000
kiln_profile_gdn_stage layer=6 stage=gated_norm seq_len=64 start_pos=0 elapsed_ms=0.290
kiln_profile_gdn_stage layer=6 stage=out_proj seq_len=64 start_pos=0 elapsed_ms=1.092
kiln_profile_mlp_stage layer=6 stage=gate_proj seq_len=64 start_pos=0 elapsed_ms=1.917
kiln_profile_mlp_stage layer=6 stage=gate_silu seq_len=64 start_pos=0 elapsed_ms=0.451
kiln_profile_mlp_stage layer=6 stage=up_proj seq_len=64 start_pos=0 elapsed_ms=1.945
kiln_profile_mlp_stage layer=6 stage=hidden_mul seq_len=64 start_pos=0 elapsed_ms=0.312
kiln_profile_mlp_stage layer=6 stage=down_proj seq_len=64 start_pos=0 elapsed_ms=2.162
kiln_profile_full_attn_stage full_attn_layer=1 stage=qkv_proj seq_len=64 start_pos=0 elapsed_ms=2.416
kiln_profile_full_attn_stage full_attn_layer=1 stage=qkv_split seq_len=64 start_pos=0 elapsed_ms=2.447
kiln_profile_full_attn_stage full_attn_layer=1 stage=qk_norm seq_len=64 start_pos=0 elapsed_ms=0.359
kiln_profile_full_attn_stage full_attn_layer=1 stage=rope seq_len=64 start_pos=0 elapsed_ms=0.305
kiln_profile_full_attn_stage full_attn_layer=1 stage=q_transpose seq_len=64 start_pos=0 elapsed_ms=0.603
kiln_profile_full_attn_stage full_attn_layer=1 stage=prefill_kv_head_layout seq_len=64 start_pos=0 elapsed_ms=0.404
kiln_profile_full_attn_stage full_attn_layer=1 stage=prefill_attn_head_major seq_len=64 start_pos=0 elapsed_ms=0.008
kiln_profile_full_attn_stage full_attn_layer=1 stage=prefill_attn_fallback seq_len=64 start_pos=0 elapsed_ms=1.738
kiln_profile_full_attn_stage full_attn_layer=1 stage=kv_write seq_len=64 start_pos=0 elapsed_ms=0.275
kiln_profile_full_attn_stage full_attn_layer=1 stage=kv_read seq_len=64 start_pos=0 elapsed_ms=0.406
kiln_profile_mlp_stage layer=7 stage=gate_proj seq_len=64 start_pos=0 elapsed_ms=2.007
kiln_profile_mlp_stage layer=7 stage=gate_silu seq_len=64 start_pos=0 elapsed_ms=0.489
kiln_profile_mlp_stage layer=7 stage=up_proj seq_len=64 start_pos=0 elapsed_ms=1.990
kiln_profile_mlp_stage layer=7 stage=hidden_mul seq_len=64 start_pos=0 elapsed_ms=0.466
kiln_profile_mlp_stage layer=7 stage=down_proj seq_len=64 start_pos=0 elapsed_ms=2.222
kiln_profile_gdn_stage layer=8 stage=in_proj seq_len=64 start_pos=0 elapsed_ms=3.426
kiln_profile_gdn_stage layer=8 stage=qkv_conv_split_norm seq_len=64 start_pos=0 elapsed_ms=0.643
kiln_profile_gdn_stage layer=8 stage=gates seq_len=64 start_pos=0 elapsed_ms=0.560
kiln_profile_gdn_stage layer=8 stage=recurrent seq_len=64 start_pos=0 elapsed_ms=1.381
kiln_profile_gdn_stage layer=8 stage=post_transpose seq_len=64 start_pos=0 elapsed_ms=0.000
kiln_profile_gdn_stage layer=8 stage=gated_norm seq_len=64 start_pos=0 elapsed_ms=0.306
kiln_profile_gdn_stage layer=8 stage=out_proj seq_len=64 start_pos=0 elapsed_ms=1.162
kiln_profile_mlp_stage layer=8 stage=gate_proj seq_len=64 start_pos=0 elapsed_ms=1.966
kiln_profile_mlp_stage layer=8 stage=gate_silu seq_len=64 start_pos=0 elapsed_ms=0.416
kiln_profile_mlp_stage layer=8 stage=up_proj seq_len=64 start_pos=0 elapsed_ms=2.113
kiln_profile_mlp_stage layer=8 stage=hidden_mul seq_len=64 start_pos=0 elapsed_ms=0.691
kiln_profile_mlp_stage layer=8 stage=down_proj seq_len=64 start_pos=0 elapsed_ms=2.728
kiln_profile_gdn_stage layer=9 stage=in_proj seq_len=64 start_pos=0 elapsed_ms=3.419
kiln_profile_gdn_stage layer=9 stage=qkv_conv_split_norm seq_len=64 start_pos=0 elapsed_ms=0.506
kiln_profile_gdn_stage layer=9 stage=gates seq_len=64 start_pos=0 elapsed_ms=0.400
kiln_profile_gdn_stage layer=9 stage=recurrent seq_len=64 start_pos=0 elapsed_ms=1.357
kiln_profile_gdn_stage layer=9 stage=post_transpose seq_len=64 start_pos=0 elapsed_ms=0.000
kiln_profile_gdn_stage layer=9 stage=gated_norm seq_len=64 start_pos=0 elapsed_ms=0.278
kiln_profile_gdn_stage layer=9 stage=out_proj seq_len=64 start_pos=0 elapsed_ms=1.090
kiln_profile_mlp_stage layer=9 stage=gate_proj seq_len=64 start_pos=0 elapsed_ms=1.938
kiln_profile_mlp_stage layer=9 stage=gate_silu seq_len=64 start_pos=0 elapsed_ms=0.428
kiln_profile_mlp_stage layer=9 stage=up_proj seq_len=64 start_pos=0 elapsed_ms=1.968
kiln_profile_mlp_stage layer=9 stage=hidden_mul seq_len=64 start_pos=0 elapsed_ms=0.340
kiln_profile_mlp_stage layer=9 stage=down_proj seq_len=64 start_pos=0 elapsed_ms=2.216
kiln_profile_gdn_stage layer=10 stage=in_proj seq_len=64 start_pos=0 elapsed_ms=3.464
kiln_profile_gdn_stage layer=10 stage=qkv_conv_split_norm seq_len=64 start_pos=0 elapsed_ms=0.602
kiln_profile_gdn_stage layer=10 stage=gates seq_len=64 start_pos=0 elapsed_ms=0.657
kiln_profile_gdn_stage layer=10 stage=recurrent seq_len=64 start_pos=0 elapsed_ms=1.427
kiln_profile_gdn_stage layer=10 stage=post_transpose seq_len=64 start_pos=0 elapsed_ms=0.000
kiln_profile_gdn_stage layer=10 stage=gated_norm seq_len=64 start_pos=0 elapsed_ms=0.348
kiln_profile_gdn_stage layer=10 stage=out_proj seq_len=64 start_pos=0 elapsed_ms=1.178
kiln_profile_mlp_stage layer=10 stage=gate_proj seq_len=64 start_pos=0 elapsed_ms=2.327
kiln_profile_mlp_stage layer=10 stage=gate_silu seq_len=64 start_pos=0 elapsed_ms=0.709
kiln_profile_mlp_stage layer=10 stage=up_proj seq_len=64 start_pos=0 elapsed_ms=2.050
kiln_profile_mlp_stage layer=10 stage=hidden_mul seq_len=64 start_pos=0 elapsed_ms=0.881
kiln_profile_mlp_stage layer=10 stage=down_proj seq_len=64 start_pos=0 elapsed_ms=2.765
kiln_profile_full_attn_stage full_attn_layer=2 stage=qkv_proj seq_len=64 start_pos=0 elapsed_ms=2.451
kiln_profile_full_attn_stage full_attn_layer=2 stage=qkv_split seq_len=64 start_pos=0 elapsed_ms=1.073
kiln_profile_full_attn_stage full_attn_layer=2 stage=qk_norm seq_len=64 start_pos=0 elapsed_ms=0.321
kiln_profile_full_attn_stage full_attn_layer=2 stage=rope seq_len=64 start_pos=0 elapsed_ms=0.330
kiln_profile_full_attn_stage full_attn_layer=2 stage=q_transpose seq_len=64 start_pos=0 elapsed_ms=0.602
kiln_profile_full_attn_stage full_attn_layer=2 stage=prefill_kv_head_layout seq_len=64 start_pos=0 elapsed_ms=0.408
kiln_profile_full_attn_stage full_attn_layer=2 stage=prefill_attn_head_major seq_len=64 start_pos=0 elapsed_ms=0.007
kiln_profile_full_attn_stage full_attn_layer=2 stage=prefill_attn_fallback seq_len=64 start_pos=0 elapsed_ms=1.780
kiln_profile_full_attn_stage full_attn_layer=2 stage=kv_write seq_len=64 start_pos=0 elapsed_ms=0.282
kiln_profile_full_attn_stage full_attn_layer=2 stage=kv_read seq_len=64 start_pos=0 elapsed_ms=0.402
kiln_profile_mlp_stage layer=11 stage=gate_proj seq_len=64 start_pos=0 elapsed_ms=2.030
kiln_profile_mlp_stage layer=11 stage=gate_silu seq_len=64 start_pos=0 elapsed_ms=0.467
kiln_profile_mlp_stage layer=11 stage=up_proj seq_len=64 start_pos=0 elapsed_ms=1.975
kiln_profile_mlp_stage layer=11 stage=hidden_mul seq_len=64 start_pos=0 elapsed_ms=0.390
kiln_profile_mlp_stage layer=11 stage=down_proj seq_len=64 start_pos=0 elapsed_ms=2.224
kiln_profile_gdn_stage layer=12 stage=in_proj seq_len=64 start_pos=0 elapsed_ms=3.455
kiln_profile_gdn_stage layer=12 stage=qkv_conv_split_norm seq_len=64 start_pos=0 elapsed_ms=0.653
kiln_profile_gdn_stage layer=12 stage=gates seq_len=64 start_pos=0 elapsed_ms=0.647
kiln_profile_gdn_stage layer=12 stage=recurrent seq_len=64 start_pos=0 elapsed_ms=1.392
kiln_profile_gdn_stage layer=12 stage=post_transpose seq_len=64 start_pos=0 elapsed_ms=0.001
kiln_profile_gdn_stage layer=12 stage=gated_norm seq_len=64 start_pos=0 elapsed_ms=0.308
kiln_profile_gdn_stage layer=12 stage=out_proj seq_len=64 start_pos=0 elapsed_ms=1.168
kiln_profile_mlp_stage layer=12 stage=gate_proj seq_len=64 start_pos=0 elapsed_ms=2.573
kiln_profile_mlp_stage layer=12 stage=gate_silu seq_len=64 start_pos=0 elapsed_ms=0.544
kiln_profile_mlp_stage layer=12 stage=up_proj seq_len=64 start_pos=0 elapsed_ms=2.003
kiln_profile_mlp_stage layer=12 stage=hidden_mul seq_len=64 start_pos=0 elapsed_ms=0.366
kiln_profile_mlp_stage layer=12 stage=down_proj seq_len=64 start_pos=0 elapsed_ms=2.212
kiln_profile_gdn_stage layer=13 stage=in_proj seq_len=64 start_pos=0 elapsed_ms=3.512
kiln_profile_gdn_stage layer=13 stage=qkv_conv_split_norm seq_len=64 start_pos=0 elapsed_ms=0.672
kiln_profile_gdn_stage layer=13 stage=gates seq_len=64 start_pos=0 elapsed_ms=0.704
kiln_profile_gdn_stage layer=13 stage=recurrent seq_len=64 start_pos=0 elapsed_ms=1.466
kiln_profile_gdn_stage layer=13 stage=post_transpose seq_len=64 start_pos=0 elapsed_ms=0.001
kiln_profile_gdn_stage layer=13 stage=gated_norm seq_len=64 start_pos=0 elapsed_ms=0.417
kiln_profile_gdn_stage layer=13 stage=out_proj seq_len=64 start_pos=0 elapsed_ms=1.218
kiln_profile_mlp_stage layer=13 stage=gate_proj seq_len=64 start_pos=0 elapsed_ms=2.025
kiln_profile_mlp_stage layer=13 stage=gate_silu seq_len=64 start_pos=0 elapsed_ms=0.562
kiln_profile_mlp_stage layer=13 stage=up_proj seq_len=64 start_pos=0 elapsed_ms=2.211
kiln_profile_mlp_stage layer=13 stage=hidden_mul seq_len=64 start_pos=0 elapsed_ms=0.483
kiln_profile_mlp_stage layer=13 stage=down_proj seq_len=64 start_pos=0 elapsed_ms=2.264
kiln_profile_gdn_stage layer=14 stage=in_proj seq_len=64 start_pos=0 elapsed_ms=3.579
kiln_profile_gdn_stage layer=14 stage=qkv_conv_split_norm seq_len=64 start_pos=0 elapsed_ms=0.761
kiln_profile_gdn_stage layer=14 stage=gates seq_len=64 start_pos=0 elapsed_ms=0.775
kiln_profile_gdn_stage layer=14 stage=recurrent seq_len=64 start_pos=0 elapsed_ms=3.151
kiln_profile_gdn_stage layer=14 stage=post_transpose seq_len=64 start_pos=0 elapsed_ms=0.001
kiln_profile_gdn_stage layer=14 stage=gated_norm seq_len=64 start_pos=0 elapsed_ms=0.477
kiln_profile_gdn_stage layer=14 stage=out_proj seq_len=64 start_pos=0 elapsed_ms=1.231
kiln_profile_mlp_stage layer=14 stage=gate_proj seq_len=64 start_pos=0 elapsed_ms=2.141
kiln_profile_mlp_stage layer=14 stage=gate_silu seq_len=64 start_pos=0 elapsed_ms=0.597
kiln_profile_mlp_stage layer=14 stage=up_proj seq_len=64 start_pos=0 elapsed_ms=2.082
kiln_profile_mlp_stage layer=14 stage=hidden_mul seq_len=64 start_pos=0 elapsed_ms=0.407
kiln_profile_mlp_stage layer=14 stage=down_proj seq_len=64 start_pos=0 elapsed_ms=2.379
kiln_profile_full_attn_stage full_attn_layer=3 stage=qkv_proj seq_len=64 start_pos=0 elapsed_ms=2.505
kiln_profile_full_attn_stage full_attn_layer=3 stage=qkv_split seq_len=64 start_pos=0 elapsed_ms=1.075
kiln_profile_full_attn_stage full_attn_layer=3 stage=qk_norm seq_len=64 start_pos=0 elapsed_ms=0.361
kiln_profile_full_attn_stage full_attn_layer=3 stage=rope seq_len=64 start_pos=0 elapsed_ms=0.332
kiln_profile_full_attn_stage full_attn_layer=3 stage=q_transpose seq_len=64 start_pos=0 elapsed_ms=0.599
kiln_profile_full_attn_stage full_attn_layer=3 stage=prefill_kv_head_layout seq_len=64 start_pos=0 elapsed_ms=0.465
kiln_profile_full_attn_stage full_attn_layer=3 stage=prefill_attn_head_major seq_len=64 start_pos=0 elapsed_ms=0.003
kiln_profile_full_attn_stage full_attn_layer=3 stage=prefill_attn_fallback seq_len=64 start_pos=0 elapsed_ms=1.844
kiln_profile_full_attn_stage full_attn_layer=3 stage=kv_write seq_len=64 start_pos=0 elapsed_ms=0.220
kiln_profile_full_attn_stage full_attn_layer=3 stage=kv_read seq_len=64 start_pos=0 elapsed_ms=0.363
kiln_profile_mlp_stage layer=15 stage=gate_proj seq_len=64 start_pos=0 elapsed_ms=2.145
kiln_profile_mlp_stage layer=15 stage=gate_silu seq_len=64 start_pos=0 elapsed_ms=0.440
kiln_profile_mlp_stage layer=15 stage=up_proj seq_len=64 start_pos=0 elapsed_ms=1.966
kiln_profile_mlp_stage layer=15 stage=hidden_mul seq_len=64 start_pos=0 elapsed_ms=0.319
kiln_profile_mlp_stage layer=15 stage=down_proj seq_len=64 start_pos=0 elapsed_ms=3.120
kiln_profile_gdn_stage layer=16 stage=in_proj seq_len=64 start_pos=0 elapsed_ms=3.607
kiln_profile_gdn_stage layer=16 stage=qkv_conv_split_norm seq_len=64 start_pos=0 elapsed_ms=0.554
kiln_profile_gdn_stage layer=16 stage=gates seq_len=64 start_pos=0 elapsed_ms=0.528
kiln_profile_gdn_stage layer=16 stage=recurrent seq_len=64 start_pos=0 elapsed_ms=1.372
kiln_profile_gdn_stage layer=16 stage=post_transpose seq_len=64 start_pos=0 elapsed_ms=0.000
kiln_profile_gdn_stage layer=16 stage=gated_norm seq_len=64 start_pos=0 elapsed_ms=0.322
kiln_profile_gdn_stage layer=16 stage=out_proj seq_len=64 start_pos=0 elapsed_ms=1.275
kiln_profile_mlp_stage layer=16 stage=gate_proj seq_len=64 start_pos=0 elapsed_ms=2.104
kiln_profile_mlp_stage layer=16 stage=gate_silu seq_len=64 start_pos=0 elapsed_ms=0.491
kiln_profile_mlp_stage layer=16 stage=up_proj seq_len=64 start_pos=0 elapsed_ms=2.021
kiln_profile_mlp_stage layer=16 stage=hidden_mul seq_len=64 start_pos=0 elapsed_ms=0.387
kiln_profile_mlp_stage layer=16 stage=down_proj seq_len=64 start_pos=0 elapsed_ms=2.308
kiln_profile_gdn_stage layer=17 stage=in_proj seq_len=64 start_pos=0 elapsed_ms=3.554
kiln_profile_gdn_stage layer=17 stage=qkv_conv_split_norm seq_len=64 start_pos=0 elapsed_ms=0.534
kiln_profile_gdn_stage layer=17 stage=gates seq_len=64 start_pos=0 elapsed_ms=0.525
kiln_profile_gdn_stage layer=17 stage=recurrent seq_len=64 start_pos=0 elapsed_ms=1.381
kiln_profile_gdn_stage layer=17 stage=post_transpose seq_len=64 start_pos=0 elapsed_ms=0.000
kiln_profile_gdn_stage layer=17 stage=gated_norm seq_len=64 start_pos=0 elapsed_ms=0.288
kiln_profile_gdn_stage layer=17 stage=out_proj seq_len=64 start_pos=0 elapsed_ms=1.300
kiln_profile_mlp_stage layer=17 stage=gate_proj seq_len=64 start_pos=0 elapsed_ms=2.113
kiln_profile_mlp_stage layer=17 stage=gate_silu seq_len=64 start_pos=0 elapsed_ms=0.469
kiln_profile_mlp_stage layer=17 stage=up_proj seq_len=64 start_pos=0 elapsed_ms=1.959
kiln_profile_mlp_stage layer=17 stage=hidden_mul seq_len=64 start_pos=0 elapsed_ms=0.331
kiln_profile_mlp_stage layer=17 stage=down_proj seq_len=64 start_pos=0 elapsed_ms=2.556
kiln_profile_gdn_stage layer=18 stage=in_proj seq_len=64 start_pos=0 elapsed_ms=3.592
kiln_profile_gdn_stage layer=18 stage=qkv_conv_split_norm seq_len=64 start_pos=0 elapsed_ms=0.576
kiln_profile_gdn_stage layer=18 stage=gates seq_len=64 start_pos=0 elapsed_ms=0.651
kiln_profile_gdn_stage layer=18 stage=recurrent seq_len=64 start_pos=0 elapsed_ms=1.520
kiln_profile_gdn_stage layer=18 stage=post_transpose seq_len=64 start_pos=0 elapsed_ms=0.000
kiln_profile_gdn_stage layer=18 stage=gated_norm seq_len=64 start_pos=0 elapsed_ms=0.372
kiln_profile_gdn_stage layer=18 stage=out_proj seq_len=64 start_pos=0 elapsed_ms=1.325
kiln_profile_mlp_stage layer=18 stage=gate_proj seq_len=64 start_pos=0 elapsed_ms=1.967
kiln_profile_mlp_stage layer=18 stage=gate_silu seq_len=64 start_pos=0 elapsed_ms=0.486
kiln_profile_mlp_stage layer=18 stage=up_proj seq_len=64 start_pos=0 elapsed_ms=2.104
kiln_profile_mlp_stage layer=18 stage=hidden_mul seq_len=64 start_pos=0 elapsed_ms=0.468
kiln_profile_mlp_stage layer=18 stage=down_proj seq_len=64 start_pos=0 elapsed_ms=2.534
kiln_profile_full_attn_stage full_attn_layer=4 stage=qkv_proj seq_len=64 start_pos=0 elapsed_ms=2.565
kiln_profile_full_attn_stage full_attn_layer=4 stage=qkv_split seq_len=64 start_pos=0 elapsed_ms=1.111
kiln_profile_full_attn_stage full_attn_layer=4 stage=qk_norm seq_len=64 start_pos=0 elapsed_ms=0.458
kiln_profile_full_attn_stage full_attn_layer=4 stage=rope seq_len=64 start_pos=0 elapsed_ms=0.429
kiln_profile_full_attn_stage full_attn_layer=4 stage=q_transpose seq_len=64 start_pos=0 elapsed_ms=0.743
kiln_profile_full_attn_stage full_attn_layer=4 stage=prefill_kv_head_layout seq_len=64 start_pos=0 elapsed_ms=0.564
kiln_profile_full_attn_stage full_attn_layer=4 stage=prefill_attn_head_major seq_len=64 start_pos=0 elapsed_ms=0.008
kiln_profile_full_attn_stage full_attn_layer=4 stage=prefill_attn_fallback seq_len=64 start_pos=0 elapsed_ms=2.601
kiln_profile_full_attn_stage full_attn_layer=4 stage=kv_write seq_len=64 start_pos=0 elapsed_ms=0.436
kiln_profile_full_attn_stage full_attn_layer=4 stage=kv_read seq_len=64 start_pos=0 elapsed_ms=0.517
kiln_profile_mlp_stage layer=19 stage=gate_proj seq_len=64 start_pos=0 elapsed_ms=2.326
kiln_profile_mlp_stage layer=19 stage=gate_silu seq_len=64 start_pos=0 elapsed_ms=0.522
kiln_profile_mlp_stage layer=19 stage=up_proj seq_len=64 start_pos=0 elapsed_ms=1.962
kiln_profile_mlp_stage layer=19 stage=hidden_mul seq_len=64 start_pos=0 elapsed_ms=0.310
kiln_profile_mlp_stage layer=19 stage=down_proj seq_len=64 start_pos=0 elapsed_ms=2.203
kiln_profile_gdn_stage layer=20 stage=in_proj seq_len=64 start_pos=0 elapsed_ms=3.588
kiln_profile_gdn_stage layer=20 stage=qkv_conv_split_norm seq_len=64 start_pos=0 elapsed_ms=0.702
kiln_profile_gdn_stage layer=20 stage=gates seq_len=64 start_pos=0 elapsed_ms=0.776
kiln_profile_gdn_stage layer=20 stage=recurrent seq_len=64 start_pos=0 elapsed_ms=1.470
kiln_profile_gdn_stage layer=20 stage=post_transpose seq_len=64 start_pos=0 elapsed_ms=0.001
kiln_profile_gdn_stage layer=20 stage=gated_norm seq_len=64 start_pos=0 elapsed_ms=0.393
kiln_profile_gdn_stage layer=20 stage=out_proj seq_len=64 start_pos=0 elapsed_ms=1.222
kiln_profile_mlp_stage layer=20 stage=gate_proj seq_len=64 start_pos=0 elapsed_ms=2.095
kiln_profile_mlp_stage layer=20 stage=gate_silu seq_len=64 start_pos=0 elapsed_ms=0.551
kiln_profile_mlp_stage layer=20 stage=up_proj seq_len=64 start_pos=0 elapsed_ms=2.065
kiln_profile_mlp_stage layer=20 stage=hidden_mul seq_len=64 start_pos=0 elapsed_ms=0.416
kiln_profile_mlp_stage layer=20 stage=down_proj seq_len=64 start_pos=0 elapsed_ms=2.231
kiln_profile_gdn_stage layer=21 stage=in_proj seq_len=64 start_pos=0 elapsed_ms=4.397
kiln_profile_gdn_stage layer=21 stage=qkv_conv_split_norm seq_len=64 start_pos=0 elapsed_ms=0.606
kiln_profile_gdn_stage layer=21 stage=gates seq_len=64 start_pos=0 elapsed_ms=0.598
kiln_profile_gdn_stage layer=21 stage=recurrent seq_len=64 start_pos=0 elapsed_ms=1.393
kiln_profile_gdn_stage layer=21 stage=post_transpose seq_len=64 start_pos=0 elapsed_ms=0.001
kiln_profile_gdn_stage layer=21 stage=gated_norm seq_len=64 start_pos=0 elapsed_ms=0.455
kiln_profile_gdn_stage layer=21 stage=out_proj seq_len=64 start_pos=0 elapsed_ms=1.365
kiln_profile_mlp_stage layer=21 stage=gate_proj seq_len=64 start_pos=0 elapsed_ms=2.037
kiln_profile_mlp_stage layer=21 stage=gate_silu seq_len=64 start_pos=0 elapsed_ms=0.588
kiln_profile_mlp_stage layer=21 stage=up_proj seq_len=64 start_pos=0 elapsed_ms=2.067
kiln_profile_mlp_stage layer=21 stage=hidden_mul seq_len=64 start_pos=0 elapsed_ms=0.449
kiln_profile_mlp_stage layer=21 stage=down_proj seq_len=64 start_pos=0 elapsed_ms=2.551
kiln_profile_gdn_stage layer=22 stage=in_proj seq_len=64 start_pos=0 elapsed_ms=3.518
kiln_profile_gdn_stage layer=22 stage=qkv_conv_split_norm seq_len=64 start_pos=0 elapsed_ms=0.658
kiln_profile_gdn_stage layer=22 stage=gates seq_len=64 start_pos=0 elapsed_ms=0.752
kiln_profile_gdn_stage layer=22 stage=recurrent seq_len=64 start_pos=0 elapsed_ms=1.604
kiln_profile_gdn_stage layer=22 stage=post_transpose seq_len=64 start_pos=0 elapsed_ms=0.001
kiln_profile_gdn_stage layer=22 stage=gated_norm seq_len=64 start_pos=0 elapsed_ms=0.357
kiln_profile_gdn_stage layer=22 stage=out_proj seq_len=64 start_pos=0 elapsed_ms=1.268
kiln_profile_mlp_stage layer=22 stage=gate_proj seq_len=64 start_pos=0 elapsed_ms=2.035
kiln_profile_mlp_stage layer=22 stage=gate_silu seq_len=64 start_pos=0 elapsed_ms=0.514
kiln_profile_mlp_stage layer=22 stage=up_proj seq_len=64 start_pos=0 elapsed_ms=2.164
kiln_profile_mlp_stage layer=22 stage=hidden_mul seq_len=64 start_pos=0 elapsed_ms=0.372
kiln_profile_mlp_stage layer=22 stage=down_proj seq_len=64 start_pos=0 elapsed_ms=2.817
kiln_profile_full_attn_stage full_attn_layer=5 stage=qkv_proj seq_len=64 start_pos=0 elapsed_ms=2.668
kiln_profile_full_attn_stage full_attn_layer=5 stage=qkv_split seq_len=64 start_pos=0 elapsed_ms=1.294
kiln_profile_full_attn_stage full_attn_layer=5 stage=qk_norm seq_len=64 start_pos=0 elapsed_ms=0.452
kiln_profile_full_attn_stage full_attn_layer=5 stage=rope seq_len=64 start_pos=0 elapsed_ms=0.457
kiln_profile_full_attn_stage full_attn_layer=5 stage=q_transpose seq_len=64 start_pos=0 elapsed_ms=0.768
kiln_profile_full_attn_stage full_attn_layer=5 stage=prefill_kv_head_layout seq_len=64 start_pos=0 elapsed_ms=0.531
kiln_profile_full_attn_stage full_attn_layer=5 stage=prefill_attn_head_major seq_len=64 start_pos=0 elapsed_ms=0.007
kiln_profile_full_attn_stage full_attn_layer=5 stage=prefill_attn_fallback seq_len=64 start_pos=0 elapsed_ms=2.077
kiln_profile_full_attn_stage full_attn_layer=5 stage=kv_write seq_len=64 start_pos=0 elapsed_ms=0.377
kiln_profile_full_attn_stage full_attn_layer=5 stage=kv_read seq_len=64 start_pos=0 elapsed_ms=0.530
kiln_profile_mlp_stage layer=23 stage=gate_proj seq_len=64 start_pos=0 elapsed_ms=2.298
kiln_profile_mlp_stage layer=23 stage=gate_silu seq_len=64 start_pos=0 elapsed_ms=0.576
kiln_profile_mlp_stage layer=23 stage=up_proj seq_len=64 start_pos=0 elapsed_ms=2.294
kiln_profile_mlp_stage layer=23 stage=hidden_mul seq_len=64 start_pos=0 elapsed_ms=0.409
kiln_profile_mlp_stage layer=23 stage=down_proj seq_len=64 start_pos=0 elapsed_ms=2.478
kiln_profile_gdn_stage layer=24 stage=in_proj seq_len=64 start_pos=0 elapsed_ms=3.969
kiln_profile_gdn_stage layer=24 stage=qkv_conv_split_norm seq_len=64 start_pos=0 elapsed_ms=0.825
kiln_profile_gdn_stage layer=24 stage=gates seq_len=64 start_pos=0 elapsed_ms=1.840
kiln_profile_gdn_stage layer=24 stage=recurrent seq_len=64 start_pos=0 elapsed_ms=1.816
kiln_profile_gdn_stage layer=24 stage=post_transpose seq_len=64 start_pos=0 elapsed_ms=0.001
kiln_profile_gdn_stage layer=24 stage=gated_norm seq_len=64 start_pos=0 elapsed_ms=0.534
kiln_profile_gdn_stage layer=24 stage=out_proj seq_len=64 start_pos=0 elapsed_ms=1.922
kiln_profile_mlp_stage layer=24 stage=gate_proj seq_len=64 start_pos=0 elapsed_ms=2.774
kiln_profile_mlp_stage layer=24 stage=gate_silu seq_len=64 start_pos=0 elapsed_ms=0.793
kiln_profile_mlp_stage layer=24 stage=up_proj seq_len=64 start_pos=0 elapsed_ms=2.751
kiln_profile_mlp_stage layer=24 stage=hidden_mul seq_len=64 start_pos=0 elapsed_ms=0.459
kiln_profile_mlp_stage layer=24 stage=down_proj seq_len=64 start_pos=0 elapsed_ms=2.942
kiln_profile_gdn_stage layer=25 stage=in_proj seq_len=64 start_pos=0 elapsed_ms=4.329
kiln_profile_gdn_stage layer=25 stage=qkv_conv_split_norm seq_len=64 start_pos=0 elapsed_ms=0.819
kiln_profile_gdn_stage layer=25 stage=gates seq_len=64 start_pos=0 elapsed_ms=0.797
kiln_profile_gdn_stage layer=25 stage=recurrent seq_len=64 start_pos=0 elapsed_ms=1.999
kiln_profile_gdn_stage layer=25 stage=post_transpose seq_len=64 start_pos=0 elapsed_ms=0.001
kiln_profile_gdn_stage layer=25 stage=gated_norm seq_len=64 start_pos=0 elapsed_ms=0.610
kiln_profile_gdn_stage layer=25 stage=out_proj seq_len=64 start_pos=0 elapsed_ms=1.765
kiln_profile_mlp_stage layer=25 stage=gate_proj seq_len=64 start_pos=0 elapsed_ms=2.645
kiln_profile_mlp_stage layer=25 stage=gate_silu seq_len=64 start_pos=0 elapsed_ms=1.940
kiln_profile_mlp_stage layer=25 stage=up_proj seq_len=64 start_pos=0 elapsed_ms=2.916
kiln_profile_mlp_stage layer=25 stage=hidden_mul seq_len=64 start_pos=0 elapsed_ms=0.439
kiln_profile_mlp_stage layer=25 stage=down_proj seq_len=64 start_pos=0 elapsed_ms=2.981
kiln_profile_gdn_stage layer=26 stage=in_proj seq_len=64 start_pos=0 elapsed_ms=4.780
kiln_profile_gdn_stage layer=26 stage=qkv_conv_split_norm seq_len=64 start_pos=0 elapsed_ms=0.717
kiln_profile_gdn_stage layer=26 stage=gates seq_len=64 start_pos=0 elapsed_ms=0.468
kiln_profile_gdn_stage layer=26 stage=recurrent seq_len=64 start_pos=0 elapsed_ms=1.836
kiln_profile_gdn_stage layer=26 stage=post_transpose seq_len=64 start_pos=0 elapsed_ms=0.000
kiln_profile_gdn_stage layer=26 stage=gated_norm seq_len=64 start_pos=0 elapsed_ms=0.389
kiln_profile_gdn_stage layer=26 stage=out_proj seq_len=64 start_pos=0 elapsed_ms=1.722
kiln_profile_mlp_stage layer=26 stage=gate_proj seq_len=64 start_pos=0 elapsed_ms=2.700
kiln_profile_mlp_stage layer=26 stage=gate_silu seq_len=64 start_pos=0 elapsed_ms=0.690
kiln_profile_mlp_stage layer=26 stage=up_proj seq_len=64 start_pos=0 elapsed_ms=2.653
kiln_profile_mlp_stage layer=26 stage=hidden_mul seq_len=64 start_pos=0 elapsed_ms=0.441
kiln_profile_mlp_stage layer=26 stage=down_proj seq_len=64 start_pos=0 elapsed_ms=3.259
kiln_profile_full_attn_stage full_attn_layer=6 stage=qkv_proj seq_len=64 start_pos=0 elapsed_ms=4.293
kiln_profile_full_attn_stage full_attn_layer=6 stage=qkv_split seq_len=64 start_pos=0 elapsed_ms=1.982
kiln_profile_full_attn_stage full_attn_layer=6 stage=qk_norm seq_len=64 start_pos=0 elapsed_ms=0.519
kiln_profile_full_attn_stage full_attn_layer=6 stage=rope seq_len=64 start_pos=0 elapsed_ms=0.498
kiln_profile_full_attn_stage full_attn_layer=6 stage=q_transpose seq_len=64 start_pos=0 elapsed_ms=0.863
kiln_profile_full_attn_stage full_attn_layer=6 stage=prefill_kv_head_layout seq_len=64 start_pos=0 elapsed_ms=0.599
kiln_profile_full_attn_stage full_attn_layer=6 stage=prefill_attn_head_major seq_len=64 start_pos=0 elapsed_ms=0.006
kiln_profile_full_attn_stage full_attn_layer=6 stage=prefill_attn_fallback seq_len=64 start_pos=0 elapsed_ms=2.572
kiln_profile_full_attn_stage full_attn_layer=6 stage=kv_write seq_len=64 start_pos=0 elapsed_ms=0.461
kiln_profile_full_attn_stage full_attn_layer=6 stage=kv_read seq_len=64 start_pos=0 elapsed_ms=0.635
kiln_profile_mlp_stage layer=27 stage=gate_proj seq_len=64 start_pos=0 elapsed_ms=3.291
kiln_profile_mlp_stage layer=27 stage=gate_silu seq_len=64 start_pos=0 elapsed_ms=0.768
kiln_profile_mlp_stage layer=27 stage=up_proj seq_len=64 start_pos=0 elapsed_ms=2.961
kiln_profile_mlp_stage layer=27 stage=hidden_mul seq_len=64 start_pos=0 elapsed_ms=0.516
kiln_profile_mlp_stage layer=27 stage=down_proj seq_len=64 start_pos=0 elapsed_ms=3.518
kiln_profile_gdn_stage layer=28 stage=in_proj seq_len=64 start_pos=0 elapsed_ms=7.383
kiln_profile_gdn_stage layer=28 stage=qkv_conv_split_norm seq_len=64 start_pos=0 elapsed_ms=0.703
kiln_profile_gdn_stage layer=28 stage=gates seq_len=64 start_pos=0 elapsed_ms=0.558
kiln_profile_gdn_stage layer=28 stage=recurrent seq_len=64 start_pos=0 elapsed_ms=1.960
kiln_profile_gdn_stage layer=28 stage=post_transpose seq_len=64 start_pos=0 elapsed_ms=0.000
kiln_profile_gdn_stage layer=28 stage=gated_norm seq_len=64 start_pos=0 elapsed_ms=0.320
kiln_profile_gdn_stage layer=28 stage=out_proj seq_len=64 start_pos=0 elapsed_ms=2.220
kiln_profile_mlp_stage layer=28 stage=gate_proj seq_len=64 start_pos=0 elapsed_ms=4.213
kiln_profile_mlp_stage layer=28 stage=gate_silu seq_len=64 start_pos=0 elapsed_ms=0.667
kiln_profile_mlp_stage layer=28 stage=up_proj seq_len=64 start_pos=0 elapsed_ms=4.790
kiln_profile_mlp_stage layer=28 stage=hidden_mul seq_len=64 start_pos=0 elapsed_ms=0.392
kiln_profile_mlp_stage layer=28 stage=down_proj seq_len=64 start_pos=0 elapsed_ms=4.830
kiln_profile_gdn_stage layer=29 stage=in_proj seq_len=64 start_pos=0 elapsed_ms=6.741
kiln_profile_gdn_stage layer=29 stage=qkv_conv_split_norm seq_len=64 start_pos=0 elapsed_ms=2.226
kiln_profile_gdn_stage layer=29 stage=gates seq_len=64 start_pos=0 elapsed_ms=0.631
kiln_profile_gdn_stage layer=29 stage=recurrent seq_len=64 start_pos=0 elapsed_ms=1.836
kiln_profile_gdn_stage layer=29 stage=post_transpose seq_len=64 start_pos=0 elapsed_ms=0.000
kiln_profile_gdn_stage layer=29 stage=gated_norm seq_len=64 start_pos=0 elapsed_ms=0.391
kiln_profile_gdn_stage layer=29 stage=out_proj seq_len=64 start_pos=0 elapsed_ms=1.745
kiln_profile_mlp_stage layer=29 stage=gate_proj seq_len=64 start_pos=0 elapsed_ms=3.320
kiln_profile_mlp_stage layer=29 stage=gate_silu seq_len=64 start_pos=0 elapsed_ms=0.658
kiln_profile_mlp_stage layer=29 stage=up_proj seq_len=64 start_pos=0 elapsed_ms=2.735
kiln_profile_mlp_stage layer=29 stage=hidden_mul seq_len=64 start_pos=0 elapsed_ms=0.417
kiln_profile_mlp_stage layer=29 stage=down_proj seq_len=64 start_pos=0 elapsed_ms=3.595
kiln_profile_gdn_stage layer=30 stage=in_proj seq_len=64 start_pos=0 elapsed_ms=5.039
kiln_profile_gdn_stage layer=30 stage=qkv_conv_split_norm seq_len=64 start_pos=0 elapsed_ms=0.859
kiln_profile_gdn_stage layer=30 stage=gates seq_len=64 start_pos=0 elapsed_ms=0.756
kiln_profile_gdn_stage layer=30 stage=recurrent seq_len=64 start_pos=0 elapsed_ms=2.113
kiln_profile_gdn_stage layer=30 stage=post_transpose seq_len=64 start_pos=0 elapsed_ms=0.001
kiln_profile_gdn_stage layer=30 stage=gated_norm seq_len=64 start_pos=0 elapsed_ms=0.335
kiln_profile_gdn_stage layer=30 stage=out_proj seq_len=64 start_pos=0 elapsed_ms=1.548
kiln_profile_mlp_stage layer=30 stage=gate_proj seq_len=64 start_pos=0 elapsed_ms=4.609
kiln_profile_mlp_stage layer=30 stage=gate_silu seq_len=64 start_pos=0 elapsed_ms=0.860
kiln_profile_mlp_stage layer=30 stage=up_proj seq_len=64 start_pos=0 elapsed_ms=2.821
kiln_profile_mlp_stage layer=30 stage=hidden_mul seq_len=64 start_pos=0 elapsed_ms=0.426
kiln_profile_mlp_stage layer=30 stage=down_proj seq_len=64 start_pos=0 elapsed_ms=2.952
kiln_profile_full_attn_stage full_attn_layer=7 stage=qkv_proj seq_len=64 start_pos=0 elapsed_ms=3.595
kiln_profile_full_attn_stage full_attn_layer=7 stage=qkv_split seq_len=64 start_pos=0 elapsed_ms=1.883
kiln_profile_full_attn_stage full_attn_layer=7 stage=qk_norm seq_len=64 start_pos=0 elapsed_ms=0.557
kiln_profile_full_attn_stage full_attn_layer=7 stage=rope seq_len=64 start_pos=0 elapsed_ms=0.479
kiln_profile_full_attn_stage full_attn_layer=7 stage=q_transpose seq_len=64 start_pos=0 elapsed_ms=0.902
kiln_profile_full_attn_stage full_attn_layer=7 stage=prefill_kv_head_layout seq_len=64 start_pos=0 elapsed_ms=0.605
kiln_profile_full_attn_stage full_attn_layer=7 stage=prefill_attn_head_major seq_len=64 start_pos=0 elapsed_ms=0.006
kiln_profile_full_attn_stage full_attn_layer=7 stage=prefill_attn_fallback seq_len=64 start_pos=0 elapsed_ms=2.882
kiln_profile_full_attn_stage full_attn_layer=7 stage=kv_write seq_len=64 start_pos=0 elapsed_ms=0.530
kiln_profile_full_attn_stage full_attn_layer=7 stage=kv_read seq_len=64 start_pos=0 elapsed_ms=0.693
kiln_profile_mlp_stage layer=31 stage=gate_proj seq_len=64 start_pos=0 elapsed_ms=5.378
kiln_profile_mlp_stage layer=31 stage=gate_silu seq_len=64 start_pos=0 elapsed_ms=0.575
kiln_profile_mlp_stage layer=31 stage=up_proj seq_len=64 start_pos=0 elapsed_ms=2.210
kiln_profile_mlp_stage layer=31 stage=hidden_mul seq_len=64 start_pos=0 elapsed_ms=0.363
kiln_profile_mlp_stage layer=31 stage=down_proj seq_len=64 start_pos=0 elapsed_ms=2.394
    Prefill (paged): 703.8ms (91 tok/s)
kiln_profile_gdn_stage layer=0 stage=in_proj seq_len=1 start_pos=64 elapsed_ms=1.357
kiln_profile_gdn_stage layer=0 stage=qkv_conv_norm seq_len=1 start_pos=64 elapsed_ms=0.275
kiln_profile_gdn_stage layer=0 stage=gates_recur_gated_norm seq_len=1 start_pos=64 elapsed_ms=0.353
kiln_profile_gdn_stage layer=0 stage=post_transpose seq_len=1 start_pos=64 elapsed_ms=0.002
kiln_profile_gdn_stage layer=0 stage=gated_norm seq_len=1 start_pos=64 elapsed_ms=0.006
kiln_profile_gdn_stage layer=0 stage=out_proj seq_len=1 start_pos=64 elapsed_ms=0.680
kiln_profile_mlp_stage layer=0 stage=gate_up_fused seq_len=1 start_pos=64 elapsed_ms=1.785
kiln_profile_mlp_stage layer=0 stage=down_proj seq_len=1 start_pos=64 elapsed_ms=1.128
kiln_profile_gdn_stage layer=1 stage=in_proj seq_len=1 start_pos=64 elapsed_ms=1.429
kiln_profile_gdn_stage layer=1 stage=qkv_conv_norm seq_len=1 start_pos=64 elapsed_ms=0.398
kiln_profile_gdn_stage layer=1 stage=gates_recur_gated_norm seq_len=1 start_pos=64 elapsed_ms=0.440
kiln_profile_gdn_stage layer=1 stage=post_transpose seq_len=1 start_pos=64 elapsed_ms=0.001
kiln_profile_gdn_stage layer=1 stage=gated_norm seq_len=1 start_pos=64 elapsed_ms=0.007
kiln_profile_gdn_stage layer=1 stage=out_proj seq_len=1 start_pos=64 elapsed_ms=0.762
kiln_profile_mlp_stage layer=1 stage=gate_up_fused seq_len=1 start_pos=64 elapsed_ms=1.869
kiln_profile_mlp_stage layer=1 stage=down_proj seq_len=1 start_pos=64 elapsed_ms=1.185
kiln_profile_gdn_stage layer=2 stage=in_proj seq_len=1 start_pos=64 elapsed_ms=1.414
kiln_profile_gdn_stage layer=2 stage=qkv_conv_norm seq_len=1 start_pos=64 elapsed_ms=0.345
kiln_profile_gdn_stage layer=2 stage=gates_recur_gated_norm seq_len=1 start_pos=64 elapsed_ms=0.422
kiln_profile_gdn_stage layer=2 stage=post_transpose seq_len=1 start_pos=64 elapsed_ms=0.001
kiln_profile_gdn_stage layer=2 stage=gated_norm seq_len=1 start_pos=64 elapsed_ms=0.003
kiln_profile_gdn_stage layer=2 stage=out_proj seq_len=1 start_pos=64 elapsed_ms=0.754
kiln_profile_mlp_stage layer=2 stage=gate_up_fused seq_len=1 start_pos=64 elapsed_ms=1.878
kiln_profile_mlp_stage layer=2 stage=down_proj seq_len=1 start_pos=64 elapsed_ms=1.191
kiln_profile_full_attn_stage full_attn_layer=0 stage=qkv_proj seq_len=1 start_pos=64 elapsed_ms=1.366
kiln_profile_full_attn_stage full_attn_layer=0 stage=qkv_split seq_len=1 start_pos=64 elapsed_ms=0.352
kiln_profile_full_attn_stage full_attn_layer=0 stage=qk_norm seq_len=1 start_pos=64 elapsed_ms=0.313
kiln_profile_full_attn_stage full_attn_layer=0 stage=rope seq_len=1 start_pos=64 elapsed_ms=0.300
kiln_profile_full_attn_stage full_attn_layer=0 stage=q_transpose seq_len=1 start_pos=64 elapsed_ms=0.003
kiln_profile_full_attn_stage full_attn_layer=0 stage=kv_write seq_len=1 start_pos=64 elapsed_ms=0.834
kiln_profile_full_attn_stage full_attn_layer=0 stage=decode_attn_contiguous seq_len=1 start_pos=64 elapsed_ms=0.367
kiln_profile_full_attn_stage full_attn_layer=0 stage=attn_gate seq_len=1 start_pos=64 elapsed_ms=0.548
kiln_profile_full_attn_stage full_attn_layer=0 stage=o_proj seq_len=1 start_pos=64 elapsed_ms=0.772
kiln_profile_mlp_stage layer=3 stage=gate_up_fused seq_len=1 start_pos=64 elapsed_ms=1.866
kiln_profile_mlp_stage layer=3 stage=down_proj seq_len=1 start_pos=64 elapsed_ms=1.196
kiln_profile_gdn_stage layer=4 stage=in_proj seq_len=1 start_pos=64 elapsed_ms=1.377
kiln_profile_gdn_stage layer=4 stage=qkv_conv_norm seq_len=1 start_pos=64 elapsed_ms=0.362
kiln_profile_gdn_stage layer=4 stage=gates_recur_gated_norm seq_len=1 start_pos=64 elapsed_ms=0.438
kiln_profile_gdn_stage layer=4 stage=post_transpose seq_len=1 start_pos=64 elapsed_ms=0.002
kiln_profile_gdn_stage layer=4 stage=gated_norm seq_len=1 start_pos=64 elapsed_ms=0.003
kiln_profile_gdn_stage layer=4 stage=out_proj seq_len=1 start_pos=64 elapsed_ms=0.734
kiln_profile_mlp_stage layer=4 stage=gate_up_fused seq_len=1 start_pos=64 elapsed_ms=1.865
kiln_profile_mlp_stage layer=4 stage=down_proj seq_len=1 start_pos=64 elapsed_ms=1.183
kiln_profile_gdn_stage layer=5 stage=in_proj seq_len=1 start_pos=64 elapsed_ms=1.430
kiln_profile_gdn_stage layer=5 stage=qkv_conv_norm seq_len=1 start_pos=64 elapsed_ms=0.345
kiln_profile_gdn_stage layer=5 stage=gates_recur_gated_norm seq_len=1 start_pos=64 elapsed_ms=0.415
kiln_profile_gdn_stage layer=5 stage=post_transpose seq_len=1 start_pos=64 elapsed_ms=0.001
kiln_profile_gdn_stage layer=5 stage=gated_norm seq_len=1 start_pos=64 elapsed_ms=0.004
kiln_profile_gdn_stage layer=5 stage=out_proj seq_len=1 start_pos=64 elapsed_ms=0.790
kiln_profile_mlp_stage layer=5 stage=gate_up_fused seq_len=1 start_pos=64 elapsed_ms=1.956
kiln_profile_mlp_stage layer=5 stage=down_proj seq_len=1 start_pos=64 elapsed_ms=1.254
kiln_profile_gdn_stage layer=6 stage=in_proj seq_len=1 start_pos=64 elapsed_ms=1.412
kiln_profile_gdn_stage layer=6 stage=qkv_conv_norm seq_len=1 start_pos=64 elapsed_ms=0.281
kiln_profile_gdn_stage layer=6 stage=gates_recur_gated_norm seq_len=1 start_pos=64 elapsed_ms=0.367
kiln_profile_gdn_stage layer=6 stage=post_transpose seq_len=1 start_pos=64 elapsed_ms=0.000
kiln_profile_gdn_stage layer=6 stage=gated_norm seq_len=1 start_pos=64 elapsed_ms=0.003
kiln_profile_gdn_stage layer=6 stage=out_proj seq_len=1 start_pos=64 elapsed_ms=0.710
kiln_profile_mlp_stage layer=6 stage=gate_up_fused seq_len=1 start_pos=64 elapsed_ms=1.880
kiln_profile_mlp_stage layer=6 stage=down_proj seq_len=1 start_pos=64 elapsed_ms=1.080
kiln_profile_full_attn_stage full_attn_layer=1 stage=qkv_proj seq_len=1 start_pos=64 elapsed_ms=1.319
kiln_profile_full_attn_stage full_attn_layer=1 stage=qkv_split seq_len=1 start_pos=64 elapsed_ms=0.227
kiln_profile_full_attn_stage full_attn_layer=1 stage=qk_norm seq_len=1 start_pos=64 elapsed_ms=0.212
kiln_profile_full_attn_stage full_attn_layer=1 stage=rope seq_len=1 start_pos=64 elapsed_ms=0.179
kiln_profile_full_attn_stage full_attn_layer=1 stage=q_transpose seq_len=1 start_pos=64 elapsed_ms=0.001
kiln_profile_full_attn_stage full_attn_layer=1 stage=kv_write seq_len=1 start_pos=64 elapsed_ms=0.190
kiln_profile_full_attn_stage full_attn_layer=1 stage=decode_attn_contiguous seq_len=1 start_pos=64 elapsed_ms=0.227
kiln_profile_full_attn_stage full_attn_layer=1 stage=attn_gate seq_len=1 start_pos=64 elapsed_ms=0.682
kiln_profile_full_attn_stage full_attn_layer=1 stage=o_proj seq_len=1 start_pos=64 elapsed_ms=1.040
kiln_profile_mlp_stage layer=7 stage=gate_up_fused seq_len=1 start_pos=64 elapsed_ms=1.981
kiln_profile_mlp_stage layer=7 stage=down_proj seq_len=1 start_pos=64 elapsed_ms=1.112
kiln_profile_gdn_stage layer=8 stage=in_proj seq_len=1 start_pos=64 elapsed_ms=1.339
kiln_profile_gdn_stage layer=8 stage=qkv_conv_norm seq_len=1 start_pos=64 elapsed_ms=0.210
kiln_profile_gdn_stage layer=8 stage=gates_recur_gated_norm seq_len=1 start_pos=64 elapsed_ms=0.290
kiln_profile_gdn_stage layer=8 stage=post_transpose seq_len=1 start_pos=64 elapsed_ms=0.000
kiln_profile_gdn_stage layer=8 stage=gated_norm seq_len=1 start_pos=64 elapsed_ms=0.001
kiln_profile_gdn_stage layer=8 stage=out_proj seq_len=1 start_pos=64 elapsed_ms=0.661
kiln_profile_mlp_stage layer=8 stage=gate_up_fused seq_len=1 start_pos=64 elapsed_ms=1.922
kiln_profile_mlp_stage layer=8 stage=down_proj seq_len=1 start_pos=64 elapsed_ms=1.091
kiln_profile_gdn_stage layer=9 stage=in_proj seq_len=1 start_pos=64 elapsed_ms=1.284
kiln_profile_gdn_stage layer=9 stage=qkv_conv_norm seq_len=1 start_pos=64 elapsed_ms=0.194
kiln_profile_gdn_stage layer=9 stage=gates_recur_gated_norm seq_len=1 start_pos=64 elapsed_ms=0.278
kiln_profile_gdn_stage layer=9 stage=post_transpose seq_len=1 start_pos=64 elapsed_ms=0.000
kiln_profile_gdn_stage layer=9 stage=gated_norm seq_len=1 start_pos=64 elapsed_ms=0.001
kiln_profile_gdn_stage layer=9 stage=out_proj seq_len=1 start_pos=64 elapsed_ms=0.668
kiln_profile_mlp_stage layer=9 stage=gate_up_fused seq_len=1 start_pos=64 elapsed_ms=1.803
kiln_profile_mlp_stage layer=9 stage=down_proj seq_len=1 start_pos=64 elapsed_ms=1.082
kiln_profile_gdn_stage layer=10 stage=in_proj seq_len=1 start_pos=64 elapsed_ms=1.300
kiln_profile_gdn_stage layer=10 stage=qkv_conv_norm seq_len=1 start_pos=64 elapsed_ms=0.200
kiln_profile_gdn_stage layer=10 stage=gates_recur_gated_norm seq_len=1 start_pos=64 elapsed_ms=0.283
kiln_profile_gdn_stage layer=10 stage=post_transpose seq_len=1 start_pos=64 elapsed_ms=0.000
kiln_profile_gdn_stage layer=10 stage=gated_norm seq_len=1 start_pos=64 elapsed_ms=0.001
kiln_profile_gdn_stage layer=10 stage=out_proj seq_len=1 start_pos=64 elapsed_ms=0.632
kiln_profile_mlp_stage layer=10 stage=gate_up_fused seq_len=1 start_pos=64 elapsed_ms=1.767
kiln_profile_mlp_stage layer=10 stage=down_proj seq_len=1 start_pos=64 elapsed_ms=1.069
kiln_profile_full_attn_stage full_attn_layer=2 stage=qkv_proj seq_len=1 start_pos=64 elapsed_ms=1.303
kiln_profile_full_attn_stage full_attn_layer=2 stage=qkv_split seq_len=1 start_pos=64 elapsed_ms=0.245
kiln_profile_full_attn_stage full_attn_layer=2 stage=qk_norm seq_len=1 start_pos=64 elapsed_ms=0.215
kiln_profile_full_attn_stage full_attn_layer=2 stage=rope seq_len=1 start_pos=64 elapsed_ms=0.193
kiln_profile_full_attn_stage full_attn_layer=2 stage=q_transpose seq_len=1 start_pos=64 elapsed_ms=0.002
kiln_profile_full_attn_stage full_attn_layer=2 stage=kv_write seq_len=1 start_pos=64 elapsed_ms=0.195
kiln_profile_full_attn_stage full_attn_layer=2 stage=decode_attn_contiguous seq_len=1 start_pos=64 elapsed_ms=0.231
kiln_profile_full_attn_stage full_attn_layer=2 stage=attn_gate seq_len=1 start_pos=64 elapsed_ms=0.185
kiln_profile_full_attn_stage full_attn_layer=2 stage=o_proj seq_len=1 start_pos=64 elapsed_ms=0.624
kiln_profile_mlp_stage layer=11 stage=gate_up_fused seq_len=1 start_pos=64 elapsed_ms=1.760
kiln_profile_mlp_stage layer=11 stage=down_proj seq_len=1 start_pos=64 elapsed_ms=1.063
kiln_profile_gdn_stage layer=12 stage=in_proj seq_len=1 start_pos=64 elapsed_ms=1.305
kiln_profile_gdn_stage layer=12 stage=qkv_conv_norm seq_len=1 start_pos=64 elapsed_ms=0.184
kiln_profile_gdn_stage layer=12 stage=gates_recur_gated_norm seq_len=1 start_pos=64 elapsed_ms=0.264
kiln_profile_gdn_stage layer=12 stage=post_transpose seq_len=1 start_pos=64 elapsed_ms=0.000
kiln_profile_gdn_stage layer=12 stage=gated_norm seq_len=1 start_pos=64 elapsed_ms=0.001
kiln_profile_gdn_stage layer=12 stage=out_proj seq_len=1 start_pos=64 elapsed_ms=0.649
kiln_profile_mlp_stage layer=12 stage=gate_up_fused seq_len=1 start_pos=64 elapsed_ms=2.609
kiln_profile_mlp_stage layer=12 stage=down_proj seq_len=1 start_pos=64 elapsed_ms=1.088
kiln_profile_gdn_stage layer=13 stage=in_proj seq_len=1 start_pos=64 elapsed_ms=1.298
kiln_profile_gdn_stage layer=13 stage=qkv_conv_norm seq_len=1 start_pos=64 elapsed_ms=0.184
kiln_profile_gdn_stage layer=13 stage=gates_recur_gated_norm seq_len=1 start_pos=64 elapsed_ms=0.290
kiln_profile_gdn_stage layer=13 stage=post_transpose seq_len=1 start_pos=64 elapsed_ms=0.000
kiln_profile_gdn_stage layer=13 stage=gated_norm seq_len=1 start_pos=64 elapsed_ms=0.001
kiln_profile_gdn_stage layer=13 stage=out_proj seq_len=1 start_pos=64 elapsed_ms=0.638
kiln_profile_mlp_stage layer=13 stage=gate_up_fused seq_len=1 start_pos=64 elapsed_ms=1.759
kiln_profile_mlp_stage layer=13 stage=down_proj seq_len=1 start_pos=64 elapsed_ms=1.074
kiln_profile_gdn_stage layer=14 stage=in_proj seq_len=1 start_pos=64 elapsed_ms=1.344
kiln_profile_gdn_stage layer=14 stage=qkv_conv_norm seq_len=1 start_pos=64 elapsed_ms=0.192
kiln_profile_gdn_stage layer=14 stage=gates_recur_gated_norm seq_len=1 start_pos=64 elapsed_ms=0.278
kiln_profile_gdn_stage layer=14 stage=post_transpose seq_len=1 start_pos=64 elapsed_ms=0.000
kiln_profile_gdn_stage layer=14 stage=gated_norm seq_len=1 start_pos=64 elapsed_ms=0.001
kiln_profile_gdn_stage layer=14 stage=out_proj seq_len=1 start_pos=64 elapsed_ms=0.654
kiln_profile_mlp_stage layer=14 stage=gate_up_fused seq_len=1 start_pos=64 elapsed_ms=1.753
kiln_profile_mlp_stage layer=14 stage=down_proj seq_len=1 start_pos=64 elapsed_ms=1.095
kiln_profile_full_attn_stage full_attn_layer=3 stage=qkv_proj seq_len=1 start_pos=64 elapsed_ms=1.256
kiln_profile_full_attn_stage full_attn_layer=3 stage=qkv_split seq_len=1 start_pos=64 elapsed_ms=0.236
kiln_profile_full_attn_stage full_attn_layer=3 stage=qk_norm seq_len=1 start_pos=64 elapsed_ms=0.193
kiln_profile_full_attn_stage full_attn_layer=3 stage=rope seq_len=1 start_pos=64 elapsed_ms=0.178
kiln_profile_full_attn_stage full_attn_layer=3 stage=q_transpose seq_len=1 start_pos=64 elapsed_ms=0.001
kiln_profile_full_attn_stage full_attn_layer=3 stage=kv_write seq_len=1 start_pos=64 elapsed_ms=0.163
kiln_profile_full_attn_stage full_attn_layer=3 stage=decode_attn_contiguous seq_len=1 start_pos=64 elapsed_ms=0.196
kiln_profile_full_attn_stage full_attn_layer=3 stage=attn_gate seq_len=1 start_pos=64 elapsed_ms=0.160
kiln_profile_full_attn_stage full_attn_layer=3 stage=o_proj seq_len=1 start_pos=64 elapsed_ms=0.613
kiln_profile_mlp_stage layer=15 stage=gate_up_fused seq_len=1 start_pos=64 elapsed_ms=1.798
kiln_profile_mlp_stage layer=15 stage=down_proj seq_len=1 start_pos=64 elapsed_ms=1.101
kiln_profile_gdn_stage layer=16 stage=in_proj seq_len=1 start_pos=64 elapsed_ms=1.390
kiln_profile_gdn_stage layer=16 stage=qkv_conv_norm seq_len=1 start_pos=64 elapsed_ms=0.188
kiln_profile_gdn_stage layer=16 stage=gates_recur_gated_norm seq_len=1 start_pos=64 elapsed_ms=0.296
kiln_profile_gdn_stage layer=16 stage=post_transpose seq_len=1 start_pos=64 elapsed_ms=0.000
kiln_profile_gdn_stage layer=16 stage=gated_norm seq_len=1 start_pos=64 elapsed_ms=0.001
kiln_profile_gdn_stage layer=16 stage=out_proj seq_len=1 start_pos=64 elapsed_ms=0.660
kiln_profile_mlp_stage layer=16 stage=gate_up_fused seq_len=1 start_pos=64 elapsed_ms=1.761
kiln_profile_mlp_stage layer=16 stage=down_proj seq_len=1 start_pos=64 elapsed_ms=1.066
kiln_profile_gdn_stage layer=17 stage=in_proj seq_len=1 start_pos=64 elapsed_ms=1.310
kiln_profile_gdn_stage layer=17 stage=qkv_conv_norm seq_len=1 start_pos=64 elapsed_ms=0.204
kiln_profile_gdn_stage layer=17 stage=gates_recur_gated_norm seq_len=1 start_pos=64 elapsed_ms=0.288
kiln_profile_gdn_stage layer=17 stage=post_transpose seq_len=1 start_pos=64 elapsed_ms=0.000
kiln_profile_gdn_stage layer=17 stage=gated_norm seq_len=1 start_pos=64 elapsed_ms=0.001
kiln_profile_gdn_stage layer=17 stage=out_proj seq_len=1 start_pos=64 elapsed_ms=0.631
kiln_profile_mlp_stage layer=17 stage=gate_up_fused seq_len=1 start_pos=64 elapsed_ms=2.018
kiln_profile_mlp_stage layer=17 stage=down_proj seq_len=1 start_pos=64 elapsed_ms=1.922
kiln_profile_gdn_stage layer=18 stage=in_proj seq_len=1 start_pos=64 elapsed_ms=1.274
kiln_profile_gdn_stage layer=18 stage=qkv_conv_norm seq_len=1 start_pos=64 elapsed_ms=0.204
kiln_profile_gdn_stage layer=18 stage=gates_recur_gated_norm seq_len=1 start_pos=64 elapsed_ms=0.291
kiln_profile_gdn_stage layer=18 stage=post_transpose seq_len=1 start_pos=64 elapsed_ms=0.000
kiln_profile_gdn_stage layer=18 stage=gated_norm seq_len=1 start_pos=64 elapsed_ms=0.001
kiln_profile_gdn_stage layer=18 stage=out_proj seq_len=1 start_pos=64 elapsed_ms=0.643
kiln_profile_mlp_stage layer=18 stage=gate_up_fused seq_len=1 start_pos=64 elapsed_ms=1.749
kiln_profile_mlp_stage layer=18 stage=down_proj seq_len=1 start_pos=64 elapsed_ms=1.113
kiln_profile_full_attn_stage full_attn_layer=4 stage=qkv_proj seq_len=1 start_pos=64 elapsed_ms=1.270
kiln_profile_full_attn_stage full_attn_layer=4 stage=qkv_split seq_len=1 start_pos=64 elapsed_ms=0.269
kiln_profile_full_attn_stage full_attn_layer=4 stage=qk_norm seq_len=1 start_pos=64 elapsed_ms=0.231
kiln_profile_full_attn_stage full_attn_layer=4 stage=rope seq_len=1 start_pos=64 elapsed_ms=0.210
kiln_profile_full_attn_stage full_attn_layer=4 stage=q_transpose seq_len=1 start_pos=64 elapsed_ms=0.000
kiln_profile_full_attn_stage full_attn_layer=4 stage=kv_write seq_len=1 start_pos=64 elapsed_ms=0.236
kiln_profile_full_attn_stage full_attn_layer=4 stage=decode_attn_contiguous seq_len=1 start_pos=64 elapsed_ms=0.252
kiln_profile_full_attn_stage full_attn_layer=4 stage=attn_gate seq_len=1 start_pos=64 elapsed_ms=0.279
kiln_profile_full_attn_stage full_attn_layer=4 stage=o_proj seq_len=1 start_pos=64 elapsed_ms=0.665
kiln_profile_mlp_stage layer=19 stage=gate_up_fused seq_len=1 start_pos=64 elapsed_ms=1.788
kiln_profile_mlp_stage layer=19 stage=down_proj seq_len=1 start_pos=64 elapsed_ms=1.076
kiln_profile_gdn_stage layer=20 stage=in_proj seq_len=1 start_pos=64 elapsed_ms=1.284
kiln_profile_gdn_stage layer=20 stage=qkv_conv_norm seq_len=1 start_pos=64 elapsed_ms=0.243
kiln_profile_gdn_stage layer=20 stage=gates_recur_gated_norm seq_len=1 start_pos=64 elapsed_ms=0.319
kiln_profile_gdn_stage layer=20 stage=post_transpose seq_len=1 start_pos=64 elapsed_ms=0.000
kiln_profile_gdn_stage layer=20 stage=gated_norm seq_len=1 start_pos=64 elapsed_ms=0.001
kiln_profile_gdn_stage layer=20 stage=out_proj seq_len=1 start_pos=64 elapsed_ms=0.627
kiln_profile_mlp_stage layer=20 stage=gate_up_fused seq_len=1 start_pos=64 elapsed_ms=1.778
kiln_profile_mlp_stage layer=20 stage=down_proj seq_len=1 start_pos=64 elapsed_ms=1.101
kiln_profile_gdn_stage layer=21 stage=in_proj seq_len=1 start_pos=64 elapsed_ms=1.343
kiln_profile_gdn_stage layer=21 stage=qkv_conv_norm seq_len=1 start_pos=64 elapsed_ms=0.210
kiln_profile_gdn_stage layer=21 stage=gates_recur_gated_norm seq_len=1 start_pos=64 elapsed_ms=0.298
kiln_profile_gdn_stage layer=21 stage=post_transpose seq_len=1 start_pos=64 elapsed_ms=0.000
kiln_profile_gdn_stage layer=21 stage=gated_norm seq_len=1 start_pos=64 elapsed_ms=0.001
kiln_profile_gdn_stage layer=21 stage=out_proj seq_len=1 start_pos=64 elapsed_ms=0.621
kiln_profile_mlp_stage layer=21 stage=gate_up_fused seq_len=1 start_pos=64 elapsed_ms=1.802
kiln_profile_mlp_stage layer=21 stage=down_proj seq_len=1 start_pos=64 elapsed_ms=1.091
kiln_profile_gdn_stage layer=22 stage=in_proj seq_len=1 start_pos=64 elapsed_ms=1.371
kiln_profile_gdn_stage layer=22 stage=qkv_conv_norm seq_len=1 start_pos=64 elapsed_ms=0.207
kiln_profile_gdn_stage layer=22 stage=gates_recur_gated_norm seq_len=1 start_pos=64 elapsed_ms=0.291
kiln_profile_gdn_stage layer=22 stage=post_transpose seq_len=1 start_pos=64 elapsed_ms=0.000
kiln_profile_gdn_stage layer=22 stage=gated_norm seq_len=1 start_pos=64 elapsed_ms=0.001
kiln_profile_gdn_stage layer=22 stage=out_proj seq_len=1 start_pos=64 elapsed_ms=0.635
kiln_profile_mlp_stage layer=22 stage=gate_up_fused seq_len=1 start_pos=64 elapsed_ms=2.025
kiln_profile_mlp_stage layer=22 stage=down_proj seq_len=1 start_pos=64 elapsed_ms=1.663
kiln_profile_full_attn_stage full_attn_layer=5 stage=qkv_proj seq_len=1 start_pos=64 elapsed_ms=1.439
kiln_profile_full_attn_stage full_attn_layer=5 stage=qkv_split seq_len=1 start_pos=64 elapsed_ms=0.232
kiln_profile_full_attn_stage full_attn_layer=5 stage=qk_norm seq_len=1 start_pos=64 elapsed_ms=0.233
kiln_profile_full_attn_stage full_attn_layer=5 stage=rope seq_len=1 start_pos=64 elapsed_ms=0.202
kiln_profile_full_attn_stage full_attn_layer=5 stage=q_transpose seq_len=1 start_pos=64 elapsed_ms=0.001
kiln_profile_full_attn_stage full_attn_layer=5 stage=kv_write seq_len=1 start_pos=64 elapsed_ms=0.273
kiln_profile_full_attn_stage full_attn_layer=5 stage=decode_attn_contiguous seq_len=1 start_pos=64 elapsed_ms=0.247
kiln_profile_full_attn_stage full_attn_layer=5 stage=attn_gate seq_len=1 start_pos=64 elapsed_ms=0.238
kiln_profile_full_attn_stage full_attn_layer=5 stage=o_proj seq_len=1 start_pos=64 elapsed_ms=0.721
kiln_profile_mlp_stage layer=23 stage=gate_up_fused seq_len=1 start_pos=64 elapsed_ms=1.775
kiln_profile_mlp_stage layer=23 stage=down_proj seq_len=1 start_pos=64 elapsed_ms=1.139
kiln_profile_gdn_stage layer=24 stage=in_proj seq_len=1 start_pos=64 elapsed_ms=1.321
kiln_profile_gdn_stage layer=24 stage=qkv_conv_norm seq_len=1 start_pos=64 elapsed_ms=0.263
kiln_profile_gdn_stage layer=24 stage=gates_recur_gated_norm seq_len=1 start_pos=64 elapsed_ms=0.325
kiln_profile_gdn_stage layer=24 stage=post_transpose seq_len=1 start_pos=64 elapsed_ms=0.000
kiln_profile_gdn_stage layer=24 stage=gated_norm seq_len=1 start_pos=64 elapsed_ms=0.001
kiln_profile_gdn_stage layer=24 stage=out_proj seq_len=1 start_pos=64 elapsed_ms=0.678
kiln_profile_mlp_stage layer=24 stage=gate_up_fused seq_len=1 start_pos=64 elapsed_ms=1.786
kiln_profile_mlp_stage layer=24 stage=down_proj seq_len=1 start_pos=64 elapsed_ms=1.098
kiln_profile_gdn_stage layer=25 stage=in_proj seq_len=1 start_pos=64 elapsed_ms=1.329
kiln_profile_gdn_stage layer=25 stage=qkv_conv_norm seq_len=1 start_pos=64 elapsed_ms=0.273
kiln_profile_gdn_stage layer=25 stage=gates_recur_gated_norm seq_len=1 start_pos=64 elapsed_ms=0.303
kiln_profile_gdn_stage layer=25 stage=post_transpose seq_len=1 start_pos=64 elapsed_ms=0.000
kiln_profile_gdn_stage layer=25 stage=gated_norm seq_len=1 start_pos=64 elapsed_ms=0.001
kiln_profile_gdn_stage layer=25 stage=out_proj seq_len=1 start_pos=64 elapsed_ms=0.714
kiln_profile_mlp_stage layer=25 stage=gate_up_fused seq_len=1 start_pos=64 elapsed_ms=1.810
kiln_profile_mlp_stage layer=25 stage=down_proj seq_len=1 start_pos=64 elapsed_ms=1.118
kiln_profile_gdn_stage layer=26 stage=in_proj seq_len=1 start_pos=64 elapsed_ms=1.324
kiln_profile_gdn_stage layer=26 stage=qkv_conv_norm seq_len=1 start_pos=64 elapsed_ms=0.259
kiln_profile_gdn_stage layer=26 stage=gates_recur_gated_norm seq_len=1 start_pos=64 elapsed_ms=0.310
kiln_profile_gdn_stage layer=26 stage=post_transpose seq_len=1 start_pos=64 elapsed_ms=0.000
kiln_profile_gdn_stage layer=26 stage=gated_norm seq_len=1 start_pos=64 elapsed_ms=0.001
kiln_profile_gdn_stage layer=26 stage=out_proj seq_len=1 start_pos=64 elapsed_ms=0.648
kiln_profile_mlp_stage layer=26 stage=gate_up_fused seq_len=1 start_pos=64 elapsed_ms=1.824
kiln_profile_mlp_stage layer=26 stage=down_proj seq_len=1 start_pos=64 elapsed_ms=1.084
kiln_profile_full_attn_stage full_attn_layer=6 stage=qkv_proj seq_len=1 start_pos=64 elapsed_ms=1.307
kiln_profile_full_attn_stage full_attn_layer=6 stage=qkv_split seq_len=1 start_pos=64 elapsed_ms=0.233
kiln_profile_full_attn_stage full_attn_layer=6 stage=qk_norm seq_len=1 start_pos=64 elapsed_ms=0.220
kiln_profile_full_attn_stage full_attn_layer=6 stage=rope seq_len=1 start_pos=64 elapsed_ms=0.181
kiln_profile_full_attn_stage full_attn_layer=6 stage=q_transpose seq_len=1 start_pos=64 elapsed_ms=0.001
kiln_profile_full_attn_stage full_attn_layer=6 stage=kv_write seq_len=1 start_pos=64 elapsed_ms=0.182
kiln_profile_full_attn_stage full_attn_layer=6 stage=decode_attn_contiguous seq_len=1 start_pos=64 elapsed_ms=0.233
kiln_profile_full_attn_stage full_attn_layer=6 stage=attn_gate seq_len=1 start_pos=64 elapsed_ms=0.189
kiln_profile_full_attn_stage full_attn_layer=6 stage=o_proj seq_len=1 start_pos=64 elapsed_ms=0.722
kiln_profile_mlp_stage layer=27 stage=gate_up_fused seq_len=1 start_pos=64 elapsed_ms=2.847
kiln_profile_mlp_stage layer=27 stage=down_proj seq_len=1 start_pos=64 elapsed_ms=1.168
kiln_profile_gdn_stage layer=28 stage=in_proj seq_len=1 start_pos=64 elapsed_ms=1.397
kiln_profile_gdn_stage layer=28 stage=qkv_conv_norm seq_len=1 start_pos=64 elapsed_ms=0.226
kiln_profile_gdn_stage layer=28 stage=gates_recur_gated_norm seq_len=1 start_pos=64 elapsed_ms=0.311
kiln_profile_gdn_stage layer=28 stage=post_transpose seq_len=1 start_pos=64 elapsed_ms=0.000
kiln_profile_gdn_stage layer=28 stage=gated_norm seq_len=1 start_pos=64 elapsed_ms=0.001
kiln_profile_gdn_stage layer=28 stage=out_proj seq_len=1 start_pos=64 elapsed_ms=0.655
kiln_profile_mlp_stage layer=28 stage=gate_up_fused seq_len=1 start_pos=64 elapsed_ms=1.796
kiln_profile_mlp_stage layer=28 stage=down_proj seq_len=1 start_pos=64 elapsed_ms=1.142
kiln_profile_gdn_stage layer=29 stage=in_proj seq_len=1 start_pos=64 elapsed_ms=1.337
kiln_profile_gdn_stage layer=29 stage=qkv_conv_norm seq_len=1 start_pos=64 elapsed_ms=0.294
kiln_profile_gdn_stage layer=29 stage=gates_recur_gated_norm seq_len=1 start_pos=64 elapsed_ms=0.350
kiln_profile_gdn_stage layer=29 stage=post_transpose seq_len=1 start_pos=64 elapsed_ms=0.000
kiln_profile_gdn_stage layer=29 stage=gated_norm seq_len=1 start_pos=64 elapsed_ms=0.001
kiln_profile_gdn_stage layer=29 stage=out_proj seq_len=1 start_pos=64 elapsed_ms=0.686
kiln_profile_mlp_stage layer=29 stage=gate_up_fused seq_len=1 start_pos=64 elapsed_ms=1.802
kiln_profile_mlp_stage layer=29 stage=down_proj seq_len=1 start_pos=64 elapsed_ms=1.115
kiln_profile_gdn_stage layer=30 stage=in_proj seq_len=1 start_pos=64 elapsed_ms=1.315
kiln_profile_gdn_stage layer=30 stage=qkv_conv_norm seq_len=1 start_pos=64 elapsed_ms=0.266
kiln_profile_gdn_stage layer=30 stage=gates_recur_gated_norm seq_len=1 start_pos=64 elapsed_ms=0.350
kiln_profile_gdn_stage layer=30 stage=post_transpose seq_len=1 start_pos=64 elapsed_ms=0.000
kiln_profile_gdn_stage layer=30 stage=gated_norm seq_len=1 start_pos=64 elapsed_ms=0.001
kiln_profile_gdn_stage layer=30 stage=out_proj seq_len=1 start_pos=64 elapsed_ms=0.816
kiln_profile_mlp_stage layer=30 stage=gate_up_fused seq_len=1 start_pos=64 elapsed_ms=1.803
kiln_profile_mlp_stage layer=30 stage=down_proj seq_len=1 start_pos=64 elapsed_ms=1.122
kiln_profile_full_attn_stage full_attn_layer=7 stage=qkv_proj seq_len=1 start_pos=64 elapsed_ms=1.309
kiln_profile_full_attn_stage full_attn_layer=7 stage=qkv_split seq_len=1 start_pos=64 elapsed_ms=0.292
kiln_profile_full_attn_stage full_attn_layer=7 stage=qk_norm seq_len=1 start_pos=64 elapsed_ms=0.286
kiln_profile_full_attn_stage full_attn_layer=7 stage=rope seq_len=1 start_pos=64 elapsed_ms=0.226
kiln_profile_full_attn_stage full_attn_layer=7 stage=q_transpose seq_len=1 start_pos=64 elapsed_ms=0.001
kiln_profile_full_attn_stage full_attn_layer=7 stage=kv_write seq_len=1 start_pos=64 elapsed_ms=0.271
kiln_profile_full_attn_stage full_attn_layer=7 stage=decode_attn_contiguous seq_len=1 start_pos=64 elapsed_ms=0.275
kiln_profile_full_attn_stage full_attn_layer=7 stage=attn_gate seq_len=1 start_pos=64 elapsed_ms=0.299
kiln_profile_full_attn_stage full_attn_layer=7 stage=o_proj seq_len=1 start_pos=64 elapsed_ms=0.719
kiln_profile_mlp_stage layer=31 stage=gate_up_fused seq_len=1 start_pos=64 elapsed_ms=1.788
kiln_profile_mlp_stage layer=31 stage=down_proj seq_len=1 start_pos=64 elapsed_ms=1.128
kiln_profile_gdn_stage layer=0 stage=in_proj seq_len=1 start_pos=65 elapsed_ms=1.314
kiln_profile_gdn_stage layer=0 stage=qkv_conv_norm seq_len=1 start_pos=65 elapsed_ms=0.266
kiln_profile_gdn_stage layer=0 stage=gates_recur_gated_norm seq_len=1 start_pos=65 elapsed_ms=0.373
kiln_profile_gdn_stage layer=0 stage=post_transpose seq_len=1 start_pos=65 elapsed_ms=0.000
kiln_profile_gdn_stage layer=0 stage=gated_norm seq_len=1 start_pos=65 elapsed_ms=0.002
kiln_profile_gdn_stage layer=0 stage=out_proj seq_len=1 start_pos=65 elapsed_ms=0.681
kiln_profile_mlp_stage layer=0 stage=gate_up_fused seq_len=1 start_pos=65 elapsed_ms=1.853
kiln_profile_mlp_stage layer=0 stage=down_proj seq_len=1 start_pos=65 elapsed_ms=2.121
kiln_profile_gdn_stage layer=1 stage=in_proj seq_len=1 start_pos=65 elapsed_ms=1.373
kiln_profile_gdn_stage layer=1 stage=qkv_conv_norm seq_len=1 start_pos=65 elapsed_ms=0.242
kiln_profile_gdn_stage layer=1 stage=gates_recur_gated_norm seq_len=1 start_pos=65 elapsed_ms=0.338
kiln_profile_gdn_stage layer=1 stage=post_transpose seq_len=1 start_pos=65 elapsed_ms=0.000
kiln_profile_gdn_stage layer=1 stage=gated_norm seq_len=1 start_pos=65 elapsed_ms=0.002
kiln_profile_gdn_stage layer=1 stage=out_proj seq_len=1 start_pos=65 elapsed_ms=0.703
kiln_profile_mlp_stage layer=1 stage=gate_up_fused seq_len=1 start_pos=65 elapsed_ms=1.934
kiln_profile_mlp_stage layer=1 stage=down_proj seq_len=1 start_pos=65 elapsed_ms=1.102
kiln_profile_gdn_stage layer=2 stage=in_proj seq_len=1 start_pos=65 elapsed_ms=1.433
kiln_profile_gdn_stage layer=2 stage=qkv_conv_norm seq_len=1 start_pos=65 elapsed_ms=0.283
kiln_profile_gdn_stage layer=2 stage=gates_recur_gated_norm seq_len=1 start_pos=65 elapsed_ms=0.363
kiln_profile_gdn_stage layer=2 stage=post_transpose seq_len=1 start_pos=65 elapsed_ms=0.000
kiln_profile_gdn_stage layer=2 stage=gated_norm seq_len=1 start_pos=65 elapsed_ms=0.002
kiln_profile_gdn_stage layer=2 stage=out_proj seq_len=1 start_pos=65 elapsed_ms=0.712
kiln_profile_mlp_stage layer=2 stage=gate_up_fused seq_len=1 start_pos=65 elapsed_ms=2.000
kiln_profile_mlp_stage layer=2 stage=down_proj seq_len=1 start_pos=65 elapsed_ms=1.134
kiln_profile_full_attn_stage full_attn_layer=0 stage=qkv_proj seq_len=1 start_pos=65 elapsed_ms=1.359
kiln_profile_full_attn_stage full_attn_layer=0 stage=qkv_split seq_len=1 start_pos=65 elapsed_ms=0.297
kiln_profile_full_attn_stage full_attn_layer=0 stage=qk_norm seq_len=1 start_pos=65 elapsed_ms=0.269
kiln_profile_full_attn_stage full_attn_layer=0 stage=rope seq_len=1 start_pos=65 elapsed_ms=0.227
kiln_profile_full_attn_stage full_attn_layer=0 stage=q_transpose seq_len=1 start_pos=65 elapsed_ms=0.002
kiln_profile_full_attn_stage full_attn_layer=0 stage=kv_write seq_len=1 start_pos=65 elapsed_ms=0.218
kiln_profile_full_attn_stage full_attn_layer=0 stage=decode_attn_contiguous seq_len=1 start_pos=65 elapsed_ms=0.273
kiln_profile_full_attn_stage full_attn_layer=0 stage=attn_gate seq_len=1 start_pos=65 elapsed_ms=0.221
kiln_profile_full_attn_stage full_attn_layer=0 stage=o_proj seq_len=1 start_pos=65 elapsed_ms=0.656
kiln_profile_mlp_stage layer=3 stage=gate_up_fused seq_len=1 start_pos=65 elapsed_ms=1.758
kiln_profile_mlp_stage layer=3 stage=down_proj seq_len=1 start_pos=65 elapsed_ms=1.089
kiln_profile_gdn_stage layer=4 stage=in_proj seq_len=1 start_pos=65 elapsed_ms=1.303
kiln_profile_gdn_stage layer=4 stage=qkv_conv_norm seq_len=1 start_pos=65 elapsed_ms=0.236
kiln_profile_gdn_stage layer=4 stage=gates_recur_gated_norm seq_len=1 start_pos=65 elapsed_ms=0.307
kiln_profile_gdn_stage layer=4 stage=post_transpose seq_len=1 start_pos=65 elapsed_ms=0.000
kiln_profile_gdn_stage layer=4 stage=gated_norm seq_len=1 start_pos=65 elapsed_ms=0.002
kiln_profile_gdn_stage layer=4 stage=out_proj seq_len=1 start_pos=65 elapsed_ms=0.667
kiln_profile_mlp_stage layer=4 stage=gate_up_fused seq_len=1 start_pos=65 elapsed_ms=1.772
kiln_profile_mlp_stage layer=4 stage=down_proj seq_len=1 start_pos=65 elapsed_ms=1.111
kiln_profile_gdn_stage layer=5 stage=in_proj seq_len=1 start_pos=65 elapsed_ms=1.368
kiln_profile_gdn_stage layer=5 stage=qkv_conv_norm seq_len=1 start_pos=65 elapsed_ms=0.302
kiln_profile_gdn_stage layer=5 stage=gates_recur_gated_norm seq_len=1 start_pos=65 elapsed_ms=0.435
kiln_profile_gdn_stage layer=5 stage=post_transpose seq_len=1 start_pos=65 elapsed_ms=0.002
kiln_profile_gdn_stage layer=5 stage=gated_norm seq_len=1 start_pos=65 elapsed_ms=0.006
kiln_profile_gdn_stage layer=5 stage=out_proj seq_len=1 start_pos=65 elapsed_ms=0.998
kiln_profile_mlp_stage layer=5 stage=gate_up_fused seq_len=1 start_pos=65 elapsed_ms=1.892
kiln_profile_mlp_stage layer=5 stage=down_proj seq_len=1 start_pos=65 elapsed_ms=1.094
kiln_profile_gdn_stage layer=6 stage=in_proj seq_len=1 start_pos=65 elapsed_ms=1.311
kiln_profile_gdn_stage layer=6 stage=qkv_conv_norm seq_len=1 start_pos=65 elapsed_ms=0.268
kiln_profile_gdn_stage layer=6 stage=gates_recur_gated_norm seq_len=1 start_pos=65 elapsed_ms=0.350
kiln_profile_gdn_stage layer=6 stage=post_transpose seq_len=1 start_pos=65 elapsed_ms=0.003
kiln_profile_gdn_stage layer=6 stage=gated_norm seq_len=1 start_pos=65 elapsed_ms=0.005
kiln_profile_gdn_stage layer=6 stage=out_proj seq_len=1 start_pos=65 elapsed_ms=0.658
kiln_profile_mlp_stage layer=6 stage=gate_up_fused seq_len=1 start_pos=65 elapsed_ms=1.802
kiln_profile_mlp_stage layer=6 stage=down_proj seq_len=1 start_pos=65 elapsed_ms=1.101
kiln_profile_full_attn_stage full_attn_layer=1 stage=qkv_proj seq_len=1 start_pos=65 elapsed_ms=1.316
kiln_profile_full_attn_stage full_attn_layer=1 stage=qkv_split seq_len=1 start_pos=65 elapsed_ms=0.299
kiln_profile_full_attn_stage full_attn_layer=1 stage=qk_norm seq_len=1 start_pos=65 elapsed_ms=0.270
kiln_profile_full_attn_stage full_attn_layer=1 stage=rope seq_len=1 start_pos=65 elapsed_ms=0.267
kiln_profile_full_attn_stage full_attn_layer=1 stage=q_transpose seq_len=1 start_pos=65 elapsed_ms=0.003
kiln_profile_full_attn_stage full_attn_layer=1 stage=kv_write seq_len=1 start_pos=65 elapsed_ms=0.382
kiln_profile_full_attn_stage full_attn_layer=1 stage=decode_attn_contiguous seq_len=1 start_pos=65 elapsed_ms=0.279
kiln_profile_full_attn_stage full_attn_layer=1 stage=attn_gate seq_len=1 start_pos=65 elapsed_ms=0.249
kiln_profile_full_attn_stage full_attn_layer=1 stage=o_proj seq_len=1 start_pos=65 elapsed_ms=0.696
kiln_profile_mlp_stage layer=7 stage=gate_up_fused seq_len=1 start_pos=65 elapsed_ms=1.779
kiln_profile_mlp_stage layer=7 stage=down_proj seq_len=1 start_pos=65 elapsed_ms=1.103
kiln_profile_gdn_stage layer=8 stage=in_proj seq_len=1 start_pos=65 elapsed_ms=1.319
kiln_profile_gdn_stage layer=8 stage=qkv_conv_norm seq_len=1 start_pos=65 elapsed_ms=0.273
kiln_profile_gdn_stage layer=8 stage=gates_recur_gated_norm seq_len=1 start_pos=65 elapsed_ms=0.327
kiln_profile_gdn_stage layer=8 stage=post_transpose seq_len=1 start_pos=65 elapsed_ms=0.000
kiln_profile_gdn_stage layer=8 stage=gated_norm seq_len=1 start_pos=65 elapsed_ms=0.002
kiln_profile_gdn_stage layer=8 stage=out_proj seq_len=1 start_pos=65 elapsed_ms=0.655
kiln_profile_mlp_stage layer=8 stage=gate_up_fused seq_len=1 start_pos=65 elapsed_ms=1.904
kiln_profile_mlp_stage layer=8 stage=down_proj seq_len=1 start_pos=65 elapsed_ms=1.161
kiln_profile_gdn_stage layer=9 stage=in_proj seq_len=1 start_pos=65 elapsed_ms=1.312
kiln_profile_gdn_stage layer=9 stage=qkv_conv_norm seq_len=1 start_pos=65 elapsed_ms=0.268
kiln_profile_gdn_stage layer=9 stage=gates_recur_gated_norm seq_len=1 start_pos=65 elapsed_ms=0.346
kiln_profile_gdn_stage layer=9 stage=post_transpose seq_len=1 start_pos=65 elapsed_ms=0.000
kiln_profile_gdn_stage layer=9 stage=gated_norm seq_len=1 start_pos=65 elapsed_ms=0.003
kiln_profile_gdn_stage layer=9 stage=out_proj seq_len=1 start_pos=65 elapsed_ms=0.705
kiln_profile_mlp_stage layer=9 stage=gate_up_fused seq_len=1 start_pos=65 elapsed_ms=1.939
kiln_profile_mlp_stage layer=9 stage=down_proj seq_len=1 start_pos=65 elapsed_ms=1.328
kiln_profile_gdn_stage layer=10 stage=in_proj seq_len=1 start_pos=65 elapsed_ms=1.700
kiln_profile_gdn_stage layer=10 stage=qkv_conv_norm seq_len=1 start_pos=65 elapsed_ms=0.314
kiln_profile_gdn_stage layer=10 stage=gates_recur_gated_norm seq_len=1 start_pos=65 elapsed_ms=0.372
kiln_profile_gdn_stage layer=10 stage=post_transpose seq_len=1 start_pos=65 elapsed_ms=0.003
kiln_profile_gdn_stage layer=10 stage=gated_norm seq_len=1 start_pos=65 elapsed_ms=0.005
kiln_profile_gdn_stage layer=10 stage=out_proj seq_len=1 start_pos=65 elapsed_ms=0.702
kiln_profile_mlp_stage layer=10 stage=gate_up_fused seq_len=1 start_pos=65 elapsed_ms=1.843
kiln_profile_mlp_stage layer=10 stage=down_proj seq_len=1 start_pos=65 elapsed_ms=1.149
kiln_profile_full_attn_stage full_attn_layer=2 stage=qkv_proj seq_len=1 start_pos=65 elapsed_ms=1.319
kiln_profile_full_attn_stage full_attn_layer=2 stage=qkv_split seq_len=1 start_pos=65 elapsed_ms=0.314
kiln_profile_full_attn_stage full_attn_layer=2 stage=qk_norm seq_len=1 start_pos=65 elapsed_ms=0.275
kiln_profile_full_attn_stage full_attn_layer=2 stage=rope seq_len=1 start_pos=65 elapsed_ms=0.245
kiln_profile_full_attn_stage full_attn_layer=2 stage=q_transpose seq_len=1 start_pos=65 elapsed_ms=0.002
kiln_profile_full_attn_stage full_attn_layer=2 stage=kv_write seq_len=1 start_pos=65 elapsed_ms=0.266
kiln_profile_full_attn_stage full_attn_layer=2 stage=decode_attn_contiguous seq_len=1 start_pos=65 elapsed_ms=0.295
kiln_profile_full_attn_stage full_attn_layer=2 stage=attn_gate seq_len=1 start_pos=65 elapsed_ms=0.260
kiln_profile_full_attn_stage full_attn_layer=2 stage=o_proj seq_len=1 start_pos=65 elapsed_ms=0.672
kiln_profile_mlp_stage layer=11 stage=gate_up_fused seq_len=1 start_pos=65 elapsed_ms=1.828
kiln_profile_mlp_stage layer=11 stage=down_proj seq_len=1 start_pos=65 elapsed_ms=1.165
kiln_profile_gdn_stage layer=12 stage=in_proj seq_len=1 start_pos=65 elapsed_ms=1.331
kiln_profile_gdn_stage layer=12 stage=qkv_conv_norm seq_len=1 start_pos=65 elapsed_ms=0.287
kiln_profile_gdn_stage layer=12 stage=gates_recur_gated_norm seq_len=1 start_pos=65 elapsed_ms=0.364
kiln_profile_gdn_stage layer=12 stage=post_transpose seq_len=1 start_pos=65 elapsed_ms=0.002
kiln_profile_gdn_stage layer=12 stage=gated_norm seq_len=1 start_pos=65 elapsed_ms=0.003
kiln_profile_gdn_stage layer=12 stage=out_proj seq_len=1 start_pos=65 elapsed_ms=0.701
kiln_profile_mlp_stage layer=12 stage=gate_up_fused seq_len=1 start_pos=65 elapsed_ms=1.856
kiln_profile_mlp_stage layer=12 stage=down_proj seq_len=1 start_pos=65 elapsed_ms=1.182
kiln_profile_gdn_stage layer=13 stage=in_proj seq_len=1 start_pos=65 elapsed_ms=1.360
kiln_profile_gdn_stage layer=13 stage=qkv_conv_norm seq_len=1 start_pos=65 elapsed_ms=0.320
kiln_profile_gdn_stage layer=13 stage=gates_recur_gated_norm seq_len=1 start_pos=65 elapsed_ms=0.426
kiln_profile_gdn_stage layer=13 stage=post_transpose seq_len=1 start_pos=65 elapsed_ms=0.001
kiln_profile_gdn_stage layer=13 stage=gated_norm seq_len=1 start_pos=65 elapsed_ms=0.003
kiln_profile_gdn_stage layer=13 stage=out_proj seq_len=1 start_pos=65 elapsed_ms=0.747
kiln_profile_mlp_stage layer=13 stage=gate_up_fused seq_len=1 start_pos=65 elapsed_ms=1.816
kiln_profile_mlp_stage layer=13 stage=down_proj seq_len=1 start_pos=65 elapsed_ms=1.199
kiln_profile_gdn_stage layer=14 stage=in_proj seq_len=1 start_pos=65 elapsed_ms=1.495
kiln_profile_gdn_stage layer=14 stage=qkv_conv_norm seq_len=1 start_pos=65 elapsed_ms=0.725
kiln_profile_gdn_stage layer=14 stage=gates_recur_gated_norm seq_len=1 start_pos=65 elapsed_ms=1.054
kiln_profile_gdn_stage layer=14 stage=post_transpose seq_len=1 start_pos=65 elapsed_ms=0.001
kiln_profile_gdn_stage layer=14 stage=gated_norm seq_len=1 start_pos=65 elapsed_ms=0.006
kiln_profile_gdn_stage layer=14 stage=out_proj seq_len=1 start_pos=65 elapsed_ms=0.839
kiln_profile_mlp_stage layer=14 stage=gate_up_fused seq_len=1 start_pos=65 elapsed_ms=1.943
kiln_profile_mlp_stage layer=14 stage=down_proj seq_len=1 start_pos=65 elapsed_ms=1.251
kiln_profile_full_attn_stage full_attn_layer=3 stage=qkv_proj seq_len=1 start_pos=65 elapsed_ms=1.385
kiln_profile_full_attn_stage full_attn_layer=3 stage=qkv_split seq_len=1 start_pos=65 elapsed_ms=0.402
kiln_profile_full_attn_stage full_attn_layer=3 stage=qk_norm seq_len=1 start_pos=65 elapsed_ms=0.342
kiln_profile_full_attn_stage full_attn_layer=3 stage=rope seq_len=1 start_pos=65 elapsed_ms=0.303
kiln_profile_full_attn_stage full_attn_layer=3 stage=q_transpose seq_len=1 start_pos=65 elapsed_ms=0.003
kiln_profile_full_attn_stage full_attn_layer=3 stage=kv_write seq_len=1 start_pos=65 elapsed_ms=0.303
kiln_profile_full_attn_stage full_attn_layer=3 stage=decode_attn_contiguous seq_len=1 start_pos=65 elapsed_ms=0.333
kiln_profile_full_attn_stage full_attn_layer=3 stage=attn_gate seq_len=1 start_pos=65 elapsed_ms=0.487
kiln_profile_full_attn_stage full_attn_layer=3 stage=o_proj seq_len=1 start_pos=65 elapsed_ms=0.888
kiln_profile_mlp_stage layer=15 stage=gate_up_fused seq_len=1 start_pos=65 elapsed_ms=2.017
kiln_profile_mlp_stage layer=15 stage=down_proj seq_len=1 start_pos=65 elapsed_ms=1.314
kiln_profile_gdn_stage layer=16 stage=in_proj seq_len=1 start_pos=65 elapsed_ms=1.372
kiln_profile_gdn_stage layer=16 stage=qkv_conv_norm seq_len=1 start_pos=65 elapsed_ms=0.286
kiln_profile_gdn_stage layer=16 stage=gates_recur_gated_norm seq_len=1 start_pos=65 elapsed_ms=0.331
kiln_profile_gdn_stage layer=16 stage=post_transpose seq_len=1 start_pos=65 elapsed_ms=0.003
kiln_profile_gdn_stage layer=16 stage=gated_norm seq_len=1 start_pos=65 elapsed_ms=0.002
kiln_profile_gdn_stage layer=16 stage=out_proj seq_len=1 start_pos=65 elapsed_ms=0.641
kiln_profile_mlp_stage layer=16 stage=gate_up_fused seq_len=1 start_pos=65 elapsed_ms=1.865
kiln_profile_mlp_stage layer=16 stage=down_proj seq_len=1 start_pos=65 elapsed_ms=1.131
kiln_profile_gdn_stage layer=17 stage=in_proj seq_len=1 start_pos=65 elapsed_ms=1.367
kiln_profile_gdn_stage layer=17 stage=qkv_conv_norm seq_len=1 start_pos=65 elapsed_ms=0.257
kiln_profile_gdn_stage layer=17 stage=gates_recur_gated_norm seq_len=1 start_pos=65 elapsed_ms=0.372
kiln_profile_gdn_stage layer=17 stage=post_transpose seq_len=1 start_pos=65 elapsed_ms=0.005
kiln_profile_gdn_stage layer=17 stage=gated_norm seq_len=1 start_pos=65 elapsed_ms=0.004
kiln_profile_gdn_stage layer=17 stage=out_proj seq_len=1 start_pos=65 elapsed_ms=0.762
kiln_profile_mlp_stage layer=17 stage=gate_up_fused seq_len=1 start_pos=65 elapsed_ms=2.019
kiln_profile_mlp_stage layer=17 stage=down_proj seq_len=1 start_pos=65 elapsed_ms=1.187
kiln_profile_gdn_stage layer=18 stage=in_proj seq_len=1 start_pos=65 elapsed_ms=1.955
kiln_profile_gdn_stage layer=18 stage=qkv_conv_norm seq_len=1 start_pos=65 elapsed_ms=0.738
kiln_profile_gdn_stage layer=18 stage=gates_recur_gated_norm seq_len=1 start_pos=65 elapsed_ms=0.403
kiln_profile_gdn_stage layer=18 stage=post_transpose seq_len=1 start_pos=65 elapsed_ms=0.002
kiln_profile_gdn_stage layer=18 stage=gated_norm seq_len=1 start_pos=65 elapsed_ms=0.006
kiln_profile_gdn_stage layer=18 stage=out_proj seq_len=1 start_pos=65 elapsed_ms=0.744
kiln_profile_mlp_stage layer=18 stage=gate_up_fused seq_len=1 start_pos=65 elapsed_ms=1.987
kiln_profile_mlp_stage layer=18 stage=down_proj seq_len=1 start_pos=65 elapsed_ms=1.262
kiln_profile_full_attn_stage full_attn_layer=4 stage=qkv_proj seq_len=1 start_pos=65 elapsed_ms=1.443
kiln_profile_full_attn_stage full_attn_layer=4 stage=qkv_split seq_len=1 start_pos=65 elapsed_ms=0.304
kiln_profile_full_attn_stage full_attn_layer=4 stage=qk_norm seq_len=1 start_pos=65 elapsed_ms=0.349
kiln_profile_full_attn_stage full_attn_layer=4 stage=rope seq_len=1 start_pos=65 elapsed_ms=0.322
kiln_profile_full_attn_stage full_attn_layer=4 stage=q_transpose seq_len=1 start_pos=65 elapsed_ms=0.005
kiln_profile_full_attn_stage full_attn_layer=4 stage=kv_write seq_len=1 start_pos=65 elapsed_ms=0.312
kiln_profile_full_attn_stage full_attn_layer=4 stage=decode_attn_contiguous seq_len=1 start_pos=65 elapsed_ms=0.379
kiln_profile_full_attn_stage full_attn_layer=4 stage=attn_gate seq_len=1 start_pos=65 elapsed_ms=0.331
kiln_profile_full_attn_stage full_attn_layer=4 stage=o_proj seq_len=1 start_pos=65 elapsed_ms=0.819
kiln_profile_mlp_stage layer=19 stage=gate_up_fused seq_len=1 start_pos=65 elapsed_ms=1.854
kiln_profile_mlp_stage layer=19 stage=down_proj seq_len=1 start_pos=65 elapsed_ms=1.240
kiln_profile_gdn_stage layer=20 stage=in_proj seq_len=1 start_pos=65 elapsed_ms=1.338
kiln_profile_gdn_stage layer=20 stage=qkv_conv_norm seq_len=1 start_pos=65 elapsed_ms=0.294
kiln_profile_gdn_stage layer=20 stage=gates_recur_gated_norm seq_len=1 start_pos=65 elapsed_ms=0.372
kiln_profile_gdn_stage layer=20 stage=post_transpose seq_len=1 start_pos=65 elapsed_ms=0.002
kiln_profile_gdn_stage layer=20 stage=gated_norm seq_len=1 start_pos=65 elapsed_ms=0.005
kiln_profile_gdn_stage layer=20 stage=out_proj seq_len=1 start_pos=65 elapsed_ms=0.753
kiln_profile_mlp_stage layer=20 stage=gate_up_fused seq_len=1 start_pos=65 elapsed_ms=1.823
kiln_profile_mlp_stage layer=20 stage=down_proj seq_len=1 start_pos=65 elapsed_ms=1.157
kiln_profile_gdn_stage layer=21 stage=in_proj seq_len=1 start_pos=65 elapsed_ms=1.408
kiln_profile_gdn_stage layer=21 stage=qkv_conv_norm seq_len=1 start_pos=65 elapsed_ms=0.293
kiln_profile_gdn_stage layer=21 stage=gates_recur_gated_norm seq_len=1 start_pos=65 elapsed_ms=0.404
kiln_profile_gdn_stage layer=21 stage=post_transpose seq_len=1 start_pos=65 elapsed_ms=0.001
kiln_profile_gdn_stage layer=21 stage=gated_norm seq_len=1 start_pos=65 elapsed_ms=0.003
kiln_profile_gdn_stage layer=21 stage=out_proj seq_len=1 start_pos=65 elapsed_ms=0.767
kiln_profile_mlp_stage layer=21 stage=gate_up_fused seq_len=1 start_pos=65 elapsed_ms=1.999
kiln_profile_mlp_stage layer=21 stage=down_proj seq_len=1 start_pos=65 elapsed_ms=12.508
kiln_profile_gdn_stage layer=22 stage=in_proj seq_len=1 start_pos=65 elapsed_ms=1.750
kiln_profile_gdn_stage layer=22 stage=qkv_conv_norm seq_len=1 start_pos=65 elapsed_ms=0.288
kiln_profile_gdn_stage layer=22 stage=gates_recur_gated_norm seq_len=1 start_pos=65 elapsed_ms=0.401
kiln_profile_gdn_stage layer=22 stage=post_transpose seq_len=1 start_pos=65 elapsed_ms=0.000
kiln_profile_gdn_stage layer=22 stage=gated_norm seq_len=1 start_pos=65 elapsed_ms=0.004
kiln_profile_gdn_stage layer=22 stage=out_proj seq_len=1 start_pos=65 elapsed_ms=0.765
kiln_profile_mlp_stage layer=22 stage=gate_up_fused seq_len=1 start_pos=65 elapsed_ms=2.216
kiln_profile_mlp_stage layer=22 stage=down_proj seq_len=1 start_pos=65 elapsed_ms=1.384
kiln_profile_full_attn_stage full_attn_layer=5 stage=qkv_proj seq_len=1 start_pos=65 elapsed_ms=1.465
kiln_profile_full_attn_stage full_attn_layer=5 stage=qkv_split seq_len=1 start_pos=65 elapsed_ms=0.286
kiln_profile_full_attn_stage full_attn_layer=5 stage=qk_norm seq_len=1 start_pos=65 elapsed_ms=0.324
kiln_profile_full_attn_stage full_attn_layer=5 stage=rope seq_len=1 start_pos=65 elapsed_ms=0.222
kiln_profile_full_attn_stage full_attn_layer=5 stage=q_transpose seq_len=1 start_pos=65 elapsed_ms=0.002
kiln_profile_full_attn_stage full_attn_layer=5 stage=kv_write seq_len=1 start_pos=65 elapsed_ms=0.216
kiln_profile_full_attn_stage full_attn_layer=5 stage=decode_attn_contiguous seq_len=1 start_pos=65 elapsed_ms=0.271
kiln_profile_full_attn_stage full_attn_layer=5 stage=attn_gate seq_len=1 start_pos=65 elapsed_ms=0.289
kiln_profile_full_attn_stage full_attn_layer=5 stage=o_proj seq_len=1 start_pos=65 elapsed_ms=0.792
kiln_profile_mlp_stage layer=23 stage=gate_up_fused seq_len=1 start_pos=65 elapsed_ms=2.211
kiln_profile_mlp_stage layer=23 stage=down_proj seq_len=1 start_pos=65 elapsed_ms=1.248
kiln_profile_gdn_stage layer=24 stage=in_proj seq_len=1 start_pos=65 elapsed_ms=1.491
kiln_profile_gdn_stage layer=24 stage=qkv_conv_norm seq_len=1 start_pos=65 elapsed_ms=0.223
kiln_profile_gdn_stage layer=24 stage=gates_recur_gated_norm seq_len=1 start_pos=65 elapsed_ms=0.297
kiln_profile_gdn_stage layer=24 stage=post_transpose seq_len=1 start_pos=65 elapsed_ms=0.001
kiln_profile_gdn_stage layer=24 stage=gated_norm seq_len=1 start_pos=65 elapsed_ms=0.002
kiln_profile_gdn_stage layer=24 stage=out_proj seq_len=1 start_pos=65 elapsed_ms=0.697
kiln_profile_mlp_stage layer=24 stage=gate_up_fused seq_len=1 start_pos=65 elapsed_ms=1.999
kiln_profile_mlp_stage layer=24 stage=down_proj seq_len=1 start_pos=65 elapsed_ms=1.299
kiln_profile_gdn_stage layer=25 stage=in_proj seq_len=1 start_pos=65 elapsed_ms=2.031
kiln_profile_gdn_stage layer=25 stage=qkv_conv_norm seq_len=1 start_pos=65 elapsed_ms=0.252
kiln_profile_gdn_stage layer=25 stage=gates_recur_gated_norm seq_len=1 start_pos=65 elapsed_ms=0.328
kiln_profile_gdn_stage layer=25 stage=post_transpose seq_len=1 start_pos=65 elapsed_ms=0.000
kiln_profile_gdn_stage layer=25 stage=gated_norm seq_len=1 start_pos=65 elapsed_ms=0.002
kiln_profile_gdn_stage layer=25 stage=out_proj seq_len=1 start_pos=65 elapsed_ms=0.664
kiln_profile_mlp_stage layer=25 stage=gate_up_fused seq_len=1 start_pos=65 elapsed_ms=1.860
kiln_profile_mlp_stage layer=25 stage=down_proj seq_len=1 start_pos=65 elapsed_ms=1.217
kiln_profile_gdn_stage layer=26 stage=in_proj seq_len=1 start_pos=65 elapsed_ms=1.506
kiln_profile_gdn_stage layer=26 stage=qkv_conv_norm seq_len=1 start_pos=65 elapsed_ms=0.322
kiln_profile_gdn_stage layer=26 stage=gates_recur_gated_norm seq_len=1 start_pos=65 elapsed_ms=0.428
kiln_profile_gdn_stage layer=26 stage=post_transpose seq_len=1 start_pos=65 elapsed_ms=0.001
kiln_profile_gdn_stage layer=26 stage=gated_norm seq_len=1 start_pos=65 elapsed_ms=0.004
kiln_profile_gdn_stage layer=26 stage=out_proj seq_len=1 start_pos=65 elapsed_ms=0.731
kiln_profile_mlp_stage layer=26 stage=gate_up_fused seq_len=1 start_pos=65 elapsed_ms=1.797
kiln_profile_mlp_stage layer=26 stage=down_proj seq_len=1 start_pos=65 elapsed_ms=1.273
kiln_profile_full_attn_stage full_attn_layer=6 stage=qkv_proj seq_len=1 start_pos=65 elapsed_ms=1.443
kiln_profile_full_attn_stage full_attn_layer=6 stage=qkv_split seq_len=1 start_pos=65 elapsed_ms=0.449
kiln_profile_full_attn_stage full_attn_layer=6 stage=qk_norm seq_len=1 start_pos=65 elapsed_ms=0.352
kiln_profile_full_attn_stage full_attn_layer=6 stage=rope seq_len=1 start_pos=65 elapsed_ms=0.318
kiln_profile_full_attn_stage full_attn_layer=6 stage=q_transpose seq_len=1 start_pos=65 elapsed_ms=0.021
kiln_profile_full_attn_stage full_attn_layer=6 stage=kv_write seq_len=1 start_pos=65 elapsed_ms=0.310
kiln_profile_full_attn_stage full_attn_layer=6 stage=decode_attn_contiguous seq_len=1 start_pos=65 elapsed_ms=0.346
kiln_profile_full_attn_stage full_attn_layer=6 stage=attn_gate seq_len=1 start_pos=65 elapsed_ms=0.381
kiln_profile_full_attn_stage full_attn_layer=6 stage=o_proj seq_len=1 start_pos=65 elapsed_ms=0.912
kiln_profile_mlp_stage layer=27 stage=gate_up_fused seq_len=1 start_pos=65 elapsed_ms=1.859
kiln_profile_mlp_stage layer=27 stage=down_proj seq_len=1 start_pos=65 elapsed_ms=1.326
kiln_profile_gdn_stage layer=28 stage=in_proj seq_len=1 start_pos=65 elapsed_ms=1.557
kiln_profile_gdn_stage layer=28 stage=qkv_conv_norm seq_len=1 start_pos=65 elapsed_ms=0.367
kiln_profile_gdn_stage layer=28 stage=gates_recur_gated_norm seq_len=1 start_pos=65 elapsed_ms=0.511
kiln_profile_gdn_stage layer=28 stage=post_transpose seq_len=1 start_pos=65 elapsed_ms=0.003
kiln_profile_gdn_stage layer=28 stage=gated_norm seq_len=1 start_pos=65 elapsed_ms=0.006
kiln_profile_gdn_stage layer=28 stage=out_proj seq_len=1 start_pos=65 elapsed_ms=0.872
kiln_profile_mlp_stage layer=28 stage=gate_up_fused seq_len=1 start_pos=65 elapsed_ms=1.930
kiln_profile_mlp_stage layer=28 stage=down_proj seq_len=1 start_pos=65 elapsed_ms=1.303
kiln_profile_gdn_stage layer=29 stage=in_proj seq_len=1 start_pos=65 elapsed_ms=2.610
kiln_profile_gdn_stage layer=29 stage=qkv_conv_norm seq_len=1 start_pos=65 elapsed_ms=0.397
kiln_profile_gdn_stage layer=29 stage=gates_recur_gated_norm seq_len=1 start_pos=65 elapsed_ms=0.447
kiln_profile_gdn_stage layer=29 stage=post_transpose seq_len=1 start_pos=65 elapsed_ms=0.001
kiln_profile_gdn_stage layer=29 stage=gated_norm seq_len=1 start_pos=65 elapsed_ms=0.006
kiln_profile_gdn_stage layer=29 stage=out_proj seq_len=1 start_pos=65 elapsed_ms=0.833
kiln_profile_mlp_stage layer=29 stage=gate_up_fused seq_len=1 start_pos=65 elapsed_ms=1.874
kiln_profile_mlp_stage layer=29 stage=down_proj seq_len=1 start_pos=65 elapsed_ms=1.189
kiln_profile_gdn_stage layer=30 stage=in_proj seq_len=1 start_pos=65 elapsed_ms=1.573
kiln_profile_gdn_stage layer=30 stage=qkv_conv_norm seq_len=1 start_pos=65 elapsed_ms=0.362
kiln_profile_gdn_stage layer=30 stage=gates_recur_gated_norm seq_len=1 start_pos=65 elapsed_ms=0.448
kiln_profile_gdn_stage layer=30 stage=post_transpose seq_len=1 start_pos=65 elapsed_ms=0.001
kiln_profile_gdn_stage layer=30 stage=gated_norm seq_len=1 start_pos=65 elapsed_ms=0.003
kiln_profile_gdn_stage layer=30 stage=out_proj seq_len=1 start_pos=65 elapsed_ms=0.756
kiln_profile_mlp_stage layer=30 stage=gate_up_fused seq_len=1 start_pos=65 elapsed_ms=1.999
kiln_profile_mlp_stage layer=30 stage=down_proj seq_len=1 start_pos=65 elapsed_ms=1.231
kiln_profile_full_attn_stage full_attn_layer=7 stage=qkv_proj seq_len=1 start_pos=65 elapsed_ms=1.352
kiln_profile_full_attn_stage full_attn_layer=7 stage=qkv_split seq_len=1 start_pos=65 elapsed_ms=0.313
kiln_profile_full_attn_stage full_attn_layer=7 stage=qk_norm seq_len=1 start_pos=65 elapsed_ms=0.272
kiln_profile_full_attn_stage full_attn_layer=7 stage=rope seq_len=1 start_pos=65 elapsed_ms=0.231
kiln_profile_full_attn_stage full_attn_layer=7 stage=q_transpose seq_len=1 start_pos=65 elapsed_ms=0.002
kiln_profile_full_attn_stage full_attn_layer=7 stage=kv_write seq_len=1 start_pos=65 elapsed_ms=0.220
kiln_profile_full_attn_stage full_attn_layer=7 stage=decode_attn_contiguous seq_len=1 start_pos=65 elapsed_ms=0.268
kiln_profile_full_attn_stage full_attn_layer=7 stage=attn_gate seq_len=1 start_pos=65 elapsed_ms=0.242
kiln_profile_full_attn_stage full_attn_layer=7 stage=o_proj seq_len=1 start_pos=65 elapsed_ms=0.726
kiln_profile_mlp_stage layer=31 stage=gate_up_fused seq_len=1 start_pos=65 elapsed_ms=1.993
kiln_profile_mlp_stage layer=31 stage=down_proj seq_len=1 start_pos=65 elapsed_ms=1.198
kiln_profile_gdn_stage layer=0 stage=in_proj seq_len=1 start_pos=66 elapsed_ms=1.453
kiln_profile_gdn_stage layer=0 stage=qkv_conv_norm seq_len=1 start_pos=66 elapsed_ms=0.412
kiln_profile_gdn_stage layer=0 stage=gates_recur_gated_norm seq_len=1 start_pos=66 elapsed_ms=0.435
kiln_profile_gdn_stage layer=0 stage=post_transpose seq_len=1 start_pos=66 elapsed_ms=0.001
kiln_profile_gdn_stage layer=0 stage=gated_norm seq_len=1 start_pos=66 elapsed_ms=0.007
kiln_profile_gdn_stage layer=0 stage=out_proj seq_len=1 start_pos=66 elapsed_ms=0.765
kiln_profile_mlp_stage layer=0 stage=gate_up_fused seq_len=1 start_pos=66 elapsed_ms=1.859
kiln_profile_mlp_stage layer=0 stage=down_proj seq_len=1 start_pos=66 elapsed_ms=1.240
kiln_profile_gdn_stage layer=1 stage=in_proj seq_len=1 start_pos=66 elapsed_ms=1.997
kiln_profile_gdn_stage layer=1 stage=qkv_conv_norm seq_len=1 start_pos=66 elapsed_ms=0.819
kiln_profile_gdn_stage layer=1 stage=gates_recur_gated_norm seq_len=1 start_pos=66 elapsed_ms=0.446
kiln_profile_gdn_stage layer=1 stage=post_transpose seq_len=1 start_pos=66 elapsed_ms=0.000
kiln_profile_gdn_stage layer=1 stage=gated_norm seq_len=1 start_pos=66 elapsed_ms=0.003
kiln_profile_gdn_stage layer=1 stage=out_proj seq_len=1 start_pos=66 elapsed_ms=0.739
kiln_profile_mlp_stage layer=1 stage=gate_up_fused seq_len=1 start_pos=66 elapsed_ms=1.781
kiln_profile_mlp_stage layer=1 stage=down_proj seq_len=1 start_pos=66 elapsed_ms=1.125
kiln_profile_gdn_stage layer=2 stage=in_proj seq_len=1 start_pos=66 elapsed_ms=1.403
kiln_profile_gdn_stage layer=2 stage=qkv_conv_norm seq_len=1 start_pos=66 elapsed_ms=0.338
kiln_profile_gdn_stage layer=2 stage=gates_recur_gated_norm seq_len=1 start_pos=66 elapsed_ms=0.416
kiln_profile_gdn_stage layer=2 stage=post_transpose seq_len=1 start_pos=66 elapsed_ms=0.001
kiln_profile_gdn_stage layer=2 stage=gated_norm seq_len=1 start_pos=66 elapsed_ms=0.005
kiln_profile_gdn_stage layer=2 stage=out_proj seq_len=1 start_pos=66 elapsed_ms=0.752
kiln_profile_mlp_stage layer=2 stage=gate_up_fused seq_len=1 start_pos=66 elapsed_ms=1.847
kiln_profile_mlp_stage layer=2 stage=down_proj seq_len=1 start_pos=66 elapsed_ms=1.180
kiln_profile_full_attn_stage full_attn_layer=0 stage=qkv_proj seq_len=1 start_pos=66 elapsed_ms=1.423
kiln_profile_full_attn_stage full_attn_layer=0 stage=qkv_split seq_len=1 start_pos=66 elapsed_ms=0.451
kiln_profile_full_attn_stage full_attn_layer=0 stage=qk_norm seq_len=1 start_pos=66 elapsed_ms=0.362
kiln_profile_full_attn_stage full_attn_layer=0 stage=rope seq_len=1 start_pos=66 elapsed_ms=0.276
kiln_profile_full_attn_stage full_attn_layer=0 stage=q_transpose seq_len=1 start_pos=66 elapsed_ms=0.019
kiln_profile_full_attn_stage full_attn_layer=0 stage=kv_write seq_len=1 start_pos=66 elapsed_ms=0.258
kiln_profile_full_attn_stage full_attn_layer=0 stage=decode_attn_contiguous seq_len=1 start_pos=66 elapsed_ms=0.307
kiln_profile_full_attn_stage full_attn_layer=0 stage=attn_gate seq_len=1 start_pos=66 elapsed_ms=0.263
kiln_profile_full_attn_stage full_attn_layer=0 stage=o_proj seq_len=1 start_pos=66 elapsed_ms=0.710
kiln_profile_mlp_stage layer=3 stage=gate_up_fused seq_len=1 start_pos=66 elapsed_ms=1.807
kiln_profile_mlp_stage layer=3 stage=down_proj seq_len=1 start_pos=66 elapsed_ms=1.138
kiln_profile_gdn_stage layer=4 stage=in_proj seq_len=1 start_pos=66 elapsed_ms=1.327
kiln_profile_gdn_stage layer=4 stage=qkv_conv_norm seq_len=1 start_pos=66 elapsed_ms=0.277
kiln_profile_gdn_stage layer=4 stage=gates_recur_gated_norm seq_len=1 start_pos=66 elapsed_ms=0.339
kiln_profile_gdn_stage layer=4 stage=post_transpose seq_len=1 start_pos=66 elapsed_ms=0.001
kiln_profile_gdn_stage layer=4 stage=gated_norm seq_len=1 start_pos=66 elapsed_ms=0.006
kiln_profile_gdn_stage layer=4 stage=out_proj seq_len=1 start_pos=66 elapsed_ms=0.732
kiln_profile_mlp_stage layer=4 stage=gate_up_fused seq_len=1 start_pos=66 elapsed_ms=1.891
kiln_profile_mlp_stage layer=4 stage=down_proj seq_len=1 start_pos=66 elapsed_ms=1.260
kiln_profile_gdn_stage layer=5 stage=in_proj seq_len=1 start_pos=66 elapsed_ms=1.488
kiln_profile_gdn_stage layer=5 stage=qkv_conv_norm seq_len=1 start_pos=66 elapsed_ms=0.382
kiln_profile_gdn_stage layer=5 stage=gates_recur_gated_norm seq_len=1 start_pos=66 elapsed_ms=0.417
kiln_profile_gdn_stage layer=5 stage=post_transpose seq_len=1 start_pos=66 elapsed_ms=0.002
kiln_profile_gdn_stage layer=5 stage=gated_norm seq_len=1 start_pos=66 elapsed_ms=0.007
kiln_profile_gdn_stage layer=5 stage=out_proj seq_len=1 start_pos=66 elapsed_ms=1.192
kiln_profile_mlp_stage layer=5 stage=gate_up_fused seq_len=1 start_pos=66 elapsed_ms=1.899
kiln_profile_mlp_stage layer=5 stage=down_proj seq_len=1 start_pos=66 elapsed_ms=1.223
kiln_profile_gdn_stage layer=6 stage=in_proj seq_len=1 start_pos=66 elapsed_ms=1.456
kiln_profile_gdn_stage layer=6 stage=qkv_conv_norm seq_len=1 start_pos=66 elapsed_ms=0.294
kiln_profile_gdn_stage layer=6 stage=gates_recur_gated_norm seq_len=1 start_pos=66 elapsed_ms=0.419
kiln_profile_gdn_stage layer=6 stage=post_transpose seq_len=1 start_pos=66 elapsed_ms=0.004
kiln_profile_gdn_stage layer=6 stage=gated_norm seq_len=1 start_pos=66 elapsed_ms=0.004
kiln_profile_gdn_stage layer=6 stage=out_proj seq_len=1 start_pos=66 elapsed_ms=0.764
kiln_profile_mlp_stage layer=6 stage=gate_up_fused seq_len=1 start_pos=66 elapsed_ms=1.788
kiln_profile_mlp_stage layer=6 stage=down_proj seq_len=1 start_pos=66 elapsed_ms=1.117
kiln_profile_full_attn_stage full_attn_layer=1 stage=qkv_proj seq_len=1 start_pos=66 elapsed_ms=1.286
kiln_profile_full_attn_stage full_attn_layer=1 stage=qkv_split seq_len=1 start_pos=66 elapsed_ms=0.284
kiln_profile_full_attn_stage full_attn_layer=1 stage=qk_norm seq_len=1 start_pos=66 elapsed_ms=0.263
kiln_profile_full_attn_stage full_attn_layer=1 stage=rope seq_len=1 start_pos=66 elapsed_ms=0.237
kiln_profile_full_attn_stage full_attn_layer=1 stage=q_transpose seq_len=1 start_pos=66 elapsed_ms=0.002
kiln_profile_full_attn_stage full_attn_layer=1 stage=kv_write seq_len=1 start_pos=66 elapsed_ms=0.267
kiln_profile_full_attn_stage full_attn_layer=1 stage=decode_attn_contiguous seq_len=1 start_pos=66 elapsed_ms=0.320
kiln_profile_full_attn_stage full_attn_layer=1 stage=attn_gate seq_len=1 start_pos=66 elapsed_ms=0.345
kiln_profile_full_attn_stage full_attn_layer=1 stage=o_proj seq_len=1 start_pos=66 elapsed_ms=0.719
kiln_profile_mlp_stage layer=7 stage=gate_up_fused seq_len=1 start_pos=66 elapsed_ms=1.793
kiln_profile_mlp_stage layer=7 stage=down_proj seq_len=1 start_pos=66 elapsed_ms=1.138
kiln_profile_gdn_stage layer=8 stage=in_proj seq_len=1 start_pos=66 elapsed_ms=1.338
kiln_profile_gdn_stage layer=8 stage=qkv_conv_norm seq_len=1 start_pos=66 elapsed_ms=0.305
kiln_profile_gdn_stage layer=8 stage=gates_recur_gated_norm seq_len=1 start_pos=66 elapsed_ms=0.361
kiln_profile_gdn_stage layer=8 stage=post_transpose seq_len=1 start_pos=66 elapsed_ms=0.003
kiln_profile_gdn_stage layer=8 stage=gated_norm seq_len=1 start_pos=66 elapsed_ms=0.005
kiln_profile_gdn_stage layer=8 stage=out_proj seq_len=1 start_pos=66 elapsed_ms=0.694
kiln_profile_mlp_stage layer=8 stage=gate_up_fused seq_len=1 start_pos=66 elapsed_ms=1.807
kiln_profile_mlp_stage layer=8 stage=down_proj seq_len=1 start_pos=66 elapsed_ms=1.139
kiln_profile_gdn_stage layer=9 stage=in_proj seq_len=1 start_pos=66 elapsed_ms=1.366
kiln_profile_gdn_stage layer=9 stage=qkv_conv_norm seq_len=1 start_pos=66 elapsed_ms=0.336
kiln_profile_gdn_stage layer=9 stage=gates_recur_gated_norm seq_len=1 start_pos=66 elapsed_ms=0.396
kiln_profile_gdn_stage layer=9 stage=post_transpose seq_len=1 start_pos=66 elapsed_ms=0.001
kiln_profile_gdn_stage layer=9 stage=gated_norm seq_len=1 start_pos=66 elapsed_ms=0.005
kiln_profile_gdn_stage layer=9 stage=out_proj seq_len=1 start_pos=66 elapsed_ms=0.714
kiln_profile_mlp_stage layer=9 stage=gate_up_fused seq_len=1 start_pos=66 elapsed_ms=2.504
kiln_profile_mlp_stage layer=9 stage=down_proj seq_len=1 start_pos=66 elapsed_ms=1.277
kiln_profile_gdn_stage layer=10 stage=in_proj seq_len=1 start_pos=66 elapsed_ms=1.403
kiln_profile_gdn_stage layer=10 stage=qkv_conv_norm seq_len=1 start_pos=66 elapsed_ms=0.352
kiln_profile_gdn_stage layer=10 stage=gates_recur_gated_norm seq_len=1 start_pos=66 elapsed_ms=0.414
kiln_profile_gdn_stage layer=10 stage=post_transpose seq_len=1 start_pos=66 elapsed_ms=0.001
kiln_profile_gdn_stage layer=10 stage=gated_norm seq_len=1 start_pos=66 elapsed_ms=0.006
kiln_profile_gdn_stage layer=10 stage=out_proj seq_len=1 start_pos=66 elapsed_ms=0.749
kiln_profile_mlp_stage layer=10 stage=gate_up_fused seq_len=1 start_pos=66 elapsed_ms=1.844
kiln_profile_mlp_stage layer=10 stage=down_proj seq_len=1 start_pos=66 elapsed_ms=1.160
kiln_profile_full_attn_stage full_attn_layer=2 stage=qkv_proj seq_len=1 start_pos=66 elapsed_ms=1.399
kiln_profile_full_attn_stage full_attn_layer=2 stage=qkv_split seq_len=1 start_pos=66 elapsed_ms=0.355
kiln_profile_full_attn_stage full_attn_layer=2 stage=qk_norm seq_len=1 start_pos=66 elapsed_ms=0.333
kiln_profile_full_attn_stage full_attn_layer=2 stage=rope seq_len=1 start_pos=66 elapsed_ms=0.278
kiln_profile_full_attn_stage full_attn_layer=2 stage=q_transpose seq_len=1 start_pos=66 elapsed_ms=0.003
kiln_profile_full_attn_stage full_attn_layer=2 stage=kv_write seq_len=1 start_pos=66 elapsed_ms=0.299
kiln_profile_full_attn_stage full_attn_layer=2 stage=decode_attn_contiguous seq_len=1 start_pos=66 elapsed_ms=0.312
kiln_profile_full_attn_stage full_attn_layer=2 stage=attn_gate seq_len=1 start_pos=66 elapsed_ms=0.275
kiln_profile_full_attn_stage full_attn_layer=2 stage=o_proj seq_len=1 start_pos=66 elapsed_ms=0.669
kiln_profile_mlp_stage layer=11 stage=gate_up_fused seq_len=1 start_pos=66 elapsed_ms=1.805
kiln_profile_mlp_stage layer=11 stage=down_proj seq_len=1 start_pos=66 elapsed_ms=1.172
kiln_profile_gdn_stage layer=12 stage=in_proj seq_len=1 start_pos=66 elapsed_ms=1.389
kiln_profile_gdn_stage layer=12 stage=qkv_conv_norm seq_len=1 start_pos=66 elapsed_ms=0.310
kiln_profile_gdn_stage layer=12 stage=gates_recur_gated_norm seq_len=1 start_pos=66 elapsed_ms=0.420
kiln_profile_gdn_stage layer=12 stage=post_transpose seq_len=1 start_pos=66 elapsed_ms=0.001
kiln_profile_gdn_stage layer=12 stage=gated_norm seq_len=1 start_pos=66 elapsed_ms=0.003
kiln_profile_gdn_stage layer=12 stage=out_proj seq_len=1 start_pos=66 elapsed_ms=0.714
kiln_profile_mlp_stage layer=12 stage=gate_up_fused seq_len=1 start_pos=66 elapsed_ms=1.843
kiln_profile_mlp_stage layer=12 stage=down_proj seq_len=1 start_pos=66 elapsed_ms=1.236
kiln_profile_gdn_stage layer=13 stage=in_proj seq_len=1 start_pos=66 elapsed_ms=1.433
kiln_profile_gdn_stage layer=13 stage=qkv_conv_norm seq_len=1 start_pos=66 elapsed_ms=0.399
kiln_profile_gdn_stage layer=13 stage=gates_recur_gated_norm seq_len=1 start_pos=66 elapsed_ms=0.435
kiln_profile_gdn_stage layer=13 stage=post_transpose seq_len=1 start_pos=66 elapsed_ms=0.002
kiln_profile_gdn_stage layer=13 stage=gated_norm seq_len=1 start_pos=66 elapsed_ms=0.004
kiln_profile_gdn_stage layer=13 stage=out_proj seq_len=1 start_pos=66 elapsed_ms=1.258
kiln_profile_mlp_stage layer=13 stage=gate_up_fused seq_len=1 start_pos=66 elapsed_ms=2.208
kiln_profile_mlp_stage layer=13 stage=down_proj seq_len=1 start_pos=66 elapsed_ms=1.909
kiln_profile_gdn_stage layer=14 stage=in_proj seq_len=1 start_pos=66 elapsed_ms=1.398
kiln_profile_gdn_stage layer=14 stage=qkv_conv_norm seq_len=1 start_pos=66 elapsed_ms=0.256
kiln_profile_gdn_stage layer=14 stage=gates_recur_gated_norm seq_len=1 start_pos=66 elapsed_ms=0.337
kiln_profile_gdn_stage layer=14 stage=post_transpose seq_len=1 start_pos=66 elapsed_ms=0.000
kiln_profile_gdn_stage layer=14 stage=gated_norm seq_len=1 start_pos=66 elapsed_ms=0.002
kiln_profile_gdn_stage layer=14 stage=out_proj seq_len=1 start_pos=66 elapsed_ms=0.664
kiln_profile_mlp_stage layer=14 stage=gate_up_fused seq_len=1 start_pos=66 elapsed_ms=1.846
kiln_profile_mlp_stage layer=14 stage=down_proj seq_len=1 start_pos=66 elapsed_ms=1.141
kiln_profile_full_attn_stage full_attn_layer=3 stage=qkv_proj seq_len=1 start_pos=66 elapsed_ms=1.380
kiln_profile_full_attn_stage full_attn_layer=3 stage=qkv_split seq_len=1 start_pos=66 elapsed_ms=0.299
kiln_profile_full_attn_stage full_attn_layer=3 stage=qk_norm seq_len=1 start_pos=66 elapsed_ms=0.263
kiln_profile_full_attn_stage full_attn_layer=3 stage=rope seq_len=1 start_pos=66 elapsed_ms=0.235
kiln_profile_full_attn_stage full_attn_layer=3 stage=q_transpose seq_len=1 start_pos=66 elapsed_ms=0.003
kiln_profile_full_attn_stage full_attn_layer=3 stage=kv_write seq_len=1 start_pos=66 elapsed_ms=0.229
kiln_profile_full_attn_stage full_attn_layer=3 stage=decode_attn_contiguous seq_len=1 start_pos=66 elapsed_ms=0.295
kiln_profile_full_attn_stage full_attn_layer=3 stage=attn_gate seq_len=1 start_pos=66 elapsed_ms=0.237
kiln_profile_full_attn_stage full_attn_layer=3 stage=o_proj seq_len=1 start_pos=66 elapsed_ms=0.677
kiln_profile_mlp_stage layer=15 stage=gate_up_fused seq_len=1 start_pos=66 elapsed_ms=1.816
kiln_profile_mlp_stage layer=15 stage=down_proj seq_len=1 start_pos=66 elapsed_ms=1.186
kiln_profile_gdn_stage layer=16 stage=in_proj seq_len=1 start_pos=66 elapsed_ms=1.400
kiln_profile_gdn_stage layer=16 stage=qkv_conv_norm seq_len=1 start_pos=66 elapsed_ms=0.435
kiln_profile_gdn_stage layer=16 stage=gates_recur_gated_norm seq_len=1 start_pos=66 elapsed_ms=0.422
kiln_profile_gdn_stage layer=16 stage=post_transpose seq_len=1 start_pos=66 elapsed_ms=0.003
kiln_profile_gdn_stage layer=16 stage=gated_norm seq_len=1 start_pos=66 elapsed_ms=0.004
kiln_profile_gdn_stage layer=16 stage=out_proj seq_len=1 start_pos=66 elapsed_ms=0.762
kiln_profile_mlp_stage layer=16 stage=gate_up_fused seq_len=1 start_pos=66 elapsed_ms=1.843
kiln_profile_mlp_stage layer=16 stage=down_proj seq_len=1 start_pos=66 elapsed_ms=1.212
kiln_profile_gdn_stage layer=17 stage=in_proj seq_len=1 start_pos=66 elapsed_ms=1.408
kiln_profile_gdn_stage layer=17 stage=qkv_conv_norm seq_len=1 start_pos=66 elapsed_ms=0.378
kiln_profile_gdn_stage layer=17 stage=gates_recur_gated_norm seq_len=1 start_pos=66 elapsed_ms=0.424
kiln_profile_gdn_stage layer=17 stage=post_transpose seq_len=1 start_pos=66 elapsed_ms=0.001
kiln_profile_gdn_stage layer=17 stage=gated_norm seq_len=1 start_pos=66 elapsed_ms=0.003
kiln_profile_gdn_stage layer=17 stage=out_proj seq_len=1 start_pos=66 elapsed_ms=0.879
kiln_profile_mlp_stage layer=17 stage=gate_up_fused seq_len=1 start_pos=66 elapsed_ms=1.956
kiln_profile_mlp_stage layer=17 stage=down_proj seq_len=1 start_pos=66 elapsed_ms=2.357
kiln_profile_gdn_stage layer=18 stage=in_proj seq_len=1 start_pos=66 elapsed_ms=1.436
kiln_profile_gdn_stage layer=18 stage=qkv_conv_norm seq_len=1 start_pos=66 elapsed_ms=0.339
kiln_profile_gdn_stage layer=18 stage=gates_recur_gated_norm seq_len=1 start_pos=66 elapsed_ms=0.431
kiln_profile_gdn_stage layer=18 stage=post_transpose seq_len=1 start_pos=66 elapsed_ms=0.002
kiln_profile_gdn_stage layer=18 stage=gated_norm seq_len=1 start_pos=66 elapsed_ms=0.010
kiln_profile_gdn_stage layer=18 stage=out_proj seq_len=1 start_pos=66 elapsed_ms=0.878
kiln_profile_mlp_stage layer=18 stage=gate_up_fused seq_len=1 start_pos=66 elapsed_ms=1.894
kiln_profile_mlp_stage layer=18 stage=down_proj seq_len=1 start_pos=66 elapsed_ms=1.215
kiln_profile_full_attn_stage full_attn_layer=4 stage=qkv_proj seq_len=1 start_pos=66 elapsed_ms=1.398
kiln_profile_full_attn_stage full_attn_layer=4 stage=qkv_split seq_len=1 start_pos=66 elapsed_ms=0.367
kiln_profile_full_attn_stage full_attn_layer=4 stage=qk_norm seq_len=1 start_pos=66 elapsed_ms=0.342
kiln_profile_full_attn_stage full_attn_layer=4 stage=rope seq_len=1 start_pos=66 elapsed_ms=0.315
kiln_profile_full_attn_stage full_attn_layer=4 stage=q_transpose seq_len=1 start_pos=66 elapsed_ms=0.003
kiln_profile_full_attn_stage full_attn_layer=4 stage=kv_write seq_len=1 start_pos=66 elapsed_ms=0.307
kiln_profile_full_attn_stage full_attn_layer=4 stage=decode_attn_contiguous seq_len=1 start_pos=66 elapsed_ms=0.364
kiln_profile_full_attn_stage full_attn_layer=4 stage=attn_gate seq_len=1 start_pos=66 elapsed_ms=0.314
kiln_profile_full_attn_stage full_attn_layer=4 stage=o_proj seq_len=1 start_pos=66 elapsed_ms=0.954
kiln_profile_mlp_stage layer=19 stage=gate_up_fused seq_len=1 start_pos=66 elapsed_ms=2.164
kiln_profile_mlp_stage layer=19 stage=down_proj seq_len=1 start_pos=66 elapsed_ms=1.238
kiln_profile_gdn_stage layer=20 stage=in_proj seq_len=1 start_pos=66 elapsed_ms=1.497
kiln_profile_gdn_stage layer=20 stage=qkv_conv_norm seq_len=1 start_pos=66 elapsed_ms=0.305
kiln_profile_gdn_stage layer=20 stage=gates_recur_gated_norm seq_len=1 start_pos=66 elapsed_ms=0.353
kiln_profile_gdn_stage layer=20 stage=post_transpose seq_len=1 start_pos=66 elapsed_ms=0.002
kiln_profile_gdn_stage layer=20 stage=gated_norm seq_len=1 start_pos=66 elapsed_ms=0.005
kiln_profile_gdn_stage layer=20 stage=out_proj seq_len=1 start_pos=66 elapsed_ms=0.703
kiln_profile_mlp_stage layer=20 stage=gate_up_fused seq_len=1 start_pos=66 elapsed_ms=1.915
kiln_profile_mlp_stage layer=20 stage=down_proj seq_len=1 start_pos=66 elapsed_ms=1.123
kiln_profile_gdn_stage layer=21 stage=in_proj seq_len=1 start_pos=66 elapsed_ms=1.415
kiln_profile_gdn_stage layer=21 stage=qkv_conv_norm seq_len=1 start_pos=66 elapsed_ms=0.230
kiln_profile_gdn_stage layer=21 stage=gates_recur_gated_norm seq_len=1 start_pos=66 elapsed_ms=0.290
kiln_profile_gdn_stage layer=21 stage=post_transpose seq_len=1 start_pos=66 elapsed_ms=0.000
kiln_profile_gdn_stage layer=21 stage=gated_norm seq_len=1 start_pos=66 elapsed_ms=0.002
kiln_profile_gdn_stage layer=21 stage=out_proj seq_len=1 start_pos=66 elapsed_ms=0.643
kiln_profile_mlp_stage layer=21 stage=gate_up_fused seq_len=1 start_pos=66 elapsed_ms=2.918
kiln_profile_mlp_stage layer=21 stage=down_proj seq_len=1 start_pos=66 elapsed_ms=1.510
kiln_profile_gdn_stage layer=22 stage=in_proj seq_len=1 start_pos=66 elapsed_ms=1.425
kiln_profile_gdn_stage layer=22 stage=qkv_conv_norm seq_len=1 start_pos=66 elapsed_ms=0.350
kiln_profile_gdn_stage layer=22 stage=gates_recur_gated_norm seq_len=1 start_pos=66 elapsed_ms=0.425
kiln_profile_gdn_stage layer=22 stage=post_transpose seq_len=1 start_pos=66 elapsed_ms=0.002
kiln_profile_gdn_stage layer=22 stage=gated_norm seq_len=1 start_pos=66 elapsed_ms=0.006
kiln_profile_gdn_stage layer=22 stage=out_proj seq_len=1 start_pos=66 elapsed_ms=0.858
kiln_profile_mlp_stage layer=22 stage=gate_up_fused seq_len=1 start_pos=66 elapsed_ms=1.863
kiln_profile_mlp_stage layer=22 stage=down_proj seq_len=1 start_pos=66 elapsed_ms=1.204
kiln_profile_full_attn_stage full_attn_layer=5 stage=qkv_proj seq_len=1 start_pos=66 elapsed_ms=1.407
kiln_profile_full_attn_stage full_attn_layer=5 stage=qkv_split seq_len=1 start_pos=66 elapsed_ms=0.370
kiln_profile_full_attn_stage full_attn_layer=5 stage=qk_norm seq_len=1 start_pos=66 elapsed_ms=0.320
kiln_profile_full_attn_stage full_attn_layer=5 stage=rope seq_len=1 start_pos=66 elapsed_ms=0.348
kiln_profile_full_attn_stage full_attn_layer=5 stage=q_transpose seq_len=1 start_pos=66 elapsed_ms=0.004
kiln_profile_full_attn_stage full_attn_layer=5 stage=kv_write seq_len=1 start_pos=66 elapsed_ms=0.326
kiln_profile_full_attn_stage full_attn_layer=5 stage=decode_attn_contiguous seq_len=1 start_pos=66 elapsed_ms=0.335
kiln_profile_full_attn_stage full_attn_layer=5 stage=attn_gate seq_len=1 start_pos=66 elapsed_ms=0.264
kiln_profile_full_attn_stage full_attn_layer=5 stage=o_proj seq_len=1 start_pos=66 elapsed_ms=0.765
kiln_profile_mlp_stage layer=23 stage=gate_up_fused seq_len=1 start_pos=66 elapsed_ms=1.805
kiln_profile_mlp_stage layer=23 stage=down_proj seq_len=1 start_pos=66 elapsed_ms=1.160
kiln_profile_gdn_stage layer=24 stage=in_proj seq_len=1 start_pos=66 elapsed_ms=1.430
kiln_profile_gdn_stage layer=24 stage=qkv_conv_norm seq_len=1 start_pos=66 elapsed_ms=0.300
kiln_profile_gdn_stage layer=24 stage=gates_recur_gated_norm seq_len=1 start_pos=66 elapsed_ms=0.446
kiln_profile_gdn_stage layer=24 stage=post_transpose seq_len=1 start_pos=66 elapsed_ms=0.001
kiln_profile_gdn_stage layer=24 stage=gated_norm seq_len=1 start_pos=66 elapsed_ms=0.003
kiln_profile_gdn_stage layer=24 stage=out_proj seq_len=1 start_pos=66 elapsed_ms=0.720
kiln_profile_mlp_stage layer=24 stage=gate_up_fused seq_len=1 start_pos=66 elapsed_ms=1.981
kiln_profile_mlp_stage layer=24 stage=down_proj seq_len=1 start_pos=66 elapsed_ms=1.240
kiln_profile_gdn_stage layer=25 stage=in_proj seq_len=1 start_pos=66 elapsed_ms=1.485
kiln_profile_gdn_stage layer=25 stage=qkv_conv_norm seq_len=1 start_pos=66 elapsed_ms=0.386
kiln_profile_gdn_stage layer=25 stage=gates_recur_gated_norm seq_len=1 start_pos=66 elapsed_ms=0.422
kiln_profile_gdn_stage layer=25 stage=post_transpose seq_len=1 start_pos=66 elapsed_ms=0.001
kiln_profile_gdn_stage layer=25 stage=gated_norm seq_len=1 start_pos=66 elapsed_ms=0.006
kiln_profile_gdn_stage layer=25 stage=out_proj seq_len=1 start_pos=66 elapsed_ms=0.878
kiln_profile_mlp_stage layer=25 stage=gate_up_fused seq_len=1 start_pos=66 elapsed_ms=3.039
kiln_profile_mlp_stage layer=25 stage=down_proj seq_len=1 start_pos=66 elapsed_ms=1.380
kiln_profile_gdn_stage layer=26 stage=in_proj seq_len=1 start_pos=66 elapsed_ms=1.511
kiln_profile_gdn_stage layer=26 stage=qkv_conv_norm seq_len=1 start_pos=66 elapsed_ms=0.449
kiln_profile_gdn_stage layer=26 stage=gates_recur_gated_norm seq_len=1 start_pos=66 elapsed_ms=0.495
kiln_profile_gdn_stage layer=26 stage=post_transpose seq_len=1 start_pos=66 elapsed_ms=0.000
kiln_profile_gdn_stage layer=26 stage=gated_norm seq_len=1 start_pos=66 elapsed_ms=0.004
kiln_profile_gdn_stage layer=26 stage=out_proj seq_len=1 start_pos=66 elapsed_ms=0.818
kiln_profile_mlp_stage layer=26 stage=gate_up_fused seq_len=1 start_pos=66 elapsed_ms=1.826
kiln_profile_mlp_stage layer=26 stage=down_proj seq_len=1 start_pos=66 elapsed_ms=1.207
kiln_profile_full_attn_stage full_attn_layer=6 stage=qkv_proj seq_len=1 start_pos=66 elapsed_ms=1.293
kiln_profile_full_attn_stage full_attn_layer=6 stage=qkv_split seq_len=1 start_pos=66 elapsed_ms=0.333
kiln_profile_full_attn_stage full_attn_layer=6 stage=qk_norm seq_len=1 start_pos=66 elapsed_ms=0.290
kiln_profile_full_attn_stage full_attn_layer=6 stage=rope seq_len=1 start_pos=66 elapsed_ms=0.231
kiln_profile_full_attn_stage full_attn_layer=6 stage=q_transpose seq_len=1 start_pos=66 elapsed_ms=0.002
kiln_profile_full_attn_stage full_attn_layer=6 stage=kv_write seq_len=1 start_pos=66 elapsed_ms=0.235
kiln_profile_full_attn_stage full_attn_layer=6 stage=decode_attn_contiguous seq_len=1 start_pos=66 elapsed_ms=0.284
kiln_profile_full_attn_stage full_attn_layer=6 stage=attn_gate seq_len=1 start_pos=66 elapsed_ms=0.289
kiln_profile_full_attn_stage full_attn_layer=6 stage=o_proj seq_len=1 start_pos=66 elapsed_ms=0.954
kiln_profile_mlp_stage layer=27 stage=gate_up_fused seq_len=1 start_pos=66 elapsed_ms=2.711
kiln_profile_mlp_stage layer=27 stage=down_proj seq_len=1 start_pos=66 elapsed_ms=1.414
kiln_profile_gdn_stage layer=28 stage=in_proj seq_len=1 start_pos=66 elapsed_ms=1.904
kiln_profile_gdn_stage layer=28 stage=qkv_conv_norm seq_len=1 start_pos=66 elapsed_ms=0.379
kiln_profile_gdn_stage layer=28 stage=gates_recur_gated_norm seq_len=1 start_pos=66 elapsed_ms=0.545
kiln_profile_gdn_stage layer=28 stage=post_transpose seq_len=1 start_pos=66 elapsed_ms=0.001
kiln_profile_gdn_stage layer=28 stage=gated_norm seq_len=1 start_pos=66 elapsed_ms=0.004
kiln_profile_gdn_stage layer=28 stage=out_proj seq_len=1 start_pos=66 elapsed_ms=0.975
kiln_profile_mlp_stage layer=28 stage=gate_up_fused seq_len=1 start_pos=66 elapsed_ms=1.945
kiln_profile_mlp_stage layer=28 stage=down_proj seq_len=1 start_pos=66 elapsed_ms=1.276
kiln_profile_gdn_stage layer=29 stage=in_proj seq_len=1 start_pos=66 elapsed_ms=1.666
kiln_profile_gdn_stage layer=29 stage=qkv_conv_norm seq_len=1 start_pos=66 elapsed_ms=0.437
kiln_profile_gdn_stage layer=29 stage=gates_recur_gated_norm seq_len=1 start_pos=66 elapsed_ms=1.024
kiln_profile_gdn_stage layer=29 stage=post_transpose seq_len=1 start_pos=66 elapsed_ms=0.001
kiln_profile_gdn_stage layer=29 stage=gated_norm seq_len=1 start_pos=66 elapsed_ms=0.005
kiln_profile_gdn_stage layer=29 stage=out_proj seq_len=1 start_pos=66 elapsed_ms=1.396
kiln_profile_mlp_stage layer=29 stage=gate_up_fused seq_len=1 start_pos=66 elapsed_ms=1.921
kiln_profile_mlp_stage layer=29 stage=down_proj seq_len=1 start_pos=66 elapsed_ms=1.222
kiln_profile_gdn_stage layer=30 stage=in_proj seq_len=1 start_pos=66 elapsed_ms=1.611
kiln_profile_gdn_stage layer=30 stage=qkv_conv_norm seq_len=1 start_pos=66 elapsed_ms=0.341
kiln_profile_gdn_stage layer=30 stage=gates_recur_gated_norm seq_len=1 start_pos=66 elapsed_ms=0.445
kiln_profile_gdn_stage layer=30 stage=post_transpose seq_len=1 start_pos=66 elapsed_ms=0.001
kiln_profile_gdn_stage layer=30 stage=gated_norm seq_len=1 start_pos=66 elapsed_ms=0.003
kiln_profile_gdn_stage layer=30 stage=out_proj seq_len=1 start_pos=66 elapsed_ms=0.760
kiln_profile_mlp_stage layer=30 stage=gate_up_fused seq_len=1 start_pos=66 elapsed_ms=2.473
kiln_profile_mlp_stage layer=30 stage=down_proj seq_len=1 start_pos=66 elapsed_ms=1.328
kiln_profile_full_attn_stage full_attn_layer=7 stage=qkv_proj seq_len=1 start_pos=66 elapsed_ms=1.485
kiln_profile_full_attn_stage full_attn_layer=7 stage=qkv_split seq_len=1 start_pos=66 elapsed_ms=0.381
kiln_profile_full_attn_stage full_attn_layer=7 stage=qk_norm seq_len=1 start_pos=66 elapsed_ms=0.354
kiln_profile_full_attn_stage full_attn_layer=7 stage=rope seq_len=1 start_pos=66 elapsed_ms=0.404
kiln_profile_full_attn_stage full_attn_layer=7 stage=q_transpose seq_len=1 start_pos=66 elapsed_ms=0.021
kiln_profile_full_attn_stage full_attn_layer=7 stage=kv_write seq_len=1 start_pos=66 elapsed_ms=0.368
kiln_profile_full_attn_stage full_attn_layer=7 stage=decode_attn_contiguous seq_len=1 start_pos=66 elapsed_ms=0.460
kiln_profile_full_attn_stage full_attn_layer=7 stage=attn_gate seq_len=1 start_pos=66 elapsed_ms=0.371
kiln_profile_full_attn_stage full_attn_layer=7 stage=o_proj seq_len=1 start_pos=66 elapsed_ms=1.136
kiln_profile_mlp_stage layer=31 stage=gate_up_fused seq_len=1 start_pos=66 elapsed_ms=2.517
kiln_profile_mlp_stage layer=31 stage=down_proj seq_len=1 start_pos=66 elapsed_ms=1.428
kiln_profile_gdn_stage layer=0 stage=in_proj seq_len=1 start_pos=67 elapsed_ms=1.553
kiln_profile_gdn_stage layer=0 stage=qkv_conv_norm seq_len=1 start_pos=67 elapsed_ms=0.430
kiln_profile_gdn_stage layer=0 stage=gates_recur_gated_norm seq_len=1 start_pos=67 elapsed_ms=0.448
kiln_profile_gdn_stage layer=0 stage=post_transpose seq_len=1 start_pos=67 elapsed_ms=0.001
kiln_profile_gdn_stage layer=0 stage=gated_norm seq_len=1 start_pos=67 elapsed_ms=0.005
kiln_profile_gdn_stage layer=0 stage=out_proj seq_len=1 start_pos=67 elapsed_ms=1.546
kiln_profile_mlp_stage layer=0 stage=gate_up_fused seq_len=1 start_pos=67 elapsed_ms=2.989
kiln_profile_mlp_stage layer=0 stage=down_proj seq_len=1 start_pos=67 elapsed_ms=1.508
kiln_profile_gdn_stage layer=1 stage=in_proj seq_len=1 start_pos=67 elapsed_ms=1.483
kiln_profile_gdn_stage layer=1 stage=qkv_conv_norm seq_len=1 start_pos=67 elapsed_ms=0.398
kiln_profile_gdn_stage layer=1 stage=gates_recur_gated_norm seq_len=1 start_pos=67 elapsed_ms=0.369
kiln_profile_gdn_stage layer=1 stage=post_transpose seq_len=1 start_pos=67 elapsed_ms=0.001
kiln_profile_gdn_stage layer=1 stage=gated_norm seq_len=1 start_pos=67 elapsed_ms=0.004
kiln_profile_gdn_stage layer=1 stage=out_proj seq_len=1 start_pos=67 elapsed_ms=0.882
kiln_profile_mlp_stage layer=1 stage=gate_up_fused seq_len=1 start_pos=67 elapsed_ms=2.023
kiln_profile_mlp_stage layer=1 stage=down_proj seq_len=1 start_pos=67 elapsed_ms=1.291
kiln_profile_gdn_stage layer=2 stage=in_proj seq_len=1 start_pos=67 elapsed_ms=1.546
kiln_profile_gdn_stage layer=2 stage=qkv_conv_norm seq_len=1 start_pos=67 elapsed_ms=1.492
kiln_profile_gdn_stage layer=2 stage=gates_recur_gated_norm seq_len=1 start_pos=67 elapsed_ms=0.401
kiln_profile_gdn_stage layer=2 stage=post_transpose seq_len=1 start_pos=67 elapsed_ms=0.000
kiln_profile_gdn_stage layer=2 stage=gated_norm seq_len=1 start_pos=67 elapsed_ms=0.003
kiln_profile_gdn_stage layer=2 stage=out_proj seq_len=1 start_pos=67 elapsed_ms=0.721
kiln_profile_mlp_stage layer=2 stage=gate_up_fused seq_len=1 start_pos=67 elapsed_ms=1.831
kiln_profile_mlp_stage layer=2 stage=down_proj seq_len=1 start_pos=67 elapsed_ms=1.142
kiln_profile_full_attn_stage full_attn_layer=0 stage=qkv_proj seq_len=1 start_pos=67 elapsed_ms=1.383
kiln_profile_full_attn_stage full_attn_layer=0 stage=qkv_split seq_len=1 start_pos=67 elapsed_ms=0.312
kiln_profile_full_attn_stage full_attn_layer=0 stage=qk_norm seq_len=1 start_pos=67 elapsed_ms=0.229
kiln_profile_full_attn_stage full_attn_layer=0 stage=rope seq_len=1 start_pos=67 elapsed_ms=0.215
kiln_profile_full_attn_stage full_attn_layer=0 stage=q_transpose seq_len=1 start_pos=67 elapsed_ms=0.002
kiln_profile_full_attn_stage full_attn_layer=0 stage=kv_write seq_len=1 start_pos=67 elapsed_ms=0.201
kiln_profile_full_attn_stage full_attn_layer=0 stage=decode_attn_contiguous seq_len=1 start_pos=67 elapsed_ms=0.233
kiln_profile_full_attn_stage full_attn_layer=0 stage=attn_gate seq_len=1 start_pos=67 elapsed_ms=0.174
kiln_profile_full_attn_stage full_attn_layer=0 stage=o_proj seq_len=1 start_pos=67 elapsed_ms=0.648
kiln_profile_mlp_stage layer=3 stage=gate_up_fused seq_len=1 start_pos=67 elapsed_ms=1.957
kiln_profile_mlp_stage layer=3 stage=down_proj seq_len=1 start_pos=67 elapsed_ms=1.252
kiln_profile_gdn_stage layer=4 stage=in_proj seq_len=1 start_pos=67 elapsed_ms=1.536
kiln_profile_gdn_stage layer=4 stage=qkv_conv_norm seq_len=1 start_pos=67 elapsed_ms=0.267
kiln_profile_gdn_stage layer=4 stage=gates_recur_gated_norm seq_len=1 start_pos=67 elapsed_ms=0.319
kiln_profile_gdn_stage layer=4 stage=post_transpose seq_len=1 start_pos=67 elapsed_ms=0.000
kiln_profile_gdn_stage layer=4 stage=gated_norm seq_len=1 start_pos=67 elapsed_ms=0.003
kiln_profile_gdn_stage layer=4 stage=out_proj seq_len=1 start_pos=67 elapsed_ms=0.750
kiln_profile_mlp_stage layer=4 stage=gate_up_fused seq_len=1 start_pos=67 elapsed_ms=2.701
kiln_profile_mlp_stage layer=4 stage=down_proj seq_len=1 start_pos=67 elapsed_ms=1.322
kiln_profile_gdn_stage layer=5 stage=in_proj seq_len=1 start_pos=67 elapsed_ms=1.377
kiln_profile_gdn_stage layer=5 stage=qkv_conv_norm seq_len=1 start_pos=67 elapsed_ms=0.339
kiln_profile_gdn_stage layer=5 stage=gates_recur_gated_norm seq_len=1 start_pos=67 elapsed_ms=0.389
kiln_profile_gdn_stage layer=5 stage=post_transpose seq_len=1 start_pos=67 elapsed_ms=0.001
kiln_profile_gdn_stage layer=5 stage=gated_norm seq_len=1 start_pos=67 elapsed_ms=0.004
kiln_profile_gdn_stage layer=5 stage=out_proj seq_len=1 start_pos=67 elapsed_ms=0.730
kiln_profile_mlp_stage layer=5 stage=gate_up_fused seq_len=1 start_pos=67 elapsed_ms=1.891
kiln_profile_mlp_stage layer=5 stage=down_proj seq_len=1 start_pos=67 elapsed_ms=1.172
kiln_profile_gdn_stage layer=6 stage=in_proj seq_len=1 start_pos=67 elapsed_ms=1.583
kiln_profile_gdn_stage layer=6 stage=qkv_conv_norm seq_len=1 start_pos=67 elapsed_ms=0.458
kiln_profile_gdn_stage layer=6 stage=gates_recur_gated_norm seq_len=1 start_pos=67 elapsed_ms=0.407
kiln_profile_gdn_stage layer=6 stage=post_transpose seq_len=1 start_pos=67 elapsed_ms=0.000
kiln_profile_gdn_stage layer=6 stage=gated_norm seq_len=1 start_pos=67 elapsed_ms=0.003
kiln_profile_gdn_stage layer=6 stage=out_proj seq_len=1 start_pos=67 elapsed_ms=0.796
kiln_profile_mlp_stage layer=6 stage=gate_up_fused seq_len=1 start_pos=67 elapsed_ms=1.903
kiln_profile_mlp_stage layer=6 stage=down_proj seq_len=1 start_pos=67 elapsed_ms=1.331
kiln_profile_full_attn_stage full_attn_layer=1 stage=qkv_proj seq_len=1 start_pos=67 elapsed_ms=1.422
kiln_profile_full_attn_stage full_attn_layer=1 stage=qkv_split seq_len=1 start_pos=67 elapsed_ms=0.442
kiln_profile_full_attn_stage full_attn_layer=1 stage=qk_norm seq_len=1 start_pos=67 elapsed_ms=0.350
kiln_profile_full_attn_stage full_attn_layer=1 stage=rope seq_len=1 start_pos=67 elapsed_ms=0.304
kiln_profile_full_attn_stage full_attn_layer=1 stage=q_transpose seq_len=1 start_pos=67 elapsed_ms=0.003
kiln_profile_full_attn_stage full_attn_layer=1 stage=kv_write seq_len=1 start_pos=67 elapsed_ms=0.279
kiln_profile_full_attn_stage full_attn_layer=1 stage=decode_attn_contiguous seq_len=1 start_pos=67 elapsed_ms=0.345
kiln_profile_full_attn_stage full_attn_layer=1 stage=attn_gate seq_len=1 start_pos=67 elapsed_ms=0.292
kiln_profile_full_attn_stage full_attn_layer=1 stage=o_proj seq_len=1 start_pos=67 elapsed_ms=0.874
kiln_profile_mlp_stage layer=7 stage=gate_up_fused seq_len=1 start_pos=67 elapsed_ms=2.013
kiln_profile_mlp_stage layer=7 stage=down_proj seq_len=1 start_pos=67 elapsed_ms=1.289
kiln_profile_gdn_stage layer=8 stage=in_proj seq_len=1 start_pos=67 elapsed_ms=1.437
kiln_profile_gdn_stage layer=8 stage=qkv_conv_norm seq_len=1 start_pos=67 elapsed_ms=0.353
kiln_profile_gdn_stage layer=8 stage=gates_recur_gated_norm seq_len=1 start_pos=67 elapsed_ms=0.366
kiln_profile_gdn_stage layer=8 stage=post_transpose seq_len=1 start_pos=67 elapsed_ms=0.001
kiln_profile_gdn_stage layer=8 stage=gated_norm seq_len=1 start_pos=67 elapsed_ms=0.006
kiln_profile_gdn_stage layer=8 stage=out_proj seq_len=1 start_pos=67 elapsed_ms=1.867
kiln_profile_mlp_stage layer=8 stage=gate_up_fused seq_len=1 start_pos=67 elapsed_ms=1.976
kiln_profile_mlp_stage layer=8 stage=down_proj seq_len=1 start_pos=67 elapsed_ms=1.161
kiln_profile_gdn_stage layer=9 stage=in_proj seq_len=1 start_pos=67 elapsed_ms=1.357
kiln_profile_gdn_stage layer=9 stage=qkv_conv_norm seq_len=1 start_pos=67 elapsed_ms=0.372
kiln_profile_gdn_stage layer=9 stage=gates_recur_gated_norm seq_len=1 start_pos=67 elapsed_ms=0.502
kiln_profile_gdn_stage layer=9 stage=post_transpose seq_len=1 start_pos=67 elapsed_ms=0.007
kiln_profile_gdn_stage layer=9 stage=gated_norm seq_len=1 start_pos=67 elapsed_ms=0.006
kiln_profile_gdn_stage layer=9 stage=out_proj seq_len=1 start_pos=67 elapsed_ms=0.859
kiln_profile_mlp_stage layer=9 stage=gate_up_fused seq_len=1 start_pos=67 elapsed_ms=1.857
kiln_profile_mlp_stage layer=9 stage=down_proj seq_len=1 start_pos=67 elapsed_ms=1.174
kiln_profile_gdn_stage layer=10 stage=in_proj seq_len=1 start_pos=67 elapsed_ms=1.407
kiln_profile_gdn_stage layer=10 stage=qkv_conv_norm seq_len=1 start_pos=67 elapsed_ms=0.361
kiln_profile_gdn_stage layer=10 stage=gates_recur_gated_norm seq_len=1 start_pos=67 elapsed_ms=0.477
kiln_profile_gdn_stage layer=10 stage=post_transpose seq_len=1 start_pos=67 elapsed_ms=0.008
kiln_profile_gdn_stage layer=10 stage=gated_norm seq_len=1 start_pos=67 elapsed_ms=0.010
kiln_profile_gdn_stage layer=10 stage=out_proj seq_len=1 start_pos=67 elapsed_ms=0.853
kiln_profile_mlp_stage layer=10 stage=gate_up_fused seq_len=1 start_pos=67 elapsed_ms=1.857
kiln_profile_mlp_stage layer=10 stage=down_proj seq_len=1 start_pos=67 elapsed_ms=1.224
kiln_profile_full_attn_stage full_attn_layer=2 stage=qkv_proj seq_len=1 start_pos=67 elapsed_ms=1.407
kiln_profile_full_attn_stage full_attn_layer=2 stage=qkv_split seq_len=1 start_pos=67 elapsed_ms=0.382
kiln_profile_full_attn_stage full_attn_layer=2 stage=qk_norm seq_len=1 start_pos=67 elapsed_ms=0.366
kiln_profile_full_attn_stage full_attn_layer=2 stage=rope seq_len=1 start_pos=67 elapsed_ms=0.324
kiln_profile_full_attn_stage full_attn_layer=2 stage=q_transpose seq_len=1 start_pos=67 elapsed_ms=0.003
kiln_profile_full_attn_stage full_attn_layer=2 stage=kv_write seq_len=1 start_pos=67 elapsed_ms=0.340
kiln_profile_full_attn_stage full_attn_layer=2 stage=decode_attn_contiguous seq_len=1 start_pos=67 elapsed_ms=0.409
kiln_profile_full_attn_stage full_attn_layer=2 stage=attn_gate seq_len=1 start_pos=67 elapsed_ms=0.332
kiln_profile_full_attn_stage full_attn_layer=2 stage=o_proj seq_len=1 start_pos=67 elapsed_ms=0.839
kiln_profile_mlp_stage layer=11 stage=gate_up_fused seq_len=1 start_pos=67 elapsed_ms=1.923
kiln_profile_mlp_stage layer=11 stage=down_proj seq_len=1 start_pos=67 elapsed_ms=1.233
kiln_profile_gdn_stage layer=12 stage=in_proj seq_len=1 start_pos=67 elapsed_ms=1.900
kiln_profile_gdn_stage layer=12 stage=qkv_conv_norm seq_len=1 start_pos=67 elapsed_ms=1.190
kiln_profile_gdn_stage layer=12 stage=gates_recur_gated_norm seq_len=1 start_pos=67 elapsed_ms=0.548
kiln_profile_gdn_stage layer=12 stage=post_transpose seq_len=1 start_pos=67 elapsed_ms=0.001
kiln_profile_gdn_stage layer=12 stage=gated_norm seq_len=1 start_pos=67 elapsed_ms=0.009
kiln_profile_gdn_stage layer=12 stage=out_proj seq_len=1 start_pos=67 elapsed_ms=0.853
kiln_profile_mlp_stage layer=12 stage=gate_up_fused seq_len=1 start_pos=67 elapsed_ms=1.899
kiln_profile_mlp_stage layer=12 stage=down_proj seq_len=1 start_pos=67 elapsed_ms=1.238
kiln_profile_gdn_stage layer=13 stage=in_proj seq_len=1 start_pos=67 elapsed_ms=1.482
kiln_profile_gdn_stage layer=13 stage=qkv_conv_norm seq_len=1 start_pos=67 elapsed_ms=0.396
kiln_profile_gdn_stage layer=13 stage=gates_recur_gated_norm seq_len=1 start_pos=67 elapsed_ms=0.407
kiln_profile_gdn_stage layer=13 stage=post_transpose seq_len=1 start_pos=67 elapsed_ms=0.001
kiln_profile_gdn_stage layer=13 stage=gated_norm seq_len=1 start_pos=67 elapsed_ms=0.004
kiln_profile_gdn_stage layer=13 stage=out_proj seq_len=1 start_pos=67 elapsed_ms=0.865
kiln_profile_mlp_stage layer=13 stage=gate_up_fused seq_len=1 start_pos=67 elapsed_ms=1.943
kiln_profile_mlp_stage layer=13 stage=down_proj seq_len=1 start_pos=67 elapsed_ms=1.409
kiln_profile_gdn_stage layer=14 stage=in_proj seq_len=1 start_pos=67 elapsed_ms=1.450
kiln_profile_gdn_stage layer=14 stage=qkv_conv_norm seq_len=1 start_pos=67 elapsed_ms=0.282
kiln_profile_gdn_stage layer=14 stage=gates_recur_gated_norm seq_len=1 start_pos=67 elapsed_ms=0.324
kiln_profile_gdn_stage layer=14 stage=post_transpose seq_len=1 start_pos=67 elapsed_ms=0.011
kiln_profile_gdn_stage layer=14 stage=gated_norm seq_len=1 start_pos=67 elapsed_ms=0.017
kiln_profile_gdn_stage layer=14 stage=out_proj seq_len=1 start_pos=67 elapsed_ms=0.676
kiln_profile_mlp_stage layer=14 stage=gate_up_fused seq_len=1 start_pos=67 elapsed_ms=1.867
kiln_profile_mlp_stage layer=14 stage=down_proj seq_len=1 start_pos=67 elapsed_ms=1.143
kiln_profile_full_attn_stage full_attn_layer=3 stage=qkv_proj seq_len=1 start_pos=67 elapsed_ms=1.279
kiln_profile_full_attn_stage full_attn_layer=3 stage=qkv_split seq_len=1 start_pos=67 elapsed_ms=0.283
kiln_profile_full_attn_stage full_attn_layer=3 stage=qk_norm seq_len=1 start_pos=67 elapsed_ms=0.234
kiln_profile_full_attn_stage full_attn_layer=3 stage=rope seq_len=1 start_pos=67 elapsed_ms=0.211
kiln_profile_full_attn_stage full_attn_layer=3 stage=q_transpose seq_len=1 start_pos=67 elapsed_ms=0.004
kiln_profile_full_attn_stage full_attn_layer=3 stage=kv_write seq_len=1 start_pos=67 elapsed_ms=0.238
kiln_profile_full_attn_stage full_attn_layer=3 stage=decode_attn_contiguous seq_len=1 start_pos=67 elapsed_ms=0.287
kiln_profile_full_attn_stage full_attn_layer=3 stage=attn_gate seq_len=1 start_pos=67 elapsed_ms=0.228
kiln_profile_full_attn_stage full_attn_layer=3 stage=o_proj seq_len=1 start_pos=67 elapsed_ms=0.847
kiln_profile_mlp_stage layer=15 stage=gate_up_fused seq_len=1 start_pos=67 elapsed_ms=1.861
kiln_profile_mlp_stage layer=15 stage=down_proj seq_len=1 start_pos=67 elapsed_ms=1.251
kiln_profile_gdn_stage layer=16 stage=in_proj seq_len=1 start_pos=67 elapsed_ms=1.536
kiln_profile_gdn_stage layer=16 stage=qkv_conv_norm seq_len=1 start_pos=67 elapsed_ms=0.500
kiln_profile_gdn_stage layer=16 stage=gates_recur_gated_norm seq_len=1 start_pos=67 elapsed_ms=0.668
kiln_profile_gdn_stage layer=16 stage=post_transpose seq_len=1 start_pos=67 elapsed_ms=0.001
kiln_profile_gdn_stage layer=16 stage=gated_norm seq_len=1 start_pos=67 elapsed_ms=0.008
kiln_profile_gdn_stage layer=16 stage=out_proj seq_len=1 start_pos=67 elapsed_ms=1.302
kiln_profile_mlp_stage layer=16 stage=gate_up_fused seq_len=1 start_pos=67 elapsed_ms=1.899
kiln_profile_mlp_stage layer=16 stage=down_proj seq_len=1 start_pos=67 elapsed_ms=1.235
kiln_profile_gdn_stage layer=17 stage=in_proj seq_len=1 start_pos=67 elapsed_ms=1.441
kiln_profile_gdn_stage layer=17 stage=qkv_conv_norm seq_len=1 start_pos=67 elapsed_ms=0.288
kiln_profile_gdn_stage layer=17 stage=gates_recur_gated_norm seq_len=1 start_pos=67 elapsed_ms=0.370
kiln_profile_gdn_stage layer=17 stage=post_transpose seq_len=1 start_pos=67 elapsed_ms=0.001
kiln_profile_gdn_stage layer=17 stage=gated_norm seq_len=1 start_pos=67 elapsed_ms=0.003
kiln_profile_gdn_stage layer=17 stage=out_proj seq_len=1 start_pos=67 elapsed_ms=0.688
kiln_profile_mlp_stage layer=17 stage=gate_up_fused seq_len=1 start_pos=67 elapsed_ms=1.941
kiln_profile_mlp_stage layer=17 stage=down_proj seq_len=1 start_pos=67 elapsed_ms=1.217
kiln_profile_gdn_stage layer=18 stage=in_proj seq_len=1 start_pos=67 elapsed_ms=1.562
kiln_profile_gdn_stage layer=18 stage=qkv_conv_norm seq_len=1 start_pos=67 elapsed_ms=0.363
kiln_profile_gdn_stage layer=18 stage=gates_recur_gated_norm seq_len=1 start_pos=67 elapsed_ms=0.384
kiln_profile_gdn_stage layer=18 stage=post_transpose seq_len=1 start_pos=67 elapsed_ms=0.000
kiln_profile_gdn_stage layer=18 stage=gated_norm seq_len=1 start_pos=67 elapsed_ms=0.018
kiln_profile_gdn_stage layer=18 stage=out_proj seq_len=1 start_pos=67 elapsed_ms=0.705
kiln_profile_mlp_stage layer=18 stage=gate_up_fused seq_len=1 start_pos=67 elapsed_ms=1.826
kiln_profile_mlp_stage layer=18 stage=down_proj seq_len=1 start_pos=67 elapsed_ms=1.222
kiln_profile_full_attn_stage full_attn_layer=4 stage=qkv_proj seq_len=1 start_pos=67 elapsed_ms=1.442
kiln_profile_full_attn_stage full_attn_layer=4 stage=qkv_split seq_len=1 start_pos=67 elapsed_ms=0.385
kiln_profile_full_attn_stage full_attn_layer=4 stage=qk_norm seq_len=1 start_pos=67 elapsed_ms=0.373
kiln_profile_full_attn_stage full_attn_layer=4 stage=rope seq_len=1 start_pos=67 elapsed_ms=0.442
kiln_profile_full_attn_stage full_attn_layer=4 stage=q_transpose seq_len=1 start_pos=67 elapsed_ms=0.015
kiln_profile_full_attn_stage full_attn_layer=4 stage=kv_write seq_len=1 start_pos=67 elapsed_ms=0.301
kiln_profile_full_attn_stage full_attn_layer=4 stage=decode_attn_contiguous seq_len=1 start_pos=67 elapsed_ms=0.342
kiln_profile_full_attn_stage full_attn_layer=4 stage=attn_gate seq_len=1 start_pos=67 elapsed_ms=0.407
kiln_profile_full_attn_stage full_attn_layer=4 stage=o_proj seq_len=1 start_pos=67 elapsed_ms=0.837
kiln_profile_mlp_stage layer=19 stage=gate_up_fused seq_len=1 start_pos=67 elapsed_ms=2.475
kiln_profile_mlp_stage layer=19 stage=down_proj seq_len=1 start_pos=67 elapsed_ms=1.319
kiln_profile_gdn_stage layer=20 stage=in_proj seq_len=1 start_pos=67 elapsed_ms=2.805
kiln_profile_gdn_stage layer=20 stage=qkv_conv_norm seq_len=1 start_pos=67 elapsed_ms=0.878
kiln_profile_gdn_stage layer=20 stage=gates_recur_gated_norm seq_len=1 start_pos=67 elapsed_ms=0.487
kiln_profile_gdn_stage layer=20 stage=post_transpose seq_len=1 start_pos=67 elapsed_ms=0.001
kiln_profile_gdn_stage layer=20 stage=gated_norm seq_len=1 start_pos=67 elapsed_ms=0.005
kiln_profile_gdn_stage layer=20 stage=out_proj seq_len=1 start_pos=67 elapsed_ms=0.928
kiln_profile_mlp_stage layer=20 stage=gate_up_fused seq_len=1 start_pos=67 elapsed_ms=2.585
kiln_profile_mlp_stage layer=20 stage=down_proj seq_len=1 start_pos=67 elapsed_ms=1.507
kiln_profile_gdn_stage layer=21 stage=in_proj seq_len=1 start_pos=67 elapsed_ms=2.239
kiln_profile_gdn_stage layer=21 stage=qkv_conv_norm seq_len=1 start_pos=67 elapsed_ms=0.477
kiln_profile_gdn_stage layer=21 stage=gates_recur_gated_norm seq_len=1 start_pos=67 elapsed_ms=0.594
kiln_profile_gdn_stage layer=21 stage=post_transpose seq_len=1 start_pos=67 elapsed_ms=0.001
kiln_profile_gdn_stage layer=21 stage=gated_norm seq_len=1 start_pos=67 elapsed_ms=0.005
kiln_profile_gdn_stage layer=21 stage=out_proj seq_len=1 start_pos=67 elapsed_ms=1.306
kiln_profile_mlp_stage layer=21 stage=gate_up_fused seq_len=1 start_pos=67 elapsed_ms=2.468
kiln_profile_mlp_stage layer=21 stage=down_proj seq_len=1 start_pos=67 elapsed_ms=1.257
kiln_profile_gdn_stage layer=22 stage=in_proj seq_len=1 start_pos=67 elapsed_ms=2.018
kiln_profile_gdn_stage layer=22 stage=qkv_conv_norm seq_len=1 start_pos=67 elapsed_ms=0.325
kiln_profile_gdn_stage layer=22 stage=gates_recur_gated_norm seq_len=1 start_pos=67 elapsed_ms=0.450
kiln_profile_gdn_stage layer=22 stage=post_transpose seq_len=1 start_pos=67 elapsed_ms=0.000
kiln_profile_gdn_stage layer=22 stage=gated_norm seq_len=1 start_pos=67 elapsed_ms=0.004
kiln_profile_gdn_stage layer=22 stage=out_proj seq_len=1 start_pos=67 elapsed_ms=0.832
kiln_profile_mlp_stage layer=22 stage=gate_up_fused seq_len=1 start_pos=67 elapsed_ms=2.152
kiln_profile_mlp_stage layer=22 stage=down_proj seq_len=1 start_pos=67 elapsed_ms=1.314
kiln_profile_full_attn_stage full_attn_layer=5 stage=qkv_proj seq_len=1 start_pos=67 elapsed_ms=1.479
kiln_profile_full_attn_stage full_attn_layer=5 stage=qkv_split seq_len=1 start_pos=67 elapsed_ms=0.389
kiln_profile_full_attn_stage full_attn_layer=5 stage=qk_norm seq_len=1 start_pos=67 elapsed_ms=0.410
kiln_profile_full_attn_stage full_attn_layer=5 stage=rope seq_len=1 start_pos=67 elapsed_ms=0.378
kiln_profile_full_attn_stage full_attn_layer=5 stage=q_transpose seq_len=1 start_pos=67 elapsed_ms=0.004
kiln_profile_full_attn_stage full_attn_layer=5 stage=kv_write seq_len=1 start_pos=67 elapsed_ms=0.338
kiln_profile_full_attn_stage full_attn_layer=5 stage=decode_attn_contiguous seq_len=1 start_pos=67 elapsed_ms=1.998
kiln_profile_full_attn_stage full_attn_layer=5 stage=attn_gate seq_len=1 start_pos=67 elapsed_ms=2.856
kiln_profile_full_attn_stage full_attn_layer=5 stage=o_proj seq_len=1 start_pos=67 elapsed_ms=0.927
kiln_profile_mlp_stage layer=23 stage=gate_up_fused seq_len=1 start_pos=67 elapsed_ms=2.542
kiln_profile_mlp_stage layer=23 stage=down_proj seq_len=1 start_pos=67 elapsed_ms=1.499
kiln_profile_gdn_stage layer=24 stage=in_proj seq_len=1 start_pos=67 elapsed_ms=2.324
kiln_profile_gdn_stage layer=24 stage=qkv_conv_norm seq_len=1 start_pos=67 elapsed_ms=0.441
kiln_profile_gdn_stage layer=24 stage=gates_recur_gated_norm seq_len=1 start_pos=67 elapsed_ms=0.547
kiln_profile_gdn_stage layer=24 stage=post_transpose seq_len=1 start_pos=67 elapsed_ms=0.001
kiln_profile_gdn_stage layer=24 stage=gated_norm seq_len=1 start_pos=67 elapsed_ms=0.004
kiln_profile_gdn_stage layer=24 stage=out_proj seq_len=1 start_pos=67 elapsed_ms=0.996
kiln_profile_mlp_stage layer=24 stage=gate_up_fused seq_len=1 start_pos=67 elapsed_ms=2.564
kiln_profile_mlp_stage layer=24 stage=down_proj seq_len=1 start_pos=67 elapsed_ms=1.397
kiln_profile_gdn_stage layer=25 stage=in_proj seq_len=1 start_pos=67 elapsed_ms=2.278
kiln_profile_gdn_stage layer=25 stage=qkv_conv_norm seq_len=1 start_pos=67 elapsed_ms=0.440
kiln_profile_gdn_stage layer=25 stage=gates_recur_gated_norm seq_len=1 start_pos=67 elapsed_ms=0.622
kiln_profile_gdn_stage layer=25 stage=post_transpose seq_len=1 start_pos=67 elapsed_ms=0.008
kiln_profile_gdn_stage layer=25 stage=gated_norm seq_len=1 start_pos=67 elapsed_ms=0.016
kiln_profile_gdn_stage layer=25 stage=out_proj seq_len=1 start_pos=67 elapsed_ms=1.052
kiln_profile_mlp_stage layer=25 stage=gate_up_fused seq_len=1 start_pos=67 elapsed_ms=2.550
kiln_profile_mlp_stage layer=25 stage=down_proj seq_len=1 start_pos=67 elapsed_ms=1.395
kiln_profile_gdn_stage layer=26 stage=in_proj seq_len=1 start_pos=67 elapsed_ms=3.796
kiln_profile_gdn_stage layer=26 stage=qkv_conv_norm seq_len=1 start_pos=67 elapsed_ms=0.656
kiln_profile_gdn_stage layer=26 stage=gates_recur_gated_norm seq_len=1 start_pos=67 elapsed_ms=1.603
kiln_profile_gdn_stage layer=26 stage=post_transpose seq_len=1 start_pos=67 elapsed_ms=0.001
kiln_profile_gdn_stage layer=26 stage=gated_norm seq_len=1 start_pos=67 elapsed_ms=0.005
kiln_profile_gdn_stage layer=26 stage=out_proj seq_len=1 start_pos=67 elapsed_ms=0.958
kiln_profile_mlp_stage layer=26 stage=gate_up_fused seq_len=1 start_pos=67 elapsed_ms=2.571
kiln_profile_mlp_stage layer=26 stage=down_proj seq_len=1 start_pos=67 elapsed_ms=1.421
kiln_profile_full_attn_stage full_attn_layer=6 stage=qkv_proj seq_len=1 start_pos=67 elapsed_ms=1.595
kiln_profile_full_attn_stage full_attn_layer=6 stage=qkv_split seq_len=1 start_pos=67 elapsed_ms=0.471
kiln_profile_full_attn_stage full_attn_layer=6 stage=qk_norm seq_len=1 start_pos=67 elapsed_ms=0.431
kiln_profile_full_attn_stage full_attn_layer=6 stage=rope seq_len=1 start_pos=67 elapsed_ms=0.350
kiln_profile_full_attn_stage full_attn_layer=6 stage=q_transpose seq_len=1 start_pos=67 elapsed_ms=0.003
kiln_profile_full_attn_stage full_attn_layer=6 stage=kv_write seq_len=1 start_pos=67 elapsed_ms=0.317
kiln_profile_full_attn_stage full_attn_layer=6 stage=decode_attn_contiguous seq_len=1 start_pos=67 elapsed_ms=0.393
kiln_profile_full_attn_stage full_attn_layer=6 stage=attn_gate seq_len=1 start_pos=67 elapsed_ms=0.330
kiln_profile_full_attn_stage full_attn_layer=6 stage=o_proj seq_len=1 start_pos=67 elapsed_ms=1.098
kiln_profile_mlp_stage layer=27 stage=gate_up_fused seq_len=1 start_pos=67 elapsed_ms=2.533
kiln_profile_mlp_stage layer=27 stage=down_proj seq_len=1 start_pos=67 elapsed_ms=1.373
kiln_profile_gdn_stage layer=28 stage=in_proj seq_len=1 start_pos=67 elapsed_ms=2.144
kiln_profile_gdn_stage layer=28 stage=qkv_conv_norm seq_len=1 start_pos=67 elapsed_ms=0.395
kiln_profile_gdn_stage layer=28 stage=gates_recur_gated_norm seq_len=1 start_pos=67 elapsed_ms=0.500
kiln_profile_gdn_stage layer=28 stage=post_transpose seq_len=1 start_pos=67 elapsed_ms=0.001
kiln_profile_gdn_stage layer=28 stage=gated_norm seq_len=1 start_pos=67 elapsed_ms=0.004
kiln_profile_gdn_stage layer=28 stage=out_proj seq_len=1 start_pos=67 elapsed_ms=0.931
kiln_profile_mlp_stage layer=28 stage=gate_up_fused seq_len=1 start_pos=67 elapsed_ms=2.271
kiln_profile_mlp_stage layer=28 stage=down_proj seq_len=1 start_pos=67 elapsed_ms=1.233
kiln_profile_gdn_stage layer=29 stage=in_proj seq_len=1 start_pos=67 elapsed_ms=3.223
kiln_profile_gdn_stage layer=29 stage=qkv_conv_norm seq_len=1 start_pos=67 elapsed_ms=1.151
kiln_profile_gdn_stage layer=29 stage=gates_recur_gated_norm seq_len=1 start_pos=67 elapsed_ms=1.545
kiln_profile_gdn_stage layer=29 stage=post_transpose seq_len=1 start_pos=67 elapsed_ms=0.001
kiln_profile_gdn_stage layer=29 stage=gated_norm seq_len=1 start_pos=67 elapsed_ms=0.003
kiln_profile_gdn_stage layer=29 stage=out_proj seq_len=1 start_pos=67 elapsed_ms=0.749
kiln_profile_mlp_stage layer=29 stage=gate_up_fused seq_len=1 start_pos=67 elapsed_ms=2.247
kiln_profile_mlp_stage layer=29 stage=down_proj seq_len=1 start_pos=67 elapsed_ms=1.243
kiln_profile_gdn_stage layer=30 stage=in_proj seq_len=1 start_pos=67 elapsed_ms=1.994
kiln_profile_gdn_stage layer=30 stage=qkv_conv_norm seq_len=1 start_pos=67 elapsed_ms=0.375
kiln_profile_gdn_stage layer=30 stage=gates_recur_gated_norm seq_len=1 start_pos=67 elapsed_ms=0.421
kiln_profile_gdn_stage layer=30 stage=post_transpose seq_len=1 start_pos=67 elapsed_ms=0.001
kiln_profile_gdn_stage layer=30 stage=gated_norm seq_len=1 start_pos=67 elapsed_ms=0.024
kiln_profile_gdn_stage layer=30 stage=out_proj seq_len=1 start_pos=67 elapsed_ms=0.730
kiln_profile_mlp_stage layer=30 stage=gate_up_fused seq_len=1 start_pos=67 elapsed_ms=2.124
kiln_profile_mlp_stage layer=30 stage=down_proj seq_len=1 start_pos=67 elapsed_ms=1.306
kiln_profile_full_attn_stage full_attn_layer=7 stage=qkv_proj seq_len=1 start_pos=67 elapsed_ms=1.435
kiln_profile_full_attn_stage full_attn_layer=7 stage=qkv_split seq_len=1 start_pos=67 elapsed_ms=0.425
kiln_profile_full_attn_stage full_attn_layer=7 stage=qk_norm seq_len=1 start_pos=67 elapsed_ms=0.358
kiln_profile_full_attn_stage full_attn_layer=7 stage=rope seq_len=1 start_pos=67 elapsed_ms=0.346
kiln_profile_full_attn_stage full_attn_layer=7 stage=q_transpose seq_len=1 start_pos=67 elapsed_ms=0.004
kiln_profile_full_attn_stage full_attn_layer=7 stage=kv_write seq_len=1 start_pos=67 elapsed_ms=0.335
kiln_profile_full_attn_stage full_attn_layer=7 stage=decode_attn_contiguous seq_len=1 start_pos=67 elapsed_ms=0.323
kiln_profile_full_attn_stage full_attn_layer=7 stage=attn_gate seq_len=1 start_pos=67 elapsed_ms=0.258
kiln_profile_full_attn_stage full_attn_layer=7 stage=o_proj seq_len=1 start_pos=67 elapsed_ms=0.978
kiln_profile_mlp_stage layer=31 stage=gate_up_fused seq_len=1 start_pos=67 elapsed_ms=2.568
kiln_profile_mlp_stage layer=31 stage=down_proj seq_len=1 start_pos=67 elapsed_ms=1.593
kiln_profile_gdn_stage layer=0 stage=in_proj seq_len=1 start_pos=68 elapsed_ms=1.441
kiln_profile_gdn_stage layer=0 stage=qkv_conv_norm seq_len=1 start_pos=68 elapsed_ms=0.340
kiln_profile_gdn_stage layer=0 stage=gates_recur_gated_norm seq_len=1 start_pos=68 elapsed_ms=0.395
kiln_profile_gdn_stage layer=0 stage=post_transpose seq_len=1 start_pos=68 elapsed_ms=0.001
kiln_profile_gdn_stage layer=0 stage=gated_norm seq_len=1 start_pos=68 elapsed_ms=0.004
kiln_profile_gdn_stage layer=0 stage=out_proj seq_len=1 start_pos=68 elapsed_ms=0.828
kiln_profile_mlp_stage layer=0 stage=gate_up_fused seq_len=1 start_pos=68 elapsed_ms=2.446
kiln_profile_mlp_stage layer=0 stage=down_proj seq_len=1 start_pos=68 elapsed_ms=1.253
kiln_profile_gdn_stage layer=1 stage=in_proj seq_len=1 start_pos=68 elapsed_ms=1.428
kiln_profile_gdn_stage layer=1 stage=qkv_conv_norm seq_len=1 start_pos=68 elapsed_ms=0.291
kiln_profile_gdn_stage layer=1 stage=gates_recur_gated_norm seq_len=1 start_pos=68 elapsed_ms=0.373
kiln_profile_gdn_stage layer=1 stage=post_transpose seq_len=1 start_pos=68 elapsed_ms=0.001
kiln_profile_gdn_stage layer=1 stage=gated_norm seq_len=1 start_pos=68 elapsed_ms=0.003
kiln_profile_gdn_stage layer=1 stage=out_proj seq_len=1 start_pos=68 elapsed_ms=0.707
kiln_profile_mlp_stage layer=1 stage=gate_up_fused seq_len=1 start_pos=68 elapsed_ms=1.953
kiln_profile_mlp_stage layer=1 stage=down_proj seq_len=1 start_pos=68 elapsed_ms=1.194
kiln_profile_gdn_stage layer=2 stage=in_proj seq_len=1 start_pos=68 elapsed_ms=1.422
kiln_profile_gdn_stage layer=2 stage=qkv_conv_norm seq_len=1 start_pos=68 elapsed_ms=0.259
kiln_profile_gdn_stage layer=2 stage=gates_recur_gated_norm seq_len=1 start_pos=68 elapsed_ms=0.311
kiln_profile_gdn_stage layer=2 stage=post_transpose seq_len=1 start_pos=68 elapsed_ms=0.001
kiln_profile_gdn_stage layer=2 stage=gated_norm seq_len=1 start_pos=68 elapsed_ms=0.005
kiln_profile_gdn_stage layer=2 stage=out_proj seq_len=1 start_pos=68 elapsed_ms=0.685
kiln_profile_mlp_stage layer=2 stage=gate_up_fused seq_len=1 start_pos=68 elapsed_ms=1.775
kiln_profile_mlp_stage layer=2 stage=down_proj seq_len=1 start_pos=68 elapsed_ms=1.111
kiln_profile_full_attn_stage full_attn_layer=0 stage=qkv_proj seq_len=1 start_pos=68 elapsed_ms=1.335
kiln_profile_full_attn_stage full_attn_layer=0 stage=qkv_split seq_len=1 start_pos=68 elapsed_ms=0.359
kiln_profile_full_attn_stage full_attn_layer=0 stage=qk_norm seq_len=1 start_pos=68 elapsed_ms=0.326
kiln_profile_full_attn_stage full_attn_layer=0 stage=rope seq_len=1 start_pos=68 elapsed_ms=0.375
kiln_profile_full_attn_stage full_attn_layer=0 stage=q_transpose seq_len=1 start_pos=68 elapsed_ms=0.003
kiln_profile_full_attn_stage full_attn_layer=0 stage=kv_write seq_len=1 start_pos=68 elapsed_ms=0.306
kiln_profile_full_attn_stage full_attn_layer=0 stage=decode_attn_contiguous seq_len=1 start_pos=68 elapsed_ms=0.356
kiln_profile_full_attn_stage full_attn_layer=0 stage=attn_gate seq_len=1 start_pos=68 elapsed_ms=0.323
kiln_profile_full_attn_stage full_attn_layer=0 stage=o_proj seq_len=1 start_pos=68 elapsed_ms=0.735
kiln_profile_mlp_stage layer=3 stage=gate_up_fused seq_len=1 start_pos=68 elapsed_ms=1.864
kiln_profile_mlp_stage layer=3 stage=down_proj seq_len=1 start_pos=68 elapsed_ms=1.192
kiln_profile_gdn_stage layer=4 stage=in_proj seq_len=1 start_pos=68 elapsed_ms=1.375
kiln_profile_gdn_stage layer=4 stage=qkv_conv_norm seq_len=1 start_pos=68 elapsed_ms=0.336
kiln_profile_gdn_stage layer=4 stage=gates_recur_gated_norm seq_len=1 start_pos=68 elapsed_ms=0.395
kiln_profile_gdn_stage layer=4 stage=post_transpose seq_len=1 start_pos=68 elapsed_ms=0.001
kiln_profile_gdn_stage layer=4 stage=gated_norm seq_len=1 start_pos=68 elapsed_ms=0.004
kiln_profile_gdn_stage layer=4 stage=out_proj seq_len=1 start_pos=68 elapsed_ms=0.743
kiln_profile_mlp_stage layer=4 stage=gate_up_fused seq_len=1 start_pos=68 elapsed_ms=2.741
kiln_profile_mlp_stage layer=4 stage=down_proj seq_len=1 start_pos=68 elapsed_ms=1.253
kiln_profile_gdn_stage layer=5 stage=in_proj seq_len=1 start_pos=68 elapsed_ms=1.364
kiln_profile_gdn_stage layer=5 stage=qkv_conv_norm seq_len=1 start_pos=68 elapsed_ms=0.374
kiln_profile_gdn_stage layer=5 stage=gates_recur_gated_norm seq_len=1 start_pos=68 elapsed_ms=0.413
kiln_profile_gdn_stage layer=5 stage=post_transpose seq_len=1 start_pos=68 elapsed_ms=0.008
kiln_profile_gdn_stage layer=5 stage=gated_norm seq_len=1 start_pos=68 elapsed_ms=0.022
kiln_profile_gdn_stage layer=5 stage=out_proj seq_len=1 start_pos=68 elapsed_ms=0.760
kiln_profile_mlp_stage layer=5 stage=gate_up_fused seq_len=1 start_pos=68 elapsed_ms=1.844
kiln_profile_mlp_stage layer=5 stage=down_proj seq_len=1 start_pos=68 elapsed_ms=1.141
kiln_profile_gdn_stage layer=6 stage=in_proj seq_len=1 start_pos=68 elapsed_ms=1.481
kiln_profile_gdn_stage layer=6 stage=qkv_conv_norm seq_len=1 start_pos=68 elapsed_ms=0.434
kiln_profile_gdn_stage layer=6 stage=gates_recur_gated_norm seq_len=1 start_pos=68 elapsed_ms=0.446
kiln_profile_gdn_stage layer=6 stage=post_transpose seq_len=1 start_pos=68 elapsed_ms=0.001
kiln_profile_gdn_stage layer=6 stage=gated_norm seq_len=1 start_pos=68 elapsed_ms=0.009
kiln_profile_gdn_stage layer=6 stage=out_proj seq_len=1 start_pos=68 elapsed_ms=0.815
kiln_profile_mlp_stage layer=6 stage=gate_up_fused seq_len=1 start_pos=68 elapsed_ms=1.946
kiln_profile_mlp_stage layer=6 stage=down_proj seq_len=1 start_pos=68 elapsed_ms=1.327
kiln_profile_full_attn_stage full_attn_layer=1 stage=qkv_proj seq_len=1 start_pos=68 elapsed_ms=1.396
kiln_profile_full_attn_stage full_attn_layer=1 stage=qkv_split seq_len=1 start_pos=68 elapsed_ms=0.359
kiln_profile_full_attn_stage full_attn_layer=1 stage=qk_norm seq_len=1 start_pos=68 elapsed_ms=0.248
kiln_profile_full_attn_stage full_attn_layer=1 stage=rope seq_len=1 start_pos=68 elapsed_ms=0.211
kiln_profile_full_attn_stage full_attn_layer=1 stage=q_transpose seq_len=1 start_pos=68 elapsed_ms=0.002
kiln_profile_full_attn_stage full_attn_layer=1 stage=kv_write seq_len=1 start_pos=68 elapsed_ms=0.223
kiln_profile_full_attn_stage full_attn_layer=1 stage=decode_attn_contiguous seq_len=1 start_pos=68 elapsed_ms=0.251
kiln_profile_full_attn_stage full_attn_layer=1 stage=attn_gate seq_len=1 start_pos=68 elapsed_ms=0.219
kiln_profile_full_attn_stage full_attn_layer=1 stage=o_proj seq_len=1 start_pos=68 elapsed_ms=0.642
kiln_profile_mlp_stage layer=7 stage=gate_up_fused seq_len=1 start_pos=68 elapsed_ms=1.927
kiln_profile_mlp_stage layer=7 stage=down_proj seq_len=1 start_pos=68 elapsed_ms=1.234
kiln_profile_gdn_stage layer=8 stage=in_proj seq_len=1 start_pos=68 elapsed_ms=1.435
kiln_profile_gdn_stage layer=8 stage=qkv_conv_norm seq_len=1 start_pos=68 elapsed_ms=0.259
kiln_profile_gdn_stage layer=8 stage=gates_recur_gated_norm seq_len=1 start_pos=68 elapsed_ms=0.304
kiln_profile_gdn_stage layer=8 stage=post_transpose seq_len=1 start_pos=68 elapsed_ms=0.001
kiln_profile_gdn_stage layer=8 stage=gated_norm seq_len=1 start_pos=68 elapsed_ms=0.002
kiln_profile_gdn_stage layer=8 stage=out_proj seq_len=1 start_pos=68 elapsed_ms=0.715
kiln_profile_mlp_stage layer=8 stage=gate_up_fused seq_len=1 start_pos=68 elapsed_ms=2.731
kiln_profile_mlp_stage layer=8 stage=down_proj seq_len=1 start_pos=68 elapsed_ms=1.265
kiln_profile_gdn_stage layer=9 stage=in_proj seq_len=1 start_pos=68 elapsed_ms=1.358
kiln_profile_gdn_stage layer=9 stage=qkv_conv_norm seq_len=1 start_pos=68 elapsed_ms=0.371
kiln_profile_gdn_stage layer=9 stage=gates_recur_gated_norm seq_len=1 start_pos=68 elapsed_ms=0.423
kiln_profile_gdn_stage layer=9 stage=post_transpose seq_len=1 start_pos=68 elapsed_ms=0.008
kiln_profile_gdn_stage layer=9 stage=gated_norm seq_len=1 start_pos=68 elapsed_ms=0.023
kiln_profile_gdn_stage layer=9 stage=out_proj seq_len=1 start_pos=68 elapsed_ms=0.762
kiln_profile_mlp_stage layer=9 stage=gate_up_fused seq_len=1 start_pos=68 elapsed_ms=1.858
kiln_profile_mlp_stage layer=9 stage=down_proj seq_len=1 start_pos=68 elapsed_ms=1.246
kiln_profile_gdn_stage layer=10 stage=in_proj seq_len=1 start_pos=68 elapsed_ms=1.375
kiln_profile_gdn_stage layer=10 stage=qkv_conv_norm seq_len=1 start_pos=68 elapsed_ms=0.308
kiln_profile_gdn_stage layer=10 stage=gates_recur_gated_norm seq_len=1 start_pos=68 elapsed_ms=0.406
kiln_profile_gdn_stage layer=10 stage=post_transpose seq_len=1 start_pos=68 elapsed_ms=0.001
kiln_profile_gdn_stage layer=10 stage=gated_norm seq_len=1 start_pos=68 elapsed_ms=0.003
kiln_profile_gdn_stage layer=10 stage=out_proj seq_len=1 start_pos=68 elapsed_ms=0.774
kiln_profile_mlp_stage layer=10 stage=gate_up_fused seq_len=1 start_pos=68 elapsed_ms=1.864
kiln_profile_mlp_stage layer=10 stage=down_proj seq_len=1 start_pos=68 elapsed_ms=1.210
kiln_profile_full_attn_stage full_attn_layer=2 stage=qkv_proj seq_len=1 start_pos=68 elapsed_ms=1.378
kiln_profile_full_attn_stage full_attn_layer=2 stage=qkv_split seq_len=1 start_pos=68 elapsed_ms=0.368
kiln_profile_full_attn_stage full_attn_layer=2 stage=qk_norm seq_len=1 start_pos=68 elapsed_ms=0.244
kiln_profile_full_attn_stage full_attn_layer=2 stage=rope seq_len=1 start_pos=68 elapsed_ms=0.287
kiln_profile_full_attn_stage full_attn_layer=2 stage=q_transpose seq_len=1 start_pos=68 elapsed_ms=0.021
kiln_profile_full_attn_stage full_attn_layer=2 stage=kv_write seq_len=1 start_pos=68 elapsed_ms=0.301
kiln_profile_full_attn_stage full_attn_layer=2 stage=decode_attn_contiguous seq_len=1 start_pos=68 elapsed_ms=0.341
kiln_profile_full_attn_stage full_attn_layer=2 stage=attn_gate seq_len=1 start_pos=68 elapsed_ms=0.320
kiln_profile_full_attn_stage full_attn_layer=2 stage=o_proj seq_len=1 start_pos=68 elapsed_ms=0.710
kiln_profile_mlp_stage layer=11 stage=gate_up_fused seq_len=1 start_pos=68 elapsed_ms=1.843
kiln_profile_mlp_stage layer=11 stage=down_proj seq_len=1 start_pos=68 elapsed_ms=1.227
kiln_profile_gdn_stage layer=12 stage=in_proj seq_len=1 start_pos=68 elapsed_ms=1.329
kiln_profile_gdn_stage layer=12 stage=qkv_conv_norm seq_len=1 start_pos=68 elapsed_ms=0.258
kiln_profile_gdn_stage layer=12 stage=gates_recur_gated_norm seq_len=1 start_pos=68 elapsed_ms=0.374
kiln_profile_gdn_stage layer=12 stage=post_transpose seq_len=1 start_pos=68 elapsed_ms=0.001
kiln_profile_gdn_stage layer=12 stage=gated_norm seq_len=1 start_pos=68 elapsed_ms=0.003
kiln_profile_gdn_stage layer=12 stage=out_proj seq_len=1 start_pos=68 elapsed_ms=0.686
kiln_profile_mlp_stage layer=12 stage=gate_up_fused seq_len=1 start_pos=68 elapsed_ms=2.671
kiln_profile_mlp_stage layer=12 stage=down_proj seq_len=1 start_pos=68 elapsed_ms=1.427
kiln_profile_gdn_stage layer=13 stage=in_proj seq_len=1 start_pos=68 elapsed_ms=1.410
kiln_profile_gdn_stage layer=13 stage=qkv_conv_norm seq_len=1 start_pos=68 elapsed_ms=0.335
kiln_profile_gdn_stage layer=13 stage=gates_recur_gated_norm seq_len=1 start_pos=68 elapsed_ms=0.459
kiln_profile_gdn_stage layer=13 stage=post_transpose seq_len=1 start_pos=68 elapsed_ms=0.008
kiln_profile_gdn_stage layer=13 stage=gated_norm seq_len=1 start_pos=68 elapsed_ms=0.023
kiln_profile_gdn_stage layer=13 stage=out_proj seq_len=1 start_pos=68 elapsed_ms=0.754
kiln_profile_mlp_stage layer=13 stage=gate_up_fused seq_len=1 start_pos=68 elapsed_ms=1.855
kiln_profile_mlp_stage layer=13 stage=down_proj seq_len=1 start_pos=68 elapsed_ms=1.265
kiln_profile_gdn_stage layer=14 stage=in_proj seq_len=1 start_pos=68 elapsed_ms=1.414
kiln_profile_gdn_stage layer=14 stage=qkv_conv_norm seq_len=1 start_pos=68 elapsed_ms=0.317
kiln_profile_gdn_stage layer=14 stage=gates_recur_gated_norm seq_len=1 start_pos=68 elapsed_ms=0.423
kiln_profile_gdn_stage layer=14 stage=post_transpose seq_len=1 start_pos=68 elapsed_ms=0.001
kiln_profile_gdn_stage layer=14 stage=gated_norm seq_len=1 start_pos=68 elapsed_ms=0.003
kiln_profile_gdn_stage layer=14 stage=out_proj seq_len=1 start_pos=68 elapsed_ms=0.733
kiln_profile_mlp_stage layer=14 stage=gate_up_fused seq_len=1 start_pos=68 elapsed_ms=1.916
kiln_profile_mlp_stage layer=14 stage=down_proj seq_len=1 start_pos=68 elapsed_ms=1.385
kiln_profile_full_attn_stage full_attn_layer=3 stage=qkv_proj seq_len=1 start_pos=68 elapsed_ms=1.374
kiln_profile_full_attn_stage full_attn_layer=3 stage=qkv_split seq_len=1 start_pos=68 elapsed_ms=0.393
kiln_profile_full_attn_stage full_attn_layer=3 stage=qk_norm seq_len=1 start_pos=68 elapsed_ms=0.360
kiln_profile_full_attn_stage full_attn_layer=3 stage=rope seq_len=1 start_pos=68 elapsed_ms=0.315
kiln_profile_full_attn_stage full_attn_layer=3 stage=q_transpose seq_len=1 start_pos=68 elapsed_ms=0.003
kiln_profile_full_attn_stage full_attn_layer=3 stage=kv_write seq_len=1 start_pos=68 elapsed_ms=0.382
kiln_profile_full_attn_stage full_attn_layer=3 stage=decode_attn_contiguous seq_len=1 start_pos=68 elapsed_ms=0.370
kiln_profile_full_attn_stage full_attn_layer=3 stage=attn_gate seq_len=1 start_pos=68 elapsed_ms=0.320
kiln_profile_full_attn_stage full_attn_layer=3 stage=o_proj seq_len=1 start_pos=68 elapsed_ms=0.725
kiln_profile_mlp_stage layer=15 stage=gate_up_fused seq_len=1 start_pos=68 elapsed_ms=1.934
kiln_profile_mlp_stage layer=15 stage=down_proj seq_len=1 start_pos=68 elapsed_ms=1.214
kiln_profile_gdn_stage layer=16 stage=in_proj seq_len=1 start_pos=68 elapsed_ms=1.497
kiln_profile_gdn_stage layer=16 stage=qkv_conv_norm seq_len=1 start_pos=68 elapsed_ms=0.316
kiln_profile_gdn_stage layer=16 stage=gates_recur_gated_norm seq_len=1 start_pos=68 elapsed_ms=0.394
kiln_profile_gdn_stage layer=16 stage=post_transpose seq_len=1 start_pos=68 elapsed_ms=0.001
kiln_profile_gdn_stage layer=16 stage=gated_norm seq_len=1 start_pos=68 elapsed_ms=0.005
kiln_profile_gdn_stage layer=16 stage=out_proj seq_len=1 start_pos=68 elapsed_ms=1.128
kiln_profile_mlp_stage layer=16 stage=gate_up_fused seq_len=1 start_pos=68 elapsed_ms=2.496
kiln_profile_mlp_stage layer=16 stage=down_proj seq_len=1 start_pos=68 elapsed_ms=1.218
kiln_profile_gdn_stage layer=17 stage=in_proj seq_len=1 start_pos=68 elapsed_ms=1.455
kiln_profile_gdn_stage layer=17 stage=qkv_conv_norm seq_len=1 start_pos=68 elapsed_ms=0.288
kiln_profile_gdn_stage layer=17 stage=gates_recur_gated_norm seq_len=1 start_pos=68 elapsed_ms=0.353
kiln_profile_gdn_stage layer=17 stage=post_transpose seq_len=1 start_pos=68 elapsed_ms=0.001
kiln_profile_gdn_stage layer=17 stage=gated_norm seq_len=1 start_pos=68 elapsed_ms=0.003
kiln_profile_gdn_stage layer=17 stage=out_proj seq_len=1 start_pos=68 elapsed_ms=0.729
kiln_profile_mlp_stage layer=17 stage=gate_up_fused seq_len=1 start_pos=68 elapsed_ms=1.863
kiln_profile_mlp_stage layer=17 stage=down_proj seq_len=1 start_pos=68 elapsed_ms=1.160
kiln_profile_gdn_stage layer=18 stage=in_proj seq_len=1 start_pos=68 elapsed_ms=1.320
kiln_profile_gdn_stage layer=18 stage=qkv_conv_norm seq_len=1 start_pos=68 elapsed_ms=0.263
kiln_profile_gdn_stage layer=18 stage=gates_recur_gated_norm seq_len=1 start_pos=68 elapsed_ms=0.376
kiln_profile_gdn_stage layer=18 stage=post_transpose seq_len=1 start_pos=68 elapsed_ms=0.001
kiln_profile_gdn_stage layer=18 stage=gated_norm seq_len=1 start_pos=68 elapsed_ms=0.003
kiln_profile_gdn_stage layer=18 stage=out_proj seq_len=1 start_pos=68 elapsed_ms=0.685
kiln_profile_mlp_stage layer=18 stage=gate_up_fused seq_len=1 start_pos=68 elapsed_ms=1.856
kiln_profile_mlp_stage layer=18 stage=down_proj seq_len=1 start_pos=68 elapsed_ms=1.272
kiln_profile_full_attn_stage full_attn_layer=4 stage=qkv_proj seq_len=1 start_pos=68 elapsed_ms=1.368
kiln_profile_full_attn_stage full_attn_layer=4 stage=qkv_split seq_len=1 start_pos=68 elapsed_ms=0.404
kiln_profile_full_attn_stage full_attn_layer=4 stage=qk_norm seq_len=1 start_pos=68 elapsed_ms=0.329
kiln_profile_full_attn_stage full_attn_layer=4 stage=rope seq_len=1 start_pos=68 elapsed_ms=0.393
kiln_profile_full_attn_stage full_attn_layer=4 stage=q_transpose seq_len=1 start_pos=68 elapsed_ms=0.004
kiln_profile_full_attn_stage full_attn_layer=4 stage=kv_write seq_len=1 start_pos=68 elapsed_ms=0.349
kiln_profile_full_attn_stage full_attn_layer=4 stage=decode_attn_contiguous seq_len=1 start_pos=68 elapsed_ms=0.327
kiln_profile_full_attn_stage full_attn_layer=4 stage=attn_gate seq_len=1 start_pos=68 elapsed_ms=0.281
kiln_profile_full_attn_stage full_attn_layer=4 stage=o_proj seq_len=1 start_pos=68 elapsed_ms=0.854
kiln_profile_mlp_stage layer=19 stage=gate_up_fused seq_len=1 start_pos=68 elapsed_ms=2.469
kiln_profile_mlp_stage layer=19 stage=down_proj seq_len=1 start_pos=68 elapsed_ms=1.316
kiln_profile_gdn_stage layer=20 stage=in_proj seq_len=1 start_pos=68 elapsed_ms=1.368
kiln_profile_gdn_stage layer=20 stage=qkv_conv_norm seq_len=1 start_pos=68 elapsed_ms=0.290
kiln_profile_gdn_stage layer=20 stage=gates_recur_gated_norm seq_len=1 start_pos=68 elapsed_ms=0.367
kiln_profile_gdn_stage layer=20 stage=post_transpose seq_len=1 start_pos=68 elapsed_ms=0.001
kiln_profile_gdn_stage layer=20 stage=gated_norm seq_len=1 start_pos=68 elapsed_ms=0.003
kiln_profile_gdn_stage layer=20 stage=out_proj seq_len=1 start_pos=68 elapsed_ms=0.894
kiln_profile_mlp_stage layer=20 stage=gate_up_fused seq_len=1 start_pos=68 elapsed_ms=2.930
kiln_profile_mlp_stage layer=20 stage=down_proj seq_len=1 start_pos=68 elapsed_ms=1.338
kiln_profile_gdn_stage layer=21 stage=in_proj seq_len=1 start_pos=68 elapsed_ms=1.537
kiln_profile_gdn_stage layer=21 stage=qkv_conv_norm seq_len=1 start_pos=68 elapsed_ms=0.447
kiln_profile_gdn_stage layer=21 stage=gates_recur_gated_norm seq_len=1 start_pos=68 elapsed_ms=0.448
kiln_profile_gdn_stage layer=21 stage=post_transpose seq_len=1 start_pos=68 elapsed_ms=0.001
kiln_profile_gdn_stage layer=21 stage=gated_norm seq_len=1 start_pos=68 elapsed_ms=0.004
kiln_profile_gdn_stage layer=21 stage=out_proj seq_len=1 start_pos=68 elapsed_ms=0.833
kiln_profile_mlp_stage layer=21 stage=gate_up_fused seq_len=1 start_pos=68 elapsed_ms=1.840
kiln_profile_mlp_stage layer=21 stage=down_proj seq_len=1 start_pos=68 elapsed_ms=1.109
kiln_profile_gdn_stage layer=22 stage=in_proj seq_len=1 start_pos=68 elapsed_ms=1.365
kiln_profile_gdn_stage layer=22 stage=qkv_conv_norm seq_len=1 start_pos=68 elapsed_ms=0.445
kiln_profile_gdn_stage layer=22 stage=gates_recur_gated_norm seq_len=1 start_pos=68 elapsed_ms=0.416
kiln_profile_gdn_stage layer=22 stage=post_transpose seq_len=1 start_pos=68 elapsed_ms=0.000
kiln_profile_gdn_stage layer=22 stage=gated_norm seq_len=1 start_pos=68 elapsed_ms=0.003
kiln_profile_gdn_stage layer=22 stage=out_proj seq_len=1 start_pos=68 elapsed_ms=0.775
kiln_profile_mlp_stage layer=22 stage=gate_up_fused seq_len=1 start_pos=68 elapsed_ms=2.487
kiln_profile_mlp_stage layer=22 stage=down_proj seq_len=1 start_pos=68 elapsed_ms=1.454
kiln_profile_full_attn_stage full_attn_layer=5 stage=qkv_proj seq_len=1 start_pos=68 elapsed_ms=1.540
kiln_profile_full_attn_stage full_attn_layer=5 stage=qkv_split seq_len=1 start_pos=68 elapsed_ms=0.391
kiln_profile_full_attn_stage full_attn_layer=5 stage=qk_norm seq_len=1 start_pos=68 elapsed_ms=0.359
kiln_profile_full_attn_stage full_attn_layer=5 stage=rope seq_len=1 start_pos=68 elapsed_ms=0.324
kiln_profile_full_attn_stage full_attn_layer=5 stage=q_transpose seq_len=1 start_pos=68 elapsed_ms=0.021
kiln_profile_full_attn_stage full_attn_layer=5 stage=kv_write seq_len=1 start_pos=68 elapsed_ms=0.372
kiln_profile_full_attn_stage full_attn_layer=5 stage=decode_attn_contiguous seq_len=1 start_pos=68 elapsed_ms=0.390
kiln_profile_full_attn_stage full_attn_layer=5 stage=attn_gate seq_len=1 start_pos=68 elapsed_ms=0.318
kiln_profile_full_attn_stage full_attn_layer=5 stage=o_proj seq_len=1 start_pos=68 elapsed_ms=0.870
kiln_profile_mlp_stage layer=23 stage=gate_up_fused seq_len=1 start_pos=68 elapsed_ms=2.555
kiln_profile_mlp_stage layer=23 stage=down_proj seq_len=1 start_pos=68 elapsed_ms=1.486
kiln_profile_gdn_stage layer=24 stage=in_proj seq_len=1 start_pos=68 elapsed_ms=2.226
kiln_profile_gdn_stage layer=24 stage=qkv_conv_norm seq_len=1 start_pos=68 elapsed_ms=0.728
kiln_profile_gdn_stage layer=24 stage=gates_recur_gated_norm seq_len=1 start_pos=68 elapsed_ms=0.390
kiln_profile_gdn_stage layer=24 stage=post_transpose seq_len=1 start_pos=68 elapsed_ms=0.001
kiln_profile_gdn_stage layer=24 stage=gated_norm seq_len=1 start_pos=68 elapsed_ms=0.006
kiln_profile_gdn_stage layer=24 stage=out_proj seq_len=1 start_pos=68 elapsed_ms=0.722
kiln_profile_mlp_stage layer=24 stage=gate_up_fused seq_len=1 start_pos=68 elapsed_ms=1.879
kiln_profile_mlp_stage layer=24 stage=down_proj seq_len=1 start_pos=68 elapsed_ms=1.226
kiln_profile_gdn_stage layer=25 stage=in_proj seq_len=1 start_pos=68 elapsed_ms=1.510
kiln_profile_gdn_stage layer=25 stage=qkv_conv_norm seq_len=1 start_pos=68 elapsed_ms=0.319
kiln_profile_gdn_stage layer=25 stage=gates_recur_gated_norm seq_len=1 start_pos=68 elapsed_ms=0.390
kiln_profile_gdn_stage layer=25 stage=post_transpose seq_len=1 start_pos=68 elapsed_ms=0.001
kiln_profile_gdn_stage layer=25 stage=gated_norm seq_len=1 start_pos=68 elapsed_ms=0.004
kiln_profile_gdn_stage layer=25 stage=out_proj seq_len=1 start_pos=68 elapsed_ms=0.748
kiln_profile_mlp_stage layer=25 stage=gate_up_fused seq_len=1 start_pos=68 elapsed_ms=1.948
kiln_profile_mlp_stage layer=25 stage=down_proj seq_len=1 start_pos=68 elapsed_ms=1.245
kiln_profile_gdn_stage layer=26 stage=in_proj seq_len=1 start_pos=68 elapsed_ms=1.473
kiln_profile_gdn_stage layer=26 stage=qkv_conv_norm seq_len=1 start_pos=68 elapsed_ms=0.292
kiln_profile_gdn_stage layer=26 stage=gates_recur_gated_norm seq_len=1 start_pos=68 elapsed_ms=0.379
kiln_profile_gdn_stage layer=26 stage=post_transpose seq_len=1 start_pos=68 elapsed_ms=0.001
kiln_profile_gdn_stage layer=26 stage=gated_norm seq_len=1 start_pos=68 elapsed_ms=0.022
kiln_profile_gdn_stage layer=26 stage=out_proj seq_len=1 start_pos=68 elapsed_ms=0.739
kiln_profile_mlp_stage layer=26 stage=gate_up_fused seq_len=1 start_pos=68 elapsed_ms=1.828
kiln_profile_mlp_stage layer=26 stage=down_proj seq_len=1 start_pos=68 elapsed_ms=1.200
kiln_profile_full_attn_stage full_attn_layer=6 stage=qkv_proj seq_len=1 start_pos=68 elapsed_ms=1.358
kiln_profile_full_attn_stage full_attn_layer=6 stage=qkv_split seq_len=1 start_pos=68 elapsed_ms=0.370
kiln_profile_full_attn_stage full_attn_layer=6 stage=qk_norm seq_len=1 start_pos=68 elapsed_ms=0.382
kiln_profile_full_attn_stage full_attn_layer=6 stage=rope seq_len=1 start_pos=68 elapsed_ms=0.323
kiln_profile_full_attn_stage full_attn_layer=6 stage=q_transpose seq_len=1 start_pos=68 elapsed_ms=0.003
kiln_profile_full_attn_stage full_attn_layer=6 stage=kv_write seq_len=1 start_pos=68 elapsed_ms=0.340
kiln_profile_full_attn_stage full_attn_layer=6 stage=decode_attn_contiguous seq_len=1 start_pos=68 elapsed_ms=0.424
kiln_profile_full_attn_stage full_attn_layer=6 stage=attn_gate seq_len=1 start_pos=68 elapsed_ms=0.388
kiln_profile_full_attn_stage full_attn_layer=6 stage=o_proj seq_len=1 start_pos=68 elapsed_ms=1.116
kiln_profile_mlp_stage layer=27 stage=gate_up_fused seq_len=1 start_pos=68 elapsed_ms=2.517
kiln_profile_mlp_stage layer=27 stage=down_proj seq_len=1 start_pos=68 elapsed_ms=1.413
kiln_profile_gdn_stage layer=28 stage=in_proj seq_len=1 start_pos=68 elapsed_ms=2.907
kiln_profile_gdn_stage layer=28 stage=qkv_conv_norm seq_len=1 start_pos=68 elapsed_ms=0.415
kiln_profile_gdn_stage layer=28 stage=gates_recur_gated_norm seq_len=1 start_pos=68 elapsed_ms=0.538
kiln_profile_gdn_stage layer=28 stage=post_transpose seq_len=1 start_pos=68 elapsed_ms=0.001
kiln_profile_gdn_stage layer=28 stage=gated_norm seq_len=1 start_pos=68 elapsed_ms=0.004
kiln_profile_gdn_stage layer=28 stage=out_proj seq_len=1 start_pos=68 elapsed_ms=0.906
kiln_profile_mlp_stage layer=28 stage=gate_up_fused seq_len=1 start_pos=68 elapsed_ms=2.187
kiln_profile_mlp_stage layer=28 stage=down_proj seq_len=1 start_pos=68 elapsed_ms=1.241
kiln_profile_gdn_stage layer=29 stage=in_proj seq_len=1 start_pos=68 elapsed_ms=2.028
kiln_profile_gdn_stage layer=29 stage=qkv_conv_norm seq_len=1 start_pos=68 elapsed_ms=0.385
kiln_profile_gdn_stage layer=29 stage=gates_recur_gated_norm seq_len=1 start_pos=68 elapsed_ms=0.554
kiln_profile_gdn_stage layer=29 stage=post_transpose seq_len=1 start_pos=68 elapsed_ms=0.001
kiln_profile_gdn_stage layer=29 stage=gated_norm seq_len=1 start_pos=68 elapsed_ms=0.004
kiln_profile_gdn_stage layer=29 stage=out_proj seq_len=1 start_pos=68 elapsed_ms=0.884
kiln_profile_mlp_stage layer=29 stage=gate_up_fused seq_len=1 start_pos=68 elapsed_ms=2.214
kiln_profile_mlp_stage layer=29 stage=down_proj seq_len=1 start_pos=68 elapsed_ms=1.305
kiln_profile_gdn_stage layer=30 stage=in_proj seq_len=1 start_pos=68 elapsed_ms=2.058
kiln_profile_gdn_stage layer=30 stage=qkv_conv_norm seq_len=1 start_pos=68 elapsed_ms=0.404
kiln_profile_gdn_stage layer=30 stage=gates_recur_gated_norm seq_len=1 start_pos=68 elapsed_ms=0.498
kiln_profile_gdn_stage layer=30 stage=post_transpose seq_len=1 start_pos=68 elapsed_ms=0.001
kiln_profile_gdn_stage layer=30 stage=gated_norm seq_len=1 start_pos=68 elapsed_ms=0.004
kiln_profile_gdn_stage layer=30 stage=out_proj seq_len=1 start_pos=68 elapsed_ms=0.840
kiln_profile_mlp_stage layer=30 stage=gate_up_fused seq_len=1 start_pos=68 elapsed_ms=2.264
kiln_profile_mlp_stage layer=30 stage=down_proj seq_len=1 start_pos=68 elapsed_ms=1.414
kiln_profile_full_attn_stage full_attn_layer=7 stage=qkv_proj seq_len=1 start_pos=68 elapsed_ms=1.429
kiln_profile_full_attn_stage full_attn_layer=7 stage=qkv_split seq_len=1 start_pos=68 elapsed_ms=0.449
kiln_profile_full_attn_stage full_attn_layer=7 stage=qk_norm seq_len=1 start_pos=68 elapsed_ms=0.351
kiln_profile_full_attn_stage full_attn_layer=7 stage=rope seq_len=1 start_pos=68 elapsed_ms=1.756
kiln_profile_full_attn_stage full_attn_layer=7 stage=q_transpose seq_len=1 start_pos=68 elapsed_ms=0.005
kiln_profile_full_attn_stage full_attn_layer=7 stage=kv_write seq_len=1 start_pos=68 elapsed_ms=1.108
kiln_profile_full_attn_stage full_attn_layer=7 stage=decode_attn_contiguous seq_len=1 start_pos=68 elapsed_ms=1.502
kiln_profile_full_attn_stage full_attn_layer=7 stage=attn_gate seq_len=1 start_pos=68 elapsed_ms=0.391
kiln_profile_full_attn_stage full_attn_layer=7 stage=o_proj seq_len=1 start_pos=68 elapsed_ms=0.820
kiln_profile_mlp_stage layer=31 stage=gate_up_fused seq_len=1 start_pos=68 elapsed_ms=2.484
kiln_profile_mlp_stage layer=31 stage=down_proj seq_len=1 start_pos=68 elapsed_ms=1.440
kiln_profile_gdn_stage layer=0 stage=in_proj seq_len=1 start_pos=69 elapsed_ms=1.429
kiln_profile_gdn_stage layer=0 stage=qkv_conv_norm seq_len=1 start_pos=69 elapsed_ms=0.357
kiln_profile_gdn_stage layer=0 stage=gates_recur_gated_norm seq_len=1 start_pos=69 elapsed_ms=0.435
kiln_profile_gdn_stage layer=0 stage=post_transpose seq_len=1 start_pos=69 elapsed_ms=0.001
kiln_profile_gdn_stage layer=0 stage=gated_norm seq_len=1 start_pos=69 elapsed_ms=0.006
kiln_profile_gdn_stage layer=0 stage=out_proj seq_len=1 start_pos=69 elapsed_ms=0.796
kiln_profile_mlp_stage layer=0 stage=gate_up_fused seq_len=1 start_pos=69 elapsed_ms=1.853
kiln_profile_mlp_stage layer=0 stage=down_proj seq_len=1 start_pos=69 elapsed_ms=1.176
kiln_profile_gdn_stage layer=1 stage=in_proj seq_len=1 start_pos=69 elapsed_ms=1.388
kiln_profile_gdn_stage layer=1 stage=qkv_conv_norm seq_len=1 start_pos=69 elapsed_ms=0.401
kiln_profile_gdn_stage layer=1 stage=gates_recur_gated_norm seq_len=1 start_pos=69 elapsed_ms=0.422
kiln_profile_gdn_stage layer=1 stage=post_transpose seq_len=1 start_pos=69 elapsed_ms=0.008
kiln_profile_gdn_stage layer=1 stage=gated_norm seq_len=1 start_pos=69 elapsed_ms=0.022
kiln_profile_gdn_stage layer=1 stage=out_proj seq_len=1 start_pos=69 elapsed_ms=0.749
kiln_profile_mlp_stage layer=1 stage=gate_up_fused seq_len=1 start_pos=69 elapsed_ms=1.855
kiln_profile_mlp_stage layer=1 stage=down_proj seq_len=1 start_pos=69 elapsed_ms=1.216
kiln_profile_gdn_stage layer=2 stage=in_proj seq_len=1 start_pos=69 elapsed_ms=1.399
kiln_profile_gdn_stage layer=2 stage=qkv_conv_norm seq_len=1 start_pos=69 elapsed_ms=0.335
kiln_profile_gdn_stage layer=2 stage=gates_recur_gated_norm seq_len=1 start_pos=69 elapsed_ms=0.376
kiln_profile_gdn_stage layer=2 stage=post_transpose seq_len=1 start_pos=69 elapsed_ms=0.001
kiln_profile_gdn_stage layer=2 stage=gated_norm seq_len=1 start_pos=69 elapsed_ms=0.006
kiln_profile_gdn_stage layer=2 stage=out_proj seq_len=1 start_pos=69 elapsed_ms=0.758
kiln_profile_mlp_stage layer=2 stage=gate_up_fused seq_len=1 start_pos=69 elapsed_ms=1.994
kiln_profile_mlp_stage layer=2 stage=down_proj seq_len=1 start_pos=69 elapsed_ms=1.196
kiln_profile_full_attn_stage full_attn_layer=0 stage=qkv_proj seq_len=1 start_pos=69 elapsed_ms=1.544
kiln_profile_full_attn_stage full_attn_layer=0 stage=qkv_split seq_len=1 start_pos=69 elapsed_ms=0.542
kiln_profile_full_attn_stage full_attn_layer=0 stage=qk_norm seq_len=1 start_pos=69 elapsed_ms=0.676
kiln_profile_full_attn_stage full_attn_layer=0 stage=rope seq_len=1 start_pos=69 elapsed_ms=0.286
kiln_profile_full_attn_stage full_attn_layer=0 stage=q_transpose seq_len=1 start_pos=69 elapsed_ms=0.002
kiln_profile_full_attn_stage full_attn_layer=0 stage=kv_write seq_len=1 start_pos=69 elapsed_ms=0.241
kiln_profile_full_attn_stage full_attn_layer=0 stage=decode_attn_contiguous seq_len=1 start_pos=69 elapsed_ms=0.284
kiln_profile_full_attn_stage full_attn_layer=0 stage=attn_gate seq_len=1 start_pos=69 elapsed_ms=0.241
kiln_profile_full_attn_stage full_attn_layer=0 stage=o_proj seq_len=1 start_pos=69 elapsed_ms=0.706
kiln_profile_mlp_stage layer=3 stage=gate_up_fused seq_len=1 start_pos=69 elapsed_ms=1.949
kiln_profile_mlp_stage layer=3 stage=down_proj seq_len=1 start_pos=69 elapsed_ms=1.133
kiln_profile_gdn_stage layer=4 stage=in_proj seq_len=1 start_pos=69 elapsed_ms=1.332
kiln_profile_gdn_stage layer=4 stage=qkv_conv_norm seq_len=1 start_pos=69 elapsed_ms=0.313
kiln_profile_gdn_stage layer=4 stage=gates_recur_gated_norm seq_len=1 start_pos=69 elapsed_ms=0.358
kiln_profile_gdn_stage layer=4 stage=post_transpose seq_len=1 start_pos=69 elapsed_ms=0.001
kiln_profile_gdn_stage layer=4 stage=gated_norm seq_len=1 start_pos=69 elapsed_ms=0.010
kiln_profile_gdn_stage layer=4 stage=out_proj seq_len=1 start_pos=69 elapsed_ms=0.714
kiln_profile_mlp_stage layer=4 stage=gate_up_fused seq_len=1 start_pos=69 elapsed_ms=1.826
kiln_profile_mlp_stage layer=4 stage=down_proj seq_len=1 start_pos=69 elapsed_ms=1.184
kiln_profile_gdn_stage layer=5 stage=in_proj seq_len=1 start_pos=69 elapsed_ms=1.404
kiln_profile_gdn_stage layer=5 stage=qkv_conv_norm seq_len=1 start_pos=69 elapsed_ms=0.353
kiln_profile_gdn_stage layer=5 stage=gates_recur_gated_norm seq_len=1 start_pos=69 elapsed_ms=0.405
kiln_profile_gdn_stage layer=5 stage=post_transpose seq_len=1 start_pos=69 elapsed_ms=0.001
kiln_profile_gdn_stage layer=5 stage=gated_norm seq_len=1 start_pos=69 elapsed_ms=0.017
kiln_profile_gdn_stage layer=5 stage=out_proj seq_len=1 start_pos=69 elapsed_ms=0.767
kiln_profile_mlp_stage layer=5 stage=gate_up_fused seq_len=1 start_pos=69 elapsed_ms=1.848
kiln_profile_mlp_stage layer=5 stage=down_proj seq_len=1 start_pos=69 elapsed_ms=1.172
kiln_profile_gdn_stage layer=6 stage=in_proj seq_len=1 start_pos=69 elapsed_ms=1.382
kiln_profile_gdn_stage layer=6 stage=qkv_conv_norm seq_len=1 start_pos=69 elapsed_ms=0.407
kiln_profile_gdn_stage layer=6 stage=gates_recur_gated_norm seq_len=1 start_pos=69 elapsed_ms=0.419
kiln_profile_gdn_stage layer=6 stage=post_transpose seq_len=1 start_pos=69 elapsed_ms=0.001
kiln_profile_gdn_stage layer=6 stage=gated_norm seq_len=1 start_pos=69 elapsed_ms=0.003
kiln_profile_gdn_stage layer=6 stage=out_proj seq_len=1 start_pos=69 elapsed_ms=0.762
kiln_profile_mlp_stage layer=6 stage=gate_up_fused seq_len=1 start_pos=69 elapsed_ms=1.945
kiln_profile_mlp_stage layer=6 stage=down_proj seq_len=1 start_pos=69 elapsed_ms=1.260
kiln_profile_full_attn_stage full_attn_layer=1 stage=qkv_proj seq_len=1 start_pos=69 elapsed_ms=1.416
kiln_profile_full_attn_stage full_attn_layer=1 stage=qkv_split seq_len=1 start_pos=69 elapsed_ms=0.462
kiln_profile_full_attn_stage full_attn_layer=1 stage=qk_norm seq_len=1 start_pos=69 elapsed_ms=0.650
kiln_profile_full_attn_stage full_attn_layer=1 stage=rope seq_len=1 start_pos=69 elapsed_ms=1.004
kiln_profile_full_attn_stage full_attn_layer=1 stage=q_transpose seq_len=1 start_pos=69 elapsed_ms=0.004
kiln_profile_full_attn_stage full_attn_layer=1 stage=kv_write seq_len=1 start_pos=69 elapsed_ms=0.363
kiln_profile_full_attn_stage full_attn_layer=1 stage=decode_attn_contiguous seq_len=1 start_pos=69 elapsed_ms=0.324
kiln_profile_full_attn_stage full_attn_layer=1 stage=attn_gate seq_len=1 start_pos=69 elapsed_ms=0.277
kiln_profile_full_attn_stage full_attn_layer=1 stage=o_proj seq_len=1 start_pos=69 elapsed_ms=0.740
kiln_profile_mlp_stage layer=7 stage=gate_up_fused seq_len=1 start_pos=69 elapsed_ms=1.943
kiln_profile_mlp_stage layer=7 stage=down_proj seq_len=1 start_pos=69 elapsed_ms=1.326
kiln_profile_gdn_stage layer=8 stage=in_proj seq_len=1 start_pos=69 elapsed_ms=1.406
kiln_profile_gdn_stage layer=8 stage=qkv_conv_norm seq_len=1 start_pos=69 elapsed_ms=0.329
kiln_profile_gdn_stage layer=8 stage=gates_recur_gated_norm seq_len=1 start_pos=69 elapsed_ms=0.339
kiln_profile_gdn_stage layer=8 stage=post_transpose seq_len=1 start_pos=69 elapsed_ms=0.001
kiln_profile_gdn_stage layer=8 stage=gated_norm seq_len=1 start_pos=69 elapsed_ms=0.003
kiln_profile_gdn_stage layer=8 stage=out_proj seq_len=1 start_pos=69 elapsed_ms=0.686
kiln_profile_mlp_stage layer=8 stage=gate_up_fused seq_len=1 start_pos=69 elapsed_ms=1.798
kiln_profile_mlp_stage layer=8 stage=down_proj seq_len=1 start_pos=69 elapsed_ms=1.244
kiln_profile_gdn_stage layer=9 stage=in_proj seq_len=1 start_pos=69 elapsed_ms=1.533
kiln_profile_gdn_stage layer=9 stage=qkv_conv_norm seq_len=1 start_pos=69 elapsed_ms=0.319
kiln_profile_gdn_stage layer=9 stage=gates_recur_gated_norm seq_len=1 start_pos=69 elapsed_ms=0.326
kiln_profile_gdn_stage layer=9 stage=post_transpose seq_len=1 start_pos=69 elapsed_ms=0.001
kiln_profile_gdn_stage layer=9 stage=gated_norm seq_len=1 start_pos=69 elapsed_ms=0.024
kiln_profile_gdn_stage layer=9 stage=out_proj seq_len=1 start_pos=69 elapsed_ms=0.671
kiln_profile_mlp_stage layer=9 stage=gate_up_fused seq_len=1 start_pos=69 elapsed_ms=1.870
kiln_profile_mlp_stage layer=9 stage=down_proj seq_len=1 start_pos=69 elapsed_ms=1.218
kiln_profile_gdn_stage layer=10 stage=in_proj seq_len=1 start_pos=69 elapsed_ms=1.382
kiln_profile_gdn_stage layer=10 stage=qkv_conv_norm seq_len=1 start_pos=69 elapsed_ms=0.357
kiln_profile_gdn_stage layer=10 stage=gates_recur_gated_norm seq_len=1 start_pos=69 elapsed_ms=0.434
kiln_profile_gdn_stage layer=10 stage=post_transpose seq_len=1 start_pos=69 elapsed_ms=0.001
kiln_profile_gdn_stage layer=10 stage=gated_norm seq_len=1 start_pos=69 elapsed_ms=0.009
kiln_profile_gdn_stage layer=10 stage=out_proj seq_len=1 start_pos=69 elapsed_ms=0.760
kiln_profile_mlp_stage layer=10 stage=gate_up_fused seq_len=1 start_pos=69 elapsed_ms=1.866
kiln_profile_mlp_stage layer=10 stage=down_proj seq_len=1 start_pos=69 elapsed_ms=1.163
kiln_profile_full_attn_stage full_attn_layer=2 stage=qkv_proj seq_len=1 start_pos=69 elapsed_ms=1.499
kiln_profile_full_attn_stage full_attn_layer=2 stage=qkv_split seq_len=1 start_pos=69 elapsed_ms=0.956
kiln_profile_full_attn_stage full_attn_layer=2 stage=qk_norm seq_len=1 start_pos=69 elapsed_ms=0.343
kiln_profile_full_attn_stage full_attn_layer=2 stage=rope seq_len=1 start_pos=69 elapsed_ms=0.509
kiln_profile_full_attn_stage full_attn_layer=2 stage=q_transpose seq_len=1 start_pos=69 elapsed_ms=0.003
kiln_profile_full_attn_stage full_attn_layer=2 stage=kv_write seq_len=1 start_pos=69 elapsed_ms=0.306
kiln_profile_full_attn_stage full_attn_layer=2 stage=decode_attn_contiguous seq_len=1 start_pos=69 elapsed_ms=0.326
kiln_profile_full_attn_stage full_attn_layer=2 stage=attn_gate seq_len=1 start_pos=69 elapsed_ms=0.274
kiln_profile_full_attn_stage full_attn_layer=2 stage=o_proj seq_len=1 start_pos=69 elapsed_ms=0.763
kiln_profile_mlp_stage layer=11 stage=gate_up_fused seq_len=1 start_pos=69 elapsed_ms=1.893
kiln_profile_mlp_stage layer=11 stage=down_proj seq_len=1 start_pos=69 elapsed_ms=1.220
kiln_profile_gdn_stage layer=12 stage=in_proj seq_len=1 start_pos=69 elapsed_ms=1.410
kiln_profile_gdn_stage layer=12 stage=qkv_conv_norm seq_len=1 start_pos=69 elapsed_ms=0.296
kiln_profile_gdn_stage layer=12 stage=gates_recur_gated_norm seq_len=1 start_pos=69 elapsed_ms=0.345
kiln_profile_gdn_stage layer=12 stage=post_transpose seq_len=1 start_pos=69 elapsed_ms=0.001
kiln_profile_gdn_stage layer=12 stage=gated_norm seq_len=1 start_pos=69 elapsed_ms=0.003
kiln_profile_gdn_stage layer=12 stage=out_proj seq_len=1 start_pos=69 elapsed_ms=0.708
kiln_profile_mlp_stage layer=12 stage=gate_up_fused seq_len=1 start_pos=69 elapsed_ms=2.055
kiln_profile_mlp_stage layer=12 stage=down_proj seq_len=1 start_pos=69 elapsed_ms=1.371
kiln_profile_gdn_stage layer=13 stage=in_proj seq_len=1 start_pos=69 elapsed_ms=1.361
kiln_profile_gdn_stage layer=13 stage=qkv_conv_norm seq_len=1 start_pos=69 elapsed_ms=0.277
kiln_profile_gdn_stage layer=13 stage=gates_recur_gated_norm seq_len=1 start_pos=69 elapsed_ms=0.334
kiln_profile_gdn_stage layer=13 stage=post_transpose seq_len=1 start_pos=69 elapsed_ms=0.000
kiln_profile_gdn_stage layer=13 stage=gated_norm seq_len=1 start_pos=69 elapsed_ms=0.004
kiln_profile_gdn_stage layer=13 stage=out_proj seq_len=1 start_pos=69 elapsed_ms=0.701
kiln_profile_mlp_stage layer=13 stage=gate_up_fused seq_len=1 start_pos=69 elapsed_ms=1.780
kiln_profile_mlp_stage layer=13 stage=down_proj seq_len=1 start_pos=69 elapsed_ms=1.190
kiln_profile_gdn_stage layer=14 stage=in_proj seq_len=1 start_pos=69 elapsed_ms=1.343
kiln_profile_gdn_stage layer=14 stage=qkv_conv_norm seq_len=1 start_pos=69 elapsed_ms=0.298
kiln_profile_gdn_stage layer=14 stage=gates_recur_gated_norm seq_len=1 start_pos=69 elapsed_ms=0.356
kiln_profile_gdn_stage layer=14 stage=post_transpose seq_len=1 start_pos=69 elapsed_ms=0.000
kiln_profile_gdn_stage layer=14 stage=gated_norm seq_len=1 start_pos=69 elapsed_ms=0.002
kiln_profile_gdn_stage layer=14 stage=out_proj seq_len=1 start_pos=69 elapsed_ms=0.742
kiln_profile_mlp_stage layer=14 stage=gate_up_fused seq_len=1 start_pos=69 elapsed_ms=1.848
kiln_profile_mlp_stage layer=14 stage=down_proj seq_len=1 start_pos=69 elapsed_ms=1.186
kiln_profile_full_attn_stage full_attn_layer=3 stage=qkv_proj seq_len=1 start_pos=69 elapsed_ms=1.366
kiln_profile_full_attn_stage full_attn_layer=3 stage=qkv_split seq_len=1 start_pos=69 elapsed_ms=0.388
kiln_profile_full_attn_stage full_attn_layer=3 stage=qk_norm seq_len=1 start_pos=69 elapsed_ms=0.342
kiln_profile_full_attn_stage full_attn_layer=3 stage=rope seq_len=1 start_pos=69 elapsed_ms=0.333
kiln_profile_full_attn_stage full_attn_layer=3 stage=q_transpose seq_len=1 start_pos=69 elapsed_ms=0.003
kiln_profile_full_attn_stage full_attn_layer=3 stage=kv_write seq_len=1 start_pos=69 elapsed_ms=0.608
kiln_profile_full_attn_stage full_attn_layer=3 stage=decode_attn_contiguous seq_len=1 start_pos=69 elapsed_ms=0.361
kiln_profile_full_attn_stage full_attn_layer=3 stage=attn_gate seq_len=1 start_pos=69 elapsed_ms=0.534
kiln_profile_full_attn_stage full_attn_layer=3 stage=o_proj seq_len=1 start_pos=69 elapsed_ms=0.764
kiln_profile_mlp_stage layer=15 stage=gate_up_fused seq_len=1 start_pos=69 elapsed_ms=1.941
kiln_profile_mlp_stage layer=15 stage=down_proj seq_len=1 start_pos=69 elapsed_ms=1.214
kiln_profile_gdn_stage layer=16 stage=in_proj seq_len=1 start_pos=69 elapsed_ms=1.398
kiln_profile_gdn_stage layer=16 stage=qkv_conv_norm seq_len=1 start_pos=69 elapsed_ms=0.355
kiln_profile_gdn_stage layer=16 stage=gates_recur_gated_norm seq_len=1 start_pos=69 elapsed_ms=0.432
kiln_profile_gdn_stage layer=16 stage=post_transpose seq_len=1 start_pos=69 elapsed_ms=0.001
kiln_profile_gdn_stage layer=16 stage=gated_norm seq_len=1 start_pos=69 elapsed_ms=0.023
kiln_profile_gdn_stage layer=16 stage=out_proj seq_len=1 start_pos=69 elapsed_ms=0.753
kiln_profile_mlp_stage layer=16 stage=gate_up_fused seq_len=1 start_pos=69 elapsed_ms=1.850
kiln_profile_mlp_stage layer=16 stage=down_proj seq_len=1 start_pos=69 elapsed_ms=1.225
kiln_profile_gdn_stage layer=17 stage=in_proj seq_len=1 start_pos=69 elapsed_ms=1.448
kiln_profile_gdn_stage layer=17 stage=qkv_conv_norm seq_len=1 start_pos=69 elapsed_ms=0.381
kiln_profile_gdn_stage layer=17 stage=gates_recur_gated_norm seq_len=1 start_pos=69 elapsed_ms=0.426
kiln_profile_gdn_stage layer=17 stage=post_transpose seq_len=1 start_pos=69 elapsed_ms=0.001
kiln_profile_gdn_stage layer=17 stage=gated_norm seq_len=1 start_pos=69 elapsed_ms=0.014
kiln_profile_gdn_stage layer=17 stage=out_proj seq_len=1 start_pos=69 elapsed_ms=0.857
kiln_profile_mlp_stage layer=17 stage=gate_up_fused seq_len=1 start_pos=69 elapsed_ms=1.895
kiln_profile_mlp_stage layer=17 stage=down_proj seq_len=1 start_pos=69 elapsed_ms=1.245
kiln_profile_gdn_stage layer=18 stage=in_proj seq_len=1 start_pos=69 elapsed_ms=1.454
kiln_profile_gdn_stage layer=18 stage=qkv_conv_norm seq_len=1 start_pos=69 elapsed_ms=0.318
kiln_profile_gdn_stage layer=18 stage=gates_recur_gated_norm seq_len=1 start_pos=69 elapsed_ms=0.401
kiln_profile_gdn_stage layer=18 stage=post_transpose seq_len=1 start_pos=69 elapsed_ms=0.001
kiln_profile_gdn_stage layer=18 stage=gated_norm seq_len=1 start_pos=69 elapsed_ms=0.003
kiln_profile_gdn_stage layer=18 stage=out_proj seq_len=1 start_pos=69 elapsed_ms=0.732
kiln_profile_mlp_stage layer=18 stage=gate_up_fused seq_len=1 start_pos=69 elapsed_ms=1.926
kiln_profile_mlp_stage layer=18 stage=down_proj seq_len=1 start_pos=69 elapsed_ms=1.214
kiln_profile_full_attn_stage full_attn_layer=4 stage=qkv_proj seq_len=1 start_pos=69 elapsed_ms=1.389
kiln_profile_full_attn_stage full_attn_layer=4 stage=qkv_split seq_len=1 start_pos=69 elapsed_ms=0.380
kiln_profile_full_attn_stage full_attn_layer=4 stage=qk_norm seq_len=1 start_pos=69 elapsed_ms=0.370
kiln_profile_full_attn_stage full_attn_layer=4 stage=rope seq_len=1 start_pos=69 elapsed_ms=0.477
kiln_profile_full_attn_stage full_attn_layer=4 stage=q_transpose seq_len=1 start_pos=69 elapsed_ms=0.002
kiln_profile_full_attn_stage full_attn_layer=4 stage=kv_write seq_len=1 start_pos=69 elapsed_ms=0.347
kiln_profile_full_attn_stage full_attn_layer=4 stage=decode_attn_contiguous seq_len=1 start_pos=69 elapsed_ms=0.579
kiln_profile_full_attn_stage full_attn_layer=4 stage=attn_gate seq_len=1 start_pos=69 elapsed_ms=0.289
kiln_profile_full_attn_stage full_attn_layer=4 stage=o_proj seq_len=1 start_pos=69 elapsed_ms=0.729
kiln_profile_mlp_stage layer=19 stage=gate_up_fused seq_len=1 start_pos=69 elapsed_ms=1.970
kiln_profile_mlp_stage layer=19 stage=down_proj seq_len=1 start_pos=69 elapsed_ms=1.352
kiln_profile_gdn_stage layer=20 stage=in_proj seq_len=1 start_pos=69 elapsed_ms=1.436
kiln_profile_gdn_stage layer=20 stage=qkv_conv_norm seq_len=1 start_pos=69 elapsed_ms=0.390
kiln_profile_gdn_stage layer=20 stage=gates_recur_gated_norm seq_len=1 start_pos=69 elapsed_ms=0.422
kiln_profile_gdn_stage layer=20 stage=post_transpose seq_len=1 start_pos=69 elapsed_ms=0.001
kiln_profile_gdn_stage layer=20 stage=gated_norm seq_len=1 start_pos=69 elapsed_ms=0.025
kiln_profile_gdn_stage layer=20 stage=out_proj seq_len=1 start_pos=69 elapsed_ms=0.907
kiln_profile_mlp_stage layer=20 stage=gate_up_fused seq_len=1 start_pos=69 elapsed_ms=1.881
kiln_profile_mlp_stage layer=20 stage=down_proj seq_len=1 start_pos=69 elapsed_ms=1.222
kiln_profile_gdn_stage layer=21 stage=in_proj seq_len=1 start_pos=69 elapsed_ms=1.500
kiln_profile_gdn_stage layer=21 stage=qkv_conv_norm seq_len=1 start_pos=69 elapsed_ms=0.434
kiln_profile_gdn_stage layer=21 stage=gates_recur_gated_norm seq_len=1 start_pos=69 elapsed_ms=0.407
kiln_profile_gdn_stage layer=21 stage=post_transpose seq_len=1 start_pos=69 elapsed_ms=0.001
kiln_profile_gdn_stage layer=21 stage=gated_norm seq_len=1 start_pos=69 elapsed_ms=0.008
kiln_profile_gdn_stage layer=21 stage=out_proj seq_len=1 start_pos=69 elapsed_ms=0.876
kiln_profile_mlp_stage layer=21 stage=gate_up_fused seq_len=1 start_pos=69 elapsed_ms=1.901
kiln_profile_mlp_stage layer=21 stage=down_proj seq_len=1 start_pos=69 elapsed_ms=1.347
kiln_profile_gdn_stage layer=22 stage=in_proj seq_len=1 start_pos=69 elapsed_ms=1.462
kiln_profile_gdn_stage layer=22 stage=qkv_conv_norm seq_len=1 start_pos=69 elapsed_ms=0.310
kiln_profile_gdn_stage layer=22 stage=gates_recur_gated_norm seq_len=1 start_pos=69 elapsed_ms=0.350
kiln_profile_gdn_stage layer=22 stage=post_transpose seq_len=1 start_pos=69 elapsed_ms=0.001
kiln_profile_gdn_stage layer=22 stage=gated_norm seq_len=1 start_pos=69 elapsed_ms=0.004
kiln_profile_gdn_stage layer=22 stage=out_proj seq_len=1 start_pos=69 elapsed_ms=0.723
kiln_profile_mlp_stage layer=22 stage=gate_up_fused seq_len=1 start_pos=69 elapsed_ms=1.798
kiln_profile_mlp_stage layer=22 stage=down_proj seq_len=1 start_pos=69 elapsed_ms=1.149
kiln_profile_full_attn_stage full_attn_layer=5 stage=qkv_proj seq_len=1 start_pos=69 elapsed_ms=1.294
kiln_profile_full_attn_stage full_attn_layer=5 stage=qkv_split seq_len=1 start_pos=69 elapsed_ms=0.290
kiln_profile_full_attn_stage full_attn_layer=5 stage=qk_norm seq_len=1 start_pos=69 elapsed_ms=0.287
kiln_profile_full_attn_stage full_attn_layer=5 stage=rope seq_len=1 start_pos=69 elapsed_ms=0.681
kiln_profile_full_attn_stage full_attn_layer=5 stage=q_transpose seq_len=1 start_pos=69 elapsed_ms=0.002
kiln_profile_full_attn_stage full_attn_layer=5 stage=kv_write seq_len=1 start_pos=69 elapsed_ms=0.573
kiln_profile_full_attn_stage full_attn_layer=5 stage=decode_attn_contiguous seq_len=1 start_pos=69 elapsed_ms=0.795
kiln_profile_full_attn_stage full_attn_layer=5 stage=attn_gate seq_len=1 start_pos=69 elapsed_ms=0.305
kiln_profile_full_attn_stage full_attn_layer=5 stage=o_proj seq_len=1 start_pos=69 elapsed_ms=0.803
kiln_profile_mlp_stage layer=23 stage=gate_up_fused seq_len=1 start_pos=69 elapsed_ms=2.544
kiln_profile_mlp_stage layer=23 stage=down_proj seq_len=1 start_pos=69 elapsed_ms=1.399
kiln_profile_gdn_stage layer=24 stage=in_proj seq_len=1 start_pos=69 elapsed_ms=1.963
kiln_profile_gdn_stage layer=24 stage=qkv_conv_norm seq_len=1 start_pos=69 elapsed_ms=0.431
kiln_profile_gdn_stage layer=24 stage=gates_recur_gated_norm seq_len=1 start_pos=69 elapsed_ms=0.541
kiln_profile_gdn_stage layer=24 stage=post_transpose seq_len=1 start_pos=69 elapsed_ms=0.001
kiln_profile_gdn_stage layer=24 stage=gated_norm seq_len=1 start_pos=69 elapsed_ms=0.004
kiln_profile_gdn_stage layer=24 stage=out_proj seq_len=1 start_pos=69 elapsed_ms=0.932
kiln_profile_mlp_stage layer=24 stage=gate_up_fused seq_len=1 start_pos=69 elapsed_ms=2.156
kiln_profile_mlp_stage layer=24 stage=down_proj seq_len=1 start_pos=69 elapsed_ms=1.330
kiln_profile_gdn_stage layer=25 stage=in_proj seq_len=1 start_pos=69 elapsed_ms=1.541
kiln_profile_gdn_stage layer=25 stage=qkv_conv_norm seq_len=1 start_pos=69 elapsed_ms=0.363
kiln_profile_gdn_stage layer=25 stage=gates_recur_gated_norm seq_len=1 start_pos=69 elapsed_ms=0.480
kiln_profile_gdn_stage layer=25 stage=post_transpose seq_len=1 start_pos=69 elapsed_ms=0.001
kiln_profile_gdn_stage layer=25 stage=gated_norm seq_len=1 start_pos=69 elapsed_ms=0.008
kiln_profile_gdn_stage layer=25 stage=out_proj seq_len=1 start_pos=69 elapsed_ms=0.901
kiln_profile_mlp_stage layer=25 stage=gate_up_fused seq_len=1 start_pos=69 elapsed_ms=1.875
kiln_profile_mlp_stage layer=25 stage=down_proj seq_len=1 start_pos=69 elapsed_ms=1.222
kiln_profile_gdn_stage layer=26 stage=in_proj seq_len=1 start_pos=69 elapsed_ms=1.538
kiln_profile_gdn_stage layer=26 stage=qkv_conv_norm seq_len=1 start_pos=69 elapsed_ms=0.334
kiln_profile_gdn_stage layer=26 stage=gates_recur_gated_norm seq_len=1 start_pos=69 elapsed_ms=0.417
kiln_profile_gdn_stage layer=26 stage=post_transpose seq_len=1 start_pos=69 elapsed_ms=0.001
kiln_profile_gdn_stage layer=26 stage=gated_norm seq_len=1 start_pos=69 elapsed_ms=0.003
kiln_profile_gdn_stage layer=26 stage=out_proj seq_len=1 start_pos=69 elapsed_ms=0.774
kiln_profile_mlp_stage layer=26 stage=gate_up_fused seq_len=1 start_pos=69 elapsed_ms=1.967
kiln_profile_mlp_stage layer=26 stage=down_proj seq_len=1 start_pos=69 elapsed_ms=1.340
kiln_profile_full_attn_stage full_attn_layer=6 stage=qkv_proj seq_len=1 start_pos=69 elapsed_ms=2.329
kiln_profile_full_attn_stage full_attn_layer=6 stage=qkv_split seq_len=1 start_pos=69 elapsed_ms=0.402
kiln_profile_full_attn_stage full_attn_layer=6 stage=qk_norm seq_len=1 start_pos=69 elapsed_ms=0.305
kiln_profile_full_attn_stage full_attn_layer=6 stage=rope seq_len=1 start_pos=69 elapsed_ms=0.271
kiln_profile_full_attn_stage full_attn_layer=6 stage=q_transpose seq_len=1 start_pos=69 elapsed_ms=0.003
kiln_profile_full_attn_stage full_attn_layer=6 stage=kv_write seq_len=1 start_pos=69 elapsed_ms=0.359
kiln_profile_full_attn_stage full_attn_layer=6 stage=decode_attn_contiguous seq_len=1 start_pos=69 elapsed_ms=0.303
kiln_profile_full_attn_stage full_attn_layer=6 stage=attn_gate seq_len=1 start_pos=69 elapsed_ms=0.212
kiln_profile_full_attn_stage full_attn_layer=6 stage=o_proj seq_len=1 start_pos=69 elapsed_ms=0.780
kiln_profile_mlp_stage layer=27 stage=gate_up_fused seq_len=1 start_pos=69 elapsed_ms=1.976
kiln_profile_mlp_stage layer=27 stage=down_proj seq_len=1 start_pos=69 elapsed_ms=1.249
kiln_profile_gdn_stage layer=28 stage=in_proj seq_len=1 start_pos=69 elapsed_ms=1.530
kiln_profile_gdn_stage layer=28 stage=qkv_conv_norm seq_len=1 start_pos=69 elapsed_ms=0.349
kiln_profile_gdn_stage layer=28 stage=gates_recur_gated_norm seq_len=1 start_pos=69 elapsed_ms=0.410
kiln_profile_gdn_stage layer=28 stage=post_transpose seq_len=1 start_pos=69 elapsed_ms=0.001
kiln_profile_gdn_stage layer=28 stage=gated_norm seq_len=1 start_pos=69 elapsed_ms=0.003
kiln_profile_gdn_stage layer=28 stage=out_proj seq_len=1 start_pos=69 elapsed_ms=0.735
kiln_profile_mlp_stage layer=28 stage=gate_up_fused seq_len=1 start_pos=69 elapsed_ms=1.873
kiln_profile_mlp_stage layer=28 stage=down_proj seq_len=1 start_pos=69 elapsed_ms=1.205
kiln_profile_gdn_stage layer=29 stage=in_proj seq_len=1 start_pos=69 elapsed_ms=1.510
kiln_profile_gdn_stage layer=29 stage=qkv_conv_norm seq_len=1 start_pos=69 elapsed_ms=0.335
kiln_profile_gdn_stage layer=29 stage=gates_recur_gated_norm seq_len=1 start_pos=69 elapsed_ms=0.391
kiln_profile_gdn_stage layer=29 stage=post_transpose seq_len=1 start_pos=69 elapsed_ms=0.000
kiln_profile_gdn_stage layer=29 stage=gated_norm seq_len=1 start_pos=69 elapsed_ms=0.006
kiln_profile_gdn_stage layer=29 stage=out_proj seq_len=1 start_pos=69 elapsed_ms=0.707
kiln_profile_mlp_stage layer=29 stage=gate_up_fused seq_len=1 start_pos=69 elapsed_ms=1.930
kiln_profile_mlp_stage layer=29 stage=down_proj seq_len=1 start_pos=69 elapsed_ms=1.284
kiln_profile_gdn_stage layer=30 stage=in_proj seq_len=1 start_pos=69 elapsed_ms=1.535
kiln_profile_gdn_stage layer=30 stage=qkv_conv_norm seq_len=1 start_pos=69 elapsed_ms=0.297
kiln_profile_gdn_stage layer=30 stage=gates_recur_gated_norm seq_len=1 start_pos=69 elapsed_ms=0.378
kiln_profile_gdn_stage layer=30 stage=post_transpose seq_len=1 start_pos=69 elapsed_ms=0.007
kiln_profile_gdn_stage layer=30 stage=gated_norm seq_len=1 start_pos=69 elapsed_ms=0.004
kiln_profile_gdn_stage layer=30 stage=out_proj seq_len=1 start_pos=69 elapsed_ms=0.760
kiln_profile_mlp_stage layer=30 stage=gate_up_fused seq_len=1 start_pos=69 elapsed_ms=1.910
kiln_profile_mlp_stage layer=30 stage=down_proj seq_len=1 start_pos=69 elapsed_ms=1.339
kiln_profile_full_attn_stage full_attn_layer=7 stage=qkv_proj seq_len=1 start_pos=69 elapsed_ms=3.056
kiln_profile_full_attn_stage full_attn_layer=7 stage=qkv_split seq_len=1 start_pos=69 elapsed_ms=0.438
kiln_profile_full_attn_stage full_attn_layer=7 stage=qk_norm seq_len=1 start_pos=69 elapsed_ms=0.401
kiln_profile_full_attn_stage full_attn_layer=7 stage=rope seq_len=1 start_pos=69 elapsed_ms=0.346
kiln_profile_full_attn_stage full_attn_layer=7 stage=q_transpose seq_len=1 start_pos=69 elapsed_ms=0.004
kiln_profile_full_attn_stage full_attn_layer=7 stage=kv_write seq_len=1 start_pos=69 elapsed_ms=0.347
kiln_profile_full_attn_stage full_attn_layer=7 stage=decode_attn_contiguous seq_len=1 start_pos=69 elapsed_ms=0.415
kiln_profile_full_attn_stage full_attn_layer=7 stage=attn_gate seq_len=1 start_pos=69 elapsed_ms=0.352
kiln_profile_full_attn_stage full_attn_layer=7 stage=o_proj seq_len=1 start_pos=69 elapsed_ms=1.180
kiln_profile_mlp_stage layer=31 stage=gate_up_fused seq_len=1 start_pos=69 elapsed_ms=2.499
kiln_profile_mlp_stage layer=31 stage=down_proj seq_len=1 start_pos=69 elapsed_ms=1.475
kiln_profile_gdn_stage layer=0 stage=in_proj seq_len=1 start_pos=70 elapsed_ms=1.417
kiln_profile_gdn_stage layer=0 stage=qkv_conv_norm seq_len=1 start_pos=70 elapsed_ms=0.345
kiln_profile_gdn_stage layer=0 stage=gates_recur_gated_norm seq_len=1 start_pos=70 elapsed_ms=0.429
kiln_profile_gdn_stage layer=0 stage=post_transpose seq_len=1 start_pos=70 elapsed_ms=0.001
kiln_profile_gdn_stage layer=0 stage=gated_norm seq_len=1 start_pos=70 elapsed_ms=0.023
kiln_profile_gdn_stage layer=0 stage=out_proj seq_len=1 start_pos=70 elapsed_ms=0.737
kiln_profile_mlp_stage layer=0 stage=gate_up_fused seq_len=1 start_pos=70 elapsed_ms=1.972
kiln_profile_mlp_stage layer=0 stage=down_proj seq_len=1 start_pos=70 elapsed_ms=1.209
kiln_profile_gdn_stage layer=1 stage=in_proj seq_len=1 start_pos=70 elapsed_ms=1.411
kiln_profile_gdn_stage layer=1 stage=qkv_conv_norm seq_len=1 start_pos=70 elapsed_ms=0.335
kiln_profile_gdn_stage layer=1 stage=gates_recur_gated_norm seq_len=1 start_pos=70 elapsed_ms=0.411
kiln_profile_gdn_stage layer=1 stage=post_transpose seq_len=1 start_pos=70 elapsed_ms=0.001
kiln_profile_gdn_stage layer=1 stage=gated_norm seq_len=1 start_pos=70 elapsed_ms=0.003
kiln_profile_gdn_stage layer=1 stage=out_proj seq_len=1 start_pos=70 elapsed_ms=0.731
kiln_profile_mlp_stage layer=1 stage=gate_up_fused seq_len=1 start_pos=70 elapsed_ms=1.845
kiln_profile_mlp_stage layer=1 stage=down_proj seq_len=1 start_pos=70 elapsed_ms=1.182
kiln_profile_gdn_stage layer=2 stage=in_proj seq_len=1 start_pos=70 elapsed_ms=1.719
kiln_profile_gdn_stage layer=2 stage=qkv_conv_norm seq_len=1 start_pos=70 elapsed_ms=1.010
kiln_profile_gdn_stage layer=2 stage=gates_recur_gated_norm seq_len=1 start_pos=70 elapsed_ms=0.484
kiln_profile_gdn_stage layer=2 stage=post_transpose seq_len=1 start_pos=70 elapsed_ms=0.001
kiln_profile_gdn_stage layer=2 stage=gated_norm seq_len=1 start_pos=70 elapsed_ms=0.005
kiln_profile_gdn_stage layer=2 stage=out_proj seq_len=1 start_pos=70 elapsed_ms=0.798
kiln_profile_mlp_stage layer=2 stage=gate_up_fused seq_len=1 start_pos=70 elapsed_ms=1.837
kiln_profile_mlp_stage layer=2 stage=down_proj seq_len=1 start_pos=70 elapsed_ms=1.182
kiln_profile_full_attn_stage full_attn_layer=0 stage=qkv_proj seq_len=1 start_pos=70 elapsed_ms=1.354
kiln_profile_full_attn_stage full_attn_layer=0 stage=qkv_split seq_len=1 start_pos=70 elapsed_ms=0.355
kiln_profile_full_attn_stage full_attn_layer=0 stage=qk_norm seq_len=1 start_pos=70 elapsed_ms=0.305
kiln_profile_full_attn_stage full_attn_layer=0 stage=rope seq_len=1 start_pos=70 elapsed_ms=0.279
kiln_profile_full_attn_stage full_attn_layer=0 stage=q_transpose seq_len=1 start_pos=70 elapsed_ms=0.003
kiln_profile_full_attn_stage full_attn_layer=0 stage=kv_write seq_len=1 start_pos=70 elapsed_ms=0.317
kiln_profile_full_attn_stage full_attn_layer=0 stage=decode_attn_contiguous seq_len=1 start_pos=70 elapsed_ms=0.344
kiln_profile_full_attn_stage full_attn_layer=0 stage=attn_gate seq_len=1 start_pos=70 elapsed_ms=0.248
kiln_profile_full_attn_stage full_attn_layer=0 stage=o_proj seq_len=1 start_pos=70 elapsed_ms=0.665
kiln_profile_mlp_stage layer=3 stage=gate_up_fused seq_len=1 start_pos=70 elapsed_ms=2.133
kiln_profile_mlp_stage layer=3 stage=down_proj seq_len=1 start_pos=70 elapsed_ms=1.247
kiln_profile_gdn_stage layer=4 stage=in_proj seq_len=1 start_pos=70 elapsed_ms=1.366
kiln_profile_gdn_stage layer=4 stage=qkv_conv_norm seq_len=1 start_pos=70 elapsed_ms=0.293
kiln_profile_gdn_stage layer=4 stage=gates_recur_gated_norm seq_len=1 start_pos=70 elapsed_ms=0.344
kiln_profile_gdn_stage layer=4 stage=post_transpose seq_len=1 start_pos=70 elapsed_ms=0.001
kiln_profile_gdn_stage layer=4 stage=gated_norm seq_len=1 start_pos=70 elapsed_ms=0.004
kiln_profile_gdn_stage layer=4 stage=out_proj seq_len=1 start_pos=70 elapsed_ms=0.675
kiln_profile_mlp_stage layer=4 stage=gate_up_fused seq_len=1 start_pos=70 elapsed_ms=1.873
kiln_profile_mlp_stage layer=4 stage=down_proj seq_len=1 start_pos=70 elapsed_ms=1.289
kiln_profile_gdn_stage layer=5 stage=in_proj seq_len=1 start_pos=70 elapsed_ms=1.483
kiln_profile_gdn_stage layer=5 stage=qkv_conv_norm seq_len=1 start_pos=70 elapsed_ms=0.395
kiln_profile_gdn_stage layer=5 stage=gates_recur_gated_norm seq_len=1 start_pos=70 elapsed_ms=0.410
kiln_profile_gdn_stage layer=5 stage=post_transpose seq_len=1 start_pos=70 elapsed_ms=0.001
kiln_profile_gdn_stage layer=5 stage=gated_norm seq_len=1 start_pos=70 elapsed_ms=0.004
kiln_profile_gdn_stage layer=5 stage=out_proj seq_len=1 start_pos=70 elapsed_ms=0.758
kiln_profile_mlp_stage layer=5 stage=gate_up_fused seq_len=1 start_pos=70 elapsed_ms=1.970
kiln_profile_mlp_stage layer=5 stage=down_proj seq_len=1 start_pos=70 elapsed_ms=1.588
kiln_profile_gdn_stage layer=6 stage=in_proj seq_len=1 start_pos=70 elapsed_ms=1.983
kiln_profile_gdn_stage layer=6 stage=qkv_conv_norm seq_len=1 start_pos=70 elapsed_ms=0.263
kiln_profile_gdn_stage layer=6 stage=gates_recur_gated_norm seq_len=1 start_pos=70 elapsed_ms=0.319
kiln_profile_gdn_stage layer=6 stage=post_transpose seq_len=1 start_pos=70 elapsed_ms=0.000
kiln_profile_gdn_stage layer=6 stage=gated_norm seq_len=1 start_pos=70 elapsed_ms=0.005
kiln_profile_gdn_stage layer=6 stage=out_proj seq_len=1 start_pos=70 elapsed_ms=0.670
kiln_profile_mlp_stage layer=6 stage=gate_up_fused seq_len=1 start_pos=70 elapsed_ms=1.889
kiln_profile_mlp_stage layer=6 stage=down_proj seq_len=1 start_pos=70 elapsed_ms=1.247
kiln_profile_full_attn_stage full_attn_layer=1 stage=qkv_proj seq_len=1 start_pos=70 elapsed_ms=1.405
kiln_profile_full_attn_stage full_attn_layer=1 stage=qkv_split seq_len=1 start_pos=70 elapsed_ms=0.384
kiln_profile_full_attn_stage full_attn_layer=1 stage=qk_norm seq_len=1 start_pos=70 elapsed_ms=0.321
kiln_profile_full_attn_stage full_attn_layer=1 stage=rope seq_len=1 start_pos=70 elapsed_ms=0.302
kiln_profile_full_attn_stage full_attn_layer=1 stage=q_transpose seq_len=1 start_pos=70 elapsed_ms=0.003
kiln_profile_full_attn_stage full_attn_layer=1 stage=kv_write seq_len=1 start_pos=70 elapsed_ms=0.292
kiln_profile_full_attn_stage full_attn_layer=1 stage=decode_attn_contiguous seq_len=1 start_pos=70 elapsed_ms=0.342
kiln_profile_full_attn_stage full_attn_layer=1 stage=attn_gate seq_len=1 start_pos=70 elapsed_ms=0.276
kiln_profile_full_attn_stage full_attn_layer=1 stage=o_proj seq_len=1 start_pos=70 elapsed_ms=0.683
kiln_profile_mlp_stage layer=7 stage=gate_up_fused seq_len=1 start_pos=70 elapsed_ms=1.840
kiln_profile_mlp_stage layer=7 stage=down_proj seq_len=1 start_pos=70 elapsed_ms=1.170
kiln_profile_gdn_stage layer=8 stage=in_proj seq_len=1 start_pos=70 elapsed_ms=1.341
kiln_profile_gdn_stage layer=8 stage=qkv_conv_norm seq_len=1 start_pos=70 elapsed_ms=0.292
kiln_profile_gdn_stage layer=8 stage=gates_recur_gated_norm seq_len=1 start_pos=70 elapsed_ms=0.359
kiln_profile_gdn_stage layer=8 stage=post_transpose seq_len=1 start_pos=70 elapsed_ms=0.006
kiln_profile_gdn_stage layer=8 stage=gated_norm seq_len=1 start_pos=70 elapsed_ms=0.004
kiln_profile_gdn_stage layer=8 stage=out_proj seq_len=1 start_pos=70 elapsed_ms=0.690
kiln_profile_mlp_stage layer=8 stage=gate_up_fused seq_len=1 start_pos=70 elapsed_ms=1.830
kiln_profile_mlp_stage layer=8 stage=down_proj seq_len=1 start_pos=70 elapsed_ms=1.203
kiln_profile_gdn_stage layer=9 stage=in_proj seq_len=1 start_pos=70 elapsed_ms=1.669
kiln_profile_gdn_stage layer=9 stage=qkv_conv_norm seq_len=1 start_pos=70 elapsed_ms=0.394
kiln_profile_gdn_stage layer=9 stage=gates_recur_gated_norm seq_len=1 start_pos=70 elapsed_ms=0.409
kiln_profile_gdn_stage layer=9 stage=post_transpose seq_len=1 start_pos=70 elapsed_ms=0.011
kiln_profile_gdn_stage layer=9 stage=gated_norm seq_len=1 start_pos=70 elapsed_ms=0.032
kiln_profile_gdn_stage layer=9 stage=out_proj seq_len=1 start_pos=70 elapsed_ms=0.778
kiln_profile_mlp_stage layer=9 stage=gate_up_fused seq_len=1 start_pos=70 elapsed_ms=1.847
kiln_profile_mlp_stage layer=9 stage=down_proj seq_len=1 start_pos=70 elapsed_ms=1.220
kiln_profile_gdn_stage layer=10 stage=in_proj seq_len=1 start_pos=70 elapsed_ms=1.462
kiln_profile_gdn_stage layer=10 stage=qkv_conv_norm seq_len=1 start_pos=70 elapsed_ms=0.647
kiln_profile_gdn_stage layer=10 stage=gates_recur_gated_norm seq_len=1 start_pos=70 elapsed_ms=0.519
kiln_profile_gdn_stage layer=10 stage=post_transpose seq_len=1 start_pos=70 elapsed_ms=0.001
kiln_profile_gdn_stage layer=10 stage=gated_norm seq_len=1 start_pos=70 elapsed_ms=0.007
kiln_profile_gdn_stage layer=10 stage=out_proj seq_len=1 start_pos=70 elapsed_ms=0.817
kiln_profile_mlp_stage layer=10 stage=gate_up_fused seq_len=1 start_pos=70 elapsed_ms=1.846
kiln_profile_mlp_stage layer=10 stage=down_proj seq_len=1 start_pos=70 elapsed_ms=1.198
kiln_profile_full_attn_stage full_attn_layer=2 stage=qkv_proj seq_len=1 start_pos=70 elapsed_ms=1.393
kiln_profile_full_attn_stage full_attn_layer=2 stage=qkv_split seq_len=1 start_pos=70 elapsed_ms=0.371
kiln_profile_full_attn_stage full_attn_layer=2 stage=qk_norm seq_len=1 start_pos=70 elapsed_ms=0.329
kiln_profile_full_attn_stage full_attn_layer=2 stage=rope seq_len=1 start_pos=70 elapsed_ms=0.335
kiln_profile_full_attn_stage full_attn_layer=2 stage=q_transpose seq_len=1 start_pos=70 elapsed_ms=0.021
kiln_profile_full_attn_stage full_attn_layer=2 stage=kv_write seq_len=1 start_pos=70 elapsed_ms=0.336
kiln_profile_full_attn_stage full_attn_layer=2 stage=decode_attn_contiguous seq_len=1 start_pos=70 elapsed_ms=0.386
kiln_profile_full_attn_stage full_attn_layer=2 stage=attn_gate seq_len=1 start_pos=70 elapsed_ms=0.383
kiln_profile_full_attn_stage full_attn_layer=2 stage=o_proj seq_len=1 start_pos=70 elapsed_ms=0.801
kiln_profile_mlp_stage layer=11 stage=gate_up_fused seq_len=1 start_pos=70 elapsed_ms=1.922
kiln_profile_mlp_stage layer=11 stage=down_proj seq_len=1 start_pos=70 elapsed_ms=1.283
kiln_profile_gdn_stage layer=12 stage=in_proj seq_len=1 start_pos=70 elapsed_ms=1.389
kiln_profile_gdn_stage layer=12 stage=qkv_conv_norm seq_len=1 start_pos=70 elapsed_ms=0.425
kiln_profile_gdn_stage layer=12 stage=gates_recur_gated_norm seq_len=1 start_pos=70 elapsed_ms=0.474
kiln_profile_gdn_stage layer=12 stage=post_transpose seq_len=1 start_pos=70 elapsed_ms=0.001
kiln_profile_gdn_stage layer=12 stage=gated_norm seq_len=1 start_pos=70 elapsed_ms=0.030
kiln_profile_gdn_stage layer=12 stage=out_proj seq_len=1 start_pos=70 elapsed_ms=0.819
kiln_profile_mlp_stage layer=12 stage=gate_up_fused seq_len=1 start_pos=70 elapsed_ms=1.922
kiln_profile_mlp_stage layer=12 stage=down_proj seq_len=1 start_pos=70 elapsed_ms=1.242
kiln_profile_gdn_stage layer=13 stage=in_proj seq_len=1 start_pos=70 elapsed_ms=1.421
kiln_profile_gdn_stage layer=13 stage=qkv_conv_norm seq_len=1 start_pos=70 elapsed_ms=0.390
kiln_profile_gdn_stage layer=13 stage=gates_recur_gated_norm seq_len=1 start_pos=70 elapsed_ms=0.447
kiln_profile_gdn_stage layer=13 stage=post_transpose seq_len=1 start_pos=70 elapsed_ms=0.001
kiln_profile_gdn_stage layer=13 stage=gated_norm seq_len=1 start_pos=70 elapsed_ms=0.004
kiln_profile_gdn_stage layer=13 stage=out_proj seq_len=1 start_pos=70 elapsed_ms=0.916
kiln_profile_mlp_stage layer=13 stage=gate_up_fused seq_len=1 start_pos=70 elapsed_ms=2.429
kiln_profile_mlp_stage layer=13 stage=down_proj seq_len=1 start_pos=70 elapsed_ms=1.455
kiln_profile_gdn_stage layer=14 stage=in_proj seq_len=1 start_pos=70 elapsed_ms=1.827
kiln_profile_gdn_stage layer=14 stage=qkv_conv_norm seq_len=1 start_pos=70 elapsed_ms=0.302
kiln_profile_gdn_stage layer=14 stage=gates_recur_gated_norm seq_len=1 start_pos=70 elapsed_ms=0.407
kiln_profile_gdn_stage layer=14 stage=post_transpose seq_len=1 start_pos=70 elapsed_ms=0.001
kiln_profile_gdn_stage layer=14 stage=gated_norm seq_len=1 start_pos=70 elapsed_ms=0.004
kiln_profile_gdn_stage layer=14 stage=out_proj seq_len=1 start_pos=70 elapsed_ms=0.733
kiln_profile_mlp_stage layer=14 stage=gate_up_fused seq_len=1 start_pos=70 elapsed_ms=1.915
kiln_profile_mlp_stage layer=14 stage=down_proj seq_len=1 start_pos=70 elapsed_ms=1.203
kiln_profile_full_attn_stage full_attn_layer=3 stage=qkv_proj seq_len=1 start_pos=70 elapsed_ms=1.337
kiln_profile_full_attn_stage full_attn_layer=3 stage=qkv_split seq_len=1 start_pos=70 elapsed_ms=0.254
kiln_profile_full_attn_stage full_attn_layer=3 stage=qk_norm seq_len=1 start_pos=70 elapsed_ms=0.224
kiln_profile_full_attn_stage full_attn_layer=3 stage=rope seq_len=1 start_pos=70 elapsed_ms=0.202
kiln_profile_full_attn_stage full_attn_layer=3 stage=q_transpose seq_len=1 start_pos=70 elapsed_ms=0.002
kiln_profile_full_attn_stage full_attn_layer=3 stage=kv_write seq_len=1 start_pos=70 elapsed_ms=0.195
kiln_profile_full_attn_stage full_attn_layer=3 stage=decode_attn_contiguous seq_len=1 start_pos=70 elapsed_ms=0.234
kiln_profile_full_attn_stage full_attn_layer=3 stage=attn_gate seq_len=1 start_pos=70 elapsed_ms=0.194
kiln_profile_full_attn_stage full_attn_layer=3 stage=o_proj seq_len=1 start_pos=70 elapsed_ms=0.766
kiln_profile_mlp_stage layer=15 stage=gate_up_fused seq_len=1 start_pos=70 elapsed_ms=1.942
kiln_profile_mlp_stage layer=15 stage=down_proj seq_len=1 start_pos=70 elapsed_ms=1.306
kiln_profile_gdn_stage layer=16 stage=in_proj seq_len=1 start_pos=70 elapsed_ms=1.440
kiln_profile_gdn_stage layer=16 stage=qkv_conv_norm seq_len=1 start_pos=70 elapsed_ms=0.271
kiln_profile_gdn_stage layer=16 stage=gates_recur_gated_norm seq_len=1 start_pos=70 elapsed_ms=0.304
kiln_profile_gdn_stage layer=16 stage=post_transpose seq_len=1 start_pos=70 elapsed_ms=0.001
kiln_profile_gdn_stage layer=16 stage=gated_norm seq_len=1 start_pos=70 elapsed_ms=0.002
kiln_profile_gdn_stage layer=16 stage=out_proj seq_len=1 start_pos=70 elapsed_ms=0.659
kiln_profile_mlp_stage layer=16 stage=gate_up_fused seq_len=1 start_pos=70 elapsed_ms=1.850
kiln_profile_mlp_stage layer=16 stage=down_proj seq_len=1 start_pos=70 elapsed_ms=1.166
kiln_profile_gdn_stage layer=17 stage=in_proj seq_len=1 start_pos=70 elapsed_ms=1.389
kiln_profile_gdn_stage layer=17 stage=qkv_conv_norm seq_len=1 start_pos=70 elapsed_ms=0.327
kiln_profile_gdn_stage layer=17 stage=gates_recur_gated_norm seq_len=1 start_pos=70 elapsed_ms=0.427
kiln_profile_gdn_stage layer=17 stage=post_transpose seq_len=1 start_pos=70 elapsed_ms=0.001
kiln_profile_gdn_stage layer=17 stage=gated_norm seq_len=1 start_pos=70 elapsed_ms=0.004
kiln_profile_gdn_stage layer=17 stage=out_proj seq_len=1 start_pos=70 elapsed_ms=0.759
kiln_profile_mlp_stage layer=17 stage=gate_up_fused seq_len=1 start_pos=70 elapsed_ms=1.911
kiln_profile_mlp_stage layer=17 stage=down_proj seq_len=1 start_pos=70 elapsed_ms=1.188
kiln_profile_gdn_stage layer=18 stage=in_proj seq_len=1 start_pos=70 elapsed_ms=1.659
kiln_profile_gdn_stage layer=18 stage=qkv_conv_norm seq_len=1 start_pos=70 elapsed_ms=0.619
kiln_profile_gdn_stage layer=18 stage=gates_recur_gated_norm seq_len=1 start_pos=70 elapsed_ms=1.077
kiln_profile_gdn_stage layer=18 stage=post_transpose seq_len=1 start_pos=70 elapsed_ms=0.001
kiln_profile_gdn_stage layer=18 stage=gated_norm seq_len=1 start_pos=70 elapsed_ms=0.005
kiln_profile_gdn_stage layer=18 stage=out_proj seq_len=1 start_pos=70 elapsed_ms=0.800
kiln_profile_mlp_stage layer=18 stage=gate_up_fused seq_len=1 start_pos=70 elapsed_ms=1.965
kiln_profile_mlp_stage layer=18 stage=down_proj seq_len=1 start_pos=70 elapsed_ms=1.299
kiln_profile_full_attn_stage full_attn_layer=4 stage=qkv_proj seq_len=1 start_pos=70 elapsed_ms=1.327
kiln_profile_full_attn_stage full_attn_layer=4 stage=qkv_split seq_len=1 start_pos=70 elapsed_ms=0.291
kiln_profile_full_attn_stage full_attn_layer=4 stage=qk_norm seq_len=1 start_pos=70 elapsed_ms=0.254
kiln_profile_full_attn_stage full_attn_layer=4 stage=rope seq_len=1 start_pos=70 elapsed_ms=0.240
kiln_profile_full_attn_stage full_attn_layer=4 stage=q_transpose seq_len=1 start_pos=70 elapsed_ms=0.002
kiln_profile_full_attn_stage full_attn_layer=4 stage=kv_write seq_len=1 start_pos=70 elapsed_ms=0.230
kiln_profile_full_attn_stage full_attn_layer=4 stage=decode_attn_contiguous seq_len=1 start_pos=70 elapsed_ms=0.283
kiln_profile_full_attn_stage full_attn_layer=4 stage=attn_gate seq_len=1 start_pos=70 elapsed_ms=0.226
kiln_profile_full_attn_stage full_attn_layer=4 stage=o_proj seq_len=1 start_pos=70 elapsed_ms=0.753
kiln_profile_mlp_stage layer=19 stage=gate_up_fused seq_len=1 start_pos=70 elapsed_ms=1.800
kiln_profile_mlp_stage layer=19 stage=down_proj seq_len=1 start_pos=70 elapsed_ms=1.180
kiln_profile_gdn_stage layer=20 stage=in_proj seq_len=1 start_pos=70 elapsed_ms=1.471
kiln_profile_gdn_stage layer=20 stage=qkv_conv_norm seq_len=1 start_pos=70 elapsed_ms=0.329
kiln_profile_gdn_stage layer=20 stage=gates_recur_gated_norm seq_len=1 start_pos=70 elapsed_ms=0.319
kiln_profile_gdn_stage layer=20 stage=post_transpose seq_len=1 start_pos=70 elapsed_ms=0.001
kiln_profile_gdn_stage layer=20 stage=gated_norm seq_len=1 start_pos=70 elapsed_ms=0.004
kiln_profile_gdn_stage layer=20 stage=out_proj seq_len=1 start_pos=70 elapsed_ms=0.750
kiln_profile_mlp_stage layer=20 stage=gate_up_fused seq_len=1 start_pos=70 elapsed_ms=1.980
kiln_profile_mlp_stage layer=20 stage=down_proj seq_len=1 start_pos=70 elapsed_ms=1.298
kiln_profile_gdn_stage layer=21 stage=in_proj seq_len=1 start_pos=70 elapsed_ms=1.556
kiln_profile_gdn_stage layer=21 stage=qkv_conv_norm seq_len=1 start_pos=70 elapsed_ms=0.348
kiln_profile_gdn_stage layer=21 stage=gates_recur_gated_norm seq_len=1 start_pos=70 elapsed_ms=0.375
kiln_profile_gdn_stage layer=21 stage=post_transpose seq_len=1 start_pos=70 elapsed_ms=0.000
kiln_profile_gdn_stage layer=21 stage=gated_norm seq_len=1 start_pos=70 elapsed_ms=0.008
kiln_profile_gdn_stage layer=21 stage=out_proj seq_len=1 start_pos=70 elapsed_ms=0.814
kiln_profile_mlp_stage layer=21 stage=gate_up_fused seq_len=1 start_pos=70 elapsed_ms=1.900
kiln_profile_mlp_stage layer=21 stage=down_proj seq_len=1 start_pos=70 elapsed_ms=1.147
kiln_profile_gdn_stage layer=22 stage=in_proj seq_len=1 start_pos=70 elapsed_ms=1.578
kiln_profile_gdn_stage layer=22 stage=qkv_conv_norm seq_len=1 start_pos=70 elapsed_ms=0.872
kiln_profile_gdn_stage layer=22 stage=gates_recur_gated_norm seq_len=1 start_pos=70 elapsed_ms=0.502
kiln_profile_gdn_stage layer=22 stage=post_transpose seq_len=1 start_pos=70 elapsed_ms=0.001
kiln_profile_gdn_stage layer=22 stage=gated_norm seq_len=1 start_pos=70 elapsed_ms=0.007
kiln_profile_gdn_stage layer=22 stage=out_proj seq_len=1 start_pos=70 elapsed_ms=0.788
kiln_profile_mlp_stage layer=22 stage=gate_up_fused seq_len=1 start_pos=70 elapsed_ms=1.867
kiln_profile_mlp_stage layer=22 stage=down_proj seq_len=1 start_pos=70 elapsed_ms=1.189
kiln_profile_full_attn_stage full_attn_layer=5 stage=qkv_proj seq_len=1 start_pos=70 elapsed_ms=1.450
kiln_profile_full_attn_stage full_attn_layer=5 stage=qkv_split seq_len=1 start_pos=70 elapsed_ms=0.368
kiln_profile_full_attn_stage full_attn_layer=5 stage=qk_norm seq_len=1 start_pos=70 elapsed_ms=0.323
kiln_profile_full_attn_stage full_attn_layer=5 stage=rope seq_len=1 start_pos=70 elapsed_ms=0.323
kiln_profile_full_attn_stage full_attn_layer=5 stage=q_transpose seq_len=1 start_pos=70 elapsed_ms=0.004
kiln_profile_full_attn_stage full_attn_layer=5 stage=kv_write seq_len=1 start_pos=70 elapsed_ms=0.304
kiln_profile_full_attn_stage full_attn_layer=5 stage=decode_attn_contiguous seq_len=1 start_pos=70 elapsed_ms=0.384
kiln_profile_full_attn_stage full_attn_layer=5 stage=attn_gate seq_len=1 start_pos=70 elapsed_ms=0.314
kiln_profile_full_attn_stage full_attn_layer=5 stage=o_proj seq_len=1 start_pos=70 elapsed_ms=0.849
kiln_profile_mlp_stage layer=23 stage=gate_up_fused seq_len=1 start_pos=70 elapsed_ms=2.468
kiln_profile_mlp_stage layer=23 stage=down_proj seq_len=1 start_pos=70 elapsed_ms=1.402
kiln_profile_gdn_stage layer=24 stage=in_proj seq_len=1 start_pos=70 elapsed_ms=1.831
kiln_profile_gdn_stage layer=24 stage=qkv_conv_norm seq_len=1 start_pos=70 elapsed_ms=0.359
kiln_profile_gdn_stage layer=24 stage=gates_recur_gated_norm seq_len=1 start_pos=70 elapsed_ms=0.469
kiln_profile_gdn_stage layer=24 stage=post_transpose seq_len=1 start_pos=70 elapsed_ms=0.001
kiln_profile_gdn_stage layer=24 stage=gated_norm seq_len=1 start_pos=70 elapsed_ms=0.006
kiln_profile_gdn_stage layer=24 stage=out_proj seq_len=1 start_pos=70 elapsed_ms=0.947
kiln_profile_mlp_stage layer=24 stage=gate_up_fused seq_len=1 start_pos=70 elapsed_ms=2.482
kiln_profile_mlp_stage layer=24 stage=down_proj seq_len=1 start_pos=70 elapsed_ms=1.339
kiln_profile_gdn_stage layer=25 stage=in_proj seq_len=1 start_pos=70 elapsed_ms=1.784
kiln_profile_gdn_stage layer=25 stage=qkv_conv_norm seq_len=1 start_pos=70 elapsed_ms=0.375
kiln_profile_gdn_stage layer=25 stage=gates_recur_gated_norm seq_len=1 start_pos=70 elapsed_ms=0.440
kiln_profile_gdn_stage layer=25 stage=post_transpose seq_len=1 start_pos=70 elapsed_ms=0.001
kiln_profile_gdn_stage layer=25 stage=gated_norm seq_len=1 start_pos=70 elapsed_ms=0.003
kiln_profile_gdn_stage layer=25 stage=out_proj seq_len=1 start_pos=70 elapsed_ms=0.787
kiln_profile_mlp_stage layer=25 stage=gate_up_fused seq_len=1 start_pos=70 elapsed_ms=2.561
kiln_profile_mlp_stage layer=25 stage=down_proj seq_len=1 start_pos=70 elapsed_ms=2.389
kiln_profile_gdn_stage layer=26 stage=in_proj seq_len=1 start_pos=70 elapsed_ms=1.506
kiln_profile_gdn_stage layer=26 stage=qkv_conv_norm seq_len=1 start_pos=70 elapsed_ms=0.284
kiln_profile_gdn_stage layer=26 stage=gates_recur_gated_norm seq_len=1 start_pos=70 elapsed_ms=0.388
kiln_profile_gdn_stage layer=26 stage=post_transpose seq_len=1 start_pos=70 elapsed_ms=0.001
kiln_profile_gdn_stage layer=26 stage=gated_norm seq_len=1 start_pos=70 elapsed_ms=0.033
kiln_profile_gdn_stage layer=26 stage=out_proj seq_len=1 start_pos=70 elapsed_ms=0.835
kiln_profile_mlp_stage layer=26 stage=gate_up_fused seq_len=1 start_pos=70 elapsed_ms=2.197
kiln_profile_mlp_stage layer=26 stage=down_proj seq_len=1 start_pos=70 elapsed_ms=1.224
kiln_profile_full_attn_stage full_attn_layer=6 stage=qkv_proj seq_len=1 start_pos=70 elapsed_ms=1.407
kiln_profile_full_attn_stage full_attn_layer=6 stage=qkv_split seq_len=1 start_pos=70 elapsed_ms=0.406
kiln_profile_full_attn_stage full_attn_layer=6 stage=qk_norm seq_len=1 start_pos=70 elapsed_ms=0.352
kiln_profile_full_attn_stage full_attn_layer=6 stage=rope seq_len=1 start_pos=70 elapsed_ms=0.307
kiln_profile_full_attn_stage full_attn_layer=6 stage=q_transpose seq_len=1 start_pos=70 elapsed_ms=0.003
kiln_profile_full_attn_stage full_attn_layer=6 stage=kv_write seq_len=1 start_pos=70 elapsed_ms=0.316
kiln_profile_full_attn_stage full_attn_layer=6 stage=decode_attn_contiguous seq_len=1 start_pos=70 elapsed_ms=0.384
kiln_profile_full_attn_stage full_attn_layer=6 stage=attn_gate seq_len=1 start_pos=70 elapsed_ms=0.305
kiln_profile_full_attn_stage full_attn_layer=6 stage=o_proj seq_len=1 start_pos=70 elapsed_ms=0.925
kiln_profile_mlp_stage layer=27 stage=gate_up_fused seq_len=1 start_pos=70 elapsed_ms=2.559
kiln_profile_mlp_stage layer=27 stage=down_proj seq_len=1 start_pos=70 elapsed_ms=1.456
kiln_profile_gdn_stage layer=28 stage=in_proj seq_len=1 start_pos=70 elapsed_ms=2.350
kiln_profile_gdn_stage layer=28 stage=qkv_conv_norm seq_len=1 start_pos=70 elapsed_ms=0.460
kiln_profile_gdn_stage layer=28 stage=gates_recur_gated_norm seq_len=1 start_pos=70 elapsed_ms=0.514
kiln_profile_gdn_stage layer=28 stage=post_transpose seq_len=1 start_pos=70 elapsed_ms=0.001
kiln_profile_gdn_stage layer=28 stage=gated_norm seq_len=1 start_pos=70 elapsed_ms=0.005
kiln_profile_gdn_stage layer=28 stage=out_proj seq_len=1 start_pos=70 elapsed_ms=0.921
kiln_profile_mlp_stage layer=28 stage=gate_up_fused seq_len=1 start_pos=70 elapsed_ms=2.345
kiln_profile_mlp_stage layer=28 stage=down_proj seq_len=1 start_pos=70 elapsed_ms=1.326
kiln_profile_gdn_stage layer=29 stage=in_proj seq_len=1 start_pos=70 elapsed_ms=4.424
kiln_profile_gdn_stage layer=29 stage=qkv_conv_norm seq_len=1 start_pos=70 elapsed_ms=1.013
kiln_profile_gdn_stage layer=29 stage=gates_recur_gated_norm seq_len=1 start_pos=70 elapsed_ms=0.468
kiln_profile_gdn_stage layer=29 stage=post_transpose seq_len=1 start_pos=70 elapsed_ms=0.001
kiln_profile_gdn_stage layer=29 stage=gated_norm seq_len=1 start_pos=70 elapsed_ms=0.004
kiln_profile_gdn_stage layer=29 stage=out_proj seq_len=1 start_pos=70 elapsed_ms=0.787
kiln_profile_mlp_stage layer=29 stage=gate_up_fused seq_len=1 start_pos=70 elapsed_ms=2.219
kiln_profile_mlp_stage layer=29 stage=down_proj seq_len=1 start_pos=70 elapsed_ms=1.282
kiln_profile_gdn_stage layer=30 stage=in_proj seq_len=1 start_pos=70 elapsed_ms=2.070
kiln_profile_gdn_stage layer=30 stage=qkv_conv_norm seq_len=1 start_pos=70 elapsed_ms=0.382
kiln_profile_gdn_stage layer=30 stage=gates_recur_gated_norm seq_len=1 start_pos=70 elapsed_ms=0.483
kiln_profile_gdn_stage layer=30 stage=post_transpose seq_len=1 start_pos=70 elapsed_ms=0.001
kiln_profile_gdn_stage layer=30 stage=gated_norm seq_len=1 start_pos=70 elapsed_ms=0.005
kiln_profile_gdn_stage layer=30 stage=out_proj seq_len=1 start_pos=70 elapsed_ms=0.922
kiln_profile_mlp_stage layer=30 stage=gate_up_fused seq_len=1 start_pos=70 elapsed_ms=2.216
kiln_profile_mlp_stage layer=30 stage=down_proj seq_len=1 start_pos=70 elapsed_ms=1.234
kiln_profile_full_attn_stage full_attn_layer=7 stage=qkv_proj seq_len=1 start_pos=70 elapsed_ms=1.400
kiln_profile_full_attn_stage full_attn_layer=7 stage=qkv_split seq_len=1 start_pos=70 elapsed_ms=0.358
kiln_profile_full_attn_stage full_attn_layer=7 stage=qk_norm seq_len=1 start_pos=70 elapsed_ms=0.298
kiln_profile_full_attn_stage full_attn_layer=7 stage=rope seq_len=1 start_pos=70 elapsed_ms=0.314
kiln_profile_full_attn_stage full_attn_layer=7 stage=q_transpose seq_len=1 start_pos=70 elapsed_ms=0.029
kiln_profile_full_attn_stage full_attn_layer=7 stage=kv_write seq_len=1 start_pos=70 elapsed_ms=0.293
kiln_profile_full_attn_stage full_attn_layer=7 stage=decode_attn_contiguous seq_len=1 start_pos=70 elapsed_ms=0.360
kiln_profile_full_attn_stage full_attn_layer=7 stage=attn_gate seq_len=1 start_pos=70 elapsed_ms=0.344
kiln_profile_full_attn_stage full_attn_layer=7 stage=o_proj seq_len=1 start_pos=70 elapsed_ms=0.893
kiln_profile_mlp_stage layer=31 stage=gate_up_fused seq_len=1 start_pos=70 elapsed_ms=2.518
kiln_profile_mlp_stage layer=31 stage=down_proj seq_len=1 start_pos=70 elapsed_ms=1.405
kiln_profile_gdn_stage layer=0 stage=in_proj seq_len=1 start_pos=71 elapsed_ms=1.509
kiln_profile_gdn_stage layer=0 stage=qkv_conv_norm seq_len=1 start_pos=71 elapsed_ms=0.334
kiln_profile_gdn_stage layer=0 stage=gates_recur_gated_norm seq_len=1 start_pos=71 elapsed_ms=0.349
kiln_profile_gdn_stage layer=0 stage=post_transpose seq_len=1 start_pos=71 elapsed_ms=0.001
kiln_profile_gdn_stage layer=0 stage=gated_norm seq_len=1 start_pos=71 elapsed_ms=0.003
kiln_profile_gdn_stage layer=0 stage=out_proj seq_len=1 start_pos=71 elapsed_ms=0.685
kiln_profile_mlp_stage layer=0 stage=gate_up_fused seq_len=1 start_pos=71 elapsed_ms=1.867
kiln_profile_mlp_stage layer=0 stage=down_proj seq_len=1 start_pos=71 elapsed_ms=1.181
kiln_profile_gdn_stage layer=1 stage=in_proj seq_len=1 start_pos=71 elapsed_ms=1.478
kiln_profile_gdn_stage layer=1 stage=qkv_conv_norm seq_len=1 start_pos=71 elapsed_ms=0.280
kiln_profile_gdn_stage layer=1 stage=gates_recur_gated_norm seq_len=1 start_pos=71 elapsed_ms=0.360
kiln_profile_gdn_stage layer=1 stage=post_transpose seq_len=1 start_pos=71 elapsed_ms=0.001
kiln_profile_gdn_stage layer=1 stage=gated_norm seq_len=1 start_pos=71 elapsed_ms=0.003
kiln_profile_gdn_stage layer=1 stage=out_proj seq_len=1 start_pos=71 elapsed_ms=0.783
kiln_profile_mlp_stage layer=1 stage=gate_up_fused seq_len=1 start_pos=71 elapsed_ms=1.883
kiln_profile_mlp_stage layer=1 stage=down_proj seq_len=1 start_pos=71 elapsed_ms=1.248
kiln_profile_gdn_stage layer=2 stage=in_proj seq_len=1 start_pos=71 elapsed_ms=1.411
kiln_profile_gdn_stage layer=2 stage=qkv_conv_norm seq_len=1 start_pos=71 elapsed_ms=0.351
kiln_profile_gdn_stage layer=2 stage=gates_recur_gated_norm seq_len=1 start_pos=71 elapsed_ms=0.416
kiln_profile_gdn_stage layer=2 stage=post_transpose seq_len=1 start_pos=71 elapsed_ms=0.001
kiln_profile_gdn_stage layer=2 stage=gated_norm seq_len=1 start_pos=71 elapsed_ms=0.004
kiln_profile_gdn_stage layer=2 stage=out_proj seq_len=1 start_pos=71 elapsed_ms=0.815
kiln_profile_mlp_stage layer=2 stage=gate_up_fused seq_len=1 start_pos=71 elapsed_ms=1.901
kiln_profile_mlp_stage layer=2 stage=down_proj seq_len=1 start_pos=71 elapsed_ms=1.236
kiln_profile_full_attn_stage full_attn_layer=0 stage=qkv_proj seq_len=1 start_pos=71 elapsed_ms=1.382
kiln_profile_full_attn_stage full_attn_layer=0 stage=qkv_split seq_len=1 start_pos=71 elapsed_ms=0.375
kiln_profile_full_attn_stage full_attn_layer=0 stage=qk_norm seq_len=1 start_pos=71 elapsed_ms=0.319
kiln_profile_full_attn_stage full_attn_layer=0 stage=rope seq_len=1 start_pos=71 elapsed_ms=0.281
kiln_profile_full_attn_stage full_attn_layer=0 stage=q_transpose seq_len=1 start_pos=71 elapsed_ms=0.003
kiln_profile_full_attn_stage full_attn_layer=0 stage=kv_write seq_len=1 start_pos=71 elapsed_ms=0.272
kiln_profile_full_attn_stage full_attn_layer=0 stage=decode_attn_contiguous seq_len=1 start_pos=71 elapsed_ms=0.327
kiln_profile_full_attn_stage full_attn_layer=0 stage=attn_gate seq_len=1 start_pos=71 elapsed_ms=0.270
kiln_profile_full_attn_stage full_attn_layer=0 stage=o_proj seq_len=1 start_pos=71 elapsed_ms=0.702
kiln_profile_mlp_stage layer=3 stage=gate_up_fused seq_len=1 start_pos=71 elapsed_ms=1.941
kiln_profile_mlp_stage layer=3 stage=down_proj seq_len=1 start_pos=71 elapsed_ms=1.415
kiln_profile_gdn_stage layer=4 stage=in_proj seq_len=1 start_pos=71 elapsed_ms=1.694
kiln_profile_gdn_stage layer=4 stage=qkv_conv_norm seq_len=1 start_pos=71 elapsed_ms=0.294
kiln_profile_gdn_stage layer=4 stage=gates_recur_gated_norm seq_len=1 start_pos=71 elapsed_ms=0.332
kiln_profile_gdn_stage layer=4 stage=post_transpose seq_len=1 start_pos=71 elapsed_ms=0.000
kiln_profile_gdn_stage layer=4 stage=gated_norm seq_len=1 start_pos=71 elapsed_ms=0.003
kiln_profile_gdn_stage layer=4 stage=out_proj seq_len=1 start_pos=71 elapsed_ms=0.703
kiln_profile_mlp_stage layer=4 stage=gate_up_fused seq_len=1 start_pos=71 elapsed_ms=1.828
kiln_profile_mlp_stage layer=4 stage=down_proj seq_len=1 start_pos=71 elapsed_ms=1.171
kiln_profile_gdn_stage layer=5 stage=in_proj seq_len=1 start_pos=71 elapsed_ms=1.339
kiln_profile_gdn_stage layer=5 stage=qkv_conv_norm seq_len=1 start_pos=71 elapsed_ms=0.276
kiln_profile_gdn_stage layer=5 stage=gates_recur_gated_norm seq_len=1 start_pos=71 elapsed_ms=0.334
kiln_profile_gdn_stage layer=5 stage=post_transpose seq_len=1 start_pos=71 elapsed_ms=0.001
kiln_profile_gdn_stage layer=5 stage=gated_norm seq_len=1 start_pos=71 elapsed_ms=0.010
kiln_profile_gdn_stage layer=5 stage=out_proj seq_len=1 start_pos=71 elapsed_ms=0.673
kiln_profile_mlp_stage layer=5 stage=gate_up_fused seq_len=1 start_pos=71 elapsed_ms=1.783
kiln_profile_mlp_stage layer=5 stage=down_proj seq_len=1 start_pos=71 elapsed_ms=1.104
kiln_profile_gdn_stage layer=6 stage=in_proj seq_len=1 start_pos=71 elapsed_ms=1.449
kiln_profile_gdn_stage layer=6 stage=qkv_conv_norm seq_len=1 start_pos=71 elapsed_ms=0.358
kiln_profile_gdn_stage layer=6 stage=gates_recur_gated_norm seq_len=1 start_pos=71 elapsed_ms=0.408
kiln_profile_gdn_stage layer=6 stage=post_transpose seq_len=1 start_pos=71 elapsed_ms=0.001
kiln_profile_gdn_stage layer=6 stage=gated_norm seq_len=1 start_pos=71 elapsed_ms=0.004
kiln_profile_gdn_stage layer=6 stage=out_proj seq_len=1 start_pos=71 elapsed_ms=0.752
kiln_profile_mlp_stage layer=6 stage=gate_up_fused seq_len=1 start_pos=71 elapsed_ms=2.005
kiln_profile_mlp_stage layer=6 stage=down_proj seq_len=1 start_pos=71 elapsed_ms=1.172
kiln_profile_full_attn_stage full_attn_layer=1 stage=qkv_proj seq_len=1 start_pos=71 elapsed_ms=1.380
kiln_profile_full_attn_stage full_attn_layer=1 stage=qkv_split seq_len=1 start_pos=71 elapsed_ms=0.344
kiln_profile_full_attn_stage full_attn_layer=1 stage=qk_norm seq_len=1 start_pos=71 elapsed_ms=0.360
kiln_profile_full_attn_stage full_attn_layer=1 stage=rope seq_len=1 start_pos=71 elapsed_ms=0.266
kiln_profile_full_attn_stage full_attn_layer=1 stage=q_transpose seq_len=1 start_pos=71 elapsed_ms=0.003
kiln_profile_full_attn_stage full_attn_layer=1 stage=kv_write seq_len=1 start_pos=71 elapsed_ms=0.253
kiln_profile_full_attn_stage full_attn_layer=1 stage=decode_attn_contiguous seq_len=1 start_pos=71 elapsed_ms=0.288
kiln_profile_full_attn_stage full_attn_layer=1 stage=attn_gate seq_len=1 start_pos=71 elapsed_ms=0.234
kiln_profile_full_attn_stage full_attn_layer=1 stage=o_proj seq_len=1 start_pos=71 elapsed_ms=0.688
kiln_profile_mlp_stage layer=7 stage=gate_up_fused seq_len=1 start_pos=71 elapsed_ms=1.979
kiln_profile_mlp_stage layer=7 stage=down_proj seq_len=1 start_pos=71 elapsed_ms=1.361
kiln_profile_gdn_stage layer=8 stage=in_proj seq_len=1 start_pos=71 elapsed_ms=2.504
kiln_profile_gdn_stage layer=8 stage=qkv_conv_norm seq_len=1 start_pos=71 elapsed_ms=0.342
kiln_profile_gdn_stage layer=8 stage=gates_recur_gated_norm seq_len=1 start_pos=71 elapsed_ms=0.341
kiln_profile_gdn_stage layer=8 stage=post_transpose seq_len=1 start_pos=71 elapsed_ms=0.000
kiln_profile_gdn_stage layer=8 stage=gated_norm seq_len=1 start_pos=71 elapsed_ms=0.023
kiln_profile_gdn_stage layer=8 stage=out_proj seq_len=1 start_pos=71 elapsed_ms=0.682
kiln_profile_mlp_stage layer=8 stage=gate_up_fused seq_len=1 start_pos=71 elapsed_ms=1.774
kiln_profile_mlp_stage layer=8 stage=down_proj seq_len=1 start_pos=71 elapsed_ms=1.121
kiln_profile_gdn_stage layer=9 stage=in_proj seq_len=1 start_pos=71 elapsed_ms=1.373
kiln_profile_gdn_stage layer=9 stage=qkv_conv_norm seq_len=1 start_pos=71 elapsed_ms=0.345
kiln_profile_gdn_stage layer=9 stage=gates_recur_gated_norm seq_len=1 start_pos=71 elapsed_ms=0.429
kiln_profile_gdn_stage layer=9 stage=post_transpose seq_len=1 start_pos=71 elapsed_ms=0.001
kiln_profile_gdn_stage layer=9 stage=gated_norm seq_len=1 start_pos=71 elapsed_ms=0.003
kiln_profile_gdn_stage layer=9 stage=out_proj seq_len=1 start_pos=71 elapsed_ms=0.760
kiln_profile_mlp_stage layer=9 stage=gate_up_fused seq_len=1 start_pos=71 elapsed_ms=1.864
kiln_profile_mlp_stage layer=9 stage=down_proj seq_len=1 start_pos=71 elapsed_ms=1.209
kiln_profile_gdn_stage layer=10 stage=in_proj seq_len=1 start_pos=71 elapsed_ms=1.401
kiln_profile_gdn_stage layer=10 stage=qkv_conv_norm seq_len=1 start_pos=71 elapsed_ms=0.339
kiln_profile_gdn_stage layer=10 stage=gates_recur_gated_norm seq_len=1 start_pos=71 elapsed_ms=0.395
kiln_profile_gdn_stage layer=10 stage=post_transpose seq_len=1 start_pos=71 elapsed_ms=0.001
kiln_profile_gdn_stage layer=10 stage=gated_norm seq_len=1 start_pos=71 elapsed_ms=0.016
kiln_profile_gdn_stage layer=10 stage=out_proj seq_len=1 start_pos=71 elapsed_ms=0.738
kiln_profile_mlp_stage layer=10 stage=gate_up_fused seq_len=1 start_pos=71 elapsed_ms=1.868
kiln_profile_mlp_stage layer=10 stage=down_proj seq_len=1 start_pos=71 elapsed_ms=1.190
kiln_profile_full_attn_stage full_attn_layer=2 stage=qkv_proj seq_len=1 start_pos=71 elapsed_ms=1.405
kiln_profile_full_attn_stage full_attn_layer=2 stage=qkv_split seq_len=1 start_pos=71 elapsed_ms=0.428
kiln_profile_full_attn_stage full_attn_layer=2 stage=qk_norm seq_len=1 start_pos=71 elapsed_ms=0.339
kiln_profile_full_attn_stage full_attn_layer=2 stage=rope seq_len=1 start_pos=71 elapsed_ms=0.304
kiln_profile_full_attn_stage full_attn_layer=2 stage=q_transpose seq_len=1 start_pos=71 elapsed_ms=0.015
kiln_profile_full_attn_stage full_attn_layer=2 stage=kv_write seq_len=1 start_pos=71 elapsed_ms=0.319
kiln_profile_full_attn_stage full_attn_layer=2 stage=decode_attn_contiguous seq_len=1 start_pos=71 elapsed_ms=0.347
kiln_profile_full_attn_stage full_attn_layer=2 stage=attn_gate seq_len=1 start_pos=71 elapsed_ms=0.292
kiln_profile_full_attn_stage full_attn_layer=2 stage=o_proj seq_len=1 start_pos=71 elapsed_ms=0.684
kiln_profile_mlp_stage layer=11 stage=gate_up_fused seq_len=1 start_pos=71 elapsed_ms=1.794
kiln_profile_mlp_stage layer=11 stage=down_proj seq_len=1 start_pos=71 elapsed_ms=1.125
kiln_profile_gdn_stage layer=12 stage=in_proj seq_len=1 start_pos=71 elapsed_ms=1.815
kiln_profile_gdn_stage layer=12 stage=qkv_conv_norm seq_len=1 start_pos=71 elapsed_ms=0.483
kiln_profile_gdn_stage layer=12 stage=gates_recur_gated_norm seq_len=1 start_pos=71 elapsed_ms=0.431
kiln_profile_gdn_stage layer=12 stage=post_transpose seq_len=1 start_pos=71 elapsed_ms=0.001
kiln_profile_gdn_stage layer=12 stage=gated_norm seq_len=1 start_pos=71 elapsed_ms=0.007
kiln_profile_gdn_stage layer=12 stage=out_proj seq_len=1 start_pos=71 elapsed_ms=0.784
kiln_profile_mlp_stage layer=12 stage=gate_up_fused seq_len=1 start_pos=71 elapsed_ms=1.867
kiln_profile_mlp_stage layer=12 stage=down_proj seq_len=1 start_pos=71 elapsed_ms=1.179
kiln_profile_gdn_stage layer=13 stage=in_proj seq_len=1 start_pos=71 elapsed_ms=1.409
kiln_profile_gdn_stage layer=13 stage=qkv_conv_norm seq_len=1 start_pos=71 elapsed_ms=0.340
kiln_profile_gdn_stage layer=13 stage=gates_recur_gated_norm seq_len=1 start_pos=71 elapsed_ms=0.405
kiln_profile_gdn_stage layer=13 stage=post_transpose seq_len=1 start_pos=71 elapsed_ms=0.001
kiln_profile_gdn_stage layer=13 stage=gated_norm seq_len=1 start_pos=71 elapsed_ms=0.009
kiln_profile_gdn_stage layer=13 stage=out_proj seq_len=1 start_pos=71 elapsed_ms=0.749
kiln_profile_mlp_stage layer=13 stage=gate_up_fused seq_len=1 start_pos=71 elapsed_ms=1.899
kiln_profile_mlp_stage layer=13 stage=down_proj seq_len=1 start_pos=71 elapsed_ms=1.175
kiln_profile_gdn_stage layer=14 stage=in_proj seq_len=1 start_pos=71 elapsed_ms=1.416
kiln_profile_gdn_stage layer=14 stage=qkv_conv_norm seq_len=1 start_pos=71 elapsed_ms=0.360
kiln_profile_gdn_stage layer=14 stage=gates_recur_gated_norm seq_len=1 start_pos=71 elapsed_ms=0.411
kiln_profile_gdn_stage layer=14 stage=post_transpose seq_len=1 start_pos=71 elapsed_ms=0.001
kiln_profile_gdn_stage layer=14 stage=gated_norm seq_len=1 start_pos=71 elapsed_ms=0.017
kiln_profile_gdn_stage layer=14 stage=out_proj seq_len=1 start_pos=71 elapsed_ms=0.743
kiln_profile_mlp_stage layer=14 stage=gate_up_fused seq_len=1 start_pos=71 elapsed_ms=1.834
kiln_profile_mlp_stage layer=14 stage=down_proj seq_len=1 start_pos=71 elapsed_ms=1.203
kiln_profile_full_attn_stage full_attn_layer=3 stage=qkv_proj seq_len=1 start_pos=71 elapsed_ms=1.357
kiln_profile_full_attn_stage full_attn_layer=3 stage=qkv_split seq_len=1 start_pos=71 elapsed_ms=0.372
kiln_profile_full_attn_stage full_attn_layer=3 stage=qk_norm seq_len=1 start_pos=71 elapsed_ms=0.308
kiln_profile_full_attn_stage full_attn_layer=3 stage=rope seq_len=1 start_pos=71 elapsed_ms=0.286
kiln_profile_full_attn_stage full_attn_layer=3 stage=q_transpose seq_len=1 start_pos=71 elapsed_ms=0.003
kiln_profile_full_attn_stage full_attn_layer=3 stage=kv_write seq_len=1 start_pos=71 elapsed_ms=0.277
kiln_profile_full_attn_stage full_attn_layer=3 stage=decode_attn_contiguous seq_len=1 start_pos=71 elapsed_ms=0.319
kiln_profile_full_attn_stage full_attn_layer=3 stage=attn_gate seq_len=1 start_pos=71 elapsed_ms=0.292
kiln_profile_full_attn_stage full_attn_layer=3 stage=o_proj seq_len=1 start_pos=71 elapsed_ms=0.743
kiln_profile_mlp_stage layer=15 stage=gate_up_fused seq_len=1 start_pos=71 elapsed_ms=2.029
kiln_profile_mlp_stage layer=15 stage=down_proj seq_len=1 start_pos=71 elapsed_ms=1.394
kiln_profile_gdn_stage layer=16 stage=in_proj seq_len=1 start_pos=71 elapsed_ms=2.212
kiln_profile_gdn_stage layer=16 stage=qkv_conv_norm seq_len=1 start_pos=71 elapsed_ms=0.405
kiln_profile_gdn_stage layer=16 stage=gates_recur_gated_norm seq_len=1 start_pos=71 elapsed_ms=0.361
kiln_profile_gdn_stage layer=16 stage=post_transpose seq_len=1 start_pos=71 elapsed_ms=0.001
kiln_profile_gdn_stage layer=16 stage=gated_norm seq_len=1 start_pos=71 elapsed_ms=0.004
kiln_profile_gdn_stage layer=16 stage=out_proj seq_len=1 start_pos=71 elapsed_ms=0.848
kiln_profile_mlp_stage layer=16 stage=gate_up_fused seq_len=1 start_pos=71 elapsed_ms=2.075
kiln_profile_mlp_stage layer=16 stage=down_proj seq_len=1 start_pos=71 elapsed_ms=1.377
kiln_profile_gdn_stage layer=17 stage=in_proj seq_len=1 start_pos=71 elapsed_ms=1.661
kiln_profile_gdn_stage layer=17 stage=qkv_conv_norm seq_len=1 start_pos=71 elapsed_ms=0.299
kiln_profile_gdn_stage layer=17 stage=gates_recur_gated_norm seq_len=1 start_pos=71 elapsed_ms=0.327
kiln_profile_gdn_stage layer=17 stage=post_transpose seq_len=1 start_pos=71 elapsed_ms=0.001
kiln_profile_gdn_stage layer=17 stage=gated_norm seq_len=1 start_pos=71 elapsed_ms=0.003
kiln_profile_gdn_stage layer=17 stage=out_proj seq_len=1 start_pos=71 elapsed_ms=0.727
kiln_profile_mlp_stage layer=17 stage=gate_up_fused seq_len=1 start_pos=71 elapsed_ms=1.928
kiln_profile_mlp_stage layer=17 stage=down_proj seq_len=1 start_pos=71 elapsed_ms=1.270
kiln_profile_gdn_stage layer=18 stage=in_proj seq_len=1 start_pos=71 elapsed_ms=1.366
kiln_profile_gdn_stage layer=18 stage=qkv_conv_norm seq_len=1 start_pos=71 elapsed_ms=0.290
kiln_profile_gdn_stage layer=18 stage=gates_recur_gated_norm seq_len=1 start_pos=71 elapsed_ms=0.354
kiln_profile_gdn_stage layer=18 stage=post_transpose seq_len=1 start_pos=71 elapsed_ms=0.008
kiln_profile_gdn_stage layer=18 stage=gated_norm seq_len=1 start_pos=71 elapsed_ms=0.012
kiln_profile_gdn_stage layer=18 stage=out_proj seq_len=1 start_pos=71 elapsed_ms=0.675
kiln_profile_mlp_stage layer=18 stage=gate_up_fused seq_len=1 start_pos=71 elapsed_ms=1.796
kiln_profile_mlp_stage layer=18 stage=down_proj seq_len=1 start_pos=71 elapsed_ms=1.150
kiln_profile_full_attn_stage full_attn_layer=4 stage=qkv_proj seq_len=1 start_pos=71 elapsed_ms=1.284
kiln_profile_full_attn_stage full_attn_layer=4 stage=qkv_split seq_len=1 start_pos=71 elapsed_ms=0.334
kiln_profile_full_attn_stage full_attn_layer=4 stage=qk_norm seq_len=1 start_pos=71 elapsed_ms=0.384
kiln_profile_full_attn_stage full_attn_layer=4 stage=rope seq_len=1 start_pos=71 elapsed_ms=0.377
kiln_profile_full_attn_stage full_attn_layer=4 stage=q_transpose seq_len=1 start_pos=71 elapsed_ms=0.022
kiln_profile_full_attn_stage full_attn_layer=4 stage=kv_write seq_len=1 start_pos=71 elapsed_ms=0.391
kiln_profile_full_attn_stage full_attn_layer=4 stage=decode_attn_contiguous seq_len=1 start_pos=71 elapsed_ms=0.351
kiln_profile_full_attn_stage full_attn_layer=4 stage=attn_gate seq_len=1 start_pos=71 elapsed_ms=0.299
kiln_profile_full_attn_stage full_attn_layer=4 stage=o_proj seq_len=1 start_pos=71 elapsed_ms=0.701
kiln_profile_mlp_stage layer=19 stage=gate_up_fused seq_len=1 start_pos=71 elapsed_ms=1.975
kiln_profile_mlp_stage layer=19 stage=down_proj seq_len=1 start_pos=71 elapsed_ms=1.144
kiln_profile_gdn_stage layer=20 stage=in_proj seq_len=1 start_pos=71 elapsed_ms=1.857
kiln_profile_gdn_stage layer=20 stage=qkv_conv_norm seq_len=1 start_pos=71 elapsed_ms=0.509
kiln_profile_gdn_stage layer=20 stage=gates_recur_gated_norm seq_len=1 start_pos=71 elapsed_ms=0.393
kiln_profile_gdn_stage layer=20 stage=post_transpose seq_len=1 start_pos=71 elapsed_ms=0.001
kiln_profile_gdn_stage layer=20 stage=gated_norm seq_len=1 start_pos=71 elapsed_ms=0.026
kiln_profile_gdn_stage layer=20 stage=out_proj seq_len=1 start_pos=71 elapsed_ms=0.800
kiln_profile_mlp_stage layer=20 stage=gate_up_fused seq_len=1 start_pos=71 elapsed_ms=1.824
kiln_profile_mlp_stage layer=20 stage=down_proj seq_len=1 start_pos=71 elapsed_ms=1.228
kiln_profile_gdn_stage layer=21 stage=in_proj seq_len=1 start_pos=71 elapsed_ms=1.425
kiln_profile_gdn_stage layer=21 stage=qkv_conv_norm seq_len=1 start_pos=71 elapsed_ms=0.339
kiln_profile_gdn_stage layer=21 stage=gates_recur_gated_norm seq_len=1 start_pos=71 elapsed_ms=0.428
kiln_profile_gdn_stage layer=21 stage=post_transpose seq_len=1 start_pos=71 elapsed_ms=0.001
kiln_profile_gdn_stage layer=21 stage=gated_norm seq_len=1 start_pos=71 elapsed_ms=0.003
kiln_profile_gdn_stage layer=21 stage=out_proj seq_len=1 start_pos=71 elapsed_ms=0.778
kiln_profile_mlp_stage layer=21 stage=gate_up_fused seq_len=1 start_pos=71 elapsed_ms=1.857
kiln_profile_mlp_stage layer=21 stage=down_proj seq_len=1 start_pos=71 elapsed_ms=1.266
kiln_profile_gdn_stage layer=22 stage=in_proj seq_len=1 start_pos=71 elapsed_ms=1.444
kiln_profile_gdn_stage layer=22 stage=qkv_conv_norm seq_len=1 start_pos=71 elapsed_ms=0.348
kiln_profile_gdn_stage layer=22 stage=gates_recur_gated_norm seq_len=1 start_pos=71 elapsed_ms=0.422
kiln_profile_gdn_stage layer=22 stage=post_transpose seq_len=1 start_pos=71 elapsed_ms=0.001
kiln_profile_gdn_stage layer=22 stage=gated_norm seq_len=1 start_pos=71 elapsed_ms=0.004
kiln_profile_gdn_stage layer=22 stage=out_proj seq_len=1 start_pos=71 elapsed_ms=0.844
kiln_profile_mlp_stage layer=22 stage=gate_up_fused seq_len=1 start_pos=71 elapsed_ms=1.875
kiln_profile_mlp_stage layer=22 stage=down_proj seq_len=1 start_pos=71 elapsed_ms=1.255
kiln_profile_full_attn_stage full_attn_layer=5 stage=qkv_proj seq_len=1 start_pos=71 elapsed_ms=1.351
kiln_profile_full_attn_stage full_attn_layer=5 stage=qkv_split seq_len=1 start_pos=71 elapsed_ms=0.372
kiln_profile_full_attn_stage full_attn_layer=5 stage=qk_norm seq_len=1 start_pos=71 elapsed_ms=0.312
kiln_profile_full_attn_stage full_attn_layer=5 stage=rope seq_len=1 start_pos=71 elapsed_ms=0.305
kiln_profile_full_attn_stage full_attn_layer=5 stage=q_transpose seq_len=1 start_pos=71 elapsed_ms=0.005
kiln_profile_full_attn_stage full_attn_layer=5 stage=kv_write seq_len=1 start_pos=71 elapsed_ms=0.328
kiln_profile_full_attn_stage full_attn_layer=5 stage=decode_attn_contiguous seq_len=1 start_pos=71 elapsed_ms=0.347
kiln_profile_full_attn_stage full_attn_layer=5 stage=attn_gate seq_len=1 start_pos=71 elapsed_ms=0.317
kiln_profile_full_attn_stage full_attn_layer=5 stage=o_proj seq_len=1 start_pos=71 elapsed_ms=0.921
kiln_profile_mlp_stage layer=23 stage=gate_up_fused seq_len=1 start_pos=71 elapsed_ms=2.301
kiln_profile_mlp_stage layer=23 stage=down_proj seq_len=1 start_pos=71 elapsed_ms=1.390
kiln_profile_gdn_stage layer=24 stage=in_proj seq_len=1 start_pos=71 elapsed_ms=1.889
kiln_profile_gdn_stage layer=24 stage=qkv_conv_norm seq_len=1 start_pos=71 elapsed_ms=0.295
kiln_profile_gdn_stage layer=24 stage=gates_recur_gated_norm seq_len=1 start_pos=71 elapsed_ms=0.390
kiln_profile_gdn_stage layer=24 stage=post_transpose seq_len=1 start_pos=71 elapsed_ms=0.000
kiln_profile_gdn_stage layer=24 stage=gated_norm seq_len=1 start_pos=71 elapsed_ms=0.003
kiln_profile_gdn_stage layer=24 stage=out_proj seq_len=1 start_pos=71 elapsed_ms=0.691
kiln_profile_mlp_stage layer=24 stage=gate_up_fused seq_len=1 start_pos=71 elapsed_ms=1.858
kiln_profile_mlp_stage layer=24 stage=down_proj seq_len=1 start_pos=71 elapsed_ms=1.106
kiln_profile_gdn_stage layer=25 stage=in_proj seq_len=1 start_pos=71 elapsed_ms=1.404
kiln_profile_gdn_stage layer=25 stage=qkv_conv_norm seq_len=1 start_pos=71 elapsed_ms=0.277
kiln_profile_gdn_stage layer=25 stage=gates_recur_gated_norm seq_len=1 start_pos=71 elapsed_ms=0.411
kiln_profile_gdn_stage layer=25 stage=post_transpose seq_len=1 start_pos=71 elapsed_ms=0.001
kiln_profile_gdn_stage layer=25 stage=gated_norm seq_len=1 start_pos=71 elapsed_ms=0.002
kiln_profile_gdn_stage layer=25 stage=out_proj seq_len=1 start_pos=71 elapsed_ms=0.728
kiln_profile_mlp_stage layer=25 stage=gate_up_fused seq_len=1 start_pos=71 elapsed_ms=1.817
kiln_profile_mlp_stage layer=25 stage=down_proj seq_len=1 start_pos=71 elapsed_ms=1.122
kiln_profile_gdn_stage layer=26 stage=in_proj seq_len=1 start_pos=71 elapsed_ms=1.412
kiln_profile_gdn_stage layer=26 stage=qkv_conv_norm seq_len=1 start_pos=71 elapsed_ms=0.302
kiln_profile_gdn_stage layer=26 stage=gates_recur_gated_norm seq_len=1 start_pos=71 elapsed_ms=0.387
kiln_profile_gdn_stage layer=26 stage=post_transpose seq_len=1 start_pos=71 elapsed_ms=0.008
kiln_profile_gdn_stage layer=26 stage=gated_norm seq_len=1 start_pos=71 elapsed_ms=0.013
kiln_profile_gdn_stage layer=26 stage=out_proj seq_len=1 start_pos=71 elapsed_ms=0.741
kiln_profile_mlp_stage layer=26 stage=gate_up_fused seq_len=1 start_pos=71 elapsed_ms=1.815
kiln_profile_mlp_stage layer=26 stage=down_proj seq_len=1 start_pos=71 elapsed_ms=1.184
kiln_profile_full_attn_stage full_attn_layer=6 stage=qkv_proj seq_len=1 start_pos=71 elapsed_ms=1.380
kiln_profile_full_attn_stage full_attn_layer=6 stage=qkv_split seq_len=1 start_pos=71 elapsed_ms=0.376
kiln_profile_full_attn_stage full_attn_layer=6 stage=qk_norm seq_len=1 start_pos=71 elapsed_ms=0.296
kiln_profile_full_attn_stage full_attn_layer=6 stage=rope seq_len=1 start_pos=71 elapsed_ms=0.280
kiln_profile_full_attn_stage full_attn_layer=6 stage=q_transpose seq_len=1 start_pos=71 elapsed_ms=0.003
kiln_profile_full_attn_stage full_attn_layer=6 stage=kv_write seq_len=1 start_pos=71 elapsed_ms=0.280
kiln_profile_full_attn_stage full_attn_layer=6 stage=decode_attn_contiguous seq_len=1 start_pos=71 elapsed_ms=0.321
kiln_profile_full_attn_stage full_attn_layer=6 stage=attn_gate seq_len=1 start_pos=71 elapsed_ms=0.260
kiln_profile_full_attn_stage full_attn_layer=6 stage=o_proj seq_len=1 start_pos=71 elapsed_ms=0.905
kiln_profile_mlp_stage layer=27 stage=gate_up_fused seq_len=1 start_pos=71 elapsed_ms=2.466
kiln_profile_mlp_stage layer=27 stage=down_proj seq_len=1 start_pos=71 elapsed_ms=1.344
kiln_profile_gdn_stage layer=28 stage=in_proj seq_len=1 start_pos=71 elapsed_ms=2.338
kiln_profile_gdn_stage layer=28 stage=qkv_conv_norm seq_len=1 start_pos=71 elapsed_ms=1.379
kiln_profile_gdn_stage layer=28 stage=gates_recur_gated_norm seq_len=1 start_pos=71 elapsed_ms=0.564
kiln_profile_gdn_stage layer=28 stage=post_transpose seq_len=1 start_pos=71 elapsed_ms=0.001
kiln_profile_gdn_stage layer=28 stage=gated_norm seq_len=1 start_pos=71 elapsed_ms=0.005
kiln_profile_gdn_stage layer=28 stage=out_proj seq_len=1 start_pos=71 elapsed_ms=0.885
kiln_profile_mlp_stage layer=28 stage=gate_up_fused seq_len=1 start_pos=71 elapsed_ms=2.524
kiln_profile_mlp_stage layer=28 stage=down_proj seq_len=1 start_pos=71 elapsed_ms=1.508
kiln_profile_gdn_stage layer=29 stage=in_proj seq_len=1 start_pos=71 elapsed_ms=1.844
kiln_profile_gdn_stage layer=29 stage=qkv_conv_norm seq_len=1 start_pos=71 elapsed_ms=0.402
kiln_profile_gdn_stage layer=29 stage=gates_recur_gated_norm seq_len=1 start_pos=71 elapsed_ms=0.544
kiln_profile_gdn_stage layer=29 stage=post_transpose seq_len=1 start_pos=71 elapsed_ms=0.001
kiln_profile_gdn_stage layer=29 stage=gated_norm seq_len=1 start_pos=71 elapsed_ms=0.005
kiln_profile_gdn_stage layer=29 stage=out_proj seq_len=1 start_pos=71 elapsed_ms=1.180
kiln_profile_mlp_stage layer=29 stage=gate_up_fused seq_len=1 start_pos=71 elapsed_ms=2.068
kiln_profile_mlp_stage layer=29 stage=down_proj seq_len=1 start_pos=71 elapsed_ms=1.285
kiln_profile_gdn_stage layer=30 stage=in_proj seq_len=1 start_pos=71 elapsed_ms=1.549
kiln_profile_gdn_stage layer=30 stage=qkv_conv_norm seq_len=1 start_pos=71 elapsed_ms=0.265
kiln_profile_gdn_stage layer=30 stage=gates_recur_gated_norm seq_len=1 start_pos=71 elapsed_ms=0.339
kiln_profile_gdn_stage layer=30 stage=post_transpose seq_len=1 start_pos=71 elapsed_ms=0.000
kiln_profile_gdn_stage layer=30 stage=gated_norm seq_len=1 start_pos=71 elapsed_ms=0.003
kiln_profile_gdn_stage layer=30 stage=out_proj seq_len=1 start_pos=71 elapsed_ms=0.707
kiln_profile_mlp_stage layer=30 stage=gate_up_fused seq_len=1 start_pos=71 elapsed_ms=1.973
kiln_profile_mlp_stage layer=30 stage=down_proj seq_len=1 start_pos=71 elapsed_ms=1.083
kiln_profile_full_attn_stage full_attn_layer=7 stage=qkv_proj seq_len=1 start_pos=71 elapsed_ms=1.303
kiln_profile_full_attn_stage full_attn_layer=7 stage=qkv_split seq_len=1 start_pos=71 elapsed_ms=0.286
kiln_profile_full_attn_stage full_attn_layer=7 stage=qk_norm seq_len=1 start_pos=71 elapsed_ms=0.243
kiln_profile_full_attn_stage full_attn_layer=7 stage=rope seq_len=1 start_pos=71 elapsed_ms=0.205
kiln_profile_full_attn_stage full_attn_layer=7 stage=q_transpose seq_len=1 start_pos=71 elapsed_ms=0.002
kiln_profile_full_attn_stage full_attn_layer=7 stage=kv_write seq_len=1 start_pos=71 elapsed_ms=0.195
kiln_profile_full_attn_stage full_attn_layer=7 stage=decode_attn_contiguous seq_len=1 start_pos=71 elapsed_ms=0.291
kiln_profile_full_attn_stage full_attn_layer=7 stage=attn_gate seq_len=1 start_pos=71 elapsed_ms=0.240
kiln_profile_full_attn_stage full_attn_layer=7 stage=o_proj seq_len=1 start_pos=71 elapsed_ms=0.787
kiln_profile_mlp_stage layer=31 stage=gate_up_fused seq_len=1 start_pos=71 elapsed_ms=2.262
kiln_profile_mlp_stage layer=31 stage=down_proj seq_len=1 start_pos=71 elapsed_ms=1.946
    Decode (paged): 9 tokens, mean ITL 303.1ms (3.3 tok/s)

  ▌ Benchmark results
  GPU                    unknown (10240 MB VRAM, source: apple-silicon-unified)
  Model load             12.46s (0 MB VRAM)

  ▌ Inference throughput
  Runs         Prompt     Output        tok/s    VRAM MB

  ▌ Latency (single request)
  Prompt tokens          64
  Prefill                703.8 ms (91 tok/s)
  Time to first token    703.8 ms
  Mean inter-token       303.1 ms (3.3 tok/s)
  P50 inter-token        308.4 ms
  P99 inter-token        336.5 ms
  Tokens generated       9
  Spec method            off

{
  "backend": "metal",
  "gpu_info": {
    "name": "unknown",
    "total_vram_mb": 10240,
    "vram_source": "apple-silicon-unified"
  },
  "model_load": {
    "load_time_secs": 12.456047083,
    "model_vram_mb": 0
  },
  "inference": [],
  "latency": {
    "prompt_tokens": 64,
    "prefill_time_ms": 703.831958,
    "prefill_tokens_per_sec": 90.9307957283747,
    "time_to_first_token_ms": 703.831958,
    "mean_inter_token_ms": 303.10640100000006,
    "p50_inter_token_ms": 308.35870900000003,
    "p99_inter_token_ms": 336.502542,
    "num_tokens_generated": 9,
    "decode_tokens_per_sec": 3.2991715011653606,
    "spec_method": "off"
  },
  "training": null
}
