
  ┌─────────────────────────────────────┐
  │           🔥 K I L N 🔥             │
  │   inference · training · adapters   │
  └─────────────────────────────────────┘

  Version: 0.2.13
  Mode: GPU inference
  Model: /Users/ericflo/.cache/huggingface/hub/models--Qwen--Qwen3.5-4B/snapshots/851bf6e806efd8d0a36b00ddf55e13ccb7b8cd0a
  CUDA: not available
  Listen: http://127.0.0.1:8421

  Endpoints: /ui, /v1/chat/completions, /v1/train/sft, /health, /metrics

{"timestamp":"2026-05-09T18:19:20.338765Z","level":"INFO","fields":{"message":"Metal available — using Apple Silicon GPU"},"target":"kiln_server::device"}
{"timestamp":"2026-05-09T18:19:20.358306Z","level":"INFO","fields":{"message":"Loading model from /Users/ericflo/.cache/huggingface/hub/models--Qwen--Qwen3.5-4B/snapshots/851bf6e806efd8d0a36b00ddf55e13ccb7b8cd0a (2 shards)"},"target":"kiln_model::loader"}
{"timestamp":"2026-05-09T18:19:20.359733Z","level":"INFO","fields":{"message":"Using weight name prefix: \"model.language_model.\""},"target":"kiln_model::loader"}
{"timestamp":"2026-05-09T18:19:20.359875Z","level":"INFO","fields":{"message":"Native MTP head detected; deferring CPU load until first use","mtp_prefix":"mtp."},"target":"kiln_model::loader"}
{"timestamp":"2026-05-09T18:19:20.359902Z","level":"INFO","fields":{"message":"Loaded 4206M parameters (8022 MB) across 32 layers"},"target":"kiln_model::loader"}
{"timestamp":"2026-05-09T18:19:34.627841Z","level":"INFO","fields":{"message":"unified memory detected (Apple Silicon)","total_gb":10.73741824,"source":"apple-silicon-unified"},"target":"kiln_server::state"}
{"timestamp":"2026-05-09T18:19:34.628357Z","level":"WARN","fields":{"message":"post-load CUDA residency unavailable; falling back to static model memory estimate for KV sizing","estimated_model_gb":9.15668992},"target":"kiln_server::state"}
{"timestamp":"2026-05-09T18:19:34.628371Z","level":"INFO","fields":{"message":"memory-aware KV cache sizing","total_vram_gb":10.73741824,"model_gb":9.15668992,"post_load_used_vram_gb":0.0,"sizing_residency_gb":9.15668992,"inference_fraction":0.7},"target":"kiln_server::state"}
{"timestamp":"2026-05-09T18:19:34.628377Z","level":"INFO","fields":{"message":"allocating paged KV cache","num_blocks":512,"block_size":16,"kv_dtype":"BF16","fp8_enabled":false},"target":"kiln_server::state"}
{"timestamp":"2026-05-09T18:19:34.628510Z","level":"INFO","fields":{"message":"KV cache auto-sizer succeeded on first attempt","inference_fraction":0.7,"num_blocks":512},"target":"kiln_server::state"}
{"timestamp":"2026-05-09T18:19:34.628521Z","level":"INFO","fields":{"message":"GPU memory budget","total_vram_gb":10.73741824,"model_gb":9.15668992,"estimated_model_gb":9.15668992,"post_load_used_vram_gb":0.0,"kv_cache_gb":0.268435456,"training_budget_gb":1.312292864,"inference_fraction":0.7},"target":"kiln_server::state"}
{"timestamp":"2026-05-09T18:19:34.628526Z","level":"INFO","fields":{"message":"prefix cache budget","max_blocks":128,"max_entries":9,"state_bytes_per_entry":27525120,"max_state_bytes":247726080,"min_register_tokens":64},"target":"kiln_server::state"}
{"timestamp":"2026-05-09T18:19:34.628552Z","level":"INFO","fields":{"message":"live greedy decode batcher enabled","backend":"metal","max_batch":8,"wait_us":0,"mixed_seq_lens":true},"target":"kiln_server::state"}
  ✓ Ready on http://127.0.0.1:8421

{"timestamp":"2026-05-09T18:19:34.630066Z","level":"INFO","fields":{"message":"starting background inference prewarm"},"target":"kiln"}
{"timestamp":"2026-05-09T18:19:34.630716Z","level":"INFO","fields":{"message":"tokenizer warmup complete","elapsed_ms":0,"tokens":8},"target":"kiln"}
{"timestamp":"2026-05-09T18:19:34.634364Z","level":"INFO","fields":{"message":"Metal custom kernels precompiled during background prewarm","elapsed_ms":4},"target":"kiln"}
{"timestamp":"2026-05-09T18:19:34.634381Z","level":"INFO","fields":{"message":"Metal custom kernels precompiled during background prewarm","elapsed_ms":0},"target":"kiln"}
{"timestamp":"2026-05-09T18:19:34.906207Z","level":"INFO","fields":{"message":"response","status":200,"duration_ms":6.135125},"target":"kiln_server::api","span":{"duration_ms":6.135125,"method":"GET","path":"/health","status":200,"name":"http_request"},"spans":[{"duration_ms":6.135125,"method":"GET","path":"/health","status":200,"name":"http_request"}]}
kiln_profile_gdn_stage layer=0 stage=in_proj seq_len=64 start_pos=0 elapsed_ms=402.038
kiln_profile_gdn_stage layer=0 stage=qkv_conv_split_norm seq_len=64 start_pos=0 elapsed_ms=1.130
kiln_profile_gdn_stage layer=0 stage=gates seq_len=64 start_pos=0 elapsed_ms=0.247
kiln_profile_gdn_stage layer=0 stage=recurrent seq_len=64 start_pos=0 elapsed_ms=4.697
kiln_profile_gdn_stage layer=0 stage=post_transpose seq_len=64 start_pos=0 elapsed_ms=0.000
kiln_profile_gdn_stage layer=0 stage=gated_norm seq_len=64 start_pos=0 elapsed_ms=0.350
kiln_profile_gdn_stage layer=0 stage=out_proj seq_len=64 start_pos=0 elapsed_ms=75.220
kiln_profile_mlp_stage layer=0 stage=gate_proj seq_len=64 start_pos=0 elapsed_ms=342.745
kiln_profile_mlp_stage layer=0 stage=up_proj seq_len=64 start_pos=0 elapsed_ms=205.017
kiln_profile_mlp_stage layer=0 stage=gate_silu_hidden_mul seq_len=64 start_pos=0 elapsed_ms=0.499
kiln_profile_mlp_stage layer=0 stage=down_proj seq_len=64 start_pos=0 elapsed_ms=101.471
kiln_profile_gdn_stage layer=1 stage=in_proj seq_len=64 start_pos=0 elapsed_ms=266.986
kiln_profile_gdn_stage layer=1 stage=qkv_conv_split_norm seq_len=64 start_pos=0 elapsed_ms=1.342
kiln_profile_gdn_stage layer=1 stage=gates seq_len=64 start_pos=0 elapsed_ms=0.262
kiln_profile_gdn_stage layer=1 stage=recurrent seq_len=64 start_pos=0 elapsed_ms=4.684
kiln_profile_gdn_stage layer=1 stage=post_transpose seq_len=64 start_pos=0 elapsed_ms=0.000
kiln_profile_gdn_stage layer=1 stage=gated_norm seq_len=64 start_pos=0 elapsed_ms=0.344
kiln_profile_gdn_stage layer=1 stage=out_proj seq_len=64 start_pos=0 elapsed_ms=38.263
kiln_profile_mlp_stage layer=1 stage=gate_proj seq_len=64 start_pos=0 elapsed_ms=292.114
kiln_profile_mlp_stage layer=1 stage=up_proj seq_len=64 start_pos=0 elapsed_ms=179.983
kiln_profile_mlp_stage layer=1 stage=gate_silu_hidden_mul seq_len=64 start_pos=0 elapsed_ms=0.398
kiln_profile_mlp_stage layer=1 stage=down_proj seq_len=64 start_pos=0 elapsed_ms=104.126
kiln_profile_gdn_stage layer=2 stage=in_proj seq_len=64 start_pos=0 elapsed_ms=228.667
kiln_profile_gdn_stage layer=2 stage=qkv_conv_split_norm seq_len=64 start_pos=0 elapsed_ms=1.230
kiln_profile_gdn_stage layer=2 stage=gates seq_len=64 start_pos=0 elapsed_ms=0.253
kiln_profile_gdn_stage layer=2 stage=recurrent seq_len=64 start_pos=0 elapsed_ms=3.727
kiln_profile_gdn_stage layer=2 stage=post_transpose seq_len=64 start_pos=0 elapsed_ms=0.000
kiln_profile_gdn_stage layer=2 stage=gated_norm seq_len=64 start_pos=0 elapsed_ms=0.492
kiln_profile_gdn_stage layer=2 stage=out_proj seq_len=64 start_pos=0 elapsed_ms=27.463
kiln_profile_mlp_stage layer=2 stage=gate_proj seq_len=64 start_pos=0 elapsed_ms=267.043
kiln_profile_mlp_stage layer=2 stage=up_proj seq_len=64 start_pos=0 elapsed_ms=147.242
kiln_profile_mlp_stage layer=2 stage=gate_silu_hidden_mul seq_len=64 start_pos=0 elapsed_ms=0.293
kiln_profile_mlp_stage layer=2 stage=down_proj seq_len=64 start_pos=0 elapsed_ms=75.101
kiln_profile_full_attn_stage full_attn_layer=0 stage=qkv_proj seq_len=64 start_pos=0 elapsed_ms=244.770
kiln_profile_full_attn_stage full_attn_layer=0 stage=qkv_split seq_len=64 start_pos=0 elapsed_ms=3.868
kiln_profile_full_attn_stage full_attn_layer=0 stage=qk_norm seq_len=64 start_pos=0 elapsed_ms=0.489
kiln_profile_full_attn_stage full_attn_layer=0 stage=rope seq_len=64 start_pos=0 elapsed_ms=0.521
kiln_profile_full_attn_stage full_attn_layer=0 stage=q_transpose seq_len=64 start_pos=0 elapsed_ms=1.435
kiln_profile_full_attn_stage full_attn_layer=0 stage=prefill_kv_head_layout seq_len=64 start_pos=0 elapsed_ms=0.842
kiln_profile_full_attn_stage full_attn_layer=0 stage=prefill_attn_head_major seq_len=64 start_pos=0 elapsed_ms=4.783
kiln_profile_full_attn_stage full_attn_layer=0 stage=kv_write seq_len=64 start_pos=0 elapsed_ms=2.883
kiln_profile_full_attn_stage full_attn_layer=0 stage=attn_gate seq_len=64 start_pos=0 elapsed_ms=2.920
kiln_profile_full_attn_stage full_attn_layer=0 stage=o_proj seq_len=64 start_pos=0 elapsed_ms=56.502
kiln_profile_mlp_stage layer=3 stage=gate_proj seq_len=64 start_pos=0 elapsed_ms=294.462
kiln_profile_mlp_stage layer=3 stage=up_proj seq_len=64 start_pos=0 elapsed_ms=173.989
kiln_profile_mlp_stage layer=3 stage=gate_silu_hidden_mul seq_len=64 start_pos=0 elapsed_ms=0.388
kiln_profile_mlp_stage layer=3 stage=down_proj seq_len=64 start_pos=0 elapsed_ms=85.168
kiln_profile_gdn_stage layer=4 stage=in_proj seq_len=64 start_pos=0 elapsed_ms=320.430
kiln_profile_gdn_stage layer=4 stage=qkv_conv_split_norm seq_len=64 start_pos=0 elapsed_ms=0.752
kiln_profile_gdn_stage layer=4 stage=gates seq_len=64 start_pos=0 elapsed_ms=0.252
kiln_profile_gdn_stage layer=4 stage=recurrent seq_len=64 start_pos=0 elapsed_ms=1.769
kiln_profile_gdn_stage layer=4 stage=post_transpose seq_len=64 start_pos=0 elapsed_ms=0.000
kiln_profile_gdn_stage layer=4 stage=gated_norm seq_len=64 start_pos=0 elapsed_ms=0.328
kiln_profile_gdn_stage layer=4 stage=out_proj seq_len=64 start_pos=0 elapsed_ms=23.918
kiln_profile_mlp_stage layer=4 stage=gate_proj seq_len=64 start_pos=0 elapsed_ms=79.599
kiln_profile_mlp_stage layer=4 stage=up_proj seq_len=64 start_pos=0 elapsed_ms=37.798
kiln_profile_mlp_stage layer=4 stage=gate_silu_hidden_mul seq_len=64 start_pos=0 elapsed_ms=0.382
kiln_profile_mlp_stage layer=4 stage=down_proj seq_len=64 start_pos=0 elapsed_ms=22.202
kiln_profile_gdn_stage layer=5 stage=in_proj seq_len=64 start_pos=0 elapsed_ms=21.507
kiln_profile_gdn_stage layer=5 stage=qkv_conv_split_norm seq_len=64 start_pos=0 elapsed_ms=0.885
kiln_profile_gdn_stage layer=5 stage=gates seq_len=64 start_pos=0 elapsed_ms=0.191
kiln_profile_gdn_stage layer=5 stage=recurrent seq_len=64 start_pos=0 elapsed_ms=2.121
kiln_profile_gdn_stage layer=5 stage=post_transpose seq_len=64 start_pos=0 elapsed_ms=0.000
kiln_profile_gdn_stage layer=5 stage=gated_norm seq_len=64 start_pos=0 elapsed_ms=0.271
kiln_profile_gdn_stage layer=5 stage=out_proj seq_len=64 start_pos=0 elapsed_ms=8.166
kiln_profile_mlp_stage layer=5 stage=gate_proj seq_len=64 start_pos=0 elapsed_ms=17.934
kiln_profile_mlp_stage layer=5 stage=up_proj seq_len=64 start_pos=0 elapsed_ms=19.248
kiln_profile_mlp_stage layer=5 stage=gate_silu_hidden_mul seq_len=64 start_pos=0 elapsed_ms=0.362
kiln_profile_mlp_stage layer=5 stage=down_proj seq_len=64 start_pos=0 elapsed_ms=15.107
kiln_profile_gdn_stage layer=6 stage=in_proj seq_len=64 start_pos=0 elapsed_ms=22.132
kiln_profile_gdn_stage layer=6 stage=qkv_conv_split_norm seq_len=64 start_pos=0 elapsed_ms=1.037
kiln_profile_gdn_stage layer=6 stage=gates seq_len=64 start_pos=0 elapsed_ms=0.215
kiln_profile_gdn_stage layer=6 stage=recurrent seq_len=64 start_pos=0 elapsed_ms=3.415
kiln_profile_gdn_stage layer=6 stage=post_transpose seq_len=64 start_pos=0 elapsed_ms=0.000
kiln_profile_gdn_stage layer=6 stage=gated_norm seq_len=64 start_pos=0 elapsed_ms=0.368
kiln_profile_gdn_stage layer=6 stage=out_proj seq_len=64 start_pos=0 elapsed_ms=6.825
kiln_profile_mlp_stage layer=6 stage=gate_proj seq_len=64 start_pos=0 elapsed_ms=19.962
kiln_profile_mlp_stage layer=6 stage=up_proj seq_len=64 start_pos=0 elapsed_ms=17.211
kiln_profile_mlp_stage layer=6 stage=gate_silu_hidden_mul seq_len=64 start_pos=0 elapsed_ms=0.325
kiln_profile_mlp_stage layer=6 stage=down_proj seq_len=64 start_pos=0 elapsed_ms=13.975
kiln_profile_full_attn_stage full_attn_layer=1 stage=qkv_proj seq_len=64 start_pos=0 elapsed_ms=18.276
kiln_profile_full_attn_stage full_attn_layer=1 stage=qkv_split seq_len=64 start_pos=0 elapsed_ms=2.787
kiln_profile_full_attn_stage full_attn_layer=1 stage=qk_norm seq_len=64 start_pos=0 elapsed_ms=2.377
kiln_profile_full_attn_stage full_attn_layer=1 stage=rope seq_len=64 start_pos=0 elapsed_ms=2.388
kiln_profile_full_attn_stage full_attn_layer=1 stage=q_transpose seq_len=64 start_pos=0 elapsed_ms=0.950
kiln_profile_full_attn_stage full_attn_layer=1 stage=prefill_kv_head_layout seq_len=64 start_pos=0 elapsed_ms=0.522
kiln_profile_full_attn_stage full_attn_layer=1 stage=prefill_attn_head_major seq_len=64 start_pos=0 elapsed_ms=1.159
kiln_profile_full_attn_stage full_attn_layer=1 stage=kv_write seq_len=64 start_pos=0 elapsed_ms=1.613
kiln_profile_full_attn_stage full_attn_layer=1 stage=attn_gate seq_len=64 start_pos=0 elapsed_ms=0.363
kiln_profile_full_attn_stage full_attn_layer=1 stage=o_proj seq_len=64 start_pos=0 elapsed_ms=6.205
kiln_profile_mlp_stage layer=7 stage=gate_proj seq_len=64 start_pos=0 elapsed_ms=19.807
kiln_profile_mlp_stage layer=7 stage=up_proj seq_len=64 start_pos=0 elapsed_ms=17.717
kiln_profile_mlp_stage layer=7 stage=gate_silu_hidden_mul seq_len=64 start_pos=0 elapsed_ms=0.447
kiln_profile_mlp_stage layer=7 stage=down_proj seq_len=64 start_pos=0 elapsed_ms=17.271
kiln_profile_gdn_stage layer=8 stage=in_proj seq_len=64 start_pos=0 elapsed_ms=23.697
kiln_profile_gdn_stage layer=8 stage=qkv_conv_split_norm seq_len=64 start_pos=0 elapsed_ms=1.157
kiln_profile_gdn_stage layer=8 stage=gates seq_len=64 start_pos=0 elapsed_ms=0.302
kiln_profile_gdn_stage layer=8 stage=recurrent seq_len=64 start_pos=0 elapsed_ms=6.591
kiln_profile_gdn_stage layer=8 stage=post_transpose seq_len=64 start_pos=0 elapsed_ms=0.000
kiln_profile_gdn_stage layer=8 stage=gated_norm seq_len=64 start_pos=0 elapsed_ms=0.301
kiln_profile_gdn_stage layer=8 stage=out_proj seq_len=64 start_pos=0 elapsed_ms=6.419
kiln_profile_mlp_stage layer=8 stage=gate_proj seq_len=64 start_pos=0 elapsed_ms=18.901
kiln_profile_mlp_stage layer=8 stage=up_proj seq_len=64 start_pos=0 elapsed_ms=19.288
kiln_profile_mlp_stage layer=8 stage=gate_silu_hidden_mul seq_len=64 start_pos=0 elapsed_ms=0.495
kiln_profile_mlp_stage layer=8 stage=down_proj seq_len=64 start_pos=0 elapsed_ms=15.042
kiln_profile_gdn_stage layer=9 stage=in_proj seq_len=64 start_pos=0 elapsed_ms=22.771
kiln_profile_gdn_stage layer=9 stage=qkv_conv_split_norm seq_len=64 start_pos=0 elapsed_ms=0.807
kiln_profile_gdn_stage layer=9 stage=gates seq_len=64 start_pos=0 elapsed_ms=0.276
kiln_profile_gdn_stage layer=9 stage=recurrent seq_len=64 start_pos=0 elapsed_ms=1.803
kiln_profile_gdn_stage layer=9 stage=post_transpose seq_len=64 start_pos=0 elapsed_ms=0.000
kiln_profile_gdn_stage layer=9 stage=gated_norm seq_len=64 start_pos=0 elapsed_ms=0.325
kiln_profile_gdn_stage layer=9 stage=out_proj seq_len=64 start_pos=0 elapsed_ms=4.917
kiln_profile_mlp_stage layer=9 stage=gate_proj seq_len=64 start_pos=0 elapsed_ms=17.300
kiln_profile_mlp_stage layer=9 stage=up_proj seq_len=64 start_pos=0 elapsed_ms=15.970
kiln_profile_mlp_stage layer=9 stage=gate_silu_hidden_mul seq_len=64 start_pos=0 elapsed_ms=0.361
kiln_profile_mlp_stage layer=9 stage=down_proj seq_len=64 start_pos=0 elapsed_ms=13.987
kiln_profile_gdn_stage layer=10 stage=in_proj seq_len=64 start_pos=0 elapsed_ms=24.759
kiln_profile_gdn_stage layer=10 stage=qkv_conv_split_norm seq_len=64 start_pos=0 elapsed_ms=0.700
kiln_profile_gdn_stage layer=10 stage=gates seq_len=64 start_pos=0 elapsed_ms=0.234
kiln_profile_gdn_stage layer=10 stage=recurrent seq_len=64 start_pos=0 elapsed_ms=1.507
kiln_profile_gdn_stage layer=10 stage=post_transpose seq_len=64 start_pos=0 elapsed_ms=0.000
kiln_profile_gdn_stage layer=10 stage=gated_norm seq_len=64 start_pos=0 elapsed_ms=0.303
kiln_profile_gdn_stage layer=10 stage=out_proj seq_len=64 start_pos=0 elapsed_ms=5.072
kiln_profile_mlp_stage layer=10 stage=gate_proj seq_len=64 start_pos=0 elapsed_ms=16.631
kiln_profile_mlp_stage layer=10 stage=up_proj seq_len=64 start_pos=0 elapsed_ms=15.846
kiln_profile_mlp_stage layer=10 stage=gate_silu_hidden_mul seq_len=64 start_pos=0 elapsed_ms=0.415
kiln_profile_mlp_stage layer=10 stage=down_proj seq_len=64 start_pos=0 elapsed_ms=13.881
kiln_profile_full_attn_stage full_attn_layer=2 stage=qkv_proj seq_len=64 start_pos=0 elapsed_ms=17.510
kiln_profile_full_attn_stage full_attn_layer=2 stage=qkv_split seq_len=64 start_pos=0 elapsed_ms=1.729
kiln_profile_full_attn_stage full_attn_layer=2 stage=qk_norm seq_len=64 start_pos=0 elapsed_ms=0.442
kiln_profile_full_attn_stage full_attn_layer=2 stage=rope seq_len=64 start_pos=0 elapsed_ms=0.442
kiln_profile_full_attn_stage full_attn_layer=2 stage=q_transpose seq_len=64 start_pos=0 elapsed_ms=0.950
kiln_profile_full_attn_stage full_attn_layer=2 stage=prefill_kv_head_layout seq_len=64 start_pos=0 elapsed_ms=0.555
kiln_profile_full_attn_stage full_attn_layer=2 stage=prefill_attn_head_major seq_len=64 start_pos=0 elapsed_ms=1.419
kiln_profile_full_attn_stage full_attn_layer=2 stage=kv_write seq_len=64 start_pos=0 elapsed_ms=1.911
kiln_profile_full_attn_stage full_attn_layer=2 stage=attn_gate seq_len=64 start_pos=0 elapsed_ms=0.457
kiln_profile_full_attn_stage full_attn_layer=2 stage=o_proj seq_len=64 start_pos=0 elapsed_ms=7.981
kiln_profile_mlp_stage layer=11 stage=gate_proj seq_len=64 start_pos=0 elapsed_ms=17.791
kiln_profile_mlp_stage layer=11 stage=up_proj seq_len=64 start_pos=0 elapsed_ms=17.346
kiln_profile_mlp_stage layer=11 stage=gate_silu_hidden_mul seq_len=64 start_pos=0 elapsed_ms=0.462
kiln_profile_mlp_stage layer=11 stage=down_proj seq_len=64 start_pos=0 elapsed_ms=15.041
kiln_profile_gdn_stage layer=12 stage=in_proj seq_len=64 start_pos=0 elapsed_ms=24.445
kiln_profile_gdn_stage layer=12 stage=qkv_conv_split_norm seq_len=64 start_pos=0 elapsed_ms=1.403
kiln_profile_gdn_stage layer=12 stage=gates seq_len=64 start_pos=0 elapsed_ms=0.286
kiln_profile_gdn_stage layer=12 stage=recurrent seq_len=64 start_pos=0 elapsed_ms=1.752
kiln_profile_gdn_stage layer=12 stage=post_transpose seq_len=64 start_pos=0 elapsed_ms=0.000
kiln_profile_gdn_stage layer=12 stage=gated_norm seq_len=64 start_pos=0 elapsed_ms=0.394
kiln_profile_gdn_stage layer=12 stage=out_proj seq_len=64 start_pos=0 elapsed_ms=4.794
kiln_profile_mlp_stage layer=12 stage=gate_proj seq_len=64 start_pos=0 elapsed_ms=19.533
kiln_profile_mlp_stage layer=12 stage=up_proj seq_len=64 start_pos=0 elapsed_ms=18.366
kiln_profile_mlp_stage layer=12 stage=gate_silu_hidden_mul seq_len=64 start_pos=0 elapsed_ms=0.434
kiln_profile_mlp_stage layer=12 stage=down_proj seq_len=64 start_pos=0 elapsed_ms=14.597
kiln_profile_gdn_stage layer=13 stage=in_proj seq_len=64 start_pos=0 elapsed_ms=22.902
kiln_profile_gdn_stage layer=13 stage=qkv_conv_split_norm seq_len=64 start_pos=0 elapsed_ms=1.244
kiln_profile_gdn_stage layer=13 stage=gates seq_len=64 start_pos=0 elapsed_ms=0.322
kiln_profile_gdn_stage layer=13 stage=recurrent seq_len=64 start_pos=0 elapsed_ms=3.757
kiln_profile_gdn_stage layer=13 stage=post_transpose seq_len=64 start_pos=0 elapsed_ms=0.000
kiln_profile_gdn_stage layer=13 stage=gated_norm seq_len=64 start_pos=0 elapsed_ms=0.530
kiln_profile_gdn_stage layer=13 stage=out_proj seq_len=64 start_pos=0 elapsed_ms=9.672
kiln_profile_mlp_stage layer=13 stage=gate_proj seq_len=64 start_pos=0 elapsed_ms=21.794
kiln_profile_mlp_stage layer=13 stage=up_proj seq_len=64 start_pos=0 elapsed_ms=17.999
kiln_profile_mlp_stage layer=13 stage=gate_silu_hidden_mul seq_len=64 start_pos=0 elapsed_ms=0.357
kiln_profile_mlp_stage layer=13 stage=down_proj seq_len=64 start_pos=0 elapsed_ms=14.272
kiln_profile_gdn_stage layer=14 stage=in_proj seq_len=64 start_pos=0 elapsed_ms=23.248
kiln_profile_gdn_stage layer=14 stage=qkv_conv_split_norm seq_len=64 start_pos=0 elapsed_ms=1.184
kiln_profile_gdn_stage layer=14 stage=gates seq_len=64 start_pos=0 elapsed_ms=0.261
kiln_profile_gdn_stage layer=14 stage=recurrent seq_len=64 start_pos=0 elapsed_ms=3.584
kiln_profile_gdn_stage layer=14 stage=post_transpose seq_len=64 start_pos=0 elapsed_ms=0.000
kiln_profile_gdn_stage layer=14 stage=gated_norm seq_len=64 start_pos=0 elapsed_ms=0.333
kiln_profile_gdn_stage layer=14 stage=out_proj seq_len=64 start_pos=0 elapsed_ms=5.625
kiln_profile_mlp_stage layer=14 stage=gate_proj seq_len=64 start_pos=0 elapsed_ms=17.784
kiln_profile_mlp_stage layer=14 stage=up_proj seq_len=64 start_pos=0 elapsed_ms=16.858
kiln_profile_mlp_stage layer=14 stage=gate_silu_hidden_mul seq_len=64 start_pos=0 elapsed_ms=0.436
kiln_profile_mlp_stage layer=14 stage=down_proj seq_len=64 start_pos=0 elapsed_ms=14.079
kiln_profile_full_attn_stage full_attn_layer=3 stage=qkv_proj seq_len=64 start_pos=0 elapsed_ms=17.447
kiln_profile_full_attn_stage full_attn_layer=3 stage=qkv_split seq_len=64 start_pos=0 elapsed_ms=2.754
kiln_profile_full_attn_stage full_attn_layer=3 stage=qk_norm seq_len=64 start_pos=0 elapsed_ms=0.342
kiln_profile_full_attn_stage full_attn_layer=3 stage=rope seq_len=64 start_pos=0 elapsed_ms=0.317
kiln_profile_full_attn_stage full_attn_layer=3 stage=q_transpose seq_len=64 start_pos=0 elapsed_ms=4.432
kiln_profile_full_attn_stage full_attn_layer=3 stage=prefill_kv_head_layout seq_len=64 start_pos=0 elapsed_ms=0.558
kiln_profile_full_attn_stage full_attn_layer=3 stage=prefill_attn_head_major seq_len=64 start_pos=0 elapsed_ms=1.405
kiln_profile_full_attn_stage full_attn_layer=3 stage=kv_write seq_len=64 start_pos=0 elapsed_ms=1.488
kiln_profile_full_attn_stage full_attn_layer=3 stage=attn_gate seq_len=64 start_pos=0 elapsed_ms=0.346
kiln_profile_full_attn_stage full_attn_layer=3 stage=o_proj seq_len=64 start_pos=0 elapsed_ms=6.529
kiln_profile_mlp_stage layer=15 stage=gate_proj seq_len=64 start_pos=0 elapsed_ms=20.184
kiln_profile_mlp_stage layer=15 stage=up_proj seq_len=64 start_pos=0 elapsed_ms=16.035
kiln_profile_mlp_stage layer=15 stage=gate_silu_hidden_mul seq_len=64 start_pos=0 elapsed_ms=0.489
kiln_profile_mlp_stage layer=15 stage=down_proj seq_len=64 start_pos=0 elapsed_ms=14.978
kiln_profile_gdn_stage layer=16 stage=in_proj seq_len=64 start_pos=0 elapsed_ms=22.314
kiln_profile_gdn_stage layer=16 stage=qkv_conv_split_norm seq_len=64 start_pos=0 elapsed_ms=0.819
kiln_profile_gdn_stage layer=16 stage=gates seq_len=64 start_pos=0 elapsed_ms=0.284
kiln_profile_gdn_stage layer=16 stage=recurrent seq_len=64 start_pos=0 elapsed_ms=1.795
kiln_profile_gdn_stage layer=16 stage=post_transpose seq_len=64 start_pos=0 elapsed_ms=0.000
kiln_profile_gdn_stage layer=16 stage=gated_norm seq_len=64 start_pos=0 elapsed_ms=0.337
kiln_profile_gdn_stage layer=16 stage=out_proj seq_len=64 start_pos=0 elapsed_ms=5.683
kiln_profile_mlp_stage layer=16 stage=gate_proj seq_len=64 start_pos=0 elapsed_ms=18.284
kiln_profile_mlp_stage layer=16 stage=up_proj seq_len=64 start_pos=0 elapsed_ms=16.418
kiln_profile_mlp_stage layer=16 stage=gate_silu_hidden_mul seq_len=64 start_pos=0 elapsed_ms=1.142
kiln_profile_mlp_stage layer=16 stage=down_proj seq_len=64 start_pos=0 elapsed_ms=11.491
kiln_profile_gdn_stage layer=17 stage=in_proj seq_len=64 start_pos=0 elapsed_ms=23.054
kiln_profile_gdn_stage layer=17 stage=qkv_conv_split_norm seq_len=64 start_pos=0 elapsed_ms=0.941
kiln_profile_gdn_stage layer=17 stage=gates seq_len=64 start_pos=0 elapsed_ms=0.242
kiln_profile_gdn_stage layer=17 stage=recurrent seq_len=64 start_pos=0 elapsed_ms=1.699
kiln_profile_gdn_stage layer=17 stage=post_transpose seq_len=64 start_pos=0 elapsed_ms=0.000
kiln_profile_gdn_stage layer=17 stage=gated_norm seq_len=64 start_pos=0 elapsed_ms=0.309
kiln_profile_gdn_stage layer=17 stage=out_proj seq_len=64 start_pos=0 elapsed_ms=5.492
kiln_profile_mlp_stage layer=17 stage=gate_proj seq_len=64 start_pos=0 elapsed_ms=17.855
kiln_profile_mlp_stage layer=17 stage=up_proj seq_len=64 start_pos=0 elapsed_ms=15.870
kiln_profile_mlp_stage layer=17 stage=gate_silu_hidden_mul seq_len=64 start_pos=0 elapsed_ms=0.347
kiln_profile_mlp_stage layer=17 stage=down_proj seq_len=64 start_pos=0 elapsed_ms=13.345
kiln_profile_gdn_stage layer=18 stage=in_proj seq_len=64 start_pos=0 elapsed_ms=24.648
kiln_profile_gdn_stage layer=18 stage=qkv_conv_split_norm seq_len=64 start_pos=0 elapsed_ms=1.104
kiln_profile_gdn_stage layer=18 stage=gates seq_len=64 start_pos=0 elapsed_ms=0.211
kiln_profile_gdn_stage layer=18 stage=recurrent seq_len=64 start_pos=0 elapsed_ms=3.614
kiln_profile_gdn_stage layer=18 stage=post_transpose seq_len=64 start_pos=0 elapsed_ms=0.000
kiln_profile_gdn_stage layer=18 stage=gated_norm seq_len=64 start_pos=0 elapsed_ms=0.384
kiln_profile_gdn_stage layer=18 stage=out_proj seq_len=64 start_pos=0 elapsed_ms=5.763
kiln_profile_mlp_stage layer=18 stage=gate_proj seq_len=64 start_pos=0 elapsed_ms=17.717
kiln_profile_mlp_stage layer=18 stage=up_proj seq_len=64 start_pos=0 elapsed_ms=16.495
kiln_profile_mlp_stage layer=18 stage=gate_silu_hidden_mul seq_len=64 start_pos=0 elapsed_ms=0.313
kiln_profile_mlp_stage layer=18 stage=down_proj seq_len=64 start_pos=0 elapsed_ms=13.730
kiln_profile_full_attn_stage full_attn_layer=4 stage=qkv_proj seq_len=64 start_pos=0 elapsed_ms=17.293
kiln_profile_full_attn_stage full_attn_layer=4 stage=qkv_split seq_len=64 start_pos=0 elapsed_ms=4.701
kiln_profile_full_attn_stage full_attn_layer=4 stage=qk_norm seq_len=64 start_pos=0 elapsed_ms=2.449
kiln_profile_full_attn_stage full_attn_layer=4 stage=rope seq_len=64 start_pos=0 elapsed_ms=0.441
kiln_profile_full_attn_stage full_attn_layer=4 stage=q_transpose seq_len=64 start_pos=0 elapsed_ms=0.786
kiln_profile_full_attn_stage full_attn_layer=4 stage=prefill_kv_head_layout seq_len=64 start_pos=0 elapsed_ms=0.485
kiln_profile_full_attn_stage full_attn_layer=4 stage=prefill_attn_head_major seq_len=64 start_pos=0 elapsed_ms=1.166
kiln_profile_full_attn_stage full_attn_layer=4 stage=kv_write seq_len=64 start_pos=0 elapsed_ms=1.515
kiln_profile_full_attn_stage full_attn_layer=4 stage=attn_gate seq_len=64 start_pos=0 elapsed_ms=0.402
kiln_profile_full_attn_stage full_attn_layer=4 stage=o_proj seq_len=64 start_pos=0 elapsed_ms=5.874
kiln_profile_mlp_stage layer=19 stage=gate_proj seq_len=64 start_pos=0 elapsed_ms=18.630
kiln_profile_mlp_stage layer=19 stage=up_proj seq_len=64 start_pos=0 elapsed_ms=16.202
kiln_profile_mlp_stage layer=19 stage=gate_silu_hidden_mul seq_len=64 start_pos=0 elapsed_ms=0.373
kiln_profile_mlp_stage layer=19 stage=down_proj seq_len=64 start_pos=0 elapsed_ms=13.060
kiln_profile_gdn_stage layer=20 stage=in_proj seq_len=64 start_pos=0 elapsed_ms=21.744
kiln_profile_gdn_stage layer=20 stage=qkv_conv_split_norm seq_len=64 start_pos=0 elapsed_ms=9.646
kiln_profile_gdn_stage layer=20 stage=gates seq_len=64 start_pos=0 elapsed_ms=0.227
kiln_profile_gdn_stage layer=20 stage=recurrent seq_len=64 start_pos=0 elapsed_ms=3.560
kiln_profile_gdn_stage layer=20 stage=post_transpose seq_len=64 start_pos=0 elapsed_ms=0.000
kiln_profile_gdn_stage layer=20 stage=gated_norm seq_len=64 start_pos=0 elapsed_ms=3.222
kiln_profile_gdn_stage layer=20 stage=out_proj seq_len=64 start_pos=0 elapsed_ms=6.637
kiln_profile_mlp_stage layer=20 stage=gate_proj seq_len=64 start_pos=0 elapsed_ms=18.818
kiln_profile_mlp_stage layer=20 stage=up_proj seq_len=64 start_pos=0 elapsed_ms=16.810
kiln_profile_mlp_stage layer=20 stage=gate_silu_hidden_mul seq_len=64 start_pos=0 elapsed_ms=0.316
kiln_profile_mlp_stage layer=20 stage=down_proj seq_len=64 start_pos=0 elapsed_ms=14.715
kiln_profile_gdn_stage layer=21 stage=in_proj seq_len=64 start_pos=0 elapsed_ms=24.624
kiln_profile_gdn_stage layer=21 stage=qkv_conv_split_norm seq_len=64 start_pos=0 elapsed_ms=1.230
kiln_profile_gdn_stage layer=21 stage=gates seq_len=64 start_pos=0 elapsed_ms=0.286
kiln_profile_gdn_stage layer=21 stage=recurrent seq_len=64 start_pos=0 elapsed_ms=3.196
kiln_profile_gdn_stage layer=21 stage=post_transpose seq_len=64 start_pos=0 elapsed_ms=0.000
kiln_profile_gdn_stage layer=21 stage=gated_norm seq_len=64 start_pos=0 elapsed_ms=0.328
kiln_profile_gdn_stage layer=21 stage=out_proj seq_len=64 start_pos=0 elapsed_ms=5.634
kiln_profile_mlp_stage layer=21 stage=gate_proj seq_len=64 start_pos=0 elapsed_ms=19.374
kiln_profile_mlp_stage layer=21 stage=up_proj seq_len=64 start_pos=0 elapsed_ms=18.404
kiln_profile_mlp_stage layer=21 stage=gate_silu_hidden_mul seq_len=64 start_pos=0 elapsed_ms=1.284
kiln_profile_mlp_stage layer=21 stage=down_proj seq_len=64 start_pos=0 elapsed_ms=12.455
kiln_profile_gdn_stage layer=22 stage=in_proj seq_len=64 start_pos=0 elapsed_ms=26.424
kiln_profile_gdn_stage layer=22 stage=qkv_conv_split_norm seq_len=64 start_pos=0 elapsed_ms=0.948
kiln_profile_gdn_stage layer=22 stage=gates seq_len=64 start_pos=0 elapsed_ms=0.259
kiln_profile_gdn_stage layer=22 stage=recurrent seq_len=64 start_pos=0 elapsed_ms=2.852
kiln_profile_gdn_stage layer=22 stage=post_transpose seq_len=64 start_pos=0 elapsed_ms=0.001
kiln_profile_gdn_stage layer=22 stage=gated_norm seq_len=64 start_pos=0 elapsed_ms=0.435
kiln_profile_gdn_stage layer=22 stage=out_proj seq_len=64 start_pos=0 elapsed_ms=6.491
kiln_profile_mlp_stage layer=22 stage=gate_proj seq_len=64 start_pos=0 elapsed_ms=22.361
kiln_profile_mlp_stage layer=22 stage=up_proj seq_len=64 start_pos=0 elapsed_ms=16.411
kiln_profile_mlp_stage layer=22 stage=gate_silu_hidden_mul seq_len=64 start_pos=0 elapsed_ms=0.433
kiln_profile_mlp_stage layer=22 stage=down_proj seq_len=64 start_pos=0 elapsed_ms=14.705
kiln_profile_full_attn_stage full_attn_layer=5 stage=qkv_proj seq_len=64 start_pos=0 elapsed_ms=20.735
kiln_profile_full_attn_stage full_attn_layer=5 stage=qkv_split seq_len=64 start_pos=0 elapsed_ms=1.774
kiln_profile_full_attn_stage full_attn_layer=5 stage=qk_norm seq_len=64 start_pos=0 elapsed_ms=0.401
kiln_profile_full_attn_stage full_attn_layer=5 stage=rope seq_len=64 start_pos=0 elapsed_ms=0.378
kiln_profile_full_attn_stage full_attn_layer=5 stage=q_transpose seq_len=64 start_pos=0 elapsed_ms=0.903
kiln_profile_full_attn_stage full_attn_layer=5 stage=prefill_kv_head_layout seq_len=64 start_pos=0 elapsed_ms=0.566
kiln_profile_full_attn_stage full_attn_layer=5 stage=prefill_attn_head_major seq_len=64 start_pos=0 elapsed_ms=3.604
kiln_profile_full_attn_stage full_attn_layer=5 stage=kv_write seq_len=64 start_pos=0 elapsed_ms=1.699
kiln_profile_full_attn_stage full_attn_layer=5 stage=attn_gate seq_len=64 start_pos=0 elapsed_ms=0.430
kiln_profile_full_attn_stage full_attn_layer=5 stage=o_proj seq_len=64 start_pos=0 elapsed_ms=6.552
kiln_profile_mlp_stage layer=23 stage=gate_proj seq_len=64 start_pos=0 elapsed_ms=17.246
kiln_profile_mlp_stage layer=23 stage=up_proj seq_len=64 start_pos=0 elapsed_ms=16.732
kiln_profile_mlp_stage layer=23 stage=gate_silu_hidden_mul seq_len=64 start_pos=0 elapsed_ms=0.462
kiln_profile_mlp_stage layer=23 stage=down_proj seq_len=64 start_pos=0 elapsed_ms=14.292
kiln_profile_gdn_stage layer=24 stage=in_proj seq_len=64 start_pos=0 elapsed_ms=25.512
kiln_profile_gdn_stage layer=24 stage=qkv_conv_split_norm seq_len=64 start_pos=0 elapsed_ms=0.935
kiln_profile_gdn_stage layer=24 stage=gates seq_len=64 start_pos=0 elapsed_ms=0.312
kiln_profile_gdn_stage layer=24 stage=recurrent seq_len=64 start_pos=0 elapsed_ms=2.012
kiln_profile_gdn_stage layer=24 stage=post_transpose seq_len=64 start_pos=0 elapsed_ms=0.000
kiln_profile_gdn_stage layer=24 stage=gated_norm seq_len=64 start_pos=0 elapsed_ms=0.404
kiln_profile_gdn_stage layer=24 stage=out_proj seq_len=64 start_pos=0 elapsed_ms=5.975
kiln_profile_mlp_stage layer=24 stage=gate_proj seq_len=64 start_pos=0 elapsed_ms=16.658
kiln_profile_mlp_stage layer=24 stage=up_proj seq_len=64 start_pos=0 elapsed_ms=16.371
kiln_profile_mlp_stage layer=24 stage=gate_silu_hidden_mul seq_len=64 start_pos=0 elapsed_ms=0.431
kiln_profile_mlp_stage layer=24 stage=down_proj seq_len=64 start_pos=0 elapsed_ms=15.723
kiln_profile_gdn_stage layer=25 stage=in_proj seq_len=64 start_pos=0 elapsed_ms=25.548
kiln_profile_gdn_stage layer=25 stage=qkv_conv_split_norm seq_len=64 start_pos=0 elapsed_ms=1.249
kiln_profile_gdn_stage layer=25 stage=gates seq_len=64 start_pos=0 elapsed_ms=0.307
kiln_profile_gdn_stage layer=25 stage=recurrent seq_len=64 start_pos=0 elapsed_ms=3.553
kiln_profile_gdn_stage layer=25 stage=post_transpose seq_len=64 start_pos=0 elapsed_ms=0.000
kiln_profile_gdn_stage layer=25 stage=gated_norm seq_len=64 start_pos=0 elapsed_ms=0.482
kiln_profile_gdn_stage layer=25 stage=out_proj seq_len=64 start_pos=0 elapsed_ms=7.118
kiln_profile_mlp_stage layer=25 stage=gate_proj seq_len=64 start_pos=0 elapsed_ms=23.915
kiln_profile_mlp_stage layer=25 stage=up_proj seq_len=64 start_pos=0 elapsed_ms=26.638
kiln_profile_mlp_stage layer=25 stage=gate_silu_hidden_mul seq_len=64 start_pos=0 elapsed_ms=2.096
kiln_profile_mlp_stage layer=25 stage=down_proj seq_len=64 start_pos=0 elapsed_ms=12.435
kiln_profile_gdn_stage layer=26 stage=in_proj seq_len=64 start_pos=0 elapsed_ms=24.835
kiln_profile_gdn_stage layer=26 stage=qkv_conv_split_norm seq_len=64 start_pos=0 elapsed_ms=1.000
kiln_profile_gdn_stage layer=26 stage=gates seq_len=64 start_pos=0 elapsed_ms=0.277
kiln_profile_gdn_stage layer=26 stage=recurrent seq_len=64 start_pos=0 elapsed_ms=3.506
kiln_profile_gdn_stage layer=26 stage=post_transpose seq_len=64 start_pos=0 elapsed_ms=0.000
kiln_profile_gdn_stage layer=26 stage=gated_norm seq_len=64 start_pos=0 elapsed_ms=0.452
kiln_profile_gdn_stage layer=26 stage=out_proj seq_len=64 start_pos=0 elapsed_ms=6.568
kiln_profile_mlp_stage layer=26 stage=gate_proj seq_len=64 start_pos=0 elapsed_ms=20.695
kiln_profile_mlp_stage layer=26 stage=up_proj seq_len=64 start_pos=0 elapsed_ms=17.496
kiln_profile_mlp_stage layer=26 stage=gate_silu_hidden_mul seq_len=64 start_pos=0 elapsed_ms=0.490
kiln_profile_mlp_stage layer=26 stage=down_proj seq_len=64 start_pos=0 elapsed_ms=15.936
kiln_profile_full_attn_stage full_attn_layer=6 stage=qkv_proj seq_len=64 start_pos=0 elapsed_ms=16.628
kiln_profile_full_attn_stage full_attn_layer=6 stage=qkv_split seq_len=64 start_pos=0 elapsed_ms=2.444
kiln_profile_full_attn_stage full_attn_layer=6 stage=qk_norm seq_len=64 start_pos=0 elapsed_ms=0.355
kiln_profile_full_attn_stage full_attn_layer=6 stage=rope seq_len=64 start_pos=0 elapsed_ms=0.330
kiln_profile_full_attn_stage full_attn_layer=6 stage=q_transpose seq_len=64 start_pos=0 elapsed_ms=1.020
kiln_profile_full_attn_stage full_attn_layer=6 stage=prefill_kv_head_layout seq_len=64 start_pos=0 elapsed_ms=0.543
kiln_profile_full_attn_stage full_attn_layer=6 stage=prefill_attn_head_major seq_len=64 start_pos=0 elapsed_ms=5.505
kiln_profile_full_attn_stage full_attn_layer=6 stage=kv_write seq_len=64 start_pos=0 elapsed_ms=1.841
kiln_profile_full_attn_stage full_attn_layer=6 stage=attn_gate seq_len=64 start_pos=0 elapsed_ms=0.433
kiln_profile_full_attn_stage full_attn_layer=6 stage=o_proj seq_len=64 start_pos=0 elapsed_ms=7.338
kiln_profile_mlp_stage layer=27 stage=gate_proj seq_len=64 start_pos=0 elapsed_ms=18.763
kiln_profile_mlp_stage layer=27 stage=up_proj seq_len=64 start_pos=0 elapsed_ms=17.432
kiln_profile_mlp_stage layer=27 stage=gate_silu_hidden_mul seq_len=64 start_pos=0 elapsed_ms=0.502
kiln_profile_mlp_stage layer=27 stage=down_proj seq_len=64 start_pos=0 elapsed_ms=14.119
kiln_profile_gdn_stage layer=28 stage=in_proj seq_len=64 start_pos=0 elapsed_ms=24.002
kiln_profile_gdn_stage layer=28 stage=qkv_conv_split_norm seq_len=64 start_pos=0 elapsed_ms=1.266
kiln_profile_gdn_stage layer=28 stage=gates seq_len=64 start_pos=0 elapsed_ms=0.322
kiln_profile_gdn_stage layer=28 stage=recurrent seq_len=64 start_pos=0 elapsed_ms=3.711
kiln_profile_gdn_stage layer=28 stage=post_transpose seq_len=64 start_pos=0 elapsed_ms=0.000
kiln_profile_gdn_stage layer=28 stage=gated_norm seq_len=64 start_pos=0 elapsed_ms=0.463
kiln_profile_gdn_stage layer=28 stage=out_proj seq_len=64 start_pos=0 elapsed_ms=7.182
kiln_profile_mlp_stage layer=28 stage=gate_proj seq_len=64 start_pos=0 elapsed_ms=19.196
kiln_profile_mlp_stage layer=28 stage=up_proj seq_len=64 start_pos=0 elapsed_ms=18.571
kiln_profile_mlp_stage layer=28 stage=gate_silu_hidden_mul seq_len=64 start_pos=0 elapsed_ms=0.339
kiln_profile_mlp_stage layer=28 stage=down_proj seq_len=64 start_pos=0 elapsed_ms=14.676
kiln_profile_gdn_stage layer=29 stage=in_proj seq_len=64 start_pos=0 elapsed_ms=24.220
kiln_profile_gdn_stage layer=29 stage=qkv_conv_split_norm seq_len=64 start_pos=0 elapsed_ms=1.167
kiln_profile_gdn_stage layer=29 stage=gates seq_len=64 start_pos=0 elapsed_ms=0.258
kiln_profile_gdn_stage layer=29 stage=recurrent seq_len=64 start_pos=0 elapsed_ms=2.749
kiln_profile_gdn_stage layer=29 stage=post_transpose seq_len=64 start_pos=0 elapsed_ms=0.000
kiln_profile_gdn_stage layer=29 stage=gated_norm seq_len=64 start_pos=0 elapsed_ms=0.329
kiln_profile_gdn_stage layer=29 stage=out_proj seq_len=64 start_pos=0 elapsed_ms=5.483
kiln_profile_mlp_stage layer=29 stage=gate_proj seq_len=64 start_pos=0 elapsed_ms=15.723
kiln_profile_mlp_stage layer=29 stage=up_proj seq_len=64 start_pos=0 elapsed_ms=16.485
kiln_profile_mlp_stage layer=29 stage=gate_silu_hidden_mul seq_len=64 start_pos=0 elapsed_ms=0.390
kiln_profile_mlp_stage layer=29 stage=down_proj seq_len=64 start_pos=0 elapsed_ms=16.865
kiln_profile_gdn_stage layer=30 stage=in_proj seq_len=64 start_pos=0 elapsed_ms=28.069
kiln_profile_gdn_stage layer=30 stage=qkv_conv_split_norm seq_len=64 start_pos=0 elapsed_ms=1.122
kiln_profile_gdn_stage layer=30 stage=gates seq_len=64 start_pos=0 elapsed_ms=0.240
kiln_profile_gdn_stage layer=30 stage=recurrent seq_len=64 start_pos=0 elapsed_ms=2.156
kiln_profile_gdn_stage layer=30 stage=post_transpose seq_len=64 start_pos=0 elapsed_ms=0.000
kiln_profile_gdn_stage layer=30 stage=gated_norm seq_len=64 start_pos=0 elapsed_ms=0.360
kiln_profile_gdn_stage layer=30 stage=out_proj seq_len=64 start_pos=0 elapsed_ms=5.702
kiln_profile_mlp_stage layer=30 stage=gate_proj seq_len=64 start_pos=0 elapsed_ms=15.892
kiln_profile_mlp_stage layer=30 stage=up_proj seq_len=64 start_pos=0 elapsed_ms=15.911
kiln_profile_mlp_stage layer=30 stage=gate_silu_hidden_mul seq_len=64 start_pos=0 elapsed_ms=0.349
kiln_profile_mlp_stage layer=30 stage=down_proj seq_len=64 start_pos=0 elapsed_ms=14.622
kiln_profile_full_attn_stage full_attn_layer=7 stage=qkv_proj seq_len=64 start_pos=0 elapsed_ms=17.785
kiln_profile_full_attn_stage full_attn_layer=7 stage=qkv_split seq_len=64 start_pos=0 elapsed_ms=2.806
kiln_profile_full_attn_stage full_attn_layer=7 stage=qk_norm seq_len=64 start_pos=0 elapsed_ms=0.499
kiln_profile_full_attn_stage full_attn_layer=7 stage=rope seq_len=64 start_pos=0 elapsed_ms=0.463
kiln_profile_full_attn_stage full_attn_layer=7 stage=q_transpose seq_len=64 start_pos=0 elapsed_ms=1.414
kiln_profile_full_attn_stage full_attn_layer=7 stage=prefill_kv_head_layout seq_len=64 start_pos=0 elapsed_ms=0.765
kiln_profile_full_attn_stage full_attn_layer=7 stage=prefill_attn_head_major seq_len=64 start_pos=0 elapsed_ms=1.938
kiln_profile_full_attn_stage full_attn_layer=7 stage=kv_write seq_len=64 start_pos=0 elapsed_ms=1.649
kiln_profile_full_attn_stage full_attn_layer=7 stage=attn_gate seq_len=64 start_pos=0 elapsed_ms=0.399
kiln_profile_full_attn_stage full_attn_layer=7 stage=o_proj seq_len=64 start_pos=0 elapsed_ms=14.365
kiln_profile_mlp_stage layer=31 stage=gate_proj seq_len=64 start_pos=0 elapsed_ms=16.428
kiln_profile_mlp_stage layer=31 stage=up_proj seq_len=64 start_pos=0 elapsed_ms=19.862
kiln_profile_mlp_stage layer=31 stage=gate_silu_hidden_mul seq_len=64 start_pos=0 elapsed_ms=0.457
kiln_profile_mlp_stage layer=31 stage=down_proj seq_len=64 start_pos=0 elapsed_ms=12.314
kiln_profile_gdn_stage layer=0 stage=in_proj seq_len=1 start_pos=64 elapsed_ms=3.504
kiln_profile_gdn_stage layer=0 stage=qkv_conv_norm seq_len=1 start_pos=64 elapsed_ms=0.264
kiln_profile_gdn_stage layer=0 stage=gates_recur_gated_norm seq_len=1 start_pos=64 elapsed_ms=0.363
kiln_profile_gdn_stage layer=0 stage=post_transpose seq_len=1 start_pos=64 elapsed_ms=0.000
kiln_profile_gdn_stage layer=0 stage=gated_norm seq_len=1 start_pos=64 elapsed_ms=0.002
kiln_profile_gdn_stage layer=0 stage=out_proj seq_len=1 start_pos=64 elapsed_ms=1.311
kiln_profile_mlp_stage layer=0 stage=gate_up_fused seq_len=1 start_pos=64 elapsed_ms=4.295
kiln_profile_mlp_stage layer=0 stage=down_proj seq_len=1 start_pos=64 elapsed_ms=2.661
kiln_profile_gdn_stage layer=1 stage=in_proj seq_len=1 start_pos=64 elapsed_ms=3.112
kiln_profile_gdn_stage layer=1 stage=qkv_conv_norm seq_len=1 start_pos=64 elapsed_ms=0.229
kiln_profile_gdn_stage layer=1 stage=gates_recur_gated_norm seq_len=1 start_pos=64 elapsed_ms=0.315
kiln_profile_gdn_stage layer=1 stage=post_transpose seq_len=1 start_pos=64 elapsed_ms=0.000
kiln_profile_gdn_stage layer=1 stage=gated_norm seq_len=1 start_pos=64 elapsed_ms=0.001
kiln_profile_gdn_stage layer=1 stage=out_proj seq_len=1 start_pos=64 elapsed_ms=1.144
kiln_profile_mlp_stage layer=1 stage=gate_up_fused seq_len=1 start_pos=64 elapsed_ms=4.153
kiln_profile_mlp_stage layer=1 stage=down_proj seq_len=1 start_pos=64 elapsed_ms=2.351
kiln_profile_gdn_stage layer=2 stage=in_proj seq_len=1 start_pos=64 elapsed_ms=3.026
kiln_profile_gdn_stage layer=2 stage=qkv_conv_norm seq_len=1 start_pos=64 elapsed_ms=0.208
kiln_profile_gdn_stage layer=2 stage=gates_recur_gated_norm seq_len=1 start_pos=64 elapsed_ms=0.310
kiln_profile_gdn_stage layer=2 stage=post_transpose seq_len=1 start_pos=64 elapsed_ms=0.000
kiln_profile_gdn_stage layer=2 stage=gated_norm seq_len=1 start_pos=64 elapsed_ms=0.001
kiln_profile_gdn_stage layer=2 stage=out_proj seq_len=1 start_pos=64 elapsed_ms=1.208
kiln_profile_mlp_stage layer=2 stage=gate_up_fused seq_len=1 start_pos=64 elapsed_ms=4.236
kiln_profile_mlp_stage layer=2 stage=down_proj seq_len=1 start_pos=64 elapsed_ms=2.464
kiln_profile_full_attn_stage full_attn_layer=0 stage=qkv_proj seq_len=1 start_pos=64 elapsed_ms=2.790
kiln_profile_full_attn_stage full_attn_layer=0 stage=qkv_split seq_len=1 start_pos=64 elapsed_ms=0.275
kiln_profile_full_attn_stage full_attn_layer=0 stage=qk_norm seq_len=1 start_pos=64 elapsed_ms=0.242
kiln_profile_full_attn_stage full_attn_layer=0 stage=rope seq_len=1 start_pos=64 elapsed_ms=0.233
kiln_profile_full_attn_stage full_attn_layer=0 stage=q_transpose seq_len=1 start_pos=64 elapsed_ms=0.015
kiln_profile_full_attn_stage full_attn_layer=0 stage=kv_write seq_len=1 start_pos=64 elapsed_ms=1.010
kiln_profile_full_attn_stage full_attn_layer=0 stage=decode_attn_contiguous seq_len=1 start_pos=64 elapsed_ms=0.268
kiln_profile_full_attn_stage full_attn_layer=0 stage=attn_gate seq_len=1 start_pos=64 elapsed_ms=0.204
kiln_profile_full_attn_stage full_attn_layer=0 stage=o_proj seq_len=1 start_pos=64 elapsed_ms=1.203
kiln_profile_mlp_stage layer=3 stage=gate_up_fused seq_len=1 start_pos=64 elapsed_ms=4.444
kiln_profile_mlp_stage layer=3 stage=down_proj seq_len=1 start_pos=64 elapsed_ms=2.448
kiln_profile_gdn_stage layer=4 stage=in_proj seq_len=1 start_pos=64 elapsed_ms=3.251
kiln_profile_gdn_stage layer=4 stage=qkv_conv_norm seq_len=1 start_pos=64 elapsed_ms=0.276
kiln_profile_gdn_stage layer=4 stage=gates_recur_gated_norm seq_len=1 start_pos=64 elapsed_ms=0.376
kiln_profile_gdn_stage layer=4 stage=post_transpose seq_len=1 start_pos=64 elapsed_ms=0.000
kiln_profile_gdn_stage layer=4 stage=gated_norm seq_len=1 start_pos=64 elapsed_ms=0.002
kiln_profile_gdn_stage layer=4 stage=out_proj seq_len=1 start_pos=64 elapsed_ms=1.287
kiln_profile_mlp_stage layer=4 stage=gate_up_fused seq_len=1 start_pos=64 elapsed_ms=4.270
kiln_profile_mlp_stage layer=4 stage=down_proj seq_len=1 start_pos=64 elapsed_ms=2.325
kiln_profile_gdn_stage layer=5 stage=in_proj seq_len=1 start_pos=64 elapsed_ms=3.149
kiln_profile_gdn_stage layer=5 stage=qkv_conv_norm seq_len=1 start_pos=64 elapsed_ms=0.229
kiln_profile_gdn_stage layer=5 stage=gates_recur_gated_norm seq_len=1 start_pos=64 elapsed_ms=0.312
kiln_profile_gdn_stage layer=5 stage=post_transpose seq_len=1 start_pos=64 elapsed_ms=0.000
kiln_profile_gdn_stage layer=5 stage=gated_norm seq_len=1 start_pos=64 elapsed_ms=0.001
kiln_profile_gdn_stage layer=5 stage=out_proj seq_len=1 start_pos=64 elapsed_ms=1.165
kiln_profile_mlp_stage layer=5 stage=gate_up_fused seq_len=1 start_pos=64 elapsed_ms=4.396
kiln_profile_mlp_stage layer=5 stage=down_proj seq_len=1 start_pos=64 elapsed_ms=2.301
kiln_profile_gdn_stage layer=6 stage=in_proj seq_len=1 start_pos=64 elapsed_ms=3.676
kiln_profile_gdn_stage layer=6 stage=qkv_conv_norm seq_len=1 start_pos=64 elapsed_ms=0.239
kiln_profile_gdn_stage layer=6 stage=gates_recur_gated_norm seq_len=1 start_pos=64 elapsed_ms=0.330
kiln_profile_gdn_stage layer=6 stage=post_transpose seq_len=1 start_pos=64 elapsed_ms=0.000
kiln_profile_gdn_stage layer=6 stage=gated_norm seq_len=1 start_pos=64 elapsed_ms=0.001
kiln_profile_gdn_stage layer=6 stage=out_proj seq_len=1 start_pos=64 elapsed_ms=1.222
kiln_profile_mlp_stage layer=6 stage=gate_up_fused seq_len=1 start_pos=64 elapsed_ms=4.258
kiln_profile_mlp_stage layer=6 stage=down_proj seq_len=1 start_pos=64 elapsed_ms=18.040
kiln_profile_full_attn_stage full_attn_layer=1 stage=qkv_proj seq_len=1 start_pos=64 elapsed_ms=2.886
kiln_profile_full_attn_stage full_attn_layer=1 stage=qkv_split seq_len=1 start_pos=64 elapsed_ms=0.247
kiln_profile_full_attn_stage full_attn_layer=1 stage=qk_norm seq_len=1 start_pos=64 elapsed_ms=0.209
kiln_profile_full_attn_stage full_attn_layer=1 stage=rope seq_len=1 start_pos=64 elapsed_ms=0.220
kiln_profile_full_attn_stage full_attn_layer=1 stage=q_transpose seq_len=1 start_pos=64 elapsed_ms=0.001
kiln_profile_full_attn_stage full_attn_layer=1 stage=kv_write seq_len=1 start_pos=64 elapsed_ms=1.087
kiln_profile_full_attn_stage full_attn_layer=1 stage=decode_attn_contiguous seq_len=1 start_pos=64 elapsed_ms=0.278
kiln_profile_full_attn_stage full_attn_layer=1 stage=attn_gate seq_len=1 start_pos=64 elapsed_ms=0.871
kiln_profile_full_attn_stage full_attn_layer=1 stage=o_proj seq_len=1 start_pos=64 elapsed_ms=1.900
kiln_profile_mlp_stage layer=7 stage=gate_up_fused seq_len=1 start_pos=64 elapsed_ms=4.882
kiln_profile_mlp_stage layer=7 stage=down_proj seq_len=1 start_pos=64 elapsed_ms=2.837
kiln_profile_gdn_stage layer=8 stage=in_proj seq_len=1 start_pos=64 elapsed_ms=3.738
kiln_profile_gdn_stage layer=8 stage=qkv_conv_norm seq_len=1 start_pos=64 elapsed_ms=0.243
kiln_profile_gdn_stage layer=8 stage=gates_recur_gated_norm seq_len=1 start_pos=64 elapsed_ms=0.352
kiln_profile_gdn_stage layer=8 stage=post_transpose seq_len=1 start_pos=64 elapsed_ms=0.000
kiln_profile_gdn_stage layer=8 stage=gated_norm seq_len=1 start_pos=64 elapsed_ms=0.002
kiln_profile_gdn_stage layer=8 stage=out_proj seq_len=1 start_pos=64 elapsed_ms=1.440
kiln_profile_mlp_stage layer=8 stage=gate_up_fused seq_len=1 start_pos=64 elapsed_ms=5.326
kiln_profile_mlp_stage layer=8 stage=down_proj seq_len=1 start_pos=64 elapsed_ms=2.467
kiln_profile_gdn_stage layer=9 stage=in_proj seq_len=1 start_pos=64 elapsed_ms=3.343
kiln_profile_gdn_stage layer=9 stage=qkv_conv_norm seq_len=1 start_pos=64 elapsed_ms=0.257
kiln_profile_gdn_stage layer=9 stage=gates_recur_gated_norm seq_len=1 start_pos=64 elapsed_ms=0.351
kiln_profile_gdn_stage layer=9 stage=post_transpose seq_len=1 start_pos=64 elapsed_ms=0.000
kiln_profile_gdn_stage layer=9 stage=gated_norm seq_len=1 start_pos=64 elapsed_ms=0.001
kiln_profile_gdn_stage layer=9 stage=out_proj seq_len=1 start_pos=64 elapsed_ms=1.263
kiln_profile_mlp_stage layer=9 stage=gate_up_fused seq_len=1 start_pos=64 elapsed_ms=5.910
kiln_profile_mlp_stage layer=9 stage=down_proj seq_len=1 start_pos=64 elapsed_ms=2.485
kiln_profile_gdn_stage layer=10 stage=in_proj seq_len=1 start_pos=64 elapsed_ms=3.502
kiln_profile_gdn_stage layer=10 stage=qkv_conv_norm seq_len=1 start_pos=64 elapsed_ms=0.303
kiln_profile_gdn_stage layer=10 stage=gates_recur_gated_norm seq_len=1 start_pos=64 elapsed_ms=0.455
kiln_profile_gdn_stage layer=10 stage=post_transpose seq_len=1 start_pos=64 elapsed_ms=0.000
kiln_profile_gdn_stage layer=10 stage=gated_norm seq_len=1 start_pos=64 elapsed_ms=0.005
kiln_profile_gdn_stage layer=10 stage=out_proj seq_len=1 start_pos=64 elapsed_ms=1.466
kiln_profile_mlp_stage layer=10 stage=gate_up_fused seq_len=1 start_pos=64 elapsed_ms=5.605
kiln_profile_mlp_stage layer=10 stage=down_proj seq_len=1 start_pos=64 elapsed_ms=2.868
kiln_profile_full_attn_stage full_attn_layer=2 stage=qkv_proj seq_len=1 start_pos=64 elapsed_ms=3.363
kiln_profile_full_attn_stage full_attn_layer=2 stage=qkv_split seq_len=1 start_pos=64 elapsed_ms=0.424
kiln_profile_full_attn_stage full_attn_layer=2 stage=qk_norm seq_len=1 start_pos=64 elapsed_ms=0.404
kiln_profile_full_attn_stage full_attn_layer=2 stage=rope seq_len=1 start_pos=64 elapsed_ms=0.322
kiln_profile_full_attn_stage full_attn_layer=2 stage=q_transpose seq_len=1 start_pos=64 elapsed_ms=0.001
kiln_profile_full_attn_stage full_attn_layer=2 stage=kv_write seq_len=1 start_pos=64 elapsed_ms=1.286
kiln_profile_full_attn_stage full_attn_layer=2 stage=decode_attn_contiguous seq_len=1 start_pos=64 elapsed_ms=0.371
kiln_profile_full_attn_stage full_attn_layer=2 stage=attn_gate seq_len=1 start_pos=64 elapsed_ms=0.342
kiln_profile_full_attn_stage full_attn_layer=2 stage=o_proj seq_len=1 start_pos=64 elapsed_ms=2.076
kiln_profile_mlp_stage layer=11 stage=gate_up_fused seq_len=1 start_pos=64 elapsed_ms=7.661
kiln_profile_mlp_stage layer=11 stage=down_proj seq_len=1 start_pos=64 elapsed_ms=2.976
kiln_profile_gdn_stage layer=12 stage=in_proj seq_len=1 start_pos=64 elapsed_ms=4.330
kiln_profile_gdn_stage layer=12 stage=qkv_conv_norm seq_len=1 start_pos=64 elapsed_ms=0.270
kiln_profile_gdn_stage layer=12 stage=gates_recur_gated_norm seq_len=1 start_pos=64 elapsed_ms=0.375
kiln_profile_gdn_stage layer=12 stage=post_transpose seq_len=1 start_pos=64 elapsed_ms=0.000
kiln_profile_gdn_stage layer=12 stage=gated_norm seq_len=1 start_pos=64 elapsed_ms=0.002
kiln_profile_gdn_stage layer=12 stage=out_proj seq_len=1 start_pos=64 elapsed_ms=1.453
kiln_profile_mlp_stage layer=12 stage=gate_up_fused seq_len=1 start_pos=64 elapsed_ms=5.612
kiln_profile_mlp_stage layer=12 stage=down_proj seq_len=1 start_pos=64 elapsed_ms=3.072
kiln_profile_gdn_stage layer=13 stage=in_proj seq_len=1 start_pos=64 elapsed_ms=4.217
kiln_profile_gdn_stage layer=13 stage=qkv_conv_norm seq_len=1 start_pos=64 elapsed_ms=0.280
kiln_profile_gdn_stage layer=13 stage=gates_recur_gated_norm seq_len=1 start_pos=64 elapsed_ms=0.529
kiln_profile_gdn_stage layer=13 stage=post_transpose seq_len=1 start_pos=64 elapsed_ms=0.000
kiln_profile_gdn_stage layer=13 stage=gated_norm seq_len=1 start_pos=64 elapsed_ms=0.002
kiln_profile_gdn_stage layer=13 stage=out_proj seq_len=1 start_pos=64 elapsed_ms=1.485
kiln_profile_mlp_stage layer=13 stage=gate_up_fused seq_len=1 start_pos=64 elapsed_ms=6.458
kiln_profile_mlp_stage layer=13 stage=down_proj seq_len=1 start_pos=64 elapsed_ms=2.620
kiln_profile_gdn_stage layer=14 stage=in_proj seq_len=1 start_pos=64 elapsed_ms=4.083
kiln_profile_gdn_stage layer=14 stage=qkv_conv_norm seq_len=1 start_pos=64 elapsed_ms=0.312
kiln_profile_gdn_stage layer=14 stage=gates_recur_gated_norm seq_len=1 start_pos=64 elapsed_ms=0.505
kiln_profile_gdn_stage layer=14 stage=post_transpose seq_len=1 start_pos=64 elapsed_ms=0.000
kiln_profile_gdn_stage layer=14 stage=gated_norm seq_len=1 start_pos=64 elapsed_ms=0.002
kiln_profile_gdn_stage layer=14 stage=out_proj seq_len=1 start_pos=64 elapsed_ms=1.603
kiln_profile_mlp_stage layer=14 stage=gate_up_fused seq_len=1 start_pos=64 elapsed_ms=6.041
kiln_profile_mlp_stage layer=14 stage=down_proj seq_len=1 start_pos=64 elapsed_ms=2.843
kiln_profile_full_attn_stage full_attn_layer=3 stage=qkv_proj seq_len=1 start_pos=64 elapsed_ms=3.217
kiln_profile_full_attn_stage full_attn_layer=3 stage=qkv_split seq_len=1 start_pos=64 elapsed_ms=0.345
kiln_profile_full_attn_stage full_attn_layer=3 stage=qk_norm seq_len=1 start_pos=64 elapsed_ms=0.310
kiln_profile_full_attn_stage full_attn_layer=3 stage=rope seq_len=1 start_pos=64 elapsed_ms=0.294
kiln_profile_full_attn_stage full_attn_layer=3 stage=q_transpose seq_len=1 start_pos=64 elapsed_ms=0.009
kiln_profile_full_attn_stage full_attn_layer=3 stage=kv_write seq_len=1 start_pos=64 elapsed_ms=1.296
kiln_profile_full_attn_stage full_attn_layer=3 stage=decode_attn_contiguous seq_len=1 start_pos=64 elapsed_ms=0.384
kiln_profile_full_attn_stage full_attn_layer=3 stage=attn_gate seq_len=1 start_pos=64 elapsed_ms=0.294
kiln_profile_full_attn_stage full_attn_layer=3 stage=o_proj seq_len=1 start_pos=64 elapsed_ms=1.927
kiln_profile_mlp_stage layer=15 stage=gate_up_fused seq_len=1 start_pos=64 elapsed_ms=7.573
kiln_profile_mlp_stage layer=15 stage=down_proj seq_len=1 start_pos=64 elapsed_ms=3.043
kiln_profile_gdn_stage layer=16 stage=in_proj seq_len=1 start_pos=64 elapsed_ms=4.562
kiln_profile_gdn_stage layer=16 stage=qkv_conv_norm seq_len=1 start_pos=64 elapsed_ms=0.343
kiln_profile_gdn_stage layer=16 stage=gates_recur_gated_norm seq_len=1 start_pos=64 elapsed_ms=0.535
kiln_profile_gdn_stage layer=16 stage=post_transpose seq_len=1 start_pos=64 elapsed_ms=0.000
kiln_profile_gdn_stage layer=16 stage=gated_norm seq_len=1 start_pos=64 elapsed_ms=0.002
kiln_profile_gdn_stage layer=16 stage=out_proj seq_len=1 start_pos=64 elapsed_ms=1.443
kiln_profile_mlp_stage layer=16 stage=gate_up_fused seq_len=1 start_pos=64 elapsed_ms=5.176
kiln_profile_mlp_stage layer=16 stage=down_proj seq_len=1 start_pos=64 elapsed_ms=2.538
kiln_profile_gdn_stage layer=17 stage=in_proj seq_len=1 start_pos=64 elapsed_ms=3.813
kiln_profile_gdn_stage layer=17 stage=qkv_conv_norm seq_len=1 start_pos=64 elapsed_ms=0.285
kiln_profile_gdn_stage layer=17 stage=gates_recur_gated_norm seq_len=1 start_pos=64 elapsed_ms=0.460
kiln_profile_gdn_stage layer=17 stage=post_transpose seq_len=1 start_pos=64 elapsed_ms=0.000
kiln_profile_gdn_stage layer=17 stage=gated_norm seq_len=1 start_pos=64 elapsed_ms=0.002
kiln_profile_gdn_stage layer=17 stage=out_proj seq_len=1 start_pos=64 elapsed_ms=1.443
kiln_profile_mlp_stage layer=17 stage=gate_up_fused seq_len=1 start_pos=64 elapsed_ms=5.624
kiln_profile_mlp_stage layer=17 stage=down_proj seq_len=1 start_pos=64 elapsed_ms=2.467
kiln_profile_gdn_stage layer=18 stage=in_proj seq_len=1 start_pos=64 elapsed_ms=3.757
kiln_profile_gdn_stage layer=18 stage=qkv_conv_norm seq_len=1 start_pos=64 elapsed_ms=0.272
kiln_profile_gdn_stage layer=18 stage=gates_recur_gated_norm seq_len=1 start_pos=64 elapsed_ms=0.487
kiln_profile_gdn_stage layer=18 stage=post_transpose seq_len=1 start_pos=64 elapsed_ms=0.000
kiln_profile_gdn_stage layer=18 stage=gated_norm seq_len=1 start_pos=64 elapsed_ms=0.009
kiln_profile_gdn_stage layer=18 stage=out_proj seq_len=1 start_pos=64 elapsed_ms=1.321
kiln_profile_mlp_stage layer=18 stage=gate_up_fused seq_len=1 start_pos=64 elapsed_ms=5.346
kiln_profile_mlp_stage layer=18 stage=down_proj seq_len=1 start_pos=64 elapsed_ms=2.637
kiln_profile_full_attn_stage full_attn_layer=4 stage=qkv_proj seq_len=1 start_pos=64 elapsed_ms=3.113
kiln_profile_full_attn_stage full_attn_layer=4 stage=qkv_split seq_len=1 start_pos=64 elapsed_ms=0.427
kiln_profile_full_attn_stage full_attn_layer=4 stage=qk_norm seq_len=1 start_pos=64 elapsed_ms=0.376
kiln_profile_full_attn_stage full_attn_layer=4 stage=rope seq_len=1 start_pos=64 elapsed_ms=0.341
kiln_profile_full_attn_stage full_attn_layer=4 stage=q_transpose seq_len=1 start_pos=64 elapsed_ms=0.001
kiln_profile_full_attn_stage full_attn_layer=4 stage=kv_write seq_len=1 start_pos=64 elapsed_ms=1.168
kiln_profile_full_attn_stage full_attn_layer=4 stage=decode_attn_contiguous seq_len=1 start_pos=64 elapsed_ms=0.409
kiln_profile_full_attn_stage full_attn_layer=4 stage=attn_gate seq_len=1 start_pos=64 elapsed_ms=0.281
kiln_profile_full_attn_stage full_attn_layer=4 stage=o_proj seq_len=1 start_pos=64 elapsed_ms=1.865
kiln_profile_mlp_stage layer=19 stage=gate_up_fused seq_len=1 start_pos=64 elapsed_ms=7.297
kiln_profile_mlp_stage layer=19 stage=down_proj seq_len=1 start_pos=64 elapsed_ms=2.825
kiln_profile_gdn_stage layer=20 stage=in_proj seq_len=1 start_pos=64 elapsed_ms=4.189
kiln_profile_gdn_stage layer=20 stage=qkv_conv_norm seq_len=1 start_pos=64 elapsed_ms=0.344
kiln_profile_gdn_stage layer=20 stage=gates_recur_gated_norm seq_len=1 start_pos=64 elapsed_ms=0.543
kiln_profile_gdn_stage layer=20 stage=post_transpose seq_len=1 start_pos=64 elapsed_ms=0.000
kiln_profile_gdn_stage layer=20 stage=gated_norm seq_len=1 start_pos=64 elapsed_ms=0.002
kiln_profile_gdn_stage layer=20 stage=out_proj seq_len=1 start_pos=64 elapsed_ms=1.508
kiln_profile_mlp_stage layer=20 stage=gate_up_fused seq_len=1 start_pos=64 elapsed_ms=5.415
kiln_profile_mlp_stage layer=20 stage=down_proj seq_len=1 start_pos=64 elapsed_ms=2.708
kiln_profile_gdn_stage layer=21 stage=in_proj seq_len=1 start_pos=64 elapsed_ms=3.688
kiln_profile_gdn_stage layer=21 stage=qkv_conv_norm seq_len=1 start_pos=64 elapsed_ms=9.087
kiln_profile_gdn_stage layer=21 stage=gates_recur_gated_norm seq_len=1 start_pos=64 elapsed_ms=0.469
kiln_profile_gdn_stage layer=21 stage=post_transpose seq_len=1 start_pos=64 elapsed_ms=0.000
kiln_profile_gdn_stage layer=21 stage=gated_norm seq_len=1 start_pos=64 elapsed_ms=0.002
kiln_profile_gdn_stage layer=21 stage=out_proj seq_len=1 start_pos=64 elapsed_ms=1.292
kiln_profile_mlp_stage layer=21 stage=gate_up_fused seq_len=1 start_pos=64 elapsed_ms=5.053
kiln_profile_mlp_stage layer=21 stage=down_proj seq_len=1 start_pos=64 elapsed_ms=2.497
kiln_profile_gdn_stage layer=22 stage=in_proj seq_len=1 start_pos=64 elapsed_ms=3.960
kiln_profile_gdn_stage layer=22 stage=qkv_conv_norm seq_len=1 start_pos=64 elapsed_ms=0.337
kiln_profile_gdn_stage layer=22 stage=gates_recur_gated_norm seq_len=1 start_pos=64 elapsed_ms=0.462
kiln_profile_gdn_stage layer=22 stage=post_transpose seq_len=1 start_pos=64 elapsed_ms=0.000
kiln_profile_gdn_stage layer=22 stage=gated_norm seq_len=1 start_pos=64 elapsed_ms=0.001
kiln_profile_gdn_stage layer=22 stage=out_proj seq_len=1 start_pos=64 elapsed_ms=1.492
kiln_profile_mlp_stage layer=22 stage=gate_up_fused seq_len=1 start_pos=64 elapsed_ms=5.552
kiln_profile_mlp_stage layer=22 stage=down_proj seq_len=1 start_pos=64 elapsed_ms=2.826
kiln_profile_full_attn_stage full_attn_layer=5 stage=qkv_proj seq_len=1 start_pos=64 elapsed_ms=3.180
kiln_profile_full_attn_stage full_attn_layer=5 stage=qkv_split seq_len=1 start_pos=64 elapsed_ms=1.531
kiln_profile_full_attn_stage full_attn_layer=5 stage=qk_norm seq_len=1 start_pos=64 elapsed_ms=0.373
kiln_profile_full_attn_stage full_attn_layer=5 stage=rope seq_len=1 start_pos=64 elapsed_ms=0.878
kiln_profile_full_attn_stage full_attn_layer=5 stage=q_transpose seq_len=1 start_pos=64 elapsed_ms=0.001
kiln_profile_full_attn_stage full_attn_layer=5 stage=kv_write seq_len=1 start_pos=64 elapsed_ms=1.523
kiln_profile_full_attn_stage full_attn_layer=5 stage=decode_attn_contiguous seq_len=1 start_pos=64 elapsed_ms=0.353
kiln_profile_full_attn_stage full_attn_layer=5 stage=attn_gate seq_len=1 start_pos=64 elapsed_ms=0.246
kiln_profile_full_attn_stage full_attn_layer=5 stage=o_proj seq_len=1 start_pos=64 elapsed_ms=1.527
kiln_profile_mlp_stage layer=23 stage=gate_up_fused seq_len=1 start_pos=64 elapsed_ms=5.452
kiln_profile_mlp_stage layer=23 stage=down_proj seq_len=1 start_pos=64 elapsed_ms=2.887
kiln_profile_gdn_stage layer=24 stage=in_proj seq_len=1 start_pos=64 elapsed_ms=4.283
kiln_profile_gdn_stage layer=24 stage=qkv_conv_norm seq_len=1 start_pos=64 elapsed_ms=0.391
kiln_profile_gdn_stage layer=24 stage=gates_recur_gated_norm seq_len=1 start_pos=64 elapsed_ms=0.598
kiln_profile_gdn_stage layer=24 stage=post_transpose seq_len=1 start_pos=64 elapsed_ms=0.000
kiln_profile_gdn_stage layer=24 stage=gated_norm seq_len=1 start_pos=64 elapsed_ms=0.016
kiln_profile_gdn_stage layer=24 stage=out_proj seq_len=1 start_pos=64 elapsed_ms=1.561
kiln_profile_mlp_stage layer=24 stage=gate_up_fused seq_len=1 start_pos=64 elapsed_ms=5.522
kiln_profile_mlp_stage layer=24 stage=down_proj seq_len=1 start_pos=64 elapsed_ms=2.810
kiln_profile_gdn_stage layer=25 stage=in_proj seq_len=1 start_pos=64 elapsed_ms=5.202
kiln_profile_gdn_stage layer=25 stage=qkv_conv_norm seq_len=1 start_pos=64 elapsed_ms=0.997
kiln_profile_gdn_stage layer=25 stage=gates_recur_gated_norm seq_len=1 start_pos=64 elapsed_ms=0.459
kiln_profile_gdn_stage layer=25 stage=post_transpose seq_len=1 start_pos=64 elapsed_ms=0.000
kiln_profile_gdn_stage layer=25 stage=gated_norm seq_len=1 start_pos=64 elapsed_ms=0.001
kiln_profile_gdn_stage layer=25 stage=out_proj seq_len=1 start_pos=64 elapsed_ms=1.338
kiln_profile_mlp_stage layer=25 stage=gate_up_fused seq_len=1 start_pos=64 elapsed_ms=3.561
kiln_profile_mlp_stage layer=25 stage=down_proj seq_len=1 start_pos=64 elapsed_ms=1.216
kiln_profile_gdn_stage layer=26 stage=in_proj seq_len=1 start_pos=64 elapsed_ms=2.143
kiln_profile_gdn_stage layer=26 stage=qkv_conv_norm seq_len=1 start_pos=64 elapsed_ms=0.248
kiln_profile_gdn_stage layer=26 stage=gates_recur_gated_norm seq_len=1 start_pos=64 elapsed_ms=0.393
kiln_profile_gdn_stage layer=26 stage=post_transpose seq_len=1 start_pos=64 elapsed_ms=0.000
kiln_profile_gdn_stage layer=26 stage=gated_norm seq_len=1 start_pos=64 elapsed_ms=0.001
kiln_profile_gdn_stage layer=26 stage=out_proj seq_len=1 start_pos=64 elapsed_ms=0.692
kiln_profile_mlp_stage layer=26 stage=gate_up_fused seq_len=1 start_pos=64 elapsed_ms=2.151
kiln_profile_mlp_stage layer=26 stage=down_proj seq_len=1 start_pos=64 elapsed_ms=1.182
kiln_profile_full_attn_stage full_attn_layer=6 stage=qkv_proj seq_len=1 start_pos=64 elapsed_ms=1.347
kiln_profile_full_attn_stage full_attn_layer=6 stage=qkv_split seq_len=1 start_pos=64 elapsed_ms=0.306
kiln_profile_full_attn_stage full_attn_layer=6 stage=qk_norm seq_len=1 start_pos=64 elapsed_ms=0.265
kiln_profile_full_attn_stage full_attn_layer=6 stage=rope seq_len=1 start_pos=64 elapsed_ms=0.340
kiln_profile_full_attn_stage full_attn_layer=6 stage=q_transpose seq_len=1 start_pos=64 elapsed_ms=0.007
kiln_profile_full_attn_stage full_attn_layer=6 stage=kv_write seq_len=1 start_pos=64 elapsed_ms=0.263
kiln_profile_full_attn_stage full_attn_layer=6 stage=decode_attn_contiguous seq_len=1 start_pos=64 elapsed_ms=0.333
kiln_profile_full_attn_stage full_attn_layer=6 stage=attn_gate seq_len=1 start_pos=64 elapsed_ms=0.297
kiln_profile_full_attn_stage full_attn_layer=6 stage=o_proj seq_len=1 start_pos=64 elapsed_ms=0.875
kiln_profile_mlp_stage layer=27 stage=gate_up_fused seq_len=1 start_pos=64 elapsed_ms=2.522
kiln_profile_mlp_stage layer=27 stage=down_proj seq_len=1 start_pos=64 elapsed_ms=1.361
kiln_profile_gdn_stage layer=28 stage=in_proj seq_len=1 start_pos=64 elapsed_ms=2.354
kiln_profile_gdn_stage layer=28 stage=qkv_conv_norm seq_len=1 start_pos=64 elapsed_ms=0.332
kiln_profile_gdn_stage layer=28 stage=gates_recur_gated_norm seq_len=1 start_pos=64 elapsed_ms=0.529
kiln_profile_gdn_stage layer=28 stage=post_transpose seq_len=1 start_pos=64 elapsed_ms=0.000
kiln_profile_gdn_stage layer=28 stage=gated_norm seq_len=1 start_pos=64 elapsed_ms=0.001
kiln_profile_gdn_stage layer=28 stage=out_proj seq_len=1 start_pos=64 elapsed_ms=2.628
kiln_profile_mlp_stage layer=28 stage=gate_up_fused seq_len=1 start_pos=64 elapsed_ms=3.772
kiln_profile_mlp_stage layer=28 stage=down_proj seq_len=1 start_pos=64 elapsed_ms=1.341
kiln_profile_gdn_stage layer=29 stage=in_proj seq_len=1 start_pos=64 elapsed_ms=2.438
kiln_profile_gdn_stage layer=29 stage=qkv_conv_norm seq_len=1 start_pos=64 elapsed_ms=0.351
kiln_profile_gdn_stage layer=29 stage=gates_recur_gated_norm seq_len=1 start_pos=64 elapsed_ms=0.471
kiln_profile_gdn_stage layer=29 stage=post_transpose seq_len=1 start_pos=64 elapsed_ms=0.000
kiln_profile_gdn_stage layer=29 stage=gated_norm seq_len=1 start_pos=64 elapsed_ms=0.001
kiln_profile_gdn_stage layer=29 stage=out_proj seq_len=1 start_pos=64 elapsed_ms=0.729
kiln_profile_mlp_stage layer=29 stage=gate_up_fused seq_len=1 start_pos=64 elapsed_ms=2.171
kiln_profile_mlp_stage layer=29 stage=down_proj seq_len=1 start_pos=64 elapsed_ms=1.200
kiln_profile_gdn_stage layer=30 stage=in_proj seq_len=1 start_pos=64 elapsed_ms=2.141
kiln_profile_gdn_stage layer=30 stage=qkv_conv_norm seq_len=1 start_pos=64 elapsed_ms=0.312
kiln_profile_gdn_stage layer=30 stage=gates_recur_gated_norm seq_len=1 start_pos=64 elapsed_ms=0.417
kiln_profile_gdn_stage layer=30 stage=post_transpose seq_len=1 start_pos=64 elapsed_ms=0.000
kiln_profile_gdn_stage layer=30 stage=gated_norm seq_len=1 start_pos=64 elapsed_ms=0.001
kiln_profile_gdn_stage layer=30 stage=out_proj seq_len=1 start_pos=64 elapsed_ms=0.676
kiln_profile_mlp_stage layer=30 stage=gate_up_fused seq_len=1 start_pos=64 elapsed_ms=2.224
kiln_profile_mlp_stage layer=30 stage=down_proj seq_len=1 start_pos=64 elapsed_ms=1.159
kiln_profile_full_attn_stage full_attn_layer=7 stage=qkv_proj seq_len=1 start_pos=64 elapsed_ms=1.384
kiln_profile_full_attn_stage full_attn_layer=7 stage=qkv_split seq_len=1 start_pos=64 elapsed_ms=0.317
kiln_profile_full_attn_stage full_attn_layer=7 stage=qk_norm seq_len=1 start_pos=64 elapsed_ms=0.277
kiln_profile_full_attn_stage full_attn_layer=7 stage=rope seq_len=1 start_pos=64 elapsed_ms=0.333
kiln_profile_full_attn_stage full_attn_layer=7 stage=q_transpose seq_len=1 start_pos=64 elapsed_ms=0.001
kiln_profile_full_attn_stage full_attn_layer=7 stage=kv_write seq_len=1 start_pos=64 elapsed_ms=0.267
kiln_profile_full_attn_stage full_attn_layer=7 stage=decode_attn_contiguous seq_len=1 start_pos=64 elapsed_ms=0.332
kiln_profile_full_attn_stage full_attn_layer=7 stage=attn_gate seq_len=1 start_pos=64 elapsed_ms=0.258
kiln_profile_full_attn_stage full_attn_layer=7 stage=o_proj seq_len=1 start_pos=64 elapsed_ms=0.826
kiln_profile_mlp_stage layer=31 stage=gate_up_fused seq_len=1 start_pos=64 elapsed_ms=2.478
kiln_profile_mlp_stage layer=31 stage=down_proj seq_len=1 start_pos=64 elapsed_ms=1.240
{"timestamp":"2026-05-09T18:19:46.106722Z","level":"INFO","fields":{"message":"background inference prewarm complete","elapsed_ms":11477},"target":"kiln"}
{"timestamp":"2026-05-09T18:19:57.354575Z","level":"INFO","fields":{"message":"response","status":200,"duration_ms":1.211542},"target":"kiln_server::api","span":{"duration_ms":1.211542,"method":"POST","path":"/v1/chat/completions","status":200,"name":"http_request"},"spans":[{"duration_ms":1.211542,"method":"POST","path":"/v1/chat/completions","status":200,"name":"http_request"}]}
{"timestamp":"2026-05-09T18:19:57.354584Z","level":"INFO","fields":{"message":"response","status":200,"duration_ms":1.2229160000000001},"target":"kiln_server::api","span":{"duration_ms":1.222916,"method":"POST","path":"/v1/chat/completions","status":200,"name":"http_request"},"spans":[{"duration_ms":1.222916,"method":"POST","path":"/v1/chat/completions","status":200,"name":"http_request"}]}
{"timestamp":"2026-05-09T18:19:57.354596Z","level":"INFO","fields":{"message":"response","status":200,"duration_ms":1.233958},"target":"kiln_server::api","span":{"duration_ms":1.233958,"method":"POST","path":"/v1/chat/completions","status":200,"name":"http_request"},"spans":[{"duration_ms":1.233958,"method":"POST","path":"/v1/chat/completions","status":200,"name":"http_request"}]}
{"timestamp":"2026-05-09T18:19:57.354597Z","level":"INFO","fields":{"message":"response","status":200,"duration_ms":1.2142089999999999},"target":"kiln_server::api","span":{"duration_ms":1.214209,"method":"POST","path":"/v1/chat/completions","status":200,"name":"http_request"},"spans":[{"duration_ms":1.214209,"method":"POST","path":"/v1/chat/completions","status":200,"name":"http_request"}]}
kiln_profile_gdn_stage layer=0 stage=in_proj seq_len=18 start_pos=0 elapsed_ms=17.972
kiln_profile_gdn_stage layer=0 stage=qkv_conv_split_norm seq_len=18 start_pos=0 elapsed_ms=11.156
kiln_profile_gdn_stage layer=0 stage=gates seq_len=18 start_pos=0 elapsed_ms=0.958
kiln_profile_gdn_stage layer=0 stage=in_proj seq_len=18 start_pos=0 elapsed_ms=15.720
kiln_profile_gdn_stage layer=0 stage=recurrent seq_len=18 start_pos=0 elapsed_ms=3.668
kiln_profile_gdn_stage layer=0 stage=post_transpose seq_len=18 start_pos=0 elapsed_ms=0.001
kiln_profile_gdn_stage layer=0 stage=in_proj seq_len=18 start_pos=0 elapsed_ms=7.310
kiln_profile_gdn_stage layer=0 stage=qkv_conv_split_norm seq_len=18 start_pos=0 elapsed_ms=7.006
kiln_profile_gdn_stage layer=0 stage=gated_norm seq_len=18 start_pos=0 elapsed_ms=0.975
kiln_profile_gdn_stage layer=0 stage=gates seq_len=18 start_pos=0 elapsed_ms=0.650
kiln_profile_gdn_stage layer=0 stage=qkv_conv_split_norm seq_len=18 start_pos=0 elapsed_ms=1.075
kiln_profile_gdn_stage layer=0 stage=out_proj seq_len=18 start_pos=0 elapsed_ms=3.093
kiln_profile_gdn_stage layer=0 stage=recurrent seq_len=18 start_pos=0 elapsed_ms=4.695
kiln_profile_gdn_stage layer=0 stage=gates seq_len=18 start_pos=0 elapsed_ms=4.128
kiln_profile_gdn_stage layer=0 stage=post_transpose seq_len=18 start_pos=0 elapsed_ms=8.999
kiln_profile_gdn_stage layer=0 stage=in_proj seq_len=18 start_pos=0 elapsed_ms=15.373
kiln_profile_mlp_stage layer=0 stage=gate_proj seq_len=18 start_pos=0 elapsed_ms=9.011
kiln_profile_gdn_stage layer=0 stage=recurrent seq_len=18 start_pos=0 elapsed_ms=0.843
kiln_profile_gdn_stage layer=0 stage=gated_norm seq_len=18 start_pos=0 elapsed_ms=0.257
kiln_profile_gdn_stage layer=0 stage=post_transpose seq_len=18 start_pos=0 elapsed_ms=0.002
kiln_profile_mlp_stage layer=0 stage=up_proj seq_len=18 start_pos=0 elapsed_ms=5.401
kiln_profile_gdn_stage layer=0 stage=out_proj seq_len=18 start_pos=0 elapsed_ms=7.217
kiln_profile_gdn_stage layer=0 stage=qkv_conv_split_norm seq_len=18 start_pos=0 elapsed_ms=7.612
kiln_profile_gdn_stage layer=0 stage=gated_norm seq_len=18 start_pos=0 elapsed_ms=0.310
kiln_profile_mlp_stage layer=0 stage=gate_silu_hidden_mul seq_len=18 start_pos=0 elapsed_ms=0.594
kiln_profile_gdn_stage layer=0 stage=gates seq_len=18 start_pos=0 elapsed_ms=0.448
kiln_profile_gdn_stage layer=0 stage=out_proj seq_len=18 start_pos=0 elapsed_ms=7.154
kiln_profile_gdn_stage layer=0 stage=recurrent seq_len=18 start_pos=0 elapsed_ms=1.027
kiln_profile_mlp_stage layer=0 stage=down_proj seq_len=18 start_pos=0 elapsed_ms=5.829
kiln_profile_mlp_stage layer=0 stage=gate_proj seq_len=18 start_pos=0 elapsed_ms=4.522
kiln_profile_gdn_stage layer=0 stage=post_transpose seq_len=18 start_pos=0 elapsed_ms=0.002
kiln_profile_mlp_stage layer=0 stage=up_proj seq_len=18 start_pos=0 elapsed_ms=6.703
kiln_profile_mlp_stage layer=0 stage=gate_proj seq_len=18 start_pos=0 elapsed_ms=3.500
kiln_profile_gdn_stage layer=0 stage=gated_norm seq_len=18 start_pos=0 elapsed_ms=5.281
kiln_profile_gdn_stage layer=1 stage=in_proj seq_len=18 start_pos=0 elapsed_ms=9.493
kiln_profile_mlp_stage layer=0 stage=up_proj seq_len=18 start_pos=0 elapsed_ms=5.293
kiln_profile_mlp_stage layer=0 stage=gate_silu_hidden_mul seq_len=18 start_pos=0 elapsed_ms=1.717
kiln_profile_gdn_stage layer=0 stage=out_proj seq_len=18 start_pos=0 elapsed_ms=1.491
kiln_profile_gdn_stage layer=1 stage=qkv_conv_split_norm seq_len=18 start_pos=0 elapsed_ms=0.347
kiln_profile_mlp_stage layer=0 stage=gate_silu_hidden_mul seq_len=18 start_pos=0 elapsed_ms=3.456
kiln_profile_mlp_stage layer=0 stage=down_proj seq_len=18 start_pos=0 elapsed_ms=3.408
kiln_profile_gdn_stage layer=1 stage=gates seq_len=18 start_pos=0 elapsed_ms=0.542
kiln_profile_mlp_stage layer=0 stage=down_proj seq_len=18 start_pos=0 elapsed_ms=7.399
kiln_profile_mlp_stage layer=0 stage=gate_proj seq_len=18 start_pos=0 elapsed_ms=3.298
kiln_profile_gdn_stage layer=1 stage=recurrent seq_len=18 start_pos=0 elapsed_ms=4.029
kiln_profile_gdn_stage layer=1 stage=in_proj seq_len=18 start_pos=0 elapsed_ms=4.524
kiln_profile_gdn_stage layer=1 stage=post_transpose seq_len=18 start_pos=0 elapsed_ms=0.002
kiln_profile_gdn_stage layer=1 stage=qkv_conv_split_norm seq_len=18 start_pos=0 elapsed_ms=4.120
kiln_profile_gdn_stage layer=1 stage=in_proj seq_len=18 start_pos=0 elapsed_ms=4.016
kiln_profile_mlp_stage layer=0 stage=up_proj seq_len=18 start_pos=0 elapsed_ms=7.762
kiln_profile_gdn_stage layer=1 stage=gated_norm seq_len=18 start_pos=0 elapsed_ms=0.260
kiln_profile_gdn_stage layer=1 stage=gates seq_len=18 start_pos=0 elapsed_ms=0.492
kiln_profile_mlp_stage layer=0 stage=gate_silu_hidden_mul seq_len=18 start_pos=0 elapsed_ms=2.582
kiln_profile_gdn_stage layer=1 stage=out_proj seq_len=18 start_pos=0 elapsed_ms=2.906
kiln_profile_gdn_stage layer=1 stage=qkv_conv_split_norm seq_len=18 start_pos=0 elapsed_ms=1.175
kiln_profile_gdn_stage layer=1 stage=recurrent seq_len=18 start_pos=0 elapsed_ms=3.580
kiln_profile_mlp_stage layer=0 stage=down_proj seq_len=18 start_pos=0 elapsed_ms=2.995
kiln_profile_gdn_stage layer=1 stage=post_transpose seq_len=18 start_pos=0 elapsed_ms=0.002
kiln_profile_mlp_stage layer=1 stage=gate_proj seq_len=18 start_pos=0 elapsed_ms=3.756
kiln_profile_gdn_stage layer=1 stage=gates seq_len=18 start_pos=0 elapsed_ms=3.980
kiln_profile_gdn_stage layer=1 stage=gated_norm seq_len=18 start_pos=0 elapsed_ms=2.317
kiln_profile_gdn_stage layer=1 stage=in_proj seq_len=18 start_pos=0 elapsed_ms=9.123
kiln_profile_gdn_stage layer=1 stage=recurrent seq_len=18 start_pos=0 elapsed_ms=1.407
kiln_profile_mlp_stage layer=1 stage=up_proj seq_len=18 start_pos=0 elapsed_ms=6.808
kiln_profile_gdn_stage layer=1 stage=out_proj seq_len=18 start_pos=0 elapsed_ms=1.367
kiln_profile_gdn_stage layer=1 stage=qkv_conv_split_norm seq_len=18 start_pos=0 elapsed_ms=0.927
kiln_profile_mlp_stage layer=1 stage=gate_silu_hidden_mul seq_len=18 start_pos=0 elapsed_ms=0.595
kiln_profile_gdn_stage layer=1 stage=post_transpose seq_len=18 start_pos=0 elapsed_ms=0.000
kiln_profile_mlp_stage layer=1 stage=gate_proj seq_len=18 start_pos=0 elapsed_ms=2.668
kiln_profile_gdn_stage layer=1 stage=gates seq_len=18 start_pos=0 elapsed_ms=7.551
kiln_profile_gdn_stage layer=1 stage=gated_norm seq_len=18 start_pos=0 elapsed_ms=7.467
kiln_profile_mlp_stage layer=1 stage=down_proj seq_len=18 start_pos=0 elapsed_ms=7.185
kiln_profile_mlp_stage layer=1 stage=up_proj seq_len=18 start_pos=0 elapsed_ms=2.597
kiln_profile_gdn_stage layer=1 stage=recurrent seq_len=18 start_pos=0 elapsed_ms=0.692
kiln_profile_gdn_stage layer=1 stage=out_proj seq_len=18 start_pos=0 elapsed_ms=1.548
kiln_profile_mlp_stage layer=1 stage=gate_silu_hidden_mul seq_len=18 start_pos=0 elapsed_ms=0.482
kiln_profile_gdn_stage layer=1 stage=post_transpose seq_len=18 start_pos=0 elapsed_ms=0.002
kiln_profile_mlp_stage layer=1 stage=down_proj seq_len=18 start_pos=0 elapsed_ms=4.847
kiln_profile_mlp_stage layer=1 stage=gate_proj seq_len=18 start_pos=0 elapsed_ms=2.659
kiln_profile_gdn_stage layer=1 stage=gated_norm seq_len=18 start_pos=0 elapsed_ms=4.015
kiln_profile_gdn_stage layer=2 stage=in_proj seq_len=18 start_pos=0 elapsed_ms=17.762
kiln_profile_mlp_stage layer=1 stage=up_proj seq_len=18 start_pos=0 elapsed_ms=4.562
kiln_profile_gdn_stage layer=2 stage=in_proj seq_len=18 start_pos=0 elapsed_ms=8.664
kiln_profile_gdn_stage layer=1 stage=out_proj seq_len=18 start_pos=0 elapsed_ms=2.103
kiln_profile_mlp_stage layer=1 stage=gate_silu_hidden_mul seq_len=18 start_pos=0 elapsed_ms=0.693
kiln_profile_gdn_stage layer=2 stage=qkv_conv_split_norm seq_len=18 start_pos=0 elapsed_ms=1.364
kiln_profile_mlp_stage layer=1 stage=gate_proj seq_len=18 start_pos=0 elapsed_ms=3.045
kiln_profile_mlp_stage layer=1 stage=down_proj seq_len=18 start_pos=0 elapsed_ms=5.814
kiln_profile_gdn_stage layer=2 stage=gates seq_len=18 start_pos=0 elapsed_ms=3.063
kiln_profile_gdn_stage layer=2 stage=qkv_conv_split_norm seq_len=18 start_pos=0 elapsed_ms=6.983
kiln_profile_mlp_stage layer=1 stage=up_proj seq_len=18 start_pos=0 elapsed_ms=2.378
kiln_profile_gdn_stage layer=2 stage=recurrent seq_len=18 start_pos=0 elapsed_ms=2.910
kiln_profile_gdn_stage layer=2 stage=gates seq_len=18 start_pos=0 elapsed_ms=2.339
kiln_profile_mlp_stage layer=1 stage=gate_silu_hidden_mul seq_len=18 start_pos=0 elapsed_ms=1.536
kiln_profile_gdn_stage layer=2 stage=post_transpose seq_len=18 start_pos=0 elapsed_ms=0.002
kiln_profile_gdn_stage layer=2 stage=in_proj seq_len=18 start_pos=0 elapsed_ms=4.881
kiln_profile_gdn_stage layer=2 stage=recurrent seq_len=18 start_pos=0 elapsed_ms=3.485
kiln_profile_mlp_stage layer=1 stage=down_proj seq_len=18 start_pos=0 elapsed_ms=2.949
kiln_profile_gdn_stage layer=2 stage=gated_norm seq_len=18 start_pos=0 elapsed_ms=3.289
kiln_profile_gdn_stage layer=2 stage=qkv_conv_split_norm seq_len=18 start_pos=0 elapsed_ms=0.380
kiln_profile_gdn_stage layer=2 stage=post_transpose seq_len=18 start_pos=0 elapsed_ms=0.000
kiln_profile_gdn_stage layer=2 stage=gated_norm seq_len=18 start_pos=0 elapsed_ms=2.009
kiln_profile_gdn_stage layer=2 stage=out_proj seq_len=18 start_pos=0 elapsed_ms=4.651
kiln_profile_gdn_stage layer=2 stage=gates seq_len=18 start_pos=0 elapsed_ms=0.994
kiln_profile_gdn_stage layer=2 stage=in_proj seq_len=18 start_pos=0 elapsed_ms=6.733
kiln_profile_gdn_stage layer=2 stage=out_proj seq_len=18 start_pos=0 elapsed_ms=1.285
kiln_profile_gdn_stage layer=2 stage=recurrent seq_len=18 start_pos=0 elapsed_ms=5.018
kiln_profile_gdn_stage layer=2 stage=qkv_conv_split_norm seq_len=18 start_pos=0 elapsed_ms=4.462
kiln_profile_mlp_stage layer=2 stage=gate_proj seq_len=18 start_pos=0 elapsed_ms=6.675
kiln_profile_gdn_stage layer=2 stage=post_transpose seq_len=18 start_pos=0 elapsed_ms=0.002
kiln_profile_mlp_stage layer=2 stage=gate_proj seq_len=18 start_pos=0 elapsed_ms=2.543
kiln_profile_gdn_stage layer=2 stage=gates seq_len=18 start_pos=0 elapsed_ms=0.230
kiln_profile_gdn_stage layer=2 stage=gated_norm seq_len=18 start_pos=0 elapsed_ms=3.584
kiln_profile_mlp_stage layer=2 stage=up_proj seq_len=18 start_pos=0 elapsed_ms=3.284
kiln_profile_mlp_stage layer=2 stage=up_proj seq_len=18 start_pos=0 elapsed_ms=9.025
kiln_profile_gdn_stage layer=2 stage=recurrent seq_len=18 start_pos=0 elapsed_ms=0.726
kiln_profile_gdn_stage layer=2 stage=out_proj seq_len=18 start_pos=0 elapsed_ms=1.212
kiln_profile_gdn_stage layer=2 stage=post_transpose seq_len=18 start_pos=0 elapsed_ms=0.002
kiln_profile_mlp_stage layer=2 stage=gate_silu_hidden_mul seq_len=18 start_pos=0 elapsed_ms=3.027
kiln_profile_mlp_stage layer=2 stage=gate_silu_hidden_mul seq_len=18 start_pos=0 elapsed_ms=3.368
kiln_profile_mlp_stage layer=2 stage=gate_proj seq_len=18 start_pos=0 elapsed_ms=2.702
kiln_profile_gdn_stage layer=2 stage=gated_norm seq_len=18 start_pos=0 elapsed_ms=0.308
kiln_profile_mlp_stage layer=2 stage=down_proj seq_len=18 start_pos=0 elapsed_ms=6.898
kiln_profile_mlp_stage layer=2 stage=down_proj seq_len=18 start_pos=0 elapsed_ms=6.251
kiln_profile_gdn_stage layer=2 stage=out_proj seq_len=18 start_pos=0 elapsed_ms=4.133
kiln_profile_mlp_stage layer=2 stage=up_proj seq_len=18 start_pos=0 elapsed_ms=2.804
kiln_profile_full_attn_stage full_attn_layer=0 stage=qkv_proj seq_len=18 start_pos=0 elapsed_ms=12.577
kiln_profile_mlp_stage layer=2 stage=gate_proj seq_len=18 start_pos=0 elapsed_ms=5.643
kiln_profile_full_attn_stage full_attn_layer=0 stage=qkv_proj seq_len=18 start_pos=0 elapsed_ms=13.081
kiln_profile_mlp_stage layer=2 stage=gate_silu_hidden_mul seq_len=18 start_pos=0 elapsed_ms=8.834
kiln_profile_full_attn_stage full_attn_layer=0 stage=qkv_split seq_len=18 start_pos=0 elapsed_ms=0.522
kiln_profile_mlp_stage layer=2 stage=up_proj seq_len=18 start_pos=0 elapsed_ms=4.852
kiln_profile_mlp_stage layer=2 stage=down_proj seq_len=18 start_pos=0 elapsed_ms=2.784
kiln_profile_full_attn_stage full_attn_layer=0 stage=qk_norm seq_len=18 start_pos=0 elapsed_ms=0.810
kiln_profile_mlp_stage layer=2 stage=gate_silu_hidden_mul seq_len=18 start_pos=0 elapsed_ms=0.876
kiln_profile_mlp_stage layer=2 stage=down_proj seq_len=18 start_pos=0 elapsed_ms=4.287
kiln_profile_full_attn_stage full_attn_layer=0 stage=qkv_split seq_len=18 start_pos=0 elapsed_ms=6.081
kiln_profile_full_attn_stage full_attn_layer=0 stage=rope seq_len=18 start_pos=0 elapsed_ms=4.610
kiln_profile_full_attn_stage full_attn_layer=0 stage=qkv_proj seq_len=18 start_pos=0 elapsed_ms=6.270
kiln_profile_full_attn_stage full_attn_layer=0 stage=qk_norm seq_len=18 start_pos=0 elapsed_ms=4.091
kiln_profile_full_attn_stage full_attn_layer=0 stage=q_transpose seq_len=18 start_pos=0 elapsed_ms=4.477
kiln_profile_full_attn_stage full_attn_layer=0 stage=qkv_split seq_len=18 start_pos=0 elapsed_ms=4.491
kiln_profile_full_attn_stage full_attn_layer=0 stage=qkv_proj seq_len=18 start_pos=0 elapsed_ms=4.593
kiln_profile_full_attn_stage full_attn_layer=0 stage=rope seq_len=18 start_pos=0 elapsed_ms=0.370
kiln_profile_full_attn_stage full_attn_layer=0 stage=prefill_kv_head_layout seq_len=18 start_pos=0 elapsed_ms=1.463
kiln_profile_full_attn_stage full_attn_layer=0 stage=qk_norm seq_len=18 start_pos=0 elapsed_ms=2.291
kiln_profile_full_attn_stage full_attn_layer=0 stage=qkv_split seq_len=18 start_pos=0 elapsed_ms=1.905
kiln_profile_full_attn_stage full_attn_layer=0 stage=q_transpose seq_len=18 start_pos=0 elapsed_ms=1.592
kiln_profile_full_attn_stage full_attn_layer=0 stage=prefill_attn_head_major seq_len=18 start_pos=0 elapsed_ms=3.248
kiln_profile_full_attn_stage full_attn_layer=0 stage=rope seq_len=18 start_pos=0 elapsed_ms=1.174
kiln_profile_full_attn_stage full_attn_layer=0 stage=qk_norm seq_len=18 start_pos=0 elapsed_ms=1.508
kiln_profile_full_attn_stage full_attn_layer=0 stage=prefill_kv_head_layout seq_len=18 start_pos=0 elapsed_ms=1.503
kiln_profile_full_attn_stage full_attn_layer=0 stage=q_transpose seq_len=18 start_pos=0 elapsed_ms=2.301
kiln_profile_full_attn_stage full_attn_layer=0 stage=kv_write seq_len=18 start_pos=0 elapsed_ms=3.449
kiln_profile_full_attn_stage full_attn_layer=0 stage=rope seq_len=18 start_pos=0 elapsed_ms=2.256
kiln_profile_full_attn_stage full_attn_layer=0 stage=prefill_attn_head_major seq_len=18 start_pos=0 elapsed_ms=3.158
kiln_profile_full_attn_stage full_attn_layer=0 stage=q_transpose seq_len=18 start_pos=0 elapsed_ms=1.101
kiln_profile_full_attn_stage full_attn_layer=0 stage=prefill_kv_head_layout seq_len=18 start_pos=0 elapsed_ms=1.136
kiln_profile_full_attn_stage full_attn_layer=0 stage=kv_write seq_len=18 start_pos=0 elapsed_ms=0.748
kiln_profile_full_attn_stage full_attn_layer=0 stage=prefill_kv_head_layout seq_len=18 start_pos=0 elapsed_ms=1.297
kiln_profile_full_attn_stage full_attn_layer=0 stage=attn_gate seq_len=18 start_pos=0 elapsed_ms=2.883
kiln_profile_full_attn_stage full_attn_layer=0 stage=prefill_attn_head_major seq_len=18 start_pos=0 elapsed_ms=1.308
kiln_profile_full_attn_stage full_attn_layer=0 stage=attn_gate seq_len=18 start_pos=0 elapsed_ms=0.253
kiln_profile_full_attn_stage full_attn_layer=0 stage=o_proj seq_len=18 start_pos=0 elapsed_ms=4.391
kiln_profile_full_attn_stage full_attn_layer=0 stage=o_proj seq_len=18 start_pos=0 elapsed_ms=4.388
kiln_profile_full_attn_stage full_attn_layer=0 stage=kv_write seq_len=18 start_pos=0 elapsed_ms=4.972
kiln_profile_full_attn_stage full_attn_layer=0 stage=prefill_attn_head_major seq_len=18 start_pos=0 elapsed_ms=5.237
kiln_profile_mlp_stage layer=3 stage=gate_proj seq_len=18 start_pos=0 elapsed_ms=5.559
kiln_profile_full_attn_stage full_attn_layer=0 stage=kv_write seq_len=18 start_pos=0 elapsed_ms=5.936
kiln_profile_full_attn_stage full_attn_layer=0 stage=attn_gate seq_len=18 start_pos=0 elapsed_ms=9.127
kiln_profile_mlp_stage layer=3 stage=gate_proj seq_len=18 start_pos=0 elapsed_ms=3.216
kiln_profile_mlp_stage layer=3 stage=up_proj seq_len=18 start_pos=0 elapsed_ms=5.047
kiln_profile_mlp_stage layer=3 stage=up_proj seq_len=18 start_pos=0 elapsed_ms=4.641
kiln_profile_full_attn_stage full_attn_layer=0 stage=o_proj seq_len=18 start_pos=0 elapsed_ms=5.177
kiln_profile_mlp_stage layer=3 stage=gate_silu_hidden_mul seq_len=18 start_pos=0 elapsed_ms=2.358
kiln_profile_mlp_stage layer=3 stage=gate_silu_hidden_mul seq_len=18 start_pos=0 elapsed_ms=6.081
kiln_profile_mlp_stage layer=3 stage=down_proj seq_len=18 start_pos=0 elapsed_ms=6.203
kiln_profile_full_attn_stage full_attn_layer=0 stage=attn_gate seq_len=18 start_pos=0 elapsed_ms=12.543
kiln_profile_mlp_stage layer=3 stage=gate_proj seq_len=18 start_pos=0 elapsed_ms=2.921
kiln_profile_mlp_stage layer=3 stage=down_proj seq_len=18 start_pos=0 elapsed_ms=5.958
kiln_profile_full_attn_stage full_attn_layer=0 stage=o_proj seq_len=18 start_pos=0 elapsed_ms=5.714
kiln_profile_mlp_stage layer=3 stage=up_proj seq_len=18 start_pos=0 elapsed_ms=4.115
kiln_profile_mlp_stage layer=3 stage=gate_proj seq_len=18 start_pos=0 elapsed_ms=6.067
kiln_profile_mlp_stage layer=3 stage=gate_silu_hidden_mul seq_len=18 start_pos=0 elapsed_ms=9.385
kiln_profile_gdn_stage layer=4 stage=in_proj seq_len=18 start_pos=0 elapsed_ms=18.532
kiln_profile_gdn_stage layer=4 stage=in_proj seq_len=18 start_pos=0 elapsed_ms=13.181
kiln_profile_mlp_stage layer=3 stage=down_proj seq_len=18 start_pos=0 elapsed_ms=6.116
kiln_profile_mlp_stage layer=3 stage=up_proj seq_len=18 start_pos=0 elapsed_ms=6.146
kiln_profile_gdn_stage layer=4 stage=qkv_conv_split_norm seq_len=18 start_pos=0 elapsed_ms=0.948
kiln_profile_gdn_stage layer=4 stage=qkv_conv_split_norm seq_len=18 start_pos=0 elapsed_ms=0.951
kiln_profile_gdn_stage layer=4 stage=gates seq_len=18 start_pos=0 elapsed_ms=0.519
kiln_profile_gdn_stage layer=4 stage=gates seq_len=18 start_pos=0 elapsed_ms=0.547
kiln_profile_mlp_stage layer=3 stage=gate_silu_hidden_mul seq_len=18 start_pos=0 elapsed_ms=0.893
kiln_profile_gdn_stage layer=4 stage=in_proj seq_len=18 start_pos=0 elapsed_ms=6.149
kiln_profile_gdn_stage layer=4 stage=recurrent seq_len=18 start_pos=0 elapsed_ms=1.514
kiln_profile_gdn_stage layer=4 stage=recurrent seq_len=18 start_pos=0 elapsed_ms=5.276
kiln_profile_mlp_stage layer=3 stage=down_proj seq_len=18 start_pos=0 elapsed_ms=2.883
kiln_profile_gdn_stage layer=4 stage=post_transpose seq_len=18 start_pos=0 elapsed_ms=0.001
kiln_profile_gdn_stage layer=4 stage=qkv_conv_split_norm seq_len=18 start_pos=0 elapsed_ms=0.473
kiln_profile_gdn_stage layer=4 stage=post_transpose seq_len=18 start_pos=0 elapsed_ms=0.003
kiln_profile_gdn_stage layer=4 stage=gated_norm seq_len=18 start_pos=0 elapsed_ms=0.657
kiln_profile_gdn_stage layer=4 stage=gated_norm seq_len=18 start_pos=0 elapsed_ms=5.164
kiln_profile_gdn_stage layer=4 stage=out_proj seq_len=18 start_pos=0 elapsed_ms=4.312
kiln_profile_gdn_stage layer=4 stage=in_proj seq_len=18 start_pos=0 elapsed_ms=9.108
kiln_profile_gdn_stage layer=4 stage=gates seq_len=18 start_pos=0 elapsed_ms=2.182
kiln_profile_gdn_stage layer=4 stage=out_proj seq_len=18 start_pos=0 elapsed_ms=2.293
kiln_profile_gdn_stage layer=4 stage=recurrent seq_len=18 start_pos=0 elapsed_ms=1.986
kiln_profile_mlp_stage layer=4 stage=gate_proj seq_len=18 start_pos=0 elapsed_ms=7.776
kiln_profile_gdn_stage layer=4 stage=qkv_conv_split_norm seq_len=18 start_pos=0 elapsed_ms=13.049
kiln_profile_gdn_stage layer=4 stage=post_transpose seq_len=18 start_pos=0 elapsed_ms=0.005
kiln_profile_mlp_stage layer=4 stage=gate_proj seq_len=18 start_pos=0 elapsed_ms=3.496
kiln_profile_mlp_stage layer=4 stage=up_proj seq_len=18 start_pos=0 elapsed_ms=5.534
kiln_profile_gdn_stage layer=4 stage=gates seq_len=18 start_pos=0 elapsed_ms=0.590
kiln_profile_gdn_stage layer=4 stage=gated_norm seq_len=18 start_pos=0 elapsed_ms=4.362
kiln_profile_mlp_stage layer=4 stage=gate_silu_hidden_mul seq_len=18 start_pos=0 elapsed_ms=0.512
kiln_profile_mlp_stage layer=4 stage=up_proj seq_len=18 start_pos=0 elapsed_ms=4.895
kiln_profile_gdn_stage layer=4 stage=out_proj seq_len=18 start_pos=0 elapsed_ms=1.789
kiln_profile_mlp_stage layer=4 stage=down_proj seq_len=18 start_pos=0 elapsed_ms=6.417
kiln_profile_gdn_stage layer=4 stage=recurrent seq_len=18 start_pos=0 elapsed_ms=2.345
kiln_profile_mlp_stage layer=4 stage=gate_silu_hidden_mul seq_len=18 start_pos=0 elapsed_ms=2.338
kiln_profile_mlp_stage layer=4 stage=gate_proj seq_len=18 start_pos=0 elapsed_ms=8.834
kiln_profile_gdn_stage layer=4 stage=post_transpose seq_len=18 start_pos=0 elapsed_ms=0.005
kiln_profile_mlp_stage layer=4 stage=down_proj seq_len=18 start_pos=0 elapsed_ms=4.483
kiln_profile_gdn_stage layer=5 stage=in_proj seq_len=18 start_pos=0 elapsed_ms=16.627
kiln_profile_mlp_stage layer=4 stage=up_proj seq_len=18 start_pos=0 elapsed_ms=3.817
kiln_profile_gdn_stage layer=4 stage=gated_norm seq_len=18 start_pos=0 elapsed_ms=3.820
kiln_profile_gdn_stage layer=5 stage=qkv_conv_split_norm seq_len=18 start_pos=0 elapsed_ms=7.470
kiln_profile_mlp_stage layer=4 stage=gate_silu_hidden_mul seq_len=18 start_pos=0 elapsed_ms=6.854
kiln_profile_gdn_stage layer=4 stage=out_proj seq_len=18 start_pos=0 elapsed_ms=6.574
kiln_profile_gdn_stage layer=5 stage=in_proj seq_len=18 start_pos=0 elapsed_ms=7.289
kiln_profile_gdn_stage layer=5 stage=gates seq_len=18 start_pos=0 elapsed_ms=0.360
kiln_profile_mlp_stage layer=4 stage=down_proj seq_len=18 start_pos=0 elapsed_ms=4.912
kiln_profile_gdn_stage layer=5 stage=qkv_conv_split_norm seq_len=18 start_pos=0 elapsed_ms=1.907
kiln_profile_gdn_stage layer=5 stage=recurrent seq_len=18 start_pos=0 elapsed_ms=2.257
kiln_profile_mlp_stage layer=4 stage=gate_proj seq_len=18 start_pos=0 elapsed_ms=6.874
kiln_profile_gdn_stage layer=5 stage=post_transpose seq_len=18 start_pos=0 elapsed_ms=0.004
kiln_profile_gdn_stage layer=5 stage=gates seq_len=18 start_pos=0 elapsed_ms=3.821
kiln_profile_gdn_stage layer=5 stage=in_proj seq_len=18 start_pos=0 elapsed_ms=11.175
kiln_profile_gdn_stage layer=5 stage=gated_norm seq_len=18 start_pos=0 elapsed_ms=4.299
kiln_profile_mlp_stage layer=4 stage=up_proj seq_len=18 start_pos=0 elapsed_ms=5.467
kiln_profile_gdn_stage layer=5 stage=recurrent seq_len=18 start_pos=0 elapsed_ms=1.200
kiln_profile_gdn_stage layer=5 stage=post_transpose seq_len=18 start_pos=0 elapsed_ms=0.005
kiln_profile_mlp_stage layer=4 stage=gate_silu_hidden_mul seq_len=18 start_pos=0 elapsed_ms=0.952
kiln_profile_gdn_stage layer=5 stage=qkv_conv_split_norm seq_len=18 start_pos=0 elapsed_ms=5.680
kiln_profile_gdn_stage layer=5 stage=out_proj seq_len=18 start_pos=0 elapsed_ms=4.170
kiln_profile_gdn_stage layer=5 stage=gated_norm seq_len=18 start_pos=0 elapsed_ms=0.443
kiln_profile_mlp_stage layer=4 stage=down_proj seq_len=18 start_pos=0 elapsed_ms=5.225
kiln_profile_gdn_stage layer=5 stage=gates seq_len=18 start_pos=0 elapsed_ms=10.044
kiln_profile_mlp_stage layer=5 stage=gate_proj seq_len=18 start_pos=0 elapsed_ms=10.058
kiln_profile_gdn_stage layer=5 stage=out_proj seq_len=18 start_pos=0 elapsed_ms=16.494
kiln_profile_gdn_stage layer=5 stage=recurrent seq_len=18 start_pos=0 elapsed_ms=1.643
kiln_profile_mlp_stage layer=5 stage=up_proj seq_len=18 start_pos=0 elapsed_ms=13.363
kiln_profile_gdn_stage layer=5 stage=in_proj seq_len=18 start_pos=0 elapsed_ms=21.998
kiln_profile_gdn_stage layer=5 stage=post_transpose seq_len=18 start_pos=0 elapsed_ms=0.003
kiln_profile_mlp_stage layer=5 stage=gate_proj seq_len=18 start_pos=0 elapsed_ms=5.772
kiln_profile_mlp_stage layer=5 stage=gate_silu_hidden_mul seq_len=18 start_pos=0 elapsed_ms=5.779
kiln_profile_gdn_stage layer=5 stage=gated_norm seq_len=18 start_pos=0 elapsed_ms=0.785
kiln_profile_gdn_stage layer=5 stage=qkv_conv_split_norm seq_len=18 start_pos=0 elapsed_ms=4.199
kiln_profile_mlp_stage layer=5 stage=up_proj seq_len=18 start_pos=0 elapsed_ms=10.468
kiln_profile_mlp_stage layer=5 stage=down_proj seq_len=18 start_pos=0 elapsed_ms=12.569
kiln_profile_gdn_stage layer=5 stage=out_proj seq_len=18 start_pos=0 elapsed_ms=2.137
kiln_profile_gdn_stage layer=5 stage=gates seq_len=18 start_pos=0 elapsed_ms=1.198
kiln_profile_mlp_stage layer=5 stage=gate_silu_hidden_mul seq_len=18 start_pos=0 elapsed_ms=0.766
kiln_profile_mlp_stage layer=5 stage=gate_proj seq_len=18 start_pos=0 elapsed_ms=15.118
kiln_profile_mlp_stage layer=5 stage=down_proj seq_len=18 start_pos=0 elapsed_ms=4.893
kiln_profile_gdn_stage layer=5 stage=recurrent seq_len=18 start_pos=0 elapsed_ms=20.004
kiln_profile_gdn_stage layer=6 stage=in_proj seq_len=18 start_pos=0 elapsed_ms=20.026
kiln_profile_mlp_stage layer=5 stage=up_proj seq_len=18 start_pos=0 elapsed_ms=3.567
kiln_profile_gdn_stage layer=5 stage=post_transpose seq_len=18 start_pos=0 elapsed_ms=0.004
kiln_profile_mlp_stage layer=5 stage=gate_silu_hidden_mul seq_len=18 start_pos=0 elapsed_ms=0.796
kiln_profile_gdn_stage layer=6 stage=qkv_conv_split_norm seq_len=18 start_pos=0 elapsed_ms=5.330
kiln_profile_gdn_stage layer=5 stage=gated_norm seq_len=18 start_pos=0 elapsed_ms=4.178
kiln_profile_gdn_stage layer=6 stage=in_proj seq_len=18 start_pos=0 elapsed_ms=5.017
kiln_profile_gdn_stage layer=6 stage=gates seq_len=18 start_pos=0 elapsed_ms=1.593
kiln_profile_gdn_stage layer=5 stage=out_proj seq_len=18 start_pos=0 elapsed_ms=4.785
kiln_profile_mlp_stage layer=5 stage=down_proj seq_len=18 start_pos=0 elapsed_ms=4.878
kiln_profile_gdn_stage layer=6 stage=qkv_conv_split_norm seq_len=18 start_pos=0 elapsed_ms=2.085
kiln_profile_gdn_stage layer=6 stage=recurrent seq_len=18 start_pos=0 elapsed_ms=1.976
kiln_profile_gdn_stage layer=6 stage=post_transpose seq_len=18 start_pos=0 elapsed_ms=0.008
kiln_profile_gdn_stage layer=6 stage=gates seq_len=18 start_pos=0 elapsed_ms=7.169
kiln_profile_mlp_stage layer=5 stage=gate_proj seq_len=18 start_pos=0 elapsed_ms=9.916
kiln_profile_gdn_stage layer=6 stage=in_proj seq_len=18 start_pos=0 elapsed_ms=9.579
kiln_profile_gdn_stage layer=6 stage=gated_norm seq_len=18 start_pos=0 elapsed_ms=0.354
kiln_profile_gdn_stage layer=6 stage=recurrent seq_len=18 start_pos=0 elapsed_ms=3.744
kiln_profile_mlp_stage layer=5 stage=up_proj seq_len=18 start_pos=0 elapsed_ms=3.763
kiln_profile_gdn_stage layer=6 stage=post_transpose seq_len=18 start_pos=0 elapsed_ms=0.003
kiln_profile_gdn_stage layer=6 stage=qkv_conv_split_norm seq_len=18 start_pos=0 elapsed_ms=4.603
kiln_profile_mlp_stage layer=5 stage=gate_silu_hidden_mul seq_len=18 start_pos=0 elapsed_ms=3.586
kiln_profile_gdn_stage layer=6 stage=out_proj seq_len=18 start_pos=0 elapsed_ms=4.073
kiln_profile_gdn_stage layer=6 stage=gated_norm seq_len=18 start_pos=0 elapsed_ms=0.336
kiln_profile_mlp_stage layer=5 stage=down_proj seq_len=18 start_pos=0 elapsed_ms=3.473
kiln_profile_gdn_stage layer=6 stage=gates seq_len=18 start_pos=0 elapsed_ms=3.503
kiln_profile_gdn_stage layer=6 stage=out_proj seq_len=18 start_pos=0 elapsed_ms=2.311
kiln_profile_gdn_stage layer=6 stage=recurrent seq_len=18 start_pos=0 elapsed_ms=6.695
kiln_profile_mlp_stage layer=6 stage=gate_proj seq_len=18 start_pos=0 elapsed_ms=5.952
kiln_profile_gdn_stage layer=6 stage=post_transpose seq_len=18 start_pos=0 elapsed_ms=0.003
kiln_profile_mlp_stage layer=6 stage=gate_proj seq_len=18 start_pos=0 elapsed_ms=5.011
kiln_profile_gdn_stage layer=6 stage=in_proj seq_len=18 start_pos=0 elapsed_ms=11.055
kiln_profile_gdn_stage layer=6 stage=gated_norm seq_len=18 start_pos=0 elapsed_ms=5.674
kiln_profile_mlp_stage layer=6 stage=up_proj seq_len=18 start_pos=0 elapsed_ms=5.291
kiln_profile_mlp_stage layer=6 stage=up_proj seq_len=18 start_pos=0 elapsed_ms=3.186
kiln_profile_gdn_stage layer=6 stage=qkv_conv_split_norm seq_len=18 start_pos=0 elapsed_ms=3.374
kiln_profile_mlp_stage layer=6 stage=gate_silu_hidden_mul seq_len=18 start_pos=0 elapsed_ms=3.299
kiln_profile_gdn_stage layer=6 stage=out_proj seq_len=18 start_pos=0 elapsed_ms=2.526
kiln_profile_mlp_stage layer=6 stage=gate_silu_hidden_mul seq_len=18 start_pos=0 elapsed_ms=2.550
kiln_profile_gdn_stage layer=6 stage=gates seq_len=18 start_pos=0 elapsed_ms=0.323
kiln_profile_mlp_stage layer=6 stage=down_proj seq_len=18 start_pos=0 elapsed_ms=7.201
kiln_profile_mlp_stage layer=6 stage=down_proj seq_len=18 start_pos=0 elapsed_ms=4.522
kiln_profile_mlp_stage layer=6 stage=gate_proj seq_len=18 start_pos=0 elapsed_ms=7.246
kiln_profile_gdn_stage layer=6 stage=recurrent seq_len=18 start_pos=0 elapsed_ms=12.701
kiln_profile_gdn_stage layer=6 stage=post_transpose seq_len=18 start_pos=0 elapsed_ms=0.004
kiln_profile_full_attn_stage full_attn_layer=1 stage=qkv_proj seq_len=18 start_pos=0 elapsed_ms=14.248
kiln_profile_mlp_stage layer=6 stage=up_proj seq_len=18 start_pos=0 elapsed_ms=9.956
kiln_profile_full_attn_stage full_attn_layer=1 stage=qkv_proj seq_len=18 start_pos=0 elapsed_ms=15.428
kiln_profile_gdn_stage layer=6 stage=gated_norm seq_len=18 start_pos=0 elapsed_ms=1.476
kiln_profile_full_attn_stage full_attn_layer=1 stage=qkv_split seq_len=18 start_pos=0 elapsed_ms=2.010
kiln_profile_mlp_stage layer=6 stage=gate_silu_hidden_mul seq_len=18 start_pos=0 elapsed_ms=1.493
kiln_profile_full_attn_stage full_attn_layer=1 stage=qkv_split seq_len=18 start_pos=0 elapsed_ms=2.910
kiln_profile_gdn_stage layer=6 stage=out_proj seq_len=18 start_pos=0 elapsed_ms=2.382
kiln_profile_full_attn_stage full_attn_layer=1 stage=qk_norm seq_len=18 start_pos=0 elapsed_ms=0.690
kiln_profile_mlp_stage layer=6 stage=down_proj seq_len=18 start_pos=0 elapsed_ms=4.764
kiln_profile_mlp_stage layer=6 stage=gate_proj seq_len=18 start_pos=0 elapsed_ms=3.809
kiln_profile_full_attn_stage full_attn_layer=1 stage=qk_norm seq_len=18 start_pos=0 elapsed_ms=9.974
kiln_profile_full_attn_stage full_attn_layer=1 stage=rope seq_len=18 start_pos=0 elapsed_ms=7.091
kiln_profile_full_attn_stage full_attn_layer=1 stage=rope seq_len=18 start_pos=0 elapsed_ms=1.386
kiln_profile_full_attn_stage full_attn_layer=1 stage=qkv_proj seq_len=18 start_pos=0 elapsed_ms=4.824
kiln_profile_full_attn_stage full_attn_layer=1 stage=q_transpose seq_len=18 start_pos=0 elapsed_ms=2.689
kiln_profile_mlp_stage layer=6 stage=up_proj seq_len=18 start_pos=0 elapsed_ms=4.507
kiln_profile_full_attn_stage full_attn_layer=1 stage=q_transpose seq_len=18 start_pos=0 elapsed_ms=0.431
kiln_profile_mlp_stage layer=6 stage=gate_silu_hidden_mul seq_len=18 start_pos=0 elapsed_ms=0.337
kiln_profile_full_attn_stage full_attn_layer=1 stage=qkv_split seq_len=18 start_pos=0 elapsed_ms=2.026
kiln_profile_full_attn_stage full_attn_layer=1 stage=prefill_kv_head_layout seq_len=18 start_pos=0 elapsed_ms=1.171
kiln_profile_full_attn_stage full_attn_layer=1 stage=prefill_kv_head_layout seq_len=18 start_pos=0 elapsed_ms=2.308
kiln_profile_full_attn_stage full_attn_layer=1 stage=qk_norm seq_len=18 start_pos=0 elapsed_ms=0.283
kiln_profile_mlp_stage layer=6 stage=down_proj seq_len=18 start_pos=0 elapsed_ms=3.382
kiln_profile_full_attn_stage full_attn_layer=1 stage=prefill_attn_head_major seq_len=18 start_pos=0 elapsed_ms=1.347
kiln_profile_full_attn_stage full_attn_layer=1 stage=rope seq_len=18 start_pos=0 elapsed_ms=1.303
kiln_profile_full_attn_stage full_attn_layer=1 stage=prefill_attn_head_major seq_len=18 start_pos=0 elapsed_ms=1.068
kiln_profile_full_attn_stage full_attn_layer=1 stage=kv_write seq_len=18 start_pos=0 elapsed_ms=4.980
kiln_profile_full_attn_stage full_attn_layer=1 stage=kv_write seq_len=18 start_pos=0 elapsed_ms=3.087
kiln_profile_full_attn_stage full_attn_layer=1 stage=qkv_proj seq_len=18 start_pos=0 elapsed_ms=7.698
kiln_profile_full_attn_stage full_attn_layer=1 stage=q_transpose seq_len=18 start_pos=0 elapsed_ms=1.967
kiln_profile_full_attn_stage full_attn_layer=1 stage=qkv_split seq_len=18 start_pos=0 elapsed_ms=1.714
kiln_profile_full_attn_stage full_attn_layer=1 stage=attn_gate seq_len=18 start_pos=0 elapsed_ms=2.508
kiln_profile_full_attn_stage full_attn_layer=1 stage=attn_gate seq_len=18 start_pos=0 elapsed_ms=4.084
kiln_profile_full_attn_stage full_attn_layer=1 stage=prefill_kv_head_layout seq_len=18 start_pos=0 elapsed_ms=4.307
kiln_profile_full_attn_stage full_attn_layer=1 stage=o_proj seq_len=18 start_pos=0 elapsed_ms=3.499
kiln_profile_full_attn_stage full_attn_layer=1 stage=qk_norm seq_len=18 start_pos=0 elapsed_ms=4.316
kiln_profile_full_attn_stage full_attn_layer=1 stage=o_proj seq_len=18 start_pos=0 elapsed_ms=1.460
kiln_profile_full_attn_stage full_attn_layer=1 stage=prefill_attn_head_major seq_len=18 start_pos=0 elapsed_ms=2.475
kiln_profile_full_attn_stage full_attn_layer=1 stage=rope seq_len=18 start_pos=0 elapsed_ms=8.597
kiln_profile_mlp_stage layer=7 stage=gate_proj seq_len=18 start_pos=0 elapsed_ms=6.203
kiln_profile_full_attn_stage full_attn_layer=1 stage=kv_write seq_len=18 start_pos=0 elapsed_ms=9.527
kiln_profile_full_attn_stage full_attn_layer=1 stage=q_transpose seq_len=18 start_pos=0 elapsed_ms=6.009
kiln_profile_full_attn_stage full_attn_layer=1 stage=attn_gate seq_len=18 start_pos=0 elapsed_ms=0.476
kiln_profile_full_attn_stage full_attn_layer=1 stage=prefill_kv_head_layout seq_len=18 start_pos=0 elapsed_ms=0.384
kiln_profile_mlp_stage layer=7 stage=gate_proj seq_len=18 start_pos=0 elapsed_ms=10.317
kiln_profile_mlp_stage layer=7 stage=up_proj seq_len=18 start_pos=0 elapsed_ms=6.521
kiln_profile_full_attn_stage full_attn_layer=1 stage=o_proj seq_len=18 start_pos=0 elapsed_ms=1.745
kiln_profile_full_attn_stage full_attn_layer=1 stage=prefill_attn_head_major seq_len=18 start_pos=0 elapsed_ms=3.453
kiln_profile_mlp_stage layer=7 stage=up_proj seq_len=18 start_pos=0 elapsed_ms=3.462
kiln_profile_mlp_stage layer=7 stage=gate_silu_hidden_mul seq_len=18 start_pos=0 elapsed_ms=0.482
kiln_profile_mlp_stage layer=7 stage=down_proj seq_len=18 start_pos=0 elapsed_ms=5.833
kiln_profile_mlp_stage layer=7 stage=gate_silu_hidden_mul seq_len=18 start_pos=0 elapsed_ms=0.342
kiln_profile_mlp_stage layer=7 stage=gate_proj seq_len=18 start_pos=0 elapsed_ms=5.367
kiln_profile_full_attn_stage full_attn_layer=1 stage=kv_write seq_len=18 start_pos=0 elapsed_ms=11.938
kiln_profile_mlp_stage layer=7 stage=down_proj seq_len=18 start_pos=0 elapsed_ms=3.833
kiln_profile_mlp_stage layer=7 stage=up_proj seq_len=18 start_pos=0 elapsed_ms=3.052
kiln_profile_gdn_stage layer=8 stage=in_proj seq_len=18 start_pos=0 elapsed_ms=9.006
kiln_profile_mlp_stage layer=7 stage=gate_silu_hidden_mul seq_len=18 start_pos=0 elapsed_ms=1.495
kiln_profile_full_attn_stage full_attn_layer=1 stage=attn_gate seq_len=18 start_pos=0 elapsed_ms=12.759
kiln_profile_full_attn_stage full_attn_layer=1 stage=o_proj seq_len=18 start_pos=0 elapsed_ms=2.801
kiln_profile_mlp_stage layer=7 stage=down_proj seq_len=18 start_pos=0 elapsed_ms=7.055
kiln_profile_gdn_stage layer=8 stage=in_proj seq_len=18 start_pos=0 elapsed_ms=13.051
kiln_profile_gdn_stage layer=8 stage=qkv_conv_split_norm seq_len=18 start_pos=0 elapsed_ms=7.088
kiln_profile_mlp_stage layer=7 stage=gate_proj seq_len=18 start_pos=0 elapsed_ms=4.882
kiln_profile_gdn_stage layer=8 stage=gates seq_len=18 start_pos=0 elapsed_ms=0.933
kiln_profile_gdn_stage layer=8 stage=qkv_conv_split_norm seq_len=18 start_pos=0 elapsed_ms=7.119
kiln_profile_mlp_stage layer=7 stage=up_proj seq_len=18 start_pos=0 elapsed_ms=6.174
kiln_profile_gdn_stage layer=8 stage=recurrent seq_len=18 start_pos=0 elapsed_ms=1.361
kiln_profile_gdn_stage layer=8 stage=gates seq_len=18 start_pos=0 elapsed_ms=1.816
kiln_profile_mlp_stage layer=7 stage=gate_silu_hidden_mul seq_len=18 start_pos=0 elapsed_ms=1.815
kiln_profile_gdn_stage layer=8 stage=in_proj seq_len=18 start_pos=0 elapsed_ms=10.997
kiln_profile_gdn_stage layer=8 stage=post_transpose seq_len=18 start_pos=0 elapsed_ms=0.001
kiln_profile_gdn_stage layer=8 stage=recurrent seq_len=18 start_pos=0 elapsed_ms=0.820
kiln_profile_mlp_stage layer=7 stage=down_proj seq_len=18 start_pos=0 elapsed_ms=3.846
kiln_profile_gdn_stage layer=8 stage=post_transpose seq_len=18 start_pos=0 elapsed_ms=0.005
kiln_profile_gdn_stage layer=8 stage=gated_norm seq_len=18 start_pos=0 elapsed_ms=1.347
kiln_profile_gdn_stage layer=8 stage=qkv_conv_split_norm seq_len=18 start_pos=0 elapsed_ms=4.627
kiln_profile_gdn_stage layer=8 stage=out_proj seq_len=18 start_pos=0 elapsed_ms=3.059
kiln_profile_gdn_stage layer=8 stage=gated_norm seq_len=18 start_pos=0 elapsed_ms=6.212
kiln_profile_gdn_stage layer=8 stage=gates seq_len=18 start_pos=0 elapsed_ms=2.800
kiln_profile_gdn_stage layer=8 stage=out_proj seq_len=18 start_pos=0 elapsed_ms=1.472
kiln_profile_mlp_stage layer=8 stage=gate_proj seq_len=18 start_pos=0 elapsed_ms=6.493
kiln_profile_gdn_stage layer=8 stage=in_proj seq_len=18 start_pos=0 elapsed_ms=13.120
kiln_profile_gdn_stage layer=8 stage=recurrent seq_len=18 start_pos=0 elapsed_ms=7.130
kiln_profile_gdn_stage layer=8 stage=post_transpose seq_len=18 start_pos=0 elapsed_ms=0.002
kiln_profile_mlp_stage layer=8 stage=up_proj seq_len=18 start_pos=0 elapsed_ms=4.436
kiln_profile_mlp_stage layer=8 stage=gate_proj seq_len=18 start_pos=0 elapsed_ms=2.890
kiln_profile_gdn_stage layer=8 stage=qkv_conv_split_norm seq_len=18 start_pos=0 elapsed_ms=3.743
kiln_profile_mlp_stage layer=8 stage=gate_silu_hidden_mul seq_len=18 start_pos=0 elapsed_ms=0.519
kiln_profile_gdn_stage layer=8 stage=gated_norm seq_len=18 start_pos=0 elapsed_ms=3.599
kiln_profile_mlp_stage layer=8 stage=up_proj seq_len=18 start_pos=0 elapsed_ms=3.088
kiln_profile_gdn_stage layer=8 stage=gates seq_len=18 start_pos=0 elapsed_ms=0.319
kiln_profile_mlp_stage layer=8 stage=down_proj seq_len=18 start_pos=0 elapsed_ms=4.431
kiln_profile_gdn_stage layer=8 stage=out_proj seq_len=18 start_pos=0 elapsed_ms=1.492
kiln_profile_gdn_stage layer=8 stage=recurrent seq_len=18 start_pos=0 elapsed_ms=1.260
kiln_profile_mlp_stage layer=8 stage=gate_silu_hidden_mul seq_len=18 start_pos=0 elapsed_ms=0.569
kiln_profile_gdn_stage layer=8 stage=post_transpose seq_len=18 start_pos=0 elapsed_ms=0.002
kiln_profile_mlp_stage layer=8 stage=gate_proj seq_len=18 start_pos=0 elapsed_ms=9.551
kiln_profile_mlp_stage layer=8 stage=down_proj seq_len=18 start_pos=0 elapsed_ms=7.283
kiln_profile_gdn_stage layer=9 stage=in_proj seq_len=18 start_pos=0 elapsed_ms=13.535
kiln_profile_gdn_stage layer=8 stage=gated_norm seq_len=18 start_pos=0 elapsed_ms=0.206
kiln_profile_mlp_stage layer=8 stage=up_proj seq_len=18 start_pos=0 elapsed_ms=2.859
kiln_profile_gdn_stage layer=9 stage=qkv_conv_split_norm seq_len=18 start_pos=0 elapsed_ms=5.133
kiln_profile_gdn_stage layer=9 stage=in_proj seq_len=18 start_pos=0 elapsed_ms=4.101
kiln_profile_gdn_stage layer=8 stage=out_proj seq_len=18 start_pos=0 elapsed_ms=5.612
kiln_profile_mlp_stage layer=8 stage=gate_silu_hidden_mul seq_len=18 start_pos=0 elapsed_ms=0.252
kiln_profile_gdn_stage layer=9 stage=gates seq_len=18 start_pos=0 elapsed_ms=0.853
kiln_profile_mlp_stage layer=8 stage=gate_proj seq_len=18 start_pos=0 elapsed_ms=2.022
kiln_profile_gdn_stage layer=9 stage=qkv_conv_split_norm seq_len=18 start_pos=0 elapsed_ms=2.488
kiln_profile_mlp_stage layer=8 stage=down_proj seq_len=18 start_pos=0 elapsed_ms=2.336
kiln_profile_gdn_stage layer=9 stage=recurrent seq_len=18 start_pos=0 elapsed_ms=0.596
kiln_profile_mlp_stage layer=8 stage=up_proj seq_len=18 start_pos=0 elapsed_ms=2.518
kiln_profile_gdn_stage layer=9 stage=post_transpose seq_len=18 start_pos=0 elapsed_ms=0.002
kiln_profile_gdn_stage layer=9 stage=gates seq_len=18 start_pos=0 elapsed_ms=0.433
kiln_profile_gdn_stage layer=9 stage=gated_norm seq_len=18 start_pos=0 elapsed_ms=2.307
kiln_profile_mlp_stage layer=8 stage=gate_silu_hidden_mul seq_len=18 start_pos=0 elapsed_ms=2.550
kiln_profile_gdn_stage layer=9 stage=recurrent seq_len=18 start_pos=0 elapsed_ms=2.325
kiln_profile_gdn_stage layer=9 stage=in_proj seq_len=18 start_pos=0 elapsed_ms=4.642
kiln_profile_gdn_stage layer=9 stage=out_proj seq_len=18 start_pos=0 elapsed_ms=4.201
kiln_profile_mlp_stage layer=8 stage=down_proj seq_len=18 start_pos=0 elapsed_ms=4.210
kiln_profile_gdn_stage layer=9 stage=post_transpose seq_len=18 start_pos=0 elapsed_ms=0.000
kiln_profile_gdn_stage layer=9 stage=qkv_conv_split_norm seq_len=18 start_pos=0 elapsed_ms=0.270
kiln_profile_gdn_stage layer=9 stage=gated_norm seq_len=18 start_pos=0 elapsed_ms=1.059
kiln_profile_gdn_stage layer=9 stage=gates seq_len=18 start_pos=0 elapsed_ms=0.714
kiln_profile_mlp_stage layer=9 stage=gate_proj seq_len=18 start_pos=0 elapsed_ms=5.737
kiln_profile_gdn_stage layer=9 stage=out_proj seq_len=18 start_pos=0 elapsed_ms=1.858
kiln_profile_gdn_stage layer=9 stage=recurrent seq_len=18 start_pos=0 elapsed_ms=3.977
kiln_profile_mlp_stage layer=9 stage=up_proj seq_len=18 start_pos=0 elapsed_ms=5.197
kiln_profile_gdn_stage layer=9 stage=in_proj seq_len=18 start_pos=0 elapsed_ms=13.011
kiln_profile_gdn_stage layer=9 stage=post_transpose seq_len=18 start_pos=0 elapsed_ms=0.001
kiln_profile_mlp_stage layer=9 stage=gate_silu_hidden_mul seq_len=18 start_pos=0 elapsed_ms=0.481
kiln_profile_mlp_stage layer=9 stage=gate_proj seq_len=18 start_pos=0 elapsed_ms=2.639
kiln_profile_gdn_stage layer=9 stage=gated_norm seq_len=18 start_pos=0 elapsed_ms=3.900
kiln_profile_gdn_stage layer=9 stage=qkv_conv_split_norm seq_len=18 start_pos=0 elapsed_ms=6.810
kiln_profile_mlp_stage layer=9 stage=up_proj seq_len=18 start_pos=0 elapsed_ms=3.624
kiln_profile_mlp_stage layer=9 stage=down_proj seq_len=18 start_pos=0 elapsed_ms=7.738
kiln_profile_gdn_stage layer=9 stage=out_proj seq_len=18 start_pos=0 elapsed_ms=1.480
kiln_profile_gdn_stage layer=9 stage=gates seq_len=18 start_pos=0 elapsed_ms=0.207
kiln_profile_mlp_stage layer=9 stage=gate_silu_hidden_mul seq_len=18 start_pos=0 elapsed_ms=0.218
kiln_profile_mlp_stage layer=9 stage=down_proj seq_len=18 start_pos=0 elapsed_ms=3.473
kiln_profile_gdn_stage layer=9 stage=recurrent seq_len=18 start_pos=0 elapsed_ms=12.096
kiln_profile_gdn_stage layer=10 stage=in_proj seq_len=18 start_pos=0 elapsed_ms=12.747
kiln_profile_mlp_stage layer=9 stage=gate_proj seq_len=18 start_pos=0 elapsed_ms=4.279
kiln_profile_gdn_stage layer=9 stage=post_transpose seq_len=18 start_pos=0 elapsed_ms=0.002
kiln_profile_mlp_stage layer=9 stage=up_proj seq_len=18 start_pos=0 elapsed_ms=2.669
kiln_profile_gdn_stage layer=10 stage=qkv_conv_split_norm seq_len=18 start_pos=0 elapsed_ms=5.226
kiln_profile_gdn_stage layer=9 stage=gated_norm seq_len=18 start_pos=0 elapsed_ms=0.238
kiln_profile_gdn_stage layer=10 stage=in_proj seq_len=18 start_pos=0 elapsed_ms=6.536
kiln_profile_mlp_stage layer=9 stage=gate_silu_hidden_mul seq_len=18 start_pos=0 elapsed_ms=0.246
kiln_profile_gdn_stage layer=10 stage=gates seq_len=18 start_pos=0 elapsed_ms=0.181
kiln_profile_gdn_stage layer=9 stage=out_proj seq_len=18 start_pos=0 elapsed_ms=1.173
kiln_profile_gdn_stage layer=10 stage=recurrent seq_len=18 start_pos=0 elapsed_ms=0.783
kiln_profile_mlp_stage layer=9 stage=down_proj seq_len=18 start_pos=0 elapsed_ms=3.129
kiln_profile_gdn_stage layer=10 stage=qkv_conv_split_norm seq_len=18 start_pos=0 elapsed_ms=3.958
kiln_profile_mlp_stage layer=9 stage=gate_proj seq_len=18 start_pos=0 elapsed_ms=2.541
kiln_profile_gdn_stage layer=10 stage=post_transpose seq_len=18 start_pos=0 elapsed_ms=0.001
kiln_profile_gdn_stage layer=10 stage=gates seq_len=18 start_pos=0 elapsed_ms=4.150
kiln_profile_mlp_stage layer=9 stage=up_proj seq_len=18 start_pos=0 elapsed_ms=2.625
kiln_profile_gdn_stage layer=10 stage=in_proj seq_len=18 start_pos=0 elapsed_ms=6.968
kiln_profile_gdn_stage layer=10 stage=gated_norm seq_len=18 start_pos=0 elapsed_ms=0.957
kiln_profile_mlp_stage layer=9 stage=gate_silu_hidden_mul seq_len=18 start_pos=0 elapsed_ms=0.280
kiln_profile_gdn_stage layer=10 stage=recurrent seq_len=18 start_pos=0 elapsed_ms=2.593
kiln_profile_gdn_stage layer=10 stage=out_proj seq_len=18 start_pos=0 elapsed_ms=2.052
kiln_profile_gdn_stage layer=10 stage=post_transpose seq_len=18 start_pos=0 elapsed_ms=0.001
kiln_profile_mlp_stage layer=9 stage=down_proj seq_len=18 start_pos=0 elapsed_ms=3.032
kiln_profile_gdn_stage layer=10 stage=qkv_conv_split_norm seq_len=18 start_pos=0 elapsed_ms=3.378
kiln_profile_mlp_stage layer=10 stage=gate_proj seq_len=18 start_pos=0 elapsed_ms=3.484
kiln_profile_gdn_stage layer=10 stage=gated_norm seq_len=18 start_pos=0 elapsed_ms=4.436
kiln_profile_gdn_stage layer=10 stage=gates seq_len=18 start_pos=0 elapsed_ms=5.854
kiln_profile_mlp_stage layer=10 stage=up_proj seq_len=18 start_pos=0 elapsed_ms=4.932
kiln_profile_gdn_stage layer=10 stage=out_proj seq_len=18 start_pos=0 elapsed_ms=1.793
kiln_profile_gdn_stage layer=10 stage=in_proj seq_len=18 start_pos=0 elapsed_ms=9.383
kiln_profile_gdn_stage layer=10 stage=recurrent seq_len=18 start_pos=0 elapsed_ms=0.812
kiln_profile_mlp_stage layer=10 stage=gate_silu_hidden_mul seq_len=18 start_pos=0 elapsed_ms=0.516
kiln_profile_gdn_stage layer=10 stage=post_transpose seq_len=18 start_pos=0 elapsed_ms=0.001
kiln_profile_mlp_stage layer=10 stage=gate_proj seq_len=18 start_pos=0 elapsed_ms=2.369
kiln_profile_mlp_stage layer=10 stage=down_proj seq_len=18 start_pos=0 elapsed_ms=3.985
kiln_profile_gdn_stage layer=10 stage=qkv_conv_split_norm seq_len=18 start_pos=0 elapsed_ms=4.249
kiln_profile_mlp_stage layer=10 stage=up_proj seq_len=18 start_pos=0 elapsed_ms=2.791
kiln_profile_gdn_stage layer=10 stage=gates seq_len=18 start_pos=0 elapsed_ms=0.243
kiln_profile_gdn_stage layer=10 stage=gated_norm seq_len=18 start_pos=0 elapsed_ms=0.797
kiln_profile_gdn_stage layer=10 stage=out_proj seq_len=18 start_pos=0 elapsed_ms=2.134
kiln_profile_gdn_stage layer=10 stage=recurrent seq_len=18 start_pos=0 elapsed_ms=2.666
kiln_profile_mlp_stage layer=10 stage=gate_silu_hidden_mul seq_len=18 start_pos=0 elapsed_ms=1.001
kiln_profile_full_attn_stage full_attn_layer=2 stage=qkv_proj seq_len=18 start_pos=0 elapsed_ms=6.769
kiln_profile_gdn_stage layer=10 stage=post_transpose seq_len=18 start_pos=0 elapsed_ms=0.002
kiln_profile_mlp_stage layer=10 stage=down_proj seq_len=18 start_pos=0 elapsed_ms=3.956
kiln_profile_gdn_stage layer=10 stage=gated_norm seq_len=18 start_pos=0 elapsed_ms=0.231
kiln_profile_full_attn_stage full_attn_layer=2 stage=qkv_split seq_len=18 start_pos=0 elapsed_ms=0.649
kiln_profile_mlp_stage layer=10 stage=gate_proj seq_len=18 start_pos=0 elapsed_ms=2.957
kiln_profile_gdn_stage layer=10 stage=out_proj seq_len=18 start_pos=0 elapsed_ms=1.436
kiln_profile_full_attn_stage full_attn_layer=2 stage=qk_norm seq_len=18 start_pos=0 elapsed_ms=2.482
kiln_profile_mlp_stage layer=10 stage=up_proj seq_len=18 start_pos=0 elapsed_ms=2.251
kiln_profile_full_attn_stage full_attn_layer=2 stage=qkv_proj seq_len=18 start_pos=0 elapsed_ms=5.322
kiln_profile_mlp_stage layer=10 stage=gate_proj seq_len=18 start_pos=0 elapsed_ms=2.512
kiln_profile_full_attn_stage full_attn_layer=2 stage=rope seq_len=18 start_pos=0 elapsed_ms=0.419
kiln_profile_mlp_stage layer=10 stage=gate_silu_hidden_mul seq_len=18 start_pos=0 elapsed_ms=2.522
kiln_profile_full_attn_stage full_attn_layer=2 stage=qkv_split seq_len=18 start_pos=0 elapsed_ms=0.403
kiln_profile_mlp_stage layer=10 stage=up_proj seq_len=18 start_pos=0 elapsed_ms=2.435
kiln_profile_full_attn_stage full_attn_layer=2 stage=q_transpose seq_len=18 start_pos=0 elapsed_ms=0.494
kiln_profile_mlp_stage layer=10 stage=down_proj seq_len=18 start_pos=0 elapsed_ms=2.764
kiln_profile_full_attn_stage full_attn_layer=2 stage=qk_norm seq_len=18 start_pos=0 elapsed_ms=2.979
kiln_profile_mlp_stage layer=10 stage=gate_silu_hidden_mul seq_len=18 start_pos=0 elapsed_ms=0.572
kiln_profile_full_attn_stage full_attn_layer=2 stage=prefill_kv_head_layout seq_len=18 start_pos=0 elapsed_ms=0.426
kiln_profile_full_attn_stage full_attn_layer=2 stage=rope seq_len=18 start_pos=0 elapsed_ms=2.648
kiln_profile_full_attn_stage full_attn_layer=2 stage=prefill_attn_head_major seq_len=18 start_pos=0 elapsed_ms=2.803
kiln_profile_full_attn_stage full_attn_layer=2 stage=q_transpose seq_len=18 start_pos=0 elapsed_ms=1.375
kiln_profile_mlp_stage layer=10 stage=down_proj seq_len=18 start_pos=0 elapsed_ms=6.496
kiln_profile_full_attn_stage full_attn_layer=2 stage=kv_write seq_len=18 start_pos=0 elapsed_ms=1.599
kiln_profile_full_attn_stage full_attn_layer=2 stage=qkv_proj seq_len=18 start_pos=0 elapsed_ms=7.015
kiln_profile_full_attn_stage full_attn_layer=2 stage=prefill_kv_head_layout seq_len=18 start_pos=0 elapsed_ms=0.405
kiln_profile_full_attn_stage full_attn_layer=2 stage=prefill_attn_head_major seq_len=18 start_pos=0 elapsed_ms=0.582
kiln_profile_full_attn_stage full_attn_layer=2 stage=kv_write seq_len=18 start_pos=0 elapsed_ms=0.175
kiln_profile_full_attn_stage full_attn_layer=2 stage=attn_gate seq_len=18 start_pos=0 elapsed_ms=4.245
kiln_profile_full_attn_stage full_attn_layer=2 stage=qkv_split seq_len=18 start_pos=0 elapsed_ms=4.097
kiln_profile_full_attn_stage full_attn_layer=2 stage=attn_gate seq_len=18 start_pos=0 elapsed_ms=0.778
kiln_profile_full_attn_stage full_attn_layer=2 stage=o_proj seq_len=18 start_pos=0 elapsed_ms=1.518
kiln_profile_full_attn_stage full_attn_layer=2 stage=qkv_proj seq_len=18 start_pos=0 elapsed_ms=7.187
kiln_profile_full_attn_stage full_attn_layer=2 stage=qk_norm seq_len=18 start_pos=0 elapsed_ms=3.087
kiln_profile_full_attn_stage full_attn_layer=2 stage=o_proj seq_len=18 start_pos=0 elapsed_ms=1.381
kiln_profile_mlp_stage layer=11 stage=gate_proj seq_len=18 start_pos=0 elapsed_ms=3.185
kiln_profile_full_attn_stage full_attn_layer=2 stage=qkv_split seq_len=18 start_pos=0 elapsed_ms=0.758
kiln_profile_mlp_stage layer=11 stage=gate_proj seq_len=18 start_pos=0 elapsed_ms=2.210
kiln_profile_full_attn_stage full_attn_layer=2 stage=rope seq_len=18 start_pos=0 elapsed_ms=2.689
kiln_profile_mlp_stage layer=11 stage=up_proj seq_len=18 start_pos=0 elapsed_ms=3.101
kiln_profile_mlp_stage layer=11 stage=up_proj seq_len=18 start_pos=0 elapsed_ms=2.561
kiln_profile_mlp_stage layer=11 stage=gate_silu_hidden_mul seq_len=18 start_pos=0 elapsed_ms=0.196
kiln_profile_full_attn_stage full_attn_layer=2 stage=q_transpose seq_len=18 start_pos=0 elapsed_ms=0.527
kiln_profile_mlp_stage layer=11 stage=gate_silu_hidden_mul seq_len=18 start_pos=0 elapsed_ms=0.380
kiln_profile_full_attn_stage full_attn_layer=2 stage=qk_norm seq_len=18 start_pos=0 elapsed_ms=3.677
kiln_profile_mlp_stage layer=11 stage=down_proj seq_len=18 start_pos=0 elapsed_ms=3.301
kiln_profile_mlp_stage layer=11 stage=down_proj seq_len=18 start_pos=0 elapsed_ms=2.669
kiln_profile_full_attn_stage full_attn_layer=2 stage=prefill_kv_head_layout seq_len=18 start_pos=0 elapsed_ms=3.089
kiln_profile_full_attn_stage full_attn_layer=2 stage=rope seq_len=18 start_pos=0 elapsed_ms=3.391
kiln_profile_gdn_stage layer=12 stage=in_proj seq_len=18 start_pos=0 elapsed_ms=5.265
kiln_profile_full_attn_stage full_attn_layer=2 stage=prefill_attn_head_major seq_len=18 start_pos=0 elapsed_ms=2.832
kiln_profile_gdn_stage layer=12 stage=qkv_conv_split_norm seq_len=18 start_pos=0 elapsed_ms=0.275
kiln_profile_gdn_stage layer=12 stage=in_proj seq_len=18 start_pos=0 elapsed_ms=4.280
kiln_profile_full_attn_stage full_attn_layer=2 stage=q_transpose seq_len=18 start_pos=0 elapsed_ms=5.487
kiln_profile_full_attn_stage full_attn_layer=2 stage=kv_write seq_len=18 start_pos=0 elapsed_ms=0.693
kiln_profile_gdn_stage layer=12 stage=gates seq_len=18 start_pos=0 elapsed_ms=0.401
kiln_profile_gdn_stage layer=12 stage=qkv_conv_split_norm seq_len=18 start_pos=0 elapsed_ms=0.870
kiln_profile_gdn_stage layer=12 stage=recurrent seq_len=18 start_pos=0 elapsed_ms=0.741
kiln_profile_full_attn_stage full_attn_layer=2 stage=prefill_kv_head_layout seq_len=18 start_pos=0 elapsed_ms=1.120
kiln_profile_gdn_stage layer=12 stage=gates seq_len=18 start_pos=0 elapsed_ms=0.160
kiln_profile_full_attn_stage full_attn_layer=2 stage=prefill_attn_head_major seq_len=18 start_pos=0 elapsed_ms=0.363
kiln_profile_gdn_stage layer=12 stage=recurrent seq_len=18 start_pos=0 elapsed_ms=0.726
kiln_profile_gdn_stage layer=12 stage=post_transpose seq_len=18 start_pos=0 elapsed_ms=0.001
kiln_profile_full_attn_stage full_attn_layer=2 stage=attn_gate seq_len=18 start_pos=0 elapsed_ms=2.769
kiln_profile_gdn_stage layer=12 stage=post_transpose seq_len=18 start_pos=0 elapsed_ms=0.001
kiln_profile_gdn_stage layer=12 stage=gated_norm seq_len=18 start_pos=0 elapsed_ms=0.234
kiln_profile_full_attn_stage full_attn_layer=2 stage=o_proj seq_len=18 start_pos=0 elapsed_ms=1.219
kiln_profile_gdn_stage layer=12 stage=gated_norm seq_len=18 start_pos=0 elapsed_ms=0.215
kiln_profile_full_attn_stage full_attn_layer=2 stage=kv_write seq_len=18 start_pos=0 elapsed_ms=2.077
kiln_profile_gdn_stage layer=12 stage=out_proj seq_len=18 start_pos=0 elapsed_ms=1.645
kiln_profile_full_attn_stage full_attn_layer=2 stage=attn_gate seq_len=18 start_pos=0 elapsed_ms=0.228
kiln_profile_gdn_stage layer=12 stage=out_proj seq_len=18 start_pos=0 elapsed_ms=1.865
kiln_profile_mlp_stage layer=12 stage=gate_proj seq_len=18 start_pos=0 elapsed_ms=3.188
kiln_profile_mlp_stage layer=12 stage=up_proj seq_len=18 start_pos=0 elapsed_ms=6.000
kiln_profile_mlp_stage layer=12 stage=gate_proj seq_len=18 start_pos=0 elapsed_ms=4.735
kiln_profile_full_attn_stage full_attn_layer=2 stage=o_proj seq_len=18 start_pos=0 elapsed_ms=1.270
kiln_profile_mlp_stage layer=12 stage=up_proj seq_len=18 start_pos=0 elapsed_ms=2.351
kiln_profile_mlp_stage layer=12 stage=gate_silu_hidden_mul seq_len=18 start_pos=0 elapsed_ms=0.237
kiln_profile_mlp_stage layer=11 stage=gate_proj seq_len=18 start_pos=0 elapsed_ms=6.160
kiln_profile_mlp_stage layer=11 stage=gate_proj seq_len=18 start_pos=0 elapsed_ms=6.287
kiln_profile_mlp_stage layer=12 stage=down_proj seq_len=18 start_pos=0 elapsed_ms=6.291
kiln_profile_mlp_stage layer=12 stage=gate_silu_hidden_mul seq_len=18 start_pos=0 elapsed_ms=0.420
kiln_profile_mlp_stage layer=11 stage=up_proj seq_len=18 start_pos=0 elapsed_ms=3.645
kiln_profile_mlp_stage layer=11 stage=up_proj seq_len=18 start_pos=0 elapsed_ms=2.632
kiln_profile_mlp_stage layer=12 stage=down_proj seq_len=18 start_pos=0 elapsed_ms=2.813
kiln_profile_mlp_stage layer=11 stage=gate_silu_hidden_mul seq_len=18 start_pos=0 elapsed_ms=0.433
kiln_profile_mlp_stage layer=11 stage=gate_silu_hidden_mul seq_len=18 start_pos=0 elapsed_ms=3.546
kiln_profile_mlp_stage layer=11 stage=down_proj seq_len=18 start_pos=0 elapsed_ms=2.782
kiln_profile_gdn_stage layer=13 stage=in_proj seq_len=18 start_pos=0 elapsed_ms=10.814
kiln_profile_mlp_stage layer=11 stage=down_proj seq_len=18 start_pos=0 elapsed_ms=4.573
kiln_profile_gdn_stage layer=13 stage=qkv_conv_split_norm seq_len=18 start_pos=0 elapsed_ms=4.221
kiln_profile_gdn_stage layer=13 stage=in_proj seq_len=18 start_pos=0 elapsed_ms=11.183
kiln_profile_gdn_stage layer=12 stage=in_proj seq_len=18 start_pos=0 elapsed_ms=7.943
kiln_profile_gdn_stage layer=13 stage=gates seq_len=18 start_pos=0 elapsed_ms=1.480
kiln_profile_gdn_stage layer=12 stage=in_proj seq_len=18 start_pos=0 elapsed_ms=5.972
kiln_profile_gdn_stage layer=13 stage=qkv_conv_split_norm seq_len=18 start_pos=0 elapsed_ms=0.728
kiln_profile_gdn_stage layer=13 stage=recurrent seq_len=18 start_pos=0 elapsed_ms=0.703
kiln_profile_gdn_stage layer=12 stage=qkv_conv_split_norm seq_len=18 start_pos=0 elapsed_ms=0.275
kiln_profile_gdn_stage layer=13 stage=gates seq_len=18 start_pos=0 elapsed_ms=0.179
kiln_profile_gdn_stage layer=13 stage=post_transpose seq_len=18 start_pos=0 elapsed_ms=0.001
kiln_profile_gdn_stage layer=12 stage=qkv_conv_split_norm seq_len=18 start_pos=0 elapsed_ms=1.649
kiln_profile_gdn_stage layer=12 stage=gates seq_len=18 start_pos=0 elapsed_ms=0.162
kiln_profile_gdn_stage layer=13 stage=recurrent seq_len=18 start_pos=0 elapsed_ms=1.421
kiln_profile_gdn_stage layer=13 stage=post_transpose seq_len=18 start_pos=0 elapsed_ms=0.000
kiln_profile_gdn_stage layer=12 stage=recurrent seq_len=18 start_pos=0 elapsed_ms=0.525
kiln_profile_gdn_stage layer=13 stage=gated_norm seq_len=18 start_pos=0 elapsed_ms=0.918
kiln_profile_gdn_stage layer=12 stage=gates seq_len=18 start_pos=0 elapsed_ms=0.698
kiln_profile_gdn_stage layer=13 stage=gated_norm seq_len=18 start_pos=0 elapsed_ms=0.190
kiln_profile_gdn_stage layer=12 stage=post_transpose seq_len=18 start_pos=0 elapsed_ms=0.001
kiln_profile_gdn_stage layer=13 stage=out_proj seq_len=18 start_pos=0 elapsed_ms=3.239
kiln_profile_gdn_stage layer=12 stage=recurrent seq_len=18 start_pos=0 elapsed_ms=1.656
kiln_profile_gdn_stage layer=13 stage=out_proj seq_len=18 start_pos=0 elapsed_ms=1.413
kiln_profile_gdn_stage layer=12 stage=gated_norm seq_len=18 start_pos=0 elapsed_ms=0.274
kiln_profile_gdn_stage layer=12 stage=post_transpose seq_len=18 start_pos=0 elapsed_ms=0.001
kiln_profile_mlp_stage layer=13 stage=gate_proj seq_len=18 start_pos=0 elapsed_ms=3.394
kiln_profile_mlp_stage layer=13 stage=gate_proj seq_len=18 start_pos=0 elapsed_ms=3.535
kiln_profile_gdn_stage layer=12 stage=out_proj seq_len=18 start_pos=0 elapsed_ms=1.369
kiln_profile_gdn_stage layer=12 stage=gated_norm seq_len=18 start_pos=0 elapsed_ms=3.426
kiln_profile_mlp_stage layer=13 stage=up_proj seq_len=18 start_pos=0 elapsed_ms=3.199
kiln_profile_mlp_stage layer=13 stage=up_proj seq_len=18 start_pos=0 elapsed_ms=2.476
kiln_profile_gdn_stage layer=12 stage=out_proj seq_len=18 start_pos=0 elapsed_ms=1.402
kiln_profile_mlp_stage layer=13 stage=gate_silu_hidden_mul seq_len=18 start_pos=0 elapsed_ms=0.227
kiln_profile_mlp_stage layer=13 stage=gate_silu_hidden_mul seq_len=18 start_pos=0 elapsed_ms=2.845
kiln_profile_mlp_stage layer=12 stage=gate_proj seq_len=18 start_pos=0 elapsed_ms=4.696
kiln_profile_mlp_stage layer=12 stage=gate_proj seq_len=18 start_pos=0 elapsed_ms=5.596
kiln_profile_mlp_stage layer=13 stage=down_proj seq_len=18 start_pos=0 elapsed_ms=6.027
kiln_profile_mlp_stage layer=13 stage=down_proj seq_len=18 start_pos=0 elapsed_ms=5.534
kiln_profile_mlp_stage layer=12 stage=up_proj seq_len=18 start_pos=0 elapsed_ms=5.104
kiln_profile_mlp_stage layer=12 stage=up_proj seq_len=18 start_pos=0 elapsed_ms=2.357
kiln_profile_gdn_stage layer=14 stage=in_proj seq_len=18 start_pos=0 elapsed_ms=22.795
kiln_profile_mlp_stage layer=12 stage=gate_silu_hidden_mul seq_len=18 start_pos=0 elapsed_ms=0.538
kiln_profile_mlp_stage layer=12 stage=gate_silu_hidden_mul seq_len=18 start_pos=0 elapsed_ms=1.448
kiln_profile_gdn_stage layer=14 stage=in_proj seq_len=18 start_pos=0 elapsed_ms=6.289
kiln_profile_gdn_stage layer=14 stage=qkv_conv_split_norm seq_len=18 start_pos=0 elapsed_ms=4.252
kiln_profile_mlp_stage layer=12 stage=down_proj seq_len=18 start_pos=0 elapsed_ms=4.242
kiln_profile_gdn_stage layer=14 stage=qkv_conv_split_norm seq_len=18 start_pos=0 elapsed_ms=2.899
kiln_profile_mlp_stage layer=12 stage=down_proj seq_len=18 start_pos=0 elapsed_ms=2.929
kiln_profile_gdn_stage layer=14 stage=gates seq_len=18 start_pos=0 elapsed_ms=0.504
kiln_profile_gdn_stage layer=14 stage=gates seq_len=18 start_pos=0 elapsed_ms=2.627
kiln_profile_gdn_stage layer=14 stage=recurrent seq_len=18 start_pos=0 elapsed_ms=7.751
kiln_profile_gdn_stage layer=13 stage=in_proj seq_len=18 start_pos=0 elapsed_ms=6.311
kiln_profile_gdn_stage layer=13 stage=in_proj seq_len=18 start_pos=0 elapsed_ms=8.710
kiln_profile_gdn_stage layer=14 stage=recurrent seq_len=18 start_pos=0 elapsed_ms=0.688
kiln_profile_gdn_stage layer=14 stage=post_transpose seq_len=18 start_pos=0 elapsed_ms=0.000
kiln_profile_gdn_stage layer=13 stage=qkv_conv_split_norm seq_len=18 start_pos=0 elapsed_ms=0.332
kiln_profile_gdn_stage layer=14 stage=post_transpose seq_len=18 start_pos=0 elapsed_ms=0.002
kiln_profile_gdn_stage layer=14 stage=gated_norm seq_len=18 start_pos=0 elapsed_ms=0.508
kiln_profile_gdn_stage layer=13 stage=qkv_conv_split_norm seq_len=18 start_pos=0 elapsed_ms=1.084
kiln_profile_gdn_stage layer=13 stage=gates seq_len=18 start_pos=0 elapsed_ms=0.237
kiln_profile_gdn_stage layer=14 stage=out_proj seq_len=18 start_pos=0 elapsed_ms=2.290
kiln_profile_gdn_stage layer=14 stage=gated_norm seq_len=18 start_pos=0 elapsed_ms=2.552
kiln_profile_gdn_stage layer=13 stage=gates seq_len=18 start_pos=0 elapsed_ms=0.241
kiln_profile_gdn_stage layer=13 stage=recurrent seq_len=18 start_pos=0 elapsed_ms=0.637
kiln_profile_gdn_stage layer=14 stage=out_proj seq_len=18 start_pos=0 elapsed_ms=1.277
kiln_profile_gdn_stage layer=13 stage=post_transpose seq_len=18 start_pos=0 elapsed_ms=0.001
kiln_profile_gdn_stage layer=13 stage=recurrent seq_len=18 start_pos=0 elapsed_ms=4.431
kiln_profile_mlp_stage layer=14 stage=gate_proj seq_len=18 start_pos=0 elapsed_ms=5.731
kiln_profile_mlp_stage layer=14 stage=up_proj seq_len=18 start_pos=0 elapsed_ms=4.508
kiln_profile_gdn_stage layer=13 stage=post_transpose seq_len=18 start_pos=0 elapsed_ms=0.001
kiln_profile_gdn_stage layer=13 stage=gated_norm seq_len=18 start_pos=0 elapsed_ms=4.793
kiln_profile_mlp_stage layer=14 stage=gate_proj seq_len=18 start_pos=0 elapsed_ms=7.483
kiln_profile_mlp_stage layer=14 stage=gate_silu_hidden_mul seq_len=18 start_pos=0 elapsed_ms=0.496
kiln_profile_gdn_stage layer=13 stage=out_proj seq_len=18 start_pos=0 elapsed_ms=1.299
kiln_profile_gdn_stage layer=13 stage=gated_norm seq_len=18 start_pos=0 elapsed_ms=8.279
kiln_profile_mlp_stage layer=14 stage=up_proj seq_len=18 start_pos=0 elapsed_ms=8.042
kiln_profile_mlp_stage layer=14 stage=down_proj seq_len=18 start_pos=0 elapsed_ms=4.024
kiln_profile_gdn_stage layer=13 stage=out_proj seq_len=18 start_pos=0 elapsed_ms=1.670
kiln_profile_mlp_stage layer=13 stage=gate_proj seq_len=18 start_pos=0 elapsed_ms=4.562
kiln_profile_mlp_stage layer=14 stage=gate_silu_hidden_mul seq_len=18 start_pos=0 elapsed_ms=0.362
kiln_profile_mlp_stage layer=13 stage=up_proj seq_len=18 start_pos=0 elapsed_ms=3.732
kiln_profile_mlp_stage layer=14 stage=down_proj seq_len=18 start_pos=0 elapsed_ms=2.991
kiln_profile_full_attn_stage full_attn_layer=3 stage=qkv_proj seq_len=18 start_pos=0 elapsed_ms=11.666
kiln_profile_mlp_stage layer=13 stage=gate_silu_hidden_mul seq_len=18 start_pos=0 elapsed_ms=0.608
kiln_profile_mlp_stage layer=13 stage=gate_proj seq_len=18 start_pos=0 elapsed_ms=3.697
kiln_profile_full_attn_stage full_attn_layer=3 stage=qkv_split seq_len=18 start_pos=0 elapsed_ms=0.768
kiln_profile_mlp_stage layer=13 stage=down_proj seq_len=18 start_pos=0 elapsed_ms=4.020
kiln_profile_mlp_stage layer=13 stage=up_proj seq_len=18 start_pos=0 elapsed_ms=4.106
kiln_profile_full_attn_stage full_attn_layer=3 stage=qk_norm seq_len=18 start_pos=0 elapsed_ms=1.658
kiln_profile_full_attn_stage full_attn_layer=3 stage=qkv_proj seq_len=18 start_pos=0 elapsed_ms=12.766
kiln_profile_full_attn_stage full_attn_layer=3 stage=rope seq_len=18 start_pos=0 elapsed_ms=0.363
kiln_profile_full_attn_stage full_attn_layer=3 stage=qkv_split seq_len=18 start_pos=0 elapsed_ms=1.262
kiln_profile_mlp_stage layer=13 stage=gate_silu_hidden_mul seq_len=18 start_pos=0 elapsed_ms=3.841
kiln_profile_full_attn_stage full_attn_layer=3 stage=q_transpose seq_len=18 start_pos=0 elapsed_ms=1.649
kiln_profile_gdn_stage layer=14 stage=in_proj seq_len=18 start_pos=0 elapsed_ms=6.700
kiln_profile_mlp_stage layer=13 stage=down_proj seq_len=18 start_pos=0 elapsed_ms=3.179
kiln_profile_full_attn_stage full_attn_layer=3 stage=qk_norm seq_len=18 start_pos=0 elapsed_ms=3.605
kiln_profile_gdn_stage layer=14 stage=qkv_conv_split_norm seq_len=18 start_pos=0 elapsed_ms=0.575
kiln_profile_full_attn_stage full_attn_layer=3 stage=prefill_kv_head_layout seq_len=18 start_pos=0 elapsed_ms=4.230
kiln_profile_full_attn_stage full_attn_layer=3 stage=rope seq_len=18 start_pos=0 elapsed_ms=5.284
kiln_profile_gdn_stage layer=14 stage=gates seq_len=18 start_pos=0 elapsed_ms=1.932
kiln_profile_gdn_stage layer=14 stage=in_proj seq_len=18 start_pos=0 elapsed_ms=5.057
kiln_profile_full_attn_stage full_attn_layer=3 stage=q_transpose seq_len=18 start_pos=0 elapsed_ms=0.874
kiln_profile_full_attn_stage full_attn_layer=3 stage=prefill_attn_head_major seq_len=18 start_pos=0 elapsed_ms=2.887
kiln_profile_gdn_stage layer=14 stage=recurrent seq_len=18 start_pos=0 elapsed_ms=1.451
kiln_profile_gdn_stage layer=14 stage=qkv_conv_split_norm seq_len=18 start_pos=0 elapsed_ms=1.616
kiln_profile_full_attn_stage full_attn_layer=3 stage=kv_write seq_len=18 start_pos=0 elapsed_ms=1.813
kiln_profile_gdn_stage layer=14 stage=post_transpose seq_len=18 start_pos=0 elapsed_ms=0.002
kiln_profile_full_attn_stage full_attn_layer=3 stage=prefill_kv_head_layout seq_len=18 start_pos=0 elapsed_ms=3.059
kiln_profile_gdn_stage layer=14 stage=gates seq_len=18 start_pos=0 elapsed_ms=0.238
kiln_profile_gdn_stage layer=14 stage=gated_norm seq_len=18 start_pos=0 elapsed_ms=1.420
kiln_profile_full_attn_stage full_attn_layer=3 stage=prefill_attn_head_major seq_len=18 start_pos=0 elapsed_ms=1.554
kiln_profile_gdn_stage layer=14 stage=recurrent seq_len=18 start_pos=0 elapsed_ms=1.227
kiln_profile_gdn_stage layer=14 stage=out_proj seq_len=18 start_pos=0 elapsed_ms=1.730
kiln_profile_gdn_stage layer=14 stage=post_transpose seq_len=18 start_pos=0 elapsed_ms=0.002
kiln_profile_full_attn_stage full_attn_layer=3 stage=attn_gate seq_len=18 start_pos=0 elapsed_ms=4.745
kiln_profile_full_attn_stage full_attn_layer=3 stage=kv_write seq_len=18 start_pos=0 elapsed_ms=0.816
kiln_profile_gdn_stage layer=14 stage=gated_norm seq_len=18 start_pos=0 elapsed_ms=0.512
kiln_profile_full_attn_stage full_attn_layer=3 stage=o_proj seq_len=18 start_pos=0 elapsed_ms=2.530
kiln_profile_gdn_stage layer=14 stage=out_proj seq_len=18 start_pos=0 elapsed_ms=1.972
kiln_profile_mlp_stage layer=14 stage=gate_proj seq_len=18 start_pos=0 elapsed_ms=5.287
kiln_profile_mlp_stage layer=15 stage=gate_proj seq_len=18 start_pos=0 elapsed_ms=5.218
kiln_profile_mlp_stage layer=14 stage=up_proj seq_len=18 start_pos=0 elapsed_ms=3.274
kiln_profile_full_attn_stage full_attn_layer=3 stage=attn_gate seq_len=18 start_pos=0 elapsed_ms=14.548
kiln_profile_mlp_stage layer=14 stage=gate_proj seq_len=18 start_pos=0 elapsed_ms=3.111
kiln_profile_full_attn_stage full_attn_layer=3 stage=o_proj seq_len=18 start_pos=0 elapsed_ms=5.647
kiln_profile_mlp_stage layer=14 stage=gate_silu_hidden_mul seq_len=18 start_pos=0 elapsed_ms=5.673
kiln_profile_mlp_stage layer=14 stage=up_proj seq_len=18 start_pos=0 elapsed_ms=4.423
kiln_profile_mlp_stage layer=15 stage=up_proj seq_len=18 start_pos=0 elapsed_ms=11.989
kiln_profile_mlp_stage layer=14 stage=down_proj seq_len=18 start_pos=0 elapsed_ms=4.047
kiln_profile_mlp_stage layer=15 stage=gate_silu_hidden_mul seq_len=18 start_pos=0 elapsed_ms=4.233
kiln_profile_mlp_stage layer=15 stage=gate_proj seq_len=18 start_pos=0 elapsed_ms=3.916
kiln_profile_mlp_stage layer=14 stage=gate_silu_hidden_mul seq_len=18 start_pos=0 elapsed_ms=7.970
kiln_profile_mlp_stage layer=15 stage=down_proj seq_len=18 start_pos=0 elapsed_ms=15.185
kiln_profile_mlp_stage layer=15 stage=up_proj seq_len=18 start_pos=0 elapsed_ms=11.880
kiln_profile_mlp_stage layer=14 stage=down_proj seq_len=18 start_pos=0 elapsed_ms=13.258
kiln_profile_full_attn_stage full_attn_layer=3 stage=qkv_proj seq_len=18 start_pos=0 elapsed_ms=23.719
kiln_profile_mlp_stage layer=15 stage=gate_silu_hidden_mul seq_len=18 start_pos=0 elapsed_ms=1.362
kiln_profile_full_attn_stage full_attn_layer=3 stage=qkv_split seq_len=18 start_pos=0 elapsed_ms=12.158
kiln_profile_mlp_stage layer=15 stage=down_proj seq_len=18 start_pos=0 elapsed_ms=15.165
kiln_profile_full_attn_stage full_attn_layer=3 stage=qkv_proj seq_len=18 start_pos=0 elapsed_ms=20.214
kiln_profile_gdn_stage layer=16 stage=in_proj seq_len=18 start_pos=0 elapsed_ms=22.552
kiln_profile_full_attn_stage full_attn_layer=3 stage=qk_norm seq_len=18 start_pos=0 elapsed_ms=1.729
kiln_profile_full_attn_stage full_attn_layer=3 stage=rope seq_len=18 start_pos=0 elapsed_ms=1.105
kiln_profile_full_attn_stage full_attn_layer=3 stage=qkv_split seq_len=18 start_pos=0 elapsed_ms=8.123
kiln_profile_gdn_stage layer=16 stage=qkv_conv_split_norm seq_len=18 start_pos=0 elapsed_ms=7.596
kiln_profile_full_attn_stage full_attn_layer=3 stage=q_transpose seq_len=18 start_pos=0 elapsed_ms=1.691
kiln_profile_gdn_stage layer=16 stage=in_proj seq_len=18 start_pos=0 elapsed_ms=9.870
kiln_profile_gdn_stage layer=16 stage=gates seq_len=18 start_pos=0 elapsed_ms=0.573
kiln_profile_full_attn_stage full_attn_layer=3 stage=qk_norm seq_len=18 start_pos=0 elapsed_ms=0.926
kiln_profile_gdn_stage layer=16 stage=qkv_conv_split_norm seq_len=18 start_pos=0 elapsed_ms=1.847
kiln_profile_full_attn_stage full_attn_layer=3 stage=prefill_kv_head_layout seq_len=18 start_pos=0 elapsed_ms=2.663
kiln_profile_gdn_stage layer=16 stage=recurrent seq_len=18 start_pos=0 elapsed_ms=1.382
kiln_profile_full_attn_stage full_attn_layer=3 stage=rope seq_len=18 start_pos=0 elapsed_ms=0.410
kiln_profile_gdn_stage layer=16 stage=gates seq_len=18 start_pos=0 elapsed_ms=0.359
kiln_profile_gdn_stage layer=16 stage=post_transpose seq_len=18 start_pos=0 elapsed_ms=0.004
kiln_profile_full_attn_stage full_attn_layer=3 stage=prefill_attn_head_major seq_len=18 start_pos=0 elapsed_ms=1.412
kiln_profile_full_attn_stage full_attn_layer=3 stage=q_transpose seq_len=18 start_pos=0 elapsed_ms=1.008
kiln_profile_gdn_stage layer=16 stage=recurrent seq_len=18 start_pos=0 elapsed_ms=1.559
kiln_profile_gdn_stage layer=16 stage=post_transpose seq_len=18 start_pos=0 elapsed_ms=0.002
kiln_profile_full_attn_stage full_attn_layer=3 stage=kv_write seq_len=18 start_pos=0 elapsed_ms=1.061
kiln_profile_gdn_stage layer=16 stage=gated_norm seq_len=18 start_pos=0 elapsed_ms=1.477
kiln_profile_full_attn_stage full_attn_layer=3 stage=prefill_kv_head_layout seq_len=18 start_pos=0 elapsed_ms=1.126
kiln_profile_gdn_stage layer=16 stage=gated_norm seq_len=18 start_pos=0 elapsed_ms=14.262
kiln_profile_full_attn_stage full_attn_layer=3 stage=prefill_attn_head_major seq_len=18 start_pos=0 elapsed_ms=0.845
kiln_profile_gdn_stage layer=16 stage=out_proj seq_len=18 start_pos=0 elapsed_ms=13.873
kiln_profile_full_attn_stage full_attn_layer=3 stage=attn_gate seq_len=18 start_pos=0 elapsed_ms=14.416
kiln_profile_gdn_stage layer=16 stage=out_proj seq_len=18 start_pos=0 elapsed_ms=4.698
kiln_profile_full_attn_stage full_attn_layer=3 stage=kv_write seq_len=18 start_pos=0 elapsed_ms=9.890
kiln_profile_full_attn_stage full_attn_layer=3 stage=o_proj seq_len=18 start_pos=0 elapsed_ms=12.078
kiln_profile_mlp_stage layer=16 stage=gate_proj seq_len=18 start_pos=0 elapsed_ms=14.005
kiln_profile_mlp_stage layer=16 stage=gate_proj seq_len=18 start_pos=0 elapsed_ms=6.415
kiln_profile_mlp_stage layer=16 stage=up_proj seq_len=18 start_pos=0 elapsed_ms=6.349
kiln_profile_mlp_stage layer=15 stage=gate_proj seq_len=18 start_pos=0 elapsed_ms=9.343
kiln_profile_mlp_stage layer=16 stage=up_proj seq_len=18 start_pos=0 elapsed_ms=5.613
kiln_profile_full_attn_stage full_attn_layer=3 stage=attn_gate seq_len=18 start_pos=0 elapsed_ms=16.453
kiln_profile_mlp_stage layer=16 stage=gate_silu_hidden_mul seq_len=18 start_pos=0 elapsed_ms=2.016
kiln_profile_mlp_stage layer=16 stage=gate_silu_hidden_mul seq_len=18 start_pos=0 elapsed_ms=1.676
kiln_profile_mlp_stage layer=15 stage=up_proj seq_len=18 start_pos=0 elapsed_ms=4.230
kiln_profile_full_attn_stage full_attn_layer=3 stage=o_proj seq_len=18 start_pos=0 elapsed_ms=1.327
kiln_profile_mlp_stage layer=16 stage=down_proj seq_len=18 start_pos=0 elapsed_ms=5.728
kiln_profile_mlp_stage layer=16 stage=down_proj seq_len=18 start_pos=0 elapsed_ms=2.996
kiln_profile_mlp_stage layer=15 stage=gate_silu_hidden_mul seq_len=18 start_pos=0 elapsed_ms=2.996
kiln_profile_mlp_stage layer=15 stage=gate_proj seq_len=18 start_pos=0 elapsed_ms=10.383
kiln_profile_mlp_stage layer=15 stage=down_proj seq_len=18 start_pos=0 elapsed_ms=5.117
kiln_profile_gdn_stage layer=17 stage=in_proj seq_len=18 start_pos=0 elapsed_ms=14.825
kiln_profile_mlp_stage layer=15 stage=up_proj seq_len=18 start_pos=0 elapsed_ms=3.575
kiln_profile_gdn_stage layer=17 stage=in_proj seq_len=18 start_pos=0 elapsed_ms=6.779
kiln_profile_mlp_stage layer=15 stage=gate_silu_hidden_mul seq_len=18 start_pos=0 elapsed_ms=2.730
kiln_profile_gdn_stage layer=16 stage=in_proj seq_len=18 start_pos=0 elapsed_ms=5.264
kiln_profile_gdn_stage layer=17 stage=qkv_conv_split_norm seq_len=18 start_pos=0 elapsed_ms=1.969
kiln_profile_gdn_stage layer=17 stage=qkv_conv_split_norm seq_len=18 start_pos=0 elapsed_ms=1.975
kiln_profile_mlp_stage layer=15 stage=down_proj seq_len=18 start_pos=0 elapsed_ms=2.357
kiln_profile_gdn_stage layer=17 stage=gates seq_len=18 start_pos=0 elapsed_ms=0.554
kiln_profile_gdn_stage layer=17 stage=gates seq_len=18 start_pos=0 elapsed_ms=0.576
kiln_profile_gdn_stage layer=16 stage=qkv_conv_split_norm seq_len=18 start_pos=0 elapsed_ms=1.355
kiln_profile_gdn_stage layer=17 stage=recurrent seq_len=18 start_pos=0 elapsed_ms=2.889
kiln_profile_gdn_stage layer=16 stage=gates seq_len=18 start_pos=0 elapsed_ms=2.217
kiln_profile_gdn_stage layer=17 stage=recurrent seq_len=18 start_pos=0 elapsed_ms=5.099
kiln_profile_gdn_stage layer=17 stage=post_transpose seq_len=18 start_pos=0 elapsed_ms=0.003
kiln_profile_gdn_stage layer=16 stage=in_proj seq_len=18 start_pos=0 elapsed_ms=5.167
kiln_profile_gdn_stage layer=17 stage=post_transpose seq_len=18 start_pos=0 elapsed_ms=0.690
kiln_profile_gdn_stage layer=16 stage=recurrent seq_len=18 start_pos=0 elapsed_ms=0.716
kiln_profile_gdn_stage layer=17 stage=gated_norm seq_len=18 start_pos=0 elapsed_ms=0.645
kiln_profile_gdn_stage layer=16 stage=post_transpose seq_len=18 start_pos=0 elapsed_ms=0.002
kiln_profile_gdn_stage layer=16 stage=qkv_conv_split_norm seq_len=18 start_pos=0 elapsed_ms=3.805
kiln_profile_gdn_stage layer=17 stage=out_proj seq_len=18 start_pos=0 elapsed_ms=3.171
kiln_profile_gdn_stage layer=17 stage=gated_norm seq_len=18 start_pos=0 elapsed_ms=3.545
kiln_profile_gdn_stage layer=16 stage=gated_norm seq_len=18 start_pos=0 elapsed_ms=0.580
kiln_profile_gdn_stage layer=16 stage=gates seq_len=18 start_pos=0 elapsed_ms=0.609
kiln_profile_mlp_stage layer=17 stage=gate_proj seq_len=18 start_pos=0 elapsed_ms=7.007
kiln_profile_gdn_stage layer=16 stage=recurrent seq_len=18 start_pos=0 elapsed_ms=0.777
kiln_profile_gdn_stage layer=16 stage=out_proj seq_len=18 start_pos=0 elapsed_ms=3.985
kiln_profile_mlp_stage layer=17 stage=up_proj seq_len=18 start_pos=0 elapsed_ms=4.736
kiln_profile_gdn_stage layer=17 stage=out_proj seq_len=18 start_pos=0 elapsed_ms=14.418
kiln_profile_gdn_stage layer=16 stage=post_transpose seq_len=18 start_pos=0 elapsed_ms=0.002
kiln_profile_mlp_stage layer=17 stage=gate_silu_hidden_mul seq_len=18 start_pos=0 elapsed_ms=0.975
kiln_profile_gdn_stage layer=16 stage=gated_norm seq_len=18 start_pos=0 elapsed_ms=0.623
kiln_profile_mlp_stage layer=16 stage=gate_proj seq_len=18 start_pos=0 elapsed_ms=8.200
kiln_profile_mlp_stage layer=17 stage=down_proj seq_len=18 start_pos=0 elapsed_ms=9.647
kiln_profile_gdn_stage layer=16 stage=out_proj seq_len=18 start_pos=0 elapsed_ms=3.811
kiln_profile_mlp_stage layer=17 stage=gate_proj seq_len=18 start_pos=0 elapsed_ms=9.542
kiln_profile_mlp_stage layer=16 stage=up_proj seq_len=18 start_pos=0 elapsed_ms=2.703
kiln_profile_mlp_stage layer=17 stage=up_proj seq_len=18 start_pos=0 elapsed_ms=2.939
kiln_profile_mlp_stage layer=16 stage=gate_silu_hidden_mul seq_len=18 start_pos=0 elapsed_ms=0.358
kiln_profile_mlp_stage layer=16 stage=gate_proj seq_len=18 start_pos=0 elapsed_ms=7.053
kiln_profile_gdn_stage layer=18 stage=in_proj seq_len=18 start_pos=0 elapsed_ms=13.377
kiln_profile_mlp_stage layer=17 stage=gate_silu_hidden_mul seq_len=18 start_pos=0 elapsed_ms=6.177
kiln_profile_mlp_stage layer=16 stage=down_proj seq_len=18 start_pos=0 elapsed_ms=5.071
kiln_profile_mlp_stage layer=16 stage=up_proj seq_len=18 start_pos=0 elapsed_ms=5.100
kiln_profile_gdn_stage layer=18 stage=qkv_conv_split_norm seq_len=18 start_pos=0 elapsed_ms=0.497
kiln_profile_mlp_stage layer=17 stage=down_proj seq_len=18 start_pos=0 elapsed_ms=3.251
kiln_profile_gdn_stage layer=18 stage=gates seq_len=18 start_pos=0 elapsed_ms=2.793
kiln_profile_mlp_stage layer=16 stage=gate_silu_hidden_mul seq_len=18 start_pos=0 elapsed_ms=6.082
kiln_profile_gdn_stage layer=18 stage=recurrent seq_len=18 start_pos=0 elapsed_ms=5.065
kiln_profile_mlp_stage layer=16 stage=down_proj seq_len=18 start_pos=0 elapsed_ms=5.925
kiln_profile_gdn_stage layer=18 stage=in_proj seq_len=18 start_pos=0 elapsed_ms=8.144
kiln_profile_gdn_stage layer=17 stage=in_proj seq_len=18 start_pos=0 elapsed_ms=12.634
kiln_profile_gdn_stage layer=18 stage=post_transpose seq_len=18 start_pos=0 elapsed_ms=0.001
kiln_profile_gdn_stage layer=18 stage=gated_norm seq_len=18 start_pos=0 elapsed_ms=3.743
kiln_profile_gdn_stage layer=17 stage=qkv_conv_split_norm seq_len=18 start_pos=0 elapsed_ms=4.781
kiln_profile_gdn_stage layer=18 stage=qkv_conv_split_norm seq_len=18 start_pos=0 elapsed_ms=5.626
kiln_profile_gdn_stage layer=17 stage=in_proj seq_len=18 start_pos=0 elapsed_ms=8.073
kiln_profile_gdn_stage layer=18 stage=out_proj seq_len=18 start_pos=0 elapsed_ms=3.455
kiln_profile_gdn_stage layer=17 stage=gates seq_len=18 start_pos=0 elapsed_ms=0.868
kiln_profile_gdn_stage layer=18 stage=gates seq_len=18 start_pos=0 elapsed_ms=1.306
kiln_profile_gdn_stage layer=17 stage=qkv_conv_split_norm seq_len=18 start_pos=0 elapsed_ms=1.334
kiln_profile_mlp_stage layer=18 stage=gate_proj seq_len=18 start_pos=0 elapsed_ms=5.839
kiln_profile_gdn_stage layer=17 stage=recurrent seq_len=18 start_pos=0 elapsed_ms=2.144
kiln_profile_gdn_stage layer=17 stage=gates seq_len=18 start_pos=0 elapsed_ms=1.187
kiln_profile_gdn_stage layer=18 stage=recurrent seq_len=18 start_pos=0 elapsed_ms=6.248
kiln_profile_mlp_stage layer=18 stage=up_proj seq_len=18 start_pos=0 elapsed_ms=5.943
kiln_profile_gdn_stage layer=17 stage=post_transpose seq_len=18 start_pos=0 elapsed_ms=0.001
kiln_profile_gdn_stage layer=17 stage=recurrent seq_len=18 start_pos=0 elapsed_ms=0.906
kiln_profile_gdn_stage layer=18 stage=post_transpose seq_len=18 start_pos=0 elapsed_ms=0.002
kiln_profile_mlp_stage layer=18 stage=gate_silu_hidden_mul seq_len=18 start_pos=0 elapsed_ms=0.568
kiln_profile_gdn_stage layer=17 stage=gated_norm seq_len=18 start_pos=0 elapsed_ms=0.572
kiln_profile_gdn_stage layer=17 stage=post_transpose seq_len=18 start_pos=0 elapsed_ms=0.001
kiln_profile_gdn_stage layer=18 stage=gated_norm seq_len=18 start_pos=0 elapsed_ms=0.288
kiln_profile_gdn_stage layer=17 stage=gated_norm seq_len=18 start_pos=0 elapsed_ms=5.638
kiln_profile_mlp_stage layer=18 stage=down_proj seq_len=18 start_pos=0 elapsed_ms=7.361
kiln_profile_gdn_stage layer=18 stage=out_proj seq_len=18 start_pos=0 elapsed_ms=3.632
kiln_profile_gdn_stage layer=17 stage=out_proj seq_len=18 start_pos=0 elapsed_ms=9.020
kiln_profile_gdn_stage layer=17 stage=out_proj seq_len=18 start_pos=0 elapsed_ms=2.505
kiln_profile_mlp_stage layer=17 stage=gate_proj seq_len=18 start_pos=0 elapsed_ms=4.325
kiln_profile_full_attn_stage full_attn_layer=4 stage=qkv_proj seq_len=18 start_pos=0 elapsed_ms=11.570
kiln_profile_mlp_stage layer=17 stage=gate_proj seq_len=18 start_pos=0 elapsed_ms=5.936
kiln_profile_mlp_stage layer=18 stage=gate_proj seq_len=18 start_pos=0 elapsed_ms=5.965
kiln_profile_mlp_stage layer=17 stage=up_proj seq_len=18 start_pos=0 elapsed_ms=6.418
kiln_profile_full_attn_stage full_attn_layer=4 stage=qkv_split seq_len=18 start_pos=0 elapsed_ms=18.538
kiln_profile_mlp_stage layer=17 stage=up_proj seq_len=18 start_pos=0 elapsed_ms=11.481
kiln_profile_mlp_stage layer=18 stage=up_proj seq_len=18 start_pos=0 elapsed_ms=11.979
kiln_profile_mlp_stage layer=17 stage=gate_silu_hidden_mul seq_len=18 start_pos=0 elapsed_ms=6.991
kiln_profile_full_attn_stage full_attn_layer=4 stage=qk_norm seq_len=18 start_pos=0 elapsed_ms=0.758
kiln_profile_mlp_stage layer=17 stage=gate_silu_hidden_mul seq_len=18 start_pos=0 elapsed_ms=0.761
kiln_profile_mlp_stage layer=18 stage=gate_silu_hidden_mul seq_len=18 start_pos=0 elapsed_ms=0.435
kiln_profile_mlp_stage layer=17 stage=down_proj seq_len=18 start_pos=0 elapsed_ms=2.821
kiln_profile_mlp_stage layer=17 stage=down_proj seq_len=18 start_pos=0 elapsed_ms=3.500
kiln_profile_full_attn_stage full_attn_layer=4 stage=rope seq_len=18 start_pos=0 elapsed_ms=3.549
kiln_profile_mlp_stage layer=18 stage=down_proj seq_len=18 start_pos=0 elapsed_ms=3.165
kiln_profile_full_attn_stage full_attn_layer=4 stage=q_transpose seq_len=18 start_pos=0 elapsed_ms=9.135
kiln_profile_gdn_stage layer=18 stage=in_proj seq_len=18 start_pos=0 elapsed_ms=14.471
kiln_profile_gdn_stage layer=18 stage=in_proj seq_len=18 start_pos=0 elapsed_ms=14.150
kiln_profile_full_attn_stage full_attn_layer=4 stage=prefill_kv_head_layout seq_len=18 start_pos=0 elapsed_ms=1.604
kiln_profile_full_attn_stage full_attn_layer=4 stage=qkv_proj seq_len=18 start_pos=0 elapsed_ms=4.900
kiln_profile_gdn_stage layer=18 stage=qkv_conv_split_norm seq_len=18 start_pos=0 elapsed_ms=1.028
kiln_profile_full_attn_stage full_attn_layer=4 stage=prefill_attn_head_major seq_len=18 start_pos=0 elapsed_ms=1.422
kiln_profile_gdn_stage layer=18 stage=qkv_conv_split_norm seq_len=18 start_pos=0 elapsed_ms=2.950
kiln_profile_gdn_stage layer=18 stage=gates seq_len=18 start_pos=0 elapsed_ms=1.039
kiln_profile_full_attn_stage full_attn_layer=4 stage=qkv_split seq_len=18 start_pos=0 elapsed_ms=1.923
kiln_profile_gdn_stage layer=18 stage=recurrent seq_len=18 start_pos=0 elapsed_ms=1.891
kiln_profile_full_attn_stage full_attn_layer=4 stage=kv_write seq_len=18 start_pos=0 elapsed_ms=3.666
kiln_profile_gdn_stage layer=18 stage=post_transpose seq_len=18 start_pos=0 elapsed_ms=0.002
kiln_profile_full_attn_stage full_attn_layer=4 stage=qk_norm seq_len=18 start_pos=0 elapsed_ms=0.836
kiln_profile_gdn_stage layer=18 stage=gates seq_len=18 start_pos=0 elapsed_ms=2.727
kiln_profile_full_attn_stage full_attn_layer=4 stage=attn_gate seq_len=18 start_pos=0 elapsed_ms=0.331
kiln_profile_gdn_stage layer=18 stage=gated_norm seq_len=18 start_pos=0 elapsed_ms=1.003
kiln_profile_gdn_stage layer=18 stage=recurrent seq_len=18 start_pos=0 elapsed_ms=3.553
kiln_profile_full_attn_stage full_attn_layer=4 stage=o_proj seq_len=18 start_pos=0 elapsed_ms=3.270
kiln_profile_full_attn_stage full_attn_layer=4 stage=rope seq_len=18 start_pos=0 elapsed_ms=2.002
kiln_profile_gdn_stage layer=18 stage=post_transpose seq_len=18 start_pos=0 elapsed_ms=0.004
kiln_profile_gdn_stage layer=18 stage=out_proj seq_len=18 start_pos=0 elapsed_ms=1.627
kiln_profile_full_attn_stage full_attn_layer=4 stage=q_transpose seq_len=18 start_pos=0 elapsed_ms=6.580
kiln_profile_gdn_stage layer=18 stage=gated_norm seq_len=18 start_pos=0 elapsed_ms=6.491
kiln_profile_mlp_stage layer=19 stage=gate_proj seq_len=18 start_pos=0 elapsed_ms=6.990
kiln_profile_gdn_stage layer=18 stage=out_proj seq_len=18 start_pos=0 elapsed_ms=2.063
kiln_profile_mlp_stage layer=19 stage=up_proj seq_len=18 start_pos=0 elapsed_ms=11.561
kiln_profile_mlp_stage layer=18 stage=gate_proj seq_len=18 start_pos=0 elapsed_ms=9.490
kiln_profile_full_attn_stage full_attn_layer=4 stage=prefill_kv_head_layout seq_len=18 start_pos=0 elapsed_ms=11.996
kiln_profile_mlp_stage layer=18 stage=gate_proj seq_len=18 start_pos=0 elapsed_ms=6.665
kiln_profile_mlp_stage layer=19 stage=gate_silu_hidden_mul seq_len=18 start_pos=0 elapsed_ms=6.678
kiln_profile_mlp_stage layer=18 stage=up_proj seq_len=18 start_pos=0 elapsed_ms=3.416
kiln_profile_full_attn_stage full_attn_layer=4 stage=prefill_attn_head_major seq_len=18 start_pos=0 elapsed_ms=7.010
kiln_profile_mlp_stage layer=18 stage=up_proj seq_len=18 start_pos=0 elapsed_ms=3.534
kiln_profile_mlp_stage layer=18 stage=gate_silu_hidden_mul seq_len=18 start_pos=0 elapsed_ms=0.377
kiln_profile_mlp_stage layer=19 stage=down_proj seq_len=18 start_pos=0 elapsed_ms=6.170
kiln_profile_mlp_stage layer=18 stage=gate_silu_hidden_mul seq_len=18 start_pos=0 elapsed_ms=0.569
kiln_profile_full_attn_stage full_attn_layer=4 stage=kv_write seq_len=18 start_pos=0 elapsed_ms=4.149
kiln_profile_mlp_stage layer=18 stage=down_proj seq_len=18 start_pos=0 elapsed_ms=4.466
kiln_profile_gdn_stage layer=20 stage=in_proj seq_len=18 start_pos=0 elapsed_ms=8.938
kiln_profile_mlp_stage layer=18 stage=down_proj seq_len=18 start_pos=0 elapsed_ms=4.820
kiln_profile_gdn_stage layer=20 stage=qkv_conv_split_norm seq_len=18 start_pos=0 elapsed_ms=4.322
kiln_profile_full_attn_stage full_attn_layer=4 stage=qkv_proj seq_len=18 start_pos=0 elapsed_ms=9.854
kiln_profile_full_attn_stage full_attn_layer=4 stage=attn_gate seq_len=18 start_pos=0 elapsed_ms=10.180
kiln_profile_full_attn_stage full_attn_layer=4 stage=qkv_split seq_len=18 start_pos=0 elapsed_ms=2.986
kiln_profile_full_attn_stage full_attn_layer=4 stage=qkv_proj seq_len=18 start_pos=0 elapsed_ms=10.264
kiln_profile_full_attn_stage full_attn_layer=4 stage=o_proj seq_len=18 start_pos=0 elapsed_ms=3.001
kiln_profile_gdn_stage layer=20 stage=gates seq_len=18 start_pos=0 elapsed_ms=4.109
kiln_profile_full_attn_stage full_attn_layer=4 stage=qk_norm seq_len=18 start_pos=0 elapsed_ms=0.370
kiln_profile_full_attn_stage full_attn_layer=4 stage=qkv_split seq_len=18 start_pos=0 elapsed_ms=1.467
kiln_profile_gdn_stage layer=20 stage=recurrent seq_len=18 start_pos=0 elapsed_ms=2.518
kiln_profile_full_attn_stage full_attn_layer=4 stage=rope seq_len=18 start_pos=0 elapsed_ms=4.922
kiln_profile_mlp_stage layer=19 stage=gate_proj seq_len=18 start_pos=0 elapsed_ms=4.956
kiln_profile_gdn_stage layer=20 stage=post_transpose seq_len=18 start_pos=0 elapsed_ms=0.005
kiln_profile_full_attn_stage full_attn_layer=4 stage=qk_norm seq_len=18 start_pos=0 elapsed_ms=4.383
kiln_profile_mlp_stage layer=19 stage=up_proj seq_len=18 start_pos=0 elapsed_ms=4.030
kiln_profile_gdn_stage layer=20 stage=gated_norm seq_len=18 start_pos=0 elapsed_ms=1.058
kiln_profile_full_attn_stage full_attn_layer=4 stage=q_transpose seq_len=18 start_pos=0 elapsed_ms=1.027
kiln_profile_full_attn_stage full_attn_layer=4 stage=rope seq_len=18 start_pos=0 elapsed_ms=0.914
kiln_profile_mlp_stage layer=19 stage=gate_silu_hidden_mul seq_len=18 start_pos=0 elapsed_ms=4.516
kiln_profile_gdn_stage layer=20 stage=out_proj seq_len=18 start_pos=0 elapsed_ms=4.658
kiln_profile_full_attn_stage full_attn_layer=4 stage=q_transpose seq_len=18 start_pos=0 elapsed_ms=4.526
kiln_profile_full_attn_stage full_attn_layer=4 stage=prefill_kv_head_layout seq_len=18 start_pos=0 elapsed_ms=5.541
kiln_profile_mlp_stage layer=19 stage=down_proj seq_len=18 start_pos=0 elapsed_ms=4.451
kiln_profile_full_attn_stage full_attn_layer=4 stage=prefill_kv_head_layout seq_len=18 start_pos=0 elapsed_ms=2.236
kiln_profile_mlp_stage layer=20 stage=gate_proj seq_len=18 start_pos=0 elapsed_ms=10.529
kiln_profile_full_attn_stage full_attn_layer=4 stage=prefill_attn_head_major seq_len=18 start_pos=0 elapsed_ms=15.993
kiln_profile_mlp_stage layer=20 stage=up_proj seq_len=18 start_pos=0 elapsed_ms=10.671
kiln_profile_gdn_stage layer=20 stage=in_proj seq_len=18 start_pos=0 elapsed_ms=16.570
kiln_profile_full_attn_stage full_attn_layer=4 stage=kv_write seq_len=18 start_pos=0 elapsed_ms=0.414
kiln_profile_gdn_stage layer=20 stage=qkv_conv_split_norm seq_len=18 start_pos=0 elapsed_ms=0.641
kiln_profile_mlp_stage layer=20 stage=gate_silu_hidden_mul seq_len=18 start_pos=0 elapsed_ms=1.698
kiln_profile_gdn_stage layer=20 stage=gates seq_len=18 start_pos=0 elapsed_ms=1.251
kiln_profile_full_attn_stage full_attn_layer=4 stage=prefill_attn_head_major seq_len=18 start_pos=0 elapsed_ms=2.209
kiln_profile_full_attn_stage full_attn_layer=4 stage=attn_gate seq_len=18 start_pos=0 elapsed_ms=9.673
kiln_profile_mlp_stage layer=20 stage=down_proj seq_len=18 start_pos=0 elapsed_ms=7.127
kiln_profile_gdn_stage layer=20 stage=recurrent seq_len=18 start_pos=0 elapsed_ms=1.913
kiln_profile_full_attn_stage full_attn_layer=4 stage=o_proj seq_len=18 start_pos=0 elapsed_ms=3.154
kiln_profile_full_attn_stage full_attn_layer=4 stage=kv_write seq_len=18 start_pos=0 elapsed_ms=3.480
kiln_profile_gdn_stage layer=20 stage=post_transpose seq_len=18 start_pos=0 elapsed_ms=0.006
kiln_profile_gdn_stage layer=21 stage=in_proj seq_len=18 start_pos=0 elapsed_ms=19.813
kiln_profile_gdn_stage layer=20 stage=gated_norm seq_len=18 start_pos=0 elapsed_ms=1.416
kiln_profile_full_attn_stage full_attn_layer=4 stage=attn_gate seq_len=18 start_pos=0 elapsed_ms=5.131
kiln_profile_gdn_stage layer=20 stage=out_proj seq_len=18 start_pos=0 elapsed_ms=9.729
kiln_profile_mlp_stage layer=19 stage=gate_proj seq_len=18 start_pos=0 elapsed_ms=10.365
kiln_profile_gdn_stage layer=21 stage=qkv_conv_split_norm seq_len=18 start_pos=0 elapsed_ms=10.895
kiln_profile_full_attn_stage full_attn_layer=4 stage=o_proj seq_len=18 start_pos=0 elapsed_ms=3.338
kiln_profile_gdn_stage layer=21 stage=gates seq_len=18 start_pos=0 elapsed_ms=13.961
kiln_profile_mlp_stage layer=19 stage=up_proj seq_len=18 start_pos=0 elapsed_ms=14.413
kiln_profile_mlp_stage layer=20 stage=gate_proj seq_len=18 start_pos=0 elapsed_ms=7.606
kiln_profile_mlp_stage layer=19 stage=gate_proj seq_len=18 start_pos=0 elapsed_ms=3.557
kiln_profile_gdn_stage layer=21 stage=recurrent seq_len=18 start_pos=0 elapsed_ms=1.294
kiln_profile_mlp_stage layer=19 stage=gate_silu_hidden_mul seq_len=18 start_pos=0 elapsed_ms=5.052
kiln_profile_gdn_stage layer=21 stage=post_transpose seq_len=18 start_pos=0 elapsed_ms=0.006
kiln_profile_mlp_stage layer=19 stage=up_proj seq_len=18 start_pos=0 elapsed_ms=4.337
kiln_profile_mlp_stage layer=20 stage=up_proj seq_len=18 start_pos=0 elapsed_ms=8.145
kiln_profile_mlp_stage layer=19 stage=down_proj seq_len=18 start_pos=0 elapsed_ms=3.632
kiln_profile_gdn_stage layer=21 stage=gated_norm seq_len=18 start_pos=0 elapsed_ms=1.320
kiln_profile_mlp_stage layer=19 stage=gate_silu_hidden_mul seq_len=18 start_pos=0 elapsed_ms=0.897
kiln_profile_mlp_stage layer=20 stage=gate_silu_hidden_mul seq_len=18 start_pos=0 elapsed_ms=1.269
kiln_profile_mlp_stage layer=19 stage=down_proj seq_len=18 start_pos=0 elapsed_ms=9.591
kiln_profile_mlp_stage layer=20 stage=down_proj seq_len=18 start_pos=0 elapsed_ms=9.475
kiln_profile_gdn_stage layer=21 stage=out_proj seq_len=18 start_pos=0 elapsed_ms=9.478
kiln_profile_gdn_stage layer=20 stage=in_proj seq_len=18 start_pos=0 elapsed_ms=17.870
kiln_profile_mlp_stage layer=21 stage=gate_proj seq_len=18 start_pos=0 elapsed_ms=11.387
kiln_profile_gdn_stage layer=20 stage=qkv_conv_split_norm seq_len=18 start_pos=0 elapsed_ms=14.637
kiln_profile_gdn_stage layer=20 stage=in_proj seq_len=18 start_pos=0 elapsed_ms=21.283
kiln_profile_gdn_stage layer=21 stage=in_proj seq_len=18 start_pos=0 elapsed_ms=28.870
kiln_profile_mlp_stage layer=21 stage=up_proj seq_len=18 start_pos=0 elapsed_ms=11.065
kiln_profile_gdn_stage layer=20 stage=gates seq_len=18 start_pos=0 elapsed_ms=0.749
kiln_profile_gdn_stage layer=21 stage=qkv_conv_split_norm seq_len=18 start_pos=0 elapsed_ms=0.398
kiln_profile_gdn_stage layer=20 stage=qkv_conv_split_norm seq_len=18 start_pos=0 elapsed_ms=1.422
kiln_profile_mlp_stage layer=21 stage=gate_silu_hidden_mul seq_len=18 start_pos=0 elapsed_ms=0.331
kiln_profile_gdn_stage layer=21 stage=gates seq_len=18 start_pos=0 elapsed_ms=1.186
kiln_profile_gdn_stage layer=20 stage=recurrent seq_len=18 start_pos=0 elapsed_ms=8.906
kiln_profile_mlp_stage layer=21 stage=down_proj seq_len=18 start_pos=0 elapsed_ms=8.054
kiln_profile_gdn_stage layer=21 stage=recurrent seq_len=18 start_pos=0 elapsed_ms=1.181
kiln_profile_gdn_stage layer=20 stage=gates seq_len=18 start_pos=0 elapsed_ms=10.466
kiln_profile_gdn_stage layer=20 stage=post_transpose seq_len=18 start_pos=0 elapsed_ms=0.001
kiln_profile_gdn_stage layer=20 stage=recurrent seq_len=18 start_pos=0 elapsed_ms=1.256
kiln_profile_gdn_stage layer=20 stage=post_transpose seq_len=18 start_pos=0 elapsed_ms=0.002
kiln_profile_gdn_stage layer=20 stage=gated_norm seq_len=18 start_pos=0 elapsed_ms=1.564
kiln_profile_gdn_stage layer=21 stage=post_transpose seq_len=18 start_pos=0 elapsed_ms=0.001
kiln_profile_gdn_stage layer=22 stage=in_proj seq_len=18 start_pos=0 elapsed_ms=12.752
kiln_profile_gdn_stage layer=20 stage=gated_norm seq_len=18 start_pos=0 elapsed_ms=0.377
kiln_profile_gdn_stage layer=20 stage=out_proj seq_len=18 start_pos=0 elapsed_ms=4.178
kiln_profile_gdn_stage layer=21 stage=gated_norm seq_len=18 start_pos=0 elapsed_ms=8.016
kiln_profile_gdn_stage layer=20 stage=out_proj seq_len=18 start_pos=0 elapsed_ms=8.514
kiln_profile_gdn_stage layer=22 stage=qkv_conv_split_norm seq_len=18 start_pos=0 elapsed_ms=8.771
kiln_profile_gdn_stage layer=21 stage=out_proj seq_len=18 start_pos=0 elapsed_ms=2.990
kiln_profile_mlp_stage layer=20 stage=gate_proj seq_len=18 start_pos=0 elapsed_ms=8.562
kiln_profile_mlp_stage layer=20 stage=gate_proj seq_len=18 start_pos=0 elapsed_ms=8.575
kiln_profile_gdn_stage layer=22 stage=gates seq_len=18 start_pos=0 elapsed_ms=0.734
kiln_profile_mlp_stage layer=20 stage=up_proj seq_len=18 start_pos=0 elapsed_ms=8.256
kiln_profile_mlp_stage layer=20 stage=up_proj seq_len=18 start_pos=0 elapsed_ms=9.196
kiln_profile_gdn_stage layer=22 stage=recurrent seq_len=18 start_pos=0 elapsed_ms=9.058
kiln_profile_mlp_stage layer=21 stage=gate_proj seq_len=18 start_pos=0 elapsed_ms=5.235
kiln_profile_mlp_stage layer=20 stage=gate_silu_hidden_mul seq_len=18 start_pos=0 elapsed_ms=0.620
kiln_profile_gdn_stage layer=22 stage=post_transpose seq_len=18 start_pos=0 elapsed_ms=0.001
kiln_profile_mlp_stage layer=20 stage=gate_silu_hidden_mul seq_len=18 start_pos=0 elapsed_ms=0.751
kiln_profile_mlp_stage layer=21 stage=up_proj seq_len=18 start_pos=0 elapsed_ms=9.075
kiln_profile_mlp_stage layer=21 stage=gate_silu_hidden_mul seq_len=18 start_pos=0 elapsed_ms=0.743
kiln_profile_mlp_stage layer=20 stage=down_proj seq_len=18 start_pos=0 elapsed_ms=2.780
kiln_profile_mlp_stage layer=21 stage=down_proj seq_len=18 start_pos=0 elapsed_ms=4.550
kiln_profile_mlp_stage layer=20 stage=down_proj seq_len=18 start_pos=0 elapsed_ms=17.323
kiln_profile_gdn_stage layer=22 stage=gated_norm seq_len=18 start_pos=0 elapsed_ms=0.586
kiln_profile_gdn_stage layer=22 stage=out_proj seq_len=18 start_pos=0 elapsed_ms=2.469
kiln_profile_gdn_stage layer=21 stage=in_proj seq_len=18 start_pos=0 elapsed_ms=4.609
kiln_profile_gdn_stage layer=21 stage=qkv_conv_split_norm seq_len=18 start_pos=0 elapsed_ms=0.532
kiln_profile_gdn_stage layer=21 stage=gates seq_len=18 start_pos=0 elapsed_ms=0.249
kiln_profile_gdn_stage layer=21 stage=recurrent seq_len=18 start_pos=0 elapsed_ms=0.709
kiln_profile_gdn_stage layer=21 stage=post_transpose seq_len=18 start_pos=0 elapsed_ms=0.002
kiln_profile_gdn_stage layer=21 stage=gated_norm seq_len=18 start_pos=0 elapsed_ms=0.330
kiln_profile_gdn_stage layer=21 stage=in_proj seq_len=18 start_pos=0 elapsed_ms=5.081
kiln_profile_gdn_stage layer=21 stage=qkv_conv_split_norm seq_len=18 start_pos=0 elapsed_ms=0.670
kiln_profile_gdn_stage layer=21 stage=gates seq_len=18 start_pos=0 elapsed_ms=0.533
kiln_profile_gdn_stage layer=21 stage=out_proj seq_len=18 start_pos=0 elapsed_ms=4.295
kiln_profile_gdn_stage layer=21 stage=recurrent seq_len=18 start_pos=0 elapsed_ms=1.263
kiln_profile_gdn_stage layer=21 stage=post_transpose seq_len=18 start_pos=0 elapsed_ms=0.001
kiln_profile_mlp_stage layer=22 stage=gate_proj seq_len=18 start_pos=0 elapsed_ms=5.703
kiln_profile_gdn_stage layer=21 stage=gated_norm seq_len=18 start_pos=0 elapsed_ms=0.361
kiln_profile_gdn_stage layer=21 stage=out_proj seq_len=18 start_pos=0 elapsed_ms=1.642
kiln_profile_mlp_stage layer=21 stage=gate_proj seq_len=18 start_pos=0 elapsed_ms=3.094
kiln_profile_mlp_stage layer=21 stage=up_proj seq_len=18 start_pos=0 elapsed_ms=3.075
kiln_profile_mlp_stage layer=21 stage=gate_silu_hidden_mul seq_len=18 start_pos=0 elapsed_ms=0.446
kiln_profile_mlp_stage layer=21 stage=down_proj seq_len=18 start_pos=0 elapsed_ms=3.914
kiln_profile_gdn_stage layer=22 stage=in_proj seq_len=18 start_pos=0 elapsed_ms=4.965
kiln_profile_mlp_stage layer=21 stage=gate_proj seq_len=18 start_pos=0 elapsed_ms=22.724
kiln_profile_gdn_stage layer=22 stage=qkv_conv_split_norm seq_len=18 start_pos=0 elapsed_ms=2.120
kiln_profile_gdn_stage layer=22 stage=in_proj seq_len=18 start_pos=0 elapsed_ms=37.368
kiln_profile_mlp_stage layer=21 stage=up_proj seq_len=18 start_pos=0 elapsed_ms=2.363
kiln_profile_gdn_stage layer=22 stage=gates seq_len=18 start_pos=0 elapsed_ms=5.473
kiln_profile_mlp_stage layer=22 stage=up_proj seq_len=18 start_pos=0 elapsed_ms=5.494
kiln_profile_mlp_stage layer=21 stage=gate_silu_hidden_mul seq_len=18 start_pos=0 elapsed_ms=1.591
kiln_profile_gdn_stage layer=22 stage=qkv_conv_split_norm seq_len=18 start_pos=0 elapsed_ms=1.944
kiln_profile_mlp_stage layer=22 stage=gate_silu_hidden_mul seq_len=18 start_pos=0 elapsed_ms=0.636
kiln_profile_gdn_stage layer=22 stage=recurrent seq_len=18 start_pos=0 elapsed_ms=1.454
kiln_profile_mlp_stage layer=21 stage=down_proj seq_len=18 start_pos=0 elapsed_ms=2.564
kiln_profile_gdn_stage layer=22 stage=post_transpose seq_len=18 start_pos=0 elapsed_ms=0.002
kiln_profile_gdn_stage layer=22 stage=gates seq_len=18 start_pos=0 elapsed_ms=0.252
kiln_profile_mlp_stage layer=22 stage=down_proj seq_len=18 start_pos=0 elapsed_ms=5.717
kiln_profile_gdn_stage layer=22 stage=gated_norm seq_len=18 start_pos=0 elapsed_ms=1.653
kiln_profile_gdn_stage layer=22 stage=recurrent seq_len=18 start_pos=0 elapsed_ms=1.650
kiln_profile_gdn_stage layer=22 stage=in_proj seq_len=18 start_pos=0 elapsed_ms=7.111
kiln_profile_gdn_stage layer=22 stage=post_transpose seq_len=18 start_pos=0 elapsed_ms=1.458
kiln_profile_gdn_stage layer=22 stage=out_proj seq_len=18 start_pos=0 elapsed_ms=6.293
kiln_profile_full_attn_stage full_attn_layer=5 stage=qkv_proj seq_len=18 start_pos=0 elapsed_ms=10.605
kiln_profile_gdn_stage layer=22 stage=qkv_conv_split_norm seq_len=18 start_pos=0 elapsed_ms=2.437
kiln_profile_gdn_stage layer=22 stage=gated_norm seq_len=18 start_pos=0 elapsed_ms=0.716
kiln_profile_full_attn_stage full_attn_layer=5 stage=qkv_split seq_len=18 start_pos=0 elapsed_ms=3.420
kiln_profile_mlp_stage layer=22 stage=gate_proj seq_len=18 start_pos=0 elapsed_ms=3.429
kiln_profile_gdn_stage layer=22 stage=gates seq_len=18 start_pos=0 elapsed_ms=0.392
kiln_profile_gdn_stage layer=22 stage=out_proj seq_len=18 start_pos=0 elapsed_ms=1.722
kiln_profile_gdn_stage layer=22 stage=recurrent seq_len=18 start_pos=0 elapsed_ms=1.106
kiln_profile_full_attn_stage full_attn_layer=5 stage=qk_norm seq_len=18 start_pos=0 elapsed_ms=4.086
kiln_profile_gdn_stage layer=22 stage=post_transpose seq_len=18 start_pos=0 elapsed_ms=0.002
kiln_profile_mlp_stage layer=22 stage=up_proj seq_len=18 start_pos=0 elapsed_ms=3.281
kiln_profile_mlp_stage layer=22 stage=gate_proj seq_len=18 start_pos=0 elapsed_ms=3.389
kiln_profile_full_attn_stage full_attn_layer=5 stage=rope seq_len=18 start_pos=0 elapsed_ms=0.631
kiln_profile_gdn_stage layer=22 stage=gated_norm seq_len=18 start_pos=0 elapsed_ms=0.605
kiln_profile_mlp_stage layer=22 stage=gate_silu_hidden_mul seq_len=18 start_pos=0 elapsed_ms=0.306
kiln_profile_full_attn_stage full_attn_layer=5 stage=q_transpose seq_len=18 start_pos=0 elapsed_ms=2.066
kiln_profile_mlp_stage layer=22 stage=up_proj seq_len=18 start_pos=0 elapsed_ms=4.494
kiln_profile_gdn_stage layer=22 stage=out_proj seq_len=18 start_pos=0 elapsed_ms=4.656
kiln_profile_mlp_stage layer=22 stage=down_proj seq_len=18 start_pos=0 elapsed_ms=4.663
kiln_profile_full_attn_stage full_attn_layer=5 stage=prefill_kv_head_layout seq_len=18 start_pos=0 elapsed_ms=1.540
kiln_profile_mlp_stage layer=22 stage=gate_silu_hidden_mul seq_len=18 start_pos=0 elapsed_ms=1.553
kiln_profile_mlp_stage layer=22 stage=down_proj seq_len=18 start_pos=0 elapsed_ms=6.899
kiln_profile_full_attn_stage full_attn_layer=5 stage=prefill_attn_head_major seq_len=18 start_pos=0 elapsed_ms=10.929
kiln_profile_mlp_stage layer=22 stage=gate_proj seq_len=18 start_pos=0 elapsed_ms=10.767
kiln_profile_full_attn_stage full_attn_layer=5 stage=qkv_proj seq_len=18 start_pos=0 elapsed_ms=14.927
kiln_profile_mlp_stage layer=22 stage=up_proj seq_len=18 start_pos=0 elapsed_ms=7.895
kiln_profile_full_attn_stage full_attn_layer=5 stage=kv_write seq_len=18 start_pos=0 elapsed_ms=7.897
kiln_profile_mlp_stage layer=22 stage=gate_silu_hidden_mul seq_len=18 start_pos=0 elapsed_ms=0.309
kiln_profile_full_attn_stage full_attn_layer=5 stage=qkv_proj seq_len=18 start_pos=0 elapsed_ms=13.082
kiln_profile_full_attn_stage full_attn_layer=5 stage=attn_gate seq_len=18 start_pos=0 elapsed_ms=0.384
kiln_profile_mlp_stage layer=22 stage=down_proj seq_len=18 start_pos=0 elapsed_ms=3.674
kiln_profile_full_attn_stage full_attn_layer=5 stage=qkv_split seq_len=18 start_pos=0 elapsed_ms=5.248
kiln_profile_full_attn_stage full_attn_layer=5 stage=qkv_split seq_len=18 start_pos=0 elapsed_ms=7.474
kiln_profile_full_attn_stage full_attn_layer=5 stage=o_proj seq_len=18 start_pos=0 elapsed_ms=5.326
kiln_profile_full_attn_stage full_attn_layer=5 stage=qk_norm seq_len=18 start_pos=0 elapsed_ms=11.631
kiln_profile_full_attn_stage full_attn_layer=5 stage=qk_norm seq_len=18 start_pos=0 elapsed_ms=10.977
kiln_profile_full_attn_stage full_attn_layer=5 stage=qkv_proj seq_len=18 start_pos=0 elapsed_ms=12.722
kiln_profile_mlp_stage layer=23 stage=gate_proj seq_len=18 start_pos=0 elapsed_ms=8.134
kiln_profile_full_attn_stage full_attn_layer=5 stage=rope seq_len=18 start_pos=0 elapsed_ms=0.773
kiln_profile_full_attn_stage full_attn_layer=5 stage=rope seq_len=18 start_pos=0 elapsed_ms=0.779
kiln_profile_full_attn_stage full_attn_layer=5 stage=qkv_split seq_len=18 start_pos=0 elapsed_ms=10.443
kiln_profile_full_attn_stage full_attn_layer=5 stage=q_transpose seq_len=18 start_pos=0 elapsed_ms=9.443
kiln_profile_mlp_stage layer=23 stage=up_proj seq_len=18 start_pos=0 elapsed_ms=10.478
kiln_profile_full_attn_stage full_attn_layer=5 stage=q_transpose seq_len=18 start_pos=0 elapsed_ms=0.563
kiln_profile_full_attn_stage full_attn_layer=5 stage=prefill_kv_head_layout seq_len=18 start_pos=0 elapsed_ms=3.017
kiln_profile_mlp_stage layer=23 stage=gate_silu_hidden_mul seq_len=18 start_pos=0 elapsed_ms=2.722
kiln_profile_full_attn_stage full_attn_layer=5 stage=qk_norm seq_len=18 start_pos=0 elapsed_ms=3.362
kiln_profile_full_attn_stage full_attn_layer=5 stage=prefill_kv_head_layout seq_len=18 start_pos=0 elapsed_ms=2.028
kiln_profile_full_attn_stage full_attn_layer=5 stage=prefill_attn_head_major seq_len=18 start_pos=0 elapsed_ms=8.913
kiln_profile_full_attn_stage full_attn_layer=5 stage=rope seq_len=18 start_pos=0 elapsed_ms=0.981
kiln_profile_mlp_stage layer=23 stage=down_proj seq_len=18 start_pos=0 elapsed_ms=10.428
kiln_profile_full_attn_stage full_attn_layer=5 stage=prefill_attn_head_major seq_len=18 start_pos=0 elapsed_ms=8.417
kiln_profile_full_attn_stage full_attn_layer=5 stage=q_transpose seq_len=18 start_pos=0 elapsed_ms=0.771
kiln_profile_full_attn_stage full_attn_layer=5 stage=kv_write seq_len=18 start_pos=0 elapsed_ms=1.354
kiln_profile_full_attn_stage full_attn_layer=5 stage=attn_gate seq_len=18 start_pos=0 elapsed_ms=0.516
kiln_profile_gdn_stage layer=24 stage=in_proj seq_len=18 start_pos=0 elapsed_ms=12.706
kiln_profile_full_attn_stage full_attn_layer=5 stage=kv_write seq_len=18 start_pos=0 elapsed_ms=13.737
kiln_profile_full_attn_stage full_attn_layer=5 stage=prefill_kv_head_layout seq_len=18 start_pos=0 elapsed_ms=16.111
kiln_profile_full_attn_stage full_attn_layer=5 stage=o_proj seq_len=18 start_pos=0 elapsed_ms=3.029
kiln_profile_gdn_stage layer=24 stage=qkv_conv_split_norm seq_len=18 start_pos=0 elapsed_ms=2.184
kiln_profile_mlp_stage layer=23 stage=gate_proj seq_len=18 start_pos=0 elapsed_ms=10.089
kiln_profile_gdn_stage layer=24 stage=gates seq_len=18 start_pos=0 elapsed_ms=0.764
kiln_profile_full_attn_stage full_attn_layer=5 stage=attn_gate seq_len=18 start_pos=0 elapsed_ms=17.321
kiln_profile_full_attn_stage full_attn_layer=5 stage=prefill_attn_head_major seq_len=18 start_pos=0 elapsed_ms=17.036
kiln_profile_mlp_stage layer=23 stage=up_proj seq_len=18 start_pos=0 elapsed_ms=3.839
kiln_profile_gdn_stage layer=24 stage=recurrent seq_len=18 start_pos=0 elapsed_ms=1.222
kiln_profile_full_attn_stage full_attn_layer=5 stage=o_proj seq_len=18 start_pos=0 elapsed_ms=2.973
kiln_profile_gdn_stage layer=24 stage=post_transpose seq_len=18 start_pos=0 elapsed_ms=0.003
kiln_profile_mlp_stage layer=23 stage=gate_silu_hidden_mul seq_len=18 start_pos=0 elapsed_ms=0.433
kiln_profile_full_attn_stage full_attn_layer=5 stage=kv_write seq_len=18 start_pos=0 elapsed_ms=0.316
kiln_profile_mlp_stage layer=23 stage=down_proj seq_len=18 start_pos=0 elapsed_ms=6.105
kiln_profile_gdn_stage layer=24 stage=gated_norm seq_len=18 start_pos=0 elapsed_ms=3.684
kiln_profile_gdn_stage layer=24 stage=out_proj seq_len=18 start_pos=0 elapsed_ms=3.974
kiln_profile_full_attn_stage full_attn_layer=5 stage=attn_gate seq_len=18 start_pos=0 elapsed_ms=17.081
kiln_profile_mlp_stage layer=23 stage=gate_proj seq_len=18 start_pos=0 elapsed_ms=11.419
kiln_profile_mlp_stage layer=24 stage=gate_proj seq_len=18 start_pos=0 elapsed_ms=6.101
kiln_profile_full_attn_stage full_attn_layer=5 stage=o_proj seq_len=18 start_pos=0 elapsed_ms=5.282
kiln_profile_gdn_stage layer=24 stage=in_proj seq_len=18 start_pos=0 elapsed_ms=30.178
kiln_profile_mlp_stage layer=23 stage=up_proj seq_len=18 start_pos=0 elapsed_ms=12.217
kiln_profile_mlp_stage layer=24 stage=up_proj seq_len=18 start_pos=0 elapsed_ms=12.226
kiln_profile_mlp_stage layer=23 stage=gate_proj seq_len=18 start_pos=0 elapsed_ms=6.360
kiln_profile_mlp_stage layer=24 stage=gate_silu_hidden_mul seq_len=18 start_pos=0 elapsed_ms=0.918
kiln_profile_mlp_stage layer=23 stage=gate_silu_hidden_mul seq_len=18 start_pos=0 elapsed_ms=0.958
kiln_profile_mlp_stage layer=24 stage=down_proj seq_len=18 start_pos=0 elapsed_ms=9.756
kiln_profile_gdn_stage layer=24 stage=qkv_conv_split_norm seq_len=18 start_pos=0 elapsed_ms=17.565
kiln_profile_mlp_stage layer=23 stage=up_proj seq_len=18 start_pos=0 elapsed_ms=13.310
kiln_profile_mlp_stage layer=23 stage=down_proj seq_len=18 start_pos=0 elapsed_ms=3.164
kiln_profile_gdn_stage layer=24 stage=gates seq_len=18 start_pos=0 elapsed_ms=1.205
kiln_profile_mlp_stage layer=23 stage=gate_silu_hidden_mul seq_len=18 start_pos=0 elapsed_ms=4.630
kiln_profile_gdn_stage layer=25 stage=in_proj seq_len=18 start_pos=0 elapsed_ms=14.461
kiln_profile_gdn_stage layer=24 stage=recurrent seq_len=18 start_pos=0 elapsed_ms=7.637
kiln_profile_gdn_stage layer=25 stage=qkv_conv_split_norm seq_len=18 start_pos=0 elapsed_ms=0.504
kiln_profile_mlp_stage layer=23 stage=down_proj seq_len=18 start_pos=0 elapsed_ms=8.449
kiln_profile_gdn_stage layer=24 stage=post_transpose seq_len=18 start_pos=0 elapsed_ms=0.002
kiln_profile_gdn_stage layer=24 stage=in_proj seq_len=18 start_pos=0 elapsed_ms=15.642
kiln_profile_gdn_stage layer=25 stage=gates seq_len=18 start_pos=0 elapsed_ms=0.264
kiln_profile_gdn_stage layer=24 stage=gated_norm seq_len=18 start_pos=0 elapsed_ms=0.841
kiln_profile_gdn_stage layer=25 stage=recurrent seq_len=18 start_pos=0 elapsed_ms=1.736
kiln_profile_gdn_stage layer=24 stage=qkv_conv_split_norm seq_len=18 start_pos=0 elapsed_ms=1.778
kiln_profile_gdn_stage layer=24 stage=out_proj seq_len=18 start_pos=0 elapsed_ms=4.307
kiln_profile_gdn_stage layer=25 stage=post_transpose seq_len=18 start_pos=0 elapsed_ms=0.005
kiln_profile_gdn_stage layer=24 stage=in_proj seq_len=18 start_pos=0 elapsed_ms=7.696
kiln_profile_gdn_stage layer=24 stage=gates seq_len=18 start_pos=0 elapsed_ms=2.065
kiln_profile_gdn_stage layer=25 stage=gated_norm seq_len=18 start_pos=0 elapsed_ms=0.479
kiln_profile_mlp_stage layer=24 stage=gate_proj seq_len=18 start_pos=0 elapsed_ms=3.836
kiln_profile_gdn_stage layer=24 stage=recurrent seq_len=18 start_pos=0 elapsed_ms=4.326
kiln_profile_gdn_stage layer=25 stage=out_proj seq_len=18 start_pos=0 elapsed_ms=4.640
kiln_profile_gdn_stage layer=24 stage=post_transpose seq_len=18 start_pos=0 elapsed_ms=0.002
kiln_profile_gdn_stage layer=24 stage=qkv_conv_split_norm seq_len=18 start_pos=0 elapsed_ms=12.087
kiln_profile_mlp_stage layer=24 stage=up_proj seq_len=18 start_pos=0 elapsed_ms=3.545
kiln_profile_gdn_stage layer=24 stage=gates seq_len=18 start_pos=0 elapsed_ms=0.921
kiln_profile_gdn_stage layer=24 stage=gated_norm seq_len=18 start_pos=0 elapsed_ms=1.335
kiln_profile_gdn_stage layer=24 stage=out_proj seq_len=18 start_pos=0 elapsed_ms=7.301
kiln_profile_mlp_stage layer=24 stage=gate_silu_hidden_mul seq_len=18 start_pos=0 elapsed_ms=8.891
kiln_profile_gdn_stage layer=24 stage=recurrent seq_len=18 start_pos=0 elapsed_ms=5.543
kiln_profile_mlp_stage layer=25 stage=gate_proj seq_len=18 start_pos=0 elapsed_ms=8.209
kiln_profile_gdn_stage layer=24 stage=post_transpose seq_len=18 start_pos=0 elapsed_ms=0.002
kiln_profile_mlp_stage layer=24 stage=gate_proj seq_len=18 start_pos=0 elapsed_ms=8.305
kiln_profile_mlp_stage layer=25 stage=up_proj seq_len=18 start_pos=0 elapsed_ms=4.854
kiln_profile_mlp_stage layer=24 stage=down_proj seq_len=18 start_pos=0 elapsed_ms=3.763
kiln_profile_gdn_stage layer=24 stage=gated_norm seq_len=18 start_pos=0 elapsed_ms=3.135
kiln_profile_mlp_stage layer=24 stage=up_proj seq_len=18 start_pos=0 elapsed_ms=3.103
kiln_profile_mlp_stage layer=25 stage=gate_silu_hidden_mul seq_len=18 start_pos=0 elapsed_ms=0.580
kiln_profile_mlp_stage layer=24 stage=gate_silu_hidden_mul seq_len=18 start_pos=0 elapsed_ms=1.813
kiln_profile_gdn_stage layer=24 stage=out_proj seq_len=18 start_pos=0 elapsed_ms=13.449
kiln_profile_mlp_stage layer=25 stage=down_proj seq_len=18 start_pos=0 elapsed_ms=14.057
kiln_profile_mlp_stage layer=24 stage=down_proj seq_len=18 start_pos=0 elapsed_ms=5.338
kiln_profile_gdn_stage layer=25 stage=in_proj seq_len=18 start_pos=0 elapsed_ms=21.795
kiln_profile_gdn_stage layer=25 stage=qkv_conv_split_norm seq_len=18 start_pos=0 elapsed_ms=8.307
kiln_profile_mlp_stage layer=24 stage=gate_proj seq_len=18 start_pos=0 elapsed_ms=11.646
kiln_profile_gdn_stage layer=26 stage=in_proj seq_len=18 start_pos=0 elapsed_ms=20.517
kiln_profile_gdn_stage layer=25 stage=in_proj seq_len=18 start_pos=0 elapsed_ms=9.853
kiln_profile_mlp_stage layer=24 stage=up_proj seq_len=18 start_pos=0 elapsed_ms=5.021
kiln_profile_gdn_stage layer=25 stage=gates seq_len=18 start_pos=0 elapsed_ms=0.650
kiln_profile_gdn_stage layer=26 stage=qkv_conv_split_norm seq_len=18 start_pos=0 elapsed_ms=0.941
kiln_profile_mlp_stage layer=24 stage=gate_silu_hidden_mul seq_len=18 start_pos=0 elapsed_ms=0.938
kiln_profile_gdn_stage layer=25 stage=recurrent seq_len=18 start_pos=0 elapsed_ms=1.491
kiln_profile_gdn_stage layer=26 stage=gates seq_len=18 start_pos=0 elapsed_ms=4.015
kiln_profile_gdn_stage layer=25 stage=qkv_conv_split_norm seq_len=18 start_pos=0 elapsed_ms=4.101
kiln_profile_gdn_stage layer=25 stage=post_transpose seq_len=18 start_pos=0 elapsed_ms=0.001
kiln_profile_mlp_stage layer=24 stage=down_proj seq_len=18 start_pos=0 elapsed_ms=3.554
kiln_profile_gdn_stage layer=26 stage=recurrent seq_len=18 start_pos=0 elapsed_ms=0.813
kiln_profile_gdn_stage layer=25 stage=gates seq_len=18 start_pos=0 elapsed_ms=0.720
kiln_profile_gdn_stage layer=26 stage=post_transpose seq_len=18 start_pos=0 elapsed_ms=0.001
kiln_profile_gdn_stage layer=25 stage=gated_norm seq_len=18 start_pos=0 elapsed_ms=0.742
kiln_profile_gdn_stage layer=25 stage=out_proj seq_len=18 start_pos=0 elapsed_ms=3.405
kiln_profile_gdn_stage layer=25 stage=recurrent seq_len=18 start_pos=0 elapsed_ms=4.133
kiln_profile_gdn_stage layer=26 stage=gated_norm seq_len=18 start_pos=0 elapsed_ms=1.905
kiln_profile_gdn_stage layer=25 stage=in_proj seq_len=18 start_pos=0 elapsed_ms=7.295
kiln_profile_gdn_stage layer=25 stage=post_transpose seq_len=18 start_pos=0 elapsed_ms=0.002
kiln_profile_mlp_stage layer=25 stage=gate_proj seq_len=18 start_pos=0 elapsed_ms=5.759
kiln_profile_gdn_stage layer=25 stage=qkv_conv_split_norm seq_len=18 start_pos=0 elapsed_ms=3.334
kiln_profile_gdn_stage layer=26 stage=out_proj seq_len=18 start_pos=0 elapsed_ms=2.970
kiln_profile_gdn_stage layer=25 stage=gated_norm seq_len=18 start_pos=0 elapsed_ms=3.326
kiln_profile_gdn_stage layer=25 stage=gates seq_len=18 start_pos=0 elapsed_ms=0.518
kiln_profile_mlp_stage layer=25 stage=up_proj seq_len=18 start_pos=0 elapsed_ms=3.289
kiln_profile_gdn_stage layer=25 stage=recurrent seq_len=18 start_pos=0 elapsed_ms=0.855
kiln_profile_gdn_stage layer=25 stage=out_proj seq_len=18 start_pos=0 elapsed_ms=2.857
kiln_profile_mlp_stage layer=26 stage=gate_proj seq_len=18 start_pos=0 elapsed_ms=8.436
kiln_profile_mlp_stage layer=25 stage=gate_silu_hidden_mul seq_len=18 start_pos=0 elapsed_ms=0.296
kiln_profile_gdn_stage layer=25 stage=post_transpose seq_len=18 start_pos=0 elapsed_ms=0.000
kiln_profile_mlp_stage layer=26 stage=up_proj seq_len=18 start_pos=0 elapsed_ms=7.386
kiln_profile_gdn_stage layer=25 stage=gated_norm seq_len=18 start_pos=0 elapsed_ms=6.674
kiln_profile_mlp_stage layer=25 stage=gate_proj seq_len=18 start_pos=0 elapsed_ms=11.013
kiln_profile_mlp_stage layer=25 stage=down_proj seq_len=18 start_pos=0 elapsed_ms=3.621
kiln_profile_mlp_stage layer=26 stage=gate_silu_hidden_mul seq_len=18 start_pos=0 elapsed_ms=0.280
kiln_profile_mlp_stage layer=25 stage=up_proj seq_len=18 start_pos=0 elapsed_ms=2.995
kiln_profile_gdn_stage layer=25 stage=out_proj seq_len=18 start_pos=0 elapsed_ms=4.529
kiln_profile_mlp_stage layer=26 stage=down_proj seq_len=18 start_pos=0 elapsed_ms=4.922
kiln_profile_gdn_stage layer=26 stage=in_proj seq_len=18 start_pos=0 elapsed_ms=10.967
kiln_profile_mlp_stage layer=25 stage=gate_silu_hidden_mul seq_len=18 start_pos=0 elapsed_ms=11.481
kiln_profile_mlp_stage layer=25 stage=gate_proj seq_len=18 start_pos=0 elapsed_ms=4.146
kiln_profile_mlp_stage layer=25 stage=down_proj seq_len=18 start_pos=0 elapsed_ms=4.289
kiln_profile_gdn_stage layer=26 stage=qkv_conv_split_norm seq_len=18 start_pos=0 elapsed_ms=4.984
kiln_profile_full_attn_stage full_attn_layer=6 stage=qkv_proj seq_len=18 start_pos=0 elapsed_ms=14.955
kiln_profile_mlp_stage layer=25 stage=up_proj seq_len=18 start_pos=0 elapsed_ms=3.149
kiln_profile_gdn_stage layer=26 stage=gates seq_len=18 start_pos=0 elapsed_ms=2.348
kiln_profile_full_attn_stage full_attn_layer=6 stage=qkv_split seq_len=18 start_pos=0 elapsed_ms=3.145
kiln_profile_gdn_stage layer=26 stage=in_proj seq_len=18 start_pos=0 elapsed_ms=6.495
kiln_profile_mlp_stage layer=25 stage=gate_silu_hidden_mul seq_len=18 start_pos=0 elapsed_ms=4.048
kiln_profile_gdn_stage layer=26 stage=recurrent seq_len=18 start_pos=0 elapsed_ms=1.084
kiln_profile_gdn_stage layer=26 stage=qkv_conv_split_norm seq_len=18 start_pos=0 elapsed_ms=3.707
kiln_profile_gdn_stage layer=26 stage=post_transpose seq_len=18 start_pos=0 elapsed_ms=0.002
kiln_profile_full_attn_stage full_attn_layer=6 stage=qk_norm seq_len=18 start_pos=0 elapsed_ms=4.046
kiln_profile_mlp_stage layer=25 stage=down_proj seq_len=18 start_pos=0 elapsed_ms=3.058
kiln_profile_gdn_stage layer=26 stage=gates seq_len=18 start_pos=0 elapsed_ms=0.303
kiln_profile_full_attn_stage full_attn_layer=6 stage=rope seq_len=18 start_pos=0 elapsed_ms=0.560
kiln_profile_gdn_stage layer=26 stage=gated_norm seq_len=18 start_pos=0 elapsed_ms=0.856
kiln_profile_gdn_stage layer=26 stage=recurrent seq_len=18 start_pos=0 elapsed_ms=3.354
kiln_profile_gdn_stage layer=26 stage=out_proj seq_len=18 start_pos=0 elapsed_ms=3.497
kiln_profile_gdn_stage layer=26 stage=post_transpose seq_len=18 start_pos=0 elapsed_ms=0.002
kiln_profile_full_attn_stage full_attn_layer=6 stage=q_transpose seq_len=18 start_pos=0 elapsed_ms=3.366
kiln_profile_gdn_stage layer=26 stage=in_proj seq_len=18 start_pos=0 elapsed_ms=9.312
kiln_profile_gdn_stage layer=26 stage=gated_norm seq_len=18 start_pos=0 elapsed_ms=1.044
kiln_profile_full_attn_stage full_attn_layer=6 stage=prefill_kv_head_layout seq_len=18 start_pos=0 elapsed_ms=0.731
kiln_profile_gdn_stage layer=26 stage=qkv_conv_split_norm seq_len=18 start_pos=0 elapsed_ms=3.419
kiln_profile_mlp_stage layer=26 stage=gate_proj seq_len=18 start_pos=0 elapsed_ms=3.442
kiln_profile_gdn_stage layer=26 stage=out_proj seq_len=18 start_pos=0 elapsed_ms=2.333
kiln_profile_mlp_stage layer=26 stage=up_proj seq_len=18 start_pos=0 elapsed_ms=3.425
kiln_profile_gdn_stage layer=26 stage=gates seq_len=18 start_pos=0 elapsed_ms=1.229
kiln_profile_full_attn_stage full_attn_layer=6 stage=prefill_attn_head_major seq_len=18 start_pos=0 elapsed_ms=7.940
kiln_profile_mlp_stage layer=26 stage=gate_proj seq_len=18 start_pos=0 elapsed_ms=3.543
kiln_profile_mlp_stage layer=26 stage=gate_silu_hidden_mul seq_len=18 start_pos=0 elapsed_ms=0.439
kiln_profile_gdn_stage layer=26 stage=recurrent seq_len=18 start_pos=0 elapsed_ms=1.967
kiln_profile_mlp_stage layer=26 stage=down_proj seq_len=18 start_pos=0 elapsed_ms=4.124
kiln_profile_full_attn_stage full_attn_layer=6 stage=kv_write seq_len=18 start_pos=0 elapsed_ms=8.680
kiln_profile_gdn_stage layer=26 stage=post_transpose seq_len=18 start_pos=0 elapsed_ms=0.002
kiln_profile_mlp_stage layer=26 stage=up_proj seq_len=18 start_pos=0 elapsed_ms=3.565
kiln_profile_mlp_stage layer=26 stage=gate_silu_hidden_mul seq_len=18 start_pos=0 elapsed_ms=3.951
kiln_profile_gdn_stage layer=26 stage=gated_norm seq_len=18 start_pos=0 elapsed_ms=0.675
kiln_profile_full_attn_stage full_attn_layer=6 stage=qkv_proj seq_len=18 start_pos=0 elapsed_ms=7.822
kiln_profile_full_attn_stage full_attn_layer=6 stage=attn_gate seq_len=18 start_pos=0 elapsed_ms=5.403
kiln_profile_mlp_stage layer=26 stage=down_proj seq_len=18 start_pos=0 elapsed_ms=8.661
kiln_profile_gdn_stage layer=26 stage=out_proj seq_len=18 start_pos=0 elapsed_ms=5.144
kiln_profile_full_attn_stage full_attn_layer=6 stage=o_proj seq_len=18 start_pos=0 elapsed_ms=3.744
kiln_profile_full_attn_stage full_attn_layer=6 stage=qkv_split seq_len=18 start_pos=0 elapsed_ms=6.474
kiln_profile_mlp_stage layer=26 stage=gate_proj seq_len=18 start_pos=0 elapsed_ms=9.051
kiln_profile_mlp_stage layer=27 stage=gate_proj seq_len=18 start_pos=0 elapsed_ms=9.403
kiln_profile_full_attn_stage full_attn_layer=6 stage=qk_norm seq_len=18 start_pos=0 elapsed_ms=13.333
kiln_profile_mlp_stage layer=27 stage=up_proj seq_len=18 start_pos=0 elapsed_ms=13.350
kiln_profile_full_attn_stage full_attn_layer=6 stage=rope seq_len=18 start_pos=0 elapsed_ms=0.414
kiln_profile_full_attn_stage full_attn_layer=6 stage=qkv_proj seq_len=18 start_pos=0 elapsed_ms=18.092
kiln_profile_mlp_stage layer=26 stage=up_proj seq_len=18 start_pos=0 elapsed_ms=14.829
kiln_profile_mlp_stage layer=27 stage=gate_silu_hidden_mul seq_len=18 start_pos=0 elapsed_ms=0.333
kiln_profile_full_attn_stage full_attn_layer=6 stage=q_transpose seq_len=18 start_pos=0 elapsed_ms=0.453
kiln_profile_full_attn_stage full_attn_layer=6 stage=qkv_split seq_len=18 start_pos=0 elapsed_ms=0.717
kiln_profile_mlp_stage layer=26 stage=gate_silu_hidden_mul seq_len=18 start_pos=0 elapsed_ms=0.385
kiln_profile_mlp_stage layer=27 stage=down_proj seq_len=18 start_pos=0 elapsed_ms=6.062
kiln_profile_mlp_stage layer=26 stage=down_proj seq_len=18 start_pos=0 elapsed_ms=4.242
kiln_profile_full_attn_stage full_attn_layer=6 stage=prefill_kv_head_layout seq_len=18 start_pos=0 elapsed_ms=6.192
kiln_profile_full_attn_stage full_attn_layer=6 stage=qk_norm seq_len=18 start_pos=0 elapsed_ms=6.550
kiln_profile_gdn_stage layer=28 stage=in_proj seq_len=18 start_pos=0 elapsed_ms=13.677
kiln_profile_full_attn_stage full_attn_layer=6 stage=prefill_attn_head_major seq_len=18 start_pos=0 elapsed_ms=7.603
kiln_profile_full_attn_stage full_attn_layer=6 stage=rope seq_len=18 start_pos=0 elapsed_ms=1.721
kiln_profile_full_attn_stage full_attn_layer=6 stage=qkv_proj seq_len=18 start_pos=0 elapsed_ms=10.133
kiln_profile_gdn_stage layer=28 stage=qkv_conv_split_norm seq_len=18 start_pos=0 elapsed_ms=0.548
kiln_profile_full_attn_stage full_attn_layer=6 stage=kv_write seq_len=18 start_pos=0 elapsed_ms=2.138
kiln_profile_full_attn_stage full_attn_layer=6 stage=q_transpose seq_len=18 start_pos=0 elapsed_ms=1.563
kiln_profile_gdn_stage layer=28 stage=gates seq_len=18 start_pos=0 elapsed_ms=1.594
kiln_profile_full_attn_stage full_attn_layer=6 stage=qkv_split seq_len=18 start_pos=0 elapsed_ms=2.590
kiln_profile_full_attn_stage full_attn_layer=6 stage=attn_gate seq_len=18 start_pos=0 elapsed_ms=0.458
kiln_profile_full_attn_stage full_attn_layer=6 stage=prefill_kv_head_layout seq_len=18 start_pos=0 elapsed_ms=0.909
kiln_profile_full_attn_stage full_attn_layer=6 stage=qk_norm seq_len=18 start_pos=0 elapsed_ms=1.878
kiln_profile_gdn_stage layer=28 stage=recurrent seq_len=18 start_pos=0 elapsed_ms=1.879
kiln_profile_full_attn_stage full_attn_layer=6 stage=o_proj seq_len=18 start_pos=0 elapsed_ms=2.146
kiln_profile_full_attn_stage full_attn_layer=6 stage=prefill_attn_head_major seq_len=18 start_pos=0 elapsed_ms=2.880
kiln_profile_full_attn_stage full_attn_layer=6 stage=kv_write seq_len=18 start_pos=0 elapsed_ms=1.213
kiln_profile_gdn_stage layer=28 stage=post_transpose seq_len=18 start_pos=0 elapsed_ms=0.002
kiln_profile_full_attn_stage full_attn_layer=6 stage=rope seq_len=18 start_pos=0 elapsed_ms=0.369
kiln_profile_full_attn_stage full_attn_layer=6 stage=q_transpose seq_len=18 start_pos=0 elapsed_ms=0.596
kiln_profile_gdn_stage layer=28 stage=gated_norm seq_len=18 start_pos=0 elapsed_ms=3.788
kiln_profile_full_attn_stage full_attn_layer=6 stage=prefill_kv_head_layout seq_len=18 start_pos=0 elapsed_ms=3.526
kiln_profile_full_attn_stage full_attn_layer=6 stage=attn_gate seq_len=18 start_pos=0 elapsed_ms=5.280
kiln_profile_mlp_stage layer=27 stage=gate_proj seq_len=18 start_pos=0 elapsed_ms=3.776
kiln_profile_gdn_stage layer=28 stage=out_proj seq_len=18 start_pos=0 elapsed_ms=3.131
kiln_profile_mlp_stage layer=27 stage=up_proj seq_len=18 start_pos=0 elapsed_ms=3.729
kiln_profile_mlp_stage layer=27 stage=gate_silu_hidden_mul seq_len=18 start_pos=0 elapsed_ms=0.357
kiln_profile_full_attn_stage full_attn_layer=6 stage=o_proj seq_len=18 start_pos=0 elapsed_ms=6.991
kiln_profile_mlp_stage layer=28 stage=gate_proj seq_len=18 start_pos=0 elapsed_ms=6.768
kiln_profile_full_attn_stage full_attn_layer=6 stage=prefill_attn_head_major seq_len=18 start_pos=0 elapsed_ms=13.837
kiln_profile_mlp_stage layer=27 stage=down_proj seq_len=18 start_pos=0 elapsed_ms=4.153
kiln_profile_mlp_stage layer=28 stage=up_proj seq_len=18 start_pos=0 elapsed_ms=7.569
kiln_profile_full_attn_stage full_attn_layer=6 stage=kv_write seq_len=18 start_pos=0 elapsed_ms=10.891
kiln_profile_mlp_stage layer=27 stage=gate_proj seq_len=18 start_pos=0 elapsed_ms=9.679
kiln_profile_mlp_stage layer=28 stage=gate_silu_hidden_mul seq_len=18 start_pos=0 elapsed_ms=3.327
kiln_profile_gdn_stage layer=28 stage=in_proj seq_len=18 start_pos=0 elapsed_ms=18.133
kiln_profile_mlp_stage layer=27 stage=up_proj seq_len=18 start_pos=0 elapsed_ms=7.675
kiln_profile_mlp_stage layer=28 stage=down_proj seq_len=18 start_pos=0 elapsed_ms=6.674
kiln_profile_gdn_stage layer=28 stage=qkv_conv_split_norm seq_len=18 start_pos=0 elapsed_ms=0.965
kiln_profile_gdn_stage layer=29 stage=in_proj seq_len=18 start_pos=0 elapsed_ms=10.149
kiln_profile_gdn_stage layer=28 stage=gates seq_len=18 start_pos=0 elapsed_ms=0.332
kiln_profile_mlp_stage layer=27 stage=gate_silu_hidden_mul seq_len=18 start_pos=0 elapsed_ms=11.469
kiln_profile_full_attn_stage full_attn_layer=6 stage=attn_gate seq_len=18 start_pos=0 elapsed_ms=27.856
kiln_profile_gdn_stage layer=29 stage=qkv_conv_split_norm seq_len=18 start_pos=0 elapsed_ms=7.260
kiln_profile_gdn_stage layer=28 stage=recurrent seq_len=18 start_pos=0 elapsed_ms=6.753
kiln_profile_mlp_stage layer=27 stage=down_proj seq_len=18 start_pos=0 elapsed_ms=5.829
kiln_profile_full_attn_stage full_attn_layer=6 stage=o_proj seq_len=18 start_pos=0 elapsed_ms=4.450
kiln_profile_gdn_stage layer=28 stage=post_transpose seq_len=18 start_pos=0 elapsed_ms=0.001
kiln_profile_gdn_stage layer=29 stage=gates seq_len=18 start_pos=0 elapsed_ms=0.547
kiln_profile_gdn_stage layer=28 stage=gated_norm seq_len=18 start_pos=0 elapsed_ms=0.538
kiln_profile_gdn_stage layer=28 stage=out_proj seq_len=18 start_pos=0 elapsed_ms=2.926
kiln_profile_gdn_stage layer=28 stage=in_proj seq_len=18 start_pos=0 elapsed_ms=11.704
kiln_profile_mlp_stage layer=27 stage=gate_proj seq_len=18 start_pos=0 elapsed_ms=8.936
kiln_profile_gdn_stage layer=29 stage=recurrent seq_len=18 start_pos=0 elapsed_ms=8.934
kiln_profile_gdn_stage layer=29 stage=post_transpose seq_len=18 start_pos=0 elapsed_ms=0.004
kiln_profile_mlp_stage layer=28 stage=gate_proj seq_len=18 start_pos=0 elapsed_ms=4.257
kiln_profile_gdn_stage layer=28 stage=qkv_conv_split_norm seq_len=18 start_pos=0 elapsed_ms=7.909
kiln_profile_mlp_stage layer=27 stage=up_proj seq_len=18 start_pos=0 elapsed_ms=3.673
kiln_profile_gdn_stage layer=29 stage=gated_norm seq_len=18 start_pos=0 elapsed_ms=4.061
kiln_profile_mlp_stage layer=28 stage=up_proj seq_len=18 start_pos=0 elapsed_ms=4.069
kiln_profile_gdn_stage layer=28 stage=gates seq_len=18 start_pos=0 elapsed_ms=0.847
kiln_profile_mlp_stage layer=27 stage=gate_silu_hidden_mul seq_len=18 start_pos=0 elapsed_ms=0.888
kiln_profile_gdn_stage layer=29 stage=out_proj seq_len=18 start_pos=0 elapsed_ms=6.405
kiln_profile_gdn_stage layer=28 stage=recurrent seq_len=18 start_pos=0 elapsed_ms=2.499
kiln_profile_mlp_stage layer=27 stage=down_proj seq_len=18 start_pos=0 elapsed_ms=4.211
kiln_profile_gdn_stage layer=28 stage=post_transpose seq_len=18 start_pos=0 elapsed_ms=0.004
kiln_profile_mlp_stage layer=28 stage=gate_silu_hidden_mul seq_len=18 start_pos=0 elapsed_ms=1.371
kiln_profile_gdn_stage layer=28 stage=gated_norm seq_len=18 start_pos=0 elapsed_ms=14.132
kiln_profile_mlp_stage layer=29 stage=gate_proj seq_len=18 start_pos=0 elapsed_ms=14.566
kiln_profile_mlp_stage layer=28 stage=down_proj seq_len=18 start_pos=0 elapsed_ms=13.981
kiln_profile_gdn_stage layer=28 stage=out_proj seq_len=18 start_pos=0 elapsed_ms=10.080
kiln_profile_gdn_stage layer=28 stage=in_proj seq_len=18 start_pos=0 elapsed_ms=20.870
kiln_profile_mlp_stage layer=29 stage=up_proj seq_len=18 start_pos=0 elapsed_ms=8.237
kiln_profile_gdn_stage layer=28 stage=qkv_conv_split_norm seq_len=18 start_pos=0 elapsed_ms=2.086
kiln_profile_mlp_stage layer=29 stage=gate_silu_hidden_mul seq_len=18 start_pos=0 elapsed_ms=1.691
kiln_profile_mlp_stage layer=28 stage=gate_proj seq_len=18 start_pos=0 elapsed_ms=7.599
kiln_profile_gdn_stage layer=28 stage=gates seq_len=18 start_pos=0 elapsed_ms=5.212
kiln_profile_mlp_stage layer=29 stage=down_proj seq_len=18 start_pos=0 elapsed_ms=5.790
kiln_profile_gdn_stage layer=29 stage=in_proj seq_len=18 start_pos=0 elapsed_ms=13.714
kiln_profile_mlp_stage layer=28 stage=up_proj seq_len=18 start_pos=0 elapsed_ms=3.548
kiln_profile_gdn_stage layer=28 stage=recurrent seq_len=18 start_pos=0 elapsed_ms=1.221
kiln_profile_gdn_stage layer=29 stage=qkv_conv_split_norm seq_len=18 start_pos=0 elapsed_ms=1.324
kiln_profile_mlp_stage layer=28 stage=gate_silu_hidden_mul seq_len=18 start_pos=0 elapsed_ms=0.601
kiln_profile_gdn_stage layer=28 stage=post_transpose seq_len=18 start_pos=0 elapsed_ms=0.001
kiln_profile_gdn_stage layer=30 stage=in_proj seq_len=18 start_pos=0 elapsed_ms=7.577
kiln_profile_gdn_stage layer=29 stage=gates seq_len=18 start_pos=0 elapsed_ms=0.341
kiln_profile_mlp_stage layer=28 stage=down_proj seq_len=18 start_pos=0 elapsed_ms=4.547
kiln_profile_gdn_stage layer=29 stage=recurrent seq_len=18 start_pos=0 elapsed_ms=0.796
kiln_profile_gdn_stage layer=28 stage=gated_norm seq_len=18 start_pos=0 elapsed_ms=0.688
kiln_profile_gdn_stage layer=30 stage=qkv_conv_split_norm seq_len=18 start_pos=0 elapsed_ms=2.312
kiln_profile_gdn_stage layer=29 stage=post_transpose seq_len=18 start_pos=0 elapsed_ms=0.008
kiln_profile_gdn_stage layer=28 stage=out_proj seq_len=18 start_pos=0 elapsed_ms=5.444
kiln_profile_gdn_stage layer=29 stage=gated_norm seq_len=18 start_pos=0 elapsed_ms=0.733
kiln_profile_gdn_stage layer=30 stage=gates seq_len=18 start_pos=0 elapsed_ms=2.081
kiln_profile_gdn_stage layer=29 stage=in_proj seq_len=18 start_pos=0 elapsed_ms=8.072
kiln_profile_gdn_stage layer=29 stage=out_proj seq_len=18 start_pos=0 elapsed_ms=6.097
kiln_profile_mlp_stage layer=28 stage=gate_proj seq_len=18 start_pos=0 elapsed_ms=3.773
kiln_profile_gdn_stage layer=30 stage=recurrent seq_len=18 start_pos=0 elapsed_ms=0.850
kiln_profile_gdn_stage layer=29 stage=qkv_conv_split_norm seq_len=18 start_pos=0 elapsed_ms=0.385
kiln_profile_gdn_stage layer=30 stage=post_transpose seq_len=18 start_pos=0 elapsed_ms=0.002
kiln_profile_mlp_stage layer=28 stage=up_proj seq_len=18 start_pos=0 elapsed_ms=3.637
kiln_profile_gdn_stage layer=29 stage=gates seq_len=18 start_pos=0 elapsed_ms=3.353
kiln_profile_mlp_stage layer=29 stage=gate_proj seq_len=18 start_pos=0 elapsed_ms=3.217
kiln_profile_gdn_stage layer=30 stage=gated_norm seq_len=18 start_pos=0 elapsed_ms=0.652
kiln_profile_mlp_stage layer=28 stage=gate_silu_hidden_mul seq_len=18 start_pos=0 elapsed_ms=4.470
kiln_profile_gdn_stage layer=29 stage=recurrent seq_len=18 start_pos=0 elapsed_ms=6.879
kiln_profile_mlp_stage layer=29 stage=up_proj seq_len=18 start_pos=0 elapsed_ms=6.113
kiln_profile_gdn_stage layer=30 stage=out_proj seq_len=18 start_pos=0 elapsed_ms=2.738
kiln_profile_mlp_stage layer=28 stage=down_proj seq_len=18 start_pos=0 elapsed_ms=3.429
kiln_profile_gdn_stage layer=29 stage=post_transpose seq_len=18 start_pos=0 elapsed_ms=0.002
kiln_profile_mlp_stage layer=29 stage=gate_silu_hidden_mul seq_len=18 start_pos=0 elapsed_ms=0.495
kiln_profile_gdn_stage layer=29 stage=gated_norm seq_len=18 start_pos=0 elapsed_ms=2.784
kiln_profile_mlp_stage layer=29 stage=down_proj seq_len=18 start_pos=0 elapsed_ms=4.823
kiln_profile_mlp_stage layer=30 stage=gate_proj seq_len=18 start_pos=0 elapsed_ms=10.537
kiln_profile_gdn_stage layer=29 stage=out_proj seq_len=18 start_pos=0 elapsed_ms=2.725
kiln_profile_mlp_stage layer=30 stage=up_proj seq_len=18 start_pos=0 elapsed_ms=4.103
kiln_profile_gdn_stage layer=29 stage=in_proj seq_len=18 start_pos=0 elapsed_ms=9.635
kiln_profile_gdn_stage layer=29 stage=qkv_conv_split_norm seq_len=18 start_pos=0 elapsed_ms=1.597
kiln_profile_mlp_stage layer=30 stage=gate_silu_hidden_mul seq_len=18 start_pos=0 elapsed_ms=4.139
kiln_profile_mlp_stage layer=29 stage=gate_proj seq_len=18 start_pos=0 elapsed_ms=4.863
kiln_profile_gdn_stage layer=30 stage=in_proj seq_len=18 start_pos=0 elapsed_ms=7.309
kiln_profile_gdn_stage layer=29 stage=gates seq_len=18 start_pos=0 elapsed_ms=11.626
kiln_profile_mlp_stage layer=30 stage=down_proj seq_len=18 start_pos=0 elapsed_ms=11.639
kiln_profile_mlp_stage layer=29 stage=up_proj seq_len=18 start_pos=0 elapsed_ms=2.894
kiln_profile_gdn_stage layer=30 stage=qkv_conv_split_norm seq_len=18 start_pos=0 elapsed_ms=3.567
kiln_profile_gdn_stage layer=29 stage=recurrent seq_len=18 start_pos=0 elapsed_ms=1.583
kiln_profile_mlp_stage layer=29 stage=gate_silu_hidden_mul seq_len=18 start_pos=0 elapsed_ms=1.245
kiln_profile_gdn_stage layer=30 stage=gates seq_len=18 start_pos=0 elapsed_ms=5.057
kiln_profile_gdn_stage layer=29 stage=post_transpose seq_len=18 start_pos=0 elapsed_ms=0.005
kiln_profile_full_attn_stage full_attn_layer=7 stage=qkv_proj seq_len=18 start_pos=0 elapsed_ms=8.444
kiln_profile_gdn_stage layer=30 stage=recurrent seq_len=18 start_pos=0 elapsed_ms=3.963
kiln_profile_gdn_stage layer=29 stage=gated_norm seq_len=18 start_pos=0 elapsed_ms=3.965
kiln_profile_mlp_stage layer=29 stage=down_proj seq_len=18 start_pos=0 elapsed_ms=5.379
kiln_profile_full_attn_stage full_attn_layer=7 stage=qkv_split seq_len=18 start_pos=0 elapsed_ms=0.514
kiln_profile_gdn_stage layer=30 stage=post_transpose seq_len=18 start_pos=0 elapsed_ms=0.003
kiln_profile_gdn_stage layer=29 stage=out_proj seq_len=18 start_pos=0 elapsed_ms=1.563
kiln_profile_gdn_stage layer=30 stage=gated_norm seq_len=18 start_pos=0 elapsed_ms=2.278
kiln_profile_full_attn_stage full_attn_layer=7 stage=qk_norm seq_len=18 start_pos=0 elapsed_ms=2.547
kiln_profile_full_attn_stage full_attn_layer=7 stage=rope seq_len=18 start_pos=0 elapsed_ms=1.402
kiln_profile_gdn_stage layer=30 stage=in_proj seq_len=18 start_pos=0 elapsed_ms=11.942
kiln_profile_gdn_stage layer=30 stage=out_proj seq_len=18 start_pos=0 elapsed_ms=4.221
kiln_profile_mlp_stage layer=29 stage=gate_proj seq_len=18 start_pos=0 elapsed_ms=4.712
kiln_profile_full_attn_stage full_attn_layer=7 stage=q_transpose seq_len=18 start_pos=0 elapsed_ms=0.507
kiln_profile_gdn_stage layer=30 stage=qkv_conv_split_norm seq_len=18 start_pos=0 elapsed_ms=4.067
kiln_profile_mlp_stage layer=30 stage=gate_proj seq_len=18 start_pos=0 elapsed_ms=2.875
kiln_profile_mlp_stage layer=29 stage=up_proj seq_len=18 start_pos=0 elapsed_ms=2.972
kiln_profile_full_attn_stage full_attn_layer=7 stage=prefill_kv_head_layout seq_len=18 start_pos=0 elapsed_ms=3.699
kiln_profile_mlp_stage layer=30 stage=up_proj seq_len=18 start_pos=0 elapsed_ms=3.387
kiln_profile_mlp_stage layer=29 stage=gate_silu_hidden_mul seq_len=18 start_pos=0 elapsed_ms=0.657
kiln_profile_full_attn_stage full_attn_layer=7 stage=prefill_attn_head_major seq_len=18 start_pos=0 elapsed_ms=0.525
kiln_profile_gdn_stage layer=30 stage=gates seq_len=18 start_pos=0 elapsed_ms=1.152
kiln_profile_mlp_stage layer=30 stage=gate_silu_hidden_mul seq_len=18 start_pos=0 elapsed_ms=3.385
kiln_profile_mlp_stage layer=29 stage=down_proj seq_len=18 start_pos=0 elapsed_ms=5.357
kiln_profile_gdn_stage layer=30 stage=recurrent seq_len=18 start_pos=0 elapsed_ms=4.972
kiln_profile_mlp_stage layer=30 stage=down_proj seq_len=18 start_pos=0 elapsed_ms=4.098
kiln_profile_full_attn_stage full_attn_layer=7 stage=kv_write seq_len=18 start_pos=0 elapsed_ms=6.384
kiln_profile_gdn_stage layer=30 stage=post_transpose seq_len=18 start_pos=0 elapsed_ms=0.002
kiln_profile_gdn_stage layer=30 stage=in_proj seq_len=18 start_pos=0 elapsed_ms=11.644
kiln_profile_gdn_stage layer=30 stage=gated_norm seq_len=18 start_pos=0 elapsed_ms=0.772
kiln_profile_full_attn_stage full_attn_layer=7 stage=qkv_proj seq_len=18 start_pos=0 elapsed_ms=7.792
kiln_profile_full_attn_stage full_attn_layer=7 stage=attn_gate seq_len=18 start_pos=0 elapsed_ms=10.734
kiln_profile_gdn_stage layer=30 stage=out_proj seq_len=18 start_pos=0 elapsed_ms=1.919
kiln_profile_gdn_stage layer=30 stage=qkv_conv_split_norm seq_len=18 start_pos=0 elapsed_ms=3.155
kiln_profile_full_attn_stage full_attn_layer=7 stage=qkv_split seq_len=18 start_pos=0 elapsed_ms=5.242
kiln_profile_full_attn_stage full_attn_layer=7 stage=o_proj seq_len=18 start_pos=0 elapsed_ms=2.541
kiln_profile_mlp_stage layer=30 stage=gate_proj seq_len=18 start_pos=0 elapsed_ms=3.574
kiln_profile_full_attn_stage full_attn_layer=7 stage=qk_norm seq_len=18 start_pos=0 elapsed_ms=1.041
kiln_profile_gdn_stage layer=30 stage=gates seq_len=18 start_pos=0 elapsed_ms=0.480
kiln_profile_mlp_stage layer=30 stage=up_proj seq_len=18 start_pos=0 elapsed_ms=9.508
kiln_profile_mlp_stage layer=31 stage=gate_proj seq_len=18 start_pos=0 elapsed_ms=6.404
kiln_profile_gdn_stage layer=30 stage=recurrent seq_len=18 start_pos=0 elapsed_ms=1.085
kiln_profile_full_attn_stage full_attn_layer=7 stage=rope seq_len=18 start_pos=0 elapsed_ms=0.399
kiln_profile_gdn_stage layer=30 stage=post_transpose seq_len=18 start_pos=0 elapsed_ms=0.002
kiln_profile_mlp_stage layer=30 stage=gate_silu_hidden_mul seq_len=18 start_pos=0 elapsed_ms=5.398
kiln_profile_mlp_stage layer=31 stage=up_proj seq_len=18 start_pos=0 elapsed_ms=8.302
kiln_profile_full_attn_stage full_attn_layer=7 stage=q_transpose seq_len=18 start_pos=0 elapsed_ms=3.312
kiln_profile_gdn_stage layer=30 stage=gated_norm seq_len=18 start_pos=0 elapsed_ms=0.407
kiln_profile_full_attn_stage full_attn_layer=7 stage=prefill_kv_head_layout seq_len=18 start_pos=0 elapsed_ms=0.345
kiln_profile_mlp_stage layer=31 stage=gate_silu_hidden_mul seq_len=18 start_pos=0 elapsed_ms=0.684
kiln_profile_mlp_stage layer=30 stage=down_proj seq_len=18 start_pos=0 elapsed_ms=3.405
kiln_profile_gdn_stage layer=30 stage=out_proj seq_len=18 start_pos=0 elapsed_ms=6.217
kiln_profile_full_attn_stage full_attn_layer=7 stage=prefill_attn_head_major seq_len=18 start_pos=0 elapsed_ms=9.662
kiln_profile_mlp_stage layer=31 stage=down_proj seq_len=18 start_pos=0 elapsed_ms=10.321
kiln_profile_full_attn_stage full_attn_layer=7 stage=kv_write seq_len=18 start_pos=0 elapsed_ms=11.025
kiln_profile_mlp_stage layer=30 stage=gate_proj seq_len=18 start_pos=0 elapsed_ms=103.801
kiln_profile_full_attn_stage full_attn_layer=7 stage=qkv_proj seq_len=18 start_pos=0 elapsed_ms=108.899
kiln_profile_full_attn_stage full_attn_layer=7 stage=attn_gate seq_len=18 start_pos=0 elapsed_ms=3.990
kiln_profile_mlp_stage layer=30 stage=up_proj seq_len=18 start_pos=0 elapsed_ms=2.490
kiln_profile_full_attn_stage full_attn_layer=7 stage=qkv_split seq_len=18 start_pos=0 elapsed_ms=3.446
kiln_profile_mlp_stage layer=30 stage=gate_silu_hidden_mul seq_len=18 start_pos=0 elapsed_ms=1.740
kiln_profile_full_attn_stage full_attn_layer=7 stage=o_proj seq_len=18 start_pos=0 elapsed_ms=1.793
kiln_profile_full_attn_stage full_attn_layer=7 stage=qk_norm seq_len=18 start_pos=0 elapsed_ms=0.827
kiln_profile_mlp_stage layer=30 stage=down_proj seq_len=18 start_pos=0 elapsed_ms=7.000
kiln_profile_full_attn_stage full_attn_layer=7 stage=rope seq_len=18 start_pos=0 elapsed_ms=0.581
kiln_profile_gdn_stage layer=0 stage=in_proj seq_len=1 start_pos=18 elapsed_ms=4.459
kiln_profile_mlp_stage layer=31 stage=gate_proj seq_len=18 start_pos=0 elapsed_ms=2.125
kiln_profile_gdn_stage layer=0 stage=qkv_conv_norm seq_len=1 start_pos=18 elapsed_ms=4.353
kiln_profile_mlp_stage layer=31 stage=up_proj seq_len=18 start_pos=0 elapsed_ms=4.048
kiln_profile_full_attn_stage full_attn_layer=7 stage=q_transpose seq_len=18 start_pos=0 elapsed_ms=4.751
kiln_profile_full_attn_stage full_attn_layer=7 stage=qkv_proj seq_len=18 start_pos=0 elapsed_ms=3.018
kiln_profile_gdn_stage layer=0 stage=gates_recur_gated_norm seq_len=1 start_pos=18 elapsed_ms=10.472
kiln_profile_full_attn_stage full_attn_layer=7 stage=qkv_split seq_len=18 start_pos=0 elapsed_ms=0.946
kiln_profile_full_attn_stage full_attn_layer=7 stage=prefill_kv_head_layout seq_len=18 start_pos=0 elapsed_ms=1.528
kiln_profile_mlp_stage layer=31 stage=gate_silu_hidden_mul seq_len=18 start_pos=0 elapsed_ms=1.259
kiln_profile_gdn_stage layer=0 stage=post_transpose seq_len=1 start_pos=18 elapsed_ms=0.000
kiln_profile_full_attn_stage full_attn_layer=7 stage=qk_norm seq_len=18 start_pos=0 elapsed_ms=0.243
kiln_profile_gdn_stage layer=0 stage=gated_norm seq_len=1 start_pos=18 elapsed_ms=0.004
kiln_profile_full_attn_stage full_attn_layer=7 stage=prefill_attn_head_major seq_len=18 start_pos=0 elapsed_ms=3.762
kiln_profile_full_attn_stage full_attn_layer=7 stage=rope seq_len=18 start_pos=0 elapsed_ms=2.330
kiln_profile_mlp_stage layer=31 stage=down_proj seq_len=18 start_pos=0 elapsed_ms=5.048
kiln_profile_gdn_stage layer=0 stage=out_proj seq_len=1 start_pos=18 elapsed_ms=1.600
kiln_profile_full_attn_stage full_attn_layer=7 stage=kv_write seq_len=18 start_pos=0 elapsed_ms=0.231
kiln_profile_full_attn_stage full_attn_layer=7 stage=q_transpose seq_len=18 start_pos=0 elapsed_ms=0.571
kiln_profile_mlp_stage layer=0 stage=gate_up_fused seq_len=1 start_pos=18 elapsed_ms=36.460
kiln_profile_full_attn_stage full_attn_layer=7 stage=prefill_kv_head_layout seq_len=18 start_pos=0 elapsed_ms=32.114
kiln_profile_full_attn_stage full_attn_layer=7 stage=attn_gate seq_len=18 start_pos=0 elapsed_ms=38.234
kiln_profile_full_attn_stage full_attn_layer=7 stage=prefill_attn_head_major seq_len=18 start_pos=0 elapsed_ms=0.476
kiln_profile_mlp_stage layer=0 stage=down_proj seq_len=1 start_pos=18 elapsed_ms=3.181
kiln_profile_full_attn_stage full_attn_layer=7 stage=o_proj seq_len=18 start_pos=0 elapsed_ms=1.456
kiln_profile_full_attn_stage full_attn_layer=7 stage=kv_write seq_len=18 start_pos=0 elapsed_ms=1.459
kiln_profile_gdn_stage layer=1 stage=in_proj seq_len=1 start_pos=18 elapsed_ms=4.240
kiln_profile_full_attn_stage full_attn_layer=7 stage=attn_gate seq_len=18 start_pos=0 elapsed_ms=0.885
kiln_profile_gdn_stage layer=1 stage=qkv_conv_norm seq_len=1 start_pos=18 elapsed_ms=2.704
kiln_profile_mlp_stage layer=31 stage=gate_proj seq_len=18 start_pos=0 elapsed_ms=2.129
kiln_profile_full_attn_stage full_attn_layer=7 stage=o_proj seq_len=18 start_pos=0 elapsed_ms=1.205
kiln_profile_gdn_stage layer=1 stage=gates_recur_gated_norm seq_len=1 start_pos=18 elapsed_ms=2.490
kiln_profile_mlp_stage layer=31 stage=up_proj seq_len=18 start_pos=0 elapsed_ms=2.494
kiln_profile_gdn_stage layer=1 stage=post_transpose seq_len=1 start_pos=18 elapsed_ms=0.002
kiln_profile_mlp_stage layer=31 stage=gate_proj seq_len=18 start_pos=0 elapsed_ms=2.455
kiln_profile_mlp_stage layer=31 stage=gate_silu_hidden_mul seq_len=18 start_pos=0 elapsed_ms=2.460
kiln_profile_gdn_stage layer=1 stage=gated_norm seq_len=1 start_pos=18 elapsed_ms=0.005
kiln_profile_mlp_stage layer=31 stage=up_proj seq_len=18 start_pos=0 elapsed_ms=2.128
kiln_profile_mlp_stage layer=31 stage=down_proj seq_len=18 start_pos=0 elapsed_ms=4.735
kiln_profile_gdn_stage layer=1 stage=out_proj seq_len=1 start_pos=18 elapsed_ms=4.741
kiln_profile_mlp_stage layer=31 stage=gate_silu_hidden_mul seq_len=18 start_pos=0 elapsed_ms=0.378
kiln_profile_mlp_stage layer=31 stage=down_proj seq_len=18 start_pos=0 elapsed_ms=36.158
kiln_profile_mlp_stage layer=1 stage=gate_up_fused seq_len=1 start_pos=18 elapsed_ms=8.370
kiln_profile_mlp_stage layer=1 stage=down_proj seq_len=1 start_pos=18 elapsed_ms=36.869
kiln_profile_gdn_stage layer=2 stage=in_proj seq_len=1 start_pos=18 elapsed_ms=5.291
kiln_profile_gdn_stage layer=2 stage=qkv_conv_norm seq_len=1 start_pos=18 elapsed_ms=0.385
kiln_profile_gdn_stage layer=2 stage=gates_recur_gated_norm seq_len=1 start_pos=18 elapsed_ms=0.390
kiln_profile_gdn_stage layer=2 stage=post_transpose seq_len=1 start_pos=18 elapsed_ms=0.000
kiln_profile_gdn_stage layer=2 stage=gated_norm seq_len=1 start_pos=18 elapsed_ms=0.003
kiln_profile_gdn_stage layer=2 stage=out_proj seq_len=1 start_pos=18 elapsed_ms=1.777
kiln_profile_mlp_stage layer=2 stage=gate_up_fused seq_len=1 start_pos=18 elapsed_ms=6.085
kiln_profile_mlp_stage layer=2 stage=down_proj seq_len=1 start_pos=18 elapsed_ms=3.546
kiln_profile_full_attn_stage full_attn_layer=0 stage=qkv_proj seq_len=1 start_pos=18 elapsed_ms=3.683
kiln_profile_full_attn_stage full_attn_layer=0 stage=qkv_split seq_len=1 start_pos=18 elapsed_ms=0.417
kiln_profile_full_attn_stage full_attn_layer=0 stage=qk_norm seq_len=1 start_pos=18 elapsed_ms=0.273
kiln_profile_full_attn_stage full_attn_layer=0 stage=rope seq_len=1 start_pos=18 elapsed_ms=0.257
kiln_profile_full_attn_stage full_attn_layer=0 stage=q_transpose seq_len=1 start_pos=18 elapsed_ms=0.015
kiln_profile_full_attn_stage full_attn_layer=0 stage=kv_write seq_len=1 start_pos=18 elapsed_ms=1.927
kiln_profile_full_attn_stage full_attn_layer=0 stage=decode_attn_contiguous seq_len=1 start_pos=18 elapsed_ms=0.303
kiln_profile_full_attn_stage full_attn_layer=0 stage=attn_gate seq_len=1 start_pos=18 elapsed_ms=0.349
kiln_profile_full_attn_stage full_attn_layer=0 stage=o_proj seq_len=1 start_pos=18 elapsed_ms=1.851
kiln_profile_mlp_stage layer=3 stage=gate_up_fused seq_len=1 start_pos=18 elapsed_ms=5.777
kiln_profile_mlp_stage layer=3 stage=down_proj seq_len=1 start_pos=18 elapsed_ms=3.283
kiln_profile_gdn_stage layer=4 stage=in_proj seq_len=1 start_pos=18 elapsed_ms=3.751
kiln_profile_gdn_stage layer=4 stage=qkv_conv_norm seq_len=1 start_pos=18 elapsed_ms=0.329
kiln_profile_gdn_stage layer=4 stage=gates_recur_gated_norm seq_len=1 start_pos=18 elapsed_ms=0.421
kiln_profile_gdn_stage layer=4 stage=post_transpose seq_len=1 start_pos=18 elapsed_ms=0.000
kiln_profile_gdn_stage layer=4 stage=gated_norm seq_len=1 start_pos=18 elapsed_ms=0.002
kiln_profile_gdn_stage layer=4 stage=out_proj seq_len=1 start_pos=18 elapsed_ms=1.534
kiln_profile_mlp_stage layer=4 stage=gate_up_fused seq_len=1 start_pos=18 elapsed_ms=5.788
kiln_profile_mlp_stage layer=4 stage=down_proj seq_len=1 start_pos=18 elapsed_ms=2.861
kiln_profile_gdn_stage layer=5 stage=in_proj seq_len=1 start_pos=18 elapsed_ms=3.800
kiln_profile_gdn_stage layer=5 stage=qkv_conv_norm seq_len=1 start_pos=18 elapsed_ms=0.301
kiln_profile_gdn_stage layer=5 stage=gates_recur_gated_norm seq_len=1 start_pos=18 elapsed_ms=0.456
kiln_profile_gdn_stage layer=5 stage=post_transpose seq_len=1 start_pos=18 elapsed_ms=0.000
kiln_profile_gdn_stage layer=5 stage=gated_norm seq_len=1 start_pos=18 elapsed_ms=0.013
kiln_profile_gdn_stage layer=5 stage=out_proj seq_len=1 start_pos=18 elapsed_ms=1.497
kiln_profile_mlp_stage layer=5 stage=gate_up_fused seq_len=1 start_pos=18 elapsed_ms=5.051
kiln_profile_mlp_stage layer=5 stage=down_proj seq_len=1 start_pos=18 elapsed_ms=2.822
kiln_profile_gdn_stage layer=6 stage=in_proj seq_len=1 start_pos=18 elapsed_ms=3.518
kiln_profile_gdn_stage layer=6 stage=qkv_conv_norm seq_len=1 start_pos=18 elapsed_ms=0.330
kiln_profile_gdn_stage layer=6 stage=gates_recur_gated_norm seq_len=1 start_pos=18 elapsed_ms=0.356
kiln_profile_gdn_stage layer=6 stage=post_transpose seq_len=1 start_pos=18 elapsed_ms=0.000
kiln_profile_gdn_stage layer=6 stage=gated_norm seq_len=1 start_pos=18 elapsed_ms=0.002
kiln_profile_gdn_stage layer=6 stage=out_proj seq_len=1 start_pos=18 elapsed_ms=1.352
kiln_profile_mlp_stage layer=6 stage=gate_up_fused seq_len=1 start_pos=18 elapsed_ms=4.903
kiln_profile_mlp_stage layer=6 stage=down_proj seq_len=1 start_pos=18 elapsed_ms=2.931
kiln_profile_full_attn_stage full_attn_layer=1 stage=qkv_proj seq_len=1 start_pos=18 elapsed_ms=2.967
kiln_profile_full_attn_stage full_attn_layer=1 stage=qkv_split seq_len=1 start_pos=18 elapsed_ms=0.243
kiln_profile_full_attn_stage full_attn_layer=1 stage=qk_norm seq_len=1 start_pos=18 elapsed_ms=0.217
kiln_profile_full_attn_stage full_attn_layer=1 stage=rope seq_len=1 start_pos=18 elapsed_ms=0.190
kiln_profile_full_attn_stage full_attn_layer=1 stage=q_transpose seq_len=1 start_pos=18 elapsed_ms=0.002
kiln_profile_full_attn_stage full_attn_layer=1 stage=kv_write seq_len=1 start_pos=18 elapsed_ms=5.150
kiln_profile_full_attn_stage full_attn_layer=1 stage=decode_attn_contiguous seq_len=1 start_pos=18 elapsed_ms=0.234
kiln_profile_full_attn_stage full_attn_layer=1 stage=attn_gate seq_len=1 start_pos=18 elapsed_ms=0.190
kiln_profile_full_attn_stage full_attn_layer=1 stage=o_proj seq_len=1 start_pos=18 elapsed_ms=1.334
kiln_profile_mlp_stage layer=7 stage=gate_up_fused seq_len=1 start_pos=18 elapsed_ms=4.735
kiln_profile_mlp_stage layer=7 stage=down_proj seq_len=1 start_pos=18 elapsed_ms=2.821
kiln_profile_gdn_stage layer=8 stage=in_proj seq_len=1 start_pos=18 elapsed_ms=3.574
kiln_profile_gdn_stage layer=8 stage=qkv_conv_norm seq_len=1 start_pos=18 elapsed_ms=0.263
kiln_profile_gdn_stage layer=8 stage=gates_recur_gated_norm seq_len=1 start_pos=18 elapsed_ms=0.465
kiln_profile_gdn_stage layer=8 stage=post_transpose seq_len=1 start_pos=18 elapsed_ms=0.000
kiln_profile_gdn_stage layer=8 stage=gated_norm seq_len=1 start_pos=18 elapsed_ms=0.017
kiln_profile_gdn_stage layer=8 stage=out_proj seq_len=1 start_pos=18 elapsed_ms=1.482
kiln_profile_mlp_stage layer=8 stage=gate_up_fused seq_len=1 start_pos=18 elapsed_ms=5.010
kiln_profile_mlp_stage layer=8 stage=down_proj seq_len=1 start_pos=18 elapsed_ms=3.097
kiln_profile_gdn_stage layer=9 stage=in_proj seq_len=1 start_pos=18 elapsed_ms=3.526
kiln_profile_gdn_stage layer=9 stage=qkv_conv_norm seq_len=1 start_pos=18 elapsed_ms=0.299
kiln_profile_gdn_stage layer=9 stage=gates_recur_gated_norm seq_len=1 start_pos=18 elapsed_ms=0.434
kiln_profile_gdn_stage layer=9 stage=post_transpose seq_len=1 start_pos=18 elapsed_ms=0.000
kiln_profile_gdn_stage layer=9 stage=gated_norm seq_len=1 start_pos=18 elapsed_ms=0.002
kiln_profile_gdn_stage layer=9 stage=out_proj seq_len=1 start_pos=18 elapsed_ms=1.595
kiln_profile_mlp_stage layer=9 stage=gate_up_fused seq_len=1 start_pos=18 elapsed_ms=4.988
kiln_profile_mlp_stage layer=9 stage=down_proj seq_len=1 start_pos=18 elapsed_ms=2.782
kiln_profile_gdn_stage layer=10 stage=in_proj seq_len=1 start_pos=18 elapsed_ms=3.708
kiln_profile_gdn_stage layer=10 stage=qkv_conv_norm seq_len=1 start_pos=18 elapsed_ms=0.305
kiln_profile_gdn_stage layer=10 stage=gates_recur_gated_norm seq_len=1 start_pos=18 elapsed_ms=0.394
kiln_profile_gdn_stage layer=10 stage=post_transpose seq_len=1 start_pos=18 elapsed_ms=0.000
kiln_profile_gdn_stage layer=10 stage=gated_norm seq_len=1 start_pos=18 elapsed_ms=0.002
kiln_profile_gdn_stage layer=10 stage=out_proj seq_len=1 start_pos=18 elapsed_ms=1.344
kiln_profile_mlp_stage layer=10 stage=gate_up_fused seq_len=1 start_pos=18 elapsed_ms=4.732
kiln_profile_mlp_stage layer=10 stage=down_proj seq_len=1 start_pos=18 elapsed_ms=2.708
kiln_profile_full_attn_stage full_attn_layer=2 stage=qkv_proj seq_len=1 start_pos=18 elapsed_ms=4.668
kiln_profile_full_attn_stage full_attn_layer=2 stage=qkv_split seq_len=1 start_pos=18 elapsed_ms=0.310
kiln_profile_full_attn_stage full_attn_layer=2 stage=qk_norm seq_len=1 start_pos=18 elapsed_ms=0.298
kiln_profile_full_attn_stage full_attn_layer=2 stage=rope seq_len=1 start_pos=18 elapsed_ms=0.247
kiln_profile_full_attn_stage full_attn_layer=2 stage=q_transpose seq_len=1 start_pos=18 elapsed_ms=0.002
kiln_profile_full_attn_stage full_attn_layer=2 stage=kv_write seq_len=1 start_pos=18 elapsed_ms=1.264
kiln_profile_full_attn_stage full_attn_layer=2 stage=decode_attn_contiguous seq_len=1 start_pos=18 elapsed_ms=0.319
kiln_profile_full_attn_stage full_attn_layer=2 stage=attn_gate seq_len=1 start_pos=18 elapsed_ms=0.331
kiln_profile_full_attn_stage full_attn_layer=2 stage=o_proj seq_len=1 start_pos=18 elapsed_ms=1.893
kiln_profile_mlp_stage layer=11 stage=gate_up_fused seq_len=1 start_pos=18 elapsed_ms=5.865
kiln_profile_mlp_stage layer=11 stage=down_proj seq_len=1 start_pos=18 elapsed_ms=3.091
kiln_profile_gdn_stage layer=12 stage=in_proj seq_len=1 start_pos=18 elapsed_ms=4.150
kiln_profile_gdn_stage layer=12 stage=qkv_conv_norm seq_len=1 start_pos=18 elapsed_ms=0.446
kiln_profile_gdn_stage layer=12 stage=gates_recur_gated_norm seq_len=1 start_pos=18 elapsed_ms=0.573
kiln_profile_gdn_stage layer=12 stage=post_transpose seq_len=1 start_pos=18 elapsed_ms=0.000
kiln_profile_gdn_stage layer=12 stage=gated_norm seq_len=1 start_pos=18 elapsed_ms=0.002
kiln_profile_gdn_stage layer=12 stage=out_proj seq_len=1 start_pos=18 elapsed_ms=1.737
kiln_profile_mlp_stage layer=12 stage=gate_up_fused seq_len=1 start_pos=18 elapsed_ms=6.258
kiln_profile_mlp_stage layer=12 stage=down_proj seq_len=1 start_pos=18 elapsed_ms=4.338
kiln_profile_gdn_stage layer=13 stage=in_proj seq_len=1 start_pos=18 elapsed_ms=4.463
kiln_profile_gdn_stage layer=13 stage=qkv_conv_norm seq_len=1 start_pos=18 elapsed_ms=0.391
kiln_profile_gdn_stage layer=13 stage=gates_recur_gated_norm seq_len=1 start_pos=18 elapsed_ms=0.572
kiln_profile_gdn_stage layer=13 stage=post_transpose seq_len=1 start_pos=18 elapsed_ms=0.000
kiln_profile_gdn_stage layer=13 stage=gated_norm seq_len=1 start_pos=18 elapsed_ms=0.002
kiln_profile_gdn_stage layer=13 stage=out_proj seq_len=1 start_pos=18 elapsed_ms=1.756
kiln_profile_mlp_stage layer=13 stage=gate_up_fused seq_len=1 start_pos=18 elapsed_ms=6.097
kiln_profile_mlp_stage layer=13 stage=down_proj seq_len=1 start_pos=18 elapsed_ms=3.352
kiln_profile_gdn_stage layer=14 stage=in_proj seq_len=1 start_pos=18 elapsed_ms=4.620
kiln_profile_gdn_stage layer=14 stage=qkv_conv_norm seq_len=1 start_pos=18 elapsed_ms=0.336
kiln_profile_gdn_stage layer=14 stage=gates_recur_gated_norm seq_len=1 start_pos=18 elapsed_ms=0.516
kiln_profile_gdn_stage layer=14 stage=post_transpose seq_len=1 start_pos=18 elapsed_ms=0.000
kiln_profile_gdn_stage layer=14 stage=gated_norm seq_len=1 start_pos=18 elapsed_ms=0.002
kiln_profile_gdn_stage layer=14 stage=out_proj seq_len=1 start_pos=18 elapsed_ms=1.583
kiln_profile_mlp_stage layer=14 stage=gate_up_fused seq_len=1 start_pos=18 elapsed_ms=8.834
kiln_profile_mlp_stage layer=14 stage=down_proj seq_len=1 start_pos=18 elapsed_ms=2.962
kiln_profile_full_attn_stage full_attn_layer=3 stage=qkv_proj seq_len=1 start_pos=18 elapsed_ms=3.549
kiln_profile_full_attn_stage full_attn_layer=3 stage=qkv_split seq_len=1 start_pos=18 elapsed_ms=0.404
kiln_profile_full_attn_stage full_attn_layer=3 stage=qk_norm seq_len=1 start_pos=18 elapsed_ms=0.366
kiln_profile_full_attn_stage full_attn_layer=3 stage=rope seq_len=1 start_pos=18 elapsed_ms=0.316
kiln_profile_full_attn_stage full_attn_layer=3 stage=q_transpose seq_len=1 start_pos=18 elapsed_ms=0.002
kiln_profile_full_attn_stage full_attn_layer=3 stage=kv_write seq_len=1 start_pos=18 elapsed_ms=1.466
kiln_profile_full_attn_stage full_attn_layer=3 stage=decode_attn_contiguous seq_len=1 start_pos=18 elapsed_ms=0.372
kiln_profile_full_attn_stage full_attn_layer=3 stage=attn_gate seq_len=1 start_pos=18 elapsed_ms=0.418
kiln_profile_full_attn_stage full_attn_layer=3 stage=o_proj seq_len=1 start_pos=18 elapsed_ms=1.804
kiln_profile_mlp_stage layer=15 stage=gate_up_fused seq_len=1 start_pos=18 elapsed_ms=6.675
kiln_profile_mlp_stage layer=15 stage=down_proj seq_len=1 start_pos=18 elapsed_ms=3.247
kiln_profile_gdn_stage layer=16 stage=in_proj seq_len=1 start_pos=18 elapsed_ms=5.081
kiln_profile_gdn_stage layer=16 stage=qkv_conv_norm seq_len=1 start_pos=18 elapsed_ms=1.347
kiln_profile_gdn_stage layer=16 stage=gates_recur_gated_norm seq_len=1 start_pos=18 elapsed_ms=1.457
kiln_profile_gdn_stage layer=16 stage=post_transpose seq_len=1 start_pos=18 elapsed_ms=0.000
kiln_profile_gdn_stage layer=16 stage=gated_norm seq_len=1 start_pos=18 elapsed_ms=0.002
kiln_profile_gdn_stage layer=16 stage=out_proj seq_len=1 start_pos=18 elapsed_ms=1.605
kiln_profile_mlp_stage layer=16 stage=gate_up_fused seq_len=1 start_pos=18 elapsed_ms=6.155
kiln_profile_mlp_stage layer=16 stage=down_proj seq_len=1 start_pos=18 elapsed_ms=3.349
kiln_profile_gdn_stage layer=17 stage=in_proj seq_len=1 start_pos=18 elapsed_ms=4.803
kiln_profile_gdn_stage layer=17 stage=qkv_conv_norm seq_len=1 start_pos=18 elapsed_ms=0.439
kiln_profile_gdn_stage layer=17 stage=gates_recur_gated_norm seq_len=1 start_pos=18 elapsed_ms=0.582
kiln_profile_gdn_stage layer=17 stage=post_transpose seq_len=1 start_pos=18 elapsed_ms=0.000
kiln_profile_gdn_stage layer=17 stage=gated_norm seq_len=1 start_pos=18 elapsed_ms=0.003
kiln_profile_gdn_stage layer=17 stage=out_proj seq_len=1 start_pos=18 elapsed_ms=1.918
kiln_profile_mlp_stage layer=17 stage=gate_up_fused seq_len=1 start_pos=18 elapsed_ms=7.347
kiln_profile_mlp_stage layer=17 stage=down_proj seq_len=1 start_pos=18 elapsed_ms=4.370
kiln_profile_gdn_stage layer=18 stage=in_proj seq_len=1 start_pos=18 elapsed_ms=4.544
kiln_profile_gdn_stage layer=18 stage=qkv_conv_norm seq_len=1 start_pos=18 elapsed_ms=0.405
kiln_profile_gdn_stage layer=18 stage=gates_recur_gated_norm seq_len=1 start_pos=18 elapsed_ms=0.513
kiln_profile_gdn_stage layer=18 stage=post_transpose seq_len=1 start_pos=18 elapsed_ms=0.000
kiln_profile_gdn_stage layer=18 stage=gated_norm seq_len=1 start_pos=18 elapsed_ms=0.002
kiln_profile_gdn_stage layer=18 stage=out_proj seq_len=1 start_pos=18 elapsed_ms=1.716
kiln_profile_mlp_stage layer=18 stage=gate_up_fused seq_len=1 start_pos=18 elapsed_ms=6.220
kiln_profile_mlp_stage layer=18 stage=down_proj seq_len=1 start_pos=18 elapsed_ms=3.066
kiln_profile_full_attn_stage full_attn_layer=4 stage=qkv_proj seq_len=1 start_pos=18 elapsed_ms=3.601
kiln_profile_full_attn_stage full_attn_layer=4 stage=qkv_split seq_len=1 start_pos=18 elapsed_ms=0.532
kiln_profile_full_attn_stage full_attn_layer=4 stage=qk_norm seq_len=1 start_pos=18 elapsed_ms=0.387
kiln_profile_full_attn_stage full_attn_layer=4 stage=rope seq_len=1 start_pos=18 elapsed_ms=0.362
kiln_profile_full_attn_stage full_attn_layer=4 stage=q_transpose seq_len=1 start_pos=18 elapsed_ms=0.008
kiln_profile_full_attn_stage full_attn_layer=4 stage=kv_write seq_len=1 start_pos=18 elapsed_ms=1.537
kiln_profile_full_attn_stage full_attn_layer=4 stage=decode_attn_contiguous seq_len=1 start_pos=18 elapsed_ms=0.433
kiln_profile_full_attn_stage full_attn_layer=4 stage=attn_gate seq_len=1 start_pos=18 elapsed_ms=0.382
kiln_profile_full_attn_stage full_attn_layer=4 stage=o_proj seq_len=1 start_pos=18 elapsed_ms=2.272
kiln_profile_mlp_stage layer=19 stage=gate_up_fused seq_len=1 start_pos=18 elapsed_ms=7.646
kiln_profile_mlp_stage layer=19 stage=down_proj seq_len=1 start_pos=18 elapsed_ms=3.356
kiln_profile_gdn_stage layer=20 stage=in_proj seq_len=1 start_pos=18 elapsed_ms=4.703
kiln_profile_gdn_stage layer=20 stage=qkv_conv_norm seq_len=1 start_pos=18 elapsed_ms=0.382
kiln_profile_gdn_stage layer=20 stage=gates_recur_gated_norm seq_len=1 start_pos=18 elapsed_ms=0.581
kiln_profile_gdn_stage layer=20 stage=post_transpose seq_len=1 start_pos=18 elapsed_ms=0.000
kiln_profile_gdn_stage layer=20 stage=gated_norm seq_len=1 start_pos=18 elapsed_ms=0.002
kiln_profile_gdn_stage layer=20 stage=out_proj seq_len=1 start_pos=18 elapsed_ms=1.897
kiln_profile_mlp_stage layer=20 stage=gate_up_fused seq_len=1 start_pos=18 elapsed_ms=20.210
kiln_profile_mlp_stage layer=20 stage=down_proj seq_len=1 start_pos=18 elapsed_ms=3.279
kiln_profile_gdn_stage layer=21 stage=in_proj seq_len=1 start_pos=18 elapsed_ms=4.920
kiln_profile_gdn_stage layer=21 stage=qkv_conv_norm seq_len=1 start_pos=18 elapsed_ms=0.421
kiln_profile_gdn_stage layer=21 stage=gates_recur_gated_norm seq_len=1 start_pos=18 elapsed_ms=0.656
kiln_profile_gdn_stage layer=21 stage=post_transpose seq_len=1 start_pos=18 elapsed_ms=0.000
kiln_profile_gdn_stage layer=21 stage=gated_norm seq_len=1 start_pos=18 elapsed_ms=0.003
kiln_profile_gdn_stage layer=21 stage=out_proj seq_len=1 start_pos=18 elapsed_ms=1.776
kiln_profile_mlp_stage layer=21 stage=gate_up_fused seq_len=1 start_pos=18 elapsed_ms=7.336
kiln_profile_mlp_stage layer=21 stage=down_proj seq_len=1 start_pos=18 elapsed_ms=3.259
kiln_profile_gdn_stage layer=22 stage=in_proj seq_len=1 start_pos=18 elapsed_ms=6.038
kiln_profile_gdn_stage layer=22 stage=qkv_conv_norm seq_len=1 start_pos=18 elapsed_ms=1.331
kiln_profile_gdn_stage layer=22 stage=gates_recur_gated_norm seq_len=1 start_pos=18 elapsed_ms=1.612
kiln_profile_gdn_stage layer=22 stage=post_transpose seq_len=1 start_pos=18 elapsed_ms=0.001
kiln_profile_gdn_stage layer=22 stage=gated_norm seq_len=1 start_pos=18 elapsed_ms=0.002
kiln_profile_gdn_stage layer=22 stage=out_proj seq_len=1 start_pos=18 elapsed_ms=1.864
kiln_profile_mlp_stage layer=22 stage=gate_up_fused seq_len=1 start_pos=18 elapsed_ms=7.219
kiln_profile_mlp_stage layer=22 stage=down_proj seq_len=1 start_pos=18 elapsed_ms=3.548
kiln_profile_full_attn_stage full_attn_layer=5 stage=qkv_proj seq_len=1 start_pos=18 elapsed_ms=3.963
kiln_profile_full_attn_stage full_attn_layer=5 stage=qkv_split seq_len=1 start_pos=18 elapsed_ms=0.431
kiln_profile_full_attn_stage full_attn_layer=5 stage=qk_norm seq_len=1 start_pos=18 elapsed_ms=0.411
kiln_profile_full_attn_stage full_attn_layer=5 stage=rope seq_len=1 start_pos=18 elapsed_ms=0.344
kiln_profile_full_attn_stage full_attn_layer=5 stage=q_transpose seq_len=1 start_pos=18 elapsed_ms=0.021
kiln_profile_full_attn_stage full_attn_layer=5 stage=kv_write seq_len=1 start_pos=18 elapsed_ms=1.512
kiln_profile_full_attn_stage full_attn_layer=5 stage=decode_attn_contiguous seq_len=1 start_pos=18 elapsed_ms=0.381
kiln_profile_full_attn_stage full_attn_layer=5 stage=attn_gate seq_len=1 start_pos=18 elapsed_ms=0.315
kiln_profile_full_attn_stage full_attn_layer=5 stage=o_proj seq_len=1 start_pos=18 elapsed_ms=2.105
kiln_profile_mlp_stage layer=23 stage=gate_up_fused seq_len=1 start_pos=18 elapsed_ms=9.429
kiln_profile_mlp_stage layer=23 stage=down_proj seq_len=1 start_pos=18 elapsed_ms=3.068
kiln_profile_gdn_stage layer=24 stage=in_proj seq_len=1 start_pos=18 elapsed_ms=4.757
kiln_profile_gdn_stage layer=24 stage=qkv_conv_norm seq_len=1 start_pos=18 elapsed_ms=0.416
kiln_profile_gdn_stage layer=24 stage=gates_recur_gated_norm seq_len=1 start_pos=18 elapsed_ms=0.597
kiln_profile_gdn_stage layer=24 stage=post_transpose seq_len=1 start_pos=18 elapsed_ms=0.000
kiln_profile_gdn_stage layer=24 stage=gated_norm seq_len=1 start_pos=18 elapsed_ms=0.002
kiln_profile_gdn_stage layer=24 stage=out_proj seq_len=1 start_pos=18 elapsed_ms=1.766
kiln_profile_mlp_stage layer=24 stage=gate_up_fused seq_len=1 start_pos=18 elapsed_ms=7.376
kiln_profile_mlp_stage layer=24 stage=down_proj seq_len=1 start_pos=18 elapsed_ms=3.539
kiln_profile_gdn_stage layer=25 stage=in_proj seq_len=1 start_pos=18 elapsed_ms=4.841
kiln_profile_gdn_stage layer=25 stage=qkv_conv_norm seq_len=1 start_pos=18 elapsed_ms=1.030
kiln_profile_gdn_stage layer=25 stage=gates_recur_gated_norm seq_len=1 start_pos=18 elapsed_ms=1.493
kiln_profile_gdn_stage layer=25 stage=post_transpose seq_len=1 start_pos=18 elapsed_ms=0.000
kiln_profile_gdn_stage layer=25 stage=gated_norm seq_len=1 start_pos=18 elapsed_ms=0.002
kiln_profile_gdn_stage layer=25 stage=out_proj seq_len=1 start_pos=18 elapsed_ms=1.627
kiln_profile_mlp_stage layer=25 stage=gate_up_fused seq_len=1 start_pos=18 elapsed_ms=6.401
kiln_profile_mlp_stage layer=25 stage=down_proj seq_len=1 start_pos=18 elapsed_ms=3.265
kiln_profile_gdn_stage layer=26 stage=in_proj seq_len=1 start_pos=18 elapsed_ms=4.384
kiln_profile_gdn_stage layer=26 stage=qkv_conv_norm seq_len=1 start_pos=18 elapsed_ms=0.296
kiln_profile_gdn_stage layer=26 stage=gates_recur_gated_norm seq_len=1 start_pos=18 elapsed_ms=0.470
kiln_profile_gdn_stage layer=26 stage=post_transpose seq_len=1 start_pos=18 elapsed_ms=0.000
kiln_profile_gdn_stage layer=26 stage=gated_norm seq_len=1 start_pos=18 elapsed_ms=0.002
kiln_profile_gdn_stage layer=26 stage=out_proj seq_len=1 start_pos=18 elapsed_ms=1.456
kiln_profile_mlp_stage layer=26 stage=gate_up_fused seq_len=1 start_pos=18 elapsed_ms=5.800
kiln_profile_mlp_stage layer=26 stage=down_proj seq_len=1 start_pos=18 elapsed_ms=2.841
kiln_profile_full_attn_stage full_attn_layer=6 stage=qkv_proj seq_len=1 start_pos=18 elapsed_ms=7.087
kiln_profile_full_attn_stage full_attn_layer=6 stage=qkv_split seq_len=1 start_pos=18 elapsed_ms=0.496
kiln_profile_full_attn_stage full_attn_layer=6 stage=qk_norm seq_len=1 start_pos=18 elapsed_ms=0.404
kiln_profile_full_attn_stage full_attn_layer=6 stage=rope seq_len=1 start_pos=18 elapsed_ms=0.395
kiln_profile_full_attn_stage full_attn_layer=6 stage=q_transpose seq_len=1 start_pos=18 elapsed_ms=0.002
kiln_profile_full_attn_stage full_attn_layer=6 stage=kv_write seq_len=1 start_pos=18 elapsed_ms=0.391
kiln_profile_full_attn_stage full_attn_layer=6 stage=decode_attn_contiguous seq_len=1 start_pos=18 elapsed_ms=0.458
kiln_profile_full_attn_stage full_attn_layer=6 stage=attn_gate seq_len=1 start_pos=18 elapsed_ms=0.347
kiln_profile_full_attn_stage full_attn_layer=6 stage=o_proj seq_len=1 start_pos=18 elapsed_ms=1.084
kiln_profile_mlp_stage layer=27 stage=gate_up_fused seq_len=1 start_pos=18 elapsed_ms=2.537
kiln_profile_mlp_stage layer=27 stage=down_proj seq_len=1 start_pos=18 elapsed_ms=1.377
kiln_profile_gdn_stage layer=28 stage=in_proj seq_len=1 start_pos=18 elapsed_ms=2.453
kiln_profile_gdn_stage layer=28 stage=qkv_conv_norm seq_len=1 start_pos=18 elapsed_ms=0.468
kiln_profile_gdn_stage layer=28 stage=gates_recur_gated_norm seq_len=1 start_pos=18 elapsed_ms=0.623
kiln_profile_gdn_stage layer=28 stage=post_transpose seq_len=1 start_pos=18 elapsed_ms=0.000
kiln_profile_gdn_stage layer=28 stage=gated_norm seq_len=1 start_pos=18 elapsed_ms=0.021
kiln_profile_gdn_stage layer=28 stage=out_proj seq_len=1 start_pos=18 elapsed_ms=0.902
kiln_profile_mlp_stage layer=28 stage=gate_up_fused seq_len=1 start_pos=18 elapsed_ms=2.512
kiln_profile_mlp_stage layer=28 stage=down_proj seq_len=1 start_pos=18 elapsed_ms=1.348
kiln_profile_gdn_stage layer=29 stage=in_proj seq_len=1 start_pos=18 elapsed_ms=2.267
kiln_profile_gdn_stage layer=29 stage=qkv_conv_norm seq_len=1 start_pos=18 elapsed_ms=0.347
kiln_profile_gdn_stage layer=29 stage=gates_recur_gated_norm seq_len=1 start_pos=18 elapsed_ms=0.532
kiln_profile_gdn_stage layer=29 stage=post_transpose seq_len=1 start_pos=18 elapsed_ms=0.000
kiln_profile_gdn_stage layer=29 stage=gated_norm seq_len=1 start_pos=18 elapsed_ms=0.002
kiln_profile_gdn_stage layer=29 stage=out_proj seq_len=1 start_pos=18 elapsed_ms=0.808
kiln_profile_mlp_stage layer=29 stage=gate_up_fused seq_len=1 start_pos=18 elapsed_ms=2.572
kiln_profile_mlp_stage layer=29 stage=down_proj seq_len=1 start_pos=18 elapsed_ms=1.561
kiln_profile_gdn_stage layer=30 stage=in_proj seq_len=1 start_pos=18 elapsed_ms=4.555
kiln_profile_gdn_stage layer=30 stage=qkv_conv_norm seq_len=1 start_pos=18 elapsed_ms=0.432
kiln_profile_gdn_stage layer=30 stage=gates_recur_gated_norm seq_len=1 start_pos=18 elapsed_ms=0.550
kiln_profile_gdn_stage layer=30 stage=post_transpose seq_len=1 start_pos=18 elapsed_ms=0.000
kiln_profile_gdn_stage layer=30 stage=gated_norm seq_len=1 start_pos=18 elapsed_ms=0.016
kiln_profile_gdn_stage layer=30 stage=out_proj seq_len=1 start_pos=18 elapsed_ms=1.016
kiln_profile_mlp_stage layer=30 stage=gate_up_fused seq_len=1 start_pos=18 elapsed_ms=2.519
kiln_profile_mlp_stage layer=30 stage=down_proj seq_len=1 start_pos=18 elapsed_ms=1.374
kiln_profile_full_attn_stage full_attn_layer=7 stage=qkv_proj seq_len=1 start_pos=18 elapsed_ms=1.621
kiln_profile_full_attn_stage full_attn_layer=7 stage=qkv_split seq_len=1 start_pos=18 elapsed_ms=0.552
kiln_profile_full_attn_stage full_attn_layer=7 stage=qk_norm seq_len=1 start_pos=18 elapsed_ms=0.749
kiln_profile_full_attn_stage full_attn_layer=7 stage=rope seq_len=1 start_pos=18 elapsed_ms=0.471
kiln_profile_full_attn_stage full_attn_layer=7 stage=q_transpose seq_len=1 start_pos=18 elapsed_ms=0.007
kiln_profile_full_attn_stage full_attn_layer=7 stage=kv_write seq_len=1 start_pos=18 elapsed_ms=0.398
kiln_profile_full_attn_stage full_attn_layer=7 stage=decode_attn_contiguous seq_len=1 start_pos=18 elapsed_ms=0.477
kiln_profile_full_attn_stage full_attn_layer=7 stage=attn_gate seq_len=1 start_pos=18 elapsed_ms=0.398
kiln_profile_full_attn_stage full_attn_layer=7 stage=o_proj seq_len=1 start_pos=18 elapsed_ms=1.192
kiln_profile_mlp_stage layer=31 stage=gate_up_fused seq_len=1 start_pos=18 elapsed_ms=2.393
kiln_profile_mlp_stage layer=31 stage=down_proj seq_len=1 start_pos=18 elapsed_ms=1.245
kiln_profile_gdn_stage layer=0 stage=in_proj seq_len=1 start_pos=18 elapsed_ms=2.526
kiln_profile_gdn_stage layer=0 stage=qkv_conv_norm seq_len=1 start_pos=18 elapsed_ms=0.307
kiln_profile_gdn_stage layer=0 stage=gates_recur_gated_norm seq_len=1 start_pos=18 elapsed_ms=0.395
kiln_profile_gdn_stage layer=0 stage=post_transpose seq_len=1 start_pos=18 elapsed_ms=0.000
kiln_profile_gdn_stage layer=0 stage=gated_norm seq_len=1 start_pos=18 elapsed_ms=0.002
kiln_profile_gdn_stage layer=0 stage=out_proj seq_len=1 start_pos=18 elapsed_ms=1.097
kiln_profile_mlp_stage layer=0 stage=gate_up_fused seq_len=1 start_pos=18 elapsed_ms=1.887
kiln_profile_mlp_stage layer=0 stage=down_proj seq_len=1 start_pos=18 elapsed_ms=2.104
kiln_profile_gdn_stage layer=1 stage=in_proj seq_len=1 start_pos=18 elapsed_ms=2.485
kiln_profile_gdn_stage layer=1 stage=qkv_conv_norm seq_len=1 start_pos=18 elapsed_ms=0.254
kiln_profile_gdn_stage layer=1 stage=gates_recur_gated_norm seq_len=1 start_pos=18 elapsed_ms=0.362
kiln_profile_gdn_stage layer=1 stage=post_transpose seq_len=1 start_pos=18 elapsed_ms=0.000
kiln_profile_gdn_stage layer=1 stage=gated_norm seq_len=1 start_pos=18 elapsed_ms=0.002
kiln_profile_gdn_stage layer=1 stage=out_proj seq_len=1 start_pos=18 elapsed_ms=1.086
kiln_profile_mlp_stage layer=1 stage=gate_up_fused seq_len=1 start_pos=18 elapsed_ms=1.956
kiln_profile_mlp_stage layer=1 stage=down_proj seq_len=1 start_pos=18 elapsed_ms=2.004
kiln_profile_gdn_stage layer=2 stage=in_proj seq_len=1 start_pos=18 elapsed_ms=2.488
kiln_profile_gdn_stage layer=2 stage=qkv_conv_norm seq_len=1 start_pos=18 elapsed_ms=0.269
kiln_profile_gdn_stage layer=2 stage=gates_recur_gated_norm seq_len=1 start_pos=18 elapsed_ms=0.384
kiln_profile_gdn_stage layer=2 stage=post_transpose seq_len=1 start_pos=18 elapsed_ms=0.000
kiln_profile_gdn_stage layer=2 stage=gated_norm seq_len=1 start_pos=18 elapsed_ms=0.002
kiln_profile_gdn_stage layer=2 stage=out_proj seq_len=1 start_pos=18 elapsed_ms=1.098
kiln_profile_mlp_stage layer=2 stage=gate_up_fused seq_len=1 start_pos=18 elapsed_ms=2.109
kiln_profile_mlp_stage layer=2 stage=down_proj seq_len=1 start_pos=18 elapsed_ms=2.723
kiln_profile_full_attn_stage full_attn_layer=0 stage=qkv_proj_batch seq_len=1 start_pos=18 elapsed_ms=2.087
kiln_profile_full_attn_stage full_attn_layer=0 stage=qkv_split_batch seq_len=1 start_pos=18 elapsed_ms=0.263
kiln_profile_full_attn_stage full_attn_layer=0 stage=qk_norm_batch seq_len=1 start_pos=18 elapsed_ms=0.228
kiln_profile_full_attn_stage full_attn_layer=0 stage=rope_batch seq_len=1 start_pos=18 elapsed_ms=1.568
kiln_profile_full_attn_stage full_attn_layer=0 stage=kv_write_batch seq_len=1 start_pos=18 elapsed_ms=0.251
kiln_profile_full_attn_stage full_attn_layer=0 stage=q_transpose_batch seq_len=1 start_pos=18 elapsed_ms=0.001
kiln_profile_full_attn_stage full_attn_layer=0 stage=decode_attn_contiguous_batch seq_len=1 start_pos=18 elapsed_ms=0.294
kiln_profile_full_attn_stage full_attn_layer=0 stage=attn_gate_batch seq_len=1 start_pos=18 elapsed_ms=0.162
kiln_profile_full_attn_stage full_attn_layer=0 stage=o_proj_batch seq_len=1 start_pos=18 elapsed_ms=1.050
kiln_profile_mlp_stage layer=3 stage=gate_up_fused seq_len=1 start_pos=18 elapsed_ms=2.042
kiln_profile_mlp_stage layer=3 stage=down_proj seq_len=1 start_pos=18 elapsed_ms=2.063
kiln_profile_gdn_stage layer=4 stage=in_proj seq_len=1 start_pos=18 elapsed_ms=2.774
kiln_profile_gdn_stage layer=4 stage=qkv_conv_norm seq_len=1 start_pos=18 elapsed_ms=0.320
kiln_profile_gdn_stage layer=4 stage=gates_recur_gated_norm seq_len=1 start_pos=18 elapsed_ms=0.436
kiln_profile_gdn_stage layer=4 stage=post_transpose seq_len=1 start_pos=18 elapsed_ms=0.000
kiln_profile_gdn_stage layer=4 stage=gated_norm seq_len=1 start_pos=18 elapsed_ms=0.003
kiln_profile_gdn_stage layer=4 stage=out_proj seq_len=1 start_pos=18 elapsed_ms=1.116
kiln_profile_mlp_stage layer=4 stage=gate_up_fused seq_len=1 start_pos=18 elapsed_ms=1.912
kiln_profile_mlp_stage layer=4 stage=down_proj seq_len=1 start_pos=18 elapsed_ms=1.969
kiln_profile_gdn_stage layer=5 stage=in_proj seq_len=1 start_pos=18 elapsed_ms=2.534
kiln_profile_gdn_stage layer=5 stage=qkv_conv_norm seq_len=1 start_pos=18 elapsed_ms=0.308
kiln_profile_gdn_stage layer=5 stage=gates_recur_gated_norm seq_len=1 start_pos=18 elapsed_ms=0.385
kiln_profile_gdn_stage layer=5 stage=post_transpose seq_len=1 start_pos=18 elapsed_ms=0.000
kiln_profile_gdn_stage layer=5 stage=gated_norm seq_len=1 start_pos=18 elapsed_ms=0.003
kiln_profile_gdn_stage layer=5 stage=out_proj seq_len=1 start_pos=18 elapsed_ms=1.104
kiln_profile_mlp_stage layer=5 stage=gate_up_fused seq_len=1 start_pos=18 elapsed_ms=1.898
kiln_profile_mlp_stage layer=5 stage=down_proj seq_len=1 start_pos=18 elapsed_ms=2.066
kiln_profile_gdn_stage layer=6 stage=in_proj seq_len=1 start_pos=18 elapsed_ms=3.218
kiln_profile_gdn_stage layer=6 stage=qkv_conv_norm seq_len=1 start_pos=18 elapsed_ms=0.368
kiln_profile_gdn_stage layer=6 stage=gates_recur_gated_norm seq_len=1 start_pos=18 elapsed_ms=0.443
kiln_profile_gdn_stage layer=6 stage=post_transpose seq_len=1 start_pos=18 elapsed_ms=0.001
kiln_profile_gdn_stage layer=6 stage=gated_norm seq_len=1 start_pos=18 elapsed_ms=0.003
kiln_profile_gdn_stage layer=6 stage=out_proj seq_len=1 start_pos=18 elapsed_ms=1.134
kiln_profile_mlp_stage layer=6 stage=gate_up_fused seq_len=1 start_pos=18 elapsed_ms=1.915
kiln_profile_mlp_stage layer=6 stage=down_proj seq_len=1 start_pos=18 elapsed_ms=2.003
kiln_profile_full_attn_stage full_attn_layer=1 stage=qkv_proj_batch seq_len=1 start_pos=18 elapsed_ms=2.032
kiln_profile_full_attn_stage full_attn_layer=1 stage=qkv_split_batch seq_len=1 start_pos=18 elapsed_ms=0.334
kiln_profile_full_attn_stage full_attn_layer=1 stage=qk_norm_batch seq_len=1 start_pos=18 elapsed_ms=0.285
kiln_profile_full_attn_stage full_attn_layer=1 stage=rope_batch seq_len=1 start_pos=18 elapsed_ms=0.943
kiln_profile_full_attn_stage full_attn_layer=1 stage=kv_write_batch seq_len=1 start_pos=18 elapsed_ms=0.447
kiln_profile_full_attn_stage full_attn_layer=1 stage=q_transpose_batch seq_len=1 start_pos=18 elapsed_ms=0.002
kiln_profile_full_attn_stage full_attn_layer=1 stage=decode_attn_contiguous_batch seq_len=1 start_pos=18 elapsed_ms=0.624
kiln_profile_full_attn_stage full_attn_layer=1 stage=attn_gate_batch seq_len=1 start_pos=18 elapsed_ms=0.425
kiln_profile_full_attn_stage full_attn_layer=1 stage=o_proj_batch seq_len=1 start_pos=18 elapsed_ms=1.808
kiln_profile_mlp_stage layer=7 stage=gate_up_fused seq_len=1 start_pos=18 elapsed_ms=2.091
kiln_profile_mlp_stage layer=7 stage=down_proj seq_len=1 start_pos=18 elapsed_ms=2.242
kiln_profile_gdn_stage layer=8 stage=in_proj seq_len=1 start_pos=18 elapsed_ms=2.620
kiln_profile_gdn_stage layer=8 stage=qkv_conv_norm seq_len=1 start_pos=18 elapsed_ms=0.484
kiln_profile_gdn_stage layer=8 stage=gates_recur_gated_norm seq_len=1 start_pos=18 elapsed_ms=0.450
kiln_profile_gdn_stage layer=8 stage=post_transpose seq_len=1 start_pos=18 elapsed_ms=0.000
kiln_profile_gdn_stage layer=8 stage=gated_norm seq_len=1 start_pos=18 elapsed_ms=0.004
kiln_profile_gdn_stage layer=8 stage=out_proj seq_len=1 start_pos=18 elapsed_ms=1.157
kiln_profile_mlp_stage layer=8 stage=gate_up_fused seq_len=1 start_pos=18 elapsed_ms=2.146
kiln_profile_mlp_stage layer=8 stage=down_proj seq_len=1 start_pos=18 elapsed_ms=3.449
kiln_profile_gdn_stage layer=9 stage=in_proj seq_len=1 start_pos=18 elapsed_ms=2.641
kiln_profile_gdn_stage layer=9 stage=qkv_conv_norm seq_len=1 start_pos=18 elapsed_ms=0.381
kiln_profile_gdn_stage layer=9 stage=gates_recur_gated_norm seq_len=1 start_pos=18 elapsed_ms=0.390
kiln_profile_gdn_stage layer=9 stage=post_transpose seq_len=1 start_pos=18 elapsed_ms=0.000
kiln_profile_gdn_stage layer=9 stage=gated_norm seq_len=1 start_pos=18 elapsed_ms=0.004
kiln_profile_gdn_stage layer=9 stage=out_proj seq_len=1 start_pos=18 elapsed_ms=1.080
kiln_profile_mlp_stage layer=9 stage=gate_up_fused seq_len=1 start_pos=18 elapsed_ms=1.945
kiln_profile_mlp_stage layer=9 stage=down_proj seq_len=1 start_pos=18 elapsed_ms=1.968
kiln_profile_gdn_stage layer=10 stage=in_proj seq_len=1 start_pos=18 elapsed_ms=2.515
kiln_profile_gdn_stage layer=10 stage=qkv_conv_norm seq_len=1 start_pos=18 elapsed_ms=0.358
kiln_profile_gdn_stage layer=10 stage=gates_recur_gated_norm seq_len=1 start_pos=18 elapsed_ms=0.420
kiln_profile_gdn_stage layer=10 stage=post_transpose seq_len=1 start_pos=18 elapsed_ms=0.000
kiln_profile_gdn_stage layer=10 stage=gated_norm seq_len=1 start_pos=18 elapsed_ms=0.009
kiln_profile_gdn_stage layer=10 stage=out_proj seq_len=1 start_pos=18 elapsed_ms=1.152
kiln_profile_mlp_stage layer=10 stage=gate_up_fused seq_len=1 start_pos=18 elapsed_ms=1.916
kiln_profile_mlp_stage layer=10 stage=down_proj seq_len=1 start_pos=18 elapsed_ms=2.076
kiln_profile_full_attn_stage full_attn_layer=2 stage=qkv_proj_batch seq_len=1 start_pos=18 elapsed_ms=2.124
kiln_profile_full_attn_stage full_attn_layer=2 stage=qkv_split_batch seq_len=1 start_pos=18 elapsed_ms=0.456
kiln_profile_full_attn_stage full_attn_layer=2 stage=qk_norm_batch seq_len=1 start_pos=18 elapsed_ms=0.419
kiln_profile_full_attn_stage full_attn_layer=2 stage=rope_batch seq_len=1 start_pos=18 elapsed_ms=0.939
kiln_profile_full_attn_stage full_attn_layer=2 stage=kv_write_batch seq_len=1 start_pos=18 elapsed_ms=0.374
kiln_profile_full_attn_stage full_attn_layer=2 stage=q_transpose_batch seq_len=1 start_pos=18 elapsed_ms=0.002
kiln_profile_full_attn_stage full_attn_layer=2 stage=decode_attn_contiguous_batch seq_len=1 start_pos=18 elapsed_ms=0.775
kiln_profile_full_attn_stage full_attn_layer=2 stage=attn_gate_batch seq_len=1 start_pos=18 elapsed_ms=0.291
kiln_profile_full_attn_stage full_attn_layer=2 stage=o_proj_batch seq_len=1 start_pos=18 elapsed_ms=1.124
kiln_profile_mlp_stage layer=11 stage=gate_up_fused seq_len=1 start_pos=18 elapsed_ms=2.102
kiln_profile_mlp_stage layer=11 stage=down_proj seq_len=1 start_pos=18 elapsed_ms=3.299
kiln_profile_gdn_stage layer=12 stage=in_proj seq_len=1 start_pos=18 elapsed_ms=2.557
kiln_profile_gdn_stage layer=12 stage=qkv_conv_norm seq_len=1 start_pos=18 elapsed_ms=0.357
kiln_profile_gdn_stage layer=12 stage=gates_recur_gated_norm seq_len=1 start_pos=18 elapsed_ms=0.501
kiln_profile_gdn_stage layer=12 stage=post_transpose seq_len=1 start_pos=18 elapsed_ms=0.001
kiln_profile_gdn_stage layer=12 stage=gated_norm seq_len=1 start_pos=18 elapsed_ms=0.005
kiln_profile_gdn_stage layer=12 stage=out_proj seq_len=1 start_pos=18 elapsed_ms=1.168
kiln_profile_mlp_stage layer=12 stage=gate_up_fused seq_len=1 start_pos=18 elapsed_ms=1.991
kiln_profile_mlp_stage layer=12 stage=down_proj seq_len=1 start_pos=18 elapsed_ms=2.035
kiln_profile_gdn_stage layer=13 stage=in_proj seq_len=1 start_pos=18 elapsed_ms=2.633
kiln_profile_gdn_stage layer=13 stage=qkv_conv_norm seq_len=1 start_pos=18 elapsed_ms=0.476
kiln_profile_gdn_stage layer=13 stage=gates_recur_gated_norm seq_len=1 start_pos=18 elapsed_ms=0.512
kiln_profile_gdn_stage layer=13 stage=post_transpose seq_len=1 start_pos=18 elapsed_ms=0.001
kiln_profile_gdn_stage layer=13 stage=gated_norm seq_len=1 start_pos=18 elapsed_ms=0.019
kiln_profile_gdn_stage layer=13 stage=out_proj seq_len=1 start_pos=18 elapsed_ms=1.152
kiln_profile_mlp_stage layer=13 stage=gate_up_fused seq_len=1 start_pos=18 elapsed_ms=2.021
kiln_profile_mlp_stage layer=13 stage=down_proj seq_len=1 start_pos=18 elapsed_ms=2.065
kiln_profile_gdn_stage layer=14 stage=in_proj seq_len=1 start_pos=18 elapsed_ms=2.630
kiln_profile_gdn_stage layer=14 stage=qkv_conv_norm seq_len=1 start_pos=18 elapsed_ms=0.398
kiln_profile_gdn_stage layer=14 stage=gates_recur_gated_norm seq_len=1 start_pos=18 elapsed_ms=0.484
kiln_profile_gdn_stage layer=14 stage=post_transpose seq_len=1 start_pos=18 elapsed_ms=0.001
kiln_profile_gdn_stage layer=14 stage=gated_norm seq_len=1 start_pos=18 elapsed_ms=0.004
kiln_profile_gdn_stage layer=14 stage=out_proj seq_len=1 start_pos=18 elapsed_ms=1.347
kiln_profile_mlp_stage layer=14 stage=gate_up_fused seq_len=1 start_pos=18 elapsed_ms=2.250
kiln_profile_mlp_stage layer=14 stage=down_proj seq_len=1 start_pos=18 elapsed_ms=3.140
kiln_profile_full_attn_stage full_attn_layer=3 stage=qkv_proj_batch seq_len=1 start_pos=18 elapsed_ms=2.072
kiln_profile_full_attn_stage full_attn_layer=3 stage=qkv_split_batch seq_len=1 start_pos=18 elapsed_ms=0.296
kiln_profile_full_attn_stage full_attn_layer=3 stage=qk_norm_batch seq_len=1 start_pos=18 elapsed_ms=0.234
kiln_profile_full_attn_stage full_attn_layer=3 stage=rope_batch seq_len=1 start_pos=18 elapsed_ms=0.753
kiln_profile_full_attn_stage full_attn_layer=3 stage=kv_write_batch seq_len=1 start_pos=18 elapsed_ms=0.370
kiln_profile_full_attn_stage full_attn_layer=3 stage=q_transpose_batch seq_len=1 start_pos=18 elapsed_ms=0.001
kiln_profile_full_attn_stage full_attn_layer=3 stage=decode_attn_contiguous_batch seq_len=1 start_pos=18 elapsed_ms=0.383
kiln_profile_full_attn_stage full_attn_layer=3 stage=attn_gate_batch seq_len=1 start_pos=18 elapsed_ms=0.281
kiln_profile_full_attn_stage full_attn_layer=3 stage=o_proj_batch seq_len=1 start_pos=18 elapsed_ms=1.032
kiln_profile_mlp_stage layer=15 stage=gate_up_fused seq_len=1 start_pos=18 elapsed_ms=1.911
kiln_profile_mlp_stage layer=15 stage=down_proj seq_len=1 start_pos=18 elapsed_ms=1.996
kiln_profile_gdn_stage layer=16 stage=in_proj seq_len=1 start_pos=18 elapsed_ms=2.912
kiln_profile_gdn_stage layer=16 stage=qkv_conv_norm seq_len=1 start_pos=18 elapsed_ms=0.439
kiln_profile_gdn_stage layer=16 stage=gates_recur_gated_norm seq_len=1 start_pos=18 elapsed_ms=0.503
kiln_profile_gdn_stage layer=16 stage=post_transpose seq_len=1 start_pos=18 elapsed_ms=0.001
kiln_profile_gdn_stage layer=16 stage=gated_norm seq_len=1 start_pos=18 elapsed_ms=0.007
kiln_profile_gdn_stage layer=16 stage=out_proj seq_len=1 start_pos=18 elapsed_ms=1.146
kiln_profile_mlp_stage layer=16 stage=gate_up_fused seq_len=1 start_pos=18 elapsed_ms=1.986
kiln_profile_mlp_stage layer=16 stage=down_proj seq_len=1 start_pos=18 elapsed_ms=2.118
kiln_profile_gdn_stage layer=17 stage=in_proj seq_len=1 start_pos=18 elapsed_ms=2.615
kiln_profile_gdn_stage layer=17 stage=qkv_conv_norm seq_len=1 start_pos=18 elapsed_ms=0.372
kiln_profile_gdn_stage layer=17 stage=gates_recur_gated_norm seq_len=1 start_pos=18 elapsed_ms=0.471
kiln_profile_gdn_stage layer=17 stage=post_transpose seq_len=1 start_pos=18 elapsed_ms=0.000
kiln_profile_gdn_stage layer=17 stage=gated_norm seq_len=1 start_pos=18 elapsed_ms=0.003
kiln_profile_gdn_stage layer=17 stage=out_proj seq_len=1 start_pos=18 elapsed_ms=1.199
kiln_profile_mlp_stage layer=17 stage=gate_up_fused seq_len=1 start_pos=18 elapsed_ms=3.090
kiln_profile_mlp_stage layer=17 stage=down_proj seq_len=1 start_pos=18 elapsed_ms=2.180
kiln_profile_gdn_stage layer=18 stage=in_proj seq_len=1 start_pos=18 elapsed_ms=2.645
kiln_profile_gdn_stage layer=18 stage=qkv_conv_norm seq_len=1 start_pos=18 elapsed_ms=0.461
kiln_profile_gdn_stage layer=18 stage=gates_recur_gated_norm seq_len=1 start_pos=18 elapsed_ms=0.526
kiln_profile_gdn_stage layer=18 stage=post_transpose seq_len=1 start_pos=18 elapsed_ms=0.001
kiln_profile_gdn_stage layer=18 stage=gated_norm seq_len=1 start_pos=18 elapsed_ms=0.004
kiln_profile_gdn_stage layer=18 stage=out_proj seq_len=1 start_pos=18 elapsed_ms=1.219
kiln_profile_mlp_stage layer=18 stage=gate_up_fused seq_len=1 start_pos=18 elapsed_ms=1.984
kiln_profile_mlp_stage layer=18 stage=down_proj seq_len=1 start_pos=18 elapsed_ms=2.167
kiln_profile_full_attn_stage full_attn_layer=4 stage=qkv_proj_batch seq_len=1 start_pos=18 elapsed_ms=2.217
kiln_profile_full_attn_stage full_attn_layer=4 stage=qkv_split_batch seq_len=1 start_pos=18 elapsed_ms=0.414
kiln_profile_full_attn_stage full_attn_layer=4 stage=qk_norm_batch seq_len=1 start_pos=18 elapsed_ms=0.292
kiln_profile_full_attn_stage full_attn_layer=4 stage=rope_batch seq_len=1 start_pos=18 elapsed_ms=0.844
kiln_profile_full_attn_stage full_attn_layer=4 stage=kv_write_batch seq_len=1 start_pos=18 elapsed_ms=0.305
kiln_profile_full_attn_stage full_attn_layer=4 stage=q_transpose_batch seq_len=1 start_pos=18 elapsed_ms=0.001
kiln_profile_full_attn_stage full_attn_layer=4 stage=decode_attn_contiguous_batch seq_len=1 start_pos=18 elapsed_ms=0.482
kiln_profile_full_attn_stage full_attn_layer=4 stage=attn_gate_batch seq_len=1 start_pos=18 elapsed_ms=0.233
kiln_profile_full_attn_stage full_attn_layer=4 stage=o_proj_batch seq_len=1 start_pos=18 elapsed_ms=1.280
kiln_profile_mlp_stage layer=19 stage=gate_up_fused seq_len=1 start_pos=18 elapsed_ms=2.098
kiln_profile_mlp_stage layer=19 stage=down_proj seq_len=1 start_pos=18 elapsed_ms=2.090
kiln_profile_gdn_stage layer=20 stage=in_proj seq_len=1 start_pos=18 elapsed_ms=3.325
kiln_profile_gdn_stage layer=20 stage=qkv_conv_norm seq_len=1 start_pos=18 elapsed_ms=0.597
kiln_profile_gdn_stage layer=20 stage=gates_recur_gated_norm seq_len=1 start_pos=18 elapsed_ms=0.599
kiln_profile_gdn_stage layer=20 stage=post_transpose seq_len=1 start_pos=18 elapsed_ms=0.001
kiln_profile_gdn_stage layer=20 stage=gated_norm seq_len=1 start_pos=18 elapsed_ms=0.005
kiln_profile_gdn_stage layer=20 stage=out_proj seq_len=1 start_pos=18 elapsed_ms=1.609
kiln_profile_mlp_stage layer=20 stage=gate_up_fused seq_len=1 start_pos=18 elapsed_ms=2.175
kiln_profile_mlp_stage layer=20 stage=down_proj seq_len=1 start_pos=18 elapsed_ms=2.121
kiln_profile_gdn_stage layer=21 stage=in_proj seq_len=1 start_pos=18 elapsed_ms=2.707
kiln_profile_gdn_stage layer=21 stage=qkv_conv_norm seq_len=1 start_pos=18 elapsed_ms=0.357
kiln_profile_gdn_stage layer=21 stage=gates_recur_gated_norm seq_len=1 start_pos=18 elapsed_ms=0.422
kiln_profile_gdn_stage layer=21 stage=post_transpose seq_len=1 start_pos=18 elapsed_ms=0.000
kiln_profile_gdn_stage layer=21 stage=gated_norm seq_len=1 start_pos=18 elapsed_ms=0.005
kiln_profile_gdn_stage layer=21 stage=out_proj seq_len=1 start_pos=18 elapsed_ms=1.158
kiln_profile_mlp_stage layer=21 stage=gate_up_fused seq_len=1 start_pos=18 elapsed_ms=2.528
kiln_profile_mlp_stage layer=21 stage=down_proj seq_len=1 start_pos=18 elapsed_ms=2.279
kiln_profile_gdn_stage layer=22 stage=in_proj seq_len=1 start_pos=18 elapsed_ms=2.688
kiln_profile_gdn_stage layer=22 stage=qkv_conv_norm seq_len=1 start_pos=18 elapsed_ms=0.282
kiln_profile_gdn_stage layer=22 stage=gates_recur_gated_norm seq_len=1 start_pos=18 elapsed_ms=0.407
kiln_profile_gdn_stage layer=22 stage=post_transpose seq_len=1 start_pos=18 elapsed_ms=0.000
kiln_profile_gdn_stage layer=22 stage=gated_norm seq_len=1 start_pos=18 elapsed_ms=0.003
kiln_profile_gdn_stage layer=22 stage=out_proj seq_len=1 start_pos=18 elapsed_ms=1.127
kiln_profile_mlp_stage layer=22 stage=gate_up_fused seq_len=1 start_pos=18 elapsed_ms=2.041
kiln_profile_mlp_stage layer=22 stage=down_proj seq_len=1 start_pos=18 elapsed_ms=2.077
kiln_profile_full_attn_stage full_attn_layer=5 stage=qkv_proj_batch seq_len=1 start_pos=18 elapsed_ms=2.275
kiln_profile_full_attn_stage full_attn_layer=5 stage=qkv_split_batch seq_len=1 start_pos=18 elapsed_ms=0.459
kiln_profile_full_attn_stage full_attn_layer=5 stage=qk_norm_batch seq_len=1 start_pos=18 elapsed_ms=0.381
kiln_profile_full_attn_stage full_attn_layer=5 stage=rope_batch seq_len=1 start_pos=18 elapsed_ms=3.375
kiln_profile_full_attn_stage full_attn_layer=5 stage=kv_write_batch seq_len=1 start_pos=18 elapsed_ms=0.475
kiln_profile_full_attn_stage full_attn_layer=5 stage=q_transpose_batch seq_len=1 start_pos=18 elapsed_ms=0.005
kiln_profile_full_attn_stage full_attn_layer=5 stage=decode_attn_contiguous_batch seq_len=1 start_pos=18 elapsed_ms=0.482
kiln_profile_full_attn_stage full_attn_layer=5 stage=attn_gate_batch seq_len=1 start_pos=18 elapsed_ms=0.301
kiln_profile_full_attn_stage full_attn_layer=5 stage=o_proj_batch seq_len=1 start_pos=18 elapsed_ms=1.361
kiln_profile_mlp_stage layer=23 stage=gate_up_fused seq_len=1 start_pos=18 elapsed_ms=2.571
kiln_profile_mlp_stage layer=23 stage=down_proj seq_len=1 start_pos=18 elapsed_ms=2.440
kiln_profile_gdn_stage layer=24 stage=in_proj seq_len=1 start_pos=18 elapsed_ms=3.164
kiln_profile_gdn_stage layer=24 stage=qkv_conv_norm seq_len=1 start_pos=18 elapsed_ms=1.002
kiln_profile_gdn_stage layer=24 stage=gates_recur_gated_norm seq_len=1 start_pos=18 elapsed_ms=0.638
kiln_profile_gdn_stage layer=24 stage=post_transpose seq_len=1 start_pos=18 elapsed_ms=0.000
kiln_profile_gdn_stage layer=24 stage=gated_norm seq_len=1 start_pos=18 elapsed_ms=0.003
kiln_profile_gdn_stage layer=24 stage=out_proj seq_len=1 start_pos=18 elapsed_ms=1.152
kiln_profile_mlp_stage layer=24 stage=gate_up_fused seq_len=1 start_pos=18 elapsed_ms=2.336
kiln_profile_mlp_stage layer=24 stage=down_proj seq_len=1 start_pos=18 elapsed_ms=2.111
kiln_profile_gdn_stage layer=25 stage=in_proj seq_len=1 start_pos=18 elapsed_ms=3.005
kiln_profile_gdn_stage layer=25 stage=qkv_conv_norm seq_len=1 start_pos=18 elapsed_ms=0.338
kiln_profile_gdn_stage layer=25 stage=gates_recur_gated_norm seq_len=1 start_pos=18 elapsed_ms=0.417
kiln_profile_gdn_stage layer=25 stage=post_transpose seq_len=1 start_pos=18 elapsed_ms=0.000
kiln_profile_gdn_stage layer=25 stage=gated_norm seq_len=1 start_pos=18 elapsed_ms=0.006
kiln_profile_gdn_stage layer=25 stage=out_proj seq_len=1 start_pos=18 elapsed_ms=1.266
kiln_profile_mlp_stage layer=25 stage=gate_up_fused seq_len=1 start_pos=18 elapsed_ms=2.419
kiln_profile_mlp_stage layer=25 stage=down_proj seq_len=1 start_pos=18 elapsed_ms=4.566
kiln_profile_gdn_stage layer=26 stage=in_proj seq_len=1 start_pos=18 elapsed_ms=2.999
kiln_profile_gdn_stage layer=26 stage=qkv_conv_norm seq_len=1 start_pos=18 elapsed_ms=0.287
kiln_profile_gdn_stage layer=26 stage=gates_recur_gated_norm seq_len=1 start_pos=18 elapsed_ms=0.374
kiln_profile_gdn_stage layer=26 stage=post_transpose seq_len=1 start_pos=18 elapsed_ms=0.000
kiln_profile_gdn_stage layer=26 stage=gated_norm seq_len=1 start_pos=18 elapsed_ms=0.003
kiln_profile_gdn_stage layer=26 stage=out_proj seq_len=1 start_pos=18 elapsed_ms=1.103
kiln_profile_mlp_stage layer=26 stage=gate_up_fused seq_len=1 start_pos=18 elapsed_ms=2.785
kiln_profile_mlp_stage layer=26 stage=down_proj seq_len=1 start_pos=18 elapsed_ms=3.246
kiln_profile_full_attn_stage full_attn_layer=6 stage=qkv_proj_batch seq_len=1 start_pos=18 elapsed_ms=2.369
kiln_profile_full_attn_stage full_attn_layer=6 stage=qkv_split_batch seq_len=1 start_pos=18 elapsed_ms=0.417
kiln_profile_full_attn_stage full_attn_layer=6 stage=qk_norm_batch seq_len=1 start_pos=18 elapsed_ms=0.345
kiln_profile_full_attn_stage full_attn_layer=6 stage=rope_batch seq_len=1 start_pos=18 elapsed_ms=1.104
kiln_profile_full_attn_stage full_attn_layer=6 stage=kv_write_batch seq_len=1 start_pos=18 elapsed_ms=0.399
kiln_profile_full_attn_stage full_attn_layer=6 stage=q_transpose_batch seq_len=1 start_pos=18 elapsed_ms=0.001
kiln_profile_full_attn_stage full_attn_layer=6 stage=decode_attn_contiguous_batch seq_len=1 start_pos=18 elapsed_ms=0.526
kiln_profile_full_attn_stage full_attn_layer=6 stage=attn_gate_batch seq_len=1 start_pos=18 elapsed_ms=0.349
kiln_profile_full_attn_stage full_attn_layer=6 stage=o_proj_batch seq_len=1 start_pos=18 elapsed_ms=1.384
kiln_profile_mlp_stage layer=27 stage=gate_up_fused seq_len=1 start_pos=18 elapsed_ms=2.663
kiln_profile_mlp_stage layer=27 stage=down_proj seq_len=1 start_pos=18 elapsed_ms=2.500
kiln_profile_gdn_stage layer=28 stage=in_proj seq_len=1 start_pos=18 elapsed_ms=4.380
kiln_profile_gdn_stage layer=28 stage=qkv_conv_norm seq_len=1 start_pos=18 elapsed_ms=1.522
kiln_profile_gdn_stage layer=28 stage=gates_recur_gated_norm seq_len=1 start_pos=18 elapsed_ms=0.740
kiln_profile_gdn_stage layer=28 stage=post_transpose seq_len=1 start_pos=18 elapsed_ms=0.001
kiln_profile_gdn_stage layer=28 stage=gated_norm seq_len=1 start_pos=18 elapsed_ms=0.004
kiln_profile_gdn_stage layer=28 stage=out_proj seq_len=1 start_pos=18 elapsed_ms=1.408
kiln_profile_mlp_stage layer=28 stage=gate_up_fused seq_len=1 start_pos=18 elapsed_ms=4.098
kiln_profile_mlp_stage layer=28 stage=down_proj seq_len=1 start_pos=18 elapsed_ms=2.418
kiln_profile_gdn_stage layer=29 stage=in_proj seq_len=1 start_pos=18 elapsed_ms=5.408
kiln_profile_gdn_stage layer=29 stage=qkv_conv_norm seq_len=1 start_pos=18 elapsed_ms=0.505
kiln_profile_gdn_stage layer=29 stage=gates_recur_gated_norm seq_len=1 start_pos=18 elapsed_ms=0.615
kiln_profile_gdn_stage layer=29 stage=post_transpose seq_len=1 start_pos=18 elapsed_ms=0.001
kiln_profile_gdn_stage layer=29 stage=gated_norm seq_len=1 start_pos=18 elapsed_ms=0.010
kiln_profile_gdn_stage layer=29 stage=out_proj seq_len=1 start_pos=18 elapsed_ms=1.315
kiln_profile_mlp_stage layer=29 stage=gate_up_fused seq_len=1 start_pos=18 elapsed_ms=4.073
kiln_profile_mlp_stage layer=29 stage=down_proj seq_len=1 start_pos=18 elapsed_ms=2.492
kiln_profile_gdn_stage layer=30 stage=in_proj seq_len=1 start_pos=18 elapsed_ms=9.263
kiln_profile_gdn_stage layer=30 stage=qkv_conv_norm seq_len=1 start_pos=18 elapsed_ms=0.356
kiln_profile_gdn_stage layer=30 stage=gates_recur_gated_norm seq_len=1 start_pos=18 elapsed_ms=0.423
kiln_profile_gdn_stage layer=30 stage=post_transpose seq_len=1 start_pos=18 elapsed_ms=0.000
kiln_profile_gdn_stage layer=30 stage=gated_norm seq_len=1 start_pos=18 elapsed_ms=0.002
kiln_profile_gdn_stage layer=30 stage=out_proj seq_len=1 start_pos=18 elapsed_ms=1.296
kiln_profile_mlp_stage layer=30 stage=gate_up_fused seq_len=1 start_pos=18 elapsed_ms=3.313
kiln_profile_mlp_stage layer=30 stage=down_proj seq_len=1 start_pos=18 elapsed_ms=2.473
kiln_profile_full_attn_stage full_attn_layer=7 stage=qkv_proj_batch seq_len=1 start_pos=18 elapsed_ms=2.446
kiln_profile_full_attn_stage full_attn_layer=7 stage=qkv_split_batch seq_len=1 start_pos=18 elapsed_ms=0.477
kiln_profile_full_attn_stage full_attn_layer=7 stage=qk_norm_batch seq_len=1 start_pos=18 elapsed_ms=0.330
kiln_profile_full_attn_stage full_attn_layer=7 stage=rope_batch seq_len=1 start_pos=18 elapsed_ms=1.146
kiln_profile_full_attn_stage full_attn_layer=7 stage=kv_write_batch seq_len=1 start_pos=18 elapsed_ms=0.339
kiln_profile_full_attn_stage full_attn_layer=7 stage=q_transpose_batch seq_len=1 start_pos=18 elapsed_ms=0.001
kiln_profile_full_attn_stage full_attn_layer=7 stage=decode_attn_contiguous_batch seq_len=1 start_pos=18 elapsed_ms=0.475
kiln_profile_full_attn_stage full_attn_layer=7 stage=attn_gate_batch seq_len=1 start_pos=18 elapsed_ms=0.312
kiln_profile_full_attn_stage full_attn_layer=7 stage=o_proj_batch seq_len=1 start_pos=18 elapsed_ms=1.526
kiln_profile_mlp_stage layer=31 stage=gate_up_fused seq_len=1 start_pos=18 elapsed_ms=9.374
kiln_profile_mlp_stage layer=31 stage=down_proj seq_len=1 start_pos=18 elapsed_ms=5.232
kiln_profile_gdn_stage layer=0 stage=in_proj seq_len=1 start_pos=19 elapsed_ms=1.463
kiln_profile_gdn_stage layer=0 stage=qkv_conv_norm seq_len=1 start_pos=19 elapsed_ms=0.397
kiln_profile_gdn_stage layer=0 stage=gates_recur_gated_norm seq_len=1 start_pos=19 elapsed_ms=0.531
kiln_profile_gdn_stage layer=0 stage=post_transpose seq_len=1 start_pos=19 elapsed_ms=0.001
kiln_profile_gdn_stage layer=0 stage=gated_norm seq_len=1 start_pos=19 elapsed_ms=0.004
kiln_profile_gdn_stage layer=0 stage=out_proj seq_len=1 start_pos=19 elapsed_ms=0.750
kiln_profile_mlp_stage layer=0 stage=gate_up_fused seq_len=1 start_pos=19 elapsed_ms=2.031
kiln_profile_mlp_stage layer=0 stage=down_proj seq_len=1 start_pos=19 elapsed_ms=1.343
kiln_profile_gdn_stage layer=1 stage=in_proj seq_len=1 start_pos=19 elapsed_ms=1.419
kiln_profile_gdn_stage layer=1 stage=qkv_conv_norm seq_len=1 start_pos=19 elapsed_ms=0.398
kiln_profile_gdn_stage layer=1 stage=gates_recur_gated_norm seq_len=1 start_pos=19 elapsed_ms=0.554
kiln_profile_gdn_stage layer=1 stage=post_transpose seq_len=1 start_pos=19 elapsed_ms=0.007
kiln_profile_gdn_stage layer=1 stage=gated_norm seq_len=1 start_pos=19 elapsed_ms=0.028
kiln_profile_gdn_stage layer=1 stage=out_proj seq_len=1 start_pos=19 elapsed_ms=0.788
kiln_profile_mlp_stage layer=1 stage=gate_up_fused seq_len=1 start_pos=19 elapsed_ms=1.869
kiln_profile_mlp_stage layer=1 stage=down_proj seq_len=1 start_pos=19 elapsed_ms=1.165
kiln_profile_gdn_stage layer=2 stage=in_proj seq_len=1 start_pos=19 elapsed_ms=1.457
kiln_profile_gdn_stage layer=2 stage=qkv_conv_norm seq_len=1 start_pos=19 elapsed_ms=0.363
kiln_profile_gdn_stage layer=2 stage=gates_recur_gated_norm seq_len=1 start_pos=19 elapsed_ms=0.492
kiln_profile_gdn_stage layer=2 stage=post_transpose seq_len=1 start_pos=19 elapsed_ms=0.001
kiln_profile_gdn_stage layer=2 stage=gated_norm seq_len=1 start_pos=19 elapsed_ms=0.004
kiln_profile_gdn_stage layer=2 stage=out_proj seq_len=1 start_pos=19 elapsed_ms=0.747
kiln_profile_mlp_stage layer=2 stage=gate_up_fused seq_len=1 start_pos=19 elapsed_ms=2.341
kiln_profile_mlp_stage layer=2 stage=down_proj seq_len=1 start_pos=19 elapsed_ms=1.437
kiln_profile_full_attn_stage full_attn_layer=0 stage=qkv_proj seq_len=1 start_pos=19 elapsed_ms=1.352
kiln_profile_full_attn_stage full_attn_layer=0 stage=qkv_split seq_len=1 start_pos=19 elapsed_ms=0.273
kiln_profile_full_attn_stage full_attn_layer=0 stage=qk_norm seq_len=1 start_pos=19 elapsed_ms=0.266
kiln_profile_full_attn_stage full_attn_layer=0 stage=rope seq_len=1 start_pos=19 elapsed_ms=0.226
kiln_profile_full_attn_stage full_attn_layer=0 stage=q_transpose seq_len=1 start_pos=19 elapsed_ms=0.002
kiln_profile_full_attn_stage full_attn_layer=0 stage=kv_write seq_len=1 start_pos=19 elapsed_ms=0.220
kiln_profile_full_attn_stage full_attn_layer=0 stage=decode_attn_contiguous seq_len=1 start_pos=19 elapsed_ms=0.221
kiln_profile_full_attn_stage full_attn_layer=0 stage=attn_gate seq_len=1 start_pos=19 elapsed_ms=0.220
kiln_profile_full_attn_stage full_attn_layer=0 stage=o_proj seq_len=1 start_pos=19 elapsed_ms=0.672
kiln_profile_mlp_stage layer=3 stage=gate_up_fused seq_len=1 start_pos=19 elapsed_ms=1.901
kiln_profile_mlp_stage layer=3 stage=down_proj seq_len=1 start_pos=19 elapsed_ms=1.181
kiln_profile_gdn_stage layer=4 stage=in_proj seq_len=1 start_pos=19 elapsed_ms=1.403
kiln_profile_gdn_stage layer=4 stage=qkv_conv_norm seq_len=1 start_pos=19 elapsed_ms=0.359
kiln_profile_gdn_stage layer=4 stage=gates_recur_gated_norm seq_len=1 start_pos=19 elapsed_ms=0.373
kiln_profile_gdn_stage layer=4 stage=post_transpose seq_len=1 start_pos=19 elapsed_ms=0.000
kiln_profile_gdn_stage layer=4 stage=gated_norm seq_len=1 start_pos=19 elapsed_ms=0.003
kiln_profile_gdn_stage layer=4 stage=out_proj seq_len=1 start_pos=19 elapsed_ms=0.689
kiln_profile_mlp_stage layer=4 stage=gate_up_fused seq_len=1 start_pos=19 elapsed_ms=1.950
kiln_profile_mlp_stage layer=4 stage=down_proj seq_len=1 start_pos=19 elapsed_ms=1.282
kiln_profile_gdn_stage layer=5 stage=in_proj seq_len=1 start_pos=19 elapsed_ms=1.433
kiln_profile_gdn_stage layer=5 stage=qkv_conv_norm seq_len=1 start_pos=19 elapsed_ms=0.397
kiln_profile_gdn_stage layer=5 stage=gates_recur_gated_norm seq_len=1 start_pos=19 elapsed_ms=0.535
kiln_profile_gdn_stage layer=5 stage=post_transpose seq_len=1 start_pos=19 elapsed_ms=0.001
kiln_profile_gdn_stage layer=5 stage=gated_norm seq_len=1 start_pos=19 elapsed_ms=0.004
kiln_profile_gdn_stage layer=5 stage=out_proj seq_len=1 start_pos=19 elapsed_ms=0.751
kiln_profile_mlp_stage layer=5 stage=gate_up_fused seq_len=1 start_pos=19 elapsed_ms=1.933
kiln_profile_mlp_stage layer=5 stage=down_proj seq_len=1 start_pos=19 elapsed_ms=1.264
kiln_profile_gdn_stage layer=6 stage=in_proj seq_len=1 start_pos=19 elapsed_ms=1.387
kiln_profile_gdn_stage layer=6 stage=qkv_conv_norm seq_len=1 start_pos=19 elapsed_ms=0.311
kiln_profile_gdn_stage layer=6 stage=gates_recur_gated_norm seq_len=1 start_pos=19 elapsed_ms=0.400
kiln_profile_gdn_stage layer=6 stage=post_transpose seq_len=1 start_pos=19 elapsed_ms=0.000
kiln_profile_gdn_stage layer=6 stage=gated_norm seq_len=1 start_pos=19 elapsed_ms=0.004
kiln_profile_gdn_stage layer=6 stage=out_proj seq_len=1 start_pos=19 elapsed_ms=0.653
kiln_profile_mlp_stage layer=6 stage=gate_up_fused seq_len=1 start_pos=19 elapsed_ms=1.826
kiln_profile_mlp_stage layer=6 stage=down_proj seq_len=1 start_pos=19 elapsed_ms=1.258
kiln_profile_full_attn_stage full_attn_layer=1 stage=qkv_proj seq_len=1 start_pos=19 elapsed_ms=2.285
kiln_profile_full_attn_stage full_attn_layer=1 stage=qkv_split seq_len=1 start_pos=19 elapsed_ms=0.456
kiln_profile_full_attn_stage full_attn_layer=1 stage=qk_norm seq_len=1 start_pos=19 elapsed_ms=0.349
kiln_profile_full_attn_stage full_attn_layer=1 stage=rope seq_len=1 start_pos=19 elapsed_ms=0.318
kiln_profile_full_attn_stage full_attn_layer=1 stage=q_transpose seq_len=1 start_pos=19 elapsed_ms=0.005
kiln_profile_full_attn_stage full_attn_layer=1 stage=kv_write seq_len=1 start_pos=19 elapsed_ms=0.321
kiln_profile_full_attn_stage full_attn_layer=1 stage=decode_attn_contiguous seq_len=1 start_pos=19 elapsed_ms=0.329
kiln_profile_full_attn_stage full_attn_layer=1 stage=attn_gate seq_len=1 start_pos=19 elapsed_ms=0.236
kiln_profile_full_attn_stage full_attn_layer=1 stage=o_proj seq_len=1 start_pos=19 elapsed_ms=0.703
kiln_profile_mlp_stage layer=7 stage=gate_up_fused seq_len=1 start_pos=19 elapsed_ms=1.826
kiln_profile_mlp_stage layer=7 stage=down_proj seq_len=1 start_pos=19 elapsed_ms=1.120
kiln_profile_gdn_stage layer=8 stage=in_proj seq_len=1 start_pos=19 elapsed_ms=1.369
kiln_profile_gdn_stage layer=8 stage=qkv_conv_norm seq_len=1 start_pos=19 elapsed_ms=0.275
kiln_profile_gdn_stage layer=8 stage=gates_recur_gated_norm seq_len=1 start_pos=19 elapsed_ms=0.356
kiln_profile_gdn_stage layer=8 stage=post_transpose seq_len=1 start_pos=19 elapsed_ms=0.000
kiln_profile_gdn_stage layer=8 stage=gated_norm seq_len=1 start_pos=19 elapsed_ms=0.012
kiln_profile_gdn_stage layer=8 stage=out_proj seq_len=1 start_pos=19 elapsed_ms=0.701
kiln_profile_mlp_stage layer=8 stage=gate_up_fused seq_len=1 start_pos=19 elapsed_ms=1.966
kiln_profile_mlp_stage layer=8 stage=down_proj seq_len=1 start_pos=19 elapsed_ms=1.254
kiln_profile_gdn_stage layer=9 stage=in_proj seq_len=1 start_pos=19 elapsed_ms=1.402
kiln_profile_gdn_stage layer=9 stage=qkv_conv_norm seq_len=1 start_pos=19 elapsed_ms=0.358
kiln_profile_gdn_stage layer=9 stage=gates_recur_gated_norm seq_len=1 start_pos=19 elapsed_ms=0.425
kiln_profile_gdn_stage layer=9 stage=post_transpose seq_len=1 start_pos=19 elapsed_ms=0.001
kiln_profile_gdn_stage layer=9 stage=gated_norm seq_len=1 start_pos=19 elapsed_ms=0.004
kiln_profile_gdn_stage layer=9 stage=out_proj seq_len=1 start_pos=19 elapsed_ms=0.753
kiln_profile_mlp_stage layer=9 stage=gate_up_fused seq_len=1 start_pos=19 elapsed_ms=1.958
kiln_profile_mlp_stage layer=9 stage=down_proj seq_len=1 start_pos=19 elapsed_ms=1.202
kiln_profile_gdn_stage layer=10 stage=in_proj seq_len=1 start_pos=19 elapsed_ms=1.413
kiln_profile_gdn_stage layer=10 stage=qkv_conv_norm seq_len=1 start_pos=19 elapsed_ms=0.333
kiln_profile_gdn_stage layer=10 stage=gates_recur_gated_norm seq_len=1 start_pos=19 elapsed_ms=0.411
kiln_profile_gdn_stage layer=10 stage=post_transpose seq_len=1 start_pos=19 elapsed_ms=0.001
kiln_profile_gdn_stage layer=10 stage=gated_norm seq_len=1 start_pos=19 elapsed_ms=0.006
kiln_profile_gdn_stage layer=10 stage=out_proj seq_len=1 start_pos=19 elapsed_ms=0.765
kiln_profile_mlp_stage layer=10 stage=gate_up_fused seq_len=1 start_pos=19 elapsed_ms=1.999
kiln_profile_mlp_stage layer=10 stage=down_proj seq_len=1 start_pos=19 elapsed_ms=1.285
kiln_profile_full_attn_stage full_attn_layer=2 stage=qkv_proj seq_len=1 start_pos=19 elapsed_ms=3.052
kiln_profile_full_attn_stage full_attn_layer=2 stage=qkv_split seq_len=1 start_pos=19 elapsed_ms=0.462
kiln_profile_full_attn_stage full_attn_layer=2 stage=qk_norm seq_len=1 start_pos=19 elapsed_ms=0.343
kiln_profile_full_attn_stage full_attn_layer=2 stage=rope seq_len=1 start_pos=19 elapsed_ms=0.287
kiln_profile_full_attn_stage full_attn_layer=2 stage=q_transpose seq_len=1 start_pos=19 elapsed_ms=0.004
kiln_profile_full_attn_stage full_attn_layer=2 stage=kv_write seq_len=1 start_pos=19 elapsed_ms=0.297
kiln_profile_full_attn_stage full_attn_layer=2 stage=decode_attn_contiguous seq_len=1 start_pos=19 elapsed_ms=0.306
kiln_profile_full_attn_stage full_attn_layer=2 stage=attn_gate seq_len=1 start_pos=19 elapsed_ms=0.289
kiln_profile_full_attn_stage full_attn_layer=2 stage=o_proj seq_len=1 start_pos=19 elapsed_ms=0.676
kiln_profile_mlp_stage layer=11 stage=gate_up_fused seq_len=1 start_pos=19 elapsed_ms=1.873
kiln_profile_mlp_stage layer=11 stage=down_proj seq_len=1 start_pos=19 elapsed_ms=1.176
kiln_profile_gdn_stage layer=12 stage=in_proj seq_len=1 start_pos=19 elapsed_ms=1.428
kiln_profile_gdn_stage layer=12 stage=qkv_conv_norm seq_len=1 start_pos=19 elapsed_ms=0.269
kiln_profile_gdn_stage layer=12 stage=gates_recur_gated_norm seq_len=1 start_pos=19 elapsed_ms=0.338
kiln_profile_gdn_stage layer=12 stage=post_transpose seq_len=1 start_pos=19 elapsed_ms=0.001
kiln_profile_gdn_stage layer=12 stage=gated_norm seq_len=1 start_pos=19 elapsed_ms=0.003
kiln_profile_gdn_stage layer=12 stage=out_proj seq_len=1 start_pos=19 elapsed_ms=0.739
kiln_profile_mlp_stage layer=12 stage=gate_up_fused seq_len=1 start_pos=19 elapsed_ms=1.981
kiln_profile_mlp_stage layer=12 stage=down_proj seq_len=1 start_pos=19 elapsed_ms=1.212
kiln_profile_gdn_stage layer=13 stage=in_proj seq_len=1 start_pos=19 elapsed_ms=1.344
kiln_profile_gdn_stage layer=13 stage=qkv_conv_norm seq_len=1 start_pos=19 elapsed_ms=0.307
kiln_profile_gdn_stage layer=13 stage=gates_recur_gated_norm seq_len=1 start_pos=19 elapsed_ms=0.370
kiln_profile_gdn_stage layer=13 stage=post_transpose seq_len=1 start_pos=19 elapsed_ms=0.001
kiln_profile_gdn_stage layer=13 stage=gated_norm seq_len=1 start_pos=19 elapsed_ms=0.004
kiln_profile_gdn_stage layer=13 stage=out_proj seq_len=1 start_pos=19 elapsed_ms=0.704
kiln_profile_mlp_stage layer=13 stage=gate_up_fused seq_len=1 start_pos=19 elapsed_ms=1.805
kiln_profile_mlp_stage layer=13 stage=down_proj seq_len=1 start_pos=19 elapsed_ms=1.207
kiln_profile_gdn_stage layer=14 stage=in_proj seq_len=1 start_pos=19 elapsed_ms=1.417
kiln_profile_gdn_stage layer=14 stage=qkv_conv_norm seq_len=1 start_pos=19 elapsed_ms=0.350
kiln_profile_gdn_stage layer=14 stage=gates_recur_gated_norm seq_len=1 start_pos=19 elapsed_ms=0.435
kiln_profile_gdn_stage layer=14 stage=post_transpose seq_len=1 start_pos=19 elapsed_ms=0.001
kiln_profile_gdn_stage layer=14 stage=gated_norm seq_len=1 start_pos=19 elapsed_ms=0.003
kiln_profile_gdn_stage layer=14 stage=out_proj seq_len=1 start_pos=19 elapsed_ms=0.766
kiln_profile_mlp_stage layer=14 stage=gate_up_fused seq_len=1 start_pos=19 elapsed_ms=1.915
kiln_profile_mlp_stage layer=14 stage=down_proj seq_len=1 start_pos=19 elapsed_ms=1.428
kiln_profile_full_attn_stage full_attn_layer=3 stage=qkv_proj seq_len=1 start_pos=19 elapsed_ms=1.978
kiln_profile_full_attn_stage full_attn_layer=3 stage=qkv_split seq_len=1 start_pos=19 elapsed_ms=0.363
kiln_profile_full_attn_stage full_attn_layer=3 stage=qk_norm seq_len=1 start_pos=19 elapsed_ms=0.358
kiln_profile_full_attn_stage full_attn_layer=3 stage=rope seq_len=1 start_pos=19 elapsed_ms=0.307
kiln_profile_full_attn_stage full_attn_layer=3 stage=q_transpose seq_len=1 start_pos=19 elapsed_ms=0.016
kiln_profile_full_attn_stage full_attn_layer=3 stage=kv_write seq_len=1 start_pos=19 elapsed_ms=0.331
kiln_profile_full_attn_stage full_attn_layer=3 stage=decode_attn_contiguous seq_len=1 start_pos=19 elapsed_ms=0.315
kiln_profile_full_attn_stage full_attn_layer=3 stage=attn_gate seq_len=1 start_pos=19 elapsed_ms=0.308
kiln_profile_full_attn_stage full_attn_layer=3 stage=o_proj seq_len=1 start_pos=19 elapsed_ms=0.693
kiln_profile_mlp_stage layer=15 stage=gate_up_fused seq_len=1 start_pos=19 elapsed_ms=1.812
kiln_profile_mlp_stage layer=15 stage=down_proj seq_len=1 start_pos=19 elapsed_ms=1.148
kiln_profile_gdn_stage layer=16 stage=in_proj seq_len=1 start_pos=19 elapsed_ms=1.330
kiln_profile_gdn_stage layer=16 stage=qkv_conv_norm seq_len=1 start_pos=19 elapsed_ms=0.278
kiln_profile_gdn_stage layer=16 stage=gates_recur_gated_norm seq_len=1 start_pos=19 elapsed_ms=0.376
kiln_profile_gdn_stage layer=16 stage=post_transpose seq_len=1 start_pos=19 elapsed_ms=0.001
kiln_profile_gdn_stage layer=16 stage=gated_norm seq_len=1 start_pos=19 elapsed_ms=0.017
kiln_profile_gdn_stage layer=16 stage=out_proj seq_len=1 start_pos=19 elapsed_ms=0.673
kiln_profile_mlp_stage layer=16 stage=gate_up_fused seq_len=1 start_pos=19 elapsed_ms=2.003
kiln_profile_mlp_stage layer=16 stage=down_proj seq_len=1 start_pos=19 elapsed_ms=1.377
kiln_profile_gdn_stage layer=17 stage=in_proj seq_len=1 start_pos=19 elapsed_ms=1.803
kiln_profile_gdn_stage layer=17 stage=qkv_conv_norm seq_len=1 start_pos=19 elapsed_ms=0.498
kiln_profile_gdn_stage layer=17 stage=gates_recur_gated_norm seq_len=1 start_pos=19 elapsed_ms=0.552
kiln_profile_gdn_stage layer=17 stage=post_transpose seq_len=1 start_pos=19 elapsed_ms=0.001
kiln_profile_gdn_stage layer=17 stage=gated_norm seq_len=1 start_pos=19 elapsed_ms=0.005
kiln_profile_gdn_stage layer=17 stage=out_proj seq_len=1 start_pos=19 elapsed_ms=0.848
kiln_profile_mlp_stage layer=17 stage=gate_up_fused seq_len=1 start_pos=19 elapsed_ms=2.118
kiln_profile_mlp_stage layer=17 stage=down_proj seq_len=1 start_pos=19 elapsed_ms=1.271
kiln_profile_gdn_stage layer=18 stage=in_proj seq_len=1 start_pos=19 elapsed_ms=1.395
kiln_profile_gdn_stage layer=18 stage=qkv_conv_norm seq_len=1 start_pos=19 elapsed_ms=0.328
kiln_profile_gdn_stage layer=18 stage=gates_recur_gated_norm seq_len=1 start_pos=19 elapsed_ms=0.371
kiln_profile_gdn_stage layer=18 stage=post_transpose seq_len=1 start_pos=19 elapsed_ms=0.001
kiln_profile_gdn_stage layer=18 stage=gated_norm seq_len=1 start_pos=19 elapsed_ms=0.003
kiln_profile_gdn_stage layer=18 stage=out_proj seq_len=1 start_pos=19 elapsed_ms=0.740
kiln_profile_mlp_stage layer=18 stage=gate_up_fused seq_len=1 start_pos=19 elapsed_ms=2.071
kiln_profile_mlp_stage layer=18 stage=down_proj seq_len=1 start_pos=19 elapsed_ms=2.350
kiln_profile_full_attn_stage full_attn_layer=4 stage=qkv_proj seq_len=1 start_pos=19 elapsed_ms=1.439
kiln_profile_full_attn_stage full_attn_layer=4 stage=qkv_split seq_len=1 start_pos=19 elapsed_ms=0.422
kiln_profile_full_attn_stage full_attn_layer=4 stage=qk_norm seq_len=1 start_pos=19 elapsed_ms=0.331
kiln_profile_full_attn_stage full_attn_layer=4 stage=rope seq_len=1 start_pos=19 elapsed_ms=0.288
kiln_profile_full_attn_stage full_attn_layer=4 stage=q_transpose seq_len=1 start_pos=19 elapsed_ms=0.004
kiln_profile_full_attn_stage full_attn_layer=4 stage=kv_write seq_len=1 start_pos=19 elapsed_ms=0.270
kiln_profile_full_attn_stage full_attn_layer=4 stage=decode_attn_contiguous seq_len=1 start_pos=19 elapsed_ms=0.246
kiln_profile_full_attn_stage full_attn_layer=4 stage=attn_gate seq_len=1 start_pos=19 elapsed_ms=0.219
kiln_profile_full_attn_stage full_attn_layer=4 stage=o_proj seq_len=1 start_pos=19 elapsed_ms=0.656
kiln_profile_mlp_stage layer=19 stage=gate_up_fused seq_len=1 start_pos=19 elapsed_ms=1.805
kiln_profile_mlp_stage layer=19 stage=down_proj seq_len=1 start_pos=19 elapsed_ms=1.155
kiln_profile_gdn_stage layer=20 stage=in_proj seq_len=1 start_pos=19 elapsed_ms=1.360
kiln_profile_gdn_stage layer=20 stage=qkv_conv_norm seq_len=1 start_pos=19 elapsed_ms=0.261
kiln_profile_gdn_stage layer=20 stage=gates_recur_gated_norm seq_len=1 start_pos=19 elapsed_ms=0.312
kiln_profile_gdn_stage layer=20 stage=post_transpose seq_len=1 start_pos=19 elapsed_ms=0.000
kiln_profile_gdn_stage layer=20 stage=gated_norm seq_len=1 start_pos=19 elapsed_ms=0.003
kiln_profile_gdn_stage layer=20 stage=out_proj seq_len=1 start_pos=19 elapsed_ms=0.676
kiln_profile_mlp_stage layer=20 stage=gate_up_fused seq_len=1 start_pos=19 elapsed_ms=1.782
kiln_profile_mlp_stage layer=20 stage=down_proj seq_len=1 start_pos=19 elapsed_ms=1.159
kiln_profile_gdn_stage layer=21 stage=in_proj seq_len=1 start_pos=19 elapsed_ms=1.427
kiln_profile_gdn_stage layer=21 stage=qkv_conv_norm seq_len=1 start_pos=19 elapsed_ms=0.360
kiln_profile_gdn_stage layer=21 stage=gates_recur_gated_norm seq_len=1 start_pos=19 elapsed_ms=0.428
kiln_profile_gdn_stage layer=21 stage=post_transpose seq_len=1 start_pos=19 elapsed_ms=0.003
kiln_profile_gdn_stage layer=21 stage=gated_norm seq_len=1 start_pos=19 elapsed_ms=0.005
kiln_profile_gdn_stage layer=21 stage=out_proj seq_len=1 start_pos=19 elapsed_ms=0.767
kiln_profile_mlp_stage layer=21 stage=gate_up_fused seq_len=1 start_pos=19 elapsed_ms=1.856
kiln_profile_mlp_stage layer=21 stage=down_proj seq_len=1 start_pos=19 elapsed_ms=1.222
kiln_profile_gdn_stage layer=22 stage=in_proj seq_len=1 start_pos=19 elapsed_ms=1.410
kiln_profile_gdn_stage layer=22 stage=qkv_conv_norm seq_len=1 start_pos=19 elapsed_ms=0.337
kiln_profile_gdn_stage layer=22 stage=gates_recur_gated_norm seq_len=1 start_pos=19 elapsed_ms=0.390
kiln_profile_gdn_stage layer=22 stage=post_transpose seq_len=1 start_pos=19 elapsed_ms=0.001
kiln_profile_gdn_stage layer=22 stage=gated_norm seq_len=1 start_pos=19 elapsed_ms=0.003
kiln_profile_gdn_stage layer=22 stage=out_proj seq_len=1 start_pos=19 elapsed_ms=0.727
kiln_profile_mlp_stage layer=22 stage=gate_up_fused seq_len=1 start_pos=19 elapsed_ms=2.243
kiln_profile_mlp_stage layer=22 stage=down_proj seq_len=1 start_pos=19 elapsed_ms=1.698
kiln_profile_full_attn_stage full_attn_layer=5 stage=qkv_proj seq_len=1 start_pos=19 elapsed_ms=1.451
kiln_profile_full_attn_stage full_attn_layer=5 stage=qkv_split seq_len=1 start_pos=19 elapsed_ms=0.365
kiln_profile_full_attn_stage full_attn_layer=5 stage=qk_norm seq_len=1 start_pos=19 elapsed_ms=0.353
kiln_profile_full_attn_stage full_attn_layer=5 stage=rope seq_len=1 start_pos=19 elapsed_ms=0.366
kiln_profile_full_attn_stage full_attn_layer=5 stage=q_transpose seq_len=1 start_pos=19 elapsed_ms=0.005
kiln_profile_full_attn_stage full_attn_layer=5 stage=kv_write seq_len=1 start_pos=19 elapsed_ms=0.273
kiln_profile_full_attn_stage full_attn_layer=5 stage=decode_attn_contiguous seq_len=1 start_pos=19 elapsed_ms=0.297
kiln_profile_full_attn_stage full_attn_layer=5 stage=attn_gate seq_len=1 start_pos=19 elapsed_ms=0.305
kiln_profile_full_attn_stage full_attn_layer=5 stage=o_proj seq_len=1 start_pos=19 elapsed_ms=0.686
kiln_profile_mlp_stage layer=23 stage=gate_up_fused seq_len=1 start_pos=19 elapsed_ms=1.804
kiln_profile_mlp_stage layer=23 stage=down_proj seq_len=1 start_pos=19 elapsed_ms=1.162
kiln_profile_gdn_stage layer=24 stage=in_proj seq_len=1 start_pos=19 elapsed_ms=1.363
kiln_profile_gdn_stage layer=24 stage=qkv_conv_norm seq_len=1 start_pos=19 elapsed_ms=0.288
kiln_profile_gdn_stage layer=24 stage=gates_recur_gated_norm seq_len=1 start_pos=19 elapsed_ms=0.369
kiln_profile_gdn_stage layer=24 stage=post_transpose seq_len=1 start_pos=19 elapsed_ms=0.000
kiln_profile_gdn_stage layer=24 stage=gated_norm seq_len=1 start_pos=19 elapsed_ms=0.003
kiln_profile_gdn_stage layer=24 stage=out_proj seq_len=1 start_pos=19 elapsed_ms=0.688
kiln_profile_mlp_stage layer=24 stage=gate_up_fused seq_len=1 start_pos=19 elapsed_ms=1.865
kiln_profile_mlp_stage layer=24 stage=down_proj seq_len=1 start_pos=19 elapsed_ms=1.226
kiln_profile_gdn_stage layer=25 stage=in_proj seq_len=1 start_pos=19 elapsed_ms=1.445
kiln_profile_gdn_stage layer=25 stage=qkv_conv_norm seq_len=1 start_pos=19 elapsed_ms=0.389
kiln_profile_gdn_stage layer=25 stage=gates_recur_gated_norm seq_len=1 start_pos=19 elapsed_ms=0.415
kiln_profile_gdn_stage layer=25 stage=post_transpose seq_len=1 start_pos=19 elapsed_ms=0.001
kiln_profile_gdn_stage layer=25 stage=gated_norm seq_len=1 start_pos=19 elapsed_ms=0.004
kiln_profile_gdn_stage layer=25 stage=out_proj seq_len=1 start_pos=19 elapsed_ms=0.856
kiln_profile_mlp_stage layer=25 stage=gate_up_fused seq_len=1 start_pos=19 elapsed_ms=1.865
kiln_profile_mlp_stage layer=25 stage=down_proj seq_len=1 start_pos=19 elapsed_ms=1.220
kiln_profile_gdn_stage layer=26 stage=in_proj seq_len=1 start_pos=19 elapsed_ms=1.453
kiln_profile_gdn_stage layer=26 stage=qkv_conv_norm seq_len=1 start_pos=19 elapsed_ms=0.358
kiln_profile_gdn_stage layer=26 stage=gates_recur_gated_norm seq_len=1 start_pos=19 elapsed_ms=0.411
kiln_profile_gdn_stage layer=26 stage=post_transpose seq_len=1 start_pos=19 elapsed_ms=0.001
kiln_profile_gdn_stage layer=26 stage=gated_norm seq_len=1 start_pos=19 elapsed_ms=0.004
kiln_profile_gdn_stage layer=26 stage=out_proj seq_len=1 start_pos=19 elapsed_ms=0.738
kiln_profile_mlp_stage layer=26 stage=gate_up_fused seq_len=1 start_pos=19 elapsed_ms=2.142
kiln_profile_mlp_stage layer=26 stage=down_proj seq_len=1 start_pos=19 elapsed_ms=2.305
kiln_profile_full_attn_stage full_attn_layer=6 stage=qkv_proj seq_len=1 start_pos=19 elapsed_ms=1.407
kiln_profile_full_attn_stage full_attn_layer=6 stage=qkv_split seq_len=1 start_pos=19 elapsed_ms=0.330
kiln_profile_full_attn_stage full_attn_layer=6 stage=qk_norm seq_len=1 start_pos=19 elapsed_ms=0.493
kiln_profile_full_attn_stage full_attn_layer=6 stage=rope seq_len=1 start_pos=19 elapsed_ms=0.287
kiln_profile_full_attn_stage full_attn_layer=6 stage=q_transpose seq_len=1 start_pos=19 elapsed_ms=0.003
kiln_profile_full_attn_stage full_attn_layer=6 stage=kv_write seq_len=1 start_pos=19 elapsed_ms=0.257
kiln_profile_full_attn_stage full_attn_layer=6 stage=decode_attn_contiguous seq_len=1 start_pos=19 elapsed_ms=0.279
kiln_profile_full_attn_stage full_attn_layer=6 stage=attn_gate seq_len=1 start_pos=19 elapsed_ms=0.242
kiln_profile_full_attn_stage full_attn_layer=6 stage=o_proj seq_len=1 start_pos=19 elapsed_ms=0.767
kiln_profile_mlp_stage layer=27 stage=gate_up_fused seq_len=1 start_pos=19 elapsed_ms=1.958
kiln_profile_mlp_stage layer=27 stage=down_proj seq_len=1 start_pos=19 elapsed_ms=1.249
kiln_profile_gdn_stage layer=28 stage=in_proj seq_len=1 start_pos=19 elapsed_ms=1.424
kiln_profile_gdn_stage layer=28 stage=qkv_conv_norm seq_len=1 start_pos=19 elapsed_ms=0.358
kiln_profile_gdn_stage layer=28 stage=gates_recur_gated_norm seq_len=1 start_pos=19 elapsed_ms=0.436
kiln_profile_gdn_stage layer=28 stage=post_transpose seq_len=1 start_pos=19 elapsed_ms=0.000
kiln_profile_gdn_stage layer=28 stage=gated_norm seq_len=1 start_pos=19 elapsed_ms=0.003
kiln_profile_gdn_stage layer=28 stage=out_proj seq_len=1 start_pos=19 elapsed_ms=0.713
kiln_profile_mlp_stage layer=28 stage=gate_up_fused seq_len=1 start_pos=19 elapsed_ms=1.827
kiln_profile_mlp_stage layer=28 stage=down_proj seq_len=1 start_pos=19 elapsed_ms=1.093
kiln_profile_gdn_stage layer=29 stage=in_proj seq_len=1 start_pos=19 elapsed_ms=1.379
kiln_profile_gdn_stage layer=29 stage=qkv_conv_norm seq_len=1 start_pos=19 elapsed_ms=0.292
kiln_profile_gdn_stage layer=29 stage=gates_recur_gated_norm seq_len=1 start_pos=19 elapsed_ms=0.380
kiln_profile_gdn_stage layer=29 stage=post_transpose seq_len=1 start_pos=19 elapsed_ms=0.001
kiln_profile_gdn_stage layer=29 stage=gated_norm seq_len=1 start_pos=19 elapsed_ms=0.003
kiln_profile_gdn_stage layer=29 stage=out_proj seq_len=1 start_pos=19 elapsed_ms=0.741
kiln_profile_mlp_stage layer=29 stage=gate_up_fused seq_len=1 start_pos=19 elapsed_ms=1.906
kiln_profile_mlp_stage layer=29 stage=down_proj seq_len=1 start_pos=19 elapsed_ms=1.296
kiln_profile_gdn_stage layer=30 stage=in_proj seq_len=1 start_pos=19 elapsed_ms=1.484
kiln_profile_gdn_stage layer=30 stage=qkv_conv_norm seq_len=1 start_pos=19 elapsed_ms=0.367
kiln_profile_gdn_stage layer=30 stage=gates_recur_gated_norm seq_len=1 start_pos=19 elapsed_ms=0.421
kiln_profile_gdn_stage layer=30 stage=post_transpose seq_len=1 start_pos=19 elapsed_ms=0.001
kiln_profile_gdn_stage layer=30 stage=gated_norm seq_len=1 start_pos=19 elapsed_ms=0.004
kiln_profile_gdn_stage layer=30 stage=out_proj seq_len=1 start_pos=19 elapsed_ms=0.865
kiln_profile_mlp_stage layer=30 stage=gate_up_fused seq_len=1 start_pos=19 elapsed_ms=1.984
kiln_profile_mlp_stage layer=30 stage=down_proj seq_len=1 start_pos=19 elapsed_ms=1.611
kiln_profile_full_attn_stage full_attn_layer=7 stage=qkv_proj seq_len=1 start_pos=19 elapsed_ms=1.482
kiln_profile_full_attn_stage full_attn_layer=7 stage=qkv_split seq_len=1 start_pos=19 elapsed_ms=0.450
kiln_profile_full_attn_stage full_attn_layer=7 stage=qk_norm seq_len=1 start_pos=19 elapsed_ms=0.361
kiln_profile_full_attn_stage full_attn_layer=7 stage=rope seq_len=1 start_pos=19 elapsed_ms=0.298
kiln_profile_full_attn_stage full_attn_layer=7 stage=q_transpose seq_len=1 start_pos=19 elapsed_ms=0.003
kiln_profile_full_attn_stage full_attn_layer=7 stage=kv_write seq_len=1 start_pos=19 elapsed_ms=0.295
kiln_profile_full_attn_stage full_attn_layer=7 stage=decode_attn_contiguous seq_len=1 start_pos=19 elapsed_ms=0.302
kiln_profile_full_attn_stage full_attn_layer=7 stage=attn_gate seq_len=1 start_pos=19 elapsed_ms=0.253
kiln_profile_full_attn_stage full_attn_layer=7 stage=o_proj seq_len=1 start_pos=19 elapsed_ms=0.852
kiln_profile_mlp_stage layer=31 stage=gate_up_fused seq_len=1 start_pos=19 elapsed_ms=2.466
kiln_profile_mlp_stage layer=31 stage=down_proj seq_len=1 start_pos=19 elapsed_ms=1.346
kiln_profile_gdn_stage layer=0 stage=in_proj seq_len=1 start_pos=19 elapsed_ms=2.615
kiln_profile_gdn_stage layer=0 stage=qkv_conv_norm seq_len=1 start_pos=19 elapsed_ms=0.304
kiln_profile_gdn_stage layer=0 stage=gates_recur_gated_norm seq_len=1 start_pos=19 elapsed_ms=0.411
kiln_profile_gdn_stage layer=0 stage=post_transpose seq_len=1 start_pos=19 elapsed_ms=0.000
kiln_profile_gdn_stage layer=0 stage=gated_norm seq_len=1 start_pos=19 elapsed_ms=0.002
kiln_profile_gdn_stage layer=0 stage=out_proj seq_len=1 start_pos=19 elapsed_ms=1.120
kiln_profile_mlp_stage layer=0 stage=gate_up_fused seq_len=1 start_pos=19 elapsed_ms=1.939
kiln_profile_mlp_stage layer=0 stage=down_proj seq_len=1 start_pos=19 elapsed_ms=2.032
kiln_profile_gdn_stage layer=1 stage=in_proj seq_len=1 start_pos=19 elapsed_ms=3.002
kiln_profile_gdn_stage layer=1 stage=qkv_conv_norm seq_len=1 start_pos=19 elapsed_ms=0.299
kiln_profile_gdn_stage layer=1 stage=gates_recur_gated_norm seq_len=1 start_pos=19 elapsed_ms=0.463
kiln_profile_gdn_stage layer=1 stage=post_transpose seq_len=1 start_pos=19 elapsed_ms=0.000
kiln_profile_gdn_stage layer=1 stage=gated_norm seq_len=1 start_pos=19 elapsed_ms=0.003
kiln_profile_gdn_stage layer=1 stage=out_proj seq_len=1 start_pos=19 elapsed_ms=1.163
kiln_profile_mlp_stage layer=1 stage=gate_up_fused seq_len=1 start_pos=19 elapsed_ms=1.978
kiln_profile_mlp_stage layer=1 stage=down_proj seq_len=1 start_pos=19 elapsed_ms=2.014
kiln_profile_gdn_stage layer=2 stage=in_proj seq_len=1 start_pos=19 elapsed_ms=2.547
kiln_profile_gdn_stage layer=2 stage=qkv_conv_norm seq_len=1 start_pos=19 elapsed_ms=0.338
kiln_profile_gdn_stage layer=2 stage=gates_recur_gated_norm seq_len=1 start_pos=19 elapsed_ms=0.378
kiln_profile_gdn_stage layer=2 stage=post_transpose seq_len=1 start_pos=19 elapsed_ms=0.000
kiln_profile_gdn_stage layer=2 stage=gated_norm seq_len=1 start_pos=19 elapsed_ms=0.003
kiln_profile_gdn_stage layer=2 stage=out_proj seq_len=1 start_pos=19 elapsed_ms=1.037
kiln_profile_mlp_stage layer=2 stage=gate_up_fused seq_len=1 start_pos=19 elapsed_ms=2.071
kiln_profile_mlp_stage layer=2 stage=down_proj seq_len=1 start_pos=19 elapsed_ms=2.104
kiln_profile_full_attn_stage full_attn_layer=0 stage=qkv_proj_batch seq_len=1 start_pos=19 elapsed_ms=2.130
kiln_profile_full_attn_stage full_attn_layer=0 stage=qkv_split_batch seq_len=1 start_pos=19 elapsed_ms=0.253
kiln_profile_full_attn_stage full_attn_layer=0 stage=qk_norm_batch seq_len=1 start_pos=19 elapsed_ms=0.197
kiln_profile_full_attn_stage full_attn_layer=0 stage=rope_batch seq_len=1 start_pos=19 elapsed_ms=0.599
kiln_profile_full_attn_stage full_attn_layer=0 stage=kv_write_batch seq_len=1 start_pos=19 elapsed_ms=0.243
kiln_profile_full_attn_stage full_attn_layer=0 stage=q_transpose_batch seq_len=1 start_pos=19 elapsed_ms=0.001
kiln_profile_full_attn_stage full_attn_layer=0 stage=decode_attn_contiguous_batch seq_len=1 start_pos=19 elapsed_ms=0.312
kiln_profile_full_attn_stage full_attn_layer=0 stage=attn_gate_batch seq_len=1 start_pos=19 elapsed_ms=0.184
kiln_profile_full_attn_stage full_attn_layer=0 stage=o_proj_batch seq_len=1 start_pos=19 elapsed_ms=1.091
kiln_profile_mlp_stage layer=3 stage=gate_up_fused seq_len=1 start_pos=19 elapsed_ms=2.196
kiln_profile_mlp_stage layer=3 stage=down_proj seq_len=1 start_pos=19 elapsed_ms=2.283
kiln_profile_gdn_stage layer=4 stage=in_proj seq_len=1 start_pos=19 elapsed_ms=2.848
kiln_profile_gdn_stage layer=4 stage=qkv_conv_norm seq_len=1 start_pos=19 elapsed_ms=0.672
kiln_profile_gdn_stage layer=4 stage=gates_recur_gated_norm seq_len=1 start_pos=19 elapsed_ms=0.694
kiln_profile_gdn_stage layer=4 stage=post_transpose seq_len=1 start_pos=19 elapsed_ms=0.000
kiln_profile_gdn_stage layer=4 stage=gated_norm seq_len=1 start_pos=19 elapsed_ms=0.002
kiln_profile_gdn_stage layer=4 stage=out_proj seq_len=1 start_pos=19 elapsed_ms=1.345
kiln_profile_mlp_stage layer=4 stage=gate_up_fused seq_len=1 start_pos=19 elapsed_ms=2.046
kiln_profile_mlp_stage layer=4 stage=down_proj seq_len=1 start_pos=19 elapsed_ms=2.059
kiln_profile_gdn_stage layer=5 stage=in_proj seq_len=1 start_pos=19 elapsed_ms=2.496
kiln_profile_gdn_stage layer=5 stage=qkv_conv_norm seq_len=1 start_pos=19 elapsed_ms=0.215
kiln_profile_gdn_stage layer=5 stage=gates_recur_gated_norm seq_len=1 start_pos=19 elapsed_ms=0.377
kiln_profile_gdn_stage layer=5 stage=post_transpose seq_len=1 start_pos=19 elapsed_ms=0.000
kiln_profile_gdn_stage layer=5 stage=gated_norm seq_len=1 start_pos=19 elapsed_ms=0.003
kiln_profile_gdn_stage layer=5 stage=out_proj seq_len=1 start_pos=19 elapsed_ms=1.098
kiln_profile_mlp_stage layer=5 stage=gate_up_fused seq_len=1 start_pos=19 elapsed_ms=1.893
kiln_profile_mlp_stage layer=5 stage=down_proj seq_len=1 start_pos=19 elapsed_ms=2.014
kiln_profile_gdn_stage layer=6 stage=in_proj seq_len=1 start_pos=19 elapsed_ms=2.469
kiln_profile_gdn_stage layer=6 stage=qkv_conv_norm seq_len=1 start_pos=19 elapsed_ms=0.248
kiln_profile_gdn_stage layer=6 stage=gates_recur_gated_norm seq_len=1 start_pos=19 elapsed_ms=0.349
kiln_profile_gdn_stage layer=6 stage=post_transpose seq_len=1 start_pos=19 elapsed_ms=0.000
kiln_profile_gdn_stage layer=6 stage=gated_norm seq_len=1 start_pos=19 elapsed_ms=0.001
kiln_profile_gdn_stage layer=6 stage=out_proj seq_len=1 start_pos=19 elapsed_ms=1.069
kiln_profile_mlp_stage layer=6 stage=gate_up_fused seq_len=1 start_pos=19 elapsed_ms=1.908
kiln_profile_mlp_stage layer=6 stage=down_proj seq_len=1 start_pos=19 elapsed_ms=1.969
kiln_profile_full_attn_stage full_attn_layer=1 stage=qkv_proj_batch seq_len=1 start_pos=19 elapsed_ms=2.000
kiln_profile_full_attn_stage full_attn_layer=1 stage=qkv_split_batch seq_len=1 start_pos=19 elapsed_ms=0.331
kiln_profile_full_attn_stage full_attn_layer=1 stage=qk_norm_batch seq_len=1 start_pos=19 elapsed_ms=0.235
kiln_profile_full_attn_stage full_attn_layer=1 stage=rope_batch seq_len=1 start_pos=19 elapsed_ms=0.620
kiln_profile_full_attn_stage full_attn_layer=1 stage=kv_write_batch seq_len=1 start_pos=19 elapsed_ms=0.260
kiln_profile_full_attn_stage full_attn_layer=1 stage=q_transpose_batch seq_len=1 start_pos=19 elapsed_ms=0.001
kiln_profile_full_attn_stage full_attn_layer=1 stage=decode_attn_contiguous_batch seq_len=1 start_pos=19 elapsed_ms=0.373
kiln_profile_full_attn_stage full_attn_layer=1 stage=attn_gate_batch seq_len=1 start_pos=19 elapsed_ms=0.242
kiln_profile_full_attn_stage full_attn_layer=1 stage=o_proj_batch seq_len=1 start_pos=19 elapsed_ms=1.037
kiln_profile_mlp_stage layer=7 stage=gate_up_fused seq_len=1 start_pos=19 elapsed_ms=1.932
kiln_profile_mlp_stage layer=7 stage=down_proj seq_len=1 start_pos=19 elapsed_ms=2.692
kiln_profile_gdn_stage layer=8 stage=in_proj seq_len=1 start_pos=19 elapsed_ms=2.490
kiln_profile_gdn_stage layer=8 stage=qkv_conv_norm seq_len=1 start_pos=19 elapsed_ms=0.347
kiln_profile_gdn_stage layer=8 stage=gates_recur_gated_norm seq_len=1 start_pos=19 elapsed_ms=0.424
kiln_profile_gdn_stage layer=8 stage=post_transpose seq_len=1 start_pos=19 elapsed_ms=0.000
kiln_profile_gdn_stage layer=8 stage=gated_norm seq_len=1 start_pos=19 elapsed_ms=0.002
kiln_profile_gdn_stage layer=8 stage=out_proj seq_len=1 start_pos=19 elapsed_ms=1.094
kiln_profile_mlp_stage layer=8 stage=gate_up_fused seq_len=1 start_pos=19 elapsed_ms=1.979
kiln_profile_mlp_stage layer=8 stage=down_proj seq_len=1 start_pos=19 elapsed_ms=2.009
kiln_profile_gdn_stage layer=9 stage=in_proj seq_len=1 start_pos=19 elapsed_ms=2.465
kiln_profile_gdn_stage layer=9 stage=qkv_conv_norm seq_len=1 start_pos=19 elapsed_ms=0.257
kiln_profile_gdn_stage layer=9 stage=gates_recur_gated_norm seq_len=1 start_pos=19 elapsed_ms=0.380
kiln_profile_gdn_stage layer=9 stage=post_transpose seq_len=1 start_pos=19 elapsed_ms=0.000
kiln_profile_gdn_stage layer=9 stage=gated_norm seq_len=1 start_pos=19 elapsed_ms=0.002
kiln_profile_gdn_stage layer=9 stage=out_proj seq_len=1 start_pos=19 elapsed_ms=1.064
kiln_profile_mlp_stage layer=9 stage=gate_up_fused seq_len=1 start_pos=19 elapsed_ms=1.938
kiln_profile_mlp_stage layer=9 stage=down_proj seq_len=1 start_pos=19 elapsed_ms=1.975
kiln_profile_gdn_stage layer=10 stage=in_proj seq_len=1 start_pos=19 elapsed_ms=2.463
kiln_profile_gdn_stage layer=10 stage=qkv_conv_norm seq_len=1 start_pos=19 elapsed_ms=0.305
kiln_profile_gdn_stage layer=10 stage=gates_recur_gated_norm seq_len=1 start_pos=19 elapsed_ms=0.383
kiln_profile_gdn_stage layer=10 stage=post_transpose seq_len=1 start_pos=19 elapsed_ms=0.000
kiln_profile_gdn_stage layer=10 stage=gated_norm seq_len=1 start_pos=19 elapsed_ms=0.002
kiln_profile_gdn_stage layer=10 stage=out_proj seq_len=1 start_pos=19 elapsed_ms=1.097
kiln_profile_mlp_stage layer=10 stage=gate_up_fused seq_len=1 start_pos=19 elapsed_ms=1.911
kiln_profile_mlp_stage layer=10 stage=down_proj seq_len=1 start_pos=19 elapsed_ms=2.033
kiln_profile_full_attn_stage full_attn_layer=2 stage=qkv_proj_batch seq_len=1 start_pos=19 elapsed_ms=2.072
kiln_profile_full_attn_stage full_attn_layer=2 stage=qkv_split_batch seq_len=1 start_pos=19 elapsed_ms=0.283
kiln_profile_full_attn_stage full_attn_layer=2 stage=qk_norm_batch seq_len=1 start_pos=19 elapsed_ms=0.744
kiln_profile_full_attn_stage full_attn_layer=2 stage=rope_batch seq_len=1 start_pos=19 elapsed_ms=1.276
kiln_profile_full_attn_stage full_attn_layer=2 stage=kv_write_batch seq_len=1 start_pos=19 elapsed_ms=0.257
kiln_profile_full_attn_stage full_attn_layer=2 stage=q_transpose_batch seq_len=1 start_pos=19 elapsed_ms=0.001
kiln_profile_full_attn_stage full_attn_layer=2 stage=decode_attn_contiguous_batch seq_len=1 start_pos=19 elapsed_ms=0.438
kiln_profile_full_attn_stage full_attn_layer=2 stage=attn_gate_batch seq_len=1 start_pos=19 elapsed_ms=0.225
kiln_profile_full_attn_stage full_attn_layer=2 stage=o_proj_batch seq_len=1 start_pos=19 elapsed_ms=1.037
kiln_profile_mlp_stage layer=11 stage=gate_up_fused seq_len=1 start_pos=19 elapsed_ms=1.900
kiln_profile_mlp_stage layer=11 stage=down_proj seq_len=1 start_pos=19 elapsed_ms=1.987
kiln_profile_gdn_stage layer=12 stage=in_proj seq_len=1 start_pos=19 elapsed_ms=2.597
kiln_profile_gdn_stage layer=12 stage=qkv_conv_norm seq_len=1 start_pos=19 elapsed_ms=0.325
kiln_profile_gdn_stage layer=12 stage=gates_recur_gated_norm seq_len=1 start_pos=19 elapsed_ms=0.390
kiln_profile_gdn_stage layer=12 stage=post_transpose seq_len=1 start_pos=19 elapsed_ms=0.000
kiln_profile_gdn_stage layer=12 stage=gated_norm seq_len=1 start_pos=19 elapsed_ms=0.002
kiln_profile_gdn_stage layer=12 stage=out_proj seq_len=1 start_pos=19 elapsed_ms=1.084
kiln_profile_mlp_stage layer=12 stage=gate_up_fused seq_len=1 start_pos=19 elapsed_ms=1.979
kiln_profile_mlp_stage layer=12 stage=down_proj seq_len=1 start_pos=19 elapsed_ms=2.041
kiln_profile_gdn_stage layer=13 stage=in_proj seq_len=1 start_pos=19 elapsed_ms=2.514
kiln_profile_gdn_stage layer=13 stage=qkv_conv_norm seq_len=1 start_pos=19 elapsed_ms=0.329
kiln_profile_gdn_stage layer=13 stage=gates_recur_gated_norm seq_len=1 start_pos=19 elapsed_ms=0.405
kiln_profile_gdn_stage layer=13 stage=post_transpose seq_len=1 start_pos=19 elapsed_ms=0.003
kiln_profile_gdn_stage layer=13 stage=gated_norm seq_len=1 start_pos=19 elapsed_ms=0.009
kiln_profile_gdn_stage layer=13 stage=out_proj seq_len=1 start_pos=19 elapsed_ms=1.067
kiln_profile_mlp_stage layer=13 stage=gate_up_fused seq_len=1 start_pos=19 elapsed_ms=1.883
kiln_profile_mlp_stage layer=13 stage=down_proj seq_len=1 start_pos=19 elapsed_ms=1.974
kiln_profile_gdn_stage layer=14 stage=in_proj seq_len=1 start_pos=19 elapsed_ms=2.432
kiln_profile_gdn_stage layer=14 stage=qkv_conv_norm seq_len=1 start_pos=19 elapsed_ms=0.268
kiln_profile_gdn_stage layer=14 stage=gates_recur_gated_norm seq_len=1 start_pos=19 elapsed_ms=0.383
kiln_profile_gdn_stage layer=14 stage=post_transpose seq_len=1 start_pos=19 elapsed_ms=0.000
kiln_profile_gdn_stage layer=14 stage=gated_norm seq_len=1 start_pos=19 elapsed_ms=0.002
kiln_profile_gdn_stage layer=14 stage=out_proj seq_len=1 start_pos=19 elapsed_ms=1.147
kiln_profile_mlp_stage layer=14 stage=gate_up_fused seq_len=1 start_pos=19 elapsed_ms=3.478
kiln_profile_mlp_stage layer=14 stage=down_proj seq_len=1 start_pos=19 elapsed_ms=2.124
kiln_profile_full_attn_stage full_attn_layer=3 stage=qkv_proj_batch seq_len=1 start_pos=19 elapsed_ms=1.999
kiln_profile_full_attn_stage full_attn_layer=3 stage=qkv_split_batch seq_len=1 start_pos=19 elapsed_ms=0.327
kiln_profile_full_attn_stage full_attn_layer=3 stage=qk_norm_batch seq_len=1 start_pos=19 elapsed_ms=0.315
kiln_profile_full_attn_stage full_attn_layer=3 stage=rope_batch seq_len=1 start_pos=19 elapsed_ms=0.853
kiln_profile_full_attn_stage full_attn_layer=3 stage=kv_write_batch seq_len=1 start_pos=19 elapsed_ms=0.324
kiln_profile_full_attn_stage full_attn_layer=3 stage=q_transpose_batch seq_len=1 start_pos=19 elapsed_ms=0.001
kiln_profile_full_attn_stage full_attn_layer=3 stage=decode_attn_contiguous_batch seq_len=1 start_pos=19 elapsed_ms=0.425
kiln_profile_full_attn_stage full_attn_layer=3 stage=attn_gate_batch seq_len=1 start_pos=19 elapsed_ms=0.269
kiln_profile_full_attn_stage full_attn_layer=3 stage=o_proj_batch seq_len=1 start_pos=19 elapsed_ms=1.055
kiln_profile_mlp_stage layer=15 stage=gate_up_fused seq_len=1 start_pos=19 elapsed_ms=1.948
kiln_profile_mlp_stage layer=15 stage=down_proj seq_len=1 start_pos=19 elapsed_ms=2.063
kiln_profile_gdn_stage layer=16 stage=in_proj seq_len=1 start_pos=19 elapsed_ms=2.536
kiln_profile_gdn_stage layer=16 stage=qkv_conv_norm seq_len=1 start_pos=19 elapsed_ms=0.365
kiln_profile_gdn_stage layer=16 stage=gates_recur_gated_norm seq_len=1 start_pos=19 elapsed_ms=0.435
kiln_profile_gdn_stage layer=16 stage=post_transpose seq_len=1 start_pos=19 elapsed_ms=0.001
kiln_profile_gdn_stage layer=16 stage=gated_norm seq_len=1 start_pos=19 elapsed_ms=0.003
kiln_profile_gdn_stage layer=16 stage=out_proj seq_len=1 start_pos=19 elapsed_ms=1.162
kiln_profile_mlp_stage layer=16 stage=gate_up_fused seq_len=1 start_pos=19 elapsed_ms=2.133
kiln_profile_mlp_stage layer=16 stage=down_proj seq_len=1 start_pos=19 elapsed_ms=2.261
kiln_profile_gdn_stage layer=17 stage=in_proj seq_len=1 start_pos=19 elapsed_ms=2.651
kiln_profile_gdn_stage layer=17 stage=qkv_conv_norm seq_len=1 start_pos=19 elapsed_ms=0.338
kiln_profile_gdn_stage layer=17 stage=gates_recur_gated_norm seq_len=1 start_pos=19 elapsed_ms=0.373
kiln_profile_gdn_stage layer=17 stage=post_transpose seq_len=1 start_pos=19 elapsed_ms=0.002
kiln_profile_gdn_stage layer=17 stage=gated_norm seq_len=1 start_pos=19 elapsed_ms=0.002
kiln_profile_gdn_stage layer=17 stage=out_proj seq_len=1 start_pos=19 elapsed_ms=1.093
kiln_profile_mlp_stage layer=17 stage=gate_up_fused seq_len=1 start_pos=19 elapsed_ms=2.605
kiln_profile_mlp_stage layer=17 stage=down_proj seq_len=1 start_pos=19 elapsed_ms=2.242
kiln_profile_gdn_stage layer=18 stage=in_proj seq_len=1 start_pos=19 elapsed_ms=2.646
kiln_profile_gdn_stage layer=18 stage=qkv_conv_norm seq_len=1 start_pos=19 elapsed_ms=0.404
kiln_profile_gdn_stage layer=18 stage=gates_recur_gated_norm seq_len=1 start_pos=19 elapsed_ms=0.436
kiln_profile_gdn_stage layer=18 stage=post_transpose seq_len=1 start_pos=19 elapsed_ms=0.000
kiln_profile_gdn_stage layer=18 stage=gated_norm seq_len=1 start_pos=19 elapsed_ms=0.004
kiln_profile_gdn_stage layer=18 stage=out_proj seq_len=1 start_pos=19 elapsed_ms=1.161
kiln_profile_mlp_stage layer=18 stage=gate_up_fused seq_len=1 start_pos=19 elapsed_ms=1.985
kiln_profile_mlp_stage layer=18 stage=down_proj seq_len=1 start_pos=19 elapsed_ms=2.147
kiln_profile_full_attn_stage full_attn_layer=4 stage=qkv_proj_batch seq_len=1 start_pos=19 elapsed_ms=2.028
kiln_profile_full_attn_stage full_attn_layer=4 stage=qkv_split_batch seq_len=1 start_pos=19 elapsed_ms=0.426
kiln_profile_full_attn_stage full_attn_layer=4 stage=qk_norm_batch seq_len=1 start_pos=19 elapsed_ms=0.285
kiln_profile_full_attn_stage full_attn_layer=4 stage=rope_batch seq_len=1 start_pos=19 elapsed_ms=0.763
kiln_profile_full_attn_stage full_attn_layer=4 stage=kv_write_batch seq_len=1 start_pos=19 elapsed_ms=0.538
kiln_profile_full_attn_stage full_attn_layer=4 stage=q_transpose_batch seq_len=1 start_pos=19 elapsed_ms=0.002
kiln_profile_full_attn_stage full_attn_layer=4 stage=decode_attn_contiguous_batch seq_len=1 start_pos=19 elapsed_ms=0.418
kiln_profile_full_attn_stage full_attn_layer=4 stage=attn_gate_batch seq_len=1 start_pos=19 elapsed_ms=0.238
kiln_profile_full_attn_stage full_attn_layer=4 stage=o_proj_batch seq_len=1 start_pos=19 elapsed_ms=1.105
kiln_profile_mlp_stage layer=19 stage=gate_up_fused seq_len=1 start_pos=19 elapsed_ms=2.102
kiln_profile_mlp_stage layer=19 stage=down_proj seq_len=1 start_pos=19 elapsed_ms=2.016
kiln_profile_gdn_stage layer=20 stage=in_proj seq_len=1 start_pos=19 elapsed_ms=2.495
kiln_profile_gdn_stage layer=20 stage=qkv_conv_norm seq_len=1 start_pos=19 elapsed_ms=0.370
kiln_profile_gdn_stage layer=20 stage=gates_recur_gated_norm seq_len=1 start_pos=19 elapsed_ms=0.523
kiln_profile_gdn_stage layer=20 stage=post_transpose seq_len=1 start_pos=19 elapsed_ms=0.001
kiln_profile_gdn_stage layer=20 stage=gated_norm seq_len=1 start_pos=19 elapsed_ms=0.006
kiln_profile_gdn_stage layer=20 stage=out_proj seq_len=1 start_pos=19 elapsed_ms=1.160
kiln_profile_mlp_stage layer=20 stage=gate_up_fused seq_len=1 start_pos=19 elapsed_ms=3.137
kiln_profile_mlp_stage layer=20 stage=down_proj seq_len=1 start_pos=19 elapsed_ms=2.222
kiln_profile_gdn_stage layer=21 stage=in_proj seq_len=1 start_pos=19 elapsed_ms=2.738
kiln_profile_gdn_stage layer=21 stage=qkv_conv_norm seq_len=1 start_pos=19 elapsed_ms=0.430
kiln_profile_gdn_stage layer=21 stage=gates_recur_gated_norm seq_len=1 start_pos=19 elapsed_ms=0.480
kiln_profile_gdn_stage layer=21 stage=post_transpose seq_len=1 start_pos=19 elapsed_ms=0.001
kiln_profile_gdn_stage layer=21 stage=gated_norm seq_len=1 start_pos=19 elapsed_ms=0.005
kiln_profile_gdn_stage layer=21 stage=out_proj seq_len=1 start_pos=19 elapsed_ms=1.250
kiln_profile_mlp_stage layer=21 stage=gate_up_fused seq_len=1 start_pos=19 elapsed_ms=7.798
kiln_profile_mlp_stage layer=21 stage=down_proj seq_len=1 start_pos=19 elapsed_ms=2.750
kiln_profile_gdn_stage layer=22 stage=in_proj seq_len=1 start_pos=19 elapsed_ms=2.902
kiln_profile_gdn_stage layer=22 stage=qkv_conv_norm seq_len=1 start_pos=19 elapsed_ms=0.352
kiln_profile_gdn_stage layer=22 stage=gates_recur_gated_norm seq_len=1 start_pos=19 elapsed_ms=0.474
kiln_profile_gdn_stage layer=22 stage=post_transpose seq_len=1 start_pos=19 elapsed_ms=0.000
kiln_profile_gdn_stage layer=22 stage=gated_norm seq_len=1 start_pos=19 elapsed_ms=0.003
kiln_profile_gdn_stage layer=22 stage=out_proj seq_len=1 start_pos=19 elapsed_ms=1.173
kiln_profile_mlp_stage layer=22 stage=gate_up_fused seq_len=1 start_pos=19 elapsed_ms=2.205
kiln_profile_mlp_stage layer=22 stage=down_proj seq_len=1 start_pos=19 elapsed_ms=4.151
kiln_profile_full_attn_stage full_attn_layer=5 stage=qkv_proj_batch seq_len=1 start_pos=19 elapsed_ms=2.315
kiln_profile_full_attn_stage full_attn_layer=5 stage=qkv_split_batch seq_len=1 start_pos=19 elapsed_ms=0.387
kiln_profile_full_attn_stage full_attn_layer=5 stage=qk_norm_batch seq_len=1 start_pos=19 elapsed_ms=0.269
kiln_profile_full_attn_stage full_attn_layer=5 stage=rope_batch seq_len=1 start_pos=19 elapsed_ms=0.783
kiln_profile_full_attn_stage full_attn_layer=5 stage=kv_write_batch seq_len=1 start_pos=19 elapsed_ms=0.327
kiln_profile_full_attn_stage full_attn_layer=5 stage=q_transpose_batch seq_len=1 start_pos=19 elapsed_ms=0.001
kiln_profile_full_attn_stage full_attn_layer=5 stage=decode_attn_contiguous_batch seq_len=1 start_pos=19 elapsed_ms=0.423
kiln_profile_full_attn_stage full_attn_layer=5 stage=attn_gate_batch seq_len=1 start_pos=19 elapsed_ms=0.265
kiln_profile_full_attn_stage full_attn_layer=5 stage=o_proj_batch seq_len=1 start_pos=19 elapsed_ms=1.331
kiln_profile_mlp_stage layer=23 stage=gate_up_fused seq_len=1 start_pos=19 elapsed_ms=2.709
kiln_profile_mlp_stage layer=23 stage=down_proj seq_len=1 start_pos=19 elapsed_ms=2.250
kiln_profile_gdn_stage layer=24 stage=in_proj seq_len=1 start_pos=19 elapsed_ms=2.905
kiln_profile_gdn_stage layer=24 stage=qkv_conv_norm seq_len=1 start_pos=19 elapsed_ms=0.362
kiln_profile_gdn_stage layer=24 stage=gates_recur_gated_norm seq_len=1 start_pos=19 elapsed_ms=0.446
kiln_profile_gdn_stage layer=24 stage=post_transpose seq_len=1 start_pos=19 elapsed_ms=0.001
kiln_profile_gdn_stage layer=24 stage=gated_norm seq_len=1 start_pos=19 elapsed_ms=0.004
kiln_profile_gdn_stage layer=24 stage=out_proj seq_len=1 start_pos=19 elapsed_ms=1.173
kiln_profile_mlp_stage layer=24 stage=gate_up_fused seq_len=1 start_pos=19 elapsed_ms=2.260
kiln_profile_mlp_stage layer=24 stage=down_proj seq_len=1 start_pos=19 elapsed_ms=2.122
kiln_profile_gdn_stage layer=25 stage=in_proj seq_len=1 start_pos=19 elapsed_ms=2.847
kiln_profile_gdn_stage layer=25 stage=qkv_conv_norm seq_len=1 start_pos=19 elapsed_ms=0.310
kiln_profile_gdn_stage layer=25 stage=gates_recur_gated_norm seq_len=1 start_pos=19 elapsed_ms=0.472
kiln_profile_gdn_stage layer=25 stage=post_transpose seq_len=1 start_pos=19 elapsed_ms=0.001
kiln_profile_gdn_stage layer=25 stage=gated_norm seq_len=1 start_pos=19 elapsed_ms=0.004
kiln_profile_gdn_stage layer=25 stage=out_proj seq_len=1 start_pos=19 elapsed_ms=1.180
kiln_profile_mlp_stage layer=25 stage=gate_up_fused seq_len=1 start_pos=19 elapsed_ms=3.798
kiln_profile_mlp_stage layer=25 stage=down_proj seq_len=1 start_pos=19 elapsed_ms=2.125
kiln_profile_gdn_stage layer=26 stage=in_proj seq_len=1 start_pos=19 elapsed_ms=2.893
kiln_profile_gdn_stage layer=26 stage=qkv_conv_norm seq_len=1 start_pos=19 elapsed_ms=0.295
kiln_profile_gdn_stage layer=26 stage=gates_recur_gated_norm seq_len=1 start_pos=19 elapsed_ms=0.423
kiln_profile_gdn_stage layer=26 stage=post_transpose seq_len=1 start_pos=19 elapsed_ms=0.000
kiln_profile_gdn_stage layer=26 stage=gated_norm seq_len=1 start_pos=19 elapsed_ms=0.019
kiln_profile_gdn_stage layer=26 stage=out_proj seq_len=1 start_pos=19 elapsed_ms=1.189
kiln_profile_mlp_stage layer=26 stage=gate_up_fused seq_len=1 start_pos=19 elapsed_ms=2.273
kiln_profile_mlp_stage layer=26 stage=down_proj seq_len=1 start_pos=19 elapsed_ms=2.135
kiln_profile_full_attn_stage full_attn_layer=6 stage=qkv_proj_batch seq_len=1 start_pos=19 elapsed_ms=2.063
kiln_profile_full_attn_stage full_attn_layer=6 stage=qkv_split_batch seq_len=1 start_pos=19 elapsed_ms=0.439
kiln_profile_full_attn_stage full_attn_layer=6 stage=qk_norm_batch seq_len=1 start_pos=19 elapsed_ms=0.358
kiln_profile_full_attn_stage full_attn_layer=6 stage=rope_batch seq_len=1 start_pos=19 elapsed_ms=1.101
kiln_profile_full_attn_stage full_attn_layer=6 stage=kv_write_batch seq_len=1 start_pos=19 elapsed_ms=0.452
kiln_profile_full_attn_stage full_attn_layer=6 stage=q_transpose_batch seq_len=1 start_pos=19 elapsed_ms=0.002
kiln_profile_full_attn_stage full_attn_layer=6 stage=decode_attn_contiguous_batch seq_len=1 start_pos=19 elapsed_ms=0.620
kiln_profile_full_attn_stage full_attn_layer=6 stage=attn_gate_batch seq_len=1 start_pos=19 elapsed_ms=0.389
kiln_profile_full_attn_stage full_attn_layer=6 stage=o_proj_batch seq_len=1 start_pos=19 elapsed_ms=1.393
kiln_profile_mlp_stage layer=27 stage=gate_up_fused seq_len=1 start_pos=19 elapsed_ms=2.513
kiln_profile_mlp_stage layer=27 stage=down_proj seq_len=1 start_pos=19 elapsed_ms=2.171
kiln_profile_gdn_stage layer=28 stage=in_proj seq_len=1 start_pos=19 elapsed_ms=3.032
kiln_profile_gdn_stage layer=28 stage=qkv_conv_norm seq_len=1 start_pos=19 elapsed_ms=0.457
kiln_profile_gdn_stage layer=28 stage=gates_recur_gated_norm seq_len=1 start_pos=19 elapsed_ms=0.908
kiln_profile_gdn_stage layer=28 stage=post_transpose seq_len=1 start_pos=19 elapsed_ms=0.001
kiln_profile_gdn_stage layer=28 stage=gated_norm seq_len=1 start_pos=19 elapsed_ms=0.004
kiln_profile_gdn_stage layer=28 stage=out_proj seq_len=1 start_pos=19 elapsed_ms=1.833
kiln_profile_mlp_stage layer=28 stage=gate_up_fused seq_len=1 start_pos=19 elapsed_ms=3.231
kiln_profile_mlp_stage layer=28 stage=down_proj seq_len=1 start_pos=19 elapsed_ms=2.461
kiln_profile_gdn_stage layer=29 stage=in_proj seq_len=1 start_pos=19 elapsed_ms=3.580
kiln_profile_gdn_stage layer=29 stage=qkv_conv_norm seq_len=1 start_pos=19 elapsed_ms=0.524
kiln_profile_gdn_stage layer=29 stage=gates_recur_gated_norm seq_len=1 start_pos=19 elapsed_ms=0.510
kiln_profile_gdn_stage layer=29 stage=post_transpose seq_len=1 start_pos=19 elapsed_ms=0.001
kiln_profile_gdn_stage layer=29 stage=gated_norm seq_len=1 start_pos=19 elapsed_ms=0.004
kiln_profile_gdn_stage layer=29 stage=out_proj seq_len=1 start_pos=19 elapsed_ms=1.294
kiln_profile_mlp_stage layer=29 stage=gate_up_fused seq_len=1 start_pos=19 elapsed_ms=3.243
kiln_profile_mlp_stage layer=29 stage=down_proj seq_len=1 start_pos=19 elapsed_ms=2.219
kiln_profile_gdn_stage layer=30 stage=in_proj seq_len=1 start_pos=19 elapsed_ms=3.856
kiln_profile_gdn_stage layer=30 stage=qkv_conv_norm seq_len=1 start_pos=19 elapsed_ms=0.301
kiln_profile_gdn_stage layer=30 stage=gates_recur_gated_norm seq_len=1 start_pos=19 elapsed_ms=0.521
kiln_profile_gdn_stage layer=30 stage=post_transpose seq_len=1 start_pos=19 elapsed_ms=0.002
kiln_profile_gdn_stage layer=30 stage=gated_norm seq_len=1 start_pos=19 elapsed_ms=0.019
kiln_profile_gdn_stage layer=30 stage=out_proj seq_len=1 start_pos=19 elapsed_ms=1.308
kiln_profile_mlp_stage layer=30 stage=gate_up_fused seq_len=1 start_pos=19 elapsed_ms=4.630
kiln_profile_mlp_stage layer=30 stage=down_proj seq_len=1 start_pos=19 elapsed_ms=3.753
kiln_profile_full_attn_stage full_attn_layer=7 stage=qkv_proj_batch seq_len=1 start_pos=19 elapsed_ms=2.270
kiln_profile_full_attn_stage full_attn_layer=7 stage=qkv_split_batch seq_len=1 start_pos=19 elapsed_ms=0.508
kiln_profile_full_attn_stage full_attn_layer=7 stage=qk_norm_batch seq_len=1 start_pos=19 elapsed_ms=0.404
kiln_profile_full_attn_stage full_attn_layer=7 stage=rope_batch seq_len=1 start_pos=19 elapsed_ms=1.649
kiln_profile_full_attn_stage full_attn_layer=7 stage=kv_write_batch seq_len=1 start_pos=19 elapsed_ms=0.503
kiln_profile_full_attn_stage full_attn_layer=7 stage=q_transpose_batch seq_len=1 start_pos=19 elapsed_ms=0.002
kiln_profile_full_attn_stage full_attn_layer=7 stage=decode_attn_contiguous_batch seq_len=1 start_pos=19 elapsed_ms=0.665
kiln_profile_full_attn_stage full_attn_layer=7 stage=attn_gate_batch seq_len=1 start_pos=19 elapsed_ms=0.467
kiln_profile_full_attn_stage full_attn_layer=7 stage=o_proj_batch seq_len=1 start_pos=19 elapsed_ms=1.644
kiln_profile_mlp_stage layer=31 stage=gate_up_fused seq_len=1 start_pos=19 elapsed_ms=3.880
kiln_profile_mlp_stage layer=31 stage=down_proj seq_len=1 start_pos=19 elapsed_ms=2.705
{"timestamp":"2026-05-09T18:20:06.273185Z","level":"INFO","fields":{"message":"response","status":200,"duration_ms":0.09725},"target":"kiln_server::api","span":{"duration_ms":0.09725,"method":"GET","path":"/metrics","status":200,"name":"http_request"},"spans":[{"duration_ms":0.09725,"method":"GET","path":"/metrics","status":200,"name":"http_request"}]}
{"timestamp":"2026-05-09T18:20:13.169860Z","level":"INFO","fields":{"message":"received SIGTERM — initiating graceful shutdown"},"target":"kiln"}
{"timestamp":"2026-05-09T18:20:13.330954Z","level":"INFO","fields":{"message":"training worker shutting down"},"target":"kiln_server::training_queue"}
{"timestamp":"2026-05-09T18:20:43.169646Z","level":"WARN","fields":{"message":"shutdown timeout reached — exiting"},"target":"kiln"}
