
  ┌─────────────────────────────────────┐
  │           🔥 K I L N 🔥             │
  │   inference · training · adapters   │
  └─────────────────────────────────────┘

  Version: 0.2.13
  Mode: GPU inference
  Model: /Users/ericflo/.cache/huggingface/hub/models--Qwen--Qwen3.5-4B/snapshots/851bf6e806efd8d0a36b00ddf55e13ccb7b8cd0a
  CUDA: not available
  Listen: http://127.0.0.1:8421

  Endpoints: /ui, /v1/chat/completions, /v1/train/sft, /health, /metrics

{"timestamp":"2026-05-09T20:37:19.194821Z","level":"INFO","fields":{"message":"Metal available — using Apple Silicon GPU"},"target":"kiln_server::device"}
{"timestamp":"2026-05-09T20:37:19.216000Z","level":"INFO","fields":{"message":"Loading model from /Users/ericflo/.cache/huggingface/hub/models--Qwen--Qwen3.5-4B/snapshots/851bf6e806efd8d0a36b00ddf55e13ccb7b8cd0a (2 shards)"},"target":"kiln_model::loader"}
{"timestamp":"2026-05-09T20:37:19.216664Z","level":"INFO","fields":{"message":"Using weight name prefix: \"model.language_model.\""},"target":"kiln_model::loader"}
{"timestamp":"2026-05-09T20:37:19.216808Z","level":"INFO","fields":{"message":"Native MTP head detected; deferring CPU load until first use","mtp_prefix":"mtp."},"target":"kiln_model::loader"}
{"timestamp":"2026-05-09T20:37:19.216815Z","level":"INFO","fields":{"message":"Loaded 4206M parameters (8022 MB) across 32 layers"},"target":"kiln_model::loader"}
{"timestamp":"2026-05-09T20:37:30.148096Z","level":"INFO","fields":{"message":"unified memory detected (Apple Silicon)","total_gb":10.73741824,"source":"apple-silicon-unified"},"target":"kiln_server::state"}
{"timestamp":"2026-05-09T20:37:30.148117Z","level":"WARN","fields":{"message":"post-load CUDA residency unavailable; falling back to static model memory estimate for KV sizing","estimated_model_gb":9.15668992},"target":"kiln_server::state"}
{"timestamp":"2026-05-09T20:37:30.148127Z","level":"INFO","fields":{"message":"memory-aware KV cache sizing","total_vram_gb":10.73741824,"model_gb":9.15668992,"post_load_used_vram_gb":0.0,"sizing_residency_gb":9.15668992,"inference_fraction":0.7},"target":"kiln_server::state"}
{"timestamp":"2026-05-09T20:37:30.148134Z","level":"INFO","fields":{"message":"allocating paged KV cache","num_blocks":512,"block_size":16,"kv_dtype":"BF16","fp8_enabled":false},"target":"kiln_server::state"}
{"timestamp":"2026-05-09T20:37:30.148262Z","level":"INFO","fields":{"message":"KV cache auto-sizer succeeded on first attempt","inference_fraction":0.7,"num_blocks":512},"target":"kiln_server::state"}
{"timestamp":"2026-05-09T20:37:30.148265Z","level":"INFO","fields":{"message":"GPU memory budget","total_vram_gb":10.73741824,"model_gb":9.15668992,"estimated_model_gb":9.15668992,"post_load_used_vram_gb":0.0,"kv_cache_gb":0.268435456,"training_budget_gb":1.312292864,"inference_fraction":0.7},"target":"kiln_server::state"}
{"timestamp":"2026-05-09T20:37:30.148269Z","level":"INFO","fields":{"message":"prefix cache budget","max_blocks":128,"max_entries":9,"state_bytes_per_entry":27525120,"max_state_bytes":247726080,"min_register_tokens":64},"target":"kiln_server::state"}
{"timestamp":"2026-05-09T20:37:30.148278Z","level":"INFO","fields":{"message":"live greedy decode batcher enabled","backend":"metal","max_batch":8,"wait_us":0,"mixed_seq_lens":true},"target":"kiln_server::state"}
  ✓ Ready on http://127.0.0.1:8421

{"timestamp":"2026-05-09T20:37:30.149268Z","level":"INFO","fields":{"message":"starting background inference prewarm"},"target":"kiln"}
{"timestamp":"2026-05-09T20:37:30.149572Z","level":"INFO","fields":{"message":"tokenizer warmup complete","elapsed_ms":0,"tokens":8},"target":"kiln"}
{"timestamp":"2026-05-09T20:37:30.151252Z","level":"INFO","fields":{"message":"Metal custom kernels precompiled during background prewarm","elapsed_ms":1},"target":"kiln"}
{"timestamp":"2026-05-09T20:37:30.151263Z","level":"INFO","fields":{"message":"Metal custom kernels precompiled during background prewarm","elapsed_ms":0},"target":"kiln"}
kiln_profile_gdn_stage layer=0 stage=in_proj seq_len=64 start_pos=0 elapsed_ms=21.872
kiln_profile_gdn_stage layer=0 stage=qkv_conv_split_norm seq_len=64 start_pos=0 elapsed_ms=1.002
kiln_profile_gdn_stage layer=0 stage=gates seq_len=64 start_pos=0 elapsed_ms=0.207
kiln_profile_gdn_stage layer=0 stage=recurrent seq_len=64 start_pos=0 elapsed_ms=2.700
kiln_profile_gdn_stage layer=0 stage=post_transpose seq_len=64 start_pos=0 elapsed_ms=0.000
kiln_profile_gdn_stage layer=0 stage=gated_norm seq_len=64 start_pos=0 elapsed_ms=0.273
kiln_profile_gdn_stage layer=0 stage=out_proj seq_len=64 start_pos=0 elapsed_ms=6.132
kiln_profile_gdn_stage layer=1 stage=in_proj seq_len=64 start_pos=0 elapsed_ms=16.749
kiln_profile_gdn_stage layer=1 stage=qkv_conv_split_norm seq_len=64 start_pos=0 elapsed_ms=0.784
kiln_profile_gdn_stage layer=1 stage=gates seq_len=64 start_pos=0 elapsed_ms=0.161
kiln_profile_gdn_stage layer=1 stage=recurrent seq_len=64 start_pos=0 elapsed_ms=2.023
kiln_profile_gdn_stage layer=1 stage=post_transpose seq_len=64 start_pos=0 elapsed_ms=0.000
kiln_profile_gdn_stage layer=1 stage=gated_norm seq_len=64 start_pos=0 elapsed_ms=0.264
kiln_profile_gdn_stage layer=1 stage=out_proj seq_len=64 start_pos=0 elapsed_ms=5.625
kiln_profile_gdn_stage layer=2 stage=in_proj seq_len=64 start_pos=0 elapsed_ms=18.605
kiln_profile_gdn_stage layer=2 stage=qkv_conv_split_norm seq_len=64 start_pos=0 elapsed_ms=0.928
kiln_profile_gdn_stage layer=2 stage=gates seq_len=64 start_pos=0 elapsed_ms=0.212
kiln_profile_gdn_stage layer=2 stage=recurrent seq_len=64 start_pos=0 elapsed_ms=2.729
kiln_profile_gdn_stage layer=2 stage=post_transpose seq_len=64 start_pos=0 elapsed_ms=0.000
kiln_profile_gdn_stage layer=2 stage=gated_norm seq_len=64 start_pos=0 elapsed_ms=0.347
kiln_profile_gdn_stage layer=2 stage=out_proj seq_len=64 start_pos=0 elapsed_ms=5.584
kiln_profile_gdn_stage layer=4 stage=in_proj seq_len=64 start_pos=0 elapsed_ms=14.884
kiln_profile_gdn_stage layer=4 stage=qkv_conv_split_norm seq_len=64 start_pos=0 elapsed_ms=0.619
kiln_profile_gdn_stage layer=4 stage=gates seq_len=64 start_pos=0 elapsed_ms=0.190
kiln_profile_gdn_stage layer=4 stage=recurrent seq_len=64 start_pos=0 elapsed_ms=1.233
kiln_profile_gdn_stage layer=4 stage=post_transpose seq_len=64 start_pos=0 elapsed_ms=0.000
kiln_profile_gdn_stage layer=4 stage=gated_norm seq_len=64 start_pos=0 elapsed_ms=0.253
kiln_profile_gdn_stage layer=4 stage=out_proj seq_len=64 start_pos=0 elapsed_ms=4.766
kiln_profile_gdn_stage layer=5 stage=in_proj seq_len=64 start_pos=0 elapsed_ms=17.060
kiln_profile_gdn_stage layer=5 stage=qkv_conv_split_norm seq_len=64 start_pos=0 elapsed_ms=0.716
kiln_profile_gdn_stage layer=5 stage=gates seq_len=64 start_pos=0 elapsed_ms=0.200
kiln_profile_gdn_stage layer=5 stage=recurrent seq_len=64 start_pos=0 elapsed_ms=2.750
kiln_profile_gdn_stage layer=5 stage=post_transpose seq_len=64 start_pos=0 elapsed_ms=0.000
kiln_profile_gdn_stage layer=5 stage=gated_norm seq_len=64 start_pos=0 elapsed_ms=0.414
kiln_profile_gdn_stage layer=5 stage=out_proj seq_len=64 start_pos=0 elapsed_ms=6.191
kiln_profile_gdn_stage layer=6 stage=in_proj seq_len=64 start_pos=0 elapsed_ms=17.662
kiln_profile_gdn_stage layer=6 stage=qkv_conv_split_norm seq_len=64 start_pos=0 elapsed_ms=0.847
kiln_profile_gdn_stage layer=6 stage=gates seq_len=64 start_pos=0 elapsed_ms=0.256
kiln_profile_gdn_stage layer=6 stage=recurrent seq_len=64 start_pos=0 elapsed_ms=2.058
kiln_profile_gdn_stage layer=6 stage=post_transpose seq_len=64 start_pos=0 elapsed_ms=0.000
kiln_profile_gdn_stage layer=6 stage=gated_norm seq_len=64 start_pos=0 elapsed_ms=0.344
kiln_profile_gdn_stage layer=6 stage=out_proj seq_len=64 start_pos=0 elapsed_ms=5.601
{"timestamp":"2026-05-09T20:37:31.134156Z","level":"INFO","fields":{"message":"response","status":200,"duration_ms":0.140708},"target":"kiln_server::api","span":{"duration_ms":0.140708,"method":"GET","path":"/health","status":200,"name":"http_request"},"spans":[{"duration_ms":0.140708,"method":"GET","path":"/health","status":200,"name":"http_request"}]}
kiln_profile_gdn_stage layer=8 stage=in_proj seq_len=64 start_pos=0 elapsed_ms=29.159
kiln_profile_gdn_stage layer=8 stage=qkv_conv_split_norm seq_len=64 start_pos=0 elapsed_ms=0.820
kiln_profile_gdn_stage layer=8 stage=gates seq_len=64 start_pos=0 elapsed_ms=0.192
kiln_profile_gdn_stage layer=8 stage=recurrent seq_len=64 start_pos=0 elapsed_ms=1.256
kiln_profile_gdn_stage layer=8 stage=post_transpose seq_len=64 start_pos=0 elapsed_ms=0.000
kiln_profile_gdn_stage layer=8 stage=gated_norm seq_len=64 start_pos=0 elapsed_ms=0.257
kiln_profile_gdn_stage layer=8 stage=out_proj seq_len=64 start_pos=0 elapsed_ms=8.783
kiln_profile_gdn_stage layer=9 stage=in_proj seq_len=64 start_pos=0 elapsed_ms=14.801
kiln_profile_gdn_stage layer=9 stage=qkv_conv_split_norm seq_len=64 start_pos=0 elapsed_ms=0.656
kiln_profile_gdn_stage layer=9 stage=gates seq_len=64 start_pos=0 elapsed_ms=0.163
kiln_profile_gdn_stage layer=9 stage=recurrent seq_len=64 start_pos=0 elapsed_ms=1.570
kiln_profile_gdn_stage layer=9 stage=post_transpose seq_len=64 start_pos=0 elapsed_ms=0.000
kiln_profile_gdn_stage layer=9 stage=gated_norm seq_len=64 start_pos=0 elapsed_ms=0.241
kiln_profile_gdn_stage layer=9 stage=out_proj seq_len=64 start_pos=0 elapsed_ms=4.530
kiln_profile_gdn_stage layer=10 stage=in_proj seq_len=64 start_pos=0 elapsed_ms=15.278
kiln_profile_gdn_stage layer=10 stage=qkv_conv_split_norm seq_len=64 start_pos=0 elapsed_ms=0.769
kiln_profile_gdn_stage layer=10 stage=gates seq_len=64 start_pos=0 elapsed_ms=0.233
kiln_profile_gdn_stage layer=10 stage=recurrent seq_len=64 start_pos=0 elapsed_ms=2.038
kiln_profile_gdn_stage layer=10 stage=post_transpose seq_len=64 start_pos=0 elapsed_ms=0.000
kiln_profile_gdn_stage layer=10 stage=gated_norm seq_len=64 start_pos=0 elapsed_ms=0.330
kiln_profile_gdn_stage layer=10 stage=out_proj seq_len=64 start_pos=0 elapsed_ms=5.128
kiln_profile_gdn_stage layer=12 stage=in_proj seq_len=64 start_pos=0 elapsed_ms=14.789
kiln_profile_gdn_stage layer=12 stage=qkv_conv_split_norm seq_len=64 start_pos=0 elapsed_ms=0.581
kiln_profile_gdn_stage layer=12 stage=gates seq_len=64 start_pos=0 elapsed_ms=0.204
kiln_profile_gdn_stage layer=12 stage=recurrent seq_len=64 start_pos=0 elapsed_ms=1.281
kiln_profile_gdn_stage layer=12 stage=post_transpose seq_len=64 start_pos=0 elapsed_ms=0.000
kiln_profile_gdn_stage layer=12 stage=gated_norm seq_len=64 start_pos=0 elapsed_ms=0.251
kiln_profile_gdn_stage layer=12 stage=out_proj seq_len=64 start_pos=0 elapsed_ms=4.497
kiln_profile_gdn_stage layer=13 stage=in_proj seq_len=64 start_pos=0 elapsed_ms=16.002
kiln_profile_gdn_stage layer=13 stage=qkv_conv_split_norm seq_len=64 start_pos=0 elapsed_ms=0.811
kiln_profile_gdn_stage layer=13 stage=gates seq_len=64 start_pos=0 elapsed_ms=0.231
kiln_profile_gdn_stage layer=13 stage=recurrent seq_len=64 start_pos=0 elapsed_ms=1.721
kiln_profile_gdn_stage layer=13 stage=post_transpose seq_len=64 start_pos=0 elapsed_ms=0.000
kiln_profile_gdn_stage layer=13 stage=gated_norm seq_len=64 start_pos=0 elapsed_ms=0.402
kiln_profile_gdn_stage layer=13 stage=out_proj seq_len=64 start_pos=0 elapsed_ms=5.030
kiln_profile_gdn_stage layer=14 stage=in_proj seq_len=64 start_pos=0 elapsed_ms=20.116
kiln_profile_gdn_stage layer=14 stage=qkv_conv_split_norm seq_len=64 start_pos=0 elapsed_ms=1.101
kiln_profile_gdn_stage layer=14 stage=gates seq_len=64 start_pos=0 elapsed_ms=0.200
kiln_profile_gdn_stage layer=14 stage=recurrent seq_len=64 start_pos=0 elapsed_ms=3.511
kiln_profile_gdn_stage layer=14 stage=post_transpose seq_len=64 start_pos=0 elapsed_ms=0.000
kiln_profile_gdn_stage layer=14 stage=gated_norm seq_len=64 start_pos=0 elapsed_ms=0.306
kiln_profile_gdn_stage layer=14 stage=out_proj seq_len=64 start_pos=0 elapsed_ms=7.518
kiln_profile_gdn_stage layer=16 stage=in_proj seq_len=64 start_pos=0 elapsed_ms=17.375
kiln_profile_gdn_stage layer=16 stage=qkv_conv_split_norm seq_len=64 start_pos=0 elapsed_ms=0.574
kiln_profile_gdn_stage layer=16 stage=gates seq_len=64 start_pos=0 elapsed_ms=0.211
kiln_profile_gdn_stage layer=16 stage=recurrent seq_len=64 start_pos=0 elapsed_ms=1.396
kiln_profile_gdn_stage layer=16 stage=post_transpose seq_len=64 start_pos=0 elapsed_ms=0.000
kiln_profile_gdn_stage layer=16 stage=gated_norm seq_len=64 start_pos=0 elapsed_ms=0.236
kiln_profile_gdn_stage layer=16 stage=out_proj seq_len=64 start_pos=0 elapsed_ms=4.251
kiln_profile_gdn_stage layer=17 stage=in_proj seq_len=64 start_pos=0 elapsed_ms=17.656
kiln_profile_gdn_stage layer=17 stage=qkv_conv_split_norm seq_len=64 start_pos=0 elapsed_ms=0.796
kiln_profile_gdn_stage layer=17 stage=gates seq_len=64 start_pos=0 elapsed_ms=0.231
kiln_profile_gdn_stage layer=17 stage=recurrent seq_len=64 start_pos=0 elapsed_ms=1.855
kiln_profile_gdn_stage layer=17 stage=post_transpose seq_len=64 start_pos=0 elapsed_ms=0.000
kiln_profile_gdn_stage layer=17 stage=gated_norm seq_len=64 start_pos=0 elapsed_ms=0.278
kiln_profile_gdn_stage layer=17 stage=out_proj seq_len=64 start_pos=0 elapsed_ms=6.218
kiln_profile_gdn_stage layer=18 stage=in_proj seq_len=64 start_pos=0 elapsed_ms=20.030
kiln_profile_gdn_stage layer=18 stage=qkv_conv_split_norm seq_len=64 start_pos=0 elapsed_ms=0.798
kiln_profile_gdn_stage layer=18 stage=gates seq_len=64 start_pos=0 elapsed_ms=0.234
kiln_profile_gdn_stage layer=18 stage=recurrent seq_len=64 start_pos=0 elapsed_ms=2.141
kiln_profile_gdn_stage layer=18 stage=post_transpose seq_len=64 start_pos=0 elapsed_ms=0.000
kiln_profile_gdn_stage layer=18 stage=gated_norm seq_len=64 start_pos=0 elapsed_ms=0.322
kiln_profile_gdn_stage layer=18 stage=out_proj seq_len=64 start_pos=0 elapsed_ms=4.526
kiln_profile_gdn_stage layer=20 stage=in_proj seq_len=64 start_pos=0 elapsed_ms=17.155
kiln_profile_gdn_stage layer=20 stage=qkv_conv_split_norm seq_len=64 start_pos=0 elapsed_ms=0.553
kiln_profile_gdn_stage layer=20 stage=gates seq_len=64 start_pos=0 elapsed_ms=0.196
kiln_profile_gdn_stage layer=20 stage=recurrent seq_len=64 start_pos=0 elapsed_ms=1.685
kiln_profile_gdn_stage layer=20 stage=post_transpose seq_len=64 start_pos=0 elapsed_ms=0.000
kiln_profile_gdn_stage layer=20 stage=gated_norm seq_len=64 start_pos=0 elapsed_ms=0.251
kiln_profile_gdn_stage layer=20 stage=out_proj seq_len=64 start_pos=0 elapsed_ms=4.307
kiln_profile_gdn_stage layer=21 stage=in_proj seq_len=64 start_pos=0 elapsed_ms=18.765
kiln_profile_gdn_stage layer=21 stage=qkv_conv_split_norm seq_len=64 start_pos=0 elapsed_ms=0.808
kiln_profile_gdn_stage layer=21 stage=gates seq_len=64 start_pos=0 elapsed_ms=0.175
kiln_profile_gdn_stage layer=21 stage=recurrent seq_len=64 start_pos=0 elapsed_ms=2.515
kiln_profile_gdn_stage layer=21 stage=post_transpose seq_len=64 start_pos=0 elapsed_ms=0.000
kiln_profile_gdn_stage layer=21 stage=gated_norm seq_len=64 start_pos=0 elapsed_ms=0.337
kiln_profile_gdn_stage layer=21 stage=out_proj seq_len=64 start_pos=0 elapsed_ms=6.374
kiln_profile_gdn_stage layer=22 stage=in_proj seq_len=64 start_pos=0 elapsed_ms=19.233
kiln_profile_gdn_stage layer=22 stage=qkv_conv_split_norm seq_len=64 start_pos=0 elapsed_ms=0.783
kiln_profile_gdn_stage layer=22 stage=gates seq_len=64 start_pos=0 elapsed_ms=0.214
kiln_profile_gdn_stage layer=22 stage=recurrent seq_len=64 start_pos=0 elapsed_ms=1.919
kiln_profile_gdn_stage layer=22 stage=post_transpose seq_len=64 start_pos=0 elapsed_ms=0.000
kiln_profile_gdn_stage layer=22 stage=gated_norm seq_len=64 start_pos=0 elapsed_ms=0.282
kiln_profile_gdn_stage layer=22 stage=out_proj seq_len=64 start_pos=0 elapsed_ms=4.584
kiln_profile_gdn_stage layer=24 stage=in_proj seq_len=64 start_pos=0 elapsed_ms=17.593
kiln_profile_gdn_stage layer=24 stage=qkv_conv_split_norm seq_len=64 start_pos=0 elapsed_ms=0.598
kiln_profile_gdn_stage layer=24 stage=gates seq_len=64 start_pos=0 elapsed_ms=0.426
kiln_profile_gdn_stage layer=24 stage=recurrent seq_len=64 start_pos=0 elapsed_ms=1.449
kiln_profile_gdn_stage layer=24 stage=post_transpose seq_len=64 start_pos=0 elapsed_ms=0.000
kiln_profile_gdn_stage layer=24 stage=gated_norm seq_len=64 start_pos=0 elapsed_ms=0.271
kiln_profile_gdn_stage layer=24 stage=out_proj seq_len=64 start_pos=0 elapsed_ms=4.243
kiln_profile_gdn_stage layer=25 stage=in_proj seq_len=64 start_pos=0 elapsed_ms=22.651
kiln_profile_gdn_stage layer=25 stage=qkv_conv_split_norm seq_len=64 start_pos=0 elapsed_ms=1.208
kiln_profile_gdn_stage layer=25 stage=gates seq_len=64 start_pos=0 elapsed_ms=0.252
kiln_profile_gdn_stage layer=25 stage=recurrent seq_len=64 start_pos=0 elapsed_ms=3.023
kiln_profile_gdn_stage layer=25 stage=post_transpose seq_len=64 start_pos=0 elapsed_ms=0.000
kiln_profile_gdn_stage layer=25 stage=gated_norm seq_len=64 start_pos=0 elapsed_ms=0.342
kiln_profile_gdn_stage layer=25 stage=out_proj seq_len=64 start_pos=0 elapsed_ms=5.342
kiln_profile_gdn_stage layer=26 stage=in_proj seq_len=64 start_pos=0 elapsed_ms=20.869
kiln_profile_gdn_stage layer=26 stage=qkv_conv_split_norm seq_len=64 start_pos=0 elapsed_ms=12.376
kiln_profile_gdn_stage layer=26 stage=gates seq_len=64 start_pos=0 elapsed_ms=0.187
kiln_profile_gdn_stage layer=26 stage=recurrent seq_len=64 start_pos=0 elapsed_ms=1.637
kiln_profile_gdn_stage layer=26 stage=post_transpose seq_len=64 start_pos=0 elapsed_ms=0.000
kiln_profile_gdn_stage layer=26 stage=gated_norm seq_len=64 start_pos=0 elapsed_ms=0.237
kiln_profile_gdn_stage layer=26 stage=out_proj seq_len=64 start_pos=0 elapsed_ms=4.796
kiln_profile_gdn_stage layer=28 stage=in_proj seq_len=64 start_pos=0 elapsed_ms=16.402
kiln_profile_gdn_stage layer=28 stage=qkv_conv_split_norm seq_len=64 start_pos=0 elapsed_ms=0.611
kiln_profile_gdn_stage layer=28 stage=gates seq_len=64 start_pos=0 elapsed_ms=0.191
kiln_profile_gdn_stage layer=28 stage=recurrent seq_len=64 start_pos=0 elapsed_ms=1.423
kiln_profile_gdn_stage layer=28 stage=post_transpose seq_len=64 start_pos=0 elapsed_ms=0.000
kiln_profile_gdn_stage layer=28 stage=gated_norm seq_len=64 start_pos=0 elapsed_ms=0.333
kiln_profile_gdn_stage layer=28 stage=out_proj seq_len=64 start_pos=0 elapsed_ms=4.295
kiln_profile_gdn_stage layer=29 stage=in_proj seq_len=64 start_pos=0 elapsed_ms=17.949
kiln_profile_gdn_stage layer=29 stage=qkv_conv_split_norm seq_len=64 start_pos=0 elapsed_ms=0.723
kiln_profile_gdn_stage layer=29 stage=gates seq_len=64 start_pos=0 elapsed_ms=0.193
kiln_profile_gdn_stage layer=29 stage=recurrent seq_len=64 start_pos=0 elapsed_ms=1.625
kiln_profile_gdn_stage layer=29 stage=post_transpose seq_len=64 start_pos=0 elapsed_ms=0.000
kiln_profile_gdn_stage layer=29 stage=gated_norm seq_len=64 start_pos=0 elapsed_ms=0.272
kiln_profile_gdn_stage layer=29 stage=out_proj seq_len=64 start_pos=0 elapsed_ms=5.414
kiln_profile_gdn_stage layer=30 stage=in_proj seq_len=64 start_pos=0 elapsed_ms=30.751
kiln_profile_gdn_stage layer=30 stage=qkv_conv_split_norm seq_len=64 start_pos=0 elapsed_ms=1.640
kiln_profile_gdn_stage layer=30 stage=gates seq_len=64 start_pos=0 elapsed_ms=0.200
kiln_profile_gdn_stage layer=30 stage=recurrent seq_len=64 start_pos=0 elapsed_ms=2.597
kiln_profile_gdn_stage layer=30 stage=post_transpose seq_len=64 start_pos=0 elapsed_ms=0.000
kiln_profile_gdn_stage layer=30 stage=gated_norm seq_len=64 start_pos=0 elapsed_ms=0.275
kiln_profile_gdn_stage layer=30 stage=out_proj seq_len=64 start_pos=0 elapsed_ms=5.063
kiln_profile_gdn_stage layer=0 stage=in_proj seq_len=1 start_pos=64 elapsed_ms=2.970
kiln_profile_gdn_stage layer=0 stage=qkv_conv_norm seq_len=1 start_pos=64 elapsed_ms=0.222
kiln_profile_gdn_stage layer=0 stage=gates_recur_gated_norm seq_len=1 start_pos=64 elapsed_ms=0.368
kiln_profile_gdn_stage layer=0 stage=post_transpose seq_len=1 start_pos=64 elapsed_ms=0.000
kiln_profile_gdn_stage layer=0 stage=gated_norm seq_len=1 start_pos=64 elapsed_ms=0.002
kiln_profile_gdn_stage layer=0 stage=out_proj seq_len=1 start_pos=64 elapsed_ms=1.138
kiln_profile_gdn_stage layer=1 stage=in_proj seq_len=1 start_pos=64 elapsed_ms=2.969
kiln_profile_gdn_stage layer=1 stage=qkv_conv_norm seq_len=1 start_pos=64 elapsed_ms=0.215
kiln_profile_gdn_stage layer=1 stage=gates_recur_gated_norm seq_len=1 start_pos=64 elapsed_ms=0.346
kiln_profile_gdn_stage layer=1 stage=post_transpose seq_len=1 start_pos=64 elapsed_ms=0.000
kiln_profile_gdn_stage layer=1 stage=gated_norm seq_len=1 start_pos=64 elapsed_ms=0.001
kiln_profile_gdn_stage layer=1 stage=out_proj seq_len=1 start_pos=64 elapsed_ms=1.308
kiln_profile_gdn_stage layer=2 stage=in_proj seq_len=1 start_pos=64 elapsed_ms=3.258
kiln_profile_gdn_stage layer=2 stage=qkv_conv_norm seq_len=1 start_pos=64 elapsed_ms=0.191
kiln_profile_gdn_stage layer=2 stage=gates_recur_gated_norm seq_len=1 start_pos=64 elapsed_ms=0.305
kiln_profile_gdn_stage layer=2 stage=post_transpose seq_len=1 start_pos=64 elapsed_ms=0.000
kiln_profile_gdn_stage layer=2 stage=gated_norm seq_len=1 start_pos=64 elapsed_ms=0.002
kiln_profile_gdn_stage layer=2 stage=out_proj seq_len=1 start_pos=64 elapsed_ms=1.095
kiln_profile_gdn_stage layer=4 stage=in_proj seq_len=1 start_pos=64 elapsed_ms=2.722
kiln_profile_gdn_stage layer=4 stage=qkv_conv_norm seq_len=1 start_pos=64 elapsed_ms=0.214
kiln_profile_gdn_stage layer=4 stage=gates_recur_gated_norm seq_len=1 start_pos=64 elapsed_ms=0.304
kiln_profile_gdn_stage layer=4 stage=post_transpose seq_len=1 start_pos=64 elapsed_ms=0.000
kiln_profile_gdn_stage layer=4 stage=gated_norm seq_len=1 start_pos=64 elapsed_ms=0.001
kiln_profile_gdn_stage layer=4 stage=out_proj seq_len=1 start_pos=64 elapsed_ms=1.062
kiln_profile_gdn_stage layer=5 stage=in_proj seq_len=1 start_pos=64 elapsed_ms=2.711
kiln_profile_gdn_stage layer=5 stage=qkv_conv_norm seq_len=1 start_pos=64 elapsed_ms=0.240
kiln_profile_gdn_stage layer=5 stage=gates_recur_gated_norm seq_len=1 start_pos=64 elapsed_ms=0.348
kiln_profile_gdn_stage layer=5 stage=post_transpose seq_len=1 start_pos=64 elapsed_ms=0.000
kiln_profile_gdn_stage layer=5 stage=gated_norm seq_len=1 start_pos=64 elapsed_ms=0.001
kiln_profile_gdn_stage layer=5 stage=out_proj seq_len=1 start_pos=64 elapsed_ms=1.133
kiln_profile_gdn_stage layer=6 stage=in_proj seq_len=1 start_pos=64 elapsed_ms=2.636
kiln_profile_gdn_stage layer=6 stage=qkv_conv_norm seq_len=1 start_pos=64 elapsed_ms=0.237
kiln_profile_gdn_stage layer=6 stage=gates_recur_gated_norm seq_len=1 start_pos=64 elapsed_ms=0.337
kiln_profile_gdn_stage layer=6 stage=post_transpose seq_len=1 start_pos=64 elapsed_ms=0.000
kiln_profile_gdn_stage layer=6 stage=gated_norm seq_len=1 start_pos=64 elapsed_ms=0.001
kiln_profile_gdn_stage layer=6 stage=out_proj seq_len=1 start_pos=64 elapsed_ms=1.106
kiln_profile_gdn_stage layer=8 stage=in_proj seq_len=1 start_pos=64 elapsed_ms=2.742
kiln_profile_gdn_stage layer=8 stage=qkv_conv_norm seq_len=1 start_pos=64 elapsed_ms=0.233
kiln_profile_gdn_stage layer=8 stage=gates_recur_gated_norm seq_len=1 start_pos=64 elapsed_ms=0.311
kiln_profile_gdn_stage layer=8 stage=post_transpose seq_len=1 start_pos=64 elapsed_ms=0.000
kiln_profile_gdn_stage layer=8 stage=gated_norm seq_len=1 start_pos=64 elapsed_ms=0.001
kiln_profile_gdn_stage layer=8 stage=out_proj seq_len=1 start_pos=64 elapsed_ms=15.337
kiln_profile_gdn_stage layer=9 stage=in_proj seq_len=1 start_pos=64 elapsed_ms=2.661
kiln_profile_gdn_stage layer=9 stage=qkv_conv_norm seq_len=1 start_pos=64 elapsed_ms=0.193
kiln_profile_gdn_stage layer=9 stage=gates_recur_gated_norm seq_len=1 start_pos=64 elapsed_ms=0.337
kiln_profile_gdn_stage layer=9 stage=post_transpose seq_len=1 start_pos=64 elapsed_ms=0.000
kiln_profile_gdn_stage layer=9 stage=gated_norm seq_len=1 start_pos=64 elapsed_ms=0.001
kiln_profile_gdn_stage layer=9 stage=out_proj seq_len=1 start_pos=64 elapsed_ms=1.432
kiln_profile_gdn_stage layer=10 stage=in_proj seq_len=1 start_pos=64 elapsed_ms=2.830
kiln_profile_gdn_stage layer=10 stage=qkv_conv_norm seq_len=1 start_pos=64 elapsed_ms=0.221
kiln_profile_gdn_stage layer=10 stage=gates_recur_gated_norm seq_len=1 start_pos=64 elapsed_ms=0.300
kiln_profile_gdn_stage layer=10 stage=post_transpose seq_len=1 start_pos=64 elapsed_ms=0.000
kiln_profile_gdn_stage layer=10 stage=gated_norm seq_len=1 start_pos=64 elapsed_ms=0.001
kiln_profile_gdn_stage layer=10 stage=out_proj seq_len=1 start_pos=64 elapsed_ms=1.143
kiln_profile_gdn_stage layer=12 stage=in_proj seq_len=1 start_pos=64 elapsed_ms=2.993
kiln_profile_gdn_stage layer=12 stage=qkv_conv_norm seq_len=1 start_pos=64 elapsed_ms=0.241
kiln_profile_gdn_stage layer=12 stage=gates_recur_gated_norm seq_len=1 start_pos=64 elapsed_ms=0.351
kiln_profile_gdn_stage layer=12 stage=post_transpose seq_len=1 start_pos=64 elapsed_ms=0.000
kiln_profile_gdn_stage layer=12 stage=gated_norm seq_len=1 start_pos=64 elapsed_ms=0.001
kiln_profile_gdn_stage layer=12 stage=out_proj seq_len=1 start_pos=64 elapsed_ms=1.162
kiln_profile_gdn_stage layer=13 stage=in_proj seq_len=1 start_pos=64 elapsed_ms=3.003
kiln_profile_gdn_stage layer=13 stage=qkv_conv_norm seq_len=1 start_pos=64 elapsed_ms=0.211
kiln_profile_gdn_stage layer=13 stage=gates_recur_gated_norm seq_len=1 start_pos=64 elapsed_ms=0.334
kiln_profile_gdn_stage layer=13 stage=post_transpose seq_len=1 start_pos=64 elapsed_ms=0.000
kiln_profile_gdn_stage layer=13 stage=gated_norm seq_len=1 start_pos=64 elapsed_ms=0.001
kiln_profile_gdn_stage layer=13 stage=out_proj seq_len=1 start_pos=64 elapsed_ms=1.188
kiln_profile_gdn_stage layer=14 stage=in_proj seq_len=1 start_pos=64 elapsed_ms=2.913
kiln_profile_gdn_stage layer=14 stage=qkv_conv_norm seq_len=1 start_pos=64 elapsed_ms=0.237
kiln_profile_gdn_stage layer=14 stage=gates_recur_gated_norm seq_len=1 start_pos=64 elapsed_ms=0.378
kiln_profile_gdn_stage layer=14 stage=post_transpose seq_len=1 start_pos=64 elapsed_ms=0.000
kiln_profile_gdn_stage layer=14 stage=gated_norm seq_len=1 start_pos=64 elapsed_ms=0.001
kiln_profile_gdn_stage layer=14 stage=out_proj seq_len=1 start_pos=64 elapsed_ms=1.217
kiln_profile_gdn_stage layer=16 stage=in_proj seq_len=1 start_pos=64 elapsed_ms=2.934
kiln_profile_gdn_stage layer=16 stage=qkv_conv_norm seq_len=1 start_pos=64 elapsed_ms=0.284
kiln_profile_gdn_stage layer=16 stage=gates_recur_gated_norm seq_len=1 start_pos=64 elapsed_ms=0.428
kiln_profile_gdn_stage layer=16 stage=post_transpose seq_len=1 start_pos=64 elapsed_ms=0.000
kiln_profile_gdn_stage layer=16 stage=gated_norm seq_len=1 start_pos=64 elapsed_ms=0.002
kiln_profile_gdn_stage layer=16 stage=out_proj seq_len=1 start_pos=64 elapsed_ms=1.157
kiln_profile_gdn_stage layer=17 stage=in_proj seq_len=1 start_pos=64 elapsed_ms=3.267
kiln_profile_gdn_stage layer=17 stage=qkv_conv_norm seq_len=1 start_pos=64 elapsed_ms=0.265
kiln_profile_gdn_stage layer=17 stage=gates_recur_gated_norm seq_len=1 start_pos=64 elapsed_ms=0.436
kiln_profile_gdn_stage layer=17 stage=post_transpose seq_len=1 start_pos=64 elapsed_ms=0.000
kiln_profile_gdn_stage layer=17 stage=gated_norm seq_len=1 start_pos=64 elapsed_ms=0.001
kiln_profile_gdn_stage layer=17 stage=out_proj seq_len=1 start_pos=64 elapsed_ms=1.140
kiln_profile_gdn_stage layer=18 stage=in_proj seq_len=1 start_pos=64 elapsed_ms=3.629
kiln_profile_gdn_stage layer=18 stage=qkv_conv_norm seq_len=1 start_pos=64 elapsed_ms=0.248
kiln_profile_gdn_stage layer=18 stage=gates_recur_gated_norm seq_len=1 start_pos=64 elapsed_ms=0.475
kiln_profile_gdn_stage layer=18 stage=post_transpose seq_len=1 start_pos=64 elapsed_ms=0.000
kiln_profile_gdn_stage layer=18 stage=gated_norm seq_len=1 start_pos=64 elapsed_ms=0.001
kiln_profile_gdn_stage layer=18 stage=out_proj seq_len=1 start_pos=64 elapsed_ms=1.385
kiln_profile_gdn_stage layer=20 stage=in_proj seq_len=1 start_pos=64 elapsed_ms=1.346
kiln_profile_gdn_stage layer=20 stage=qkv_conv_norm seq_len=1 start_pos=64 elapsed_ms=0.224
kiln_profile_gdn_stage layer=20 stage=gates_recur_gated_norm seq_len=1 start_pos=64 elapsed_ms=0.362
kiln_profile_gdn_stage layer=20 stage=post_transpose seq_len=1 start_pos=64 elapsed_ms=0.000
kiln_profile_gdn_stage layer=20 stage=gated_norm seq_len=1 start_pos=64 elapsed_ms=0.001
kiln_profile_gdn_stage layer=20 stage=out_proj seq_len=1 start_pos=64 elapsed_ms=0.671
kiln_profile_gdn_stage layer=21 stage=in_proj seq_len=1 start_pos=64 elapsed_ms=1.326
kiln_profile_gdn_stage layer=21 stage=qkv_conv_norm seq_len=1 start_pos=64 elapsed_ms=0.212
kiln_profile_gdn_stage layer=21 stage=gates_recur_gated_norm seq_len=1 start_pos=64 elapsed_ms=0.337
kiln_profile_gdn_stage layer=21 stage=post_transpose seq_len=1 start_pos=64 elapsed_ms=0.000
kiln_profile_gdn_stage layer=21 stage=gated_norm seq_len=1 start_pos=64 elapsed_ms=0.001
kiln_profile_gdn_stage layer=21 stage=out_proj seq_len=1 start_pos=64 elapsed_ms=0.648
kiln_profile_gdn_stage layer=22 stage=in_proj seq_len=1 start_pos=64 elapsed_ms=1.271
kiln_profile_gdn_stage layer=22 stage=qkv_conv_norm seq_len=1 start_pos=64 elapsed_ms=0.197
kiln_profile_gdn_stage layer=22 stage=gates_recur_gated_norm seq_len=1 start_pos=64 elapsed_ms=0.318
kiln_profile_gdn_stage layer=22 stage=post_transpose seq_len=1 start_pos=64 elapsed_ms=0.000
kiln_profile_gdn_stage layer=22 stage=gated_norm seq_len=1 start_pos=64 elapsed_ms=0.001
kiln_profile_gdn_stage layer=22 stage=out_proj seq_len=1 start_pos=64 elapsed_ms=0.651
kiln_profile_gdn_stage layer=24 stage=in_proj seq_len=1 start_pos=64 elapsed_ms=1.278
kiln_profile_gdn_stage layer=24 stage=qkv_conv_norm seq_len=1 start_pos=64 elapsed_ms=0.228
kiln_profile_gdn_stage layer=24 stage=gates_recur_gated_norm seq_len=1 start_pos=64 elapsed_ms=0.320
kiln_profile_gdn_stage layer=24 stage=post_transpose seq_len=1 start_pos=64 elapsed_ms=0.000
kiln_profile_gdn_stage layer=24 stage=gated_norm seq_len=1 start_pos=64 elapsed_ms=0.001
kiln_profile_gdn_stage layer=24 stage=out_proj seq_len=1 start_pos=64 elapsed_ms=0.611
kiln_profile_gdn_stage layer=25 stage=in_proj seq_len=1 start_pos=64 elapsed_ms=1.349
kiln_profile_gdn_stage layer=25 stage=qkv_conv_norm seq_len=1 start_pos=64 elapsed_ms=0.193
kiln_profile_gdn_stage layer=25 stage=gates_recur_gated_norm seq_len=1 start_pos=64 elapsed_ms=0.341
kiln_profile_gdn_stage layer=25 stage=post_transpose seq_len=1 start_pos=64 elapsed_ms=0.000
kiln_profile_gdn_stage layer=25 stage=gated_norm seq_len=1 start_pos=64 elapsed_ms=0.001
kiln_profile_gdn_stage layer=25 stage=out_proj seq_len=1 start_pos=64 elapsed_ms=0.685
kiln_profile_gdn_stage layer=26 stage=in_proj seq_len=1 start_pos=64 elapsed_ms=1.874
kiln_profile_gdn_stage layer=26 stage=qkv_conv_norm seq_len=1 start_pos=64 elapsed_ms=0.189
kiln_profile_gdn_stage layer=26 stage=gates_recur_gated_norm seq_len=1 start_pos=64 elapsed_ms=0.289
kiln_profile_gdn_stage layer=26 stage=post_transpose seq_len=1 start_pos=64 elapsed_ms=0.000
kiln_profile_gdn_stage layer=26 stage=gated_norm seq_len=1 start_pos=64 elapsed_ms=0.001
kiln_profile_gdn_stage layer=26 stage=out_proj seq_len=1 start_pos=64 elapsed_ms=0.674
kiln_profile_gdn_stage layer=28 stage=in_proj seq_len=1 start_pos=64 elapsed_ms=1.343
kiln_profile_gdn_stage layer=28 stage=qkv_conv_norm seq_len=1 start_pos=64 elapsed_ms=0.238
kiln_profile_gdn_stage layer=28 stage=gates_recur_gated_norm seq_len=1 start_pos=64 elapsed_ms=0.327
kiln_profile_gdn_stage layer=28 stage=post_transpose seq_len=1 start_pos=64 elapsed_ms=0.000
kiln_profile_gdn_stage layer=28 stage=gated_norm seq_len=1 start_pos=64 elapsed_ms=0.001
kiln_profile_gdn_stage layer=28 stage=out_proj seq_len=1 start_pos=64 elapsed_ms=0.755
kiln_profile_gdn_stage layer=29 stage=in_proj seq_len=1 start_pos=64 elapsed_ms=1.329
kiln_profile_gdn_stage layer=29 stage=qkv_conv_norm seq_len=1 start_pos=64 elapsed_ms=0.225
kiln_profile_gdn_stage layer=29 stage=gates_recur_gated_norm seq_len=1 start_pos=64 elapsed_ms=0.281
kiln_profile_gdn_stage layer=29 stage=post_transpose seq_len=1 start_pos=64 elapsed_ms=0.000
kiln_profile_gdn_stage layer=29 stage=gated_norm seq_len=1 start_pos=64 elapsed_ms=0.001
kiln_profile_gdn_stage layer=29 stage=out_proj seq_len=1 start_pos=64 elapsed_ms=0.652
kiln_profile_gdn_stage layer=30 stage=in_proj seq_len=1 start_pos=64 elapsed_ms=1.291
kiln_profile_gdn_stage layer=30 stage=qkv_conv_norm seq_len=1 start_pos=64 elapsed_ms=0.204
kiln_profile_gdn_stage layer=30 stage=gates_recur_gated_norm seq_len=1 start_pos=64 elapsed_ms=0.344
kiln_profile_gdn_stage layer=30 stage=post_transpose seq_len=1 start_pos=64 elapsed_ms=0.000
kiln_profile_gdn_stage layer=30 stage=gated_norm seq_len=1 start_pos=64 elapsed_ms=0.001
kiln_profile_gdn_stage layer=30 stage=out_proj seq_len=1 start_pos=64 elapsed_ms=0.664
{"timestamp":"2026-05-09T20:37:33.135315Z","level":"INFO","fields":{"message":"background inference prewarm complete","elapsed_ms":2986},"target":"kiln"}
{"timestamp":"2026-05-09T20:37:48.644508Z","level":"INFO","fields":{"message":"response","status":200,"duration_ms":0.585792},"target":"kiln_server::api","span":{"duration_ms":0.585792,"method":"POST","path":"/v1/chat/completions","status":200,"name":"http_request"},"spans":[{"duration_ms":0.585792,"method":"POST","path":"/v1/chat/completions","status":200,"name":"http_request"}]}
{"timestamp":"2026-05-09T20:37:48.644875Z","level":"INFO","fields":{"message":"response","status":200,"duration_ms":0.260375},"target":"kiln_server::api","span":{"duration_ms":0.260375,"method":"POST","path":"/v1/chat/completions","status":200,"name":"http_request"},"spans":[{"duration_ms":0.260375,"method":"POST","path":"/v1/chat/completions","status":200,"name":"http_request"}]}
{"timestamp":"2026-05-09T20:37:48.644957Z","level":"INFO","fields":{"message":"response","status":200,"duration_ms":0.407916},"target":"kiln_server::api","span":{"duration_ms":0.407916,"method":"POST","path":"/v1/chat/completions","status":200,"name":"http_request"},"spans":[{"duration_ms":0.407916,"method":"POST","path":"/v1/chat/completions","status":200,"name":"http_request"}]}
{"timestamp":"2026-05-09T20:37:48.645004Z","level":"INFO","fields":{"message":"response","status":200,"duration_ms":0.4795},"target":"kiln_server::api","span":{"duration_ms":0.4795,"method":"POST","path":"/v1/chat/completions","status":200,"name":"http_request"},"spans":[{"duration_ms":0.4795,"method":"POST","path":"/v1/chat/completions","status":200,"name":"http_request"}]}
{"timestamp":"2026-05-09T20:37:48.645074Z","level":"INFO","fields":{"message":"response","status":200,"duration_ms":0.773041},"target":"kiln_server::api","span":{"duration_ms":0.773041,"method":"POST","path":"/v1/chat/completions","status":200,"name":"http_request"},"spans":[{"duration_ms":0.773041,"method":"POST","path":"/v1/chat/completions","status":200,"name":"http_request"}]}
{"timestamp":"2026-05-09T20:37:48.645061Z","level":"INFO","fields":{"message":"response","status":200,"duration_ms":0.932125},"target":"kiln_server::api","span":{"duration_ms":0.932125,"method":"POST","path":"/v1/chat/completions","status":200,"name":"http_request"},"spans":[{"duration_ms":0.932125,"method":"POST","path":"/v1/chat/completions","status":200,"name":"http_request"}]}
{"timestamp":"2026-05-09T20:37:48.645311Z","level":"INFO","fields":{"message":"response","status":200,"duration_ms":0.313625},"target":"kiln_server::api","span":{"duration_ms":0.313625,"method":"POST","path":"/v1/chat/completions","status":200,"name":"http_request"},"spans":[{"duration_ms":0.313625,"method":"POST","path":"/v1/chat/completions","status":200,"name":"http_request"}]}
{"timestamp":"2026-05-09T20:37:48.646966Z","level":"INFO","fields":{"message":"response","status":200,"duration_ms":0.8827499999999999},"target":"kiln_server::api","span":{"duration_ms":0.8827499999999999,"method":"POST","path":"/v1/chat/completions","status":200,"name":"http_request"},"spans":[{"duration_ms":0.8827499999999999,"method":"POST","path":"/v1/chat/completions","status":200,"name":"http_request"}]}
kiln_profile_gdn_stage layer=0 stage=in_proj seq_len=18 start_pos=0 elapsed_ms=12.783
kiln_profile_gdn_stage layer=0 stage=qkv_conv_split_norm seq_len=18 start_pos=0 elapsed_ms=1.602
kiln_profile_gdn_stage layer=0 stage=gates seq_len=18 start_pos=0 elapsed_ms=0.207
kiln_profile_gdn_stage layer=0 stage=recurrent seq_len=18 start_pos=0 elapsed_ms=1.746
kiln_profile_gdn_stage layer=0 stage=post_transpose seq_len=18 start_pos=0 elapsed_ms=0.001
kiln_profile_gdn_stage layer=0 stage=gated_norm seq_len=18 start_pos=0 elapsed_ms=0.677
kiln_profile_gdn_stage layer=0 stage=out_proj seq_len=18 start_pos=0 elapsed_ms=4.123
kiln_profile_gdn_stage layer=1 stage=in_proj seq_len=18 start_pos=0 elapsed_ms=5.500
kiln_profile_gdn_stage layer=1 stage=qkv_conv_split_norm seq_len=18 start_pos=0 elapsed_ms=1.429
kiln_profile_gdn_stage layer=1 stage=gates seq_len=18 start_pos=0 elapsed_ms=0.785
kiln_profile_gdn_stage layer=1 stage=recurrent seq_len=18 start_pos=0 elapsed_ms=1.009
kiln_profile_gdn_stage layer=1 stage=post_transpose seq_len=18 start_pos=0 elapsed_ms=0.001
kiln_profile_gdn_stage layer=1 stage=gated_norm seq_len=18 start_pos=0 elapsed_ms=0.851
kiln_profile_gdn_stage layer=1 stage=out_proj seq_len=18 start_pos=0 elapsed_ms=2.528
kiln_profile_gdn_stage layer=2 stage=in_proj seq_len=18 start_pos=0 elapsed_ms=8.684
kiln_profile_gdn_stage layer=2 stage=qkv_conv_split_norm seq_len=18 start_pos=0 elapsed_ms=1.079
kiln_profile_gdn_stage layer=2 stage=gates seq_len=18 start_pos=0 elapsed_ms=0.739
kiln_profile_gdn_stage layer=2 stage=recurrent seq_len=18 start_pos=0 elapsed_ms=0.886
kiln_profile_gdn_stage layer=2 stage=post_transpose seq_len=18 start_pos=0 elapsed_ms=0.001
kiln_profile_gdn_stage layer=2 stage=gated_norm seq_len=18 start_pos=0 elapsed_ms=1.139
kiln_profile_gdn_stage layer=2 stage=out_proj seq_len=18 start_pos=0 elapsed_ms=2.740
kiln_profile_gdn_stage layer=0 stage=in_proj seq_len=18 start_pos=0 elapsed_ms=12.555
kiln_profile_gdn_stage layer=0 stage=qkv_conv_split_norm seq_len=18 start_pos=0 elapsed_ms=13.504
kiln_profile_gdn_stage layer=0 stage=gates seq_len=18 start_pos=0 elapsed_ms=3.191
kiln_profile_gdn_stage layer=0 stage=in_proj seq_len=18 start_pos=0 elapsed_ms=14.072
kiln_profile_gdn_stage layer=0 stage=in_proj seq_len=18 start_pos=0 elapsed_ms=7.734
kiln_profile_gdn_stage layer=0 stage=recurrent seq_len=18 start_pos=0 elapsed_ms=2.689
kiln_profile_gdn_stage layer=0 stage=post_transpose seq_len=18 start_pos=0 elapsed_ms=0.001
kiln_profile_gdn_stage layer=0 stage=gated_norm seq_len=18 start_pos=0 elapsed_ms=0.297
kiln_profile_gdn_stage layer=0 stage=qkv_conv_split_norm seq_len=18 start_pos=0 elapsed_ms=13.857
kiln_profile_gdn_stage layer=0 stage=out_proj seq_len=18 start_pos=0 elapsed_ms=4.574
kiln_profile_gdn_stage layer=0 stage=gates seq_len=18 start_pos=0 elapsed_ms=2.590
kiln_profile_gdn_stage layer=0 stage=qkv_conv_split_norm seq_len=18 start_pos=0 elapsed_ms=15.437
kiln_profile_gdn_stage layer=0 stage=in_proj seq_len=18 start_pos=0 elapsed_ms=10.848
kiln_profile_gdn_stage layer=0 stage=gates seq_len=18 start_pos=0 elapsed_ms=1.521
kiln_profile_gdn_stage layer=0 stage=recurrent seq_len=18 start_pos=0 elapsed_ms=8.684
kiln_profile_gdn_stage layer=0 stage=recurrent seq_len=18 start_pos=0 elapsed_ms=8.311
kiln_profile_gdn_stage layer=0 stage=post_transpose seq_len=18 start_pos=0 elapsed_ms=0.001
kiln_profile_gdn_stage layer=0 stage=in_proj seq_len=18 start_pos=0 elapsed_ms=14.294
kiln_profile_gdn_stage layer=0 stage=post_transpose seq_len=18 start_pos=0 elapsed_ms=0.001
kiln_profile_gdn_stage layer=0 stage=gated_norm seq_len=18 start_pos=0 elapsed_ms=3.075
kiln_profile_gdn_stage layer=0 stage=in_proj seq_len=19 start_pos=0 elapsed_ms=21.054
kiln_profile_gdn_stage layer=0 stage=in_proj seq_len=18 start_pos=0 elapsed_ms=11.906
kiln_profile_gdn_stage layer=0 stage=qkv_conv_split_norm seq_len=18 start_pos=0 elapsed_ms=8.570
kiln_profile_gdn_stage layer=0 stage=qkv_conv_split_norm seq_len=18 start_pos=0 elapsed_ms=23.446
kiln_profile_gdn_stage layer=0 stage=gates seq_len=18 start_pos=0 elapsed_ms=0.930
kiln_profile_gdn_stage layer=0 stage=gated_norm seq_len=18 start_pos=0 elapsed_ms=11.675
kiln_profile_gdn_stage layer=0 stage=gates seq_len=18 start_pos=0 elapsed_ms=7.093
kiln_profile_gdn_stage layer=0 stage=recurrent seq_len=18 start_pos=0 elapsed_ms=3.731
kiln_profile_gdn_stage layer=0 stage=qkv_conv_split_norm seq_len=18 start_pos=0 elapsed_ms=7.596
kiln_profile_gdn_stage layer=0 stage=qkv_conv_split_norm seq_len=19 start_pos=0 elapsed_ms=8.068
kiln_profile_gdn_stage layer=0 stage=out_proj seq_len=18 start_pos=0 elapsed_ms=10.947
kiln_profile_gdn_stage layer=0 stage=out_proj seq_len=18 start_pos=0 elapsed_ms=5.154
kiln_profile_gdn_stage layer=0 stage=recurrent seq_len=18 start_pos=0 elapsed_ms=6.246
kiln_profile_gdn_stage layer=0 stage=post_transpose seq_len=18 start_pos=0 elapsed_ms=0.001
kiln_profile_gdn_stage layer=0 stage=post_transpose seq_len=18 start_pos=0 elapsed_ms=0.561
kiln_profile_gdn_stage layer=0 stage=gated_norm seq_len=18 start_pos=0 elapsed_ms=5.417
kiln_profile_gdn_stage layer=1 stage=in_proj seq_len=18 start_pos=0 elapsed_ms=14.531
kiln_profile_gdn_stage layer=0 stage=gates seq_len=18 start_pos=0 elapsed_ms=11.729
kiln_profile_gdn_stage layer=0 stage=gated_norm seq_len=18 start_pos=0 elapsed_ms=9.289
kiln_profile_gdn_stage layer=0 stage=gates seq_len=19 start_pos=0 elapsed_ms=11.201
kiln_profile_gdn_stage layer=0 stage=recurrent seq_len=18 start_pos=0 elapsed_ms=0.657
kiln_profile_gdn_stage layer=0 stage=out_proj seq_len=18 start_pos=0 elapsed_ms=2.526
kiln_profile_gdn_stage layer=0 stage=post_transpose seq_len=18 start_pos=0 elapsed_ms=0.001
kiln_profile_gdn_stage layer=0 stage=recurrent seq_len=19 start_pos=0 elapsed_ms=1.262
kiln_profile_gdn_stage layer=0 stage=out_proj seq_len=18 start_pos=0 elapsed_ms=6.874
kiln_profile_gdn_stage layer=1 stage=in_proj seq_len=18 start_pos=0 elapsed_ms=7.780
kiln_profile_gdn_stage layer=1 stage=qkv_conv_split_norm seq_len=18 start_pos=0 elapsed_ms=2.747
kiln_profile_gdn_stage layer=0 stage=gated_norm seq_len=18 start_pos=0 elapsed_ms=3.898
kiln_profile_gdn_stage layer=0 stage=post_transpose seq_len=19 start_pos=0 elapsed_ms=7.839
kiln_profile_gdn_stage layer=1 stage=gates seq_len=18 start_pos=0 elapsed_ms=3.874
kiln_profile_gdn_stage layer=1 stage=qkv_conv_split_norm seq_len=18 start_pos=0 elapsed_ms=34.947
kiln_profile_gdn_stage layer=1 stage=in_proj seq_len=18 start_pos=0 elapsed_ms=10.885
kiln_profile_gdn_stage layer=1 stage=recurrent seq_len=18 start_pos=0 elapsed_ms=1.814
kiln_profile_gdn_stage layer=1 stage=post_transpose seq_len=18 start_pos=0 elapsed_ms=0.001
kiln_profile_gdn_stage layer=0 stage=out_proj seq_len=18 start_pos=0 elapsed_ms=1.818
kiln_profile_gdn_stage layer=1 stage=gates seq_len=18 start_pos=0 elapsed_ms=0.391
kiln_profile_gdn_stage layer=0 stage=gated_norm seq_len=19 start_pos=0 elapsed_ms=0.189
kiln_profile_gdn_stage layer=1 stage=gated_norm seq_len=18 start_pos=0 elapsed_ms=2.944
kiln_profile_gdn_stage layer=1 stage=recurrent seq_len=18 start_pos=0 elapsed_ms=2.965
kiln_profile_gdn_stage layer=1 stage=post_transpose seq_len=18 start_pos=0 elapsed_ms=0.001
kiln_profile_gdn_stage layer=1 stage=qkv_conv_split_norm seq_len=18 start_pos=0 elapsed_ms=12.600
kiln_profile_gdn_stage layer=1 stage=out_proj seq_len=18 start_pos=0 elapsed_ms=8.066
kiln_profile_gdn_stage layer=1 stage=in_proj seq_len=18 start_pos=0 elapsed_ms=18.235
kiln_profile_gdn_stage layer=1 stage=gated_norm seq_len=18 start_pos=0 elapsed_ms=0.822
kiln_profile_gdn_stage layer=0 stage=out_proj seq_len=19 start_pos=0 elapsed_ms=15.390
kiln_profile_gdn_stage layer=1 stage=out_proj seq_len=18 start_pos=0 elapsed_ms=2.991
kiln_profile_gdn_stage layer=1 stage=qkv_conv_split_norm seq_len=18 start_pos=0 elapsed_ms=11.405
kiln_profile_gdn_stage layer=1 stage=gates seq_len=18 start_pos=0 elapsed_ms=7.766
kiln_profile_gdn_stage layer=1 stage=in_proj seq_len=18 start_pos=0 elapsed_ms=19.412
kiln_profile_gdn_stage layer=1 stage=recurrent seq_len=18 start_pos=0 elapsed_ms=14.046
kiln_profile_gdn_stage layer=1 stage=post_transpose seq_len=18 start_pos=0 elapsed_ms=0.002
kiln_profile_gdn_stage layer=1 stage=gated_norm seq_len=18 start_pos=0 elapsed_ms=0.213
kiln_profile_gdn_stage layer=1 stage=qkv_conv_split_norm seq_len=18 start_pos=0 elapsed_ms=1.690
kiln_profile_gdn_stage layer=1 stage=gates seq_len=18 start_pos=0 elapsed_ms=0.498
kiln_profile_gdn_stage layer=1 stage=out_proj seq_len=18 start_pos=0 elapsed_ms=19.578
kiln_profile_gdn_stage layer=1 stage=in_proj seq_len=18 start_pos=0 elapsed_ms=13.989
kiln_profile_gdn_stage layer=1 stage=gates seq_len=18 start_pos=0 elapsed_ms=20.723
kiln_profile_gdn_stage layer=1 stage=recurrent seq_len=18 start_pos=0 elapsed_ms=4.208
kiln_profile_gdn_stage layer=1 stage=post_transpose seq_len=18 start_pos=0 elapsed_ms=0.002
kiln_profile_gdn_stage layer=1 stage=recurrent seq_len=18 start_pos=0 elapsed_ms=3.596
kiln_profile_gdn_stage layer=1 stage=post_transpose seq_len=18 start_pos=0 elapsed_ms=0.002
kiln_profile_gdn_stage layer=1 stage=qkv_conv_split_norm seq_len=18 start_pos=0 elapsed_ms=4.074
kiln_profile_gdn_stage layer=1 stage=gated_norm seq_len=18 start_pos=0 elapsed_ms=1.874
kiln_profile_gdn_stage layer=2 stage=in_proj seq_len=18 start_pos=0 elapsed_ms=11.676
kiln_profile_gdn_stage layer=1 stage=in_proj seq_len=19 start_pos=0 elapsed_ms=13.979
kiln_profile_gdn_stage layer=1 stage=gated_norm seq_len=18 start_pos=0 elapsed_ms=3.344
kiln_profile_gdn_stage layer=4 stage=in_proj seq_len=18 start_pos=0 elapsed_ms=50.411
kiln_profile_gdn_stage layer=1 stage=gates seq_len=18 start_pos=0 elapsed_ms=7.734
kiln_profile_gdn_stage layer=1 stage=out_proj seq_len=18 start_pos=0 elapsed_ms=4.502
kiln_profile_gdn_stage layer=1 stage=qkv_conv_split_norm seq_len=19 start_pos=0 elapsed_ms=13.609
kiln_profile_gdn_stage layer=2 stage=qkv_conv_split_norm seq_len=18 start_pos=0 elapsed_ms=14.011
kiln_profile_gdn_stage layer=2 stage=gates seq_len=18 start_pos=0 elapsed_ms=0.208
kiln_profile_gdn_stage layer=1 stage=gates seq_len=19 start_pos=0 elapsed_ms=3.292
kiln_profile_gdn_stage layer=1 stage=out_proj seq_len=18 start_pos=0 elapsed_ms=12.187
kiln_profile_gdn_stage layer=2 stage=in_proj seq_len=18 start_pos=0 elapsed_ms=8.730
kiln_profile_gdn_stage layer=1 stage=recurrent seq_len=18 start_pos=0 elapsed_ms=13.635
kiln_profile_gdn_stage layer=2 stage=recurrent seq_len=18 start_pos=0 elapsed_ms=3.602
kiln_profile_gdn_stage layer=1 stage=post_transpose seq_len=18 start_pos=0 elapsed_ms=0.003
kiln_profile_gdn_stage layer=2 stage=post_transpose seq_len=18 start_pos=0 elapsed_ms=0.002
kiln_profile_gdn_stage layer=4 stage=qkv_conv_split_norm seq_len=18 start_pos=0 elapsed_ms=18.419
kiln_profile_gdn_stage layer=2 stage=qkv_conv_split_norm seq_len=18 start_pos=0 elapsed_ms=5.826
kiln_profile_gdn_stage layer=1 stage=recurrent seq_len=19 start_pos=0 elapsed_ms=7.901
kiln_profile_gdn_stage layer=2 stage=gates seq_len=18 start_pos=0 elapsed_ms=3.459
kiln_profile_gdn_stage layer=4 stage=gates seq_len=18 start_pos=0 elapsed_ms=2.903
kiln_profile_gdn_stage layer=1 stage=gated_norm seq_len=18 start_pos=0 elapsed_ms=7.480
kiln_profile_gdn_stage layer=2 stage=gated_norm seq_len=18 start_pos=0 elapsed_ms=7.812
kiln_profile_gdn_stage layer=1 stage=post_transpose seq_len=19 start_pos=0 elapsed_ms=7.806
kiln_profile_gdn_stage layer=2 stage=recurrent seq_len=18 start_pos=0 elapsed_ms=2.845
kiln_profile_gdn_stage layer=2 stage=in_proj seq_len=18 start_pos=0 elapsed_ms=8.948
kiln_profile_gdn_stage layer=2 stage=out_proj seq_len=18 start_pos=0 elapsed_ms=2.441
kiln_profile_gdn_stage layer=2 stage=post_transpose seq_len=18 start_pos=0 elapsed_ms=0.003
kiln_profile_gdn_stage layer=1 stage=out_proj seq_len=18 start_pos=0 elapsed_ms=2.367
kiln_profile_gdn_stage layer=2 stage=in_proj seq_len=18 start_pos=0 elapsed_ms=9.737
kiln_profile_gdn_stage layer=1 stage=gated_norm seq_len=19 start_pos=0 elapsed_ms=2.229
kiln_profile_gdn_stage layer=4 stage=recurrent seq_len=18 start_pos=0 elapsed_ms=9.436
kiln_profile_gdn_stage layer=2 stage=gated_norm seq_len=18 start_pos=0 elapsed_ms=2.846
kiln_profile_gdn_stage layer=2 stage=qkv_conv_split_norm seq_len=18 start_pos=0 elapsed_ms=4.805
kiln_profile_gdn_stage layer=2 stage=gates seq_len=18 start_pos=0 elapsed_ms=8.236
kiln_profile_gdn_stage layer=2 stage=out_proj seq_len=18 start_pos=0 elapsed_ms=9.959
kiln_profile_gdn_stage layer=1 stage=out_proj seq_len=19 start_pos=0 elapsed_ms=9.736
kiln_profile_gdn_stage layer=4 stage=post_transpose seq_len=18 start_pos=0 elapsed_ms=0.003
kiln_profile_gdn_stage layer=2 stage=qkv_conv_split_norm seq_len=18 start_pos=0 elapsed_ms=15.408
kiln_profile_gdn_stage layer=2 stage=recurrent seq_len=18 start_pos=0 elapsed_ms=2.879
kiln_profile_gdn_stage layer=4 stage=gated_norm seq_len=18 start_pos=0 elapsed_ms=9.349
kiln_profile_gdn_stage layer=2 stage=in_proj seq_len=18 start_pos=0 elapsed_ms=15.672
kiln_profile_gdn_stage layer=2 stage=post_transpose seq_len=18 start_pos=0 elapsed_ms=0.002
kiln_profile_gdn_stage layer=2 stage=gates seq_len=18 start_pos=0 elapsed_ms=13.463
kiln_profile_gdn_stage layer=4 stage=out_proj seq_len=18 start_pos=0 elapsed_ms=2.247
kiln_profile_gdn_stage layer=2 stage=gated_norm seq_len=18 start_pos=0 elapsed_ms=0.387
kiln_profile_gdn_stage layer=2 stage=qkv_conv_split_norm seq_len=18 start_pos=0 elapsed_ms=17.802
kiln_profile_gdn_stage layer=2 stage=out_proj seq_len=18 start_pos=0 elapsed_ms=18.267
kiln_profile_gdn_stage layer=2 stage=recurrent seq_len=18 start_pos=0 elapsed_ms=18.062
kiln_profile_gdn_stage layer=2 stage=gates seq_len=18 start_pos=0 elapsed_ms=5.122
kiln_profile_gdn_stage layer=2 stage=post_transpose seq_len=18 start_pos=0 elapsed_ms=0.002
kiln_profile_gdn_stage layer=2 stage=in_proj seq_len=18 start_pos=0 elapsed_ms=27.914
kiln_profile_gdn_stage layer=2 stage=gated_norm seq_len=18 start_pos=0 elapsed_ms=6.260
kiln_profile_gdn_stage layer=2 stage=out_proj seq_len=18 start_pos=0 elapsed_ms=1.314
kiln_profile_gdn_stage layer=2 stage=recurrent seq_len=18 start_pos=0 elapsed_ms=11.818
kiln_profile_gdn_stage layer=2 stage=post_transpose seq_len=18 start_pos=0 elapsed_ms=0.002
kiln_profile_gdn_stage layer=5 stage=in_proj seq_len=18 start_pos=0 elapsed_ms=9.387
kiln_profile_gdn_stage layer=2 stage=in_proj seq_len=19 start_pos=0 elapsed_ms=14.594
kiln_profile_gdn_stage layer=2 stage=qkv_conv_split_norm seq_len=19 start_pos=0 elapsed_ms=5.453
kiln_profile_gdn_stage layer=2 stage=qkv_conv_split_norm seq_len=18 start_pos=0 elapsed_ms=9.800
kiln_profile_gdn_stage layer=2 stage=gates seq_len=18 start_pos=0 elapsed_ms=0.195
kiln_profile_gdn_stage layer=2 stage=recurrent seq_len=18 start_pos=0 elapsed_ms=0.495
kiln_profile_gdn_stage layer=2 stage=post_transpose seq_len=18 start_pos=0 elapsed_ms=0.001
kiln_profile_gdn_stage layer=2 stage=gated_norm seq_len=18 start_pos=0 elapsed_ms=2.264
kiln_profile_gdn_stage layer=2 stage=gates seq_len=19 start_pos=0 elapsed_ms=4.683
kiln_profile_gdn_stage layer=2 stage=out_proj seq_len=18 start_pos=0 elapsed_ms=2.494
kiln_profile_gdn_stage layer=2 stage=gated_norm seq_len=18 start_pos=0 elapsed_ms=3.857
kiln_profile_gdn_stage layer=2 stage=out_proj seq_len=18 start_pos=0 elapsed_ms=1.123
kiln_profile_gdn_stage layer=2 stage=recurrent seq_len=19 start_pos=0 elapsed_ms=9.052
kiln_profile_gdn_stage layer=2 stage=post_transpose seq_len=19 start_pos=0 elapsed_ms=0.003
kiln_profile_gdn_stage layer=5 stage=qkv_conv_split_norm seq_len=18 start_pos=0 elapsed_ms=22.988
kiln_profile_gdn_stage layer=2 stage=gated_norm seq_len=19 start_pos=0 elapsed_ms=1.395
kiln_profile_gdn_stage layer=2 stage=out_proj seq_len=19 start_pos=0 elapsed_ms=3.055
kiln_profile_gdn_stage layer=5 stage=gates seq_len=18 start_pos=0 elapsed_ms=29.924
kiln_profile_gdn_stage layer=5 stage=recurrent seq_len=18 start_pos=0 elapsed_ms=1.477
kiln_profile_gdn_stage layer=5 stage=post_transpose seq_len=18 start_pos=0 elapsed_ms=0.003
kiln_profile_gdn_stage layer=5 stage=gated_norm seq_len=18 start_pos=0 elapsed_ms=1.672
kiln_profile_gdn_stage layer=5 stage=out_proj seq_len=18 start_pos=0 elapsed_ms=30.468
kiln_profile_gdn_stage layer=4 stage=in_proj seq_len=18 start_pos=0 elapsed_ms=7.950
kiln_profile_gdn_stage layer=4 stage=qkv_conv_split_norm seq_len=18 start_pos=0 elapsed_ms=18.669
kiln_profile_gdn_stage layer=4 stage=in_proj seq_len=18 start_pos=0 elapsed_ms=6.765
kiln_profile_gdn_stage layer=4 stage=in_proj seq_len=18 start_pos=0 elapsed_ms=33.674
kiln_profile_gdn_stage layer=4 stage=gates seq_len=18 start_pos=0 elapsed_ms=7.837
kiln_profile_gdn_stage layer=4 stage=qkv_conv_split_norm seq_len=18 start_pos=0 elapsed_ms=10.904
kiln_profile_gdn_stage layer=4 stage=in_proj seq_len=18 start_pos=0 elapsed_ms=19.945
kiln_profile_gdn_stage layer=6 stage=in_proj seq_len=18 start_pos=0 elapsed_ms=18.023
kiln_profile_gdn_stage layer=4 stage=recurrent seq_len=18 start_pos=0 elapsed_ms=5.190
kiln_profile_gdn_stage layer=4 stage=qkv_conv_split_norm seq_len=18 start_pos=0 elapsed_ms=7.085
kiln_profile_gdn_stage layer=4 stage=post_transpose seq_len=18 start_pos=0 elapsed_ms=0.003
kiln_profile_gdn_stage layer=4 stage=gates seq_len=18 start_pos=0 elapsed_ms=11.525
kiln_profile_gdn_stage layer=6 stage=qkv_conv_split_norm seq_len=18 start_pos=0 elapsed_ms=5.824
kiln_profile_gdn_stage layer=4 stage=recurrent seq_len=18 start_pos=0 elapsed_ms=9.861
kiln_profile_gdn_stage layer=4 stage=qkv_conv_split_norm seq_len=18 start_pos=0 elapsed_ms=23.425
kiln_profile_gdn_stage layer=4 stage=gates seq_len=18 start_pos=0 elapsed_ms=12.582
kiln_profile_gdn_stage layer=4 stage=post_transpose seq_len=18 start_pos=0 elapsed_ms=0.004
kiln_profile_gdn_stage layer=4 stage=recurrent seq_len=18 start_pos=0 elapsed_ms=0.804
kiln_profile_gdn_stage layer=4 stage=gated_norm seq_len=18 start_pos=0 elapsed_ms=8.290
kiln_profile_gdn_stage layer=4 stage=post_transpose seq_len=18 start_pos=0 elapsed_ms=0.005
kiln_profile_gdn_stage layer=6 stage=gates seq_len=18 start_pos=0 elapsed_ms=5.203
kiln_profile_gdn_stage layer=4 stage=gates seq_len=18 start_pos=0 elapsed_ms=8.242
kiln_profile_gdn_stage layer=4 stage=gated_norm seq_len=18 start_pos=0 elapsed_ms=8.734
kiln_profile_gdn_stage layer=4 stage=in_proj seq_len=18 start_pos=0 elapsed_ms=17.419
kiln_profile_gdn_stage layer=4 stage=gated_norm seq_len=18 start_pos=0 elapsed_ms=3.485
kiln_profile_gdn_stage layer=4 stage=out_proj seq_len=18 start_pos=0 elapsed_ms=5.378
kiln_profile_gdn_stage layer=4 stage=in_proj seq_len=18 start_pos=0 elapsed_ms=8.239
kiln_profile_gdn_stage layer=4 stage=out_proj seq_len=18 start_pos=0 elapsed_ms=1.508
kiln_profile_gdn_stage layer=6 stage=recurrent seq_len=18 start_pos=0 elapsed_ms=5.794
kiln_profile_gdn_stage layer=4 stage=in_proj seq_len=19 start_pos=0 elapsed_ms=13.734
kiln_profile_gdn_stage layer=6 stage=post_transpose seq_len=18 start_pos=0 elapsed_ms=0.001
kiln_profile_gdn_stage layer=4 stage=qkv_conv_split_norm seq_len=18 start_pos=0 elapsed_ms=3.666
kiln_profile_gdn_stage layer=4 stage=recurrent seq_len=18 start_pos=0 elapsed_ms=6.264
kiln_profile_gdn_stage layer=4 stage=post_transpose seq_len=18 start_pos=0 elapsed_ms=0.002
kiln_profile_gdn_stage layer=4 stage=out_proj seq_len=18 start_pos=0 elapsed_ms=6.262
kiln_profile_gdn_stage layer=4 stage=qkv_conv_split_norm seq_len=18 start_pos=0 elapsed_ms=8.517
kiln_profile_gdn_stage layer=4 stage=gated_norm seq_len=18 start_pos=0 elapsed_ms=21.438
kiln_profile_gdn_stage layer=4 stage=gates seq_len=18 start_pos=0 elapsed_ms=19.183
kiln_profile_gdn_stage layer=6 stage=gated_norm seq_len=18 start_pos=0 elapsed_ms=24.674
kiln_profile_gdn_stage layer=4 stage=qkv_conv_split_norm seq_len=19 start_pos=0 elapsed_ms=27.276
kiln_profile_gdn_stage layer=4 stage=gates seq_len=18 start_pos=0 elapsed_ms=30.200
kiln_profile_gdn_stage layer=4 stage=out_proj seq_len=18 start_pos=0 elapsed_ms=6.775
kiln_profile_gdn_stage layer=6 stage=out_proj seq_len=18 start_pos=0 elapsed_ms=10.378
kiln_profile_gdn_stage layer=4 stage=recurrent seq_len=18 start_pos=0 elapsed_ms=10.753
kiln_profile_gdn_stage layer=4 stage=post_transpose seq_len=18 start_pos=0 elapsed_ms=0.003
kiln_profile_gdn_stage layer=5 stage=in_proj seq_len=18 start_pos=0 elapsed_ms=17.559
kiln_profile_gdn_stage layer=4 stage=gates seq_len=19 start_pos=0 elapsed_ms=2.321
kiln_profile_gdn_stage layer=5 stage=in_proj seq_len=18 start_pos=0 elapsed_ms=18.033
kiln_profile_gdn_stage layer=4 stage=recurrent seq_len=18 start_pos=0 elapsed_ms=8.600
kiln_profile_gdn_stage layer=4 stage=post_transpose seq_len=18 start_pos=0 elapsed_ms=0.004
kiln_profile_gdn_stage layer=4 stage=gated_norm seq_len=18 start_pos=0 elapsed_ms=8.115
kiln_profile_gdn_stage layer=5 stage=in_proj seq_len=18 start_pos=0 elapsed_ms=32.200
kiln_profile_gdn_stage layer=4 stage=gated_norm seq_len=18 start_pos=0 elapsed_ms=8.514
kiln_profile_gdn_stage layer=4 stage=recurrent seq_len=19 start_pos=0 elapsed_ms=7.858
kiln_profile_gdn_stage layer=5 stage=qkv_conv_split_norm seq_len=18 start_pos=0 elapsed_ms=9.552
kiln_profile_gdn_stage layer=5 stage=qkv_conv_split_norm seq_len=18 start_pos=0 elapsed_ms=9.083
kiln_profile_gdn_stage layer=4 stage=post_transpose seq_len=19 start_pos=0 elapsed_ms=0.007
kiln_profile_gdn_stage layer=5 stage=qkv_conv_split_norm seq_len=18 start_pos=0 elapsed_ms=3.309
kiln_profile_gdn_stage layer=5 stage=gates seq_len=18 start_pos=0 elapsed_ms=0.300
kiln_profile_gdn_stage layer=5 stage=recurrent seq_len=18 start_pos=0 elapsed_ms=0.611
kiln_profile_gdn_stage layer=5 stage=gates seq_len=18 start_pos=0 elapsed_ms=0.255
kiln_profile_gdn_stage layer=5 stage=post_transpose seq_len=18 start_pos=0 elapsed_ms=0.003
kiln_profile_gdn_stage layer=4 stage=out_proj seq_len=18 start_pos=0 elapsed_ms=9.621
kiln_profile_gdn_stage layer=5 stage=gates seq_len=18 start_pos=0 elapsed_ms=6.300
kiln_profile_gdn_stage layer=4 stage=out_proj seq_len=18 start_pos=0 elapsed_ms=9.841
kiln_profile_gdn_stage layer=5 stage=recurrent seq_len=18 start_pos=0 elapsed_ms=7.983
kiln_profile_gdn_stage layer=5 stage=gated_norm seq_len=18 start_pos=0 elapsed_ms=2.579
kiln_profile_gdn_stage layer=5 stage=post_transpose seq_len=18 start_pos=0 elapsed_ms=0.005
kiln_profile_gdn_stage layer=4 stage=gated_norm seq_len=19 start_pos=0 elapsed_ms=16.721
kiln_profile_gdn_stage layer=5 stage=in_proj seq_len=18 start_pos=0 elapsed_ms=15.792
kiln_profile_gdn_stage layer=4 stage=out_proj seq_len=19 start_pos=0 elapsed_ms=4.070
kiln_profile_gdn_stage layer=5 stage=gated_norm seq_len=18 start_pos=0 elapsed_ms=2.820
kiln_profile_gdn_stage layer=5 stage=recurrent seq_len=18 start_pos=0 elapsed_ms=16.837
kiln_profile_gdn_stage layer=5 stage=post_transpose seq_len=18 start_pos=0 elapsed_ms=0.002
kiln_profile_gdn_stage layer=5 stage=out_proj seq_len=18 start_pos=0 elapsed_ms=22.112
kiln_profile_gdn_stage layer=5 stage=out_proj seq_len=18 start_pos=0 elapsed_ms=7.776
kiln_profile_gdn_stage layer=5 stage=gated_norm seq_len=18 start_pos=0 elapsed_ms=8.202
kiln_profile_gdn_stage layer=5 stage=out_proj seq_len=18 start_pos=0 elapsed_ms=6.296
kiln_profile_gdn_stage layer=5 stage=qkv_conv_split_norm seq_len=18 start_pos=0 elapsed_ms=39.108
kiln_profile_gdn_stage layer=5 stage=gates seq_len=18 start_pos=0 elapsed_ms=13.824
kiln_profile_gdn_stage layer=5 stage=recurrent seq_len=18 start_pos=0 elapsed_ms=6.492
kiln_profile_gdn_stage layer=5 stage=in_proj seq_len=19 start_pos=0 elapsed_ms=29.943
kiln_profile_gdn_stage layer=5 stage=in_proj seq_len=18 start_pos=0 elapsed_ms=20.724
kiln_profile_gdn_stage layer=5 stage=post_transpose seq_len=18 start_pos=0 elapsed_ms=0.003
kiln_profile_gdn_stage layer=8 stage=in_proj seq_len=18 start_pos=0 elapsed_ms=7.609
kiln_profile_gdn_stage layer=6 stage=in_proj seq_len=18 start_pos=0 elapsed_ms=25.953
kiln_profile_gdn_stage layer=6 stage=in_proj seq_len=18 start_pos=0 elapsed_ms=30.917
kiln_profile_gdn_stage layer=5 stage=in_proj seq_len=18 start_pos=0 elapsed_ms=38.819
kiln_profile_gdn_stage layer=8 stage=qkv_conv_split_norm seq_len=18 start_pos=0 elapsed_ms=1.382
kiln_profile_gdn_stage layer=5 stage=qkv_conv_split_norm seq_len=18 start_pos=0 elapsed_ms=27.654
kiln_profile_gdn_stage layer=5 stage=gated_norm seq_len=18 start_pos=0 elapsed_ms=1.043
kiln_profile_gdn_stage layer=5 stage=gates seq_len=18 start_pos=0 elapsed_ms=0.213
kiln_profile_gdn_stage layer=5 stage=out_proj seq_len=18 start_pos=0 elapsed_ms=2.040
kiln_profile_gdn_stage layer=8 stage=gates seq_len=18 start_pos=0 elapsed_ms=3.633
kiln_profile_gdn_stage layer=5 stage=recurrent seq_len=18 start_pos=0 elapsed_ms=2.904
kiln_profile_gdn_stage layer=6 stage=qkv_conv_split_norm seq_len=18 start_pos=0 elapsed_ms=2.047
kiln_profile_gdn_stage layer=5 stage=post_transpose seq_len=18 start_pos=0 elapsed_ms=0.002
kiln_profile_gdn_stage layer=6 stage=qkv_conv_split_norm seq_len=18 start_pos=0 elapsed_ms=7.221
kiln_profile_gdn_stage layer=5 stage=qkv_conv_split_norm seq_len=19 start_pos=0 elapsed_ms=31.227
kiln_profile_gdn_stage layer=5 stage=gated_norm seq_len=18 start_pos=0 elapsed_ms=3.678
kiln_profile_gdn_stage layer=6 stage=gates seq_len=18 start_pos=0 elapsed_ms=1.604
kiln_profile_gdn_stage layer=5 stage=qkv_conv_split_norm seq_len=18 start_pos=0 elapsed_ms=6.201
kiln_profile_gdn_stage layer=5 stage=out_proj seq_len=18 start_pos=0 elapsed_ms=1.353
kiln_profile_gdn_stage layer=6 stage=gates seq_len=18 start_pos=0 elapsed_ms=4.107
kiln_profile_gdn_stage layer=5 stage=gates seq_len=18 start_pos=0 elapsed_ms=0.184
kiln_profile_gdn_stage layer=6 stage=in_proj seq_len=18 start_pos=0 elapsed_ms=8.553
kiln_profile_gdn_stage layer=6 stage=recurrent seq_len=18 start_pos=0 elapsed_ms=1.004
kiln_profile_gdn_stage layer=6 stage=post_transpose seq_len=18 start_pos=0 elapsed_ms=0.001
kiln_profile_gdn_stage layer=6 stage=gated_norm seq_len=18 start_pos=0 elapsed_ms=0.214
kiln_profile_gdn_stage layer=5 stage=gates seq_len=19 start_pos=0 elapsed_ms=1.085
kiln_profile_gdn_stage layer=8 stage=recurrent seq_len=18 start_pos=0 elapsed_ms=7.503
kiln_profile_gdn_stage layer=6 stage=recurrent seq_len=18 start_pos=0 elapsed_ms=0.873
kiln_profile_gdn_stage layer=6 stage=out_proj seq_len=18 start_pos=0 elapsed_ms=2.100
kiln_profile_gdn_stage layer=8 stage=post_transpose seq_len=18 start_pos=0 elapsed_ms=0.005
kiln_profile_gdn_stage layer=6 stage=qkv_conv_split_norm seq_len=18 start_pos=0 elapsed_ms=8.072
kiln_profile_gdn_stage layer=6 stage=post_transpose seq_len=18 start_pos=0 elapsed_ms=15.585
kiln_profile_gdn_stage layer=5 stage=recurrent seq_len=19 start_pos=0 elapsed_ms=6.570
kiln_profile_gdn_stage layer=5 stage=post_transpose seq_len=19 start_pos=0 elapsed_ms=0.003
kiln_profile_gdn_stage layer=6 stage=gates seq_len=18 start_pos=0 elapsed_ms=7.150
kiln_profile_gdn_stage layer=5 stage=recurrent seq_len=18 start_pos=0 elapsed_ms=22.701
kiln_profile_gdn_stage layer=5 stage=gated_norm seq_len=19 start_pos=0 elapsed_ms=0.268
kiln_profile_gdn_stage layer=6 stage=in_proj seq_len=18 start_pos=0 elapsed_ms=13.196
kiln_profile_gdn_stage layer=6 stage=recurrent seq_len=18 start_pos=0 elapsed_ms=0.562
kiln_profile_gdn_stage layer=5 stage=post_transpose seq_len=18 start_pos=0 elapsed_ms=0.002
kiln_profile_gdn_stage layer=6 stage=post_transpose seq_len=18 start_pos=0 elapsed_ms=0.003
kiln_profile_gdn_stage layer=6 stage=gated_norm seq_len=18 start_pos=0 elapsed_ms=4.631
kiln_profile_gdn_stage layer=6 stage=gated_norm seq_len=18 start_pos=0 elapsed_ms=4.126
kiln_profile_gdn_stage layer=5 stage=out_proj seq_len=19 start_pos=0 elapsed_ms=7.088
kiln_profile_gdn_stage layer=6 stage=out_proj seq_len=18 start_pos=0 elapsed_ms=3.367
kiln_profile_gdn_stage layer=5 stage=gated_norm seq_len=18 start_pos=0 elapsed_ms=3.196
kiln_profile_gdn_stage layer=6 stage=qkv_conv_split_norm seq_len=18 start_pos=0 elapsed_ms=5.300
kiln_profile_gdn_stage layer=8 stage=gated_norm seq_len=18 start_pos=0 elapsed_ms=26.642
kiln_profile_gdn_stage layer=6 stage=out_proj seq_len=18 start_pos=0 elapsed_ms=1.324
kiln_profile_gdn_stage layer=8 stage=out_proj seq_len=18 start_pos=0 elapsed_ms=2.965
kiln_profile_gdn_stage layer=6 stage=gates seq_len=18 start_pos=0 elapsed_ms=14.968
kiln_profile_gdn_stage layer=5 stage=out_proj seq_len=18 start_pos=0 elapsed_ms=16.549
kiln_profile_gdn_stage layer=6 stage=recurrent seq_len=18 start_pos=0 elapsed_ms=13.442
kiln_profile_gdn_stage layer=6 stage=post_transpose seq_len=18 start_pos=0 elapsed_ms=0.004
kiln_profile_gdn_stage layer=6 stage=gated_norm seq_len=18 start_pos=0 elapsed_ms=0.843
kiln_profile_gdn_stage layer=6 stage=in_proj seq_len=18 start_pos=0 elapsed_ms=38.953
kiln_profile_gdn_stage layer=6 stage=out_proj seq_len=18 start_pos=0 elapsed_ms=32.763
kiln_profile_gdn_stage layer=6 stage=qkv_conv_split_norm seq_len=18 start_pos=0 elapsed_ms=34.307
kiln_profile_gdn_stage layer=6 stage=in_proj seq_len=19 start_pos=0 elapsed_ms=18.057
kiln_profile_gdn_stage layer=9 stage=in_proj seq_len=18 start_pos=0 elapsed_ms=44.530
kiln_profile_gdn_stage layer=6 stage=gates seq_len=18 start_pos=0 elapsed_ms=19.372
kiln_profile_gdn_stage layer=6 stage=in_proj seq_len=18 start_pos=0 elapsed_ms=24.874
kiln_profile_gdn_stage layer=6 stage=recurrent seq_len=18 start_pos=0 elapsed_ms=3.878
kiln_profile_gdn_stage layer=6 stage=post_transpose seq_len=18 start_pos=0 elapsed_ms=0.003
kiln_profile_gdn_stage layer=9 stage=qkv_conv_split_norm seq_len=18 start_pos=0 elapsed_ms=4.687
kiln_profile_gdn_stage layer=6 stage=gated_norm seq_len=18 start_pos=0 elapsed_ms=1.435
kiln_profile_gdn_stage layer=6 stage=qkv_conv_split_norm seq_len=18 start_pos=0 elapsed_ms=2.219
kiln_profile_gdn_stage layer=6 stage=out_proj seq_len=18 start_pos=0 elapsed_ms=1.977
kiln_profile_gdn_stage layer=9 stage=gates seq_len=18 start_pos=0 elapsed_ms=1.956
kiln_profile_gdn_stage layer=6 stage=qkv_conv_split_norm seq_len=19 start_pos=0 elapsed_ms=9.381
kiln_profile_gdn_stage layer=6 stage=gates seq_len=18 start_pos=0 elapsed_ms=1.450
kiln_profile_gdn_stage layer=9 stage=recurrent seq_len=18 start_pos=0 elapsed_ms=6.163
kiln_profile_gdn_stage layer=9 stage=post_transpose seq_len=18 start_pos=0 elapsed_ms=0.003
kiln_profile_gdn_stage layer=6 stage=gates seq_len=19 start_pos=0 elapsed_ms=8.304
kiln_profile_gdn_stage layer=6 stage=recurrent seq_len=18 start_pos=0 elapsed_ms=5.838
kiln_profile_gdn_stage layer=6 stage=post_transpose seq_len=18 start_pos=0 elapsed_ms=0.002
kiln_profile_gdn_stage layer=6 stage=gated_norm seq_len=18 start_pos=0 elapsed_ms=1.280
kiln_profile_gdn_stage layer=9 stage=gated_norm seq_len=18 start_pos=0 elapsed_ms=6.348
kiln_profile_gdn_stage layer=9 stage=out_proj seq_len=18 start_pos=0 elapsed_ms=2.610
kiln_profile_gdn_stage layer=6 stage=out_proj seq_len=18 start_pos=0 elapsed_ms=32.194
kiln_profile_gdn_stage layer=8 stage=in_proj seq_len=18 start_pos=0 elapsed_ms=30.498
kiln_profile_gdn_stage layer=8 stage=qkv_conv_split_norm seq_len=18 start_pos=0 elapsed_ms=1.081
kiln_profile_gdn_stage layer=10 stage=in_proj seq_len=18 start_pos=0 elapsed_ms=31.819
kiln_profile_gdn_stage layer=6 stage=recurrent seq_len=19 start_pos=0 elapsed_ms=61.848
kiln_profile_gdn_stage layer=6 stage=post_transpose seq_len=19 start_pos=0 elapsed_ms=0.003
kiln_profile_gdn_stage layer=8 stage=gates seq_len=18 start_pos=0 elapsed_ms=4.407
kiln_profile_gdn_stage layer=6 stage=gated_norm seq_len=19 start_pos=0 elapsed_ms=2.648
kiln_profile_gdn_stage layer=6 stage=out_proj seq_len=19 start_pos=0 elapsed_ms=1.811
kiln_profile_gdn_stage layer=8 stage=in_proj seq_len=18 start_pos=0 elapsed_ms=18.146
kiln_profile_gdn_stage layer=8 stage=recurrent seq_len=18 start_pos=0 elapsed_ms=5.276
kiln_profile_gdn_stage layer=8 stage=post_transpose seq_len=18 start_pos=0 elapsed_ms=0.002
kiln_profile_gdn_stage layer=10 stage=qkv_conv_split_norm seq_len=18 start_pos=0 elapsed_ms=14.253
kiln_profile_gdn_stage layer=8 stage=qkv_conv_split_norm seq_len=18 start_pos=0 elapsed_ms=18.155
kiln_profile_gdn_stage layer=10 stage=gates seq_len=18 start_pos=0 elapsed_ms=18.772
kiln_profile_gdn_stage layer=8 stage=gated_norm seq_len=18 start_pos=0 elapsed_ms=10.291
kiln_profile_gdn_stage layer=8 stage=gates seq_len=18 start_pos=0 elapsed_ms=6.273
kiln_profile_gdn_stage layer=10 stage=recurrent seq_len=18 start_pos=0 elapsed_ms=5.448
kiln_profile_gdn_stage layer=8 stage=in_proj seq_len=18 start_pos=0 elapsed_ms=22.096
kiln_profile_gdn_stage layer=8 stage=out_proj seq_len=18 start_pos=0 elapsed_ms=10.515
kiln_profile_gdn_stage layer=10 stage=post_transpose seq_len=18 start_pos=0 elapsed_ms=0.002
kiln_profile_gdn_stage layer=8 stage=recurrent seq_len=18 start_pos=0 elapsed_ms=5.001
kiln_profile_gdn_stage layer=8 stage=post_transpose seq_len=18 start_pos=0 elapsed_ms=0.002
kiln_profile_gdn_stage layer=10 stage=gated_norm seq_len=18 start_pos=0 elapsed_ms=0.222
kiln_profile_gdn_stage layer=8 stage=gated_norm seq_len=18 start_pos=0 elapsed_ms=0.234
kiln_profile_gdn_stage layer=8 stage=out_proj seq_len=18 start_pos=0 elapsed_ms=1.363
kiln_profile_gdn_stage layer=8 stage=in_proj seq_len=18 start_pos=0 elapsed_ms=10.052
kiln_profile_gdn_stage layer=8 stage=qkv_conv_split_norm seq_len=18 start_pos=0 elapsed_ms=7.979
kiln_profile_gdn_stage layer=8 stage=in_proj seq_len=18 start_pos=0 elapsed_ms=6.250
kiln_profile_gdn_stage layer=8 stage=qkv_conv_split_norm seq_len=18 start_pos=0 elapsed_ms=9.619
kiln_profile_gdn_stage layer=10 stage=out_proj seq_len=18 start_pos=0 elapsed_ms=24.163
kiln_profile_gdn_stage layer=8 stage=qkv_conv_split_norm seq_len=18 start_pos=0 elapsed_ms=11.634
kiln_profile_gdn_stage layer=8 stage=gates seq_len=18 start_pos=0 elapsed_ms=11.877
kiln_profile_gdn_stage layer=8 stage=gates seq_len=18 start_pos=0 elapsed_ms=7.386
kiln_profile_gdn_stage layer=8 stage=recurrent seq_len=18 start_pos=0 elapsed_ms=7.476
kiln_profile_gdn_stage layer=8 stage=post_transpose seq_len=18 start_pos=0 elapsed_ms=0.002
kiln_profile_gdn_stage layer=8 stage=gated_norm seq_len=18 start_pos=0 elapsed_ms=0.401
kiln_profile_gdn_stage layer=8 stage=out_proj seq_len=18 start_pos=0 elapsed_ms=1.249
kiln_profile_gdn_stage layer=8 stage=recurrent seq_len=18 start_pos=0 elapsed_ms=13.874
kiln_profile_gdn_stage layer=8 stage=post_transpose seq_len=18 start_pos=0 elapsed_ms=0.002
kiln_profile_gdn_stage layer=8 stage=gates seq_len=18 start_pos=0 elapsed_ms=24.553
kiln_profile_gdn_stage layer=9 stage=in_proj seq_len=18 start_pos=0 elapsed_ms=15.939
kiln_profile_gdn_stage layer=8 stage=recurrent seq_len=18 start_pos=0 elapsed_ms=6.339
kiln_profile_gdn_stage layer=8 stage=post_transpose seq_len=18 start_pos=0 elapsed_ms=0.001
kiln_profile_gdn_stage layer=8 stage=in_proj seq_len=18 start_pos=0 elapsed_ms=12.213
kiln_profile_gdn_stage layer=8 stage=gated_norm seq_len=18 start_pos=0 elapsed_ms=2.514
kiln_profile_gdn_stage layer=9 stage=in_proj seq_len=18 start_pos=0 elapsed_ms=38.169
kiln_profile_gdn_stage layer=9 stage=qkv_conv_split_norm seq_len=18 start_pos=0 elapsed_ms=5.667
kiln_profile_gdn_stage layer=8 stage=out_proj seq_len=18 start_pos=0 elapsed_ms=1.308
kiln_profile_gdn_stage layer=8 stage=gated_norm seq_len=18 start_pos=0 elapsed_ms=10.355
kiln_profile_gdn_stage layer=9 stage=gates seq_len=18 start_pos=0 elapsed_ms=4.666
kiln_profile_gdn_stage layer=9 stage=qkv_conv_split_norm seq_len=18 start_pos=0 elapsed_ms=16.298
kiln_profile_gdn_stage layer=8 stage=qkv_conv_split_norm seq_len=18 start_pos=0 elapsed_ms=13.477
kiln_profile_gdn_stage layer=8 stage=gates seq_len=18 start_pos=0 elapsed_ms=0.155
kiln_profile_gdn_stage layer=8 stage=recurrent seq_len=18 start_pos=0 elapsed_ms=0.502
kiln_profile_gdn_stage layer=8 stage=post_transpose seq_len=18 start_pos=0 elapsed_ms=0.001
kiln_profile_gdn_stage layer=9 stage=gates seq_len=18 start_pos=0 elapsed_ms=1.108
kiln_profile_gdn_stage layer=9 stage=recurrent seq_len=18 start_pos=0 elapsed_ms=0.515
kiln_profile_gdn_stage layer=9 stage=post_transpose seq_len=18 start_pos=0 elapsed_ms=0.001
kiln_profile_gdn_stage layer=9 stage=gated_norm seq_len=18 start_pos=0 elapsed_ms=0.196
kiln_profile_gdn_stage layer=9 stage=recurrent seq_len=18 start_pos=0 elapsed_ms=2.588
kiln_profile_gdn_stage layer=8 stage=out_proj seq_len=18 start_pos=0 elapsed_ms=11.820
kiln_profile_gdn_stage layer=9 stage=post_transpose seq_len=18 start_pos=0 elapsed_ms=0.003
kiln_profile_gdn_stage layer=8 stage=gated_norm seq_len=18 start_pos=0 elapsed_ms=8.033
kiln_profile_gdn_stage layer=9 stage=out_proj seq_len=18 start_pos=0 elapsed_ms=7.040
kiln_profile_gdn_stage layer=8 stage=out_proj seq_len=18 start_pos=0 elapsed_ms=1.119
kiln_profile_gdn_stage layer=9 stage=gated_norm seq_len=18 start_pos=0 elapsed_ms=7.876
kiln_profile_gdn_stage layer=9 stage=out_proj seq_len=18 start_pos=0 elapsed_ms=1.255
kiln_profile_gdn_stage layer=9 stage=in_proj seq_len=18 start_pos=0 elapsed_ms=6.084
kiln_profile_gdn_stage layer=8 stage=in_proj seq_len=19 start_pos=0 elapsed_ms=52.485
kiln_profile_gdn_stage layer=10 stage=in_proj seq_len=18 start_pos=0 elapsed_ms=5.513
kiln_profile_gdn_stage layer=9 stage=qkv_conv_split_norm seq_len=18 start_pos=0 elapsed_ms=34.659
kiln_profile_gdn_stage layer=10 stage=in_proj seq_len=18 start_pos=0 elapsed_ms=16.614
kiln_profile_gdn_stage layer=9 stage=in_proj seq_len=18 start_pos=0 elapsed_ms=21.110
kiln_profile_gdn_stage layer=10 stage=qkv_conv_split_norm seq_len=18 start_pos=0 elapsed_ms=8.193
kiln_profile_gdn_stage layer=9 stage=in_proj seq_len=18 start_pos=0 elapsed_ms=7.154
kiln_profile_gdn_stage layer=9 stage=gates seq_len=18 start_pos=0 elapsed_ms=2.310
kiln_profile_gdn_stage layer=9 stage=qkv_conv_split_norm seq_len=18 start_pos=0 elapsed_ms=3.125
kiln_profile_gdn_stage layer=10 stage=gates seq_len=18 start_pos=0 elapsed_ms=1.704
kiln_profile_gdn_stage layer=9 stage=gates seq_len=18 start_pos=0 elapsed_ms=1.682
kiln_profile_gdn_stage layer=10 stage=qkv_conv_split_norm seq_len=18 start_pos=0 elapsed_ms=5.761
kiln_profile_gdn_stage layer=8 stage=qkv_conv_split_norm seq_len=19 start_pos=0 elapsed_ms=16.408
kiln_profile_gdn_stage layer=10 stage=recurrent seq_len=18 start_pos=0 elapsed_ms=2.086
kiln_profile_gdn_stage layer=10 stage=post_transpose seq_len=18 start_pos=0 elapsed_ms=0.002
kiln_profile_gdn_stage layer=10 stage=gates seq_len=18 start_pos=0 elapsed_ms=2.341
kiln_profile_gdn_stage layer=8 stage=gates seq_len=19 start_pos=0 elapsed_ms=2.154
kiln_profile_gdn_stage layer=8 stage=recurrent seq_len=19 start_pos=0 elapsed_ms=0.589
kiln_profile_gdn_stage layer=9 stage=recurrent seq_len=18 start_pos=0 elapsed_ms=0.569
kiln_profile_gdn_stage layer=10 stage=recurrent seq_len=18 start_pos=0 elapsed_ms=2.954
kiln_profile_gdn_stage layer=9 stage=post_transpose seq_len=18 start_pos=0 elapsed_ms=0.002
kiln_profile_gdn_stage layer=9 stage=in_proj seq_len=18 start_pos=0 elapsed_ms=6.510
kiln_profile_gdn_stage layer=8 stage=post_transpose seq_len=19 start_pos=0 elapsed_ms=0.002
kiln_profile_gdn_stage layer=10 stage=post_transpose seq_len=18 start_pos=0 elapsed_ms=0.001
kiln_profile_gdn_stage layer=9 stage=recurrent seq_len=18 start_pos=0 elapsed_ms=11.056
kiln_profile_gdn_stage layer=10 stage=gated_norm seq_len=18 start_pos=0 elapsed_ms=0.217
kiln_profile_gdn_stage layer=10 stage=out_proj seq_len=18 start_pos=0 elapsed_ms=1.305
kiln_profile_gdn_stage layer=9 stage=post_transpose seq_len=18 start_pos=0 elapsed_ms=0.001
kiln_profile_gdn_stage layer=9 stage=qkv_conv_split_norm seq_len=18 start_pos=0 elapsed_ms=12.743
kiln_profile_gdn_stage layer=8 stage=gated_norm seq_len=19 start_pos=0 elapsed_ms=0.426
kiln_profile_gdn_stage layer=9 stage=gated_norm seq_len=18 start_pos=0 elapsed_ms=4.785
kiln_profile_gdn_stage layer=9 stage=gated_norm seq_len=18 start_pos=0 elapsed_ms=4.987
kiln_profile_gdn_stage layer=8 stage=out_proj seq_len=19 start_pos=0 elapsed_ms=1.326
kiln_profile_gdn_stage layer=9 stage=qkv_conv_split_norm seq_len=18 start_pos=0 elapsed_ms=8.363
kiln_profile_gdn_stage layer=10 stage=gated_norm seq_len=18 start_pos=0 elapsed_ms=8.310
kiln_profile_gdn_stage layer=9 stage=out_proj seq_len=18 start_pos=0 elapsed_ms=1.346
kiln_profile_gdn_stage layer=9 stage=gates seq_len=18 start_pos=0 elapsed_ms=35.178
kiln_profile_gdn_stage layer=9 stage=in_proj seq_len=19 start_pos=0 elapsed_ms=8.207
kiln_profile_gdn_stage layer=10 stage=out_proj seq_len=18 start_pos=0 elapsed_ms=3.244
kiln_profile_gdn_stage layer=9 stage=out_proj seq_len=18 start_pos=0 elapsed_ms=4.405
kiln_profile_gdn_stage layer=12 stage=in_proj seq_len=18 start_pos=0 elapsed_ms=19.909
kiln_profile_gdn_stage layer=9 stage=gates seq_len=18 start_pos=0 elapsed_ms=4.020
kiln_profile_gdn_stage layer=9 stage=recurrent seq_len=18 start_pos=0 elapsed_ms=5.795
kiln_profile_gdn_stage layer=9 stage=qkv_conv_split_norm seq_len=19 start_pos=0 elapsed_ms=6.614
kiln_profile_gdn_stage layer=10 stage=in_proj seq_len=18 start_pos=0 elapsed_ms=14.181
kiln_profile_gdn_stage layer=9 stage=post_transpose seq_len=18 start_pos=0 elapsed_ms=0.002
kiln_profile_gdn_stage layer=9 stage=gates seq_len=19 start_pos=0 elapsed_ms=11.418
kiln_profile_gdn_stage layer=9 stage=recurrent seq_len=18 start_pos=0 elapsed_ms=13.883
kiln_profile_gdn_stage layer=12 stage=qkv_conv_split_norm seq_len=18 start_pos=0 elapsed_ms=12.086
kiln_profile_gdn_stage layer=9 stage=gated_norm seq_len=18 start_pos=0 elapsed_ms=3.248
kiln_profile_gdn_stage layer=9 stage=out_proj seq_len=18 start_pos=0 elapsed_ms=1.414
kiln_profile_gdn_stage layer=9 stage=post_transpose seq_len=18 start_pos=0 elapsed_ms=0.001
kiln_profile_gdn_stage layer=9 stage=recurrent seq_len=19 start_pos=0 elapsed_ms=4.809
kiln_profile_gdn_stage layer=12 stage=gates seq_len=18 start_pos=0 elapsed_ms=2.573
kiln_profile_gdn_stage layer=9 stage=gated_norm seq_len=18 start_pos=0 elapsed_ms=1.656
kiln_profile_gdn_stage layer=9 stage=post_transpose seq_len=19 start_pos=0 elapsed_ms=0.001
kiln_profile_gdn_stage layer=10 stage=qkv_conv_split_norm seq_len=18 start_pos=0 elapsed_ms=20.182
kiln_profile_gdn_stage layer=10 stage=in_proj seq_len=18 start_pos=0 elapsed_ms=9.694
kiln_profile_gdn_stage layer=9 stage=gated_norm seq_len=19 start_pos=0 elapsed_ms=4.942
kiln_profile_gdn_stage layer=9 stage=out_proj seq_len=18 start_pos=0 elapsed_ms=9.056
kiln_profile_gdn_stage layer=12 stage=recurrent seq_len=18 start_pos=0 elapsed_ms=12.245
kiln_profile_gdn_stage layer=10 stage=gates seq_len=18 start_pos=0 elapsed_ms=6.698
kiln_profile_gdn_stage layer=12 stage=post_transpose seq_len=18 start_pos=0 elapsed_ms=0.004
kiln_profile_gdn_stage layer=10 stage=recurrent seq_len=18 start_pos=0 elapsed_ms=0.551
kiln_profile_gdn_stage layer=10 stage=post_transpose seq_len=18 start_pos=0 elapsed_ms=0.002
kiln_profile_gdn_stage layer=9 stage=out_proj seq_len=19 start_pos=0 elapsed_ms=3.521
kiln_profile_gdn_stage layer=10 stage=qkv_conv_split_norm seq_len=18 start_pos=0 elapsed_ms=6.250
kiln_profile_gdn_stage layer=10 stage=gated_norm seq_len=18 start_pos=0 elapsed_ms=11.904
kiln_profile_gdn_stage layer=10 stage=gates seq_len=18 start_pos=0 elapsed_ms=11.120
kiln_profile_gdn_stage layer=10 stage=in_proj seq_len=18 start_pos=0 elapsed_ms=8.559
kiln_profile_gdn_stage layer=12 stage=gated_norm seq_len=18 start_pos=0 elapsed_ms=20.526
kiln_profile_gdn_stage layer=10 stage=recurrent seq_len=18 start_pos=0 elapsed_ms=9.842
kiln_profile_gdn_stage layer=10 stage=out_proj seq_len=18 start_pos=0 elapsed_ms=3.193
kiln_profile_gdn_stage layer=10 stage=in_proj seq_len=19 start_pos=0 elapsed_ms=14.653
kiln_profile_gdn_stage layer=10 stage=post_transpose seq_len=18 start_pos=0 elapsed_ms=0.002
kiln_profile_gdn_stage layer=10 stage=qkv_conv_split_norm seq_len=18 start_pos=0 elapsed_ms=5.436
kiln_profile_gdn_stage layer=10 stage=qkv_conv_split_norm seq_len=19 start_pos=0 elapsed_ms=14.836
kiln_profile_gdn_stage layer=10 stage=gates seq_len=18 start_pos=0 elapsed_ms=12.520
kiln_profile_gdn_stage layer=10 stage=recurrent seq_len=18 start_pos=0 elapsed_ms=4.638
kiln_profile_gdn_stage layer=10 stage=post_transpose seq_len=18 start_pos=0 elapsed_ms=0.002
kiln_profile_gdn_stage layer=12 stage=out_proj seq_len=18 start_pos=0 elapsed_ms=21.899
kiln_profile_gdn_stage layer=10 stage=gated_norm seq_len=18 start_pos=0 elapsed_ms=2.769
kiln_profile_gdn_stage layer=10 stage=gated_norm seq_len=18 start_pos=0 elapsed_ms=4.656
kiln_profile_gdn_stage layer=10 stage=in_proj seq_len=18 start_pos=0 elapsed_ms=16.113
kiln_profile_gdn_stage layer=10 stage=out_proj seq_len=18 start_pos=0 elapsed_ms=8.933
kiln_profile_gdn_stage layer=12 stage=in_proj seq_len=18 start_pos=0 elapsed_ms=15.082
kiln_profile_gdn_stage layer=10 stage=gates seq_len=19 start_pos=0 elapsed_ms=19.667
kiln_profile_gdn_stage layer=10 stage=out_proj seq_len=18 start_pos=0 elapsed_ms=10.152
kiln_profile_gdn_stage layer=10 stage=recurrent seq_len=19 start_pos=0 elapsed_ms=7.163
kiln_profile_gdn_stage layer=10 stage=qkv_conv_split_norm seq_len=18 start_pos=0 elapsed_ms=9.040
kiln_profile_gdn_stage layer=12 stage=in_proj seq_len=18 start_pos=0 elapsed_ms=21.440
kiln_profile_gdn_stage layer=12 stage=qkv_conv_split_norm seq_len=18 start_pos=0 elapsed_ms=0.570
kiln_profile_gdn_stage layer=10 stage=gates seq_len=18 start_pos=0 elapsed_ms=9.242
kiln_profile_gdn_stage layer=10 stage=post_transpose seq_len=19 start_pos=0 elapsed_ms=0.003
kiln_profile_gdn_stage layer=12 stage=gates seq_len=18 start_pos=0 elapsed_ms=5.802
kiln_profile_gdn_stage layer=10 stage=gated_norm seq_len=19 start_pos=0 elapsed_ms=3.217
kiln_profile_gdn_stage layer=10 stage=recurrent seq_len=18 start_pos=0 elapsed_ms=5.965
kiln_profile_gdn_stage layer=13 stage=in_proj seq_len=18 start_pos=0 elapsed_ms=17.750
kiln_profile_gdn_stage layer=10 stage=out_proj seq_len=19 start_pos=0 elapsed_ms=4.421
kiln_profile_gdn_stage layer=12 stage=recurrent seq_len=18 start_pos=0 elapsed_ms=8.060
kiln_profile_gdn_stage layer=10 stage=post_transpose seq_len=18 start_pos=0 elapsed_ms=0.003
kiln_profile_gdn_stage layer=12 stage=qkv_conv_split_norm seq_len=18 start_pos=0 elapsed_ms=27.988
kiln_profile_gdn_stage layer=12 stage=post_transpose seq_len=18 start_pos=0 elapsed_ms=2.706
kiln_profile_gdn_stage layer=10 stage=gated_norm seq_len=18 start_pos=0 elapsed_ms=2.321
kiln_profile_gdn_stage layer=12 stage=gated_norm seq_len=18 start_pos=0 elapsed_ms=1.843
kiln_profile_gdn_stage layer=12 stage=out_proj seq_len=18 start_pos=0 elapsed_ms=1.794
kiln_profile_gdn_stage layer=12 stage=gates seq_len=18 start_pos=0 elapsed_ms=2.492
kiln_profile_gdn_stage layer=10 stage=out_proj seq_len=18 start_pos=0 elapsed_ms=4.159
kiln_profile_gdn_stage layer=13 stage=qkv_conv_split_norm seq_len=18 start_pos=0 elapsed_ms=10.183
kiln_profile_gdn_stage layer=13 stage=gates seq_len=18 start_pos=0 elapsed_ms=10.469
kiln_profile_gdn_stage layer=13 stage=recurrent seq_len=18 start_pos=0 elapsed_ms=0.630
kiln_profile_gdn_stage layer=12 stage=recurrent seq_len=18 start_pos=0 elapsed_ms=8.875
kiln_profile_gdn_stage layer=13 stage=post_transpose seq_len=18 start_pos=0 elapsed_ms=0.002
kiln_profile_gdn_stage layer=13 stage=gated_norm seq_len=18 start_pos=0 elapsed_ms=4.810
kiln_profile_gdn_stage layer=12 stage=post_transpose seq_len=18 start_pos=0 elapsed_ms=0.002
kiln_profile_gdn_stage layer=13 stage=out_proj seq_len=18 start_pos=0 elapsed_ms=4.392
kiln_profile_gdn_stage layer=12 stage=gated_norm seq_len=18 start_pos=0 elapsed_ms=5.013
kiln_profile_gdn_stage layer=13 stage=in_proj seq_len=18 start_pos=0 elapsed_ms=17.487
kiln_profile_gdn_stage layer=12 stage=out_proj seq_len=18 start_pos=0 elapsed_ms=2.358
kiln_profile_gdn_stage layer=13 stage=qkv_conv_split_norm seq_len=18 start_pos=0 elapsed_ms=1.465
kiln_profile_gdn_stage layer=13 stage=gates seq_len=18 start_pos=0 elapsed_ms=23.475
kiln_profile_gdn_stage layer=13 stage=recurrent seq_len=18 start_pos=0 elapsed_ms=0.984
kiln_profile_gdn_stage layer=14 stage=in_proj seq_len=18 start_pos=0 elapsed_ms=12.654
kiln_profile_gdn_stage layer=13 stage=post_transpose seq_len=18 start_pos=0 elapsed_ms=0.002
kiln_profile_gdn_stage layer=14 stage=qkv_conv_split_norm seq_len=18 start_pos=0 elapsed_ms=16.736
kiln_profile_gdn_stage layer=13 stage=gated_norm seq_len=18 start_pos=0 elapsed_ms=6.049
kiln_profile_gdn_stage layer=14 stage=gates seq_len=18 start_pos=0 elapsed_ms=0.269
kiln_profile_gdn_stage layer=13 stage=out_proj seq_len=18 start_pos=0 elapsed_ms=1.413
kiln_profile_gdn_stage layer=14 stage=recurrent seq_len=18 start_pos=0 elapsed_ms=11.903
kiln_profile_gdn_stage layer=14 stage=post_transpose seq_len=18 start_pos=0 elapsed_ms=0.002
kiln_profile_gdn_stage layer=13 stage=in_proj seq_len=18 start_pos=0 elapsed_ms=28.086
kiln_profile_gdn_stage layer=14 stage=gated_norm seq_len=18 start_pos=0 elapsed_ms=3.558
kiln_profile_gdn_stage layer=12 stage=in_proj seq_len=18 start_pos=0 elapsed_ms=21.597
kiln_profile_gdn_stage layer=12 stage=in_proj seq_len=18 start_pos=0 elapsed_ms=19.348
kiln_profile_gdn_stage layer=12 stage=in_proj seq_len=18 start_pos=0 elapsed_ms=32.721
kiln_profile_gdn_stage layer=13 stage=qkv_conv_split_norm seq_len=18 start_pos=0 elapsed_ms=12.299
kiln_profile_gdn_stage layer=14 stage=out_proj seq_len=18 start_pos=0 elapsed_ms=11.268
kiln_profile_gdn_stage layer=12 stage=qkv_conv_split_norm seq_len=18 start_pos=0 elapsed_ms=6.594
kiln_profile_gdn_stage layer=12 stage=qkv_conv_split_norm seq_len=18 start_pos=0 elapsed_ms=7.143
kiln_profile_gdn_stage layer=12 stage=qkv_conv_split_norm seq_len=18 start_pos=0 elapsed_ms=8.392
kiln_profile_gdn_stage layer=12 stage=gates seq_len=18 start_pos=0 elapsed_ms=6.532
kiln_profile_gdn_stage layer=14 stage=in_proj seq_len=18 start_pos=0 elapsed_ms=14.636
kiln_profile_gdn_stage layer=12 stage=gates seq_len=18 start_pos=0 elapsed_ms=12.141
kiln_profile_gdn_stage layer=13 stage=gates seq_len=18 start_pos=0 elapsed_ms=21.706
kiln_profile_gdn_stage layer=12 stage=gates seq_len=18 start_pos=0 elapsed_ms=9.103
kiln_profile_gdn_stage layer=12 stage=recurrent seq_len=18 start_pos=0 elapsed_ms=11.081
kiln_profile_gdn_stage layer=12 stage=post_transpose seq_len=18 start_pos=0 elapsed_ms=0.002
kiln_profile_gdn_stage layer=12 stage=gated_norm seq_len=18 start_pos=0 elapsed_ms=0.944
kiln_profile_gdn_stage layer=12 stage=recurrent seq_len=18 start_pos=0 elapsed_ms=3.091
kiln_profile_gdn_stage layer=13 stage=recurrent seq_len=18 start_pos=0 elapsed_ms=2.894
kiln_profile_gdn_stage layer=12 stage=recurrent seq_len=18 start_pos=0 elapsed_ms=1.774
kiln_profile_gdn_stage layer=12 stage=post_transpose seq_len=18 start_pos=0 elapsed_ms=0.004
kiln_profile_gdn_stage layer=12 stage=post_transpose seq_len=18 start_pos=0 elapsed_ms=0.002
kiln_profile_gdn_stage layer=14 stage=qkv_conv_split_norm seq_len=18 start_pos=0 elapsed_ms=11.341
kiln_profile_gdn_stage layer=12 stage=gated_norm seq_len=18 start_pos=0 elapsed_ms=3.370
kiln_profile_gdn_stage layer=12 stage=out_proj seq_len=18 start_pos=0 elapsed_ms=3.145
kiln_profile_gdn_stage layer=12 stage=gated_norm seq_len=18 start_pos=0 elapsed_ms=1.940
kiln_profile_gdn_stage layer=14 stage=gates seq_len=18 start_pos=0 elapsed_ms=2.885
kiln_profile_gdn_stage layer=12 stage=in_proj seq_len=19 start_pos=0 elapsed_ms=15.705
kiln_profile_gdn_stage layer=13 stage=post_transpose seq_len=18 start_pos=0 elapsed_ms=15.425
kiln_profile_gdn_stage layer=12 stage=out_proj seq_len=18 start_pos=0 elapsed_ms=10.976
kiln_profile_gdn_stage layer=12 stage=in_proj seq_len=18 start_pos=0 elapsed_ms=11.582
kiln_profile_gdn_stage layer=14 stage=recurrent seq_len=18 start_pos=0 elapsed_ms=3.243
kiln_profile_gdn_stage layer=12 stage=out_proj seq_len=18 start_pos=0 elapsed_ms=3.853
kiln_profile_gdn_stage layer=14 stage=post_transpose seq_len=18 start_pos=0 elapsed_ms=1.693
kiln_profile_gdn_stage layer=12 stage=qkv_conv_split_norm seq_len=19 start_pos=0 elapsed_ms=3.214
kiln_profile_gdn_stage layer=13 stage=gated_norm seq_len=18 start_pos=0 elapsed_ms=16.888
kiln_profile_gdn_stage layer=14 stage=gated_norm seq_len=18 start_pos=0 elapsed_ms=15.237
kiln_profile_gdn_stage layer=13 stage=out_proj seq_len=18 start_pos=0 elapsed_ms=4.198
kiln_profile_gdn_stage layer=12 stage=gates seq_len=19 start_pos=0 elapsed_ms=1.808
kiln_profile_gdn_stage layer=12 stage=qkv_conv_split_norm seq_len=18 start_pos=0 elapsed_ms=23.843
kiln_profile_gdn_stage layer=14 stage=out_proj seq_len=18 start_pos=0 elapsed_ms=7.659
kiln_profile_gdn_stage layer=12 stage=gates seq_len=18 start_pos=0 elapsed_ms=0.249
kiln_profile_gdn_stage layer=13 stage=in_proj seq_len=18 start_pos=0 elapsed_ms=18.386
kiln_profile_gdn_stage layer=12 stage=recurrent seq_len=19 start_pos=0 elapsed_ms=21.770
kiln_profile_gdn_stage layer=12 stage=recurrent seq_len=18 start_pos=0 elapsed_ms=11.509
kiln_profile_gdn_stage layer=12 stage=post_transpose seq_len=18 start_pos=0 elapsed_ms=0.003
kiln_profile_gdn_stage layer=12 stage=post_transpose seq_len=19 start_pos=0 elapsed_ms=0.003
kiln_profile_gdn_stage layer=13 stage=in_proj seq_len=18 start_pos=0 elapsed_ms=32.620
kiln_profile_gdn_stage layer=12 stage=gated_norm seq_len=19 start_pos=0 elapsed_ms=3.145
kiln_profile_gdn_stage layer=13 stage=qkv_conv_split_norm seq_len=18 start_pos=0 elapsed_ms=13.123
kiln_profile_gdn_stage layer=12 stage=gated_norm seq_len=18 start_pos=0 elapsed_ms=14.089
kiln_profile_gdn_stage layer=13 stage=in_proj seq_len=18 start_pos=0 elapsed_ms=46.976
kiln_profile_gdn_stage layer=12 stage=out_proj seq_len=19 start_pos=0 elapsed_ms=8.545
kiln_profile_gdn_stage layer=13 stage=qkv_conv_split_norm seq_len=18 start_pos=0 elapsed_ms=2.249
kiln_profile_gdn_stage layer=14 stage=in_proj seq_len=18 start_pos=0 elapsed_ms=6.925
kiln_profile_gdn_stage layer=13 stage=gates seq_len=18 start_pos=0 elapsed_ms=9.802
kiln_profile_gdn_stage layer=13 stage=qkv_conv_split_norm seq_len=18 start_pos=0 elapsed_ms=8.659
kiln_profile_gdn_stage layer=13 stage=recurrent seq_len=18 start_pos=0 elapsed_ms=5.369
kiln_profile_gdn_stage layer=14 stage=qkv_conv_split_norm seq_len=18 start_pos=0 elapsed_ms=8.562
kiln_profile_gdn_stage layer=12 stage=out_proj seq_len=18 start_pos=0 elapsed_ms=3.115
kiln_profile_gdn_stage layer=14 stage=gates seq_len=18 start_pos=0 elapsed_ms=3.791
kiln_profile_gdn_stage layer=13 stage=gates seq_len=18 start_pos=0 elapsed_ms=3.825
kiln_profile_gdn_stage layer=13 stage=post_transpose seq_len=18 start_pos=0 elapsed_ms=0.003
kiln_profile_gdn_stage layer=13 stage=recurrent seq_len=18 start_pos=0 elapsed_ms=0.620
kiln_profile_gdn_stage layer=13 stage=post_transpose seq_len=18 start_pos=0 elapsed_ms=0.007
kiln_profile_gdn_stage layer=13 stage=gates seq_len=18 start_pos=0 elapsed_ms=12.838
kiln_profile_gdn_stage layer=13 stage=gated_norm seq_len=18 start_pos=0 elapsed_ms=5.873
kiln_profile_gdn_stage layer=13 stage=gated_norm seq_len=18 start_pos=0 elapsed_ms=4.661
kiln_profile_gdn_stage layer=13 stage=out_proj seq_len=18 start_pos=0 elapsed_ms=1.505
kiln_profile_gdn_stage layer=14 stage=recurrent seq_len=18 start_pos=0 elapsed_ms=15.401
kiln_profile_gdn_stage layer=13 stage=recurrent seq_len=18 start_pos=0 elapsed_ms=10.987
kiln_profile_gdn_stage layer=13 stage=post_transpose seq_len=18 start_pos=0 elapsed_ms=0.003
kiln_profile_gdn_stage layer=13 stage=out_proj seq_len=18 start_pos=0 elapsed_ms=8.013
kiln_profile_gdn_stage layer=13 stage=in_proj seq_len=19 start_pos=0 elapsed_ms=10.514
kiln_profile_gdn_stage layer=13 stage=gated_norm seq_len=18 start_pos=0 elapsed_ms=5.542
kiln_profile_gdn_stage layer=13 stage=out_proj seq_len=18 start_pos=0 elapsed_ms=3.511
kiln_profile_gdn_stage layer=14 stage=post_transpose seq_len=18 start_pos=0 elapsed_ms=0.002
kiln_profile_gdn_stage layer=13 stage=qkv_conv_split_norm seq_len=19 start_pos=0 elapsed_ms=10.899
kiln_profile_gdn_stage layer=14 stage=gated_norm seq_len=18 start_pos=0 elapsed_ms=5.859
kiln_profile_gdn_stage layer=14 stage=out_proj seq_len=18 start_pos=0 elapsed_ms=1.412
kiln_profile_gdn_stage layer=13 stage=gates seq_len=19 start_pos=0 elapsed_ms=12.303
kiln_profile_gdn_stage layer=14 stage=in_proj seq_len=18 start_pos=0 elapsed_ms=13.551
kiln_profile_gdn_stage layer=13 stage=recurrent seq_len=19 start_pos=0 elapsed_ms=4.300
kiln_profile_gdn_stage layer=13 stage=in_proj seq_len=18 start_pos=0 elapsed_ms=9.786
kiln_profile_gdn_stage layer=16 stage=in_proj seq_len=18 start_pos=0 elapsed_ms=36.741
kiln_profile_gdn_stage layer=14 stage=in_proj seq_len=18 start_pos=0 elapsed_ms=23.189
kiln_profile_gdn_stage layer=14 stage=qkv_conv_split_norm seq_len=18 start_pos=0 elapsed_ms=1.836
kiln_profile_gdn_stage layer=14 stage=gates seq_len=18 start_pos=0 elapsed_ms=0.268
kiln_profile_gdn_stage layer=13 stage=post_transpose seq_len=19 start_pos=0 elapsed_ms=0.003
kiln_profile_gdn_stage layer=14 stage=qkv_conv_split_norm seq_len=18 start_pos=0 elapsed_ms=4.552
kiln_profile_gdn_stage layer=14 stage=recurrent seq_len=18 start_pos=0 elapsed_ms=1.849
kiln_profile_gdn_stage layer=14 stage=post_transpose seq_len=18 start_pos=0 elapsed_ms=0.002
kiln_profile_gdn_stage layer=14 stage=gates seq_len=18 start_pos=0 elapsed_ms=3.146
kiln_profile_gdn_stage layer=16 stage=qkv_conv_split_norm seq_len=18 start_pos=0 elapsed_ms=8.440
kiln_profile_gdn_stage layer=14 stage=recurrent seq_len=18 start_pos=0 elapsed_ms=0.937
kiln_profile_gdn_stage layer=13 stage=gated_norm seq_len=19 start_pos=0 elapsed_ms=3.887
kiln_profile_gdn_stage layer=14 stage=post_transpose seq_len=18 start_pos=0 elapsed_ms=0.002
kiln_profile_gdn_stage layer=13 stage=qkv_conv_split_norm seq_len=18 start_pos=0 elapsed_ms=10.676
kiln_profile_gdn_stage layer=16 stage=gates seq_len=18 start_pos=0 elapsed_ms=1.313
kiln_profile_gdn_stage layer=14 stage=gated_norm seq_len=18 start_pos=0 elapsed_ms=3.065
kiln_profile_gdn_stage layer=13 stage=gates seq_len=18 start_pos=0 elapsed_ms=2.054
kiln_profile_gdn_stage layer=14 stage=gated_norm seq_len=18 start_pos=0 elapsed_ms=1.832
kiln_profile_gdn_stage layer=13 stage=out_proj seq_len=19 start_pos=0 elapsed_ms=4.591
kiln_profile_gdn_stage layer=14 stage=out_proj seq_len=18 start_pos=0 elapsed_ms=4.133
kiln_profile_gdn_stage layer=13 stage=recurrent seq_len=18 start_pos=0 elapsed_ms=4.135
kiln_profile_gdn_stage layer=13 stage=post_transpose seq_len=18 start_pos=0 elapsed_ms=0.003
kiln_profile_gdn_stage layer=14 stage=in_proj seq_len=18 start_pos=0 elapsed_ms=13.200
kiln_profile_gdn_stage layer=16 stage=recurrent seq_len=18 start_pos=0 elapsed_ms=5.391
kiln_profile_gdn_stage layer=13 stage=gated_norm seq_len=18 start_pos=0 elapsed_ms=4.762
kiln_profile_gdn_stage layer=14 stage=out_proj seq_len=18 start_pos=0 elapsed_ms=13.505
kiln_profile_gdn_stage layer=16 stage=post_transpose seq_len=18 start_pos=0 elapsed_ms=0.003
kiln_profile_gdn_stage layer=14 stage=qkv_conv_split_norm seq_len=18 start_pos=0 elapsed_ms=2.126
kiln_profile_gdn_stage layer=16 stage=gated_norm seq_len=18 start_pos=0 elapsed_ms=3.063
kiln_profile_gdn_stage layer=14 stage=gates seq_len=18 start_pos=0 elapsed_ms=0.677
kiln_profile_gdn_stage layer=13 stage=out_proj seq_len=18 start_pos=0 elapsed_ms=5.473
kiln_profile_gdn_stage layer=14 stage=recurrent seq_len=18 start_pos=0 elapsed_ms=23.757
kiln_profile_gdn_stage layer=16 stage=out_proj seq_len=18 start_pos=0 elapsed_ms=2.457
kiln_profile_gdn_stage layer=14 stage=post_transpose seq_len=18 start_pos=0 elapsed_ms=11.633
kiln_profile_gdn_stage layer=14 stage=gated_norm seq_len=18 start_pos=0 elapsed_ms=8.377
kiln_profile_gdn_stage layer=14 stage=in_proj seq_len=18 start_pos=0 elapsed_ms=43.328
kiln_profile_gdn_stage layer=14 stage=in_proj seq_len=19 start_pos=0 elapsed_ms=22.235
kiln_profile_gdn_stage layer=16 stage=in_proj seq_len=18 start_pos=0 elapsed_ms=46.216
kiln_profile_gdn_stage layer=14 stage=out_proj seq_len=18 start_pos=0 elapsed_ms=4.139
kiln_profile_gdn_stage layer=14 stage=qkv_conv_split_norm seq_len=18 start_pos=0 elapsed_ms=8.977
kiln_profile_gdn_stage layer=16 stage=qkv_conv_split_norm seq_len=18 start_pos=0 elapsed_ms=10.375
kiln_profile_gdn_stage layer=14 stage=gates seq_len=18 start_pos=0 elapsed_ms=5.422
kiln_profile_gdn_stage layer=14 stage=qkv_conv_split_norm seq_len=19 start_pos=0 elapsed_ms=19.271
kiln_profile_gdn_stage layer=16 stage=gates seq_len=18 start_pos=0 elapsed_ms=11.761
kiln_profile_gdn_stage layer=17 stage=in_proj seq_len=18 start_pos=0 elapsed_ms=22.104
kiln_profile_gdn_stage layer=14 stage=gates seq_len=19 start_pos=0 elapsed_ms=4.310
kiln_profile_gdn_stage layer=14 stage=recurrent seq_len=18 start_pos=0 elapsed_ms=1.887
kiln_profile_gdn_stage layer=14 stage=post_transpose seq_len=18 start_pos=0 elapsed_ms=0.002
kiln_profile_gdn_stage layer=14 stage=recurrent seq_len=19 start_pos=0 elapsed_ms=1.363
kiln_profile_gdn_stage layer=17 stage=qkv_conv_split_norm seq_len=18 start_pos=0 elapsed_ms=1.780
kiln_profile_gdn_stage layer=14 stage=post_transpose seq_len=19 start_pos=0 elapsed_ms=0.005
kiln_profile_gdn_stage layer=16 stage=recurrent seq_len=18 start_pos=0 elapsed_ms=10.900
kiln_profile_gdn_stage layer=14 stage=gated_norm seq_len=18 start_pos=0 elapsed_ms=6.542
kiln_profile_gdn_stage layer=14 stage=gated_norm seq_len=19 start_pos=0 elapsed_ms=3.033
kiln_profile_gdn_stage layer=16 stage=post_transpose seq_len=18 start_pos=0 elapsed_ms=0.002
kiln_profile_gdn_stage layer=14 stage=out_proj seq_len=18 start_pos=0 elapsed_ms=4.052
kiln_profile_gdn_stage layer=16 stage=in_proj seq_len=18 start_pos=0 elapsed_ms=10.234
kiln_profile_gdn_stage layer=17 stage=gates seq_len=18 start_pos=0 elapsed_ms=12.243
kiln_profile_gdn_stage layer=14 stage=out_proj seq_len=19 start_pos=0 elapsed_ms=1.962
kiln_profile_gdn_stage layer=16 stage=gated_norm seq_len=18 start_pos=0 elapsed_ms=6.080
kiln_profile_gdn_stage layer=16 stage=qkv_conv_split_norm seq_len=18 start_pos=0 elapsed_ms=21.416
kiln_profile_gdn_stage layer=17 stage=recurrent seq_len=18 start_pos=0 elapsed_ms=29.309
kiln_profile_gdn_stage layer=16 stage=gates seq_len=18 start_pos=0 elapsed_ms=5.993
kiln_profile_gdn_stage layer=17 stage=post_transpose seq_len=18 start_pos=0 elapsed_ms=0.003
kiln_profile_gdn_stage layer=16 stage=in_proj seq_len=18 start_pos=0 elapsed_ms=7.688
kiln_profile_gdn_stage layer=16 stage=out_proj seq_len=18 start_pos=0 elapsed_ms=33.094
kiln_profile_gdn_stage layer=16 stage=recurrent seq_len=18 start_pos=0 elapsed_ms=5.640
kiln_profile_gdn_stage layer=16 stage=post_transpose seq_len=18 start_pos=0 elapsed_ms=0.002
kiln_profile_gdn_stage layer=16 stage=gated_norm seq_len=18 start_pos=0 elapsed_ms=2.217
kiln_profile_gdn_stage layer=17 stage=gated_norm seq_len=18 start_pos=0 elapsed_ms=1.766
kiln_profile_gdn_stage layer=17 stage=out_proj seq_len=18 start_pos=0 elapsed_ms=1.909
kiln_profile_gdn_stage layer=16 stage=qkv_conv_split_norm seq_len=18 start_pos=0 elapsed_ms=11.986
kiln_profile_gdn_stage layer=16 stage=out_proj seq_len=18 start_pos=0 elapsed_ms=7.711
kiln_profile_gdn_stage layer=16 stage=gates seq_len=18 start_pos=0 elapsed_ms=6.550
kiln_profile_gdn_stage layer=16 stage=recurrent seq_len=18 start_pos=0 elapsed_ms=0.624
kiln_profile_gdn_stage layer=16 stage=in_proj seq_len=18 start_pos=0 elapsed_ms=25.729
kiln_profile_gdn_stage layer=16 stage=post_transpose seq_len=18 start_pos=0 elapsed_ms=0.002
kiln_profile_gdn_stage layer=16 stage=gated_norm seq_len=18 start_pos=0 elapsed_ms=10.212
kiln_profile_gdn_stage layer=16 stage=qkv_conv_split_norm seq_len=18 start_pos=0 elapsed_ms=26.460
kiln_profile_gdn_stage layer=18 stage=in_proj seq_len=18 start_pos=0 elapsed_ms=16.222
kiln_profile_gdn_stage layer=16 stage=gates seq_len=18 start_pos=0 elapsed_ms=2.132
kiln_profile_gdn_stage layer=17 stage=in_proj seq_len=18 start_pos=0 elapsed_ms=11.133
kiln_profile_gdn_stage layer=16 stage=in_proj seq_len=18 start_pos=0 elapsed_ms=4.644
kiln_profile_gdn_stage layer=16 stage=out_proj seq_len=18 start_pos=0 elapsed_ms=15.839
kiln_profile_gdn_stage layer=16 stage=recurrent seq_len=18 start_pos=0 elapsed_ms=7.395
kiln_profile_gdn_stage layer=17 stage=qkv_conv_split_norm seq_len=18 start_pos=0 elapsed_ms=5.446
kiln_profile_gdn_stage layer=18 stage=qkv_conv_split_norm seq_len=18 start_pos=0 elapsed_ms=8.249
kiln_profile_gdn_stage layer=16 stage=post_transpose seq_len=18 start_pos=0 elapsed_ms=0.003
kiln_profile_gdn_stage layer=17 stage=gates seq_len=18 start_pos=0 elapsed_ms=2.593
kiln_profile_gdn_stage layer=16 stage=gated_norm seq_len=18 start_pos=0 elapsed_ms=5.025
kiln_profile_gdn_stage layer=18 stage=gates seq_len=18 start_pos=0 elapsed_ms=9.190
kiln_profile_gdn_stage layer=17 stage=in_proj seq_len=18 start_pos=0 elapsed_ms=13.909
kiln_profile_gdn_stage layer=16 stage=qkv_conv_split_norm seq_len=18 start_pos=0 elapsed_ms=16.212
kiln_profile_gdn_stage layer=18 stage=recurrent seq_len=18 start_pos=0 elapsed_ms=9.653
kiln_profile_gdn_stage layer=18 stage=post_transpose seq_len=18 start_pos=0 elapsed_ms=0.002
kiln_profile_gdn_stage layer=16 stage=out_proj seq_len=18 start_pos=0 elapsed_ms=4.630
kiln_profile_gdn_stage layer=17 stage=qkv_conv_split_norm seq_len=18 start_pos=0 elapsed_ms=5.737
kiln_profile_gdn_stage layer=16 stage=in_proj seq_len=19 start_pos=0 elapsed_ms=10.186
kiln_profile_gdn_stage layer=18 stage=gated_norm seq_len=18 start_pos=0 elapsed_ms=2.864
kiln_profile_gdn_stage layer=16 stage=qkv_conv_split_norm seq_len=19 start_pos=0 elapsed_ms=2.157
kiln_profile_gdn_stage layer=17 stage=recurrent seq_len=18 start_pos=0 elapsed_ms=10.097
kiln_profile_gdn_stage layer=17 stage=in_proj seq_len=18 start_pos=0 elapsed_ms=12.048
kiln_profile_gdn_stage layer=17 stage=gates seq_len=18 start_pos=0 elapsed_ms=4.372
kiln_profile_gdn_stage layer=17 stage=post_transpose seq_len=18 start_pos=0 elapsed_ms=0.002
kiln_profile_gdn_stage layer=18 stage=out_proj seq_len=18 start_pos=0 elapsed_ms=2.589
kiln_profile_gdn_stage layer=16 stage=gates seq_len=18 start_pos=0 elapsed_ms=11.714
kiln_profile_gdn_stage layer=17 stage=recurrent seq_len=18 start_pos=0 elapsed_ms=0.582
kiln_profile_gdn_stage layer=17 stage=post_transpose seq_len=18 start_pos=0 elapsed_ms=0.002
kiln_profile_gdn_stage layer=17 stage=gated_norm seq_len=18 start_pos=0 elapsed_ms=2.368
kiln_profile_gdn_stage layer=16 stage=recurrent seq_len=18 start_pos=0 elapsed_ms=2.855
kiln_profile_gdn_stage layer=17 stage=qkv_conv_split_norm seq_len=18 start_pos=0 elapsed_ms=7.359
kiln_profile_gdn_stage layer=16 stage=gates seq_len=19 start_pos=0 elapsed_ms=0.508
kiln_profile_gdn_stage layer=16 stage=post_transpose seq_len=18 start_pos=0 elapsed_ms=0.002
kiln_profile_gdn_stage layer=17 stage=out_proj seq_len=18 start_pos=0 elapsed_ms=1.967
kiln_profile_gdn_stage layer=17 stage=gated_norm seq_len=18 start_pos=0 elapsed_ms=3.269
kiln_profile_gdn_stage layer=17 stage=gates seq_len=18 start_pos=0 elapsed_ms=9.976
kiln_profile_gdn_stage layer=17 stage=out_proj seq_len=18 start_pos=0 elapsed_ms=1.376
kiln_profile_gdn_stage layer=16 stage=recurrent seq_len=19 start_pos=0 elapsed_ms=10.596
kiln_profile_gdn_stage layer=16 stage=post_transpose seq_len=19 start_pos=0 elapsed_ms=0.002
kiln_profile_gdn_stage layer=16 stage=gated_norm seq_len=18 start_pos=0 elapsed_ms=7.771
kiln_profile_gdn_stage layer=17 stage=recurrent seq_len=18 start_pos=0 elapsed_ms=15.795
kiln_profile_gdn_stage layer=16 stage=gated_norm seq_len=19 start_pos=0 elapsed_ms=7.430
kiln_profile_gdn_stage layer=16 stage=out_proj seq_len=18 start_pos=0 elapsed_ms=3.290
kiln_profile_gdn_stage layer=17 stage=post_transpose seq_len=18 start_pos=0 elapsed_ms=0.002
kiln_profile_gdn_stage layer=16 stage=in_proj seq_len=18 start_pos=0 elapsed_ms=14.248
kiln_profile_gdn_stage layer=17 stage=gated_norm seq_len=18 start_pos=0 elapsed_ms=0.525
kiln_profile_gdn_stage layer=16 stage=out_proj seq_len=19 start_pos=0 elapsed_ms=10.327
kiln_profile_gdn_stage layer=16 stage=qkv_conv_split_norm seq_len=18 start_pos=0 elapsed_ms=11.113
kiln_profile_gdn_stage layer=17 stage=out_proj seq_len=18 start_pos=0 elapsed_ms=13.228
kiln_profile_gdn_stage layer=16 stage=gates seq_len=18 start_pos=0 elapsed_ms=4.875
kiln_profile_gdn_stage layer=18 stage=in_proj seq_len=18 start_pos=0 elapsed_ms=14.889
kiln_profile_gdn_stage layer=16 stage=recurrent seq_len=18 start_pos=0 elapsed_ms=5.178
kiln_profile_gdn_stage layer=16 stage=post_transpose seq_len=18 start_pos=0 elapsed_ms=0.005
kiln_profile_gdn_stage layer=17 stage=in_proj seq_len=18 start_pos=0 elapsed_ms=23.887
kiln_profile_gdn_stage layer=18 stage=qkv_conv_split_norm seq_len=18 start_pos=0 elapsed_ms=11.911
kiln_profile_gdn_stage layer=18 stage=gates seq_len=18 start_pos=0 elapsed_ms=0.272
kiln_profile_gdn_stage layer=18 stage=recurrent seq_len=18 start_pos=0 elapsed_ms=6.027
kiln_profile_gdn_stage layer=18 stage=post_transpose seq_len=18 start_pos=0 elapsed_ms=0.002
kiln_profile_gdn_stage layer=16 stage=gated_norm seq_len=18 start_pos=0 elapsed_ms=17.059
kiln_profile_gdn_stage layer=18 stage=in_proj seq_len=18 start_pos=0 elapsed_ms=43.537
kiln_profile_gdn_stage layer=16 stage=out_proj seq_len=18 start_pos=0 elapsed_ms=3.303
kiln_profile_gdn_stage layer=18 stage=in_proj seq_len=18 start_pos=0 elapsed_ms=16.681
kiln_profile_gdn_stage layer=18 stage=gated_norm seq_len=18 start_pos=0 elapsed_ms=17.420
kiln_profile_gdn_stage layer=17 stage=qkv_conv_split_norm seq_len=18 start_pos=0 elapsed_ms=26.105
kiln_profile_gdn_stage layer=18 stage=qkv_conv_split_norm seq_len=18 start_pos=0 elapsed_ms=6.174
kiln_profile_gdn_stage layer=18 stage=out_proj seq_len=18 start_pos=0 elapsed_ms=2.648
kiln_profile_gdn_stage layer=17 stage=in_proj seq_len=18 start_pos=0 elapsed_ms=23.143
kiln_profile_gdn_stage layer=18 stage=gates seq_len=18 start_pos=0 elapsed_ms=6.032
kiln_profile_gdn_stage layer=17 stage=qkv_conv_split_norm seq_len=18 start_pos=0 elapsed_ms=5.626
kiln_profile_gdn_stage layer=17 stage=gates seq_len=18 start_pos=0 elapsed_ms=10.024
kiln_profile_gdn_stage layer=18 stage=qkv_conv_split_norm seq_len=18 start_pos=0 elapsed_ms=13.973
kiln_profile_gdn_stage layer=18 stage=recurrent seq_len=18 start_pos=0 elapsed_ms=8.717
kiln_profile_gdn_stage layer=17 stage=gates seq_len=18 start_pos=0 elapsed_ms=5.486
kiln_profile_gdn_stage layer=17 stage=in_proj seq_len=19 start_pos=0 elapsed_ms=17.060
kiln_profile_gdn_stage layer=18 stage=post_transpose seq_len=18 start_pos=0 elapsed_ms=0.002
kiln_profile_gdn_stage layer=18 stage=gates seq_len=18 start_pos=0 elapsed_ms=2.716
kiln_profile_gdn_stage layer=17 stage=recurrent seq_len=18 start_pos=0 elapsed_ms=9.200
kiln_profile_gdn_stage layer=17 stage=recurrent seq_len=18 start_pos=0 elapsed_ms=3.251
kiln_profile_gdn_stage layer=17 stage=post_transpose seq_len=18 start_pos=0 elapsed_ms=0.003
kiln_profile_gdn_stage layer=17 stage=post_transpose seq_len=18 start_pos=0 elapsed_ms=0.003
kiln_profile_gdn_stage layer=17 stage=gated_norm seq_len=18 start_pos=0 elapsed_ms=2.201
kiln_profile_gdn_stage layer=18 stage=recurrent seq_len=18 start_pos=0 elapsed_ms=2.487
kiln_profile_gdn_stage layer=18 stage=post_transpose seq_len=18 start_pos=0 elapsed_ms=0.002
kiln_profile_gdn_stage layer=17 stage=qkv_conv_split_norm seq_len=19 start_pos=0 elapsed_ms=9.108
kiln_profile_gdn_stage layer=17 stage=gated_norm seq_len=18 start_pos=0 elapsed_ms=3.731
kiln_profile_gdn_stage layer=18 stage=gated_norm seq_len=18 start_pos=0 elapsed_ms=0.499
kiln_profile_gdn_stage layer=18 stage=gated_norm seq_len=18 start_pos=0 elapsed_ms=9.462
kiln_profile_gdn_stage layer=18 stage=out_proj seq_len=18 start_pos=0 elapsed_ms=4.465
kiln_profile_gdn_stage layer=17 stage=gates seq_len=19 start_pos=0 elapsed_ms=3.438
kiln_profile_gdn_stage layer=17 stage=out_proj seq_len=18 start_pos=0 elapsed_ms=2.184
kiln_profile_gdn_stage layer=17 stage=out_proj seq_len=18 start_pos=0 elapsed_ms=1.477
kiln_profile_gdn_stage layer=17 stage=in_proj seq_len=18 start_pos=0 elapsed_ms=23.762
kiln_profile_gdn_stage layer=18 stage=out_proj seq_len=18 start_pos=0 elapsed_ms=12.932
kiln_profile_gdn_stage layer=17 stage=recurrent seq_len=19 start_pos=0 elapsed_ms=18.959
kiln_profile_gdn_stage layer=17 stage=post_transpose seq_len=19 start_pos=0 elapsed_ms=0.002
kiln_profile_gdn_stage layer=17 stage=qkv_conv_split_norm seq_len=18 start_pos=0 elapsed_ms=14.381
kiln_profile_gdn_stage layer=17 stage=gated_norm seq_len=19 start_pos=0 elapsed_ms=11.569
kiln_profile_gdn_stage layer=17 stage=out_proj seq_len=19 start_pos=0 elapsed_ms=1.739
kiln_profile_gdn_stage layer=17 stage=gates seq_len=18 start_pos=0 elapsed_ms=6.707
kiln_profile_gdn_stage layer=20 stage=in_proj seq_len=18 start_pos=0 elapsed_ms=14.509
kiln_profile_gdn_stage layer=18 stage=in_proj seq_len=18 start_pos=0 elapsed_ms=34.671
kiln_profile_gdn_stage layer=17 stage=recurrent seq_len=18 start_pos=0 elapsed_ms=25.964
kiln_profile_gdn_stage layer=18 stage=in_proj seq_len=18 start_pos=0 elapsed_ms=28.725
kiln_profile_gdn_stage layer=18 stage=qkv_conv_split_norm seq_len=18 start_pos=0 elapsed_ms=5.623
kiln_profile_gdn_stage layer=17 stage=post_transpose seq_len=18 start_pos=0 elapsed_ms=0.003
kiln_profile_gdn_stage layer=20 stage=qkv_conv_split_norm seq_len=18 start_pos=0 elapsed_ms=21.706
kiln_profile_gdn_stage layer=18 stage=in_proj seq_len=19 start_pos=0 elapsed_ms=9.591
kiln_profile_gdn_stage layer=17 stage=gated_norm seq_len=18 start_pos=0 elapsed_ms=0.955
kiln_profile_gdn_stage layer=20 stage=gates seq_len=18 start_pos=0 elapsed_ms=4.077
kiln_profile_gdn_stage layer=18 stage=gates seq_len=18 start_pos=0 elapsed_ms=5.478
kiln_profile_gdn_stage layer=17 stage=out_proj seq_len=18 start_pos=0 elapsed_ms=3.105
kiln_profile_gdn_stage layer=18 stage=qkv_conv_split_norm seq_len=18 start_pos=0 elapsed_ms=4.053
kiln_profile_gdn_stage layer=20 stage=recurrent seq_len=18 start_pos=0 elapsed_ms=2.551
kiln_profile_gdn_stage layer=18 stage=recurrent seq_len=18 start_pos=0 elapsed_ms=3.561
kiln_profile_gdn_stage layer=18 stage=qkv_conv_split_norm seq_len=19 start_pos=0 elapsed_ms=6.569
kiln_profile_gdn_stage layer=18 stage=gates seq_len=19 start_pos=0 elapsed_ms=0.191
kiln_profile_gdn_stage layer=18 stage=gates seq_len=18 start_pos=0 elapsed_ms=3.255
kiln_profile_gdn_stage layer=20 stage=post_transpose seq_len=18 start_pos=0 elapsed_ms=0.004
kiln_profile_gdn_stage layer=18 stage=post_transpose seq_len=18 start_pos=0 elapsed_ms=3.602
kiln_profile_gdn_stage layer=18 stage=recurrent seq_len=18 start_pos=0 elapsed_ms=3.841
kiln_profile_gdn_stage layer=18 stage=recurrent seq_len=19 start_pos=0 elapsed_ms=5.197
kiln_profile_gdn_stage layer=20 stage=gated_norm seq_len=18 start_pos=0 elapsed_ms=4.564
kiln_profile_gdn_stage layer=18 stage=post_transpose seq_len=18 start_pos=0 elapsed_ms=0.002
kiln_profile_gdn_stage layer=20 stage=out_proj seq_len=18 start_pos=0 elapsed_ms=4.188
kiln_profile_gdn_stage layer=18 stage=gated_norm seq_len=18 start_pos=0 elapsed_ms=0.248
kiln_profile_gdn_stage layer=18 stage=out_proj seq_len=18 start_pos=0 elapsed_ms=3.303
kiln_profile_gdn_stage layer=18 stage=post_transpose seq_len=19 start_pos=0 elapsed_ms=0.003
kiln_profile_gdn_stage layer=18 stage=gated_norm seq_len=18 start_pos=0 elapsed_ms=19.531
kiln_profile_gdn_stage layer=18 stage=out_proj seq_len=18 start_pos=0 elapsed_ms=3.325
kiln_profile_gdn_stage layer=20 stage=in_proj seq_len=18 start_pos=0 elapsed_ms=16.224
kiln_profile_gdn_stage layer=18 stage=gated_norm seq_len=19 start_pos=0 elapsed_ms=24.333
kiln_profile_gdn_stage layer=18 stage=out_proj seq_len=19 start_pos=0 elapsed_ms=7.733
kiln_profile_gdn_stage layer=20 stage=qkv_conv_split_norm seq_len=18 start_pos=0 elapsed_ms=31.857
kiln_profile_gdn_stage layer=20 stage=in_proj seq_len=18 start_pos=0 elapsed_ms=20.487
kiln_profile_gdn_stage layer=20 stage=in_proj seq_len=18 start_pos=0 elapsed_ms=39.554
kiln_profile_gdn_stage layer=20 stage=gates seq_len=18 start_pos=0 elapsed_ms=0.294
kiln_profile_gdn_stage layer=20 stage=recurrent seq_len=18 start_pos=0 elapsed_ms=3.648
kiln_profile_gdn_stage layer=20 stage=post_transpose seq_len=18 start_pos=0 elapsed_ms=0.003
kiln_profile_gdn_stage layer=20 stage=gated_norm seq_len=18 start_pos=0 elapsed_ms=0.587
kiln_profile_gdn_stage layer=20 stage=out_proj seq_len=18 start_pos=0 elapsed_ms=1.337
kiln_profile_gdn_stage layer=18 stage=in_proj seq_len=18 start_pos=0 elapsed_ms=34.873
kiln_profile_gdn_stage layer=18 stage=qkv_conv_split_norm seq_len=18 start_pos=0 elapsed_ms=0.359
kiln_profile_gdn_stage layer=20 stage=qkv_conv_split_norm seq_len=18 start_pos=0 elapsed_ms=9.790
kiln_profile_gdn_stage layer=18 stage=gates seq_len=18 start_pos=0 elapsed_ms=8.098
kiln_profile_gdn_stage layer=21 stage=in_proj seq_len=18 start_pos=0 elapsed_ms=28.481
kiln_profile_gdn_stage layer=20 stage=qkv_conv_split_norm seq_len=18 start_pos=0 elapsed_ms=27.681
kiln_profile_gdn_stage layer=18 stage=recurrent seq_len=18 start_pos=0 elapsed_ms=1.827
kiln_profile_gdn_stage layer=20 stage=gates seq_len=18 start_pos=0 elapsed_ms=5.378
kiln_profile_gdn_stage layer=21 stage=qkv_conv_split_norm seq_len=18 start_pos=0 elapsed_ms=9.318
kiln_profile_gdn_stage layer=18 stage=post_transpose seq_len=18 start_pos=0 elapsed_ms=0.003
kiln_profile_gdn_stage layer=21 stage=gates seq_len=18 start_pos=0 elapsed_ms=0.721
kiln_profile_gdn_stage layer=20 stage=gates seq_len=18 start_pos=0 elapsed_ms=4.152
kiln_profile_gdn_stage layer=20 stage=recurrent seq_len=18 start_pos=0 elapsed_ms=0.757
kiln_profile_gdn_stage layer=20 stage=recurrent seq_len=18 start_pos=0 elapsed_ms=6.136
kiln_profile_gdn_stage layer=20 stage=post_transpose seq_len=18 start_pos=0 elapsed_ms=0.003
kiln_profile_gdn_stage layer=20 stage=post_transpose seq_len=18 start_pos=0 elapsed_ms=0.002
kiln_profile_gdn_stage layer=21 stage=recurrent seq_len=18 start_pos=0 elapsed_ms=5.264
kiln_profile_gdn_stage layer=18 stage=gated_norm seq_len=18 start_pos=0 elapsed_ms=4.546
kiln_profile_gdn_stage layer=20 stage=gated_norm seq_len=18 start_pos=0 elapsed_ms=1.224
kiln_profile_gdn_stage layer=20 stage=gated_norm seq_len=18 start_pos=0 elapsed_ms=5.001
kiln_profile_gdn_stage layer=21 stage=post_transpose seq_len=18 start_pos=0 elapsed_ms=0.003
kiln_profile_gdn_stage layer=18 stage=out_proj seq_len=18 start_pos=0 elapsed_ms=5.942
kiln_profile_gdn_stage layer=20 stage=out_proj seq_len=18 start_pos=0 elapsed_ms=4.559
kiln_profile_gdn_stage layer=20 stage=out_proj seq_len=18 start_pos=0 elapsed_ms=6.467
kiln_profile_gdn_stage layer=21 stage=gated_norm seq_len=18 start_pos=0 elapsed_ms=8.924
kiln_profile_gdn_stage layer=21 stage=out_proj seq_len=18 start_pos=0 elapsed_ms=16.895
kiln_profile_gdn_stage layer=21 stage=in_proj seq_len=18 start_pos=0 elapsed_ms=27.831
kiln_profile_gdn_stage layer=21 stage=qkv_conv_split_norm seq_len=18 start_pos=0 elapsed_ms=10.391
kiln_profile_gdn_stage layer=20 stage=in_proj seq_len=18 start_pos=0 elapsed_ms=10.378
kiln_profile_gdn_stage layer=20 stage=in_proj seq_len=18 start_pos=0 elapsed_ms=15.284
kiln_profile_gdn_stage layer=21 stage=in_proj seq_len=18 start_pos=0 elapsed_ms=16.417
kiln_profile_gdn_stage layer=20 stage=qkv_conv_split_norm seq_len=18 start_pos=0 elapsed_ms=1.541
kiln_profile_gdn_stage layer=21 stage=gates seq_len=18 start_pos=0 elapsed_ms=1.172
kiln_profile_gdn_stage layer=21 stage=qkv_conv_split_norm seq_len=18 start_pos=0 elapsed_ms=10.894
kiln_profile_gdn_stage layer=21 stage=gates seq_len=18 start_pos=0 elapsed_ms=1.559
kiln_profile_gdn_stage layer=20 stage=gates seq_len=18 start_pos=0 elapsed_ms=0.300
kiln_profile_gdn_stage layer=21 stage=recurrent seq_len=18 start_pos=0 elapsed_ms=3.515
kiln_profile_gdn_stage layer=21 stage=post_transpose seq_len=18 start_pos=0 elapsed_ms=0.002
kiln_profile_gdn_stage layer=21 stage=in_proj seq_len=18 start_pos=0 elapsed_ms=27.370
kiln_profile_gdn_stage layer=21 stage=recurrent seq_len=18 start_pos=0 elapsed_ms=2.211
kiln_profile_gdn_stage layer=21 stage=post_transpose seq_len=18 start_pos=0 elapsed_ms=0.002
kiln_profile_gdn_stage layer=21 stage=gated_norm seq_len=18 start_pos=0 elapsed_ms=4.439
kiln_profile_gdn_stage layer=20 stage=qkv_conv_split_norm seq_len=18 start_pos=0 elapsed_ms=9.814
kiln_profile_gdn_stage layer=20 stage=recurrent seq_len=18 start_pos=0 elapsed_ms=3.403
kiln_profile_gdn_stage layer=21 stage=out_proj seq_len=18 start_pos=0 elapsed_ms=7.392
kiln_profile_gdn_stage layer=21 stage=gated_norm seq_len=18 start_pos=0 elapsed_ms=4.085
kiln_profile_gdn_stage layer=21 stage=qkv_conv_split_norm seq_len=18 start_pos=0 elapsed_ms=4.980
kiln_profile_gdn_stage layer=22 stage=in_proj seq_len=18 start_pos=0 elapsed_ms=16.197
kiln_profile_gdn_stage layer=20 stage=gates seq_len=18 start_pos=0 elapsed_ms=7.504
kiln_profile_gdn_stage layer=21 stage=gates seq_len=18 start_pos=0 elapsed_ms=3.194
kiln_profile_gdn_stage layer=22 stage=qkv_conv_split_norm seq_len=18 start_pos=0 elapsed_ms=3.331
kiln_profile_gdn_stage layer=20 stage=post_transpose seq_len=18 start_pos=0 elapsed_ms=0.004
kiln_profile_gdn_stage layer=22 stage=gates seq_len=18 start_pos=0 elapsed_ms=0.529
kiln_profile_gdn_stage layer=21 stage=out_proj seq_len=18 start_pos=0 elapsed_ms=11.476
kiln_profile_gdn_stage layer=20 stage=recurrent seq_len=18 start_pos=0 elapsed_ms=2.216
kiln_profile_gdn_stage layer=21 stage=recurrent seq_len=18 start_pos=0 elapsed_ms=1.529
kiln_profile_gdn_stage layer=20 stage=post_transpose seq_len=18 start_pos=0 elapsed_ms=0.002
kiln_profile_gdn_stage layer=21 stage=post_transpose seq_len=18 start_pos=0 elapsed_ms=0.006
kiln_profile_gdn_stage layer=22 stage=recurrent seq_len=18 start_pos=0 elapsed_ms=0.869
kiln_profile_gdn_stage layer=20 stage=gated_norm seq_len=18 start_pos=0 elapsed_ms=3.659
kiln_profile_gdn_stage layer=20 stage=out_proj seq_len=18 start_pos=0 elapsed_ms=1.174
kiln_profile_gdn_stage layer=22 stage=post_transpose seq_len=18 start_pos=0 elapsed_ms=0.003
kiln_profile_gdn_stage layer=21 stage=gated_norm seq_len=18 start_pos=0 elapsed_ms=5.922
kiln_profile_gdn_stage layer=21 stage=out_proj seq_len=18 start_pos=0 elapsed_ms=3.256
kiln_profile_gdn_stage layer=22 stage=gated_norm seq_len=18 start_pos=0 elapsed_ms=0.448
kiln_profile_gdn_stage layer=22 stage=out_proj seq_len=18 start_pos=0 elapsed_ms=2.602
kiln_profile_gdn_stage layer=20 stage=in_proj seq_len=19 start_pos=0 elapsed_ms=21.824
kiln_profile_gdn_stage layer=20 stage=gated_norm seq_len=18 start_pos=0 elapsed_ms=29.605
kiln_profile_gdn_stage layer=22 stage=in_proj seq_len=18 start_pos=0 elapsed_ms=20.048
kiln_profile_gdn_stage layer=20 stage=qkv_conv_split_norm seq_len=19 start_pos=0 elapsed_ms=15.104
kiln_profile_gdn_stage layer=20 stage=gates seq_len=19 start_pos=0 elapsed_ms=7.493
kiln_profile_gdn_stage layer=20 stage=out_proj seq_len=18 start_pos=0 elapsed_ms=16.346
kiln_profile_gdn_stage layer=22 stage=in_proj seq_len=18 start_pos=0 elapsed_ms=16.074
kiln_profile_gdn_stage layer=20 stage=recurrent seq_len=19 start_pos=0 elapsed_ms=8.162
kiln_profile_gdn_stage layer=22 stage=qkv_conv_split_norm seq_len=18 start_pos=0 elapsed_ms=6.654
kiln_profile_gdn_stage layer=22 stage=qkv_conv_split_norm seq_len=18 start_pos=0 elapsed_ms=34.897
kiln_profile_gdn_stage layer=20 stage=post_transpose seq_len=19 start_pos=0 elapsed_ms=0.004
kiln_profile_gdn_stage layer=20 stage=in_proj seq_len=18 start_pos=0 elapsed_ms=15.510
kiln_profile_gdn_stage layer=22 stage=gates seq_len=18 start_pos=0 elapsed_ms=9.214
kiln_profile_gdn_stage layer=21 stage=in_proj seq_len=18 start_pos=0 elapsed_ms=23.862
kiln_profile_gdn_stage layer=20 stage=gated_norm seq_len=19 start_pos=0 elapsed_ms=10.949
kiln_profile_gdn_stage layer=22 stage=in_proj seq_len=18 start_pos=0 elapsed_ms=24.896
kiln_profile_gdn_stage layer=20 stage=qkv_conv_split_norm seq_len=18 start_pos=0 elapsed_ms=13.937
kiln_profile_gdn_stage layer=20 stage=out_proj seq_len=19 start_pos=0 elapsed_ms=2.986
kiln_profile_gdn_stage layer=21 stage=qkv_conv_split_norm seq_len=18 start_pos=0 elapsed_ms=4.454
kiln_profile_gdn_stage layer=20 stage=gates seq_len=18 start_pos=0 elapsed_ms=3.780
kiln_profile_gdn_stage layer=22 stage=gates seq_len=18 start_pos=0 elapsed_ms=22.315
kiln_profile_gdn_stage layer=21 stage=gates seq_len=18 start_pos=0 elapsed_ms=0.811
kiln_profile_gdn_stage layer=22 stage=recurrent seq_len=18 start_pos=0 elapsed_ms=5.893
kiln_profile_gdn_stage layer=20 stage=recurrent seq_len=18 start_pos=0 elapsed_ms=0.726
kiln_profile_gdn_stage layer=20 stage=post_transpose seq_len=18 start_pos=0 elapsed_ms=0.007
kiln_profile_gdn_stage layer=22 stage=qkv_conv_split_norm seq_len=18 start_pos=0 elapsed_ms=12.734
kiln_profile_gdn_stage layer=20 stage=gated_norm seq_len=18 start_pos=0 elapsed_ms=0.568
kiln_profile_gdn_stage layer=21 stage=recurrent seq_len=18 start_pos=0 elapsed_ms=4.220
kiln_profile_gdn_stage layer=21 stage=post_transpose seq_len=18 start_pos=0 elapsed_ms=0.002
kiln_profile_gdn_stage layer=22 stage=post_transpose seq_len=18 start_pos=0 elapsed_ms=0.002
kiln_profile_gdn_stage layer=21 stage=gated_norm seq_len=18 start_pos=0 elapsed_ms=5.797
kiln_profile_gdn_stage layer=22 stage=gates seq_len=18 start_pos=0 elapsed_ms=7.480
kiln_profile_gdn_stage layer=22 stage=recurrent seq_len=18 start_pos=0 elapsed_ms=3.277
kiln_profile_gdn_stage layer=22 stage=gated_norm seq_len=18 start_pos=0 elapsed_ms=3.981
kiln_profile_gdn_stage layer=21 stage=in_proj seq_len=18 start_pos=0 elapsed_ms=8.209
kiln_profile_gdn_stage layer=21 stage=out_proj seq_len=18 start_pos=0 elapsed_ms=2.786
kiln_profile_gdn_stage layer=22 stage=post_transpose seq_len=18 start_pos=0 elapsed_ms=0.002
kiln_profile_gdn_stage layer=21 stage=qkv_conv_split_norm seq_len=18 start_pos=0 elapsed_ms=5.579
kiln_profile_gdn_stage layer=22 stage=out_proj seq_len=18 start_pos=0 elapsed_ms=7.781
kiln_profile_gdn_stage layer=22 stage=gated_norm seq_len=18 start_pos=0 elapsed_ms=3.176
kiln_profile_gdn_stage layer=20 stage=out_proj seq_len=18 start_pos=0 elapsed_ms=11.562
kiln_profile_gdn_stage layer=22 stage=recurrent seq_len=18 start_pos=0 elapsed_ms=13.392
kiln_profile_gdn_stage layer=22 stage=post_transpose seq_len=18 start_pos=0 elapsed_ms=0.003
kiln_profile_gdn_stage layer=22 stage=out_proj seq_len=18 start_pos=0 elapsed_ms=18.606
kiln_profile_gdn_stage layer=21 stage=gates seq_len=18 start_pos=0 elapsed_ms=27.491
kiln_profile_gdn_stage layer=22 stage=gated_norm seq_len=18 start_pos=0 elapsed_ms=42.716
kiln_profile_gdn_stage layer=21 stage=in_proj seq_len=18 start_pos=0 elapsed_ms=4.017
kiln_profile_gdn_stage layer=22 stage=out_proj seq_len=18 start_pos=0 elapsed_ms=10.816
kiln_profile_gdn_stage layer=21 stage=in_proj seq_len=19 start_pos=0 elapsed_ms=66.708
kiln_profile_gdn_stage layer=21 stage=qkv_conv_split_norm seq_len=19 start_pos=0 elapsed_ms=9.639
kiln_profile_gdn_stage layer=24 stage=in_proj seq_len=18 start_pos=0 elapsed_ms=9.666
kiln_profile_gdn_stage layer=21 stage=qkv_conv_split_norm seq_len=18 start_pos=0 elapsed_ms=25.751
kiln_profile_gdn_stage layer=21 stage=recurrent seq_len=18 start_pos=0 elapsed_ms=64.049
kiln_profile_gdn_stage layer=21 stage=post_transpose seq_len=18 start_pos=0 elapsed_ms=0.003
kiln_profile_gdn_stage layer=21 stage=gates seq_len=19 start_pos=0 elapsed_ms=9.036
kiln_profile_gdn_stage layer=21 stage=gates seq_len=18 start_pos=0 elapsed_ms=2.008
kiln_profile_gdn_stage layer=22 stage=in_proj seq_len=18 start_pos=0 elapsed_ms=16.596
kiln_profile_gdn_stage layer=21 stage=recurrent seq_len=19 start_pos=0 elapsed_ms=2.180
kiln_profile_gdn_stage layer=21 stage=recurrent seq_len=18 start_pos=0 elapsed_ms=2.422
kiln_profile_gdn_stage layer=21 stage=gated_norm seq_len=18 start_pos=0 elapsed_ms=5.318
kiln_profile_gdn_stage layer=21 stage=post_transpose seq_len=19 start_pos=0 elapsed_ms=0.003
kiln_profile_gdn_stage layer=21 stage=post_transpose seq_len=18 start_pos=0 elapsed_ms=0.002
kiln_profile_gdn_stage layer=21 stage=gated_norm seq_len=19 start_pos=0 elapsed_ms=1.555
kiln_profile_gdn_stage layer=22 stage=qkv_conv_split_norm seq_len=18 start_pos=0 elapsed_ms=5.932
kiln_profile_gdn_stage layer=24 stage=qkv_conv_split_norm seq_len=18 start_pos=0 elapsed_ms=13.010
kiln_profile_gdn_stage layer=21 stage=out_proj seq_len=19 start_pos=0 elapsed_ms=3.150
kiln_profile_gdn_stage layer=21 stage=gated_norm seq_len=18 start_pos=0 elapsed_ms=2.847
kiln_profile_gdn_stage layer=24 stage=gates seq_len=18 start_pos=0 elapsed_ms=4.266
kiln_profile_gdn_stage layer=21 stage=out_proj seq_len=18 start_pos=0 elapsed_ms=10.319
kiln_profile_gdn_stage layer=21 stage=out_proj seq_len=18 start_pos=0 elapsed_ms=14.461
kiln_profile_gdn_stage layer=22 stage=gates seq_len=18 start_pos=0 elapsed_ms=17.258
kiln_profile_gdn_stage layer=24 stage=recurrent seq_len=18 start_pos=0 elapsed_ms=4.464
kiln_profile_gdn_stage layer=24 stage=post_transpose seq_len=18 start_pos=0 elapsed_ms=0.005
kiln_profile_gdn_stage layer=22 stage=recurrent seq_len=18 start_pos=0 elapsed_ms=0.663
kiln_profile_gdn_stage layer=22 stage=post_transpose seq_len=18 start_pos=0 elapsed_ms=0.007
kiln_profile_gdn_stage layer=24 stage=gated_norm seq_len=18 start_pos=0 elapsed_ms=3.507
kiln_profile_gdn_stage layer=22 stage=in_proj seq_len=19 start_pos=0 elapsed_ms=10.451
kiln_profile_gdn_stage layer=24 stage=out_proj seq_len=18 start_pos=0 elapsed_ms=9.694
kiln_profile_gdn_stage layer=22 stage=gated_norm seq_len=18 start_pos=0 elapsed_ms=6.268
kiln_profile_gdn_stage layer=22 stage=qkv_conv_split_norm seq_len=19 start_pos=0 elapsed_ms=29.031
kiln_profile_gdn_stage layer=22 stage=out_proj seq_len=18 start_pos=0 elapsed_ms=36.955
kiln_profile_gdn_stage layer=22 stage=gates seq_len=19 start_pos=0 elapsed_ms=29.997
kiln_profile_gdn_stage layer=22 stage=in_proj seq_len=18 start_pos=0 elapsed_ms=58.161
kiln_profile_gdn_stage layer=24 stage=in_proj seq_len=18 start_pos=0 elapsed_ms=40.052
kiln_profile_gdn_stage layer=25 stage=in_proj seq_len=18 start_pos=0 elapsed_ms=35.816
kiln_profile_gdn_stage layer=22 stage=recurrent seq_len=19 start_pos=0 elapsed_ms=1.407
kiln_profile_gdn_stage layer=22 stage=qkv_conv_split_norm seq_len=18 start_pos=0 elapsed_ms=9.912
kiln_profile_gdn_stage layer=22 stage=post_transpose seq_len=19 start_pos=0 elapsed_ms=0.004
kiln_profile_gdn_stage layer=24 stage=in_proj seq_len=18 start_pos=0 elapsed_ms=22.936
kiln_profile_gdn_stage layer=22 stage=gated_norm seq_len=19 start_pos=0 elapsed_ms=0.269
kiln_profile_gdn_stage layer=22 stage=gates seq_len=18 start_pos=0 elapsed_ms=6.703
kiln_profile_gdn_stage layer=24 stage=qkv_conv_split_norm seq_len=18 start_pos=0 elapsed_ms=0.392
kiln_profile_gdn_stage layer=24 stage=qkv_conv_split_norm seq_len=18 start_pos=0 elapsed_ms=15.746
kiln_profile_gdn_stage layer=22 stage=recurrent seq_len=18 start_pos=0 elapsed_ms=1.687
kiln_profile_gdn_stage layer=25 stage=qkv_conv_split_norm seq_len=18 start_pos=0 elapsed_ms=14.203
kiln_profile_gdn_stage layer=24 stage=gates seq_len=18 start_pos=0 elapsed_ms=0.267
kiln_profile_gdn_stage layer=22 stage=in_proj seq_len=18 start_pos=0 elapsed_ms=11.005
kiln_profile_gdn_stage layer=24 stage=recurrent seq_len=18 start_pos=0 elapsed_ms=0.610
kiln_profile_gdn_stage layer=24 stage=post_transpose seq_len=18 start_pos=0 elapsed_ms=0.003
kiln_profile_gdn_stage layer=22 stage=post_transpose seq_len=18 start_pos=0 elapsed_ms=2.932
kiln_profile_gdn_stage layer=24 stage=gated_norm seq_len=18 start_pos=0 elapsed_ms=0.790
kiln_profile_gdn_stage layer=22 stage=out_proj seq_len=19 start_pos=0 elapsed_ms=2.045
kiln_profile_gdn_stage layer=24 stage=gates seq_len=18 start_pos=0 elapsed_ms=2.077
kiln_profile_gdn_stage layer=25 stage=gates seq_len=18 start_pos=0 elapsed_ms=2.355
kiln_profile_gdn_stage layer=24 stage=out_proj seq_len=18 start_pos=0 elapsed_ms=4.642
kiln_profile_gdn_stage layer=24 stage=recurrent seq_len=18 start_pos=0 elapsed_ms=0.955
kiln_profile_gdn_stage layer=22 stage=gated_norm seq_len=18 start_pos=0 elapsed_ms=10.854
kiln_profile_gdn_stage layer=25 stage=recurrent seq_len=18 start_pos=0 elapsed_ms=0.610
kiln_profile_gdn_stage layer=25 stage=post_transpose seq_len=18 start_pos=0 elapsed_ms=0.005
kiln_profile_gdn_stage layer=22 stage=qkv_conv_split_norm seq_len=18 start_pos=0 elapsed_ms=20.728
kiln_profile_gdn_stage layer=22 stage=out_proj seq_len=18 start_pos=0 elapsed_ms=4.648
kiln_profile_gdn_stage layer=22 stage=gates seq_len=18 start_pos=0 elapsed_ms=0.486
kiln_profile_gdn_stage layer=25 stage=gated_norm seq_len=18 start_pos=0 elapsed_ms=5.425
kiln_profile_gdn_stage layer=22 stage=recurrent seq_len=18 start_pos=0 elapsed_ms=0.623
kiln_profile_gdn_stage layer=24 stage=post_transpose seq_len=18 start_pos=0 elapsed_ms=17.604
kiln_profile_gdn_stage layer=22 stage=post_transpose seq_len=18 start_pos=0 elapsed_ms=0.005
kiln_profile_gdn_stage layer=25 stage=in_proj seq_len=18 start_pos=0 elapsed_ms=25.402
kiln_profile_gdn_stage layer=25 stage=out_proj seq_len=18 start_pos=0 elapsed_ms=2.911
kiln_profile_gdn_stage layer=22 stage=gated_norm seq_len=18 start_pos=0 elapsed_ms=2.200
kiln_profile_gdn_stage layer=24 stage=gated_norm seq_len=18 start_pos=0 elapsed_ms=9.057
kiln_profile_gdn_stage layer=24 stage=in_proj seq_len=18 start_pos=0 elapsed_ms=12.109
kiln_profile_gdn_stage layer=25 stage=qkv_conv_split_norm seq_len=18 start_pos=0 elapsed_ms=8.298
kiln_profile_gdn_stage layer=22 stage=out_proj seq_len=18 start_pos=0 elapsed_ms=1.387
kiln_profile_gdn_stage layer=24 stage=out_proj seq_len=18 start_pos=0 elapsed_ms=1.765
kiln_profile_gdn_stage layer=24 stage=qkv_conv_split_norm seq_len=18 start_pos=0 elapsed_ms=14.607
kiln_profile_gdn_stage layer=25 stage=gates seq_len=18 start_pos=0 elapsed_ms=0.252
kiln_profile_gdn_stage layer=25 stage=recurrent seq_len=18 start_pos=0 elapsed_ms=0.638
kiln_profile_gdn_stage layer=24 stage=gates seq_len=18 start_pos=0 elapsed_ms=14.133
kiln_profile_gdn_stage layer=25 stage=post_transpose seq_len=18 start_pos=0 elapsed_ms=0.003
kiln_profile_gdn_stage layer=25 stage=gated_norm seq_len=18 start_pos=0 elapsed_ms=1.144
kiln_profile_gdn_stage layer=24 stage=recurrent seq_len=18 start_pos=0 elapsed_ms=18.083
kiln_profile_gdn_stage layer=24 stage=post_transpose seq_len=18 start_pos=0 elapsed_ms=0.002
kiln_profile_gdn_stage layer=25 stage=out_proj seq_len=18 start_pos=0 elapsed_ms=6.696
kiln_profile_gdn_stage layer=26 stage=in_proj seq_len=18 start_pos=0 elapsed_ms=14.842
kiln_profile_gdn_stage layer=24 stage=gated_norm seq_len=18 start_pos=0 elapsed_ms=1.985
kiln_profile_gdn_stage layer=24 stage=out_proj seq_len=18 start_pos=0 elapsed_ms=7.979
kiln_profile_gdn_stage layer=24 stage=in_proj seq_len=18 start_pos=0 elapsed_ms=22.562
kiln_profile_gdn_stage layer=26 stage=qkv_conv_split_norm seq_len=18 start_pos=0 elapsed_ms=23.013
kiln_profile_gdn_stage layer=24 stage=qkv_conv_split_norm seq_len=18 start_pos=0 elapsed_ms=1.330
kiln_profile_gdn_stage layer=24 stage=gates seq_len=18 start_pos=0 elapsed_ms=0.501
kiln_profile_gdn_stage layer=25 stage=in_proj seq_len=18 start_pos=0 elapsed_ms=22.801
kiln_profile_gdn_stage layer=24 stage=recurrent seq_len=18 start_pos=0 elapsed_ms=5.276
kiln_profile_gdn_stage layer=24 stage=post_transpose seq_len=18 start_pos=0 elapsed_ms=0.003
kiln_profile_gdn_stage layer=26 stage=in_proj seq_len=18 start_pos=0 elapsed_ms=11.834
kiln_profile_gdn_stage layer=24 stage=gated_norm seq_len=18 start_pos=0 elapsed_ms=2.432
kiln_profile_gdn_stage layer=24 stage=out_proj seq_len=18 start_pos=0 elapsed_ms=1.463
kiln_profile_gdn_stage layer=26 stage=gates seq_len=18 start_pos=0 elapsed_ms=12.442
kiln_profile_gdn_stage layer=25 stage=qkv_conv_split_norm seq_len=18 start_pos=0 elapsed_ms=6.715
kiln_profile_gdn_stage layer=25 stage=gates seq_len=18 start_pos=0 elapsed_ms=5.785
kiln_profile_gdn_stage layer=24 stage=in_proj seq_len=19 start_pos=0 elapsed_ms=24.140
kiln_profile_gdn_stage layer=26 stage=recurrent seq_len=18 start_pos=0 elapsed_ms=10.500
kiln_profile_gdn_stage layer=26 stage=qkv_conv_split_norm seq_len=18 start_pos=0 elapsed_ms=19.259
kiln_profile_gdn_stage layer=25 stage=recurrent seq_len=18 start_pos=0 elapsed_ms=11.100
kiln_profile_gdn_stage layer=25 stage=post_transpose seq_len=18 start_pos=0 elapsed_ms=0.006
kiln_profile_gdn_stage layer=26 stage=post_transpose seq_len=18 start_pos=0 elapsed_ms=0.009
kiln_profile_gdn_stage layer=24 stage=qkv_conv_split_norm seq_len=19 start_pos=0 elapsed_ms=8.966
kiln_profile_gdn_stage layer=25 stage=gated_norm seq_len=18 start_pos=0 elapsed_ms=0.287
kiln_profile_gdn_stage layer=26 stage=gates seq_len=18 start_pos=0 elapsed_ms=3.729
kiln_profile_gdn_stage layer=25 stage=out_proj seq_len=18 start_pos=0 elapsed_ms=5.002
kiln_profile_gdn_stage layer=25 stage=in_proj seq_len=18 start_pos=0 elapsed_ms=16.446
kiln_profile_gdn_stage layer=26 stage=gated_norm seq_len=18 start_pos=0 elapsed_ms=6.309
kiln_profile_gdn_stage layer=24 stage=gates seq_len=19 start_pos=0 elapsed_ms=5.350
kiln_profile_gdn_stage layer=26 stage=recurrent seq_len=18 start_pos=0 elapsed_ms=4.277
kiln_profile_gdn_stage layer=24 stage=recurrent seq_len=19 start_pos=0 elapsed_ms=4.816
kiln_profile_gdn_stage layer=24 stage=post_transpose seq_len=19 start_pos=0 elapsed_ms=0.004
kiln_profile_gdn_stage layer=24 stage=gated_norm seq_len=19 start_pos=0 elapsed_ms=0.340
kiln_profile_gdn_stage layer=26 stage=post_transpose seq_len=18 start_pos=0 elapsed_ms=0.003
kiln_profile_gdn_stage layer=25 stage=in_proj seq_len=18 start_pos=0 elapsed_ms=7.914
kiln_profile_gdn_stage layer=24 stage=in_proj seq_len=18 start_pos=0 elapsed_ms=16.862
kiln_profile_gdn_stage layer=26 stage=out_proj seq_len=18 start_pos=0 elapsed_ms=13.497
kiln_profile_gdn_stage layer=24 stage=out_proj seq_len=19 start_pos=0 elapsed_ms=7.062
kiln_profile_gdn_stage layer=25 stage=qkv_conv_split_norm seq_len=18 start_pos=0 elapsed_ms=16.212
kiln_profile_gdn_stage layer=25 stage=qkv_conv_split_norm seq_len=18 start_pos=0 elapsed_ms=8.091
kiln_profile_gdn_stage layer=26 stage=gated_norm seq_len=18 start_pos=0 elapsed_ms=5.830
kiln_profile_gdn_stage layer=25 stage=gates seq_len=18 start_pos=0 elapsed_ms=6.502
kiln_profile_gdn_stage layer=25 stage=gates seq_len=18 start_pos=0 elapsed_ms=7.223
kiln_profile_gdn_stage layer=24 stage=qkv_conv_split_norm seq_len=18 start_pos=0 elapsed_ms=20.440
kiln_profile_gdn_stage layer=25 stage=recurrent seq_len=18 start_pos=0 elapsed_ms=5.061
kiln_profile_gdn_stage layer=25 stage=post_transpose seq_len=18 start_pos=0 elapsed_ms=0.002
kiln_profile_gdn_stage layer=24 stage=gates seq_len=18 start_pos=0 elapsed_ms=5.401
kiln_profile_gdn_stage layer=26 stage=out_proj seq_len=18 start_pos=0 elapsed_ms=7.395
kiln_profile_gdn_stage layer=24 stage=in_proj seq_len=18 start_pos=0 elapsed_ms=47.460
kiln_profile_gdn_stage layer=24 stage=recurrent seq_len=18 start_pos=0 elapsed_ms=0.783
kiln_profile_gdn_stage layer=25 stage=gated_norm seq_len=18 start_pos=0 elapsed_ms=1.346
kiln_profile_gdn_stage layer=26 stage=in_proj seq_len=18 start_pos=0 elapsed_ms=14.067
kiln_profile_gdn_stage layer=24 stage=qkv_conv_split_norm seq_len=18 start_pos=0 elapsed_ms=9.928
kiln_profile_gdn_stage layer=25 stage=out_proj seq_len=18 start_pos=0 elapsed_ms=6.234
kiln_profile_gdn_stage layer=26 stage=qkv_conv_split_norm seq_len=18 start_pos=0 elapsed_ms=13.519
kiln_profile_gdn_stage layer=25 stage=recurrent seq_len=18 start_pos=0 elapsed_ms=14.510
kiln_profile_gdn_stage layer=25 stage=post_transpose seq_len=18 start_pos=0 elapsed_ms=0.003
kiln_profile_gdn_stage layer=24 stage=gates seq_len=18 start_pos=0 elapsed_ms=5.406
kiln_profile_gdn_stage layer=24 stage=post_transpose seq_len=18 start_pos=0 elapsed_ms=1.089
kiln_profile_gdn_stage layer=24 stage=recurrent seq_len=18 start_pos=0 elapsed_ms=1.979
kiln_profile_gdn_stage layer=24 stage=post_transpose seq_len=18 start_pos=0 elapsed_ms=0.002
kiln_profile_gdn_stage layer=24 stage=gated_norm seq_len=18 start_pos=0 elapsed_ms=1.669
kiln_profile_gdn_stage layer=25 stage=in_proj seq_len=19 start_pos=0 elapsed_ms=10.832
kiln_profile_gdn_stage layer=25 stage=gated_norm seq_len=18 start_pos=0 elapsed_ms=1.732
kiln_profile_gdn_stage layer=25 stage=out_proj seq_len=18 start_pos=0 elapsed_ms=1.570
kiln_profile_gdn_stage layer=25 stage=qkv_conv_split_norm seq_len=19 start_pos=0 elapsed_ms=5.081
kiln_profile_gdn_stage layer=24 stage=out_proj seq_len=18 start_pos=0 elapsed_ms=5.358
kiln_profile_gdn_stage layer=24 stage=gated_norm seq_len=18 start_pos=0 elapsed_ms=6.335
kiln_profile_gdn_stage layer=26 stage=gates seq_len=18 start_pos=0 elapsed_ms=8.630
kiln_profile_gdn_stage layer=25 stage=gates seq_len=19 start_pos=0 elapsed_ms=9.343
kiln_profile_gdn_stage layer=24 stage=out_proj seq_len=18 start_pos=0 elapsed_ms=1.669
kiln_profile_gdn_stage layer=25 stage=recurrent seq_len=19 start_pos=0 elapsed_ms=5.540
kiln_profile_gdn_stage layer=25 stage=post_transpose seq_len=19 start_pos=0 elapsed_ms=0.004
kiln_profile_gdn_stage layer=25 stage=gated_norm seq_len=19 start_pos=0 elapsed_ms=8.106
kiln_profile_gdn_stage layer=26 stage=in_proj seq_len=18 start_pos=0 elapsed_ms=18.944
kiln_profile_gdn_stage layer=26 stage=recurrent seq_len=18 start_pos=0 elapsed_ms=23.028
kiln_profile_gdn_stage layer=26 stage=post_transpose seq_len=18 start_pos=0 elapsed_ms=0.002
kiln_profile_gdn_stage layer=26 stage=in_proj seq_len=18 start_pos=0 elapsed_ms=16.002
kiln_profile_gdn_stage layer=26 stage=qkv_conv_split_norm seq_len=18 start_pos=0 elapsed_ms=4.882
kiln_profile_gdn_stage layer=25 stage=out_proj seq_len=19 start_pos=0 elapsed_ms=12.002
kiln_profile_gdn_stage layer=26 stage=gated_norm seq_len=18 start_pos=0 elapsed_ms=4.483
kiln_profile_gdn_stage layer=26 stage=out_proj seq_len=18 start_pos=0 elapsed_ms=1.756
kiln_profile_gdn_stage layer=26 stage=qkv_conv_split_norm seq_len=18 start_pos=0 elapsed_ms=7.833
kiln_profile_gdn_stage layer=26 stage=gates seq_len=18 start_pos=0 elapsed_ms=0.506
kiln_profile_gdn_stage layer=26 stage=recurrent seq_len=18 start_pos=0 elapsed_ms=14.355
kiln_profile_gdn_stage layer=26 stage=post_transpose seq_len=18 start_pos=0 elapsed_ms=0.003
kiln_profile_gdn_stage layer=26 stage=gates seq_len=18 start_pos=0 elapsed_ms=16.555
kiln_profile_gdn_stage layer=26 stage=gated_norm seq_len=18 start_pos=0 elapsed_ms=14.100
kiln_profile_gdn_stage layer=25 stage=in_proj seq_len=18 start_pos=0 elapsed_ms=30.163
kiln_profile_gdn_stage layer=26 stage=recurrent seq_len=18 start_pos=0 elapsed_ms=11.951
kiln_profile_gdn_stage layer=26 stage=post_transpose seq_len=18 start_pos=0 elapsed_ms=0.004
kiln_profile_gdn_stage layer=25 stage=in_proj seq_len=18 start_pos=0 elapsed_ms=34.756
kiln_profile_gdn_stage layer=25 stage=qkv_conv_split_norm seq_len=18 start_pos=0 elapsed_ms=5.853
kiln_profile_gdn_stage layer=25 stage=gates seq_len=18 start_pos=0 elapsed_ms=4.282
kiln_profile_gdn_stage layer=25 stage=recurrent seq_len=18 start_pos=0 elapsed_ms=2.700
kiln_profile_gdn_stage layer=26 stage=gated_norm seq_len=18 start_pos=0 elapsed_ms=12.984
kiln_profile_gdn_stage layer=25 stage=post_transpose seq_len=18 start_pos=0 elapsed_ms=0.003
kiln_profile_gdn_stage layer=25 stage=qkv_conv_split_norm seq_len=18 start_pos=0 elapsed_ms=19.198
kiln_profile_gdn_stage layer=25 stage=gated_norm seq_len=18 start_pos=0 elapsed_ms=6.346
kiln_profile_gdn_stage layer=26 stage=in_proj seq_len=19 start_pos=0 elapsed_ms=21.664
kiln_profile_gdn_stage layer=25 stage=out_proj seq_len=18 start_pos=0 elapsed_ms=3.398
kiln_profile_gdn_stage layer=26 stage=out_proj seq_len=18 start_pos=0 elapsed_ms=32.560
kiln_profile_gdn_stage layer=26 stage=out_proj seq_len=18 start_pos=0 elapsed_ms=10.600
kiln_profile_gdn_stage layer=28 stage=in_proj seq_len=18 start_pos=0 elapsed_ms=18.588
kiln_profile_gdn_stage layer=25 stage=gates seq_len=18 start_pos=0 elapsed_ms=3.868
kiln_profile_gdn_stage layer=26 stage=qkv_conv_split_norm seq_len=19 start_pos=0 elapsed_ms=18.359
kiln_profile_gdn_stage layer=28 stage=qkv_conv_split_norm seq_len=18 start_pos=0 elapsed_ms=3.619
kiln_profile_gdn_stage layer=25 stage=recurrent seq_len=18 start_pos=0 elapsed_ms=6.766
kiln_profile_gdn_stage layer=26 stage=gates seq_len=19 start_pos=0 elapsed_ms=5.420
kiln_profile_gdn_stage layer=28 stage=gates seq_len=18 start_pos=0 elapsed_ms=11.097
kiln_profile_gdn_stage layer=25 stage=post_transpose seq_len=18 start_pos=0 elapsed_ms=0.002
kiln_profile_gdn_stage layer=26 stage=recurrent seq_len=19 start_pos=0 elapsed_ms=0.741
kiln_profile_gdn_stage layer=25 stage=gated_norm seq_len=18 start_pos=0 elapsed_ms=0.650
kiln_profile_gdn_stage layer=28 stage=recurrent seq_len=18 start_pos=0 elapsed_ms=5.930
kiln_profile_gdn_stage layer=26 stage=post_transpose seq_len=19 start_pos=0 elapsed_ms=0.003
kiln_profile_gdn_stage layer=25 stage=out_proj seq_len=18 start_pos=0 elapsed_ms=6.120
kiln_profile_gdn_stage layer=28 stage=in_proj seq_len=18 start_pos=0 elapsed_ms=26.764
kiln_profile_gdn_stage layer=28 stage=post_transpose seq_len=18 start_pos=0 elapsed_ms=0.002
kiln_profile_gdn_stage layer=26 stage=in_proj seq_len=18 start_pos=0 elapsed_ms=21.320
kiln_profile_gdn_stage layer=28 stage=qkv_conv_split_norm seq_len=18 start_pos=0 elapsed_ms=7.992
kiln_profile_gdn_stage layer=26 stage=gated_norm seq_len=19 start_pos=0 elapsed_ms=4.800
kiln_profile_gdn_stage layer=28 stage=gated_norm seq_len=18 start_pos=0 elapsed_ms=0.938
kiln_profile_gdn_stage layer=28 stage=gates seq_len=18 start_pos=0 elapsed_ms=6.263
kiln_profile_gdn_stage layer=28 stage=out_proj seq_len=18 start_pos=0 elapsed_ms=9.561
kiln_profile_gdn_stage layer=26 stage=out_proj seq_len=19 start_pos=0 elapsed_ms=3.418
kiln_profile_gdn_stage layer=28 stage=recurrent seq_len=18 start_pos=0 elapsed_ms=5.674
kiln_profile_gdn_stage layer=28 stage=post_transpose seq_len=18 start_pos=0 elapsed_ms=0.004
kiln_profile_gdn_stage layer=26 stage=qkv_conv_split_norm seq_len=18 start_pos=0 elapsed_ms=49.695
kiln_profile_gdn_stage layer=28 stage=gated_norm seq_len=18 start_pos=0 elapsed_ms=30.438
kiln_profile_gdn_stage layer=26 stage=gates seq_len=18 start_pos=0 elapsed_ms=29.149
kiln_profile_gdn_stage layer=26 stage=in_proj seq_len=18 start_pos=0 elapsed_ms=62.530
kiln_profile_gdn_stage layer=26 stage=recurrent seq_len=18 start_pos=0 elapsed_ms=7.053
kiln_profile_gdn_stage layer=26 stage=post_transpose seq_len=18 start_pos=0 elapsed_ms=0.002
kiln_profile_gdn_stage layer=29 stage=in_proj seq_len=18 start_pos=0 elapsed_ms=17.502
kiln_profile_gdn_stage layer=26 stage=qkv_conv_split_norm seq_len=18 start_pos=0 elapsed_ms=9.457
kiln_profile_gdn_stage layer=28 stage=in_proj seq_len=18 start_pos=0 elapsed_ms=25.506
kiln_profile_gdn_stage layer=26 stage=gates seq_len=18 start_pos=0 elapsed_ms=2.014
kiln_profile_gdn_stage layer=29 stage=qkv_conv_split_norm seq_len=18 start_pos=0 elapsed_ms=6.861
kiln_profile_gdn_stage layer=26 stage=gated_norm seq_len=18 start_pos=0 elapsed_ms=2.677
kiln_profile_gdn_stage layer=26 stage=out_proj seq_len=18 start_pos=0 elapsed_ms=1.506
kiln_profile_gdn_stage layer=26 stage=recurrent seq_len=18 start_pos=0 elapsed_ms=0.978
kiln_profile_gdn_stage layer=28 stage=out_proj seq_len=18 start_pos=0 elapsed_ms=8.333
kiln_profile_gdn_stage layer=26 stage=post_transpose seq_len=18 start_pos=0 elapsed_ms=0.002
kiln_profile_gdn_stage layer=28 stage=qkv_conv_split_norm seq_len=18 start_pos=0 elapsed_ms=11.073
kiln_profile_gdn_stage layer=29 stage=gates seq_len=18 start_pos=0 elapsed_ms=10.613
kiln_profile_gdn_stage layer=29 stage=recurrent seq_len=18 start_pos=0 elapsed_ms=0.766
kiln_profile_gdn_stage layer=29 stage=post_transpose seq_len=18 start_pos=0 elapsed_ms=0.002
kiln_profile_gdn_stage layer=28 stage=gates seq_len=18 start_pos=0 elapsed_ms=10.158
kiln_profile_gdn_stage layer=26 stage=gated_norm seq_len=18 start_pos=0 elapsed_ms=17.710
kiln_profile_gdn_stage layer=29 stage=gated_norm seq_len=18 start_pos=0 elapsed_ms=1.547
kiln_profile_gdn_stage layer=29 stage=out_proj seq_len=18 start_pos=0 elapsed_ms=9.112
kiln_profile_gdn_stage layer=26 stage=out_proj seq_len=18 start_pos=0 elapsed_ms=13.562
kiln_profile_gdn_stage layer=28 stage=recurrent seq_len=18 start_pos=0 elapsed_ms=19.521
kiln_profile_gdn_stage layer=28 stage=post_transpose seq_len=18 start_pos=0 elapsed_ms=0.007
kiln_profile_gdn_stage layer=28 stage=in_proj seq_len=18 start_pos=0 elapsed_ms=25.185
kiln_profile_gdn_stage layer=28 stage=gated_norm seq_len=18 start_pos=0 elapsed_ms=9.241
kiln_profile_gdn_stage layer=28 stage=out_proj seq_len=18 start_pos=0 elapsed_ms=1.570
kiln_profile_gdn_stage layer=29 stage=in_proj seq_len=18 start_pos=0 elapsed_ms=21.279
kiln_profile_gdn_stage layer=28 stage=qkv_conv_split_norm seq_len=18 start_pos=0 elapsed_ms=28.714
kiln_profile_gdn_stage layer=28 stage=gates seq_len=18 start_pos=0 elapsed_ms=0.543
kiln_profile_gdn_stage layer=28 stage=recurrent seq_len=18 start_pos=0 elapsed_ms=0.983
kiln_profile_gdn_stage layer=28 stage=in_proj seq_len=18 start_pos=0 elapsed_ms=29.525
kiln_profile_gdn_stage layer=30 stage=in_proj seq_len=18 start_pos=0 elapsed_ms=11.746
kiln_profile_gdn_stage layer=28 stage=post_transpose seq_len=18 start_pos=0 elapsed_ms=0.003
kiln_profile_gdn_stage layer=30 stage=qkv_conv_split_norm seq_len=18 start_pos=0 elapsed_ms=5.439
kiln_profile_gdn_stage layer=28 stage=qkv_conv_split_norm seq_len=18 start_pos=0 elapsed_ms=4.608
kiln_profile_gdn_stage layer=29 stage=qkv_conv_split_norm seq_len=18 start_pos=0 elapsed_ms=11.715
kiln_profile_gdn_stage layer=28 stage=gated_norm seq_len=18 start_pos=0 elapsed_ms=8.381
kiln_profile_gdn_stage layer=28 stage=gates seq_len=18 start_pos=0 elapsed_ms=0.282
kiln_profile_gdn_stage layer=30 stage=gates seq_len=18 start_pos=0 elapsed_ms=0.277
kiln_profile_gdn_stage layer=30 stage=recurrent seq_len=18 start_pos=0 elapsed_ms=1.034
kiln_profile_gdn_stage layer=29 stage=gates seq_len=18 start_pos=0 elapsed_ms=3.850
kiln_profile_gdn_stage layer=29 stage=in_proj seq_len=18 start_pos=0 elapsed_ms=15.476
kiln_profile_gdn_stage layer=28 stage=recurrent seq_len=18 start_pos=0 elapsed_ms=8.952
kiln_profile_gdn_stage layer=30 stage=post_transpose seq_len=18 start_pos=0 elapsed_ms=0.003
kiln_profile_gdn_stage layer=28 stage=out_proj seq_len=18 start_pos=0 elapsed_ms=11.439
kiln_profile_gdn_stage layer=29 stage=qkv_conv_split_norm seq_len=18 start_pos=0 elapsed_ms=5.320
kiln_profile_gdn_stage layer=28 stage=post_transpose seq_len=18 start_pos=0 elapsed_ms=0.003
kiln_profile_gdn_stage layer=29 stage=recurrent seq_len=18 start_pos=0 elapsed_ms=6.618
kiln_profile_gdn_stage layer=29 stage=post_transpose seq_len=18 start_pos=0 elapsed_ms=0.002
kiln_profile_gdn_stage layer=30 stage=gated_norm seq_len=18 start_pos=0 elapsed_ms=6.814
kiln_profile_gdn_stage layer=28 stage=gated_norm seq_len=18 start_pos=0 elapsed_ms=6.840
kiln_profile_gdn_stage layer=29 stage=gated_norm seq_len=18 start_pos=0 elapsed_ms=8.430
kiln_profile_gdn_stage layer=28 stage=in_proj seq_len=19 start_pos=0 elapsed_ms=14.420
kiln_profile_gdn_stage layer=29 stage=out_proj seq_len=18 start_pos=0 elapsed_ms=2.687
kiln_profile_gdn_stage layer=29 stage=gates seq_len=18 start_pos=0 elapsed_ms=21.533
kiln_profile_gdn_stage layer=28 stage=out_proj seq_len=18 start_pos=0 elapsed_ms=11.773
kiln_profile_gdn_stage layer=29 stage=recurrent seq_len=18 start_pos=0 elapsed_ms=3.486
kiln_profile_gdn_stage layer=29 stage=post_transpose seq_len=18 start_pos=0 elapsed_ms=0.002
kiln_profile_gdn_stage layer=28 stage=qkv_conv_split_norm seq_len=19 start_pos=0 elapsed_ms=17.536
kiln_profile_gdn_stage layer=30 stage=out_proj seq_len=18 start_pos=0 elapsed_ms=7.662
kiln_profile_gdn_stage layer=29 stage=gated_norm seq_len=18 start_pos=0 elapsed_ms=4.734
kiln_profile_gdn_stage layer=28 stage=gates seq_len=19 start_pos=0 elapsed_ms=6.095
kiln_profile_gdn_stage layer=29 stage=out_proj seq_len=18 start_pos=0 elapsed_ms=4.869
kiln_profile_gdn_stage layer=28 stage=recurrent seq_len=19 start_pos=0 elapsed_ms=5.950
kiln_profile_gdn_stage layer=30 stage=in_proj seq_len=18 start_pos=0 elapsed_ms=5.757
kiln_profile_gdn_stage layer=28 stage=post_transpose seq_len=19 start_pos=0 elapsed_ms=0.009
kiln_profile_gdn_stage layer=28 stage=in_proj seq_len=18 start_pos=0 elapsed_ms=46.819
kiln_profile_gdn_stage layer=29 stage=in_proj seq_len=18 start_pos=0 elapsed_ms=20.636
kiln_profile_gdn_stage layer=29 stage=qkv_conv_split_norm seq_len=18 start_pos=0 elapsed_ms=1.620
kiln_profile_gdn_stage layer=30 stage=qkv_conv_split_norm seq_len=18 start_pos=0 elapsed_ms=21.172
kiln_profile_gdn_stage layer=29 stage=gates seq_len=18 start_pos=0 elapsed_ms=9.454
kiln_profile_gdn_stage layer=29 stage=recurrent seq_len=18 start_pos=0 elapsed_ms=2.129
kiln_profile_gdn_stage layer=29 stage=post_transpose seq_len=18 start_pos=0 elapsed_ms=0.004
kiln_profile_gdn_stage layer=30 stage=gates seq_len=18 start_pos=0 elapsed_ms=7.335
kiln_profile_gdn_stage layer=28 stage=gated_norm seq_len=19 start_pos=0 elapsed_ms=18.452
kiln_profile_gdn_stage layer=30 stage=recurrent seq_len=18 start_pos=0 elapsed_ms=0.741
kiln_profile_gdn_stage layer=29 stage=gated_norm seq_len=18 start_pos=0 elapsed_ms=1.837
kiln_profile_gdn_stage layer=30 stage=post_transpose seq_len=18 start_pos=0 elapsed_ms=0.002
kiln_profile_gdn_stage layer=28 stage=in_proj seq_len=18 start_pos=0 elapsed_ms=16.158
kiln_profile_gdn_stage layer=29 stage=out_proj seq_len=18 start_pos=0 elapsed_ms=4.545
kiln_profile_gdn_stage layer=29 stage=in_proj seq_len=18 start_pos=0 elapsed_ms=21.718
kiln_profile_gdn_stage layer=28 stage=qkv_conv_split_norm seq_len=18 start_pos=0 elapsed_ms=24.643
kiln_profile_gdn_stage layer=28 stage=out_proj seq_len=19 start_pos=0 elapsed_ms=6.712
kiln_profile_gdn_stage layer=30 stage=gated_norm seq_len=18 start_pos=0 elapsed_ms=3.172
kiln_profile_gdn_stage layer=28 stage=qkv_conv_split_norm seq_len=18 start_pos=0 elapsed_ms=4.664
kiln_profile_gdn_stage layer=28 stage=gates seq_len=18 start_pos=0 elapsed_ms=3.131
kiln_profile_gdn_stage layer=28 stage=gates seq_len=18 start_pos=0 elapsed_ms=4.436
kiln_profile_gdn_stage layer=28 stage=recurrent seq_len=18 start_pos=0 elapsed_ms=8.585
kiln_profile_gdn_stage layer=28 stage=post_transpose seq_len=18 start_pos=0 elapsed_ms=0.003
kiln_profile_gdn_stage layer=28 stage=recurrent seq_len=18 start_pos=0 elapsed_ms=8.164
kiln_profile_gdn_stage layer=28 stage=post_transpose seq_len=18 start_pos=0 elapsed_ms=0.005
kiln_profile_gdn_stage layer=29 stage=qkv_conv_split_norm seq_len=18 start_pos=0 elapsed_ms=14.481
kiln_profile_gdn_stage layer=28 stage=gated_norm seq_len=18 start_pos=0 elapsed_ms=0.335
kiln_profile_gdn_stage layer=30 stage=out_proj seq_len=18 start_pos=0 elapsed_ms=15.108
kiln_profile_gdn_stage layer=30 stage=in_proj seq_len=18 start_pos=0 elapsed_ms=22.988
kiln_profile_gdn_stage layer=28 stage=gated_norm seq_len=18 start_pos=0 elapsed_ms=1.326
kiln_profile_gdn_stage layer=29 stage=gates seq_len=18 start_pos=0 elapsed_ms=0.213
kiln_profile_gdn_stage layer=28 stage=out_proj seq_len=18 start_pos=0 elapsed_ms=6.899
kiln_profile_gdn_stage layer=29 stage=recurrent seq_len=18 start_pos=0 elapsed_ms=8.273
kiln_profile_gdn_stage layer=29 stage=post_transpose seq_len=18 start_pos=0 elapsed_ms=0.002
kiln_profile_gdn_stage layer=30 stage=qkv_conv_split_norm seq_len=18 start_pos=0 elapsed_ms=18.160
kiln_profile_gdn_stage layer=28 stage=out_proj seq_len=18 start_pos=0 elapsed_ms=20.785
kiln_profile_gdn_stage layer=29 stage=in_proj seq_len=19 start_pos=0 elapsed_ms=26.987
kiln_profile_gdn_stage layer=30 stage=gates seq_len=18 start_pos=0 elapsed_ms=7.881
kiln_profile_gdn_stage layer=29 stage=gated_norm seq_len=18 start_pos=0 elapsed_ms=14.787
kiln_profile_gdn_stage layer=30 stage=in_proj seq_len=18 start_pos=0 elapsed_ms=23.230
kiln_profile_gdn_stage layer=29 stage=out_proj seq_len=18 start_pos=0 elapsed_ms=8.102
kiln_profile_gdn_stage layer=30 stage=recurrent seq_len=18 start_pos=0 elapsed_ms=6.791
kiln_profile_gdn_stage layer=29 stage=in_proj seq_len=18 start_pos=0 elapsed_ms=11.858
kiln_profile_gdn_stage layer=30 stage=post_transpose seq_len=18 start_pos=0 elapsed_ms=0.002
kiln_profile_gdn_stage layer=30 stage=gated_norm seq_len=18 start_pos=0 elapsed_ms=3.855
kiln_profile_gdn_stage layer=29 stage=qkv_conv_split_norm seq_len=19 start_pos=0 elapsed_ms=25.361
kiln_profile_gdn_stage layer=30 stage=out_proj seq_len=18 start_pos=0 elapsed_ms=6.085
kiln_profile_gdn_stage layer=29 stage=qkv_conv_split_norm seq_len=18 start_pos=0 elapsed_ms=15.766
kiln_profile_gdn_stage layer=29 stage=in_proj seq_len=18 start_pos=0 elapsed_ms=18.113
kiln_profile_gdn_stage layer=30 stage=qkv_conv_split_norm seq_len=18 start_pos=0 elapsed_ms=24.183
kiln_profile_gdn_stage layer=29 stage=gates seq_len=19 start_pos=0 elapsed_ms=13.017
kiln_profile_gdn_stage layer=29 stage=recurrent seq_len=19 start_pos=0 elapsed_ms=0.977
kiln_profile_gdn_stage layer=29 stage=gates seq_len=18 start_pos=0 elapsed_ms=112.526
kiln_profile_gdn_stage layer=29 stage=post_transpose seq_len=19 start_pos=0 elapsed_ms=0.002
kiln_profile_gdn_stage layer=30 stage=gates seq_len=18 start_pos=0 elapsed_ms=110.750
kiln_profile_gdn_stage layer=29 stage=qkv_conv_split_norm seq_len=18 start_pos=0 elapsed_ms=124.639
kiln_profile_gdn_stage layer=29 stage=gates seq_len=18 start_pos=0 elapsed_ms=0.260
kiln_profile_gdn_stage layer=30 stage=recurrent seq_len=18 start_pos=0 elapsed_ms=1.950
kiln_profile_gdn_stage layer=29 stage=recurrent seq_len=18 start_pos=0 elapsed_ms=3.628
kiln_profile_gdn_stage layer=29 stage=gated_norm seq_len=19 start_pos=0 elapsed_ms=5.319
kiln_profile_gdn_stage layer=30 stage=post_transpose seq_len=18 start_pos=0 elapsed_ms=2.460
kiln_profile_gdn_stage layer=29 stage=post_transpose seq_len=18 start_pos=0 elapsed_ms=0.001
kiln_profile_gdn_stage layer=30 stage=in_proj seq_len=18 start_pos=0 elapsed_ms=4.412
kiln_profile_gdn_stage layer=29 stage=out_proj seq_len=19 start_pos=0 elapsed_ms=1.725
kiln_profile_gdn_stage layer=29 stage=recurrent seq_len=18 start_pos=0 elapsed_ms=8.910
kiln_profile_gdn_stage layer=30 stage=qkv_conv_split_norm seq_len=18 start_pos=0 elapsed_ms=1.967
kiln_profile_gdn_stage layer=29 stage=gated_norm seq_len=18 start_pos=0 elapsed_ms=4.855
kiln_profile_gdn_stage layer=30 stage=gated_norm seq_len=18 start_pos=0 elapsed_ms=6.603
kiln_profile_gdn_stage layer=29 stage=post_transpose seq_len=18 start_pos=0 elapsed_ms=0.002
kiln_profile_gdn_stage layer=29 stage=out_proj seq_len=18 start_pos=0 elapsed_ms=7.142
kiln_profile_gdn_stage layer=30 stage=gates seq_len=18 start_pos=0 elapsed_ms=7.855
kiln_profile_gdn_stage layer=0 stage=in_proj seq_len=1 start_pos=18 elapsed_ms=3.238
kiln_profile_gdn_stage layer=29 stage=gated_norm seq_len=18 start_pos=0 elapsed_ms=3.772
kiln_profile_gdn_stage layer=30 stage=recurrent seq_len=18 start_pos=0 elapsed_ms=0.632
kiln_profile_gdn_stage layer=30 stage=post_transpose seq_len=18 start_pos=0 elapsed_ms=0.002
kiln_profile_gdn_stage layer=0 stage=qkv_conv_norm seq_len=1 start_pos=18 elapsed_ms=2.125
kiln_profile_gdn_stage layer=30 stage=out_proj seq_len=18 start_pos=0 elapsed_ms=11.551
kiln_profile_gdn_stage layer=29 stage=out_proj seq_len=18 start_pos=0 elapsed_ms=4.464
kiln_profile_gdn_stage layer=30 stage=gated_norm seq_len=18 start_pos=0 elapsed_ms=15.917
kiln_profile_gdn_stage layer=30 stage=out_proj seq_len=18 start_pos=0 elapsed_ms=1.345
kiln_profile_gdn_stage layer=0 stage=gates_recur_gated_norm seq_len=1 start_pos=18 elapsed_ms=19.717
kiln_profile_gdn_stage layer=0 stage=post_transpose seq_len=1 start_pos=18 elapsed_ms=0.002
kiln_profile_gdn_stage layer=0 stage=gated_norm seq_len=1 start_pos=18 elapsed_ms=0.003
kiln_profile_gdn_stage layer=0 stage=out_proj seq_len=1 start_pos=18 elapsed_ms=7.995
kiln_profile_gdn_stage layer=30 stage=in_proj seq_len=18 start_pos=0 elapsed_ms=51.337
kiln_profile_gdn_stage layer=30 stage=qkv_conv_split_norm seq_len=18 start_pos=0 elapsed_ms=0.354
kiln_profile_gdn_stage layer=30 stage=in_proj seq_len=18 start_pos=0 elapsed_ms=54.364
kiln_profile_gdn_stage layer=30 stage=gates seq_len=18 start_pos=0 elapsed_ms=5.281
kiln_profile_gdn_stage layer=30 stage=in_proj seq_len=19 start_pos=0 elapsed_ms=56.070
kiln_profile_gdn_stage layer=30 stage=qkv_conv_split_norm seq_len=18 start_pos=0 elapsed_ms=1.709
kiln_profile_gdn_stage layer=30 stage=recurrent seq_len=18 start_pos=0 elapsed_ms=1.377
kiln_profile_gdn_stage layer=30 stage=post_transpose seq_len=18 start_pos=0 elapsed_ms=0.002
kiln_profile_gdn_stage layer=1 stage=in_proj seq_len=1 start_pos=18 elapsed_ms=15.248
kiln_profile_gdn_stage layer=30 stage=gates seq_len=18 start_pos=0 elapsed_ms=5.039
kiln_profile_gdn_stage layer=30 stage=gated_norm seq_len=18 start_pos=0 elapsed_ms=0.848
kiln_profile_gdn_stage layer=30 stage=out_proj seq_len=18 start_pos=0 elapsed_ms=1.763
kiln_profile_gdn_stage layer=1 stage=qkv_conv_norm seq_len=1 start_pos=18 elapsed_ms=7.627
kiln_profile_gdn_stage layer=1 stage=gates_recur_gated_norm seq_len=1 start_pos=18 elapsed_ms=3.932
kiln_profile_gdn_stage layer=30 stage=qkv_conv_split_norm seq_len=19 start_pos=0 elapsed_ms=17.263
kiln_profile_gdn_stage layer=1 stage=post_transpose seq_len=1 start_pos=18 elapsed_ms=0.002
kiln_profile_gdn_stage layer=30 stage=recurrent seq_len=18 start_pos=0 elapsed_ms=7.127
kiln_profile_gdn_stage layer=30 stage=post_transpose seq_len=18 start_pos=0 elapsed_ms=0.948
kiln_profile_gdn_stage layer=1 stage=gated_norm seq_len=1 start_pos=18 elapsed_ms=0.004
kiln_profile_gdn_stage layer=30 stage=gates seq_len=19 start_pos=0 elapsed_ms=4.002
kiln_profile_gdn_stage layer=30 stage=recurrent seq_len=19 start_pos=0 elapsed_ms=0.661
kiln_profile_gdn_stage layer=30 stage=post_transpose seq_len=19 start_pos=0 elapsed_ms=0.008
kiln_profile_gdn_stage layer=30 stage=gated_norm seq_len=18 start_pos=0 elapsed_ms=4.095
kiln_profile_gdn_stage layer=30 stage=out_proj seq_len=18 start_pos=0 elapsed_ms=1.389
kiln_profile_gdn_stage layer=1 stage=out_proj seq_len=1 start_pos=18 elapsed_ms=4.114
kiln_profile_gdn_stage layer=30 stage=gated_norm seq_len=19 start_pos=0 elapsed_ms=14.960
kiln_profile_gdn_stage layer=30 stage=out_proj seq_len=19 start_pos=0 elapsed_ms=3.686
kiln_profile_gdn_stage layer=2 stage=in_proj seq_len=1 start_pos=18 elapsed_ms=12.676
kiln_profile_gdn_stage layer=2 stage=qkv_conv_norm seq_len=1 start_pos=18 elapsed_ms=4.520
kiln_profile_gdn_stage layer=2 stage=gates_recur_gated_norm seq_len=1 start_pos=18 elapsed_ms=79.547
kiln_profile_gdn_stage layer=2 stage=post_transpose seq_len=1 start_pos=18 elapsed_ms=0.004
kiln_profile_gdn_stage layer=2 stage=gated_norm seq_len=1 start_pos=18 elapsed_ms=0.940
kiln_profile_gdn_stage layer=2 stage=out_proj seq_len=1 start_pos=18 elapsed_ms=4.689
kiln_profile_gdn_stage layer=4 stage=in_proj seq_len=1 start_pos=18 elapsed_ms=3.719
kiln_profile_gdn_stage layer=4 stage=qkv_conv_norm seq_len=1 start_pos=18 elapsed_ms=0.303
kiln_profile_gdn_stage layer=4 stage=gates_recur_gated_norm seq_len=1 start_pos=18 elapsed_ms=0.407
kiln_profile_gdn_stage layer=4 stage=post_transpose seq_len=1 start_pos=18 elapsed_ms=0.000
kiln_profile_gdn_stage layer=4 stage=gated_norm seq_len=1 start_pos=18 elapsed_ms=0.002
kiln_profile_gdn_stage layer=4 stage=out_proj seq_len=1 start_pos=18 elapsed_ms=1.485
kiln_profile_gdn_stage layer=5 stage=in_proj seq_len=1 start_pos=18 elapsed_ms=3.667
kiln_profile_gdn_stage layer=5 stage=qkv_conv_norm seq_len=1 start_pos=18 elapsed_ms=0.318
kiln_profile_gdn_stage layer=5 stage=gates_recur_gated_norm seq_len=1 start_pos=18 elapsed_ms=0.414
kiln_profile_gdn_stage layer=5 stage=post_transpose seq_len=1 start_pos=18 elapsed_ms=0.000
kiln_profile_gdn_stage layer=5 stage=gated_norm seq_len=1 start_pos=18 elapsed_ms=0.002
kiln_profile_gdn_stage layer=5 stage=out_proj seq_len=1 start_pos=18 elapsed_ms=1.505
kiln_profile_gdn_stage layer=6 stage=in_proj seq_len=1 start_pos=18 elapsed_ms=3.668
kiln_profile_gdn_stage layer=6 stage=qkv_conv_norm seq_len=1 start_pos=18 elapsed_ms=0.303
kiln_profile_gdn_stage layer=6 stage=gates_recur_gated_norm seq_len=1 start_pos=18 elapsed_ms=0.414
kiln_profile_gdn_stage layer=6 stage=post_transpose seq_len=1 start_pos=18 elapsed_ms=0.000
kiln_profile_gdn_stage layer=6 stage=gated_norm seq_len=1 start_pos=18 elapsed_ms=0.002
kiln_profile_gdn_stage layer=6 stage=out_proj seq_len=1 start_pos=18 elapsed_ms=1.519
kiln_profile_gdn_stage layer=8 stage=in_proj seq_len=1 start_pos=18 elapsed_ms=3.446
kiln_profile_gdn_stage layer=8 stage=qkv_conv_norm seq_len=1 start_pos=18 elapsed_ms=0.249
kiln_profile_gdn_stage layer=8 stage=gates_recur_gated_norm seq_len=1 start_pos=18 elapsed_ms=0.410
kiln_profile_gdn_stage layer=8 stage=post_transpose seq_len=1 start_pos=18 elapsed_ms=0.000
kiln_profile_gdn_stage layer=8 stage=gated_norm seq_len=1 start_pos=18 elapsed_ms=0.003
kiln_profile_gdn_stage layer=8 stage=out_proj seq_len=1 start_pos=18 elapsed_ms=1.441
kiln_profile_gdn_stage layer=9 stage=in_proj seq_len=1 start_pos=18 elapsed_ms=3.386
kiln_profile_gdn_stage layer=9 stage=qkv_conv_norm seq_len=1 start_pos=18 elapsed_ms=0.236
kiln_profile_gdn_stage layer=9 stage=gates_recur_gated_norm seq_len=1 start_pos=18 elapsed_ms=0.387
kiln_profile_gdn_stage layer=9 stage=post_transpose seq_len=1 start_pos=18 elapsed_ms=0.000
kiln_profile_gdn_stage layer=9 stage=gated_norm seq_len=1 start_pos=18 elapsed_ms=0.002
kiln_profile_gdn_stage layer=9 stage=out_proj seq_len=1 start_pos=18 elapsed_ms=1.480
kiln_profile_gdn_stage layer=10 stage=in_proj seq_len=1 start_pos=18 elapsed_ms=3.514
kiln_profile_gdn_stage layer=10 stage=qkv_conv_norm seq_len=1 start_pos=18 elapsed_ms=0.279
kiln_profile_gdn_stage layer=10 stage=gates_recur_gated_norm seq_len=1 start_pos=18 elapsed_ms=0.381
kiln_profile_gdn_stage layer=10 stage=post_transpose seq_len=1 start_pos=18 elapsed_ms=0.000
kiln_profile_gdn_stage layer=10 stage=gated_norm seq_len=1 start_pos=18 elapsed_ms=0.002
kiln_profile_gdn_stage layer=10 stage=out_proj seq_len=1 start_pos=18 elapsed_ms=1.528
kiln_profile_gdn_stage layer=12 stage=in_proj seq_len=1 start_pos=18 elapsed_ms=3.709
kiln_profile_gdn_stage layer=12 stage=qkv_conv_norm seq_len=1 start_pos=18 elapsed_ms=0.303
kiln_profile_gdn_stage layer=12 stage=gates_recur_gated_norm seq_len=1 start_pos=18 elapsed_ms=0.522
kiln_profile_gdn_stage layer=12 stage=post_transpose seq_len=1 start_pos=18 elapsed_ms=0.000
kiln_profile_gdn_stage layer=12 stage=gated_norm seq_len=1 start_pos=18 elapsed_ms=0.002
kiln_profile_gdn_stage layer=12 stage=out_proj seq_len=1 start_pos=18 elapsed_ms=1.485
kiln_profile_gdn_stage layer=13 stage=in_proj seq_len=1 start_pos=18 elapsed_ms=4.106
kiln_profile_gdn_stage layer=13 stage=qkv_conv_norm seq_len=1 start_pos=18 elapsed_ms=0.333
kiln_profile_gdn_stage layer=13 stage=gates_recur_gated_norm seq_len=1 start_pos=18 elapsed_ms=0.517
kiln_profile_gdn_stage layer=13 stage=post_transpose seq_len=1 start_pos=18 elapsed_ms=0.000
kiln_profile_gdn_stage layer=13 stage=gated_norm seq_len=1 start_pos=18 elapsed_ms=0.002
kiln_profile_gdn_stage layer=13 stage=out_proj seq_len=1 start_pos=18 elapsed_ms=1.562
kiln_profile_gdn_stage layer=14 stage=in_proj seq_len=1 start_pos=18 elapsed_ms=4.295
kiln_profile_gdn_stage layer=14 stage=qkv_conv_norm seq_len=1 start_pos=18 elapsed_ms=0.369
kiln_profile_gdn_stage layer=14 stage=gates_recur_gated_norm seq_len=1 start_pos=18 elapsed_ms=0.553
kiln_profile_gdn_stage layer=14 stage=post_transpose seq_len=1 start_pos=18 elapsed_ms=0.000
kiln_profile_gdn_stage layer=14 stage=gated_norm seq_len=1 start_pos=18 elapsed_ms=0.002
kiln_profile_gdn_stage layer=14 stage=out_proj seq_len=1 start_pos=18 elapsed_ms=1.561
kiln_profile_gdn_stage layer=16 stage=in_proj seq_len=1 start_pos=18 elapsed_ms=3.831
kiln_profile_gdn_stage layer=16 stage=qkv_conv_norm seq_len=1 start_pos=18 elapsed_ms=0.349
kiln_profile_gdn_stage layer=16 stage=gates_recur_gated_norm seq_len=1 start_pos=18 elapsed_ms=0.568
kiln_profile_gdn_stage layer=16 stage=post_transpose seq_len=1 start_pos=18 elapsed_ms=0.000
kiln_profile_gdn_stage layer=16 stage=gated_norm seq_len=1 start_pos=18 elapsed_ms=0.002
kiln_profile_gdn_stage layer=16 stage=out_proj seq_len=1 start_pos=18 elapsed_ms=1.488
kiln_profile_gdn_stage layer=17 stage=in_proj seq_len=1 start_pos=18 elapsed_ms=3.948
kiln_profile_gdn_stage layer=17 stage=qkv_conv_norm seq_len=1 start_pos=18 elapsed_ms=0.379
kiln_profile_gdn_stage layer=17 stage=gates_recur_gated_norm seq_len=1 start_pos=18 elapsed_ms=0.622
kiln_profile_gdn_stage layer=17 stage=post_transpose seq_len=1 start_pos=18 elapsed_ms=0.000
kiln_profile_gdn_stage layer=17 stage=gated_norm seq_len=1 start_pos=18 elapsed_ms=0.002
kiln_profile_gdn_stage layer=17 stage=out_proj seq_len=1 start_pos=18 elapsed_ms=1.623
kiln_profile_gdn_stage layer=18 stage=in_proj seq_len=1 start_pos=18 elapsed_ms=4.063
kiln_profile_gdn_stage layer=18 stage=qkv_conv_norm seq_len=1 start_pos=18 elapsed_ms=0.387
kiln_profile_gdn_stage layer=18 stage=gates_recur_gated_norm seq_len=1 start_pos=18 elapsed_ms=0.567
kiln_profile_gdn_stage layer=18 stage=post_transpose seq_len=1 start_pos=18 elapsed_ms=0.000
kiln_profile_gdn_stage layer=18 stage=gated_norm seq_len=1 start_pos=18 elapsed_ms=0.001
kiln_profile_gdn_stage layer=18 stage=out_proj seq_len=1 start_pos=18 elapsed_ms=1.582
kiln_profile_gdn_stage layer=20 stage=in_proj seq_len=1 start_pos=18 elapsed_ms=3.978
kiln_profile_gdn_stage layer=20 stage=qkv_conv_norm seq_len=1 start_pos=18 elapsed_ms=0.349
kiln_profile_gdn_stage layer=20 stage=gates_recur_gated_norm seq_len=1 start_pos=18 elapsed_ms=0.535
kiln_profile_gdn_stage layer=20 stage=post_transpose seq_len=1 start_pos=18 elapsed_ms=0.000
kiln_profile_gdn_stage layer=20 stage=gated_norm seq_len=1 start_pos=18 elapsed_ms=0.002
kiln_profile_gdn_stage layer=20 stage=out_proj seq_len=1 start_pos=18 elapsed_ms=1.452
kiln_profile_gdn_stage layer=21 stage=in_proj seq_len=1 start_pos=18 elapsed_ms=3.884
kiln_profile_gdn_stage layer=21 stage=qkv_conv_norm seq_len=1 start_pos=18 elapsed_ms=0.332
kiln_profile_gdn_stage layer=21 stage=gates_recur_gated_norm seq_len=1 start_pos=18 elapsed_ms=0.556
kiln_profile_gdn_stage layer=21 stage=post_transpose seq_len=1 start_pos=18 elapsed_ms=0.000
kiln_profile_gdn_stage layer=21 stage=gated_norm seq_len=1 start_pos=18 elapsed_ms=0.002
kiln_profile_gdn_stage layer=21 stage=out_proj seq_len=1 start_pos=18 elapsed_ms=1.555
kiln_profile_gdn_stage layer=22 stage=in_proj seq_len=1 start_pos=18 elapsed_ms=3.265
kiln_profile_gdn_stage layer=22 stage=qkv_conv_norm seq_len=1 start_pos=18 elapsed_ms=0.266
kiln_profile_gdn_stage layer=22 stage=gates_recur_gated_norm seq_len=1 start_pos=18 elapsed_ms=0.403
kiln_profile_gdn_stage layer=22 stage=post_transpose seq_len=1 start_pos=18 elapsed_ms=0.000
kiln_profile_gdn_stage layer=22 stage=gated_norm seq_len=1 start_pos=18 elapsed_ms=0.001
kiln_profile_gdn_stage layer=22 stage=out_proj seq_len=1 start_pos=18 elapsed_ms=1.277
kiln_profile_gdn_stage layer=24 stage=in_proj seq_len=1 start_pos=18 elapsed_ms=2.553
kiln_profile_gdn_stage layer=24 stage=qkv_conv_norm seq_len=1 start_pos=18 elapsed_ms=0.266
kiln_profile_gdn_stage layer=24 stage=gates_recur_gated_norm seq_len=1 start_pos=18 elapsed_ms=0.347
kiln_profile_gdn_stage layer=24 stage=post_transpose seq_len=1 start_pos=18 elapsed_ms=0.000
kiln_profile_gdn_stage layer=24 stage=gated_norm seq_len=1 start_pos=18 elapsed_ms=0.001
kiln_profile_gdn_stage layer=24 stage=out_proj seq_len=1 start_pos=18 elapsed_ms=1.109
kiln_profile_gdn_stage layer=25 stage=in_proj seq_len=1 start_pos=18 elapsed_ms=9.410
kiln_profile_gdn_stage layer=25 stage=qkv_conv_norm seq_len=1 start_pos=18 elapsed_ms=0.273
kiln_profile_gdn_stage layer=25 stage=gates_recur_gated_norm seq_len=1 start_pos=18 elapsed_ms=0.460
kiln_profile_gdn_stage layer=25 stage=post_transpose seq_len=1 start_pos=18 elapsed_ms=0.000
kiln_profile_gdn_stage layer=25 stage=gated_norm seq_len=1 start_pos=18 elapsed_ms=0.001
kiln_profile_gdn_stage layer=25 stage=out_proj seq_len=1 start_pos=18 elapsed_ms=1.602
kiln_profile_gdn_stage layer=26 stage=in_proj seq_len=1 start_pos=18 elapsed_ms=2.913
kiln_profile_gdn_stage layer=26 stage=qkv_conv_norm seq_len=1 start_pos=18 elapsed_ms=0.261
kiln_profile_gdn_stage layer=26 stage=gates_recur_gated_norm seq_len=1 start_pos=18 elapsed_ms=0.433
kiln_profile_gdn_stage layer=26 stage=post_transpose seq_len=1 start_pos=18 elapsed_ms=0.000
kiln_profile_gdn_stage layer=26 stage=gated_norm seq_len=1 start_pos=18 elapsed_ms=0.001
kiln_profile_gdn_stage layer=26 stage=out_proj seq_len=1 start_pos=18 elapsed_ms=1.222
kiln_profile_gdn_stage layer=28 stage=in_proj seq_len=1 start_pos=18 elapsed_ms=1.415
kiln_profile_gdn_stage layer=28 stage=qkv_conv_norm seq_len=1 start_pos=18 elapsed_ms=0.250
kiln_profile_gdn_stage layer=28 stage=gates_recur_gated_norm seq_len=1 start_pos=18 elapsed_ms=0.402
kiln_profile_gdn_stage layer=28 stage=post_transpose seq_len=1 start_pos=18 elapsed_ms=0.000
kiln_profile_gdn_stage layer=28 stage=gated_norm seq_len=1 start_pos=18 elapsed_ms=0.001
kiln_profile_gdn_stage layer=28 stage=out_proj seq_len=1 start_pos=18 elapsed_ms=0.680
kiln_profile_gdn_stage layer=29 stage=in_proj seq_len=1 start_pos=18 elapsed_ms=1.301
kiln_profile_gdn_stage layer=29 stage=qkv_conv_norm seq_len=1 start_pos=18 elapsed_ms=0.211
kiln_profile_gdn_stage layer=29 stage=gates_recur_gated_norm seq_len=1 start_pos=18 elapsed_ms=0.374
kiln_profile_gdn_stage layer=29 stage=post_transpose seq_len=1 start_pos=18 elapsed_ms=0.000
kiln_profile_gdn_stage layer=29 stage=gated_norm seq_len=1 start_pos=18 elapsed_ms=0.001
kiln_profile_gdn_stage layer=29 stage=out_proj seq_len=1 start_pos=18 elapsed_ms=0.613
kiln_profile_gdn_stage layer=30 stage=in_proj seq_len=1 start_pos=18 elapsed_ms=1.363
kiln_profile_gdn_stage layer=30 stage=qkv_conv_norm seq_len=1 start_pos=18 elapsed_ms=0.217
kiln_profile_gdn_stage layer=30 stage=gates_recur_gated_norm seq_len=1 start_pos=18 elapsed_ms=0.358
kiln_profile_gdn_stage layer=30 stage=post_transpose seq_len=1 start_pos=18 elapsed_ms=0.000
kiln_profile_gdn_stage layer=30 stage=gated_norm seq_len=1 start_pos=18 elapsed_ms=0.001
kiln_profile_gdn_stage layer=30 stage=out_proj seq_len=1 start_pos=18 elapsed_ms=0.648
kiln_profile_gdn_stage layer=0 stage=in_proj seq_len=1 start_pos=19 elapsed_ms=2.934
kiln_profile_gdn_stage layer=0 stage=qkv_conv_norm seq_len=1 start_pos=19 elapsed_ms=0.420
kiln_profile_gdn_stage layer=0 stage=gates_recur_gated_norm seq_len=1 start_pos=19 elapsed_ms=0.621
kiln_profile_gdn_stage layer=0 stage=post_transpose seq_len=1 start_pos=19 elapsed_ms=0.000
kiln_profile_gdn_stage layer=0 stage=gated_norm seq_len=1 start_pos=19 elapsed_ms=0.001
kiln_profile_gdn_stage layer=0 stage=out_proj seq_len=1 start_pos=19 elapsed_ms=1.300
kiln_profile_gdn_stage layer=1 stage=in_proj seq_len=1 start_pos=19 elapsed_ms=2.750
kiln_profile_gdn_stage layer=1 stage=qkv_conv_norm seq_len=1 start_pos=19 elapsed_ms=0.253
kiln_profile_gdn_stage layer=1 stage=gates_recur_gated_norm seq_len=1 start_pos=19 elapsed_ms=0.602
kiln_profile_gdn_stage layer=1 stage=post_transpose seq_len=1 start_pos=19 elapsed_ms=0.000
kiln_profile_gdn_stage layer=1 stage=gated_norm seq_len=1 start_pos=19 elapsed_ms=0.001
kiln_profile_gdn_stage layer=1 stage=out_proj seq_len=1 start_pos=19 elapsed_ms=1.321
kiln_profile_gdn_stage layer=2 stage=in_proj seq_len=1 start_pos=19 elapsed_ms=2.704
kiln_profile_gdn_stage layer=2 stage=qkv_conv_norm seq_len=1 start_pos=19 elapsed_ms=0.271
kiln_profile_gdn_stage layer=2 stage=gates_recur_gated_norm seq_len=1 start_pos=19 elapsed_ms=0.596
kiln_profile_gdn_stage layer=2 stage=post_transpose seq_len=1 start_pos=19 elapsed_ms=0.000
kiln_profile_gdn_stage layer=2 stage=gated_norm seq_len=1 start_pos=19 elapsed_ms=0.001
kiln_profile_gdn_stage layer=2 stage=out_proj seq_len=1 start_pos=19 elapsed_ms=1.321
kiln_profile_gdn_stage layer=4 stage=in_proj seq_len=1 start_pos=19 elapsed_ms=2.768
kiln_profile_gdn_stage layer=4 stage=qkv_conv_norm seq_len=1 start_pos=19 elapsed_ms=0.261
kiln_profile_gdn_stage layer=4 stage=gates_recur_gated_norm seq_len=1 start_pos=19 elapsed_ms=0.573
kiln_profile_gdn_stage layer=4 stage=post_transpose seq_len=1 start_pos=19 elapsed_ms=0.000
kiln_profile_gdn_stage layer=4 stage=gated_norm seq_len=1 start_pos=19 elapsed_ms=0.001
kiln_profile_gdn_stage layer=4 stage=out_proj seq_len=1 start_pos=19 elapsed_ms=1.344
kiln_profile_gdn_stage layer=5 stage=in_proj seq_len=1 start_pos=19 elapsed_ms=2.798
kiln_profile_gdn_stage layer=5 stage=qkv_conv_norm seq_len=1 start_pos=19 elapsed_ms=0.258
kiln_profile_gdn_stage layer=5 stage=gates_recur_gated_norm seq_len=1 start_pos=19 elapsed_ms=0.586
kiln_profile_gdn_stage layer=5 stage=post_transpose seq_len=1 start_pos=19 elapsed_ms=0.000
kiln_profile_gdn_stage layer=5 stage=gated_norm seq_len=1 start_pos=19 elapsed_ms=0.001
kiln_profile_gdn_stage layer=5 stage=out_proj seq_len=1 start_pos=19 elapsed_ms=1.332
kiln_profile_gdn_stage layer=6 stage=in_proj seq_len=1 start_pos=19 elapsed_ms=2.978
kiln_profile_gdn_stage layer=6 stage=qkv_conv_norm seq_len=1 start_pos=19 elapsed_ms=0.299
kiln_profile_gdn_stage layer=6 stage=gates_recur_gated_norm seq_len=1 start_pos=19 elapsed_ms=0.606
kiln_profile_gdn_stage layer=6 stage=post_transpose seq_len=1 start_pos=19 elapsed_ms=0.000
kiln_profile_gdn_stage layer=6 stage=gated_norm seq_len=1 start_pos=19 elapsed_ms=0.001
kiln_profile_gdn_stage layer=6 stage=out_proj seq_len=1 start_pos=19 elapsed_ms=1.358
kiln_profile_gdn_stage layer=8 stage=in_proj seq_len=1 start_pos=19 elapsed_ms=2.754
kiln_profile_gdn_stage layer=8 stage=qkv_conv_norm seq_len=1 start_pos=19 elapsed_ms=0.257
kiln_profile_gdn_stage layer=8 stage=gates_recur_gated_norm seq_len=1 start_pos=19 elapsed_ms=0.613
kiln_profile_gdn_stage layer=8 stage=post_transpose seq_len=1 start_pos=19 elapsed_ms=0.000
kiln_profile_gdn_stage layer=8 stage=gated_norm seq_len=1 start_pos=19 elapsed_ms=0.002
kiln_profile_gdn_stage layer=8 stage=out_proj seq_len=1 start_pos=19 elapsed_ms=1.351
kiln_profile_gdn_stage layer=9 stage=in_proj seq_len=1 start_pos=19 elapsed_ms=2.744
kiln_profile_gdn_stage layer=9 stage=qkv_conv_norm seq_len=1 start_pos=19 elapsed_ms=0.247
kiln_profile_gdn_stage layer=9 stage=gates_recur_gated_norm seq_len=1 start_pos=19 elapsed_ms=0.610
kiln_profile_gdn_stage layer=9 stage=post_transpose seq_len=1 start_pos=19 elapsed_ms=0.000
kiln_profile_gdn_stage layer=9 stage=gated_norm seq_len=1 start_pos=19 elapsed_ms=0.001
kiln_profile_gdn_stage layer=9 stage=out_proj seq_len=1 start_pos=19 elapsed_ms=1.326
kiln_profile_gdn_stage layer=10 stage=in_proj seq_len=1 start_pos=19 elapsed_ms=2.737
kiln_profile_gdn_stage layer=10 stage=qkv_conv_norm seq_len=1 start_pos=19 elapsed_ms=0.315
kiln_profile_gdn_stage layer=10 stage=gates_recur_gated_norm seq_len=1 start_pos=19 elapsed_ms=0.602
kiln_profile_gdn_stage layer=10 stage=post_transpose seq_len=1 start_pos=19 elapsed_ms=0.000
kiln_profile_gdn_stage layer=10 stage=gated_norm seq_len=1 start_pos=19 elapsed_ms=0.001
kiln_profile_gdn_stage layer=10 stage=out_proj seq_len=1 start_pos=19 elapsed_ms=1.336
kiln_profile_gdn_stage layer=12 stage=in_proj seq_len=1 start_pos=19 elapsed_ms=2.811
kiln_profile_gdn_stage layer=12 stage=qkv_conv_norm seq_len=1 start_pos=19 elapsed_ms=0.288
kiln_profile_gdn_stage layer=12 stage=gates_recur_gated_norm seq_len=1 start_pos=19 elapsed_ms=0.616
kiln_profile_gdn_stage layer=12 stage=post_transpose seq_len=1 start_pos=19 elapsed_ms=0.000
kiln_profile_gdn_stage layer=12 stage=gated_norm seq_len=1 start_pos=19 elapsed_ms=0.001
kiln_profile_gdn_stage layer=12 stage=out_proj seq_len=1 start_pos=19 elapsed_ms=1.385
kiln_profile_gdn_stage layer=13 stage=in_proj seq_len=1 start_pos=19 elapsed_ms=2.831
kiln_profile_gdn_stage layer=13 stage=qkv_conv_norm seq_len=1 start_pos=19 elapsed_ms=0.274
kiln_profile_gdn_stage layer=13 stage=gates_recur_gated_norm seq_len=1 start_pos=19 elapsed_ms=0.603
kiln_profile_gdn_stage layer=13 stage=post_transpose seq_len=1 start_pos=19 elapsed_ms=0.000
kiln_profile_gdn_stage layer=13 stage=gated_norm seq_len=1 start_pos=19 elapsed_ms=0.002
kiln_profile_gdn_stage layer=13 stage=out_proj seq_len=1 start_pos=19 elapsed_ms=1.372
kiln_profile_gdn_stage layer=14 stage=in_proj seq_len=1 start_pos=19 elapsed_ms=2.767
kiln_profile_gdn_stage layer=14 stage=qkv_conv_norm seq_len=1 start_pos=19 elapsed_ms=0.285
kiln_profile_gdn_stage layer=14 stage=gates_recur_gated_norm seq_len=1 start_pos=19 elapsed_ms=0.631
kiln_profile_gdn_stage layer=14 stage=post_transpose seq_len=1 start_pos=19 elapsed_ms=0.000
kiln_profile_gdn_stage layer=14 stage=gated_norm seq_len=1 start_pos=19 elapsed_ms=0.001
kiln_profile_gdn_stage layer=14 stage=out_proj seq_len=1 start_pos=19 elapsed_ms=1.337
kiln_profile_gdn_stage layer=16 stage=in_proj seq_len=1 start_pos=19 elapsed_ms=2.824
kiln_profile_gdn_stage layer=16 stage=qkv_conv_norm seq_len=1 start_pos=19 elapsed_ms=0.328
kiln_profile_gdn_stage layer=16 stage=gates_recur_gated_norm seq_len=1 start_pos=19 elapsed_ms=0.647
kiln_profile_gdn_stage layer=16 stage=post_transpose seq_len=1 start_pos=19 elapsed_ms=0.000
kiln_profile_gdn_stage layer=16 stage=gated_norm seq_len=1 start_pos=19 elapsed_ms=0.002
kiln_profile_gdn_stage layer=16 stage=out_proj seq_len=1 start_pos=19 elapsed_ms=1.370
kiln_profile_gdn_stage layer=17 stage=in_proj seq_len=1 start_pos=19 elapsed_ms=3.208
kiln_profile_gdn_stage layer=17 stage=qkv_conv_norm seq_len=1 start_pos=19 elapsed_ms=0.328
kiln_profile_gdn_stage layer=17 stage=gates_recur_gated_norm seq_len=1 start_pos=19 elapsed_ms=0.768
kiln_profile_gdn_stage layer=17 stage=post_transpose seq_len=1 start_pos=19 elapsed_ms=0.000
kiln_profile_gdn_stage layer=17 stage=gated_norm seq_len=1 start_pos=19 elapsed_ms=0.003
kiln_profile_gdn_stage layer=17 stage=out_proj seq_len=1 start_pos=19 elapsed_ms=1.479
kiln_profile_gdn_stage layer=18 stage=in_proj seq_len=1 start_pos=19 elapsed_ms=3.044
kiln_profile_gdn_stage layer=18 stage=qkv_conv_norm seq_len=1 start_pos=19 elapsed_ms=0.350
kiln_profile_gdn_stage layer=18 stage=gates_recur_gated_norm seq_len=1 start_pos=19 elapsed_ms=0.859
kiln_profile_gdn_stage layer=18 stage=post_transpose seq_len=1 start_pos=19 elapsed_ms=0.000
kiln_profile_gdn_stage layer=18 stage=gated_norm seq_len=1 start_pos=19 elapsed_ms=0.005
kiln_profile_gdn_stage layer=18 stage=out_proj seq_len=1 start_pos=19 elapsed_ms=1.432
kiln_profile_gdn_stage layer=20 stage=in_proj seq_len=1 start_pos=19 elapsed_ms=2.977
kiln_profile_gdn_stage layer=20 stage=qkv_conv_norm seq_len=1 start_pos=19 elapsed_ms=0.381
kiln_profile_gdn_stage layer=20 stage=gates_recur_gated_norm seq_len=1 start_pos=19 elapsed_ms=0.654
kiln_profile_gdn_stage layer=20 stage=post_transpose seq_len=1 start_pos=19 elapsed_ms=0.000
kiln_profile_gdn_stage layer=20 stage=gated_norm seq_len=1 start_pos=19 elapsed_ms=0.004
kiln_profile_gdn_stage layer=20 stage=out_proj seq_len=1 start_pos=19 elapsed_ms=1.571
kiln_profile_gdn_stage layer=21 stage=in_proj seq_len=1 start_pos=19 elapsed_ms=2.921
kiln_profile_gdn_stage layer=21 stage=qkv_conv_norm seq_len=1 start_pos=19 elapsed_ms=0.374
kiln_profile_gdn_stage layer=21 stage=gates_recur_gated_norm seq_len=1 start_pos=19 elapsed_ms=0.769
kiln_profile_gdn_stage layer=21 stage=post_transpose seq_len=1 start_pos=19 elapsed_ms=0.000
kiln_profile_gdn_stage layer=21 stage=gated_norm seq_len=1 start_pos=19 elapsed_ms=0.003
kiln_profile_gdn_stage layer=21 stage=out_proj seq_len=1 start_pos=19 elapsed_ms=1.484
kiln_profile_gdn_stage layer=22 stage=in_proj seq_len=1 start_pos=19 elapsed_ms=2.957
kiln_profile_gdn_stage layer=22 stage=qkv_conv_norm seq_len=1 start_pos=19 elapsed_ms=0.262
kiln_profile_gdn_stage layer=22 stage=gates_recur_gated_norm seq_len=1 start_pos=19 elapsed_ms=0.620
kiln_profile_gdn_stage layer=22 stage=post_transpose seq_len=1 start_pos=19 elapsed_ms=0.000
kiln_profile_gdn_stage layer=22 stage=gated_norm seq_len=1 start_pos=19 elapsed_ms=0.003
kiln_profile_gdn_stage layer=22 stage=out_proj seq_len=1 start_pos=19 elapsed_ms=1.383
kiln_profile_gdn_stage layer=24 stage=in_proj seq_len=1 start_pos=19 elapsed_ms=3.025
kiln_profile_gdn_stage layer=24 stage=qkv_conv_norm seq_len=1 start_pos=19 elapsed_ms=0.296
kiln_profile_gdn_stage layer=24 stage=gates_recur_gated_norm seq_len=1 start_pos=19 elapsed_ms=0.632
kiln_profile_gdn_stage layer=24 stage=post_transpose seq_len=1 start_pos=19 elapsed_ms=0.000
kiln_profile_gdn_stage layer=24 stage=gated_norm seq_len=1 start_pos=19 elapsed_ms=0.002
kiln_profile_gdn_stage layer=24 stage=out_proj seq_len=1 start_pos=19 elapsed_ms=1.443
kiln_profile_gdn_stage layer=25 stage=in_proj seq_len=1 start_pos=19 elapsed_ms=2.762
kiln_profile_gdn_stage layer=25 stage=qkv_conv_norm seq_len=1 start_pos=19 elapsed_ms=0.281
kiln_profile_gdn_stage layer=25 stage=gates_recur_gated_norm seq_len=1 start_pos=19 elapsed_ms=0.642
kiln_profile_gdn_stage layer=25 stage=post_transpose seq_len=1 start_pos=19 elapsed_ms=0.000
kiln_profile_gdn_stage layer=25 stage=gated_norm seq_len=1 start_pos=19 elapsed_ms=0.002
kiln_profile_gdn_stage layer=25 stage=out_proj seq_len=1 start_pos=19 elapsed_ms=1.382
kiln_profile_gdn_stage layer=26 stage=in_proj seq_len=1 start_pos=19 elapsed_ms=3.232
kiln_profile_gdn_stage layer=26 stage=qkv_conv_norm seq_len=1 start_pos=19 elapsed_ms=0.555
kiln_profile_gdn_stage layer=26 stage=gates_recur_gated_norm seq_len=1 start_pos=19 elapsed_ms=0.666
kiln_profile_gdn_stage layer=26 stage=post_transpose seq_len=1 start_pos=19 elapsed_ms=0.000
kiln_profile_gdn_stage layer=26 stage=gated_norm seq_len=1 start_pos=19 elapsed_ms=0.002
kiln_profile_gdn_stage layer=26 stage=out_proj seq_len=1 start_pos=19 elapsed_ms=1.366
kiln_profile_gdn_stage layer=28 stage=in_proj seq_len=1 start_pos=19 elapsed_ms=2.810
kiln_profile_gdn_stage layer=28 stage=qkv_conv_norm seq_len=1 start_pos=19 elapsed_ms=0.319
kiln_profile_gdn_stage layer=28 stage=gates_recur_gated_norm seq_len=1 start_pos=19 elapsed_ms=0.651
kiln_profile_gdn_stage layer=28 stage=post_transpose seq_len=1 start_pos=19 elapsed_ms=0.000
kiln_profile_gdn_stage layer=28 stage=gated_norm seq_len=1 start_pos=19 elapsed_ms=0.002
kiln_profile_gdn_stage layer=28 stage=out_proj seq_len=1 start_pos=19 elapsed_ms=1.389
kiln_profile_gdn_stage layer=29 stage=in_proj seq_len=1 start_pos=19 elapsed_ms=2.895
kiln_profile_gdn_stage layer=29 stage=qkv_conv_norm seq_len=1 start_pos=19 elapsed_ms=0.363
kiln_profile_gdn_stage layer=29 stage=gates_recur_gated_norm seq_len=1 start_pos=19 elapsed_ms=0.694
kiln_profile_gdn_stage layer=29 stage=post_transpose seq_len=1 start_pos=19 elapsed_ms=0.000
kiln_profile_gdn_stage layer=29 stage=gated_norm seq_len=1 start_pos=19 elapsed_ms=0.003
kiln_profile_gdn_stage layer=29 stage=out_proj seq_len=1 start_pos=19 elapsed_ms=1.487
kiln_profile_gdn_stage layer=30 stage=in_proj seq_len=1 start_pos=19 elapsed_ms=2.893
kiln_profile_gdn_stage layer=30 stage=qkv_conv_norm seq_len=1 start_pos=19 elapsed_ms=0.884
kiln_profile_gdn_stage layer=30 stage=gates_recur_gated_norm seq_len=1 start_pos=19 elapsed_ms=0.884
kiln_profile_gdn_stage layer=30 stage=post_transpose seq_len=1 start_pos=19 elapsed_ms=0.001
kiln_profile_gdn_stage layer=30 stage=gated_norm seq_len=1 start_pos=19 elapsed_ms=0.004
kiln_profile_gdn_stage layer=30 stage=out_proj seq_len=1 start_pos=19 elapsed_ms=1.661
kiln_profile_gdn_stage layer=0 stage=in_proj seq_len=1 start_pos=19 elapsed_ms=1.308
kiln_profile_gdn_stage layer=0 stage=qkv_conv_norm seq_len=1 start_pos=19 elapsed_ms=0.270
kiln_profile_gdn_stage layer=0 stage=gates_recur_gated_norm seq_len=1 start_pos=19 elapsed_ms=0.391
kiln_profile_gdn_stage layer=0 stage=post_transpose seq_len=1 start_pos=19 elapsed_ms=0.000
kiln_profile_gdn_stage layer=0 stage=gated_norm seq_len=1 start_pos=19 elapsed_ms=0.002
kiln_profile_gdn_stage layer=0 stage=out_proj seq_len=1 start_pos=19 elapsed_ms=0.671
kiln_profile_gdn_stage layer=1 stage=in_proj seq_len=1 start_pos=19 elapsed_ms=1.281
kiln_profile_gdn_stage layer=1 stage=qkv_conv_norm seq_len=1 start_pos=19 elapsed_ms=0.279
kiln_profile_gdn_stage layer=1 stage=gates_recur_gated_norm seq_len=1 start_pos=19 elapsed_ms=0.387
kiln_profile_gdn_stage layer=1 stage=post_transpose seq_len=1 start_pos=19 elapsed_ms=0.000
kiln_profile_gdn_stage layer=1 stage=gated_norm seq_len=1 start_pos=19 elapsed_ms=0.002
kiln_profile_gdn_stage layer=1 stage=out_proj seq_len=1 start_pos=19 elapsed_ms=0.652
kiln_profile_gdn_stage layer=2 stage=in_proj seq_len=1 start_pos=19 elapsed_ms=1.339
kiln_profile_gdn_stage layer=2 stage=qkv_conv_norm seq_len=1 start_pos=19 elapsed_ms=0.294
kiln_profile_gdn_stage layer=2 stage=gates_recur_gated_norm seq_len=1 start_pos=19 elapsed_ms=0.417
kiln_profile_gdn_stage layer=2 stage=post_transpose seq_len=1 start_pos=19 elapsed_ms=0.000
kiln_profile_gdn_stage layer=2 stage=gated_norm seq_len=1 start_pos=19 elapsed_ms=0.002
kiln_profile_gdn_stage layer=2 stage=out_proj seq_len=1 start_pos=19 elapsed_ms=0.678
kiln_profile_gdn_stage layer=4 stage=in_proj seq_len=1 start_pos=19 elapsed_ms=1.311
kiln_profile_gdn_stage layer=4 stage=qkv_conv_norm seq_len=1 start_pos=19 elapsed_ms=0.287
kiln_profile_gdn_stage layer=4 stage=gates_recur_gated_norm seq_len=1 start_pos=19 elapsed_ms=0.409
kiln_profile_gdn_stage layer=4 stage=post_transpose seq_len=1 start_pos=19 elapsed_ms=0.000
kiln_profile_gdn_stage layer=4 stage=gated_norm seq_len=1 start_pos=19 elapsed_ms=0.003
kiln_profile_gdn_stage layer=4 stage=out_proj seq_len=1 start_pos=19 elapsed_ms=0.700
kiln_profile_gdn_stage layer=5 stage=in_proj seq_len=1 start_pos=19 elapsed_ms=1.351
kiln_profile_gdn_stage layer=5 stage=qkv_conv_norm seq_len=1 start_pos=19 elapsed_ms=0.330
kiln_profile_gdn_stage layer=5 stage=gates_recur_gated_norm seq_len=1 start_pos=19 elapsed_ms=0.478
kiln_profile_gdn_stage layer=5 stage=post_transpose seq_len=1 start_pos=19 elapsed_ms=0.000
kiln_profile_gdn_stage layer=5 stage=gated_norm seq_len=1 start_pos=19 elapsed_ms=0.003
kiln_profile_gdn_stage layer=5 stage=out_proj seq_len=1 start_pos=19 elapsed_ms=1.046
kiln_profile_gdn_stage layer=6 stage=in_proj seq_len=1 start_pos=19 elapsed_ms=1.400
kiln_profile_gdn_stage layer=6 stage=qkv_conv_norm seq_len=1 start_pos=19 elapsed_ms=0.287
kiln_profile_gdn_stage layer=6 stage=gates_recur_gated_norm seq_len=1 start_pos=19 elapsed_ms=0.435
kiln_profile_gdn_stage layer=6 stage=post_transpose seq_len=1 start_pos=19 elapsed_ms=0.000
kiln_profile_gdn_stage layer=6 stage=gated_norm seq_len=1 start_pos=19 elapsed_ms=0.003
kiln_profile_gdn_stage layer=6 stage=out_proj seq_len=1 start_pos=19 elapsed_ms=0.724
kiln_profile_gdn_stage layer=8 stage=in_proj seq_len=1 start_pos=19 elapsed_ms=1.332
kiln_profile_gdn_stage layer=8 stage=qkv_conv_norm seq_len=1 start_pos=19 elapsed_ms=0.246
kiln_profile_gdn_stage layer=8 stage=gates_recur_gated_norm seq_len=1 start_pos=19 elapsed_ms=0.379
kiln_profile_gdn_stage layer=8 stage=post_transpose seq_len=1 start_pos=19 elapsed_ms=0.000
kiln_profile_gdn_stage layer=8 stage=gated_norm seq_len=1 start_pos=19 elapsed_ms=0.002
kiln_profile_gdn_stage layer=8 stage=out_proj seq_len=1 start_pos=19 elapsed_ms=0.697
kiln_profile_gdn_stage layer=9 stage=in_proj seq_len=1 start_pos=19 elapsed_ms=1.324
kiln_profile_gdn_stage layer=9 stage=qkv_conv_norm seq_len=1 start_pos=19 elapsed_ms=0.291
kiln_profile_gdn_stage layer=9 stage=gates_recur_gated_norm seq_len=1 start_pos=19 elapsed_ms=0.346
kiln_profile_gdn_stage layer=9 stage=post_transpose seq_len=1 start_pos=19 elapsed_ms=0.000
kiln_profile_gdn_stage layer=9 stage=gated_norm seq_len=1 start_pos=19 elapsed_ms=0.003
kiln_profile_gdn_stage layer=9 stage=out_proj seq_len=1 start_pos=19 elapsed_ms=0.723
kiln_profile_gdn_stage layer=10 stage=in_proj seq_len=1 start_pos=19 elapsed_ms=1.363
kiln_profile_gdn_stage layer=10 stage=qkv_conv_norm seq_len=1 start_pos=19 elapsed_ms=0.341
kiln_profile_gdn_stage layer=10 stage=gates_recur_gated_norm seq_len=1 start_pos=19 elapsed_ms=0.407
kiln_profile_gdn_stage layer=10 stage=post_transpose seq_len=1 start_pos=19 elapsed_ms=0.001
kiln_profile_gdn_stage layer=10 stage=gated_norm seq_len=1 start_pos=19 elapsed_ms=0.004
kiln_profile_gdn_stage layer=10 stage=out_proj seq_len=1 start_pos=19 elapsed_ms=0.733
kiln_profile_gdn_stage layer=12 stage=in_proj seq_len=1 start_pos=19 elapsed_ms=1.348
kiln_profile_gdn_stage layer=12 stage=qkv_conv_norm seq_len=1 start_pos=19 elapsed_ms=0.262
kiln_profile_gdn_stage layer=12 stage=gates_recur_gated_norm seq_len=1 start_pos=19 elapsed_ms=0.371
kiln_profile_gdn_stage layer=12 stage=post_transpose seq_len=1 start_pos=19 elapsed_ms=0.001
kiln_profile_gdn_stage layer=12 stage=gated_norm seq_len=1 start_pos=19 elapsed_ms=0.004
kiln_profile_gdn_stage layer=12 stage=out_proj seq_len=1 start_pos=19 elapsed_ms=0.695
kiln_profile_gdn_stage layer=13 stage=in_proj seq_len=1 start_pos=19 elapsed_ms=1.301
kiln_profile_gdn_stage layer=13 stage=qkv_conv_norm seq_len=1 start_pos=19 elapsed_ms=0.276
kiln_profile_gdn_stage layer=13 stage=gates_recur_gated_norm seq_len=1 start_pos=19 elapsed_ms=0.342
kiln_profile_gdn_stage layer=13 stage=post_transpose seq_len=1 start_pos=19 elapsed_ms=0.000
kiln_profile_gdn_stage layer=13 stage=gated_norm seq_len=1 start_pos=19 elapsed_ms=0.002
kiln_profile_gdn_stage layer=13 stage=out_proj seq_len=1 start_pos=19 elapsed_ms=0.685
kiln_profile_gdn_stage layer=14 stage=in_proj seq_len=1 start_pos=19 elapsed_ms=1.310
kiln_profile_gdn_stage layer=14 stage=qkv_conv_norm seq_len=1 start_pos=19 elapsed_ms=0.264
kiln_profile_gdn_stage layer=14 stage=gates_recur_gated_norm seq_len=1 start_pos=19 elapsed_ms=0.363
kiln_profile_gdn_stage layer=14 stage=post_transpose seq_len=1 start_pos=19 elapsed_ms=0.001
kiln_profile_gdn_stage layer=14 stage=gated_norm seq_len=1 start_pos=19 elapsed_ms=0.004
kiln_profile_gdn_stage layer=14 stage=out_proj seq_len=1 start_pos=19 elapsed_ms=0.748
kiln_profile_gdn_stage layer=16 stage=in_proj seq_len=1 start_pos=19 elapsed_ms=1.394
kiln_profile_gdn_stage layer=16 stage=qkv_conv_norm seq_len=1 start_pos=19 elapsed_ms=0.272
kiln_profile_gdn_stage layer=16 stage=gates_recur_gated_norm seq_len=1 start_pos=19 elapsed_ms=0.327
kiln_profile_gdn_stage layer=16 stage=post_transpose seq_len=1 start_pos=19 elapsed_ms=0.000
kiln_profile_gdn_stage layer=16 stage=gated_norm seq_len=1 start_pos=19 elapsed_ms=0.002
kiln_profile_gdn_stage layer=16 stage=out_proj seq_len=1 start_pos=19 elapsed_ms=0.694
kiln_profile_gdn_stage layer=17 stage=in_proj seq_len=1 start_pos=19 elapsed_ms=1.350
kiln_profile_gdn_stage layer=17 stage=qkv_conv_norm seq_len=1 start_pos=19 elapsed_ms=0.284
kiln_profile_gdn_stage layer=17 stage=gates_recur_gated_norm seq_len=1 start_pos=19 elapsed_ms=0.365
kiln_profile_gdn_stage layer=17 stage=post_transpose seq_len=1 start_pos=19 elapsed_ms=0.000
kiln_profile_gdn_stage layer=17 stage=gated_norm seq_len=1 start_pos=19 elapsed_ms=0.003
kiln_profile_gdn_stage layer=17 stage=out_proj seq_len=1 start_pos=19 elapsed_ms=0.726
kiln_profile_gdn_stage layer=18 stage=in_proj seq_len=1 start_pos=19 elapsed_ms=1.315
kiln_profile_gdn_stage layer=18 stage=qkv_conv_norm seq_len=1 start_pos=19 elapsed_ms=0.298
kiln_profile_gdn_stage layer=18 stage=gates_recur_gated_norm seq_len=1 start_pos=19 elapsed_ms=0.345
kiln_profile_gdn_stage layer=18 stage=post_transpose seq_len=1 start_pos=19 elapsed_ms=0.001
kiln_profile_gdn_stage layer=18 stage=gated_norm seq_len=1 start_pos=19 elapsed_ms=0.002
kiln_profile_gdn_stage layer=18 stage=out_proj seq_len=1 start_pos=19 elapsed_ms=0.692
kiln_profile_gdn_stage layer=20 stage=in_proj seq_len=1 start_pos=19 elapsed_ms=1.349
kiln_profile_gdn_stage layer=20 stage=qkv_conv_norm seq_len=1 start_pos=19 elapsed_ms=0.310
kiln_profile_gdn_stage layer=20 stage=gates_recur_gated_norm seq_len=1 start_pos=19 elapsed_ms=0.392
kiln_profile_gdn_stage layer=20 stage=post_transpose seq_len=1 start_pos=19 elapsed_ms=0.001
kiln_profile_gdn_stage layer=20 stage=gated_norm seq_len=1 start_pos=19 elapsed_ms=0.002
kiln_profile_gdn_stage layer=20 stage=out_proj seq_len=1 start_pos=19 elapsed_ms=0.749
kiln_profile_gdn_stage layer=21 stage=in_proj seq_len=1 start_pos=19 elapsed_ms=1.497
kiln_profile_gdn_stage layer=21 stage=qkv_conv_norm seq_len=1 start_pos=19 elapsed_ms=0.413
kiln_profile_gdn_stage layer=21 stage=gates_recur_gated_norm seq_len=1 start_pos=19 elapsed_ms=0.348
kiln_profile_gdn_stage layer=21 stage=post_transpose seq_len=1 start_pos=19 elapsed_ms=0.000
kiln_profile_gdn_stage layer=21 stage=gated_norm seq_len=1 start_pos=19 elapsed_ms=0.003
kiln_profile_gdn_stage layer=21 stage=out_proj seq_len=1 start_pos=19 elapsed_ms=0.708
kiln_profile_gdn_stage layer=22 stage=in_proj seq_len=1 start_pos=19 elapsed_ms=1.283
kiln_profile_gdn_stage layer=22 stage=qkv_conv_norm seq_len=1 start_pos=19 elapsed_ms=0.234
kiln_profile_gdn_stage layer=22 stage=gates_recur_gated_norm seq_len=1 start_pos=19 elapsed_ms=0.349
kiln_profile_gdn_stage layer=22 stage=post_transpose seq_len=1 start_pos=19 elapsed_ms=0.000
kiln_profile_gdn_stage layer=22 stage=gated_norm seq_len=1 start_pos=19 elapsed_ms=0.002
kiln_profile_gdn_stage layer=22 stage=out_proj seq_len=1 start_pos=19 elapsed_ms=0.660
kiln_profile_gdn_stage layer=24 stage=in_proj seq_len=1 start_pos=19 elapsed_ms=1.380
kiln_profile_gdn_stage layer=24 stage=qkv_conv_norm seq_len=1 start_pos=19 elapsed_ms=0.247
kiln_profile_gdn_stage layer=24 stage=gates_recur_gated_norm seq_len=1 start_pos=19 elapsed_ms=0.339
kiln_profile_gdn_stage layer=24 stage=post_transpose seq_len=1 start_pos=19 elapsed_ms=0.000
kiln_profile_gdn_stage layer=24 stage=gated_norm seq_len=1 start_pos=19 elapsed_ms=0.003
kiln_profile_gdn_stage layer=24 stage=out_proj seq_len=1 start_pos=19 elapsed_ms=0.691
kiln_profile_gdn_stage layer=25 stage=in_proj seq_len=1 start_pos=19 elapsed_ms=1.260
kiln_profile_gdn_stage layer=25 stage=qkv_conv_norm seq_len=1 start_pos=19 elapsed_ms=0.288
kiln_profile_gdn_stage layer=25 stage=gates_recur_gated_norm seq_len=1 start_pos=19 elapsed_ms=0.352
kiln_profile_gdn_stage layer=25 stage=post_transpose seq_len=1 start_pos=19 elapsed_ms=0.000
kiln_profile_gdn_stage layer=25 stage=gated_norm seq_len=1 start_pos=19 elapsed_ms=0.003
kiln_profile_gdn_stage layer=25 stage=out_proj seq_len=1 start_pos=19 elapsed_ms=0.704
kiln_profile_gdn_stage layer=26 stage=in_proj seq_len=1 start_pos=19 elapsed_ms=1.270
kiln_profile_gdn_stage layer=26 stage=qkv_conv_norm seq_len=1 start_pos=19 elapsed_ms=0.234
kiln_profile_gdn_stage layer=26 stage=gates_recur_gated_norm seq_len=1 start_pos=19 elapsed_ms=0.334
kiln_profile_gdn_stage layer=26 stage=post_transpose seq_len=1 start_pos=19 elapsed_ms=0.000
kiln_profile_gdn_stage layer=26 stage=gated_norm seq_len=1 start_pos=19 elapsed_ms=0.002
kiln_profile_gdn_stage layer=26 stage=out_proj seq_len=1 start_pos=19 elapsed_ms=0.681
kiln_profile_gdn_stage layer=28 stage=in_proj seq_len=1 start_pos=19 elapsed_ms=1.342
kiln_profile_gdn_stage layer=28 stage=qkv_conv_norm seq_len=1 start_pos=19 elapsed_ms=0.265
kiln_profile_gdn_stage layer=28 stage=gates_recur_gated_norm seq_len=1 start_pos=19 elapsed_ms=0.362
kiln_profile_gdn_stage layer=28 stage=post_transpose seq_len=1 start_pos=19 elapsed_ms=0.000
kiln_profile_gdn_stage layer=28 stage=gated_norm seq_len=1 start_pos=19 elapsed_ms=0.003
kiln_profile_gdn_stage layer=28 stage=out_proj seq_len=1 start_pos=19 elapsed_ms=0.702
kiln_profile_gdn_stage layer=29 stage=in_proj seq_len=1 start_pos=19 elapsed_ms=1.357
kiln_profile_gdn_stage layer=29 stage=qkv_conv_norm seq_len=1 start_pos=19 elapsed_ms=0.313
kiln_profile_gdn_stage layer=29 stage=gates_recur_gated_norm seq_len=1 start_pos=19 elapsed_ms=0.420
kiln_profile_gdn_stage layer=29 stage=post_transpose seq_len=1 start_pos=19 elapsed_ms=0.001
kiln_profile_gdn_stage layer=29 stage=gated_norm seq_len=1 start_pos=19 elapsed_ms=0.005
kiln_profile_gdn_stage layer=29 stage=out_proj seq_len=1 start_pos=19 elapsed_ms=0.763
kiln_profile_gdn_stage layer=30 stage=in_proj seq_len=1 start_pos=19 elapsed_ms=1.337
kiln_profile_gdn_stage layer=30 stage=qkv_conv_norm seq_len=1 start_pos=19 elapsed_ms=0.273
kiln_profile_gdn_stage layer=30 stage=gates_recur_gated_norm seq_len=1 start_pos=19 elapsed_ms=0.365
kiln_profile_gdn_stage layer=30 stage=post_transpose seq_len=1 start_pos=19 elapsed_ms=0.000
kiln_profile_gdn_stage layer=30 stage=gated_norm seq_len=1 start_pos=19 elapsed_ms=0.002
kiln_profile_gdn_stage layer=30 stage=out_proj seq_len=1 start_pos=19 elapsed_ms=0.714
kiln_profile_gdn_stage layer=0 stage=in_proj seq_len=1 start_pos=20 elapsed_ms=3.207
kiln_profile_gdn_stage layer=0 stage=qkv_conv_norm seq_len=1 start_pos=20 elapsed_ms=0.265
kiln_profile_gdn_stage layer=0 stage=gates_recur_gated_norm seq_len=1 start_pos=20 elapsed_ms=0.673
kiln_profile_gdn_stage layer=0 stage=post_transpose seq_len=1 start_pos=20 elapsed_ms=0.000
kiln_profile_gdn_stage layer=0 stage=gated_norm seq_len=1 start_pos=20 elapsed_ms=0.002
kiln_profile_gdn_stage layer=0 stage=out_proj seq_len=1 start_pos=20 elapsed_ms=1.384
kiln_profile_gdn_stage layer=1 stage=in_proj seq_len=1 start_pos=20 elapsed_ms=3.024
kiln_profile_gdn_stage layer=1 stage=qkv_conv_norm seq_len=1 start_pos=20 elapsed_ms=0.284
kiln_profile_gdn_stage layer=1 stage=gates_recur_gated_norm seq_len=1 start_pos=20 elapsed_ms=0.675
kiln_profile_gdn_stage layer=1 stage=post_transpose seq_len=1 start_pos=20 elapsed_ms=0.000
kiln_profile_gdn_stage layer=1 stage=gated_norm seq_len=1 start_pos=20 elapsed_ms=0.002
kiln_profile_gdn_stage layer=1 stage=out_proj seq_len=1 start_pos=20 elapsed_ms=1.339
kiln_profile_gdn_stage layer=2 stage=in_proj seq_len=1 start_pos=20 elapsed_ms=2.861
kiln_profile_gdn_stage layer=2 stage=qkv_conv_norm seq_len=1 start_pos=20 elapsed_ms=0.330
kiln_profile_gdn_stage layer=2 stage=gates_recur_gated_norm seq_len=1 start_pos=20 elapsed_ms=0.658
kiln_profile_gdn_stage layer=2 stage=post_transpose seq_len=1 start_pos=20 elapsed_ms=0.000
kiln_profile_gdn_stage layer=2 stage=gated_norm seq_len=1 start_pos=20 elapsed_ms=0.002
kiln_profile_gdn_stage layer=2 stage=out_proj seq_len=1 start_pos=20 elapsed_ms=1.401
kiln_profile_gdn_stage layer=4 stage=in_proj seq_len=1 start_pos=20 elapsed_ms=2.815
kiln_profile_gdn_stage layer=4 stage=qkv_conv_norm seq_len=1 start_pos=20 elapsed_ms=0.359
kiln_profile_gdn_stage layer=4 stage=gates_recur_gated_norm seq_len=1 start_pos=20 elapsed_ms=0.700
kiln_profile_gdn_stage layer=4 stage=post_transpose seq_len=1 start_pos=20 elapsed_ms=0.000
kiln_profile_gdn_stage layer=4 stage=gated_norm seq_len=1 start_pos=20 elapsed_ms=0.002
kiln_profile_gdn_stage layer=4 stage=out_proj seq_len=1 start_pos=20 elapsed_ms=1.395
kiln_profile_gdn_stage layer=5 stage=in_proj seq_len=1 start_pos=20 elapsed_ms=2.840
kiln_profile_gdn_stage layer=5 stage=qkv_conv_norm seq_len=1 start_pos=20 elapsed_ms=0.309
kiln_profile_gdn_stage layer=5 stage=gates_recur_gated_norm seq_len=1 start_pos=20 elapsed_ms=0.632
kiln_profile_gdn_stage layer=5 stage=post_transpose seq_len=1 start_pos=20 elapsed_ms=0.000
kiln_profile_gdn_stage layer=5 stage=gated_norm seq_len=1 start_pos=20 elapsed_ms=0.003
kiln_profile_gdn_stage layer=5 stage=out_proj seq_len=1 start_pos=20 elapsed_ms=1.390
kiln_profile_gdn_stage layer=6 stage=in_proj seq_len=1 start_pos=20 elapsed_ms=4.278
kiln_profile_gdn_stage layer=6 stage=qkv_conv_norm seq_len=1 start_pos=20 elapsed_ms=1.119
kiln_profile_gdn_stage layer=6 stage=gates_recur_gated_norm seq_len=1 start_pos=20 elapsed_ms=0.690
kiln_profile_gdn_stage layer=6 stage=post_transpose seq_len=1 start_pos=20 elapsed_ms=0.000
kiln_profile_gdn_stage layer=6 stage=gated_norm seq_len=1 start_pos=20 elapsed_ms=0.003
kiln_profile_gdn_stage layer=6 stage=out_proj seq_len=1 start_pos=20 elapsed_ms=1.473
kiln_profile_gdn_stage layer=8 stage=in_proj seq_len=1 start_pos=20 elapsed_ms=2.819
kiln_profile_gdn_stage layer=8 stage=qkv_conv_norm seq_len=1 start_pos=20 elapsed_ms=0.346
kiln_profile_gdn_stage layer=8 stage=gates_recur_gated_norm seq_len=1 start_pos=20 elapsed_ms=0.654
kiln_profile_gdn_stage layer=8 stage=post_transpose seq_len=1 start_pos=20 elapsed_ms=0.000
kiln_profile_gdn_stage layer=8 stage=gated_norm seq_len=1 start_pos=20 elapsed_ms=0.003
kiln_profile_gdn_stage layer=8 stage=out_proj seq_len=1 start_pos=20 elapsed_ms=1.389
kiln_profile_gdn_stage layer=9 stage=in_proj seq_len=1 start_pos=20 elapsed_ms=2.812
kiln_profile_gdn_stage layer=9 stage=qkv_conv_norm seq_len=1 start_pos=20 elapsed_ms=0.267
kiln_profile_gdn_stage layer=9 stage=gates_recur_gated_norm seq_len=1 start_pos=20 elapsed_ms=0.608
kiln_profile_gdn_stage layer=9 stage=post_transpose seq_len=1 start_pos=20 elapsed_ms=0.000
kiln_profile_gdn_stage layer=9 stage=gated_norm seq_len=1 start_pos=20 elapsed_ms=0.002
kiln_profile_gdn_stage layer=9 stage=out_proj seq_len=1 start_pos=20 elapsed_ms=1.354
kiln_profile_gdn_stage layer=10 stage=in_proj seq_len=1 start_pos=20 elapsed_ms=2.856
kiln_profile_gdn_stage layer=10 stage=qkv_conv_norm seq_len=1 start_pos=20 elapsed_ms=0.322
kiln_profile_gdn_stage layer=10 stage=gates_recur_gated_norm seq_len=1 start_pos=20 elapsed_ms=0.668
kiln_profile_gdn_stage layer=10 stage=post_transpose seq_len=1 start_pos=20 elapsed_ms=0.000
kiln_profile_gdn_stage layer=10 stage=gated_norm seq_len=1 start_pos=20 elapsed_ms=0.003
kiln_profile_gdn_stage layer=10 stage=out_proj seq_len=1 start_pos=20 elapsed_ms=1.363
kiln_profile_gdn_stage layer=12 stage=in_proj seq_len=1 start_pos=20 elapsed_ms=2.999
kiln_profile_gdn_stage layer=12 stage=qkv_conv_norm seq_len=1 start_pos=20 elapsed_ms=0.430
kiln_profile_gdn_stage layer=12 stage=gates_recur_gated_norm seq_len=1 start_pos=20 elapsed_ms=0.684
kiln_profile_gdn_stage layer=12 stage=post_transpose seq_len=1 start_pos=20 elapsed_ms=0.001
kiln_profile_gdn_stage layer=12 stage=gated_norm seq_len=1 start_pos=20 elapsed_ms=0.003
kiln_profile_gdn_stage layer=12 stage=out_proj seq_len=1 start_pos=20 elapsed_ms=1.469
kiln_profile_gdn_stage layer=13 stage=in_proj seq_len=1 start_pos=20 elapsed_ms=2.819
kiln_profile_gdn_stage layer=13 stage=qkv_conv_norm seq_len=1 start_pos=20 elapsed_ms=0.321
kiln_profile_gdn_stage layer=13 stage=gates_recur_gated_norm seq_len=1 start_pos=20 elapsed_ms=0.669
kiln_profile_gdn_stage layer=13 stage=post_transpose seq_len=1 start_pos=20 elapsed_ms=0.000
kiln_profile_gdn_stage layer=13 stage=gated_norm seq_len=1 start_pos=20 elapsed_ms=0.006
kiln_profile_gdn_stage layer=13 stage=out_proj seq_len=1 start_pos=20 elapsed_ms=1.427
kiln_profile_gdn_stage layer=14 stage=in_proj seq_len=1 start_pos=20 elapsed_ms=2.802
kiln_profile_gdn_stage layer=14 stage=qkv_conv_norm seq_len=1 start_pos=20 elapsed_ms=0.390
kiln_profile_gdn_stage layer=14 stage=gates_recur_gated_norm seq_len=1 start_pos=20 elapsed_ms=0.719
kiln_profile_gdn_stage layer=14 stage=post_transpose seq_len=1 start_pos=20 elapsed_ms=0.001
kiln_profile_gdn_stage layer=14 stage=gated_norm seq_len=1 start_pos=20 elapsed_ms=0.003
kiln_profile_gdn_stage layer=14 stage=out_proj seq_len=1 start_pos=20 elapsed_ms=1.483
kiln_profile_gdn_stage layer=16 stage=in_proj seq_len=1 start_pos=20 elapsed_ms=2.834
kiln_profile_gdn_stage layer=16 stage=qkv_conv_norm seq_len=1 start_pos=20 elapsed_ms=0.288
kiln_profile_gdn_stage layer=16 stage=gates_recur_gated_norm seq_len=1 start_pos=20 elapsed_ms=0.630
kiln_profile_gdn_stage layer=16 stage=post_transpose seq_len=1 start_pos=20 elapsed_ms=0.000
kiln_profile_gdn_stage layer=16 stage=gated_norm seq_len=1 start_pos=20 elapsed_ms=0.002
kiln_profile_gdn_stage layer=16 stage=out_proj seq_len=1 start_pos=20 elapsed_ms=1.374
kiln_profile_gdn_stage layer=17 stage=in_proj seq_len=1 start_pos=20 elapsed_ms=2.861
kiln_profile_gdn_stage layer=17 stage=qkv_conv_norm seq_len=1 start_pos=20 elapsed_ms=0.307
kiln_profile_gdn_stage layer=17 stage=gates_recur_gated_norm seq_len=1 start_pos=20 elapsed_ms=0.648
kiln_profile_gdn_stage layer=17 stage=post_transpose seq_len=1 start_pos=20 elapsed_ms=0.000
kiln_profile_gdn_stage layer=17 stage=gated_norm seq_len=1 start_pos=20 elapsed_ms=0.003
kiln_profile_gdn_stage layer=17 stage=out_proj seq_len=1 start_pos=20 elapsed_ms=1.798
kiln_profile_gdn_stage layer=18 stage=in_proj seq_len=1 start_pos=20 elapsed_ms=2.833
kiln_profile_gdn_stage layer=18 stage=qkv_conv_norm seq_len=1 start_pos=20 elapsed_ms=0.272
kiln_profile_gdn_stage layer=18 stage=gates_recur_gated_norm seq_len=1 start_pos=20 elapsed_ms=0.606
kiln_profile_gdn_stage layer=18 stage=post_transpose seq_len=1 start_pos=20 elapsed_ms=0.000
kiln_profile_gdn_stage layer=18 stage=gated_norm seq_len=1 start_pos=20 elapsed_ms=0.003
kiln_profile_gdn_stage layer=18 stage=out_proj seq_len=1 start_pos=20 elapsed_ms=1.377
kiln_profile_gdn_stage layer=20 stage=in_proj seq_len=1 start_pos=20 elapsed_ms=2.879
kiln_profile_gdn_stage layer=20 stage=qkv_conv_norm seq_len=1 start_pos=20 elapsed_ms=0.313
kiln_profile_gdn_stage layer=20 stage=gates_recur_gated_norm seq_len=1 start_pos=20 elapsed_ms=0.677
kiln_profile_gdn_stage layer=20 stage=post_transpose seq_len=1 start_pos=20 elapsed_ms=0.000
kiln_profile_gdn_stage layer=20 stage=gated_norm seq_len=1 start_pos=20 elapsed_ms=0.003
kiln_profile_gdn_stage layer=20 stage=out_proj seq_len=1 start_pos=20 elapsed_ms=1.382
kiln_profile_gdn_stage layer=21 stage=in_proj seq_len=1 start_pos=20 elapsed_ms=2.864
kiln_profile_gdn_stage layer=21 stage=qkv_conv_norm seq_len=1 start_pos=20 elapsed_ms=0.352
kiln_profile_gdn_stage layer=21 stage=gates_recur_gated_norm seq_len=1 start_pos=20 elapsed_ms=0.695
kiln_profile_gdn_stage layer=21 stage=post_transpose seq_len=1 start_pos=20 elapsed_ms=0.001
kiln_profile_gdn_stage layer=21 stage=gated_norm seq_len=1 start_pos=20 elapsed_ms=0.004
kiln_profile_gdn_stage layer=21 stage=out_proj seq_len=1 start_pos=20 elapsed_ms=1.445
kiln_profile_gdn_stage layer=22 stage=in_proj seq_len=1 start_pos=20 elapsed_ms=2.834
kiln_profile_gdn_stage layer=22 stage=qkv_conv_norm seq_len=1 start_pos=20 elapsed_ms=0.334
kiln_profile_gdn_stage layer=22 stage=gates_recur_gated_norm seq_len=1 start_pos=20 elapsed_ms=0.651
kiln_profile_gdn_stage layer=22 stage=post_transpose seq_len=1 start_pos=20 elapsed_ms=0.000
kiln_profile_gdn_stage layer=22 stage=gated_norm seq_len=1 start_pos=20 elapsed_ms=0.006
kiln_profile_gdn_stage layer=22 stage=out_proj seq_len=1 start_pos=20 elapsed_ms=1.438
kiln_profile_gdn_stage layer=24 stage=in_proj seq_len=1 start_pos=20 elapsed_ms=2.876
kiln_profile_gdn_stage layer=24 stage=qkv_conv_norm seq_len=1 start_pos=20 elapsed_ms=0.389
kiln_profile_gdn_stage layer=24 stage=gates_recur_gated_norm seq_len=1 start_pos=20 elapsed_ms=0.746
kiln_profile_gdn_stage layer=24 stage=post_transpose seq_len=1 start_pos=20 elapsed_ms=0.001
kiln_profile_gdn_stage layer=24 stage=gated_norm seq_len=1 start_pos=20 elapsed_ms=0.004
kiln_profile_gdn_stage layer=24 stage=out_proj seq_len=1 start_pos=20 elapsed_ms=1.446
kiln_profile_gdn_stage layer=25 stage=in_proj seq_len=1 start_pos=20 elapsed_ms=2.833
kiln_profile_gdn_stage layer=25 stage=qkv_conv_norm seq_len=1 start_pos=20 elapsed_ms=0.282
kiln_profile_gdn_stage layer=25 stage=gates_recur_gated_norm seq_len=1 start_pos=20 elapsed_ms=0.640
kiln_profile_gdn_stage layer=25 stage=post_transpose seq_len=1 start_pos=20 elapsed_ms=0.000
kiln_profile_gdn_stage layer=25 stage=gated_norm seq_len=1 start_pos=20 elapsed_ms=0.002
kiln_profile_gdn_stage layer=25 stage=out_proj seq_len=1 start_pos=20 elapsed_ms=1.339
kiln_profile_gdn_stage layer=26 stage=in_proj seq_len=1 start_pos=20 elapsed_ms=2.952
kiln_profile_gdn_stage layer=26 stage=qkv_conv_norm seq_len=1 start_pos=20 elapsed_ms=0.242
kiln_profile_gdn_stage layer=26 stage=gates_recur_gated_norm seq_len=1 start_pos=20 elapsed_ms=0.730
kiln_profile_gdn_stage layer=26 stage=post_transpose seq_len=1 start_pos=20 elapsed_ms=0.000
kiln_profile_gdn_stage layer=26 stage=gated_norm seq_len=1 start_pos=20 elapsed_ms=0.004
kiln_profile_gdn_stage layer=26 stage=out_proj seq_len=1 start_pos=20 elapsed_ms=1.391
kiln_profile_gdn_stage layer=28 stage=in_proj seq_len=1 start_pos=20 elapsed_ms=2.851
kiln_profile_gdn_stage layer=28 stage=qkv_conv_norm seq_len=1 start_pos=20 elapsed_ms=0.332
kiln_profile_gdn_stage layer=28 stage=gates_recur_gated_norm seq_len=1 start_pos=20 elapsed_ms=0.674
kiln_profile_gdn_stage layer=28 stage=post_transpose seq_len=1 start_pos=20 elapsed_ms=0.001
kiln_profile_gdn_stage layer=28 stage=gated_norm seq_len=1 start_pos=20 elapsed_ms=0.003
kiln_profile_gdn_stage layer=28 stage=out_proj seq_len=1 start_pos=20 elapsed_ms=1.421
kiln_profile_gdn_stage layer=29 stage=in_proj seq_len=1 start_pos=20 elapsed_ms=2.752
kiln_profile_gdn_stage layer=29 stage=qkv_conv_norm seq_len=1 start_pos=20 elapsed_ms=0.330
kiln_profile_gdn_stage layer=29 stage=gates_recur_gated_norm seq_len=1 start_pos=20 elapsed_ms=0.685
kiln_profile_gdn_stage layer=29 stage=post_transpose seq_len=1 start_pos=20 elapsed_ms=0.000
kiln_profile_gdn_stage layer=29 stage=gated_norm seq_len=1 start_pos=20 elapsed_ms=0.003
kiln_profile_gdn_stage layer=29 stage=out_proj seq_len=1 start_pos=20 elapsed_ms=1.401
kiln_profile_gdn_stage layer=30 stage=in_proj seq_len=1 start_pos=20 elapsed_ms=2.810
kiln_profile_gdn_stage layer=30 stage=qkv_conv_norm seq_len=1 start_pos=20 elapsed_ms=0.348
kiln_profile_gdn_stage layer=30 stage=gates_recur_gated_norm seq_len=1 start_pos=20 elapsed_ms=0.630
kiln_profile_gdn_stage layer=30 stage=post_transpose seq_len=1 start_pos=20 elapsed_ms=0.001
kiln_profile_gdn_stage layer=30 stage=gated_norm seq_len=1 start_pos=20 elapsed_ms=0.003
kiln_profile_gdn_stage layer=30 stage=out_proj seq_len=1 start_pos=20 elapsed_ms=1.493
{"timestamp":"2026-05-09T20:37:59.100496Z","level":"INFO","fields":{"message":"response","status":200,"duration_ms":0.089583},"target":"kiln_server::api","span":{"duration_ms":0.089583,"method":"GET","path":"/metrics","status":200,"name":"http_request"},"spans":[{"duration_ms":0.089583,"method":"GET","path":"/metrics","status":200,"name":"http_request"}]}
{"timestamp":"2026-05-09T20:37:59.146797Z","level":"INFO","fields":{"message":"received SIGINT — initiating graceful shutdown"},"target":"kiln"}
{"timestamp":"2026-05-09T20:37:59.309868Z","level":"INFO","fields":{"message":"training worker shutting down"},"target":"kiln_server::training_queue"}
{"timestamp":"2026-05-09T20:38:29.149349Z","level":"WARN","fields":{"message":"shutdown timeout reached — exiting"},"target":"kiln"}
