{
  "backend": "cuda",
  "gpu_info": {
    "name": "NVIDIA RTX A6000",
    "total_vram_mb": 49140,
    "vram_source": "nvidia-smi"
  },
  "model_load": {
    "load_time_secs": 25.716329841,
    "model_vram_mb": 18006
  },
  "inference": [],
  "latency": {
    "prompt_tokens": 515,
    "prefill_time_ms": 357.14687299999997,
    "prefill_tokens_per_sec": 1441.9837857575196,
    "time_to_first_token_ms": 357.14687299999997,
    "mean_inter_token_ms": 23.306294755905512,
    "p50_inter_token_ms": 17.2058425,
    "p99_inter_token_ms": 55.44689399999999,
    "num_tokens_generated": 128,
    "decode_tokens_per_sec": 42.90686316608147,
    "spec_method": "mtp",
    "acceptance_rate": 0.7162162162162162,
    "prompt_subset": "humaneval"
  },
  "training": null
}
