{
  "backend": "cuda",
  "gpu_info": {
    "name": "NVIDIA RTX A6000",
    "total_vram_mb": 49140,
    "vram_source": "nvidia-smi"
  },
  "model_load": {
    "load_time_secs": 2.424639471,
    "model_vram_mb": 16342
  },
  "inference": [
    {
      "batch_size": 1,
      "prompt_tokens": 508,
      "output_tokens": 128,
      "total_time_secs": 3.142902099,
      "tokens_per_sec": 40.726690163440566,
      "peak_vram_mb": 17288
    },
    {
      "batch_size": 4,
      "prompt_tokens": 508,
      "output_tokens": 512,
      "total_time_secs": 12.590960055,
      "tokens_per_sec": 40.664095332164884,
      "peak_vram_mb": 17288
    },
    {
      "batch_size": 8,
      "prompt_tokens": 508,
      "output_tokens": 1024,
      "total_time_secs": 25.22486265,
      "tokens_per_sec": 40.594869205363146,
      "peak_vram_mb": 17288
    },
    {
      "batch_size": 16,
      "prompt_tokens": 508,
      "output_tokens": 2048,
      "total_time_secs": 50.407295849,
      "tokens_per_sec": 40.62903921954046,
      "peak_vram_mb": 17288
    }
  ],
  "latency": {
    "prompt_tokens": 508,
    "prefill_time_ms": 353.096548,
    "prefill_tokens_per_sec": 1438.6999897829644,
    "time_to_first_token_ms": 353.096548,
    "mean_inter_token_ms": 37.27018491338582,
    "p50_inter_token_ms": 48.596043,
    "p99_inter_token_ms": 60.233885,
    "num_tokens_generated": 128,
    "decode_tokens_per_sec": 26.831098432271094,
    "spec_method": "mtp",
    "acceptance_rate": 0.30927835051546393,
    "prompt_subset": "all"
  },
  "training": null
}
