{
  "backend": "cuda",
  "gpu_info": {
    "name": "NVIDIA RTX A6000",
    "total_vram_mb": 49140,
    "vram_source": "nvidia-smi"
  },
  "model_load": {
    "load_time_secs": 2.503400216,
    "model_vram_mb": 16342
  },
  "inference": [
    {
      "batch_size": 1,
      "prompt_tokens": 494,
      "output_tokens": 128,
      "total_time_secs": 3.138968552,
      "tokens_per_sec": 40.77772614779608,
      "peak_vram_mb": 17288
    },
    {
      "batch_size": 4,
      "prompt_tokens": 494,
      "output_tokens": 512,
      "total_time_secs": 12.556189207,
      "tokens_per_sec": 40.77670315087026,
      "peak_vram_mb": 17288
    },
    {
      "batch_size": 8,
      "prompt_tokens": 494,
      "output_tokens": 1024,
      "total_time_secs": 25.156302402,
      "tokens_per_sec": 40.705505270066595,
      "peak_vram_mb": 17288
    },
    {
      "batch_size": 16,
      "prompt_tokens": 494,
      "output_tokens": 2048,
      "total_time_secs": 50.347733571,
      "tokens_per_sec": 40.677104106621314,
      "peak_vram_mb": 17288
    }
  ],
  "latency": {
    "prompt_tokens": 494,
    "prefill_time_ms": 418.405537,
    "prefill_tokens_per_sec": 1180.6727117953988,
    "time_to_first_token_ms": 418.405537,
    "mean_inter_token_ms": 37.05852121259844,
    "p50_inter_token_ms": 47.364556,
    "p99_inter_token_ms": 58.746375,
    "num_tokens_generated": 128,
    "decode_tokens_per_sec": 26.98434711582715,
    "spec_method": "mtp",
    "acceptance_rate": 0.3368421052631579,
    "prompt_subset": "all"
  },
  "training": null
}
