{
  "backend": "cuda",
  "gpu_info": {
    "name": "NVIDIA A40",
    "total_vram_mb": 46068,
    "vram_source": "nvidia-smi"
  },
  "model_load": {
    "load_time_secs": 1.9740690060000001,
    "model_vram_mb": 16791
  },
  "inference": [],
  "latency": {
    "prompt_tokens": 502,
    "prefill_time_ms": 370.73648599999996,
    "prefill_tokens_per_sec": 1354.0614936939335,
    "time_to_first_token_ms": 370.73648599999996,
    "mean_inter_token_ms": 31.246385885826783,
    "p50_inter_token_ms": 22.027103999999998,
    "p99_inter_token_ms": 68.77911,
    "num_tokens_generated": 128,
    "decode_tokens_per_sec": 32.00370128097264,
    "spec_method": "mtp",
    "acceptance_rate": 0.6410256410256411,
    "prompt_subset": "humaneval"
  },
  "training": null
}
