{
  "backend": "cuda",
  "gpu_info": {
    "name": "NVIDIA A40",
    "total_vram_mb": 46068,
    "vram_source": "nvidia-smi"
  },
  "model_load": {
    "load_time_secs": 1.7968282599999998,
    "model_vram_mb": 16791
  },
  "inference": [],
  "latency": {
    "prompt_tokens": 510,
    "prefill_time_ms": 351.23817299999996,
    "prefill_tokens_per_sec": 1452.0061861271554,
    "time_to_first_token_ms": 351.23817299999996,
    "mean_inter_token_ms": 24.51169472440944,
    "p50_inter_token_ms": 18.623984999999998,
    "p99_inter_token_ms": 64.714928,
    "num_tokens_generated": 128,
    "decode_tokens_per_sec": 40.79685273675393,
    "spec_method": "mtp",
    "acceptance_rate": 0.7397260273972602,
    "prompt_subset": "humaneval"
  },
  "training": null
}
