{
  "backend": "cuda",
  "gpu_info": {
    "name": "NVIDIA A40",
    "total_vram_mb": 46068,
    "vram_source": "nvidia-smi"
  },
  "model_load": {
    "load_time_secs": 1.6761947990000001,
    "model_vram_mb": 16791
  },
  "inference": [],
  "latency": {
    "prompt_tokens": 494,
    "prefill_time_ms": 368.95498100000003,
    "prefill_tokens_per_sec": 1338.9167390045345,
    "time_to_first_token_ms": 368.95498100000003,
    "mean_inter_token_ms": 29.15967219291337,
    "p50_inter_token_ms": 20.831703,
    "p99_inter_token_ms": 80.918976,
    "num_tokens_generated": 128,
    "decode_tokens_per_sec": 34.29393833319664,
    "spec_method": "mtp",
    "acceptance_rate": 0.7066666666666667,
    "prompt_subset": "humaneval"
  },
  "training": null
}
