{
  "backend": "cuda",
  "gpu_info": {
    "name": "NVIDIA RTX A6000",
    "total_vram_mb": 49140,
    "vram_source": "nvidia-smi"
  },
  "model_load": {
    "load_time_secs": 24.341923776,
    "model_vram_mb": 18006
  },
  "inference": [],
  "latency": {
    "prompt_tokens": 510,
    "prefill_time_ms": 344.29199700000004,
    "prefill_tokens_per_sec": 1481.3007692421036,
    "time_to_first_token_ms": 344.29199700000004,
    "mean_inter_token_ms": 22.187517248031504,
    "p50_inter_token_ms": 16.988957999999997,
    "p99_inter_token_ms": 54.345428,
    "num_tokens_generated": 128,
    "decode_tokens_per_sec": 45.07038749857065,
    "spec_method": "mtp",
    "acceptance_rate": 0.7534246575342466,
    "prompt_subset": "humaneval"
  },
  "training": null
}
