{
  "backend": "cuda",
  "gpu_info": {
    "name": "NVIDIA L40S",
    "total_vram_mb": 46068,
    "vram_source": "nvidia-smi"
  },
  "model_load": {
    "load_time_secs": 23.075130843,
    "model_vram_mb": 18173
  },
  "inference": [
    {
      "batch_size": 1,
      "prompt_tokens": 510,
      "output_tokens": 128,
      "total_time_secs": 2.914163543,
      "tokens_per_sec": 43.92340996354301,
      "peak_vram_mb": 18469
    },
    {
      "batch_size": 4,
      "prompt_tokens": 510,
      "output_tokens": 512,
      "total_time_secs": 11.611588192,
      "tokens_per_sec": 44.093882036976744,
      "peak_vram_mb": 18469
    },
    {
      "batch_size": 8,
      "prompt_tokens": 510,
      "output_tokens": 1024,
      "total_time_secs": 22.925791178,
      "tokens_per_sec": 44.665852185840755,
      "peak_vram_mb": 18469
    },
    {
      "batch_size": 16,
      "prompt_tokens": 510,
      "output_tokens": 2048,
      "total_time_secs": 45.285796791,
      "tokens_per_sec": 45.22389237075354,
      "peak_vram_mb": 18469
    }
  ],
  "latency": {
    "prompt_tokens": 510,
    "prefill_time_ms": 281.30060000000003,
    "prefill_tokens_per_sec": 1813.0071532019483,
    "time_to_first_token_ms": 281.30060000000003,
    "mean_inter_token_ms": 42.508970086614134,
    "p50_inter_token_ms": 57.578959999999995,
    "p99_inter_token_ms": 66.576958,
    "num_tokens_generated": 128,
    "decode_tokens_per_sec": 23.52444667472419,
    "spec_method": "mtp",
    "acceptance_rate": 0.27,
    "prompt_subset": "humaneval"
  },
  "training": null
}
