{
  "backend": "cuda",
  "gpu_info": {
    "name": "NVIDIA L40S",
    "total_vram_mb": 46068,
    "vram_source": "nvidia-smi"
  },
  "model_load": {
    "load_time_secs": 22.108585913,
    "model_vram_mb": 18173
  },
  "inference": [
    {
      "batch_size": 1,
      "prompt_tokens": 508,
      "output_tokens": 128,
      "total_time_secs": 2.8806473759999998,
      "tokens_per_sec": 44.43445631923816,
      "peak_vram_mb": 18469
    },
    {
      "batch_size": 4,
      "prompt_tokens": 508,
      "output_tokens": 512,
      "total_time_secs": 11.466063488,
      "tokens_per_sec": 44.653511690027024,
      "peak_vram_mb": 18469
    },
    {
      "batch_size": 8,
      "prompt_tokens": 508,
      "output_tokens": 1024,
      "total_time_secs": 23.025626919,
      "tokens_per_sec": 44.4721876021985,
      "peak_vram_mb": 18469
    },
    {
      "batch_size": 16,
      "prompt_tokens": 508,
      "output_tokens": 2048,
      "total_time_secs": 46.632324378,
      "tokens_per_sec": 43.91803383848043,
      "peak_vram_mb": 18469
    }
  ],
  "latency": {
    "prompt_tokens": 507,
    "prefill_time_ms": 282.93511,
    "prefill_tokens_per_sec": 1791.9303122189397,
    "time_to_first_token_ms": 282.93511,
    "mean_inter_token_ms": 45.929649992125974,
    "p50_inter_token_ms": 57.214765,
    "p99_inter_token_ms": 62.130401,
    "num_tokens_generated": 128,
    "decode_tokens_per_sec": 21.772428054022548,
    "spec_method": "mtp",
    "acceptance_rate": 0.18691588785046728,
    "prompt_subset": "humaneval"
  },
  "training": null
}
