{
  "backend": "cuda",
  "gpu_info": {
    "name": "NVIDIA L40S",
    "total_vram_mb": 46068,
    "vram_source": "nvidia-smi"
  },
  "model_load": {
    "load_time_secs": 23.449742635,
    "model_vram_mb": 18173
  },
  "inference": [
    {
      "batch_size": 1,
      "prompt_tokens": 502,
      "output_tokens": 128,
      "total_time_secs": 2.893522263,
      "tokens_per_sec": 44.236742753549706,
      "peak_vram_mb": 18469
    },
    {
      "batch_size": 4,
      "prompt_tokens": 502,
      "output_tokens": 512,
      "total_time_secs": 11.547027132,
      "tokens_per_sec": 44.34041716080381,
      "peak_vram_mb": 18469
    },
    {
      "batch_size": 8,
      "prompt_tokens": 502,
      "output_tokens": 1024,
      "total_time_secs": 23.049628963,
      "tokens_per_sec": 44.425877815376445,
      "peak_vram_mb": 18469
    },
    {
      "batch_size": 16,
      "prompt_tokens": 502,
      "output_tokens": 2048,
      "total_time_secs": 46.376534041,
      "tokens_per_sec": 44.16026428774149,
      "peak_vram_mb": 18469
    }
  ],
  "latency": {
    "prompt_tokens": 502,
    "prefill_time_ms": 300.707131,
    "prefill_tokens_per_sec": 1669.3983888263692,
    "time_to_first_token_ms": 300.707131,
    "mean_inter_token_ms": 43.455426409448854,
    "p50_inter_token_ms": 57.134116,
    "p99_inter_token_ms": 66.103332,
    "num_tokens_generated": 128,
    "decode_tokens_per_sec": 23.012085776761868,
    "spec_method": "mtp",
    "acceptance_rate": 0.24509803921568626,
    "prompt_subset": "humaneval"
  },
  "training": null
}
