{
  "backend": "cuda",
  "gpu_info": {
    "name": "NVIDIA L40S",
    "total_vram_mb": 46068,
    "vram_source": "nvidia-smi"
  },
  "model_load": {
    "load_time_secs": 22.585324644,
    "model_vram_mb": 18173
  },
  "inference": [
    {
      "batch_size": 1,
      "prompt_tokens": 501,
      "output_tokens": 128,
      "total_time_secs": 2.895552832,
      "tokens_per_sec": 44.205720781681805,
      "peak_vram_mb": 18469
    },
    {
      "batch_size": 4,
      "prompt_tokens": 501,
      "output_tokens": 512,
      "total_time_secs": 11.455358684,
      "tokens_per_sec": 44.69523950525651,
      "peak_vram_mb": 18469
    },
    {
      "batch_size": 8,
      "prompt_tokens": 501,
      "output_tokens": 1024,
      "total_time_secs": 23.350843948,
      "tokens_per_sec": 43.85280473289727,
      "peak_vram_mb": 18469
    },
    {
      "batch_size": 16,
      "prompt_tokens": 501,
      "output_tokens": 2048,
      "total_time_secs": 46.533313169,
      "tokens_per_sec": 44.01148038958799,
      "peak_vram_mb": 18469
    }
  ],
  "latency": {
    "prompt_tokens": 502,
    "prefill_time_ms": 290.776072,
    "prefill_tokens_per_sec": 1726.4144073037758,
    "time_to_first_token_ms": 290.776072,
    "mean_inter_token_ms": 42.765270055118094,
    "p50_inter_token_ms": 56.583196,
    "p99_inter_token_ms": 66.685565,
    "num_tokens_generated": 128,
    "decode_tokens_per_sec": 23.383460427378296,
    "spec_method": "mtp",
    "acceptance_rate": 0.24509803921568626,
    "prompt_subset": "humaneval"
  },
  "training": null
}
