{
  "backend": "cuda",
  "gpu_info": {
    "name": "NVIDIA RTX A6000",
    "total_vram_mb": 49140,
    "vram_source": "nvidia-smi"
  },
  "model_load": {
    "load_time_secs": 18.885584796,
    "model_vram_mb": 17527
  },
  "inference": [
    {
      "batch_size": 1,
      "prompt_tokens": 494,
      "output_tokens": 128,
      "total_time_secs": 2.986810681,
      "tokens_per_sec": 42.85507642457771,
      "peak_vram_mb": 17832
    },
    {
      "batch_size": 4,
      "prompt_tokens": 494,
      "output_tokens": 512,
      "total_time_secs": 11.708715931,
      "tokens_per_sec": 43.728108446497416,
      "peak_vram_mb": 17832
    },
    {
      "batch_size": 8,
      "prompt_tokens": 494,
      "output_tokens": 1024,
      "total_time_secs": 23.650799104,
      "tokens_per_sec": 43.29663431231858,
      "peak_vram_mb": 17832
    },
    {
      "batch_size": 16,
      "prompt_tokens": 494,
      "output_tokens": 2048,
      "total_time_secs": 46.735294883,
      "tokens_per_sec": 43.82127052214153,
      "peak_vram_mb": 17832
    }
  ],
  "latency": {
    "prompt_tokens": 494,
    "prefill_time_ms": 445.229688,
    "prefill_tokens_per_sec": 1109.5396675344793,
    "time_to_first_token_ms": 445.229688,
    "mean_inter_token_ms": 27.112282031496065,
    "p50_inter_token_ms": 18.407569499999997,
    "p99_inter_token_ms": 62.046114,
    "num_tokens_generated": 128,
    "decode_tokens_per_sec": 36.88365290823952,
    "spec_method": "mtp",
    "acceptance_rate": 0.7066666666666667,
    "prompt_subset": "all"
  },
  "training": null
}
