{
  "backend": "cuda",
  "gpu_info": {
    "name": "NVIDIA L40S",
    "total_vram_mb": 46068,
    "vram_source": "nvidia-smi"
  },
  "model_load": {
    "load_time_secs": 24.085275632,
    "model_vram_mb": 18173
  },
  "inference": [
    {
      "batch_size": 1,
      "prompt_tokens": 496,
      "output_tokens": 128,
      "total_time_secs": 3.041775452,
      "tokens_per_sec": 42.08068676333048,
      "peak_vram_mb": 18469
    },
    {
      "batch_size": 4,
      "prompt_tokens": 496,
      "output_tokens": 512,
      "total_time_secs": 12.080617443,
      "tokens_per_sec": 42.38193969933827,
      "peak_vram_mb": 18469
    },
    {
      "batch_size": 8,
      "prompt_tokens": 496,
      "output_tokens": 1024,
      "total_time_secs": 23.706265208,
      "tokens_per_sec": 43.19533216284265,
      "peak_vram_mb": 18469
    },
    {
      "batch_size": 16,
      "prompt_tokens": 496,
      "output_tokens": 2048,
      "total_time_secs": 46.595746303,
      "tokens_per_sec": 43.95250988539575,
      "peak_vram_mb": 18469
    }
  ],
  "latency": {
    "prompt_tokens": 502,
    "prefill_time_ms": 291.33082,
    "prefill_tokens_per_sec": 1723.1269935669698,
    "time_to_first_token_ms": 291.33082,
    "mean_inter_token_ms": 42.13857999999998,
    "p50_inter_token_ms": 58.438708,
    "p99_inter_token_ms": 70.32825199999999,
    "num_tokens_generated": 128,
    "decode_tokens_per_sec": 23.731222077250834,
    "spec_method": "mtp",
    "acceptance_rate": 0.29591836734693877,
    "prompt_subset": "humaneval"
  },
  "training": null
}
