{
  "backend": "cuda",
  "gpu_info": {
    "name": "NVIDIA L40S",
    "total_vram_mb": 46068,
    "vram_source": "nvidia-smi"
  },
  "model_load": {
    "load_time_secs": 23.482396202,
    "model_vram_mb": 18173
  },
  "inference": [
    {
      "batch_size": 1,
      "prompt_tokens": 486,
      "output_tokens": 128,
      "total_time_secs": 2.885269744,
      "tokens_per_sec": 44.36326976574014,
      "peak_vram_mb": 18469
    },
    {
      "batch_size": 4,
      "prompt_tokens": 486,
      "output_tokens": 512,
      "total_time_secs": 11.457751312,
      "tokens_per_sec": 44.685906165878215,
      "peak_vram_mb": 18469
    },
    {
      "batch_size": 8,
      "prompt_tokens": 486,
      "output_tokens": 1024,
      "total_time_secs": 23.031316078,
      "tokens_per_sec": 44.46120215327801,
      "peak_vram_mb": 18469
    },
    {
      "batch_size": 16,
      "prompt_tokens": 486,
      "output_tokens": 2048,
      "total_time_secs": 46.076015933,
      "tokens_per_sec": 44.448287433923,
      "peak_vram_mb": 18469
    }
  ],
  "latency": {
    "prompt_tokens": 486,
    "prefill_time_ms": 294.881156,
    "prefill_tokens_per_sec": 1648.121591058874,
    "time_to_first_token_ms": 294.881156,
    "mean_inter_token_ms": 42.62290024015749,
    "p50_inter_token_ms": 56.744059,
    "p99_inter_token_ms": 65.13692999999999,
    "num_tokens_generated": 128,
    "decode_tokens_per_sec": 23.461566302751084,
    "spec_method": "mtp",
    "acceptance_rate": 0.26732673267326734,
    "prompt_subset": "humaneval"
  },
  "training": null
}
