{
  "backend": "cuda",
  "gpu_info": {
    "name": "NVIDIA L40S",
    "total_vram_mb": 46068,
    "vram_source": "nvidia-smi"
  },
  "model_load": {
    "load_time_secs": 23.11849126,
    "model_vram_mb": 18173
  },
  "inference": [
    {
      "batch_size": 1,
      "prompt_tokens": 494,
      "output_tokens": 128,
      "total_time_secs": 2.930824325,
      "tokens_per_sec": 43.67371967953078,
      "peak_vram_mb": 18469
    },
    {
      "batch_size": 4,
      "prompt_tokens": 494,
      "output_tokens": 512,
      "total_time_secs": 11.692190854,
      "tokens_per_sec": 43.78991126584633,
      "peak_vram_mb": 18469
    },
    {
      "batch_size": 8,
      "prompt_tokens": 494,
      "output_tokens": 1024,
      "total_time_secs": 23.386429083,
      "tokens_per_sec": 43.786077659216616,
      "peak_vram_mb": 18469
    },
    {
      "batch_size": 16,
      "prompt_tokens": 494,
      "output_tokens": 2048,
      "total_time_secs": 46.450719008,
      "tokens_per_sec": 44.08973733317846,
      "peak_vram_mb": 18469
    }
  ],
  "latency": {
    "prompt_tokens": 494,
    "prefill_time_ms": 292.33171400000003,
    "prefill_tokens_per_sec": 1689.861128101893,
    "time_to_first_token_ms": 292.33171400000003,
    "mean_inter_token_ms": 39.57652451968503,
    "p50_inter_token_ms": 55.095769000000004,
    "p99_inter_token_ms": 64.49142400000001,
    "num_tokens_generated": 128,
    "decode_tokens_per_sec": 25.26750421206411,
    "spec_method": "mtp",
    "acceptance_rate": 0.3229166666666667,
    "prompt_subset": "humaneval"
  },
  "training": null
}
